INSERT INTO cuisine (title) VALUES ('United Kingdom');
INSERT INTO cuisine (title) VALUES ('France');
INSERT INTO cuisine (title) VALUES ('Singapore');
INSERT INTO cuisine (title) VALUES ('South Georgia and the South Sandwich Islands');
INSERT INTO cuisine (title) VALUES ('Denmark');
INSERT INTO cuisine (title) VALUES ('New Caledonia');
INSERT INTO cuisine (title) VALUES ('Spain');
INSERT INTO cuisine (title) VALUES ('Guinea');
INSERT INTO cuisine (title) VALUES ('Cyprus');
INSERT INTO cuisine (title) VALUES ('North Macedonia');
INSERT INTO cuisine (title) VALUES ('Comoros');
INSERT INTO cuisine (title) VALUES ('Niger');
INSERT INTO cuisine (title) VALUES ('El Salvador');
INSERT INTO cuisine (title) VALUES ('Philippines');
INSERT INTO cuisine (title) VALUES ('Saudi Arabia');
INSERT INTO cuisine (title) VALUES ('Saint Helena');
INSERT INTO cuisine (title) VALUES ('Seychelles');
INSERT INTO cuisine (title) VALUES ('Palestinian Territory');
INSERT INTO cuisine (title) VALUES ('Pitcairn Islands');
INSERT INTO cuisine (title) VALUES ('Taiwan');
INSERT INTO cuisine (title) VALUES ('Burundi');
INSERT INTO cuisine (title) VALUES ('Niue');
INSERT INTO cuisine (title) VALUES ('Bhutan');
INSERT INTO cuisine (title) VALUES ('Oman');
INSERT INTO cuisine (title) VALUES ('Armenia');
INSERT INTO cuisine (title) VALUES ('Georgia');
INSERT INTO cuisine (title) VALUES ('Solomon Islands');
INSERT INTO cuisine (title) VALUES ('Kazakhstan');
INSERT INTO cuisine (title) VALUES ('Antigua and Barbuda');
INSERT INTO cuisine (title) VALUES ('Mozambique');
INSERT INTO cuisine (title) VALUES ('Haiti');
INSERT INTO cuisine (title) VALUES ('Saint Martin');
INSERT INTO cuisine (title) VALUES ('Bulgaria');
INSERT INTO cuisine (title) VALUES ('Bermuda');
INSERT INTO cuisine (title) VALUES ('United States of America');
INSERT INTO cuisine (title) VALUES ('French Polynesia');
INSERT INTO cuisine (title) VALUES ('Greece');
INSERT INTO cuisine (title) VALUES ('San Marino');
INSERT INTO cuisine (title) VALUES ('Israel');
INSERT INTO cuisine (title) VALUES ('China');
INSERT INTO cuisine (title) VALUES ('Cook Islands');
INSERT INTO cuisine (title) VALUES ('Mauritius');
INSERT INTO cuisine (title) VALUES ('Turkey');
INSERT INTO cuisine (title) VALUES ('Marshall Islands');
INSERT INTO cuisine (title) VALUES ('Macao');
INSERT INTO cuisine (title) VALUES ('United States Minor Outlying Islands');
INSERT INTO cuisine (title) VALUES ('Faroe Islands');
INSERT INTO cuisine (title) VALUES ('Switzerland');
INSERT INTO cuisine (title) VALUES ('Chad');
INSERT INTO cuisine (title) VALUES ('Equatorial Guinea');

INSERT INTO meal_type (title) VALUES ('Brunch');
INSERT INTO meal_type (title) VALUES ('Dinner');
INSERT INTO meal_type (title) VALUES ('After-noon snack');
INSERT INTO meal_type (title) VALUES ('Breakfast');
INSERT INTO meal_type (title) VALUES ('Lunch');
INSERT INTO meal_type (title) VALUES ('Snack');

INSERT INTO theme (title, theme_description) VALUES ('Comfort Classics', 'Enter their institution deep. Sense ready require human public health tonight.');
INSERT INTO theme (title, theme_description) VALUES ('Mexican Fiesta', 'Easy ask again network. Detail audience piece director town teacher audience draw.');
INSERT INTO theme (title, theme_description) VALUES ('Kids Kitchen Creations', 'Much rich think office drug. Space couple best issue interest level rock.');
INSERT INTO theme (title, theme_description) VALUES ('Street Food Sensation', 'I fund technology eat.');
INSERT INTO theme (title, theme_description) VALUES ('Homestyle Cooking', 'Large instead everything economic type kitchen technology.');
INSERT INTO theme (title, theme_description) VALUES ('Healthy Eating', 'Anything yourself structure why. Coach magazine degree husband around.');
INSERT INTO theme (title, theme_description) VALUES ('Global Cuisine Adventure', 'World enter six. Expect recent room situation product main couple.');
INSERT INTO theme (title, theme_description) VALUES ('Juice Bar Delight', 'Often my security arm.');
INSERT INTO theme (title, theme_description) VALUES ('Plant-Based Paradise', 'Me system church whether bag control organization. Identify walk now often always.');
INSERT INTO theme (title, theme_description) VALUES ('Healthy Snack Attack', 'Price north first end prove fire.');
INSERT INTO theme (title, theme_description) VALUES ('Sushi Night', 'Capital population lead upon very act.');
INSERT INTO theme (title, theme_description) VALUES ('Asian Fusion', 'You available defense enter value thing these. Expect just myself few worker southern.');
INSERT INTO theme (title, theme_description) VALUES ('Weeknight Wonders', 'Property never use. Voice care break blood.');
INSERT INTO theme (title, theme_description) VALUES ('Grain Bowl Galore', 'Evening painting response data. Measure economy traditional anything plant.');
INSERT INTO theme (title, theme_description) VALUES ('Game Day Grub', 'About side PM.');
INSERT INTO theme (title, theme_description) VALUES ('Cocktail Hour', 'Scientist necessary into act.');
INSERT INTO theme (title, theme_description) VALUES ('Holiday Feast', 'Nation strong old challenge.');
INSERT INTO theme (title, theme_description) VALUES ('Taco Tuesday', 'Final together someone.');
INSERT INTO theme (title, theme_description) VALUES ('Curry Craze', 'Decide economic bill sister this image.');
INSERT INTO theme (title, theme_description) VALUES ('Italian Night', 'Understand door class son. Thing agent say forward.');
INSERT INTO theme (title, theme_description) VALUES ('Seafood Spectacular', 'Environment skin blue the teach. Current truth glass star the.');
INSERT INTO theme (title, theme_description) VALUES ('Salad Celebration', 'Process huge everything.');
INSERT INTO theme (title, theme_description) VALUES ('Grilling Galore', 'Go meeting quickly such former.');
INSERT INTO theme (title, theme_description) VALUES ('Rice Bowl Revival', 'Theory end oil worker.');
INSERT INTO theme (title, theme_description) VALUES ('Sandwich Sensation', 'Others generation skill job.');
INSERT INTO theme (title, theme_description) VALUES ('Brunch Bonanza', 'History office effort remember. Mind southern rather.');
INSERT INTO theme (title, theme_description) VALUES ('Stir-Fry Fiesta', 'Issue we TV perhaps professional by.');
INSERT INTO theme (title, theme_description) VALUES ('Date Night Dinner', 'Finally impact I fast camera inside wait.');
INSERT INTO theme (title, theme_description) VALUES ('Grill Bonanza', 'Notice image street fight decision size parent focus.');
INSERT INTO theme (title, theme_description) VALUES ('Pasta Party', 'Put memory soldier where save probably. Middle plan friend stand seem.');
INSERT INTO theme (title, theme_description) VALUES ('Mocktail Madness', 'Southern challenge animal worker particularly.');
INSERT INTO theme (title, theme_description) VALUES ('Farm-to-Table', 'Increase picture create recent manager during prevent.');
INSERT INTO theme (title, theme_description) VALUES ('Soup Supper', 'Sing despite sound receive.');
INSERT INTO theme (title, theme_description) VALUES ('Mediterranean Delight', 'Newspaper true building. Soon property write other.');
INSERT INTO theme (title, theme_description) VALUES ('Burger Bash', 'Spring throughout interview trade knowledge city technology late. Style everyone sing machine dream.');
INSERT INTO theme (title, theme_description) VALUES ('Baking Bonanza', 'Require doctor from throw. Catch discuss really relationship.');
INSERT INTO theme (title, theme_description) VALUES ('Smoothie Sensation', 'Imagine my indeed deal information toward.');
INSERT INTO theme (title, theme_description) VALUES ('Summer BBQ', 'Task she herself. Wall fear hope.');
INSERT INTO theme (title, theme_description) VALUES ('Dessert Extravaganza', 'Section national owner determine detail job ahead. Protect something right subject try wonder.');
INSERT INTO theme (title, theme_description) VALUES ('Pizza Party', 'Trade option production. Poor career left anyone.');

INSERT INTO tag (title) VALUES ('Digestive Health');
INSERT INTO tag (title) VALUES ('Game Day');
INSERT INTO tag (title) VALUES ('');
INSERT INTO tag (title) VALUES ('Brain Food');
INSERT INTO tag (title) VALUES ('Smoothie');
INSERT INTO tag (title) VALUES ('Pool Party');
INSERT INTO tag (title) VALUES ('Holiday');
INSERT INTO tag (title) VALUES ('Thanksgiving');
INSERT INTO tag (title) VALUES ('Budget-Friendly');
INSERT INTO tag (title) VALUES ('Detox');
INSERT INTO tag (title) VALUES ('Seafood');
INSERT INTO tag (title) VALUES ('Side Dish');
INSERT INTO tag (title) VALUES ('Seafood');
INSERT INTO tag (title) VALUES ('Pool Party');
INSERT INTO tag (title) VALUES ('Slow Cooker');
INSERT INTO tag (title) VALUES ('Hangover Cure');
INSERT INTO tag (title) VALUES ('Mexican');
INSERT INTO tag (title) VALUES ('Detox');
INSERT INTO tag (title) VALUES ('Holiday Dinner');
INSERT INTO tag (title) VALUES ('Seafood');
INSERT INTO tag (title) VALUES ('Backpacking');
INSERT INTO tag (title) VALUES ('Comfort Food');
INSERT INTO tag (title) VALUES ('Cocktail');
INSERT INTO tag (title) VALUES ('Asian');
INSERT INTO tag (title) VALUES ('Fall');
INSERT INTO tag (title) VALUES ('Fitness');
INSERT INTO tag (title) VALUES ('Mediterranean');
INSERT INTO tag (title) VALUES ('Camping');
INSERT INTO tag (title) VALUES ('Indian');
INSERT INTO tag (title) VALUES ('Dinner Party');
INSERT INTO tag (title) VALUES ('Mexican');
INSERT INTO tag (title) VALUES ('Family-Friendly');
INSERT INTO tag (title) VALUES ('Stew');
INSERT INTO tag (title) VALUES ('Bachelor Cooking');
INSERT INTO tag (title) VALUES ('Middle Eastern');
INSERT INTO tag (title) VALUES ('Healthy');
INSERT INTO tag (title) VALUES ('Christmas');
INSERT INTO tag (title) VALUES ('Halloween');
INSERT INTO tag (title) VALUES ('Grain-Free');
INSERT INTO tag (title) VALUES ('Mocktail');
INSERT INTO tag (title) VALUES ('Bachelor Cooking');
INSERT INTO tag (title) VALUES ('Dairy-Free');
INSERT INTO tag (title) VALUES ('Christmas');
INSERT INTO tag (title) VALUES ('Potluck');
INSERT INTO tag (title) VALUES ('Hiking');
INSERT INTO tag (title) VALUES ('Holiday');
INSERT INTO tag (title) VALUES ('Halloween');
INSERT INTO tag (title) VALUES ('Stress Relief');
INSERT INTO tag (title) VALUES ('Budget-Friendly');
INSERT INTO tag (title) VALUES ('Detox');
INSERT INTO tag (title) VALUES ('High-Protein');
INSERT INTO tag (title) VALUES ('Side Dish');
INSERT INTO tag (title) VALUES ('Stew');
INSERT INTO tag (title) VALUES ('Summer');
INSERT INTO tag (title) VALUES ('Vegetarian');
INSERT INTO tag (title) VALUES ('Instant Pot');
INSERT INTO tag (title) VALUES ('Side Dish');
INSERT INTO tag (title) VALUES ('Dessert');
INSERT INTO tag (title) VALUES ('New Year`s Eve');
INSERT INTO tag (title) VALUES ('Vegetarian');
INSERT INTO tag (title) VALUES ('Middle Eastern');
INSERT INTO tag (title) VALUES ('Potluck');
INSERT INTO tag (title) VALUES ('Meal Prep');
INSERT INTO tag (title) VALUES ('Mediterranean');
INSERT INTO tag (title) VALUES ('Healthy');
INSERT INTO tag (title) VALUES ('Girls` Night');
INSERT INTO tag (title) VALUES ('Mocktail');
INSERT INTO tag (title) VALUES ('Soup');
INSERT INTO tag (title) VALUES ('Detox');
INSERT INTO tag (title) VALUES ('Tailgating');
INSERT INTO tag (title) VALUES ('Low-Carb');
INSERT INTO tag (title) VALUES ('Low-Carb');
INSERT INTO tag (title) VALUES ('Hiking');
INSERT INTO tag (title) VALUES ('Digestive Health');
INSERT INTO tag (title) VALUES ('Potluck');
INSERT INTO tag (title) VALUES ('Salad');
INSERT INTO tag (title) VALUES ('Detox');
INSERT INTO tag (title) VALUES ('Summer');
INSERT INTO tag (title) VALUES ('Indian');
INSERT INTO tag (title) VALUES ('Immune Boost');
INSERT INTO tag (title) VALUES ('High-Fiber');
INSERT INTO tag (title) VALUES ('Brain Food');
INSERT INTO tag (title) VALUES ('Girls` Night');
INSERT INTO tag (title) VALUES ('Anniversary');
INSERT INTO tag (title) VALUES ('Thanksgiving');
INSERT INTO tag (title) VALUES ('Budget-Friendly');
INSERT INTO tag (title) VALUES ('Game Day');
INSERT INTO tag (title) VALUES ('Low-Calorie');
INSERT INTO tag (title) VALUES ('Tailgating');
INSERT INTO tag (title) VALUES ('Indian');
INSERT INTO tag (title) VALUES ('Mexican');
INSERT INTO tag (title) VALUES ('Paleo');
INSERT INTO tag (title) VALUES ('Juice');
INSERT INTO tag (title) VALUES ('Low-Fat');
INSERT INTO tag (title) VALUES ('');
INSERT INTO tag (title) VALUES ('Post-Workout');
INSERT INTO tag (title) VALUES ('Road Trip');
INSERT INTO tag (title) VALUES ('Easter');
INSERT INTO tag (title) VALUES ('');
INSERT INTO tag (title) VALUES ('Spring');

INSERT INTO tip(title) VALUES ('When cooking pasta, reserve some of the pasta cooking water to add to sauces for extra flavor and to adjust consistency.');
INSERT INTO tip(title) VALUES ('Let meat rest after cooking to allow juices to redistribute and ensure juicier results.');
INSERT INTO tip(title) VALUES ('When making sauces or soups, gradually add liquids to thicken sauces and avoid lumps.');
INSERT INTO tip(title) VALUES ('When cooking pasta, reserve some of the pasta cooking water to add to sauces for extra flavor and to adjust consistency.');
INSERT INTO tip(title) VALUES ('When cooking with garlic, finely mince or press it for stronger flavor, or slice it for milder flavor.');
INSERT INTO tip(title) VALUES ('When cooking pasta, reserve some of the pasta cooking water to add to sauces for extra flavor and to adjust consistency.');
INSERT INTO tip(title) VALUES ('Don`t rush caramelization when sautéing onions or vegetables to develop deeper flavor.');
INSERT INTO tip(title) VALUES ('Label and date leftovers before storing them in the refrigerator to track freshness and reduce food waste.');
INSERT INTO tip(title) VALUES ('When baking, bring ingredients to room temperature to ensure better incorporation and a smoother texture.');
INSERT INTO tip(title) VALUES ('When working with hot peppers, wear gloves to protect your hands from the oils, and avoid touching your face or eyes.');
INSERT INTO tip(title) VALUES ('Season meat at least 30 minutes before cooking to enhance flavor.');
INSERT INTO tip(title) VALUES ('Don`t peek while your baked goods are in the oven to avoid fluctuations in temperature and potential deflation.');
INSERT INTO tip(title) VALUES ('When baking, bring ingredients to room temperature to ensure better incorporation and a smoother texture.');
INSERT INTO tip(title) VALUES ('Use fresh herbs whenever possible for brighter and more vibrant flavors in your dishes.');
INSERT INTO tip(title) VALUES ('Use the correct cooking method for each ingredient to maximize flavor and texture; for example, roast root vegetables for caramelization or steam delicate fish for gentle cooking.');
INSERT INTO tip(title) VALUES ('When boiling eggs, add a splash of vinegar to the water to help prevent the eggs from cracking.');
INSERT INTO tip(title) VALUES ('Use high-quality ingredients for better-tasting dishes, especially for simple recipes with few ingredients.');
INSERT INTO tip(title) VALUES ('Read the recipe thoroughly before starting to ensure you have all the ingredients and understand the steps.');
INSERT INTO tip(title) VALUES ('Use a kitchen scale to accurately measure ingredients, especially for baking.');
INSERT INTO tip(title) VALUES ('Use fresh herbs whenever possible for brighter and more vibrant flavors in your dishes.');
INSERT INTO tip(title) VALUES ('Season meat at least 30 minutes before cooking to enhance flavor.');
INSERT INTO tip(title) VALUES ('Use a microplane grater to easily grate garlic, ginger, citrus zest, and hard cheeses.');
INSERT INTO tip(title) VALUES ('Use a meat thermometer to ensure meat is cooked to the proper internal temperature and avoid overcooking.');
INSERT INTO tip(title) VALUES ('When cooking with garlic, finely mince or press it for stronger flavor, or slice it for milder flavor.');
INSERT INTO tip(title) VALUES ('Keep a kitchen towel or damp cloth under your cutting board to prevent it from slipping while you work.');
INSERT INTO tip(title) VALUES ('Use a kitchen scale to accurately measure ingredients, especially for baking.');
INSERT INTO tip(title) VALUES ('Use high-quality ingredients for better-tasting dishes, especially for simple recipes with few ingredients.');
INSERT INTO tip(title) VALUES ('When boiling eggs, add a splash of vinegar to the water to help prevent the eggs from cracking.');
INSERT INTO tip(title) VALUES ('Don`t overcrowd the pan when sautéing or frying to ensure even cooking and browning.');
INSERT INTO tip(title) VALUES ('Use fresh herbs whenever possible for brighter and more vibrant flavors in your dishes.');
INSERT INTO tip(title) VALUES ('Use a timer when baking or cooking to prevent overcooking or burning your food.');
INSERT INTO tip(title) VALUES ('When baking cookies, chill the dough for at least 30 minutes before baking to prevent spreading and ensure chewy texture.');
INSERT INTO tip(title) VALUES ('Read the recipe thoroughly before starting to ensure you have all the ingredients and understand the steps.');
INSERT INTO tip(title) VALUES ('Let meat rest after cooking to allow juices to redistribute and ensure juicier results.');
INSERT INTO tip(title) VALUES ('Learn to properly season your food with salt and pepper to enhance flavors without overpowering them.');
INSERT INTO tip(title) VALUES ('Use parchment paper or silicone baking mats to line baking sheets for easier cleanup and to prevent sticking.');
INSERT INTO tip(title) VALUES ('Keep your knives sharp by regularly honing them with a honing steel and occasionally sharpening them with a whetstone or knife sharpener.');
INSERT INTO tip(title) VALUES ('When frying, use a neutral oil with a high smoke point, such as canola or peanut oil, to prevent burning and imparting off flavors.');
INSERT INTO tip(title) VALUES ('When cooking with garlic, finely mince or press it for stronger flavor, or slice it for milder flavor.');
INSERT INTO tip(title) VALUES ('Taste as you cook and adjust seasoning accordingly to achieve the perfect flavor balance.');

INSERT INTO equipment (title, details, picture) VALUES('Garlic press', 'Agent find quality when however resource away real.', 'https://dummyimage.com/712x836', 'Necessary himself two meet these tell everybody.');
INSERT INTO equipment (title, details, picture) VALUES('Colander', 'Big significant sure outside building. Site girl into have media game support.', 'https://picsum.photos/657/214', 'Future skin environment able rise study.');
INSERT INTO equipment (title, details, picture) VALUES('Whisk', 'Item gun through least. Itself safe whole establish.', 'https://placekitten.com/675/843', 'Your majority chance Mrs generation necessary myself lay.');
INSERT INTO equipment (title, details, picture) VALUES('Rolling pin', 'Let stay or focus early various everything. During let particular her agreement surface consider.', 'https://placekitten.com/1014/590', 'Thank wonder draw him task improve.');
INSERT INTO equipment (title, details, picture) VALUES('Tongs', 'Something future they red everybody act.', 'https://dummyimage.com/820x75', 'Seat relate specific history professional star.');
INSERT INTO equipment (title, details, picture) VALUES('Box grater', 'Drop image new drive.', 'https://dummyimage.com/180x644', 'Manager already maybe opportunity.');
INSERT INTO equipment (title, details, picture) VALUES('Measuring cups', 'Large admit family identify during professional hard. Most international second former reflect even edge.', 'https://dummyimage.com/662x237', 'Them key moment lead.');
INSERT INTO equipment (title, details, picture) VALUES('Kitchen shears', 'Firm sea week real course.', 'https://dummyimage.com/2x946', 'Improve pressure child light.');
INSERT INTO equipment (title, details, picture) VALUES('Chef`s knife', 'Right with modern executive beyond. Fast guess few remain call.', 'https://placekitten.com/111/384', 'Full realize power system system.');
INSERT INTO equipment (title, details, picture) VALUES('Slotted spoon', 'Network recently call.', 'https://placekitten.com/740/1020', 'Here first responsibility service their along attention.');
INSERT INTO equipment (title, details, picture) VALUES('Cutting board', 'Their off light key. Whole education technology box.', 'https://picsum.photos/905/105', 'Range explain dinner bed within set region beyond.');
INSERT INTO equipment (title, details, picture) VALUES('Can opener', 'Man officer rather charge specific we.', 'https://dummyimage.com/546x268', 'Really tough animal someone.');
INSERT INTO equipment (title, details, picture) VALUES('Spatula', 'Budget share paper so difficult.', 'https://picsum.photos/897/992', 'Grow issue each include radio.');
INSERT INTO equipment (title, details, picture) VALUES('Blender', 'Late kind team wrong figure perform. Whether between several personal enough ball dream necessary.', 'https://placekitten.com/59/490', 'Color bad that people.');
INSERT INTO equipment (title, details, picture) VALUES('Kitchen thermometer', 'Impact ready like.', 'https://placekitten.com/324/636', 'Marriage on discussion point least.');
INSERT INTO equipment (title, details, picture) VALUES('Mixing bowls', 'Explain executive teacher author do.', 'https://picsum.photos/28/835', 'Together let explain.');
INSERT INTO equipment (title, details, picture) VALUES('Measuring spoons', 'Operation sound cup boy different chance enter central.', 'https://dummyimage.com/460x232', 'Citizen kid generation onto police interesting economic.');
INSERT INTO equipment (title, details, picture) VALUES('Microplane', 'Society organization station TV.', 'https://dummyimage.com/240x315', 'Current his low down occur.');
INSERT INTO equipment (title, details, picture) VALUES('Wooden spoon', 'Light fight I evening. Management ball always it focus economy before.', 'https://dummyimage.com/597x559', 'Fast recognize against stop how account ten.');
INSERT INTO equipment (title, details, picture) VALUES('Peeler', 'Week yourself public especially American series like prepare. Consider one play man before.', 'https://picsum.photos/988/967', 'Treat seat strategy.');

INSERT INTO cook_role (title) VALUES ('Chef');
INSERT INTO cook_role (title) VALUES ('Sous-chef');
INSERT INTO cook_role (title) VALUES ('A cook');
INSERT INTO cook_role (title) VALUES ('B cook');
INSERT INTO cook_role (title) VALUES ('C cook');

INSERT INTO food_group(title, food_group_description, char_if_main, picture, picture_description) VALUES('Condiments', 'War analysis situation term miss. Poor all your suggest international blue Republican.', 'Gluten-Free', 'https://dummyimage.com/150x165', 'Chance call person one Republican herself our far.');
INSERT INTO food_group(title, food_group_description, char_if_main, picture, picture_description) VALUES('Pasta and Noodles', 'Between reduce table prepare shoulder result. Involve thousand including still human.', 'Pesceterian', 'https://dummyimage.com/640x874', 'Hear check type attack story.');
INSERT INTO food_group(title, food_group_description, char_if_main, picture, picture_description) VALUES('Grains', 'Season head candidate art. No prove improve them wait institution trouble.', 'Vegeterian', 'https://dummyimage.com/589x639', 'Official defense prevent difference.');
INSERT INTO food_group(title, food_group_description, char_if_main, picture, picture_description) VALUES('Protein Foods', 'Happen several off southern suddenly window stand. Push news participant price really ahead event several.', 'Vegan', 'https://picsum.photos/718/12', 'Not husband center plan.');
INSERT INTO food_group(title, food_group_description, char_if_main, picture, picture_description) VALUES('Fruits', 'Democrat information game have return since nothing.', 'Pesceterian', 'https://picsum.photos/107/318', 'Anyone bank kitchen interest parent increase democratic mention.');
INSERT INTO food_group(title, food_group_description, char_if_main, picture, picture_description) VALUES('Desserts', 'Exist question main project. Determine worker area.', 'Pork-based', 'https://picsum.photos/617/432', 'Face build market issue can.');
INSERT INTO food_group(title, food_group_description, char_if_main, picture, picture_description) VALUES('Sauces', 'Next property government however score job least.', 'Pesceterian', 'https://placekitten.com/641/879', 'Remember individual boy again foot soon.');
INSERT INTO food_group(title, food_group_description, char_if_main, picture, picture_description) VALUES('Snacks', 'Because such during open model how. Second develop single baby plan.', 'Spicy', 'https://dummyimage.com/397x715', 'Door chair culture own.');
INSERT INTO food_group(title, food_group_description, char_if_main, picture, picture_description) VALUES('Grains', 'Management senior service large under north play person.', 'Vegan', 'https://picsum.photos/309/900', 'Kind field ever argue medical financial later.');
INSERT INTO food_group(title, food_group_description, char_if_main, picture, picture_description) VALUES('Vegetables', 'Baby ten talk past medical. Oil west school American training occur could.', 'Gluten-Free', 'https://dummyimage.com/308x126', 'Specific study word base.');
INSERT INTO food_group(title, food_group_description, char_if_main, picture, picture_description) VALUES('Nuts and Seeds', 'Remain yard model particular hair.', 'Chiken-based', 'https://dummyimage.com/793x837', 'Appear piece free form newspaper hit edge surface.');
INSERT INTO food_group(title, food_group_description, char_if_main, picture, picture_description) VALUES('Snacks', 'Bank professional true financial prevent product.', 'Meat-Lovers', 'https://placekitten.com/173/634', 'Poor foreign campaign reflect water young.');
INSERT INTO food_group(title, food_group_description, char_if_main, picture, picture_description) VALUES('Pasta and Noodles', 'Meet adult final week game she.', 'Pork-based', 'https://picsum.photos/463/281', 'Fast small medical music.');
INSERT INTO food_group(title, food_group_description, char_if_main, picture, picture_description) VALUES('Pasta and Noodles', 'Then peace others child Congress realize.', 'Meat-Lovers', 'https://dummyimage.com/896x89', 'Put down know expect security large.');
INSERT INTO food_group(title, food_group_description, char_if_main, picture, picture_description) VALUES('Sauces', 'Whole six tough create question.', 'Gluten-Free', 'https://dummyimage.com/945x577', 'Month whom stage soon catch economic political.');
INSERT INTO food_group(title, food_group_description, char_if_main, picture, picture_description) VALUES('Desserts', 'Represent middle by base. Evening town challenge join.', 'Pork-based', 'https://picsum.photos/923/715', 'Apply maybe dog yes heart agreement.');
INSERT INTO food_group(title, food_group_description, char_if_main, picture, picture_description) VALUES('Protein Foods', 'Case expert stop receive. Serve light past town.', 'Vegeterian', 'https://picsum.photos/524/441', 'Vote participant institution simply down business draw.');
INSERT INTO food_group(title, food_group_description, char_if_main, picture, picture_description) VALUES('Snacks', 'Book toward others administration. Offer responsibility fact ability good number cost.', 'Pesceterian', 'https://placekitten.com/738/138', 'Medical write never hospital like player wonder.');
INSERT INTO food_group(title, food_group_description, char_if_main, picture, picture_description) VALUES('Poultry', 'Small general run pick sign same.', 'Vegan', 'https://dummyimage.com/273x90', 'Full poor store range wonder long consider.');
INSERT INTO food_group(title, food_group_description, char_if_main, picture, picture_description) VALUES('Dairy', 'Already cut social though firm financial huge.', 'Spicy', 'https://picsum.photos/969/518', 'Experience television answer pretty event.');

INSERT INTO cook(first_name, last_name, phone, d_birth, exp_years, cook_role_id, picture, picture_description) VALUES('Lauren', 'Kim', 676-352-7758, 1989-01-30, 11, 1, 'https://placekitten.com/161/881', 'Nation fly bag produce.');
INSERT INTO cook(first_name, last_name, phone, d_birth, exp_years, cook_role_id, picture, picture_description) VALUES('Kirk', 'Morrison', 627-257-0596, 1963-01-01, 2, 6, 'https://placekitten.com/831/744', 'Well central parent sit.');
INSERT INTO cook(first_name, last_name, phone, d_birth, exp_years, cook_role_id, picture, picture_description) VALUES('Austin', 'Jones', (755)769-0927, 1977-10-03, 9, 2, 'https://placekitten.com/157/281', 'Huge power economic box save material.');
INSERT INTO cook(first_name, last_name, phone, d_birth, exp_years, cook_role_id, picture, picture_description) VALUES('Paul', 'Hoffman', 447-339-4731, 1978-01-30, 8, 2, 'https://placekitten.com/911/179', 'Property remember nearly face feel church.');
INSERT INTO cook(first_name, last_name, phone, d_birth, exp_years, cook_role_id, picture, picture_description) VALUES('Jenna', 'Graves', 2587313237, 1982-02-28, 4, 6, 'https://placekitten.com/755/957', 'Partner beat finally yourself.');
INSERT INTO cook(first_name, last_name, phone, d_birth, exp_years, cook_role_id, picture, picture_description) VALUES('Jennifer', 'Fox', 791-425-1778, 1995-02-12, 5, 1, 'https://dummyimage.com/372x264', 'Treat area buy check clearly follow remember.');
INSERT INTO cook(first_name, last_name, phone, d_birth, exp_years, cook_role_id, picture, picture_description) VALUES('Michael', 'Everett', 314-438-4249, 1983-09-03, 14, 1, 'https://placekitten.com/315/350', 'Result painting successful nor stay agreement animal political.');
INSERT INTO cook(first_name, last_name, phone, d_birth, exp_years, cook_role_id, picture, picture_description) VALUES('Barbara', 'Curtis', (569)807-8447, 1971-11-24, 1, 1, 'https://picsum.photos/149/122', 'Indeed less future century technology floor.');
INSERT INTO cook(first_name, last_name, phone, d_birth, exp_years, cook_role_id, picture, picture_description) VALUES('Vanessa', 'Reed', 325-688-1537, 1977-12-25, 7, 2, 'https://picsum.photos/288/198', 'War ten industry while total.');
INSERT INTO cook(first_name, last_name, phone, d_birth, exp_years, cook_role_id, picture, picture_description) VALUES('Lisa', 'Peck', (953)227-8774, 1963-08-08, 33, 5, 'https://picsum.photos/805/936', 'On any example our successful.');
INSERT INTO cook(first_name, last_name, phone, d_birth, exp_years, cook_role_id, picture, picture_description) VALUES('Emily', 'Mitchell', 8162245650, 1982-10-23, 1, 5, 'https://placekitten.com/398/742', 'Available mean share evidence writer.');
INSERT INTO cook(first_name, last_name, phone, d_birth, exp_years, cook_role_id, picture, picture_description) VALUES('Erin', 'Wilson', 8652585239, 1961-10-23, 13, 6, 'https://dummyimage.com/280x682', 'Lead paper middle foreign party class wrong.');
INSERT INTO cook(first_name, last_name, phone, d_birth, exp_years, cook_role_id, picture, picture_description) VALUES('Jodi', 'Evans', 788-787-9470, 1986-12-14, 11, 6, 'https://placekitten.com/853/630', 'Ago listen whose situation simply officer return on.');
INSERT INTO cook(first_name, last_name, phone, d_birth, exp_years, cook_role_id, picture, picture_description) VALUES('George', 'Fuller', (962)730-9130, 1976-10-01, 18, 4, 'https://dummyimage.com/845x417', 'Simple turn their save artist catch debate.');
INSERT INTO cook(first_name, last_name, phone, d_birth, exp_years, cook_role_id, picture, picture_description) VALUES('Mark', 'Bates', (665)927-8585, 1967-09-09, 15, 4, 'https://placekitten.com/504/571', 'Different win father eye debate.');
INSERT INTO cook(first_name, last_name, phone, d_birth, exp_years, cook_role_id, picture, picture_description) VALUES('Janet', 'Stewart', 784-441-9866, 1971-08-14, 19, 3, 'https://dummyimage.com/589x161', 'Pretty section degree still even no.');
INSERT INTO cook(first_name, last_name, phone, d_birth, exp_years, cook_role_id, picture, picture_description) VALUES('Joseph', 'Rodriguez', (393)830-8330, 1973-03-18, 26, 1, 'https://placekitten.com/967/205', 'Accept nearly upon imagine.');
INSERT INTO cook(first_name, last_name, phone, d_birth, exp_years, cook_role_id, picture, picture_description) VALUES('Savannah', 'Johns', 234-454-0193, 1976-09-18, 6, 6, 'https://dummyimage.com/360x74', 'Control see the face also fear owner.');
INSERT INTO cook(first_name, last_name, phone, d_birth, exp_years, cook_role_id, picture, picture_description) VALUES('Sarah', 'Rogers', 388-772-8743, 1966-07-01, 28, 3, 'https://placekitten.com/939/526', 'Add front far purpose.');
INSERT INTO cook(first_name, last_name, phone, d_birth, exp_years, cook_role_id, picture, picture_description) VALUES('James', 'Carr', (466)985-1612, 1972-12-10, 9, 2, 'https://dummyimage.com/508x13', 'Dog send west few reveal activity.');
INSERT INTO cook(first_name, last_name, phone, d_birth, exp_years, cook_role_id, picture, picture_description) VALUES('Desiree', 'Schwartz', 6177426841, 1984-08-01, 7, 3, 'https://dummyimage.com/448x273', 'Lawyer writer health reduce.');
INSERT INTO cook(first_name, last_name, phone, d_birth, exp_years, cook_role_id, picture, picture_description) VALUES('Roberta', 'Todd', (333)391-8785, 1962-06-21, 7, 1, 'https://picsum.photos/414/306', 'Take kind quite response major together.');
INSERT INTO cook(first_name, last_name, phone, d_birth, exp_years, cook_role_id, picture, picture_description) VALUES('Sean', 'Brown', 2868790874, 1970-03-06, 13, 1, 'https://placekitten.com/6/446', 'And general as yes.');
INSERT INTO cook(first_name, last_name, phone, d_birth, exp_years, cook_role_id, picture, picture_description) VALUES('Sarah', 'Jones', 904-862-2656, 1975-01-10, 12, 3, 'https://picsum.photos/272/712', 'Year hotel camera without.');
INSERT INTO cook(first_name, last_name, phone, d_birth, exp_years, cook_role_id, picture, picture_description) VALUES('Mary', 'Avila', 778-468-6337, 1971-01-10, 20, 3, 'https://placekitten.com/231/65', 'Past view threat drive attack order.');
INSERT INTO cook(first_name, last_name, phone, d_birth, exp_years, cook_role_id, picture, picture_description) VALUES('Sean', 'Powers', 4306673830, 1969-05-14, 26, 1, 'https://picsum.photos/653/656', 'Then worry miss including every.');
INSERT INTO cook(first_name, last_name, phone, d_birth, exp_years, cook_role_id, picture, picture_description) VALUES('Angela', 'Vargas', (726)887-0568, 1976-04-30, 24, 4, 'https://picsum.photos/614/770', 'List support feeling remain south trip none.');
INSERT INTO cook(first_name, last_name, phone, d_birth, exp_years, cook_role_id, picture, picture_description) VALUES('Tammy', 'Grant', 3635435175, 1962-01-22, 35, 1, 'https://picsum.photos/772/80', 'Source onto provide describe decade.');
INSERT INTO cook(first_name, last_name, phone, d_birth, exp_years, cook_role_id, picture, picture_description) VALUES('Rebecca', 'Turner', 5337173936, 1991-01-08, 7, 1, 'https://placekitten.com/779/954', 'Final growth third letter sort reveal.');
INSERT INTO cook(first_name, last_name, phone, d_birth, exp_years, cook_role_id, picture, picture_description) VALUES('Kathleen', 'Flores', 6558609320, 1971-10-22, 18, 3, 'https://picsum.photos/401/675', 'Now early nearly want front shake.');
INSERT INTO cook(first_name, last_name, phone, d_birth, exp_years, cook_role_id, picture, picture_description) VALUES('Tracy', 'Cummings', (477)225-2287, 1980-12-15, 20, 3, 'https://picsum.photos/152/99', 'Case piece attack character despite lay.');
INSERT INTO cook(first_name, last_name, phone, d_birth, exp_years, cook_role_id, picture, picture_description) VALUES('Bruce', 'Little', (277)600-8860, 1981-06-06, 19, 2, 'https://placekitten.com/587/35', 'South travel blood benefit chance court.');
INSERT INTO cook(first_name, last_name, phone, d_birth, exp_years, cook_role_id, picture, picture_description) VALUES('Alisha', 'Ochoa', 661-356-7933, 1986-02-24, 12, 1, 'https://dummyimage.com/64x191', 'Help live PM reflect bar suddenly.');
INSERT INTO cook(first_name, last_name, phone, d_birth, exp_years, cook_role_id, picture, picture_description) VALUES('Deanna', 'Rivera', 3806339740, 1995-12-21, 1, 6, 'https://dummyimage.com/67x367', 'Which onto sell.');
INSERT INTO cook(first_name, last_name, phone, d_birth, exp_years, cook_role_id, picture, picture_description) VALUES('Jennifer', 'Sanders', 8424939685, 1991-08-15, 4, 3, 'https://picsum.photos/160/708', 'Join stuff future shoulder.');
INSERT INTO cook(first_name, last_name, phone, d_birth, exp_years, cook_role_id, picture, picture_description) VALUES('Stephanie', 'Sanders', 804-477-3586, 1987-03-10, 2, 2, 'https://placekitten.com/778/175', 'Something require bank child Republican.');
INSERT INTO cook(first_name, last_name, phone, d_birth, exp_years, cook_role_id, picture, picture_description) VALUES('Cynthia', 'Singh', 351-410-4754, 1963-06-29, 7, 4, 'https://placekitten.com/882/919', 'Mention billion bed never others six tell.');
INSERT INTO cook(first_name, last_name, phone, d_birth, exp_years, cook_role_id, picture, picture_description) VALUES('Alexander', 'Gutierrez', 6836982622, 1970-09-26, 9, 4, 'https://picsum.photos/298/129', 'Every feel site guess want result.');
INSERT INTO cook(first_name, last_name, phone, d_birth, exp_years, cook_role_id, picture, picture_description) VALUES('Tyler', 'Jensen', 712-940-6596, 1973-05-22, 21, 3, 'https://dummyimage.com/278x615', 'Water cut fire who why fact reason make.');
INSERT INTO cook(first_name, last_name, phone, d_birth, exp_years, cook_role_id, picture, picture_description) VALUES('Barbara', 'Sanchez', 446-251-9398, 1998-02-13, 1, 3, 'https://dummyimage.com/945x429', 'Story attorney summer some pull.');
INSERT INTO cook(first_name, last_name, phone, d_birth, exp_years, cook_role_id, picture, picture_description) VALUES('Donald', 'Turner', 826-861-7979, 1981-09-29, 12, 2, 'https://picsum.photos/736/174', 'Price great positive and worker.');
INSERT INTO cook(first_name, last_name, phone, d_birth, exp_years, cook_role_id, picture, picture_description) VALUES('Erica', 'Ross', 561-901-4388, 1974-12-18, 22, 3, 'https://picsum.photos/948/1024', 'Young lot far turn beat story.');
INSERT INTO cook(first_name, last_name, phone, d_birth, exp_years, cook_role_id, picture, picture_description) VALUES('Jessica', 'Bailey', 973-787-5717, 1962-09-08, 5, 5, 'https://picsum.photos/91/235', 'Possible quality clearly worker during company.');
INSERT INTO cook(first_name, last_name, phone, d_birth, exp_years, cook_role_id, picture, picture_description) VALUES('Ethan', 'Castro', 536-922-6609, 1983-09-09, 6, 5, 'https://placekitten.com/796/9', 'Day sell speak artist big.');
INSERT INTO cook(first_name, last_name, phone, d_birth, exp_years, cook_role_id, picture, picture_description) VALUES('Monica', 'Lopez', 837-814-7859, 1983-06-25, 8, 2, 'https://dummyimage.com/712x720', 'Common purpose song try opportunity public finish draw.');
INSERT INTO cook(first_name, last_name, phone, d_birth, exp_years, cook_role_id, picture, picture_description) VALUES('Daryl', 'Brooks', 4869692966, 1985-06-02, 8, 4, 'https://dummyimage.com/354x341', 'Cell fire late approach grow.');
INSERT INTO cook(first_name, last_name, phone, d_birth, exp_years, cook_role_id, picture, picture_description) VALUES('Albert', 'Taylor', 488-376-7677, 1982-08-13, 9, 6, 'https://picsum.photos/451/598', 'Different eye sit not significant.');
INSERT INTO cook(first_name, last_name, phone, d_birth, exp_years, cook_role_id, picture, picture_description) VALUES('Tyler', 'Dixon', (514)885-8078, 1964-02-05, 36, 2, 'https://picsum.photos/506/609', 'Enjoy television beautiful tend bring speech decide.');
INSERT INTO cook(first_name, last_name, phone, d_birth, exp_years, cook_role_id, picture, picture_description) VALUES('Joan', 'Norris', (796)629-2330, 1983-11-16, 11, 1, 'https://placekitten.com/344/662', 'Eye environment teach world quickly.');
INSERT INTO cook(first_name, last_name, phone, d_birth, exp_years, cook_role_id, picture, picture_description) VALUES('Cody', 'Estes', 804-922-3253, 1965-09-08, 15, 1, 'https://dummyimage.com/550x848', 'Away some shoulder idea seek reason theory.');
INSERT INTO cook(first_name, last_name, phone, d_birth, exp_years, cook_role_id, picture, picture_description) VALUES('Shawn', 'Freeman', (801)575-1863, 1979-10-15, 11, 4, 'https://dummyimage.com/661x580', 'Official not magazine gas radio any between.');
INSERT INTO cook(first_name, last_name, phone, d_birth, exp_years, cook_role_id, picture, picture_description) VALUES('Kristen', 'Stevens', 4276706324, 1963-09-25, 18, 1, 'https://picsum.photos/738/512', 'Professor power appear personal rise sense.');
INSERT INTO cook(first_name, last_name, phone, d_birth, exp_years, cook_role_id, picture, picture_description) VALUES('Ruben', 'Davis', 9032712938, 1960-04-27, 14, 5, 'https://dummyimage.com/703x246', 'Local director become south.');
INSERT INTO cook(first_name, last_name, phone, d_birth, exp_years, cook_role_id, picture, picture_description) VALUES('Dakota', 'Richardson', 426-922-1890, 1974-01-17, 23, 3, 'https://dummyimage.com/436x310', 'Rather team beautiful beyond sell operation himself white.');
INSERT INTO cook(first_name, last_name, phone, d_birth, exp_years, cook_role_id, picture, picture_description) VALUES('Leonard', 'Taylor', 613-589-9940, 1980-09-16, 7, 6, 'https://dummyimage.com/386x802', 'Six soldier dream.');
INSERT INTO cook(first_name, last_name, phone, d_birth, exp_years, cook_role_id, picture, picture_description) VALUES('Paul', 'Allen', (891)780-5526, 1981-11-08, 16, 4, 'https://picsum.photos/353/964', 'Onto add democratic.');
INSERT INTO cook(first_name, last_name, phone, d_birth, exp_years, cook_role_id, picture, picture_description) VALUES('Sandra', 'Fry', 484-686-6618, 1963-05-06, 30, 2, 'https://picsum.photos/161/416', 'Force only shake power poor financial join.');
INSERT INTO cook(first_name, last_name, phone, d_birth, exp_years, cook_role_id, picture, picture_description) VALUES('Stephanie', 'Allen', 4163179904, 1960-07-03, 17, 2, 'https://picsum.photos/281/23', 'Well mission situation result cold camera sit.');
INSERT INTO cook(first_name, last_name, phone, d_birth, exp_years, cook_role_id, picture, picture_description) VALUES('Joseph', 'Tanner', 9569481491, 1980-06-06, 8, 6, 'https://placekitten.com/113/1023', 'Happy effort bill off.');
INSERT INTO cook(first_name, last_name, phone, d_birth, exp_years, cook_role_id, picture, picture_description) VALUES('Jennifer', 'Perez', (400)403-0756, 1997-03-31, 3, 5, 'https://picsum.photos/72/858', 'Eat trouble floor step number budget.');
INSERT INTO cook(first_name, last_name, phone, d_birth, exp_years, cook_role_id, picture, picture_description) VALUES('Emily', 'Williams', 3809617445, 1960-04-26, 17, 6, 'https://placekitten.com/410/597', 'Science drug happy will young.');
INSERT INTO cook(first_name, last_name, phone, d_birth, exp_years, cook_role_id, picture, picture_description) VALUES('Kimberly', 'Oconnor', (232)706-0385, 1960-01-22, 38, 4, 'https://picsum.photos/770/629', 'Morning draw man art young.');
INSERT INTO cook(first_name, last_name, phone, d_birth, exp_years, cook_role_id, picture, picture_description) VALUES('Jennifer', 'Davis', 4868571918, 1962-12-29, 38, 4, 'https://placekitten.com/127/890', 'Door end fire song.');
INSERT INTO cook(first_name, last_name, phone, d_birth, exp_years, cook_role_id, picture, picture_description) VALUES('Jaclyn', 'Moss', 474-331-3291, 1966-07-29, 24, 2, 'https://dummyimage.com/954x643', 'Movie who debate final.');
INSERT INTO cook(first_name, last_name, phone, d_birth, exp_years, cook_role_id, picture, picture_description) VALUES('Joseph', 'Wilson', 7498035213, 1980-07-15, 5, 5, 'https://picsum.photos/612/532', 'Weight take new.');
INSERT INTO cook(first_name, last_name, phone, d_birth, exp_years, cook_role_id, picture, picture_description) VALUES('Andrea', 'Davis', 7213003236, 1983-04-17, 16, 1, 'https://picsum.photos/530/153', 'Cup position speak begin.');
INSERT INTO cook(first_name, last_name, phone, d_birth, exp_years, cook_role_id, picture, picture_description) VALUES('Melanie', 'Lamb', 2078029667, 1987-04-30, 13, 1, 'https://picsum.photos/353/724', 'Every land chance pass.');
INSERT INTO cook(first_name, last_name, phone, d_birth, exp_years, cook_role_id, picture, picture_description) VALUES('Christina', 'Holland', 868-570-1462, 1985-09-15, 14, 1, 'https://dummyimage.com/510x39', 'Look sit general not focus establish.');
INSERT INTO cook(first_name, last_name, phone, d_birth, exp_years, cook_role_id, picture, picture_description) VALUES('Anthony', 'Harper', 3405785932, 1986-04-10, 3, 6, 'https://picsum.photos/545/114', 'Suffer something great stuff suddenly compare or.');
INSERT INTO cook(first_name, last_name, phone, d_birth, exp_years, cook_role_id, picture, picture_description) VALUES('Linda', 'Wolfe', (605)499-2937, 1979-08-14, 6, 6, 'https://picsum.photos/184/115', 'Despite money a truth cut candidate response try.');
INSERT INTO cook(first_name, last_name, phone, d_birth, exp_years, cook_role_id, picture, picture_description) VALUES('Megan', 'Morris', 8293218515, 1973-06-18, 14, 5, 'https://picsum.photos/660/279', 'Social whether power company why really.');
INSERT INTO cook(first_name, last_name, phone, d_birth, exp_years, cook_role_id, picture, picture_description) VALUES('Sarah', 'Buchanan', 8922644220, 1967-04-14, 5, 4, 'https://placekitten.com/651/452', 'Bit many former back get floor player.');
INSERT INTO cook(first_name, last_name, phone, d_birth, exp_years, cook_role_id, picture, picture_description) VALUES('Sylvia', 'Underwood', (657)304-3315, 1988-10-25, 7, 5, 'https://dummyimage.com/98x790', 'Why this manage her national big.');
INSERT INTO cook(first_name, last_name, phone, d_birth, exp_years, cook_role_id, picture, picture_description) VALUES('Timothy', 'Shields', (632)371-0405, 1962-12-19, 30, 5, 'https://picsum.photos/348/768', 'Natural together behavior order.');
INSERT INTO cook(first_name, last_name, phone, d_birth, exp_years, cook_role_id, picture, picture_description) VALUES('Christina', 'Webb', 5625962015, 1976-05-15, 9, 5, 'https://dummyimage.com/543x576', 'Benefit hotel near make approach.');
INSERT INTO cook(first_name, last_name, phone, d_birth, exp_years, cook_role_id, picture, picture_description) VALUES('Adam', 'Miller', (397)931-0324, 1993-10-01, 7, 1, 'https://dummyimage.com/631x814', 'Thus enter politics hold he high cost.');
INSERT INTO cook(first_name, last_name, phone, d_birth, exp_years, cook_role_id, picture, picture_description) VALUES('Bradley', 'Gonzales', 834-590-2115, 1982-02-22, 4, 6, 'https://placekitten.com/792/857', 'Of dog federal house take alone number.');
INSERT INTO cook(first_name, last_name, phone, d_birth, exp_years, cook_role_id, picture, picture_description) VALUES('Zachary', 'Duncan', (221)872-2332, 1963-02-18, 35, 3, 'https://placekitten.com/891/413', 'Street election treat trial.');
INSERT INTO cook(first_name, last_name, phone, d_birth, exp_years, cook_role_id, picture, picture_description) VALUES('Carl', 'Hughes', 885-348-7099, 1976-07-30, 21, 3, 'https://picsum.photos/303/205', 'Single size test they there enough pressure.');
INSERT INTO cook(first_name, last_name, phone, d_birth, exp_years, cook_role_id, picture, picture_description) VALUES('Ashley', 'Kennedy', 7465299606, 1961-12-21, 8, 3, 'https://dummyimage.com/973x550', 'Full soldier financial.');
INSERT INTO cook(first_name, last_name, phone, d_birth, exp_years, cook_role_id, picture, picture_description) VALUES('Megan', 'Garrison', (313)524-7546, 1977-09-01, 14, 2, 'https://placekitten.com/833/992', 'Start middle city find medical career.');
INSERT INTO cook(first_name, last_name, phone, d_birth, exp_years, cook_role_id, picture, picture_description) VALUES('Melissa', 'Suarez', 7235303070, 1970-12-16, 15, 1, 'https://placekitten.com/950/812', 'Race drop major land.');
INSERT INTO cook(first_name, last_name, phone, d_birth, exp_years, cook_role_id, picture, picture_description) VALUES('Susan', 'Wells', (255)424-1406, 1994-02-25, 6, 6, 'https://placekitten.com/438/453', 'Question especially important after sister.');
INSERT INTO cook(first_name, last_name, phone, d_birth, exp_years, cook_role_id, picture, picture_description) VALUES('Katrina', 'Smith', 8298034944, 1994-01-23, 3, 5, 'https://picsum.photos/940/516', 'Few minute perhaps once account yourself whom.');
INSERT INTO cook(first_name, last_name, phone, d_birth, exp_years, cook_role_id, picture, picture_description) VALUES('Mary', 'Hoffman', (794)641-7154, 1970-06-12, 25, 2, 'https://picsum.photos/611/385', 'She tonight south sort outside produce race.');
INSERT INTO cook(first_name, last_name, phone, d_birth, exp_years, cook_role_id, picture, picture_description) VALUES('Jennifer', 'Rios', 746-566-0993, 1987-06-15, 9, 1, 'https://placekitten.com/974/734', 'Suddenly subject theory Congress best.');
INSERT INTO cook(first_name, last_name, phone, d_birth, exp_years, cook_role_id, picture, picture_description) VALUES('David', 'Green', (725)713-5346, 1970-06-03, 28, 6, 'https://picsum.photos/602/949', 'Approach plant oil per line create build.');
INSERT INTO cook(first_name, last_name, phone, d_birth, exp_years, cook_role_id, picture, picture_description) VALUES('Erin', 'Moreno', 402-723-5697, 1994-06-30, 3, 6, 'https://dummyimage.com/369x165', 'Piece computer play above event seven.');
INSERT INTO cook(first_name, last_name, phone, d_birth, exp_years, cook_role_id, picture, picture_description) VALUES('Gary', 'Duran', 812-296-6667, 1961-07-05, 33, 5, 'https://picsum.photos/408/764', 'Series most adult above safe difficult.');
INSERT INTO cook(first_name, last_name, phone, d_birth, exp_years, cook_role_id, picture, picture_description) VALUES('Natalie', 'Collins', 6689942104, 1989-02-10, 4, 2, 'https://placekitten.com/691/888', 'Garden top grow could.');
INSERT INTO cook(first_name, last_name, phone, d_birth, exp_years, cook_role_id, picture, picture_description) VALUES('Stacy', 'Hull', 403-332-3098, 1974-08-30, 12, 2, 'https://placekitten.com/76/768', 'Side perhaps order answer blue.');
INSERT INTO cook(first_name, last_name, phone, d_birth, exp_years, cook_role_id, picture, picture_description) VALUES('Mary', 'Williams', 5672618472, 1972-01-17, 18, 5, 'https://placekitten.com/206/552', 'Red industry together memory pay executive size marriage.');
INSERT INTO cook(first_name, last_name, phone, d_birth, exp_years, cook_role_id, picture, picture_description) VALUES('Chelsea', 'Strickland', (535)964-2087, 1973-03-23, 1, 5, 'https://placekitten.com/5/26', 'Trade structure protect chance.');
INSERT INTO cook(first_name, last_name, phone, d_birth, exp_years, cook_role_id, picture, picture_description) VALUES('Christopher', 'Hunt', (314)437-4470, 1994-12-19, 3, 4, 'https://placekitten.com/595/737', 'International break surface three act catch.');
INSERT INTO cook(first_name, last_name, phone, d_birth, exp_years, cook_role_id, picture, picture_description) VALUES('Deborah', 'Murphy', 894-915-5216, 1970-11-15, 1, 1, 'https://dummyimage.com/789x979', 'Both receive around wall.');
INSERT INTO cook(first_name, last_name, phone, d_birth, exp_years, cook_role_id, picture, picture_description) VALUES('Erik', 'Perry', (279)472-9659, 1979-04-28, 12, 3, 'https://dummyimage.com/999x231', 'Animal energy fire relate question should.');
INSERT INTO cook(first_name, last_name, phone, d_birth, exp_years, cook_role_id, picture, picture_description) VALUES('Barbara', 'Cunningham', (758)889-1637, 1965-12-11, 16, 1, 'https://placekitten.com/111/23', 'Measure light many close.');
INSERT INTO cook(first_name, last_name, phone, d_birth, exp_years, cook_role_id, picture, picture_description) VALUES('Karen', 'Flores', 340-983-8663, 1977-10-07, 8, 5, 'https://dummyimage.com/917x180', 'Firm wonder seat adult idea along near.');
INSERT INTO cook(first_name, last_name, phone, d_birth, exp_years, cook_role_id, picture, picture_description) VALUES('Margaret', 'Conner', (548)983-7550, 1973-04-12, 3, 1, 'https://placekitten.com/968/744', 'Box service develop game stop who factor.');
INSERT INTO cook(first_name, last_name, phone, d_birth, exp_years, cook_role_id, picture, picture_description) VALUES('Alejandra', 'Park', 5273261493, 1997-03-17, 3, 4, 'https://dummyimage.com/804x441', 'Response blue increase unit study.');
INSERT INTO cook(first_name, last_name, phone, d_birth, exp_years, cook_role_id, picture, picture_description) VALUES('Brianna', 'Barton', 879-982-7080, 1996-12-22, 1, 5, 'https://placekitten.com/362/355', 'Billion price paper focus.');
INSERT INTO cook(first_name, last_name, phone, d_birth, exp_years, cook_role_id, picture, picture_description) VALUES('Nicole', 'Barnes', (834)665-4722, 1993-09-21, 7, 2, 'https://picsum.photos/642/445', 'Person fact generation public wonder.');
INSERT INTO cook(first_name, last_name, phone, d_birth, exp_years, cook_role_id, picture, picture_description) VALUES('Debra', 'Mullen', (885)615-8799, 1995-02-05, 2, 6, 'https://placekitten.com/865/26', 'Agent certainly prove customer.');
INSERT INTO cook(first_name, last_name, phone, d_birth, exp_years, cook_role_id, picture, picture_description) VALUES('Karen', 'Martin', 942-304-3805, 1984-08-23, 16, 5, 'https://picsum.photos/459/796', 'Six sometimes explain professor unit hold what.');
INSERT INTO cook(first_name, last_name, phone, d_birth, exp_years, cook_role_id, picture, picture_description) VALUES('Theresa', 'Edwards', (500)543-9735, 1971-10-07, 6, 3, 'https://picsum.photos/363/152', 'Same budget American evidence.');
INSERT INTO cook(first_name, last_name, phone, d_birth, exp_years, cook_role_id, picture, picture_description) VALUES('Joseph', 'Martin', 205-672-0259, 1979-08-15, 17, 5, 'https://placekitten.com/733/149', 'Moment whatever minute skill city myself.');
INSERT INTO cook(first_name, last_name, phone, d_birth, exp_years, cook_role_id, picture, picture_description) VALUES('Richard', 'Bailey', 2553543987, 1986-10-04, 7, 2, 'https://placekitten.com/912/492', 'Truth during always those high someone box either.');
INSERT INTO cook(first_name, last_name, phone, d_birth, exp_years, cook_role_id, picture, picture_description) VALUES('Jennifer', 'Johnson', (758)387-7043, 1997-12-05, 3, 6, 'https://placekitten.com/342/15', 'Decision picture defense rate.');
INSERT INTO cook(first_name, last_name, phone, d_birth, exp_years, cook_role_id, picture, picture_description) VALUES('Mary', 'Harris', (361)220-7501, 1967-02-13, 13, 6, 'https://placekitten.com/515/144', 'Treat imagine later identify first.');
INSERT INTO cook(first_name, last_name, phone, d_birth, exp_years, cook_role_id, picture, picture_description) VALUES('Perry', 'Wilson', 6916901581, 1984-04-05, 10, 4, 'https://dummyimage.com/576x896', 'State air choose detail section someone.');
INSERT INTO cook(first_name, last_name, phone, d_birth, exp_years, cook_role_id, picture, picture_description) VALUES('Melissa', 'Phillips', (224)250-8821, 1982-11-28, 12, 4, 'https://dummyimage.com/807x174', 'Security tough gas include position.');
INSERT INTO cook(first_name, last_name, phone, d_birth, exp_years, cook_role_id, picture, picture_description) VALUES('William', 'Martin', 9943312908, 1971-08-17, 29, 5, 'https://picsum.photos/137/513', 'Rise maintain former campaign pretty.');
INSERT INTO cook(first_name, last_name, phone, d_birth, exp_years, cook_role_id, picture, picture_description) VALUES('Craig', 'Harvey', 7577759492, 1998-05-07, 2, 1, 'https://dummyimage.com/345x9', 'Size Republican political everybody growth.');
INSERT INTO cook(first_name, last_name, phone, d_birth, exp_years, cook_role_id, picture, picture_description) VALUES('Erin', 'Rivera', 377-654-7812, 1994-05-07, 2, 2, 'https://dummyimage.com/286x402', 'Baby away affect medical all old if operation.');
INSERT INTO cook(first_name, last_name, phone, d_birth, exp_years, cook_role_id, picture, picture_description) VALUES('Rebecca', 'Arnold', (487)925-6394, 1980-01-17, 3, 3, 'https://dummyimage.com/185x812', 'Action draw who word range serious cell.');
INSERT INTO cook(first_name, last_name, phone, d_birth, exp_years, cook_role_id, picture, picture_description) VALUES('Erik', 'Knight', (627)750-3731, 1969-05-11, 1, 5, 'https://dummyimage.com/423x739', 'Truth thing always possible billion why plant.');
INSERT INTO cook(first_name, last_name, phone, d_birth, exp_years, cook_role_id, picture, picture_description) VALUES('Joshua', 'Harmon', (689)826-6591, 1998-11-27, 1, 5, 'https://dummyimage.com/456x831', 'Main lot page maybe catch close.');
INSERT INTO cook(first_name, last_name, phone, d_birth, exp_years, cook_role_id, picture, picture_description) VALUES('Chris', 'Schneider', 7223259136, 1979-04-05, 8, 1, 'https://picsum.photos/980/981', 'Claim street against amount of claim picture always.');
INSERT INTO cook(first_name, last_name, phone, d_birth, exp_years, cook_role_id, picture, picture_description) VALUES('Ashley', 'Brown', 528-969-9041, 1984-04-05, 3, 6, 'https://picsum.photos/965/986', 'Store over some star consider.');
INSERT INTO cook(first_name, last_name, phone, d_birth, exp_years, cook_role_id, picture, picture_description) VALUES('Donna', 'Baker', (457)399-1366, 1960-08-29, 4, 2, 'https://placekitten.com/859/306', 'Concern top outside there.');
INSERT INTO cook(first_name, last_name, phone, d_birth, exp_years, cook_role_id, picture, picture_description) VALUES('Amanda', 'Goodwin', 7722980686, 1987-11-27, 2, 1, 'https://dummyimage.com/878x469', 'Go source traditional student office international.');
INSERT INTO cook(first_name, last_name, phone, d_birth, exp_years, cook_role_id, picture, picture_description) VALUES('Jonathan', 'Cannon', 3492864300, 1975-01-01, 11, 1, 'https://dummyimage.com/420x646', 'Blood international one end movie north.');
INSERT INTO cook(first_name, last_name, phone, d_birth, exp_years, cook_role_id, picture, picture_description) VALUES('Cheryl', 'Braun', 936-688-7258, 1999-07-17, 1, 3, 'https://placekitten.com/705/815', 'Talk process security land.');
INSERT INTO cook(first_name, last_name, phone, d_birth, exp_years, cook_role_id, picture, picture_description) VALUES('Holly', 'Martin', 2863589026, 1992-12-05, 8, 2, 'https://picsum.photos/965/891', 'Enjoy he participant right.');
INSERT INTO cook(first_name, last_name, phone, d_birth, exp_years, cook_role_id, picture, picture_description) VALUES('Sarah', 'Morales', (584)690-2770, 1967-10-16, 9, 6, 'https://placekitten.com/474/347', 'Growth pretty wish.');
INSERT INTO cook(first_name, last_name, phone, d_birth, exp_years, cook_role_id, picture, picture_description) VALUES('Christopher', 'Hill', 356-669-3801, 1989-01-16, 10, 5, 'https://dummyimage.com/712x711', 'Paper create upon offer end.');
INSERT INTO cook(first_name, last_name, phone, d_birth, exp_years, cook_role_id, picture, picture_description) VALUES('Richard', 'Rodriguez', 6849518489, 1998-08-23, 2, 2, 'https://dummyimage.com/990x498', 'Race to television loss election him small.');
INSERT INTO cook(first_name, last_name, phone, d_birth, exp_years, cook_role_id, picture, picture_description) VALUES('Jeffrey', 'Haynes', 365-888-0434, 1986-12-12, 13, 4, 'https://placekitten.com/700/155', 'Live government thus especially.');
INSERT INTO cook(first_name, last_name, phone, d_birth, exp_years, cook_role_id, picture, picture_description) VALUES('Stacey', 'Vega', 5737334333, 1966-03-29, 27, 2, 'https://picsum.photos/218/245', 'Pass share must amount lot per manage.');
INSERT INTO cook(first_name, last_name, phone, d_birth, exp_years, cook_role_id, picture, picture_description) VALUES('Tricia', 'Prince', 272-884-6392, 1979-02-18, 4, 1, 'https://dummyimage.com/66x711', 'Lead build million firm.');
INSERT INTO cook(first_name, last_name, phone, d_birth, exp_years, cook_role_id, picture, picture_description) VALUES('Alan', 'Craig', 691-555-9428, 1970-10-11, 22, 4, 'https://picsum.photos/702/749', 'Interest industry sell half hundred late number.');
INSERT INTO cook(first_name, last_name, phone, d_birth, exp_years, cook_role_id, picture, picture_description) VALUES('Tiffany', 'Parks', 9432866322, 1967-01-24, 23, 4, 'https://placekitten.com/1023/275', 'Move firm main economy teach answer between.');
INSERT INTO cook(first_name, last_name, phone, d_birth, exp_years, cook_role_id, picture, picture_description) VALUES('Frank', 'Lewis', 671-775-4558, 1960-10-16, 27, 4, 'https://placekitten.com/248/719', 'Current office power company sister great pull maintain.');
INSERT INTO cook(first_name, last_name, phone, d_birth, exp_years, cook_role_id, picture, picture_description) VALUES('Jill', 'Preston', 894-372-2569, 1963-03-01, 4, 6, 'https://dummyimage.com/703x467', 'President report painting house thought sit.');
INSERT INTO cook(first_name, last_name, phone, d_birth, exp_years, cook_role_id, picture, picture_description) VALUES('Sheila', 'Adkins', (376)522-0234, 1966-09-04, 7, 1, 'https://picsum.photos/210/195', 'Nature ago however share bar energy choice.');
INSERT INTO cook(first_name, last_name, phone, d_birth, exp_years, cook_role_id, picture, picture_description) VALUES('Diana', 'Mcclure', 233-247-2282, 1986-07-17, 7, 6, 'https://dummyimage.com/666x975', 'Various nature career way much opportunity lead.');
INSERT INTO cook(first_name, last_name, phone, d_birth, exp_years, cook_role_id, picture, picture_description) VALUES('Kaitlyn', 'Wiley', 988-645-7831, 1974-08-19, 11, 1, 'https://dummyimage.com/532x318', 'A spring summer.');
INSERT INTO cook(first_name, last_name, phone, d_birth, exp_years, cook_role_id, picture, picture_description) VALUES('Maurice', 'Harrison', 2777406493, 1967-07-17, 16, 2, 'https://picsum.photos/895/808', 'Resource position stock determine.');
INSERT INTO cook(first_name, last_name, phone, d_birth, exp_years, cook_role_id, picture, picture_description) VALUES('Christian', 'Garrett', (494)448-4631, 1971-08-01, 7, 5, 'https://dummyimage.com/932x927', 'Man fly charge wide against win example by.');
INSERT INTO cook(first_name, last_name, phone, d_birth, exp_years, cook_role_id, picture, picture_description) VALUES('Samuel', 'Smith', 7209735647, 1987-11-17, 8, 2, 'https://picsum.photos/64/676', 'Argue simply author like.');
INSERT INTO cook(first_name, last_name, phone, d_birth, exp_years, cook_role_id, picture, picture_description) VALUES('James', 'Skinner', 901-336-7303, 1980-11-04, 14, 2, 'https://dummyimage.com/426x968', 'View city rock seat near.');
INSERT INTO cook(first_name, last_name, phone, d_birth, exp_years, cook_role_id, picture, picture_description) VALUES('David', 'Olson', 235-403-1365, 1991-10-11, 5, 4, 'https://picsum.photos/245/810', 'Why ok real.');
INSERT INTO cook(first_name, last_name, phone, d_birth, exp_years, cook_role_id, picture, picture_description) VALUES('Haley', 'Moore', 7324719500, 1988-01-20, 4, 1, 'https://dummyimage.com/219x257', 'First next popular girl through.');
INSERT INTO cook(first_name, last_name, phone, d_birth, exp_years, cook_role_id, picture, picture_description) VALUES('Jessica', 'Smith', 952-540-7784, 1982-09-01, 15, 5, 'https://placekitten.com/712/662', 'Every story trial never attention choice fast.');
INSERT INTO cook(first_name, last_name, phone, d_birth, exp_years, cook_role_id, picture, picture_description) VALUES('Jose', 'Richardson', 7863209593, 1986-05-01, 2, 1, 'https://placekitten.com/793/388', 'She child executive important focus benefit probably.');
INSERT INTO cook(first_name, last_name, phone, d_birth, exp_years, cook_role_id, picture, picture_description) VALUES('Bradley', 'Pace', 8039173109, 1981-01-12, 18, 1, 'https://dummyimage.com/524x100', 'Paper audience us decade man.');
INSERT INTO cook(first_name, last_name, phone, d_birth, exp_years, cook_role_id, picture, picture_description) VALUES('Pamela', 'Miller', (205)386-5094, 1993-05-18, 1, 2, 'https://placekitten.com/159/442', 'Big discuss history cover.');
INSERT INTO cook(first_name, last_name, phone, d_birth, exp_years, cook_role_id, picture, picture_description) VALUES('Diane', 'Hudson', 3884619576, 1991-09-12, 3, 4, 'https://placekitten.com/822/691', 'Move outside value total.');
INSERT INTO cook(first_name, last_name, phone, d_birth, exp_years, cook_role_id, picture, picture_description) VALUES('Andrea', 'Shea', 866-659-3983, 1974-05-26, 16, 4, 'https://dummyimage.com/926x916', 'Risk work other.');
INSERT INTO cook(first_name, last_name, phone, d_birth, exp_years, cook_role_id, picture, picture_description) VALUES('Zachary', 'Holder', 404-333-5048, 1961-07-05, 14, 4, 'https://picsum.photos/728/319', 'Happen old do specific begin.');
INSERT INTO cook(first_name, last_name, phone, d_birth, exp_years, cook_role_id, picture, picture_description) VALUES('Ricardo', 'Hardin', (615)272-7919, 1989-03-25, 1, 2, 'https://picsum.photos/781/160', 'Girl stage indicate test thank dinner.');
INSERT INTO cook(first_name, last_name, phone, d_birth, exp_years, cook_role_id, picture, picture_description) VALUES('Denise', 'Guzman', 4607480589, 1980-02-05, 13, 1, 'https://picsum.photos/452/313', 'Wife send offer bed it skill.');
INSERT INTO cook(first_name, last_name, phone, d_birth, exp_years, cook_role_id, picture, picture_description) VALUES('Earl', 'Rogers', 890-486-4168, 1990-06-25, 7, 3, 'https://dummyimage.com/984x405', 'Present cultural pattern save east author.');
INSERT INTO cook(first_name, last_name, phone, d_birth, exp_years, cook_role_id, picture, picture_description) VALUES('Kimberly', 'Morris', (711)266-5535, 1990-10-15, 8, 3, 'https://placekitten.com/346/716', 'Perhaps key under do rate choose.');
INSERT INTO cook(first_name, last_name, phone, d_birth, exp_years, cook_role_id, picture, picture_description) VALUES('Jessica', 'Miller', (603)992-4051, 1978-11-06, 14, 6, 'https://placekitten.com/679/428', 'Deep national seek nature performance yeah reason.');
INSERT INTO cook(first_name, last_name, phone, d_birth, exp_years, cook_role_id, picture, picture_description) VALUES('Elizabeth', 'Bennett', (680)242-0439, 1978-08-07, 18, 6, 'https://dummyimage.com/17x136', 'Production tree growth blue fall.');
INSERT INTO cook(first_name, last_name, phone, d_birth, exp_years, cook_role_id, picture, picture_description) VALUES('Nicole', 'Hughes', 581-957-9812, 1982-06-05, 16, 2, 'https://picsum.photos/44/81', 'Figure majority season adult range green few.');
INSERT INTO cook(first_name, last_name, phone, d_birth, exp_years, cook_role_id, picture, picture_description) VALUES('Wendy', 'Irwin', 704-860-8432, 1986-04-11, 4, 3, 'https://placekitten.com/179/782', 'Their rather individual of interview fine painting last.');
INSERT INTO cook(first_name, last_name, phone, d_birth, exp_years, cook_role_id, picture, picture_description) VALUES('David', 'Delgado', (483)724-8262, 1962-09-17, 14, 1, 'https://dummyimage.com/242x377', 'Risk she they increase.');
INSERT INTO cook(first_name, last_name, phone, d_birth, exp_years, cook_role_id, picture, picture_description) VALUES('Robert', 'Ramos', (642)531-2209, 1983-11-08, 2, 6, 'https://dummyimage.com/472x53', 'Read live maybe painting.');
INSERT INTO cook(first_name, last_name, phone, d_birth, exp_years, cook_role_id, picture, picture_description) VALUES('Jennifer', 'Brooks', 277-622-3306, 1998-01-03, 2, 1, 'https://picsum.photos/455/415', 'Computer western keep pay.');
INSERT INTO cook(first_name, last_name, phone, d_birth, exp_years, cook_role_id, picture, picture_description) VALUES('Hailey', 'Delacruz', 2663096569, 1978-01-24, 2, 5, 'https://placekitten.com/86/503', 'How same newspaper might piece any fact.');
INSERT INTO cook(first_name, last_name, phone, d_birth, exp_years, cook_role_id, picture, picture_description) VALUES('Raymond', 'Torres', 972-964-9082, 1963-08-14, 31, 5, 'https://placekitten.com/231/368', 'Career including late condition opportunity Republican dark.');
INSERT INTO cook(first_name, last_name, phone, d_birth, exp_years, cook_role_id, picture, picture_description) VALUES('Shawn', 'Wright', (821)411-7518, 1975-02-23, 17, 2, 'https://picsum.photos/779/89', 'Not process change than condition Republican.');
INSERT INTO cook(first_name, last_name, phone, d_birth, exp_years, cook_role_id, picture, picture_description) VALUES('Robert', 'Collins', 242-912-3094, 1979-11-27, 2, 5, 'https://placekitten.com/1021/11', 'Down open little improve bag outside each.');
INSERT INTO cook(first_name, last_name, phone, d_birth, exp_years, cook_role_id, picture, picture_description) VALUES('Amy', 'Harvey', (230)622-0502, 1973-03-30, 3, 2, 'https://picsum.photos/179/100', 'Year claim expect produce record occur.');
INSERT INTO cook(first_name, last_name, phone, d_birth, exp_years, cook_role_id, picture, picture_description) VALUES('Anna', 'Burch', (395)801-4556, 1993-09-24, 1, 5, 'https://dummyimage.com/132x599', 'Business teacher forget including.');
INSERT INTO cook(first_name, last_name, phone, d_birth, exp_years, cook_role_id, picture, picture_description) VALUES('Jason', 'Clark', 7196817946, 1981-01-05, 3, 6, 'https://placekitten.com/724/265', 'Market role marriage space this discussion fact.');
INSERT INTO cook(first_name, last_name, phone, d_birth, exp_years, cook_role_id, picture, picture_description) VALUES('James', 'Wilson', 513-296-6055, 1985-08-16, 14, 2, 'https://picsum.photos/576/521', 'Feel nearly short box four.');
INSERT INTO cook(first_name, last_name, phone, d_birth, exp_years, cook_role_id, picture, picture_description) VALUES('Randy', 'Carroll', 9234557702, 1985-02-01, 7, 1, 'https://dummyimage.com/686x947', 'Strong federal right firm.');
INSERT INTO cook(first_name, last_name, phone, d_birth, exp_years, cook_role_id, picture, picture_description) VALUES('Amanda', 'Clark', (455)812-4056, 1967-06-30, 16, 5, 'https://placekitten.com/239/631', 'Report even beautiful theory he stop.');
INSERT INTO cook(first_name, last_name, phone, d_birth, exp_years, cook_role_id, picture, picture_description) VALUES('Kevin', 'Warren', 9154031780, 1967-08-10, 3, 5, 'https://dummyimage.com/990x635', 'Show better word might.');
INSERT INTO cook(first_name, last_name, phone, d_birth, exp_years, cook_role_id, picture, picture_description) VALUES('Victoria', 'Harris', 3767810409, 1978-09-04, 3, 4, 'https://placekitten.com/94/211', 'Against serve police decide customer.');
INSERT INTO cook(first_name, last_name, phone, d_birth, exp_years, cook_role_id, picture, picture_description) VALUES('Justin', 'Patel', 314-522-4109, 1981-09-13, 19, 5, 'https://picsum.photos/652/555', 'Off commercial find throughout music.');
INSERT INTO cook(first_name, last_name, phone, d_birth, exp_years, cook_role_id, picture, picture_description) VALUES('Brent', 'Johnson', (901)760-1662, 1972-06-30, 17, 3, 'https://dummyimage.com/405x160', 'Capital spend turn life lay range report.');
INSERT INTO cook(first_name, last_name, phone, d_birth, exp_years, cook_role_id, picture, picture_description) VALUES('Steven', 'Hall', 9299456255, 1961-03-18, 17, 2, 'https://dummyimage.com/973x231', 'Leave color should page camera bill stage.');
INSERT INTO cook(first_name, last_name, phone, d_birth, exp_years, cook_role_id, picture, picture_description) VALUES('Laura', 'Nguyen', (514)487-6963, 1998-12-15, 2, 2, 'https://dummyimage.com/786x135', 'Sport opportunity six itself skin.');
INSERT INTO cook(first_name, last_name, phone, d_birth, exp_years, cook_role_id, picture, picture_description) VALUES('Amy', 'Young', (319)971-9975, 1967-01-17, 17, 4, 'https://placekitten.com/831/142', 'Rate others star force.');
INSERT INTO cook(first_name, last_name, phone, d_birth, exp_years, cook_role_id, picture, picture_description) VALUES('Deanna', 'Brown', 8299022784, 1967-10-29, 9, 6, 'https://placekitten.com/648/613', 'Truth view response trip wrong.');
INSERT INTO cook(first_name, last_name, phone, d_birth, exp_years, cook_role_id, picture, picture_description) VALUES('Brandi', 'Carr', (762)340-5800, 1994-06-13, 6, 3, 'https://dummyimage.com/63x481', 'Hour fish him high nation production little could.');
INSERT INTO cook(first_name, last_name, phone, d_birth, exp_years, cook_role_id, picture, picture_description) VALUES('Patrick', 'Middleton', 924-822-0102, 1998-12-31, 2, 3, 'https://picsum.photos/278/173', 'Team throw receive us perhaps lawyer.');
INSERT INTO cook(first_name, last_name, phone, d_birth, exp_years, cook_role_id, picture, picture_description) VALUES('Roger', 'Wilkins', 553-626-9097, 1976-06-07, 3, 1, 'https://picsum.photos/751/68', 'Low happy oil which bag room money.');
INSERT INTO cook(first_name, last_name, phone, d_birth, exp_years, cook_role_id, picture, picture_description) VALUES('Michele', 'Christensen', 378-618-9137, 1984-07-09, 15, 5, 'https://dummyimage.com/703x22', 'Mention light safe inside whether sometimes eye.');
INSERT INTO cook(first_name, last_name, phone, d_birth, exp_years, cook_role_id, picture, picture_description) VALUES('Austin', 'Livingston', (249)640-7929, 1992-05-09, 2, 1, 'https://dummyimage.com/55x587', 'Camera baby six edge.');
INSERT INTO cook(first_name, last_name, phone, d_birth, exp_years, cook_role_id, picture, picture_description) VALUES('Christina', 'Hill', 401-692-9275, 1991-04-20, 9, 2, 'https://picsum.photos/483/993', 'Television garden base certain value child many.');
INSERT INTO cook(first_name, last_name, phone, d_birth, exp_years, cook_role_id, picture, picture_description) VALUES('Victoria', 'Townsend', 2724395041, 1978-07-24, 17, 3, 'https://dummyimage.com/975x617', 'Do raise hope enjoy most itself eye.');
INSERT INTO cook(first_name, last_name, phone, d_birth, exp_years, cook_role_id, picture, picture_description) VALUES('Laura', 'Reyes', 780-618-5694, 1970-09-07, 5, 3, 'https://placekitten.com/201/522', 'Hospital significant see same open crime front real.');
INSERT INTO cook(first_name, last_name, phone, d_birth, exp_years, cook_role_id, picture, picture_description) VALUES('Hector', 'Kelley', (701)506-1817, 1989-01-03, 2, 2, 'https://picsum.photos/515/395', 'People arm order.');
INSERT INTO cook(first_name, last_name, phone, d_birth, exp_years, cook_role_id, picture, picture_description) VALUES('Patricia', 'Robinson', (311)419-2692, 1970-02-18, 12, 3, 'https://placekitten.com/956/155', 'Two everybody interview tough show food class.');
INSERT INTO cook(first_name, last_name, phone, d_birth, exp_years, cook_role_id, picture, picture_description) VALUES('Charles', 'Waters', 965-504-4271, 1984-05-30, 6, 4, 'https://picsum.photos/365/1007', 'Music issue pass blood.');
INSERT INTO cook(first_name, last_name, phone, d_birth, exp_years, cook_role_id, picture, picture_description) VALUES('Scott', 'Green', 2112947072, 1986-08-01, 14, 5, 'https://placekitten.com/545/310', 'Toward off middle vote make job.');
INSERT INTO cook(first_name, last_name, phone, d_birth, exp_years, cook_role_id, picture, picture_description) VALUES('Megan', 'Norman', 7837067198, 1987-04-10, 12, 3, 'https://placekitten.com/820/113', 'Half table future subject.');
INSERT INTO cook(first_name, last_name, phone, d_birth, exp_years, cook_role_id, picture, picture_description) VALUES('Kathleen', 'Roberts', 7289063461, 1963-05-24, 34, 1, 'https://picsum.photos/896/388', 'Cover rest or.');
INSERT INTO cook(first_name, last_name, phone, d_birth, exp_years, cook_role_id, picture, picture_description) VALUES('Tracy', 'Brown', (747)287-0050, 1976-03-21, 22, 5, 'https://placekitten.com/433/938', 'Chance often under already center president likely.');
INSERT INTO cook(first_name, last_name, phone, d_birth, exp_years, cook_role_id, picture, picture_description) VALUES('Samantha', 'Williams', (420)320-4179, 1992-09-17, 5, 6, 'https://dummyimage.com/217x233', 'Sometimes determine source international specific word question food.');
INSERT INTO cook(first_name, last_name, phone, d_birth, exp_years, cook_role_id, picture, picture_description) VALUES('Theresa', 'Johnston', 6534092511, 1990-04-20, 2, 2, 'https://placekitten.com/344/757', 'Just understand American beyond.');
INSERT INTO cook(first_name, last_name, phone, d_birth, exp_years, cook_role_id, picture, picture_description) VALUES('Melanie', 'Salazar', 6078100219, 1987-09-28, 5, 1, 'https://picsum.photos/974/259', 'Policy mission include visit.');
INSERT INTO cook(first_name, last_name, phone, d_birth, exp_years, cook_role_id, picture, picture_description) VALUES('Cheryl', 'Johnson', 5795145608, 1964-09-12, 7, 6, 'https://placekitten.com/195/741', 'Despite show process everybody create someone rate.');
INSERT INTO cook(first_name, last_name, phone, d_birth, exp_years, cook_role_id, picture, picture_description) VALUES('Tanya', 'Wells', 7209054364, 1961-09-24, 36, 2, 'https://picsum.photos/107/360', 'Machine break time.');
INSERT INTO cook(first_name, last_name, phone, d_birth, exp_years, cook_role_id, picture, picture_description) VALUES('Jennifer', 'Watkins', 563-853-1531, 1994-10-18, 3, 3, 'https://picsum.photos/769/451', 'One approach job democratic participant concern health.');

INSERT INTO ingredient(title, cal_gr, cal_ml, food_group_id, picture, picture_description) VALUES('potato starch', 10, 4, 11, 'https://dummyimage.com/397x734', 'From allow notice exactly book.');
INSERT INTO ingredient(title, cal_gr, cal_ml, food_group_id, picture, picture_description) VALUES('chickpea flour', 4, 5, 17, 'https://picsum.photos/939/856', 'Detail far church some well town.');
INSERT INTO ingredient(title, cal_gr, cal_ml, food_group_id, picture, picture_description) VALUES('lemon balm', 8, 5, 2, 'https://dummyimage.com/470x177', 'Majority yet option student evidence role save.');
INSERT INTO ingredient(title, cal_gr, cal_ml, food_group_id, picture, picture_description) VALUES('eggplant', 2, 7, 9, 'https://dummyimage.com/507x670', 'Develop until watch trial together individual analysis yard.');
INSERT INTO ingredient(title, cal_gr, cal_ml, food_group_id, picture, picture_description) VALUES('za`atar', 1, 1, 11, 'https://placekitten.com/68/871', 'Look something start laugh drive next.');
INSERT INTO ingredient(title, cal_gr, cal_ml, food_group_id, picture, picture_description) VALUES('black pepper', 3, 5, 6, 'https://picsum.photos/832/446', 'Fast positive before look fight reflect.');
INSERT INTO ingredient(title, cal_gr, cal_ml, food_group_id, picture, picture_description) VALUES('savory', 8, 9, 14, 'https://dummyimage.com/49x931', 'Them if smile have.');
INSERT INTO ingredient(title, cal_gr, cal_ml, food_group_id, picture, picture_description) VALUES('coconut flour', 9, 1, 4, 'https://dummyimage.com/2x144', 'Most fast send recently partner offer.');
INSERT INTO ingredient(title, cal_gr, cal_ml, food_group_id, picture, picture_description) VALUES('bok choy', 2, 3, 18, 'https://placekitten.com/165/687', 'Method travel hair appear.');
INSERT INTO ingredient(title, cal_gr, cal_ml, food_group_id, picture, picture_description) VALUES('trout', 1, 6, 19, 'https://placekitten.com/748/953', 'Half compare next.');
INSERT INTO ingredient(title, cal_gr, cal_ml, food_group_id, picture, picture_description) VALUES('pasta', 9, 3, 14, 'https://dummyimage.com/419x283', 'Much power say sell that.');
INSERT INTO ingredient(title, cal_gr, cal_ml, food_group_id, picture, picture_description) VALUES('strawberry jam', 3, 1, 10, 'https://dummyimage.com/429x461', 'Today me institution approach health laugh.');
INSERT INTO ingredient(title, cal_gr, cal_ml, food_group_id, picture, picture_description) VALUES('mace', 6, 1, 12, 'https://placekitten.com/251/962', 'Question mouth factor per son war speak.');
INSERT INTO ingredient(title, cal_gr, cal_ml, food_group_id, picture, picture_description) VALUES('bread crumbs', 4, 4, 4, 'https://picsum.photos/385/937', 'Hospital condition when baby.');
INSERT INTO ingredient(title, cal_gr, cal_ml, food_group_id, picture, picture_description) VALUES('grapes', 6, 9, 14, 'https://placekitten.com/565/229', 'Many themselves minute physical.');
INSERT INTO ingredient(title, cal_gr, cal_ml, food_group_id, picture, picture_description) VALUES('soybeans', 10, 3, 8, 'https://dummyimage.com/853x270', 'Information scene again country against soon.');
INSERT INTO ingredient(title, cal_gr, cal_ml, food_group_id, picture, picture_description) VALUES('cayenne pepper', 3, 3, 14, 'https://placekitten.com/687/843', 'Pretty skin main program morning nature.');
INSERT INTO ingredient(title, cal_gr, cal_ml, food_group_id, picture, picture_description) VALUES('potato starch', 1, 3, 11, 'https://dummyimage.com/622x270', 'Smile dinner head explain.');
INSERT INTO ingredient(title, cal_gr, cal_ml, food_group_id, picture, picture_description) VALUES('brown sugar', 7, 4, 9, 'https://dummyimage.com/303x723', 'What peace claim movement consider compare remain.');
INSERT INTO ingredient(title, cal_gr, cal_ml, food_group_id, picture, picture_description) VALUES('orange blossom honey', 3, 2, 13, 'https://picsum.photos/314/330', 'American first call employee.');
INSERT INTO ingredient(title, cal_gr, cal_ml, food_group_id, picture, picture_description) VALUES('peanut butter', 1, 8, 8, 'https://placekitten.com/420/71', 'Within challenge large wish move building.');
INSERT INTO ingredient(title, cal_gr, cal_ml, food_group_id, picture, picture_description) VALUES('rosemary', 4, 8, 12, 'https://picsum.photos/828/1022', 'Until choose wife national medical positive far.');
INSERT INTO ingredient(title, cal_gr, cal_ml, food_group_id, picture, picture_description) VALUES('great northern beans', 5, 4, 8, 'https://dummyimage.com/301x905', 'Rule too cause nearly.');
INSERT INTO ingredient(title, cal_gr, cal_ml, food_group_id, picture, picture_description) VALUES('millet', 1, 4, 13, 'https://placekitten.com/50/822', 'Land begin area political on.');
INSERT INTO ingredient(title, cal_gr, cal_ml, food_group_id, picture, picture_description) VALUES('sweet potatoes', 6, 5, 3, 'https://picsum.photos/569/400', 'Mrs knowledge public beautiful.');
INSERT INTO ingredient(title, cal_gr, cal_ml, food_group_id, picture, picture_description) VALUES('garam masala', 5, 6, 17, 'https://dummyimage.com/807x398', 'Owner memory argue project huge respond.');
INSERT INTO ingredient(title, cal_gr, cal_ml, food_group_id, picture, picture_description) VALUES('cuttlefish', 7, 9, 11, 'https://dummyimage.com/757x790', 'Expect goal within.');
INSERT INTO ingredient(title, cal_gr, cal_ml, food_group_id, picture, picture_description) VALUES('hemp seeds', 1, 2, 9, 'https://placekitten.com/179/441', 'Score indeed kind clearly road today.');
INSERT INTO ingredient(title, cal_gr, cal_ml, food_group_id, picture, picture_description) VALUES('cod', 3, 10, 9, 'https://picsum.photos/285/176', 'Field write moment friend value.');
INSERT INTO ingredient(title, cal_gr, cal_ml, food_group_id, picture, picture_description) VALUES('sage', 1, 2, 20, 'https://picsum.photos/769/181', 'Police event company left nothing trip.');
INSERT INTO ingredient(title, cal_gr, cal_ml, food_group_id, picture, picture_description) VALUES('arugula', 7, 6, 11, 'https://dummyimage.com/380x781', 'Make state few one management science different.');
INSERT INTO ingredient(title, cal_gr, cal_ml, food_group_id, picture, picture_description) VALUES('garlic', 7, 10, 17, 'https://dummyimage.com/315x537', 'Buy program explain conference trade population agreement.');
INSERT INTO ingredient(title, cal_gr, cal_ml, food_group_id, picture, picture_description) VALUES('black beans', 2, 7, 19, 'https://placekitten.com/1009/136', 'Ok not than physical live reason.');
INSERT INTO ingredient(title, cal_gr, cal_ml, food_group_id, picture, picture_description) VALUES('scallops', 4, 5, 2, 'https://dummyimage.com/764x35', 'Ok certainly leave really.');
INSERT INTO ingredient(title, cal_gr, cal_ml, food_group_id, picture, picture_description) VALUES('veal', 7, 1, 17, 'https://dummyimage.com/334x108', 'Information treatment green face morning view.');
INSERT INTO ingredient(title, cal_gr, cal_ml, food_group_id, picture, picture_description) VALUES('tandoori masala', 9, 4, 12, 'https://picsum.photos/396/375', 'Sell myself their step rate feeling rate read.');
INSERT INTO ingredient(title, cal_gr, cal_ml, food_group_id, picture, picture_description) VALUES('lettuce', 7, 2, 11, 'https://picsum.photos/720/294', 'Million health machine future.');
INSERT INTO ingredient(title, cal_gr, cal_ml, food_group_id, picture, picture_description) VALUES('cherries', 10, 6, 4, 'https://picsum.photos/209/446', 'Determine could today party story moment mother.');
INSERT INTO ingredient(title, cal_gr, cal_ml, food_group_id, picture, picture_description) VALUES('poppy seeds', 5, 9, 10, 'https://dummyimage.com/233x854', 'Bring capital admit give.');
INSERT INTO ingredient(title, cal_gr, cal_ml, food_group_id, picture, picture_description) VALUES('marmalade', 7, 6, 13, 'https://dummyimage.com/742x284', 'Mission wide common fight season budget campaign reason.');
INSERT INTO ingredient(title, cal_gr, cal_ml, food_group_id, picture, picture_description) VALUES('fruit jelly', 5, 9, 5, 'https://picsum.photos/464/629', 'Candidate bad real six back.');
INSERT INTO ingredient(title, cal_gr, cal_ml, food_group_id, picture, picture_description) VALUES('wheat germ', 4, 7, 13, 'https://picsum.photos/883/87', 'Allow process or light.');
INSERT INTO ingredient(title, cal_gr, cal_ml, food_group_id, picture, picture_description) VALUES('snow peas', 3, 10, 19, 'https://dummyimage.com/88x135', 'Senior site turn.');
INSERT INTO ingredient(title, cal_gr, cal_ml, food_group_id, picture, picture_description) VALUES('collard greens', 5, 7, 18, 'https://placekitten.com/409/378', 'Ahead certainly second everyone often goal.');
INSERT INTO ingredient(title, cal_gr, cal_ml, food_group_id, picture, picture_description) VALUES('mace', 1, 5, 10, 'https://picsum.photos/495/139', 'Shake more respond who commercial senior above rise.');
INSERT INTO ingredient(title, cal_gr, cal_ml, food_group_id, picture, picture_description) VALUES('pumpkin', 4, 7, 19, 'https://placekitten.com/972/750', 'Continue pull blue strong wonder interest method imagine.');
INSERT INTO ingredient(title, cal_gr, cal_ml, food_group_id, picture, picture_description) VALUES('amaranth', 10, 6, 15, 'https://picsum.photos/253/954', 'Career several relate news American foreign break.');
INSERT INTO ingredient(title, cal_gr, cal_ml, food_group_id, picture, picture_description) VALUES('split peas', 8, 8, 7, 'https://placekitten.com/935/638', 'Difficult imagine world into task thus.');
INSERT INTO ingredient(title, cal_gr, cal_ml, food_group_id, picture, picture_description) VALUES('rye flour', 9, 8, 6, 'https://picsum.photos/752/367', 'Public how mission put budget house reason.');
INSERT INTO ingredient(title, cal_gr, cal_ml, food_group_id, picture, picture_description) VALUES('asparagus', 2, 5, 17, 'https://dummyimage.com/345x132', 'Full organization wrong but study.');
INSERT INTO ingredient(title, cal_gr, cal_ml, food_group_id, picture, picture_description) VALUES('fenugreek', 10, 6, 3, 'https://placekitten.com/570/559', 'Green project wear would memory challenge.');
INSERT INTO ingredient(title, cal_gr, cal_ml, food_group_id, picture, picture_description) VALUES('tapioca', 4, 5, 8, 'https://dummyimage.com/221x250', 'Market pick care between apply attention question.');
INSERT INTO ingredient(title, cal_gr, cal_ml, food_group_id, picture, picture_description) VALUES('mayonnaise', 4, 3, 1, 'https://picsum.photos/783/669', 'Perform benefit baby seem should.');
INSERT INTO ingredient(title, cal_gr, cal_ml, food_group_id, picture, picture_description) VALUES('chickpea flour', 1, 4, 16, 'https://placekitten.com/413/601', 'Make energy gas teacher national weight all.');
INSERT INTO ingredient(title, cal_gr, cal_ml, food_group_id, picture, picture_description) VALUES('sea cucumber', 10, 2, 15, 'https://dummyimage.com/243x785', 'Table kind along computer process single.');
INSERT INTO ingredient(title, cal_gr, cal_ml, food_group_id, picture, picture_description) VALUES('blueberry jam', 7, 10, 7, 'https://dummyimage.com/336x1006', 'Fine home shake notice.');
INSERT INTO ingredient(title, cal_gr, cal_ml, food_group_id, picture, picture_description) VALUES('cardamom', 7, 8, 13, 'https://placekitten.com/962/974', 'Media hot manager wife.');
INSERT INTO ingredient(title, cal_gr, cal_ml, food_group_id, picture, picture_description) VALUES('honey mustard', 4, 3, 1, 'https://dummyimage.com/722x582', 'Agreement and student give.');
INSERT INTO ingredient(title, cal_gr, cal_ml, food_group_id, picture, picture_description) VALUES('cilantro', 2, 7, 8, 'https://dummyimage.com/55x698', 'Into yeah in argue.');
INSERT INTO ingredient(title, cal_gr, cal_ml, food_group_id, picture, picture_description) VALUES('okra', 3, 9, 15, 'https://placekitten.com/507/480', 'Or travel assume figure front.');
INSERT INTO ingredient(title, cal_gr, cal_ml, food_group_id, picture, picture_description) VALUES('thyme', 1, 9, 8, 'https://dummyimage.com/667x76', 'Nothing top entire receive onto worry.');
INSERT INTO ingredient(title, cal_gr, cal_ml, food_group_id, picture, picture_description) VALUES('sardines', 2, 8, 5, 'https://placekitten.com/799/660', 'Space beyond push from.');
INSERT INTO ingredient(title, cal_gr, cal_ml, food_group_id, picture, picture_description) VALUES('sumac', 8, 9, 18, 'https://placekitten.com/695/341', 'Guy job market suggest skin.');
INSERT INTO ingredient(title, cal_gr, cal_ml, food_group_id, picture, picture_description) VALUES('spanish paprika', 10, 6, 15, 'https://dummyimage.com/438x588', 'Father of source.');
INSERT INTO ingredient(title, cal_gr, cal_ml, food_group_id, picture, picture_description) VALUES('balsamic vinegar', 10, 9, 14, 'https://placekitten.com/188/194', 'Event note most interview girl baby.');
INSERT INTO ingredient(title, cal_gr, cal_ml, food_group_id, picture, picture_description) VALUES('mung beans', 9, 8, 6, 'https://placekitten.com/614/886', 'Finish increase economy middle public natural thing.');
INSERT INTO ingredient(title, cal_gr, cal_ml, food_group_id, picture, picture_description) VALUES('red wine vinegar', 8, 8, 9, 'https://picsum.photos/382/1022', 'Environmental point speak table trade various risk.');
INSERT INTO ingredient(title, cal_gr, cal_ml, food_group_id, picture, picture_description) VALUES('butter', 4, 5, 17, 'https://dummyimage.com/410x746', 'Drive second she such.');
INSERT INTO ingredient(title, cal_gr, cal_ml, food_group_id, picture, picture_description) VALUES('haddock', 8, 4, 9, 'https://placekitten.com/652/131', 'Suffer environment expert civil rather.');
INSERT INTO ingredient(title, cal_gr, cal_ml, food_group_id, picture, picture_description) VALUES('green onions', 8, 2, 10, 'https://picsum.photos/831/488', 'Court early still less.');
INSERT INTO ingredient(title, cal_gr, cal_ml, food_group_id, picture, picture_description) VALUES('flax seeds', 4, 5, 11, 'https://placekitten.com/893/864', 'Dark evening ahead.');
INSERT INTO ingredient(title, cal_gr, cal_ml, food_group_id, picture, picture_description) VALUES('kidney beans', 6, 9, 3, 'https://placekitten.com/360/86', 'Site area to finish fear as western.');
INSERT INTO ingredient(title, cal_gr, cal_ml, food_group_id, picture, picture_description) VALUES('venison', 3, 3, 8, 'https://placekitten.com/184/812', 'Door number matter building.');
INSERT INTO ingredient(title, cal_gr, cal_ml, food_group_id, picture, picture_description) VALUES('buckwheat honey', 7, 3, 7, 'https://picsum.photos/515/1016', 'Outside significant finish strategy say.');
INSERT INTO ingredient(title, cal_gr, cal_ml, food_group_id, picture, picture_description) VALUES('green onions', 2, 7, 14, 'https://picsum.photos/866/446', 'Compare wide keep effect.');
INSERT INTO ingredient(title, cal_gr, cal_ml, food_group_id, picture, picture_description) VALUES('rosemary', 6, 9, 15, 'https://placekitten.com/114/1004', 'Record both nation little east everyone.');
INSERT INTO ingredient(title, cal_gr, cal_ml, food_group_id, picture, picture_description) VALUES('lemons', 7, 1, 7, 'https://placekitten.com/743/973', 'Start again whom paper success production.');
INSERT INTO ingredient(title, cal_gr, cal_ml, food_group_id, picture, picture_description) VALUES('baking soda', 7, 7, 19, 'https://placekitten.com/490/518', 'Finally when guy speech business term.');
INSERT INTO ingredient(title, cal_gr, cal_ml, food_group_id, picture, picture_description) VALUES('hijiki', 1, 10, 13, 'https://dummyimage.com/795x16', 'Feeling view series father teacher.');
INSERT INTO ingredient(title, cal_gr, cal_ml, food_group_id, picture, picture_description) VALUES('peaches', 8, 1, 12, 'https://placekitten.com/898/649', 'Smile ever bag single man say.');
INSERT INTO ingredient(title, cal_gr, cal_ml, food_group_id, picture, picture_description) VALUES('semolina', 5, 7, 14, 'https://picsum.photos/865/205', 'Media goal own spend scene.');
INSERT INTO ingredient(title, cal_gr, cal_ml, food_group_id, picture, picture_description) VALUES('tapioca', 9, 9, 20, 'https://placekitten.com/56/106', 'Picture social carry husband.');
INSERT INTO ingredient(title, cal_gr, cal_ml, food_group_id, picture, picture_description) VALUES('red wine vinegar', 4, 8, 8, 'https://placekitten.com/625/642', 'Book economic require should.');
INSERT INTO ingredient(title, cal_gr, cal_ml, food_group_id, picture, picture_description) VALUES('blackstrap molasses', 5, 7, 16, 'https://dummyimage.com/266x840', 'Long same end reach step son cup.');
INSERT INTO ingredient(title, cal_gr, cal_ml, food_group_id, picture, picture_description) VALUES('cod', 1, 7, 11, 'https://dummyimage.com/752x372', 'War this difference way type positive.');
INSERT INTO ingredient(title, cal_gr, cal_ml, food_group_id, picture, picture_description) VALUES('white wine vinegar', 7, 3, 15, 'https://dummyimage.com/468x182', 'Energy system anyone peace outside.');
INSERT INTO ingredient(title, cal_gr, cal_ml, food_group_id, picture, picture_description) VALUES('strawberries', 3, 10, 18, 'https://picsum.photos/182/753', 'Bring responsibility itself turn law purpose budget.');
INSERT INTO ingredient(title, cal_gr, cal_ml, food_group_id, picture, picture_description) VALUES('swiss chard', 1, 7, 19, 'https://dummyimage.com/390x545', 'High issue deal democratic station risk country.');
INSERT INTO ingredient(title, cal_gr, cal_ml, food_group_id, picture, picture_description) VALUES('hot sauce', 10, 1, 3, 'https://picsum.photos/836/298', 'Wish dog late eat old.');
INSERT INTO ingredient(title, cal_gr, cal_ml, food_group_id, picture, picture_description) VALUES('molasses', 7, 3, 15, 'https://picsum.photos/938/175', 'Card follow realize rather require remain save.');
INSERT INTO ingredient(title, cal_gr, cal_ml, food_group_id, picture, picture_description) VALUES('water chestnuts', 3, 1, 9, 'https://placekitten.com/149/195', 'Appear use likely great.');
INSERT INTO ingredient(title, cal_gr, cal_ml, food_group_id, picture, picture_description) VALUES('prepared mustard', 7, 6, 7, 'https://dummyimage.com/93x10', 'People few house he whose nice oil.');
INSERT INTO ingredient(title, cal_gr, cal_ml, food_group_id, picture, picture_description) VALUES('bean sprouts', 8, 6, 11, 'https://dummyimage.com/347x1009', 'Car fish most center bring analysis campaign.');
INSERT INTO ingredient(title, cal_gr, cal_ml, food_group_id, picture, picture_description) VALUES('pinto beans', 7, 5, 14, 'https://dummyimage.com/738x880', 'Party seven enough fine throughout.');
INSERT INTO ingredient(title, cal_gr, cal_ml, food_group_id, picture, picture_description) VALUES('bulgur', 5, 2, 16, 'https://placekitten.com/1006/309', 'Apply chance discover along employee relationship.');
INSERT INTO ingredient(title, cal_gr, cal_ml, food_group_id, picture, picture_description) VALUES('nori', 1, 9, 2, 'https://picsum.photos/237/1013', 'Ground remember magazine manage suffer term.');
INSERT INTO ingredient(title, cal_gr, cal_ml, food_group_id, picture, picture_description) VALUES('lobster', 6, 4, 3, 'https://picsum.photos/715/191', 'Congress collection meet evening through.');
INSERT INTO ingredient(title, cal_gr, cal_ml, food_group_id, picture, picture_description) VALUES('dill', 1, 1, 8, 'https://placekitten.com/434/8', 'Congress turn east marriage behind forget expect.');
INSERT INTO ingredient(title, cal_gr, cal_ml, food_group_id, picture, picture_description) VALUES('caramel sauce', 4, 1, 20, 'https://dummyimage.com/249x807', 'Upon black food ahead least remain look pick.');
INSERT INTO ingredient(title, cal_gr, cal_ml, food_group_id, picture, picture_description) VALUES('chayote', 3, 4, 5, 'https://picsum.photos/11/674', 'Week foot rule same whatever notice deep any.');
INSERT INTO ingredient(title, cal_gr, cal_ml, food_group_id, picture, picture_description) VALUES('corn syrup', 8, 2, 19, 'https://picsum.photos/579/661', 'Natural own begin effort.');
INSERT INTO ingredient(title, cal_gr, cal_ml, food_group_id, picture, picture_description) VALUES('scallions', 4, 8, 9, 'https://picsum.photos/816/182', 'Clear single expect sell pressure.');
INSERT INTO ingredient(title, cal_gr, cal_ml, food_group_id, picture, picture_description) VALUES('scallops', 6, 3, 20, 'https://dummyimage.com/611x1005', 'Tough page grow benefit happen.');
INSERT INTO ingredient(title, cal_gr, cal_ml, food_group_id, picture, picture_description) VALUES('arugula', 10, 2, 6, 'https://dummyimage.com/1002x912', 'Environmental outside bed institution happy control piece.');
INSERT INTO ingredient(title, cal_gr, cal_ml, food_group_id, picture, picture_description) VALUES('corn', 5, 2, 19, 'https://dummyimage.com/82x699', 'Positive require us money positive.');
INSERT INTO ingredient(title, cal_gr, cal_ml, food_group_id, picture, picture_description) VALUES('broccoli', 1, 5, 19, 'https://dummyimage.com/595x958', 'Trade local chance campaign.');
INSERT INTO ingredient(title, cal_gr, cal_ml, food_group_id, picture, picture_description) VALUES('black-eyed peas', 7, 7, 7, 'https://dummyimage.com/509x875', 'Answer baby and blue interesting behind produce.');
INSERT INTO ingredient(title, cal_gr, cal_ml, food_group_id, picture, picture_description) VALUES('marjoram', 2, 10, 8, 'https://dummyimage.com/518x727', 'Bank me box product conference consider hotel bar.');
INSERT INTO ingredient(title, cal_gr, cal_ml, food_group_id, picture, picture_description) VALUES('raspberry jam', 2, 5, 20, 'https://placekitten.com/609/642', 'Serious last space game truth special decision.');
INSERT INTO ingredient(title, cal_gr, cal_ml, food_group_id, picture, picture_description) VALUES('bell pepper', 2, 10, 2, 'https://dummyimage.com/531x217', 'Adult house actually pretty least if price.');
INSERT INTO ingredient(title, cal_gr, cal_ml, food_group_id, picture, picture_description) VALUES('wasabi', 6, 9, 14, 'https://placekitten.com/996/620', 'Guess purpose real house few by add born.');
INSERT INTO ingredient(title, cal_gr, cal_ml, food_group_id, picture, picture_description) VALUES('lemon juice', 6, 2, 17, 'https://picsum.photos/385/54', 'Possible power job personal so course feeling.');
INSERT INTO ingredient(title, cal_gr, cal_ml, food_group_id, picture, picture_description) VALUES('coconut flour', 6, 1, 14, 'https://dummyimage.com/303x970', 'Bring total school.');
INSERT INTO ingredient(title, cal_gr, cal_ml, food_group_id, picture, picture_description) VALUES('arame', 8, 2, 14, 'https://picsum.photos/993/965', 'One cut notice street anything account piece.');
INSERT INTO ingredient(title, cal_gr, cal_ml, food_group_id, picture, picture_description) VALUES('sea urchin', 6, 8, 5, 'https://placekitten.com/851/1015', 'Other never fact maintain main opportunity particularly question.');
INSERT INTO ingredient(title, cal_gr, cal_ml, food_group_id, picture, picture_description) VALUES('vital wheat gluten', 7, 3, 17, 'https://placekitten.com/474/124', 'Instead firm as.');
INSERT INTO ingredient(title, cal_gr, cal_ml, food_group_id, picture, picture_description) VALUES('molasses', 5, 10, 18, 'https://picsum.photos/854/969', 'Performance position large job claim risk light.');
INSERT INTO ingredient(title, cal_gr, cal_ml, food_group_id, picture, picture_description) VALUES('kombu', 8, 8, 14, 'https://placekitten.com/475/449', 'Two table resource life third rich.');
INSERT INTO ingredient(title, cal_gr, cal_ml, food_group_id, picture, picture_description) VALUES('grouper', 10, 5, 11, 'https://dummyimage.com/853x737', 'Perform executive see project.');
INSERT INTO ingredient(title, cal_gr, cal_ml, food_group_id, picture, picture_description) VALUES('peanuts', 4, 2, 9, 'https://picsum.photos/354/408', 'Man soldier wall management doctor news yourself grow.');
INSERT INTO ingredient(title, cal_gr, cal_ml, food_group_id, picture, picture_description) VALUES('bean sprouts', 8, 4, 15, 'https://picsum.photos/731/324', 'Allow as issue pay building difference election.');
INSERT INTO ingredient(title, cal_gr, cal_ml, food_group_id, picture, picture_description) VALUES('kasha', 10, 10, 13, 'https://placekitten.com/727/95', 'To table them page bit.');
INSERT INTO ingredient(title, cal_gr, cal_ml, food_group_id, picture, picture_description) VALUES('flour', 6, 1, 16, 'https://picsum.photos/896/936', 'Sit participant teach big.');
INSERT INTO ingredient(title, cal_gr, cal_ml, food_group_id, picture, picture_description) VALUES('hemp seeds', 6, 3, 16, 'https://picsum.photos/85/215', 'Brother day gun rock remain seven marriage that.');
INSERT INTO ingredient(title, cal_gr, cal_ml, food_group_id, picture, picture_description) VALUES('raspberries', 4, 6, 9, 'https://picsum.photos/744/685', 'Summer keep indeed shoulder.');
INSERT INTO ingredient(title, cal_gr, cal_ml, food_group_id, picture, picture_description) VALUES('okra', 6, 5, 20, 'https://dummyimage.com/970x699', 'Commercial entire resource increase picture early send.');
INSERT INTO ingredient(title, cal_gr, cal_ml, food_group_id, picture, picture_description) VALUES('smoked paprika', 5, 9, 1, 'https://picsum.photos/863/467', 'Including important learn system some gun.');
INSERT INTO ingredient(title, cal_gr, cal_ml, food_group_id, picture, picture_description) VALUES('cumin', 9, 4, 3, 'https://picsum.photos/906/298', 'Want be fire word clearly article service.');
INSERT INTO ingredient(title, cal_gr, cal_ml, food_group_id, picture, picture_description) VALUES('wildflower honey', 4, 7, 16, 'https://placekitten.com/309/118', 'Win information though red them return finish.');
INSERT INTO ingredient(title, cal_gr, cal_ml, food_group_id, picture, picture_description) VALUES('duck', 9, 4, 16, 'https://placekitten.com/16/572', 'Turn record land day name small present recently.');
INSERT INTO ingredient(title, cal_gr, cal_ml, food_group_id, picture, picture_description) VALUES('blackstrap molasses', 8, 8, 1, 'https://dummyimage.com/828x404', 'Already free rise science.');
INSERT INTO ingredient(title, cal_gr, cal_ml, food_group_id, picture, picture_description) VALUES('almonds', 2, 5, 8, 'https://picsum.photos/581/437', 'Necessary miss serious civil agreement someone or.');
INSERT INTO ingredient(title, cal_gr, cal_ml, food_group_id, picture, picture_description) VALUES('fennel', 7, 4, 10, 'https://placekitten.com/622/865', 'Rule success employee medical.');
INSERT INTO ingredient(title, cal_gr, cal_ml, food_group_id, picture, picture_description) VALUES('lobster', 10, 6, 16, 'https://dummyimage.com/97x255', 'Occur accept fund door second.');
INSERT INTO ingredient(title, cal_gr, cal_ml, food_group_id, picture, picture_description) VALUES('parsley', 9, 9, 12, 'https://dummyimage.com/478x717', 'Project spring of cause help.');
INSERT INTO ingredient(title, cal_gr, cal_ml, food_group_id, picture, picture_description) VALUES('eggplant', 7, 9, 11, 'https://placekitten.com/215/671', 'Court sing lawyer chair international include begin interesting.');
INSERT INTO ingredient(title, cal_gr, cal_ml, food_group_id, picture, picture_description) VALUES('peanuts', 6, 8, 9, 'https://dummyimage.com/975x439', 'Hard moment open million.');
INSERT INTO ingredient(title, cal_gr, cal_ml, food_group_id, picture, picture_description) VALUES('catfish', 5, 5, 8, 'https://placekitten.com/540/1021', 'You ready way rule indicate clear.');
INSERT INTO ingredient(title, cal_gr, cal_ml, food_group_id, picture, picture_description) VALUES('za`atar', 2, 4, 11, 'https://placekitten.com/260/992', 'Can relate tell brother defense list second.');
INSERT INTO ingredient(title, cal_gr, cal_ml, food_group_id, picture, picture_description) VALUES('flax seeds', 2, 9, 6, 'https://placekitten.com/756/243', 'Book hard face mission brother figure.');
INSERT INTO ingredient(title, cal_gr, cal_ml, food_group_id, picture, picture_description) VALUES('goose', 4, 4, 16, 'https://dummyimage.com/621x602', 'Social central operation.');
INSERT INTO ingredient(title, cal_gr, cal_ml, food_group_id, picture, picture_description) VALUES('brown sugar', 5, 10, 17, 'https://picsum.photos/624/580', 'Standard major business give.');
INSERT INTO ingredient(title, cal_gr, cal_ml, food_group_id, picture, picture_description) VALUES('sugar', 10, 5, 4, 'https://placekitten.com/855/985', 'Not too sit little result.');
INSERT INTO ingredient(title, cal_gr, cal_ml, food_group_id, picture, picture_description) VALUES('prepared mustard', 4, 5, 8, 'https://placekitten.com/271/283', 'Seven project chance road become person perhaps.');
INSERT INTO ingredient(title, cal_gr, cal_ml, food_group_id, picture, picture_description) VALUES('flounder', 6, 3, 10, 'https://dummyimage.com/476x809', 'Animal provide kitchen everyone because close agent.');
INSERT INTO ingredient(title, cal_gr, cal_ml, food_group_id, picture, picture_description) VALUES('rice vinegar', 1, 9, 5, 'https://placekitten.com/632/253', 'Be western my serious whatever miss seek.');
INSERT INTO ingredient(title, cal_gr, cal_ml, food_group_id, picture, picture_description) VALUES('sumac', 5, 1, 2, 'https://placekitten.com/38/246', 'Conference affect skill early relationship thought know.');
INSERT INTO ingredient(title, cal_gr, cal_ml, food_group_id, picture, picture_description) VALUES('hungarian paprika', 9, 5, 5, 'https://placekitten.com/656/822', 'Man value future.');
INSERT INTO ingredient(title, cal_gr, cal_ml, food_group_id, picture, picture_description) VALUES('hot sauce', 8, 2, 1, 'https://placekitten.com/849/49', 'High before woman my experience consumer.');
INSERT INTO ingredient(title, cal_gr, cal_ml, food_group_id, picture, picture_description) VALUES('mushrooms', 10, 5, 16, 'https://dummyimage.com/315x628', 'Arrive which consider require.');
INSERT INTO ingredient(title, cal_gr, cal_ml, food_group_id, picture, picture_description) VALUES('broad beans', 8, 8, 11, 'https://dummyimage.com/798x202', 'Include food heart still.');
INSERT INTO ingredient(title, cal_gr, cal_ml, food_group_id, picture, picture_description) VALUES('scallops', 3, 1, 9, 'https://picsum.photos/106/414', 'Only manage sell his boy art let imagine.');
INSERT INTO ingredient(title, cal_gr, cal_ml, food_group_id, picture, picture_description) VALUES('wheat germ', 8, 2, 3, 'https://placekitten.com/59/834', 'Trial affect never only big.');
INSERT INTO ingredient(title, cal_gr, cal_ml, food_group_id, picture, picture_description) VALUES('sunflower seeds', 7, 8, 3, 'https://placekitten.com/257/623', 'Land suffer matter situation central music.');
INSERT INTO ingredient(title, cal_gr, cal_ml, food_group_id, picture, picture_description) VALUES('coconut milk', 10, 1, 5, 'https://placekitten.com/502/867', 'Among spend which per president cold art.');
INSERT INTO ingredient(title, cal_gr, cal_ml, food_group_id, picture, picture_description) VALUES('wheat bran', 3, 10, 10, 'https://placekitten.com/559/513', 'Yourself successful defense subject example claim.');
INSERT INTO ingredient(title, cal_gr, cal_ml, food_group_id, picture, picture_description) VALUES('hungarian paprika', 2, 4, 4, 'https://picsum.photos/143/615', 'Recognize store rise your there decision.');
INSERT INTO ingredient(title, cal_gr, cal_ml, food_group_id, picture, picture_description) VALUES('za`atar', 9, 7, 20, 'https://placekitten.com/651/701', 'Woman remain event production focus.');
INSERT INTO ingredient(title, cal_gr, cal_ml, food_group_id, picture, picture_description) VALUES('radish', 10, 10, 8, 'https://picsum.photos/941/672', 'Position ability live top.');
INSERT INTO ingredient(title, cal_gr, cal_ml, food_group_id, picture, picture_description) VALUES('raw honey', 9, 7, 15, 'https://placekitten.com/355/846', 'Several Mrs skin power back all story.');
INSERT INTO ingredient(title, cal_gr, cal_ml, food_group_id, picture, picture_description) VALUES('manuka honey', 8, 5, 19, 'https://dummyimage.com/911x252', 'Still group concern should recent across.');
INSERT INTO ingredient(title, cal_gr, cal_ml, food_group_id, picture, picture_description) VALUES('almond flour', 7, 5, 19, 'https://dummyimage.com/758x395', 'Develop after exactly.');
INSERT INTO ingredient(title, cal_gr, cal_ml, food_group_id, picture, picture_description) VALUES('grape jelly', 10, 1, 20, 'https://picsum.photos/732/392', 'Personal space determine woman whose already manage region.');
INSERT INTO ingredient(title, cal_gr, cal_ml, food_group_id, picture, picture_description) VALUES('prepared mustard', 2, 4, 7, 'https://picsum.photos/428/14', 'Book everyone matter color create school.');
INSERT INTO ingredient(title, cal_gr, cal_ml, food_group_id, picture, picture_description) VALUES('raw honey', 5, 2, 6, 'https://placekitten.com/359/133', 'Second camera value talk.');
INSERT INTO ingredient(title, cal_gr, cal_ml, food_group_id, picture, picture_description) VALUES('chipotle powder', 4, 3, 18, 'https://placekitten.com/561/392', 'Yeah realize mouth.');
INSERT INTO ingredient(title, cal_gr, cal_ml, food_group_id, picture, picture_description) VALUES('snow peas', 2, 3, 1, 'https://dummyimage.com/929x4', 'Take follow such.');
INSERT INTO ingredient(title, cal_gr, cal_ml, food_group_id, picture, picture_description) VALUES('pollock', 7, 8, 20, 'https://placekitten.com/561/249', 'Level guess service this different everyone information.');
INSERT INTO ingredient(title, cal_gr, cal_ml, food_group_id, picture, picture_description) VALUES('gelatin', 8, 5, 2, 'https://dummyimage.com/647x10', 'Free they space wrong difficult.');
INSERT INTO ingredient(title, cal_gr, cal_ml, food_group_id, picture, picture_description) VALUES('marmalade', 4, 5, 10, 'https://picsum.photos/867/152', 'Clearly financial personal benefit lose.');
INSERT INTO ingredient(title, cal_gr, cal_ml, food_group_id, picture, picture_description) VALUES('rosemary', 8, 2, 8, 'https://picsum.photos/684/512', 'List when strategy start.');
INSERT INTO ingredient(title, cal_gr, cal_ml, food_group_id, picture, picture_description) VALUES('cayenne pepper', 5, 10, 7, 'https://placekitten.com/484/149', 'Just believe land by window true help three.');
INSERT INTO ingredient(title, cal_gr, cal_ml, food_group_id, picture, picture_description) VALUES('pumpkin butter', 7, 2, 18, 'https://picsum.photos/133/261', 'Area particularly it big argue appear.');
INSERT INTO ingredient(title, cal_gr, cal_ml, food_group_id, picture, picture_description) VALUES('herring', 4, 3, 9, 'https://placekitten.com/822/196', 'Do outside process action himself somebody.');
INSERT INTO ingredient(title, cal_gr, cal_ml, food_group_id, picture, picture_description) VALUES('dry mustard', 3, 2, 2, 'https://placekitten.com/207/695', 'Law foreign court.');
INSERT INTO ingredient(title, cal_gr, cal_ml, food_group_id, picture, picture_description) VALUES('asparagus', 3, 5, 20, 'https://placekitten.com/25/138', 'Toward call meeting green loss.');
INSERT INTO ingredient(title, cal_gr, cal_ml, food_group_id, picture, picture_description) VALUES('dry mustard', 10, 5, 15, 'https://picsum.photos/910/380', 'Someone art find job.');
INSERT INTO ingredient(title, cal_gr, cal_ml, food_group_id, picture, picture_description) VALUES('sorghum syrup', 2, 8, 10, 'https://placekitten.com/732/637', 'Simply challenge final garden hard account only.');
INSERT INTO ingredient(title, cal_gr, cal_ml, food_group_id, picture, picture_description) VALUES('chocolate syrup', 7, 5, 17, 'https://picsum.photos/296/117', 'Standard nice area gas with policy cut.');
INSERT INTO ingredient(title, cal_gr, cal_ml, food_group_id, picture, picture_description) VALUES('rice', 9, 8, 15, 'https://placekitten.com/699/387', 'Reason word outside former official white pattern.');
INSERT INTO ingredient(title, cal_gr, cal_ml, food_group_id, picture, picture_description) VALUES('mussel', 2, 10, 2, 'https://picsum.photos/673/332', 'Then treat many turn police really level.');
INSERT INTO ingredient(title, cal_gr, cal_ml, food_group_id, picture, picture_description) VALUES('pumpkin', 7, 6, 20, 'https://placekitten.com/489/984', 'Southern heavy hundred step according act.');
INSERT INTO ingredient(title, cal_gr, cal_ml, food_group_id, picture, picture_description) VALUES('lamb', 5, 1, 3, 'https://picsum.photos/61/235', 'Key place tree growth wish.');
INSERT INTO ingredient(title, cal_gr, cal_ml, food_group_id, picture, picture_description) VALUES('vegetable broth', 4, 10, 19, 'https://picsum.photos/405/581', 'Those responsibility fund never condition.');
INSERT INTO ingredient(title, cal_gr, cal_ml, food_group_id, picture, picture_description) VALUES('oregano', 1, 5, 19, 'https://picsum.photos/360/536', 'Story case pressure.');
INSERT INTO ingredient(title, cal_gr, cal_ml, food_group_id, picture, picture_description) VALUES('sausage', 1, 3, 16, 'https://dummyimage.com/693x430', 'Drive special produce wait with young think.');
INSERT INTO ingredient(title, cal_gr, cal_ml, food_group_id, picture, picture_description) VALUES('concord grape jelly', 9, 8, 9, 'https://picsum.photos/133/242', 'Some court her hear.');
INSERT INTO ingredient(title, cal_gr, cal_ml, food_group_id, picture, picture_description) VALUES('galangal', 3, 10, 14, 'https://picsum.photos/879/500', 'Onto take family chance easy picture evidence call.');
INSERT INTO ingredient(title, cal_gr, cal_ml, food_group_id, picture, picture_description) VALUES('ras el hanout', 8, 2, 16, 'https://placekitten.com/1001/428', 'Six social past cold.');
INSERT INTO ingredient(title, cal_gr, cal_ml, food_group_id, picture, picture_description) VALUES('flounder', 6, 7, 11, 'https://placekitten.com/766/1021', 'Condition Republican moment low what listen ok.');
INSERT INTO ingredient(title, cal_gr, cal_ml, food_group_id, picture, picture_description) VALUES('pomegranate molasses', 6, 2, 6, 'https://picsum.photos/74/424', 'Later doctor despite interesting help.');
INSERT INTO ingredient(title, cal_gr, cal_ml, food_group_id, picture, picture_description) VALUES('pineapple', 6, 7, 16, 'https://placekitten.com/766/521', 'Care base know goal.');
INSERT INTO ingredient(title, cal_gr, cal_ml, food_group_id, picture, picture_description) VALUES('cilantro', 5, 7, 18, 'https://placekitten.com/84/952', 'From later it happen marriage event agent kid.');
INSERT INTO ingredient(title, cal_gr, cal_ml, food_group_id, picture, picture_description) VALUES('tarot root', 1, 8, 3, 'https://picsum.photos/155/735', 'Successful mention poor skill unit.');
INSERT INTO ingredient(title, cal_gr, cal_ml, food_group_id, picture, picture_description) VALUES('cucumber', 6, 5, 11, 'https://dummyimage.com/242x146', 'National free push.');
INSERT INTO ingredient(title, cal_gr, cal_ml, food_group_id, picture, picture_description) VALUES('cabbage', 2, 7, 17, 'https://picsum.photos/619/562', 'Your your sell science treatment across federal state.');
INSERT INTO ingredient(title, cal_gr, cal_ml, food_group_id, picture, picture_description) VALUES('monkfish', 1, 9, 15, 'https://dummyimage.com/830x24', 'Writer week tend dinner rich decide do.');
INSERT INTO ingredient(title, cal_gr, cal_ml, food_group_id, picture, picture_description) VALUES('oregano', 7, 1, 7, 'https://dummyimage.com/959x944', 'Fine could show recently.');
INSERT INTO ingredient(title, cal_gr, cal_ml, food_group_id, picture, picture_description) VALUES('radish', 9, 6, 20, 'https://placekitten.com/898/921', 'Hear officer campaign.');
INSERT INTO ingredient(title, cal_gr, cal_ml, food_group_id, picture, picture_description) VALUES('chicken breast', 8, 8, 2, 'https://dummyimage.com/1023x726', 'Industry rate idea single Mrs.');
INSERT INTO ingredient(title, cal_gr, cal_ml, food_group_id, picture, picture_description) VALUES('quick oats', 4, 5, 18, 'https://picsum.photos/47/65', 'With yes nothing sometimes.');
INSERT INTO ingredient(title, cal_gr, cal_ml, food_group_id, picture, picture_description) VALUES('dijon mustard', 3, 5, 15, 'https://picsum.photos/800/780', 'As hit little forget while police.');
INSERT INTO ingredient(title, cal_gr, cal_ml, food_group_id, picture, picture_description) VALUES('pearl barley', 8, 2, 1, 'https://picsum.photos/190/351', 'Concern step owner agree current treat history.');
INSERT INTO ingredient(title, cal_gr, cal_ml, food_group_id, picture, picture_description) VALUES('collard greens', 10, 4, 6, 'https://placekitten.com/477/596', 'Attorney arm million commercial teacher improve church.');
INSERT INTO ingredient(title, cal_gr, cal_ml, food_group_id, picture, picture_description) VALUES('sausage', 5, 9, 1, 'https://dummyimage.com/264x856', 'Home tough deal that.');
INSERT INTO ingredient(title, cal_gr, cal_ml, food_group_id, picture, picture_description) VALUES('spelt', 9, 7, 3, 'https://picsum.photos/885/972', 'Offer financial data respond learn cut yard knowledge.');
INSERT INTO ingredient(title, cal_gr, cal_ml, food_group_id, picture, picture_description) VALUES('swordfish', 4, 2, 15, 'https://placekitten.com/505/673', 'Least office say explain thing lead red.');
INSERT INTO ingredient(title, cal_gr, cal_ml, food_group_id, picture, picture_description) VALUES('concord grape jelly', 2, 3, 16, 'https://placekitten.com/609/800', 'Indeed conference pay it.');
INSERT INTO ingredient(title, cal_gr, cal_ml, food_group_id, picture, picture_description) VALUES('trout', 5, 9, 9, 'https://dummyimage.com/375x195', 'Dream that event.');
INSERT INTO ingredient(title, cal_gr, cal_ml, food_group_id, picture, picture_description) VALUES('red wine vinegar', 7, 8, 16, 'https://placekitten.com/597/136', 'Training in seven building hard.');
INSERT INTO ingredient(title, cal_gr, cal_ml, food_group_id, picture, picture_description) VALUES('beef', 4, 8, 18, 'https://dummyimage.com/667x839', 'Education media left available.');
INSERT INTO ingredient(title, cal_gr, cal_ml, food_group_id, picture, picture_description) VALUES('pumpkin butter', 3, 7, 7, 'https://dummyimage.com/945x780', 'Talk however action boy true force.');
INSERT INTO ingredient(title, cal_gr, cal_ml, food_group_id, picture, picture_description) VALUES('coconut flour', 10, 9, 5, 'https://picsum.photos/992/944', 'Nature drug wear cell.');
INSERT INTO ingredient(title, cal_gr, cal_ml, food_group_id, picture, picture_description) VALUES('kidney beans', 2, 5, 14, 'https://picsum.photos/330/349', 'Beyond family movement hospital back shake quality child.');
INSERT INTO ingredient(title, cal_gr, cal_ml, food_group_id, picture, picture_description) VALUES('lamb', 6, 9, 9, 'https://placekitten.com/364/443', 'Throughout mother kind.');
INSERT INTO ingredient(title, cal_gr, cal_ml, food_group_id, picture, picture_description) VALUES('brown sugar', 1, 5, 10, 'https://placekitten.com/210/799', 'Know our any help cut.');
INSERT INTO ingredient(title, cal_gr, cal_ml, food_group_id, picture, picture_description) VALUES('brussels sprouts', 10, 10, 16, 'https://picsum.photos/767/488', 'Administration agreement address star.');
INSERT INTO ingredient(title, cal_gr, cal_ml, food_group_id, picture, picture_description) VALUES('caramel sauce', 3, 8, 18, 'https://picsum.photos/129/451', 'Right analysis mention spring.');
INSERT INTO ingredient(title, cal_gr, cal_ml, food_group_id, picture, picture_description) VALUES('rolled oats', 8, 6, 11, 'https://placekitten.com/388/424', 'Voice building degree ground community I.');
INSERT INTO ingredient(title, cal_gr, cal_ml, food_group_id, picture, picture_description) VALUES('bulgur', 9, 9, 13, 'https://picsum.photos/24/797', 'Detail price everything perhaps analysis those in.');
INSERT INTO ingredient(title, cal_gr, cal_ml, food_group_id, picture, picture_description) VALUES('galangal', 8, 6, 7, 'https://placekitten.com/1023/208', 'Social two notice edge behind food piece.');
INSERT INTO ingredient(title, cal_gr, cal_ml, food_group_id, picture, picture_description) VALUES('flounder', 4, 10, 13, 'https://picsum.photos/272/680', 'Within project attack adult treatment large.');
INSERT INTO ingredient(title, cal_gr, cal_ml, food_group_id, picture, picture_description) VALUES('curry powder', 4, 7, 2, 'https://picsum.photos/476/27', 'Pattern to final.');
INSERT INTO ingredient(title, cal_gr, cal_ml, food_group_id, picture, picture_description) VALUES('conch', 6, 8, 13, 'https://picsum.photos/498/162', 'Hear father charge daughter.');
INSERT INTO ingredient(title, cal_gr, cal_ml, food_group_id, picture, picture_description) VALUES('ginger', 7, 3, 16, 'https://placekitten.com/487/908', 'Care fish skin always social increase.');
INSERT INTO ingredient(title, cal_gr, cal_ml, food_group_id, picture, picture_description) VALUES('cannellini beans', 1, 3, 17, 'https://placekitten.com/48/469', 'Garden day approach truth write soon.');
INSERT INTO ingredient(title, cal_gr, cal_ml, food_group_id, picture, picture_description) VALUES('peach butter', 10, 6, 4, 'https://placekitten.com/455/781', 'Contain picture ask man west appear.');
INSERT INTO ingredient(title, cal_gr, cal_ml, food_group_id, picture, picture_description) VALUES('bananas', 8, 2, 17, 'https://picsum.photos/418/257', 'Or story use door.');
INSERT INTO ingredient(title, cal_gr, cal_ml, food_group_id, picture, picture_description) VALUES('bell pepper', 8, 1, 5, 'https://dummyimage.com/872x956', 'Return each computer eat.');
INSERT INTO ingredient(title, cal_gr, cal_ml, food_group_id, picture, picture_description) VALUES('navy beans', 7, 3, 3, 'https://dummyimage.com/918x412', 'Bag win huge cold kid measure same.');
INSERT INTO ingredient(title, cal_gr, cal_ml, food_group_id, picture, picture_description) VALUES('blackberries', 8, 5, 11, 'https://dummyimage.com/987x40', 'Take serve TV organization check risk.');
INSERT INTO ingredient(title, cal_gr, cal_ml, food_group_id, picture, picture_description) VALUES('water chestnuts', 10, 7, 3, 'https://dummyimage.com/779x949', 'Exist no lose four resource cultural trouble.');
INSERT INTO ingredient(title, cal_gr, cal_ml, food_group_id, picture, picture_description) VALUES('onion', 6, 9, 13, 'https://dummyimage.com/26x766', 'Understand wait wife health majority political.');
INSERT INTO ingredient(title, cal_gr, cal_ml, food_group_id, picture, picture_description) VALUES('rosemary', 6, 8, 18, 'https://picsum.photos/145/837', 'His not create job.');
INSERT INTO ingredient(title, cal_gr, cal_ml, food_group_id, picture, picture_description) VALUES('sugar snap peas', 1, 10, 3, 'https://placekitten.com/713/1000', 'Recent prepare unit save drug alone.');
INSERT INTO ingredient(title, cal_gr, cal_ml, food_group_id, picture, picture_description) VALUES('goat', 4, 5, 8, 'https://dummyimage.com/57x302', 'Lay race effect own weight success activity side.');
INSERT INTO ingredient(title, cal_gr, cal_ml, food_group_id, picture, picture_description) VALUES('corn syrup', 2, 7, 4, 'https://placekitten.com/787/814', 'Wind ball travel then coach interview reality may.');
INSERT INTO ingredient(title, cal_gr, cal_ml, food_group_id, picture, picture_description) VALUES('sweet paprika', 2, 8, 6, 'https://placekitten.com/783/630', 'Sell under thank body of something.');
INSERT INTO ingredient(title, cal_gr, cal_ml, food_group_id, picture, picture_description) VALUES('oranges', 5, 1, 2, 'https://placekitten.com/550/429', 'Recognize according collection man best similar.');
INSERT INTO ingredient(title, cal_gr, cal_ml, food_group_id, picture, picture_description) VALUES('clam', 6, 1, 10, 'https://placekitten.com/853/590', 'Color hear region cup consider way.');
INSERT INTO ingredient(title, cal_gr, cal_ml, food_group_id, picture, picture_description) VALUES('pectin', 6, 6, 14, 'https://picsum.photos/435/380', 'Seek speak court work.');
INSERT INTO ingredient(title, cal_gr, cal_ml, food_group_id, picture, picture_description) VALUES('perch', 3, 4, 17, 'https://placekitten.com/902/223', 'Bag beat by ask.');
INSERT INTO ingredient(title, cal_gr, cal_ml, food_group_id, picture, picture_description) VALUES('cumin', 7, 10, 6, 'https://dummyimage.com/480x978', 'Act entire western program.');
INSERT INTO ingredient(title, cal_gr, cal_ml, food_group_id, picture, picture_description) VALUES('vinegar', 3, 3, 3, 'https://placekitten.com/198/432', 'Heart mind while.');
INSERT INTO ingredient(title, cal_gr, cal_ml, food_group_id, picture, picture_description) VALUES('lotus root', 10, 7, 20, 'https://dummyimage.com/995x969', 'Investment he three yourself stage wait professor her.');
INSERT INTO ingredient(title, cal_gr, cal_ml, food_group_id, picture, picture_description) VALUES('milk', 4, 8, 19, 'https://picsum.photos/729/676', 'Lead recognize rise.');
INSERT INTO ingredient(title, cal_gr, cal_ml, food_group_id, picture, picture_description) VALUES('apples', 3, 4, 15, 'https://placekitten.com/52/251', 'Week seem eat later rather.');
INSERT INTO ingredient(title, cal_gr, cal_ml, food_group_id, picture, picture_description) VALUES('rye flour', 5, 8, 9, 'https://picsum.photos/846/384', 'Admit growth animal space for know.');
INSERT INTO ingredient(title, cal_gr, cal_ml, food_group_id, picture, picture_description) VALUES('prepared mustard', 1, 8, 10, 'https://placekitten.com/992/819', 'Soldier give voice walk live probably record beyond.');
INSERT INTO ingredient(title, cal_gr, cal_ml, food_group_id, picture, picture_description) VALUES('halibut', 9, 3, 3, 'https://placekitten.com/601/399', 'Thank then size respond.');
INSERT INTO ingredient(title, cal_gr, cal_ml, food_group_id, picture, picture_description) VALUES('coriander', 8, 6, 19, 'https://picsum.photos/261/1019', 'Strategy you would level to.');
INSERT INTO ingredient(title, cal_gr, cal_ml, food_group_id, picture, picture_description) VALUES('tuna', 5, 7, 9, 'https://picsum.photos/987/493', 'Color want record black year.');
INSERT INTO ingredient(title, cal_gr, cal_ml, food_group_id, picture, picture_description) VALUES('paprika', 8, 5, 7, 'https://dummyimage.com/328x668', 'Detail election live today but.');
INSERT INTO ingredient(title, cal_gr, cal_ml, food_group_id, picture, picture_description) VALUES('cranberries', 7, 8, 4, 'https://placekitten.com/1007/185', 'The use short over popular help.');
INSERT INTO ingredient(title, cal_gr, cal_ml, food_group_id, picture, picture_description) VALUES('herring', 4, 7, 19, 'https://picsum.photos/894/477', 'Break because become scientist visit.');
INSERT INTO ingredient(title, cal_gr, cal_ml, food_group_id, picture, picture_description) VALUES('tuna', 6, 10, 10, 'https://dummyimage.com/753x260', 'Officer ability artist movie suggest woman.');
INSERT INTO ingredient(title, cal_gr, cal_ml, food_group_id, picture, picture_description) VALUES('oats', 5, 1, 13, 'https://placekitten.com/747/258', 'Opportunity blood across system firm staff father despite.');
INSERT INTO ingredient(title, cal_gr, cal_ml, food_group_id, picture, picture_description) VALUES('caramel sauce', 5, 1, 19, 'https://placekitten.com/933/301', 'Certainly program soon reflect out.');
INSERT INTO ingredient(title, cal_gr, cal_ml, food_group_id, picture, picture_description) VALUES('spelt', 1, 10, 16, 'https://placekitten.com/252/560', 'Long stock manager region heavy wonder four.');
INSERT INTO ingredient(title, cal_gr, cal_ml, food_group_id, picture, picture_description) VALUES('radish', 5, 4, 20, 'https://picsum.photos/460/107', 'Road federal spring treatment city again hot.');
INSERT INTO ingredient(title, cal_gr, cal_ml, food_group_id, picture, picture_description) VALUES('octopus', 6, 4, 7, 'https://dummyimage.com/969x713', 'Author risk executive type red nature.');
INSERT INTO ingredient(title, cal_gr, cal_ml, food_group_id, picture, picture_description) VALUES('lettuce', 10, 5, 5, 'https://placekitten.com/268/662', 'Sure report leader.');
INSERT INTO ingredient(title, cal_gr, cal_ml, food_group_id, picture, picture_description) VALUES('cherries', 2, 1, 10, 'https://placekitten.com/281/904', 'Fact certain design security same across rise.');
INSERT INTO ingredient(title, cal_gr, cal_ml, food_group_id, picture, picture_description) VALUES('lavender', 8, 1, 19, 'https://dummyimage.com/208x302', 'Quickly collection argue green listen war.');
INSERT INTO ingredient(title, cal_gr, cal_ml, food_group_id, picture, picture_description) VALUES('cod', 6, 3, 3, 'https://picsum.photos/693/888', 'Reveal each budget however few other common seat.');
INSERT INTO ingredient(title, cal_gr, cal_ml, food_group_id, picture, picture_description) VALUES('apple butter', 5, 6, 14, 'https://placekitten.com/183/949', 'Every president happen build bar majority.');
INSERT INTO ingredient(title, cal_gr, cal_ml, food_group_id, picture, picture_description) VALUES('eucalyptus honey', 3, 4, 5, 'https://placekitten.com/460/47', 'Would look really behind or himself yourself.');
INSERT INTO ingredient(title, cal_gr, cal_ml, food_group_id, picture, picture_description) VALUES('strawberry jam', 9, 6, 17, 'https://placekitten.com/888/611', 'Between as training somebody.');
INSERT INTO ingredient(title, cal_gr, cal_ml, food_group_id, picture, picture_description) VALUES('peanut butter', 9, 5, 6, 'https://dummyimage.com/830x40', 'Stage situation morning ask student much standard.');
INSERT INTO ingredient(title, cal_gr, cal_ml, food_group_id, picture, picture_description) VALUES('sorghum syrup', 5, 8, 10, 'https://placekitten.com/254/424', 'Congress out conference never.');
INSERT INTO ingredient(title, cal_gr, cal_ml, food_group_id, picture, picture_description) VALUES('amaranth', 6, 2, 15, 'https://picsum.photos/251/80', 'Deal claim none surface alone woman media.');
INSERT INTO ingredient(title, cal_gr, cal_ml, food_group_id, picture, picture_description) VALUES('venison', 2, 3, 8, 'https://placekitten.com/351/866', 'Eat animal watch.');
INSERT INTO ingredient(title, cal_gr, cal_ml, food_group_id, picture, picture_description) VALUES('soybeans', 7, 9, 12, 'https://placekitten.com/911/286', 'Reason mission worry goal Mrs decide between.');
INSERT INTO ingredient(title, cal_gr, cal_ml, food_group_id, picture, picture_description) VALUES('sugar', 2, 7, 1, 'https://picsum.photos/485/75', 'Feel strategy whatever own.');
INSERT INTO ingredient(title, cal_gr, cal_ml, food_group_id, picture, picture_description) VALUES('butternut squash', 5, 9, 4, 'https://picsum.photos/735/568', 'Instead near end power clear lay war put.');
INSERT INTO ingredient(title, cal_gr, cal_ml, food_group_id, picture, picture_description) VALUES('pumpkin butter', 8, 6, 9, 'https://picsum.photos/293/417', 'Run yet recent cover head price star painting.');
INSERT INTO ingredient(title, cal_gr, cal_ml, food_group_id, picture, picture_description) VALUES('mussel', 10, 7, 12, 'https://dummyimage.com/314x647', 'Ago page back by body nature.');
INSERT INTO ingredient(title, cal_gr, cal_ml, food_group_id, picture, picture_description) VALUES('bread crumbs', 2, 4, 16, 'https://dummyimage.com/674x182', 'Sing chair something event better woman.');
INSERT INTO ingredient(title, cal_gr, cal_ml, food_group_id, picture, picture_description) VALUES('sweet potatoes', 1, 10, 18, 'https://picsum.photos/775/215', 'Money then open southern.');
INSERT INTO ingredient(title, cal_gr, cal_ml, food_group_id, picture, picture_description) VALUES('green beans', 6, 10, 8, 'https://placekitten.com/714/577', 'Parent to color water hope.');
INSERT INTO ingredient(title, cal_gr, cal_ml, food_group_id, picture, picture_description) VALUES('duck', 2, 8, 10, 'https://placekitten.com/824/976', 'Else rather require price.');
INSERT INTO ingredient(title, cal_gr, cal_ml, food_group_id, picture, picture_description) VALUES('oranges', 7, 2, 5, 'https://picsum.photos/775/547', 'Religious eat participant religious consumer worry.');
INSERT INTO ingredient(title, cal_gr, cal_ml, food_group_id, picture, picture_description) VALUES('oat flour', 1, 1, 10, 'https://dummyimage.com/587x564', 'Walk thing sport figure teach water image.');
INSERT INTO ingredient(title, cal_gr, cal_ml, food_group_id, picture, picture_description) VALUES('amaranth', 8, 2, 4, 'https://picsum.photos/184/162', 'War close arm sea never.');
INSERT INTO ingredient(title, cal_gr, cal_ml, food_group_id, picture, picture_description) VALUES('cloves', 4, 9, 5, 'https://placekitten.com/21/868', 'Usually carry marriage rate quality mother by.');
INSERT INTO ingredient(title, cal_gr, cal_ml, food_group_id, picture, picture_description) VALUES('salt', 7, 8, 12, 'https://placekitten.com/389/14', 'Reflect see each school week statement.');
INSERT INTO ingredient(title, cal_gr, cal_ml, food_group_id, picture, picture_description) VALUES('guajillo powder', 9, 7, 19, 'https://picsum.photos/86/918', 'Tough company happen card government anything many.');
INSERT INTO ingredient(title, cal_gr, cal_ml, food_group_id, picture, picture_description) VALUES('chili powder', 3, 7, 4, 'https://dummyimage.com/764x231', 'Story surface tax face low.');
INSERT INTO ingredient(title, cal_gr, cal_ml, food_group_id, picture, picture_description) VALUES('tarot root', 8, 10, 14, 'https://placekitten.com/436/4', 'Notice design fight value poor stay along leg.');
INSERT INTO ingredient(title, cal_gr, cal_ml, food_group_id, picture, picture_description) VALUES('hot mustard', 5, 1, 12, 'https://dummyimage.com/999x117', 'Past forget government.');
INSERT INTO ingredient(title, cal_gr, cal_ml, food_group_id, picture, picture_description) VALUES('onion', 4, 8, 15, 'https://dummyimage.com/716x381', 'Across issue culture more together improve.');
INSERT INTO ingredient(title, cal_gr, cal_ml, food_group_id, picture, picture_description) VALUES('vital wheat gluten', 4, 6, 4, 'https://placekitten.com/14/318', 'Difficult house federal into consider.');
INSERT INTO ingredient(title, cal_gr, cal_ml, food_group_id, picture, picture_description) VALUES('chayote', 6, 9, 12, 'https://placekitten.com/222/898', 'Class government its grow that cup.');
INSERT INTO ingredient(title, cal_gr, cal_ml, food_group_id, picture, picture_description) VALUES('pasta sauce', 1, 7, 9, 'https://picsum.photos/583/82', 'Inside former all program way where.');
INSERT INTO ingredient(title, cal_gr, cal_ml, food_group_id, picture, picture_description) VALUES('lotus root', 4, 2, 15, 'https://dummyimage.com/243x862', 'Many race camera seem sister hundred rise.');
INSERT INTO ingredient(title, cal_gr, cal_ml, food_group_id, picture, picture_description) VALUES('grouper', 2, 4, 20, 'https://picsum.photos/269/224', 'Call general add.');
INSERT INTO ingredient(title, cal_gr, cal_ml, food_group_id, picture, picture_description) VALUES('fruit preserves', 1, 1, 11, 'https://placekitten.com/484/106', 'Involve others account lose executive bar.');
INSERT INTO ingredient(title, cal_gr, cal_ml, food_group_id, picture, picture_description) VALUES('conch', 4, 3, 19, 'https://placekitten.com/507/312', 'Cost exactly boy enjoy red project investment.');
INSERT INTO ingredient(title, cal_gr, cal_ml, food_group_id, picture, picture_description) VALUES('millet flour', 4, 2, 18, 'https://picsum.photos/211/371', 'Pick chance build husband event court certainly adult.');
INSERT INTO ingredient(title, cal_gr, cal_ml, food_group_id, picture, picture_description) VALUES('arugula', 4, 10, 7, 'https://dummyimage.com/186x104', 'Modern record woman develop international article.');
INSERT INTO ingredient(title, cal_gr, cal_ml, food_group_id, picture, picture_description) VALUES('cuttlefish', 4, 6, 5, 'https://picsum.photos/105/623', 'Hair wall represent east time.');
INSERT INTO ingredient(title, cal_gr, cal_ml, food_group_id, picture, picture_description) VALUES('sriracha', 10, 1, 9, 'https://picsum.photos/83/1', 'Deep line training beyond continue way.');
INSERT INTO ingredient(title, cal_gr, cal_ml, food_group_id, picture, picture_description) VALUES('venison', 3, 3, 18, 'https://picsum.photos/684/623', 'Protect raise side candidate.');
INSERT INTO ingredient(title, cal_gr, cal_ml, food_group_id, picture, picture_description) VALUES('rabbit', 5, 3, 4, 'https://picsum.photos/740/761', 'Decide himself thought candidate sea.');
INSERT INTO ingredient(title, cal_gr, cal_ml, food_group_id, picture, picture_description) VALUES('scallops', 1, 3, 1, 'https://picsum.photos/84/390', 'Understand avoid national garden rise writer dark.');
INSERT INTO ingredient(title, cal_gr, cal_ml, food_group_id, picture, picture_description) VALUES('raspberries', 6, 4, 19, 'https://picsum.photos/89/261', 'Nearly education theory table trade window.');
INSERT INTO ingredient(title, cal_gr, cal_ml, food_group_id, picture, picture_description) VALUES('bison', 6, 1, 6, 'https://dummyimage.com/918x240', 'Lot model weight so.');
INSERT INTO ingredient(title, cal_gr, cal_ml, food_group_id, picture, picture_description) VALUES('watermelon', 5, 1, 5, 'https://dummyimage.com/561x264', 'What article win.');
INSERT INTO ingredient(title, cal_gr, cal_ml, food_group_id, picture, picture_description) VALUES('pasta sauce', 7, 9, 4, 'https://placekitten.com/814/1013', 'That will close seek his single husband.');
INSERT INTO ingredient(title, cal_gr, cal_ml, food_group_id, picture, picture_description) VALUES('fava beans', 2, 8, 15, 'https://picsum.photos/423/376', 'Occur option across up.');
INSERT INTO ingredient(title, cal_gr, cal_ml, food_group_id, picture, picture_description) VALUES('garam masala', 6, 9, 19, 'https://dummyimage.com/932x530', 'Fast environmental budget difference move.');
INSERT INTO ingredient(title, cal_gr, cal_ml, food_group_id, picture, picture_description) VALUES('adzuki beans', 2, 8, 17, 'https://dummyimage.com/80x303', 'Establish so politics eat.');
INSERT INTO ingredient(title, cal_gr, cal_ml, food_group_id, picture, picture_description) VALUES('radish', 4, 10, 2, 'https://placekitten.com/237/2', 'Plan win foot watch this enough.');
INSERT INTO ingredient(title, cal_gr, cal_ml, food_group_id, picture, picture_description) VALUES('raisins', 9, 5, 15, 'https://dummyimage.com/836x603', 'Personal action green room.');
INSERT INTO ingredient(title, cal_gr, cal_ml, food_group_id, picture, picture_description) VALUES('pinto beans', 1, 1, 16, 'https://picsum.photos/361/524', 'Price test voice on reveal read watch.');
INSERT INTO ingredient(title, cal_gr, cal_ml, food_group_id, picture, picture_description) VALUES('water chestnuts', 7, 7, 4, 'https://picsum.photos/422/905', 'Environmental ok space send choose discussion.');
INSERT INTO ingredient(title, cal_gr, cal_ml, food_group_id, picture, picture_description) VALUES('wakame', 8, 8, 3, 'https://dummyimage.com/754x303', 'Many least spring computer.');
INSERT INTO ingredient(title, cal_gr, cal_ml, food_group_id, picture, picture_description) VALUES('marjoram', 2, 6, 20, 'https://placekitten.com/1004/369', 'Again clear concern hour part.');
INSERT INTO ingredient(title, cal_gr, cal_ml, food_group_id, picture, picture_description) VALUES('rice', 3, 2, 5, 'https://dummyimage.com/293x147', 'Lawyer population I right case.');
INSERT INTO ingredient(title, cal_gr, cal_ml, food_group_id, picture, picture_description) VALUES('black pepper', 5, 10, 19, 'https://dummyimage.com/204x773', 'Body add store.');
INSERT INTO ingredient(title, cal_gr, cal_ml, food_group_id, picture, picture_description) VALUES('sugar', 9, 6, 13, 'https://picsum.photos/270/508', 'Central physical add whom whatever.');
INSERT INTO ingredient(title, cal_gr, cal_ml, food_group_id, picture, picture_description) VALUES('pork', 10, 9, 10, 'https://picsum.photos/693/174', 'Lose none know clear.');
INSERT INTO ingredient(title, cal_gr, cal_ml, food_group_id, picture, picture_description) VALUES('grits', 8, 9, 20, 'https://picsum.photos/980/316', 'Myself environment myself again.');
INSERT INTO ingredient(title, cal_gr, cal_ml, food_group_id, picture, picture_description) VALUES('sugar', 7, 2, 4, 'https://picsum.photos/210/607', 'Though indeed ability difference dinner history government.');
INSERT INTO ingredient(title, cal_gr, cal_ml, food_group_id, picture, picture_description) VALUES('navy beans', 9, 4, 14, 'https://placekitten.com/462/787', 'Man yard different what.');
INSERT INTO ingredient(title, cal_gr, cal_ml, food_group_id, picture, picture_description) VALUES('lentils', 8, 4, 14, 'https://placekitten.com/731/156', 'Brother type turn time page concern.');
INSERT INTO ingredient(title, cal_gr, cal_ml, food_group_id, picture, picture_description) VALUES('smoked paprika', 6, 8, 13, 'https://placekitten.com/685/371', 'Change project feeling stage give billion.');
INSERT INTO ingredient(title, cal_gr, cal_ml, food_group_id, picture, picture_description) VALUES('fenugreek', 7, 2, 11, 'https://placekitten.com/755/543', 'Small technology within sing.');
INSERT INTO ingredient(title, cal_gr, cal_ml, food_group_id, picture, picture_description) VALUES('limes', 7, 6, 9, 'https://dummyimage.com/655x302', 'Return size long attack official where everything.');
INSERT INTO ingredient(title, cal_gr, cal_ml, food_group_id, picture, picture_description) VALUES('peas', 6, 3, 16, 'https://picsum.photos/661/261', 'Good management loss win own PM.');
INSERT INTO ingredient(title, cal_gr, cal_ml, food_group_id, picture, picture_description) VALUES('dates', 2, 2, 3, 'https://dummyimage.com/503x784', 'Market move mouth start his ok instead.');
INSERT INTO ingredient(title, cal_gr, cal_ml, food_group_id, picture, picture_description) VALUES('lemon balm', 2, 7, 4, 'https://picsum.photos/449/178', 'Able yes admit next whatever TV.');
INSERT INTO ingredient(title, cal_gr, cal_ml, food_group_id, picture, picture_description) VALUES('butter', 6, 3, 18, 'https://picsum.photos/715/739', 'Leave structure necessary use inside.');
INSERT INTO ingredient(title, cal_gr, cal_ml, food_group_id, picture, picture_description) VALUES('radish', 1, 10, 18, 'https://placekitten.com/459/114', 'Bring receive central run.');
INSERT INTO ingredient(title, cal_gr, cal_ml, food_group_id, picture, picture_description) VALUES('peach butter', 9, 6, 4, 'https://picsum.photos/869/761', 'Production available study that.');
INSERT INTO ingredient(title, cal_gr, cal_ml, food_group_id, picture, picture_description) VALUES('cumin', 7, 6, 14, 'https://picsum.photos/300/748', 'Each actually store indicate.');
INSERT INTO ingredient(title, cal_gr, cal_ml, food_group_id, picture, picture_description) VALUES('sriracha', 1, 5, 20, 'https://placekitten.com/962/286', 'Recognize federal in front sit receive expert.');
INSERT INTO ingredient(title, cal_gr, cal_ml, food_group_id, picture, picture_description) VALUES('blackberries', 5, 6, 4, 'https://placekitten.com/122/65', 'Me action strategy quite.');
INSERT INTO ingredient(title, cal_gr, cal_ml, food_group_id, picture, picture_description) VALUES('tapioca', 10, 9, 7, 'https://placekitten.com/528/626', 'Interest church win miss within.');
INSERT INTO ingredient(title, cal_gr, cal_ml, food_group_id, picture, picture_description) VALUES('almonds', 3, 8, 8, 'https://placekitten.com/433/820', 'Despite contain second nice.');
INSERT INTO ingredient(title, cal_gr, cal_ml, food_group_id, picture, picture_description) VALUES('celery', 2, 6, 18, 'https://dummyimage.com/959x977', 'Still close sound position crime board.');
INSERT INTO ingredient(title, cal_gr, cal_ml, food_group_id, picture, picture_description) VALUES('celery', 6, 2, 9, 'https://picsum.photos/742/687', 'Executive must assume others series.');
INSERT INTO ingredient(title, cal_gr, cal_ml, food_group_id, picture, picture_description) VALUES('spelt', 10, 4, 14, 'https://placekitten.com/384/413', 'Drive be now.');
INSERT INTO ingredient(title, cal_gr, cal_ml, food_group_id, picture, picture_description) VALUES('sugar', 9, 10, 20, 'https://picsum.photos/990/93', 'Behavior final wonder seem when matter.');
INSERT INTO ingredient(title, cal_gr, cal_ml, food_group_id, picture, picture_description) VALUES('bulgur', 9, 1, 20, 'https://picsum.photos/800/728', 'Former to me maybe.');
INSERT INTO ingredient(title, cal_gr, cal_ml, food_group_id, picture, picture_description) VALUES('strawberries', 5, 1, 6, 'https://dummyimage.com/48x782', 'Than also claim radio bad personal well discuss.');
INSERT INTO ingredient(title, cal_gr, cal_ml, food_group_id, picture, picture_description) VALUES('butternut squash', 5, 5, 11, 'https://placekitten.com/288/329', 'Yeah participant model shoulder language capital fact.');
INSERT INTO ingredient(title, cal_gr, cal_ml, food_group_id, picture, picture_description) VALUES('balsamic vinegar', 6, 1, 6, 'https://placekitten.com/882/81', 'Dream young parent when note yes.');
INSERT INTO ingredient(title, cal_gr, cal_ml, food_group_id, picture, picture_description) VALUES('lettuce', 3, 10, 13, 'https://dummyimage.com/30x292', 'Test something time material lawyer college fast.');
INSERT INTO ingredient(title, cal_gr, cal_ml, food_group_id, picture, picture_description) VALUES('pasta', 2, 3, 1, 'https://dummyimage.com/573x744', 'Author represent leave worry.');
INSERT INTO ingredient(title, cal_gr, cal_ml, food_group_id, picture, picture_description) VALUES('water chestnuts', 2, 9, 7, 'https://picsum.photos/905/287', 'Major guy expert important people quite kid.');
INSERT INTO ingredient(title, cal_gr, cal_ml, food_group_id, picture, picture_description) VALUES('garam masala', 7, 7, 15, 'https://picsum.photos/642/765', 'Media enjoy then radio per popular.');
INSERT INTO ingredient(title, cal_gr, cal_ml, food_group_id, picture, picture_description) VALUES('okra', 6, 3, 12, 'https://picsum.photos/16/316', 'Heart now take development them.');
INSERT INTO ingredient(title, cal_gr, cal_ml, food_group_id, picture, picture_description) VALUES('eucalyptus honey', 5, 6, 19, 'https://dummyimage.com/191x714', 'Politics too let beat rule true two.');
INSERT INTO ingredient(title, cal_gr, cal_ml, food_group_id, picture, picture_description) VALUES('sea urchin', 10, 2, 2, 'https://dummyimage.com/408x822', 'Fish you main reduce.');
INSERT INTO ingredient(title, cal_gr, cal_ml, food_group_id, picture, picture_description) VALUES('rye flour', 3, 3, 20, 'https://dummyimage.com/234x570', 'Nation we certainly.');
INSERT INTO ingredient(title, cal_gr, cal_ml, food_group_id, picture, picture_description) VALUES('pumpkin', 1, 2, 9, 'https://placekitten.com/655/64', 'Artist speak smile without degree deep.');
INSERT INTO ingredient(title, cal_gr, cal_ml, food_group_id, picture, picture_description) VALUES('oregano', 8, 7, 16, 'https://dummyimage.com/866x552', 'Base attorney if fear.');
INSERT INTO ingredient(title, cal_gr, cal_ml, food_group_id, picture, picture_description) VALUES('concord grape jelly', 10, 8, 14, 'https://placekitten.com/924/859', 'Prove else store begin top.');
INSERT INTO ingredient(title, cal_gr, cal_ml, food_group_id, picture, picture_description) VALUES('quail', 5, 4, 17, 'https://picsum.photos/608/336', 'Walk loss movement six whole join.');
INSERT INTO ingredient(title, cal_gr, cal_ml, food_group_id, picture, picture_description) VALUES('apple butter', 2, 6, 14, 'https://placekitten.com/796/20', 'Cup reveal official certain professional statement same stay.');
INSERT INTO ingredient(title, cal_gr, cal_ml, food_group_id, picture, picture_description) VALUES('freekeh', 2, 5, 19, 'https://dummyimage.com/29x308', 'Material first society purpose.');
INSERT INTO ingredient(title, cal_gr, cal_ml, food_group_id, picture, picture_description) VALUES('jicama', 8, 9, 10, 'https://picsum.photos/7/922', 'Police official already second could recent similar.');
INSERT INTO ingredient(title, cal_gr, cal_ml, food_group_id, picture, picture_description) VALUES('kaffir lime leaves', 1, 4, 13, 'https://dummyimage.com/773x442', 'Weight will officer add sport.');
INSERT INTO ingredient(title, cal_gr, cal_ml, food_group_id, picture, picture_description) VALUES('lemon juice', 10, 1, 1, 'https://placekitten.com/618/628', 'Record power lay improve.');

INSERT INTO recipe(baking, cuisine_id, difficulty, recipe_title, recipe_description, prep_time, cook_time, portions, fat_portion, protein_portion, carbs_portion, picture_uri, picture_description) VALUES(0, 20, 2,'French Toast', 'Mission share box compare into computer. Class job expect process quite plant reduce visit. Yet south billion power. Usually billion seek perhaps name plant me south. System deep since necessary boy.', 35, 120, 3, 20, 25,15, 'https://dummyimage.com/961x254', 'Include star region scientist account hear difference.');
INSERT INTO recipe_meal_type(recipe_id, meal_type_id) VALUES (1, 1);
INSERT INTO recipe_tag(recipe_id, tag_id) VALUES (1, 64);
INSERT INTO recipe_equipment(recipe_id, equipment_id, num) VALUES (1, 6, 3);
INSERT INTO recipe_equipment(recipe_id, equipment_id, num) VALUES (1, 5, 1);
INSERT INTO recipe_equipment(recipe_id, equipment_id, num) VALUES (1, 13, 2);
INSERT INTO recipe_equipment(recipe_id, equipment_id, num) VALUES (1, 8, 1);
INSERT INTO recipe_equipment(recipe_id, equipment_id, num) VALUES (1, 12, 2);
INSERT INTO recipe_equipment(recipe_id, equipment_id, num) VALUES (1, 2, 4);
INSERT INTO recipe_cook(recipe_id, cook_id) VALUES (1, 190);
INSERT INTO recipe_cook(recipe_id, cook_id) VALUES (1, 11);
INSERT INTO recipe_cook(recipe_id, cook_id) VALUES (1, 112);
INSERT INTO recipe_cook(recipe_id, cook_id) VALUES (1, 5);
INSERT INTO recipe_cook(recipe_id, cook_id) VALUES (1, 118);
INSERT INTO recipe_cook(recipe_id, cook_id) VALUES (1, 20);
INSERT INTO recipe_cook(recipe_id, cook_id) VALUES (1, 81);
INSERT INTO recipe_cook(recipe_id, cook_id) VALUES (1, 148);
INSERT INTO recipe_cook(recipe_id, cook_id) VALUES (1, 110);
INSERT INTO recipe_cook(recipe_id, cook_id) VALUES (1, 147);
INSERT INTO recipe_cook(recipe_id, cook_id) VALUES (1, 104);
INSERT INTO recipe_cook(recipe_id, cook_id) VALUES (1, 182);
INSERT INTO recipe_cook(recipe_id, cook_id) VALUES (1, 164);
INSERT INTO recipe_cook(recipe_id, cook_id) VALUES (1, 107);
INSERT INTO recipe_cook(recipe_id, cook_id) VALUES (1, 75);
INSERT INTO recipe_cook(recipe_id, cook_id) VALUES (1, 30);
INSERT INTO recipe_cook(recipe_id, cook_id) VALUES (1, 200);
INSERT INTO recipe_cook(recipe_id, cook_id) VALUES (1, 6);
INSERT INTO recipe_cook(recipe_id, cook_id) VALUES (1, 84);
INSERT INTO recipe_cook(recipe_id, cook_id) VALUES (1, 44);
INSERT INTO recipe_cook(recipe_id, cook_id) VALUES (1, 159);
INSERT INTO recipe_cook(recipe_id, cook_id) VALUES (1, 196);
INSERT INTO recipe_cook(recipe_id, cook_id) VALUES (1, 177);
INSERT INTO recipe_cook(recipe_id, cook_id) VALUES (1, 93);
INSERT INTO recipe_cook(recipe_id, cook_id) VALUES (1, 23);
INSERT INTO recipe_cook(recipe_id, cook_id) VALUES (1, 198);
INSERT INTO recipe_cook(recipe_id, cook_id) VALUES (1, 28);
INSERT INTO recipe_cook(recipe_id, cook_id) VALUES (1, 63);
INSERT INTO recipe_cook(recipe_id, cook_id) VALUES (1, 175);
INSERT INTO recipe_cook(recipe_id, cook_id) VALUES (1, 151);
INSERT INTO recipe_cook(recipe_id, cook_id) VALUES (1, 103);
INSERT INTO recipe_cook(recipe_id, cook_id) VALUES (1, 135);
INSERT INTO recipe_cook(recipe_id, cook_id) VALUES (1, 21);
INSERT INTO recipe_cook(recipe_id, cook_id) VALUES (1, 102);
INSERT INTO recipe_cook(recipe_id, cook_id) VALUES (1, 80);
INSERT INTO recipe_cook(recipe_id, cook_id) VALUES (1, 87);
INSERT INTO recipe_cook(recipe_id, cook_id) VALUES (1, 57);
INSERT INTO recipe_cook(recipe_id, cook_id) VALUES (1, 86);
INSERT INTO recipe_cook(recipe_id, cook_id) VALUES (1, 181);
INSERT INTO recipe_cook(recipe_id, cook_id) VALUES (1, 195);
INSERT INTO recipe_cook(recipe_id, cook_id) VALUES (1, 131);
INSERT INTO recipe_cook(recipe_id, cook_id) VALUES (1, 185);
INSERT INTO recipe_cook(recipe_id, cook_id) VALUES (1, 136);
INSERT INTO recipe_cook(recipe_id, cook_id) VALUES (1, 160);
INSERT INTO recipe_cook(recipe_id, cook_id) VALUES (1, 50);
INSERT INTO recipe_cook(recipe_id, cook_id) VALUES (1, 90);
INSERT INTO recipe_cook(recipe_id, cook_id) VALUES (1, 155);
INSERT INTO recipe_cook(recipe_id, cook_id) VALUES (1, 38);
INSERT INTO recipe_cook(recipe_id, cook_id) VALUES (1, 61);
INSERT INTO recipe_cook(recipe_id, cook_id) VALUES (1, 27);
INSERT INTO recipe_cook(recipe_id, cook_id) VALUES (1, 153);
INSERT INTO recipe_cook(recipe_id, cook_id) VALUES (1, 66);
INSERT INTO recipe_cook(recipe_id, cook_id) VALUES (1, 51);
INSERT INTO recipe_cook(recipe_id, cook_id) VALUES (1, 45);
INSERT INTO recipe_cook(recipe_id, cook_id) VALUES (1, 40);
INSERT INTO recipe_cook(recipe_id, cook_id) VALUES (1, 161);
INSERT INTO recipe_cook(recipe_id, cook_id) VALUES (1, 46);
INSERT INTO recipe_cook(recipe_id, cook_id) VALUES (1, 127);
INSERT INTO recipe_cook(recipe_id, cook_id) VALUES (1, 119);
INSERT INTO recipe_cook(recipe_id, cook_id) VALUES (1, 115);
INSERT INTO recipe_cook(recipe_id, cook_id) VALUES (1, 83);
INSERT INTO recipe_cook(recipe_id, cook_id) VALUES (1, 194);
INSERT INTO recipe_cook(recipe_id, cook_id) VALUES (1, 39);
INSERT INTO recipe_cook(recipe_id, cook_id) VALUES (1, 113);
INSERT INTO recipe_cook(recipe_id, cook_id) VALUES (1, 18);
INSERT INTO recipe_cook(recipe_id, cook_id) VALUES (1, 121);
INSERT INTO recipe_cook(recipe_id, cook_id) VALUES (1, 114);
INSERT INTO recipe_cook(recipe_id, cook_id) VALUES (1, 78);
INSERT INTO recipe_cook(recipe_id, cook_id) VALUES (1, 71);
INSERT INTO recipe_cook(recipe_id, cook_id) VALUES (1, 15);
INSERT INTO recipe_cook(recipe_id, cook_id) VALUES (1, 91);
INSERT INTO recipe_cook(recipe_id, cook_id) VALUES (1, 19);
INSERT INTO recipe_cook(recipe_id, cook_id) VALUES (1, 166);
INSERT INTO recipe_cook(recipe_id, cook_id) VALUES (1, 60);
INSERT INTO recipe_cook(recipe_id, cook_id) VALUES (1, 58);
INSERT INTO recipe_cook(recipe_id, cook_id) VALUES (1, 197);
INSERT INTO recipe_cook(recipe_id, cook_id) VALUES (1, 8);
INSERT INTO recipe_cook(recipe_id, cook_id) VALUES (1, 48);
INSERT INTO recipe_cook(recipe_id, cook_id) VALUES (1, 187);
INSERT INTO recipe_cook(recipe_id, cook_id) VALUES (1, 37);
INSERT INTO recipe_cook(recipe_id, cook_id) VALUES (1, 10);
INSERT INTO recipe_cook(recipe_id, cook_id) VALUES (1, 140);
INSERT INTO recipe_cook(recipe_id, cook_id) VALUES (1, 111);
INSERT INTO recipe_cook(recipe_id, cook_id) VALUES (1, 192);
INSERT INTO recipe_cook(recipe_id, cook_id) VALUES (1, 12);
INSERT INTO recipe_cook(recipe_id, cook_id) VALUES (1, 79);
INSERT INTO recipe_cook(recipe_id, cook_id) VALUES (1, 77);
INSERT INTO recipe_cook(recipe_id, cook_id) VALUES (1, 65);
INSERT INTO recipe_cook(recipe_id, cook_id) VALUES (1, 156);
INSERT INTO recipe_cook(recipe_id, cook_id) VALUES (1, 143);
INSERT INTO recipe_cook(recipe_id, cook_id) VALUES (1, 186);
INSERT INTO recipe_cook(recipe_id, cook_id) VALUES (1, 132);
INSERT INTO recipe_cook(recipe_id, cook_id) VALUES (1, 167);
INSERT INTO recipe_cook(recipe_id, cook_id) VALUES (1, 95);
INSERT INTO recipe_cook(recipe_id, cook_id) VALUES (1, 183);
INSERT INTO recipe_cook(recipe_id, cook_id) VALUES (1, 126);
INSERT INTO recipe_cook(recipe_id, cook_id) VALUES (1, 184);
INSERT INTO recipe_cook(recipe_id, cook_id) VALUES (1, 74);
INSERT INTO recipe_cook(recipe_id, cook_id) VALUES (1, 189);
INSERT INTO recipe_cook(recipe_id, cook_id) VALUES (1, 25);
INSERT INTO recipe_cook(recipe_id, cook_id) VALUES (1, 42);
INSERT INTO recipe_cook(recipe_id, cook_id) VALUES (1, 133);
INSERT INTO recipe_themes(recipe_id, theme_id) VALUES (1, 33);
INSERT INTO recipe_themes(recipe_id, theme_id) VALUES (1, 10);
INSERT INTO recipe_tip(recipe_id, tip_id) VALUES (1, 29);

INSERT INTO recipe(baking, cuisine_id, difficulty, recipe_title, recipe_description, prep_time, cook_time, portions, fat_portion, protein_portion, carbs_portion, picture_uri, picture_description) VALUES(1, 34, 5,'Risotto Primavera', 'Film total training pull above. Allow ago so subject million scientist. Friend where year drop wind cover.', 105, 20, 3, 25, 20,60, 'https://placekitten.com/805/105', 'Can player within community tough military.');
INSERT INTO recipe_meal_type(recipe_id, meal_type_id) VALUES (2, 4);
INSERT INTO recipe_tag(recipe_id, tag_id) VALUES (2, 100);
INSERT INTO recipe_tag(recipe_id, tag_id) VALUES (2, 44);
INSERT INTO recipe_tag(recipe_id, tag_id) VALUES (2, 87);
INSERT INTO recipe_tag(recipe_id, tag_id) VALUES (2, 77);
INSERT INTO recipe_tag(recipe_id, tag_id) VALUES (2, 7);
INSERT INTO recipe_tag(recipe_id, tag_id) VALUES (2, 81);
INSERT INTO recipe_tag(recipe_id, tag_id) VALUES (2, 83);
INSERT INTO recipe_equipment(recipe_id, equipment_id, num) VALUES (2, 3, 2);
INSERT INTO recipe_equipment(recipe_id, equipment_id, num) VALUES (2, 11, 3);
INSERT INTO recipe_equipment(recipe_id, equipment_id, num) VALUES (2, 4, 4);
INSERT INTO recipe_equipment(recipe_id, equipment_id, num) VALUES (2, 13, 4);
INSERT INTO recipe_equipment(recipe_id, equipment_id, num) VALUES (2, 10, 3);
INSERT INTO recipe_cook(recipe_id, cook_id) VALUES (2, 186);
INSERT INTO recipe_cook(recipe_id, cook_id) VALUES (2, 169);
INSERT INTO recipe_cook(recipe_id, cook_id) VALUES (2, 155);
INSERT INTO recipe_cook(recipe_id, cook_id) VALUES (2, 39);
INSERT INTO recipe_cook(recipe_id, cook_id) VALUES (2, 86);
INSERT INTO recipe_cook(recipe_id, cook_id) VALUES (2, 21);
INSERT INTO recipe_cook(recipe_id, cook_id) VALUES (2, 150);
INSERT INTO recipe_cook(recipe_id, cook_id) VALUES (2, 170);
INSERT INTO recipe_cook(recipe_id, cook_id) VALUES (2, 37);
INSERT INTO recipe_cook(recipe_id, cook_id) VALUES (2, 90);
INSERT INTO recipe_cook(recipe_id, cook_id) VALUES (2, 80);
INSERT INTO recipe_cook(recipe_id, cook_id) VALUES (2, 168);
INSERT INTO recipe_cook(recipe_id, cook_id) VALUES (2, 179);
INSERT INTO recipe_cook(recipe_id, cook_id) VALUES (2, 193);
INSERT INTO recipe_cook(recipe_id, cook_id) VALUES (2, 101);
INSERT INTO recipe_cook(recipe_id, cook_id) VALUES (2, 34);
INSERT INTO recipe_cook(recipe_id, cook_id) VALUES (2, 153);
INSERT INTO recipe_cook(recipe_id, cook_id) VALUES (2, 182);
INSERT INTO recipe_cook(recipe_id, cook_id) VALUES (2, 22);
INSERT INTO recipe_cook(recipe_id, cook_id) VALUES (2, 190);
INSERT INTO recipe_cook(recipe_id, cook_id) VALUES (2, 144);
INSERT INTO recipe_cook(recipe_id, cook_id) VALUES (2, 97);
INSERT INTO recipe_cook(recipe_id, cook_id) VALUES (2, 165);
INSERT INTO recipe_cook(recipe_id, cook_id) VALUES (2, 85);
INSERT INTO recipe_cook(recipe_id, cook_id) VALUES (2, 33);
INSERT INTO recipe_cook(recipe_id, cook_id) VALUES (2, 172);
INSERT INTO recipe_cook(recipe_id, cook_id) VALUES (2, 135);
INSERT INTO recipe_cook(recipe_id, cook_id) VALUES (2, 24);
INSERT INTO recipe_cook(recipe_id, cook_id) VALUES (2, 166);
INSERT INTO recipe_cook(recipe_id, cook_id) VALUES (2, 109);
INSERT INTO recipe_cook(recipe_id, cook_id) VALUES (2, 131);
INSERT INTO recipe_cook(recipe_id, cook_id) VALUES (2, 93);
INSERT INTO recipe_cook(recipe_id, cook_id) VALUES (2, 5);
INSERT INTO recipe_cook(recipe_id, cook_id) VALUES (2, 199);
INSERT INTO recipe_cook(recipe_id, cook_id) VALUES (2, 181);
INSERT INTO recipe_cook(recipe_id, cook_id) VALUES (2, 47);
INSERT INTO recipe_cook(recipe_id, cook_id) VALUES (2, 55);
INSERT INTO recipe_cook(recipe_id, cook_id) VALUES (2, 88);
INSERT INTO recipe_cook(recipe_id, cook_id) VALUES (2, 125);
INSERT INTO recipe_cook(recipe_id, cook_id) VALUES (2, 50);
INSERT INTO recipe_cook(recipe_id, cook_id) VALUES (2, 58);
INSERT INTO recipe_cook(recipe_id, cook_id) VALUES (2, 36);
INSERT INTO recipe_cook(recipe_id, cook_id) VALUES (2, 40);
INSERT INTO recipe_cook(recipe_id, cook_id) VALUES (2, 20);
INSERT INTO recipe_cook(recipe_id, cook_id) VALUES (2, 76);
INSERT INTO recipe_cook(recipe_id, cook_id) VALUES (2, 26);
INSERT INTO recipe_cook(recipe_id, cook_id) VALUES (2, 130);
INSERT INTO recipe_cook(recipe_id, cook_id) VALUES (2, 139);
INSERT INTO recipe_cook(recipe_id, cook_id) VALUES (2, 174);
INSERT INTO recipe_cook(recipe_id, cook_id) VALUES (2, 10);
INSERT INTO recipe_cook(recipe_id, cook_id) VALUES (2, 87);
INSERT INTO recipe_cook(recipe_id, cook_id) VALUES (2, 185);
INSERT INTO recipe_cook(recipe_id, cook_id) VALUES (2, 188);
INSERT INTO recipe_cook(recipe_id, cook_id) VALUES (2, 158);
INSERT INTO recipe_cook(recipe_id, cook_id) VALUES (2, 42);
INSERT INTO recipe_cook(recipe_id, cook_id) VALUES (2, 178);
INSERT INTO recipe_cook(recipe_id, cook_id) VALUES (2, 43);
INSERT INTO recipe_cook(recipe_id, cook_id) VALUES (2, 113);
INSERT INTO recipe_cook(recipe_id, cook_id) VALUES (2, 12);
INSERT INTO recipe_cook(recipe_id, cook_id) VALUES (2, 106);
INSERT INTO recipe_cook(recipe_id, cook_id) VALUES (2, 94);
INSERT INTO recipe_cook(recipe_id, cook_id) VALUES (2, 61);
INSERT INTO recipe_cook(recipe_id, cook_id) VALUES (2, 114);
INSERT INTO recipe_cook(recipe_id, cook_id) VALUES (2, 73);
INSERT INTO recipe_cook(recipe_id, cook_id) VALUES (2, 115);
INSERT INTO recipe_themes(recipe_id, theme_id) VALUES (2, 35);
INSERT INTO recipe_tip(recipe_id, tip_id) VALUES (2, 20);

INSERT INTO recipe(baking, cuisine_id, difficulty, recipe_title, recipe_description, prep_time, cook_time, portions, fat_portion, protein_portion, carbs_portion, picture_uri, picture_description) VALUES(1, 33, 5,'Tiramisu', 'Report call brother officer. Successful physical employee need we data. Agent activity show check.', 75, 20, 2, 45, 10,40, 'https://picsum.photos/161/783', 'Work play sing cost.');
INSERT INTO recipe_meal_type(recipe_id, meal_type_id) VALUES (3, 2);
INSERT INTO recipe_tag(recipe_id, tag_id) VALUES (3, 83);
INSERT INTO recipe_equipment(recipe_id, equipment_id, num) VALUES (3, 12, 2);
INSERT INTO recipe_equipment(recipe_id, equipment_id, num) VALUES (3, 18, 1);
INSERT INTO recipe_equipment(recipe_id, equipment_id, num) VALUES (3, 4, 3);
INSERT INTO recipe_equipment(recipe_id, equipment_id, num) VALUES (3, 17, 4);
INSERT INTO recipe_equipment(recipe_id, equipment_id, num) VALUES (3, 19, 2);
INSERT INTO recipe_equipment(recipe_id, equipment_id, num) VALUES (3, 5, 4);
INSERT INTO recipe_cook(recipe_id, cook_id) VALUES (3, 196);
INSERT INTO recipe_cook(recipe_id, cook_id) VALUES (3, 42);
INSERT INTO recipe_cook(recipe_id, cook_id) VALUES (3, 70);
INSERT INTO recipe_cook(recipe_id, cook_id) VALUES (3, 116);
INSERT INTO recipe_cook(recipe_id, cook_id) VALUES (3, 132);
INSERT INTO recipe_cook(recipe_id, cook_id) VALUES (3, 38);
INSERT INTO recipe_cook(recipe_id, cook_id) VALUES (3, 112);
INSERT INTO recipe_cook(recipe_id, cook_id) VALUES (3, 24);
INSERT INTO recipe_cook(recipe_id, cook_id) VALUES (3, 57);
INSERT INTO recipe_cook(recipe_id, cook_id) VALUES (3, 197);
INSERT INTO recipe_cook(recipe_id, cook_id) VALUES (3, 90);
INSERT INTO recipe_cook(recipe_id, cook_id) VALUES (3, 7);
INSERT INTO recipe_cook(recipe_id, cook_id) VALUES (3, 107);
INSERT INTO recipe_cook(recipe_id, cook_id) VALUES (3, 14);
INSERT INTO recipe_cook(recipe_id, cook_id) VALUES (3, 102);
INSERT INTO recipe_cook(recipe_id, cook_id) VALUES (3, 129);
INSERT INTO recipe_cook(recipe_id, cook_id) VALUES (3, 96);
INSERT INTO recipe_cook(recipe_id, cook_id) VALUES (3, 61);
INSERT INTO recipe_cook(recipe_id, cook_id) VALUES (3, 99);
INSERT INTO recipe_cook(recipe_id, cook_id) VALUES (3, 21);
INSERT INTO recipe_cook(recipe_id, cook_id) VALUES (3, 184);
INSERT INTO recipe_cook(recipe_id, cook_id) VALUES (3, 58);
INSERT INTO recipe_themes(recipe_id, theme_id) VALUES (3, 21);
INSERT INTO recipe_tip(recipe_id, tip_id) VALUES (3, 22);

INSERT INTO recipe(baking, cuisine_id, difficulty, recipe_title, recipe_description, prep_time, cook_time, portions, fat_portion, protein_portion, carbs_portion, picture_uri, picture_description) VALUES(1, 40, 1,'Tzatziki', 'Create subject risk southern her. Process ever various physical point. Term book until but center energy Congress back.', 25, 0, 3, 15, 65,20, 'https://dummyimage.com/740x425', 'Make against available where.');
INSERT INTO recipe_meal_type(recipe_id, meal_type_id) VALUES (4, 5);
INSERT INTO recipe_tag(recipe_id, tag_id) VALUES (4, 15);
INSERT INTO recipe_tag(recipe_id, tag_id) VALUES (4, 100);
INSERT INTO recipe_tag(recipe_id, tag_id) VALUES (4, 37);
INSERT INTO recipe_tag(recipe_id, tag_id) VALUES (4, 31);
INSERT INTO recipe_tag(recipe_id, tag_id) VALUES (4, 39);
INSERT INTO recipe_tag(recipe_id, tag_id) VALUES (4, 16);
INSERT INTO recipe_tag(recipe_id, tag_id) VALUES (4, 7);
INSERT INTO recipe_equipment(recipe_id, equipment_id, num) VALUES (4, 14, 4);
INSERT INTO recipe_equipment(recipe_id, equipment_id, num) VALUES (4, 15, 1);
INSERT INTO recipe_equipment(recipe_id, equipment_id, num) VALUES (4, 3, 2);
INSERT INTO recipe_equipment(recipe_id, equipment_id, num) VALUES (4, 4, 1);
INSERT INTO recipe_cook(recipe_id, cook_id) VALUES (4, 153);
INSERT INTO recipe_cook(recipe_id, cook_id) VALUES (4, 138);
INSERT INTO recipe_cook(recipe_id, cook_id) VALUES (4, 5);
INSERT INTO recipe_cook(recipe_id, cook_id) VALUES (4, 162);
INSERT INTO recipe_cook(recipe_id, cook_id) VALUES (4, 132);
INSERT INTO recipe_cook(recipe_id, cook_id) VALUES (4, 148);
INSERT INTO recipe_cook(recipe_id, cook_id) VALUES (4, 62);
INSERT INTO recipe_cook(recipe_id, cook_id) VALUES (4, 184);
INSERT INTO recipe_cook(recipe_id, cook_id) VALUES (4, 37);
INSERT INTO recipe_cook(recipe_id, cook_id) VALUES (4, 75);
INSERT INTO recipe_cook(recipe_id, cook_id) VALUES (4, 110);
INSERT INTO recipe_cook(recipe_id, cook_id) VALUES (4, 1);
INSERT INTO recipe_cook(recipe_id, cook_id) VALUES (4, 158);
INSERT INTO recipe_cook(recipe_id, cook_id) VALUES (4, 91);
INSERT INTO recipe_cook(recipe_id, cook_id) VALUES (4, 194);
INSERT INTO recipe_cook(recipe_id, cook_id) VALUES (4, 147);
INSERT INTO recipe_cook(recipe_id, cook_id) VALUES (4, 107);
INSERT INTO recipe_cook(recipe_id, cook_id) VALUES (4, 48);
INSERT INTO recipe_cook(recipe_id, cook_id) VALUES (4, 171);
INSERT INTO recipe_cook(recipe_id, cook_id) VALUES (4, 172);
INSERT INTO recipe_cook(recipe_id, cook_id) VALUES (4, 22);
INSERT INTO recipe_cook(recipe_id, cook_id) VALUES (4, 135);
INSERT INTO recipe_cook(recipe_id, cook_id) VALUES (4, 93);
INSERT INTO recipe_cook(recipe_id, cook_id) VALUES (4, 18);
INSERT INTO recipe_cook(recipe_id, cook_id) VALUES (4, 179);
INSERT INTO recipe_cook(recipe_id, cook_id) VALUES (4, 140);
INSERT INTO recipe_cook(recipe_id, cook_id) VALUES (4, 130);
INSERT INTO recipe_cook(recipe_id, cook_id) VALUES (4, 174);
INSERT INTO recipe_cook(recipe_id, cook_id) VALUES (4, 142);
INSERT INTO recipe_cook(recipe_id, cook_id) VALUES (4, 6);
INSERT INTO recipe_cook(recipe_id, cook_id) VALUES (4, 100);
INSERT INTO recipe_cook(recipe_id, cook_id) VALUES (4, 121);
INSERT INTO recipe_cook(recipe_id, cook_id) VALUES (4, 12);
INSERT INTO recipe_cook(recipe_id, cook_id) VALUES (4, 163);
INSERT INTO recipe_cook(recipe_id, cook_id) VALUES (4, 170);
INSERT INTO recipe_cook(recipe_id, cook_id) VALUES (4, 96);
INSERT INTO recipe_cook(recipe_id, cook_id) VALUES (4, 65);
INSERT INTO recipe_cook(recipe_id, cook_id) VALUES (4, 198);
INSERT INTO recipe_cook(recipe_id, cook_id) VALUES (4, 92);
INSERT INTO recipe_cook(recipe_id, cook_id) VALUES (4, 177);
INSERT INTO recipe_cook(recipe_id, cook_id) VALUES (4, 89);
INSERT INTO recipe_cook(recipe_id, cook_id) VALUES (4, 186);
INSERT INTO recipe_cook(recipe_id, cook_id) VALUES (4, 27);
INSERT INTO recipe_cook(recipe_id, cook_id) VALUES (4, 149);
INSERT INTO recipe_cook(recipe_id, cook_id) VALUES (4, 86);
INSERT INTO recipe_cook(recipe_id, cook_id) VALUES (4, 35);
INSERT INTO recipe_cook(recipe_id, cook_id) VALUES (4, 168);
INSERT INTO recipe_cook(recipe_id, cook_id) VALUES (4, 187);
INSERT INTO recipe_cook(recipe_id, cook_id) VALUES (4, 175);
INSERT INTO recipe_cook(recipe_id, cook_id) VALUES (4, 87);
INSERT INTO recipe_cook(recipe_id, cook_id) VALUES (4, 45);
INSERT INTO recipe_cook(recipe_id, cook_id) VALUES (4, 119);
INSERT INTO recipe_cook(recipe_id, cook_id) VALUES (4, 123);
INSERT INTO recipe_cook(recipe_id, cook_id) VALUES (4, 47);
INSERT INTO recipe_cook(recipe_id, cook_id) VALUES (4, 155);
INSERT INTO recipe_cook(recipe_id, cook_id) VALUES (4, 17);
INSERT INTO recipe_cook(recipe_id, cook_id) VALUES (4, 118);
INSERT INTO recipe_cook(recipe_id, cook_id) VALUES (4, 10);
INSERT INTO recipe_cook(recipe_id, cook_id) VALUES (4, 76);
INSERT INTO recipe_cook(recipe_id, cook_id) VALUES (4, 52);
INSERT INTO recipe_cook(recipe_id, cook_id) VALUES (4, 154);
INSERT INTO recipe_cook(recipe_id, cook_id) VALUES (4, 141);
INSERT INTO recipe_cook(recipe_id, cook_id) VALUES (4, 11);
INSERT INTO recipe_cook(recipe_id, cook_id) VALUES (4, 81);
INSERT INTO recipe_cook(recipe_id, cook_id) VALUES (4, 80);
INSERT INTO recipe_cook(recipe_id, cook_id) VALUES (4, 196);
INSERT INTO recipe_cook(recipe_id, cook_id) VALUES (4, 102);
INSERT INTO recipe_cook(recipe_id, cook_id) VALUES (4, 122);
INSERT INTO recipe_cook(recipe_id, cook_id) VALUES (4, 164);
INSERT INTO recipe_cook(recipe_id, cook_id) VALUES (4, 143);
INSERT INTO recipe_cook(recipe_id, cook_id) VALUES (4, 49);
INSERT INTO recipe_cook(recipe_id, cook_id) VALUES (4, 74);
INSERT INTO recipe_cook(recipe_id, cook_id) VALUES (4, 197);
INSERT INTO recipe_cook(recipe_id, cook_id) VALUES (4, 111);
INSERT INTO recipe_cook(recipe_id, cook_id) VALUES (4, 166);
INSERT INTO recipe_cook(recipe_id, cook_id) VALUES (4, 7);
INSERT INTO recipe_cook(recipe_id, cook_id) VALUES (4, 127);
INSERT INTO recipe_cook(recipe_id, cook_id) VALUES (4, 84);
INSERT INTO recipe_cook(recipe_id, cook_id) VALUES (4, 43);
INSERT INTO recipe_cook(recipe_id, cook_id) VALUES (4, 146);
INSERT INTO recipe_cook(recipe_id, cook_id) VALUES (4, 16);
INSERT INTO recipe_cook(recipe_id, cook_id) VALUES (4, 103);
INSERT INTO recipe_cook(recipe_id, cook_id) VALUES (4, 183);
INSERT INTO recipe_cook(recipe_id, cook_id) VALUES (4, 56);
INSERT INTO recipe_cook(recipe_id, cook_id) VALUES (4, 114);
INSERT INTO recipe_cook(recipe_id, cook_id) VALUES (4, 139);
INSERT INTO recipe_cook(recipe_id, cook_id) VALUES (4, 165);
INSERT INTO recipe_cook(recipe_id, cook_id) VALUES (4, 57);
INSERT INTO recipe_cook(recipe_id, cook_id) VALUES (4, 50);
INSERT INTO recipe_cook(recipe_id, cook_id) VALUES (4, 44);
INSERT INTO recipe_cook(recipe_id, cook_id) VALUES (4, 24);
INSERT INTO recipe_cook(recipe_id, cook_id) VALUES (4, 64);
INSERT INTO recipe_cook(recipe_id, cook_id) VALUES (4, 160);
INSERT INTO recipe_cook(recipe_id, cook_id) VALUES (4, 109);
INSERT INTO recipe_cook(recipe_id, cook_id) VALUES (4, 144);
INSERT INTO recipe_cook(recipe_id, cook_id) VALUES (4, 157);
INSERT INTO recipe_cook(recipe_id, cook_id) VALUES (4, 67);
INSERT INTO recipe_cook(recipe_id, cook_id) VALUES (4, 169);
INSERT INTO recipe_cook(recipe_id, cook_id) VALUES (4, 199);
INSERT INTO recipe_cook(recipe_id, cook_id) VALUES (4, 94);
INSERT INTO recipe_cook(recipe_id, cook_id) VALUES (4, 55);
INSERT INTO recipe_cook(recipe_id, cook_id) VALUES (4, 134);
INSERT INTO recipe_cook(recipe_id, cook_id) VALUES (4, 117);
INSERT INTO recipe_cook(recipe_id, cook_id) VALUES (4, 78);
INSERT INTO recipe_cook(recipe_id, cook_id) VALUES (4, 190);
INSERT INTO recipe_cook(recipe_id, cook_id) VALUES (4, 70);
INSERT INTO recipe_cook(recipe_id, cook_id) VALUES (4, 38);
INSERT INTO recipe_cook(recipe_id, cook_id) VALUES (4, 42);
INSERT INTO recipe_cook(recipe_id, cook_id) VALUES (4, 14);
INSERT INTO recipe_cook(recipe_id, cook_id) VALUES (4, 99);
INSERT INTO recipe_cook(recipe_id, cook_id) VALUES (4, 178);
INSERT INTO recipe_cook(recipe_id, cook_id) VALUES (4, 85);
INSERT INTO recipe_cook(recipe_id, cook_id) VALUES (4, 101);
INSERT INTO recipe_cook(recipe_id, cook_id) VALUES (4, 40);
INSERT INTO recipe_cook(recipe_id, cook_id) VALUES (4, 58);
INSERT INTO recipe_cook(recipe_id, cook_id) VALUES (4, 97);
INSERT INTO recipe_cook(recipe_id, cook_id) VALUES (4, 126);
INSERT INTO recipe_cook(recipe_id, cook_id) VALUES (4, 180);
INSERT INTO recipe_cook(recipe_id, cook_id) VALUES (4, 113);
INSERT INTO recipe_cook(recipe_id, cook_id) VALUES (4, 150);
INSERT INTO recipe_cook(recipe_id, cook_id) VALUES (4, 156);
INSERT INTO recipe_cook(recipe_id, cook_id) VALUES (4, 182);
INSERT INTO recipe_cook(recipe_id, cook_id) VALUES (4, 46);
INSERT INTO recipe_cook(recipe_id, cook_id) VALUES (4, 98);
INSERT INTO recipe_cook(recipe_id, cook_id) VALUES (4, 36);
INSERT INTO recipe_cook(recipe_id, cook_id) VALUES (4, 8);
INSERT INTO recipe_cook(recipe_id, cook_id) VALUES (4, 131);
INSERT INTO recipe_cook(recipe_id, cook_id) VALUES (4, 115);
INSERT INTO recipe_themes(recipe_id, theme_id) VALUES (4, 33);
INSERT INTO recipe_themes(recipe_id, theme_id) VALUES (4, 11);
INSERT INTO recipe_tip(recipe_id, tip_id) VALUES (4, 10);

INSERT INTO recipe(baking, cuisine_id, difficulty, recipe_title, recipe_description, prep_time, cook_time, portions, fat_portion, protein_portion, carbs_portion, picture_uri, picture_description) VALUES(0, 50, 3,'Beef Bourguignon', 'Heart finish traditional speak conference act. Process piece talk bring. Year low pass national citizen score.', 65, 60, 5, 0, 45,20, 'https://placekitten.com/249/394', 'Movie military set.');
INSERT INTO recipe_meal_type(recipe_id, meal_type_id) VALUES (5, 4);
INSERT INTO recipe_tag(recipe_id, tag_id) VALUES (5, 48);
INSERT INTO recipe_tag(recipe_id, tag_id) VALUES (5, 57);
INSERT INTO recipe_tag(recipe_id, tag_id) VALUES (5, 98);
INSERT INTO recipe_tag(recipe_id, tag_id) VALUES (5, 10);
INSERT INTO recipe_tag(recipe_id, tag_id) VALUES (5, 74);
INSERT INTO recipe_tag(recipe_id, tag_id) VALUES (5, 18);
INSERT INTO recipe_tag(recipe_id, tag_id) VALUES (5, 68);
INSERT INTO recipe_tag(recipe_id, tag_id) VALUES (5, 47);
INSERT INTO recipe_equipment(recipe_id, equipment_id, num) VALUES (5, 11, 4);
INSERT INTO recipe_equipment(recipe_id, equipment_id, num) VALUES (5, 9, 4);
INSERT INTO recipe_equipment(recipe_id, equipment_id, num) VALUES (5, 8, 4);
INSERT INTO recipe_equipment(recipe_id, equipment_id, num) VALUES (5, 4, 1);
INSERT INTO recipe_equipment(recipe_id, equipment_id, num) VALUES (5, 1, 2);
INSERT INTO recipe_equipment(recipe_id, equipment_id, num) VALUES (5, 12, 3);
INSERT INTO recipe_cook(recipe_id, cook_id) VALUES (5, 128);
INSERT INTO recipe_cook(recipe_id, cook_id) VALUES (5, 133);
INSERT INTO recipe_cook(recipe_id, cook_id) VALUES (5, 100);
INSERT INTO recipe_cook(recipe_id, cook_id) VALUES (5, 144);
INSERT INTO recipe_cook(recipe_id, cook_id) VALUES (5, 31);
INSERT INTO recipe_cook(recipe_id, cook_id) VALUES (5, 68);
INSERT INTO recipe_cook(recipe_id, cook_id) VALUES (5, 67);
INSERT INTO recipe_cook(recipe_id, cook_id) VALUES (5, 181);
INSERT INTO recipe_cook(recipe_id, cook_id) VALUES (5, 115);
INSERT INTO recipe_cook(recipe_id, cook_id) VALUES (5, 55);
INSERT INTO recipe_cook(recipe_id, cook_id) VALUES (5, 157);
INSERT INTO recipe_cook(recipe_id, cook_id) VALUES (5, 74);
INSERT INTO recipe_cook(recipe_id, cook_id) VALUES (5, 178);
INSERT INTO recipe_cook(recipe_id, cook_id) VALUES (5, 126);
INSERT INTO recipe_cook(recipe_id, cook_id) VALUES (5, 52);
INSERT INTO recipe_cook(recipe_id, cook_id) VALUES (5, 32);
INSERT INTO recipe_cook(recipe_id, cook_id) VALUES (5, 35);
INSERT INTO recipe_cook(recipe_id, cook_id) VALUES (5, 19);
INSERT INTO recipe_cook(recipe_id, cook_id) VALUES (5, 116);
INSERT INTO recipe_cook(recipe_id, cook_id) VALUES (5, 45);
INSERT INTO recipe_cook(recipe_id, cook_id) VALUES (5, 114);
INSERT INTO recipe_cook(recipe_id, cook_id) VALUES (5, 23);
INSERT INTO recipe_cook(recipe_id, cook_id) VALUES (5, 175);
INSERT INTO recipe_cook(recipe_id, cook_id) VALUES (5, 82);
INSERT INTO recipe_cook(recipe_id, cook_id) VALUES (5, 171);
INSERT INTO recipe_cook(recipe_id, cook_id) VALUES (5, 89);
INSERT INTO recipe_cook(recipe_id, cook_id) VALUES (5, 17);
INSERT INTO recipe_cook(recipe_id, cook_id) VALUES (5, 141);
INSERT INTO recipe_cook(recipe_id, cook_id) VALUES (5, 139);
INSERT INTO recipe_cook(recipe_id, cook_id) VALUES (5, 75);
INSERT INTO recipe_cook(recipe_id, cook_id) VALUES (5, 77);
INSERT INTO recipe_cook(recipe_id, cook_id) VALUES (5, 41);
INSERT INTO recipe_cook(recipe_id, cook_id) VALUES (5, 164);
INSERT INTO recipe_cook(recipe_id, cook_id) VALUES (5, 193);
INSERT INTO recipe_cook(recipe_id, cook_id) VALUES (5, 93);
INSERT INTO recipe_cook(recipe_id, cook_id) VALUES (5, 131);
INSERT INTO recipe_cook(recipe_id, cook_id) VALUES (5, 58);
INSERT INTO recipe_cook(recipe_id, cook_id) VALUES (5, 185);
INSERT INTO recipe_cook(recipe_id, cook_id) VALUES (5, 186);
INSERT INTO recipe_cook(recipe_id, cook_id) VALUES (5, 36);
INSERT INTO recipe_cook(recipe_id, cook_id) VALUES (5, 61);
INSERT INTO recipe_cook(recipe_id, cook_id) VALUES (5, 127);
INSERT INTO recipe_cook(recipe_id, cook_id) VALUES (5, 7);
INSERT INTO recipe_cook(recipe_id, cook_id) VALUES (5, 166);
INSERT INTO recipe_cook(recipe_id, cook_id) VALUES (5, 142);
INSERT INTO recipe_cook(recipe_id, cook_id) VALUES (5, 147);
INSERT INTO recipe_cook(recipe_id, cook_id) VALUES (5, 95);
INSERT INTO recipe_cook(recipe_id, cook_id) VALUES (5, 120);
INSERT INTO recipe_themes(recipe_id, theme_id) VALUES (5, 9);
INSERT INTO recipe_themes(recipe_id, theme_id) VALUES (5, 40);
INSERT INTO recipe_themes(recipe_id, theme_id) VALUES (5, 6);
INSERT INTO recipe_tip(recipe_id, tip_id) VALUES (5, 20);

INSERT INTO recipe(baking, cuisine_id, difficulty, recipe_title, recipe_description, prep_time, cook_time, portions, fat_portion, protein_portion, carbs_portion, picture_uri, picture_description) VALUES(0, 29, 4,'Chili Con Carne', 'Together ahead catch base. Environment loss well give. Present level speak job watch two economic. Reach thought exactly hotel on.', 115, 80, 3, 10, 65,85, 'https://picsum.photos/638/339', 'Item land others even five blue him.');
INSERT INTO recipe_meal_type(recipe_id, meal_type_id) VALUES (6, 2);
INSERT INTO recipe_tag(recipe_id, tag_id) VALUES (6, 99);
INSERT INTO recipe_tag(recipe_id, tag_id) VALUES (6, 17);
INSERT INTO recipe_tag(recipe_id, tag_id) VALUES (6, 56);
INSERT INTO recipe_equipment(recipe_id, equipment_id, num) VALUES (6, 2, 2);
INSERT INTO recipe_equipment(recipe_id, equipment_id, num) VALUES (6, 4, 4);
INSERT INTO recipe_equipment(recipe_id, equipment_id, num) VALUES (6, 17, 4);
INSERT INTO recipe_equipment(recipe_id, equipment_id, num) VALUES (6, 5, 4);
INSERT INTO recipe_equipment(recipe_id, equipment_id, num) VALUES (6, 10, 3);
INSERT INTO recipe_equipment(recipe_id, equipment_id, num) VALUES (6, 3, 4);
INSERT INTO recipe_equipment(recipe_id, equipment_id, num) VALUES (6, 15, 1);
INSERT INTO recipe_cook(recipe_id, cook_id) VALUES (6, 182);
INSERT INTO recipe_cook(recipe_id, cook_id) VALUES (6, 58);
INSERT INTO recipe_cook(recipe_id, cook_id) VALUES (6, 89);
INSERT INTO recipe_cook(recipe_id, cook_id) VALUES (6, 133);
INSERT INTO recipe_cook(recipe_id, cook_id) VALUES (6, 73);
INSERT INTO recipe_cook(recipe_id, cook_id) VALUES (6, 21);
INSERT INTO recipe_cook(recipe_id, cook_id) VALUES (6, 65);
INSERT INTO recipe_cook(recipe_id, cook_id) VALUES (6, 51);
INSERT INTO recipe_cook(recipe_id, cook_id) VALUES (6, 163);
INSERT INTO recipe_cook(recipe_id, cook_id) VALUES (6, 142);
INSERT INTO recipe_cook(recipe_id, cook_id) VALUES (6, 71);
INSERT INTO recipe_cook(recipe_id, cook_id) VALUES (6, 33);
INSERT INTO recipe_cook(recipe_id, cook_id) VALUES (6, 161);
INSERT INTO recipe_cook(recipe_id, cook_id) VALUES (6, 78);
INSERT INTO recipe_cook(recipe_id, cook_id) VALUES (6, 158);
INSERT INTO recipe_cook(recipe_id, cook_id) VALUES (6, 137);
INSERT INTO recipe_cook(recipe_id, cook_id) VALUES (6, 24);
INSERT INTO recipe_cook(recipe_id, cook_id) VALUES (6, 129);
INSERT INTO recipe_cook(recipe_id, cook_id) VALUES (6, 165);
INSERT INTO recipe_cook(recipe_id, cook_id) VALUES (6, 44);
INSERT INTO recipe_cook(recipe_id, cook_id) VALUES (6, 152);
INSERT INTO recipe_cook(recipe_id, cook_id) VALUES (6, 149);
INSERT INTO recipe_cook(recipe_id, cook_id) VALUES (6, 40);
INSERT INTO recipe_cook(recipe_id, cook_id) VALUES (6, 181);
INSERT INTO recipe_cook(recipe_id, cook_id) VALUES (6, 169);
INSERT INTO recipe_cook(recipe_id, cook_id) VALUES (6, 160);
INSERT INTO recipe_cook(recipe_id, cook_id) VALUES (6, 155);
INSERT INTO recipe_cook(recipe_id, cook_id) VALUES (6, 87);
INSERT INTO recipe_cook(recipe_id, cook_id) VALUES (6, 145);
INSERT INTO recipe_cook(recipe_id, cook_id) VALUES (6, 11);
INSERT INTO recipe_cook(recipe_id, cook_id) VALUES (6, 8);
INSERT INTO recipe_cook(recipe_id, cook_id) VALUES (6, 195);
INSERT INTO recipe_cook(recipe_id, cook_id) VALUES (6, 12);
INSERT INTO recipe_cook(recipe_id, cook_id) VALUES (6, 200);
INSERT INTO recipe_cook(recipe_id, cook_id) VALUES (6, 148);
INSERT INTO recipe_cook(recipe_id, cook_id) VALUES (6, 68);
INSERT INTO recipe_cook(recipe_id, cook_id) VALUES (6, 54);
INSERT INTO recipe_cook(recipe_id, cook_id) VALUES (6, 147);
INSERT INTO recipe_cook(recipe_id, cook_id) VALUES (6, 107);
INSERT INTO recipe_cook(recipe_id, cook_id) VALUES (6, 159);
INSERT INTO recipe_cook(recipe_id, cook_id) VALUES (6, 170);
INSERT INTO recipe_cook(recipe_id, cook_id) VALUES (6, 128);
INSERT INTO recipe_cook(recipe_id, cook_id) VALUES (6, 140);
INSERT INTO recipe_cook(recipe_id, cook_id) VALUES (6, 75);
INSERT INTO recipe_cook(recipe_id, cook_id) VALUES (6, 187);
INSERT INTO recipe_cook(recipe_id, cook_id) VALUES (6, 124);
INSERT INTO recipe_cook(recipe_id, cook_id) VALUES (6, 63);
INSERT INTO recipe_cook(recipe_id, cook_id) VALUES (6, 104);
INSERT INTO recipe_cook(recipe_id, cook_id) VALUES (6, 77);
INSERT INTO recipe_cook(recipe_id, cook_id) VALUES (6, 117);
INSERT INTO recipe_cook(recipe_id, cook_id) VALUES (6, 19);
INSERT INTO recipe_cook(recipe_id, cook_id) VALUES (6, 16);
INSERT INTO recipe_cook(recipe_id, cook_id) VALUES (6, 41);
INSERT INTO recipe_cook(recipe_id, cook_id) VALUES (6, 113);
INSERT INTO recipe_cook(recipe_id, cook_id) VALUES (6, 162);
INSERT INTO recipe_cook(recipe_id, cook_id) VALUES (6, 174);
INSERT INTO recipe_cook(recipe_id, cook_id) VALUES (6, 119);
INSERT INTO recipe_cook(recipe_id, cook_id) VALUES (6, 53);
INSERT INTO recipe_cook(recipe_id, cook_id) VALUES (6, 88);
INSERT INTO recipe_cook(recipe_id, cook_id) VALUES (6, 37);
INSERT INTO recipe_cook(recipe_id, cook_id) VALUES (6, 81);
INSERT INTO recipe_cook(recipe_id, cook_id) VALUES (6, 82);
INSERT INTO recipe_cook(recipe_id, cook_id) VALUES (6, 198);
INSERT INTO recipe_cook(recipe_id, cook_id) VALUES (6, 103);
INSERT INTO recipe_cook(recipe_id, cook_id) VALUES (6, 34);
INSERT INTO recipe_cook(recipe_id, cook_id) VALUES (6, 95);
INSERT INTO recipe_cook(recipe_id, cook_id) VALUES (6, 132);
INSERT INTO recipe_cook(recipe_id, cook_id) VALUES (6, 28);
INSERT INTO recipe_cook(recipe_id, cook_id) VALUES (6, 139);
INSERT INTO recipe_cook(recipe_id, cook_id) VALUES (6, 62);
INSERT INTO recipe_cook(recipe_id, cook_id) VALUES (6, 120);
INSERT INTO recipe_cook(recipe_id, cook_id) VALUES (6, 32);
INSERT INTO recipe_cook(recipe_id, cook_id) VALUES (6, 69);
INSERT INTO recipe_cook(recipe_id, cook_id) VALUES (6, 199);
INSERT INTO recipe_cook(recipe_id, cook_id) VALUES (6, 183);
INSERT INTO recipe_cook(recipe_id, cook_id) VALUES (6, 150);
INSERT INTO recipe_cook(recipe_id, cook_id) VALUES (6, 13);
INSERT INTO recipe_cook(recipe_id, cook_id) VALUES (6, 7);
INSERT INTO recipe_cook(recipe_id, cook_id) VALUES (6, 38);
INSERT INTO recipe_cook(recipe_id, cook_id) VALUES (6, 50);
INSERT INTO recipe_cook(recipe_id, cook_id) VALUES (6, 111);
INSERT INTO recipe_cook(recipe_id, cook_id) VALUES (6, 79);
INSERT INTO recipe_cook(recipe_id, cook_id) VALUES (6, 164);
INSERT INTO recipe_themes(recipe_id, theme_id) VALUES (6, 11);
INSERT INTO recipe_tip(recipe_id, tip_id) VALUES (6, 37);
INSERT INTO recipe_tip(recipe_id, tip_id) VALUES (6, 21);

INSERT INTO recipe(baking, cuisine_id, difficulty, recipe_title, recipe_description, prep_time, cook_time, portions, fat_portion, protein_portion, carbs_portion, picture_uri, picture_description) VALUES(0, 26, 5,'Butternut Squash Soup', 'Hear plan ask cold almost memory. Important page theory wear most huge boy speak. So group authority prevent head single. Act read response degree. Somebody together no history own money bill.', 85, 30, 2, 45, 25,5, 'https://placekitten.com/569/153', 'Radio itself spend cup anyone management.');
INSERT INTO recipe_meal_type(recipe_id, meal_type_id) VALUES (7, 2);
INSERT INTO recipe_tag(recipe_id, tag_id) VALUES (7, 37);
INSERT INTO recipe_equipment(recipe_id, equipment_id, num) VALUES (7, 20, 3);
INSERT INTO recipe_equipment(recipe_id, equipment_id, num) VALUES (7, 16, 4);
INSERT INTO recipe_equipment(recipe_id, equipment_id, num) VALUES (7, 10, 4);
INSERT INTO recipe_equipment(recipe_id, equipment_id, num) VALUES (7, 1, 2);
INSERT INTO recipe_equipment(recipe_id, equipment_id, num) VALUES (7, 4, 2);
INSERT INTO recipe_equipment(recipe_id, equipment_id, num) VALUES (7, 7, 3);
INSERT INTO recipe_cook(recipe_id, cook_id) VALUES (7, 68);
INSERT INTO recipe_cook(recipe_id, cook_id) VALUES (7, 187);
INSERT INTO recipe_cook(recipe_id, cook_id) VALUES (7, 94);
INSERT INTO recipe_cook(recipe_id, cook_id) VALUES (7, 196);
INSERT INTO recipe_cook(recipe_id, cook_id) VALUES (7, 104);
INSERT INTO recipe_cook(recipe_id, cook_id) VALUES (7, 198);
INSERT INTO recipe_cook(recipe_id, cook_id) VALUES (7, 12);
INSERT INTO recipe_cook(recipe_id, cook_id) VALUES (7, 103);
INSERT INTO recipe_cook(recipe_id, cook_id) VALUES (7, 14);
INSERT INTO recipe_cook(recipe_id, cook_id) VALUES (7, 146);
INSERT INTO recipe_cook(recipe_id, cook_id) VALUES (7, 144);
INSERT INTO recipe_cook(recipe_id, cook_id) VALUES (7, 50);
INSERT INTO recipe_cook(recipe_id, cook_id) VALUES (7, 93);
INSERT INTO recipe_cook(recipe_id, cook_id) VALUES (7, 142);
INSERT INTO recipe_cook(recipe_id, cook_id) VALUES (7, 74);
INSERT INTO recipe_cook(recipe_id, cook_id) VALUES (7, 19);
INSERT INTO recipe_cook(recipe_id, cook_id) VALUES (7, 99);
INSERT INTO recipe_cook(recipe_id, cook_id) VALUES (7, 130);
INSERT INTO recipe_cook(recipe_id, cook_id) VALUES (7, 116);
INSERT INTO recipe_cook(recipe_id, cook_id) VALUES (7, 141);
INSERT INTO recipe_cook(recipe_id, cook_id) VALUES (7, 72);
INSERT INTO recipe_cook(recipe_id, cook_id) VALUES (7, 160);
INSERT INTO recipe_cook(recipe_id, cook_id) VALUES (7, 175);
INSERT INTO recipe_cook(recipe_id, cook_id) VALUES (7, 157);
INSERT INTO recipe_cook(recipe_id, cook_id) VALUES (7, 31);
INSERT INTO recipe_cook(recipe_id, cook_id) VALUES (7, 33);
INSERT INTO recipe_cook(recipe_id, cook_id) VALUES (7, 25);
INSERT INTO recipe_cook(recipe_id, cook_id) VALUES (7, 101);
INSERT INTO recipe_cook(recipe_id, cook_id) VALUES (7, 96);
INSERT INTO recipe_cook(recipe_id, cook_id) VALUES (7, 87);
INSERT INTO recipe_cook(recipe_id, cook_id) VALUES (7, 143);
INSERT INTO recipe_cook(recipe_id, cook_id) VALUES (7, 195);
INSERT INTO recipe_cook(recipe_id, cook_id) VALUES (7, 37);
INSERT INTO recipe_cook(recipe_id, cook_id) VALUES (7, 51);
INSERT INTO recipe_cook(recipe_id, cook_id) VALUES (7, 155);
INSERT INTO recipe_themes(recipe_id, theme_id) VALUES (7, 26);
INSERT INTO recipe_themes(recipe_id, theme_id) VALUES (7, 33);
INSERT INTO recipe_themes(recipe_id, theme_id) VALUES (7, 3);
INSERT INTO recipe_tip(recipe_id, tip_id) VALUES (7, 3);

INSERT INTO recipe(baking, cuisine_id, difficulty, recipe_title, recipe_description, prep_time, cook_time, portions, fat_portion, protein_portion, carbs_portion, picture_uri, picture_description) VALUES(1, 11, 4,'Eggplant Parmesan', 'Budget laugh over option door again. Popular task write. Expect success idea time truth although population.', 105, 110, 3, 45, 25,80, 'https://picsum.photos/142/962', 'Rich ever send hundred news finish.');
INSERT INTO recipe_meal_type(recipe_id, meal_type_id) VALUES (8, 3);
INSERT INTO recipe_tag(recipe_id, tag_id) VALUES (8, 91);
INSERT INTO recipe_tag(recipe_id, tag_id) VALUES (8, 73);
INSERT INTO recipe_tag(recipe_id, tag_id) VALUES (8, 39);
INSERT INTO recipe_tag(recipe_id, tag_id) VALUES (8, 61);
INSERT INTO recipe_tag(recipe_id, tag_id) VALUES (8, 3);
INSERT INTO recipe_tag(recipe_id, tag_id) VALUES (8, 48);
INSERT INTO recipe_tag(recipe_id, tag_id) VALUES (8, 43);
INSERT INTO recipe_tag(recipe_id, tag_id) VALUES (8, 87);
INSERT INTO recipe_equipment(recipe_id, equipment_id, num) VALUES (8, 14, 4);
INSERT INTO recipe_equipment(recipe_id, equipment_id, num) VALUES (8, 19, 2);
INSERT INTO recipe_equipment(recipe_id, equipment_id, num) VALUES (8, 10, 4);
INSERT INTO recipe_cook(recipe_id, cook_id) VALUES (8, 177);
INSERT INTO recipe_cook(recipe_id, cook_id) VALUES (8, 162);
INSERT INTO recipe_cook(recipe_id, cook_id) VALUES (8, 7);
INSERT INTO recipe_cook(recipe_id, cook_id) VALUES (8, 153);
INSERT INTO recipe_cook(recipe_id, cook_id) VALUES (8, 122);
INSERT INTO recipe_cook(recipe_id, cook_id) VALUES (8, 68);
INSERT INTO recipe_cook(recipe_id, cook_id) VALUES (8, 168);
INSERT INTO recipe_cook(recipe_id, cook_id) VALUES (8, 149);
INSERT INTO recipe_cook(recipe_id, cook_id) VALUES (8, 148);
INSERT INTO recipe_cook(recipe_id, cook_id) VALUES (8, 59);
INSERT INTO recipe_cook(recipe_id, cook_id) VALUES (8, 185);
INSERT INTO recipe_cook(recipe_id, cook_id) VALUES (8, 14);
INSERT INTO recipe_cook(recipe_id, cook_id) VALUES (8, 150);
INSERT INTO recipe_cook(recipe_id, cook_id) VALUES (8, 123);
INSERT INTO recipe_cook(recipe_id, cook_id) VALUES (8, 44);
INSERT INTO recipe_cook(recipe_id, cook_id) VALUES (8, 135);
INSERT INTO recipe_cook(recipe_id, cook_id) VALUES (8, 199);
INSERT INTO recipe_cook(recipe_id, cook_id) VALUES (8, 159);
INSERT INTO recipe_cook(recipe_id, cook_id) VALUES (8, 98);
INSERT INTO recipe_cook(recipe_id, cook_id) VALUES (8, 38);
INSERT INTO recipe_cook(recipe_id, cook_id) VALUES (8, 175);
INSERT INTO recipe_cook(recipe_id, cook_id) VALUES (8, 63);
INSERT INTO recipe_cook(recipe_id, cook_id) VALUES (8, 9);
INSERT INTO recipe_cook(recipe_id, cook_id) VALUES (8, 147);
INSERT INTO recipe_cook(recipe_id, cook_id) VALUES (8, 29);
INSERT INTO recipe_cook(recipe_id, cook_id) VALUES (8, 49);
INSERT INTO recipe_cook(recipe_id, cook_id) VALUES (8, 5);
INSERT INTO recipe_cook(recipe_id, cook_id) VALUES (8, 113);
INSERT INTO recipe_cook(recipe_id, cook_id) VALUES (8, 81);
INSERT INTO recipe_cook(recipe_id, cook_id) VALUES (8, 108);
INSERT INTO recipe_cook(recipe_id, cook_id) VALUES (8, 39);
INSERT INTO recipe_cook(recipe_id, cook_id) VALUES (8, 106);
INSERT INTO recipe_cook(recipe_id, cook_id) VALUES (8, 53);
INSERT INTO recipe_cook(recipe_id, cook_id) VALUES (8, 169);
INSERT INTO recipe_cook(recipe_id, cook_id) VALUES (8, 129);
INSERT INTO recipe_cook(recipe_id, cook_id) VALUES (8, 157);
INSERT INTO recipe_cook(recipe_id, cook_id) VALUES (8, 121);
INSERT INTO recipe_cook(recipe_id, cook_id) VALUES (8, 16);
INSERT INTO recipe_cook(recipe_id, cook_id) VALUES (8, 36);
INSERT INTO recipe_cook(recipe_id, cook_id) VALUES (8, 133);
INSERT INTO recipe_cook(recipe_id, cook_id) VALUES (8, 54);
INSERT INTO recipe_cook(recipe_id, cook_id) VALUES (8, 144);
INSERT INTO recipe_cook(recipe_id, cook_id) VALUES (8, 84);
INSERT INTO recipe_cook(recipe_id, cook_id) VALUES (8, 187);
INSERT INTO recipe_cook(recipe_id, cook_id) VALUES (8, 190);
INSERT INTO recipe_cook(recipe_id, cook_id) VALUES (8, 97);
INSERT INTO recipe_cook(recipe_id, cook_id) VALUES (8, 172);
INSERT INTO recipe_cook(recipe_id, cook_id) VALUES (8, 45);
INSERT INTO recipe_cook(recipe_id, cook_id) VALUES (8, 118);
INSERT INTO recipe_cook(recipe_id, cook_id) VALUES (8, 137);
INSERT INTO recipe_cook(recipe_id, cook_id) VALUES (8, 88);
INSERT INTO recipe_cook(recipe_id, cook_id) VALUES (8, 140);
INSERT INTO recipe_cook(recipe_id, cook_id) VALUES (8, 91);
INSERT INTO recipe_cook(recipe_id, cook_id) VALUES (8, 195);
INSERT INTO recipe_cook(recipe_id, cook_id) VALUES (8, 124);
INSERT INTO recipe_cook(recipe_id, cook_id) VALUES (8, 50);
INSERT INTO recipe_cook(recipe_id, cook_id) VALUES (8, 64);
INSERT INTO recipe_cook(recipe_id, cook_id) VALUES (8, 72);
INSERT INTO recipe_cook(recipe_id, cook_id) VALUES (8, 77);
INSERT INTO recipe_cook(recipe_id, cook_id) VALUES (8, 58);
INSERT INTO recipe_cook(recipe_id, cook_id) VALUES (8, 142);
INSERT INTO recipe_cook(recipe_id, cook_id) VALUES (8, 74);
INSERT INTO recipe_cook(recipe_id, cook_id) VALUES (8, 160);
INSERT INTO recipe_cook(recipe_id, cook_id) VALUES (8, 126);
INSERT INTO recipe_cook(recipe_id, cook_id) VALUES (8, 82);
INSERT INTO recipe_cook(recipe_id, cook_id) VALUES (8, 165);
INSERT INTO recipe_cook(recipe_id, cook_id) VALUES (8, 90);
INSERT INTO recipe_cook(recipe_id, cook_id) VALUES (8, 71);
INSERT INTO recipe_cook(recipe_id, cook_id) VALUES (8, 139);
INSERT INTO recipe_cook(recipe_id, cook_id) VALUES (8, 32);
INSERT INTO recipe_cook(recipe_id, cook_id) VALUES (8, 182);
INSERT INTO recipe_cook(recipe_id, cook_id) VALUES (8, 102);
INSERT INTO recipe_cook(recipe_id, cook_id) VALUES (8, 89);
INSERT INTO recipe_cook(recipe_id, cook_id) VALUES (8, 156);
INSERT INTO recipe_cook(recipe_id, cook_id) VALUES (8, 99);
INSERT INTO recipe_cook(recipe_id, cook_id) VALUES (8, 103);
INSERT INTO recipe_cook(recipe_id, cook_id) VALUES (8, 19);
INSERT INTO recipe_cook(recipe_id, cook_id) VALUES (8, 181);
INSERT INTO recipe_cook(recipe_id, cook_id) VALUES (8, 6);
INSERT INTO recipe_cook(recipe_id, cook_id) VALUES (8, 37);
INSERT INTO recipe_cook(recipe_id, cook_id) VALUES (8, 92);
INSERT INTO recipe_cook(recipe_id, cook_id) VALUES (8, 11);
INSERT INTO recipe_cook(recipe_id, cook_id) VALUES (8, 197);
INSERT INTO recipe_cook(recipe_id, cook_id) VALUES (8, 57);
INSERT INTO recipe_cook(recipe_id, cook_id) VALUES (8, 158);
INSERT INTO recipe_cook(recipe_id, cook_id) VALUES (8, 33);
INSERT INTO recipe_cook(recipe_id, cook_id) VALUES (8, 96);
INSERT INTO recipe_cook(recipe_id, cook_id) VALUES (8, 62);
INSERT INTO recipe_cook(recipe_id, cook_id) VALUES (8, 28);
INSERT INTO recipe_cook(recipe_id, cook_id) VALUES (8, 26);
INSERT INTO recipe_cook(recipe_id, cook_id) VALUES (8, 167);
INSERT INTO recipe_cook(recipe_id, cook_id) VALUES (8, 69);
INSERT INTO recipe_cook(recipe_id, cook_id) VALUES (8, 35);
INSERT INTO recipe_cook(recipe_id, cook_id) VALUES (8, 143);
INSERT INTO recipe_cook(recipe_id, cook_id) VALUES (8, 134);
INSERT INTO recipe_cook(recipe_id, cook_id) VALUES (8, 171);
INSERT INTO recipe_cook(recipe_id, cook_id) VALUES (8, 18);
INSERT INTO recipe_cook(recipe_id, cook_id) VALUES (8, 189);
INSERT INTO recipe_cook(recipe_id, cook_id) VALUES (8, 79);
INSERT INTO recipe_cook(recipe_id, cook_id) VALUES (8, 95);
INSERT INTO recipe_cook(recipe_id, cook_id) VALUES (8, 76);
INSERT INTO recipe_cook(recipe_id, cook_id) VALUES (8, 31);
INSERT INTO recipe_cook(recipe_id, cook_id) VALUES (8, 131);
INSERT INTO recipe_cook(recipe_id, cook_id) VALUES (8, 198);
INSERT INTO recipe_cook(recipe_id, cook_id) VALUES (8, 86);
INSERT INTO recipe_cook(recipe_id, cook_id) VALUES (8, 200);
INSERT INTO recipe_cook(recipe_id, cook_id) VALUES (8, 176);
INSERT INTO recipe_cook(recipe_id, cook_id) VALUES (8, 136);
INSERT INTO recipe_cook(recipe_id, cook_id) VALUES (8, 30);
INSERT INTO recipe_cook(recipe_id, cook_id) VALUES (8, 155);
INSERT INTO recipe_cook(recipe_id, cook_id) VALUES (8, 13);
INSERT INTO recipe_cook(recipe_id, cook_id) VALUES (8, 194);
INSERT INTO recipe_cook(recipe_id, cook_id) VALUES (8, 43);
INSERT INTO recipe_cook(recipe_id, cook_id) VALUES (8, 61);
INSERT INTO recipe_cook(recipe_id, cook_id) VALUES (8, 110);
INSERT INTO recipe_cook(recipe_id, cook_id) VALUES (8, 104);
INSERT INTO recipe_cook(recipe_id, cook_id) VALUES (8, 1);
INSERT INTO recipe_cook(recipe_id, cook_id) VALUES (8, 161);
INSERT INTO recipe_cook(recipe_id, cook_id) VALUES (8, 21);
INSERT INTO recipe_cook(recipe_id, cook_id) VALUES (8, 128);
INSERT INTO recipe_cook(recipe_id, cook_id) VALUES (8, 87);
INSERT INTO recipe_cook(recipe_id, cook_id) VALUES (8, 173);
INSERT INTO recipe_cook(recipe_id, cook_id) VALUES (8, 111);
INSERT INTO recipe_cook(recipe_id, cook_id) VALUES (8, 164);
INSERT INTO recipe_cook(recipe_id, cook_id) VALUES (8, 42);
INSERT INTO recipe_cook(recipe_id, cook_id) VALUES (8, 193);
INSERT INTO recipe_cook(recipe_id, cook_id) VALUES (8, 8);
INSERT INTO recipe_cook(recipe_id, cook_id) VALUES (8, 12);
INSERT INTO recipe_cook(recipe_id, cook_id) VALUES (8, 120);
INSERT INTO recipe_cook(recipe_id, cook_id) VALUES (8, 109);
INSERT INTO recipe_cook(recipe_id, cook_id) VALUES (8, 174);
INSERT INTO recipe_cook(recipe_id, cook_id) VALUES (8, 23);
INSERT INTO recipe_cook(recipe_id, cook_id) VALUES (8, 138);
INSERT INTO recipe_cook(recipe_id, cook_id) VALUES (8, 83);
INSERT INTO recipe_cook(recipe_id, cook_id) VALUES (8, 70);
INSERT INTO recipe_cook(recipe_id, cook_id) VALUES (8, 51);
INSERT INTO recipe_cook(recipe_id, cook_id) VALUES (8, 183);
INSERT INTO recipe_cook(recipe_id, cook_id) VALUES (8, 73);
INSERT INTO recipe_cook(recipe_id, cook_id) VALUES (8, 60);
INSERT INTO recipe_cook(recipe_id, cook_id) VALUES (8, 48);
INSERT INTO recipe_cook(recipe_id, cook_id) VALUES (8, 56);
INSERT INTO recipe_cook(recipe_id, cook_id) VALUES (8, 146);
INSERT INTO recipe_cook(recipe_id, cook_id) VALUES (8, 117);
INSERT INTO recipe_cook(recipe_id, cook_id) VALUES (8, 3);
INSERT INTO recipe_cook(recipe_id, cook_id) VALUES (8, 116);
INSERT INTO recipe_cook(recipe_id, cook_id) VALUES (8, 20);
INSERT INTO recipe_cook(recipe_id, cook_id) VALUES (8, 75);
INSERT INTO recipe_cook(recipe_id, cook_id) VALUES (8, 170);
INSERT INTO recipe_cook(recipe_id, cook_id) VALUES (8, 192);
INSERT INTO recipe_cook(recipe_id, cook_id) VALUES (8, 22);
INSERT INTO recipe_cook(recipe_id, cook_id) VALUES (8, 191);
INSERT INTO recipe_cook(recipe_id, cook_id) VALUES (8, 107);
INSERT INTO recipe_cook(recipe_id, cook_id) VALUES (8, 100);
INSERT INTO recipe_cook(recipe_id, cook_id) VALUES (8, 105);
INSERT INTO recipe_cook(recipe_id, cook_id) VALUES (8, 34);
INSERT INTO recipe_cook(recipe_id, cook_id) VALUES (8, 130);
INSERT INTO recipe_cook(recipe_id, cook_id) VALUES (8, 178);
INSERT INTO recipe_cook(recipe_id, cook_id) VALUES (8, 115);
INSERT INTO recipe_cook(recipe_id, cook_id) VALUES (8, 180);
INSERT INTO recipe_cook(recipe_id, cook_id) VALUES (8, 85);
INSERT INTO recipe_cook(recipe_id, cook_id) VALUES (8, 114);
INSERT INTO recipe_cook(recipe_id, cook_id) VALUES (8, 132);
INSERT INTO recipe_cook(recipe_id, cook_id) VALUES (8, 65);
INSERT INTO recipe_cook(recipe_id, cook_id) VALUES (8, 119);
INSERT INTO recipe_cook(recipe_id, cook_id) VALUES (8, 80);
INSERT INTO recipe_cook(recipe_id, cook_id) VALUES (8, 17);
INSERT INTO recipe_cook(recipe_id, cook_id) VALUES (8, 179);
INSERT INTO recipe_cook(recipe_id, cook_id) VALUES (8, 166);
INSERT INTO recipe_cook(recipe_id, cook_id) VALUES (8, 127);
INSERT INTO recipe_cook(recipe_id, cook_id) VALUES (8, 78);
INSERT INTO recipe_cook(recipe_id, cook_id) VALUES (8, 10);
INSERT INTO recipe_cook(recipe_id, cook_id) VALUES (8, 145);
INSERT INTO recipe_cook(recipe_id, cook_id) VALUES (8, 152);
INSERT INTO recipe_cook(recipe_id, cook_id) VALUES (8, 25);
INSERT INTO recipe_cook(recipe_id, cook_id) VALUES (8, 52);
INSERT INTO recipe_cook(recipe_id, cook_id) VALUES (8, 196);
INSERT INTO recipe_cook(recipe_id, cook_id) VALUES (8, 55);
INSERT INTO recipe_cook(recipe_id, cook_id) VALUES (8, 93);
INSERT INTO recipe_cook(recipe_id, cook_id) VALUES (8, 40);
INSERT INTO recipe_cook(recipe_id, cook_id) VALUES (8, 125);
INSERT INTO recipe_cook(recipe_id, cook_id) VALUES (8, 47);
INSERT INTO recipe_cook(recipe_id, cook_id) VALUES (8, 101);
INSERT INTO recipe_cook(recipe_id, cook_id) VALUES (8, 141);
INSERT INTO recipe_cook(recipe_id, cook_id) VALUES (8, 112);
INSERT INTO recipe_cook(recipe_id, cook_id) VALUES (8, 4);
INSERT INTO recipe_cook(recipe_id, cook_id) VALUES (8, 41);
INSERT INTO recipe_themes(recipe_id, theme_id) VALUES (8, 31);
INSERT INTO recipe_tip(recipe_id, tip_id) VALUES (8, 16);
INSERT INTO recipe_tip(recipe_id, tip_id) VALUES (8, 1);

INSERT INTO recipe(baking, cuisine_id, difficulty, recipe_title, recipe_description, prep_time, cook_time, portions, fat_portion, protein_portion, carbs_portion, picture_uri, picture_description) VALUES(1, 22, 3,'Macaroni Salad', 'Fear worker management political treat successful. Bill difference stay catch year technology right difficult.', 105, 110, 5, 0, 20,55, 'https://placekitten.com/180/391', 'Staff Mr above read appear third.');
INSERT INTO recipe_meal_type(recipe_id, meal_type_id) VALUES (9, 6);
INSERT INTO recipe_tag(recipe_id, tag_id) VALUES (9, 8);
INSERT INTO recipe_tag(recipe_id, tag_id) VALUES (9, 86);
INSERT INTO recipe_tag(recipe_id, tag_id) VALUES (9, 16);
INSERT INTO recipe_tag(recipe_id, tag_id) VALUES (9, 60);
INSERT INTO recipe_equipment(recipe_id, equipment_id, num) VALUES (9, 6, 4);
INSERT INTO recipe_equipment(recipe_id, equipment_id, num) VALUES (9, 13, 3);
INSERT INTO recipe_equipment(recipe_id, equipment_id, num) VALUES (9, 17, 4);
INSERT INTO recipe_equipment(recipe_id, equipment_id, num) VALUES (9, 10, 4);
INSERT INTO recipe_equipment(recipe_id, equipment_id, num) VALUES (9, 4, 2);
INSERT INTO recipe_cook(recipe_id, cook_id) VALUES (9, 76);
INSERT INTO recipe_cook(recipe_id, cook_id) VALUES (9, 95);
INSERT INTO recipe_cook(recipe_id, cook_id) VALUES (9, 158);
INSERT INTO recipe_cook(recipe_id, cook_id) VALUES (9, 57);
INSERT INTO recipe_cook(recipe_id, cook_id) VALUES (9, 197);
INSERT INTO recipe_cook(recipe_id, cook_id) VALUES (9, 35);
INSERT INTO recipe_cook(recipe_id, cook_id) VALUES (9, 123);
INSERT INTO recipe_cook(recipe_id, cook_id) VALUES (9, 40);
INSERT INTO recipe_cook(recipe_id, cook_id) VALUES (9, 117);
INSERT INTO recipe_cook(recipe_id, cook_id) VALUES (9, 156);
INSERT INTO recipe_cook(recipe_id, cook_id) VALUES (9, 96);
INSERT INTO recipe_cook(recipe_id, cook_id) VALUES (9, 107);
INSERT INTO recipe_cook(recipe_id, cook_id) VALUES (9, 180);
INSERT INTO recipe_cook(recipe_id, cook_id) VALUES (9, 141);
INSERT INTO recipe_cook(recipe_id, cook_id) VALUES (9, 121);
INSERT INTO recipe_cook(recipe_id, cook_id) VALUES (9, 138);
INSERT INTO recipe_cook(recipe_id, cook_id) VALUES (9, 171);
INSERT INTO recipe_cook(recipe_id, cook_id) VALUES (9, 56);
INSERT INTO recipe_cook(recipe_id, cook_id) VALUES (9, 64);
INSERT INTO recipe_cook(recipe_id, cook_id) VALUES (9, 175);
INSERT INTO recipe_cook(recipe_id, cook_id) VALUES (9, 153);
INSERT INTO recipe_cook(recipe_id, cook_id) VALUES (9, 21);
INSERT INTO recipe_cook(recipe_id, cook_id) VALUES (9, 135);
INSERT INTO recipe_cook(recipe_id, cook_id) VALUES (9, 115);
INSERT INTO recipe_cook(recipe_id, cook_id) VALUES (9, 136);
INSERT INTO recipe_cook(recipe_id, cook_id) VALUES (9, 93);
INSERT INTO recipe_cook(recipe_id, cook_id) VALUES (9, 20);
INSERT INTO recipe_cook(recipe_id, cook_id) VALUES (9, 145);
INSERT INTO recipe_cook(recipe_id, cook_id) VALUES (9, 29);
INSERT INTO recipe_cook(recipe_id, cook_id) VALUES (9, 16);
INSERT INTO recipe_cook(recipe_id, cook_id) VALUES (9, 187);
INSERT INTO recipe_cook(recipe_id, cook_id) VALUES (9, 130);
INSERT INTO recipe_cook(recipe_id, cook_id) VALUES (9, 52);
INSERT INTO recipe_cook(recipe_id, cook_id) VALUES (9, 147);
INSERT INTO recipe_cook(recipe_id, cook_id) VALUES (9, 185);
INSERT INTO recipe_cook(recipe_id, cook_id) VALUES (9, 39);
INSERT INTO recipe_cook(recipe_id, cook_id) VALUES (9, 43);
INSERT INTO recipe_cook(recipe_id, cook_id) VALUES (9, 84);
INSERT INTO recipe_cook(recipe_id, cook_id) VALUES (9, 134);
INSERT INTO recipe_cook(recipe_id, cook_id) VALUES (9, 114);
INSERT INTO recipe_cook(recipe_id, cook_id) VALUES (9, 30);
INSERT INTO recipe_cook(recipe_id, cook_id) VALUES (9, 53);
INSERT INTO recipe_cook(recipe_id, cook_id) VALUES (9, 150);
INSERT INTO recipe_cook(recipe_id, cook_id) VALUES (9, 126);
INSERT INTO recipe_cook(recipe_id, cook_id) VALUES (9, 24);
INSERT INTO recipe_cook(recipe_id, cook_id) VALUES (9, 131);
INSERT INTO recipe_cook(recipe_id, cook_id) VALUES (9, 177);
INSERT INTO recipe_cook(recipe_id, cook_id) VALUES (9, 15);
INSERT INTO recipe_cook(recipe_id, cook_id) VALUES (9, 192);
INSERT INTO recipe_cook(recipe_id, cook_id) VALUES (9, 34);
INSERT INTO recipe_cook(recipe_id, cook_id) VALUES (9, 132);
INSERT INTO recipe_cook(recipe_id, cook_id) VALUES (9, 189);
INSERT INTO recipe_cook(recipe_id, cook_id) VALUES (9, 152);
INSERT INTO recipe_cook(recipe_id, cook_id) VALUES (9, 173);
INSERT INTO recipe_cook(recipe_id, cook_id) VALUES (9, 188);
INSERT INTO recipe_cook(recipe_id, cook_id) VALUES (9, 144);
INSERT INTO recipe_cook(recipe_id, cook_id) VALUES (9, 119);
INSERT INTO recipe_cook(recipe_id, cook_id) VALUES (9, 79);
INSERT INTO recipe_cook(recipe_id, cook_id) VALUES (9, 6);
INSERT INTO recipe_cook(recipe_id, cook_id) VALUES (9, 102);
INSERT INTO recipe_cook(recipe_id, cook_id) VALUES (9, 66);
INSERT INTO recipe_cook(recipe_id, cook_id) VALUES (9, 1);
INSERT INTO recipe_cook(recipe_id, cook_id) VALUES (9, 183);
INSERT INTO recipe_cook(recipe_id, cook_id) VALUES (9, 19);
INSERT INTO recipe_cook(recipe_id, cook_id) VALUES (9, 12);
INSERT INTO recipe_cook(recipe_id, cook_id) VALUES (9, 109);
INSERT INTO recipe_cook(recipe_id, cook_id) VALUES (9, 89);
INSERT INTO recipe_cook(recipe_id, cook_id) VALUES (9, 17);
INSERT INTO recipe_cook(recipe_id, cook_id) VALUES (9, 184);
INSERT INTO recipe_cook(recipe_id, cook_id) VALUES (9, 18);
INSERT INTO recipe_cook(recipe_id, cook_id) VALUES (9, 186);
INSERT INTO recipe_cook(recipe_id, cook_id) VALUES (9, 9);
INSERT INTO recipe_cook(recipe_id, cook_id) VALUES (9, 74);
INSERT INTO recipe_cook(recipe_id, cook_id) VALUES (9, 159);
INSERT INTO recipe_cook(recipe_id, cook_id) VALUES (9, 191);
INSERT INTO recipe_cook(recipe_id, cook_id) VALUES (9, 99);
INSERT INTO recipe_cook(recipe_id, cook_id) VALUES (9, 155);
INSERT INTO recipe_cook(recipe_id, cook_id) VALUES (9, 125);
INSERT INTO recipe_cook(recipe_id, cook_id) VALUES (9, 83);
INSERT INTO recipe_cook(recipe_id, cook_id) VALUES (9, 94);
INSERT INTO recipe_cook(recipe_id, cook_id) VALUES (9, 122);
INSERT INTO recipe_cook(recipe_id, cook_id) VALUES (9, 54);
INSERT INTO recipe_cook(recipe_id, cook_id) VALUES (9, 48);
INSERT INTO recipe_cook(recipe_id, cook_id) VALUES (9, 154);
INSERT INTO recipe_cook(recipe_id, cook_id) VALUES (9, 49);
INSERT INTO recipe_cook(recipe_id, cook_id) VALUES (9, 58);
INSERT INTO recipe_cook(recipe_id, cook_id) VALUES (9, 112);
INSERT INTO recipe_cook(recipe_id, cook_id) VALUES (9, 116);
INSERT INTO recipe_cook(recipe_id, cook_id) VALUES (9, 113);
INSERT INTO recipe_cook(recipe_id, cook_id) VALUES (9, 11);
INSERT INTO recipe_cook(recipe_id, cook_id) VALUES (9, 88);
INSERT INTO recipe_cook(recipe_id, cook_id) VALUES (9, 85);
INSERT INTO recipe_cook(recipe_id, cook_id) VALUES (9, 70);
INSERT INTO recipe_cook(recipe_id, cook_id) VALUES (9, 124);
INSERT INTO recipe_cook(recipe_id, cook_id) VALUES (9, 163);
INSERT INTO recipe_cook(recipe_id, cook_id) VALUES (9, 45);
INSERT INTO recipe_cook(recipe_id, cook_id) VALUES (9, 198);
INSERT INTO recipe_cook(recipe_id, cook_id) VALUES (9, 23);
INSERT INTO recipe_cook(recipe_id, cook_id) VALUES (9, 69);
INSERT INTO recipe_cook(recipe_id, cook_id) VALUES (9, 51);
INSERT INTO recipe_cook(recipe_id, cook_id) VALUES (9, 68);
INSERT INTO recipe_cook(recipe_id, cook_id) VALUES (9, 133);
INSERT INTO recipe_cook(recipe_id, cook_id) VALUES (9, 169);
INSERT INTO recipe_cook(recipe_id, cook_id) VALUES (9, 172);
INSERT INTO recipe_cook(recipe_id, cook_id) VALUES (9, 139);
INSERT INTO recipe_cook(recipe_id, cook_id) VALUES (9, 3);
INSERT INTO recipe_cook(recipe_id, cook_id) VALUES (9, 165);
INSERT INTO recipe_cook(recipe_id, cook_id) VALUES (9, 60);
INSERT INTO recipe_cook(recipe_id, cook_id) VALUES (9, 87);
INSERT INTO recipe_cook(recipe_id, cook_id) VALUES (9, 108);
INSERT INTO recipe_cook(recipe_id, cook_id) VALUES (9, 55);
INSERT INTO recipe_cook(recipe_id, cook_id) VALUES (9, 170);
INSERT INTO recipe_cook(recipe_id, cook_id) VALUES (9, 161);
INSERT INTO recipe_cook(recipe_id, cook_id) VALUES (9, 160);
INSERT INTO recipe_cook(recipe_id, cook_id) VALUES (9, 32);
INSERT INTO recipe_cook(recipe_id, cook_id) VALUES (9, 59);
INSERT INTO recipe_cook(recipe_id, cook_id) VALUES (9, 105);
INSERT INTO recipe_cook(recipe_id, cook_id) VALUES (9, 174);
INSERT INTO recipe_cook(recipe_id, cook_id) VALUES (9, 36);
INSERT INTO recipe_cook(recipe_id, cook_id) VALUES (9, 25);
INSERT INTO recipe_cook(recipe_id, cook_id) VALUES (9, 146);
INSERT INTO recipe_cook(recipe_id, cook_id) VALUES (9, 5);
INSERT INTO recipe_cook(recipe_id, cook_id) VALUES (9, 167);
INSERT INTO recipe_cook(recipe_id, cook_id) VALUES (9, 199);
INSERT INTO recipe_cook(recipe_id, cook_id) VALUES (9, 31);
INSERT INTO recipe_cook(recipe_id, cook_id) VALUES (9, 27);
INSERT INTO recipe_cook(recipe_id, cook_id) VALUES (9, 129);
INSERT INTO recipe_cook(recipe_id, cook_id) VALUES (9, 13);
INSERT INTO recipe_cook(recipe_id, cook_id) VALUES (9, 143);
INSERT INTO recipe_cook(recipe_id, cook_id) VALUES (9, 148);
INSERT INTO recipe_cook(recipe_id, cook_id) VALUES (9, 7);
INSERT INTO recipe_cook(recipe_id, cook_id) VALUES (9, 86);
INSERT INTO recipe_cook(recipe_id, cook_id) VALUES (9, 142);
INSERT INTO recipe_cook(recipe_id, cook_id) VALUES (9, 168);
INSERT INTO recipe_cook(recipe_id, cook_id) VALUES (9, 196);
INSERT INTO recipe_cook(recipe_id, cook_id) VALUES (9, 92);
INSERT INTO recipe_cook(recipe_id, cook_id) VALUES (9, 28);
INSERT INTO recipe_cook(recipe_id, cook_id) VALUES (9, 110);
INSERT INTO recipe_cook(recipe_id, cook_id) VALUES (9, 166);
INSERT INTO recipe_cook(recipe_id, cook_id) VALUES (9, 50);
INSERT INTO recipe_cook(recipe_id, cook_id) VALUES (9, 4);
INSERT INTO recipe_cook(recipe_id, cook_id) VALUES (9, 128);
INSERT INTO recipe_cook(recipe_id, cook_id) VALUES (9, 33);
INSERT INTO recipe_cook(recipe_id, cook_id) VALUES (9, 137);
INSERT INTO recipe_cook(recipe_id, cook_id) VALUES (9, 80);
INSERT INTO recipe_cook(recipe_id, cook_id) VALUES (9, 127);
INSERT INTO recipe_cook(recipe_id, cook_id) VALUES (9, 47);
INSERT INTO recipe_cook(recipe_id, cook_id) VALUES (9, 37);
INSERT INTO recipe_cook(recipe_id, cook_id) VALUES (9, 179);
INSERT INTO recipe_cook(recipe_id, cook_id) VALUES (9, 90);
INSERT INTO recipe_cook(recipe_id, cook_id) VALUES (9, 98);
INSERT INTO recipe_cook(recipe_id, cook_id) VALUES (9, 44);
INSERT INTO recipe_cook(recipe_id, cook_id) VALUES (9, 67);
INSERT INTO recipe_cook(recipe_id, cook_id) VALUES (9, 104);
INSERT INTO recipe_cook(recipe_id, cook_id) VALUES (9, 120);
INSERT INTO recipe_cook(recipe_id, cook_id) VALUES (9, 10);
INSERT INTO recipe_cook(recipe_id, cook_id) VALUES (9, 164);
INSERT INTO recipe_cook(recipe_id, cook_id) VALUES (9, 151);
INSERT INTO recipe_cook(recipe_id, cook_id) VALUES (9, 62);
INSERT INTO recipe_cook(recipe_id, cook_id) VALUES (9, 75);
INSERT INTO recipe_cook(recipe_id, cook_id) VALUES (9, 46);
INSERT INTO recipe_cook(recipe_id, cook_id) VALUES (9, 149);
INSERT INTO recipe_cook(recipe_id, cook_id) VALUES (9, 181);
INSERT INTO recipe_cook(recipe_id, cook_id) VALUES (9, 82);
INSERT INTO recipe_themes(recipe_id, theme_id) VALUES (9, 12);
INSERT INTO recipe_themes(recipe_id, theme_id) VALUES (9, 28);
INSERT INTO recipe_themes(recipe_id, theme_id) VALUES (9, 36);
INSERT INTO recipe_tip(recipe_id, tip_id) VALUES (9, 4);
INSERT INTO recipe_tip(recipe_id, tip_id) VALUES (9, 23);

INSERT INTO recipe(baking, cuisine_id, difficulty, recipe_title, recipe_description, prep_time, cook_time, portions, fat_portion, protein_portion, carbs_portion, picture_uri, picture_description) VALUES(1, 25, 2,'Eggplant Parmesan', 'Water avoid forget. Social here recognize understand on build floor challenge.', 95, 70, 2, 15, 20,20, 'https://placekitten.com/846/915', 'Miss drive long majority.');
INSERT INTO recipe_meal_type(recipe_id, meal_type_id) VALUES (10, 2);
INSERT INTO recipe_tag(recipe_id, tag_id) VALUES (10, 8);
INSERT INTO recipe_tag(recipe_id, tag_id) VALUES (10, 72);
INSERT INTO recipe_tag(recipe_id, tag_id) VALUES (10, 53);
INSERT INTO recipe_tag(recipe_id, tag_id) VALUES (10, 54);
INSERT INTO recipe_tag(recipe_id, tag_id) VALUES (10, 68);
INSERT INTO recipe_tag(recipe_id, tag_id) VALUES (10, 18);
INSERT INTO recipe_tag(recipe_id, tag_id) VALUES (10, 50);
INSERT INTO recipe_tag(recipe_id, tag_id) VALUES (10, 32);
INSERT INTO recipe_equipment(recipe_id, equipment_id, num) VALUES (10, 7, 3);
INSERT INTO recipe_equipment(recipe_id, equipment_id, num) VALUES (10, 11, 3);
INSERT INTO recipe_equipment(recipe_id, equipment_id, num) VALUES (10, 3, 4);
INSERT INTO recipe_equipment(recipe_id, equipment_id, num) VALUES (10, 15, 4);
INSERT INTO recipe_equipment(recipe_id, equipment_id, num) VALUES (10, 12, 3);
INSERT INTO recipe_cook(recipe_id, cook_id) VALUES (10, 138);
INSERT INTO recipe_cook(recipe_id, cook_id) VALUES (10, 186);
INSERT INTO recipe_cook(recipe_id, cook_id) VALUES (10, 49);
INSERT INTO recipe_cook(recipe_id, cook_id) VALUES (10, 14);
INSERT INTO recipe_cook(recipe_id, cook_id) VALUES (10, 69);
INSERT INTO recipe_cook(recipe_id, cook_id) VALUES (10, 97);
INSERT INTO recipe_cook(recipe_id, cook_id) VALUES (10, 173);
INSERT INTO recipe_cook(recipe_id, cook_id) VALUES (10, 155);
INSERT INTO recipe_cook(recipe_id, cook_id) VALUES (10, 193);
INSERT INTO recipe_cook(recipe_id, cook_id) VALUES (10, 11);
INSERT INTO recipe_cook(recipe_id, cook_id) VALUES (10, 19);
INSERT INTO recipe_cook(recipe_id, cook_id) VALUES (10, 198);
INSERT INTO recipe_cook(recipe_id, cook_id) VALUES (10, 151);
INSERT INTO recipe_cook(recipe_id, cook_id) VALUES (10, 199);
INSERT INTO recipe_cook(recipe_id, cook_id) VALUES (10, 172);
INSERT INTO recipe_cook(recipe_id, cook_id) VALUES (10, 144);
INSERT INTO recipe_cook(recipe_id, cook_id) VALUES (10, 56);
INSERT INTO recipe_cook(recipe_id, cook_id) VALUES (10, 123);
INSERT INTO recipe_cook(recipe_id, cook_id) VALUES (10, 54);
INSERT INTO recipe_cook(recipe_id, cook_id) VALUES (10, 86);
INSERT INTO recipe_cook(recipe_id, cook_id) VALUES (10, 78);
INSERT INTO recipe_cook(recipe_id, cook_id) VALUES (10, 4);
INSERT INTO recipe_cook(recipe_id, cook_id) VALUES (10, 55);
INSERT INTO recipe_cook(recipe_id, cook_id) VALUES (10, 189);
INSERT INTO recipe_themes(recipe_id, theme_id) VALUES (10, 8);
INSERT INTO recipe_themes(recipe_id, theme_id) VALUES (10, 31);
INSERT INTO recipe_themes(recipe_id, theme_id) VALUES (10, 16);
INSERT INTO recipe_tip(recipe_id, tip_id) VALUES (10, 39);
INSERT INTO recipe_tip(recipe_id, tip_id) VALUES (10, 14);
INSERT INTO recipe_tip(recipe_id, tip_id) VALUES (10, 26);

INSERT INTO recipe(baking, cuisine_id, difficulty, recipe_title, recipe_description, prep_time, cook_time, portions, fat_portion, protein_portion, carbs_portion, picture_uri, picture_description) VALUES(1, 17, 3,'Paella', 'Difficult enough fast bar next their process. Reason avoid manager defense provide. Stand could bit decade opportunity month teach. Remain pretty summer black candidate.', 95, 70, 4, 5, 60,75, 'https://dummyimage.com/744x789', 'Message sister could everyone clearly film thank possible.');
INSERT INTO recipe_meal_type(recipe_id, meal_type_id) VALUES (11, 6);
INSERT INTO recipe_tag(recipe_id, tag_id) VALUES (11, 27);
INSERT INTO recipe_tag(recipe_id, tag_id) VALUES (11, 48);
INSERT INTO recipe_tag(recipe_id, tag_id) VALUES (11, 41);
INSERT INTO recipe_tag(recipe_id, tag_id) VALUES (11, 53);
INSERT INTO recipe_tag(recipe_id, tag_id) VALUES (11, 6);
INSERT INTO recipe_tag(recipe_id, tag_id) VALUES (11, 73);
INSERT INTO recipe_equipment(recipe_id, equipment_id, num) VALUES (11, 5, 1);
INSERT INTO recipe_equipment(recipe_id, equipment_id, num) VALUES (11, 1, 1);
INSERT INTO recipe_equipment(recipe_id, equipment_id, num) VALUES (11, 9, 4);
INSERT INTO recipe_equipment(recipe_id, equipment_id, num) VALUES (11, 14, 4);
INSERT INTO recipe_cook(recipe_id, cook_id) VALUES (11, 40);
INSERT INTO recipe_cook(recipe_id, cook_id) VALUES (11, 51);
INSERT INTO recipe_cook(recipe_id, cook_id) VALUES (11, 85);
INSERT INTO recipe_cook(recipe_id, cook_id) VALUES (11, 59);
INSERT INTO recipe_cook(recipe_id, cook_id) VALUES (11, 98);
INSERT INTO recipe_cook(recipe_id, cook_id) VALUES (11, 146);
INSERT INTO recipe_cook(recipe_id, cook_id) VALUES (11, 63);
INSERT INTO recipe_cook(recipe_id, cook_id) VALUES (11, 128);
INSERT INTO recipe_cook(recipe_id, cook_id) VALUES (11, 141);
INSERT INTO recipe_cook(recipe_id, cook_id) VALUES (11, 168);
INSERT INTO recipe_cook(recipe_id, cook_id) VALUES (11, 176);
INSERT INTO recipe_cook(recipe_id, cook_id) VALUES (11, 87);
INSERT INTO recipe_cook(recipe_id, cook_id) VALUES (11, 66);
INSERT INTO recipe_cook(recipe_id, cook_id) VALUES (11, 126);
INSERT INTO recipe_cook(recipe_id, cook_id) VALUES (11, 186);
INSERT INTO recipe_cook(recipe_id, cook_id) VALUES (11, 165);
INSERT INTO recipe_cook(recipe_id, cook_id) VALUES (11, 187);
INSERT INTO recipe_cook(recipe_id, cook_id) VALUES (11, 118);
INSERT INTO recipe_cook(recipe_id, cook_id) VALUES (11, 44);
INSERT INTO recipe_cook(recipe_id, cook_id) VALUES (11, 91);
INSERT INTO recipe_cook(recipe_id, cook_id) VALUES (11, 182);
INSERT INTO recipe_cook(recipe_id, cook_id) VALUES (11, 36);
INSERT INTO recipe_cook(recipe_id, cook_id) VALUES (11, 140);
INSERT INTO recipe_cook(recipe_id, cook_id) VALUES (11, 184);
INSERT INTO recipe_cook(recipe_id, cook_id) VALUES (11, 48);
INSERT INTO recipe_cook(recipe_id, cook_id) VALUES (11, 139);
INSERT INTO recipe_cook(recipe_id, cook_id) VALUES (11, 185);
INSERT INTO recipe_cook(recipe_id, cook_id) VALUES (11, 16);
INSERT INTO recipe_cook(recipe_id, cook_id) VALUES (11, 135);
INSERT INTO recipe_cook(recipe_id, cook_id) VALUES (11, 9);
INSERT INTO recipe_cook(recipe_id, cook_id) VALUES (11, 20);
INSERT INTO recipe_cook(recipe_id, cook_id) VALUES (11, 13);
INSERT INTO recipe_cook(recipe_id, cook_id) VALUES (11, 2);
INSERT INTO recipe_cook(recipe_id, cook_id) VALUES (11, 106);
INSERT INTO recipe_cook(recipe_id, cook_id) VALUES (11, 179);
INSERT INTO recipe_cook(recipe_id, cook_id) VALUES (11, 162);
INSERT INTO recipe_cook(recipe_id, cook_id) VALUES (11, 60);
INSERT INTO recipe_cook(recipe_id, cook_id) VALUES (11, 18);
INSERT INTO recipe_cook(recipe_id, cook_id) VALUES (11, 39);
INSERT INTO recipe_cook(recipe_id, cook_id) VALUES (11, 3);
INSERT INTO recipe_cook(recipe_id, cook_id) VALUES (11, 56);
INSERT INTO recipe_cook(recipe_id, cook_id) VALUES (11, 130);
INSERT INTO recipe_cook(recipe_id, cook_id) VALUES (11, 117);
INSERT INTO recipe_cook(recipe_id, cook_id) VALUES (11, 96);
INSERT INTO recipe_cook(recipe_id, cook_id) VALUES (11, 173);
INSERT INTO recipe_cook(recipe_id, cook_id) VALUES (11, 124);
INSERT INTO recipe_cook(recipe_id, cook_id) VALUES (11, 125);
INSERT INTO recipe_cook(recipe_id, cook_id) VALUES (11, 5);
INSERT INTO recipe_cook(recipe_id, cook_id) VALUES (11, 191);
INSERT INTO recipe_cook(recipe_id, cook_id) VALUES (11, 137);
INSERT INTO recipe_cook(recipe_id, cook_id) VALUES (11, 142);
INSERT INTO recipe_cook(recipe_id, cook_id) VALUES (11, 167);
INSERT INTO recipe_cook(recipe_id, cook_id) VALUES (11, 4);
INSERT INTO recipe_cook(recipe_id, cook_id) VALUES (11, 153);
INSERT INTO recipe_cook(recipe_id, cook_id) VALUES (11, 136);
INSERT INTO recipe_cook(recipe_id, cook_id) VALUES (11, 71);
INSERT INTO recipe_cook(recipe_id, cook_id) VALUES (11, 138);
INSERT INTO recipe_cook(recipe_id, cook_id) VALUES (11, 74);
INSERT INTO recipe_cook(recipe_id, cook_id) VALUES (11, 147);
INSERT INTO recipe_cook(recipe_id, cook_id) VALUES (11, 129);
INSERT INTO recipe_cook(recipe_id, cook_id) VALUES (11, 111);
INSERT INTO recipe_cook(recipe_id, cook_id) VALUES (11, 46);
INSERT INTO recipe_cook(recipe_id, cook_id) VALUES (11, 28);
INSERT INTO recipe_cook(recipe_id, cook_id) VALUES (11, 25);
INSERT INTO recipe_cook(recipe_id, cook_id) VALUES (11, 172);
INSERT INTO recipe_cook(recipe_id, cook_id) VALUES (11, 174);
INSERT INTO recipe_cook(recipe_id, cook_id) VALUES (11, 62);
INSERT INTO recipe_cook(recipe_id, cook_id) VALUES (11, 50);
INSERT INTO recipe_cook(recipe_id, cook_id) VALUES (11, 65);
INSERT INTO recipe_cook(recipe_id, cook_id) VALUES (11, 181);
INSERT INTO recipe_cook(recipe_id, cook_id) VALUES (11, 69);
INSERT INTO recipe_cook(recipe_id, cook_id) VALUES (11, 102);
INSERT INTO recipe_cook(recipe_id, cook_id) VALUES (11, 21);
INSERT INTO recipe_cook(recipe_id, cook_id) VALUES (11, 190);
INSERT INTO recipe_cook(recipe_id, cook_id) VALUES (11, 123);
INSERT INTO recipe_cook(recipe_id, cook_id) VALUES (11, 52);
INSERT INTO recipe_themes(recipe_id, theme_id) VALUES (11, 37);
INSERT INTO recipe_themes(recipe_id, theme_id) VALUES (11, 16);
INSERT INTO recipe_tip(recipe_id, tip_id) VALUES (11, 15);
INSERT INTO recipe_tip(recipe_id, tip_id) VALUES (11, 20);
INSERT INTO recipe_tip(recipe_id, tip_id) VALUES (11, 6);

INSERT INTO recipe(baking, cuisine_id, difficulty, recipe_title, recipe_description, prep_time, cook_time, portions, fat_portion, protein_portion, carbs_portion, picture_uri, picture_description) VALUES(1, 36, 4,'Chicken Pad Thai', 'Seat drive thus cost. Live most goal. Until base issue character. Issue free kid have any him up.', 15, 100, 1, 55, 10,10, 'https://picsum.photos/397/602', 'Computer every parent million body anyone.');
INSERT INTO recipe_meal_type(recipe_id, meal_type_id) VALUES (12, 5);
INSERT INTO recipe_tag(recipe_id, tag_id) VALUES (12, 56);
INSERT INTO recipe_tag(recipe_id, tag_id) VALUES (12, 83);
INSERT INTO recipe_tag(recipe_id, tag_id) VALUES (12, 43);
INSERT INTO recipe_tag(recipe_id, tag_id) VALUES (12, 73);
INSERT INTO recipe_tag(recipe_id, tag_id) VALUES (12, 13);
INSERT INTO recipe_tag(recipe_id, tag_id) VALUES (12, 68);
INSERT INTO recipe_tag(recipe_id, tag_id) VALUES (12, 6);
INSERT INTO recipe_tag(recipe_id, tag_id) VALUES (12, 30);
INSERT INTO recipe_equipment(recipe_id, equipment_id, num) VALUES (12, 19, 3);
INSERT INTO recipe_equipment(recipe_id, equipment_id, num) VALUES (12, 16, 1);
INSERT INTO recipe_equipment(recipe_id, equipment_id, num) VALUES (12, 9, 1);
INSERT INTO recipe_equipment(recipe_id, equipment_id, num) VALUES (12, 2, 4);
INSERT INTO recipe_cook(recipe_id, cook_id) VALUES (12, 176);
INSERT INTO recipe_cook(recipe_id, cook_id) VALUES (12, 72);
INSERT INTO recipe_cook(recipe_id, cook_id) VALUES (12, 140);
INSERT INTO recipe_cook(recipe_id, cook_id) VALUES (12, 145);
INSERT INTO recipe_cook(recipe_id, cook_id) VALUES (12, 169);
INSERT INTO recipe_cook(recipe_id, cook_id) VALUES (12, 9);
INSERT INTO recipe_cook(recipe_id, cook_id) VALUES (12, 46);
INSERT INTO recipe_cook(recipe_id, cook_id) VALUES (12, 81);
INSERT INTO recipe_cook(recipe_id, cook_id) VALUES (12, 5);
INSERT INTO recipe_cook(recipe_id, cook_id) VALUES (12, 54);
INSERT INTO recipe_cook(recipe_id, cook_id) VALUES (12, 151);
INSERT INTO recipe_cook(recipe_id, cook_id) VALUES (12, 37);
INSERT INTO recipe_cook(recipe_id, cook_id) VALUES (12, 193);
INSERT INTO recipe_cook(recipe_id, cook_id) VALUES (12, 183);
INSERT INTO recipe_cook(recipe_id, cook_id) VALUES (12, 102);
INSERT INTO recipe_cook(recipe_id, cook_id) VALUES (12, 20);
INSERT INTO recipe_cook(recipe_id, cook_id) VALUES (12, 77);
INSERT INTO recipe_cook(recipe_id, cook_id) VALUES (12, 42);
INSERT INTO recipe_cook(recipe_id, cook_id) VALUES (12, 62);
INSERT INTO recipe_cook(recipe_id, cook_id) VALUES (12, 146);
INSERT INTO recipe_themes(recipe_id, theme_id) VALUES (12, 35);
INSERT INTO recipe_themes(recipe_id, theme_id) VALUES (12, 22);
INSERT INTO recipe_tip(recipe_id, tip_id) VALUES (12, 9);
INSERT INTO recipe_tip(recipe_id, tip_id) VALUES (12, 6);

INSERT INTO recipe(baking, cuisine_id, difficulty, recipe_title, recipe_description, prep_time, cook_time, portions, fat_portion, protein_portion, carbs_portion, picture_uri, picture_description) VALUES(0, 5, 3,'Pho', 'Boy time offer draw mother. Difficult per respond hot big.', 105, 120, 5, 45, 30,50, 'https://picsum.photos/549/1014', 'Size girl explain others.');
INSERT INTO recipe_meal_type(recipe_id, meal_type_id) VALUES (13, 4);
INSERT INTO recipe_tag(recipe_id, tag_id) VALUES (13, 82);
INSERT INTO recipe_equipment(recipe_id, equipment_id, num) VALUES (13, 15, 3);
INSERT INTO recipe_equipment(recipe_id, equipment_id, num) VALUES (13, 16, 4);
INSERT INTO recipe_equipment(recipe_id, equipment_id, num) VALUES (13, 8, 3);
INSERT INTO recipe_equipment(recipe_id, equipment_id, num) VALUES (13, 12, 1);
INSERT INTO recipe_equipment(recipe_id, equipment_id, num) VALUES (13, 13, 2);
INSERT INTO recipe_cook(recipe_id, cook_id) VALUES (13, 48);
INSERT INTO recipe_cook(recipe_id, cook_id) VALUES (13, 175);
INSERT INTO recipe_cook(recipe_id, cook_id) VALUES (13, 150);
INSERT INTO recipe_cook(recipe_id, cook_id) VALUES (13, 170);
INSERT INTO recipe_cook(recipe_id, cook_id) VALUES (13, 98);
INSERT INTO recipe_cook(recipe_id, cook_id) VALUES (13, 22);
INSERT INTO recipe_cook(recipe_id, cook_id) VALUES (13, 159);
INSERT INTO recipe_cook(recipe_id, cook_id) VALUES (13, 76);
INSERT INTO recipe_cook(recipe_id, cook_id) VALUES (13, 64);
INSERT INTO recipe_cook(recipe_id, cook_id) VALUES (13, 183);
INSERT INTO recipe_cook(recipe_id, cook_id) VALUES (13, 19);
INSERT INTO recipe_cook(recipe_id, cook_id) VALUES (13, 195);
INSERT INTO recipe_cook(recipe_id, cook_id) VALUES (13, 69);
INSERT INTO recipe_cook(recipe_id, cook_id) VALUES (13, 40);
INSERT INTO recipe_cook(recipe_id, cook_id) VALUES (13, 196);
INSERT INTO recipe_cook(recipe_id, cook_id) VALUES (13, 191);
INSERT INTO recipe_cook(recipe_id, cook_id) VALUES (13, 163);
INSERT INTO recipe_cook(recipe_id, cook_id) VALUES (13, 187);
INSERT INTO recipe_cook(recipe_id, cook_id) VALUES (13, 100);
INSERT INTO recipe_cook(recipe_id, cook_id) VALUES (13, 82);
INSERT INTO recipe_cook(recipe_id, cook_id) VALUES (13, 93);
INSERT INTO recipe_cook(recipe_id, cook_id) VALUES (13, 28);
INSERT INTO recipe_cook(recipe_id, cook_id) VALUES (13, 24);
INSERT INTO recipe_cook(recipe_id, cook_id) VALUES (13, 2);
INSERT INTO recipe_cook(recipe_id, cook_id) VALUES (13, 79);
INSERT INTO recipe_cook(recipe_id, cook_id) VALUES (13, 114);
INSERT INTO recipe_cook(recipe_id, cook_id) VALUES (13, 180);
INSERT INTO recipe_cook(recipe_id, cook_id) VALUES (13, 70);
INSERT INTO recipe_cook(recipe_id, cook_id) VALUES (13, 27);
INSERT INTO recipe_cook(recipe_id, cook_id) VALUES (13, 34);
INSERT INTO recipe_cook(recipe_id, cook_id) VALUES (13, 23);
INSERT INTO recipe_cook(recipe_id, cook_id) VALUES (13, 200);
INSERT INTO recipe_cook(recipe_id, cook_id) VALUES (13, 111);
INSERT INTO recipe_cook(recipe_id, cook_id) VALUES (13, 115);
INSERT INTO recipe_cook(recipe_id, cook_id) VALUES (13, 143);
INSERT INTO recipe_cook(recipe_id, cook_id) VALUES (13, 166);
INSERT INTO recipe_cook(recipe_id, cook_id) VALUES (13, 132);
INSERT INTO recipe_cook(recipe_id, cook_id) VALUES (13, 105);
INSERT INTO recipe_cook(recipe_id, cook_id) VALUES (13, 172);
INSERT INTO recipe_cook(recipe_id, cook_id) VALUES (13, 7);
INSERT INTO recipe_cook(recipe_id, cook_id) VALUES (13, 197);
INSERT INTO recipe_cook(recipe_id, cook_id) VALUES (13, 91);
INSERT INTO recipe_cook(recipe_id, cook_id) VALUES (13, 142);
INSERT INTO recipe_cook(recipe_id, cook_id) VALUES (13, 178);
INSERT INTO recipe_cook(recipe_id, cook_id) VALUES (13, 153);
INSERT INTO recipe_cook(recipe_id, cook_id) VALUES (13, 154);
INSERT INTO recipe_cook(recipe_id, cook_id) VALUES (13, 84);
INSERT INTO recipe_cook(recipe_id, cook_id) VALUES (13, 99);
INSERT INTO recipe_cook(recipe_id, cook_id) VALUES (13, 4);
INSERT INTO recipe_cook(recipe_id, cook_id) VALUES (13, 75);
INSERT INTO recipe_cook(recipe_id, cook_id) VALUES (13, 106);
INSERT INTO recipe_cook(recipe_id, cook_id) VALUES (13, 182);
INSERT INTO recipe_cook(recipe_id, cook_id) VALUES (13, 189);
INSERT INTO recipe_cook(recipe_id, cook_id) VALUES (13, 144);
INSERT INTO recipe_cook(recipe_id, cook_id) VALUES (13, 63);
INSERT INTO recipe_cook(recipe_id, cook_id) VALUES (13, 134);
INSERT INTO recipe_cook(recipe_id, cook_id) VALUES (13, 44);
INSERT INTO recipe_cook(recipe_id, cook_id) VALUES (13, 186);
INSERT INTO recipe_cook(recipe_id, cook_id) VALUES (13, 147);
INSERT INTO recipe_cook(recipe_id, cook_id) VALUES (13, 36);
INSERT INTO recipe_cook(recipe_id, cook_id) VALUES (13, 188);
INSERT INTO recipe_cook(recipe_id, cook_id) VALUES (13, 78);
INSERT INTO recipe_cook(recipe_id, cook_id) VALUES (13, 140);
INSERT INTO recipe_cook(recipe_id, cook_id) VALUES (13, 127);
INSERT INTO recipe_cook(recipe_id, cook_id) VALUES (13, 38);
INSERT INTO recipe_cook(recipe_id, cook_id) VALUES (13, 17);
INSERT INTO recipe_cook(recipe_id, cook_id) VALUES (13, 43);
INSERT INTO recipe_cook(recipe_id, cook_id) VALUES (13, 112);
INSERT INTO recipe_cook(recipe_id, cook_id) VALUES (13, 71);
INSERT INTO recipe_cook(recipe_id, cook_id) VALUES (13, 108);
INSERT INTO recipe_cook(recipe_id, cook_id) VALUES (13, 77);
INSERT INTO recipe_cook(recipe_id, cook_id) VALUES (13, 124);
INSERT INTO recipe_cook(recipe_id, cook_id) VALUES (13, 20);
INSERT INTO recipe_cook(recipe_id, cook_id) VALUES (13, 47);
INSERT INTO recipe_cook(recipe_id, cook_id) VALUES (13, 33);
INSERT INTO recipe_cook(recipe_id, cook_id) VALUES (13, 121);
INSERT INTO recipe_cook(recipe_id, cook_id) VALUES (13, 32);
INSERT INTO recipe_cook(recipe_id, cook_id) VALUES (13, 174);
INSERT INTO recipe_cook(recipe_id, cook_id) VALUES (13, 81);
INSERT INTO recipe_cook(recipe_id, cook_id) VALUES (13, 192);
INSERT INTO recipe_cook(recipe_id, cook_id) VALUES (13, 130);
INSERT INTO recipe_cook(recipe_id, cook_id) VALUES (13, 176);
INSERT INTO recipe_cook(recipe_id, cook_id) VALUES (13, 26);
INSERT INTO recipe_cook(recipe_id, cook_id) VALUES (13, 59);
INSERT INTO recipe_cook(recipe_id, cook_id) VALUES (13, 14);
INSERT INTO recipe_cook(recipe_id, cook_id) VALUES (13, 18);
INSERT INTO recipe_cook(recipe_id, cook_id) VALUES (13, 39);
INSERT INTO recipe_cook(recipe_id, cook_id) VALUES (13, 1);
INSERT INTO recipe_cook(recipe_id, cook_id) VALUES (13, 51);
INSERT INTO recipe_cook(recipe_id, cook_id) VALUES (13, 145);
INSERT INTO recipe_cook(recipe_id, cook_id) VALUES (13, 131);
INSERT INTO recipe_cook(recipe_id, cook_id) VALUES (13, 80);
INSERT INTO recipe_cook(recipe_id, cook_id) VALUES (13, 49);
INSERT INTO recipe_cook(recipe_id, cook_id) VALUES (13, 103);
INSERT INTO recipe_cook(recipe_id, cook_id) VALUES (13, 168);
INSERT INTO recipe_cook(recipe_id, cook_id) VALUES (13, 57);
INSERT INTO recipe_cook(recipe_id, cook_id) VALUES (13, 198);
INSERT INTO recipe_cook(recipe_id, cook_id) VALUES (13, 56);
INSERT INTO recipe_cook(recipe_id, cook_id) VALUES (13, 155);
INSERT INTO recipe_cook(recipe_id, cook_id) VALUES (13, 120);
INSERT INTO recipe_cook(recipe_id, cook_id) VALUES (13, 167);
INSERT INTO recipe_cook(recipe_id, cook_id) VALUES (13, 199);
INSERT INTO recipe_cook(recipe_id, cook_id) VALUES (13, 42);
INSERT INTO recipe_cook(recipe_id, cook_id) VALUES (13, 139);
INSERT INTO recipe_cook(recipe_id, cook_id) VALUES (13, 89);
INSERT INTO recipe_cook(recipe_id, cook_id) VALUES (13, 118);
INSERT INTO recipe_cook(recipe_id, cook_id) VALUES (13, 62);
INSERT INTO recipe_cook(recipe_id, cook_id) VALUES (13, 41);
INSERT INTO recipe_cook(recipe_id, cook_id) VALUES (13, 160);
INSERT INTO recipe_cook(recipe_id, cook_id) VALUES (13, 133);
INSERT INTO recipe_cook(recipe_id, cook_id) VALUES (13, 123);
INSERT INTO recipe_themes(recipe_id, theme_id) VALUES (13, 32);
INSERT INTO recipe_themes(recipe_id, theme_id) VALUES (13, 37);
INSERT INTO recipe_tip(recipe_id, tip_id) VALUES (13, 21);

INSERT INTO recipe(baking, cuisine_id, difficulty, recipe_title, recipe_description, prep_time, cook_time, portions, fat_portion, protein_portion, carbs_portion, picture_uri, picture_description) VALUES(0, 44, 5,'Spring Rolls', 'Continue traditional performance school. Color race coach forward lay.', 15, 110, 4, 55, 15,70, 'https://dummyimage.com/26x971', 'Again window thing color set act.');
INSERT INTO recipe_meal_type(recipe_id, meal_type_id) VALUES (14, 4);
INSERT INTO recipe_tag(recipe_id, tag_id) VALUES (14, 89);
INSERT INTO recipe_tag(recipe_id, tag_id) VALUES (14, 9);
INSERT INTO recipe_tag(recipe_id, tag_id) VALUES (14, 53);
INSERT INTO recipe_tag(recipe_id, tag_id) VALUES (14, 87);
INSERT INTO recipe_tag(recipe_id, tag_id) VALUES (14, 64);
INSERT INTO recipe_equipment(recipe_id, equipment_id, num) VALUES (14, 10, 2);
INSERT INTO recipe_equipment(recipe_id, equipment_id, num) VALUES (14, 8, 1);
INSERT INTO recipe_equipment(recipe_id, equipment_id, num) VALUES (14, 9, 1);
INSERT INTO recipe_equipment(recipe_id, equipment_id, num) VALUES (14, 5, 2);
INSERT INTO recipe_cook(recipe_id, cook_id) VALUES (14, 109);
INSERT INTO recipe_cook(recipe_id, cook_id) VALUES (14, 97);
INSERT INTO recipe_cook(recipe_id, cook_id) VALUES (14, 19);
INSERT INTO recipe_cook(recipe_id, cook_id) VALUES (14, 115);
INSERT INTO recipe_cook(recipe_id, cook_id) VALUES (14, 154);
INSERT INTO recipe_cook(recipe_id, cook_id) VALUES (14, 123);
INSERT INTO recipe_cook(recipe_id, cook_id) VALUES (14, 150);
INSERT INTO recipe_cook(recipe_id, cook_id) VALUES (14, 103);
INSERT INTO recipe_cook(recipe_id, cook_id) VALUES (14, 137);
INSERT INTO recipe_cook(recipe_id, cook_id) VALUES (14, 130);
INSERT INTO recipe_cook(recipe_id, cook_id) VALUES (14, 178);
INSERT INTO recipe_cook(recipe_id, cook_id) VALUES (14, 108);
INSERT INTO recipe_cook(recipe_id, cook_id) VALUES (14, 140);
INSERT INTO recipe_cook(recipe_id, cook_id) VALUES (14, 10);
INSERT INTO recipe_cook(recipe_id, cook_id) VALUES (14, 93);
INSERT INTO recipe_cook(recipe_id, cook_id) VALUES (14, 180);
INSERT INTO recipe_cook(recipe_id, cook_id) VALUES (14, 138);
INSERT INTO recipe_cook(recipe_id, cook_id) VALUES (14, 153);
INSERT INTO recipe_cook(recipe_id, cook_id) VALUES (14, 164);
INSERT INTO recipe_cook(recipe_id, cook_id) VALUES (14, 22);
INSERT INTO recipe_cook(recipe_id, cook_id) VALUES (14, 28);
INSERT INTO recipe_cook(recipe_id, cook_id) VALUES (14, 64);
INSERT INTO recipe_cook(recipe_id, cook_id) VALUES (14, 169);
INSERT INTO recipe_cook(recipe_id, cook_id) VALUES (14, 171);
INSERT INTO recipe_cook(recipe_id, cook_id) VALUES (14, 91);
INSERT INTO recipe_cook(recipe_id, cook_id) VALUES (14, 43);
INSERT INTO recipe_cook(recipe_id, cook_id) VALUES (14, 166);
INSERT INTO recipe_cook(recipe_id, cook_id) VALUES (14, 157);
INSERT INTO recipe_cook(recipe_id, cook_id) VALUES (14, 12);
INSERT INTO recipe_cook(recipe_id, cook_id) VALUES (14, 145);
INSERT INTO recipe_cook(recipe_id, cook_id) VALUES (14, 174);
INSERT INTO recipe_cook(recipe_id, cook_id) VALUES (14, 170);
INSERT INTO recipe_cook(recipe_id, cook_id) VALUES (14, 193);
INSERT INTO recipe_cook(recipe_id, cook_id) VALUES (14, 85);
INSERT INTO recipe_cook(recipe_id, cook_id) VALUES (14, 111);
INSERT INTO recipe_cook(recipe_id, cook_id) VALUES (14, 185);
INSERT INTO recipe_cook(recipe_id, cook_id) VALUES (14, 3);
INSERT INTO recipe_cook(recipe_id, cook_id) VALUES (14, 26);
INSERT INTO recipe_cook(recipe_id, cook_id) VALUES (14, 67);
INSERT INTO recipe_cook(recipe_id, cook_id) VALUES (14, 57);
INSERT INTO recipe_cook(recipe_id, cook_id) VALUES (14, 131);
INSERT INTO recipe_cook(recipe_id, cook_id) VALUES (14, 133);
INSERT INTO recipe_cook(recipe_id, cook_id) VALUES (14, 143);
INSERT INTO recipe_cook(recipe_id, cook_id) VALUES (14, 149);
INSERT INTO recipe_cook(recipe_id, cook_id) VALUES (14, 148);
INSERT INTO recipe_cook(recipe_id, cook_id) VALUES (14, 161);
INSERT INTO recipe_cook(recipe_id, cook_id) VALUES (14, 197);
INSERT INTO recipe_cook(recipe_id, cook_id) VALUES (14, 96);
INSERT INTO recipe_cook(recipe_id, cook_id) VALUES (14, 101);
INSERT INTO recipe_cook(recipe_id, cook_id) VALUES (14, 119);
INSERT INTO recipe_cook(recipe_id, cook_id) VALUES (14, 129);
INSERT INTO recipe_cook(recipe_id, cook_id) VALUES (14, 39);
INSERT INTO recipe_cook(recipe_id, cook_id) VALUES (14, 89);
INSERT INTO recipe_cook(recipe_id, cook_id) VALUES (14, 7);
INSERT INTO recipe_cook(recipe_id, cook_id) VALUES (14, 124);
INSERT INTO recipe_cook(recipe_id, cook_id) VALUES (14, 27);
INSERT INTO recipe_cook(recipe_id, cook_id) VALUES (14, 76);
INSERT INTO recipe_cook(recipe_id, cook_id) VALUES (14, 107);
INSERT INTO recipe_cook(recipe_id, cook_id) VALUES (14, 181);
INSERT INTO recipe_cook(recipe_id, cook_id) VALUES (14, 30);
INSERT INTO recipe_cook(recipe_id, cook_id) VALUES (14, 37);
INSERT INTO recipe_cook(recipe_id, cook_id) VALUES (14, 90);
INSERT INTO recipe_cook(recipe_id, cook_id) VALUES (14, 80);
INSERT INTO recipe_cook(recipe_id, cook_id) VALUES (14, 88);
INSERT INTO recipe_cook(recipe_id, cook_id) VALUES (14, 117);
INSERT INTO recipe_cook(recipe_id, cook_id) VALUES (14, 53);
INSERT INTO recipe_cook(recipe_id, cook_id) VALUES (14, 134);
INSERT INTO recipe_cook(recipe_id, cook_id) VALUES (14, 146);
INSERT INTO recipe_cook(recipe_id, cook_id) VALUES (14, 139);
INSERT INTO recipe_cook(recipe_id, cook_id) VALUES (14, 122);
INSERT INTO recipe_cook(recipe_id, cook_id) VALUES (14, 25);
INSERT INTO recipe_cook(recipe_id, cook_id) VALUES (14, 113);
INSERT INTO recipe_cook(recipe_id, cook_id) VALUES (14, 116);
INSERT INTO recipe_cook(recipe_id, cook_id) VALUES (14, 41);
INSERT INTO recipe_cook(recipe_id, cook_id) VALUES (14, 9);
INSERT INTO recipe_cook(recipe_id, cook_id) VALUES (14, 173);
INSERT INTO recipe_cook(recipe_id, cook_id) VALUES (14, 6);
INSERT INTO recipe_cook(recipe_id, cook_id) VALUES (14, 104);
INSERT INTO recipe_cook(recipe_id, cook_id) VALUES (14, 176);
INSERT INTO recipe_cook(recipe_id, cook_id) VALUES (14, 15);
INSERT INTO recipe_cook(recipe_id, cook_id) VALUES (14, 182);
INSERT INTO recipe_cook(recipe_id, cook_id) VALUES (14, 200);
INSERT INTO recipe_cook(recipe_id, cook_id) VALUES (14, 44);
INSERT INTO recipe_cook(recipe_id, cook_id) VALUES (14, 83);
INSERT INTO recipe_cook(recipe_id, cook_id) VALUES (14, 14);
INSERT INTO recipe_cook(recipe_id, cook_id) VALUES (14, 87);
INSERT INTO recipe_cook(recipe_id, cook_id) VALUES (14, 168);
INSERT INTO recipe_cook(recipe_id, cook_id) VALUES (14, 142);
INSERT INTO recipe_cook(recipe_id, cook_id) VALUES (14, 95);
INSERT INTO recipe_cook(recipe_id, cook_id) VALUES (14, 32);
INSERT INTO recipe_cook(recipe_id, cook_id) VALUES (14, 162);
INSERT INTO recipe_cook(recipe_id, cook_id) VALUES (14, 23);
INSERT INTO recipe_cook(recipe_id, cook_id) VALUES (14, 71);
INSERT INTO recipe_cook(recipe_id, cook_id) VALUES (14, 21);
INSERT INTO recipe_cook(recipe_id, cook_id) VALUES (14, 175);
INSERT INTO recipe_cook(recipe_id, cook_id) VALUES (14, 72);
INSERT INTO recipe_cook(recipe_id, cook_id) VALUES (14, 55);
INSERT INTO recipe_cook(recipe_id, cook_id) VALUES (14, 60);
INSERT INTO recipe_cook(recipe_id, cook_id) VALUES (14, 141);
INSERT INTO recipe_cook(recipe_id, cook_id) VALUES (14, 52);
INSERT INTO recipe_cook(recipe_id, cook_id) VALUES (14, 81);
INSERT INTO recipe_cook(recipe_id, cook_id) VALUES (14, 24);
INSERT INTO recipe_cook(recipe_id, cook_id) VALUES (14, 99);
INSERT INTO recipe_cook(recipe_id, cook_id) VALUES (14, 82);
INSERT INTO recipe_cook(recipe_id, cook_id) VALUES (14, 167);
INSERT INTO recipe_cook(recipe_id, cook_id) VALUES (14, 56);
INSERT INTO recipe_cook(recipe_id, cook_id) VALUES (14, 51);
INSERT INTO recipe_cook(recipe_id, cook_id) VALUES (14, 4);
INSERT INTO recipe_cook(recipe_id, cook_id) VALUES (14, 79);
INSERT INTO recipe_cook(recipe_id, cook_id) VALUES (14, 163);
INSERT INTO recipe_cook(recipe_id, cook_id) VALUES (14, 58);
INSERT INTO recipe_cook(recipe_id, cook_id) VALUES (14, 144);
INSERT INTO recipe_cook(recipe_id, cook_id) VALUES (14, 195);
INSERT INTO recipe_cook(recipe_id, cook_id) VALUES (14, 50);
INSERT INTO recipe_cook(recipe_id, cook_id) VALUES (14, 1);
INSERT INTO recipe_cook(recipe_id, cook_id) VALUES (14, 165);
INSERT INTO recipe_cook(recipe_id, cook_id) VALUES (14, 177);
INSERT INTO recipe_cook(recipe_id, cook_id) VALUES (14, 36);
INSERT INTO recipe_cook(recipe_id, cook_id) VALUES (14, 126);
INSERT INTO recipe_cook(recipe_id, cook_id) VALUES (14, 74);
INSERT INTO recipe_cook(recipe_id, cook_id) VALUES (14, 128);
INSERT INTO recipe_cook(recipe_id, cook_id) VALUES (14, 69);
INSERT INTO recipe_cook(recipe_id, cook_id) VALUES (14, 98);
INSERT INTO recipe_cook(recipe_id, cook_id) VALUES (14, 47);
INSERT INTO recipe_cook(recipe_id, cook_id) VALUES (14, 42);
INSERT INTO recipe_cook(recipe_id, cook_id) VALUES (14, 160);
INSERT INTO recipe_cook(recipe_id, cook_id) VALUES (14, 59);
INSERT INTO recipe_cook(recipe_id, cook_id) VALUES (14, 121);
INSERT INTO recipe_cook(recipe_id, cook_id) VALUES (14, 34);
INSERT INTO recipe_cook(recipe_id, cook_id) VALUES (14, 63);
INSERT INTO recipe_cook(recipe_id, cook_id) VALUES (14, 68);
INSERT INTO recipe_cook(recipe_id, cook_id) VALUES (14, 127);
INSERT INTO recipe_cook(recipe_id, cook_id) VALUES (14, 196);
INSERT INTO recipe_cook(recipe_id, cook_id) VALUES (14, 94);
INSERT INTO recipe_cook(recipe_id, cook_id) VALUES (14, 73);
INSERT INTO recipe_cook(recipe_id, cook_id) VALUES (14, 45);
INSERT INTO recipe_cook(recipe_id, cook_id) VALUES (14, 46);
INSERT INTO recipe_cook(recipe_id, cook_id) VALUES (14, 192);
INSERT INTO recipe_cook(recipe_id, cook_id) VALUES (14, 102);
INSERT INTO recipe_cook(recipe_id, cook_id) VALUES (14, 40);
INSERT INTO recipe_cook(recipe_id, cook_id) VALUES (14, 172);
INSERT INTO recipe_cook(recipe_id, cook_id) VALUES (14, 135);
INSERT INTO recipe_cook(recipe_id, cook_id) VALUES (14, 118);
INSERT INTO recipe_cook(recipe_id, cook_id) VALUES (14, 179);
INSERT INTO recipe_cook(recipe_id, cook_id) VALUES (14, 152);
INSERT INTO recipe_cook(recipe_id, cook_id) VALUES (14, 20);
INSERT INTO recipe_cook(recipe_id, cook_id) VALUES (14, 61);
INSERT INTO recipe_cook(recipe_id, cook_id) VALUES (14, 38);
INSERT INTO recipe_cook(recipe_id, cook_id) VALUES (14, 159);
INSERT INTO recipe_cook(recipe_id, cook_id) VALUES (14, 132);
INSERT INTO recipe_cook(recipe_id, cook_id) VALUES (14, 199);
INSERT INTO recipe_cook(recipe_id, cook_id) VALUES (14, 158);
INSERT INTO recipe_cook(recipe_id, cook_id) VALUES (14, 8);
INSERT INTO recipe_cook(recipe_id, cook_id) VALUES (14, 16);
INSERT INTO recipe_cook(recipe_id, cook_id) VALUES (14, 189);
INSERT INTO recipe_cook(recipe_id, cook_id) VALUES (14, 48);
INSERT INTO recipe_cook(recipe_id, cook_id) VALUES (14, 114);
INSERT INTO recipe_cook(recipe_id, cook_id) VALUES (14, 78);
INSERT INTO recipe_cook(recipe_id, cook_id) VALUES (14, 187);
INSERT INTO recipe_cook(recipe_id, cook_id) VALUES (14, 33);
INSERT INTO recipe_cook(recipe_id, cook_id) VALUES (14, 191);
INSERT INTO recipe_cook(recipe_id, cook_id) VALUES (14, 84);
INSERT INTO recipe_cook(recipe_id, cook_id) VALUES (14, 70);
INSERT INTO recipe_cook(recipe_id, cook_id) VALUES (14, 188);
INSERT INTO recipe_cook(recipe_id, cook_id) VALUES (14, 54);
INSERT INTO recipe_cook(recipe_id, cook_id) VALUES (14, 183);
INSERT INTO recipe_cook(recipe_id, cook_id) VALUES (14, 110);
INSERT INTO recipe_cook(recipe_id, cook_id) VALUES (14, 190);
INSERT INTO recipe_cook(recipe_id, cook_id) VALUES (14, 105);
INSERT INTO recipe_cook(recipe_id, cook_id) VALUES (14, 18);
INSERT INTO recipe_cook(recipe_id, cook_id) VALUES (14, 112);
INSERT INTO recipe_cook(recipe_id, cook_id) VALUES (14, 77);
INSERT INTO recipe_cook(recipe_id, cook_id) VALUES (14, 156);
INSERT INTO recipe_cook(recipe_id, cook_id) VALUES (14, 5);
INSERT INTO recipe_cook(recipe_id, cook_id) VALUES (14, 62);
INSERT INTO recipe_cook(recipe_id, cook_id) VALUES (14, 11);
INSERT INTO recipe_cook(recipe_id, cook_id) VALUES (14, 66);
INSERT INTO recipe_cook(recipe_id, cook_id) VALUES (14, 155);
INSERT INTO recipe_cook(recipe_id, cook_id) VALUES (14, 2);
INSERT INTO recipe_cook(recipe_id, cook_id) VALUES (14, 92);
INSERT INTO recipe_cook(recipe_id, cook_id) VALUES (14, 86);
INSERT INTO recipe_cook(recipe_id, cook_id) VALUES (14, 29);
INSERT INTO recipe_cook(recipe_id, cook_id) VALUES (14, 125);
INSERT INTO recipe_cook(recipe_id, cook_id) VALUES (14, 147);
INSERT INTO recipe_themes(recipe_id, theme_id) VALUES (14, 36);
INSERT INTO recipe_themes(recipe_id, theme_id) VALUES (14, 33);
INSERT INTO recipe_tip(recipe_id, tip_id) VALUES (14, 32);
INSERT INTO recipe_tip(recipe_id, tip_id) VALUES (14, 27);
INSERT INTO recipe_tip(recipe_id, tip_id) VALUES (14, 29);

INSERT INTO recipe(baking, cuisine_id, difficulty, recipe_title, recipe_description, prep_time, cook_time, portions, fat_portion, protein_portion, carbs_portion, picture_uri, picture_description) VALUES(1, 3, 3,'French Toast', 'A their line and admit quite fact direction. Cold chair behind fight save laugh same. Either main hair add good report through. Machine establish mind policy challenge improve detail yes.', 45, 80, 3, 10, 60,70, 'https://picsum.photos/731/1019', 'Officer receive issue deal become.');
INSERT INTO recipe_meal_type(recipe_id, meal_type_id) VALUES (15, 1);
INSERT INTO recipe_tag(recipe_id, tag_id) VALUES (15, 71);
INSERT INTO recipe_tag(recipe_id, tag_id) VALUES (15, 66);
INSERT INTO recipe_tag(recipe_id, tag_id) VALUES (15, 15);
INSERT INTO recipe_tag(recipe_id, tag_id) VALUES (15, 74);
INSERT INTO recipe_tag(recipe_id, tag_id) VALUES (15, 35);
INSERT INTO recipe_tag(recipe_id, tag_id) VALUES (15, 100);
INSERT INTO recipe_tag(recipe_id, tag_id) VALUES (15, 70);
INSERT INTO recipe_tag(recipe_id, tag_id) VALUES (15, 47);
INSERT INTO recipe_equipment(recipe_id, equipment_id, num) VALUES (15, 2, 2);
INSERT INTO recipe_equipment(recipe_id, equipment_id, num) VALUES (15, 15, 1);
INSERT INTO recipe_equipment(recipe_id, equipment_id, num) VALUES (15, 18, 4);
INSERT INTO recipe_equipment(recipe_id, equipment_id, num) VALUES (15, 7, 3);
INSERT INTO recipe_equipment(recipe_id, equipment_id, num) VALUES (15, 14, 4);
INSERT INTO recipe_equipment(recipe_id, equipment_id, num) VALUES (15, 20, 3);
INSERT INTO recipe_equipment(recipe_id, equipment_id, num) VALUES (15, 12, 2);
INSERT INTO recipe_cook(recipe_id, cook_id) VALUES (15, 193);
INSERT INTO recipe_cook(recipe_id, cook_id) VALUES (15, 64);
INSERT INTO recipe_cook(recipe_id, cook_id) VALUES (15, 77);
INSERT INTO recipe_cook(recipe_id, cook_id) VALUES (15, 9);
INSERT INTO recipe_cook(recipe_id, cook_id) VALUES (15, 116);
INSERT INTO recipe_cook(recipe_id, cook_id) VALUES (15, 68);
INSERT INTO recipe_cook(recipe_id, cook_id) VALUES (15, 90);
INSERT INTO recipe_cook(recipe_id, cook_id) VALUES (15, 23);
INSERT INTO recipe_cook(recipe_id, cook_id) VALUES (15, 113);
INSERT INTO recipe_cook(recipe_id, cook_id) VALUES (15, 31);
INSERT INTO recipe_cook(recipe_id, cook_id) VALUES (15, 61);
INSERT INTO recipe_cook(recipe_id, cook_id) VALUES (15, 54);
INSERT INTO recipe_cook(recipe_id, cook_id) VALUES (15, 151);
INSERT INTO recipe_cook(recipe_id, cook_id) VALUES (15, 177);
INSERT INTO recipe_cook(recipe_id, cook_id) VALUES (15, 194);
INSERT INTO recipe_cook(recipe_id, cook_id) VALUES (15, 182);
INSERT INTO recipe_cook(recipe_id, cook_id) VALUES (15, 157);
INSERT INTO recipe_cook(recipe_id, cook_id) VALUES (15, 162);
INSERT INTO recipe_cook(recipe_id, cook_id) VALUES (15, 110);
INSERT INTO recipe_cook(recipe_id, cook_id) VALUES (15, 43);
INSERT INTO recipe_cook(recipe_id, cook_id) VALUES (15, 158);
INSERT INTO recipe_cook(recipe_id, cook_id) VALUES (15, 36);
INSERT INTO recipe_cook(recipe_id, cook_id) VALUES (15, 53);
INSERT INTO recipe_cook(recipe_id, cook_id) VALUES (15, 178);
INSERT INTO recipe_cook(recipe_id, cook_id) VALUES (15, 16);
INSERT INTO recipe_cook(recipe_id, cook_id) VALUES (15, 146);
INSERT INTO recipe_cook(recipe_id, cook_id) VALUES (15, 186);
INSERT INTO recipe_cook(recipe_id, cook_id) VALUES (15, 137);
INSERT INTO recipe_cook(recipe_id, cook_id) VALUES (15, 72);
INSERT INTO recipe_cook(recipe_id, cook_id) VALUES (15, 153);
INSERT INTO recipe_cook(recipe_id, cook_id) VALUES (15, 138);
INSERT INTO recipe_cook(recipe_id, cook_id) VALUES (15, 44);
INSERT INTO recipe_cook(recipe_id, cook_id) VALUES (15, 83);
INSERT INTO recipe_cook(recipe_id, cook_id) VALUES (15, 75);
INSERT INTO recipe_cook(recipe_id, cook_id) VALUES (15, 167);
INSERT INTO recipe_cook(recipe_id, cook_id) VALUES (15, 147);
INSERT INTO recipe_cook(recipe_id, cook_id) VALUES (15, 69);
INSERT INTO recipe_cook(recipe_id, cook_id) VALUES (15, 132);
INSERT INTO recipe_cook(recipe_id, cook_id) VALUES (15, 25);
INSERT INTO recipe_cook(recipe_id, cook_id) VALUES (15, 35);
INSERT INTO recipe_cook(recipe_id, cook_id) VALUES (15, 106);
INSERT INTO recipe_cook(recipe_id, cook_id) VALUES (15, 176);
INSERT INTO recipe_cook(recipe_id, cook_id) VALUES (15, 71);
INSERT INTO recipe_cook(recipe_id, cook_id) VALUES (15, 33);
INSERT INTO recipe_cook(recipe_id, cook_id) VALUES (15, 34);
INSERT INTO recipe_cook(recipe_id, cook_id) VALUES (15, 199);
INSERT INTO recipe_cook(recipe_id, cook_id) VALUES (15, 38);
INSERT INTO recipe_cook(recipe_id, cook_id) VALUES (15, 168);
INSERT INTO recipe_cook(recipe_id, cook_id) VALUES (15, 155);
INSERT INTO recipe_cook(recipe_id, cook_id) VALUES (15, 101);
INSERT INTO recipe_cook(recipe_id, cook_id) VALUES (15, 126);
INSERT INTO recipe_cook(recipe_id, cook_id) VALUES (15, 37);
INSERT INTO recipe_cook(recipe_id, cook_id) VALUES (15, 148);
INSERT INTO recipe_cook(recipe_id, cook_id) VALUES (15, 164);
INSERT INTO recipe_cook(recipe_id, cook_id) VALUES (15, 107);
INSERT INTO recipe_cook(recipe_id, cook_id) VALUES (15, 97);
INSERT INTO recipe_cook(recipe_id, cook_id) VALUES (15, 196);
INSERT INTO recipe_cook(recipe_id, cook_id) VALUES (15, 20);
INSERT INTO recipe_cook(recipe_id, cook_id) VALUES (15, 24);
INSERT INTO recipe_cook(recipe_id, cook_id) VALUES (15, 104);
INSERT INTO recipe_cook(recipe_id, cook_id) VALUES (15, 163);
INSERT INTO recipe_cook(recipe_id, cook_id) VALUES (15, 172);
INSERT INTO recipe_cook(recipe_id, cook_id) VALUES (15, 95);
INSERT INTO recipe_cook(recipe_id, cook_id) VALUES (15, 117);
INSERT INTO recipe_cook(recipe_id, cook_id) VALUES (15, 125);
INSERT INTO recipe_cook(recipe_id, cook_id) VALUES (15, 84);
INSERT INTO recipe_cook(recipe_id, cook_id) VALUES (15, 1);
INSERT INTO recipe_cook(recipe_id, cook_id) VALUES (15, 142);
INSERT INTO recipe_cook(recipe_id, cook_id) VALUES (15, 118);
INSERT INTO recipe_cook(recipe_id, cook_id) VALUES (15, 92);
INSERT INTO recipe_cook(recipe_id, cook_id) VALUES (15, 17);
INSERT INTO recipe_cook(recipe_id, cook_id) VALUES (15, 102);
INSERT INTO recipe_cook(recipe_id, cook_id) VALUES (15, 56);
INSERT INTO recipe_cook(recipe_id, cook_id) VALUES (15, 124);
INSERT INTO recipe_cook(recipe_id, cook_id) VALUES (15, 55);
INSERT INTO recipe_cook(recipe_id, cook_id) VALUES (15, 160);
INSERT INTO recipe_cook(recipe_id, cook_id) VALUES (15, 28);
INSERT INTO recipe_cook(recipe_id, cook_id) VALUES (15, 152);
INSERT INTO recipe_cook(recipe_id, cook_id) VALUES (15, 161);
INSERT INTO recipe_cook(recipe_id, cook_id) VALUES (15, 42);
INSERT INTO recipe_cook(recipe_id, cook_id) VALUES (15, 175);
INSERT INTO recipe_cook(recipe_id, cook_id) VALUES (15, 149);
INSERT INTO recipe_cook(recipe_id, cook_id) VALUES (15, 169);
INSERT INTO recipe_cook(recipe_id, cook_id) VALUES (15, 180);
INSERT INTO recipe_cook(recipe_id, cook_id) VALUES (15, 74);
INSERT INTO recipe_cook(recipe_id, cook_id) VALUES (15, 130);
INSERT INTO recipe_cook(recipe_id, cook_id) VALUES (15, 73);
INSERT INTO recipe_cook(recipe_id, cook_id) VALUES (15, 185);
INSERT INTO recipe_cook(recipe_id, cook_id) VALUES (15, 63);
INSERT INTO recipe_cook(recipe_id, cook_id) VALUES (15, 188);
INSERT INTO recipe_cook(recipe_id, cook_id) VALUES (15, 140);
INSERT INTO recipe_cook(recipe_id, cook_id) VALUES (15, 88);
INSERT INTO recipe_cook(recipe_id, cook_id) VALUES (15, 98);
INSERT INTO recipe_cook(recipe_id, cook_id) VALUES (15, 7);
INSERT INTO recipe_cook(recipe_id, cook_id) VALUES (15, 6);
INSERT INTO recipe_cook(recipe_id, cook_id) VALUES (15, 13);
INSERT INTO recipe_cook(recipe_id, cook_id) VALUES (15, 81);
INSERT INTO recipe_cook(recipe_id, cook_id) VALUES (15, 111);
INSERT INTO recipe_cook(recipe_id, cook_id) VALUES (15, 59);
INSERT INTO recipe_cook(recipe_id, cook_id) VALUES (15, 3);
INSERT INTO recipe_cook(recipe_id, cook_id) VALUES (15, 159);
INSERT INTO recipe_cook(recipe_id, cook_id) VALUES (15, 21);
INSERT INTO recipe_cook(recipe_id, cook_id) VALUES (15, 57);
INSERT INTO recipe_cook(recipe_id, cook_id) VALUES (15, 129);
INSERT INTO recipe_cook(recipe_id, cook_id) VALUES (15, 134);
INSERT INTO recipe_cook(recipe_id, cook_id) VALUES (15, 150);
INSERT INTO recipe_cook(recipe_id, cook_id) VALUES (15, 26);
INSERT INTO recipe_cook(recipe_id, cook_id) VALUES (15, 89);
INSERT INTO recipe_cook(recipe_id, cook_id) VALUES (15, 115);
INSERT INTO recipe_cook(recipe_id, cook_id) VALUES (15, 135);
INSERT INTO recipe_cook(recipe_id, cook_id) VALUES (15, 39);
INSERT INTO recipe_cook(recipe_id, cook_id) VALUES (15, 99);
INSERT INTO recipe_cook(recipe_id, cook_id) VALUES (15, 179);
INSERT INTO recipe_cook(recipe_id, cook_id) VALUES (15, 12);
INSERT INTO recipe_cook(recipe_id, cook_id) VALUES (15, 91);
INSERT INTO recipe_cook(recipe_id, cook_id) VALUES (15, 47);
INSERT INTO recipe_cook(recipe_id, cook_id) VALUES (15, 184);
INSERT INTO recipe_cook(recipe_id, cook_id) VALUES (15, 11);
INSERT INTO recipe_cook(recipe_id, cook_id) VALUES (15, 48);
INSERT INTO recipe_cook(recipe_id, cook_id) VALUES (15, 22);
INSERT INTO recipe_cook(recipe_id, cook_id) VALUES (15, 120);
INSERT INTO recipe_cook(recipe_id, cook_id) VALUES (15, 51);
INSERT INTO recipe_cook(recipe_id, cook_id) VALUES (15, 40);
INSERT INTO recipe_cook(recipe_id, cook_id) VALUES (15, 30);
INSERT INTO recipe_cook(recipe_id, cook_id) VALUES (15, 170);
INSERT INTO recipe_cook(recipe_id, cook_id) VALUES (15, 87);
INSERT INTO recipe_cook(recipe_id, cook_id) VALUES (15, 105);
INSERT INTO recipe_cook(recipe_id, cook_id) VALUES (15, 96);
INSERT INTO recipe_cook(recipe_id, cook_id) VALUES (15, 127);
INSERT INTO recipe_cook(recipe_id, cook_id) VALUES (15, 62);
INSERT INTO recipe_cook(recipe_id, cook_id) VALUES (15, 10);
INSERT INTO recipe_cook(recipe_id, cook_id) VALUES (15, 131);
INSERT INTO recipe_cook(recipe_id, cook_id) VALUES (15, 29);
INSERT INTO recipe_cook(recipe_id, cook_id) VALUES (15, 67);
INSERT INTO recipe_cook(recipe_id, cook_id) VALUES (15, 108);
INSERT INTO recipe_cook(recipe_id, cook_id) VALUES (15, 2);
INSERT INTO recipe_cook(recipe_id, cook_id) VALUES (15, 65);
INSERT INTO recipe_cook(recipe_id, cook_id) VALUES (15, 45);
INSERT INTO recipe_cook(recipe_id, cook_id) VALUES (15, 141);
INSERT INTO recipe_cook(recipe_id, cook_id) VALUES (15, 187);
INSERT INTO recipe_cook(recipe_id, cook_id) VALUES (15, 8);
INSERT INTO recipe_cook(recipe_id, cook_id) VALUES (15, 128);
INSERT INTO recipe_cook(recipe_id, cook_id) VALUES (15, 139);
INSERT INTO recipe_cook(recipe_id, cook_id) VALUES (15, 112);
INSERT INTO recipe_cook(recipe_id, cook_id) VALUES (15, 197);
INSERT INTO recipe_cook(recipe_id, cook_id) VALUES (15, 191);
INSERT INTO recipe_cook(recipe_id, cook_id) VALUES (15, 5);
INSERT INTO recipe_cook(recipe_id, cook_id) VALUES (15, 15);
INSERT INTO recipe_cook(recipe_id, cook_id) VALUES (15, 183);
INSERT INTO recipe_cook(recipe_id, cook_id) VALUES (15, 136);
INSERT INTO recipe_cook(recipe_id, cook_id) VALUES (15, 85);
INSERT INTO recipe_cook(recipe_id, cook_id) VALUES (15, 80);
INSERT INTO recipe_cook(recipe_id, cook_id) VALUES (15, 49);
INSERT INTO recipe_cook(recipe_id, cook_id) VALUES (15, 93);
INSERT INTO recipe_cook(recipe_id, cook_id) VALUES (15, 133);
INSERT INTO recipe_cook(recipe_id, cook_id) VALUES (15, 143);
INSERT INTO recipe_cook(recipe_id, cook_id) VALUES (15, 145);
INSERT INTO recipe_cook(recipe_id, cook_id) VALUES (15, 52);
INSERT INTO recipe_cook(recipe_id, cook_id) VALUES (15, 192);
INSERT INTO recipe_cook(recipe_id, cook_id) VALUES (15, 70);
INSERT INTO recipe_cook(recipe_id, cook_id) VALUES (15, 189);
INSERT INTO recipe_cook(recipe_id, cook_id) VALUES (15, 156);
INSERT INTO recipe_cook(recipe_id, cook_id) VALUES (15, 119);
INSERT INTO recipe_cook(recipe_id, cook_id) VALUES (15, 114);
INSERT INTO recipe_cook(recipe_id, cook_id) VALUES (15, 171);
INSERT INTO recipe_cook(recipe_id, cook_id) VALUES (15, 195);
INSERT INTO recipe_cook(recipe_id, cook_id) VALUES (15, 200);
INSERT INTO recipe_cook(recipe_id, cook_id) VALUES (15, 14);
INSERT INTO recipe_themes(recipe_id, theme_id) VALUES (15, 10);
INSERT INTO recipe_themes(recipe_id, theme_id) VALUES (15, 27);
INSERT INTO recipe_themes(recipe_id, theme_id) VALUES (15, 40);
INSERT INTO recipe_tip(recipe_id, tip_id) VALUES (15, 29);
INSERT INTO recipe_tip(recipe_id, tip_id) VALUES (15, 14);
INSERT INTO recipe_tip(recipe_id, tip_id) VALUES (15, 6);

INSERT INTO recipe(baking, cuisine_id, difficulty, recipe_title, recipe_description, prep_time, cook_time, portions, fat_portion, protein_portion, carbs_portion, picture_uri, picture_description) VALUES(0, 18, 1,'Blueberry Muffins', 'Theory quickly tonight last when. Company travel give former operation war everybody.', 45, 80, 5, 45, 55,45, 'https://placekitten.com/390/84', 'Reduce street but somebody note society get.');
INSERT INTO recipe_meal_type(recipe_id, meal_type_id) VALUES (16, 6);
INSERT INTO recipe_tag(recipe_id, tag_id) VALUES (16, 85);
INSERT INTO recipe_equipment(recipe_id, equipment_id, num) VALUES (16, 7, 1);
INSERT INTO recipe_equipment(recipe_id, equipment_id, num) VALUES (16, 17, 1);
INSERT INTO recipe_equipment(recipe_id, equipment_id, num) VALUES (16, 19, 3);
INSERT INTO recipe_equipment(recipe_id, equipment_id, num) VALUES (16, 20, 4);
INSERT INTO recipe_equipment(recipe_id, equipment_id, num) VALUES (16, 13, 3);
INSERT INTO recipe_cook(recipe_id, cook_id) VALUES (16, 166);
INSERT INTO recipe_cook(recipe_id, cook_id) VALUES (16, 14);
INSERT INTO recipe_cook(recipe_id, cook_id) VALUES (16, 62);
INSERT INTO recipe_cook(recipe_id, cook_id) VALUES (16, 127);
INSERT INTO recipe_cook(recipe_id, cook_id) VALUES (16, 99);
INSERT INTO recipe_cook(recipe_id, cook_id) VALUES (16, 29);
INSERT INTO recipe_cook(recipe_id, cook_id) VALUES (16, 198);
INSERT INTO recipe_cook(recipe_id, cook_id) VALUES (16, 128);
INSERT INTO recipe_cook(recipe_id, cook_id) VALUES (16, 164);
INSERT INTO recipe_cook(recipe_id, cook_id) VALUES (16, 153);
INSERT INTO recipe_cook(recipe_id, cook_id) VALUES (16, 19);
INSERT INTO recipe_cook(recipe_id, cook_id) VALUES (16, 136);
INSERT INTO recipe_cook(recipe_id, cook_id) VALUES (16, 4);
INSERT INTO recipe_cook(recipe_id, cook_id) VALUES (16, 93);
INSERT INTO recipe_cook(recipe_id, cook_id) VALUES (16, 82);
INSERT INTO recipe_cook(recipe_id, cook_id) VALUES (16, 34);
INSERT INTO recipe_cook(recipe_id, cook_id) VALUES (16, 100);
INSERT INTO recipe_cook(recipe_id, cook_id) VALUES (16, 146);
INSERT INTO recipe_cook(recipe_id, cook_id) VALUES (16, 108);
INSERT INTO recipe_cook(recipe_id, cook_id) VALUES (16, 94);
INSERT INTO recipe_cook(recipe_id, cook_id) VALUES (16, 140);
INSERT INTO recipe_cook(recipe_id, cook_id) VALUES (16, 175);
INSERT INTO recipe_cook(recipe_id, cook_id) VALUES (16, 45);
INSERT INTO recipe_cook(recipe_id, cook_id) VALUES (16, 121);
INSERT INTO recipe_cook(recipe_id, cook_id) VALUES (16, 190);
INSERT INTO recipe_cook(recipe_id, cook_id) VALUES (16, 5);
INSERT INTO recipe_cook(recipe_id, cook_id) VALUES (16, 151);
INSERT INTO recipe_cook(recipe_id, cook_id) VALUES (16, 18);
INSERT INTO recipe_cook(recipe_id, cook_id) VALUES (16, 188);
INSERT INTO recipe_cook(recipe_id, cook_id) VALUES (16, 68);
INSERT INTO recipe_cook(recipe_id, cook_id) VALUES (16, 56);
INSERT INTO recipe_cook(recipe_id, cook_id) VALUES (16, 11);
INSERT INTO recipe_cook(recipe_id, cook_id) VALUES (16, 16);
INSERT INTO recipe_cook(recipe_id, cook_id) VALUES (16, 102);
INSERT INTO recipe_cook(recipe_id, cook_id) VALUES (16, 130);
INSERT INTO recipe_cook(recipe_id, cook_id) VALUES (16, 74);
INSERT INTO recipe_cook(recipe_id, cook_id) VALUES (16, 161);
INSERT INTO recipe_cook(recipe_id, cook_id) VALUES (16, 129);
INSERT INTO recipe_cook(recipe_id, cook_id) VALUES (16, 107);
INSERT INTO recipe_cook(recipe_id, cook_id) VALUES (16, 109);
INSERT INTO recipe_cook(recipe_id, cook_id) VALUES (16, 103);
INSERT INTO recipe_cook(recipe_id, cook_id) VALUES (16, 22);
INSERT INTO recipe_cook(recipe_id, cook_id) VALUES (16, 138);
INSERT INTO recipe_cook(recipe_id, cook_id) VALUES (16, 158);
INSERT INTO recipe_cook(recipe_id, cook_id) VALUES (16, 40);
INSERT INTO recipe_cook(recipe_id, cook_id) VALUES (16, 72);
INSERT INTO recipe_cook(recipe_id, cook_id) VALUES (16, 159);
INSERT INTO recipe_cook(recipe_id, cook_id) VALUES (16, 80);
INSERT INTO recipe_cook(recipe_id, cook_id) VALUES (16, 21);
INSERT INTO recipe_cook(recipe_id, cook_id) VALUES (16, 131);
INSERT INTO recipe_cook(recipe_id, cook_id) VALUES (16, 53);
INSERT INTO recipe_cook(recipe_id, cook_id) VALUES (16, 156);
INSERT INTO recipe_cook(recipe_id, cook_id) VALUES (16, 157);
INSERT INTO recipe_cook(recipe_id, cook_id) VALUES (16, 84);
INSERT INTO recipe_cook(recipe_id, cook_id) VALUES (16, 101);
INSERT INTO recipe_cook(recipe_id, cook_id) VALUES (16, 17);
INSERT INTO recipe_cook(recipe_id, cook_id) VALUES (16, 191);
INSERT INTO recipe_cook(recipe_id, cook_id) VALUES (16, 112);
INSERT INTO recipe_cook(recipe_id, cook_id) VALUES (16, 194);
INSERT INTO recipe_cook(recipe_id, cook_id) VALUES (16, 15);
INSERT INTO recipe_cook(recipe_id, cook_id) VALUES (16, 63);
INSERT INTO recipe_cook(recipe_id, cook_id) VALUES (16, 23);
INSERT INTO recipe_cook(recipe_id, cook_id) VALUES (16, 143);
INSERT INTO recipe_cook(recipe_id, cook_id) VALUES (16, 30);
INSERT INTO recipe_cook(recipe_id, cook_id) VALUES (16, 117);
INSERT INTO recipe_cook(recipe_id, cook_id) VALUES (16, 141);
INSERT INTO recipe_cook(recipe_id, cook_id) VALUES (16, 144);
INSERT INTO recipe_cook(recipe_id, cook_id) VALUES (16, 178);
INSERT INTO recipe_cook(recipe_id, cook_id) VALUES (16, 31);
INSERT INTO recipe_cook(recipe_id, cook_id) VALUES (16, 172);
INSERT INTO recipe_cook(recipe_id, cook_id) VALUES (16, 36);
INSERT INTO recipe_cook(recipe_id, cook_id) VALUES (16, 3);
INSERT INTO recipe_cook(recipe_id, cook_id) VALUES (16, 42);
INSERT INTO recipe_cook(recipe_id, cook_id) VALUES (16, 64);
INSERT INTO recipe_cook(recipe_id, cook_id) VALUES (16, 122);
INSERT INTO recipe_cook(recipe_id, cook_id) VALUES (16, 133);
INSERT INTO recipe_themes(recipe_id, theme_id) VALUES (16, 34);
INSERT INTO recipe_themes(recipe_id, theme_id) VALUES (16, 17);
INSERT INTO recipe_themes(recipe_id, theme_id) VALUES (16, 11);
INSERT INTO recipe_tip(recipe_id, tip_id) VALUES (16, 9);
INSERT INTO recipe_tip(recipe_id, tip_id) VALUES (16, 18);

INSERT INTO recipe(baking, cuisine_id, difficulty, recipe_title, recipe_description, prep_time, cook_time, portions, fat_portion, protein_portion, carbs_portion, picture_uri, picture_description) VALUES(0, 17, 5,'Chicken Fajitas', 'Until chair race model face newspaper class. Explain son administration American executive or apply.', 115, 10, 4, 35, 40,55, 'https://dummyimage.com/626x10', 'Produce a edge go exist teacher.');
INSERT INTO recipe_meal_type(recipe_id, meal_type_id) VALUES (17, 2);
INSERT INTO recipe_tag(recipe_id, tag_id) VALUES (17, 64);
INSERT INTO recipe_equipment(recipe_id, equipment_id, num) VALUES (17, 6, 4);
INSERT INTO recipe_equipment(recipe_id, equipment_id, num) VALUES (17, 12, 3);
INSERT INTO recipe_equipment(recipe_id, equipment_id, num) VALUES (17, 20, 1);
INSERT INTO recipe_equipment(recipe_id, equipment_id, num) VALUES (17, 9, 3);
INSERT INTO recipe_equipment(recipe_id, equipment_id, num) VALUES (17, 4, 1);
INSERT INTO recipe_equipment(recipe_id, equipment_id, num) VALUES (17, 15, 1);
INSERT INTO recipe_equipment(recipe_id, equipment_id, num) VALUES (17, 10, 1);
INSERT INTO recipe_cook(recipe_id, cook_id) VALUES (17, 186);
INSERT INTO recipe_cook(recipe_id, cook_id) VALUES (17, 30);
INSERT INTO recipe_cook(recipe_id, cook_id) VALUES (17, 59);
INSERT INTO recipe_cook(recipe_id, cook_id) VALUES (17, 190);
INSERT INTO recipe_cook(recipe_id, cook_id) VALUES (17, 131);
INSERT INTO recipe_cook(recipe_id, cook_id) VALUES (17, 1);
INSERT INTO recipe_cook(recipe_id, cook_id) VALUES (17, 12);
INSERT INTO recipe_cook(recipe_id, cook_id) VALUES (17, 4);
INSERT INTO recipe_cook(recipe_id, cook_id) VALUES (17, 63);
INSERT INTO recipe_cook(recipe_id, cook_id) VALUES (17, 194);
INSERT INTO recipe_cook(recipe_id, cook_id) VALUES (17, 121);
INSERT INTO recipe_cook(recipe_id, cook_id) VALUES (17, 94);
INSERT INTO recipe_cook(recipe_id, cook_id) VALUES (17, 99);
INSERT INTO recipe_cook(recipe_id, cook_id) VALUES (17, 39);
INSERT INTO recipe_cook(recipe_id, cook_id) VALUES (17, 46);
INSERT INTO recipe_cook(recipe_id, cook_id) VALUES (17, 10);
INSERT INTO recipe_cook(recipe_id, cook_id) VALUES (17, 142);
INSERT INTO recipe_cook(recipe_id, cook_id) VALUES (17, 183);
INSERT INTO recipe_cook(recipe_id, cook_id) VALUES (17, 168);
INSERT INTO recipe_cook(recipe_id, cook_id) VALUES (17, 108);
INSERT INTO recipe_cook(recipe_id, cook_id) VALUES (17, 58);
INSERT INTO recipe_cook(recipe_id, cook_id) VALUES (17, 83);
INSERT INTO recipe_cook(recipe_id, cook_id) VALUES (17, 64);
INSERT INTO recipe_cook(recipe_id, cook_id) VALUES (17, 107);
INSERT INTO recipe_cook(recipe_id, cook_id) VALUES (17, 82);
INSERT INTO recipe_cook(recipe_id, cook_id) VALUES (17, 70);
INSERT INTO recipe_cook(recipe_id, cook_id) VALUES (17, 20);
INSERT INTO recipe_cook(recipe_id, cook_id) VALUES (17, 147);
INSERT INTO recipe_cook(recipe_id, cook_id) VALUES (17, 96);
INSERT INTO recipe_cook(recipe_id, cook_id) VALUES (17, 31);
INSERT INTO recipe_cook(recipe_id, cook_id) VALUES (17, 129);
INSERT INTO recipe_cook(recipe_id, cook_id) VALUES (17, 14);
INSERT INTO recipe_cook(recipe_id, cook_id) VALUES (17, 200);
INSERT INTO recipe_cook(recipe_id, cook_id) VALUES (17, 180);
INSERT INTO recipe_cook(recipe_id, cook_id) VALUES (17, 133);
INSERT INTO recipe_cook(recipe_id, cook_id) VALUES (17, 191);
INSERT INTO recipe_cook(recipe_id, cook_id) VALUES (17, 103);
INSERT INTO recipe_cook(recipe_id, cook_id) VALUES (17, 18);
INSERT INTO recipe_cook(recipe_id, cook_id) VALUES (17, 120);
INSERT INTO recipe_cook(recipe_id, cook_id) VALUES (17, 73);
INSERT INTO recipe_cook(recipe_id, cook_id) VALUES (17, 80);
INSERT INTO recipe_cook(recipe_id, cook_id) VALUES (17, 84);
INSERT INTO recipe_cook(recipe_id, cook_id) VALUES (17, 23);
INSERT INTO recipe_cook(recipe_id, cook_id) VALUES (17, 184);
INSERT INTO recipe_cook(recipe_id, cook_id) VALUES (17, 117);
INSERT INTO recipe_cook(recipe_id, cook_id) VALUES (17, 3);
INSERT INTO recipe_cook(recipe_id, cook_id) VALUES (17, 95);
INSERT INTO recipe_cook(recipe_id, cook_id) VALUES (17, 52);
INSERT INTO recipe_cook(recipe_id, cook_id) VALUES (17, 75);
INSERT INTO recipe_cook(recipe_id, cook_id) VALUES (17, 145);
INSERT INTO recipe_cook(recipe_id, cook_id) VALUES (17, 78);
INSERT INTO recipe_cook(recipe_id, cook_id) VALUES (17, 192);
INSERT INTO recipe_cook(recipe_id, cook_id) VALUES (17, 119);
INSERT INTO recipe_cook(recipe_id, cook_id) VALUES (17, 154);
INSERT INTO recipe_cook(recipe_id, cook_id) VALUES (17, 127);
INSERT INTO recipe_cook(recipe_id, cook_id) VALUES (17, 51);
INSERT INTO recipe_cook(recipe_id, cook_id) VALUES (17, 140);
INSERT INTO recipe_cook(recipe_id, cook_id) VALUES (17, 149);
INSERT INTO recipe_cook(recipe_id, cook_id) VALUES (17, 187);
INSERT INTO recipe_cook(recipe_id, cook_id) VALUES (17, 2);
INSERT INTO recipe_cook(recipe_id, cook_id) VALUES (17, 105);
INSERT INTO recipe_cook(recipe_id, cook_id) VALUES (17, 7);
INSERT INTO recipe_cook(recipe_id, cook_id) VALUES (17, 60);
INSERT INTO recipe_cook(recipe_id, cook_id) VALUES (17, 89);
INSERT INTO recipe_cook(recipe_id, cook_id) VALUES (17, 155);
INSERT INTO recipe_cook(recipe_id, cook_id) VALUES (17, 86);
INSERT INTO recipe_cook(recipe_id, cook_id) VALUES (17, 195);
INSERT INTO recipe_cook(recipe_id, cook_id) VALUES (17, 97);
INSERT INTO recipe_cook(recipe_id, cook_id) VALUES (17, 79);
INSERT INTO recipe_cook(recipe_id, cook_id) VALUES (17, 27);
INSERT INTO recipe_cook(recipe_id, cook_id) VALUES (17, 53);
INSERT INTO recipe_cook(recipe_id, cook_id) VALUES (17, 61);
INSERT INTO recipe_cook(recipe_id, cook_id) VALUES (17, 181);
INSERT INTO recipe_cook(recipe_id, cook_id) VALUES (17, 143);
INSERT INTO recipe_cook(recipe_id, cook_id) VALUES (17, 124);
INSERT INTO recipe_cook(recipe_id, cook_id) VALUES (17, 8);
INSERT INTO recipe_cook(recipe_id, cook_id) VALUES (17, 19);
INSERT INTO recipe_cook(recipe_id, cook_id) VALUES (17, 92);
INSERT INTO recipe_cook(recipe_id, cook_id) VALUES (17, 36);
INSERT INTO recipe_cook(recipe_id, cook_id) VALUES (17, 165);
INSERT INTO recipe_cook(recipe_id, cook_id) VALUES (17, 6);
INSERT INTO recipe_cook(recipe_id, cook_id) VALUES (17, 118);
INSERT INTO recipe_cook(recipe_id, cook_id) VALUES (17, 199);
INSERT INTO recipe_cook(recipe_id, cook_id) VALUES (17, 115);
INSERT INTO recipe_cook(recipe_id, cook_id) VALUES (17, 109);
INSERT INTO recipe_cook(recipe_id, cook_id) VALUES (17, 67);
INSERT INTO recipe_cook(recipe_id, cook_id) VALUES (17, 130);
INSERT INTO recipe_cook(recipe_id, cook_id) VALUES (17, 90);
INSERT INTO recipe_cook(recipe_id, cook_id) VALUES (17, 48);
INSERT INTO recipe_cook(recipe_id, cook_id) VALUES (17, 198);
INSERT INTO recipe_cook(recipe_id, cook_id) VALUES (17, 172);
INSERT INTO recipe_cook(recipe_id, cook_id) VALUES (17, 11);
INSERT INTO recipe_cook(recipe_id, cook_id) VALUES (17, 152);
INSERT INTO recipe_cook(recipe_id, cook_id) VALUES (17, 13);
INSERT INTO recipe_cook(recipe_id, cook_id) VALUES (17, 65);
INSERT INTO recipe_cook(recipe_id, cook_id) VALUES (17, 163);
INSERT INTO recipe_cook(recipe_id, cook_id) VALUES (17, 176);
INSERT INTO recipe_cook(recipe_id, cook_id) VALUES (17, 151);
INSERT INTO recipe_cook(recipe_id, cook_id) VALUES (17, 185);
INSERT INTO recipe_cook(recipe_id, cook_id) VALUES (17, 76);
INSERT INTO recipe_cook(recipe_id, cook_id) VALUES (17, 161);
INSERT INTO recipe_cook(recipe_id, cook_id) VALUES (17, 125);
INSERT INTO recipe_cook(recipe_id, cook_id) VALUES (17, 56);
INSERT INTO recipe_cook(recipe_id, cook_id) VALUES (17, 85);
INSERT INTO recipe_cook(recipe_id, cook_id) VALUES (17, 17);
INSERT INTO recipe_cook(recipe_id, cook_id) VALUES (17, 171);
INSERT INTO recipe_cook(recipe_id, cook_id) VALUES (17, 38);
INSERT INTO recipe_cook(recipe_id, cook_id) VALUES (17, 34);
INSERT INTO recipe_cook(recipe_id, cook_id) VALUES (17, 41);
INSERT INTO recipe_cook(recipe_id, cook_id) VALUES (17, 164);
INSERT INTO recipe_cook(recipe_id, cook_id) VALUES (17, 113);
INSERT INTO recipe_cook(recipe_id, cook_id) VALUES (17, 42);
INSERT INTO recipe_cook(recipe_id, cook_id) VALUES (17, 123);
INSERT INTO recipe_cook(recipe_id, cook_id) VALUES (17, 167);
INSERT INTO recipe_cook(recipe_id, cook_id) VALUES (17, 35);
INSERT INTO recipe_cook(recipe_id, cook_id) VALUES (17, 148);
INSERT INTO recipe_cook(recipe_id, cook_id) VALUES (17, 102);
INSERT INTO recipe_cook(recipe_id, cook_id) VALUES (17, 26);
INSERT INTO recipe_cook(recipe_id, cook_id) VALUES (17, 144);
INSERT INTO recipe_cook(recipe_id, cook_id) VALUES (17, 128);
INSERT INTO recipe_cook(recipe_id, cook_id) VALUES (17, 169);
INSERT INTO recipe_cook(recipe_id, cook_id) VALUES (17, 174);
INSERT INTO recipe_cook(recipe_id, cook_id) VALUES (17, 160);
INSERT INTO recipe_cook(recipe_id, cook_id) VALUES (17, 22);
INSERT INTO recipe_cook(recipe_id, cook_id) VALUES (17, 87);
INSERT INTO recipe_cook(recipe_id, cook_id) VALUES (17, 138);
INSERT INTO recipe_cook(recipe_id, cook_id) VALUES (17, 88);
INSERT INTO recipe_cook(recipe_id, cook_id) VALUES (17, 114);
INSERT INTO recipe_cook(recipe_id, cook_id) VALUES (17, 16);
INSERT INTO recipe_cook(recipe_id, cook_id) VALUES (17, 69);
INSERT INTO recipe_cook(recipe_id, cook_id) VALUES (17, 182);
INSERT INTO recipe_cook(recipe_id, cook_id) VALUES (17, 196);
INSERT INTO recipe_cook(recipe_id, cook_id) VALUES (17, 101);
INSERT INTO recipe_cook(recipe_id, cook_id) VALUES (17, 40);
INSERT INTO recipe_cook(recipe_id, cook_id) VALUES (17, 81);
INSERT INTO recipe_cook(recipe_id, cook_id) VALUES (17, 93);
INSERT INTO recipe_cook(recipe_id, cook_id) VALUES (17, 72);
INSERT INTO recipe_cook(recipe_id, cook_id) VALUES (17, 162);
INSERT INTO recipe_cook(recipe_id, cook_id) VALUES (17, 116);
INSERT INTO recipe_cook(recipe_id, cook_id) VALUES (17, 153);
INSERT INTO recipe_cook(recipe_id, cook_id) VALUES (17, 44);
INSERT INTO recipe_cook(recipe_id, cook_id) VALUES (17, 132);
INSERT INTO recipe_cook(recipe_id, cook_id) VALUES (17, 100);
INSERT INTO recipe_cook(recipe_id, cook_id) VALUES (17, 175);
INSERT INTO recipe_cook(recipe_id, cook_id) VALUES (17, 45);
INSERT INTO recipe_cook(recipe_id, cook_id) VALUES (17, 157);
INSERT INTO recipe_cook(recipe_id, cook_id) VALUES (17, 136);
INSERT INTO recipe_cook(recipe_id, cook_id) VALUES (17, 150);
INSERT INTO recipe_cook(recipe_id, cook_id) VALUES (17, 21);
INSERT INTO recipe_cook(recipe_id, cook_id) VALUES (17, 159);
INSERT INTO recipe_cook(recipe_id, cook_id) VALUES (17, 146);
INSERT INTO recipe_cook(recipe_id, cook_id) VALUES (17, 57);
INSERT INTO recipe_cook(recipe_id, cook_id) VALUES (17, 178);
INSERT INTO recipe_cook(recipe_id, cook_id) VALUES (17, 158);
INSERT INTO recipe_cook(recipe_id, cook_id) VALUES (17, 179);
INSERT INTO recipe_cook(recipe_id, cook_id) VALUES (17, 33);
INSERT INTO recipe_cook(recipe_id, cook_id) VALUES (17, 193);
INSERT INTO recipe_cook(recipe_id, cook_id) VALUES (17, 111);
INSERT INTO recipe_cook(recipe_id, cook_id) VALUES (17, 110);
INSERT INTO recipe_cook(recipe_id, cook_id) VALUES (17, 197);
INSERT INTO recipe_cook(recipe_id, cook_id) VALUES (17, 141);
INSERT INTO recipe_cook(recipe_id, cook_id) VALUES (17, 49);
INSERT INTO recipe_cook(recipe_id, cook_id) VALUES (17, 29);
INSERT INTO recipe_cook(recipe_id, cook_id) VALUES (17, 122);
INSERT INTO recipe_cook(recipe_id, cook_id) VALUES (17, 37);
INSERT INTO recipe_cook(recipe_id, cook_id) VALUES (17, 112);
INSERT INTO recipe_cook(recipe_id, cook_id) VALUES (17, 139);
INSERT INTO recipe_cook(recipe_id, cook_id) VALUES (17, 166);
INSERT INTO recipe_cook(recipe_id, cook_id) VALUES (17, 106);
INSERT INTO recipe_cook(recipe_id, cook_id) VALUES (17, 55);
INSERT INTO recipe_cook(recipe_id, cook_id) VALUES (17, 173);
INSERT INTO recipe_cook(recipe_id, cook_id) VALUES (17, 5);
INSERT INTO recipe_cook(recipe_id, cook_id) VALUES (17, 66);
INSERT INTO recipe_themes(recipe_id, theme_id) VALUES (17, 4);
INSERT INTO recipe_tip(recipe_id, tip_id) VALUES (17, 9);

INSERT INTO recipe(baking, cuisine_id, difficulty, recipe_title, recipe_description, prep_time, cook_time, portions, fat_portion, protein_portion, carbs_portion, picture_uri, picture_description) VALUES(0, 42, 4,'Salsa', 'West require central run. One ball despite list great speech. Institution whom better end few financial. Job then source cause should economic indicate. Feeling beat note pick national.', 35, 10, 3, 5, 0,70, 'https://picsum.photos/769/894', 'Money reason mean rate.');
INSERT INTO recipe_meal_type(recipe_id, meal_type_id) VALUES (18, 5);
INSERT INTO recipe_tag(recipe_id, tag_id) VALUES (18, 22);
INSERT INTO recipe_equipment(recipe_id, equipment_id, num) VALUES (18, 14, 3);
INSERT INTO recipe_equipment(recipe_id, equipment_id, num) VALUES (18, 13, 2);
INSERT INTO recipe_equipment(recipe_id, equipment_id, num) VALUES (18, 16, 2);
INSERT INTO recipe_equipment(recipe_id, equipment_id, num) VALUES (18, 1, 1);
INSERT INTO recipe_equipment(recipe_id, equipment_id, num) VALUES (18, 19, 2);
INSERT INTO recipe_equipment(recipe_id, equipment_id, num) VALUES (18, 11, 2);
INSERT INTO recipe_equipment(recipe_id, equipment_id, num) VALUES (18, 7, 3);
INSERT INTO recipe_cook(recipe_id, cook_id) VALUES (18, 91);
INSERT INTO recipe_cook(recipe_id, cook_id) VALUES (18, 55);
INSERT INTO recipe_cook(recipe_id, cook_id) VALUES (18, 48);
INSERT INTO recipe_cook(recipe_id, cook_id) VALUES (18, 71);
INSERT INTO recipe_cook(recipe_id, cook_id) VALUES (18, 72);
INSERT INTO recipe_cook(recipe_id, cook_id) VALUES (18, 115);
INSERT INTO recipe_cook(recipe_id, cook_id) VALUES (18, 39);
INSERT INTO recipe_cook(recipe_id, cook_id) VALUES (18, 9);
INSERT INTO recipe_cook(recipe_id, cook_id) VALUES (18, 158);
INSERT INTO recipe_cook(recipe_id, cook_id) VALUES (18, 159);
INSERT INTO recipe_cook(recipe_id, cook_id) VALUES (18, 192);
INSERT INTO recipe_cook(recipe_id, cook_id) VALUES (18, 63);
INSERT INTO recipe_cook(recipe_id, cook_id) VALUES (18, 166);
INSERT INTO recipe_cook(recipe_id, cook_id) VALUES (18, 76);
INSERT INTO recipe_cook(recipe_id, cook_id) VALUES (18, 128);
INSERT INTO recipe_cook(recipe_id, cook_id) VALUES (18, 106);
INSERT INTO recipe_cook(recipe_id, cook_id) VALUES (18, 141);
INSERT INTO recipe_cook(recipe_id, cook_id) VALUES (18, 123);
INSERT INTO recipe_cook(recipe_id, cook_id) VALUES (18, 16);
INSERT INTO recipe_cook(recipe_id, cook_id) VALUES (18, 23);
INSERT INTO recipe_cook(recipe_id, cook_id) VALUES (18, 196);
INSERT INTO recipe_cook(recipe_id, cook_id) VALUES (18, 99);
INSERT INTO recipe_cook(recipe_id, cook_id) VALUES (18, 36);
INSERT INTO recipe_cook(recipe_id, cook_id) VALUES (18, 108);
INSERT INTO recipe_cook(recipe_id, cook_id) VALUES (18, 52);
INSERT INTO recipe_cook(recipe_id, cook_id) VALUES (18, 165);
INSERT INTO recipe_cook(recipe_id, cook_id) VALUES (18, 135);
INSERT INTO recipe_cook(recipe_id, cook_id) VALUES (18, 64);
INSERT INTO recipe_cook(recipe_id, cook_id) VALUES (18, 162);
INSERT INTO recipe_cook(recipe_id, cook_id) VALUES (18, 140);
INSERT INTO recipe_cook(recipe_id, cook_id) VALUES (18, 5);
INSERT INTO recipe_cook(recipe_id, cook_id) VALUES (18, 98);
INSERT INTO recipe_cook(recipe_id, cook_id) VALUES (18, 92);
INSERT INTO recipe_cook(recipe_id, cook_id) VALUES (18, 183);
INSERT INTO recipe_cook(recipe_id, cook_id) VALUES (18, 171);
INSERT INTO recipe_cook(recipe_id, cook_id) VALUES (18, 125);
INSERT INTO recipe_cook(recipe_id, cook_id) VALUES (18, 89);
INSERT INTO recipe_cook(recipe_id, cook_id) VALUES (18, 145);
INSERT INTO recipe_cook(recipe_id, cook_id) VALUES (18, 129);
INSERT INTO recipe_cook(recipe_id, cook_id) VALUES (18, 83);
INSERT INTO recipe_cook(recipe_id, cook_id) VALUES (18, 100);
INSERT INTO recipe_cook(recipe_id, cook_id) VALUES (18, 70);
INSERT INTO recipe_cook(recipe_id, cook_id) VALUES (18, 47);
INSERT INTO recipe_cook(recipe_id, cook_id) VALUES (18, 7);
INSERT INTO recipe_cook(recipe_id, cook_id) VALUES (18, 82);
INSERT INTO recipe_themes(recipe_id, theme_id) VALUES (18, 15);
INSERT INTO recipe_themes(recipe_id, theme_id) VALUES (18, 2);
INSERT INTO recipe_themes(recipe_id, theme_id) VALUES (18, 18);
INSERT INTO recipe_tip(recipe_id, tip_id) VALUES (18, 31);

INSERT INTO recipe(baking, cuisine_id, difficulty, recipe_title, recipe_description, prep_time, cook_time, portions, fat_portion, protein_portion, carbs_portion, picture_uri, picture_description) VALUES(0, 49, 2,'French Toast', 'Into inside improve agree next whatever. Because cell trade skill oil health. Myself not fall sense hotel idea accept space. Least approach area stop practice four best.', 105, 120, 4, 25, 65,25, 'https://placekitten.com/595/986', 'Ten building once memory response reduce.');
INSERT INTO recipe_meal_type(recipe_id, meal_type_id) VALUES (19, 2);
INSERT INTO recipe_tag(recipe_id, tag_id) VALUES (19, 31);
INSERT INTO recipe_tag(recipe_id, tag_id) VALUES (19, 76);
INSERT INTO recipe_tag(recipe_id, tag_id) VALUES (19, 41);
INSERT INTO recipe_equipment(recipe_id, equipment_id, num) VALUES (19, 19, 2);
INSERT INTO recipe_equipment(recipe_id, equipment_id, num) VALUES (19, 1, 4);
INSERT INTO recipe_equipment(recipe_id, equipment_id, num) VALUES (19, 12, 3);
INSERT INTO recipe_equipment(recipe_id, equipment_id, num) VALUES (19, 5, 3);
INSERT INTO recipe_equipment(recipe_id, equipment_id, num) VALUES (19, 7, 3);
INSERT INTO recipe_cook(recipe_id, cook_id) VALUES (19, 139);
INSERT INTO recipe_cook(recipe_id, cook_id) VALUES (19, 80);
INSERT INTO recipe_cook(recipe_id, cook_id) VALUES (19, 45);
INSERT INTO recipe_cook(recipe_id, cook_id) VALUES (19, 126);
INSERT INTO recipe_cook(recipe_id, cook_id) VALUES (19, 10);
INSERT INTO recipe_cook(recipe_id, cook_id) VALUES (19, 24);
INSERT INTO recipe_cook(recipe_id, cook_id) VALUES (19, 15);
INSERT INTO recipe_cook(recipe_id, cook_id) VALUES (19, 60);
INSERT INTO recipe_cook(recipe_id, cook_id) VALUES (19, 155);
INSERT INTO recipe_cook(recipe_id, cook_id) VALUES (19, 57);
INSERT INTO recipe_cook(recipe_id, cook_id) VALUES (19, 6);
INSERT INTO recipe_cook(recipe_id, cook_id) VALUES (19, 135);
INSERT INTO recipe_cook(recipe_id, cook_id) VALUES (19, 123);
INSERT INTO recipe_cook(recipe_id, cook_id) VALUES (19, 1);
INSERT INTO recipe_cook(recipe_id, cook_id) VALUES (19, 85);
INSERT INTO recipe_cook(recipe_id, cook_id) VALUES (19, 158);
INSERT INTO recipe_cook(recipe_id, cook_id) VALUES (19, 52);
INSERT INTO recipe_cook(recipe_id, cook_id) VALUES (19, 34);
INSERT INTO recipe_cook(recipe_id, cook_id) VALUES (19, 88);
INSERT INTO recipe_cook(recipe_id, cook_id) VALUES (19, 46);
INSERT INTO recipe_cook(recipe_id, cook_id) VALUES (19, 83);
INSERT INTO recipe_cook(recipe_id, cook_id) VALUES (19, 16);
INSERT INTO recipe_cook(recipe_id, cook_id) VALUES (19, 190);
INSERT INTO recipe_cook(recipe_id, cook_id) VALUES (19, 38);
INSERT INTO recipe_cook(recipe_id, cook_id) VALUES (19, 151);
INSERT INTO recipe_cook(recipe_id, cook_id) VALUES (19, 37);
INSERT INTO recipe_cook(recipe_id, cook_id) VALUES (19, 29);
INSERT INTO recipe_cook(recipe_id, cook_id) VALUES (19, 189);
INSERT INTO recipe_cook(recipe_id, cook_id) VALUES (19, 94);
INSERT INTO recipe_cook(recipe_id, cook_id) VALUES (19, 19);
INSERT INTO recipe_cook(recipe_id, cook_id) VALUES (19, 96);
INSERT INTO recipe_cook(recipe_id, cook_id) VALUES (19, 102);
INSERT INTO recipe_cook(recipe_id, cook_id) VALUES (19, 176);
INSERT INTO recipe_cook(recipe_id, cook_id) VALUES (19, 26);
INSERT INTO recipe_cook(recipe_id, cook_id) VALUES (19, 87);
INSERT INTO recipe_cook(recipe_id, cook_id) VALUES (19, 78);
INSERT INTO recipe_cook(recipe_id, cook_id) VALUES (19, 180);
INSERT INTO recipe_cook(recipe_id, cook_id) VALUES (19, 35);
INSERT INTO recipe_cook(recipe_id, cook_id) VALUES (19, 41);
INSERT INTO recipe_cook(recipe_id, cook_id) VALUES (19, 112);
INSERT INTO recipe_cook(recipe_id, cook_id) VALUES (19, 125);
INSERT INTO recipe_cook(recipe_id, cook_id) VALUES (19, 82);
INSERT INTO recipe_cook(recipe_id, cook_id) VALUES (19, 198);
INSERT INTO recipe_cook(recipe_id, cook_id) VALUES (19, 144);
INSERT INTO recipe_cook(recipe_id, cook_id) VALUES (19, 92);
INSERT INTO recipe_cook(recipe_id, cook_id) VALUES (19, 58);
INSERT INTO recipe_cook(recipe_id, cook_id) VALUES (19, 168);
INSERT INTO recipe_cook(recipe_id, cook_id) VALUES (19, 185);
INSERT INTO recipe_cook(recipe_id, cook_id) VALUES (19, 97);
INSERT INTO recipe_cook(recipe_id, cook_id) VALUES (19, 79);
INSERT INTO recipe_cook(recipe_id, cook_id) VALUES (19, 76);
INSERT INTO recipe_cook(recipe_id, cook_id) VALUES (19, 33);
INSERT INTO recipe_cook(recipe_id, cook_id) VALUES (19, 181);
INSERT INTO recipe_cook(recipe_id, cook_id) VALUES (19, 187);
INSERT INTO recipe_cook(recipe_id, cook_id) VALUES (19, 101);
INSERT INTO recipe_cook(recipe_id, cook_id) VALUES (19, 9);
INSERT INTO recipe_cook(recipe_id, cook_id) VALUES (19, 47);
INSERT INTO recipe_cook(recipe_id, cook_id) VALUES (19, 159);
INSERT INTO recipe_cook(recipe_id, cook_id) VALUES (19, 191);
INSERT INTO recipe_cook(recipe_id, cook_id) VALUES (19, 27);
INSERT INTO recipe_cook(recipe_id, cook_id) VALUES (19, 128);
INSERT INTO recipe_cook(recipe_id, cook_id) VALUES (19, 175);
INSERT INTO recipe_cook(recipe_id, cook_id) VALUES (19, 186);
INSERT INTO recipe_cook(recipe_id, cook_id) VALUES (19, 20);
INSERT INTO recipe_cook(recipe_id, cook_id) VALUES (19, 61);
INSERT INTO recipe_cook(recipe_id, cook_id) VALUES (19, 89);
INSERT INTO recipe_cook(recipe_id, cook_id) VALUES (19, 143);
INSERT INTO recipe_cook(recipe_id, cook_id) VALUES (19, 43);
INSERT INTO recipe_cook(recipe_id, cook_id) VALUES (19, 23);
INSERT INTO recipe_cook(recipe_id, cook_id) VALUES (19, 86);
INSERT INTO recipe_cook(recipe_id, cook_id) VALUES (19, 115);
INSERT INTO recipe_cook(recipe_id, cook_id) VALUES (19, 3);
INSERT INTO recipe_cook(recipe_id, cook_id) VALUES (19, 68);
INSERT INTO recipe_cook(recipe_id, cook_id) VALUES (19, 141);
INSERT INTO recipe_cook(recipe_id, cook_id) VALUES (19, 32);
INSERT INTO recipe_cook(recipe_id, cook_id) VALUES (19, 173);
INSERT INTO recipe_cook(recipe_id, cook_id) VALUES (19, 145);
INSERT INTO recipe_cook(recipe_id, cook_id) VALUES (19, 153);
INSERT INTO recipe_cook(recipe_id, cook_id) VALUES (19, 149);
INSERT INTO recipe_cook(recipe_id, cook_id) VALUES (19, 146);
INSERT INTO recipe_cook(recipe_id, cook_id) VALUES (19, 14);
INSERT INTO recipe_cook(recipe_id, cook_id) VALUES (19, 93);
INSERT INTO recipe_cook(recipe_id, cook_id) VALUES (19, 147);
INSERT INTO recipe_cook(recipe_id, cook_id) VALUES (19, 7);
INSERT INTO recipe_cook(recipe_id, cook_id) VALUES (19, 50);
INSERT INTO recipe_cook(recipe_id, cook_id) VALUES (19, 142);
INSERT INTO recipe_cook(recipe_id, cook_id) VALUES (19, 172);
INSERT INTO recipe_cook(recipe_id, cook_id) VALUES (19, 54);
INSERT INTO recipe_cook(recipe_id, cook_id) VALUES (19, 22);
INSERT INTO recipe_cook(recipe_id, cook_id) VALUES (19, 53);
INSERT INTO recipe_cook(recipe_id, cook_id) VALUES (19, 64);
INSERT INTO recipe_cook(recipe_id, cook_id) VALUES (19, 49);
INSERT INTO recipe_cook(recipe_id, cook_id) VALUES (19, 188);
INSERT INTO recipe_cook(recipe_id, cook_id) VALUES (19, 70);
INSERT INTO recipe_cook(recipe_id, cook_id) VALUES (19, 109);
INSERT INTO recipe_cook(recipe_id, cook_id) VALUES (19, 13);
INSERT INTO recipe_cook(recipe_id, cook_id) VALUES (19, 62);
INSERT INTO recipe_cook(recipe_id, cook_id) VALUES (19, 121);
INSERT INTO recipe_cook(recipe_id, cook_id) VALUES (19, 74);
INSERT INTO recipe_cook(recipe_id, cook_id) VALUES (19, 84);
INSERT INTO recipe_cook(recipe_id, cook_id) VALUES (19, 98);
INSERT INTO recipe_cook(recipe_id, cook_id) VALUES (19, 182);
INSERT INTO recipe_cook(recipe_id, cook_id) VALUES (19, 174);
INSERT INTO recipe_cook(recipe_id, cook_id) VALUES (19, 21);
INSERT INTO recipe_cook(recipe_id, cook_id) VALUES (19, 192);
INSERT INTO recipe_cook(recipe_id, cook_id) VALUES (19, 196);
INSERT INTO recipe_cook(recipe_id, cook_id) VALUES (19, 5);
INSERT INTO recipe_cook(recipe_id, cook_id) VALUES (19, 177);
INSERT INTO recipe_cook(recipe_id, cook_id) VALUES (19, 129);
INSERT INTO recipe_cook(recipe_id, cook_id) VALUES (19, 162);
INSERT INTO recipe_cook(recipe_id, cook_id) VALUES (19, 183);
INSERT INTO recipe_cook(recipe_id, cook_id) VALUES (19, 120);
INSERT INTO recipe_cook(recipe_id, cook_id) VALUES (19, 95);
INSERT INTO recipe_cook(recipe_id, cook_id) VALUES (19, 44);
INSERT INTO recipe_cook(recipe_id, cook_id) VALUES (19, 161);
INSERT INTO recipe_cook(recipe_id, cook_id) VALUES (19, 106);
INSERT INTO recipe_cook(recipe_id, cook_id) VALUES (19, 152);
INSERT INTO recipe_cook(recipe_id, cook_id) VALUES (19, 99);
INSERT INTO recipe_cook(recipe_id, cook_id) VALUES (19, 71);
INSERT INTO recipe_cook(recipe_id, cook_id) VALUES (19, 12);
INSERT INTO recipe_cook(recipe_id, cook_id) VALUES (19, 166);
INSERT INTO recipe_cook(recipe_id, cook_id) VALUES (19, 77);
INSERT INTO recipe_cook(recipe_id, cook_id) VALUES (19, 104);
INSERT INTO recipe_cook(recipe_id, cook_id) VALUES (19, 4);
INSERT INTO recipe_cook(recipe_id, cook_id) VALUES (19, 56);
INSERT INTO recipe_cook(recipe_id, cook_id) VALUES (19, 131);
INSERT INTO recipe_cook(recipe_id, cook_id) VALUES (19, 150);
INSERT INTO recipe_themes(recipe_id, theme_id) VALUES (19, 4);
INSERT INTO recipe_tip(recipe_id, tip_id) VALUES (19, 22);

INSERT INTO recipe(baking, cuisine_id, difficulty, recipe_title, recipe_description, prep_time, cook_time, portions, fat_portion, protein_portion, carbs_portion, picture_uri, picture_description) VALUES(0, 7, 1,'Chocolate Mousse', 'Science manager difference put system feeling financial. South perhaps customer. A page building best.', 75, 90, 5, 35, 10,5, 'https://dummyimage.com/418x212', 'Strategy kitchen argue.');
INSERT INTO recipe_meal_type(recipe_id, meal_type_id) VALUES (20, 5);
INSERT INTO recipe_tag(recipe_id, tag_id) VALUES (20, 1);
INSERT INTO recipe_tag(recipe_id, tag_id) VALUES (20, 55);
INSERT INTO recipe_tag(recipe_id, tag_id) VALUES (20, 12);
INSERT INTO recipe_tag(recipe_id, tag_id) VALUES (20, 38);
INSERT INTO recipe_tag(recipe_id, tag_id) VALUES (20, 85);
INSERT INTO recipe_tag(recipe_id, tag_id) VALUES (20, 81);
INSERT INTO recipe_equipment(recipe_id, equipment_id, num) VALUES (20, 16, 4);
INSERT INTO recipe_equipment(recipe_id, equipment_id, num) VALUES (20, 7, 1);
INSERT INTO recipe_equipment(recipe_id, equipment_id, num) VALUES (20, 4, 4);
INSERT INTO recipe_equipment(recipe_id, equipment_id, num) VALUES (20, 1, 2);
INSERT INTO recipe_equipment(recipe_id, equipment_id, num) VALUES (20, 19, 2);
INSERT INTO recipe_equipment(recipe_id, equipment_id, num) VALUES (20, 3, 1);
INSERT INTO recipe_equipment(recipe_id, equipment_id, num) VALUES (20, 11, 1);
INSERT INTO recipe_cook(recipe_id, cook_id) VALUES (20, 21);
INSERT INTO recipe_cook(recipe_id, cook_id) VALUES (20, 122);
INSERT INTO recipe_cook(recipe_id, cook_id) VALUES (20, 30);
INSERT INTO recipe_cook(recipe_id, cook_id) VALUES (20, 79);
INSERT INTO recipe_cook(recipe_id, cook_id) VALUES (20, 102);
INSERT INTO recipe_cook(recipe_id, cook_id) VALUES (20, 121);
INSERT INTO recipe_cook(recipe_id, cook_id) VALUES (20, 126);
INSERT INTO recipe_cook(recipe_id, cook_id) VALUES (20, 170);
INSERT INTO recipe_cook(recipe_id, cook_id) VALUES (20, 68);
INSERT INTO recipe_cook(recipe_id, cook_id) VALUES (20, 24);
INSERT INTO recipe_cook(recipe_id, cook_id) VALUES (20, 165);
INSERT INTO recipe_cook(recipe_id, cook_id) VALUES (20, 140);
INSERT INTO recipe_cook(recipe_id, cook_id) VALUES (20, 100);
INSERT INTO recipe_cook(recipe_id, cook_id) VALUES (20, 48);
INSERT INTO recipe_cook(recipe_id, cook_id) VALUES (20, 95);
INSERT INTO recipe_cook(recipe_id, cook_id) VALUES (20, 98);
INSERT INTO recipe_cook(recipe_id, cook_id) VALUES (20, 186);
INSERT INTO recipe_cook(recipe_id, cook_id) VALUES (20, 187);
INSERT INTO recipe_cook(recipe_id, cook_id) VALUES (20, 115);
INSERT INTO recipe_cook(recipe_id, cook_id) VALUES (20, 12);
INSERT INTO recipe_cook(recipe_id, cook_id) VALUES (20, 192);
INSERT INTO recipe_cook(recipe_id, cook_id) VALUES (20, 113);
INSERT INTO recipe_cook(recipe_id, cook_id) VALUES (20, 120);
INSERT INTO recipe_cook(recipe_id, cook_id) VALUES (20, 180);
INSERT INTO recipe_cook(recipe_id, cook_id) VALUES (20, 58);
INSERT INTO recipe_cook(recipe_id, cook_id) VALUES (20, 69);
INSERT INTO recipe_cook(recipe_id, cook_id) VALUES (20, 145);
INSERT INTO recipe_cook(recipe_id, cook_id) VALUES (20, 16);
INSERT INTO recipe_cook(recipe_id, cook_id) VALUES (20, 39);
INSERT INTO recipe_cook(recipe_id, cook_id) VALUES (20, 171);
INSERT INTO recipe_cook(recipe_id, cook_id) VALUES (20, 25);
INSERT INTO recipe_cook(recipe_id, cook_id) VALUES (20, 22);
INSERT INTO recipe_cook(recipe_id, cook_id) VALUES (20, 89);
INSERT INTO recipe_cook(recipe_id, cook_id) VALUES (20, 139);
INSERT INTO recipe_cook(recipe_id, cook_id) VALUES (20, 106);
INSERT INTO recipe_cook(recipe_id, cook_id) VALUES (20, 151);
INSERT INTO recipe_cook(recipe_id, cook_id) VALUES (20, 59);
INSERT INTO recipe_cook(recipe_id, cook_id) VALUES (20, 142);
INSERT INTO recipe_cook(recipe_id, cook_id) VALUES (20, 173);
INSERT INTO recipe_cook(recipe_id, cook_id) VALUES (20, 188);
INSERT INTO recipe_cook(recipe_id, cook_id) VALUES (20, 134);
INSERT INTO recipe_cook(recipe_id, cook_id) VALUES (20, 108);
INSERT INTO recipe_cook(recipe_id, cook_id) VALUES (20, 138);
INSERT INTO recipe_cook(recipe_id, cook_id) VALUES (20, 199);
INSERT INTO recipe_cook(recipe_id, cook_id) VALUES (20, 147);
INSERT INTO recipe_cook(recipe_id, cook_id) VALUES (20, 61);
INSERT INTO recipe_cook(recipe_id, cook_id) VALUES (20, 157);
INSERT INTO recipe_cook(recipe_id, cook_id) VALUES (20, 77);
INSERT INTO recipe_cook(recipe_id, cook_id) VALUES (20, 200);
INSERT INTO recipe_cook(recipe_id, cook_id) VALUES (20, 196);
INSERT INTO recipe_cook(recipe_id, cook_id) VALUES (20, 9);
INSERT INTO recipe_cook(recipe_id, cook_id) VALUES (20, 129);
INSERT INTO recipe_cook(recipe_id, cook_id) VALUES (20, 156);
INSERT INTO recipe_cook(recipe_id, cook_id) VALUES (20, 133);
INSERT INTO recipe_cook(recipe_id, cook_id) VALUES (20, 38);
INSERT INTO recipe_cook(recipe_id, cook_id) VALUES (20, 31);
INSERT INTO recipe_cook(recipe_id, cook_id) VALUES (20, 182);
INSERT INTO recipe_cook(recipe_id, cook_id) VALUES (20, 45);
INSERT INTO recipe_cook(recipe_id, cook_id) VALUES (20, 43);
INSERT INTO recipe_cook(recipe_id, cook_id) VALUES (20, 55);
INSERT INTO recipe_cook(recipe_id, cook_id) VALUES (20, 50);
INSERT INTO recipe_cook(recipe_id, cook_id) VALUES (20, 33);
INSERT INTO recipe_cook(recipe_id, cook_id) VALUES (20, 11);
INSERT INTO recipe_cook(recipe_id, cook_id) VALUES (20, 109);
INSERT INTO recipe_cook(recipe_id, cook_id) VALUES (20, 152);
INSERT INTO recipe_cook(recipe_id, cook_id) VALUES (20, 112);
INSERT INTO recipe_cook(recipe_id, cook_id) VALUES (20, 52);
INSERT INTO recipe_cook(recipe_id, cook_id) VALUES (20, 146);
INSERT INTO recipe_cook(recipe_id, cook_id) VALUES (20, 67);
INSERT INTO recipe_cook(recipe_id, cook_id) VALUES (20, 82);
INSERT INTO recipe_cook(recipe_id, cook_id) VALUES (20, 18);
INSERT INTO recipe_cook(recipe_id, cook_id) VALUES (20, 23);
INSERT INTO recipe_cook(recipe_id, cook_id) VALUES (20, 161);
INSERT INTO recipe_cook(recipe_id, cook_id) VALUES (20, 72);
INSERT INTO recipe_cook(recipe_id, cook_id) VALUES (20, 51);
INSERT INTO recipe_themes(recipe_id, theme_id) VALUES (20, 21);
INSERT INTO recipe_themes(recipe_id, theme_id) VALUES (20, 18);
INSERT INTO recipe_themes(recipe_id, theme_id) VALUES (20, 34);
INSERT INTO recipe_tip(recipe_id, tip_id) VALUES (20, 1);
INSERT INTO recipe_tip(recipe_id, tip_id) VALUES (20, 40);

INSERT INTO recipe(baking, cuisine_id, difficulty, recipe_title, recipe_description, prep_time, cook_time, portions, fat_portion, protein_portion, carbs_portion, picture_uri, picture_description) VALUES(0, 19, 5,'Beef Tacos', 'Low contain dog summer employee partner. Teacher pay it player continue stand. Color score national live face.', 65, 60, 3, 30, 50,75, 'https://dummyimage.com/204x1009', 'Hospital recently blue indicate interesting.');
INSERT INTO recipe_meal_type(recipe_id, meal_type_id) VALUES (21, 3);
INSERT INTO recipe_tag(recipe_id, tag_id) VALUES (21, 5);
INSERT INTO recipe_tag(recipe_id, tag_id) VALUES (21, 23);
INSERT INTO recipe_tag(recipe_id, tag_id) VALUES (21, 36);
INSERT INTO recipe_tag(recipe_id, tag_id) VALUES (21, 52);
INSERT INTO recipe_tag(recipe_id, tag_id) VALUES (21, 19);
INSERT INTO recipe_tag(recipe_id, tag_id) VALUES (21, 80);
INSERT INTO recipe_tag(recipe_id, tag_id) VALUES (21, 78);
INSERT INTO recipe_tag(recipe_id, tag_id) VALUES (21, 88);
INSERT INTO recipe_equipment(recipe_id, equipment_id, num) VALUES (21, 2, 3);
INSERT INTO recipe_equipment(recipe_id, equipment_id, num) VALUES (21, 13, 3);
INSERT INTO recipe_equipment(recipe_id, equipment_id, num) VALUES (21, 11, 3);
INSERT INTO recipe_equipment(recipe_id, equipment_id, num) VALUES (21, 8, 3);
INSERT INTO recipe_equipment(recipe_id, equipment_id, num) VALUES (21, 20, 3);
INSERT INTO recipe_equipment(recipe_id, equipment_id, num) VALUES (21, 12, 2);
INSERT INTO recipe_cook(recipe_id, cook_id) VALUES (21, 69);
INSERT INTO recipe_cook(recipe_id, cook_id) VALUES (21, 96);
INSERT INTO recipe_cook(recipe_id, cook_id) VALUES (21, 6);
INSERT INTO recipe_cook(recipe_id, cook_id) VALUES (21, 87);
INSERT INTO recipe_cook(recipe_id, cook_id) VALUES (21, 78);
INSERT INTO recipe_cook(recipe_id, cook_id) VALUES (21, 80);
INSERT INTO recipe_cook(recipe_id, cook_id) VALUES (21, 72);
INSERT INTO recipe_cook(recipe_id, cook_id) VALUES (21, 126);
INSERT INTO recipe_cook(recipe_id, cook_id) VALUES (21, 179);
INSERT INTO recipe_cook(recipe_id, cook_id) VALUES (21, 176);
INSERT INTO recipe_cook(recipe_id, cook_id) VALUES (21, 26);
INSERT INTO recipe_cook(recipe_id, cook_id) VALUES (21, 59);
INSERT INTO recipe_cook(recipe_id, cook_id) VALUES (21, 35);
INSERT INTO recipe_cook(recipe_id, cook_id) VALUES (21, 77);
INSERT INTO recipe_cook(recipe_id, cook_id) VALUES (21, 114);
INSERT INTO recipe_cook(recipe_id, cook_id) VALUES (21, 83);
INSERT INTO recipe_cook(recipe_id, cook_id) VALUES (21, 200);
INSERT INTO recipe_cook(recipe_id, cook_id) VALUES (21, 107);
INSERT INTO recipe_cook(recipe_id, cook_id) VALUES (21, 155);
INSERT INTO recipe_cook(recipe_id, cook_id) VALUES (21, 166);
INSERT INTO recipe_cook(recipe_id, cook_id) VALUES (21, 23);
INSERT INTO recipe_cook(recipe_id, cook_id) VALUES (21, 49);
INSERT INTO recipe_cook(recipe_id, cook_id) VALUES (21, 186);
INSERT INTO recipe_cook(recipe_id, cook_id) VALUES (21, 55);
INSERT INTO recipe_cook(recipe_id, cook_id) VALUES (21, 105);
INSERT INTO recipe_cook(recipe_id, cook_id) VALUES (21, 125);
INSERT INTO recipe_cook(recipe_id, cook_id) VALUES (21, 133);
INSERT INTO recipe_cook(recipe_id, cook_id) VALUES (21, 199);
INSERT INTO recipe_cook(recipe_id, cook_id) VALUES (21, 15);
INSERT INTO recipe_cook(recipe_id, cook_id) VALUES (21, 132);
INSERT INTO recipe_cook(recipe_id, cook_id) VALUES (21, 41);
INSERT INTO recipe_cook(recipe_id, cook_id) VALUES (21, 17);
INSERT INTO recipe_cook(recipe_id, cook_id) VALUES (21, 195);
INSERT INTO recipe_cook(recipe_id, cook_id) VALUES (21, 130);
INSERT INTO recipe_cook(recipe_id, cook_id) VALUES (21, 104);
INSERT INTO recipe_cook(recipe_id, cook_id) VALUES (21, 188);
INSERT INTO recipe_cook(recipe_id, cook_id) VALUES (21, 135);
INSERT INTO recipe_cook(recipe_id, cook_id) VALUES (21, 146);
INSERT INTO recipe_cook(recipe_id, cook_id) VALUES (21, 8);
INSERT INTO recipe_cook(recipe_id, cook_id) VALUES (21, 45);
INSERT INTO recipe_cook(recipe_id, cook_id) VALUES (21, 50);
INSERT INTO recipe_cook(recipe_id, cook_id) VALUES (21, 52);
INSERT INTO recipe_cook(recipe_id, cook_id) VALUES (21, 172);
INSERT INTO recipe_cook(recipe_id, cook_id) VALUES (21, 64);
INSERT INTO recipe_cook(recipe_id, cook_id) VALUES (21, 9);
INSERT INTO recipe_cook(recipe_id, cook_id) VALUES (21, 117);
INSERT INTO recipe_cook(recipe_id, cook_id) VALUES (21, 13);
INSERT INTO recipe_cook(recipe_id, cook_id) VALUES (21, 93);
INSERT INTO recipe_cook(recipe_id, cook_id) VALUES (21, 51);
INSERT INTO recipe_cook(recipe_id, cook_id) VALUES (21, 71);
INSERT INTO recipe_cook(recipe_id, cook_id) VALUES (21, 95);
INSERT INTO recipe_cook(recipe_id, cook_id) VALUES (21, 119);
INSERT INTO recipe_cook(recipe_id, cook_id) VALUES (21, 167);
INSERT INTO recipe_cook(recipe_id, cook_id) VALUES (21, 102);
INSERT INTO recipe_cook(recipe_id, cook_id) VALUES (21, 32);
INSERT INTO recipe_cook(recipe_id, cook_id) VALUES (21, 162);
INSERT INTO recipe_cook(recipe_id, cook_id) VALUES (21, 62);
INSERT INTO recipe_cook(recipe_id, cook_id) VALUES (21, 173);
INSERT INTO recipe_cook(recipe_id, cook_id) VALUES (21, 193);
INSERT INTO recipe_cook(recipe_id, cook_id) VALUES (21, 115);
INSERT INTO recipe_cook(recipe_id, cook_id) VALUES (21, 46);
INSERT INTO recipe_cook(recipe_id, cook_id) VALUES (21, 122);
INSERT INTO recipe_cook(recipe_id, cook_id) VALUES (21, 90);
INSERT INTO recipe_cook(recipe_id, cook_id) VALUES (21, 89);
INSERT INTO recipe_cook(recipe_id, cook_id) VALUES (21, 42);
INSERT INTO recipe_cook(recipe_id, cook_id) VALUES (21, 67);
INSERT INTO recipe_cook(recipe_id, cook_id) VALUES (21, 24);
INSERT INTO recipe_cook(recipe_id, cook_id) VALUES (21, 73);
INSERT INTO recipe_cook(recipe_id, cook_id) VALUES (21, 145);
INSERT INTO recipe_cook(recipe_id, cook_id) VALUES (21, 99);
INSERT INTO recipe_cook(recipe_id, cook_id) VALUES (21, 154);
INSERT INTO recipe_cook(recipe_id, cook_id) VALUES (21, 136);
INSERT INTO recipe_cook(recipe_id, cook_id) VALUES (21, 177);
INSERT INTO recipe_cook(recipe_id, cook_id) VALUES (21, 110);
INSERT INTO recipe_cook(recipe_id, cook_id) VALUES (21, 29);
INSERT INTO recipe_cook(recipe_id, cook_id) VALUES (21, 185);
INSERT INTO recipe_cook(recipe_id, cook_id) VALUES (21, 142);
INSERT INTO recipe_cook(recipe_id, cook_id) VALUES (21, 197);
INSERT INTO recipe_cook(recipe_id, cook_id) VALUES (21, 27);
INSERT INTO recipe_cook(recipe_id, cook_id) VALUES (21, 165);
INSERT INTO recipe_cook(recipe_id, cook_id) VALUES (21, 84);
INSERT INTO recipe_cook(recipe_id, cook_id) VALUES (21, 53);
INSERT INTO recipe_cook(recipe_id, cook_id) VALUES (21, 66);
INSERT INTO recipe_cook(recipe_id, cook_id) VALUES (21, 3);
INSERT INTO recipe_cook(recipe_id, cook_id) VALUES (21, 111);
INSERT INTO recipe_cook(recipe_id, cook_id) VALUES (21, 100);
INSERT INTO recipe_cook(recipe_id, cook_id) VALUES (21, 131);
INSERT INTO recipe_cook(recipe_id, cook_id) VALUES (21, 88);
INSERT INTO recipe_cook(recipe_id, cook_id) VALUES (21, 2);
INSERT INTO recipe_cook(recipe_id, cook_id) VALUES (21, 61);
INSERT INTO recipe_cook(recipe_id, cook_id) VALUES (21, 169);
INSERT INTO recipe_cook(recipe_id, cook_id) VALUES (21, 175);
INSERT INTO recipe_cook(recipe_id, cook_id) VALUES (21, 180);
INSERT INTO recipe_cook(recipe_id, cook_id) VALUES (21, 187);
INSERT INTO recipe_cook(recipe_id, cook_id) VALUES (21, 103);
INSERT INTO recipe_cook(recipe_id, cook_id) VALUES (21, 112);
INSERT INTO recipe_cook(recipe_id, cook_id) VALUES (21, 124);
INSERT INTO recipe_cook(recipe_id, cook_id) VALUES (21, 33);
INSERT INTO recipe_cook(recipe_id, cook_id) VALUES (21, 196);
INSERT INTO recipe_cook(recipe_id, cook_id) VALUES (21, 40);
INSERT INTO recipe_cook(recipe_id, cook_id) VALUES (21, 92);
INSERT INTO recipe_cook(recipe_id, cook_id) VALUES (21, 91);
INSERT INTO recipe_cook(recipe_id, cook_id) VALUES (21, 109);
INSERT INTO recipe_cook(recipe_id, cook_id) VALUES (21, 36);
INSERT INTO recipe_cook(recipe_id, cook_id) VALUES (21, 128);
INSERT INTO recipe_cook(recipe_id, cook_id) VALUES (21, 192);
INSERT INTO recipe_cook(recipe_id, cook_id) VALUES (21, 161);
INSERT INTO recipe_cook(recipe_id, cook_id) VALUES (21, 189);
INSERT INTO recipe_cook(recipe_id, cook_id) VALUES (21, 106);
INSERT INTO recipe_cook(recipe_id, cook_id) VALUES (21, 28);
INSERT INTO recipe_cook(recipe_id, cook_id) VALUES (21, 60);
INSERT INTO recipe_cook(recipe_id, cook_id) VALUES (21, 39);
INSERT INTO recipe_cook(recipe_id, cook_id) VALUES (21, 123);
INSERT INTO recipe_cook(recipe_id, cook_id) VALUES (21, 164);
INSERT INTO recipe_cook(recipe_id, cook_id) VALUES (21, 168);
INSERT INTO recipe_cook(recipe_id, cook_id) VALUES (21, 152);
INSERT INTO recipe_cook(recipe_id, cook_id) VALUES (21, 75);
INSERT INTO recipe_cook(recipe_id, cook_id) VALUES (21, 14);
INSERT INTO recipe_cook(recipe_id, cook_id) VALUES (21, 1);
INSERT INTO recipe_cook(recipe_id, cook_id) VALUES (21, 118);
INSERT INTO recipe_cook(recipe_id, cook_id) VALUES (21, 48);
INSERT INTO recipe_cook(recipe_id, cook_id) VALUES (21, 194);
INSERT INTO recipe_themes(recipe_id, theme_id) VALUES (21, 39);
INSERT INTO recipe_themes(recipe_id, theme_id) VALUES (21, 19);
INSERT INTO recipe_themes(recipe_id, theme_id) VALUES (21, 20);
INSERT INTO recipe_tip(recipe_id, tip_id) VALUES (21, 7);
INSERT INTO recipe_tip(recipe_id, tip_id) VALUES (21, 31);
INSERT INTO recipe_tip(recipe_id, tip_id) VALUES (21, 5);

INSERT INTO recipe(baking, cuisine_id, difficulty, recipe_title, recipe_description, prep_time, cook_time, portions, fat_portion, protein_portion, carbs_portion, picture_uri, picture_description) VALUES(0, 34, 2,'Vegetable Stir-Fry', 'Build hope oil alone practice price know. While life rich everybody word group. Decision total modern message company charge pretty.', 15, 120, 5, 30, 50,50, 'https://placekitten.com/694/941', 'Everything several field hour.');
INSERT INTO recipe_meal_type(recipe_id, meal_type_id) VALUES (22, 2);
INSERT INTO recipe_tag(recipe_id, tag_id) VALUES (22, 93);
INSERT INTO recipe_tag(recipe_id, tag_id) VALUES (22, 4);
INSERT INTO recipe_tag(recipe_id, tag_id) VALUES (22, 84);
INSERT INTO recipe_equipment(recipe_id, equipment_id, num) VALUES (22, 10, 3);
INSERT INTO recipe_equipment(recipe_id, equipment_id, num) VALUES (22, 9, 1);
INSERT INTO recipe_equipment(recipe_id, equipment_id, num) VALUES (22, 14, 4);
INSERT INTO recipe_equipment(recipe_id, equipment_id, num) VALUES (22, 13, 2);
INSERT INTO recipe_equipment(recipe_id, equipment_id, num) VALUES (22, 17, 3);
INSERT INTO recipe_equipment(recipe_id, equipment_id, num) VALUES (22, 12, 2);
INSERT INTO recipe_cook(recipe_id, cook_id) VALUES (22, 150);
INSERT INTO recipe_cook(recipe_id, cook_id) VALUES (22, 182);
INSERT INTO recipe_cook(recipe_id, cook_id) VALUES (22, 147);
INSERT INTO recipe_cook(recipe_id, cook_id) VALUES (22, 49);
INSERT INTO recipe_cook(recipe_id, cook_id) VALUES (22, 88);
INSERT INTO recipe_cook(recipe_id, cook_id) VALUES (22, 186);
INSERT INTO recipe_cook(recipe_id, cook_id) VALUES (22, 183);
INSERT INTO recipe_cook(recipe_id, cook_id) VALUES (22, 57);
INSERT INTO recipe_cook(recipe_id, cook_id) VALUES (22, 176);
INSERT INTO recipe_cook(recipe_id, cook_id) VALUES (22, 137);
INSERT INTO recipe_themes(recipe_id, theme_id) VALUES (22, 31);
INSERT INTO recipe_themes(recipe_id, theme_id) VALUES (22, 23);
INSERT INTO recipe_themes(recipe_id, theme_id) VALUES (22, 33);
INSERT INTO recipe_tip(recipe_id, tip_id) VALUES (22, 11);
INSERT INTO recipe_tip(recipe_id, tip_id) VALUES (22, 36);

INSERT INTO recipe(baking, cuisine_id, difficulty, recipe_title, recipe_description, prep_time, cook_time, portions, fat_portion, protein_portion, carbs_portion, picture_uri, picture_description) VALUES(1, 42, 1,'Baba Ganoush', 'While paper Congress remain medical probably. Can food western give pay. Attack ahead run discuss professor material. Food discuss sign true somebody black thing.', 45, 50, 2, 55, 65,45, 'https://picsum.photos/786/860', 'Partner boy suggest authority.');
INSERT INTO recipe_meal_type(recipe_id, meal_type_id) VALUES (23, 5);
INSERT INTO recipe_tag(recipe_id, tag_id) VALUES (23, 43);
INSERT INTO recipe_tag(recipe_id, tag_id) VALUES (23, 48);
INSERT INTO recipe_tag(recipe_id, tag_id) VALUES (23, 34);
INSERT INTO recipe_tag(recipe_id, tag_id) VALUES (23, 75);
INSERT INTO recipe_tag(recipe_id, tag_id) VALUES (23, 38);
INSERT INTO recipe_tag(recipe_id, tag_id) VALUES (23, 60);
INSERT INTO recipe_tag(recipe_id, tag_id) VALUES (23, 16);
INSERT INTO recipe_equipment(recipe_id, equipment_id, num) VALUES (23, 2, 4);
INSERT INTO recipe_equipment(recipe_id, equipment_id, num) VALUES (23, 19, 4);
INSERT INTO recipe_equipment(recipe_id, equipment_id, num) VALUES (23, 3, 4);
INSERT INTO recipe_equipment(recipe_id, equipment_id, num) VALUES (23, 16, 4);
INSERT INTO recipe_equipment(recipe_id, equipment_id, num) VALUES (23, 7, 4);
INSERT INTO recipe_equipment(recipe_id, equipment_id, num) VALUES (23, 9, 4);
INSERT INTO recipe_cook(recipe_id, cook_id) VALUES (23, 175);
INSERT INTO recipe_cook(recipe_id, cook_id) VALUES (23, 98);
INSERT INTO recipe_cook(recipe_id, cook_id) VALUES (23, 136);
INSERT INTO recipe_cook(recipe_id, cook_id) VALUES (23, 77);
INSERT INTO recipe_cook(recipe_id, cook_id) VALUES (23, 106);
INSERT INTO recipe_cook(recipe_id, cook_id) VALUES (23, 14);
INSERT INTO recipe_cook(recipe_id, cook_id) VALUES (23, 39);
INSERT INTO recipe_cook(recipe_id, cook_id) VALUES (23, 36);
INSERT INTO recipe_cook(recipe_id, cook_id) VALUES (23, 52);
INSERT INTO recipe_cook(recipe_id, cook_id) VALUES (23, 88);
INSERT INTO recipe_cook(recipe_id, cook_id) VALUES (23, 105);
INSERT INTO recipe_cook(recipe_id, cook_id) VALUES (23, 146);
INSERT INTO recipe_cook(recipe_id, cook_id) VALUES (23, 118);
INSERT INTO recipe_cook(recipe_id, cook_id) VALUES (23, 37);
INSERT INTO recipe_cook(recipe_id, cook_id) VALUES (23, 81);
INSERT INTO recipe_cook(recipe_id, cook_id) VALUES (23, 184);
INSERT INTO recipe_cook(recipe_id, cook_id) VALUES (23, 47);
INSERT INTO recipe_cook(recipe_id, cook_id) VALUES (23, 21);
INSERT INTO recipe_cook(recipe_id, cook_id) VALUES (23, 125);
INSERT INTO recipe_cook(recipe_id, cook_id) VALUES (23, 86);
INSERT INTO recipe_cook(recipe_id, cook_id) VALUES (23, 162);
INSERT INTO recipe_cook(recipe_id, cook_id) VALUES (23, 46);
INSERT INTO recipe_cook(recipe_id, cook_id) VALUES (23, 186);
INSERT INTO recipe_cook(recipe_id, cook_id) VALUES (23, 163);
INSERT INTO recipe_cook(recipe_id, cook_id) VALUES (23, 15);
INSERT INTO recipe_cook(recipe_id, cook_id) VALUES (23, 2);
INSERT INTO recipe_cook(recipe_id, cook_id) VALUES (23, 116);
INSERT INTO recipe_cook(recipe_id, cook_id) VALUES (23, 71);
INSERT INTO recipe_cook(recipe_id, cook_id) VALUES (23, 54);
INSERT INTO recipe_cook(recipe_id, cook_id) VALUES (23, 44);
INSERT INTO recipe_cook(recipe_id, cook_id) VALUES (23, 148);
INSERT INTO recipe_themes(recipe_id, theme_id) VALUES (23, 32);
INSERT INTO recipe_tip(recipe_id, tip_id) VALUES (23, 9);

INSERT INTO recipe(baking, cuisine_id, difficulty, recipe_title, recipe_description, prep_time, cook_time, portions, fat_portion, protein_portion, carbs_portion, picture_uri, picture_description) VALUES(0, 3, 5,'Quesadillas', 'Piece ahead company blue last card PM news. Education join experience cut class. Speak court old pick protect data special. Growth impact national.', 45, 110, 3, 0, 25,80, 'https://picsum.photos/147/697', 'Many strategy now list goal peace next.');
INSERT INTO recipe_meal_type(recipe_id, meal_type_id) VALUES (24, 3);
INSERT INTO recipe_tag(recipe_id, tag_id) VALUES (24, 3);
INSERT INTO recipe_tag(recipe_id, tag_id) VALUES (24, 87);
INSERT INTO recipe_tag(recipe_id, tag_id) VALUES (24, 1);
INSERT INTO recipe_tag(recipe_id, tag_id) VALUES (24, 81);
INSERT INTO recipe_equipment(recipe_id, equipment_id, num) VALUES (24, 8, 1);
INSERT INTO recipe_equipment(recipe_id, equipment_id, num) VALUES (24, 12, 4);
INSERT INTO recipe_equipment(recipe_id, equipment_id, num) VALUES (24, 10, 3);
INSERT INTO recipe_equipment(recipe_id, equipment_id, num) VALUES (24, 5, 1);
INSERT INTO recipe_cook(recipe_id, cook_id) VALUES (24, 99);
INSERT INTO recipe_cook(recipe_id, cook_id) VALUES (24, 129);
INSERT INTO recipe_cook(recipe_id, cook_id) VALUES (24, 151);
INSERT INTO recipe_cook(recipe_id, cook_id) VALUES (24, 79);
INSERT INTO recipe_cook(recipe_id, cook_id) VALUES (24, 43);
INSERT INTO recipe_cook(recipe_id, cook_id) VALUES (24, 17);
INSERT INTO recipe_cook(recipe_id, cook_id) VALUES (24, 12);
INSERT INTO recipe_cook(recipe_id, cook_id) VALUES (24, 77);
INSERT INTO recipe_cook(recipe_id, cook_id) VALUES (24, 75);
INSERT INTO recipe_cook(recipe_id, cook_id) VALUES (24, 117);
INSERT INTO recipe_cook(recipe_id, cook_id) VALUES (24, 187);
INSERT INTO recipe_cook(recipe_id, cook_id) VALUES (24, 134);
INSERT INTO recipe_cook(recipe_id, cook_id) VALUES (24, 153);
INSERT INTO recipe_cook(recipe_id, cook_id) VALUES (24, 135);
INSERT INTO recipe_cook(recipe_id, cook_id) VALUES (24, 87);
INSERT INTO recipe_cook(recipe_id, cook_id) VALUES (24, 112);
INSERT INTO recipe_cook(recipe_id, cook_id) VALUES (24, 176);
INSERT INTO recipe_cook(recipe_id, cook_id) VALUES (24, 35);
INSERT INTO recipe_cook(recipe_id, cook_id) VALUES (24, 88);
INSERT INTO recipe_cook(recipe_id, cook_id) VALUES (24, 126);
INSERT INTO recipe_cook(recipe_id, cook_id) VALUES (24, 92);
INSERT INTO recipe_cook(recipe_id, cook_id) VALUES (24, 49);
INSERT INTO recipe_cook(recipe_id, cook_id) VALUES (24, 196);
INSERT INTO recipe_cook(recipe_id, cook_id) VALUES (24, 104);
INSERT INTO recipe_cook(recipe_id, cook_id) VALUES (24, 5);
INSERT INTO recipe_cook(recipe_id, cook_id) VALUES (24, 59);
INSERT INTO recipe_cook(recipe_id, cook_id) VALUES (24, 58);
INSERT INTO recipe_themes(recipe_id, theme_id) VALUES (24, 9);
INSERT INTO recipe_themes(recipe_id, theme_id) VALUES (24, 14);
INSERT INTO recipe_themes(recipe_id, theme_id) VALUES (24, 2);
INSERT INTO recipe_tip(recipe_id, tip_id) VALUES (24, 33);
INSERT INTO recipe_tip(recipe_id, tip_id) VALUES (24, 11);
INSERT INTO recipe_tip(recipe_id, tip_id) VALUES (24, 8);

INSERT INTO recipe(baking, cuisine_id, difficulty, recipe_title, recipe_description, prep_time, cook_time, portions, fat_portion, protein_portion, carbs_portion, picture_uri, picture_description) VALUES(0, 43, 1,'Vegetable Curry', 'Into heavy audience back site fear. Material anything music against.', 115, 0, 1, 55, 5,65, 'https://dummyimage.com/593x514', 'Attack the why avoid offer table.');
INSERT INTO recipe_meal_type(recipe_id, meal_type_id) VALUES (25, 5);
INSERT INTO recipe_tag(recipe_id, tag_id) VALUES (25, 49);
INSERT INTO recipe_tag(recipe_id, tag_id) VALUES (25, 16);
INSERT INTO recipe_tag(recipe_id, tag_id) VALUES (25, 71);
INSERT INTO recipe_tag(recipe_id, tag_id) VALUES (25, 33);
INSERT INTO recipe_tag(recipe_id, tag_id) VALUES (25, 61);
INSERT INTO recipe_tag(recipe_id, tag_id) VALUES (25, 90);
INSERT INTO recipe_tag(recipe_id, tag_id) VALUES (25, 20);
INSERT INTO recipe_tag(recipe_id, tag_id) VALUES (25, 27);
INSERT INTO recipe_equipment(recipe_id, equipment_id, num) VALUES (25, 10, 1);
INSERT INTO recipe_equipment(recipe_id, equipment_id, num) VALUES (25, 14, 1);
INSERT INTO recipe_equipment(recipe_id, equipment_id, num) VALUES (25, 4, 3);
INSERT INTO recipe_cook(recipe_id, cook_id) VALUES (25, 134);
INSERT INTO recipe_cook(recipe_id, cook_id) VALUES (25, 70);
INSERT INTO recipe_cook(recipe_id, cook_id) VALUES (25, 160);
INSERT INTO recipe_cook(recipe_id, cook_id) VALUES (25, 156);
INSERT INTO recipe_cook(recipe_id, cook_id) VALUES (25, 180);
INSERT INTO recipe_cook(recipe_id, cook_id) VALUES (25, 36);
INSERT INTO recipe_cook(recipe_id, cook_id) VALUES (25, 108);
INSERT INTO recipe_cook(recipe_id, cook_id) VALUES (25, 27);
INSERT INTO recipe_cook(recipe_id, cook_id) VALUES (25, 131);
INSERT INTO recipe_cook(recipe_id, cook_id) VALUES (25, 185);
INSERT INTO recipe_cook(recipe_id, cook_id) VALUES (25, 159);
INSERT INTO recipe_cook(recipe_id, cook_id) VALUES (25, 31);
INSERT INTO recipe_cook(recipe_id, cook_id) VALUES (25, 73);
INSERT INTO recipe_cook(recipe_id, cook_id) VALUES (25, 30);
INSERT INTO recipe_cook(recipe_id, cook_id) VALUES (25, 28);
INSERT INTO recipe_cook(recipe_id, cook_id) VALUES (25, 128);
INSERT INTO recipe_cook(recipe_id, cook_id) VALUES (25, 51);
INSERT INTO recipe_cook(recipe_id, cook_id) VALUES (25, 197);
INSERT INTO recipe_cook(recipe_id, cook_id) VALUES (25, 52);
INSERT INTO recipe_cook(recipe_id, cook_id) VALUES (25, 68);
INSERT INTO recipe_cook(recipe_id, cook_id) VALUES (25, 200);
INSERT INTO recipe_cook(recipe_id, cook_id) VALUES (25, 182);
INSERT INTO recipe_cook(recipe_id, cook_id) VALUES (25, 92);
INSERT INTO recipe_cook(recipe_id, cook_id) VALUES (25, 105);
INSERT INTO recipe_cook(recipe_id, cook_id) VALUES (25, 76);
INSERT INTO recipe_cook(recipe_id, cook_id) VALUES (25, 42);
INSERT INTO recipe_cook(recipe_id, cook_id) VALUES (25, 11);
INSERT INTO recipe_cook(recipe_id, cook_id) VALUES (25, 141);
INSERT INTO recipe_cook(recipe_id, cook_id) VALUES (25, 191);
INSERT INTO recipe_cook(recipe_id, cook_id) VALUES (25, 54);
INSERT INTO recipe_cook(recipe_id, cook_id) VALUES (25, 124);
INSERT INTO recipe_cook(recipe_id, cook_id) VALUES (25, 85);
INSERT INTO recipe_cook(recipe_id, cook_id) VALUES (25, 61);
INSERT INTO recipe_cook(recipe_id, cook_id) VALUES (25, 1);
INSERT INTO recipe_cook(recipe_id, cook_id) VALUES (25, 4);
INSERT INTO recipe_cook(recipe_id, cook_id) VALUES (25, 23);
INSERT INTO recipe_cook(recipe_id, cook_id) VALUES (25, 29);
INSERT INTO recipe_cook(recipe_id, cook_id) VALUES (25, 147);
INSERT INTO recipe_cook(recipe_id, cook_id) VALUES (25, 127);
INSERT INTO recipe_cook(recipe_id, cook_id) VALUES (25, 39);
INSERT INTO recipe_cook(recipe_id, cook_id) VALUES (25, 24);
INSERT INTO recipe_cook(recipe_id, cook_id) VALUES (25, 192);
INSERT INTO recipe_cook(recipe_id, cook_id) VALUES (25, 20);
INSERT INTO recipe_cook(recipe_id, cook_id) VALUES (25, 26);
INSERT INTO recipe_cook(recipe_id, cook_id) VALUES (25, 66);
INSERT INTO recipe_cook(recipe_id, cook_id) VALUES (25, 60);
INSERT INTO recipe_cook(recipe_id, cook_id) VALUES (25, 117);
INSERT INTO recipe_cook(recipe_id, cook_id) VALUES (25, 176);
INSERT INTO recipe_cook(recipe_id, cook_id) VALUES (25, 181);
INSERT INTO recipe_cook(recipe_id, cook_id) VALUES (25, 119);
INSERT INTO recipe_cook(recipe_id, cook_id) VALUES (25, 13);
INSERT INTO recipe_cook(recipe_id, cook_id) VALUES (25, 157);
INSERT INTO recipe_cook(recipe_id, cook_id) VALUES (25, 45);
INSERT INTO recipe_cook(recipe_id, cook_id) VALUES (25, 174);
INSERT INTO recipe_cook(recipe_id, cook_id) VALUES (25, 75);
INSERT INTO recipe_cook(recipe_id, cook_id) VALUES (25, 93);
INSERT INTO recipe_cook(recipe_id, cook_id) VALUES (25, 81);
INSERT INTO recipe_cook(recipe_id, cook_id) VALUES (25, 110);
INSERT INTO recipe_cook(recipe_id, cook_id) VALUES (25, 187);
INSERT INTO recipe_cook(recipe_id, cook_id) VALUES (25, 25);
INSERT INTO recipe_cook(recipe_id, cook_id) VALUES (25, 12);
INSERT INTO recipe_cook(recipe_id, cook_id) VALUES (25, 3);
INSERT INTO recipe_cook(recipe_id, cook_id) VALUES (25, 195);
INSERT INTO recipe_cook(recipe_id, cook_id) VALUES (25, 44);
INSERT INTO recipe_cook(recipe_id, cook_id) VALUES (25, 169);
INSERT INTO recipe_cook(recipe_id, cook_id) VALUES (25, 178);
INSERT INTO recipe_cook(recipe_id, cook_id) VALUES (25, 113);
INSERT INTO recipe_cook(recipe_id, cook_id) VALUES (25, 69);
INSERT INTO recipe_cook(recipe_id, cook_id) VALUES (25, 198);
INSERT INTO recipe_cook(recipe_id, cook_id) VALUES (25, 96);
INSERT INTO recipe_cook(recipe_id, cook_id) VALUES (25, 88);
INSERT INTO recipe_cook(recipe_id, cook_id) VALUES (25, 47);
INSERT INTO recipe_cook(recipe_id, cook_id) VALUES (25, 142);
INSERT INTO recipe_cook(recipe_id, cook_id) VALUES (25, 179);
INSERT INTO recipe_cook(recipe_id, cook_id) VALUES (25, 162);
INSERT INTO recipe_cook(recipe_id, cook_id) VALUES (25, 170);
INSERT INTO recipe_cook(recipe_id, cook_id) VALUES (25, 59);
INSERT INTO recipe_cook(recipe_id, cook_id) VALUES (25, 35);
INSERT INTO recipe_cook(recipe_id, cook_id) VALUES (25, 107);
INSERT INTO recipe_cook(recipe_id, cook_id) VALUES (25, 50);
INSERT INTO recipe_cook(recipe_id, cook_id) VALUES (25, 89);
INSERT INTO recipe_cook(recipe_id, cook_id) VALUES (25, 109);
INSERT INTO recipe_cook(recipe_id, cook_id) VALUES (25, 62);
INSERT INTO recipe_cook(recipe_id, cook_id) VALUES (25, 103);
INSERT INTO recipe_cook(recipe_id, cook_id) VALUES (25, 171);
INSERT INTO recipe_cook(recipe_id, cook_id) VALUES (25, 84);
INSERT INTO recipe_cook(recipe_id, cook_id) VALUES (25, 114);
INSERT INTO recipe_cook(recipe_id, cook_id) VALUES (25, 154);
INSERT INTO recipe_cook(recipe_id, cook_id) VALUES (25, 22);
INSERT INTO recipe_cook(recipe_id, cook_id) VALUES (25, 15);
INSERT INTO recipe_cook(recipe_id, cook_id) VALUES (25, 17);
INSERT INTO recipe_cook(recipe_id, cook_id) VALUES (25, 90);
INSERT INTO recipe_cook(recipe_id, cook_id) VALUES (25, 145);
INSERT INTO recipe_cook(recipe_id, cook_id) VALUES (25, 8);
INSERT INTO recipe_cook(recipe_id, cook_id) VALUES (25, 21);
INSERT INTO recipe_cook(recipe_id, cook_id) VALUES (25, 14);
INSERT INTO recipe_cook(recipe_id, cook_id) VALUES (25, 116);
INSERT INTO recipe_cook(recipe_id, cook_id) VALUES (25, 153);
INSERT INTO recipe_cook(recipe_id, cook_id) VALUES (25, 118);
INSERT INTO recipe_cook(recipe_id, cook_id) VALUES (25, 188);
INSERT INTO recipe_cook(recipe_id, cook_id) VALUES (25, 87);
INSERT INTO recipe_cook(recipe_id, cook_id) VALUES (25, 57);
INSERT INTO recipe_cook(recipe_id, cook_id) VALUES (25, 132);
INSERT INTO recipe_cook(recipe_id, cook_id) VALUES (25, 79);
INSERT INTO recipe_cook(recipe_id, cook_id) VALUES (25, 49);
INSERT INTO recipe_cook(recipe_id, cook_id) VALUES (25, 46);
INSERT INTO recipe_cook(recipe_id, cook_id) VALUES (25, 97);
INSERT INTO recipe_cook(recipe_id, cook_id) VALUES (25, 166);
INSERT INTO recipe_cook(recipe_id, cook_id) VALUES (25, 130);
INSERT INTO recipe_cook(recipe_id, cook_id) VALUES (25, 143);
INSERT INTO recipe_cook(recipe_id, cook_id) VALUES (25, 102);
INSERT INTO recipe_cook(recipe_id, cook_id) VALUES (25, 63);
INSERT INTO recipe_cook(recipe_id, cook_id) VALUES (25, 111);
INSERT INTO recipe_cook(recipe_id, cook_id) VALUES (25, 53);
INSERT INTO recipe_cook(recipe_id, cook_id) VALUES (25, 99);
INSERT INTO recipe_cook(recipe_id, cook_id) VALUES (25, 6);
INSERT INTO recipe_cook(recipe_id, cook_id) VALUES (25, 9);
INSERT INTO recipe_cook(recipe_id, cook_id) VALUES (25, 34);
INSERT INTO recipe_cook(recipe_id, cook_id) VALUES (25, 41);
INSERT INTO recipe_cook(recipe_id, cook_id) VALUES (25, 2);
INSERT INTO recipe_cook(recipe_id, cook_id) VALUES (25, 152);
INSERT INTO recipe_cook(recipe_id, cook_id) VALUES (25, 74);
INSERT INTO recipe_cook(recipe_id, cook_id) VALUES (25, 101);
INSERT INTO recipe_cook(recipe_id, cook_id) VALUES (25, 164);
INSERT INTO recipe_cook(recipe_id, cook_id) VALUES (25, 137);
INSERT INTO recipe_cook(recipe_id, cook_id) VALUES (25, 67);
INSERT INTO recipe_cook(recipe_id, cook_id) VALUES (25, 146);
INSERT INTO recipe_cook(recipe_id, cook_id) VALUES (25, 150);
INSERT INTO recipe_cook(recipe_id, cook_id) VALUES (25, 56);
INSERT INTO recipe_cook(recipe_id, cook_id) VALUES (25, 32);
INSERT INTO recipe_cook(recipe_id, cook_id) VALUES (25, 151);
INSERT INTO recipe_cook(recipe_id, cook_id) VALUES (25, 148);
INSERT INTO recipe_cook(recipe_id, cook_id) VALUES (25, 121);
INSERT INTO recipe_cook(recipe_id, cook_id) VALUES (25, 158);
INSERT INTO recipe_cook(recipe_id, cook_id) VALUES (25, 7);
INSERT INTO recipe_cook(recipe_id, cook_id) VALUES (25, 144);
INSERT INTO recipe_cook(recipe_id, cook_id) VALUES (25, 106);
INSERT INTO recipe_cook(recipe_id, cook_id) VALUES (25, 33);
INSERT INTO recipe_cook(recipe_id, cook_id) VALUES (25, 55);
INSERT INTO recipe_cook(recipe_id, cook_id) VALUES (25, 189);
INSERT INTO recipe_cook(recipe_id, cook_id) VALUES (25, 199);
INSERT INTO recipe_cook(recipe_id, cook_id) VALUES (25, 71);
INSERT INTO recipe_cook(recipe_id, cook_id) VALUES (25, 72);
INSERT INTO recipe_cook(recipe_id, cook_id) VALUES (25, 163);
INSERT INTO recipe_cook(recipe_id, cook_id) VALUES (25, 5);
INSERT INTO recipe_cook(recipe_id, cook_id) VALUES (25, 190);
INSERT INTO recipe_cook(recipe_id, cook_id) VALUES (25, 125);
INSERT INTO recipe_cook(recipe_id, cook_id) VALUES (25, 64);
INSERT INTO recipe_cook(recipe_id, cook_id) VALUES (25, 16);
INSERT INTO recipe_cook(recipe_id, cook_id) VALUES (25, 112);
INSERT INTO recipe_cook(recipe_id, cook_id) VALUES (25, 18);
INSERT INTO recipe_cook(recipe_id, cook_id) VALUES (25, 194);
INSERT INTO recipe_cook(recipe_id, cook_id) VALUES (25, 120);
INSERT INTO recipe_cook(recipe_id, cook_id) VALUES (25, 135);
INSERT INTO recipe_cook(recipe_id, cook_id) VALUES (25, 138);
INSERT INTO recipe_cook(recipe_id, cook_id) VALUES (25, 175);
INSERT INTO recipe_cook(recipe_id, cook_id) VALUES (25, 173);
INSERT INTO recipe_cook(recipe_id, cook_id) VALUES (25, 149);
INSERT INTO recipe_cook(recipe_id, cook_id) VALUES (25, 126);
INSERT INTO recipe_cook(recipe_id, cook_id) VALUES (25, 136);
INSERT INTO recipe_cook(recipe_id, cook_id) VALUES (25, 172);
INSERT INTO recipe_cook(recipe_id, cook_id) VALUES (25, 77);
INSERT INTO recipe_cook(recipe_id, cook_id) VALUES (25, 37);
INSERT INTO recipe_cook(recipe_id, cook_id) VALUES (25, 161);
INSERT INTO recipe_cook(recipe_id, cook_id) VALUES (25, 82);
INSERT INTO recipe_cook(recipe_id, cook_id) VALUES (25, 104);
INSERT INTO recipe_cook(recipe_id, cook_id) VALUES (25, 38);
INSERT INTO recipe_cook(recipe_id, cook_id) VALUES (25, 100);
INSERT INTO recipe_cook(recipe_id, cook_id) VALUES (25, 122);
INSERT INTO recipe_cook(recipe_id, cook_id) VALUES (25, 133);
INSERT INTO recipe_themes(recipe_id, theme_id) VALUES (25, 2);
INSERT INTO recipe_themes(recipe_id, theme_id) VALUES (25, 7);
INSERT INTO recipe_themes(recipe_id, theme_id) VALUES (25, 26);
INSERT INTO recipe_tip(recipe_id, tip_id) VALUES (25, 3);
INSERT INTO recipe_tip(recipe_id, tip_id) VALUES (25, 36);

INSERT INTO recipe(baking, cuisine_id, difficulty, recipe_title, recipe_description, prep_time, cook_time, portions, fat_portion, protein_portion, carbs_portion, picture_uri, picture_description) VALUES(0, 42, 4,'Macaroni Salad', 'Human arm recently book likely. President allow instead customer thousand. Cause natural safe under. Dog authority way toward.', 65, 50, 1, 15, 65,70, 'https://picsum.photos/72/708', 'Our partner ball necessary water establish.');
INSERT INTO recipe_meal_type(recipe_id, meal_type_id) VALUES (26, 4);
INSERT INTO recipe_tag(recipe_id, tag_id) VALUES (26, 72);
INSERT INTO recipe_tag(recipe_id, tag_id) VALUES (26, 99);
INSERT INTO recipe_tag(recipe_id, tag_id) VALUES (26, 80);
INSERT INTO recipe_tag(recipe_id, tag_id) VALUES (26, 77);
INSERT INTO recipe_tag(recipe_id, tag_id) VALUES (26, 61);
INSERT INTO recipe_tag(recipe_id, tag_id) VALUES (26, 92);
INSERT INTO recipe_equipment(recipe_id, equipment_id, num) VALUES (26, 15, 1);
INSERT INTO recipe_equipment(recipe_id, equipment_id, num) VALUES (26, 4, 1);
INSERT INTO recipe_equipment(recipe_id, equipment_id, num) VALUES (26, 19, 1);
INSERT INTO recipe_equipment(recipe_id, equipment_id, num) VALUES (26, 8, 4);
INSERT INTO recipe_equipment(recipe_id, equipment_id, num) VALUES (26, 1, 2);
INSERT INTO recipe_cook(recipe_id, cook_id) VALUES (26, 91);
INSERT INTO recipe_cook(recipe_id, cook_id) VALUES (26, 163);
INSERT INTO recipe_cook(recipe_id, cook_id) VALUES (26, 75);
INSERT INTO recipe_cook(recipe_id, cook_id) VALUES (26, 141);
INSERT INTO recipe_cook(recipe_id, cook_id) VALUES (26, 134);
INSERT INTO recipe_cook(recipe_id, cook_id) VALUES (26, 96);
INSERT INTO recipe_cook(recipe_id, cook_id) VALUES (26, 180);
INSERT INTO recipe_cook(recipe_id, cook_id) VALUES (26, 28);
INSERT INTO recipe_cook(recipe_id, cook_id) VALUES (26, 12);
INSERT INTO recipe_cook(recipe_id, cook_id) VALUES (26, 43);
INSERT INTO recipe_cook(recipe_id, cook_id) VALUES (26, 127);
INSERT INTO recipe_cook(recipe_id, cook_id) VALUES (26, 36);
INSERT INTO recipe_cook(recipe_id, cook_id) VALUES (26, 184);
INSERT INTO recipe_cook(recipe_id, cook_id) VALUES (26, 185);
INSERT INTO recipe_cook(recipe_id, cook_id) VALUES (26, 105);
INSERT INTO recipe_cook(recipe_id, cook_id) VALUES (26, 193);
INSERT INTO recipe_cook(recipe_id, cook_id) VALUES (26, 66);
INSERT INTO recipe_cook(recipe_id, cook_id) VALUES (26, 157);
INSERT INTO recipe_cook(recipe_id, cook_id) VALUES (26, 51);
INSERT INTO recipe_cook(recipe_id, cook_id) VALUES (26, 49);
INSERT INTO recipe_cook(recipe_id, cook_id) VALUES (26, 31);
INSERT INTO recipe_cook(recipe_id, cook_id) VALUES (26, 101);
INSERT INTO recipe_cook(recipe_id, cook_id) VALUES (26, 56);
INSERT INTO recipe_cook(recipe_id, cook_id) VALUES (26, 118);
INSERT INTO recipe_cook(recipe_id, cook_id) VALUES (26, 181);
INSERT INTO recipe_cook(recipe_id, cook_id) VALUES (26, 87);
INSERT INTO recipe_cook(recipe_id, cook_id) VALUES (26, 187);
INSERT INTO recipe_cook(recipe_id, cook_id) VALUES (26, 107);
INSERT INTO recipe_cook(recipe_id, cook_id) VALUES (26, 192);
INSERT INTO recipe_cook(recipe_id, cook_id) VALUES (26, 199);
INSERT INTO recipe_cook(recipe_id, cook_id) VALUES (26, 151);
INSERT INTO recipe_cook(recipe_id, cook_id) VALUES (26, 32);
INSERT INTO recipe_cook(recipe_id, cook_id) VALUES (26, 116);
INSERT INTO recipe_cook(recipe_id, cook_id) VALUES (26, 177);
INSERT INTO recipe_cook(recipe_id, cook_id) VALUES (26, 170);
INSERT INTO recipe_cook(recipe_id, cook_id) VALUES (26, 130);
INSERT INTO recipe_cook(recipe_id, cook_id) VALUES (26, 35);
INSERT INTO recipe_cook(recipe_id, cook_id) VALUES (26, 128);
INSERT INTO recipe_cook(recipe_id, cook_id) VALUES (26, 2);
INSERT INTO recipe_cook(recipe_id, cook_id) VALUES (26, 136);
INSERT INTO recipe_cook(recipe_id, cook_id) VALUES (26, 13);
INSERT INTO recipe_cook(recipe_id, cook_id) VALUES (26, 142);
INSERT INTO recipe_cook(recipe_id, cook_id) VALUES (26, 111);
INSERT INTO recipe_cook(recipe_id, cook_id) VALUES (26, 150);
INSERT INTO recipe_cook(recipe_id, cook_id) VALUES (26, 124);
INSERT INTO recipe_cook(recipe_id, cook_id) VALUES (26, 131);
INSERT INTO recipe_cook(recipe_id, cook_id) VALUES (26, 46);
INSERT INTO recipe_cook(recipe_id, cook_id) VALUES (26, 149);
INSERT INTO recipe_cook(recipe_id, cook_id) VALUES (26, 45);
INSERT INTO recipe_cook(recipe_id, cook_id) VALUES (26, 33);
INSERT INTO recipe_cook(recipe_id, cook_id) VALUES (26, 27);
INSERT INTO recipe_cook(recipe_id, cook_id) VALUES (26, 100);
INSERT INTO recipe_cook(recipe_id, cook_id) VALUES (26, 83);
INSERT INTO recipe_cook(recipe_id, cook_id) VALUES (26, 165);
INSERT INTO recipe_cook(recipe_id, cook_id) VALUES (26, 99);
INSERT INTO recipe_cook(recipe_id, cook_id) VALUES (26, 108);
INSERT INTO recipe_cook(recipe_id, cook_id) VALUES (26, 64);
INSERT INTO recipe_cook(recipe_id, cook_id) VALUES (26, 71);
INSERT INTO recipe_cook(recipe_id, cook_id) VALUES (26, 102);
INSERT INTO recipe_cook(recipe_id, cook_id) VALUES (26, 88);
INSERT INTO recipe_cook(recipe_id, cook_id) VALUES (26, 76);
INSERT INTO recipe_cook(recipe_id, cook_id) VALUES (26, 168);
INSERT INTO recipe_cook(recipe_id, cook_id) VALUES (26, 164);
INSERT INTO recipe_cook(recipe_id, cook_id) VALUES (26, 189);
INSERT INTO recipe_cook(recipe_id, cook_id) VALUES (26, 106);
INSERT INTO recipe_cook(recipe_id, cook_id) VALUES (26, 132);
INSERT INTO recipe_cook(recipe_id, cook_id) VALUES (26, 77);
INSERT INTO recipe_cook(recipe_id, cook_id) VALUES (26, 81);
INSERT INTO recipe_cook(recipe_id, cook_id) VALUES (26, 178);
INSERT INTO recipe_cook(recipe_id, cook_id) VALUES (26, 52);
INSERT INTO recipe_cook(recipe_id, cook_id) VALUES (26, 54);
INSERT INTO recipe_cook(recipe_id, cook_id) VALUES (26, 198);
INSERT INTO recipe_cook(recipe_id, cook_id) VALUES (26, 89);
INSERT INTO recipe_cook(recipe_id, cook_id) VALUES (26, 167);
INSERT INTO recipe_cook(recipe_id, cook_id) VALUES (26, 175);
INSERT INTO recipe_cook(recipe_id, cook_id) VALUES (26, 17);
INSERT INTO recipe_cook(recipe_id, cook_id) VALUES (26, 200);
INSERT INTO recipe_cook(recipe_id, cook_id) VALUES (26, 84);
INSERT INTO recipe_cook(recipe_id, cook_id) VALUES (26, 23);
INSERT INTO recipe_cook(recipe_id, cook_id) VALUES (26, 65);
INSERT INTO recipe_cook(recipe_id, cook_id) VALUES (26, 70);
INSERT INTO recipe_cook(recipe_id, cook_id) VALUES (26, 171);
INSERT INTO recipe_cook(recipe_id, cook_id) VALUES (26, 82);
INSERT INTO recipe_cook(recipe_id, cook_id) VALUES (26, 42);
INSERT INTO recipe_cook(recipe_id, cook_id) VALUES (26, 156);
INSERT INTO recipe_cook(recipe_id, cook_id) VALUES (26, 15);
INSERT INTO recipe_cook(recipe_id, cook_id) VALUES (26, 98);
INSERT INTO recipe_cook(recipe_id, cook_id) VALUES (26, 154);
INSERT INTO recipe_themes(recipe_id, theme_id) VALUES (26, 31);
INSERT INTO recipe_themes(recipe_id, theme_id) VALUES (26, 38);
INSERT INTO recipe_themes(recipe_id, theme_id) VALUES (26, 37);
INSERT INTO recipe_tip(recipe_id, tip_id) VALUES (26, 27);
INSERT INTO recipe_tip(recipe_id, tip_id) VALUES (26, 35);
INSERT INTO recipe_tip(recipe_id, tip_id) VALUES (26, 19);

INSERT INTO recipe(baking, cuisine_id, difficulty, recipe_title, recipe_description, prep_time, cook_time, portions, fat_portion, protein_portion, carbs_portion, picture_uri, picture_description) VALUES(0, 43, 1,'Eggplant Parmesan', 'Market different go. Field sure will again area similar specific.', 45, 40, 2, 20, 50,40, 'https://placekitten.com/776/37', 'Appear she receive involve interview case just.');
INSERT INTO recipe_meal_type(recipe_id, meal_type_id) VALUES (27, 6);
INSERT INTO recipe_tag(recipe_id, tag_id) VALUES (27, 8);
INSERT INTO recipe_tag(recipe_id, tag_id) VALUES (27, 89);
INSERT INTO recipe_tag(recipe_id, tag_id) VALUES (27, 38);
INSERT INTO recipe_equipment(recipe_id, equipment_id, num) VALUES (27, 18, 2);
INSERT INTO recipe_equipment(recipe_id, equipment_id, num) VALUES (27, 2, 3);
INSERT INTO recipe_equipment(recipe_id, equipment_id, num) VALUES (27, 12, 4);
INSERT INTO recipe_equipment(recipe_id, equipment_id, num) VALUES (27, 15, 2);
INSERT INTO recipe_cook(recipe_id, cook_id) VALUES (27, 158);
INSERT INTO recipe_cook(recipe_id, cook_id) VALUES (27, 173);
INSERT INTO recipe_cook(recipe_id, cook_id) VALUES (27, 190);
INSERT INTO recipe_cook(recipe_id, cook_id) VALUES (27, 144);
INSERT INTO recipe_cook(recipe_id, cook_id) VALUES (27, 58);
INSERT INTO recipe_cook(recipe_id, cook_id) VALUES (27, 191);
INSERT INTO recipe_cook(recipe_id, cook_id) VALUES (27, 166);
INSERT INTO recipe_cook(recipe_id, cook_id) VALUES (27, 197);
INSERT INTO recipe_cook(recipe_id, cook_id) VALUES (27, 100);
INSERT INTO recipe_cook(recipe_id, cook_id) VALUES (27, 61);
INSERT INTO recipe_cook(recipe_id, cook_id) VALUES (27, 131);
INSERT INTO recipe_cook(recipe_id, cook_id) VALUES (27, 179);
INSERT INTO recipe_cook(recipe_id, cook_id) VALUES (27, 74);
INSERT INTO recipe_cook(recipe_id, cook_id) VALUES (27, 178);
INSERT INTO recipe_cook(recipe_id, cook_id) VALUES (27, 171);
INSERT INTO recipe_cook(recipe_id, cook_id) VALUES (27, 13);
INSERT INTO recipe_cook(recipe_id, cook_id) VALUES (27, 98);
INSERT INTO recipe_cook(recipe_id, cook_id) VALUES (27, 192);
INSERT INTO recipe_cook(recipe_id, cook_id) VALUES (27, 107);
INSERT INTO recipe_cook(recipe_id, cook_id) VALUES (27, 176);
INSERT INTO recipe_cook(recipe_id, cook_id) VALUES (27, 81);
INSERT INTO recipe_cook(recipe_id, cook_id) VALUES (27, 142);
INSERT INTO recipe_cook(recipe_id, cook_id) VALUES (27, 14);
INSERT INTO recipe_cook(recipe_id, cook_id) VALUES (27, 4);
INSERT INTO recipe_cook(recipe_id, cook_id) VALUES (27, 65);
INSERT INTO recipe_cook(recipe_id, cook_id) VALUES (27, 52);
INSERT INTO recipe_cook(recipe_id, cook_id) VALUES (27, 159);
INSERT INTO recipe_themes(recipe_id, theme_id) VALUES (27, 15);
INSERT INTO recipe_themes(recipe_id, theme_id) VALUES (27, 24);
INSERT INTO recipe_tip(recipe_id, tip_id) VALUES (27, 35);
INSERT INTO recipe_tip(recipe_id, tip_id) VALUES (27, 39);
INSERT INTO recipe_tip(recipe_id, tip_id) VALUES (27, 13);

INSERT INTO recipe(baking, cuisine_id, difficulty, recipe_title, recipe_description, prep_time, cook_time, portions, fat_portion, protein_portion, carbs_portion, picture_uri, picture_description) VALUES(0, 12, 2,'Macaroni Salad', 'Create job around discussion open dinner. Nothing yard address rest spend baby camera. Executive fire own three. Can huge price prevent baby.', 125, 80, 1, 30, 0,65, 'https://placekitten.com/421/1013', 'Today teach kitchen few happen necessary.');
INSERT INTO recipe_meal_type(recipe_id, meal_type_id) VALUES (28, 5);
INSERT INTO recipe_tag(recipe_id, tag_id) VALUES (28, 72);
INSERT INTO recipe_tag(recipe_id, tag_id) VALUES (28, 34);
INSERT INTO recipe_tag(recipe_id, tag_id) VALUES (28, 17);
INSERT INTO recipe_tag(recipe_id, tag_id) VALUES (28, 21);
INSERT INTO recipe_tag(recipe_id, tag_id) VALUES (28, 75);
INSERT INTO recipe_equipment(recipe_id, equipment_id, num) VALUES (28, 1, 2);
INSERT INTO recipe_equipment(recipe_id, equipment_id, num) VALUES (28, 11, 1);
INSERT INTO recipe_equipment(recipe_id, equipment_id, num) VALUES (28, 15, 3);
INSERT INTO recipe_equipment(recipe_id, equipment_id, num) VALUES (28, 5, 4);
INSERT INTO recipe_equipment(recipe_id, equipment_id, num) VALUES (28, 2, 1);
INSERT INTO recipe_cook(recipe_id, cook_id) VALUES (28, 83);
INSERT INTO recipe_cook(recipe_id, cook_id) VALUES (28, 153);
INSERT INTO recipe_cook(recipe_id, cook_id) VALUES (28, 14);
INSERT INTO recipe_cook(recipe_id, cook_id) VALUES (28, 161);
INSERT INTO recipe_cook(recipe_id, cook_id) VALUES (28, 158);
INSERT INTO recipe_cook(recipe_id, cook_id) VALUES (28, 170);
INSERT INTO recipe_cook(recipe_id, cook_id) VALUES (28, 78);
INSERT INTO recipe_cook(recipe_id, cook_id) VALUES (28, 126);
INSERT INTO recipe_cook(recipe_id, cook_id) VALUES (28, 147);
INSERT INTO recipe_cook(recipe_id, cook_id) VALUES (28, 141);
INSERT INTO recipe_cook(recipe_id, cook_id) VALUES (28, 92);
INSERT INTO recipe_cook(recipe_id, cook_id) VALUES (28, 19);
INSERT INTO recipe_cook(recipe_id, cook_id) VALUES (28, 182);
INSERT INTO recipe_cook(recipe_id, cook_id) VALUES (28, 82);
INSERT INTO recipe_cook(recipe_id, cook_id) VALUES (28, 135);
INSERT INTO recipe_cook(recipe_id, cook_id) VALUES (28, 57);
INSERT INTO recipe_cook(recipe_id, cook_id) VALUES (28, 48);
INSERT INTO recipe_cook(recipe_id, cook_id) VALUES (28, 134);
INSERT INTO recipe_cook(recipe_id, cook_id) VALUES (28, 18);
INSERT INTO recipe_cook(recipe_id, cook_id) VALUES (28, 130);
INSERT INTO recipe_cook(recipe_id, cook_id) VALUES (28, 41);
INSERT INTO recipe_cook(recipe_id, cook_id) VALUES (28, 107);
INSERT INTO recipe_cook(recipe_id, cook_id) VALUES (28, 140);
INSERT INTO recipe_cook(recipe_id, cook_id) VALUES (28, 138);
INSERT INTO recipe_cook(recipe_id, cook_id) VALUES (28, 104);
INSERT INTO recipe_cook(recipe_id, cook_id) VALUES (28, 24);
INSERT INTO recipe_cook(recipe_id, cook_id) VALUES (28, 90);
INSERT INTO recipe_cook(recipe_id, cook_id) VALUES (28, 185);
INSERT INTO recipe_cook(recipe_id, cook_id) VALUES (28, 55);
INSERT INTO recipe_cook(recipe_id, cook_id) VALUES (28, 195);
INSERT INTO recipe_cook(recipe_id, cook_id) VALUES (28, 85);
INSERT INTO recipe_cook(recipe_id, cook_id) VALUES (28, 171);
INSERT INTO recipe_cook(recipe_id, cook_id) VALUES (28, 93);
INSERT INTO recipe_cook(recipe_id, cook_id) VALUES (28, 76);
INSERT INTO recipe_cook(recipe_id, cook_id) VALUES (28, 56);
INSERT INTO recipe_cook(recipe_id, cook_id) VALUES (28, 159);
INSERT INTO recipe_cook(recipe_id, cook_id) VALUES (28, 136);
INSERT INTO recipe_cook(recipe_id, cook_id) VALUES (28, 122);
INSERT INTO recipe_cook(recipe_id, cook_id) VALUES (28, 144);
INSERT INTO recipe_cook(recipe_id, cook_id) VALUES (28, 3);
INSERT INTO recipe_themes(recipe_id, theme_id) VALUES (28, 23);
INSERT INTO recipe_tip(recipe_id, tip_id) VALUES (28, 16);
INSERT INTO recipe_tip(recipe_id, tip_id) VALUES (28, 40);

INSERT INTO recipe(baking, cuisine_id, difficulty, recipe_title, recipe_description, prep_time, cook_time, portions, fat_portion, protein_portion, carbs_portion, picture_uri, picture_description) VALUES(1, 17, 5,'Tzatziki', 'Throw five must bit get improve wear. Evidence data case wish discover score decision. Right small along dog key share.', 125, 40, 1, 40, 65,55, 'https://dummyimage.com/233x43', 'Establish open feel.');
INSERT INTO recipe_meal_type(recipe_id, meal_type_id) VALUES (29, 5);
INSERT INTO recipe_tag(recipe_id, tag_id) VALUES (29, 63);
INSERT INTO recipe_tag(recipe_id, tag_id) VALUES (29, 6);
INSERT INTO recipe_tag(recipe_id, tag_id) VALUES (29, 38);
INSERT INTO recipe_tag(recipe_id, tag_id) VALUES (29, 84);
INSERT INTO recipe_tag(recipe_id, tag_id) VALUES (29, 25);
INSERT INTO recipe_tag(recipe_id, tag_id) VALUES (29, 42);
INSERT INTO recipe_tag(recipe_id, tag_id) VALUES (29, 66);
INSERT INTO recipe_tag(recipe_id, tag_id) VALUES (29, 11);
INSERT INTO recipe_equipment(recipe_id, equipment_id, num) VALUES (29, 6, 4);
INSERT INTO recipe_equipment(recipe_id, equipment_id, num) VALUES (29, 18, 1);
INSERT INTO recipe_equipment(recipe_id, equipment_id, num) VALUES (29, 19, 2);
INSERT INTO recipe_cook(recipe_id, cook_id) VALUES (29, 161);
INSERT INTO recipe_cook(recipe_id, cook_id) VALUES (29, 17);
INSERT INTO recipe_themes(recipe_id, theme_id) VALUES (29, 14);
INSERT INTO recipe_tip(recipe_id, tip_id) VALUES (29, 28);
INSERT INTO recipe_tip(recipe_id, tip_id) VALUES (29, 7);
INSERT INTO recipe_tip(recipe_id, tip_id) VALUES (29, 14);

INSERT INTO recipe(baking, cuisine_id, difficulty, recipe_title, recipe_description, prep_time, cook_time, portions, fat_portion, protein_portion, carbs_portion, picture_uri, picture_description) VALUES(0, 30, 3,'Chicken Cacciatore', 'Take himself affect him know. Day continue issue appear figure.', 15, 10, 1, 0, 10,40, 'https://placekitten.com/712/53', 'Two traditional special opportunity serious game.');
INSERT INTO recipe_meal_type(recipe_id, meal_type_id) VALUES (30, 4);
INSERT INTO recipe_tag(recipe_id, tag_id) VALUES (30, 74);
INSERT INTO recipe_tag(recipe_id, tag_id) VALUES (30, 30);
INSERT INTO recipe_equipment(recipe_id, equipment_id, num) VALUES (30, 14, 4);
INSERT INTO recipe_equipment(recipe_id, equipment_id, num) VALUES (30, 13, 3);
INSERT INTO recipe_equipment(recipe_id, equipment_id, num) VALUES (30, 15, 3);
INSERT INTO recipe_equipment(recipe_id, equipment_id, num) VALUES (30, 19, 2);
INSERT INTO recipe_equipment(recipe_id, equipment_id, num) VALUES (30, 20, 3);
INSERT INTO recipe_cook(recipe_id, cook_id) VALUES (30, 5);
INSERT INTO recipe_cook(recipe_id, cook_id) VALUES (30, 100);
INSERT INTO recipe_cook(recipe_id, cook_id) VALUES (30, 173);
INSERT INTO recipe_cook(recipe_id, cook_id) VALUES (30, 31);
INSERT INTO recipe_cook(recipe_id, cook_id) VALUES (30, 137);
INSERT INTO recipe_cook(recipe_id, cook_id) VALUES (30, 2);
INSERT INTO recipe_cook(recipe_id, cook_id) VALUES (30, 165);
INSERT INTO recipe_cook(recipe_id, cook_id) VALUES (30, 185);
INSERT INTO recipe_cook(recipe_id, cook_id) VALUES (30, 159);
INSERT INTO recipe_cook(recipe_id, cook_id) VALUES (30, 17);
INSERT INTO recipe_cook(recipe_id, cook_id) VALUES (30, 150);
INSERT INTO recipe_cook(recipe_id, cook_id) VALUES (30, 12);
INSERT INTO recipe_cook(recipe_id, cook_id) VALUES (30, 180);
INSERT INTO recipe_cook(recipe_id, cook_id) VALUES (30, 19);
INSERT INTO recipe_cook(recipe_id, cook_id) VALUES (30, 92);
INSERT INTO recipe_cook(recipe_id, cook_id) VALUES (30, 129);
INSERT INTO recipe_cook(recipe_id, cook_id) VALUES (30, 28);
INSERT INTO recipe_cook(recipe_id, cook_id) VALUES (30, 75);
INSERT INTO recipe_cook(recipe_id, cook_id) VALUES (30, 176);
INSERT INTO recipe_cook(recipe_id, cook_id) VALUES (30, 78);
INSERT INTO recipe_cook(recipe_id, cook_id) VALUES (30, 156);
INSERT INTO recipe_cook(recipe_id, cook_id) VALUES (30, 23);
INSERT INTO recipe_cook(recipe_id, cook_id) VALUES (30, 73);
INSERT INTO recipe_cook(recipe_id, cook_id) VALUES (30, 113);
INSERT INTO recipe_cook(recipe_id, cook_id) VALUES (30, 98);
INSERT INTO recipe_cook(recipe_id, cook_id) VALUES (30, 102);
INSERT INTO recipe_cook(recipe_id, cook_id) VALUES (30, 170);
INSERT INTO recipe_cook(recipe_id, cook_id) VALUES (30, 8);
INSERT INTO recipe_cook(recipe_id, cook_id) VALUES (30, 122);
INSERT INTO recipe_cook(recipe_id, cook_id) VALUES (30, 41);
INSERT INTO recipe_cook(recipe_id, cook_id) VALUES (30, 196);
INSERT INTO recipe_cook(recipe_id, cook_id) VALUES (30, 57);
INSERT INTO recipe_cook(recipe_id, cook_id) VALUES (30, 35);
INSERT INTO recipe_cook(recipe_id, cook_id) VALUES (30, 101);
INSERT INTO recipe_cook(recipe_id, cook_id) VALUES (30, 140);
INSERT INTO recipe_cook(recipe_id, cook_id) VALUES (30, 76);
INSERT INTO recipe_cook(recipe_id, cook_id) VALUES (30, 163);
INSERT INTO recipe_cook(recipe_id, cook_id) VALUES (30, 37);
INSERT INTO recipe_cook(recipe_id, cook_id) VALUES (30, 77);
INSERT INTO recipe_cook(recipe_id, cook_id) VALUES (30, 96);
INSERT INTO recipe_cook(recipe_id, cook_id) VALUES (30, 3);
INSERT INTO recipe_cook(recipe_id, cook_id) VALUES (30, 142);
INSERT INTO recipe_cook(recipe_id, cook_id) VALUES (30, 143);
INSERT INTO recipe_cook(recipe_id, cook_id) VALUES (30, 164);
INSERT INTO recipe_cook(recipe_id, cook_id) VALUES (30, 32);
INSERT INTO recipe_cook(recipe_id, cook_id) VALUES (30, 11);
INSERT INTO recipe_cook(recipe_id, cook_id) VALUES (30, 195);
INSERT INTO recipe_cook(recipe_id, cook_id) VALUES (30, 147);
INSERT INTO recipe_cook(recipe_id, cook_id) VALUES (30, 167);
INSERT INTO recipe_cook(recipe_id, cook_id) VALUES (30, 138);
INSERT INTO recipe_cook(recipe_id, cook_id) VALUES (30, 141);
INSERT INTO recipe_cook(recipe_id, cook_id) VALUES (30, 22);
INSERT INTO recipe_cook(recipe_id, cook_id) VALUES (30, 79);
INSERT INTO recipe_cook(recipe_id, cook_id) VALUES (30, 54);
INSERT INTO recipe_cook(recipe_id, cook_id) VALUES (30, 89);
INSERT INTO recipe_cook(recipe_id, cook_id) VALUES (30, 55);
INSERT INTO recipe_cook(recipe_id, cook_id) VALUES (30, 106);
INSERT INTO recipe_cook(recipe_id, cook_id) VALUES (30, 132);
INSERT INTO recipe_cook(recipe_id, cook_id) VALUES (30, 157);
INSERT INTO recipe_cook(recipe_id, cook_id) VALUES (30, 42);
INSERT INTO recipe_cook(recipe_id, cook_id) VALUES (30, 48);
INSERT INTO recipe_cook(recipe_id, cook_id) VALUES (30, 169);
INSERT INTO recipe_cook(recipe_id, cook_id) VALUES (30, 65);
INSERT INTO recipe_cook(recipe_id, cook_id) VALUES (30, 50);
INSERT INTO recipe_cook(recipe_id, cook_id) VALUES (30, 30);
INSERT INTO recipe_cook(recipe_id, cook_id) VALUES (30, 47);
INSERT INTO recipe_cook(recipe_id, cook_id) VALUES (30, 14);
INSERT INTO recipe_cook(recipe_id, cook_id) VALUES (30, 119);
INSERT INTO recipe_cook(recipe_id, cook_id) VALUES (30, 187);
INSERT INTO recipe_cook(recipe_id, cook_id) VALUES (30, 183);
INSERT INTO recipe_cook(recipe_id, cook_id) VALUES (30, 18);
INSERT INTO recipe_cook(recipe_id, cook_id) VALUES (30, 151);
INSERT INTO recipe_cook(recipe_id, cook_id) VALUES (30, 26);
INSERT INTO recipe_cook(recipe_id, cook_id) VALUES (30, 128);
INSERT INTO recipe_cook(recipe_id, cook_id) VALUES (30, 93);
INSERT INTO recipe_cook(recipe_id, cook_id) VALUES (30, 131);
INSERT INTO recipe_cook(recipe_id, cook_id) VALUES (30, 63);
INSERT INTO recipe_cook(recipe_id, cook_id) VALUES (30, 172);
INSERT INTO recipe_cook(recipe_id, cook_id) VALUES (30, 43);
INSERT INTO recipe_cook(recipe_id, cook_id) VALUES (30, 46);
INSERT INTO recipe_cook(recipe_id, cook_id) VALUES (30, 191);
INSERT INTO recipe_themes(recipe_id, theme_id) VALUES (30, 16);
INSERT INTO recipe_themes(recipe_id, theme_id) VALUES (30, 7);
INSERT INTO recipe_themes(recipe_id, theme_id) VALUES (30, 19);
INSERT INTO recipe_tip(recipe_id, tip_id) VALUES (30, 5);
INSERT INTO recipe_tip(recipe_id, tip_id) VALUES (30, 13);
INSERT INTO recipe_tip(recipe_id, tip_id) VALUES (30, 21);

INSERT INTO recipe(baking, cuisine_id, difficulty, recipe_title, recipe_description, prep_time, cook_time, portions, fat_portion, protein_portion, carbs_portion, picture_uri, picture_description) VALUES(1, 28, 2,'Tabbouleh', 'Site up sell southern network weight. Teach visit less occur nothing. Employee whether level yeah draw traditional exactly. Beat economic myself front house.', 15, 50, 2, 15, 55,65, 'https://dummyimage.com/561x740', 'Site special part buy nothing.');
INSERT INTO recipe_meal_type(recipe_id, meal_type_id) VALUES (31, 6);
INSERT INTO recipe_tag(recipe_id, tag_id) VALUES (31, 47);
INSERT INTO recipe_tag(recipe_id, tag_id) VALUES (31, 18);
INSERT INTO recipe_tag(recipe_id, tag_id) VALUES (31, 87);
INSERT INTO recipe_tag(recipe_id, tag_id) VALUES (31, 94);
INSERT INTO recipe_tag(recipe_id, tag_id) VALUES (31, 43);
INSERT INTO recipe_equipment(recipe_id, equipment_id, num) VALUES (31, 15, 3);
INSERT INTO recipe_equipment(recipe_id, equipment_id, num) VALUES (31, 20, 2);
INSERT INTO recipe_equipment(recipe_id, equipment_id, num) VALUES (31, 12, 4);
INSERT INTO recipe_equipment(recipe_id, equipment_id, num) VALUES (31, 10, 1);
INSERT INTO recipe_equipment(recipe_id, equipment_id, num) VALUES (31, 16, 4);
INSERT INTO recipe_equipment(recipe_id, equipment_id, num) VALUES (31, 9, 3);
INSERT INTO recipe_cook(recipe_id, cook_id) VALUES (31, 45);
INSERT INTO recipe_cook(recipe_id, cook_id) VALUES (31, 166);
INSERT INTO recipe_cook(recipe_id, cook_id) VALUES (31, 156);
INSERT INTO recipe_cook(recipe_id, cook_id) VALUES (31, 21);
INSERT INTO recipe_cook(recipe_id, cook_id) VALUES (31, 72);
INSERT INTO recipe_cook(recipe_id, cook_id) VALUES (31, 36);
INSERT INTO recipe_cook(recipe_id, cook_id) VALUES (31, 138);
INSERT INTO recipe_cook(recipe_id, cook_id) VALUES (31, 51);
INSERT INTO recipe_cook(recipe_id, cook_id) VALUES (31, 68);
INSERT INTO recipe_cook(recipe_id, cook_id) VALUES (31, 188);
INSERT INTO recipe_cook(recipe_id, cook_id) VALUES (31, 161);
INSERT INTO recipe_cook(recipe_id, cook_id) VALUES (31, 20);
INSERT INTO recipe_cook(recipe_id, cook_id) VALUES (31, 187);
INSERT INTO recipe_cook(recipe_id, cook_id) VALUES (31, 189);
INSERT INTO recipe_cook(recipe_id, cook_id) VALUES (31, 5);
INSERT INTO recipe_cook(recipe_id, cook_id) VALUES (31, 130);
INSERT INTO recipe_cook(recipe_id, cook_id) VALUES (31, 162);
INSERT INTO recipe_cook(recipe_id, cook_id) VALUES (31, 8);
INSERT INTO recipe_cook(recipe_id, cook_id) VALUES (31, 149);
INSERT INTO recipe_cook(recipe_id, cook_id) VALUES (31, 182);
INSERT INTO recipe_cook(recipe_id, cook_id) VALUES (31, 104);
INSERT INTO recipe_cook(recipe_id, cook_id) VALUES (31, 152);
INSERT INTO recipe_cook(recipe_id, cook_id) VALUES (31, 55);
INSERT INTO recipe_cook(recipe_id, cook_id) VALUES (31, 10);
INSERT INTO recipe_cook(recipe_id, cook_id) VALUES (31, 142);
INSERT INTO recipe_cook(recipe_id, cook_id) VALUES (31, 67);
INSERT INTO recipe_cook(recipe_id, cook_id) VALUES (31, 140);
INSERT INTO recipe_cook(recipe_id, cook_id) VALUES (31, 139);
INSERT INTO recipe_themes(recipe_id, theme_id) VALUES (31, 10);
INSERT INTO recipe_themes(recipe_id, theme_id) VALUES (31, 24);
INSERT INTO recipe_tip(recipe_id, tip_id) VALUES (31, 15);
INSERT INTO recipe_tip(recipe_id, tip_id) VALUES (31, 38);

INSERT INTO recipe(baking, cuisine_id, difficulty, recipe_title, recipe_description, prep_time, cook_time, portions, fat_portion, protein_portion, carbs_portion, picture_uri, picture_description) VALUES(0, 43, 2,'Huevos Rancheros', 'Kitchen admit across already. Lose such design around voice everybody. Necessary well key election skill employee manager dinner.', 105, 100, 2, 40, 10,70, 'https://placekitten.com/357/300', 'Discussion pressure contain.');
INSERT INTO recipe_meal_type(recipe_id, meal_type_id) VALUES (32, 5);
INSERT INTO recipe_tag(recipe_id, tag_id) VALUES (32, 23);
INSERT INTO recipe_tag(recipe_id, tag_id) VALUES (32, 73);
INSERT INTO recipe_tag(recipe_id, tag_id) VALUES (32, 85);
INSERT INTO recipe_equipment(recipe_id, equipment_id, num) VALUES (32, 16, 3);
INSERT INTO recipe_equipment(recipe_id, equipment_id, num) VALUES (32, 12, 4);
INSERT INTO recipe_equipment(recipe_id, equipment_id, num) VALUES (32, 2, 2);
INSERT INTO recipe_equipment(recipe_id, equipment_id, num) VALUES (32, 8, 4);
INSERT INTO recipe_cook(recipe_id, cook_id) VALUES (32, 125);
INSERT INTO recipe_cook(recipe_id, cook_id) VALUES (32, 60);
INSERT INTO recipe_cook(recipe_id, cook_id) VALUES (32, 17);
INSERT INTO recipe_cook(recipe_id, cook_id) VALUES (32, 68);
INSERT INTO recipe_cook(recipe_id, cook_id) VALUES (32, 95);
INSERT INTO recipe_cook(recipe_id, cook_id) VALUES (32, 199);
INSERT INTO recipe_cook(recipe_id, cook_id) VALUES (32, 11);
INSERT INTO recipe_cook(recipe_id, cook_id) VALUES (32, 172);
INSERT INTO recipe_cook(recipe_id, cook_id) VALUES (32, 53);
INSERT INTO recipe_cook(recipe_id, cook_id) VALUES (32, 133);
INSERT INTO recipe_cook(recipe_id, cook_id) VALUES (32, 93);
INSERT INTO recipe_cook(recipe_id, cook_id) VALUES (32, 100);
INSERT INTO recipe_cook(recipe_id, cook_id) VALUES (32, 121);
INSERT INTO recipe_cook(recipe_id, cook_id) VALUES (32, 117);
INSERT INTO recipe_cook(recipe_id, cook_id) VALUES (32, 12);
INSERT INTO recipe_cook(recipe_id, cook_id) VALUES (32, 194);
INSERT INTO recipe_cook(recipe_id, cook_id) VALUES (32, 167);
INSERT INTO recipe_cook(recipe_id, cook_id) VALUES (32, 83);
INSERT INTO recipe_cook(recipe_id, cook_id) VALUES (32, 27);
INSERT INTO recipe_cook(recipe_id, cook_id) VALUES (32, 181);
INSERT INTO recipe_cook(recipe_id, cook_id) VALUES (32, 134);
INSERT INTO recipe_cook(recipe_id, cook_id) VALUES (32, 163);
INSERT INTO recipe_cook(recipe_id, cook_id) VALUES (32, 71);
INSERT INTO recipe_cook(recipe_id, cook_id) VALUES (32, 197);
INSERT INTO recipe_cook(recipe_id, cook_id) VALUES (32, 149);
INSERT INTO recipe_cook(recipe_id, cook_id) VALUES (32, 140);
INSERT INTO recipe_cook(recipe_id, cook_id) VALUES (32, 146);
INSERT INTO recipe_cook(recipe_id, cook_id) VALUES (32, 45);
INSERT INTO recipe_cook(recipe_id, cook_id) VALUES (32, 97);
INSERT INTO recipe_cook(recipe_id, cook_id) VALUES (32, 168);
INSERT INTO recipe_cook(recipe_id, cook_id) VALUES (32, 193);
INSERT INTO recipe_cook(recipe_id, cook_id) VALUES (32, 94);
INSERT INTO recipe_cook(recipe_id, cook_id) VALUES (32, 151);
INSERT INTO recipe_cook(recipe_id, cook_id) VALUES (32, 20);
INSERT INTO recipe_cook(recipe_id, cook_id) VALUES (32, 191);
INSERT INTO recipe_cook(recipe_id, cook_id) VALUES (32, 65);
INSERT INTO recipe_cook(recipe_id, cook_id) VALUES (32, 170);
INSERT INTO recipe_cook(recipe_id, cook_id) VALUES (32, 58);
INSERT INTO recipe_cook(recipe_id, cook_id) VALUES (32, 166);
INSERT INTO recipe_cook(recipe_id, cook_id) VALUES (32, 104);
INSERT INTO recipe_cook(recipe_id, cook_id) VALUES (32, 91);
INSERT INTO recipe_cook(recipe_id, cook_id) VALUES (32, 89);
INSERT INTO recipe_cook(recipe_id, cook_id) VALUES (32, 200);
INSERT INTO recipe_cook(recipe_id, cook_id) VALUES (32, 124);
INSERT INTO recipe_cook(recipe_id, cook_id) VALUES (32, 155);
INSERT INTO recipe_cook(recipe_id, cook_id) VALUES (32, 2);
INSERT INTO recipe_cook(recipe_id, cook_id) VALUES (32, 129);
INSERT INTO recipe_cook(recipe_id, cook_id) VALUES (32, 36);
INSERT INTO recipe_cook(recipe_id, cook_id) VALUES (32, 113);
INSERT INTO recipe_cook(recipe_id, cook_id) VALUES (32, 43);
INSERT INTO recipe_cook(recipe_id, cook_id) VALUES (32, 59);
INSERT INTO recipe_cook(recipe_id, cook_id) VALUES (32, 184);
INSERT INTO recipe_cook(recipe_id, cook_id) VALUES (32, 132);
INSERT INTO recipe_cook(recipe_id, cook_id) VALUES (32, 72);
INSERT INTO recipe_cook(recipe_id, cook_id) VALUES (32, 55);
INSERT INTO recipe_cook(recipe_id, cook_id) VALUES (32, 39);
INSERT INTO recipe_cook(recipe_id, cook_id) VALUES (32, 48);
INSERT INTO recipe_cook(recipe_id, cook_id) VALUES (32, 41);
INSERT INTO recipe_cook(recipe_id, cook_id) VALUES (32, 190);
INSERT INTO recipe_cook(recipe_id, cook_id) VALUES (32, 31);
INSERT INTO recipe_cook(recipe_id, cook_id) VALUES (32, 150);
INSERT INTO recipe_cook(recipe_id, cook_id) VALUES (32, 107);
INSERT INTO recipe_cook(recipe_id, cook_id) VALUES (32, 85);
INSERT INTO recipe_cook(recipe_id, cook_id) VALUES (32, 30);
INSERT INTO recipe_cook(recipe_id, cook_id) VALUES (32, 157);
INSERT INTO recipe_cook(recipe_id, cook_id) VALUES (32, 123);
INSERT INTO recipe_cook(recipe_id, cook_id) VALUES (32, 135);
INSERT INTO recipe_cook(recipe_id, cook_id) VALUES (32, 54);
INSERT INTO recipe_cook(recipe_id, cook_id) VALUES (32, 42);
INSERT INTO recipe_cook(recipe_id, cook_id) VALUES (32, 106);
INSERT INTO recipe_cook(recipe_id, cook_id) VALUES (32, 6);
INSERT INTO recipe_cook(recipe_id, cook_id) VALUES (32, 63);
INSERT INTO recipe_cook(recipe_id, cook_id) VALUES (32, 186);
INSERT INTO recipe_cook(recipe_id, cook_id) VALUES (32, 198);
INSERT INTO recipe_cook(recipe_id, cook_id) VALUES (32, 74);
INSERT INTO recipe_cook(recipe_id, cook_id) VALUES (32, 76);
INSERT INTO recipe_cook(recipe_id, cook_id) VALUES (32, 21);
INSERT INTO recipe_cook(recipe_id, cook_id) VALUES (32, 18);
INSERT INTO recipe_cook(recipe_id, cook_id) VALUES (32, 81);
INSERT INTO recipe_cook(recipe_id, cook_id) VALUES (32, 66);
INSERT INTO recipe_cook(recipe_id, cook_id) VALUES (32, 130);
INSERT INTO recipe_cook(recipe_id, cook_id) VALUES (32, 115);
INSERT INTO recipe_cook(recipe_id, cook_id) VALUES (32, 126);
INSERT INTO recipe_cook(recipe_id, cook_id) VALUES (32, 19);
INSERT INTO recipe_cook(recipe_id, cook_id) VALUES (32, 8);
INSERT INTO recipe_cook(recipe_id, cook_id) VALUES (32, 22);
INSERT INTO recipe_cook(recipe_id, cook_id) VALUES (32, 34);
INSERT INTO recipe_cook(recipe_id, cook_id) VALUES (32, 24);
INSERT INTO recipe_cook(recipe_id, cook_id) VALUES (32, 67);
INSERT INTO recipe_cook(recipe_id, cook_id) VALUES (32, 52);
INSERT INTO recipe_cook(recipe_id, cook_id) VALUES (32, 77);
INSERT INTO recipe_cook(recipe_id, cook_id) VALUES (32, 73);
INSERT INTO recipe_cook(recipe_id, cook_id) VALUES (32, 82);
INSERT INTO recipe_cook(recipe_id, cook_id) VALUES (32, 3);
INSERT INTO recipe_cook(recipe_id, cook_id) VALUES (32, 142);
INSERT INTO recipe_cook(recipe_id, cook_id) VALUES (32, 169);
INSERT INTO recipe_cook(recipe_id, cook_id) VALUES (32, 138);
INSERT INTO recipe_cook(recipe_id, cook_id) VALUES (32, 37);
INSERT INTO recipe_cook(recipe_id, cook_id) VALUES (32, 185);
INSERT INTO recipe_cook(recipe_id, cook_id) VALUES (32, 28);
INSERT INTO recipe_cook(recipe_id, cook_id) VALUES (32, 179);
INSERT INTO recipe_cook(recipe_id, cook_id) VALUES (32, 78);
INSERT INTO recipe_cook(recipe_id, cook_id) VALUES (32, 61);
INSERT INTO recipe_cook(recipe_id, cook_id) VALUES (32, 62);
INSERT INTO recipe_cook(recipe_id, cook_id) VALUES (32, 119);
INSERT INTO recipe_cook(recipe_id, cook_id) VALUES (32, 29);
INSERT INTO recipe_cook(recipe_id, cook_id) VALUES (32, 192);
INSERT INTO recipe_cook(recipe_id, cook_id) VALUES (32, 110);
INSERT INTO recipe_cook(recipe_id, cook_id) VALUES (32, 187);
INSERT INTO recipe_cook(recipe_id, cook_id) VALUES (32, 75);
INSERT INTO recipe_cook(recipe_id, cook_id) VALUES (32, 152);
INSERT INTO recipe_cook(recipe_id, cook_id) VALUES (32, 80);
INSERT INTO recipe_cook(recipe_id, cook_id) VALUES (32, 161);
INSERT INTO recipe_cook(recipe_id, cook_id) VALUES (32, 188);
INSERT INTO recipe_cook(recipe_id, cook_id) VALUES (32, 114);
INSERT INTO recipe_cook(recipe_id, cook_id) VALUES (32, 96);
INSERT INTO recipe_cook(recipe_id, cook_id) VALUES (32, 44);
INSERT INTO recipe_cook(recipe_id, cook_id) VALUES (32, 175);
INSERT INTO recipe_cook(recipe_id, cook_id) VALUES (32, 131);
INSERT INTO recipe_cook(recipe_id, cook_id) VALUES (32, 158);
INSERT INTO recipe_cook(recipe_id, cook_id) VALUES (32, 9);
INSERT INTO recipe_cook(recipe_id, cook_id) VALUES (32, 137);
INSERT INTO recipe_cook(recipe_id, cook_id) VALUES (32, 49);
INSERT INTO recipe_cook(recipe_id, cook_id) VALUES (32, 50);
INSERT INTO recipe_cook(recipe_id, cook_id) VALUES (32, 127);
INSERT INTO recipe_cook(recipe_id, cook_id) VALUES (32, 14);
INSERT INTO recipe_cook(recipe_id, cook_id) VALUES (32, 139);
INSERT INTO recipe_cook(recipe_id, cook_id) VALUES (32, 26);
INSERT INTO recipe_cook(recipe_id, cook_id) VALUES (32, 112);
INSERT INTO recipe_cook(recipe_id, cook_id) VALUES (32, 165);
INSERT INTO recipe_cook(recipe_id, cook_id) VALUES (32, 162);
INSERT INTO recipe_cook(recipe_id, cook_id) VALUES (32, 176);
INSERT INTO recipe_cook(recipe_id, cook_id) VALUES (32, 13);
INSERT INTO recipe_cook(recipe_id, cook_id) VALUES (32, 23);
INSERT INTO recipe_cook(recipe_id, cook_id) VALUES (32, 98);
INSERT INTO recipe_cook(recipe_id, cook_id) VALUES (32, 5);
INSERT INTO recipe_cook(recipe_id, cook_id) VALUES (32, 16);
INSERT INTO recipe_cook(recipe_id, cook_id) VALUES (32, 120);
INSERT INTO recipe_cook(recipe_id, cook_id) VALUES (32, 141);
INSERT INTO recipe_cook(recipe_id, cook_id) VALUES (32, 171);
INSERT INTO recipe_cook(recipe_id, cook_id) VALUES (32, 159);
INSERT INTO recipe_cook(recipe_id, cook_id) VALUES (32, 189);
INSERT INTO recipe_cook(recipe_id, cook_id) VALUES (32, 145);
INSERT INTO recipe_cook(recipe_id, cook_id) VALUES (32, 35);
INSERT INTO recipe_cook(recipe_id, cook_id) VALUES (32, 105);
INSERT INTO recipe_cook(recipe_id, cook_id) VALUES (32, 1);
INSERT INTO recipe_cook(recipe_id, cook_id) VALUES (32, 108);
INSERT INTO recipe_cook(recipe_id, cook_id) VALUES (32, 84);
INSERT INTO recipe_cook(recipe_id, cook_id) VALUES (32, 148);
INSERT INTO recipe_cook(recipe_id, cook_id) VALUES (32, 101);
INSERT INTO recipe_cook(recipe_id, cook_id) VALUES (32, 86);
INSERT INTO recipe_cook(recipe_id, cook_id) VALUES (32, 182);
INSERT INTO recipe_cook(recipe_id, cook_id) VALUES (32, 90);
INSERT INTO recipe_cook(recipe_id, cook_id) VALUES (32, 118);
INSERT INTO recipe_cook(recipe_id, cook_id) VALUES (32, 173);
INSERT INTO recipe_cook(recipe_id, cook_id) VALUES (32, 70);
INSERT INTO recipe_cook(recipe_id, cook_id) VALUES (32, 51);
INSERT INTO recipe_cook(recipe_id, cook_id) VALUES (32, 15);
INSERT INTO recipe_cook(recipe_id, cook_id) VALUES (32, 164);
INSERT INTO recipe_cook(recipe_id, cook_id) VALUES (32, 25);
INSERT INTO recipe_cook(recipe_id, cook_id) VALUES (32, 147);
INSERT INTO recipe_cook(recipe_id, cook_id) VALUES (32, 38);
INSERT INTO recipe_cook(recipe_id, cook_id) VALUES (32, 103);
INSERT INTO recipe_cook(recipe_id, cook_id) VALUES (32, 7);
INSERT INTO recipe_cook(recipe_id, cook_id) VALUES (32, 56);
INSERT INTO recipe_cook(recipe_id, cook_id) VALUES (32, 195);
INSERT INTO recipe_cook(recipe_id, cook_id) VALUES (32, 122);
INSERT INTO recipe_cook(recipe_id, cook_id) VALUES (32, 111);
INSERT INTO recipe_cook(recipe_id, cook_id) VALUES (32, 87);
INSERT INTO recipe_cook(recipe_id, cook_id) VALUES (32, 79);
INSERT INTO recipe_cook(recipe_id, cook_id) VALUES (32, 153);
INSERT INTO recipe_cook(recipe_id, cook_id) VALUES (32, 47);
INSERT INTO recipe_cook(recipe_id, cook_id) VALUES (32, 10);
INSERT INTO recipe_cook(recipe_id, cook_id) VALUES (32, 69);
INSERT INTO recipe_cook(recipe_id, cook_id) VALUES (32, 180);
INSERT INTO recipe_cook(recipe_id, cook_id) VALUES (32, 160);
INSERT INTO recipe_cook(recipe_id, cook_id) VALUES (32, 57);
INSERT INTO recipe_cook(recipe_id, cook_id) VALUES (32, 183);
INSERT INTO recipe_cook(recipe_id, cook_id) VALUES (32, 174);
INSERT INTO recipe_cook(recipe_id, cook_id) VALUES (32, 88);
INSERT INTO recipe_cook(recipe_id, cook_id) VALUES (32, 92);
INSERT INTO recipe_cook(recipe_id, cook_id) VALUES (32, 46);
INSERT INTO recipe_cook(recipe_id, cook_id) VALUES (32, 4);
INSERT INTO recipe_cook(recipe_id, cook_id) VALUES (32, 99);
INSERT INTO recipe_cook(recipe_id, cook_id) VALUES (32, 136);
INSERT INTO recipe_cook(recipe_id, cook_id) VALUES (32, 40);
INSERT INTO recipe_cook(recipe_id, cook_id) VALUES (32, 102);
INSERT INTO recipe_cook(recipe_id, cook_id) VALUES (32, 109);
INSERT INTO recipe_cook(recipe_id, cook_id) VALUES (32, 128);
INSERT INTO recipe_cook(recipe_id, cook_id) VALUES (32, 154);
INSERT INTO recipe_cook(recipe_id, cook_id) VALUES (32, 32);
INSERT INTO recipe_cook(recipe_id, cook_id) VALUES (32, 143);
INSERT INTO recipe_cook(recipe_id, cook_id) VALUES (32, 156);
INSERT INTO recipe_cook(recipe_id, cook_id) VALUES (32, 116);
INSERT INTO recipe_cook(recipe_id, cook_id) VALUES (32, 177);
INSERT INTO recipe_themes(recipe_id, theme_id) VALUES (32, 38);
INSERT INTO recipe_themes(recipe_id, theme_id) VALUES (32, 17);
INSERT INTO recipe_themes(recipe_id, theme_id) VALUES (32, 35);
INSERT INTO recipe_tip(recipe_id, tip_id) VALUES (32, 37);
INSERT INTO recipe_tip(recipe_id, tip_id) VALUES (32, 24);

INSERT INTO recipe(baking, cuisine_id, difficulty, recipe_title, recipe_description, prep_time, cook_time, portions, fat_portion, protein_portion, carbs_portion, picture_uri, picture_description) VALUES(1, 12, 3,'Panna Cotta', 'Fish network direction weight yeah window administration suddenly. Music and doctor board medical both. Down for he state. Author interview executive agency parent growth.', 95, 80, 4, 20, 20,55, 'https://dummyimage.com/835x767', 'Perform civil and us treatment.');
INSERT INTO recipe_meal_type(recipe_id, meal_type_id) VALUES (33, 4);
INSERT INTO recipe_tag(recipe_id, tag_id) VALUES (33, 95);
INSERT INTO recipe_tag(recipe_id, tag_id) VALUES (33, 18);
INSERT INTO recipe_tag(recipe_id, tag_id) VALUES (33, 85);
INSERT INTO recipe_tag(recipe_id, tag_id) VALUES (33, 16);
INSERT INTO recipe_tag(recipe_id, tag_id) VALUES (33, 96);
INSERT INTO recipe_tag(recipe_id, tag_id) VALUES (33, 30);
INSERT INTO recipe_tag(recipe_id, tag_id) VALUES (33, 58);
INSERT INTO recipe_equipment(recipe_id, equipment_id, num) VALUES (33, 4, 4);
INSERT INTO recipe_equipment(recipe_id, equipment_id, num) VALUES (33, 7, 1);
INSERT INTO recipe_equipment(recipe_id, equipment_id, num) VALUES (33, 17, 4);
INSERT INTO recipe_equipment(recipe_id, equipment_id, num) VALUES (33, 13, 1);
INSERT INTO recipe_cook(recipe_id, cook_id) VALUES (33, 141);
INSERT INTO recipe_cook(recipe_id, cook_id) VALUES (33, 158);
INSERT INTO recipe_cook(recipe_id, cook_id) VALUES (33, 179);
INSERT INTO recipe_cook(recipe_id, cook_id) VALUES (33, 176);
INSERT INTO recipe_cook(recipe_id, cook_id) VALUES (33, 181);
INSERT INTO recipe_cook(recipe_id, cook_id) VALUES (33, 14);
INSERT INTO recipe_cook(recipe_id, cook_id) VALUES (33, 42);
INSERT INTO recipe_cook(recipe_id, cook_id) VALUES (33, 100);
INSERT INTO recipe_cook(recipe_id, cook_id) VALUES (33, 163);
INSERT INTO recipe_cook(recipe_id, cook_id) VALUES (33, 2);
INSERT INTO recipe_cook(recipe_id, cook_id) VALUES (33, 24);
INSERT INTO recipe_cook(recipe_id, cook_id) VALUES (33, 38);
INSERT INTO recipe_cook(recipe_id, cook_id) VALUES (33, 121);
INSERT INTO recipe_cook(recipe_id, cook_id) VALUES (33, 154);
INSERT INTO recipe_cook(recipe_id, cook_id) VALUES (33, 112);
INSERT INTO recipe_cook(recipe_id, cook_id) VALUES (33, 23);
INSERT INTO recipe_cook(recipe_id, cook_id) VALUES (33, 17);
INSERT INTO recipe_cook(recipe_id, cook_id) VALUES (33, 68);
INSERT INTO recipe_cook(recipe_id, cook_id) VALUES (33, 57);
INSERT INTO recipe_cook(recipe_id, cook_id) VALUES (33, 95);
INSERT INTO recipe_cook(recipe_id, cook_id) VALUES (33, 21);
INSERT INTO recipe_cook(recipe_id, cook_id) VALUES (33, 156);
INSERT INTO recipe_cook(recipe_id, cook_id) VALUES (33, 10);
INSERT INTO recipe_cook(recipe_id, cook_id) VALUES (33, 99);
INSERT INTO recipe_cook(recipe_id, cook_id) VALUES (33, 103);
INSERT INTO recipe_cook(recipe_id, cook_id) VALUES (33, 199);
INSERT INTO recipe_cook(recipe_id, cook_id) VALUES (33, 168);
INSERT INTO recipe_cook(recipe_id, cook_id) VALUES (33, 134);
INSERT INTO recipe_cook(recipe_id, cook_id) VALUES (33, 74);
INSERT INTO recipe_cook(recipe_id, cook_id) VALUES (33, 153);
INSERT INTO recipe_cook(recipe_id, cook_id) VALUES (33, 15);
INSERT INTO recipe_cook(recipe_id, cook_id) VALUES (33, 45);
INSERT INTO recipe_cook(recipe_id, cook_id) VALUES (33, 164);
INSERT INTO recipe_cook(recipe_id, cook_id) VALUES (33, 127);
INSERT INTO recipe_cook(recipe_id, cook_id) VALUES (33, 113);
INSERT INTO recipe_cook(recipe_id, cook_id) VALUES (33, 3);
INSERT INTO recipe_cook(recipe_id, cook_id) VALUES (33, 52);
INSERT INTO recipe_cook(recipe_id, cook_id) VALUES (33, 133);
INSERT INTO recipe_cook(recipe_id, cook_id) VALUES (33, 172);
INSERT INTO recipe_cook(recipe_id, cook_id) VALUES (33, 50);
INSERT INTO recipe_cook(recipe_id, cook_id) VALUES (33, 9);
INSERT INTO recipe_cook(recipe_id, cook_id) VALUES (33, 187);
INSERT INTO recipe_cook(recipe_id, cook_id) VALUES (33, 131);
INSERT INTO recipe_cook(recipe_id, cook_id) VALUES (33, 192);
INSERT INTO recipe_cook(recipe_id, cook_id) VALUES (33, 60);
INSERT INTO recipe_cook(recipe_id, cook_id) VALUES (33, 44);
INSERT INTO recipe_cook(recipe_id, cook_id) VALUES (33, 178);
INSERT INTO recipe_cook(recipe_id, cook_id) VALUES (33, 93);
INSERT INTO recipe_cook(recipe_id, cook_id) VALUES (33, 62);
INSERT INTO recipe_cook(recipe_id, cook_id) VALUES (33, 1);
INSERT INTO recipe_cook(recipe_id, cook_id) VALUES (33, 41);
INSERT INTO recipe_cook(recipe_id, cook_id) VALUES (33, 185);
INSERT INTO recipe_cook(recipe_id, cook_id) VALUES (33, 71);
INSERT INTO recipe_cook(recipe_id, cook_id) VALUES (33, 197);
INSERT INTO recipe_cook(recipe_id, cook_id) VALUES (33, 91);
INSERT INTO recipe_cook(recipe_id, cook_id) VALUES (33, 102);
INSERT INTO recipe_cook(recipe_id, cook_id) VALUES (33, 104);
INSERT INTO recipe_cook(recipe_id, cook_id) VALUES (33, 174);
INSERT INTO recipe_cook(recipe_id, cook_id) VALUES (33, 157);
INSERT INTO recipe_cook(recipe_id, cook_id) VALUES (33, 4);
INSERT INTO recipe_cook(recipe_id, cook_id) VALUES (33, 18);
INSERT INTO recipe_cook(recipe_id, cook_id) VALUES (33, 190);
INSERT INTO recipe_cook(recipe_id, cook_id) VALUES (33, 73);
INSERT INTO recipe_cook(recipe_id, cook_id) VALUES (33, 90);
INSERT INTO recipe_cook(recipe_id, cook_id) VALUES (33, 89);
INSERT INTO recipe_cook(recipe_id, cook_id) VALUES (33, 148);
INSERT INTO recipe_cook(recipe_id, cook_id) VALUES (33, 58);
INSERT INTO recipe_cook(recipe_id, cook_id) VALUES (33, 161);
INSERT INTO recipe_cook(recipe_id, cook_id) VALUES (33, 117);
INSERT INTO recipe_cook(recipe_id, cook_id) VALUES (33, 144);
INSERT INTO recipe_cook(recipe_id, cook_id) VALUES (33, 191);
INSERT INTO recipe_cook(recipe_id, cook_id) VALUES (33, 67);
INSERT INTO recipe_cook(recipe_id, cook_id) VALUES (33, 169);
INSERT INTO recipe_cook(recipe_id, cook_id) VALUES (33, 53);
INSERT INTO recipe_cook(recipe_id, cook_id) VALUES (33, 65);
INSERT INTO recipe_cook(recipe_id, cook_id) VALUES (33, 195);
INSERT INTO recipe_cook(recipe_id, cook_id) VALUES (33, 72);
INSERT INTO recipe_cook(recipe_id, cook_id) VALUES (33, 159);
INSERT INTO recipe_cook(recipe_id, cook_id) VALUES (33, 126);
INSERT INTO recipe_cook(recipe_id, cook_id) VALUES (33, 189);
INSERT INTO recipe_cook(recipe_id, cook_id) VALUES (33, 155);
INSERT INTO recipe_cook(recipe_id, cook_id) VALUES (33, 170);
INSERT INTO recipe_cook(recipe_id, cook_id) VALUES (33, 147);
INSERT INTO recipe_cook(recipe_id, cook_id) VALUES (33, 66);
INSERT INTO recipe_cook(recipe_id, cook_id) VALUES (33, 33);
INSERT INTO recipe_cook(recipe_id, cook_id) VALUES (33, 166);
INSERT INTO recipe_cook(recipe_id, cook_id) VALUES (33, 69);
INSERT INTO recipe_themes(recipe_id, theme_id) VALUES (33, 17);
INSERT INTO recipe_themes(recipe_id, theme_id) VALUES (33, 29);
INSERT INTO recipe_themes(recipe_id, theme_id) VALUES (33, 25);
INSERT INTO recipe_tip(recipe_id, tip_id) VALUES (33, 31);
INSERT INTO recipe_tip(recipe_id, tip_id) VALUES (33, 16);
INSERT INTO recipe_tip(recipe_id, tip_id) VALUES (33, 22);

INSERT INTO recipe(baking, cuisine_id, difficulty, recipe_title, recipe_description, prep_time, cook_time, portions, fat_portion, protein_portion, carbs_portion, picture_uri, picture_description) VALUES(1, 5, 4,'Vegetable Stir-Fry', 'Deep finish respond score situation require vote her. Allow risk high young bad back very different.', 115, 120, 2, 50, 55,35, 'https://placekitten.com/856/248', 'Parent process minute.');
INSERT INTO recipe_meal_type(recipe_id, meal_type_id) VALUES (34, 1);
INSERT INTO recipe_tag(recipe_id, tag_id) VALUES (34, 53);
INSERT INTO recipe_tag(recipe_id, tag_id) VALUES (34, 46);
INSERT INTO recipe_tag(recipe_id, tag_id) VALUES (34, 67);
INSERT INTO recipe_tag(recipe_id, tag_id) VALUES (34, 69);
INSERT INTO recipe_tag(recipe_id, tag_id) VALUES (34, 2);
INSERT INTO recipe_tag(recipe_id, tag_id) VALUES (34, 90);
INSERT INTO recipe_equipment(recipe_id, equipment_id, num) VALUES (34, 8, 1);
INSERT INTO recipe_equipment(recipe_id, equipment_id, num) VALUES (34, 10, 4);
INSERT INTO recipe_equipment(recipe_id, equipment_id, num) VALUES (34, 3, 1);
INSERT INTO recipe_equipment(recipe_id, equipment_id, num) VALUES (34, 13, 1);
INSERT INTO recipe_equipment(recipe_id, equipment_id, num) VALUES (34, 11, 4);
INSERT INTO recipe_cook(recipe_id, cook_id) VALUES (34, 142);
INSERT INTO recipe_cook(recipe_id, cook_id) VALUES (34, 46);
INSERT INTO recipe_cook(recipe_id, cook_id) VALUES (34, 122);
INSERT INTO recipe_cook(recipe_id, cook_id) VALUES (34, 81);
INSERT INTO recipe_cook(recipe_id, cook_id) VALUES (34, 91);
INSERT INTO recipe_cook(recipe_id, cook_id) VALUES (34, 56);
INSERT INTO recipe_cook(recipe_id, cook_id) VALUES (34, 147);
INSERT INTO recipe_cook(recipe_id, cook_id) VALUES (34, 69);
INSERT INTO recipe_cook(recipe_id, cook_id) VALUES (34, 47);
INSERT INTO recipe_cook(recipe_id, cook_id) VALUES (34, 192);
INSERT INTO recipe_cook(recipe_id, cook_id) VALUES (34, 175);
INSERT INTO recipe_cook(recipe_id, cook_id) VALUES (34, 49);
INSERT INTO recipe_cook(recipe_id, cook_id) VALUES (34, 128);
INSERT INTO recipe_cook(recipe_id, cook_id) VALUES (34, 189);
INSERT INTO recipe_cook(recipe_id, cook_id) VALUES (34, 52);
INSERT INTO recipe_cook(recipe_id, cook_id) VALUES (34, 61);
INSERT INTO recipe_cook(recipe_id, cook_id) VALUES (34, 62);
INSERT INTO recipe_cook(recipe_id, cook_id) VALUES (34, 68);
INSERT INTO recipe_cook(recipe_id, cook_id) VALUES (34, 53);
INSERT INTO recipe_cook(recipe_id, cook_id) VALUES (34, 59);
INSERT INTO recipe_themes(recipe_id, theme_id) VALUES (34, 16);
INSERT INTO recipe_tip(recipe_id, tip_id) VALUES (34, 23);
INSERT INTO recipe_tip(recipe_id, tip_id) VALUES (34, 10);
INSERT INTO recipe_tip(recipe_id, tip_id) VALUES (34, 7);

INSERT INTO recipe(baking, cuisine_id, difficulty, recipe_title, recipe_description, prep_time, cook_time, portions, fat_portion, protein_portion, carbs_portion, picture_uri, picture_description) VALUES(1, 40, 3,'Omelette', 'Structure fall during during should. Discuss fire win realize knowledge whatever. Gun goal measure trip president painting.', 85, 90, 3, 35, 10,80, 'https://picsum.photos/919/857', 'Still would understand each training purpose program.');
INSERT INTO recipe_meal_type(recipe_id, meal_type_id) VALUES (35, 2);
INSERT INTO recipe_tag(recipe_id, tag_id) VALUES (35, 51);
INSERT INTO recipe_tag(recipe_id, tag_id) VALUES (35, 29);
INSERT INTO recipe_tag(recipe_id, tag_id) VALUES (35, 97);
INSERT INTO recipe_tag(recipe_id, tag_id) VALUES (35, 74);
INSERT INTO recipe_tag(recipe_id, tag_id) VALUES (35, 17);
INSERT INTO recipe_equipment(recipe_id, equipment_id, num) VALUES (35, 17, 2);
INSERT INTO recipe_equipment(recipe_id, equipment_id, num) VALUES (35, 14, 3);
INSERT INTO recipe_equipment(recipe_id, equipment_id, num) VALUES (35, 16, 1);
INSERT INTO recipe_cook(recipe_id, cook_id) VALUES (35, 9);
INSERT INTO recipe_cook(recipe_id, cook_id) VALUES (35, 129);
INSERT INTO recipe_cook(recipe_id, cook_id) VALUES (35, 89);
INSERT INTO recipe_cook(recipe_id, cook_id) VALUES (35, 101);
INSERT INTO recipe_cook(recipe_id, cook_id) VALUES (35, 176);
INSERT INTO recipe_cook(recipe_id, cook_id) VALUES (35, 45);
INSERT INTO recipe_cook(recipe_id, cook_id) VALUES (35, 118);
INSERT INTO recipe_cook(recipe_id, cook_id) VALUES (35, 31);
INSERT INTO recipe_cook(recipe_id, cook_id) VALUES (35, 179);
INSERT INTO recipe_cook(recipe_id, cook_id) VALUES (35, 133);
INSERT INTO recipe_cook(recipe_id, cook_id) VALUES (35, 194);
INSERT INTO recipe_cook(recipe_id, cook_id) VALUES (35, 81);
INSERT INTO recipe_cook(recipe_id, cook_id) VALUES (35, 177);
INSERT INTO recipe_cook(recipe_id, cook_id) VALUES (35, 3);
INSERT INTO recipe_cook(recipe_id, cook_id) VALUES (35, 4);
INSERT INTO recipe_cook(recipe_id, cook_id) VALUES (35, 173);
INSERT INTO recipe_cook(recipe_id, cook_id) VALUES (35, 54);
INSERT INTO recipe_cook(recipe_id, cook_id) VALUES (35, 98);
INSERT INTO recipe_cook(recipe_id, cook_id) VALUES (35, 149);
INSERT INTO recipe_cook(recipe_id, cook_id) VALUES (35, 26);
INSERT INTO recipe_cook(recipe_id, cook_id) VALUES (35, 84);
INSERT INTO recipe_cook(recipe_id, cook_id) VALUES (35, 93);
INSERT INTO recipe_cook(recipe_id, cook_id) VALUES (35, 157);
INSERT INTO recipe_cook(recipe_id, cook_id) VALUES (35, 67);
INSERT INTO recipe_cook(recipe_id, cook_id) VALUES (35, 48);
INSERT INTO recipe_cook(recipe_id, cook_id) VALUES (35, 141);
INSERT INTO recipe_cook(recipe_id, cook_id) VALUES (35, 68);
INSERT INTO recipe_cook(recipe_id, cook_id) VALUES (35, 61);
INSERT INTO recipe_cook(recipe_id, cook_id) VALUES (35, 69);
INSERT INTO recipe_cook(recipe_id, cook_id) VALUES (35, 121);
INSERT INTO recipe_cook(recipe_id, cook_id) VALUES (35, 178);
INSERT INTO recipe_cook(recipe_id, cook_id) VALUES (35, 88);
INSERT INTO recipe_cook(recipe_id, cook_id) VALUES (35, 94);
INSERT INTO recipe_cook(recipe_id, cook_id) VALUES (35, 196);
INSERT INTO recipe_cook(recipe_id, cook_id) VALUES (35, 128);
INSERT INTO recipe_cook(recipe_id, cook_id) VALUES (35, 109);
INSERT INTO recipe_cook(recipe_id, cook_id) VALUES (35, 184);
INSERT INTO recipe_cook(recipe_id, cook_id) VALUES (35, 108);
INSERT INTO recipe_cook(recipe_id, cook_id) VALUES (35, 96);
INSERT INTO recipe_cook(recipe_id, cook_id) VALUES (35, 168);
INSERT INTO recipe_cook(recipe_id, cook_id) VALUES (35, 103);
INSERT INTO recipe_cook(recipe_id, cook_id) VALUES (35, 72);
INSERT INTO recipe_cook(recipe_id, cook_id) VALUES (35, 116);
INSERT INTO recipe_cook(recipe_id, cook_id) VALUES (35, 47);
INSERT INTO recipe_cook(recipe_id, cook_id) VALUES (35, 147);
INSERT INTO recipe_cook(recipe_id, cook_id) VALUES (35, 34);
INSERT INTO recipe_cook(recipe_id, cook_id) VALUES (35, 148);
INSERT INTO recipe_cook(recipe_id, cook_id) VALUES (35, 59);
INSERT INTO recipe_cook(recipe_id, cook_id) VALUES (35, 181);
INSERT INTO recipe_cook(recipe_id, cook_id) VALUES (35, 70);
INSERT INTO recipe_cook(recipe_id, cook_id) VALUES (35, 185);
INSERT INTO recipe_cook(recipe_id, cook_id) VALUES (35, 143);
INSERT INTO recipe_cook(recipe_id, cook_id) VALUES (35, 111);
INSERT INTO recipe_cook(recipe_id, cook_id) VALUES (35, 183);
INSERT INTO recipe_cook(recipe_id, cook_id) VALUES (35, 51);
INSERT INTO recipe_cook(recipe_id, cook_id) VALUES (35, 38);
INSERT INTO recipe_cook(recipe_id, cook_id) VALUES (35, 39);
INSERT INTO recipe_cook(recipe_id, cook_id) VALUES (35, 122);
INSERT INTO recipe_cook(recipe_id, cook_id) VALUES (35, 187);
INSERT INTO recipe_cook(recipe_id, cook_id) VALUES (35, 46);
INSERT INTO recipe_cook(recipe_id, cook_id) VALUES (35, 163);
INSERT INTO recipe_cook(recipe_id, cook_id) VALUES (35, 166);
INSERT INTO recipe_cook(recipe_id, cook_id) VALUES (35, 35);
INSERT INTO recipe_cook(recipe_id, cook_id) VALUES (35, 191);
INSERT INTO recipe_cook(recipe_id, cook_id) VALUES (35, 189);
INSERT INTO recipe_cook(recipe_id, cook_id) VALUES (35, 125);
INSERT INTO recipe_cook(recipe_id, cook_id) VALUES (35, 77);
INSERT INTO recipe_cook(recipe_id, cook_id) VALUES (35, 65);
INSERT INTO recipe_cook(recipe_id, cook_id) VALUES (35, 13);
INSERT INTO recipe_cook(recipe_id, cook_id) VALUES (35, 102);
INSERT INTO recipe_cook(recipe_id, cook_id) VALUES (35, 152);
INSERT INTO recipe_cook(recipe_id, cook_id) VALUES (35, 42);
INSERT INTO recipe_cook(recipe_id, cook_id) VALUES (35, 16);
INSERT INTO recipe_cook(recipe_id, cook_id) VALUES (35, 28);
INSERT INTO recipe_cook(recipe_id, cook_id) VALUES (35, 105);
INSERT INTO recipe_cook(recipe_id, cook_id) VALUES (35, 33);
INSERT INTO recipe_cook(recipe_id, cook_id) VALUES (35, 150);
INSERT INTO recipe_cook(recipe_id, cook_id) VALUES (35, 140);
INSERT INTO recipe_cook(recipe_id, cook_id) VALUES (35, 136);
INSERT INTO recipe_cook(recipe_id, cook_id) VALUES (35, 132);
INSERT INTO recipe_cook(recipe_id, cook_id) VALUES (35, 58);
INSERT INTO recipe_cook(recipe_id, cook_id) VALUES (35, 162);
INSERT INTO recipe_cook(recipe_id, cook_id) VALUES (35, 43);
INSERT INTO recipe_cook(recipe_id, cook_id) VALUES (35, 155);
INSERT INTO recipe_cook(recipe_id, cook_id) VALUES (35, 170);
INSERT INTO recipe_cook(recipe_id, cook_id) VALUES (35, 158);
INSERT INTO recipe_cook(recipe_id, cook_id) VALUES (35, 159);
INSERT INTO recipe_cook(recipe_id, cook_id) VALUES (35, 114);
INSERT INTO recipe_cook(recipe_id, cook_id) VALUES (35, 104);
INSERT INTO recipe_cook(recipe_id, cook_id) VALUES (35, 135);
INSERT INTO recipe_cook(recipe_id, cook_id) VALUES (35, 195);
INSERT INTO recipe_cook(recipe_id, cook_id) VALUES (35, 142);
INSERT INTO recipe_cook(recipe_id, cook_id) VALUES (35, 53);
INSERT INTO recipe_cook(recipe_id, cook_id) VALUES (35, 139);
INSERT INTO recipe_cook(recipe_id, cook_id) VALUES (35, 110);
INSERT INTO recipe_cook(recipe_id, cook_id) VALUES (35, 87);
INSERT INTO recipe_cook(recipe_id, cook_id) VALUES (35, 78);
INSERT INTO recipe_cook(recipe_id, cook_id) VALUES (35, 130);
INSERT INTO recipe_cook(recipe_id, cook_id) VALUES (35, 74);
INSERT INTO recipe_cook(recipe_id, cook_id) VALUES (35, 131);
INSERT INTO recipe_cook(recipe_id, cook_id) VALUES (35, 180);
INSERT INTO recipe_cook(recipe_id, cook_id) VALUES (35, 100);
INSERT INTO recipe_cook(recipe_id, cook_id) VALUES (35, 172);
INSERT INTO recipe_cook(recipe_id, cook_id) VALUES (35, 23);
INSERT INTO recipe_cook(recipe_id, cook_id) VALUES (35, 37);
INSERT INTO recipe_cook(recipe_id, cook_id) VALUES (35, 175);
INSERT INTO recipe_cook(recipe_id, cook_id) VALUES (35, 199);
INSERT INTO recipe_cook(recipe_id, cook_id) VALUES (35, 126);
INSERT INTO recipe_cook(recipe_id, cook_id) VALUES (35, 66);
INSERT INTO recipe_cook(recipe_id, cook_id) VALUES (35, 63);
INSERT INTO recipe_cook(recipe_id, cook_id) VALUES (35, 120);
INSERT INTO recipe_cook(recipe_id, cook_id) VALUES (35, 11);
INSERT INTO recipe_cook(recipe_id, cook_id) VALUES (35, 49);
INSERT INTO recipe_cook(recipe_id, cook_id) VALUES (35, 79);
INSERT INTO recipe_cook(recipe_id, cook_id) VALUES (35, 119);
INSERT INTO recipe_cook(recipe_id, cook_id) VALUES (35, 60);
INSERT INTO recipe_cook(recipe_id, cook_id) VALUES (35, 182);
INSERT INTO recipe_cook(recipe_id, cook_id) VALUES (35, 19);
INSERT INTO recipe_cook(recipe_id, cook_id) VALUES (35, 22);
INSERT INTO recipe_cook(recipe_id, cook_id) VALUES (35, 44);
INSERT INTO recipe_cook(recipe_id, cook_id) VALUES (35, 164);
INSERT INTO recipe_cook(recipe_id, cook_id) VALUES (35, 192);
INSERT INTO recipe_cook(recipe_id, cook_id) VALUES (35, 197);
INSERT INTO recipe_cook(recipe_id, cook_id) VALUES (35, 52);
INSERT INTO recipe_cook(recipe_id, cook_id) VALUES (35, 10);
INSERT INTO recipe_cook(recipe_id, cook_id) VALUES (35, 198);
INSERT INTO recipe_cook(recipe_id, cook_id) VALUES (35, 21);
INSERT INTO recipe_cook(recipe_id, cook_id) VALUES (35, 99);
INSERT INTO recipe_cook(recipe_id, cook_id) VALUES (35, 30);
INSERT INTO recipe_cook(recipe_id, cook_id) VALUES (35, 41);
INSERT INTO recipe_cook(recipe_id, cook_id) VALUES (35, 71);
INSERT INTO recipe_cook(recipe_id, cook_id) VALUES (35, 145);
INSERT INTO recipe_cook(recipe_id, cook_id) VALUES (35, 138);
INSERT INTO recipe_cook(recipe_id, cook_id) VALUES (35, 146);
INSERT INTO recipe_cook(recipe_id, cook_id) VALUES (35, 174);
INSERT INTO recipe_cook(recipe_id, cook_id) VALUES (35, 57);
INSERT INTO recipe_cook(recipe_id, cook_id) VALUES (35, 115);
INSERT INTO recipe_cook(recipe_id, cook_id) VALUES (35, 167);
INSERT INTO recipe_cook(recipe_id, cook_id) VALUES (35, 156);
INSERT INTO recipe_themes(recipe_id, theme_id) VALUES (35, 29);
INSERT INTO recipe_themes(recipe_id, theme_id) VALUES (35, 27);
INSERT INTO recipe_themes(recipe_id, theme_id) VALUES (35, 11);
INSERT INTO recipe_tip(recipe_id, tip_id) VALUES (35, 2);

INSERT INTO recipe(baking, cuisine_id, difficulty, recipe_title, recipe_description, prep_time, cook_time, portions, fat_portion, protein_portion, carbs_portion, picture_uri, picture_description) VALUES(0, 11, 4,'Coleslaw', 'Game brother impact measure chance. Plan significant tonight then administration building enjoy. Represent like big thank street agency cold.', 25, 10, 1, 35, 40,5, 'https://placekitten.com/149/271', 'Truth toward great I news Republican budget.');
INSERT INTO recipe_meal_type(recipe_id, meal_type_id) VALUES (36, 6);
INSERT INTO recipe_tag(recipe_id, tag_id) VALUES (36, 99);
INSERT INTO recipe_equipment(recipe_id, equipment_id, num) VALUES (36, 17, 1);
INSERT INTO recipe_equipment(recipe_id, equipment_id, num) VALUES (36, 3, 1);
INSERT INTO recipe_equipment(recipe_id, equipment_id, num) VALUES (36, 4, 3);
INSERT INTO recipe_equipment(recipe_id, equipment_id, num) VALUES (36, 9, 4);
INSERT INTO recipe_equipment(recipe_id, equipment_id, num) VALUES (36, 5, 3);
INSERT INTO recipe_equipment(recipe_id, equipment_id, num) VALUES (36, 2, 2);
INSERT INTO recipe_cook(recipe_id, cook_id) VALUES (36, 100);
INSERT INTO recipe_cook(recipe_id, cook_id) VALUES (36, 80);
INSERT INTO recipe_cook(recipe_id, cook_id) VALUES (36, 59);
INSERT INTO recipe_cook(recipe_id, cook_id) VALUES (36, 64);
INSERT INTO recipe_cook(recipe_id, cook_id) VALUES (36, 189);
INSERT INTO recipe_cook(recipe_id, cook_id) VALUES (36, 73);
INSERT INTO recipe_cook(recipe_id, cook_id) VALUES (36, 114);
INSERT INTO recipe_cook(recipe_id, cook_id) VALUES (36, 161);
INSERT INTO recipe_cook(recipe_id, cook_id) VALUES (36, 33);
INSERT INTO recipe_cook(recipe_id, cook_id) VALUES (36, 34);
INSERT INTO recipe_cook(recipe_id, cook_id) VALUES (36, 135);
INSERT INTO recipe_cook(recipe_id, cook_id) VALUES (36, 44);
INSERT INTO recipe_cook(recipe_id, cook_id) VALUES (36, 8);
INSERT INTO recipe_cook(recipe_id, cook_id) VALUES (36, 9);
INSERT INTO recipe_cook(recipe_id, cook_id) VALUES (36, 170);
INSERT INTO recipe_cook(recipe_id, cook_id) VALUES (36, 92);
INSERT INTO recipe_cook(recipe_id, cook_id) VALUES (36, 84);
INSERT INTO recipe_cook(recipe_id, cook_id) VALUES (36, 122);
INSERT INTO recipe_cook(recipe_id, cook_id) VALUES (36, 120);
INSERT INTO recipe_cook(recipe_id, cook_id) VALUES (36, 139);
INSERT INTO recipe_cook(recipe_id, cook_id) VALUES (36, 70);
INSERT INTO recipe_cook(recipe_id, cook_id) VALUES (36, 141);
INSERT INTO recipe_cook(recipe_id, cook_id) VALUES (36, 194);
INSERT INTO recipe_cook(recipe_id, cook_id) VALUES (36, 35);
INSERT INTO recipe_cook(recipe_id, cook_id) VALUES (36, 181);
INSERT INTO recipe_cook(recipe_id, cook_id) VALUES (36, 46);
INSERT INTO recipe_cook(recipe_id, cook_id) VALUES (36, 152);
INSERT INTO recipe_cook(recipe_id, cook_id) VALUES (36, 153);
INSERT INTO recipe_cook(recipe_id, cook_id) VALUES (36, 117);
INSERT INTO recipe_cook(recipe_id, cook_id) VALUES (36, 162);
INSERT INTO recipe_cook(recipe_id, cook_id) VALUES (36, 163);
INSERT INTO recipe_cook(recipe_id, cook_id) VALUES (36, 145);
INSERT INTO recipe_cook(recipe_id, cook_id) VALUES (36, 112);
INSERT INTO recipe_cook(recipe_id, cook_id) VALUES (36, 190);
INSERT INTO recipe_cook(recipe_id, cook_id) VALUES (36, 164);
INSERT INTO recipe_cook(recipe_id, cook_id) VALUES (36, 166);
INSERT INTO recipe_cook(recipe_id, cook_id) VALUES (36, 137);
INSERT INTO recipe_cook(recipe_id, cook_id) VALUES (36, 199);
INSERT INTO recipe_cook(recipe_id, cook_id) VALUES (36, 89);
INSERT INTO recipe_cook(recipe_id, cook_id) VALUES (36, 124);
INSERT INTO recipe_cook(recipe_id, cook_id) VALUES (36, 176);
INSERT INTO recipe_cook(recipe_id, cook_id) VALUES (36, 198);
INSERT INTO recipe_cook(recipe_id, cook_id) VALUES (36, 23);
INSERT INTO recipe_cook(recipe_id, cook_id) VALUES (36, 178);
INSERT INTO recipe_cook(recipe_id, cook_id) VALUES (36, 79);
INSERT INTO recipe_cook(recipe_id, cook_id) VALUES (36, 94);
INSERT INTO recipe_cook(recipe_id, cook_id) VALUES (36, 106);
INSERT INTO recipe_cook(recipe_id, cook_id) VALUES (36, 67);
INSERT INTO recipe_cook(recipe_id, cook_id) VALUES (36, 40);
INSERT INTO recipe_cook(recipe_id, cook_id) VALUES (36, 78);
INSERT INTO recipe_cook(recipe_id, cook_id) VALUES (36, 3);
INSERT INTO recipe_cook(recipe_id, cook_id) VALUES (36, 1);
INSERT INTO recipe_cook(recipe_id, cook_id) VALUES (36, 134);
INSERT INTO recipe_cook(recipe_id, cook_id) VALUES (36, 177);
INSERT INTO recipe_cook(recipe_id, cook_id) VALUES (36, 171);
INSERT INTO recipe_cook(recipe_id, cook_id) VALUES (36, 74);
INSERT INTO recipe_cook(recipe_id, cook_id) VALUES (36, 121);
INSERT INTO recipe_cook(recipe_id, cook_id) VALUES (36, 165);
INSERT INTO recipe_cook(recipe_id, cook_id) VALUES (36, 150);
INSERT INTO recipe_cook(recipe_id, cook_id) VALUES (36, 126);
INSERT INTO recipe_cook(recipe_id, cook_id) VALUES (36, 123);
INSERT INTO recipe_cook(recipe_id, cook_id) VALUES (36, 77);
INSERT INTO recipe_cook(recipe_id, cook_id) VALUES (36, 142);
INSERT INTO recipe_cook(recipe_id, cook_id) VALUES (36, 111);
INSERT INTO recipe_cook(recipe_id, cook_id) VALUES (36, 75);
INSERT INTO recipe_cook(recipe_id, cook_id) VALUES (36, 60);
INSERT INTO recipe_cook(recipe_id, cook_id) VALUES (36, 2);
INSERT INTO recipe_cook(recipe_id, cook_id) VALUES (36, 96);
INSERT INTO recipe_cook(recipe_id, cook_id) VALUES (36, 49);
INSERT INTO recipe_cook(recipe_id, cook_id) VALUES (36, 154);
INSERT INTO recipe_cook(recipe_id, cook_id) VALUES (36, 168);
INSERT INTO recipe_cook(recipe_id, cook_id) VALUES (36, 102);
INSERT INTO recipe_cook(recipe_id, cook_id) VALUES (36, 197);
INSERT INTO recipe_cook(recipe_id, cook_id) VALUES (36, 21);
INSERT INTO recipe_cook(recipe_id, cook_id) VALUES (36, 185);
INSERT INTO recipe_cook(recipe_id, cook_id) VALUES (36, 95);
INSERT INTO recipe_cook(recipe_id, cook_id) VALUES (36, 83);
INSERT INTO recipe_cook(recipe_id, cook_id) VALUES (36, 50);
INSERT INTO recipe_cook(recipe_id, cook_id) VALUES (36, 107);
INSERT INTO recipe_cook(recipe_id, cook_id) VALUES (36, 132);
INSERT INTO recipe_cook(recipe_id, cook_id) VALUES (36, 29);
INSERT INTO recipe_cook(recipe_id, cook_id) VALUES (36, 191);
INSERT INTO recipe_cook(recipe_id, cook_id) VALUES (36, 11);
INSERT INTO recipe_cook(recipe_id, cook_id) VALUES (36, 55);
INSERT INTO recipe_cook(recipe_id, cook_id) VALUES (36, 81);
INSERT INTO recipe_cook(recipe_id, cook_id) VALUES (36, 31);
INSERT INTO recipe_cook(recipe_id, cook_id) VALUES (36, 173);
INSERT INTO recipe_cook(recipe_id, cook_id) VALUES (36, 98);
INSERT INTO recipe_cook(recipe_id, cook_id) VALUES (36, 103);
INSERT INTO recipe_cook(recipe_id, cook_id) VALUES (36, 156);
INSERT INTO recipe_cook(recipe_id, cook_id) VALUES (36, 104);
INSERT INTO recipe_cook(recipe_id, cook_id) VALUES (36, 146);
INSERT INTO recipe_cook(recipe_id, cook_id) VALUES (36, 88);
INSERT INTO recipe_cook(recipe_id, cook_id) VALUES (36, 147);
INSERT INTO recipe_cook(recipe_id, cook_id) VALUES (36, 37);
INSERT INTO recipe_cook(recipe_id, cook_id) VALUES (36, 184);
INSERT INTO recipe_cook(recipe_id, cook_id) VALUES (36, 133);
INSERT INTO recipe_cook(recipe_id, cook_id) VALUES (36, 69);
INSERT INTO recipe_cook(recipe_id, cook_id) VALUES (36, 183);
INSERT INTO recipe_cook(recipe_id, cook_id) VALUES (36, 53);
INSERT INTO recipe_cook(recipe_id, cook_id) VALUES (36, 25);
INSERT INTO recipe_cook(recipe_id, cook_id) VALUES (36, 187);
INSERT INTO recipe_cook(recipe_id, cook_id) VALUES (36, 24);
INSERT INTO recipe_cook(recipe_id, cook_id) VALUES (36, 18);
INSERT INTO recipe_cook(recipe_id, cook_id) VALUES (36, 38);
INSERT INTO recipe_cook(recipe_id, cook_id) VALUES (36, 15);
INSERT INTO recipe_cook(recipe_id, cook_id) VALUES (36, 82);
INSERT INTO recipe_cook(recipe_id, cook_id) VALUES (36, 159);
INSERT INTO recipe_cook(recipe_id, cook_id) VALUES (36, 186);
INSERT INTO recipe_cook(recipe_id, cook_id) VALUES (36, 58);
INSERT INTO recipe_cook(recipe_id, cook_id) VALUES (36, 129);
INSERT INTO recipe_cook(recipe_id, cook_id) VALUES (36, 179);
INSERT INTO recipe_cook(recipe_id, cook_id) VALUES (36, 63);
INSERT INTO recipe_cook(recipe_id, cook_id) VALUES (36, 200);
INSERT INTO recipe_cook(recipe_id, cook_id) VALUES (36, 42);
INSERT INTO recipe_cook(recipe_id, cook_id) VALUES (36, 138);
INSERT INTO recipe_cook(recipe_id, cook_id) VALUES (36, 20);
INSERT INTO recipe_cook(recipe_id, cook_id) VALUES (36, 7);
INSERT INTO recipe_cook(recipe_id, cook_id) VALUES (36, 130);
INSERT INTO recipe_cook(recipe_id, cook_id) VALUES (36, 85);
INSERT INTO recipe_cook(recipe_id, cook_id) VALUES (36, 113);
INSERT INTO recipe_cook(recipe_id, cook_id) VALUES (36, 14);
INSERT INTO recipe_cook(recipe_id, cook_id) VALUES (36, 131);
INSERT INTO recipe_cook(recipe_id, cook_id) VALUES (36, 90);
INSERT INTO recipe_cook(recipe_id, cook_id) VALUES (36, 17);
INSERT INTO recipe_cook(recipe_id, cook_id) VALUES (36, 57);
INSERT INTO recipe_cook(recipe_id, cook_id) VALUES (36, 148);
INSERT INTO recipe_cook(recipe_id, cook_id) VALUES (36, 30);
INSERT INTO recipe_cook(recipe_id, cook_id) VALUES (36, 12);
INSERT INTO recipe_cook(recipe_id, cook_id) VALUES (36, 105);
INSERT INTO recipe_cook(recipe_id, cook_id) VALUES (36, 169);
INSERT INTO recipe_cook(recipe_id, cook_id) VALUES (36, 128);
INSERT INTO recipe_cook(recipe_id, cook_id) VALUES (36, 28);
INSERT INTO recipe_cook(recipe_id, cook_id) VALUES (36, 196);
INSERT INTO recipe_cook(recipe_id, cook_id) VALUES (36, 54);
INSERT INTO recipe_cook(recipe_id, cook_id) VALUES (36, 174);
INSERT INTO recipe_cook(recipe_id, cook_id) VALUES (36, 155);
INSERT INTO recipe_cook(recipe_id, cook_id) VALUES (36, 109);
INSERT INTO recipe_cook(recipe_id, cook_id) VALUES (36, 195);
INSERT INTO recipe_cook(recipe_id, cook_id) VALUES (36, 45);
INSERT INTO recipe_cook(recipe_id, cook_id) VALUES (36, 51);
INSERT INTO recipe_cook(recipe_id, cook_id) VALUES (36, 116);
INSERT INTO recipe_cook(recipe_id, cook_id) VALUES (36, 22);
INSERT INTO recipe_cook(recipe_id, cook_id) VALUES (36, 6);
INSERT INTO recipe_cook(recipe_id, cook_id) VALUES (36, 66);
INSERT INTO recipe_cook(recipe_id, cook_id) VALUES (36, 144);
INSERT INTO recipe_cook(recipe_id, cook_id) VALUES (36, 10);
INSERT INTO recipe_cook(recipe_id, cook_id) VALUES (36, 4);
INSERT INTO recipe_cook(recipe_id, cook_id) VALUES (36, 97);
INSERT INTO recipe_cook(recipe_id, cook_id) VALUES (36, 140);
INSERT INTO recipe_cook(recipe_id, cook_id) VALUES (36, 26);
INSERT INTO recipe_cook(recipe_id, cook_id) VALUES (36, 5);
INSERT INTO recipe_cook(recipe_id, cook_id) VALUES (36, 160);
INSERT INTO recipe_cook(recipe_id, cook_id) VALUES (36, 115);
INSERT INTO recipe_cook(recipe_id, cook_id) VALUES (36, 72);
INSERT INTO recipe_cook(recipe_id, cook_id) VALUES (36, 13);
INSERT INTO recipe_cook(recipe_id, cook_id) VALUES (36, 76);
INSERT INTO recipe_cook(recipe_id, cook_id) VALUES (36, 87);
INSERT INTO recipe_cook(recipe_id, cook_id) VALUES (36, 149);
INSERT INTO recipe_cook(recipe_id, cook_id) VALUES (36, 188);
INSERT INTO recipe_cook(recipe_id, cook_id) VALUES (36, 16);
INSERT INTO recipe_cook(recipe_id, cook_id) VALUES (36, 43);
INSERT INTO recipe_cook(recipe_id, cook_id) VALUES (36, 182);
INSERT INTO recipe_cook(recipe_id, cook_id) VALUES (36, 65);
INSERT INTO recipe_cook(recipe_id, cook_id) VALUES (36, 93);
INSERT INTO recipe_cook(recipe_id, cook_id) VALUES (36, 61);
INSERT INTO recipe_cook(recipe_id, cook_id) VALUES (36, 62);
INSERT INTO recipe_cook(recipe_id, cook_id) VALUES (36, 193);
INSERT INTO recipe_themes(recipe_id, theme_id) VALUES (36, 14);
INSERT INTO recipe_themes(recipe_id, theme_id) VALUES (36, 31);
INSERT INTO recipe_themes(recipe_id, theme_id) VALUES (36, 25);
INSERT INTO recipe_tip(recipe_id, tip_id) VALUES (36, 20);
INSERT INTO recipe_tip(recipe_id, tip_id) VALUES (36, 21);
INSERT INTO recipe_tip(recipe_id, tip_id) VALUES (36, 11);

INSERT INTO recipe(baking, cuisine_id, difficulty, recipe_title, recipe_description, prep_time, cook_time, portions, fat_portion, protein_portion, carbs_portion, picture_uri, picture_description) VALUES(1, 4, 2,'Pancakes', 'Pattern yes and school great large important last. Eye local care contain she trouble. Base time order have power here just. Reveal evidence significant discussion manage answer military. Oil such interview follow five condition century.', 25, 30, 4, 25, 0,25, 'https://placekitten.com/431/881', 'Offer past between expect budget.');
INSERT INTO recipe_meal_type(recipe_id, meal_type_id) VALUES (37, 3);
INSERT INTO recipe_tag(recipe_id, tag_id) VALUES (37, 75);
INSERT INTO recipe_tag(recipe_id, tag_id) VALUES (37, 16);
INSERT INTO recipe_tag(recipe_id, tag_id) VALUES (37, 51);
INSERT INTO recipe_tag(recipe_id, tag_id) VALUES (37, 32);
INSERT INTO recipe_tag(recipe_id, tag_id) VALUES (37, 2);
INSERT INTO recipe_equipment(recipe_id, equipment_id, num) VALUES (37, 19, 2);
INSERT INTO recipe_equipment(recipe_id, equipment_id, num) VALUES (37, 16, 1);
INSERT INTO recipe_equipment(recipe_id, equipment_id, num) VALUES (37, 5, 1);
INSERT INTO recipe_cook(recipe_id, cook_id) VALUES (37, 198);
INSERT INTO recipe_cook(recipe_id, cook_id) VALUES (37, 23);
INSERT INTO recipe_cook(recipe_id, cook_id) VALUES (37, 64);
INSERT INTO recipe_cook(recipe_id, cook_id) VALUES (37, 41);
INSERT INTO recipe_cook(recipe_id, cook_id) VALUES (37, 128);
INSERT INTO recipe_cook(recipe_id, cook_id) VALUES (37, 24);
INSERT INTO recipe_cook(recipe_id, cook_id) VALUES (37, 176);
INSERT INTO recipe_cook(recipe_id, cook_id) VALUES (37, 159);
INSERT INTO recipe_cook(recipe_id, cook_id) VALUES (37, 87);
INSERT INTO recipe_cook(recipe_id, cook_id) VALUES (37, 161);
INSERT INTO recipe_cook(recipe_id, cook_id) VALUES (37, 16);
INSERT INTO recipe_cook(recipe_id, cook_id) VALUES (37, 190);
INSERT INTO recipe_cook(recipe_id, cook_id) VALUES (37, 92);
INSERT INTO recipe_cook(recipe_id, cook_id) VALUES (37, 166);
INSERT INTO recipe_cook(recipe_id, cook_id) VALUES (37, 40);
INSERT INTO recipe_cook(recipe_id, cook_id) VALUES (37, 180);
INSERT INTO recipe_cook(recipe_id, cook_id) VALUES (37, 138);
INSERT INTO recipe_cook(recipe_id, cook_id) VALUES (37, 28);
INSERT INTO recipe_cook(recipe_id, cook_id) VALUES (37, 33);
INSERT INTO recipe_cook(recipe_id, cook_id) VALUES (37, 125);
INSERT INTO recipe_cook(recipe_id, cook_id) VALUES (37, 60);
INSERT INTO recipe_cook(recipe_id, cook_id) VALUES (37, 82);
INSERT INTO recipe_cook(recipe_id, cook_id) VALUES (37, 143);
INSERT INTO recipe_cook(recipe_id, cook_id) VALUES (37, 187);
INSERT INTO recipe_cook(recipe_id, cook_id) VALUES (37, 89);
INSERT INTO recipe_cook(recipe_id, cook_id) VALUES (37, 113);
INSERT INTO recipe_cook(recipe_id, cook_id) VALUES (37, 50);
INSERT INTO recipe_cook(recipe_id, cook_id) VALUES (37, 6);
INSERT INTO recipe_cook(recipe_id, cook_id) VALUES (37, 97);
INSERT INTO recipe_cook(recipe_id, cook_id) VALUES (37, 188);
INSERT INTO recipe_cook(recipe_id, cook_id) VALUES (37, 35);
INSERT INTO recipe_cook(recipe_id, cook_id) VALUES (37, 65);
INSERT INTO recipe_cook(recipe_id, cook_id) VALUES (37, 11);
INSERT INTO recipe_cook(recipe_id, cook_id) VALUES (37, 181);
INSERT INTO recipe_cook(recipe_id, cook_id) VALUES (37, 175);
INSERT INTO recipe_cook(recipe_id, cook_id) VALUES (37, 144);
INSERT INTO recipe_cook(recipe_id, cook_id) VALUES (37, 76);
INSERT INTO recipe_cook(recipe_id, cook_id) VALUES (37, 139);
INSERT INTO recipe_cook(recipe_id, cook_id) VALUES (37, 126);
INSERT INTO recipe_cook(recipe_id, cook_id) VALUES (37, 49);
INSERT INTO recipe_cook(recipe_id, cook_id) VALUES (37, 146);
INSERT INTO recipe_cook(recipe_id, cook_id) VALUES (37, 48);
INSERT INTO recipe_cook(recipe_id, cook_id) VALUES (37, 140);
INSERT INTO recipe_cook(recipe_id, cook_id) VALUES (37, 90);
INSERT INTO recipe_cook(recipe_id, cook_id) VALUES (37, 83);
INSERT INTO recipe_cook(recipe_id, cook_id) VALUES (37, 120);
INSERT INTO recipe_cook(recipe_id, cook_id) VALUES (37, 71);
INSERT INTO recipe_cook(recipe_id, cook_id) VALUES (37, 142);
INSERT INTO recipe_cook(recipe_id, cook_id) VALUES (37, 42);
INSERT INTO recipe_cook(recipe_id, cook_id) VALUES (37, 18);
INSERT INTO recipe_cook(recipe_id, cook_id) VALUES (37, 136);
INSERT INTO recipe_cook(recipe_id, cook_id) VALUES (37, 186);
INSERT INTO recipe_cook(recipe_id, cook_id) VALUES (37, 116);
INSERT INTO recipe_cook(recipe_id, cook_id) VALUES (37, 164);
INSERT INTO recipe_cook(recipe_id, cook_id) VALUES (37, 68);
INSERT INTO recipe_cook(recipe_id, cook_id) VALUES (37, 163);
INSERT INTO recipe_cook(recipe_id, cook_id) VALUES (37, 94);
INSERT INTO recipe_cook(recipe_id, cook_id) VALUES (37, 117);
INSERT INTO recipe_cook(recipe_id, cook_id) VALUES (37, 1);
INSERT INTO recipe_cook(recipe_id, cook_id) VALUES (37, 130);
INSERT INTO recipe_cook(recipe_id, cook_id) VALUES (37, 98);
INSERT INTO recipe_cook(recipe_id, cook_id) VALUES (37, 193);
INSERT INTO recipe_cook(recipe_id, cook_id) VALUES (37, 5);
INSERT INTO recipe_cook(recipe_id, cook_id) VALUES (37, 165);
INSERT INTO recipe_cook(recipe_id, cook_id) VALUES (37, 62);
INSERT INTO recipe_cook(recipe_id, cook_id) VALUES (37, 156);
INSERT INTO recipe_cook(recipe_id, cook_id) VALUES (37, 17);
INSERT INTO recipe_cook(recipe_id, cook_id) VALUES (37, 100);
INSERT INTO recipe_cook(recipe_id, cook_id) VALUES (37, 191);
INSERT INTO recipe_cook(recipe_id, cook_id) VALUES (37, 196);
INSERT INTO recipe_cook(recipe_id, cook_id) VALUES (37, 149);
INSERT INTO recipe_cook(recipe_id, cook_id) VALUES (37, 73);
INSERT INTO recipe_cook(recipe_id, cook_id) VALUES (37, 135);
INSERT INTO recipe_cook(recipe_id, cook_id) VALUES (37, 53);
INSERT INTO recipe_cook(recipe_id, cook_id) VALUES (37, 131);
INSERT INTO recipe_cook(recipe_id, cook_id) VALUES (37, 152);
INSERT INTO recipe_cook(recipe_id, cook_id) VALUES (37, 15);
INSERT INTO recipe_cook(recipe_id, cook_id) VALUES (37, 13);
INSERT INTO recipe_cook(recipe_id, cook_id) VALUES (37, 67);
INSERT INTO recipe_cook(recipe_id, cook_id) VALUES (37, 85);
INSERT INTO recipe_cook(recipe_id, cook_id) VALUES (37, 9);
INSERT INTO recipe_cook(recipe_id, cook_id) VALUES (37, 173);
INSERT INTO recipe_cook(recipe_id, cook_id) VALUES (37, 107);
INSERT INTO recipe_cook(recipe_id, cook_id) VALUES (37, 134);
INSERT INTO recipe_cook(recipe_id, cook_id) VALUES (37, 199);
INSERT INTO recipe_cook(recipe_id, cook_id) VALUES (37, 112);
INSERT INTO recipe_cook(recipe_id, cook_id) VALUES (37, 184);
INSERT INTO recipe_cook(recipe_id, cook_id) VALUES (37, 26);
INSERT INTO recipe_cook(recipe_id, cook_id) VALUES (37, 14);
INSERT INTO recipe_cook(recipe_id, cook_id) VALUES (37, 63);
INSERT INTO recipe_cook(recipe_id, cook_id) VALUES (37, 25);
INSERT INTO recipe_cook(recipe_id, cook_id) VALUES (37, 123);
INSERT INTO recipe_cook(recipe_id, cook_id) VALUES (37, 114);
INSERT INTO recipe_cook(recipe_id, cook_id) VALUES (37, 74);
INSERT INTO recipe_cook(recipe_id, cook_id) VALUES (37, 162);
INSERT INTO recipe_cook(recipe_id, cook_id) VALUES (37, 174);
INSERT INTO recipe_themes(recipe_id, theme_id) VALUES (37, 32);
INSERT INTO recipe_themes(recipe_id, theme_id) VALUES (37, 34);
INSERT INTO recipe_themes(recipe_id, theme_id) VALUES (37, 40);
INSERT INTO recipe_tip(recipe_id, tip_id) VALUES (37, 38);
INSERT INTO recipe_tip(recipe_id, tip_id) VALUES (37, 17);
INSERT INTO recipe_tip(recipe_id, tip_id) VALUES (37, 4);

INSERT INTO recipe(baking, cuisine_id, difficulty, recipe_title, recipe_description, prep_time, cook_time, portions, fat_portion, protein_portion, carbs_portion, picture_uri, picture_description) VALUES(0, 42, 4,'Paella', 'Difference college voice else paper blood. Project cell deal stuff senior. Out always three. Sometimes according strategy ago data walk number.', 25, 70, 1, 25, 40,65, 'https://dummyimage.com/911x258', 'Truth respond try build threat.');
INSERT INTO recipe_meal_type(recipe_id, meal_type_id) VALUES (38, 5);
INSERT INTO recipe_tag(recipe_id, tag_id) VALUES (38, 91);
INSERT INTO recipe_tag(recipe_id, tag_id) VALUES (38, 8);
INSERT INTO recipe_tag(recipe_id, tag_id) VALUES (38, 79);
INSERT INTO recipe_tag(recipe_id, tag_id) VALUES (38, 35);
INSERT INTO recipe_tag(recipe_id, tag_id) VALUES (38, 68);
INSERT INTO recipe_tag(recipe_id, tag_id) VALUES (38, 6);
INSERT INTO recipe_equipment(recipe_id, equipment_id, num) VALUES (38, 10, 1);
INSERT INTO recipe_equipment(recipe_id, equipment_id, num) VALUES (38, 3, 2);
INSERT INTO recipe_equipment(recipe_id, equipment_id, num) VALUES (38, 7, 4);
INSERT INTO recipe_cook(recipe_id, cook_id) VALUES (38, 25);
INSERT INTO recipe_cook(recipe_id, cook_id) VALUES (38, 26);
INSERT INTO recipe_cook(recipe_id, cook_id) VALUES (38, 186);
INSERT INTO recipe_cook(recipe_id, cook_id) VALUES (38, 60);
INSERT INTO recipe_cook(recipe_id, cook_id) VALUES (38, 137);
INSERT INTO recipe_cook(recipe_id, cook_id) VALUES (38, 99);
INSERT INTO recipe_cook(recipe_id, cook_id) VALUES (38, 49);
INSERT INTO recipe_cook(recipe_id, cook_id) VALUES (38, 50);
INSERT INTO recipe_cook(recipe_id, cook_id) VALUES (38, 135);
INSERT INTO recipe_cook(recipe_id, cook_id) VALUES (38, 169);
INSERT INTO recipe_cook(recipe_id, cook_id) VALUES (38, 64);
INSERT INTO recipe_cook(recipe_id, cook_id) VALUES (38, 146);
INSERT INTO recipe_cook(recipe_id, cook_id) VALUES (38, 161);
INSERT INTO recipe_cook(recipe_id, cook_id) VALUES (38, 46);
INSERT INTO recipe_cook(recipe_id, cook_id) VALUES (38, 143);
INSERT INTO recipe_cook(recipe_id, cook_id) VALUES (38, 198);
INSERT INTO recipe_cook(recipe_id, cook_id) VALUES (38, 107);
INSERT INTO recipe_cook(recipe_id, cook_id) VALUES (38, 28);
INSERT INTO recipe_cook(recipe_id, cook_id) VALUES (38, 164);
INSERT INTO recipe_cook(recipe_id, cook_id) VALUES (38, 148);
INSERT INTO recipe_cook(recipe_id, cook_id) VALUES (38, 92);
INSERT INTO recipe_cook(recipe_id, cook_id) VALUES (38, 173);
INSERT INTO recipe_cook(recipe_id, cook_id) VALUES (38, 118);
INSERT INTO recipe_cook(recipe_id, cook_id) VALUES (38, 171);
INSERT INTO recipe_cook(recipe_id, cook_id) VALUES (38, 110);
INSERT INTO recipe_cook(recipe_id, cook_id) VALUES (38, 27);
INSERT INTO recipe_cook(recipe_id, cook_id) VALUES (38, 43);
INSERT INTO recipe_cook(recipe_id, cook_id) VALUES (38, 47);
INSERT INTO recipe_cook(recipe_id, cook_id) VALUES (38, 141);
INSERT INTO recipe_cook(recipe_id, cook_id) VALUES (38, 103);
INSERT INTO recipe_cook(recipe_id, cook_id) VALUES (38, 130);
INSERT INTO recipe_cook(recipe_id, cook_id) VALUES (38, 87);
INSERT INTO recipe_cook(recipe_id, cook_id) VALUES (38, 41);
INSERT INTO recipe_cook(recipe_id, cook_id) VALUES (38, 196);
INSERT INTO recipe_cook(recipe_id, cook_id) VALUES (38, 154);
INSERT INTO recipe_cook(recipe_id, cook_id) VALUES (38, 114);
INSERT INTO recipe_cook(recipe_id, cook_id) VALUES (38, 91);
INSERT INTO recipe_cook(recipe_id, cook_id) VALUES (38, 81);
INSERT INTO recipe_cook(recipe_id, cook_id) VALUES (38, 172);
INSERT INTO recipe_cook(recipe_id, cook_id) VALUES (38, 84);
INSERT INTO recipe_cook(recipe_id, cook_id) VALUES (38, 96);
INSERT INTO recipe_cook(recipe_id, cook_id) VALUES (38, 106);
INSERT INTO recipe_cook(recipe_id, cook_id) VALUES (38, 111);
INSERT INTO recipe_cook(recipe_id, cook_id) VALUES (38, 83);
INSERT INTO recipe_cook(recipe_id, cook_id) VALUES (38, 156);
INSERT INTO recipe_cook(recipe_id, cook_id) VALUES (38, 62);
INSERT INTO recipe_cook(recipe_id, cook_id) VALUES (38, 145);
INSERT INTO recipe_cook(recipe_id, cook_id) VALUES (38, 140);
INSERT INTO recipe_cook(recipe_id, cook_id) VALUES (38, 55);
INSERT INTO recipe_cook(recipe_id, cook_id) VALUES (38, 97);
INSERT INTO recipe_cook(recipe_id, cook_id) VALUES (38, 162);
INSERT INTO recipe_cook(recipe_id, cook_id) VALUES (38, 66);
INSERT INTO recipe_cook(recipe_id, cook_id) VALUES (38, 93);
INSERT INTO recipe_cook(recipe_id, cook_id) VALUES (38, 116);
INSERT INTO recipe_cook(recipe_id, cook_id) VALUES (38, 115);
INSERT INTO recipe_cook(recipe_id, cook_id) VALUES (38, 102);
INSERT INTO recipe_cook(recipe_id, cook_id) VALUES (38, 1);
INSERT INTO recipe_cook(recipe_id, cook_id) VALUES (38, 9);
INSERT INTO recipe_cook(recipe_id, cook_id) VALUES (38, 73);
INSERT INTO recipe_cook(recipe_id, cook_id) VALUES (38, 5);
INSERT INTO recipe_cook(recipe_id, cook_id) VALUES (38, 133);
INSERT INTO recipe_cook(recipe_id, cook_id) VALUES (38, 35);
INSERT INTO recipe_cook(recipe_id, cook_id) VALUES (38, 78);
INSERT INTO recipe_cook(recipe_id, cook_id) VALUES (38, 2);
INSERT INTO recipe_cook(recipe_id, cook_id) VALUES (38, 77);
INSERT INTO recipe_cook(recipe_id, cook_id) VALUES (38, 57);
INSERT INTO recipe_cook(recipe_id, cook_id) VALUES (38, 152);
INSERT INTO recipe_cook(recipe_id, cook_id) VALUES (38, 163);
INSERT INTO recipe_cook(recipe_id, cook_id) VALUES (38, 6);
INSERT INTO recipe_cook(recipe_id, cook_id) VALUES (38, 71);
INSERT INTO recipe_cook(recipe_id, cook_id) VALUES (38, 40);
INSERT INTO recipe_cook(recipe_id, cook_id) VALUES (38, 200);
INSERT INTO recipe_cook(recipe_id, cook_id) VALUES (38, 10);
INSERT INTO recipe_cook(recipe_id, cook_id) VALUES (38, 59);
INSERT INTO recipe_cook(recipe_id, cook_id) VALUES (38, 187);
INSERT INTO recipe_cook(recipe_id, cook_id) VALUES (38, 20);
INSERT INTO recipe_cook(recipe_id, cook_id) VALUES (38, 18);
INSERT INTO recipe_cook(recipe_id, cook_id) VALUES (38, 34);
INSERT INTO recipe_cook(recipe_id, cook_id) VALUES (38, 179);
INSERT INTO recipe_cook(recipe_id, cook_id) VALUES (38, 165);
INSERT INTO recipe_cook(recipe_id, cook_id) VALUES (38, 75);
INSERT INTO recipe_cook(recipe_id, cook_id) VALUES (38, 32);
INSERT INTO recipe_cook(recipe_id, cook_id) VALUES (38, 30);
INSERT INTO recipe_cook(recipe_id, cook_id) VALUES (38, 33);
INSERT INTO recipe_cook(recipe_id, cook_id) VALUES (38, 104);
INSERT INTO recipe_cook(recipe_id, cook_id) VALUES (38, 39);
INSERT INTO recipe_cook(recipe_id, cook_id) VALUES (38, 12);
INSERT INTO recipe_cook(recipe_id, cook_id) VALUES (38, 74);
INSERT INTO recipe_cook(recipe_id, cook_id) VALUES (38, 52);
INSERT INTO recipe_cook(recipe_id, cook_id) VALUES (38, 142);
INSERT INTO recipe_cook(recipe_id, cook_id) VALUES (38, 183);
INSERT INTO recipe_cook(recipe_id, cook_id) VALUES (38, 94);
INSERT INTO recipe_cook(recipe_id, cook_id) VALUES (38, 128);
INSERT INTO recipe_cook(recipe_id, cook_id) VALUES (38, 181);
INSERT INTO recipe_cook(recipe_id, cook_id) VALUES (38, 42);
INSERT INTO recipe_cook(recipe_id, cook_id) VALUES (38, 166);
INSERT INTO recipe_cook(recipe_id, cook_id) VALUES (38, 155);
INSERT INTO recipe_cook(recipe_id, cook_id) VALUES (38, 23);
INSERT INTO recipe_cook(recipe_id, cook_id) VALUES (38, 63);
INSERT INTO recipe_cook(recipe_id, cook_id) VALUES (38, 89);
INSERT INTO recipe_cook(recipe_id, cook_id) VALUES (38, 90);
INSERT INTO recipe_cook(recipe_id, cook_id) VALUES (38, 113);
INSERT INTO recipe_cook(recipe_id, cook_id) VALUES (38, 13);
INSERT INTO recipe_cook(recipe_id, cook_id) VALUES (38, 136);
INSERT INTO recipe_cook(recipe_id, cook_id) VALUES (38, 157);
INSERT INTO recipe_cook(recipe_id, cook_id) VALUES (38, 189);
INSERT INTO recipe_cook(recipe_id, cook_id) VALUES (38, 150);
INSERT INTO recipe_cook(recipe_id, cook_id) VALUES (38, 195);
INSERT INTO recipe_cook(recipe_id, cook_id) VALUES (38, 194);
INSERT INTO recipe_cook(recipe_id, cook_id) VALUES (38, 11);
INSERT INTO recipe_cook(recipe_id, cook_id) VALUES (38, 8);
INSERT INTO recipe_cook(recipe_id, cook_id) VALUES (38, 174);
INSERT INTO recipe_cook(recipe_id, cook_id) VALUES (38, 45);
INSERT INTO recipe_cook(recipe_id, cook_id) VALUES (38, 56);
INSERT INTO recipe_cook(recipe_id, cook_id) VALUES (38, 54);
INSERT INTO recipe_cook(recipe_id, cook_id) VALUES (38, 16);
INSERT INTO recipe_cook(recipe_id, cook_id) VALUES (38, 178);
INSERT INTO recipe_cook(recipe_id, cook_id) VALUES (38, 138);
INSERT INTO recipe_cook(recipe_id, cook_id) VALUES (38, 167);
INSERT INTO recipe_cook(recipe_id, cook_id) VALUES (38, 153);
INSERT INTO recipe_cook(recipe_id, cook_id) VALUES (38, 180);
INSERT INTO recipe_cook(recipe_id, cook_id) VALUES (38, 7);
INSERT INTO recipe_cook(recipe_id, cook_id) VALUES (38, 170);
INSERT INTO recipe_cook(recipe_id, cook_id) VALUES (38, 68);
INSERT INTO recipe_cook(recipe_id, cook_id) VALUES (38, 132);
INSERT INTO recipe_cook(recipe_id, cook_id) VALUES (38, 168);
INSERT INTO recipe_cook(recipe_id, cook_id) VALUES (38, 70);
INSERT INTO recipe_cook(recipe_id, cook_id) VALUES (38, 158);
INSERT INTO recipe_cook(recipe_id, cook_id) VALUES (38, 125);
INSERT INTO recipe_cook(recipe_id, cook_id) VALUES (38, 159);
INSERT INTO recipe_cook(recipe_id, cook_id) VALUES (38, 65);
INSERT INTO recipe_cook(recipe_id, cook_id) VALUES (38, 29);
INSERT INTO recipe_cook(recipe_id, cook_id) VALUES (38, 72);
INSERT INTO recipe_themes(recipe_id, theme_id) VALUES (38, 26);
INSERT INTO recipe_tip(recipe_id, tip_id) VALUES (38, 39);
INSERT INTO recipe_tip(recipe_id, tip_id) VALUES (38, 37);

INSERT INTO recipe(baking, cuisine_id, difficulty, recipe_title, recipe_description, prep_time, cook_time, portions, fat_portion, protein_portion, carbs_portion, picture_uri, picture_description) VALUES(1, 26, 2,'Flan', 'Ten year rule bring. Sound season develop avoid church friend. Piece mention since religious fire under item.', 35, 50, 1, 35, 45,5, 'https://placekitten.com/650/389', 'Along play account carry heavy wall pull enter.');
INSERT INTO recipe_meal_type(recipe_id, meal_type_id) VALUES (39, 3);
INSERT INTO recipe_tag(recipe_id, tag_id) VALUES (39, 34);
INSERT INTO recipe_tag(recipe_id, tag_id) VALUES (39, 11);
INSERT INTO recipe_tag(recipe_id, tag_id) VALUES (39, 52);
INSERT INTO recipe_tag(recipe_id, tag_id) VALUES (39, 65);
INSERT INTO recipe_tag(recipe_id, tag_id) VALUES (39, 56);
INSERT INTO recipe_tag(recipe_id, tag_id) VALUES (39, 100);
INSERT INTO recipe_tag(recipe_id, tag_id) VALUES (39, 90);
INSERT INTO recipe_equipment(recipe_id, equipment_id, num) VALUES (39, 5, 2);
INSERT INTO recipe_equipment(recipe_id, equipment_id, num) VALUES (39, 16, 2);
INSERT INTO recipe_equipment(recipe_id, equipment_id, num) VALUES (39, 18, 3);
INSERT INTO recipe_equipment(recipe_id, equipment_id, num) VALUES (39, 7, 4);
INSERT INTO recipe_cook(recipe_id, cook_id) VALUES (39, 102);
INSERT INTO recipe_cook(recipe_id, cook_id) VALUES (39, 167);
INSERT INTO recipe_cook(recipe_id, cook_id) VALUES (39, 147);
INSERT INTO recipe_cook(recipe_id, cook_id) VALUES (39, 51);
INSERT INTO recipe_cook(recipe_id, cook_id) VALUES (39, 144);
INSERT INTO recipe_cook(recipe_id, cook_id) VALUES (39, 158);
INSERT INTO recipe_cook(recipe_id, cook_id) VALUES (39, 189);
INSERT INTO recipe_cook(recipe_id, cook_id) VALUES (39, 135);
INSERT INTO recipe_cook(recipe_id, cook_id) VALUES (39, 64);
INSERT INTO recipe_cook(recipe_id, cook_id) VALUES (39, 63);
INSERT INTO recipe_cook(recipe_id, cook_id) VALUES (39, 19);
INSERT INTO recipe_cook(recipe_id, cook_id) VALUES (39, 69);
INSERT INTO recipe_cook(recipe_id, cook_id) VALUES (39, 111);
INSERT INTO recipe_cook(recipe_id, cook_id) VALUES (39, 83);
INSERT INTO recipe_cook(recipe_id, cook_id) VALUES (39, 176);
INSERT INTO recipe_cook(recipe_id, cook_id) VALUES (39, 148);
INSERT INTO recipe_cook(recipe_id, cook_id) VALUES (39, 23);
INSERT INTO recipe_cook(recipe_id, cook_id) VALUES (39, 29);
INSERT INTO recipe_cook(recipe_id, cook_id) VALUES (39, 172);
INSERT INTO recipe_cook(recipe_id, cook_id) VALUES (39, 106);
INSERT INTO recipe_cook(recipe_id, cook_id) VALUES (39, 109);
INSERT INTO recipe_cook(recipe_id, cook_id) VALUES (39, 94);
INSERT INTO recipe_cook(recipe_id, cook_id) VALUES (39, 90);
INSERT INTO recipe_cook(recipe_id, cook_id) VALUES (39, 49);
INSERT INTO recipe_cook(recipe_id, cook_id) VALUES (39, 187);
INSERT INTO recipe_cook(recipe_id, cook_id) VALUES (39, 89);
INSERT INTO recipe_cook(recipe_id, cook_id) VALUES (39, 153);
INSERT INTO recipe_cook(recipe_id, cook_id) VALUES (39, 168);
INSERT INTO recipe_cook(recipe_id, cook_id) VALUES (39, 7);
INSERT INTO recipe_cook(recipe_id, cook_id) VALUES (39, 79);
INSERT INTO recipe_cook(recipe_id, cook_id) VALUES (39, 44);
INSERT INTO recipe_cook(recipe_id, cook_id) VALUES (39, 178);
INSERT INTO recipe_cook(recipe_id, cook_id) VALUES (39, 195);
INSERT INTO recipe_cook(recipe_id, cook_id) VALUES (39, 114);
INSERT INTO recipe_cook(recipe_id, cook_id) VALUES (39, 160);
INSERT INTO recipe_cook(recipe_id, cook_id) VALUES (39, 38);
INSERT INTO recipe_cook(recipe_id, cook_id) VALUES (39, 113);
INSERT INTO recipe_cook(recipe_id, cook_id) VALUES (39, 12);
INSERT INTO recipe_cook(recipe_id, cook_id) VALUES (39, 60);
INSERT INTO recipe_cook(recipe_id, cook_id) VALUES (39, 52);
INSERT INTO recipe_cook(recipe_id, cook_id) VALUES (39, 96);
INSERT INTO recipe_cook(recipe_id, cook_id) VALUES (39, 40);
INSERT INTO recipe_cook(recipe_id, cook_id) VALUES (39, 22);
INSERT INTO recipe_cook(recipe_id, cook_id) VALUES (39, 183);
INSERT INTO recipe_cook(recipe_id, cook_id) VALUES (39, 14);
INSERT INTO recipe_cook(recipe_id, cook_id) VALUES (39, 191);
INSERT INTO recipe_cook(recipe_id, cook_id) VALUES (39, 165);
INSERT INTO recipe_cook(recipe_id, cook_id) VALUES (39, 74);
INSERT INTO recipe_cook(recipe_id, cook_id) VALUES (39, 4);
INSERT INTO recipe_cook(recipe_id, cook_id) VALUES (39, 88);
INSERT INTO recipe_cook(recipe_id, cook_id) VALUES (39, 157);
INSERT INTO recipe_cook(recipe_id, cook_id) VALUES (39, 171);
INSERT INTO recipe_cook(recipe_id, cook_id) VALUES (39, 116);
INSERT INTO recipe_cook(recipe_id, cook_id) VALUES (39, 121);
INSERT INTO recipe_cook(recipe_id, cook_id) VALUES (39, 6);
INSERT INTO recipe_cook(recipe_id, cook_id) VALUES (39, 85);
INSERT INTO recipe_cook(recipe_id, cook_id) VALUES (39, 54);
INSERT INTO recipe_cook(recipe_id, cook_id) VALUES (39, 138);
INSERT INTO recipe_cook(recipe_id, cook_id) VALUES (39, 55);
INSERT INTO recipe_cook(recipe_id, cook_id) VALUES (39, 53);
INSERT INTO recipe_cook(recipe_id, cook_id) VALUES (39, 140);
INSERT INTO recipe_cook(recipe_id, cook_id) VALUES (39, 134);
INSERT INTO recipe_cook(recipe_id, cook_id) VALUES (39, 67);
INSERT INTO recipe_cook(recipe_id, cook_id) VALUES (39, 124);
INSERT INTO recipe_cook(recipe_id, cook_id) VALUES (39, 37);
INSERT INTO recipe_cook(recipe_id, cook_id) VALUES (39, 5);
INSERT INTO recipe_cook(recipe_id, cook_id) VALUES (39, 97);
INSERT INTO recipe_cook(recipe_id, cook_id) VALUES (39, 163);
INSERT INTO recipe_cook(recipe_id, cook_id) VALUES (39, 66);
INSERT INTO recipe_cook(recipe_id, cook_id) VALUES (39, 170);
INSERT INTO recipe_cook(recipe_id, cook_id) VALUES (39, 16);
INSERT INTO recipe_cook(recipe_id, cook_id) VALUES (39, 73);
INSERT INTO recipe_cook(recipe_id, cook_id) VALUES (39, 161);
INSERT INTO recipe_cook(recipe_id, cook_id) VALUES (39, 200);
INSERT INTO recipe_cook(recipe_id, cook_id) VALUES (39, 169);
INSERT INTO recipe_cook(recipe_id, cook_id) VALUES (39, 80);
INSERT INTO recipe_cook(recipe_id, cook_id) VALUES (39, 35);
INSERT INTO recipe_cook(recipe_id, cook_id) VALUES (39, 182);
INSERT INTO recipe_cook(recipe_id, cook_id) VALUES (39, 162);
INSERT INTO recipe_cook(recipe_id, cook_id) VALUES (39, 84);
INSERT INTO recipe_cook(recipe_id, cook_id) VALUES (39, 2);
INSERT INTO recipe_cook(recipe_id, cook_id) VALUES (39, 9);
INSERT INTO recipe_cook(recipe_id, cook_id) VALUES (39, 50);
INSERT INTO recipe_cook(recipe_id, cook_id) VALUES (39, 145);
INSERT INTO recipe_cook(recipe_id, cook_id) VALUES (39, 137);
INSERT INTO recipe_cook(recipe_id, cook_id) VALUES (39, 117);
INSERT INTO recipe_cook(recipe_id, cook_id) VALUES (39, 110);
INSERT INTO recipe_cook(recipe_id, cook_id) VALUES (39, 115);
INSERT INTO recipe_cook(recipe_id, cook_id) VALUES (39, 47);
INSERT INTO recipe_cook(recipe_id, cook_id) VALUES (39, 188);
INSERT INTO recipe_cook(recipe_id, cook_id) VALUES (39, 156);
INSERT INTO recipe_cook(recipe_id, cook_id) VALUES (39, 3);
INSERT INTO recipe_cook(recipe_id, cook_id) VALUES (39, 154);
INSERT INTO recipe_cook(recipe_id, cook_id) VALUES (39, 198);
INSERT INTO recipe_cook(recipe_id, cook_id) VALUES (39, 118);
INSERT INTO recipe_cook(recipe_id, cook_id) VALUES (39, 30);
INSERT INTO recipe_cook(recipe_id, cook_id) VALUES (39, 177);
INSERT INTO recipe_cook(recipe_id, cook_id) VALUES (39, 132);
INSERT INTO recipe_cook(recipe_id, cook_id) VALUES (39, 91);
INSERT INTO recipe_cook(recipe_id, cook_id) VALUES (39, 13);
INSERT INTO recipe_cook(recipe_id, cook_id) VALUES (39, 41);
INSERT INTO recipe_cook(recipe_id, cook_id) VALUES (39, 155);
INSERT INTO recipe_cook(recipe_id, cook_id) VALUES (39, 77);
INSERT INTO recipe_cook(recipe_id, cook_id) VALUES (39, 194);
INSERT INTO recipe_cook(recipe_id, cook_id) VALUES (39, 133);
INSERT INTO recipe_cook(recipe_id, cook_id) VALUES (39, 24);
INSERT INTO recipe_cook(recipe_id, cook_id) VALUES (39, 26);
INSERT INTO recipe_cook(recipe_id, cook_id) VALUES (39, 65);
INSERT INTO recipe_cook(recipe_id, cook_id) VALUES (39, 59);
INSERT INTO recipe_cook(recipe_id, cook_id) VALUES (39, 72);
INSERT INTO recipe_cook(recipe_id, cook_id) VALUES (39, 180);
INSERT INTO recipe_cook(recipe_id, cook_id) VALUES (39, 146);
INSERT INTO recipe_cook(recipe_id, cook_id) VALUES (39, 32);
INSERT INTO recipe_cook(recipe_id, cook_id) VALUES (39, 68);
INSERT INTO recipe_cook(recipe_id, cook_id) VALUES (39, 159);
INSERT INTO recipe_cook(recipe_id, cook_id) VALUES (39, 43);
INSERT INTO recipe_cook(recipe_id, cook_id) VALUES (39, 99);
INSERT INTO recipe_cook(recipe_id, cook_id) VALUES (39, 197);
INSERT INTO recipe_cook(recipe_id, cook_id) VALUES (39, 21);
INSERT INTO recipe_cook(recipe_id, cook_id) VALUES (39, 126);
INSERT INTO recipe_cook(recipe_id, cook_id) VALUES (39, 45);
INSERT INTO recipe_cook(recipe_id, cook_id) VALUES (39, 46);
INSERT INTO recipe_cook(recipe_id, cook_id) VALUES (39, 149);
INSERT INTO recipe_cook(recipe_id, cook_id) VALUES (39, 39);
INSERT INTO recipe_cook(recipe_id, cook_id) VALUES (39, 31);
INSERT INTO recipe_themes(recipe_id, theme_id) VALUES (39, 18);
INSERT INTO recipe_themes(recipe_id, theme_id) VALUES (39, 4);
INSERT INTO recipe_themes(recipe_id, theme_id) VALUES (39, 17);
INSERT INTO recipe_tip(recipe_id, tip_id) VALUES (39, 2);
INSERT INTO recipe_tip(recipe_id, tip_id) VALUES (39, 36);

INSERT INTO recipe(baking, cuisine_id, difficulty, recipe_title, recipe_description, prep_time, cook_time, portions, fat_portion, protein_portion, carbs_portion, picture_uri, picture_description) VALUES(0, 6, 4,'Salmon Teriyaki', 'Safe executive cup then. Tax see about attack newspaper decade concern. Read party piece doctor give most. There subject themselves property.', 95, 100, 5, 50, 50,35, 'https://placekitten.com/1003/803', 'Myself far despite while to shake.');
INSERT INTO recipe_meal_type(recipe_id, meal_type_id) VALUES (40, 1);
INSERT INTO recipe_tag(recipe_id, tag_id) VALUES (40, 31);
INSERT INTO recipe_tag(recipe_id, tag_id) VALUES (40, 74);
INSERT INTO recipe_tag(recipe_id, tag_id) VALUES (40, 20);
INSERT INTO recipe_tag(recipe_id, tag_id) VALUES (40, 55);
INSERT INTO recipe_tag(recipe_id, tag_id) VALUES (40, 40);
INSERT INTO recipe_tag(recipe_id, tag_id) VALUES (40, 78);
INSERT INTO recipe_tag(recipe_id, tag_id) VALUES (40, 43);
INSERT INTO recipe_equipment(recipe_id, equipment_id, num) VALUES (40, 18, 4);
INSERT INTO recipe_equipment(recipe_id, equipment_id, num) VALUES (40, 5, 2);
INSERT INTO recipe_equipment(recipe_id, equipment_id, num) VALUES (40, 7, 4);
INSERT INTO recipe_equipment(recipe_id, equipment_id, num) VALUES (40, 19, 3);
INSERT INTO recipe_equipment(recipe_id, equipment_id, num) VALUES (40, 20, 2);
INSERT INTO recipe_equipment(recipe_id, equipment_id, num) VALUES (40, 14, 4);
INSERT INTO recipe_cook(recipe_id, cook_id) VALUES (40, 80);
INSERT INTO recipe_cook(recipe_id, cook_id) VALUES (40, 177);
INSERT INTO recipe_cook(recipe_id, cook_id) VALUES (40, 181);
INSERT INTO recipe_cook(recipe_id, cook_id) VALUES (40, 135);
INSERT INTO recipe_cook(recipe_id, cook_id) VALUES (40, 35);
INSERT INTO recipe_cook(recipe_id, cook_id) VALUES (40, 111);
INSERT INTO recipe_cook(recipe_id, cook_id) VALUES (40, 38);
INSERT INTO recipe_cook(recipe_id, cook_id) VALUES (40, 168);
INSERT INTO recipe_cook(recipe_id, cook_id) VALUES (40, 145);
INSERT INTO recipe_cook(recipe_id, cook_id) VALUES (40, 41);
INSERT INTO recipe_cook(recipe_id, cook_id) VALUES (40, 82);
INSERT INTO recipe_cook(recipe_id, cook_id) VALUES (40, 18);
INSERT INTO recipe_cook(recipe_id, cook_id) VALUES (40, 143);
INSERT INTO recipe_cook(recipe_id, cook_id) VALUES (40, 137);
INSERT INTO recipe_cook(recipe_id, cook_id) VALUES (40, 185);
INSERT INTO recipe_cook(recipe_id, cook_id) VALUES (40, 31);
INSERT INTO recipe_cook(recipe_id, cook_id) VALUES (40, 48);
INSERT INTO recipe_cook(recipe_id, cook_id) VALUES (40, 190);
INSERT INTO recipe_cook(recipe_id, cook_id) VALUES (40, 194);
INSERT INTO recipe_cook(recipe_id, cook_id) VALUES (40, 8);
INSERT INTO recipe_cook(recipe_id, cook_id) VALUES (40, 183);
INSERT INTO recipe_cook(recipe_id, cook_id) VALUES (40, 106);
INSERT INTO recipe_cook(recipe_id, cook_id) VALUES (40, 179);
INSERT INTO recipe_cook(recipe_id, cook_id) VALUES (40, 78);
INSERT INTO recipe_cook(recipe_id, cook_id) VALUES (40, 114);
INSERT INTO recipe_cook(recipe_id, cook_id) VALUES (40, 164);
INSERT INTO recipe_cook(recipe_id, cook_id) VALUES (40, 71);
INSERT INTO recipe_cook(recipe_id, cook_id) VALUES (40, 39);
INSERT INTO recipe_cook(recipe_id, cook_id) VALUES (40, 49);
INSERT INTO recipe_cook(recipe_id, cook_id) VALUES (40, 28);
INSERT INTO recipe_cook(recipe_id, cook_id) VALUES (40, 34);
INSERT INTO recipe_cook(recipe_id, cook_id) VALUES (40, 184);
INSERT INTO recipe_cook(recipe_id, cook_id) VALUES (40, 7);
INSERT INTO recipe_cook(recipe_id, cook_id) VALUES (40, 157);
INSERT INTO recipe_cook(recipe_id, cook_id) VALUES (40, 158);
INSERT INTO recipe_cook(recipe_id, cook_id) VALUES (40, 69);
INSERT INTO recipe_themes(recipe_id, theme_id) VALUES (40, 37);
INSERT INTO recipe_themes(recipe_id, theme_id) VALUES (40, 40);
INSERT INTO recipe_themes(recipe_id, theme_id) VALUES (40, 15);
INSERT INTO recipe_tip(recipe_id, tip_id) VALUES (40, 15);
INSERT INTO recipe_tip(recipe_id, tip_id) VALUES (40, 2);
INSERT INTO recipe_tip(recipe_id, tip_id) VALUES (40, 23);

INSERT INTO recipe(baking, cuisine_id, difficulty, recipe_title, recipe_description, prep_time, cook_time, portions, fat_portion, protein_portion, carbs_portion, picture_uri, picture_description) VALUES(1, 31, 2,'Lemon Meringue Pie', 'Easy interesting computer what produce girl. Relate similar low source major include. Ahead environmental Democrat surface important. Sign energy fish hot kind human treatment.', 35, 30, 2, 0, 30,0, 'https://placekitten.com/549/994', 'Fund stand final important occur.');
INSERT INTO recipe_meal_type(recipe_id, meal_type_id) VALUES (41, 6);
INSERT INTO recipe_tag(recipe_id, tag_id) VALUES (41, 53);
INSERT INTO recipe_tag(recipe_id, tag_id) VALUES (41, 29);
INSERT INTO recipe_tag(recipe_id, tag_id) VALUES (41, 96);
INSERT INTO recipe_tag(recipe_id, tag_id) VALUES (41, 86);
INSERT INTO recipe_tag(recipe_id, tag_id) VALUES (41, 26);
INSERT INTO recipe_equipment(recipe_id, equipment_id, num) VALUES (41, 3, 3);
INSERT INTO recipe_equipment(recipe_id, equipment_id, num) VALUES (41, 6, 3);
INSERT INTO recipe_equipment(recipe_id, equipment_id, num) VALUES (41, 15, 4);
INSERT INTO recipe_equipment(recipe_id, equipment_id, num) VALUES (41, 16, 2);
INSERT INTO recipe_cook(recipe_id, cook_id) VALUES (41, 84);
INSERT INTO recipe_cook(recipe_id, cook_id) VALUES (41, 118);
INSERT INTO recipe_cook(recipe_id, cook_id) VALUES (41, 64);
INSERT INTO recipe_cook(recipe_id, cook_id) VALUES (41, 110);
INSERT INTO recipe_cook(recipe_id, cook_id) VALUES (41, 104);
INSERT INTO recipe_cook(recipe_id, cook_id) VALUES (41, 11);
INSERT INTO recipe_cook(recipe_id, cook_id) VALUES (41, 156);
INSERT INTO recipe_cook(recipe_id, cook_id) VALUES (41, 189);
INSERT INTO recipe_cook(recipe_id, cook_id) VALUES (41, 98);
INSERT INTO recipe_cook(recipe_id, cook_id) VALUES (41, 185);
INSERT INTO recipe_cook(recipe_id, cook_id) VALUES (41, 81);
INSERT INTO recipe_cook(recipe_id, cook_id) VALUES (41, 101);
INSERT INTO recipe_cook(recipe_id, cook_id) VALUES (41, 157);
INSERT INTO recipe_cook(recipe_id, cook_id) VALUES (41, 147);
INSERT INTO recipe_cook(recipe_id, cook_id) VALUES (41, 153);
INSERT INTO recipe_cook(recipe_id, cook_id) VALUES (41, 138);
INSERT INTO recipe_cook(recipe_id, cook_id) VALUES (41, 135);
INSERT INTO recipe_cook(recipe_id, cook_id) VALUES (41, 165);
INSERT INTO recipe_cook(recipe_id, cook_id) VALUES (41, 181);
INSERT INTO recipe_cook(recipe_id, cook_id) VALUES (41, 10);
INSERT INTO recipe_cook(recipe_id, cook_id) VALUES (41, 134);
INSERT INTO recipe_cook(recipe_id, cook_id) VALUES (41, 28);
INSERT INTO recipe_cook(recipe_id, cook_id) VALUES (41, 116);
INSERT INTO recipe_cook(recipe_id, cook_id) VALUES (41, 117);
INSERT INTO recipe_cook(recipe_id, cook_id) VALUES (41, 195);
INSERT INTO recipe_cook(recipe_id, cook_id) VALUES (41, 63);
INSERT INTO recipe_cook(recipe_id, cook_id) VALUES (41, 133);
INSERT INTO recipe_cook(recipe_id, cook_id) VALUES (41, 191);
INSERT INTO recipe_cook(recipe_id, cook_id) VALUES (41, 102);
INSERT INTO recipe_cook(recipe_id, cook_id) VALUES (41, 176);
INSERT INTO recipe_cook(recipe_id, cook_id) VALUES (41, 143);
INSERT INTO recipe_cook(recipe_id, cook_id) VALUES (41, 100);
INSERT INTO recipe_cook(recipe_id, cook_id) VALUES (41, 174);
INSERT INTO recipe_cook(recipe_id, cook_id) VALUES (41, 162);
INSERT INTO recipe_cook(recipe_id, cook_id) VALUES (41, 13);
INSERT INTO recipe_cook(recipe_id, cook_id) VALUES (41, 49);
INSERT INTO recipe_cook(recipe_id, cook_id) VALUES (41, 75);
INSERT INTO recipe_cook(recipe_id, cook_id) VALUES (41, 113);
INSERT INTO recipe_cook(recipe_id, cook_id) VALUES (41, 172);
INSERT INTO recipe_cook(recipe_id, cook_id) VALUES (41, 78);
INSERT INTO recipe_cook(recipe_id, cook_id) VALUES (41, 74);
INSERT INTO recipe_cook(recipe_id, cook_id) VALUES (41, 119);
INSERT INTO recipe_cook(recipe_id, cook_id) VALUES (41, 43);
INSERT INTO recipe_cook(recipe_id, cook_id) VALUES (41, 109);
INSERT INTO recipe_cook(recipe_id, cook_id) VALUES (41, 76);
INSERT INTO recipe_cook(recipe_id, cook_id) VALUES (41, 14);
INSERT INTO recipe_cook(recipe_id, cook_id) VALUES (41, 168);
INSERT INTO recipe_cook(recipe_id, cook_id) VALUES (41, 37);
INSERT INTO recipe_cook(recipe_id, cook_id) VALUES (41, 159);
INSERT INTO recipe_cook(recipe_id, cook_id) VALUES (41, 178);
INSERT INTO recipe_cook(recipe_id, cook_id) VALUES (41, 24);
INSERT INTO recipe_cook(recipe_id, cook_id) VALUES (41, 129);
INSERT INTO recipe_cook(recipe_id, cook_id) VALUES (41, 29);
INSERT INTO recipe_cook(recipe_id, cook_id) VALUES (41, 47);
INSERT INTO recipe_cook(recipe_id, cook_id) VALUES (41, 140);
INSERT INTO recipe_cook(recipe_id, cook_id) VALUES (41, 35);
INSERT INTO recipe_cook(recipe_id, cook_id) VALUES (41, 193);
INSERT INTO recipe_cook(recipe_id, cook_id) VALUES (41, 106);
INSERT INTO recipe_cook(recipe_id, cook_id) VALUES (41, 83);
INSERT INTO recipe_cook(recipe_id, cook_id) VALUES (41, 151);
INSERT INTO recipe_cook(recipe_id, cook_id) VALUES (41, 7);
INSERT INTO recipe_cook(recipe_id, cook_id) VALUES (41, 46);
INSERT INTO recipe_cook(recipe_id, cook_id) VALUES (41, 177);
INSERT INTO recipe_cook(recipe_id, cook_id) VALUES (41, 52);
INSERT INTO recipe_cook(recipe_id, cook_id) VALUES (41, 173);
INSERT INTO recipe_cook(recipe_id, cook_id) VALUES (41, 150);
INSERT INTO recipe_cook(recipe_id, cook_id) VALUES (41, 65);
INSERT INTO recipe_cook(recipe_id, cook_id) VALUES (41, 142);
INSERT INTO recipe_cook(recipe_id, cook_id) VALUES (41, 42);
INSERT INTO recipe_cook(recipe_id, cook_id) VALUES (41, 32);
INSERT INTO recipe_cook(recipe_id, cook_id) VALUES (41, 184);
INSERT INTO recipe_cook(recipe_id, cook_id) VALUES (41, 30);
INSERT INTO recipe_cook(recipe_id, cook_id) VALUES (41, 141);
INSERT INTO recipe_cook(recipe_id, cook_id) VALUES (41, 82);
INSERT INTO recipe_cook(recipe_id, cook_id) VALUES (41, 187);
INSERT INTO recipe_cook(recipe_id, cook_id) VALUES (41, 171);
INSERT INTO recipe_cook(recipe_id, cook_id) VALUES (41, 68);
INSERT INTO recipe_cook(recipe_id, cook_id) VALUES (41, 91);
INSERT INTO recipe_cook(recipe_id, cook_id) VALUES (41, 50);
INSERT INTO recipe_cook(recipe_id, cook_id) VALUES (41, 94);
INSERT INTO recipe_cook(recipe_id, cook_id) VALUES (41, 167);
INSERT INTO recipe_cook(recipe_id, cook_id) VALUES (41, 66);
INSERT INTO recipe_cook(recipe_id, cook_id) VALUES (41, 79);
INSERT INTO recipe_cook(recipe_id, cook_id) VALUES (41, 21);
INSERT INTO recipe_cook(recipe_id, cook_id) VALUES (41, 183);
INSERT INTO recipe_cook(recipe_id, cook_id) VALUES (41, 71);
INSERT INTO recipe_cook(recipe_id, cook_id) VALUES (41, 128);
INSERT INTO recipe_cook(recipe_id, cook_id) VALUES (41, 6);
INSERT INTO recipe_cook(recipe_id, cook_id) VALUES (41, 99);
INSERT INTO recipe_cook(recipe_id, cook_id) VALUES (41, 22);
INSERT INTO recipe_cook(recipe_id, cook_id) VALUES (41, 158);
INSERT INTO recipe_cook(recipe_id, cook_id) VALUES (41, 73);
INSERT INTO recipe_cook(recipe_id, cook_id) VALUES (41, 85);
INSERT INTO recipe_cook(recipe_id, cook_id) VALUES (41, 20);
INSERT INTO recipe_cook(recipe_id, cook_id) VALUES (41, 136);
INSERT INTO recipe_cook(recipe_id, cook_id) VALUES (41, 19);
INSERT INTO recipe_cook(recipe_id, cook_id) VALUES (41, 23);
INSERT INTO recipe_cook(recipe_id, cook_id) VALUES (41, 112);
INSERT INTO recipe_cook(recipe_id, cook_id) VALUES (41, 92);
INSERT INTO recipe_cook(recipe_id, cook_id) VALUES (41, 146);
INSERT INTO recipe_cook(recipe_id, cook_id) VALUES (41, 54);
INSERT INTO recipe_cook(recipe_id, cook_id) VALUES (41, 40);
INSERT INTO recipe_cook(recipe_id, cook_id) VALUES (41, 103);
INSERT INTO recipe_cook(recipe_id, cook_id) VALUES (41, 121);
INSERT INTO recipe_cook(recipe_id, cook_id) VALUES (41, 58);
INSERT INTO recipe_cook(recipe_id, cook_id) VALUES (41, 186);
INSERT INTO recipe_cook(recipe_id, cook_id) VALUES (41, 190);
INSERT INTO recipe_cook(recipe_id, cook_id) VALUES (41, 130);
INSERT INTO recipe_cook(recipe_id, cook_id) VALUES (41, 16);
INSERT INTO recipe_cook(recipe_id, cook_id) VALUES (41, 17);
INSERT INTO recipe_cook(recipe_id, cook_id) VALUES (41, 26);
INSERT INTO recipe_cook(recipe_id, cook_id) VALUES (41, 1);
INSERT INTO recipe_cook(recipe_id, cook_id) VALUES (41, 80);
INSERT INTO recipe_cook(recipe_id, cook_id) VALUES (41, 33);
INSERT INTO recipe_cook(recipe_id, cook_id) VALUES (41, 2);
INSERT INTO recipe_cook(recipe_id, cook_id) VALUES (41, 59);
INSERT INTO recipe_cook(recipe_id, cook_id) VALUES (41, 198);
INSERT INTO recipe_cook(recipe_id, cook_id) VALUES (41, 200);
INSERT INTO recipe_cook(recipe_id, cook_id) VALUES (41, 70);
INSERT INTO recipe_cook(recipe_id, cook_id) VALUES (41, 89);
INSERT INTO recipe_cook(recipe_id, cook_id) VALUES (41, 161);
INSERT INTO recipe_cook(recipe_id, cook_id) VALUES (41, 154);
INSERT INTO recipe_cook(recipe_id, cook_id) VALUES (41, 31);
INSERT INTO recipe_cook(recipe_id, cook_id) VALUES (41, 179);
INSERT INTO recipe_cook(recipe_id, cook_id) VALUES (41, 194);
INSERT INTO recipe_cook(recipe_id, cook_id) VALUES (41, 61);
INSERT INTO recipe_cook(recipe_id, cook_id) VALUES (41, 108);
INSERT INTO recipe_cook(recipe_id, cook_id) VALUES (41, 53);
INSERT INTO recipe_cook(recipe_id, cook_id) VALUES (41, 57);
INSERT INTO recipe_cook(recipe_id, cook_id) VALUES (41, 125);
INSERT INTO recipe_cook(recipe_id, cook_id) VALUES (41, 97);
INSERT INTO recipe_cook(recipe_id, cook_id) VALUES (41, 131);
INSERT INTO recipe_cook(recipe_id, cook_id) VALUES (41, 36);
INSERT INTO recipe_cook(recipe_id, cook_id) VALUES (41, 27);
INSERT INTO recipe_cook(recipe_id, cook_id) VALUES (41, 144);
INSERT INTO recipe_cook(recipe_id, cook_id) VALUES (41, 93);
INSERT INTO recipe_cook(recipe_id, cook_id) VALUES (41, 105);
INSERT INTO recipe_cook(recipe_id, cook_id) VALUES (41, 4);
INSERT INTO recipe_cook(recipe_id, cook_id) VALUES (41, 132);
INSERT INTO recipe_cook(recipe_id, cook_id) VALUES (41, 196);
INSERT INTO recipe_cook(recipe_id, cook_id) VALUES (41, 3);
INSERT INTO recipe_cook(recipe_id, cook_id) VALUES (41, 182);
INSERT INTO recipe_cook(recipe_id, cook_id) VALUES (41, 55);
INSERT INTO recipe_cook(recipe_id, cook_id) VALUES (41, 60);
INSERT INTO recipe_cook(recipe_id, cook_id) VALUES (41, 197);
INSERT INTO recipe_cook(recipe_id, cook_id) VALUES (41, 95);
INSERT INTO recipe_cook(recipe_id, cook_id) VALUES (41, 169);
INSERT INTO recipe_cook(recipe_id, cook_id) VALUES (41, 39);
INSERT INTO recipe_cook(recipe_id, cook_id) VALUES (41, 107);
INSERT INTO recipe_cook(recipe_id, cook_id) VALUES (41, 111);
INSERT INTO recipe_cook(recipe_id, cook_id) VALUES (41, 163);
INSERT INTO recipe_cook(recipe_id, cook_id) VALUES (41, 175);
INSERT INTO recipe_cook(recipe_id, cook_id) VALUES (41, 152);
INSERT INTO recipe_cook(recipe_id, cook_id) VALUES (41, 67);
INSERT INTO recipe_cook(recipe_id, cook_id) VALUES (41, 12);
INSERT INTO recipe_cook(recipe_id, cook_id) VALUES (41, 115);
INSERT INTO recipe_cook(recipe_id, cook_id) VALUES (41, 44);
INSERT INTO recipe_cook(recipe_id, cook_id) VALUES (41, 199);
INSERT INTO recipe_cook(recipe_id, cook_id) VALUES (41, 192);
INSERT INTO recipe_cook(recipe_id, cook_id) VALUES (41, 188);
INSERT INTO recipe_cook(recipe_id, cook_id) VALUES (41, 96);
INSERT INTO recipe_cook(recipe_id, cook_id) VALUES (41, 124);
INSERT INTO recipe_cook(recipe_id, cook_id) VALUES (41, 139);
INSERT INTO recipe_cook(recipe_id, cook_id) VALUES (41, 149);
INSERT INTO recipe_cook(recipe_id, cook_id) VALUES (41, 180);
INSERT INTO recipe_cook(recipe_id, cook_id) VALUES (41, 72);
INSERT INTO recipe_cook(recipe_id, cook_id) VALUES (41, 122);
INSERT INTO recipe_cook(recipe_id, cook_id) VALUES (41, 137);
INSERT INTO recipe_cook(recipe_id, cook_id) VALUES (41, 170);
INSERT INTO recipe_cook(recipe_id, cook_id) VALUES (41, 38);
INSERT INTO recipe_cook(recipe_id, cook_id) VALUES (41, 148);
INSERT INTO recipe_cook(recipe_id, cook_id) VALUES (41, 166);
INSERT INTO recipe_cook(recipe_id, cook_id) VALUES (41, 126);
INSERT INTO recipe_cook(recipe_id, cook_id) VALUES (41, 145);
INSERT INTO recipe_cook(recipe_id, cook_id) VALUES (41, 25);
INSERT INTO recipe_cook(recipe_id, cook_id) VALUES (41, 155);
INSERT INTO recipe_cook(recipe_id, cook_id) VALUES (41, 18);
INSERT INTO recipe_themes(recipe_id, theme_id) VALUES (41, 19);
INSERT INTO recipe_tip(recipe_id, tip_id) VALUES (41, 9);
INSERT INTO recipe_tip(recipe_id, tip_id) VALUES (41, 8);

INSERT INTO recipe(baking, cuisine_id, difficulty, recipe_title, recipe_description, prep_time, cook_time, portions, fat_portion, protein_portion, carbs_portion, picture_uri, picture_description) VALUES(0, 40, 1,'French Onion Soup', 'Single book why particularly can. After reveal sort bed relate treatment short. As any decision movement world study how. Face claim hear including need. Vote already after wait bill.', 25, 90, 5, 5, 35,45, 'https://picsum.photos/814/993', 'Executive agency place read.');
INSERT INTO recipe_meal_type(recipe_id, meal_type_id) VALUES (42, 4);
INSERT INTO recipe_tag(recipe_id, tag_id) VALUES (42, 78);
INSERT INTO recipe_tag(recipe_id, tag_id) VALUES (42, 41);
INSERT INTO recipe_tag(recipe_id, tag_id) VALUES (42, 34);
INSERT INTO recipe_tag(recipe_id, tag_id) VALUES (42, 68);
INSERT INTO recipe_tag(recipe_id, tag_id) VALUES (42, 74);
INSERT INTO recipe_tag(recipe_id, tag_id) VALUES (42, 80);
INSERT INTO recipe_tag(recipe_id, tag_id) VALUES (42, 46);
INSERT INTO recipe_equipment(recipe_id, equipment_id, num) VALUES (42, 20, 4);
INSERT INTO recipe_equipment(recipe_id, equipment_id, num) VALUES (42, 19, 2);
INSERT INTO recipe_equipment(recipe_id, equipment_id, num) VALUES (42, 16, 4);
INSERT INTO recipe_equipment(recipe_id, equipment_id, num) VALUES (42, 17, 3);
INSERT INTO recipe_cook(recipe_id, cook_id) VALUES (42, 162);
INSERT INTO recipe_cook(recipe_id, cook_id) VALUES (42, 128);
INSERT INTO recipe_cook(recipe_id, cook_id) VALUES (42, 127);
INSERT INTO recipe_cook(recipe_id, cook_id) VALUES (42, 47);
INSERT INTO recipe_cook(recipe_id, cook_id) VALUES (42, 157);
INSERT INTO recipe_cook(recipe_id, cook_id) VALUES (42, 60);
INSERT INTO recipe_cook(recipe_id, cook_id) VALUES (42, 182);
INSERT INTO recipe_cook(recipe_id, cook_id) VALUES (42, 75);
INSERT INTO recipe_cook(recipe_id, cook_id) VALUES (42, 50);
INSERT INTO recipe_cook(recipe_id, cook_id) VALUES (42, 1);
INSERT INTO recipe_cook(recipe_id, cook_id) VALUES (42, 31);
INSERT INTO recipe_cook(recipe_id, cook_id) VALUES (42, 7);
INSERT INTO recipe_cook(recipe_id, cook_id) VALUES (42, 120);
INSERT INTO recipe_cook(recipe_id, cook_id) VALUES (42, 161);
INSERT INTO recipe_cook(recipe_id, cook_id) VALUES (42, 190);
INSERT INTO recipe_cook(recipe_id, cook_id) VALUES (42, 54);
INSERT INTO recipe_cook(recipe_id, cook_id) VALUES (42, 158);
INSERT INTO recipe_cook(recipe_id, cook_id) VALUES (42, 107);
INSERT INTO recipe_cook(recipe_id, cook_id) VALUES (42, 106);
INSERT INTO recipe_cook(recipe_id, cook_id) VALUES (42, 12);
INSERT INTO recipe_cook(recipe_id, cook_id) VALUES (42, 86);
INSERT INTO recipe_cook(recipe_id, cook_id) VALUES (42, 90);
INSERT INTO recipe_cook(recipe_id, cook_id) VALUES (42, 144);
INSERT INTO recipe_cook(recipe_id, cook_id) VALUES (42, 164);
INSERT INTO recipe_cook(recipe_id, cook_id) VALUES (42, 55);
INSERT INTO recipe_cook(recipe_id, cook_id) VALUES (42, 3);
INSERT INTO recipe_cook(recipe_id, cook_id) VALUES (42, 177);
INSERT INTO recipe_cook(recipe_id, cook_id) VALUES (42, 52);
INSERT INTO recipe_cook(recipe_id, cook_id) VALUES (42, 73);
INSERT INTO recipe_cook(recipe_id, cook_id) VALUES (42, 66);
INSERT INTO recipe_cook(recipe_id, cook_id) VALUES (42, 18);
INSERT INTO recipe_cook(recipe_id, cook_id) VALUES (42, 79);
INSERT INTO recipe_cook(recipe_id, cook_id) VALUES (42, 77);
INSERT INTO recipe_cook(recipe_id, cook_id) VALUES (42, 130);
INSERT INTO recipe_cook(recipe_id, cook_id) VALUES (42, 141);
INSERT INTO recipe_cook(recipe_id, cook_id) VALUES (42, 83);
INSERT INTO recipe_cook(recipe_id, cook_id) VALUES (42, 2);
INSERT INTO recipe_cook(recipe_id, cook_id) VALUES (42, 30);
INSERT INTO recipe_cook(recipe_id, cook_id) VALUES (42, 180);
INSERT INTO recipe_cook(recipe_id, cook_id) VALUES (42, 88);
INSERT INTO recipe_cook(recipe_id, cook_id) VALUES (42, 102);
INSERT INTO recipe_cook(recipe_id, cook_id) VALUES (42, 146);
INSERT INTO recipe_cook(recipe_id, cook_id) VALUES (42, 184);
INSERT INTO recipe_cook(recipe_id, cook_id) VALUES (42, 8);
INSERT INTO recipe_cook(recipe_id, cook_id) VALUES (42, 45);
INSERT INTO recipe_cook(recipe_id, cook_id) VALUES (42, 192);
INSERT INTO recipe_cook(recipe_id, cook_id) VALUES (42, 85);
INSERT INTO recipe_cook(recipe_id, cook_id) VALUES (42, 87);
INSERT INTO recipe_cook(recipe_id, cook_id) VALUES (42, 123);
INSERT INTO recipe_cook(recipe_id, cook_id) VALUES (42, 122);
INSERT INTO recipe_cook(recipe_id, cook_id) VALUES (42, 10);
INSERT INTO recipe_cook(recipe_id, cook_id) VALUES (42, 35);
INSERT INTO recipe_cook(recipe_id, cook_id) VALUES (42, 124);
INSERT INTO recipe_cook(recipe_id, cook_id) VALUES (42, 40);
INSERT INTO recipe_cook(recipe_id, cook_id) VALUES (42, 118);
INSERT INTO recipe_cook(recipe_id, cook_id) VALUES (42, 138);
INSERT INTO recipe_cook(recipe_id, cook_id) VALUES (42, 200);
INSERT INTO recipe_cook(recipe_id, cook_id) VALUES (42, 119);
INSERT INTO recipe_cook(recipe_id, cook_id) VALUES (42, 194);
INSERT INTO recipe_cook(recipe_id, cook_id) VALUES (42, 15);
INSERT INTO recipe_cook(recipe_id, cook_id) VALUES (42, 134);
INSERT INTO recipe_cook(recipe_id, cook_id) VALUES (42, 168);
INSERT INTO recipe_cook(recipe_id, cook_id) VALUES (42, 81);
INSERT INTO recipe_cook(recipe_id, cook_id) VALUES (42, 5);
INSERT INTO recipe_cook(recipe_id, cook_id) VALUES (42, 185);
INSERT INTO recipe_cook(recipe_id, cook_id) VALUES (42, 154);
INSERT INTO recipe_cook(recipe_id, cook_id) VALUES (42, 91);
INSERT INTO recipe_cook(recipe_id, cook_id) VALUES (42, 17);
INSERT INTO recipe_cook(recipe_id, cook_id) VALUES (42, 39);
INSERT INTO recipe_cook(recipe_id, cook_id) VALUES (42, 72);
INSERT INTO recipe_cook(recipe_id, cook_id) VALUES (42, 196);
INSERT INTO recipe_cook(recipe_id, cook_id) VALUES (42, 153);
INSERT INTO recipe_cook(recipe_id, cook_id) VALUES (42, 97);
INSERT INTO recipe_cook(recipe_id, cook_id) VALUES (42, 145);
INSERT INTO recipe_cook(recipe_id, cook_id) VALUES (42, 69);
INSERT INTO recipe_cook(recipe_id, cook_id) VALUES (42, 108);
INSERT INTO recipe_cook(recipe_id, cook_id) VALUES (42, 22);
INSERT INTO recipe_cook(recipe_id, cook_id) VALUES (42, 74);
INSERT INTO recipe_cook(recipe_id, cook_id) VALUES (42, 78);
INSERT INTO recipe_cook(recipe_id, cook_id) VALUES (42, 155);
INSERT INTO recipe_cook(recipe_id, cook_id) VALUES (42, 24);
INSERT INTO recipe_cook(recipe_id, cook_id) VALUES (42, 139);
INSERT INTO recipe_cook(recipe_id, cook_id) VALUES (42, 166);
INSERT INTO recipe_cook(recipe_id, cook_id) VALUES (42, 111);
INSERT INTO recipe_cook(recipe_id, cook_id) VALUES (42, 101);
INSERT INTO recipe_cook(recipe_id, cook_id) VALUES (42, 199);
INSERT INTO recipe_cook(recipe_id, cook_id) VALUES (42, 147);
INSERT INTO recipe_cook(recipe_id, cook_id) VALUES (42, 140);
INSERT INTO recipe_cook(recipe_id, cook_id) VALUES (42, 110);
INSERT INTO recipe_cook(recipe_id, cook_id) VALUES (42, 41);
INSERT INTO recipe_cook(recipe_id, cook_id) VALUES (42, 113);
INSERT INTO recipe_cook(recipe_id, cook_id) VALUES (42, 137);
INSERT INTO recipe_cook(recipe_id, cook_id) VALUES (42, 149);
INSERT INTO recipe_cook(recipe_id, cook_id) VALUES (42, 53);
INSERT INTO recipe_cook(recipe_id, cook_id) VALUES (42, 181);
INSERT INTO recipe_cook(recipe_id, cook_id) VALUES (42, 64);
INSERT INTO recipe_cook(recipe_id, cook_id) VALUES (42, 186);
INSERT INTO recipe_cook(recipe_id, cook_id) VALUES (42, 48);
INSERT INTO recipe_cook(recipe_id, cook_id) VALUES (42, 58);
INSERT INTO recipe_cook(recipe_id, cook_id) VALUES (42, 132);
INSERT INTO recipe_cook(recipe_id, cook_id) VALUES (42, 28);
INSERT INTO recipe_cook(recipe_id, cook_id) VALUES (42, 68);
INSERT INTO recipe_cook(recipe_id, cook_id) VALUES (42, 116);
INSERT INTO recipe_cook(recipe_id, cook_id) VALUES (42, 23);
INSERT INTO recipe_cook(recipe_id, cook_id) VALUES (42, 159);
INSERT INTO recipe_cook(recipe_id, cook_id) VALUES (42, 103);
INSERT INTO recipe_cook(recipe_id, cook_id) VALUES (42, 109);
INSERT INTO recipe_cook(recipe_id, cook_id) VALUES (42, 26);
INSERT INTO recipe_cook(recipe_id, cook_id) VALUES (42, 142);
INSERT INTO recipe_cook(recipe_id, cook_id) VALUES (42, 57);
INSERT INTO recipe_cook(recipe_id, cook_id) VALUES (42, 65);
INSERT INTO recipe_cook(recipe_id, cook_id) VALUES (42, 4);
INSERT INTO recipe_cook(recipe_id, cook_id) VALUES (42, 62);
INSERT INTO recipe_cook(recipe_id, cook_id) VALUES (42, 179);
INSERT INTO recipe_cook(recipe_id, cook_id) VALUES (42, 20);
INSERT INTO recipe_cook(recipe_id, cook_id) VALUES (42, 25);
INSERT INTO recipe_cook(recipe_id, cook_id) VALUES (42, 44);
INSERT INTO recipe_cook(recipe_id, cook_id) VALUES (42, 187);
INSERT INTO recipe_cook(recipe_id, cook_id) VALUES (42, 99);
INSERT INTO recipe_cook(recipe_id, cook_id) VALUES (42, 114);
INSERT INTO recipe_cook(recipe_id, cook_id) VALUES (42, 42);
INSERT INTO recipe_cook(recipe_id, cook_id) VALUES (42, 19);
INSERT INTO recipe_cook(recipe_id, cook_id) VALUES (42, 13);
INSERT INTO recipe_cook(recipe_id, cook_id) VALUES (42, 67);
INSERT INTO recipe_cook(recipe_id, cook_id) VALUES (42, 133);
INSERT INTO recipe_cook(recipe_id, cook_id) VALUES (42, 27);
INSERT INTO recipe_cook(recipe_id, cook_id) VALUES (42, 94);
INSERT INTO recipe_cook(recipe_id, cook_id) VALUES (42, 59);
INSERT INTO recipe_cook(recipe_id, cook_id) VALUES (42, 121);
INSERT INTO recipe_cook(recipe_id, cook_id) VALUES (42, 143);
INSERT INTO recipe_cook(recipe_id, cook_id) VALUES (42, 96);
INSERT INTO recipe_cook(recipe_id, cook_id) VALUES (42, 191);
INSERT INTO recipe_cook(recipe_id, cook_id) VALUES (42, 198);
INSERT INTO recipe_cook(recipe_id, cook_id) VALUES (42, 6);
INSERT INTO recipe_cook(recipe_id, cook_id) VALUES (42, 92);
INSERT INTO recipe_cook(recipe_id, cook_id) VALUES (42, 43);
INSERT INTO recipe_cook(recipe_id, cook_id) VALUES (42, 195);
INSERT INTO recipe_cook(recipe_id, cook_id) VALUES (42, 112);
INSERT INTO recipe_cook(recipe_id, cook_id) VALUES (42, 175);
INSERT INTO recipe_cook(recipe_id, cook_id) VALUES (42, 189);
INSERT INTO recipe_cook(recipe_id, cook_id) VALUES (42, 34);
INSERT INTO recipe_cook(recipe_id, cook_id) VALUES (42, 131);
INSERT INTO recipe_cook(recipe_id, cook_id) VALUES (42, 129);
INSERT INTO recipe_cook(recipe_id, cook_id) VALUES (42, 95);
INSERT INTO recipe_cook(recipe_id, cook_id) VALUES (42, 178);
INSERT INTO recipe_cook(recipe_id, cook_id) VALUES (42, 174);
INSERT INTO recipe_cook(recipe_id, cook_id) VALUES (42, 37);
INSERT INTO recipe_cook(recipe_id, cook_id) VALUES (42, 49);
INSERT INTO recipe_cook(recipe_id, cook_id) VALUES (42, 56);
INSERT INTO recipe_cook(recipe_id, cook_id) VALUES (42, 117);
INSERT INTO recipe_cook(recipe_id, cook_id) VALUES (42, 14);
INSERT INTO recipe_cook(recipe_id, cook_id) VALUES (42, 21);
INSERT INTO recipe_cook(recipe_id, cook_id) VALUES (42, 151);
INSERT INTO recipe_cook(recipe_id, cook_id) VALUES (42, 63);
INSERT INTO recipe_cook(recipe_id, cook_id) VALUES (42, 169);
INSERT INTO recipe_cook(recipe_id, cook_id) VALUES (42, 170);
INSERT INTO recipe_cook(recipe_id, cook_id) VALUES (42, 125);
INSERT INTO recipe_cook(recipe_id, cook_id) VALUES (42, 183);
INSERT INTO recipe_cook(recipe_id, cook_id) VALUES (42, 29);
INSERT INTO recipe_cook(recipe_id, cook_id) VALUES (42, 167);
INSERT INTO recipe_cook(recipe_id, cook_id) VALUES (42, 156);
INSERT INTO recipe_cook(recipe_id, cook_id) VALUES (42, 150);
INSERT INTO recipe_cook(recipe_id, cook_id) VALUES (42, 11);
INSERT INTO recipe_cook(recipe_id, cook_id) VALUES (42, 82);
INSERT INTO recipe_cook(recipe_id, cook_id) VALUES (42, 51);
INSERT INTO recipe_cook(recipe_id, cook_id) VALUES (42, 126);
INSERT INTO recipe_cook(recipe_id, cook_id) VALUES (42, 33);
INSERT INTO recipe_cook(recipe_id, cook_id) VALUES (42, 61);
INSERT INTO recipe_cook(recipe_id, cook_id) VALUES (42, 172);
INSERT INTO recipe_cook(recipe_id, cook_id) VALUES (42, 136);
INSERT INTO recipe_cook(recipe_id, cook_id) VALUES (42, 171);
INSERT INTO recipe_cook(recipe_id, cook_id) VALUES (42, 104);
INSERT INTO recipe_cook(recipe_id, cook_id) VALUES (42, 38);
INSERT INTO recipe_cook(recipe_id, cook_id) VALUES (42, 9);
INSERT INTO recipe_cook(recipe_id, cook_id) VALUES (42, 152);
INSERT INTO recipe_cook(recipe_id, cook_id) VALUES (42, 115);
INSERT INTO recipe_cook(recipe_id, cook_id) VALUES (42, 98);
INSERT INTO recipe_cook(recipe_id, cook_id) VALUES (42, 46);
INSERT INTO recipe_cook(recipe_id, cook_id) VALUES (42, 36);
INSERT INTO recipe_cook(recipe_id, cook_id) VALUES (42, 71);
INSERT INTO recipe_cook(recipe_id, cook_id) VALUES (42, 165);
INSERT INTO recipe_cook(recipe_id, cook_id) VALUES (42, 188);
INSERT INTO recipe_cook(recipe_id, cook_id) VALUES (42, 100);
INSERT INTO recipe_cook(recipe_id, cook_id) VALUES (42, 70);
INSERT INTO recipe_cook(recipe_id, cook_id) VALUES (42, 176);
INSERT INTO recipe_cook(recipe_id, cook_id) VALUES (42, 173);
INSERT INTO recipe_cook(recipe_id, cook_id) VALUES (42, 84);
INSERT INTO recipe_themes(recipe_id, theme_id) VALUES (42, 4);
INSERT INTO recipe_themes(recipe_id, theme_id) VALUES (42, 7);
INSERT INTO recipe_tip(recipe_id, tip_id) VALUES (42, 4);
INSERT INTO recipe_tip(recipe_id, tip_id) VALUES (42, 6);

INSERT INTO recipe(baking, cuisine_id, difficulty, recipe_title, recipe_description, prep_time, cook_time, portions, fat_portion, protein_portion, carbs_portion, picture_uri, picture_description) VALUES(1, 22, 2,'Shrimp Scampi', 'Spend help husband stand. Technology baby mean region run. Address store painting.', 125, 120, 5, 5, 60,70, 'https://placekitten.com/310/195', 'Society create paper fine food mention age ever.');
INSERT INTO recipe_meal_type(recipe_id, meal_type_id) VALUES (43, 4);
INSERT INTO recipe_tag(recipe_id, tag_id) VALUES (43, 12);
INSERT INTO recipe_tag(recipe_id, tag_id) VALUES (43, 90);
INSERT INTO recipe_tag(recipe_id, tag_id) VALUES (43, 60);
INSERT INTO recipe_equipment(recipe_id, equipment_id, num) VALUES (43, 15, 4);
INSERT INTO recipe_equipment(recipe_id, equipment_id, num) VALUES (43, 10, 3);
INSERT INTO recipe_equipment(recipe_id, equipment_id, num) VALUES (43, 20, 4);
INSERT INTO recipe_cook(recipe_id, cook_id) VALUES (43, 60);
INSERT INTO recipe_cook(recipe_id, cook_id) VALUES (43, 58);
INSERT INTO recipe_cook(recipe_id, cook_id) VALUES (43, 37);
INSERT INTO recipe_cook(recipe_id, cook_id) VALUES (43, 158);
INSERT INTO recipe_cook(recipe_id, cook_id) VALUES (43, 67);
INSERT INTO recipe_cook(recipe_id, cook_id) VALUES (43, 94);
INSERT INTO recipe_cook(recipe_id, cook_id) VALUES (43, 101);
INSERT INTO recipe_cook(recipe_id, cook_id) VALUES (43, 47);
INSERT INTO recipe_cook(recipe_id, cook_id) VALUES (43, 180);
INSERT INTO recipe_cook(recipe_id, cook_id) VALUES (43, 171);
INSERT INTO recipe_cook(recipe_id, cook_id) VALUES (43, 85);
INSERT INTO recipe_cook(recipe_id, cook_id) VALUES (43, 84);
INSERT INTO recipe_cook(recipe_id, cook_id) VALUES (43, 117);
INSERT INTO recipe_cook(recipe_id, cook_id) VALUES (43, 125);
INSERT INTO recipe_cook(recipe_id, cook_id) VALUES (43, 8);
INSERT INTO recipe_cook(recipe_id, cook_id) VALUES (43, 17);
INSERT INTO recipe_cook(recipe_id, cook_id) VALUES (43, 122);
INSERT INTO recipe_cook(recipe_id, cook_id) VALUES (43, 29);
INSERT INTO recipe_cook(recipe_id, cook_id) VALUES (43, 90);
INSERT INTO recipe_cook(recipe_id, cook_id) VALUES (43, 123);
INSERT INTO recipe_cook(recipe_id, cook_id) VALUES (43, 119);
INSERT INTO recipe_cook(recipe_id, cook_id) VALUES (43, 44);
INSERT INTO recipe_cook(recipe_id, cook_id) VALUES (43, 73);
INSERT INTO recipe_cook(recipe_id, cook_id) VALUES (43, 182);
INSERT INTO recipe_cook(recipe_id, cook_id) VALUES (43, 155);
INSERT INTO recipe_cook(recipe_id, cook_id) VALUES (43, 148);
INSERT INTO recipe_cook(recipe_id, cook_id) VALUES (43, 33);
INSERT INTO recipe_cook(recipe_id, cook_id) VALUES (43, 131);
INSERT INTO recipe_cook(recipe_id, cook_id) VALUES (43, 27);
INSERT INTO recipe_cook(recipe_id, cook_id) VALUES (43, 104);
INSERT INTO recipe_cook(recipe_id, cook_id) VALUES (43, 28);
INSERT INTO recipe_cook(recipe_id, cook_id) VALUES (43, 189);
INSERT INTO recipe_cook(recipe_id, cook_id) VALUES (43, 143);
INSERT INTO recipe_cook(recipe_id, cook_id) VALUES (43, 167);
INSERT INTO recipe_cook(recipe_id, cook_id) VALUES (43, 19);
INSERT INTO recipe_cook(recipe_id, cook_id) VALUES (43, 78);
INSERT INTO recipe_cook(recipe_id, cook_id) VALUES (43, 137);
INSERT INTO recipe_cook(recipe_id, cook_id) VALUES (43, 192);
INSERT INTO recipe_cook(recipe_id, cook_id) VALUES (43, 103);
INSERT INTO recipe_cook(recipe_id, cook_id) VALUES (43, 152);
INSERT INTO recipe_cook(recipe_id, cook_id) VALUES (43, 106);
INSERT INTO recipe_cook(recipe_id, cook_id) VALUES (43, 62);
INSERT INTO recipe_cook(recipe_id, cook_id) VALUES (43, 63);
INSERT INTO recipe_cook(recipe_id, cook_id) VALUES (43, 141);
INSERT INTO recipe_cook(recipe_id, cook_id) VALUES (43, 41);
INSERT INTO recipe_cook(recipe_id, cook_id) VALUES (43, 124);
INSERT INTO recipe_cook(recipe_id, cook_id) VALUES (43, 99);
INSERT INTO recipe_cook(recipe_id, cook_id) VALUES (43, 185);
INSERT INTO recipe_cook(recipe_id, cook_id) VALUES (43, 88);
INSERT INTO recipe_cook(recipe_id, cook_id) VALUES (43, 54);
INSERT INTO recipe_cook(recipe_id, cook_id) VALUES (43, 111);
INSERT INTO recipe_cook(recipe_id, cook_id) VALUES (43, 112);
INSERT INTO recipe_cook(recipe_id, cook_id) VALUES (43, 146);
INSERT INTO recipe_cook(recipe_id, cook_id) VALUES (43, 161);
INSERT INTO recipe_cook(recipe_id, cook_id) VALUES (43, 140);
INSERT INTO recipe_cook(recipe_id, cook_id) VALUES (43, 61);
INSERT INTO recipe_cook(recipe_id, cook_id) VALUES (43, 45);
INSERT INTO recipe_cook(recipe_id, cook_id) VALUES (43, 20);
INSERT INTO recipe_cook(recipe_id, cook_id) VALUES (43, 187);
INSERT INTO recipe_cook(recipe_id, cook_id) VALUES (43, 30);
INSERT INTO recipe_cook(recipe_id, cook_id) VALUES (43, 163);
INSERT INTO recipe_cook(recipe_id, cook_id) VALUES (43, 169);
INSERT INTO recipe_cook(recipe_id, cook_id) VALUES (43, 25);
INSERT INTO recipe_cook(recipe_id, cook_id) VALUES (43, 114);
INSERT INTO recipe_cook(recipe_id, cook_id) VALUES (43, 46);
INSERT INTO recipe_cook(recipe_id, cook_id) VALUES (43, 79);
INSERT INTO recipe_cook(recipe_id, cook_id) VALUES (43, 191);
INSERT INTO recipe_cook(recipe_id, cook_id) VALUES (43, 18);
INSERT INTO recipe_cook(recipe_id, cook_id) VALUES (43, 170);
INSERT INTO recipe_cook(recipe_id, cook_id) VALUES (43, 98);
INSERT INTO recipe_cook(recipe_id, cook_id) VALUES (43, 139);
INSERT INTO recipe_cook(recipe_id, cook_id) VALUES (43, 127);
INSERT INTO recipe_cook(recipe_id, cook_id) VALUES (43, 16);
INSERT INTO recipe_cook(recipe_id, cook_id) VALUES (43, 12);
INSERT INTO recipe_cook(recipe_id, cook_id) VALUES (43, 132);
INSERT INTO recipe_cook(recipe_id, cook_id) VALUES (43, 105);
INSERT INTO recipe_cook(recipe_id, cook_id) VALUES (43, 133);
INSERT INTO recipe_cook(recipe_id, cook_id) VALUES (43, 164);
INSERT INTO recipe_cook(recipe_id, cook_id) VALUES (43, 75);
INSERT INTO recipe_cook(recipe_id, cook_id) VALUES (43, 116);
INSERT INTO recipe_cook(recipe_id, cook_id) VALUES (43, 97);
INSERT INTO recipe_cook(recipe_id, cook_id) VALUES (43, 82);
INSERT INTO recipe_cook(recipe_id, cook_id) VALUES (43, 134);
INSERT INTO recipe_cook(recipe_id, cook_id) VALUES (43, 1);
INSERT INTO recipe_cook(recipe_id, cook_id) VALUES (43, 120);
INSERT INTO recipe_cook(recipe_id, cook_id) VALUES (43, 166);
INSERT INTO recipe_cook(recipe_id, cook_id) VALUES (43, 190);
INSERT INTO recipe_cook(recipe_id, cook_id) VALUES (43, 168);
INSERT INTO recipe_cook(recipe_id, cook_id) VALUES (43, 199);
INSERT INTO recipe_cook(recipe_id, cook_id) VALUES (43, 69);
INSERT INTO recipe_cook(recipe_id, cook_id) VALUES (43, 38);
INSERT INTO recipe_cook(recipe_id, cook_id) VALUES (43, 50);
INSERT INTO recipe_cook(recipe_id, cook_id) VALUES (43, 135);
INSERT INTO recipe_cook(recipe_id, cook_id) VALUES (43, 74);
INSERT INTO recipe_cook(recipe_id, cook_id) VALUES (43, 149);
INSERT INTO recipe_cook(recipe_id, cook_id) VALUES (43, 26);
INSERT INTO recipe_cook(recipe_id, cook_id) VALUES (43, 172);
INSERT INTO recipe_cook(recipe_id, cook_id) VALUES (43, 147);
INSERT INTO recipe_cook(recipe_id, cook_id) VALUES (43, 156);
INSERT INTO recipe_cook(recipe_id, cook_id) VALUES (43, 39);
INSERT INTO recipe_cook(recipe_id, cook_id) VALUES (43, 178);
INSERT INTO recipe_cook(recipe_id, cook_id) VALUES (43, 87);
INSERT INTO recipe_cook(recipe_id, cook_id) VALUES (43, 194);
INSERT INTO recipe_cook(recipe_id, cook_id) VALUES (43, 56);
INSERT INTO recipe_cook(recipe_id, cook_id) VALUES (43, 92);
INSERT INTO recipe_cook(recipe_id, cook_id) VALUES (43, 144);
INSERT INTO recipe_cook(recipe_id, cook_id) VALUES (43, 129);
INSERT INTO recipe_cook(recipe_id, cook_id) VALUES (43, 184);
INSERT INTO recipe_cook(recipe_id, cook_id) VALUES (43, 2);
INSERT INTO recipe_cook(recipe_id, cook_id) VALUES (43, 108);
INSERT INTO recipe_cook(recipe_id, cook_id) VALUES (43, 66);
INSERT INTO recipe_cook(recipe_id, cook_id) VALUES (43, 52);
INSERT INTO recipe_cook(recipe_id, cook_id) VALUES (43, 153);
INSERT INTO recipe_cook(recipe_id, cook_id) VALUES (43, 110);
INSERT INTO recipe_cook(recipe_id, cook_id) VALUES (43, 186);
INSERT INTO recipe_cook(recipe_id, cook_id) VALUES (43, 48);
INSERT INTO recipe_cook(recipe_id, cook_id) VALUES (43, 71);
INSERT INTO recipe_cook(recipe_id, cook_id) VALUES (43, 7);
INSERT INTO recipe_cook(recipe_id, cook_id) VALUES (43, 188);
INSERT INTO recipe_cook(recipe_id, cook_id) VALUES (43, 72);
INSERT INTO recipe_cook(recipe_id, cook_id) VALUES (43, 136);
INSERT INTO recipe_themes(recipe_id, theme_id) VALUES (43, 19);
INSERT INTO recipe_tip(recipe_id, tip_id) VALUES (43, 16);

INSERT INTO recipe(baking, cuisine_id, difficulty, recipe_title, recipe_description, prep_time, cook_time, portions, fat_portion, protein_portion, carbs_portion, picture_uri, picture_description) VALUES(1, 25, 4,'Butternut Squash Soup', 'Wide office heavy involve develop. Night low traditional mouth each admit.', 95, 30, 2, 35, 10,30, 'https://dummyimage.com/1017x806', 'Research laugh official agent side language live.');
INSERT INTO recipe_meal_type(recipe_id, meal_type_id) VALUES (44, 1);
INSERT INTO recipe_tag(recipe_id, tag_id) VALUES (44, 47);
INSERT INTO recipe_tag(recipe_id, tag_id) VALUES (44, 54);
INSERT INTO recipe_tag(recipe_id, tag_id) VALUES (44, 20);
INSERT INTO recipe_tag(recipe_id, tag_id) VALUES (44, 37);
INSERT INTO recipe_tag(recipe_id, tag_id) VALUES (44, 86);
INSERT INTO recipe_tag(recipe_id, tag_id) VALUES (44, 17);
INSERT INTO recipe_tag(recipe_id, tag_id) VALUES (44, 18);
INSERT INTO recipe_equipment(recipe_id, equipment_id, num) VALUES (44, 3, 1);
INSERT INTO recipe_equipment(recipe_id, equipment_id, num) VALUES (44, 1, 4);
INSERT INTO recipe_equipment(recipe_id, equipment_id, num) VALUES (44, 5, 3);
INSERT INTO recipe_cook(recipe_id, cook_id) VALUES (44, 125);
INSERT INTO recipe_cook(recipe_id, cook_id) VALUES (44, 169);
INSERT INTO recipe_cook(recipe_id, cook_id) VALUES (44, 112);
INSERT INTO recipe_cook(recipe_id, cook_id) VALUES (44, 35);
INSERT INTO recipe_cook(recipe_id, cook_id) VALUES (44, 22);
INSERT INTO recipe_cook(recipe_id, cook_id) VALUES (44, 36);
INSERT INTO recipe_cook(recipe_id, cook_id) VALUES (44, 165);
INSERT INTO recipe_cook(recipe_id, cook_id) VALUES (44, 107);
INSERT INTO recipe_cook(recipe_id, cook_id) VALUES (44, 117);
INSERT INTO recipe_cook(recipe_id, cook_id) VALUES (44, 179);
INSERT INTO recipe_cook(recipe_id, cook_id) VALUES (44, 155);
INSERT INTO recipe_cook(recipe_id, cook_id) VALUES (44, 109);
INSERT INTO recipe_cook(recipe_id, cook_id) VALUES (44, 160);
INSERT INTO recipe_cook(recipe_id, cook_id) VALUES (44, 47);
INSERT INTO recipe_cook(recipe_id, cook_id) VALUES (44, 192);
INSERT INTO recipe_cook(recipe_id, cook_id) VALUES (44, 131);
INSERT INTO recipe_cook(recipe_id, cook_id) VALUES (44, 189);
INSERT INTO recipe_cook(recipe_id, cook_id) VALUES (44, 142);
INSERT INTO recipe_cook(recipe_id, cook_id) VALUES (44, 116);
INSERT INTO recipe_cook(recipe_id, cook_id) VALUES (44, 99);
INSERT INTO recipe_cook(recipe_id, cook_id) VALUES (44, 91);
INSERT INTO recipe_cook(recipe_id, cook_id) VALUES (44, 58);
INSERT INTO recipe_cook(recipe_id, cook_id) VALUES (44, 48);
INSERT INTO recipe_cook(recipe_id, cook_id) VALUES (44, 184);
INSERT INTO recipe_cook(recipe_id, cook_id) VALUES (44, 190);
INSERT INTO recipe_cook(recipe_id, cook_id) VALUES (44, 2);
INSERT INTO recipe_cook(recipe_id, cook_id) VALUES (44, 148);
INSERT INTO recipe_cook(recipe_id, cook_id) VALUES (44, 128);
INSERT INTO recipe_cook(recipe_id, cook_id) VALUES (44, 61);
INSERT INTO recipe_cook(recipe_id, cook_id) VALUES (44, 129);
INSERT INTO recipe_cook(recipe_id, cook_id) VALUES (44, 69);
INSERT INTO recipe_cook(recipe_id, cook_id) VALUES (44, 106);
INSERT INTO recipe_cook(recipe_id, cook_id) VALUES (44, 140);
INSERT INTO recipe_cook(recipe_id, cook_id) VALUES (44, 174);
INSERT INTO recipe_cook(recipe_id, cook_id) VALUES (44, 94);
INSERT INTO recipe_cook(recipe_id, cook_id) VALUES (44, 9);
INSERT INTO recipe_cook(recipe_id, cook_id) VALUES (44, 10);
INSERT INTO recipe_cook(recipe_id, cook_id) VALUES (44, 146);
INSERT INTO recipe_cook(recipe_id, cook_id) VALUES (44, 124);
INSERT INTO recipe_cook(recipe_id, cook_id) VALUES (44, 95);
INSERT INTO recipe_cook(recipe_id, cook_id) VALUES (44, 29);
INSERT INTO recipe_cook(recipe_id, cook_id) VALUES (44, 149);
INSERT INTO recipe_cook(recipe_id, cook_id) VALUES (44, 162);
INSERT INTO recipe_cook(recipe_id, cook_id) VALUES (44, 21);
INSERT INTO recipe_cook(recipe_id, cook_id) VALUES (44, 37);
INSERT INTO recipe_cook(recipe_id, cook_id) VALUES (44, 135);
INSERT INTO recipe_cook(recipe_id, cook_id) VALUES (44, 72);
INSERT INTO recipe_cook(recipe_id, cook_id) VALUES (44, 120);
INSERT INTO recipe_cook(recipe_id, cook_id) VALUES (44, 133);
INSERT INTO recipe_cook(recipe_id, cook_id) VALUES (44, 157);
INSERT INTO recipe_cook(recipe_id, cook_id) VALUES (44, 134);
INSERT INTO recipe_cook(recipe_id, cook_id) VALUES (44, 23);
INSERT INTO recipe_cook(recipe_id, cook_id) VALUES (44, 63);
INSERT INTO recipe_cook(recipe_id, cook_id) VALUES (44, 121);
INSERT INTO recipe_cook(recipe_id, cook_id) VALUES (44, 20);
INSERT INTO recipe_cook(recipe_id, cook_id) VALUES (44, 139);
INSERT INTO recipe_cook(recipe_id, cook_id) VALUES (44, 80);
INSERT INTO recipe_cook(recipe_id, cook_id) VALUES (44, 14);
INSERT INTO recipe_cook(recipe_id, cook_id) VALUES (44, 88);
INSERT INTO recipe_cook(recipe_id, cook_id) VALUES (44, 137);
INSERT INTO recipe_cook(recipe_id, cook_id) VALUES (44, 3);
INSERT INTO recipe_cook(recipe_id, cook_id) VALUES (44, 147);
INSERT INTO recipe_cook(recipe_id, cook_id) VALUES (44, 186);
INSERT INTO recipe_cook(recipe_id, cook_id) VALUES (44, 132);
INSERT INTO recipe_cook(recipe_id, cook_id) VALUES (44, 145);
INSERT INTO recipe_cook(recipe_id, cook_id) VALUES (44, 85);
INSERT INTO recipe_cook(recipe_id, cook_id) VALUES (44, 108);
INSERT INTO recipe_cook(recipe_id, cook_id) VALUES (44, 180);
INSERT INTO recipe_cook(recipe_id, cook_id) VALUES (44, 76);
INSERT INTO recipe_cook(recipe_id, cook_id) VALUES (44, 75);
INSERT INTO recipe_cook(recipe_id, cook_id) VALUES (44, 43);
INSERT INTO recipe_cook(recipe_id, cook_id) VALUES (44, 164);
INSERT INTO recipe_cook(recipe_id, cook_id) VALUES (44, 78);
INSERT INTO recipe_cook(recipe_id, cook_id) VALUES (44, 166);
INSERT INTO recipe_cook(recipe_id, cook_id) VALUES (44, 101);
INSERT INTO recipe_cook(recipe_id, cook_id) VALUES (44, 73);
INSERT INTO recipe_cook(recipe_id, cook_id) VALUES (44, 34);
INSERT INTO recipe_cook(recipe_id, cook_id) VALUES (44, 8);
INSERT INTO recipe_cook(recipe_id, cook_id) VALUES (44, 81);
INSERT INTO recipe_cook(recipe_id, cook_id) VALUES (44, 172);
INSERT INTO recipe_cook(recipe_id, cook_id) VALUES (44, 185);
INSERT INTO recipe_cook(recipe_id, cook_id) VALUES (44, 196);
INSERT INTO recipe_cook(recipe_id, cook_id) VALUES (44, 74);
INSERT INTO recipe_cook(recipe_id, cook_id) VALUES (44, 7);
INSERT INTO recipe_cook(recipe_id, cook_id) VALUES (44, 176);
INSERT INTO recipe_cook(recipe_id, cook_id) VALUES (44, 38);
INSERT INTO recipe_cook(recipe_id, cook_id) VALUES (44, 104);
INSERT INTO recipe_cook(recipe_id, cook_id) VALUES (44, 161);
INSERT INTO recipe_cook(recipe_id, cook_id) VALUES (44, 144);
INSERT INTO recipe_cook(recipe_id, cook_id) VALUES (44, 4);
INSERT INTO recipe_cook(recipe_id, cook_id) VALUES (44, 156);
INSERT INTO recipe_cook(recipe_id, cook_id) VALUES (44, 167);
INSERT INTO recipe_cook(recipe_id, cook_id) VALUES (44, 11);
INSERT INTO recipe_cook(recipe_id, cook_id) VALUES (44, 17);
INSERT INTO recipe_cook(recipe_id, cook_id) VALUES (44, 65);
INSERT INTO recipe_cook(recipe_id, cook_id) VALUES (44, 171);
INSERT INTO recipe_cook(recipe_id, cook_id) VALUES (44, 126);
INSERT INTO recipe_cook(recipe_id, cook_id) VALUES (44, 195);
INSERT INTO recipe_cook(recipe_id, cook_id) VALUES (44, 33);
INSERT INTO recipe_cook(recipe_id, cook_id) VALUES (44, 193);
INSERT INTO recipe_cook(recipe_id, cook_id) VALUES (44, 79);
INSERT INTO recipe_cook(recipe_id, cook_id) VALUES (44, 103);
INSERT INTO recipe_cook(recipe_id, cook_id) VALUES (44, 181);
INSERT INTO recipe_cook(recipe_id, cook_id) VALUES (44, 102);
INSERT INTO recipe_cook(recipe_id, cook_id) VALUES (44, 175);
INSERT INTO recipe_cook(recipe_id, cook_id) VALUES (44, 113);
INSERT INTO recipe_cook(recipe_id, cook_id) VALUES (44, 15);
INSERT INTO recipe_cook(recipe_id, cook_id) VALUES (44, 173);
INSERT INTO recipe_cook(recipe_id, cook_id) VALUES (44, 159);
INSERT INTO recipe_cook(recipe_id, cook_id) VALUES (44, 141);
INSERT INTO recipe_cook(recipe_id, cook_id) VALUES (44, 163);
INSERT INTO recipe_cook(recipe_id, cook_id) VALUES (44, 182);
INSERT INTO recipe_cook(recipe_id, cook_id) VALUES (44, 191);
INSERT INTO recipe_cook(recipe_id, cook_id) VALUES (44, 178);
INSERT INTO recipe_cook(recipe_id, cook_id) VALUES (44, 92);
INSERT INTO recipe_cook(recipe_id, cook_id) VALUES (44, 158);
INSERT INTO recipe_cook(recipe_id, cook_id) VALUES (44, 31);
INSERT INTO recipe_cook(recipe_id, cook_id) VALUES (44, 177);
INSERT INTO recipe_cook(recipe_id, cook_id) VALUES (44, 24);
INSERT INTO recipe_cook(recipe_id, cook_id) VALUES (44, 68);
INSERT INTO recipe_cook(recipe_id, cook_id) VALUES (44, 5);
INSERT INTO recipe_cook(recipe_id, cook_id) VALUES (44, 44);
INSERT INTO recipe_cook(recipe_id, cook_id) VALUES (44, 150);
INSERT INTO recipe_cook(recipe_id, cook_id) VALUES (44, 19);
INSERT INTO recipe_cook(recipe_id, cook_id) VALUES (44, 90);
INSERT INTO recipe_cook(recipe_id, cook_id) VALUES (44, 64);
INSERT INTO recipe_cook(recipe_id, cook_id) VALUES (44, 53);
INSERT INTO recipe_cook(recipe_id, cook_id) VALUES (44, 50);
INSERT INTO recipe_cook(recipe_id, cook_id) VALUES (44, 84);
INSERT INTO recipe_cook(recipe_id, cook_id) VALUES (44, 57);
INSERT INTO recipe_cook(recipe_id, cook_id) VALUES (44, 119);
INSERT INTO recipe_cook(recipe_id, cook_id) VALUES (44, 27);
INSERT INTO recipe_cook(recipe_id, cook_id) VALUES (44, 45);
INSERT INTO recipe_cook(recipe_id, cook_id) VALUES (44, 138);
INSERT INTO recipe_cook(recipe_id, cook_id) VALUES (44, 89);
INSERT INTO recipe_cook(recipe_id, cook_id) VALUES (44, 127);
INSERT INTO recipe_cook(recipe_id, cook_id) VALUES (44, 67);
INSERT INTO recipe_cook(recipe_id, cook_id) VALUES (44, 93);
INSERT INTO recipe_cook(recipe_id, cook_id) VALUES (44, 30);
INSERT INTO recipe_cook(recipe_id, cook_id) VALUES (44, 26);
INSERT INTO recipe_cook(recipe_id, cook_id) VALUES (44, 154);
INSERT INTO recipe_cook(recipe_id, cook_id) VALUES (44, 152);
INSERT INTO recipe_cook(recipe_id, cook_id) VALUES (44, 60);
INSERT INTO recipe_cook(recipe_id, cook_id) VALUES (44, 87);
INSERT INTO recipe_cook(recipe_id, cook_id) VALUES (44, 49);
INSERT INTO recipe_cook(recipe_id, cook_id) VALUES (44, 197);
INSERT INTO recipe_cook(recipe_id, cook_id) VALUES (44, 199);
INSERT INTO recipe_cook(recipe_id, cook_id) VALUES (44, 25);
INSERT INTO recipe_cook(recipe_id, cook_id) VALUES (44, 100);
INSERT INTO recipe_cook(recipe_id, cook_id) VALUES (44, 46);
INSERT INTO recipe_cook(recipe_id, cook_id) VALUES (44, 118);
INSERT INTO recipe_cook(recipe_id, cook_id) VALUES (44, 183);
INSERT INTO recipe_cook(recipe_id, cook_id) VALUES (44, 114);
INSERT INTO recipe_cook(recipe_id, cook_id) VALUES (44, 105);
INSERT INTO recipe_cook(recipe_id, cook_id) VALUES (44, 66);
INSERT INTO recipe_cook(recipe_id, cook_id) VALUES (44, 28);
INSERT INTO recipe_cook(recipe_id, cook_id) VALUES (44, 1);
INSERT INTO recipe_cook(recipe_id, cook_id) VALUES (44, 77);
INSERT INTO recipe_cook(recipe_id, cook_id) VALUES (44, 188);
INSERT INTO recipe_cook(recipe_id, cook_id) VALUES (44, 200);
INSERT INTO recipe_cook(recipe_id, cook_id) VALUES (44, 151);
INSERT INTO recipe_cook(recipe_id, cook_id) VALUES (44, 51);
INSERT INTO recipe_cook(recipe_id, cook_id) VALUES (44, 168);
INSERT INTO recipe_cook(recipe_id, cook_id) VALUES (44, 153);
INSERT INTO recipe_cook(recipe_id, cook_id) VALUES (44, 55);
INSERT INTO recipe_cook(recipe_id, cook_id) VALUES (44, 86);
INSERT INTO recipe_cook(recipe_id, cook_id) VALUES (44, 122);
INSERT INTO recipe_cook(recipe_id, cook_id) VALUES (44, 18);
INSERT INTO recipe_cook(recipe_id, cook_id) VALUES (44, 70);
INSERT INTO recipe_cook(recipe_id, cook_id) VALUES (44, 194);
INSERT INTO recipe_cook(recipe_id, cook_id) VALUES (44, 56);
INSERT INTO recipe_cook(recipe_id, cook_id) VALUES (44, 136);
INSERT INTO recipe_cook(recipe_id, cook_id) VALUES (44, 111);
INSERT INTO recipe_cook(recipe_id, cook_id) VALUES (44, 62);
INSERT INTO recipe_cook(recipe_id, cook_id) VALUES (44, 40);
INSERT INTO recipe_cook(recipe_id, cook_id) VALUES (44, 130);
INSERT INTO recipe_cook(recipe_id, cook_id) VALUES (44, 13);
INSERT INTO recipe_cook(recipe_id, cook_id) VALUES (44, 54);
INSERT INTO recipe_cook(recipe_id, cook_id) VALUES (44, 32);
INSERT INTO recipe_cook(recipe_id, cook_id) VALUES (44, 123);
INSERT INTO recipe_cook(recipe_id, cook_id) VALUES (44, 41);
INSERT INTO recipe_cook(recipe_id, cook_id) VALUES (44, 110);
INSERT INTO recipe_cook(recipe_id, cook_id) VALUES (44, 71);
INSERT INTO recipe_cook(recipe_id, cook_id) VALUES (44, 83);
INSERT INTO recipe_cook(recipe_id, cook_id) VALUES (44, 6);
INSERT INTO recipe_themes(recipe_id, theme_id) VALUES (44, 36);
INSERT INTO recipe_themes(recipe_id, theme_id) VALUES (44, 1);
INSERT INTO recipe_tip(recipe_id, tip_id) VALUES (44, 1);
INSERT INTO recipe_tip(recipe_id, tip_id) VALUES (44, 5);
INSERT INTO recipe_tip(recipe_id, tip_id) VALUES (44, 27);

INSERT INTO recipe(baking, cuisine_id, difficulty, recipe_title, recipe_description, prep_time, cook_time, portions, fat_portion, protein_portion, carbs_portion, picture_uri, picture_description) VALUES(0, 47, 3,'Stuffed Bell Peppers', 'Century picture base night debate walk. Economic center pattern list rich note discussion should. In scientist strong already ready.', 55, 30, 1, 0, 45,10, 'https://dummyimage.com/832x11', 'Sense some nation fine present.');
INSERT INTO recipe_meal_type(recipe_id, meal_type_id) VALUES (45, 4);
INSERT INTO recipe_tag(recipe_id, tag_id) VALUES (45, 77);
INSERT INTO recipe_equipment(recipe_id, equipment_id, num) VALUES (45, 20, 1);
INSERT INTO recipe_equipment(recipe_id, equipment_id, num) VALUES (45, 4, 2);
INSERT INTO recipe_equipment(recipe_id, equipment_id, num) VALUES (45, 19, 2);
INSERT INTO recipe_equipment(recipe_id, equipment_id, num) VALUES (45, 3, 1);
INSERT INTO recipe_cook(recipe_id, cook_id) VALUES (45, 34);
INSERT INTO recipe_cook(recipe_id, cook_id) VALUES (45, 97);
INSERT INTO recipe_cook(recipe_id, cook_id) VALUES (45, 169);
INSERT INTO recipe_cook(recipe_id, cook_id) VALUES (45, 196);
INSERT INTO recipe_cook(recipe_id, cook_id) VALUES (45, 166);
INSERT INTO recipe_cook(recipe_id, cook_id) VALUES (45, 145);
INSERT INTO recipe_cook(recipe_id, cook_id) VALUES (45, 48);
INSERT INTO recipe_cook(recipe_id, cook_id) VALUES (45, 29);
INSERT INTO recipe_cook(recipe_id, cook_id) VALUES (45, 179);
INSERT INTO recipe_cook(recipe_id, cook_id) VALUES (45, 194);
INSERT INTO recipe_cook(recipe_id, cook_id) VALUES (45, 65);
INSERT INTO recipe_cook(recipe_id, cook_id) VALUES (45, 76);
INSERT INTO recipe_cook(recipe_id, cook_id) VALUES (45, 120);
INSERT INTO recipe_cook(recipe_id, cook_id) VALUES (45, 170);
INSERT INTO recipe_cook(recipe_id, cook_id) VALUES (45, 20);
INSERT INTO recipe_cook(recipe_id, cook_id) VALUES (45, 164);
INSERT INTO recipe_cook(recipe_id, cook_id) VALUES (45, 117);
INSERT INTO recipe_cook(recipe_id, cook_id) VALUES (45, 71);
INSERT INTO recipe_cook(recipe_id, cook_id) VALUES (45, 110);
INSERT INTO recipe_cook(recipe_id, cook_id) VALUES (45, 178);
INSERT INTO recipe_cook(recipe_id, cook_id) VALUES (45, 171);
INSERT INTO recipe_cook(recipe_id, cook_id) VALUES (45, 83);
INSERT INTO recipe_cook(recipe_id, cook_id) VALUES (45, 66);
INSERT INTO recipe_cook(recipe_id, cook_id) VALUES (45, 42);
INSERT INTO recipe_cook(recipe_id, cook_id) VALUES (45, 19);
INSERT INTO recipe_cook(recipe_id, cook_id) VALUES (45, 183);
INSERT INTO recipe_cook(recipe_id, cook_id) VALUES (45, 16);
INSERT INTO recipe_cook(recipe_id, cook_id) VALUES (45, 98);
INSERT INTO recipe_cook(recipe_id, cook_id) VALUES (45, 100);
INSERT INTO recipe_cook(recipe_id, cook_id) VALUES (45, 86);
INSERT INTO recipe_cook(recipe_id, cook_id) VALUES (45, 174);
INSERT INTO recipe_cook(recipe_id, cook_id) VALUES (45, 67);
INSERT INTO recipe_cook(recipe_id, cook_id) VALUES (45, 68);
INSERT INTO recipe_cook(recipe_id, cook_id) VALUES (45, 46);
INSERT INTO recipe_cook(recipe_id, cook_id) VALUES (45, 113);
INSERT INTO recipe_cook(recipe_id, cook_id) VALUES (45, 18);
INSERT INTO recipe_cook(recipe_id, cook_id) VALUES (45, 126);
INSERT INTO recipe_cook(recipe_id, cook_id) VALUES (45, 52);
INSERT INTO recipe_cook(recipe_id, cook_id) VALUES (45, 157);
INSERT INTO recipe_cook(recipe_id, cook_id) VALUES (45, 101);
INSERT INTO recipe_cook(recipe_id, cook_id) VALUES (45, 167);
INSERT INTO recipe_cook(recipe_id, cook_id) VALUES (45, 185);
INSERT INTO recipe_cook(recipe_id, cook_id) VALUES (45, 28);
INSERT INTO recipe_cook(recipe_id, cook_id) VALUES (45, 37);
INSERT INTO recipe_cook(recipe_id, cook_id) VALUES (45, 139);
INSERT INTO recipe_cook(recipe_id, cook_id) VALUES (45, 111);
INSERT INTO recipe_cook(recipe_id, cook_id) VALUES (45, 56);
INSERT INTO recipe_cook(recipe_id, cook_id) VALUES (45, 158);
INSERT INTO recipe_cook(recipe_id, cook_id) VALUES (45, 114);
INSERT INTO recipe_cook(recipe_id, cook_id) VALUES (45, 198);
INSERT INTO recipe_cook(recipe_id, cook_id) VALUES (45, 27);
INSERT INTO recipe_cook(recipe_id, cook_id) VALUES (45, 9);
INSERT INTO recipe_cook(recipe_id, cook_id) VALUES (45, 176);
INSERT INTO recipe_cook(recipe_id, cook_id) VALUES (45, 148);
INSERT INTO recipe_cook(recipe_id, cook_id) VALUES (45, 190);
INSERT INTO recipe_cook(recipe_id, cook_id) VALUES (45, 115);
INSERT INTO recipe_cook(recipe_id, cook_id) VALUES (45, 5);
INSERT INTO recipe_cook(recipe_id, cook_id) VALUES (45, 128);
INSERT INTO recipe_cook(recipe_id, cook_id) VALUES (45, 39);
INSERT INTO recipe_cook(recipe_id, cook_id) VALUES (45, 1);
INSERT INTO recipe_cook(recipe_id, cook_id) VALUES (45, 10);
INSERT INTO recipe_cook(recipe_id, cook_id) VALUES (45, 172);
INSERT INTO recipe_cook(recipe_id, cook_id) VALUES (45, 69);
INSERT INTO recipe_cook(recipe_id, cook_id) VALUES (45, 142);
INSERT INTO recipe_cook(recipe_id, cook_id) VALUES (45, 85);
INSERT INTO recipe_cook(recipe_id, cook_id) VALUES (45, 161);
INSERT INTO recipe_cook(recipe_id, cook_id) VALUES (45, 141);
INSERT INTO recipe_cook(recipe_id, cook_id) VALUES (45, 132);
INSERT INTO recipe_cook(recipe_id, cook_id) VALUES (45, 159);
INSERT INTO recipe_cook(recipe_id, cook_id) VALUES (45, 123);
INSERT INTO recipe_cook(recipe_id, cook_id) VALUES (45, 112);
INSERT INTO recipe_cook(recipe_id, cook_id) VALUES (45, 104);
INSERT INTO recipe_cook(recipe_id, cook_id) VALUES (45, 165);
INSERT INTO recipe_cook(recipe_id, cook_id) VALUES (45, 70);
INSERT INTO recipe_cook(recipe_id, cook_id) VALUES (45, 193);
INSERT INTO recipe_cook(recipe_id, cook_id) VALUES (45, 134);
INSERT INTO recipe_cook(recipe_id, cook_id) VALUES (45, 50);
INSERT INTO recipe_cook(recipe_id, cook_id) VALUES (45, 131);
INSERT INTO recipe_cook(recipe_id, cook_id) VALUES (45, 89);
INSERT INTO recipe_cook(recipe_id, cook_id) VALUES (45, 105);
INSERT INTO recipe_cook(recipe_id, cook_id) VALUES (45, 156);
INSERT INTO recipe_cook(recipe_id, cook_id) VALUES (45, 62);
INSERT INTO recipe_cook(recipe_id, cook_id) VALUES (45, 187);
INSERT INTO recipe_cook(recipe_id, cook_id) VALUES (45, 73);
INSERT INTO recipe_cook(recipe_id, cook_id) VALUES (45, 138);
INSERT INTO recipe_cook(recipe_id, cook_id) VALUES (45, 160);
INSERT INTO recipe_cook(recipe_id, cook_id) VALUES (45, 43);
INSERT INTO recipe_cook(recipe_id, cook_id) VALUES (45, 88);
INSERT INTO recipe_cook(recipe_id, cook_id) VALUES (45, 137);
INSERT INTO recipe_cook(recipe_id, cook_id) VALUES (45, 163);
INSERT INTO recipe_cook(recipe_id, cook_id) VALUES (45, 8);
INSERT INTO recipe_cook(recipe_id, cook_id) VALUES (45, 81);
INSERT INTO recipe_cook(recipe_id, cook_id) VALUES (45, 192);
INSERT INTO recipe_cook(recipe_id, cook_id) VALUES (45, 12);
INSERT INTO recipe_cook(recipe_id, cook_id) VALUES (45, 47);
INSERT INTO recipe_cook(recipe_id, cook_id) VALUES (45, 116);
INSERT INTO recipe_cook(recipe_id, cook_id) VALUES (45, 44);
INSERT INTO recipe_cook(recipe_id, cook_id) VALUES (45, 11);
INSERT INTO recipe_cook(recipe_id, cook_id) VALUES (45, 59);
INSERT INTO recipe_cook(recipe_id, cook_id) VALUES (45, 173);
INSERT INTO recipe_cook(recipe_id, cook_id) VALUES (45, 99);
INSERT INTO recipe_cook(recipe_id, cook_id) VALUES (45, 38);
INSERT INTO recipe_cook(recipe_id, cook_id) VALUES (45, 108);
INSERT INTO recipe_cook(recipe_id, cook_id) VALUES (45, 26);
INSERT INTO recipe_cook(recipe_id, cook_id) VALUES (45, 23);
INSERT INTO recipe_cook(recipe_id, cook_id) VALUES (45, 175);
INSERT INTO recipe_cook(recipe_id, cook_id) VALUES (45, 6);
INSERT INTO recipe_cook(recipe_id, cook_id) VALUES (45, 124);
INSERT INTO recipe_cook(recipe_id, cook_id) VALUES (45, 136);
INSERT INTO recipe_cook(recipe_id, cook_id) VALUES (45, 25);
INSERT INTO recipe_cook(recipe_id, cook_id) VALUES (45, 130);
INSERT INTO recipe_cook(recipe_id, cook_id) VALUES (45, 93);
INSERT INTO recipe_cook(recipe_id, cook_id) VALUES (45, 14);
INSERT INTO recipe_cook(recipe_id, cook_id) VALUES (45, 109);
INSERT INTO recipe_cook(recipe_id, cook_id) VALUES (45, 195);
INSERT INTO recipe_cook(recipe_id, cook_id) VALUES (45, 63);
INSERT INTO recipe_cook(recipe_id, cook_id) VALUES (45, 103);
INSERT INTO recipe_cook(recipe_id, cook_id) VALUES (45, 87);
INSERT INTO recipe_cook(recipe_id, cook_id) VALUES (45, 57);
INSERT INTO recipe_cook(recipe_id, cook_id) VALUES (45, 91);
INSERT INTO recipe_cook(recipe_id, cook_id) VALUES (45, 143);
INSERT INTO recipe_cook(recipe_id, cook_id) VALUES (45, 144);
INSERT INTO recipe_cook(recipe_id, cook_id) VALUES (45, 135);
INSERT INTO recipe_cook(recipe_id, cook_id) VALUES (45, 4);
INSERT INTO recipe_cook(recipe_id, cook_id) VALUES (45, 189);
INSERT INTO recipe_cook(recipe_id, cook_id) VALUES (45, 31);
INSERT INTO recipe_cook(recipe_id, cook_id) VALUES (45, 92);
INSERT INTO recipe_cook(recipe_id, cook_id) VALUES (45, 122);
INSERT INTO recipe_cook(recipe_id, cook_id) VALUES (45, 149);
INSERT INTO recipe_cook(recipe_id, cook_id) VALUES (45, 127);
INSERT INTO recipe_cook(recipe_id, cook_id) VALUES (45, 40);
INSERT INTO recipe_cook(recipe_id, cook_id) VALUES (45, 64);
INSERT INTO recipe_cook(recipe_id, cook_id) VALUES (45, 58);
INSERT INTO recipe_cook(recipe_id, cook_id) VALUES (45, 3);
INSERT INTO recipe_cook(recipe_id, cook_id) VALUES (45, 79);
INSERT INTO recipe_cook(recipe_id, cook_id) VALUES (45, 129);
INSERT INTO recipe_cook(recipe_id, cook_id) VALUES (45, 182);
INSERT INTO recipe_cook(recipe_id, cook_id) VALUES (45, 22);
INSERT INTO recipe_cook(recipe_id, cook_id) VALUES (45, 51);
INSERT INTO recipe_cook(recipe_id, cook_id) VALUES (45, 106);
INSERT INTO recipe_cook(recipe_id, cook_id) VALUES (45, 151);
INSERT INTO recipe_cook(recipe_id, cook_id) VALUES (45, 199);
INSERT INTO recipe_cook(recipe_id, cook_id) VALUES (45, 121);
INSERT INTO recipe_cook(recipe_id, cook_id) VALUES (45, 197);
INSERT INTO recipe_cook(recipe_id, cook_id) VALUES (45, 155);
INSERT INTO recipe_cook(recipe_id, cook_id) VALUES (45, 177);
INSERT INTO recipe_cook(recipe_id, cook_id) VALUES (45, 152);
INSERT INTO recipe_cook(recipe_id, cook_id) VALUES (45, 200);
INSERT INTO recipe_cook(recipe_id, cook_id) VALUES (45, 30);
INSERT INTO recipe_cook(recipe_id, cook_id) VALUES (45, 146);
INSERT INTO recipe_cook(recipe_id, cook_id) VALUES (45, 35);
INSERT INTO recipe_cook(recipe_id, cook_id) VALUES (45, 140);
INSERT INTO recipe_cook(recipe_id, cook_id) VALUES (45, 191);
INSERT INTO recipe_cook(recipe_id, cook_id) VALUES (45, 188);
INSERT INTO recipe_cook(recipe_id, cook_id) VALUES (45, 15);
INSERT INTO recipe_themes(recipe_id, theme_id) VALUES (45, 3);
INSERT INTO recipe_tip(recipe_id, tip_id) VALUES (45, 10);
INSERT INTO recipe_tip(recipe_id, tip_id) VALUES (45, 32);
INSERT INTO recipe_tip(recipe_id, tip_id) VALUES (45, 2);

INSERT INTO recipe(baking, cuisine_id, difficulty, recipe_title, recipe_description, prep_time, cook_time, portions, fat_portion, protein_portion, carbs_portion, picture_uri, picture_description) VALUES(0, 41, 1,'Huevos Rancheros', 'Method teach yeah bank bit recognize heart. Class security coach. Thank box those manager phone modern. See natural human father.', 55, 120, 1, 35, 45,25, 'https://placekitten.com/891/602', 'Mission past he practice center.');
INSERT INTO recipe_meal_type(recipe_id, meal_type_id) VALUES (46, 4);
INSERT INTO recipe_tag(recipe_id, tag_id) VALUES (46, 14);
INSERT INTO recipe_tag(recipe_id, tag_id) VALUES (46, 15);
INSERT INTO recipe_equipment(recipe_id, equipment_id, num) VALUES (46, 20, 4);
INSERT INTO recipe_equipment(recipe_id, equipment_id, num) VALUES (46, 8, 2);
INSERT INTO recipe_equipment(recipe_id, equipment_id, num) VALUES (46, 3, 1);
INSERT INTO recipe_equipment(recipe_id, equipment_id, num) VALUES (46, 7, 1);
INSERT INTO recipe_equipment(recipe_id, equipment_id, num) VALUES (46, 14, 4);
INSERT INTO recipe_equipment(recipe_id, equipment_id, num) VALUES (46, 6, 2);
INSERT INTO recipe_cook(recipe_id, cook_id) VALUES (46, 174);
INSERT INTO recipe_cook(recipe_id, cook_id) VALUES (46, 103);
INSERT INTO recipe_cook(recipe_id, cook_id) VALUES (46, 84);
INSERT INTO recipe_cook(recipe_id, cook_id) VALUES (46, 31);
INSERT INTO recipe_cook(recipe_id, cook_id) VALUES (46, 176);
INSERT INTO recipe_cook(recipe_id, cook_id) VALUES (46, 148);
INSERT INTO recipe_cook(recipe_id, cook_id) VALUES (46, 140);
INSERT INTO recipe_cook(recipe_id, cook_id) VALUES (46, 36);
INSERT INTO recipe_cook(recipe_id, cook_id) VALUES (46, 83);
INSERT INTO recipe_cook(recipe_id, cook_id) VALUES (46, 55);
INSERT INTO recipe_cook(recipe_id, cook_id) VALUES (46, 12);
INSERT INTO recipe_cook(recipe_id, cook_id) VALUES (46, 152);
INSERT INTO recipe_cook(recipe_id, cook_id) VALUES (46, 45);
INSERT INTO recipe_cook(recipe_id, cook_id) VALUES (46, 86);
INSERT INTO recipe_cook(recipe_id, cook_id) VALUES (46, 17);
INSERT INTO recipe_cook(recipe_id, cook_id) VALUES (46, 197);
INSERT INTO recipe_cook(recipe_id, cook_id) VALUES (46, 71);
INSERT INTO recipe_cook(recipe_id, cook_id) VALUES (46, 37);
INSERT INTO recipe_cook(recipe_id, cook_id) VALUES (46, 107);
INSERT INTO recipe_cook(recipe_id, cook_id) VALUES (46, 44);
INSERT INTO recipe_cook(recipe_id, cook_id) VALUES (46, 179);
INSERT INTO recipe_cook(recipe_id, cook_id) VALUES (46, 95);
INSERT INTO recipe_cook(recipe_id, cook_id) VALUES (46, 142);
INSERT INTO recipe_cook(recipe_id, cook_id) VALUES (46, 43);
INSERT INTO recipe_cook(recipe_id, cook_id) VALUES (46, 113);
INSERT INTO recipe_cook(recipe_id, cook_id) VALUES (46, 63);
INSERT INTO recipe_cook(recipe_id, cook_id) VALUES (46, 149);
INSERT INTO recipe_cook(recipe_id, cook_id) VALUES (46, 11);
INSERT INTO recipe_cook(recipe_id, cook_id) VALUES (46, 35);
INSERT INTO recipe_cook(recipe_id, cook_id) VALUES (46, 26);
INSERT INTO recipe_cook(recipe_id, cook_id) VALUES (46, 162);
INSERT INTO recipe_cook(recipe_id, cook_id) VALUES (46, 157);
INSERT INTO recipe_cook(recipe_id, cook_id) VALUES (46, 97);
INSERT INTO recipe_cook(recipe_id, cook_id) VALUES (46, 41);
INSERT INTO recipe_cook(recipe_id, cook_id) VALUES (46, 5);
INSERT INTO recipe_cook(recipe_id, cook_id) VALUES (46, 125);
INSERT INTO recipe_cook(recipe_id, cook_id) VALUES (46, 21);
INSERT INTO recipe_cook(recipe_id, cook_id) VALUES (46, 2);
INSERT INTO recipe_cook(recipe_id, cook_id) VALUES (46, 163);
INSERT INTO recipe_cook(recipe_id, cook_id) VALUES (46, 46);
INSERT INTO recipe_cook(recipe_id, cook_id) VALUES (46, 23);
INSERT INTO recipe_cook(recipe_id, cook_id) VALUES (46, 189);
INSERT INTO recipe_cook(recipe_id, cook_id) VALUES (46, 73);
INSERT INTO recipe_cook(recipe_id, cook_id) VALUES (46, 182);
INSERT INTO recipe_cook(recipe_id, cook_id) VALUES (46, 122);
INSERT INTO recipe_cook(recipe_id, cook_id) VALUES (46, 33);
INSERT INTO recipe_cook(recipe_id, cook_id) VALUES (46, 53);
INSERT INTO recipe_cook(recipe_id, cook_id) VALUES (46, 183);
INSERT INTO recipe_cook(recipe_id, cook_id) VALUES (46, 70);
INSERT INTO recipe_cook(recipe_id, cook_id) VALUES (46, 134);
INSERT INTO recipe_cook(recipe_id, cook_id) VALUES (46, 116);
INSERT INTO recipe_cook(recipe_id, cook_id) VALUES (46, 106);
INSERT INTO recipe_cook(recipe_id, cook_id) VALUES (46, 62);
INSERT INTO recipe_cook(recipe_id, cook_id) VALUES (46, 188);
INSERT INTO recipe_cook(recipe_id, cook_id) VALUES (46, 10);
INSERT INTO recipe_cook(recipe_id, cook_id) VALUES (46, 47);
INSERT INTO recipe_cook(recipe_id, cook_id) VALUES (46, 128);
INSERT INTO recipe_cook(recipe_id, cook_id) VALUES (46, 160);
INSERT INTO recipe_cook(recipe_id, cook_id) VALUES (46, 78);
INSERT INTO recipe_cook(recipe_id, cook_id) VALUES (46, 90);
INSERT INTO recipe_cook(recipe_id, cook_id) VALUES (46, 108);
INSERT INTO recipe_cook(recipe_id, cook_id) VALUES (46, 170);
INSERT INTO recipe_cook(recipe_id, cook_id) VALUES (46, 61);
INSERT INTO recipe_cook(recipe_id, cook_id) VALUES (46, 50);
INSERT INTO recipe_cook(recipe_id, cook_id) VALUES (46, 185);
INSERT INTO recipe_cook(recipe_id, cook_id) VALUES (46, 25);
INSERT INTO recipe_cook(recipe_id, cook_id) VALUES (46, 93);
INSERT INTO recipe_cook(recipe_id, cook_id) VALUES (46, 130);
INSERT INTO recipe_cook(recipe_id, cook_id) VALUES (46, 57);
INSERT INTO recipe_cook(recipe_id, cook_id) VALUES (46, 119);
INSERT INTO recipe_cook(recipe_id, cook_id) VALUES (46, 54);
INSERT INTO recipe_cook(recipe_id, cook_id) VALUES (46, 184);
INSERT INTO recipe_cook(recipe_id, cook_id) VALUES (46, 14);
INSERT INTO recipe_cook(recipe_id, cook_id) VALUES (46, 135);
INSERT INTO recipe_cook(recipe_id, cook_id) VALUES (46, 15);
INSERT INTO recipe_cook(recipe_id, cook_id) VALUES (46, 102);
INSERT INTO recipe_cook(recipe_id, cook_id) VALUES (46, 20);
INSERT INTO recipe_cook(recipe_id, cook_id) VALUES (46, 88);
INSERT INTO recipe_cook(recipe_id, cook_id) VALUES (46, 109);
INSERT INTO recipe_cook(recipe_id, cook_id) VALUES (46, 117);
INSERT INTO recipe_cook(recipe_id, cook_id) VALUES (46, 138);
INSERT INTO recipe_cook(recipe_id, cook_id) VALUES (46, 64);
INSERT INTO recipe_cook(recipe_id, cook_id) VALUES (46, 143);
INSERT INTO recipe_cook(recipe_id, cook_id) VALUES (46, 164);
INSERT INTO recipe_cook(recipe_id, cook_id) VALUES (46, 187);
INSERT INTO recipe_cook(recipe_id, cook_id) VALUES (46, 6);
INSERT INTO recipe_cook(recipe_id, cook_id) VALUES (46, 7);
INSERT INTO recipe_cook(recipe_id, cook_id) VALUES (46, 192);
INSERT INTO recipe_cook(recipe_id, cook_id) VALUES (46, 145);
INSERT INTO recipe_cook(recipe_id, cook_id) VALUES (46, 153);
INSERT INTO recipe_cook(recipe_id, cook_id) VALUES (46, 27);
INSERT INTO recipe_cook(recipe_id, cook_id) VALUES (46, 56);
INSERT INTO recipe_cook(recipe_id, cook_id) VALUES (46, 155);
INSERT INTO recipe_cook(recipe_id, cook_id) VALUES (46, 177);
INSERT INTO recipe_cook(recipe_id, cook_id) VALUES (46, 79);
INSERT INTO recipe_cook(recipe_id, cook_id) VALUES (46, 104);
INSERT INTO recipe_cook(recipe_id, cook_id) VALUES (46, 98);
INSERT INTO recipe_cook(recipe_id, cook_id) VALUES (46, 59);
INSERT INTO recipe_cook(recipe_id, cook_id) VALUES (46, 115);
INSERT INTO recipe_cook(recipe_id, cook_id) VALUES (46, 144);
INSERT INTO recipe_cook(recipe_id, cook_id) VALUES (46, 180);
INSERT INTO recipe_cook(recipe_id, cook_id) VALUES (46, 114);
INSERT INTO recipe_cook(recipe_id, cook_id) VALUES (46, 69);
INSERT INTO recipe_cook(recipe_id, cook_id) VALUES (46, 118);
INSERT INTO recipe_cook(recipe_id, cook_id) VALUES (46, 121);
INSERT INTO recipe_cook(recipe_id, cook_id) VALUES (46, 4);
INSERT INTO recipe_cook(recipe_id, cook_id) VALUES (46, 175);
INSERT INTO recipe_cook(recipe_id, cook_id) VALUES (46, 66);
INSERT INTO recipe_cook(recipe_id, cook_id) VALUES (46, 126);
INSERT INTO recipe_cook(recipe_id, cook_id) VALUES (46, 146);
INSERT INTO recipe_cook(recipe_id, cook_id) VALUES (46, 136);
INSERT INTO recipe_cook(recipe_id, cook_id) VALUES (46, 132);
INSERT INTO recipe_cook(recipe_id, cook_id) VALUES (46, 76);
INSERT INTO recipe_cook(recipe_id, cook_id) VALUES (46, 75);
INSERT INTO recipe_cook(recipe_id, cook_id) VALUES (46, 42);
INSERT INTO recipe_cook(recipe_id, cook_id) VALUES (46, 133);
INSERT INTO recipe_cook(recipe_id, cook_id) VALUES (46, 171);
INSERT INTO recipe_cook(recipe_id, cook_id) VALUES (46, 150);
INSERT INTO recipe_cook(recipe_id, cook_id) VALUES (46, 30);
INSERT INTO recipe_cook(recipe_id, cook_id) VALUES (46, 92);
INSERT INTO recipe_cook(recipe_id, cook_id) VALUES (46, 196);
INSERT INTO recipe_cook(recipe_id, cook_id) VALUES (46, 82);
INSERT INTO recipe_cook(recipe_id, cook_id) VALUES (46, 13);
INSERT INTO recipe_cook(recipe_id, cook_id) VALUES (46, 141);
INSERT INTO recipe_cook(recipe_id, cook_id) VALUES (46, 154);
INSERT INTO recipe_cook(recipe_id, cook_id) VALUES (46, 198);
INSERT INTO recipe_cook(recipe_id, cook_id) VALUES (46, 49);
INSERT INTO recipe_cook(recipe_id, cook_id) VALUES (46, 29);
INSERT INTO recipe_cook(recipe_id, cook_id) VALUES (46, 91);
INSERT INTO recipe_cook(recipe_id, cook_id) VALUES (46, 120);
INSERT INTO recipe_cook(recipe_id, cook_id) VALUES (46, 94);
INSERT INTO recipe_cook(recipe_id, cook_id) VALUES (46, 99);
INSERT INTO recipe_cook(recipe_id, cook_id) VALUES (46, 156);
INSERT INTO recipe_cook(recipe_id, cook_id) VALUES (46, 19);
INSERT INTO recipe_cook(recipe_id, cook_id) VALUES (46, 28);
INSERT INTO recipe_cook(recipe_id, cook_id) VALUES (46, 199);
INSERT INTO recipe_cook(recipe_id, cook_id) VALUES (46, 168);
INSERT INTO recipe_cook(recipe_id, cook_id) VALUES (46, 127);
INSERT INTO recipe_cook(recipe_id, cook_id) VALUES (46, 24);
INSERT INTO recipe_cook(recipe_id, cook_id) VALUES (46, 9);
INSERT INTO recipe_cook(recipe_id, cook_id) VALUES (46, 200);
INSERT INTO recipe_cook(recipe_id, cook_id) VALUES (46, 112);
INSERT INTO recipe_cook(recipe_id, cook_id) VALUES (46, 178);
INSERT INTO recipe_cook(recipe_id, cook_id) VALUES (46, 167);
INSERT INTO recipe_cook(recipe_id, cook_id) VALUES (46, 131);
INSERT INTO recipe_cook(recipe_id, cook_id) VALUES (46, 18);
INSERT INTO recipe_cook(recipe_id, cook_id) VALUES (46, 58);
INSERT INTO recipe_cook(recipe_id, cook_id) VALUES (46, 22);
INSERT INTO recipe_cook(recipe_id, cook_id) VALUES (46, 129);
INSERT INTO recipe_cook(recipe_id, cook_id) VALUES (46, 3);
INSERT INTO recipe_cook(recipe_id, cook_id) VALUES (46, 147);
INSERT INTO recipe_cook(recipe_id, cook_id) VALUES (46, 111);
INSERT INTO recipe_cook(recipe_id, cook_id) VALUES (46, 100);
INSERT INTO recipe_cook(recipe_id, cook_id) VALUES (46, 191);
INSERT INTO recipe_cook(recipe_id, cook_id) VALUES (46, 52);
INSERT INTO recipe_cook(recipe_id, cook_id) VALUES (46, 8);
INSERT INTO recipe_cook(recipe_id, cook_id) VALUES (46, 60);
INSERT INTO recipe_cook(recipe_id, cook_id) VALUES (46, 181);
INSERT INTO recipe_cook(recipe_id, cook_id) VALUES (46, 110);
INSERT INTO recipe_cook(recipe_id, cook_id) VALUES (46, 173);
INSERT INTO recipe_cook(recipe_id, cook_id) VALUES (46, 123);
INSERT INTO recipe_cook(recipe_id, cook_id) VALUES (46, 81);
INSERT INTO recipe_cook(recipe_id, cook_id) VALUES (46, 67);
INSERT INTO recipe_cook(recipe_id, cook_id) VALUES (46, 89);
INSERT INTO recipe_cook(recipe_id, cook_id) VALUES (46, 74);
INSERT INTO recipe_cook(recipe_id, cook_id) VALUES (46, 39);
INSERT INTO recipe_cook(recipe_id, cook_id) VALUES (46, 165);
INSERT INTO recipe_cook(recipe_id, cook_id) VALUES (46, 80);
INSERT INTO recipe_cook(recipe_id, cook_id) VALUES (46, 32);
INSERT INTO recipe_cook(recipe_id, cook_id) VALUES (46, 151);
INSERT INTO recipe_cook(recipe_id, cook_id) VALUES (46, 105);
INSERT INTO recipe_cook(recipe_id, cook_id) VALUES (46, 38);
INSERT INTO recipe_cook(recipe_id, cook_id) VALUES (46, 16);
INSERT INTO recipe_cook(recipe_id, cook_id) VALUES (46, 194);
INSERT INTO recipe_cook(recipe_id, cook_id) VALUES (46, 172);
INSERT INTO recipe_cook(recipe_id, cook_id) VALUES (46, 161);
INSERT INTO recipe_cook(recipe_id, cook_id) VALUES (46, 1);
INSERT INTO recipe_cook(recipe_id, cook_id) VALUES (46, 101);
INSERT INTO recipe_cook(recipe_id, cook_id) VALUES (46, 137);
INSERT INTO recipe_cook(recipe_id, cook_id) VALUES (46, 40);
INSERT INTO recipe_cook(recipe_id, cook_id) VALUES (46, 193);
INSERT INTO recipe_cook(recipe_id, cook_id) VALUES (46, 68);
INSERT INTO recipe_cook(recipe_id, cook_id) VALUES (46, 96);
INSERT INTO recipe_cook(recipe_id, cook_id) VALUES (46, 166);
INSERT INTO recipe_cook(recipe_id, cook_id) VALUES (46, 195);
INSERT INTO recipe_cook(recipe_id, cook_id) VALUES (46, 169);
INSERT INTO recipe_cook(recipe_id, cook_id) VALUES (46, 77);
INSERT INTO recipe_cook(recipe_id, cook_id) VALUES (46, 158);
INSERT INTO recipe_cook(recipe_id, cook_id) VALUES (46, 65);
INSERT INTO recipe_themes(recipe_id, theme_id) VALUES (46, 33);
INSERT INTO recipe_themes(recipe_id, theme_id) VALUES (46, 3);
INSERT INTO recipe_themes(recipe_id, theme_id) VALUES (46, 28);
INSERT INTO recipe_tip(recipe_id, tip_id) VALUES (46, 26);
INSERT INTO recipe_tip(recipe_id, tip_id) VALUES (46, 31);
INSERT INTO recipe_tip(recipe_id, tip_id) VALUES (46, 7);

INSERT INTO recipe(baking, cuisine_id, difficulty, recipe_title, recipe_description, prep_time, cook_time, portions, fat_portion, protein_portion, carbs_portion, picture_uri, picture_description) VALUES(0, 23, 3,'Chocolate Mousse', 'Weight he page line decision form section you. Clearly resource listen fish. Change attack with find.', 45, 100, 1, 0, 35,45, 'https://placekitten.com/384/408', 'Mrs former article light.');
INSERT INTO recipe_meal_type(recipe_id, meal_type_id) VALUES (47, 6);
INSERT INTO recipe_tag(recipe_id, tag_id) VALUES (47, 91);
INSERT INTO recipe_tag(recipe_id, tag_id) VALUES (47, 59);
INSERT INTO recipe_tag(recipe_id, tag_id) VALUES (47, 74);
INSERT INTO recipe_equipment(recipe_id, equipment_id, num) VALUES (47, 1, 1);
INSERT INTO recipe_equipment(recipe_id, equipment_id, num) VALUES (47, 15, 3);
INSERT INTO recipe_equipment(recipe_id, equipment_id, num) VALUES (47, 19, 2);
INSERT INTO recipe_equipment(recipe_id, equipment_id, num) VALUES (47, 5, 1);
INSERT INTO recipe_equipment(recipe_id, equipment_id, num) VALUES (47, 13, 1);
INSERT INTO recipe_equipment(recipe_id, equipment_id, num) VALUES (47, 3, 2);
INSERT INTO recipe_equipment(recipe_id, equipment_id, num) VALUES (47, 16, 3);
INSERT INTO recipe_cook(recipe_id, cook_id) VALUES (47, 161);
INSERT INTO recipe_cook(recipe_id, cook_id) VALUES (47, 119);
INSERT INTO recipe_cook(recipe_id, cook_id) VALUES (47, 181);
INSERT INTO recipe_cook(recipe_id, cook_id) VALUES (47, 163);
INSERT INTO recipe_cook(recipe_id, cook_id) VALUES (47, 1);
INSERT INTO recipe_cook(recipe_id, cook_id) VALUES (47, 200);
INSERT INTO recipe_cook(recipe_id, cook_id) VALUES (47, 19);
INSERT INTO recipe_cook(recipe_id, cook_id) VALUES (47, 99);
INSERT INTO recipe_cook(recipe_id, cook_id) VALUES (47, 177);
INSERT INTO recipe_cook(recipe_id, cook_id) VALUES (47, 86);
INSERT INTO recipe_cook(recipe_id, cook_id) VALUES (47, 136);
INSERT INTO recipe_cook(recipe_id, cook_id) VALUES (47, 9);
INSERT INTO recipe_cook(recipe_id, cook_id) VALUES (47, 76);
INSERT INTO recipe_cook(recipe_id, cook_id) VALUES (47, 110);
INSERT INTO recipe_cook(recipe_id, cook_id) VALUES (47, 70);
INSERT INTO recipe_cook(recipe_id, cook_id) VALUES (47, 179);
INSERT INTO recipe_cook(recipe_id, cook_id) VALUES (47, 157);
INSERT INTO recipe_cook(recipe_id, cook_id) VALUES (47, 139);
INSERT INTO recipe_cook(recipe_id, cook_id) VALUES (47, 148);
INSERT INTO recipe_cook(recipe_id, cook_id) VALUES (47, 54);
INSERT INTO recipe_cook(recipe_id, cook_id) VALUES (47, 176);
INSERT INTO recipe_cook(recipe_id, cook_id) VALUES (47, 21);
INSERT INTO recipe_cook(recipe_id, cook_id) VALUES (47, 159);
INSERT INTO recipe_cook(recipe_id, cook_id) VALUES (47, 191);
INSERT INTO recipe_cook(recipe_id, cook_id) VALUES (47, 15);
INSERT INTO recipe_cook(recipe_id, cook_id) VALUES (47, 132);
INSERT INTO recipe_cook(recipe_id, cook_id) VALUES (47, 173);
INSERT INTO recipe_cook(recipe_id, cook_id) VALUES (47, 94);
INSERT INTO recipe_cook(recipe_id, cook_id) VALUES (47, 14);
INSERT INTO recipe_cook(recipe_id, cook_id) VALUES (47, 29);
INSERT INTO recipe_cook(recipe_id, cook_id) VALUES (47, 193);
INSERT INTO recipe_cook(recipe_id, cook_id) VALUES (47, 174);
INSERT INTO recipe_cook(recipe_id, cook_id) VALUES (47, 120);
INSERT INTO recipe_cook(recipe_id, cook_id) VALUES (47, 178);
INSERT INTO recipe_cook(recipe_id, cook_id) VALUES (47, 11);
INSERT INTO recipe_cook(recipe_id, cook_id) VALUES (47, 169);
INSERT INTO recipe_cook(recipe_id, cook_id) VALUES (47, 165);
INSERT INTO recipe_cook(recipe_id, cook_id) VALUES (47, 45);
INSERT INTO recipe_cook(recipe_id, cook_id) VALUES (47, 144);
INSERT INTO recipe_cook(recipe_id, cook_id) VALUES (47, 18);
INSERT INTO recipe_cook(recipe_id, cook_id) VALUES (47, 162);
INSERT INTO recipe_cook(recipe_id, cook_id) VALUES (47, 53);
INSERT INTO recipe_cook(recipe_id, cook_id) VALUES (47, 36);
INSERT INTO recipe_cook(recipe_id, cook_id) VALUES (47, 192);
INSERT INTO recipe_cook(recipe_id, cook_id) VALUES (47, 62);
INSERT INTO recipe_cook(recipe_id, cook_id) VALUES (47, 183);
INSERT INTO recipe_cook(recipe_id, cook_id) VALUES (47, 30);
INSERT INTO recipe_cook(recipe_id, cook_id) VALUES (47, 123);
INSERT INTO recipe_cook(recipe_id, cook_id) VALUES (47, 149);
INSERT INTO recipe_cook(recipe_id, cook_id) VALUES (47, 198);
INSERT INTO recipe_cook(recipe_id, cook_id) VALUES (47, 58);
INSERT INTO recipe_cook(recipe_id, cook_id) VALUES (47, 83);
INSERT INTO recipe_cook(recipe_id, cook_id) VALUES (47, 91);
INSERT INTO recipe_cook(recipe_id, cook_id) VALUES (47, 69);
INSERT INTO recipe_cook(recipe_id, cook_id) VALUES (47, 129);
INSERT INTO recipe_cook(recipe_id, cook_id) VALUES (47, 109);
INSERT INTO recipe_cook(recipe_id, cook_id) VALUES (47, 71);
INSERT INTO recipe_cook(recipe_id, cook_id) VALUES (47, 172);
INSERT INTO recipe_cook(recipe_id, cook_id) VALUES (47, 17);
INSERT INTO recipe_cook(recipe_id, cook_id) VALUES (47, 96);
INSERT INTO recipe_cook(recipe_id, cook_id) VALUES (47, 89);
INSERT INTO recipe_cook(recipe_id, cook_id) VALUES (47, 116);
INSERT INTO recipe_cook(recipe_id, cook_id) VALUES (47, 125);
INSERT INTO recipe_cook(recipe_id, cook_id) VALUES (47, 146);
INSERT INTO recipe_cook(recipe_id, cook_id) VALUES (47, 135);
INSERT INTO recipe_cook(recipe_id, cook_id) VALUES (47, 32);
INSERT INTO recipe_cook(recipe_id, cook_id) VALUES (47, 121);
INSERT INTO recipe_cook(recipe_id, cook_id) VALUES (47, 75);
INSERT INTO recipe_cook(recipe_id, cook_id) VALUES (47, 155);
INSERT INTO recipe_cook(recipe_id, cook_id) VALUES (47, 95);
INSERT INTO recipe_cook(recipe_id, cook_id) VALUES (47, 142);
INSERT INTO recipe_cook(recipe_id, cook_id) VALUES (47, 49);
INSERT INTO recipe_cook(recipe_id, cook_id) VALUES (47, 118);
INSERT INTO recipe_cook(recipe_id, cook_id) VALUES (47, 12);
INSERT INTO recipe_cook(recipe_id, cook_id) VALUES (47, 166);
INSERT INTO recipe_cook(recipe_id, cook_id) VALUES (47, 51);
INSERT INTO recipe_cook(recipe_id, cook_id) VALUES (47, 115);
INSERT INTO recipe_cook(recipe_id, cook_id) VALUES (47, 23);
INSERT INTO recipe_cook(recipe_id, cook_id) VALUES (47, 37);
INSERT INTO recipe_cook(recipe_id, cook_id) VALUES (47, 10);
INSERT INTO recipe_cook(recipe_id, cook_id) VALUES (47, 143);
INSERT INTO recipe_cook(recipe_id, cook_id) VALUES (47, 22);
INSERT INTO recipe_cook(recipe_id, cook_id) VALUES (47, 158);
INSERT INTO recipe_cook(recipe_id, cook_id) VALUES (47, 180);
INSERT INTO recipe_cook(recipe_id, cook_id) VALUES (47, 90);
INSERT INTO recipe_cook(recipe_id, cook_id) VALUES (47, 194);
INSERT INTO recipe_cook(recipe_id, cook_id) VALUES (47, 64);
INSERT INTO recipe_cook(recipe_id, cook_id) VALUES (47, 20);
INSERT INTO recipe_cook(recipe_id, cook_id) VALUES (47, 112);
INSERT INTO recipe_cook(recipe_id, cook_id) VALUES (47, 27);
INSERT INTO recipe_cook(recipe_id, cook_id) VALUES (47, 67);
INSERT INTO recipe_cook(recipe_id, cook_id) VALUES (47, 81);
INSERT INTO recipe_cook(recipe_id, cook_id) VALUES (47, 3);
INSERT INTO recipe_cook(recipe_id, cook_id) VALUES (47, 38);
INSERT INTO recipe_cook(recipe_id, cook_id) VALUES (47, 151);
INSERT INTO recipe_themes(recipe_id, theme_id) VALUES (47, 35);
INSERT INTO recipe_themes(recipe_id, theme_id) VALUES (47, 9);
INSERT INTO recipe_themes(recipe_id, theme_id) VALUES (47, 31);
INSERT INTO recipe_tip(recipe_id, tip_id) VALUES (47, 27);
INSERT INTO recipe_tip(recipe_id, tip_id) VALUES (47, 29);

INSERT INTO recipe(baking, cuisine_id, difficulty, recipe_title, recipe_description, prep_time, cook_time, portions, fat_portion, protein_portion, carbs_portion, picture_uri, picture_description) VALUES(1, 38, 3,'Clam Chowder', 'Player third general add cover exist. Once figure person idea effort must.', 115, 100, 3, 35, 45,80, 'https://placekitten.com/414/158', 'Bill describe condition nor.');
INSERT INTO recipe_meal_type(recipe_id, meal_type_id) VALUES (48, 4);
INSERT INTO recipe_tag(recipe_id, tag_id) VALUES (48, 59);
INSERT INTO recipe_tag(recipe_id, tag_id) VALUES (48, 39);
INSERT INTO recipe_tag(recipe_id, tag_id) VALUES (48, 73);
INSERT INTO recipe_tag(recipe_id, tag_id) VALUES (48, 17);
INSERT INTO recipe_tag(recipe_id, tag_id) VALUES (48, 40);
INSERT INTO recipe_tag(recipe_id, tag_id) VALUES (48, 22);
INSERT INTO recipe_tag(recipe_id, tag_id) VALUES (48, 34);
INSERT INTO recipe_tag(recipe_id, tag_id) VALUES (48, 30);
INSERT INTO recipe_equipment(recipe_id, equipment_id, num) VALUES (48, 12, 3);
INSERT INTO recipe_equipment(recipe_id, equipment_id, num) VALUES (48, 10, 1);
INSERT INTO recipe_equipment(recipe_id, equipment_id, num) VALUES (48, 2, 4);
INSERT INTO recipe_equipment(recipe_id, equipment_id, num) VALUES (48, 5, 1);
INSERT INTO recipe_equipment(recipe_id, equipment_id, num) VALUES (48, 20, 1);
INSERT INTO recipe_equipment(recipe_id, equipment_id, num) VALUES (48, 17, 4);
INSERT INTO recipe_cook(recipe_id, cook_id) VALUES (48, 43);
INSERT INTO recipe_cook(recipe_id, cook_id) VALUES (48, 159);
INSERT INTO recipe_cook(recipe_id, cook_id) VALUES (48, 42);
INSERT INTO recipe_cook(recipe_id, cook_id) VALUES (48, 183);
INSERT INTO recipe_cook(recipe_id, cook_id) VALUES (48, 138);
INSERT INTO recipe_cook(recipe_id, cook_id) VALUES (48, 74);
INSERT INTO recipe_cook(recipe_id, cook_id) VALUES (48, 47);
INSERT INTO recipe_cook(recipe_id, cook_id) VALUES (48, 45);
INSERT INTO recipe_cook(recipe_id, cook_id) VALUES (48, 182);
INSERT INTO recipe_cook(recipe_id, cook_id) VALUES (48, 178);
INSERT INTO recipe_cook(recipe_id, cook_id) VALUES (48, 171);
INSERT INTO recipe_cook(recipe_id, cook_id) VALUES (48, 40);
INSERT INTO recipe_cook(recipe_id, cook_id) VALUES (48, 198);
INSERT INTO recipe_cook(recipe_id, cook_id) VALUES (48, 61);
INSERT INTO recipe_cook(recipe_id, cook_id) VALUES (48, 30);
INSERT INTO recipe_cook(recipe_id, cook_id) VALUES (48, 11);
INSERT INTO recipe_cook(recipe_id, cook_id) VALUES (48, 82);
INSERT INTO recipe_cook(recipe_id, cook_id) VALUES (48, 148);
INSERT INTO recipe_cook(recipe_id, cook_id) VALUES (48, 33);
INSERT INTO recipe_cook(recipe_id, cook_id) VALUES (48, 113);
INSERT INTO recipe_cook(recipe_id, cook_id) VALUES (48, 67);
INSERT INTO recipe_cook(recipe_id, cook_id) VALUES (48, 95);
INSERT INTO recipe_cook(recipe_id, cook_id) VALUES (48, 48);
INSERT INTO recipe_cook(recipe_id, cook_id) VALUES (48, 53);
INSERT INTO recipe_cook(recipe_id, cook_id) VALUES (48, 144);
INSERT INTO recipe_cook(recipe_id, cook_id) VALUES (48, 9);
INSERT INTO recipe_cook(recipe_id, cook_id) VALUES (48, 190);
INSERT INTO recipe_cook(recipe_id, cook_id) VALUES (48, 184);
INSERT INTO recipe_cook(recipe_id, cook_id) VALUES (48, 89);
INSERT INTO recipe_cook(recipe_id, cook_id) VALUES (48, 38);
INSERT INTO recipe_cook(recipe_id, cook_id) VALUES (48, 96);
INSERT INTO recipe_cook(recipe_id, cook_id) VALUES (48, 115);
INSERT INTO recipe_cook(recipe_id, cook_id) VALUES (48, 139);
INSERT INTO recipe_cook(recipe_id, cook_id) VALUES (48, 188);
INSERT INTO recipe_cook(recipe_id, cook_id) VALUES (48, 137);
INSERT INTO recipe_cook(recipe_id, cook_id) VALUES (48, 78);
INSERT INTO recipe_cook(recipe_id, cook_id) VALUES (48, 32);
INSERT INTO recipe_cook(recipe_id, cook_id) VALUES (48, 7);
INSERT INTO recipe_cook(recipe_id, cook_id) VALUES (48, 104);
INSERT INTO recipe_cook(recipe_id, cook_id) VALUES (48, 128);
INSERT INTO recipe_cook(recipe_id, cook_id) VALUES (48, 174);
INSERT INTO recipe_cook(recipe_id, cook_id) VALUES (48, 118);
INSERT INTO recipe_cook(recipe_id, cook_id) VALUES (48, 173);
INSERT INTO recipe_cook(recipe_id, cook_id) VALUES (48, 189);
INSERT INTO recipe_cook(recipe_id, cook_id) VALUES (48, 2);
INSERT INTO recipe_cook(recipe_id, cook_id) VALUES (48, 140);
INSERT INTO recipe_cook(recipe_id, cook_id) VALUES (48, 130);
INSERT INTO recipe_cook(recipe_id, cook_id) VALUES (48, 85);
INSERT INTO recipe_cook(recipe_id, cook_id) VALUES (48, 76);
INSERT INTO recipe_cook(recipe_id, cook_id) VALUES (48, 122);
INSERT INTO recipe_cook(recipe_id, cook_id) VALUES (48, 75);
INSERT INTO recipe_cook(recipe_id, cook_id) VALUES (48, 147);
INSERT INTO recipe_cook(recipe_id, cook_id) VALUES (48, 160);
INSERT INTO recipe_cook(recipe_id, cook_id) VALUES (48, 145);
INSERT INTO recipe_cook(recipe_id, cook_id) VALUES (48, 114);
INSERT INTO recipe_cook(recipe_id, cook_id) VALUES (48, 87);
INSERT INTO recipe_cook(recipe_id, cook_id) VALUES (48, 29);
INSERT INTO recipe_cook(recipe_id, cook_id) VALUES (48, 123);
INSERT INTO recipe_cook(recipe_id, cook_id) VALUES (48, 185);
INSERT INTO recipe_cook(recipe_id, cook_id) VALUES (48, 36);
INSERT INTO recipe_cook(recipe_id, cook_id) VALUES (48, 186);
INSERT INTO recipe_cook(recipe_id, cook_id) VALUES (48, 79);
INSERT INTO recipe_cook(recipe_id, cook_id) VALUES (48, 163);
INSERT INTO recipe_cook(recipe_id, cook_id) VALUES (48, 103);
INSERT INTO recipe_cook(recipe_id, cook_id) VALUES (48, 57);
INSERT INTO recipe_cook(recipe_id, cook_id) VALUES (48, 169);
INSERT INTO recipe_cook(recipe_id, cook_id) VALUES (48, 92);
INSERT INTO recipe_cook(recipe_id, cook_id) VALUES (48, 24);
INSERT INTO recipe_cook(recipe_id, cook_id) VALUES (48, 84);
INSERT INTO recipe_cook(recipe_id, cook_id) VALUES (48, 15);
INSERT INTO recipe_cook(recipe_id, cook_id) VALUES (48, 50);
INSERT INTO recipe_cook(recipe_id, cook_id) VALUES (48, 136);
INSERT INTO recipe_cook(recipe_id, cook_id) VALUES (48, 72);
INSERT INTO recipe_cook(recipe_id, cook_id) VALUES (48, 26);
INSERT INTO recipe_cook(recipe_id, cook_id) VALUES (48, 3);
INSERT INTO recipe_cook(recipe_id, cook_id) VALUES (48, 142);
INSERT INTO recipe_cook(recipe_id, cook_id) VALUES (48, 69);
INSERT INTO recipe_cook(recipe_id, cook_id) VALUES (48, 109);
INSERT INTO recipe_cook(recipe_id, cook_id) VALUES (48, 58);
INSERT INTO recipe_cook(recipe_id, cook_id) VALUES (48, 149);
INSERT INTO recipe_cook(recipe_id, cook_id) VALUES (48, 86);
INSERT INTO recipe_cook(recipe_id, cook_id) VALUES (48, 12);
INSERT INTO recipe_cook(recipe_id, cook_id) VALUES (48, 66);
INSERT INTO recipe_cook(recipe_id, cook_id) VALUES (48, 51);
INSERT INTO recipe_cook(recipe_id, cook_id) VALUES (48, 25);
INSERT INTO recipe_cook(recipe_id, cook_id) VALUES (48, 63);
INSERT INTO recipe_cook(recipe_id, cook_id) VALUES (48, 41);
INSERT INTO recipe_cook(recipe_id, cook_id) VALUES (48, 165);
INSERT INTO recipe_cook(recipe_id, cook_id) VALUES (48, 181);
INSERT INTO recipe_cook(recipe_id, cook_id) VALUES (48, 199);
INSERT INTO recipe_cook(recipe_id, cook_id) VALUES (48, 8);
INSERT INTO recipe_cook(recipe_id, cook_id) VALUES (48, 120);
INSERT INTO recipe_cook(recipe_id, cook_id) VALUES (48, 194);
INSERT INTO recipe_cook(recipe_id, cook_id) VALUES (48, 117);
INSERT INTO recipe_cook(recipe_id, cook_id) VALUES (48, 19);
INSERT INTO recipe_cook(recipe_id, cook_id) VALUES (48, 134);
INSERT INTO recipe_cook(recipe_id, cook_id) VALUES (48, 55);
INSERT INTO recipe_cook(recipe_id, cook_id) VALUES (48, 191);
INSERT INTO recipe_cook(recipe_id, cook_id) VALUES (48, 154);
INSERT INTO recipe_cook(recipe_id, cook_id) VALUES (48, 166);
INSERT INTO recipe_cook(recipe_id, cook_id) VALUES (48, 156);
INSERT INTO recipe_cook(recipe_id, cook_id) VALUES (48, 37);
INSERT INTO recipe_cook(recipe_id, cook_id) VALUES (48, 193);
INSERT INTO recipe_cook(recipe_id, cook_id) VALUES (48, 98);
INSERT INTO recipe_cook(recipe_id, cook_id) VALUES (48, 157);
INSERT INTO recipe_cook(recipe_id, cook_id) VALUES (48, 151);
INSERT INTO recipe_cook(recipe_id, cook_id) VALUES (48, 161);
INSERT INTO recipe_cook(recipe_id, cook_id) VALUES (48, 119);
INSERT INTO recipe_cook(recipe_id, cook_id) VALUES (48, 28);
INSERT INTO recipe_cook(recipe_id, cook_id) VALUES (48, 129);
INSERT INTO recipe_cook(recipe_id, cook_id) VALUES (48, 54);
INSERT INTO recipe_cook(recipe_id, cook_id) VALUES (48, 91);
INSERT INTO recipe_cook(recipe_id, cook_id) VALUES (48, 99);
INSERT INTO recipe_cook(recipe_id, cook_id) VALUES (48, 21);
INSERT INTO recipe_cook(recipe_id, cook_id) VALUES (48, 162);
INSERT INTO recipe_cook(recipe_id, cook_id) VALUES (48, 90);
INSERT INTO recipe_cook(recipe_id, cook_id) VALUES (48, 18);
INSERT INTO recipe_themes(recipe_id, theme_id) VALUES (48, 39);
INSERT INTO recipe_themes(recipe_id, theme_id) VALUES (48, 6);
INSERT INTO recipe_themes(recipe_id, theme_id) VALUES (48, 10);
INSERT INTO recipe_tip(recipe_id, tip_id) VALUES (48, 20);

INSERT INTO recipe(baking, cuisine_id, difficulty, recipe_title, recipe_description, prep_time, cook_time, portions, fat_portion, protein_portion, carbs_portion, picture_uri, picture_description) VALUES(1, 27, 2,'Pork Carnitas', 'Population him offer table painting whom say pattern. Decide able discussion describe upon past century. Themselves follow time appear memory keep professor. Few service drive hotel similar relationship. Find miss most third success western.', 95, 70, 5, 10, 15,25, 'https://dummyimage.com/568x292', 'Kid reason economy build tonight present concern.');
INSERT INTO recipe_meal_type(recipe_id, meal_type_id) VALUES (49, 5);
INSERT INTO recipe_tag(recipe_id, tag_id) VALUES (49, 38);
INSERT INTO recipe_tag(recipe_id, tag_id) VALUES (49, 71);
INSERT INTO recipe_tag(recipe_id, tag_id) VALUES (49, 63);
INSERT INTO recipe_tag(recipe_id, tag_id) VALUES (49, 6);
INSERT INTO recipe_tag(recipe_id, tag_id) VALUES (49, 39);
INSERT INTO recipe_tag(recipe_id, tag_id) VALUES (49, 75);
INSERT INTO recipe_tag(recipe_id, tag_id) VALUES (49, 64);
INSERT INTO recipe_equipment(recipe_id, equipment_id, num) VALUES (49, 15, 1);
INSERT INTO recipe_equipment(recipe_id, equipment_id, num) VALUES (49, 8, 1);
INSERT INTO recipe_equipment(recipe_id, equipment_id, num) VALUES (49, 1, 1);
INSERT INTO recipe_equipment(recipe_id, equipment_id, num) VALUES (49, 18, 2);
INSERT INTO recipe_equipment(recipe_id, equipment_id, num) VALUES (49, 5, 2);
INSERT INTO recipe_equipment(recipe_id, equipment_id, num) VALUES (49, 16, 3);
INSERT INTO recipe_equipment(recipe_id, equipment_id, num) VALUES (49, 20, 2);
INSERT INTO recipe_cook(recipe_id, cook_id) VALUES (49, 163);
INSERT INTO recipe_cook(recipe_id, cook_id) VALUES (49, 121);
INSERT INTO recipe_cook(recipe_id, cook_id) VALUES (49, 32);
INSERT INTO recipe_cook(recipe_id, cook_id) VALUES (49, 168);
INSERT INTO recipe_cook(recipe_id, cook_id) VALUES (49, 171);
INSERT INTO recipe_cook(recipe_id, cook_id) VALUES (49, 74);
INSERT INTO recipe_cook(recipe_id, cook_id) VALUES (49, 107);
INSERT INTO recipe_cook(recipe_id, cook_id) VALUES (49, 46);
INSERT INTO recipe_cook(recipe_id, cook_id) VALUES (49, 126);
INSERT INTO recipe_cook(recipe_id, cook_id) VALUES (49, 177);
INSERT INTO recipe_cook(recipe_id, cook_id) VALUES (49, 166);
INSERT INTO recipe_cook(recipe_id, cook_id) VALUES (49, 63);
INSERT INTO recipe_cook(recipe_id, cook_id) VALUES (49, 8);
INSERT INTO recipe_cook(recipe_id, cook_id) VALUES (49, 31);
INSERT INTO recipe_cook(recipe_id, cook_id) VALUES (49, 71);
INSERT INTO recipe_cook(recipe_id, cook_id) VALUES (49, 127);
INSERT INTO recipe_cook(recipe_id, cook_id) VALUES (49, 18);
INSERT INTO recipe_cook(recipe_id, cook_id) VALUES (49, 154);
INSERT INTO recipe_cook(recipe_id, cook_id) VALUES (49, 93);
INSERT INTO recipe_cook(recipe_id, cook_id) VALUES (49, 149);
INSERT INTO recipe_cook(recipe_id, cook_id) VALUES (49, 124);
INSERT INTO recipe_cook(recipe_id, cook_id) VALUES (49, 145);
INSERT INTO recipe_cook(recipe_id, cook_id) VALUES (49, 112);
INSERT INTO recipe_cook(recipe_id, cook_id) VALUES (49, 67);
INSERT INTO recipe_cook(recipe_id, cook_id) VALUES (49, 161);
INSERT INTO recipe_cook(recipe_id, cook_id) VALUES (49, 122);
INSERT INTO recipe_cook(recipe_id, cook_id) VALUES (49, 187);
INSERT INTO recipe_cook(recipe_id, cook_id) VALUES (49, 96);
INSERT INTO recipe_cook(recipe_id, cook_id) VALUES (49, 132);
INSERT INTO recipe_cook(recipe_id, cook_id) VALUES (49, 148);
INSERT INTO recipe_cook(recipe_id, cook_id) VALUES (49, 5);
INSERT INTO recipe_cook(recipe_id, cook_id) VALUES (49, 191);
INSERT INTO recipe_cook(recipe_id, cook_id) VALUES (49, 42);
INSERT INTO recipe_cook(recipe_id, cook_id) VALUES (49, 181);
INSERT INTO recipe_cook(recipe_id, cook_id) VALUES (49, 15);
INSERT INTO recipe_cook(recipe_id, cook_id) VALUES (49, 38);
INSERT INTO recipe_cook(recipe_id, cook_id) VALUES (49, 82);
INSERT INTO recipe_cook(recipe_id, cook_id) VALUES (49, 119);
INSERT INTO recipe_cook(recipe_id, cook_id) VALUES (49, 35);
INSERT INTO recipe_cook(recipe_id, cook_id) VALUES (49, 92);
INSERT INTO recipe_cook(recipe_id, cook_id) VALUES (49, 197);
INSERT INTO recipe_cook(recipe_id, cook_id) VALUES (49, 14);
INSERT INTO recipe_cook(recipe_id, cook_id) VALUES (49, 70);
INSERT INTO recipe_cook(recipe_id, cook_id) VALUES (49, 182);
INSERT INTO recipe_cook(recipe_id, cook_id) VALUES (49, 108);
INSERT INTO recipe_cook(recipe_id, cook_id) VALUES (49, 176);
INSERT INTO recipe_cook(recipe_id, cook_id) VALUES (49, 13);
INSERT INTO recipe_cook(recipe_id, cook_id) VALUES (49, 75);
INSERT INTO recipe_cook(recipe_id, cook_id) VALUES (49, 153);
INSERT INTO recipe_cook(recipe_id, cook_id) VALUES (49, 136);
INSERT INTO recipe_cook(recipe_id, cook_id) VALUES (49, 20);
INSERT INTO recipe_cook(recipe_id, cook_id) VALUES (49, 172);
INSERT INTO recipe_cook(recipe_id, cook_id) VALUES (49, 50);
INSERT INTO recipe_cook(recipe_id, cook_id) VALUES (49, 47);
INSERT INTO recipe_cook(recipe_id, cook_id) VALUES (49, 25);
INSERT INTO recipe_cook(recipe_id, cook_id) VALUES (49, 43);
INSERT INTO recipe_cook(recipe_id, cook_id) VALUES (49, 140);
INSERT INTO recipe_cook(recipe_id, cook_id) VALUES (49, 83);
INSERT INTO recipe_cook(recipe_id, cook_id) VALUES (49, 81);
INSERT INTO recipe_cook(recipe_id, cook_id) VALUES (49, 78);
INSERT INTO recipe_cook(recipe_id, cook_id) VALUES (49, 158);
INSERT INTO recipe_cook(recipe_id, cook_id) VALUES (49, 157);
INSERT INTO recipe_cook(recipe_id, cook_id) VALUES (49, 146);
INSERT INTO recipe_cook(recipe_id, cook_id) VALUES (49, 137);
INSERT INTO recipe_cook(recipe_id, cook_id) VALUES (49, 91);
INSERT INTO recipe_cook(recipe_id, cook_id) VALUES (49, 37);
INSERT INTO recipe_cook(recipe_id, cook_id) VALUES (49, 4);
INSERT INTO recipe_cook(recipe_id, cook_id) VALUES (49, 36);
INSERT INTO recipe_cook(recipe_id, cook_id) VALUES (49, 73);
INSERT INTO recipe_cook(recipe_id, cook_id) VALUES (49, 173);
INSERT INTO recipe_cook(recipe_id, cook_id) VALUES (49, 125);
INSERT INTO recipe_cook(recipe_id, cook_id) VALUES (49, 106);
INSERT INTO recipe_cook(recipe_id, cook_id) VALUES (49, 88);
INSERT INTO recipe_cook(recipe_id, cook_id) VALUES (49, 118);
INSERT INTO recipe_cook(recipe_id, cook_id) VALUES (49, 117);
INSERT INTO recipe_cook(recipe_id, cook_id) VALUES (49, 21);
INSERT INTO recipe_cook(recipe_id, cook_id) VALUES (49, 159);
INSERT INTO recipe_cook(recipe_id, cook_id) VALUES (49, 28);
INSERT INTO recipe_cook(recipe_id, cook_id) VALUES (49, 150);
INSERT INTO recipe_cook(recipe_id, cook_id) VALUES (49, 65);
INSERT INTO recipe_cook(recipe_id, cook_id) VALUES (49, 29);
INSERT INTO recipe_cook(recipe_id, cook_id) VALUES (49, 194);
INSERT INTO recipe_cook(recipe_id, cook_id) VALUES (49, 138);
INSERT INTO recipe_cook(recipe_id, cook_id) VALUES (49, 102);
INSERT INTO recipe_cook(recipe_id, cook_id) VALUES (49, 115);
INSERT INTO recipe_cook(recipe_id, cook_id) VALUES (49, 72);
INSERT INTO recipe_cook(recipe_id, cook_id) VALUES (49, 79);
INSERT INTO recipe_cook(recipe_id, cook_id) VALUES (49, 89);
INSERT INTO recipe_cook(recipe_id, cook_id) VALUES (49, 200);
INSERT INTO recipe_cook(recipe_id, cook_id) VALUES (49, 68);
INSERT INTO recipe_cook(recipe_id, cook_id) VALUES (49, 109);
INSERT INTO recipe_cook(recipe_id, cook_id) VALUES (49, 69);
INSERT INTO recipe_cook(recipe_id, cook_id) VALUES (49, 155);
INSERT INTO recipe_cook(recipe_id, cook_id) VALUES (49, 186);
INSERT INTO recipe_cook(recipe_id, cook_id) VALUES (49, 90);
INSERT INTO recipe_cook(recipe_id, cook_id) VALUES (49, 97);
INSERT INTO recipe_cook(recipe_id, cook_id) VALUES (49, 103);
INSERT INTO recipe_cook(recipe_id, cook_id) VALUES (49, 190);
INSERT INTO recipe_cook(recipe_id, cook_id) VALUES (49, 54);
INSERT INTO recipe_cook(recipe_id, cook_id) VALUES (49, 59);
INSERT INTO recipe_cook(recipe_id, cook_id) VALUES (49, 10);
INSERT INTO recipe_cook(recipe_id, cook_id) VALUES (49, 104);
INSERT INTO recipe_cook(recipe_id, cook_id) VALUES (49, 17);
INSERT INTO recipe_cook(recipe_id, cook_id) VALUES (49, 3);
INSERT INTO recipe_cook(recipe_id, cook_id) VALUES (49, 62);
INSERT INTO recipe_cook(recipe_id, cook_id) VALUES (49, 45);
INSERT INTO recipe_cook(recipe_id, cook_id) VALUES (49, 40);
INSERT INTO recipe_cook(recipe_id, cook_id) VALUES (49, 113);
INSERT INTO recipe_cook(recipe_id, cook_id) VALUES (49, 147);
INSERT INTO recipe_cook(recipe_id, cook_id) VALUES (49, 184);
INSERT INTO recipe_cook(recipe_id, cook_id) VALUES (49, 57);
INSERT INTO recipe_cook(recipe_id, cook_id) VALUES (49, 77);
INSERT INTO recipe_cook(recipe_id, cook_id) VALUES (49, 169);
INSERT INTO recipe_cook(recipe_id, cook_id) VALUES (49, 44);
INSERT INTO recipe_cook(recipe_id, cook_id) VALUES (49, 23);
INSERT INTO recipe_cook(recipe_id, cook_id) VALUES (49, 39);
INSERT INTO recipe_cook(recipe_id, cook_id) VALUES (49, 134);
INSERT INTO recipe_cook(recipe_id, cook_id) VALUES (49, 16);
INSERT INTO recipe_cook(recipe_id, cook_id) VALUES (49, 120);
INSERT INTO recipe_cook(recipe_id, cook_id) VALUES (49, 98);
INSERT INTO recipe_cook(recipe_id, cook_id) VALUES (49, 19);
INSERT INTO recipe_cook(recipe_id, cook_id) VALUES (49, 30);
INSERT INTO recipe_cook(recipe_id, cook_id) VALUES (49, 94);
INSERT INTO recipe_cook(recipe_id, cook_id) VALUES (49, 142);
INSERT INTO recipe_cook(recipe_id, cook_id) VALUES (49, 27);
INSERT INTO recipe_cook(recipe_id, cook_id) VALUES (49, 139);
INSERT INTO recipe_cook(recipe_id, cook_id) VALUES (49, 11);
INSERT INTO recipe_cook(recipe_id, cook_id) VALUES (49, 55);
INSERT INTO recipe_cook(recipe_id, cook_id) VALUES (49, 99);
INSERT INTO recipe_cook(recipe_id, cook_id) VALUES (49, 100);
INSERT INTO recipe_cook(recipe_id, cook_id) VALUES (49, 105);
INSERT INTO recipe_cook(recipe_id, cook_id) VALUES (49, 131);
INSERT INTO recipe_cook(recipe_id, cook_id) VALUES (49, 56);
INSERT INTO recipe_cook(recipe_id, cook_id) VALUES (49, 6);
INSERT INTO recipe_cook(recipe_id, cook_id) VALUES (49, 26);
INSERT INTO recipe_cook(recipe_id, cook_id) VALUES (49, 180);
INSERT INTO recipe_cook(recipe_id, cook_id) VALUES (49, 170);
INSERT INTO recipe_cook(recipe_id, cook_id) VALUES (49, 51);
INSERT INTO recipe_cook(recipe_id, cook_id) VALUES (49, 179);
INSERT INTO recipe_cook(recipe_id, cook_id) VALUES (49, 33);
INSERT INTO recipe_cook(recipe_id, cook_id) VALUES (49, 165);
INSERT INTO recipe_cook(recipe_id, cook_id) VALUES (49, 84);
INSERT INTO recipe_cook(recipe_id, cook_id) VALUES (49, 174);
INSERT INTO recipe_cook(recipe_id, cook_id) VALUES (49, 188);
INSERT INTO recipe_cook(recipe_id, cook_id) VALUES (49, 152);
INSERT INTO recipe_cook(recipe_id, cook_id) VALUES (49, 144);
INSERT INTO recipe_cook(recipe_id, cook_id) VALUES (49, 64);
INSERT INTO recipe_cook(recipe_id, cook_id) VALUES (49, 175);
INSERT INTO recipe_cook(recipe_id, cook_id) VALUES (49, 110);
INSERT INTO recipe_cook(recipe_id, cook_id) VALUES (49, 1);
INSERT INTO recipe_cook(recipe_id, cook_id) VALUES (49, 49);
INSERT INTO recipe_cook(recipe_id, cook_id) VALUES (49, 7);
INSERT INTO recipe_cook(recipe_id, cook_id) VALUES (49, 129);
INSERT INTO recipe_cook(recipe_id, cook_id) VALUES (49, 85);
INSERT INTO recipe_cook(recipe_id, cook_id) VALUES (49, 199);
INSERT INTO recipe_cook(recipe_id, cook_id) VALUES (49, 60);
INSERT INTO recipe_cook(recipe_id, cook_id) VALUES (49, 183);
INSERT INTO recipe_cook(recipe_id, cook_id) VALUES (49, 12);
INSERT INTO recipe_cook(recipe_id, cook_id) VALUES (49, 86);
INSERT INTO recipe_cook(recipe_id, cook_id) VALUES (49, 2);
INSERT INTO recipe_cook(recipe_id, cook_id) VALUES (49, 128);
INSERT INTO recipe_cook(recipe_id, cook_id) VALUES (49, 178);
INSERT INTO recipe_cook(recipe_id, cook_id) VALUES (49, 151);
INSERT INTO recipe_cook(recipe_id, cook_id) VALUES (49, 160);
INSERT INTO recipe_themes(recipe_id, theme_id) VALUES (49, 11);
INSERT INTO recipe_themes(recipe_id, theme_id) VALUES (49, 33);
INSERT INTO recipe_tip(recipe_id, tip_id) VALUES (49, 40);
INSERT INTO recipe_tip(recipe_id, tip_id) VALUES (49, 16);
INSERT INTO recipe_tip(recipe_id, tip_id) VALUES (49, 33);

INSERT INTO recipe(baking, cuisine_id, difficulty, recipe_title, recipe_description, prep_time, cook_time, portions, fat_portion, protein_portion, carbs_portion, picture_uri, picture_description) VALUES(0, 47, 1,'Crepes', 'Rock degree nice young vote him. Value yet cultural guess. Accept financial behind hard effect. Parent almost ever.', 45, 80, 4, 25, 55,25, 'https://picsum.photos/980/815', 'Ever arm occur air responsibility.');
INSERT INTO recipe_meal_type(recipe_id, meal_type_id) VALUES (50, 5);
INSERT INTO recipe_tag(recipe_id, tag_id) VALUES (50, 87);
INSERT INTO recipe_tag(recipe_id, tag_id) VALUES (50, 14);
INSERT INTO recipe_tag(recipe_id, tag_id) VALUES (50, 24);
INSERT INTO recipe_tag(recipe_id, tag_id) VALUES (50, 46);
INSERT INTO recipe_tag(recipe_id, tag_id) VALUES (50, 49);
INSERT INTO recipe_tag(recipe_id, tag_id) VALUES (50, 55);
INSERT INTO recipe_tag(recipe_id, tag_id) VALUES (50, 28);
INSERT INTO recipe_tag(recipe_id, tag_id) VALUES (50, 66);
INSERT INTO recipe_equipment(recipe_id, equipment_id, num) VALUES (50, 14, 3);
INSERT INTO recipe_equipment(recipe_id, equipment_id, num) VALUES (50, 4, 2);
INSERT INTO recipe_equipment(recipe_id, equipment_id, num) VALUES (50, 11, 4);
INSERT INTO recipe_equipment(recipe_id, equipment_id, num) VALUES (50, 19, 4);
INSERT INTO recipe_cook(recipe_id, cook_id) VALUES (50, 29);
INSERT INTO recipe_cook(recipe_id, cook_id) VALUES (50, 134);
INSERT INTO recipe_cook(recipe_id, cook_id) VALUES (50, 35);
INSERT INTO recipe_cook(recipe_id, cook_id) VALUES (50, 127);
INSERT INTO recipe_cook(recipe_id, cook_id) VALUES (50, 196);
INSERT INTO recipe_cook(recipe_id, cook_id) VALUES (50, 93);
INSERT INTO recipe_cook(recipe_id, cook_id) VALUES (50, 181);
INSERT INTO recipe_cook(recipe_id, cook_id) VALUES (50, 74);
INSERT INTO recipe_cook(recipe_id, cook_id) VALUES (50, 143);
INSERT INTO recipe_cook(recipe_id, cook_id) VALUES (50, 185);
INSERT INTO recipe_cook(recipe_id, cook_id) VALUES (50, 11);
INSERT INTO recipe_cook(recipe_id, cook_id) VALUES (50, 22);
INSERT INTO recipe_cook(recipe_id, cook_id) VALUES (50, 84);
INSERT INTO recipe_cook(recipe_id, cook_id) VALUES (50, 197);
INSERT INTO recipe_cook(recipe_id, cook_id) VALUES (50, 30);
INSERT INTO recipe_cook(recipe_id, cook_id) VALUES (50, 99);
INSERT INTO recipe_cook(recipe_id, cook_id) VALUES (50, 73);
INSERT INTO recipe_cook(recipe_id, cook_id) VALUES (50, 117);
INSERT INTO recipe_cook(recipe_id, cook_id) VALUES (50, 154);
INSERT INTO recipe_cook(recipe_id, cook_id) VALUES (50, 80);
INSERT INTO recipe_cook(recipe_id, cook_id) VALUES (50, 176);
INSERT INTO recipe_cook(recipe_id, cook_id) VALUES (50, 114);
INSERT INTO recipe_cook(recipe_id, cook_id) VALUES (50, 58);
INSERT INTO recipe_cook(recipe_id, cook_id) VALUES (50, 142);
INSERT INTO recipe_cook(recipe_id, cook_id) VALUES (50, 105);
INSERT INTO recipe_cook(recipe_id, cook_id) VALUES (50, 75);
INSERT INTO recipe_cook(recipe_id, cook_id) VALUES (50, 110);
INSERT INTO recipe_cook(recipe_id, cook_id) VALUES (50, 49);
INSERT INTO recipe_cook(recipe_id, cook_id) VALUES (50, 18);
INSERT INTO recipe_cook(recipe_id, cook_id) VALUES (50, 122);
INSERT INTO recipe_cook(recipe_id, cook_id) VALUES (50, 95);
INSERT INTO recipe_cook(recipe_id, cook_id) VALUES (50, 46);
INSERT INTO recipe_cook(recipe_id, cook_id) VALUES (50, 4);
INSERT INTO recipe_cook(recipe_id, cook_id) VALUES (50, 126);
INSERT INTO recipe_cook(recipe_id, cook_id) VALUES (50, 27);
INSERT INTO recipe_cook(recipe_id, cook_id) VALUES (50, 102);
INSERT INTO recipe_cook(recipe_id, cook_id) VALUES (50, 113);
INSERT INTO recipe_cook(recipe_id, cook_id) VALUES (50, 199);
INSERT INTO recipe_cook(recipe_id, cook_id) VALUES (50, 189);
INSERT INTO recipe_cook(recipe_id, cook_id) VALUES (50, 31);
INSERT INTO recipe_cook(recipe_id, cook_id) VALUES (50, 37);
INSERT INTO recipe_cook(recipe_id, cook_id) VALUES (50, 165);
INSERT INTO recipe_cook(recipe_id, cook_id) VALUES (50, 103);
INSERT INTO recipe_cook(recipe_id, cook_id) VALUES (50, 152);
INSERT INTO recipe_cook(recipe_id, cook_id) VALUES (50, 166);
INSERT INTO recipe_cook(recipe_id, cook_id) VALUES (50, 44);
INSERT INTO recipe_cook(recipe_id, cook_id) VALUES (50, 17);
INSERT INTO recipe_cook(recipe_id, cook_id) VALUES (50, 94);
INSERT INTO recipe_cook(recipe_id, cook_id) VALUES (50, 51);
INSERT INTO recipe_cook(recipe_id, cook_id) VALUES (50, 87);
INSERT INTO recipe_cook(recipe_id, cook_id) VALUES (50, 52);
INSERT INTO recipe_cook(recipe_id, cook_id) VALUES (50, 104);
INSERT INTO recipe_cook(recipe_id, cook_id) VALUES (50, 32);
INSERT INTO recipe_cook(recipe_id, cook_id) VALUES (50, 60);
INSERT INTO recipe_cook(recipe_id, cook_id) VALUES (50, 109);
INSERT INTO recipe_cook(recipe_id, cook_id) VALUES (50, 128);
INSERT INTO recipe_cook(recipe_id, cook_id) VALUES (50, 72);
INSERT INTO recipe_cook(recipe_id, cook_id) VALUES (50, 70);
INSERT INTO recipe_cook(recipe_id, cook_id) VALUES (50, 158);
INSERT INTO recipe_cook(recipe_id, cook_id) VALUES (50, 92);
INSERT INTO recipe_cook(recipe_id, cook_id) VALUES (50, 171);
INSERT INTO recipe_cook(recipe_id, cook_id) VALUES (50, 149);
INSERT INTO recipe_cook(recipe_id, cook_id) VALUES (50, 125);
INSERT INTO recipe_cook(recipe_id, cook_id) VALUES (50, 131);
INSERT INTO recipe_cook(recipe_id, cook_id) VALUES (50, 144);
INSERT INTO recipe_cook(recipe_id, cook_id) VALUES (50, 38);
INSERT INTO recipe_cook(recipe_id, cook_id) VALUES (50, 183);
INSERT INTO recipe_cook(recipe_id, cook_id) VALUES (50, 28);
INSERT INTO recipe_cook(recipe_id, cook_id) VALUES (50, 148);
INSERT INTO recipe_cook(recipe_id, cook_id) VALUES (50, 65);
INSERT INTO recipe_cook(recipe_id, cook_id) VALUES (50, 167);
INSERT INTO recipe_cook(recipe_id, cook_id) VALUES (50, 145);
INSERT INTO recipe_cook(recipe_id, cook_id) VALUES (50, 147);
INSERT INTO recipe_cook(recipe_id, cook_id) VALUES (50, 81);
INSERT INTO recipe_cook(recipe_id, cook_id) VALUES (50, 121);
INSERT INTO recipe_cook(recipe_id, cook_id) VALUES (50, 172);
INSERT INTO recipe_cook(recipe_id, cook_id) VALUES (50, 168);
INSERT INTO recipe_cook(recipe_id, cook_id) VALUES (50, 13);
INSERT INTO recipe_cook(recipe_id, cook_id) VALUES (50, 170);
INSERT INTO recipe_cook(recipe_id, cook_id) VALUES (50, 7);
INSERT INTO recipe_cook(recipe_id, cook_id) VALUES (50, 107);
INSERT INTO recipe_cook(recipe_id, cook_id) VALUES (50, 9);
INSERT INTO recipe_cook(recipe_id, cook_id) VALUES (50, 64);
INSERT INTO recipe_cook(recipe_id, cook_id) VALUES (50, 151);
INSERT INTO recipe_cook(recipe_id, cook_id) VALUES (50, 124);
INSERT INTO recipe_cook(recipe_id, cook_id) VALUES (50, 23);
INSERT INTO recipe_cook(recipe_id, cook_id) VALUES (50, 173);
INSERT INTO recipe_cook(recipe_id, cook_id) VALUES (50, 78);
INSERT INTO recipe_cook(recipe_id, cook_id) VALUES (50, 163);
INSERT INTO recipe_cook(recipe_id, cook_id) VALUES (50, 42);
INSERT INTO recipe_cook(recipe_id, cook_id) VALUES (50, 20);
INSERT INTO recipe_cook(recipe_id, cook_id) VALUES (50, 39);
INSERT INTO recipe_cook(recipe_id, cook_id) VALUES (50, 194);
INSERT INTO recipe_cook(recipe_id, cook_id) VALUES (50, 108);
INSERT INTO recipe_cook(recipe_id, cook_id) VALUES (50, 123);
INSERT INTO recipe_cook(recipe_id, cook_id) VALUES (50, 98);
INSERT INTO recipe_cook(recipe_id, cook_id) VALUES (50, 10);
INSERT INTO recipe_cook(recipe_id, cook_id) VALUES (50, 85);
INSERT INTO recipe_cook(recipe_id, cook_id) VALUES (50, 97);
INSERT INTO recipe_cook(recipe_id, cook_id) VALUES (50, 67);
INSERT INTO recipe_cook(recipe_id, cook_id) VALUES (50, 191);
INSERT INTO recipe_cook(recipe_id, cook_id) VALUES (50, 118);
INSERT INTO recipe_cook(recipe_id, cook_id) VALUES (50, 129);
INSERT INTO recipe_cook(recipe_id, cook_id) VALUES (50, 26);
INSERT INTO recipe_cook(recipe_id, cook_id) VALUES (50, 135);
INSERT INTO recipe_cook(recipe_id, cook_id) VALUES (50, 177);
INSERT INTO recipe_cook(recipe_id, cook_id) VALUES (50, 100);
INSERT INTO recipe_cook(recipe_id, cook_id) VALUES (50, 63);
INSERT INTO recipe_cook(recipe_id, cook_id) VALUES (50, 137);
INSERT INTO recipe_cook(recipe_id, cook_id) VALUES (50, 34);
INSERT INTO recipe_cook(recipe_id, cook_id) VALUES (50, 192);
INSERT INTO recipe_cook(recipe_id, cook_id) VALUES (50, 155);
INSERT INTO recipe_cook(recipe_id, cook_id) VALUES (50, 90);
INSERT INTO recipe_cook(recipe_id, cook_id) VALUES (50, 88);
INSERT INTO recipe_cook(recipe_id, cook_id) VALUES (50, 3);
INSERT INTO recipe_cook(recipe_id, cook_id) VALUES (50, 5);
INSERT INTO recipe_cook(recipe_id, cook_id) VALUES (50, 56);
INSERT INTO recipe_cook(recipe_id, cook_id) VALUES (50, 16);
INSERT INTO recipe_cook(recipe_id, cook_id) VALUES (50, 50);
INSERT INTO recipe_cook(recipe_id, cook_id) VALUES (50, 178);
INSERT INTO recipe_themes(recipe_id, theme_id) VALUES (50, 25);
INSERT INTO recipe_themes(recipe_id, theme_id) VALUES (50, 29);
INSERT INTO recipe_tip(recipe_id, tip_id) VALUES (50, 3);
INSERT INTO recipe_tip(recipe_id, tip_id) VALUES (50, 12);

INSERT INTO recipe(baking, cuisine_id, difficulty, recipe_title, recipe_description, prep_time, cook_time, portions, fat_portion, protein_portion, carbs_portion, picture_uri, picture_description) VALUES(0, 20, 4,'Pecan Pie', 'Lawyer community seek positive nation billion hard party. Relationship computer surface bar. Argue PM artist best. Everyone system pretty scene four public tonight. Town only want might.', 85, 120, 1, 45, 50,75, 'https://placekitten.com/825/852', 'Assume stay may rock.');
INSERT INTO recipe_meal_type(recipe_id, meal_type_id) VALUES (51, 2);
INSERT INTO recipe_tag(recipe_id, tag_id) VALUES (51, 61);
INSERT INTO recipe_tag(recipe_id, tag_id) VALUES (51, 72);
INSERT INTO recipe_tag(recipe_id, tag_id) VALUES (51, 21);
INSERT INTO recipe_tag(recipe_id, tag_id) VALUES (51, 65);
INSERT INTO recipe_tag(recipe_id, tag_id) VALUES (51, 8);
INSERT INTO recipe_tag(recipe_id, tag_id) VALUES (51, 51);
INSERT INTO recipe_tag(recipe_id, tag_id) VALUES (51, 34);
INSERT INTO recipe_tag(recipe_id, tag_id) VALUES (51, 64);
INSERT INTO recipe_equipment(recipe_id, equipment_id, num) VALUES (51, 13, 2);
INSERT INTO recipe_equipment(recipe_id, equipment_id, num) VALUES (51, 12, 3);
INSERT INTO recipe_equipment(recipe_id, equipment_id, num) VALUES (51, 10, 1);
INSERT INTO recipe_equipment(recipe_id, equipment_id, num) VALUES (51, 11, 1);
INSERT INTO recipe_equipment(recipe_id, equipment_id, num) VALUES (51, 2, 3);
INSERT INTO recipe_equipment(recipe_id, equipment_id, num) VALUES (51, 1, 1);
INSERT INTO recipe_equipment(recipe_id, equipment_id, num) VALUES (51, 18, 3);
INSERT INTO recipe_cook(recipe_id, cook_id) VALUES (51, 33);
INSERT INTO recipe_cook(recipe_id, cook_id) VALUES (51, 94);
INSERT INTO recipe_cook(recipe_id, cook_id) VALUES (51, 90);
INSERT INTO recipe_cook(recipe_id, cook_id) VALUES (51, 190);
INSERT INTO recipe_cook(recipe_id, cook_id) VALUES (51, 150);
INSERT INTO recipe_cook(recipe_id, cook_id) VALUES (51, 7);
INSERT INTO recipe_cook(recipe_id, cook_id) VALUES (51, 196);
INSERT INTO recipe_cook(recipe_id, cook_id) VALUES (51, 161);
INSERT INTO recipe_cook(recipe_id, cook_id) VALUES (51, 88);
INSERT INTO recipe_cook(recipe_id, cook_id) VALUES (51, 98);
INSERT INTO recipe_cook(recipe_id, cook_id) VALUES (51, 25);
INSERT INTO recipe_cook(recipe_id, cook_id) VALUES (51, 110);
INSERT INTO recipe_themes(recipe_id, theme_id) VALUES (51, 23);
INSERT INTO recipe_themes(recipe_id, theme_id) VALUES (51, 27);
INSERT INTO recipe_tip(recipe_id, tip_id) VALUES (51, 4);
INSERT INTO recipe_tip(recipe_id, tip_id) VALUES (51, 16);

INSERT INTO recipe(baking, cuisine_id, difficulty, recipe_title, recipe_description, prep_time, cook_time, portions, fat_portion, protein_portion, carbs_portion, picture_uri, picture_description) VALUES(0, 2, 5,'Chicken Cacciatore', 'And part read important play success. Find night brother. Nothing recent not leg break bed role.', 65, 0, 4, 50, 65,65, 'https://placekitten.com/380/650', 'Whole short small design hear ball right east.');
INSERT INTO recipe_meal_type(recipe_id, meal_type_id) VALUES (52, 4);
INSERT INTO recipe_tag(recipe_id, tag_id) VALUES (52, 35);
INSERT INTO recipe_tag(recipe_id, tag_id) VALUES (52, 3);
INSERT INTO recipe_tag(recipe_id, tag_id) VALUES (52, 90);
INSERT INTO recipe_tag(recipe_id, tag_id) VALUES (52, 61);
INSERT INTO recipe_tag(recipe_id, tag_id) VALUES (52, 76);
INSERT INTO recipe_tag(recipe_id, tag_id) VALUES (52, 41);
INSERT INTO recipe_tag(recipe_id, tag_id) VALUES (52, 49);
INSERT INTO recipe_equipment(recipe_id, equipment_id, num) VALUES (52, 13, 2);
INSERT INTO recipe_equipment(recipe_id, equipment_id, num) VALUES (52, 11, 4);
INSERT INTO recipe_equipment(recipe_id, equipment_id, num) VALUES (52, 4, 3);
INSERT INTO recipe_equipment(recipe_id, equipment_id, num) VALUES (52, 16, 4);
INSERT INTO recipe_equipment(recipe_id, equipment_id, num) VALUES (52, 18, 1);
INSERT INTO recipe_equipment(recipe_id, equipment_id, num) VALUES (52, 12, 2);
INSERT INTO recipe_equipment(recipe_id, equipment_id, num) VALUES (52, 19, 3);
INSERT INTO recipe_cook(recipe_id, cook_id) VALUES (52, 87);
INSERT INTO recipe_cook(recipe_id, cook_id) VALUES (52, 128);
INSERT INTO recipe_cook(recipe_id, cook_id) VALUES (52, 129);
INSERT INTO recipe_cook(recipe_id, cook_id) VALUES (52, 196);
INSERT INTO recipe_cook(recipe_id, cook_id) VALUES (52, 171);
INSERT INTO recipe_cook(recipe_id, cook_id) VALUES (52, 200);
INSERT INTO recipe_cook(recipe_id, cook_id) VALUES (52, 43);
INSERT INTO recipe_cook(recipe_id, cook_id) VALUES (52, 158);
INSERT INTO recipe_cook(recipe_id, cook_id) VALUES (52, 77);
INSERT INTO recipe_cook(recipe_id, cook_id) VALUES (52, 94);
INSERT INTO recipe_cook(recipe_id, cook_id) VALUES (52, 112);
INSERT INTO recipe_cook(recipe_id, cook_id) VALUES (52, 52);
INSERT INTO recipe_cook(recipe_id, cook_id) VALUES (52, 199);
INSERT INTO recipe_cook(recipe_id, cook_id) VALUES (52, 163);
INSERT INTO recipe_cook(recipe_id, cook_id) VALUES (52, 20);
INSERT INTO recipe_cook(recipe_id, cook_id) VALUES (52, 138);
INSERT INTO recipe_cook(recipe_id, cook_id) VALUES (52, 55);
INSERT INTO recipe_cook(recipe_id, cook_id) VALUES (52, 74);
INSERT INTO recipe_cook(recipe_id, cook_id) VALUES (52, 68);
INSERT INTO recipe_cook(recipe_id, cook_id) VALUES (52, 13);
INSERT INTO recipe_cook(recipe_id, cook_id) VALUES (52, 192);
INSERT INTO recipe_cook(recipe_id, cook_id) VALUES (52, 147);
INSERT INTO recipe_cook(recipe_id, cook_id) VALUES (52, 103);
INSERT INTO recipe_cook(recipe_id, cook_id) VALUES (52, 58);
INSERT INTO recipe_cook(recipe_id, cook_id) VALUES (52, 160);
INSERT INTO recipe_cook(recipe_id, cook_id) VALUES (52, 24);
INSERT INTO recipe_cook(recipe_id, cook_id) VALUES (52, 149);
INSERT INTO recipe_cook(recipe_id, cook_id) VALUES (52, 25);
INSERT INTO recipe_cook(recipe_id, cook_id) VALUES (52, 152);
INSERT INTO recipe_cook(recipe_id, cook_id) VALUES (52, 195);
INSERT INTO recipe_cook(recipe_id, cook_id) VALUES (52, 70);
INSERT INTO recipe_cook(recipe_id, cook_id) VALUES (52, 18);
INSERT INTO recipe_cook(recipe_id, cook_id) VALUES (52, 146);
INSERT INTO recipe_cook(recipe_id, cook_id) VALUES (52, 136);
INSERT INTO recipe_cook(recipe_id, cook_id) VALUES (52, 122);
INSERT INTO recipe_cook(recipe_id, cook_id) VALUES (52, 110);
INSERT INTO recipe_cook(recipe_id, cook_id) VALUES (52, 54);
INSERT INTO recipe_cook(recipe_id, cook_id) VALUES (52, 89);
INSERT INTO recipe_cook(recipe_id, cook_id) VALUES (52, 186);
INSERT INTO recipe_cook(recipe_id, cook_id) VALUES (52, 78);
INSERT INTO recipe_cook(recipe_id, cook_id) VALUES (52, 130);
INSERT INTO recipe_cook(recipe_id, cook_id) VALUES (52, 180);
INSERT INTO recipe_cook(recipe_id, cook_id) VALUES (52, 111);
INSERT INTO recipe_cook(recipe_id, cook_id) VALUES (52, 139);
INSERT INTO recipe_cook(recipe_id, cook_id) VALUES (52, 81);
INSERT INTO recipe_cook(recipe_id, cook_id) VALUES (52, 189);
INSERT INTO recipe_cook(recipe_id, cook_id) VALUES (52, 107);
INSERT INTO recipe_cook(recipe_id, cook_id) VALUES (52, 178);
INSERT INTO recipe_cook(recipe_id, cook_id) VALUES (52, 65);
INSERT INTO recipe_cook(recipe_id, cook_id) VALUES (52, 132);
INSERT INTO recipe_cook(recipe_id, cook_id) VALUES (52, 117);
INSERT INTO recipe_cook(recipe_id, cook_id) VALUES (52, 141);
INSERT INTO recipe_cook(recipe_id, cook_id) VALUES (52, 47);
INSERT INTO recipe_themes(recipe_id, theme_id) VALUES (52, 34);
INSERT INTO recipe_tip(recipe_id, tip_id) VALUES (52, 37);

INSERT INTO recipe(baking, cuisine_id, difficulty, recipe_title, recipe_description, prep_time, cook_time, portions, fat_portion, protein_portion, carbs_portion, picture_uri, picture_description) VALUES(1, 10, 2,'Garlic Bread', 'Financial here expert everything. Firm difficult could third computer far recently. Begin great hair sign mission.', 35, 110, 3, 30, 30,50, 'https://placekitten.com/349/75', 'Choose notice year its position radio.');
INSERT INTO recipe_meal_type(recipe_id, meal_type_id) VALUES (53, 3);
INSERT INTO recipe_tag(recipe_id, tag_id) VALUES (53, 82);
INSERT INTO recipe_tag(recipe_id, tag_id) VALUES (53, 27);
INSERT INTO recipe_equipment(recipe_id, equipment_id, num) VALUES (53, 9, 1);
INSERT INTO recipe_equipment(recipe_id, equipment_id, num) VALUES (53, 10, 3);
INSERT INTO recipe_equipment(recipe_id, equipment_id, num) VALUES (53, 6, 4);
INSERT INTO recipe_equipment(recipe_id, equipment_id, num) VALUES (53, 20, 4);
INSERT INTO recipe_equipment(recipe_id, equipment_id, num) VALUES (53, 8, 2);
INSERT INTO recipe_equipment(recipe_id, equipment_id, num) VALUES (53, 7, 3);
INSERT INTO recipe_cook(recipe_id, cook_id) VALUES (53, 30);
INSERT INTO recipe_cook(recipe_id, cook_id) VALUES (53, 39);
INSERT INTO recipe_cook(recipe_id, cook_id) VALUES (53, 50);
INSERT INTO recipe_cook(recipe_id, cook_id) VALUES (53, 8);
INSERT INTO recipe_cook(recipe_id, cook_id) VALUES (53, 63);
INSERT INTO recipe_cook(recipe_id, cook_id) VALUES (53, 80);
INSERT INTO recipe_cook(recipe_id, cook_id) VALUES (53, 119);
INSERT INTO recipe_cook(recipe_id, cook_id) VALUES (53, 125);
INSERT INTO recipe_cook(recipe_id, cook_id) VALUES (53, 144);
INSERT INTO recipe_cook(recipe_id, cook_id) VALUES (53, 112);
INSERT INTO recipe_cook(recipe_id, cook_id) VALUES (53, 109);
INSERT INTO recipe_cook(recipe_id, cook_id) VALUES (53, 166);
INSERT INTO recipe_cook(recipe_id, cook_id) VALUES (53, 10);
INSERT INTO recipe_cook(recipe_id, cook_id) VALUES (53, 52);
INSERT INTO recipe_cook(recipe_id, cook_id) VALUES (53, 41);
INSERT INTO recipe_cook(recipe_id, cook_id) VALUES (53, 70);
INSERT INTO recipe_cook(recipe_id, cook_id) VALUES (53, 35);
INSERT INTO recipe_cook(recipe_id, cook_id) VALUES (53, 197);
INSERT INTO recipe_cook(recipe_id, cook_id) VALUES (53, 67);
INSERT INTO recipe_cook(recipe_id, cook_id) VALUES (53, 72);
INSERT INTO recipe_cook(recipe_id, cook_id) VALUES (53, 169);
INSERT INTO recipe_cook(recipe_id, cook_id) VALUES (53, 141);
INSERT INTO recipe_cook(recipe_id, cook_id) VALUES (53, 46);
INSERT INTO recipe_cook(recipe_id, cook_id) VALUES (53, 165);
INSERT INTO recipe_cook(recipe_id, cook_id) VALUES (53, 11);
INSERT INTO recipe_cook(recipe_id, cook_id) VALUES (53, 193);
INSERT INTO recipe_cook(recipe_id, cook_id) VALUES (53, 6);
INSERT INTO recipe_cook(recipe_id, cook_id) VALUES (53, 15);
INSERT INTO recipe_cook(recipe_id, cook_id) VALUES (53, 22);
INSERT INTO recipe_cook(recipe_id, cook_id) VALUES (53, 81);
INSERT INTO recipe_cook(recipe_id, cook_id) VALUES (53, 155);
INSERT INTO recipe_cook(recipe_id, cook_id) VALUES (53, 77);
INSERT INTO recipe_cook(recipe_id, cook_id) VALUES (53, 17);
INSERT INTO recipe_cook(recipe_id, cook_id) VALUES (53, 105);
INSERT INTO recipe_cook(recipe_id, cook_id) VALUES (53, 94);
INSERT INTO recipe_cook(recipe_id, cook_id) VALUES (53, 24);
INSERT INTO recipe_cook(recipe_id, cook_id) VALUES (53, 102);
INSERT INTO recipe_cook(recipe_id, cook_id) VALUES (53, 36);
INSERT INTO recipe_cook(recipe_id, cook_id) VALUES (53, 61);
INSERT INTO recipe_cook(recipe_id, cook_id) VALUES (53, 29);
INSERT INTO recipe_cook(recipe_id, cook_id) VALUES (53, 147);
INSERT INTO recipe_cook(recipe_id, cook_id) VALUES (53, 129);
INSERT INTO recipe_cook(recipe_id, cook_id) VALUES (53, 31);
INSERT INTO recipe_cook(recipe_id, cook_id) VALUES (53, 134);
INSERT INTO recipe_cook(recipe_id, cook_id) VALUES (53, 149);
INSERT INTO recipe_cook(recipe_id, cook_id) VALUES (53, 135);
INSERT INTO recipe_cook(recipe_id, cook_id) VALUES (53, 65);
INSERT INTO recipe_cook(recipe_id, cook_id) VALUES (53, 128);
INSERT INTO recipe_cook(recipe_id, cook_id) VALUES (53, 177);
INSERT INTO recipe_cook(recipe_id, cook_id) VALUES (53, 162);
INSERT INTO recipe_cook(recipe_id, cook_id) VALUES (53, 32);
INSERT INTO recipe_cook(recipe_id, cook_id) VALUES (53, 171);
INSERT INTO recipe_cook(recipe_id, cook_id) VALUES (53, 85);
INSERT INTO recipe_cook(recipe_id, cook_id) VALUES (53, 100);
INSERT INTO recipe_cook(recipe_id, cook_id) VALUES (53, 151);
INSERT INTO recipe_cook(recipe_id, cook_id) VALUES (53, 190);
INSERT INTO recipe_cook(recipe_id, cook_id) VALUES (53, 56);
INSERT INTO recipe_cook(recipe_id, cook_id) VALUES (53, 37);
INSERT INTO recipe_cook(recipe_id, cook_id) VALUES (53, 28);
INSERT INTO recipe_cook(recipe_id, cook_id) VALUES (53, 45);
INSERT INTO recipe_cook(recipe_id, cook_id) VALUES (53, 55);
INSERT INTO recipe_cook(recipe_id, cook_id) VALUES (53, 71);
INSERT INTO recipe_themes(recipe_id, theme_id) VALUES (53, 27);
INSERT INTO recipe_themes(recipe_id, theme_id) VALUES (53, 17);
INSERT INTO recipe_tip(recipe_id, tip_id) VALUES (53, 4);
INSERT INTO recipe_tip(recipe_id, tip_id) VALUES (53, 32);
INSERT INTO recipe_tip(recipe_id, tip_id) VALUES (53, 35);

INSERT INTO recipe(baking, cuisine_id, difficulty, recipe_title, recipe_description, prep_time, cook_time, portions, fat_portion, protein_portion, carbs_portion, picture_uri, picture_description) VALUES(0, 24, 4,'Risotto Primavera', 'Record mean stop some before significant. Design end two military piece. Cause only head help open almost red.', 125, 50, 3, 0, 50,5, 'https://picsum.photos/734/16', 'Little from total cost group clear.');
INSERT INTO recipe_meal_type(recipe_id, meal_type_id) VALUES (54, 3);
INSERT INTO recipe_tag(recipe_id, tag_id) VALUES (54, 89);
INSERT INTO recipe_equipment(recipe_id, equipment_id, num) VALUES (54, 9, 4);
INSERT INTO recipe_equipment(recipe_id, equipment_id, num) VALUES (54, 18, 3);
INSERT INTO recipe_equipment(recipe_id, equipment_id, num) VALUES (54, 13, 4);
INSERT INTO recipe_equipment(recipe_id, equipment_id, num) VALUES (54, 10, 3);
INSERT INTO recipe_cook(recipe_id, cook_id) VALUES (54, 180);
INSERT INTO recipe_cook(recipe_id, cook_id) VALUES (54, 93);
INSERT INTO recipe_cook(recipe_id, cook_id) VALUES (54, 176);
INSERT INTO recipe_cook(recipe_id, cook_id) VALUES (54, 32);
INSERT INTO recipe_cook(recipe_id, cook_id) VALUES (54, 137);
INSERT INTO recipe_cook(recipe_id, cook_id) VALUES (54, 61);
INSERT INTO recipe_cook(recipe_id, cook_id) VALUES (54, 114);
INSERT INTO recipe_cook(recipe_id, cook_id) VALUES (54, 100);
INSERT INTO recipe_cook(recipe_id, cook_id) VALUES (54, 3);
INSERT INTO recipe_cook(recipe_id, cook_id) VALUES (54, 101);
INSERT INTO recipe_cook(recipe_id, cook_id) VALUES (54, 66);
INSERT INTO recipe_cook(recipe_id, cook_id) VALUES (54, 78);
INSERT INTO recipe_cook(recipe_id, cook_id) VALUES (54, 24);
INSERT INTO recipe_cook(recipe_id, cook_id) VALUES (54, 195);
INSERT INTO recipe_cook(recipe_id, cook_id) VALUES (54, 77);
INSERT INTO recipe_cook(recipe_id, cook_id) VALUES (54, 54);
INSERT INTO recipe_cook(recipe_id, cook_id) VALUES (54, 42);
INSERT INTO recipe_cook(recipe_id, cook_id) VALUES (54, 113);
INSERT INTO recipe_cook(recipe_id, cook_id) VALUES (54, 162);
INSERT INTO recipe_cook(recipe_id, cook_id) VALUES (54, 82);
INSERT INTO recipe_cook(recipe_id, cook_id) VALUES (54, 165);
INSERT INTO recipe_cook(recipe_id, cook_id) VALUES (54, 105);
INSERT INTO recipe_cook(recipe_id, cook_id) VALUES (54, 9);
INSERT INTO recipe_cook(recipe_id, cook_id) VALUES (54, 71);
INSERT INTO recipe_cook(recipe_id, cook_id) VALUES (54, 21);
INSERT INTO recipe_cook(recipe_id, cook_id) VALUES (54, 126);
INSERT INTO recipe_cook(recipe_id, cook_id) VALUES (54, 121);
INSERT INTO recipe_cook(recipe_id, cook_id) VALUES (54, 106);
INSERT INTO recipe_cook(recipe_id, cook_id) VALUES (54, 86);
INSERT INTO recipe_cook(recipe_id, cook_id) VALUES (54, 109);
INSERT INTO recipe_cook(recipe_id, cook_id) VALUES (54, 26);
INSERT INTO recipe_cook(recipe_id, cook_id) VALUES (54, 184);
INSERT INTO recipe_cook(recipe_id, cook_id) VALUES (54, 67);
INSERT INTO recipe_cook(recipe_id, cook_id) VALUES (54, 130);
INSERT INTO recipe_cook(recipe_id, cook_id) VALUES (54, 17);
INSERT INTO recipe_cook(recipe_id, cook_id) VALUES (54, 91);
INSERT INTO recipe_cook(recipe_id, cook_id) VALUES (54, 108);
INSERT INTO recipe_cook(recipe_id, cook_id) VALUES (54, 155);
INSERT INTO recipe_cook(recipe_id, cook_id) VALUES (54, 141);
INSERT INTO recipe_cook(recipe_id, cook_id) VALUES (54, 84);
INSERT INTO recipe_cook(recipe_id, cook_id) VALUES (54, 117);
INSERT INTO recipe_cook(recipe_id, cook_id) VALUES (54, 8);
INSERT INTO recipe_cook(recipe_id, cook_id) VALUES (54, 14);
INSERT INTO recipe_cook(recipe_id, cook_id) VALUES (54, 48);
INSERT INTO recipe_cook(recipe_id, cook_id) VALUES (54, 194);
INSERT INTO recipe_cook(recipe_id, cook_id) VALUES (54, 35);
INSERT INTO recipe_cook(recipe_id, cook_id) VALUES (54, 1);
INSERT INTO recipe_cook(recipe_id, cook_id) VALUES (54, 103);
INSERT INTO recipe_cook(recipe_id, cook_id) VALUES (54, 52);
INSERT INTO recipe_cook(recipe_id, cook_id) VALUES (54, 79);
INSERT INTO recipe_cook(recipe_id, cook_id) VALUES (54, 81);
INSERT INTO recipe_cook(recipe_id, cook_id) VALUES (54, 148);
INSERT INTO recipe_cook(recipe_id, cook_id) VALUES (54, 22);
INSERT INTO recipe_cook(recipe_id, cook_id) VALUES (54, 29);
INSERT INTO recipe_cook(recipe_id, cook_id) VALUES (54, 41);
INSERT INTO recipe_cook(recipe_id, cook_id) VALUES (54, 64);
INSERT INTO recipe_cook(recipe_id, cook_id) VALUES (54, 133);
INSERT INTO recipe_cook(recipe_id, cook_id) VALUES (54, 34);
INSERT INTO recipe_cook(recipe_id, cook_id) VALUES (54, 173);
INSERT INTO recipe_cook(recipe_id, cook_id) VALUES (54, 181);
INSERT INTO recipe_cook(recipe_id, cook_id) VALUES (54, 116);
INSERT INTO recipe_cook(recipe_id, cook_id) VALUES (54, 123);
INSERT INTO recipe_cook(recipe_id, cook_id) VALUES (54, 163);
INSERT INTO recipe_cook(recipe_id, cook_id) VALUES (54, 168);
INSERT INTO recipe_cook(recipe_id, cook_id) VALUES (54, 45);
INSERT INTO recipe_cook(recipe_id, cook_id) VALUES (54, 161);
INSERT INTO recipe_cook(recipe_id, cook_id) VALUES (54, 73);
INSERT INTO recipe_cook(recipe_id, cook_id) VALUES (54, 51);
INSERT INTO recipe_cook(recipe_id, cook_id) VALUES (54, 149);
INSERT INTO recipe_cook(recipe_id, cook_id) VALUES (54, 107);
INSERT INTO recipe_cook(recipe_id, cook_id) VALUES (54, 95);
INSERT INTO recipe_cook(recipe_id, cook_id) VALUES (54, 47);
INSERT INTO recipe_cook(recipe_id, cook_id) VALUES (54, 191);
INSERT INTO recipe_cook(recipe_id, cook_id) VALUES (54, 183);
INSERT INTO recipe_cook(recipe_id, cook_id) VALUES (54, 49);
INSERT INTO recipe_cook(recipe_id, cook_id) VALUES (54, 174);
INSERT INTO recipe_cook(recipe_id, cook_id) VALUES (54, 131);
INSERT INTO recipe_cook(recipe_id, cook_id) VALUES (54, 156);
INSERT INTO recipe_cook(recipe_id, cook_id) VALUES (54, 74);
INSERT INTO recipe_cook(recipe_id, cook_id) VALUES (54, 147);
INSERT INTO recipe_cook(recipe_id, cook_id) VALUES (54, 192);
INSERT INTO recipe_cook(recipe_id, cook_id) VALUES (54, 120);
INSERT INTO recipe_cook(recipe_id, cook_id) VALUES (54, 72);
INSERT INTO recipe_cook(recipe_id, cook_id) VALUES (54, 83);
INSERT INTO recipe_cook(recipe_id, cook_id) VALUES (54, 151);
INSERT INTO recipe_cook(recipe_id, cook_id) VALUES (54, 150);
INSERT INTO recipe_cook(recipe_id, cook_id) VALUES (54, 30);
INSERT INTO recipe_cook(recipe_id, cook_id) VALUES (54, 12);
INSERT INTO recipe_cook(recipe_id, cook_id) VALUES (54, 60);
INSERT INTO recipe_cook(recipe_id, cook_id) VALUES (54, 170);
INSERT INTO recipe_cook(recipe_id, cook_id) VALUES (54, 143);
INSERT INTO recipe_cook(recipe_id, cook_id) VALUES (54, 90);
INSERT INTO recipe_cook(recipe_id, cook_id) VALUES (54, 132);
INSERT INTO recipe_cook(recipe_id, cook_id) VALUES (54, 7);
INSERT INTO recipe_cook(recipe_id, cook_id) VALUES (54, 152);
INSERT INTO recipe_cook(recipe_id, cook_id) VALUES (54, 80);
INSERT INTO recipe_cook(recipe_id, cook_id) VALUES (54, 55);
INSERT INTO recipe_cook(recipe_id, cook_id) VALUES (54, 186);
INSERT INTO recipe_cook(recipe_id, cook_id) VALUES (54, 110);
INSERT INTO recipe_cook(recipe_id, cook_id) VALUES (54, 20);
INSERT INTO recipe_cook(recipe_id, cook_id) VALUES (54, 127);
INSERT INTO recipe_cook(recipe_id, cook_id) VALUES (54, 157);
INSERT INTO recipe_cook(recipe_id, cook_id) VALUES (54, 164);
INSERT INTO recipe_cook(recipe_id, cook_id) VALUES (54, 134);
INSERT INTO recipe_cook(recipe_id, cook_id) VALUES (54, 16);
INSERT INTO recipe_cook(recipe_id, cook_id) VALUES (54, 2);
INSERT INTO recipe_cook(recipe_id, cook_id) VALUES (54, 92);
INSERT INTO recipe_cook(recipe_id, cook_id) VALUES (54, 68);
INSERT INTO recipe_cook(recipe_id, cook_id) VALUES (54, 56);
INSERT INTO recipe_cook(recipe_id, cook_id) VALUES (54, 59);
INSERT INTO recipe_cook(recipe_id, cook_id) VALUES (54, 87);
INSERT INTO recipe_cook(recipe_id, cook_id) VALUES (54, 145);
INSERT INTO recipe_cook(recipe_id, cook_id) VALUES (54, 96);
INSERT INTO recipe_cook(recipe_id, cook_id) VALUES (54, 125);
INSERT INTO recipe_cook(recipe_id, cook_id) VALUES (54, 27);
INSERT INTO recipe_cook(recipe_id, cook_id) VALUES (54, 25);
INSERT INTO recipe_cook(recipe_id, cook_id) VALUES (54, 138);
INSERT INTO recipe_cook(recipe_id, cook_id) VALUES (54, 37);
INSERT INTO recipe_cook(recipe_id, cook_id) VALUES (54, 89);
INSERT INTO recipe_cook(recipe_id, cook_id) VALUES (54, 175);
INSERT INTO recipe_cook(recipe_id, cook_id) VALUES (54, 166);
INSERT INTO recipe_cook(recipe_id, cook_id) VALUES (54, 94);
INSERT INTO recipe_cook(recipe_id, cook_id) VALUES (54, 172);
INSERT INTO recipe_cook(recipe_id, cook_id) VALUES (54, 153);
INSERT INTO recipe_cook(recipe_id, cook_id) VALUES (54, 28);
INSERT INTO recipe_cook(recipe_id, cook_id) VALUES (54, 160);
INSERT INTO recipe_cook(recipe_id, cook_id) VALUES (54, 85);
INSERT INTO recipe_cook(recipe_id, cook_id) VALUES (54, 185);
INSERT INTO recipe_cook(recipe_id, cook_id) VALUES (54, 188);
INSERT INTO recipe_cook(recipe_id, cook_id) VALUES (54, 53);
INSERT INTO recipe_cook(recipe_id, cook_id) VALUES (54, 19);
INSERT INTO recipe_cook(recipe_id, cook_id) VALUES (54, 4);
INSERT INTO recipe_cook(recipe_id, cook_id) VALUES (54, 38);
INSERT INTO recipe_cook(recipe_id, cook_id) VALUES (54, 102);
INSERT INTO recipe_cook(recipe_id, cook_id) VALUES (54, 31);
INSERT INTO recipe_cook(recipe_id, cook_id) VALUES (54, 58);
INSERT INTO recipe_cook(recipe_id, cook_id) VALUES (54, 197);
INSERT INTO recipe_cook(recipe_id, cook_id) VALUES (54, 118);
INSERT INTO recipe_cook(recipe_id, cook_id) VALUES (54, 199);
INSERT INTO recipe_cook(recipe_id, cook_id) VALUES (54, 44);
INSERT INTO recipe_cook(recipe_id, cook_id) VALUES (54, 169);
INSERT INTO recipe_cook(recipe_id, cook_id) VALUES (54, 139);
INSERT INTO recipe_cook(recipe_id, cook_id) VALUES (54, 6);
INSERT INTO recipe_cook(recipe_id, cook_id) VALUES (54, 154);
INSERT INTO recipe_cook(recipe_id, cook_id) VALUES (54, 190);
INSERT INTO recipe_cook(recipe_id, cook_id) VALUES (54, 178);
INSERT INTO recipe_cook(recipe_id, cook_id) VALUES (54, 198);
INSERT INTO recipe_cook(recipe_id, cook_id) VALUES (54, 136);
INSERT INTO recipe_cook(recipe_id, cook_id) VALUES (54, 111);
INSERT INTO recipe_cook(recipe_id, cook_id) VALUES (54, 187);
INSERT INTO recipe_cook(recipe_id, cook_id) VALUES (54, 158);
INSERT INTO recipe_cook(recipe_id, cook_id) VALUES (54, 46);
INSERT INTO recipe_cook(recipe_id, cook_id) VALUES (54, 122);
INSERT INTO recipe_cook(recipe_id, cook_id) VALUES (54, 115);
INSERT INTO recipe_cook(recipe_id, cook_id) VALUES (54, 76);
INSERT INTO recipe_cook(recipe_id, cook_id) VALUES (54, 39);
INSERT INTO recipe_cook(recipe_id, cook_id) VALUES (54, 179);
INSERT INTO recipe_cook(recipe_id, cook_id) VALUES (54, 5);
INSERT INTO recipe_cook(recipe_id, cook_id) VALUES (54, 124);
INSERT INTO recipe_cook(recipe_id, cook_id) VALUES (54, 36);
INSERT INTO recipe_cook(recipe_id, cook_id) VALUES (54, 69);
INSERT INTO recipe_cook(recipe_id, cook_id) VALUES (54, 40);
INSERT INTO recipe_cook(recipe_id, cook_id) VALUES (54, 98);
INSERT INTO recipe_cook(recipe_id, cook_id) VALUES (54, 88);
INSERT INTO recipe_themes(recipe_id, theme_id) VALUES (54, 23);
INSERT INTO recipe_themes(recipe_id, theme_id) VALUES (54, 39);
INSERT INTO recipe_tip(recipe_id, tip_id) VALUES (54, 39);
INSERT INTO recipe_tip(recipe_id, tip_id) VALUES (54, 3);
INSERT INTO recipe_tip(recipe_id, tip_id) VALUES (54, 1);

INSERT INTO recipe(baking, cuisine_id, difficulty, recipe_title, recipe_description, prep_time, cook_time, portions, fat_portion, protein_portion, carbs_portion, picture_uri, picture_description) VALUES(0, 36, 1,'Baked Alaska', 'Keep pattern order. Room list during rich over lot. Feel wife theory shake too medical.', 105, 20, 3, 10, 40,75, 'https://dummyimage.com/862x872', 'Husband agreement mention two though whole wall.');
INSERT INTO recipe_meal_type(recipe_id, meal_type_id) VALUES (55, 4);
INSERT INTO recipe_tag(recipe_id, tag_id) VALUES (55, 60);
INSERT INTO recipe_tag(recipe_id, tag_id) VALUES (55, 17);
INSERT INTO recipe_tag(recipe_id, tag_id) VALUES (55, 12);
INSERT INTO recipe_tag(recipe_id, tag_id) VALUES (55, 41);
INSERT INTO recipe_tag(recipe_id, tag_id) VALUES (55, 91);
INSERT INTO recipe_tag(recipe_id, tag_id) VALUES (55, 68);
INSERT INTO recipe_equipment(recipe_id, equipment_id, num) VALUES (55, 5, 3);
INSERT INTO recipe_equipment(recipe_id, equipment_id, num) VALUES (55, 9, 4);
INSERT INTO recipe_equipment(recipe_id, equipment_id, num) VALUES (55, 4, 1);
INSERT INTO recipe_equipment(recipe_id, equipment_id, num) VALUES (55, 11, 4);
INSERT INTO recipe_equipment(recipe_id, equipment_id, num) VALUES (55, 2, 3);
INSERT INTO recipe_equipment(recipe_id, equipment_id, num) VALUES (55, 3, 2);
INSERT INTO recipe_cook(recipe_id, cook_id) VALUES (55, 72);
INSERT INTO recipe_cook(recipe_id, cook_id) VALUES (55, 192);
INSERT INTO recipe_cook(recipe_id, cook_id) VALUES (55, 93);
INSERT INTO recipe_cook(recipe_id, cook_id) VALUES (55, 111);
INSERT INTO recipe_cook(recipe_id, cook_id) VALUES (55, 73);
INSERT INTO recipe_cook(recipe_id, cook_id) VALUES (55, 68);
INSERT INTO recipe_cook(recipe_id, cook_id) VALUES (55, 157);
INSERT INTO recipe_cook(recipe_id, cook_id) VALUES (55, 195);
INSERT INTO recipe_cook(recipe_id, cook_id) VALUES (55, 133);
INSERT INTO recipe_cook(recipe_id, cook_id) VALUES (55, 81);
INSERT INTO recipe_cook(recipe_id, cook_id) VALUES (55, 112);
INSERT INTO recipe_cook(recipe_id, cook_id) VALUES (55, 43);
INSERT INTO recipe_cook(recipe_id, cook_id) VALUES (55, 191);
INSERT INTO recipe_cook(recipe_id, cook_id) VALUES (55, 126);
INSERT INTO recipe_cook(recipe_id, cook_id) VALUES (55, 39);
INSERT INTO recipe_cook(recipe_id, cook_id) VALUES (55, 143);
INSERT INTO recipe_cook(recipe_id, cook_id) VALUES (55, 169);
INSERT INTO recipe_cook(recipe_id, cook_id) VALUES (55, 163);
INSERT INTO recipe_cook(recipe_id, cook_id) VALUES (55, 113);
INSERT INTO recipe_cook(recipe_id, cook_id) VALUES (55, 14);
INSERT INTO recipe_cook(recipe_id, cook_id) VALUES (55, 49);
INSERT INTO recipe_cook(recipe_id, cook_id) VALUES (55, 186);
INSERT INTO recipe_cook(recipe_id, cook_id) VALUES (55, 181);
INSERT INTO recipe_cook(recipe_id, cook_id) VALUES (55, 59);
INSERT INTO recipe_cook(recipe_id, cook_id) VALUES (55, 47);
INSERT INTO recipe_cook(recipe_id, cook_id) VALUES (55, 10);
INSERT INTO recipe_cook(recipe_id, cook_id) VALUES (55, 121);
INSERT INTO recipe_cook(recipe_id, cook_id) VALUES (55, 67);
INSERT INTO recipe_cook(recipe_id, cook_id) VALUES (55, 42);
INSERT INTO recipe_cook(recipe_id, cook_id) VALUES (55, 120);
INSERT INTO recipe_cook(recipe_id, cook_id) VALUES (55, 190);
INSERT INTO recipe_cook(recipe_id, cook_id) VALUES (55, 30);
INSERT INTO recipe_cook(recipe_id, cook_id) VALUES (55, 127);
INSERT INTO recipe_cook(recipe_id, cook_id) VALUES (55, 11);
INSERT INTO recipe_cook(recipe_id, cook_id) VALUES (55, 114);
INSERT INTO recipe_cook(recipe_id, cook_id) VALUES (55, 92);
INSERT INTO recipe_cook(recipe_id, cook_id) VALUES (55, 144);
INSERT INTO recipe_cook(recipe_id, cook_id) VALUES (55, 125);
INSERT INTO recipe_cook(recipe_id, cook_id) VALUES (55, 118);
INSERT INTO recipe_cook(recipe_id, cook_id) VALUES (55, 168);
INSERT INTO recipe_cook(recipe_id, cook_id) VALUES (55, 29);
INSERT INTO recipe_cook(recipe_id, cook_id) VALUES (55, 38);
INSERT INTO recipe_cook(recipe_id, cook_id) VALUES (55, 32);
INSERT INTO recipe_cook(recipe_id, cook_id) VALUES (55, 90);
INSERT INTO recipe_cook(recipe_id, cook_id) VALUES (55, 24);
INSERT INTO recipe_cook(recipe_id, cook_id) VALUES (55, 53);
INSERT INTO recipe_cook(recipe_id, cook_id) VALUES (55, 196);
INSERT INTO recipe_cook(recipe_id, cook_id) VALUES (55, 176);
INSERT INTO recipe_cook(recipe_id, cook_id) VALUES (55, 44);
INSERT INTO recipe_cook(recipe_id, cook_id) VALUES (55, 131);
INSERT INTO recipe_cook(recipe_id, cook_id) VALUES (55, 70);
INSERT INTO recipe_cook(recipe_id, cook_id) VALUES (55, 145);
INSERT INTO recipe_cook(recipe_id, cook_id) VALUES (55, 55);
INSERT INTO recipe_cook(recipe_id, cook_id) VALUES (55, 2);
INSERT INTO recipe_cook(recipe_id, cook_id) VALUES (55, 135);
INSERT INTO recipe_cook(recipe_id, cook_id) VALUES (55, 153);
INSERT INTO recipe_cook(recipe_id, cook_id) VALUES (55, 107);
INSERT INTO recipe_cook(recipe_id, cook_id) VALUES (55, 20);
INSERT INTO recipe_cook(recipe_id, cook_id) VALUES (55, 64);
INSERT INTO recipe_cook(recipe_id, cook_id) VALUES (55, 128);
INSERT INTO recipe_cook(recipe_id, cook_id) VALUES (55, 25);
INSERT INTO recipe_cook(recipe_id, cook_id) VALUES (55, 85);
INSERT INTO recipe_cook(recipe_id, cook_id) VALUES (55, 7);
INSERT INTO recipe_cook(recipe_id, cook_id) VALUES (55, 154);
INSERT INTO recipe_cook(recipe_id, cook_id) VALUES (55, 158);
INSERT INTO recipe_cook(recipe_id, cook_id) VALUES (55, 101);
INSERT INTO recipe_cook(recipe_id, cook_id) VALUES (55, 96);
INSERT INTO recipe_cook(recipe_id, cook_id) VALUES (55, 28);
INSERT INTO recipe_cook(recipe_id, cook_id) VALUES (55, 83);
INSERT INTO recipe_cook(recipe_id, cook_id) VALUES (55, 40);
INSERT INTO recipe_cook(recipe_id, cook_id) VALUES (55, 8);
INSERT INTO recipe_cook(recipe_id, cook_id) VALUES (55, 21);
INSERT INTO recipe_cook(recipe_id, cook_id) VALUES (55, 162);
INSERT INTO recipe_cook(recipe_id, cook_id) VALUES (55, 164);
INSERT INTO recipe_cook(recipe_id, cook_id) VALUES (55, 91);
INSERT INTO recipe_cook(recipe_id, cook_id) VALUES (55, 139);
INSERT INTO recipe_cook(recipe_id, cook_id) VALUES (55, 62);
INSERT INTO recipe_cook(recipe_id, cook_id) VALUES (55, 177);
INSERT INTO recipe_cook(recipe_id, cook_id) VALUES (55, 188);
INSERT INTO recipe_cook(recipe_id, cook_id) VALUES (55, 35);
INSERT INTO recipe_cook(recipe_id, cook_id) VALUES (55, 77);
INSERT INTO recipe_cook(recipe_id, cook_id) VALUES (55, 183);
INSERT INTO recipe_cook(recipe_id, cook_id) VALUES (55, 1);
INSERT INTO recipe_cook(recipe_id, cook_id) VALUES (55, 189);
INSERT INTO recipe_cook(recipe_id, cook_id) VALUES (55, 6);
INSERT INTO recipe_cook(recipe_id, cook_id) VALUES (55, 84);
INSERT INTO recipe_cook(recipe_id, cook_id) VALUES (55, 80);
INSERT INTO recipe_cook(recipe_id, cook_id) VALUES (55, 58);
INSERT INTO recipe_cook(recipe_id, cook_id) VALUES (55, 172);
INSERT INTO recipe_cook(recipe_id, cook_id) VALUES (55, 94);
INSERT INTO recipe_cook(recipe_id, cook_id) VALUES (55, 197);
INSERT INTO recipe_cook(recipe_id, cook_id) VALUES (55, 103);
INSERT INTO recipe_cook(recipe_id, cook_id) VALUES (55, 137);
INSERT INTO recipe_cook(recipe_id, cook_id) VALUES (55, 17);
INSERT INTO recipe_cook(recipe_id, cook_id) VALUES (55, 199);
INSERT INTO recipe_cook(recipe_id, cook_id) VALUES (55, 138);
INSERT INTO recipe_cook(recipe_id, cook_id) VALUES (55, 109);
INSERT INTO recipe_cook(recipe_id, cook_id) VALUES (55, 132);
INSERT INTO recipe_cook(recipe_id, cook_id) VALUES (55, 37);
INSERT INTO recipe_cook(recipe_id, cook_id) VALUES (55, 170);
INSERT INTO recipe_cook(recipe_id, cook_id) VALUES (55, 130);
INSERT INTO recipe_cook(recipe_id, cook_id) VALUES (55, 134);
INSERT INTO recipe_cook(recipe_id, cook_id) VALUES (55, 175);
INSERT INTO recipe_cook(recipe_id, cook_id) VALUES (55, 71);
INSERT INTO recipe_cook(recipe_id, cook_id) VALUES (55, 78);
INSERT INTO recipe_cook(recipe_id, cook_id) VALUES (55, 180);
INSERT INTO recipe_cook(recipe_id, cook_id) VALUES (55, 12);
INSERT INTO recipe_cook(recipe_id, cook_id) VALUES (55, 52);
INSERT INTO recipe_cook(recipe_id, cook_id) VALUES (55, 33);
INSERT INTO recipe_cook(recipe_id, cook_id) VALUES (55, 23);
INSERT INTO recipe_cook(recipe_id, cook_id) VALUES (55, 31);
INSERT INTO recipe_cook(recipe_id, cook_id) VALUES (55, 198);
INSERT INTO recipe_cook(recipe_id, cook_id) VALUES (55, 110);
INSERT INTO recipe_cook(recipe_id, cook_id) VALUES (55, 3);
INSERT INTO recipe_cook(recipe_id, cook_id) VALUES (55, 27);
INSERT INTO recipe_cook(recipe_id, cook_id) VALUES (55, 129);
INSERT INTO recipe_cook(recipe_id, cook_id) VALUES (55, 50);
INSERT INTO recipe_cook(recipe_id, cook_id) VALUES (55, 89);
INSERT INTO recipe_cook(recipe_id, cook_id) VALUES (55, 102);
INSERT INTO recipe_cook(recipe_id, cook_id) VALUES (55, 185);
INSERT INTO recipe_cook(recipe_id, cook_id) VALUES (55, 16);
INSERT INTO recipe_cook(recipe_id, cook_id) VALUES (55, 179);
INSERT INTO recipe_cook(recipe_id, cook_id) VALUES (55, 63);
INSERT INTO recipe_cook(recipe_id, cook_id) VALUES (55, 56);
INSERT INTO recipe_cook(recipe_id, cook_id) VALUES (55, 151);
INSERT INTO recipe_cook(recipe_id, cook_id) VALUES (55, 161);
INSERT INTO recipe_cook(recipe_id, cook_id) VALUES (55, 46);
INSERT INTO recipe_cook(recipe_id, cook_id) VALUES (55, 13);
INSERT INTO recipe_themes(recipe_id, theme_id) VALUES (55, 33);
INSERT INTO recipe_themes(recipe_id, theme_id) VALUES (55, 13);
INSERT INTO recipe_tip(recipe_id, tip_id) VALUES (55, 29);
INSERT INTO recipe_tip(recipe_id, tip_id) VALUES (55, 25);

INSERT INTO recipe(baking, cuisine_id, difficulty, recipe_title, recipe_description, prep_time, cook_time, portions, fat_portion, protein_portion, carbs_portion, picture_uri, picture_description) VALUES(1, 41, 4,'Butternut Squash Soup', 'Candidate four whether wife. Society center get how leave. Customer common film continue. Job right child new simply. Local general likely.', 25, 0, 5, 25, 35,35, 'https://dummyimage.com/807x435', 'Story relationship several benefit campaign several.');
INSERT INTO recipe_meal_type(recipe_id, meal_type_id) VALUES (56, 4);
INSERT INTO recipe_tag(recipe_id, tag_id) VALUES (56, 64);
INSERT INTO recipe_tag(recipe_id, tag_id) VALUES (56, 68);
INSERT INTO recipe_tag(recipe_id, tag_id) VALUES (56, 81);
INSERT INTO recipe_equipment(recipe_id, equipment_id, num) VALUES (56, 3, 4);
INSERT INTO recipe_equipment(recipe_id, equipment_id, num) VALUES (56, 10, 4);
INSERT INTO recipe_equipment(recipe_id, equipment_id, num) VALUES (56, 15, 2);
INSERT INTO recipe_equipment(recipe_id, equipment_id, num) VALUES (56, 14, 1);
INSERT INTO recipe_equipment(recipe_id, equipment_id, num) VALUES (56, 20, 1);
INSERT INTO recipe_equipment(recipe_id, equipment_id, num) VALUES (56, 18, 4);
INSERT INTO recipe_equipment(recipe_id, equipment_id, num) VALUES (56, 13, 3);
INSERT INTO recipe_cook(recipe_id, cook_id) VALUES (56, 77);
INSERT INTO recipe_cook(recipe_id, cook_id) VALUES (56, 39);
INSERT INTO recipe_cook(recipe_id, cook_id) VALUES (56, 33);
INSERT INTO recipe_cook(recipe_id, cook_id) VALUES (56, 176);
INSERT INTO recipe_cook(recipe_id, cook_id) VALUES (56, 200);
INSERT INTO recipe_cook(recipe_id, cook_id) VALUES (56, 64);
INSERT INTO recipe_cook(recipe_id, cook_id) VALUES (56, 134);
INSERT INTO recipe_cook(recipe_id, cook_id) VALUES (56, 110);
INSERT INTO recipe_cook(recipe_id, cook_id) VALUES (56, 76);
INSERT INTO recipe_cook(recipe_id, cook_id) VALUES (56, 146);
INSERT INTO recipe_cook(recipe_id, cook_id) VALUES (56, 13);
INSERT INTO recipe_cook(recipe_id, cook_id) VALUES (56, 142);
INSERT INTO recipe_cook(recipe_id, cook_id) VALUES (56, 20);
INSERT INTO recipe_cook(recipe_id, cook_id) VALUES (56, 12);
INSERT INTO recipe_cook(recipe_id, cook_id) VALUES (56, 132);
INSERT INTO recipe_cook(recipe_id, cook_id) VALUES (56, 28);
INSERT INTO recipe_cook(recipe_id, cook_id) VALUES (56, 131);
INSERT INTO recipe_cook(recipe_id, cook_id) VALUES (56, 109);
INSERT INTO recipe_cook(recipe_id, cook_id) VALUES (56, 106);
INSERT INTO recipe_cook(recipe_id, cook_id) VALUES (56, 25);
INSERT INTO recipe_cook(recipe_id, cook_id) VALUES (56, 119);
INSERT INTO recipe_cook(recipe_id, cook_id) VALUES (56, 170);
INSERT INTO recipe_cook(recipe_id, cook_id) VALUES (56, 191);
INSERT INTO recipe_cook(recipe_id, cook_id) VALUES (56, 65);
INSERT INTO recipe_cook(recipe_id, cook_id) VALUES (56, 91);
INSERT INTO recipe_cook(recipe_id, cook_id) VALUES (56, 66);
INSERT INTO recipe_cook(recipe_id, cook_id) VALUES (56, 150);
INSERT INTO recipe_cook(recipe_id, cook_id) VALUES (56, 21);
INSERT INTO recipe_cook(recipe_id, cook_id) VALUES (56, 129);
INSERT INTO recipe_cook(recipe_id, cook_id) VALUES (56, 5);
INSERT INTO recipe_cook(recipe_id, cook_id) VALUES (56, 30);
INSERT INTO recipe_cook(recipe_id, cook_id) VALUES (56, 180);
INSERT INTO recipe_cook(recipe_id, cook_id) VALUES (56, 46);
INSERT INTO recipe_cook(recipe_id, cook_id) VALUES (56, 47);
INSERT INTO recipe_cook(recipe_id, cook_id) VALUES (56, 101);
INSERT INTO recipe_cook(recipe_id, cook_id) VALUES (56, 187);
INSERT INTO recipe_cook(recipe_id, cook_id) VALUES (56, 22);
INSERT INTO recipe_cook(recipe_id, cook_id) VALUES (56, 107);
INSERT INTO recipe_cook(recipe_id, cook_id) VALUES (56, 196);
INSERT INTO recipe_cook(recipe_id, cook_id) VALUES (56, 81);
INSERT INTO recipe_cook(recipe_id, cook_id) VALUES (56, 151);
INSERT INTO recipe_cook(recipe_id, cook_id) VALUES (56, 117);
INSERT INTO recipe_cook(recipe_id, cook_id) VALUES (56, 116);
INSERT INTO recipe_cook(recipe_id, cook_id) VALUES (56, 68);
INSERT INTO recipe_cook(recipe_id, cook_id) VALUES (56, 88);
INSERT INTO recipe_cook(recipe_id, cook_id) VALUES (56, 48);
INSERT INTO recipe_cook(recipe_id, cook_id) VALUES (56, 55);
INSERT INTO recipe_cook(recipe_id, cook_id) VALUES (56, 155);
INSERT INTO recipe_cook(recipe_id, cook_id) VALUES (56, 173);
INSERT INTO recipe_cook(recipe_id, cook_id) VALUES (56, 67);
INSERT INTO recipe_cook(recipe_id, cook_id) VALUES (56, 185);
INSERT INTO recipe_cook(recipe_id, cook_id) VALUES (56, 112);
INSERT INTO recipe_cook(recipe_id, cook_id) VALUES (56, 137);
INSERT INTO recipe_cook(recipe_id, cook_id) VALUES (56, 171);
INSERT INTO recipe_cook(recipe_id, cook_id) VALUES (56, 2);
INSERT INTO recipe_cook(recipe_id, cook_id) VALUES (56, 102);
INSERT INTO recipe_cook(recipe_id, cook_id) VALUES (56, 179);
INSERT INTO recipe_cook(recipe_id, cook_id) VALUES (56, 4);
INSERT INTO recipe_cook(recipe_id, cook_id) VALUES (56, 44);
INSERT INTO recipe_cook(recipe_id, cook_id) VALUES (56, 123);
INSERT INTO recipe_cook(recipe_id, cook_id) VALUES (56, 118);
INSERT INTO recipe_cook(recipe_id, cook_id) VALUES (56, 104);
INSERT INTO recipe_cook(recipe_id, cook_id) VALUES (56, 125);
INSERT INTO recipe_cook(recipe_id, cook_id) VALUES (56, 78);
INSERT INTO recipe_cook(recipe_id, cook_id) VALUES (56, 93);
INSERT INTO recipe_cook(recipe_id, cook_id) VALUES (56, 145);
INSERT INTO recipe_cook(recipe_id, cook_id) VALUES (56, 148);
INSERT INTO recipe_cook(recipe_id, cook_id) VALUES (56, 23);
INSERT INTO recipe_cook(recipe_id, cook_id) VALUES (56, 198);
INSERT INTO recipe_cook(recipe_id, cook_id) VALUES (56, 35);
INSERT INTO recipe_cook(recipe_id, cook_id) VALUES (56, 143);
INSERT INTO recipe_cook(recipe_id, cook_id) VALUES (56, 49);
INSERT INTO recipe_cook(recipe_id, cook_id) VALUES (56, 29);
INSERT INTO recipe_cook(recipe_id, cook_id) VALUES (56, 105);
INSERT INTO recipe_cook(recipe_id, cook_id) VALUES (56, 3);
INSERT INTO recipe_cook(recipe_id, cook_id) VALUES (56, 90);
INSERT INTO recipe_cook(recipe_id, cook_id) VALUES (56, 181);
INSERT INTO recipe_cook(recipe_id, cook_id) VALUES (56, 193);
INSERT INTO recipe_cook(recipe_id, cook_id) VALUES (56, 130);
INSERT INTO recipe_cook(recipe_id, cook_id) VALUES (56, 27);
INSERT INTO recipe_cook(recipe_id, cook_id) VALUES (56, 62);
INSERT INTO recipe_cook(recipe_id, cook_id) VALUES (56, 84);
INSERT INTO recipe_cook(recipe_id, cook_id) VALUES (56, 19);
INSERT INTO recipe_cook(recipe_id, cook_id) VALUES (56, 169);
INSERT INTO recipe_cook(recipe_id, cook_id) VALUES (56, 31);
INSERT INTO recipe_cook(recipe_id, cook_id) VALUES (56, 56);
INSERT INTO recipe_cook(recipe_id, cook_id) VALUES (56, 108);
INSERT INTO recipe_cook(recipe_id, cook_id) VALUES (56, 161);
INSERT INTO recipe_cook(recipe_id, cook_id) VALUES (56, 141);
INSERT INTO recipe_cook(recipe_id, cook_id) VALUES (56, 135);
INSERT INTO recipe_cook(recipe_id, cook_id) VALUES (56, 69);
INSERT INTO recipe_cook(recipe_id, cook_id) VALUES (56, 124);
INSERT INTO recipe_cook(recipe_id, cook_id) VALUES (56, 165);
INSERT INTO recipe_cook(recipe_id, cook_id) VALUES (56, 199);
INSERT INTO recipe_cook(recipe_id, cook_id) VALUES (56, 99);
INSERT INTO recipe_cook(recipe_id, cook_id) VALUES (56, 60);
INSERT INTO recipe_cook(recipe_id, cook_id) VALUES (56, 140);
INSERT INTO recipe_cook(recipe_id, cook_id) VALUES (56, 61);
INSERT INTO recipe_cook(recipe_id, cook_id) VALUES (56, 154);
INSERT INTO recipe_cook(recipe_id, cook_id) VALUES (56, 126);
INSERT INTO recipe_cook(recipe_id, cook_id) VALUES (56, 15);
INSERT INTO recipe_cook(recipe_id, cook_id) VALUES (56, 164);
INSERT INTO recipe_cook(recipe_id, cook_id) VALUES (56, 188);
INSERT INTO recipe_cook(recipe_id, cook_id) VALUES (56, 95);
INSERT INTO recipe_cook(recipe_id, cook_id) VALUES (56, 138);
INSERT INTO recipe_cook(recipe_id, cook_id) VALUES (56, 57);
INSERT INTO recipe_cook(recipe_id, cook_id) VALUES (56, 63);
INSERT INTO recipe_cook(recipe_id, cook_id) VALUES (56, 103);
INSERT INTO recipe_cook(recipe_id, cook_id) VALUES (56, 166);
INSERT INTO recipe_cook(recipe_id, cook_id) VALUES (56, 58);
INSERT INTO recipe_cook(recipe_id, cook_id) VALUES (56, 75);
INSERT INTO recipe_cook(recipe_id, cook_id) VALUES (56, 32);
INSERT INTO recipe_cook(recipe_id, cook_id) VALUES (56, 26);
INSERT INTO recipe_cook(recipe_id, cook_id) VALUES (56, 38);
INSERT INTO recipe_cook(recipe_id, cook_id) VALUES (56, 73);
INSERT INTO recipe_cook(recipe_id, cook_id) VALUES (56, 51);
INSERT INTO recipe_cook(recipe_id, cook_id) VALUES (56, 7);
INSERT INTO recipe_cook(recipe_id, cook_id) VALUES (56, 43);
INSERT INTO recipe_cook(recipe_id, cook_id) VALUES (56, 178);
INSERT INTO recipe_cook(recipe_id, cook_id) VALUES (56, 14);
INSERT INTO recipe_cook(recipe_id, cook_id) VALUES (56, 115);
INSERT INTO recipe_cook(recipe_id, cook_id) VALUES (56, 54);
INSERT INTO recipe_cook(recipe_id, cook_id) VALUES (56, 195);
INSERT INTO recipe_themes(recipe_id, theme_id) VALUES (56, 38);
INSERT INTO recipe_themes(recipe_id, theme_id) VALUES (56, 39);
INSERT INTO recipe_themes(recipe_id, theme_id) VALUES (56, 36);
INSERT INTO recipe_tip(recipe_id, tip_id) VALUES (56, 3);
INSERT INTO recipe_tip(recipe_id, tip_id) VALUES (56, 32);

INSERT INTO recipe(baking, cuisine_id, difficulty, recipe_title, recipe_description, prep_time, cook_time, portions, fat_portion, protein_portion, carbs_portion, picture_uri, picture_description) VALUES(0, 18, 4,'Vegetable Curry', 'Today star room interesting hour author. Prove wife agree those concern dog gun. Statement particular seem trip population catch could. Few behavior himself conference character.', 85, 10, 4, 45, 50,55, 'https://placekitten.com/637/792', 'Alone when instead clear radio strong let.');
INSERT INTO recipe_meal_type(recipe_id, meal_type_id) VALUES (57, 5);
INSERT INTO recipe_tag(recipe_id, tag_id) VALUES (57, 90);
INSERT INTO recipe_tag(recipe_id, tag_id) VALUES (57, 56);
INSERT INTO recipe_tag(recipe_id, tag_id) VALUES (57, 3);
INSERT INTO recipe_tag(recipe_id, tag_id) VALUES (57, 21);
INSERT INTO recipe_tag(recipe_id, tag_id) VALUES (57, 37);
INSERT INTO recipe_tag(recipe_id, tag_id) VALUES (57, 93);
INSERT INTO recipe_tag(recipe_id, tag_id) VALUES (57, 25);
INSERT INTO recipe_tag(recipe_id, tag_id) VALUES (57, 61);
INSERT INTO recipe_equipment(recipe_id, equipment_id, num) VALUES (57, 15, 2);
INSERT INTO recipe_equipment(recipe_id, equipment_id, num) VALUES (57, 8, 4);
INSERT INTO recipe_equipment(recipe_id, equipment_id, num) VALUES (57, 17, 4);
INSERT INTO recipe_equipment(recipe_id, equipment_id, num) VALUES (57, 19, 2);
INSERT INTO recipe_equipment(recipe_id, equipment_id, num) VALUES (57, 11, 4);
INSERT INTO recipe_cook(recipe_id, cook_id) VALUES (57, 184);
INSERT INTO recipe_cook(recipe_id, cook_id) VALUES (57, 169);
INSERT INTO recipe_cook(recipe_id, cook_id) VALUES (57, 120);
INSERT INTO recipe_cook(recipe_id, cook_id) VALUES (57, 34);
INSERT INTO recipe_cook(recipe_id, cook_id) VALUES (57, 76);
INSERT INTO recipe_cook(recipe_id, cook_id) VALUES (57, 186);
INSERT INTO recipe_cook(recipe_id, cook_id) VALUES (57, 183);
INSERT INTO recipe_cook(recipe_id, cook_id) VALUES (57, 100);
INSERT INTO recipe_cook(recipe_id, cook_id) VALUES (57, 107);
INSERT INTO recipe_cook(recipe_id, cook_id) VALUES (57, 173);
INSERT INTO recipe_cook(recipe_id, cook_id) VALUES (57, 168);
INSERT INTO recipe_cook(recipe_id, cook_id) VALUES (57, 189);
INSERT INTO recipe_cook(recipe_id, cook_id) VALUES (57, 93);
INSERT INTO recipe_cook(recipe_id, cook_id) VALUES (57, 121);
INSERT INTO recipe_cook(recipe_id, cook_id) VALUES (57, 42);
INSERT INTO recipe_cook(recipe_id, cook_id) VALUES (57, 160);
INSERT INTO recipe_cook(recipe_id, cook_id) VALUES (57, 54);
INSERT INTO recipe_cook(recipe_id, cook_id) VALUES (57, 73);
INSERT INTO recipe_cook(recipe_id, cook_id) VALUES (57, 177);
INSERT INTO recipe_cook(recipe_id, cook_id) VALUES (57, 23);
INSERT INTO recipe_cook(recipe_id, cook_id) VALUES (57, 171);
INSERT INTO recipe_cook(recipe_id, cook_id) VALUES (57, 124);
INSERT INTO recipe_cook(recipe_id, cook_id) VALUES (57, 197);
INSERT INTO recipe_cook(recipe_id, cook_id) VALUES (57, 45);
INSERT INTO recipe_cook(recipe_id, cook_id) VALUES (57, 52);
INSERT INTO recipe_cook(recipe_id, cook_id) VALUES (57, 41);
INSERT INTO recipe_cook(recipe_id, cook_id) VALUES (57, 156);
INSERT INTO recipe_cook(recipe_id, cook_id) VALUES (57, 126);
INSERT INTO recipe_cook(recipe_id, cook_id) VALUES (57, 26);
INSERT INTO recipe_cook(recipe_id, cook_id) VALUES (57, 192);
INSERT INTO recipe_cook(recipe_id, cook_id) VALUES (57, 127);
INSERT INTO recipe_cook(recipe_id, cook_id) VALUES (57, 78);
INSERT INTO recipe_cook(recipe_id, cook_id) VALUES (57, 61);
INSERT INTO recipe_cook(recipe_id, cook_id) VALUES (57, 200);
INSERT INTO recipe_cook(recipe_id, cook_id) VALUES (57, 143);
INSERT INTO recipe_cook(recipe_id, cook_id) VALUES (57, 13);
INSERT INTO recipe_cook(recipe_id, cook_id) VALUES (57, 5);
INSERT INTO recipe_cook(recipe_id, cook_id) VALUES (57, 92);
INSERT INTO recipe_cook(recipe_id, cook_id) VALUES (57, 67);
INSERT INTO recipe_cook(recipe_id, cook_id) VALUES (57, 163);
INSERT INTO recipe_cook(recipe_id, cook_id) VALUES (57, 175);
INSERT INTO recipe_cook(recipe_id, cook_id) VALUES (57, 182);
INSERT INTO recipe_cook(recipe_id, cook_id) VALUES (57, 129);
INSERT INTO recipe_cook(recipe_id, cook_id) VALUES (57, 9);
INSERT INTO recipe_cook(recipe_id, cook_id) VALUES (57, 17);
INSERT INTO recipe_cook(recipe_id, cook_id) VALUES (57, 87);
INSERT INTO recipe_cook(recipe_id, cook_id) VALUES (57, 111);
INSERT INTO recipe_cook(recipe_id, cook_id) VALUES (57, 30);
INSERT INTO recipe_cook(recipe_id, cook_id) VALUES (57, 59);
INSERT INTO recipe_cook(recipe_id, cook_id) VALUES (57, 31);
INSERT INTO recipe_cook(recipe_id, cook_id) VALUES (57, 144);
INSERT INTO recipe_cook(recipe_id, cook_id) VALUES (57, 58);
INSERT INTO recipe_cook(recipe_id, cook_id) VALUES (57, 125);
INSERT INTO recipe_cook(recipe_id, cook_id) VALUES (57, 162);
INSERT INTO recipe_cook(recipe_id, cook_id) VALUES (57, 88);
INSERT INTO recipe_cook(recipe_id, cook_id) VALUES (57, 91);
INSERT INTO recipe_cook(recipe_id, cook_id) VALUES (57, 12);
INSERT INTO recipe_cook(recipe_id, cook_id) VALUES (57, 166);
INSERT INTO recipe_cook(recipe_id, cook_id) VALUES (57, 69);
INSERT INTO recipe_cook(recipe_id, cook_id) VALUES (57, 39);
INSERT INTO recipe_cook(recipe_id, cook_id) VALUES (57, 132);
INSERT INTO recipe_cook(recipe_id, cook_id) VALUES (57, 27);
INSERT INTO recipe_cook(recipe_id, cook_id) VALUES (57, 165);
INSERT INTO recipe_cook(recipe_id, cook_id) VALUES (57, 113);
INSERT INTO recipe_cook(recipe_id, cook_id) VALUES (57, 118);
INSERT INTO recipe_cook(recipe_id, cook_id) VALUES (57, 29);
INSERT INTO recipe_cook(recipe_id, cook_id) VALUES (57, 28);
INSERT INTO recipe_cook(recipe_id, cook_id) VALUES (57, 139);
INSERT INTO recipe_cook(recipe_id, cook_id) VALUES (57, 11);
INSERT INTO recipe_cook(recipe_id, cook_id) VALUES (57, 130);
INSERT INTO recipe_cook(recipe_id, cook_id) VALUES (57, 133);
INSERT INTO recipe_cook(recipe_id, cook_id) VALUES (57, 43);
INSERT INTO recipe_cook(recipe_id, cook_id) VALUES (57, 151);
INSERT INTO recipe_cook(recipe_id, cook_id) VALUES (57, 112);
INSERT INTO recipe_cook(recipe_id, cook_id) VALUES (57, 131);
INSERT INTO recipe_cook(recipe_id, cook_id) VALUES (57, 117);
INSERT INTO recipe_cook(recipe_id, cook_id) VALUES (57, 47);
INSERT INTO recipe_cook(recipe_id, cook_id) VALUES (57, 21);
INSERT INTO recipe_cook(recipe_id, cook_id) VALUES (57, 94);
INSERT INTO recipe_cook(recipe_id, cook_id) VALUES (57, 38);
INSERT INTO recipe_cook(recipe_id, cook_id) VALUES (57, 145);
INSERT INTO recipe_cook(recipe_id, cook_id) VALUES (57, 57);
INSERT INTO recipe_cook(recipe_id, cook_id) VALUES (57, 98);
INSERT INTO recipe_cook(recipe_id, cook_id) VALUES (57, 65);
INSERT INTO recipe_cook(recipe_id, cook_id) VALUES (57, 64);
INSERT INTO recipe_cook(recipe_id, cook_id) VALUES (57, 122);
INSERT INTO recipe_cook(recipe_id, cook_id) VALUES (57, 170);
INSERT INTO recipe_cook(recipe_id, cook_id) VALUES (57, 138);
INSERT INTO recipe_cook(recipe_id, cook_id) VALUES (57, 20);
INSERT INTO recipe_cook(recipe_id, cook_id) VALUES (57, 83);
INSERT INTO recipe_cook(recipe_id, cook_id) VALUES (57, 179);
INSERT INTO recipe_cook(recipe_id, cook_id) VALUES (57, 158);
INSERT INTO recipe_cook(recipe_id, cook_id) VALUES (57, 105);
INSERT INTO recipe_cook(recipe_id, cook_id) VALUES (57, 18);
INSERT INTO recipe_cook(recipe_id, cook_id) VALUES (57, 16);
INSERT INTO recipe_cook(recipe_id, cook_id) VALUES (57, 172);
INSERT INTO recipe_cook(recipe_id, cook_id) VALUES (57, 119);
INSERT INTO recipe_cook(recipe_id, cook_id) VALUES (57, 167);
INSERT INTO recipe_cook(recipe_id, cook_id) VALUES (57, 99);
INSERT INTO recipe_cook(recipe_id, cook_id) VALUES (57, 102);
INSERT INTO recipe_cook(recipe_id, cook_id) VALUES (57, 1);
INSERT INTO recipe_cook(recipe_id, cook_id) VALUES (57, 32);
INSERT INTO recipe_cook(recipe_id, cook_id) VALUES (57, 190);
INSERT INTO recipe_cook(recipe_id, cook_id) VALUES (57, 44);
INSERT INTO recipe_cook(recipe_id, cook_id) VALUES (57, 37);
INSERT INTO recipe_cook(recipe_id, cook_id) VALUES (57, 148);
INSERT INTO recipe_cook(recipe_id, cook_id) VALUES (57, 22);
INSERT INTO recipe_cook(recipe_id, cook_id) VALUES (57, 140);
INSERT INTO recipe_cook(recipe_id, cook_id) VALUES (57, 35);
INSERT INTO recipe_cook(recipe_id, cook_id) VALUES (57, 48);
INSERT INTO recipe_cook(recipe_id, cook_id) VALUES (57, 103);
INSERT INTO recipe_cook(recipe_id, cook_id) VALUES (57, 110);
INSERT INTO recipe_cook(recipe_id, cook_id) VALUES (57, 81);
INSERT INTO recipe_cook(recipe_id, cook_id) VALUES (57, 86);
INSERT INTO recipe_cook(recipe_id, cook_id) VALUES (57, 101);
INSERT INTO recipe_cook(recipe_id, cook_id) VALUES (57, 114);
INSERT INTO recipe_cook(recipe_id, cook_id) VALUES (57, 68);
INSERT INTO recipe_cook(recipe_id, cook_id) VALUES (57, 90);
INSERT INTO recipe_cook(recipe_id, cook_id) VALUES (57, 153);
INSERT INTO recipe_cook(recipe_id, cook_id) VALUES (57, 180);
INSERT INTO recipe_cook(recipe_id, cook_id) VALUES (57, 55);
INSERT INTO recipe_cook(recipe_id, cook_id) VALUES (57, 53);
INSERT INTO recipe_cook(recipe_id, cook_id) VALUES (57, 79);
INSERT INTO recipe_cook(recipe_id, cook_id) VALUES (57, 152);
INSERT INTO recipe_cook(recipe_id, cook_id) VALUES (57, 147);
INSERT INTO recipe_cook(recipe_id, cook_id) VALUES (57, 89);
INSERT INTO recipe_cook(recipe_id, cook_id) VALUES (57, 4);
INSERT INTO recipe_cook(recipe_id, cook_id) VALUES (57, 104);
INSERT INTO recipe_cook(recipe_id, cook_id) VALUES (57, 19);
INSERT INTO recipe_cook(recipe_id, cook_id) VALUES (57, 2);
INSERT INTO recipe_cook(recipe_id, cook_id) VALUES (57, 196);
INSERT INTO recipe_cook(recipe_id, cook_id) VALUES (57, 157);
INSERT INTO recipe_cook(recipe_id, cook_id) VALUES (57, 188);
INSERT INTO recipe_cook(recipe_id, cook_id) VALUES (57, 97);
INSERT INTO recipe_cook(recipe_id, cook_id) VALUES (57, 185);
INSERT INTO recipe_cook(recipe_id, cook_id) VALUES (57, 176);
INSERT INTO recipe_cook(recipe_id, cook_id) VALUES (57, 115);
INSERT INTO recipe_cook(recipe_id, cook_id) VALUES (57, 134);
INSERT INTO recipe_cook(recipe_id, cook_id) VALUES (57, 74);
INSERT INTO recipe_cook(recipe_id, cook_id) VALUES (57, 108);
INSERT INTO recipe_cook(recipe_id, cook_id) VALUES (57, 49);
INSERT INTO recipe_cook(recipe_id, cook_id) VALUES (57, 3);
INSERT INTO recipe_cook(recipe_id, cook_id) VALUES (57, 109);
INSERT INTO recipe_cook(recipe_id, cook_id) VALUES (57, 195);
INSERT INTO recipe_cook(recipe_id, cook_id) VALUES (57, 10);
INSERT INTO recipe_cook(recipe_id, cook_id) VALUES (57, 96);
INSERT INTO recipe_cook(recipe_id, cook_id) VALUES (57, 62);
INSERT INTO recipe_cook(recipe_id, cook_id) VALUES (57, 66);
INSERT INTO recipe_cook(recipe_id, cook_id) VALUES (57, 46);
INSERT INTO recipe_cook(recipe_id, cook_id) VALUES (57, 149);
INSERT INTO recipe_cook(recipe_id, cook_id) VALUES (57, 178);
INSERT INTO recipe_cook(recipe_id, cook_id) VALUES (57, 72);
INSERT INTO recipe_cook(recipe_id, cook_id) VALUES (57, 191);
INSERT INTO recipe_cook(recipe_id, cook_id) VALUES (57, 136);
INSERT INTO recipe_cook(recipe_id, cook_id) VALUES (57, 70);
INSERT INTO recipe_themes(recipe_id, theme_id) VALUES (57, 36);
INSERT INTO recipe_themes(recipe_id, theme_id) VALUES (57, 20);
INSERT INTO recipe_themes(recipe_id, theme_id) VALUES (57, 21);
INSERT INTO recipe_tip(recipe_id, tip_id) VALUES (57, 1);
INSERT INTO recipe_tip(recipe_id, tip_id) VALUES (57, 18);

INSERT INTO recipe(baking, cuisine_id, difficulty, recipe_title, recipe_description, prep_time, cook_time, portions, fat_portion, protein_portion, carbs_portion, picture_uri, picture_description) VALUES(1, 42, 4,'Chicken Cacciatore', 'Pretty identify southern claim. Offer himself lawyer main. Institution approach interesting score break southern. Maybe sit Republican such will born condition.', 45, 40, 1, 0, 40,50, 'https://placekitten.com/868/785', 'Character front various opportunity.');
INSERT INTO recipe_meal_type(recipe_id, meal_type_id) VALUES (58, 5);
INSERT INTO recipe_tag(recipe_id, tag_id) VALUES (58, 93);
INSERT INTO recipe_tag(recipe_id, tag_id) VALUES (58, 95);
INSERT INTO recipe_tag(recipe_id, tag_id) VALUES (58, 17);
INSERT INTO recipe_tag(recipe_id, tag_id) VALUES (58, 67);
INSERT INTO recipe_tag(recipe_id, tag_id) VALUES (58, 70);
INSERT INTO recipe_tag(recipe_id, tag_id) VALUES (58, 37);
INSERT INTO recipe_tag(recipe_id, tag_id) VALUES (58, 28);
INSERT INTO recipe_equipment(recipe_id, equipment_id, num) VALUES (58, 17, 4);
INSERT INTO recipe_equipment(recipe_id, equipment_id, num) VALUES (58, 18, 3);
INSERT INTO recipe_equipment(recipe_id, equipment_id, num) VALUES (58, 10, 4);
INSERT INTO recipe_cook(recipe_id, cook_id) VALUES (58, 88);
INSERT INTO recipe_cook(recipe_id, cook_id) VALUES (58, 194);
INSERT INTO recipe_cook(recipe_id, cook_id) VALUES (58, 163);
INSERT INTO recipe_cook(recipe_id, cook_id) VALUES (58, 41);
INSERT INTO recipe_cook(recipe_id, cook_id) VALUES (58, 6);
INSERT INTO recipe_cook(recipe_id, cook_id) VALUES (58, 8);
INSERT INTO recipe_cook(recipe_id, cook_id) VALUES (58, 139);
INSERT INTO recipe_cook(recipe_id, cook_id) VALUES (58, 152);
INSERT INTO recipe_cook(recipe_id, cook_id) VALUES (58, 67);
INSERT INTO recipe_cook(recipe_id, cook_id) VALUES (58, 62);
INSERT INTO recipe_cook(recipe_id, cook_id) VALUES (58, 78);
INSERT INTO recipe_cook(recipe_id, cook_id) VALUES (58, 186);
INSERT INTO recipe_cook(recipe_id, cook_id) VALUES (58, 109);
INSERT INTO recipe_cook(recipe_id, cook_id) VALUES (58, 130);
INSERT INTO recipe_cook(recipe_id, cook_id) VALUES (58, 29);
INSERT INTO recipe_cook(recipe_id, cook_id) VALUES (58, 16);
INSERT INTO recipe_cook(recipe_id, cook_id) VALUES (58, 96);
INSERT INTO recipe_cook(recipe_id, cook_id) VALUES (58, 192);
INSERT INTO recipe_cook(recipe_id, cook_id) VALUES (58, 161);
INSERT INTO recipe_cook(recipe_id, cook_id) VALUES (58, 187);
INSERT INTO recipe_cook(recipe_id, cook_id) VALUES (58, 91);
INSERT INTO recipe_cook(recipe_id, cook_id) VALUES (58, 32);
INSERT INTO recipe_cook(recipe_id, cook_id) VALUES (58, 13);
INSERT INTO recipe_cook(recipe_id, cook_id) VALUES (58, 167);
INSERT INTO recipe_cook(recipe_id, cook_id) VALUES (58, 179);
INSERT INTO recipe_cook(recipe_id, cook_id) VALUES (58, 115);
INSERT INTO recipe_cook(recipe_id, cook_id) VALUES (58, 77);
INSERT INTO recipe_cook(recipe_id, cook_id) VALUES (58, 147);
INSERT INTO recipe_cook(recipe_id, cook_id) VALUES (58, 2);
INSERT INTO recipe_cook(recipe_id, cook_id) VALUES (58, 117);
INSERT INTO recipe_cook(recipe_id, cook_id) VALUES (58, 87);
INSERT INTO recipe_cook(recipe_id, cook_id) VALUES (58, 61);
INSERT INTO recipe_cook(recipe_id, cook_id) VALUES (58, 149);
INSERT INTO recipe_cook(recipe_id, cook_id) VALUES (58, 145);
INSERT INTO recipe_cook(recipe_id, cook_id) VALUES (58, 182);
INSERT INTO recipe_cook(recipe_id, cook_id) VALUES (58, 137);
INSERT INTO recipe_cook(recipe_id, cook_id) VALUES (58, 153);
INSERT INTO recipe_cook(recipe_id, cook_id) VALUES (58, 60);
INSERT INTO recipe_cook(recipe_id, cook_id) VALUES (58, 90);
INSERT INTO recipe_cook(recipe_id, cook_id) VALUES (58, 174);
INSERT INTO recipe_cook(recipe_id, cook_id) VALUES (58, 73);
INSERT INTO recipe_cook(recipe_id, cook_id) VALUES (58, 173);
INSERT INTO recipe_cook(recipe_id, cook_id) VALUES (58, 36);
INSERT INTO recipe_cook(recipe_id, cook_id) VALUES (58, 97);
INSERT INTO recipe_cook(recipe_id, cook_id) VALUES (58, 134);
INSERT INTO recipe_cook(recipe_id, cook_id) VALUES (58, 64);
INSERT INTO recipe_cook(recipe_id, cook_id) VALUES (58, 27);
INSERT INTO recipe_cook(recipe_id, cook_id) VALUES (58, 84);
INSERT INTO recipe_cook(recipe_id, cook_id) VALUES (58, 133);
INSERT INTO recipe_cook(recipe_id, cook_id) VALUES (58, 150);
INSERT INTO recipe_cook(recipe_id, cook_id) VALUES (58, 50);
INSERT INTO recipe_cook(recipe_id, cook_id) VALUES (58, 93);
INSERT INTO recipe_cook(recipe_id, cook_id) VALUES (58, 171);
INSERT INTO recipe_cook(recipe_id, cook_id) VALUES (58, 26);
INSERT INTO recipe_cook(recipe_id, cook_id) VALUES (58, 38);
INSERT INTO recipe_cook(recipe_id, cook_id) VALUES (58, 188);
INSERT INTO recipe_cook(recipe_id, cook_id) VALUES (58, 106);
INSERT INTO recipe_cook(recipe_id, cook_id) VALUES (58, 21);
INSERT INTO recipe_cook(recipe_id, cook_id) VALUES (58, 24);
INSERT INTO recipe_cook(recipe_id, cook_id) VALUES (58, 185);
INSERT INTO recipe_cook(recipe_id, cook_id) VALUES (58, 177);
INSERT INTO recipe_cook(recipe_id, cook_id) VALUES (58, 34);
INSERT INTO recipe_cook(recipe_id, cook_id) VALUES (58, 122);
INSERT INTO recipe_cook(recipe_id, cook_id) VALUES (58, 55);
INSERT INTO recipe_cook(recipe_id, cook_id) VALUES (58, 175);
INSERT INTO recipe_cook(recipe_id, cook_id) VALUES (58, 20);
INSERT INTO recipe_cook(recipe_id, cook_id) VALUES (58, 95);
INSERT INTO recipe_cook(recipe_id, cook_id) VALUES (58, 104);
INSERT INTO recipe_cook(recipe_id, cook_id) VALUES (58, 102);
INSERT INTO recipe_cook(recipe_id, cook_id) VALUES (58, 68);
INSERT INTO recipe_cook(recipe_id, cook_id) VALUES (58, 128);
INSERT INTO recipe_cook(recipe_id, cook_id) VALUES (58, 140);
INSERT INTO recipe_cook(recipe_id, cook_id) VALUES (58, 113);
INSERT INTO recipe_cook(recipe_id, cook_id) VALUES (58, 89);
INSERT INTO recipe_cook(recipe_id, cook_id) VALUES (58, 120);
INSERT INTO recipe_cook(recipe_id, cook_id) VALUES (58, 138);
INSERT INTO recipe_cook(recipe_id, cook_id) VALUES (58, 63);
INSERT INTO recipe_cook(recipe_id, cook_id) VALUES (58, 94);
INSERT INTO recipe_cook(recipe_id, cook_id) VALUES (58, 54);
INSERT INTO recipe_cook(recipe_id, cook_id) VALUES (58, 144);
INSERT INTO recipe_cook(recipe_id, cook_id) VALUES (58, 143);
INSERT INTO recipe_cook(recipe_id, cook_id) VALUES (58, 19);
INSERT INTO recipe_cook(recipe_id, cook_id) VALUES (58, 65);
INSERT INTO recipe_cook(recipe_id, cook_id) VALUES (58, 17);
INSERT INTO recipe_cook(recipe_id, cook_id) VALUES (58, 124);
INSERT INTO recipe_cook(recipe_id, cook_id) VALUES (58, 92);
INSERT INTO recipe_cook(recipe_id, cook_id) VALUES (58, 59);
INSERT INTO recipe_cook(recipe_id, cook_id) VALUES (58, 148);
INSERT INTO recipe_cook(recipe_id, cook_id) VALUES (58, 180);
INSERT INTO recipe_cook(recipe_id, cook_id) VALUES (58, 66);
INSERT INTO recipe_cook(recipe_id, cook_id) VALUES (58, 131);
INSERT INTO recipe_cook(recipe_id, cook_id) VALUES (58, 141);
INSERT INTO recipe_cook(recipe_id, cook_id) VALUES (58, 127);
INSERT INTO recipe_cook(recipe_id, cook_id) VALUES (58, 28);
INSERT INTO recipe_cook(recipe_id, cook_id) VALUES (58, 114);
INSERT INTO recipe_cook(recipe_id, cook_id) VALUES (58, 169);
INSERT INTO recipe_cook(recipe_id, cook_id) VALUES (58, 5);
INSERT INTO recipe_cook(recipe_id, cook_id) VALUES (58, 184);
INSERT INTO recipe_cook(recipe_id, cook_id) VALUES (58, 126);
INSERT INTO recipe_cook(recipe_id, cook_id) VALUES (58, 72);
INSERT INTO recipe_cook(recipe_id, cook_id) VALUES (58, 48);
INSERT INTO recipe_cook(recipe_id, cook_id) VALUES (58, 129);
INSERT INTO recipe_cook(recipe_id, cook_id) VALUES (58, 190);
INSERT INTO recipe_cook(recipe_id, cook_id) VALUES (58, 53);
INSERT INTO recipe_cook(recipe_id, cook_id) VALUES (58, 15);
INSERT INTO recipe_cook(recipe_id, cook_id) VALUES (58, 99);
INSERT INTO recipe_cook(recipe_id, cook_id) VALUES (58, 100);
INSERT INTO recipe_cook(recipe_id, cook_id) VALUES (58, 74);
INSERT INTO recipe_cook(recipe_id, cook_id) VALUES (58, 146);
INSERT INTO recipe_cook(recipe_id, cook_id) VALUES (58, 196);
INSERT INTO recipe_cook(recipe_id, cook_id) VALUES (58, 183);
INSERT INTO recipe_cook(recipe_id, cook_id) VALUES (58, 135);
INSERT INTO recipe_cook(recipe_id, cook_id) VALUES (58, 156);
INSERT INTO recipe_cook(recipe_id, cook_id) VALUES (58, 123);
INSERT INTO recipe_cook(recipe_id, cook_id) VALUES (58, 40);
INSERT INTO recipe_cook(recipe_id, cook_id) VALUES (58, 170);
INSERT INTO recipe_cook(recipe_id, cook_id) VALUES (58, 39);
INSERT INTO recipe_cook(recipe_id, cook_id) VALUES (58, 136);
INSERT INTO recipe_cook(recipe_id, cook_id) VALUES (58, 116);
INSERT INTO recipe_cook(recipe_id, cook_id) VALUES (58, 4);
INSERT INTO recipe_cook(recipe_id, cook_id) VALUES (58, 119);
INSERT INTO recipe_cook(recipe_id, cook_id) VALUES (58, 80);
INSERT INTO recipe_cook(recipe_id, cook_id) VALUES (58, 76);
INSERT INTO recipe_cook(recipe_id, cook_id) VALUES (58, 125);
INSERT INTO recipe_cook(recipe_id, cook_id) VALUES (58, 7);
INSERT INTO recipe_cook(recipe_id, cook_id) VALUES (58, 86);
INSERT INTO recipe_cook(recipe_id, cook_id) VALUES (58, 37);
INSERT INTO recipe_cook(recipe_id, cook_id) VALUES (58, 107);
INSERT INTO recipe_cook(recipe_id, cook_id) VALUES (58, 142);
INSERT INTO recipe_cook(recipe_id, cook_id) VALUES (58, 82);
INSERT INTO recipe_cook(recipe_id, cook_id) VALUES (58, 1);
INSERT INTO recipe_cook(recipe_id, cook_id) VALUES (58, 200);
INSERT INTO recipe_cook(recipe_id, cook_id) VALUES (58, 45);
INSERT INTO recipe_cook(recipe_id, cook_id) VALUES (58, 9);
INSERT INTO recipe_themes(recipe_id, theme_id) VALUES (58, 27);
INSERT INTO recipe_tip(recipe_id, tip_id) VALUES (58, 37);
INSERT INTO recipe_tip(recipe_id, tip_id) VALUES (58, 20);

INSERT INTO recipe(baking, cuisine_id, difficulty, recipe_title, recipe_description, prep_time, cook_time, portions, fat_portion, protein_portion, carbs_portion, picture_uri, picture_description) VALUES(1, 47, 5,'Butternut Squash Soup', 'Road lawyer any example business majority happen threat. Education front fast standard myself condition. Indicate land fear along born rule. School eat base behind risk plan issue. Generation leader pay try tough.', 35, 120, 2, 40, 50,70, 'https://picsum.photos/938/83', 'Head chair with point think high.');
INSERT INTO recipe_meal_type(recipe_id, meal_type_id) VALUES (59, 2);
INSERT INTO recipe_tag(recipe_id, tag_id) VALUES (59, 86);
INSERT INTO recipe_tag(recipe_id, tag_id) VALUES (59, 58);
INSERT INTO recipe_tag(recipe_id, tag_id) VALUES (59, 20);
INSERT INTO recipe_tag(recipe_id, tag_id) VALUES (59, 94);
INSERT INTO recipe_tag(recipe_id, tag_id) VALUES (59, 42);
INSERT INTO recipe_tag(recipe_id, tag_id) VALUES (59, 12);
INSERT INTO recipe_tag(recipe_id, tag_id) VALUES (59, 80);
INSERT INTO recipe_tag(recipe_id, tag_id) VALUES (59, 53);
INSERT INTO recipe_equipment(recipe_id, equipment_id, num) VALUES (59, 8, 4);
INSERT INTO recipe_equipment(recipe_id, equipment_id, num) VALUES (59, 13, 3);
INSERT INTO recipe_equipment(recipe_id, equipment_id, num) VALUES (59, 11, 3);
INSERT INTO recipe_equipment(recipe_id, equipment_id, num) VALUES (59, 2, 4);
INSERT INTO recipe_equipment(recipe_id, equipment_id, num) VALUES (59, 15, 1);
INSERT INTO recipe_equipment(recipe_id, equipment_id, num) VALUES (59, 12, 1);
INSERT INTO recipe_cook(recipe_id, cook_id) VALUES (59, 166);
INSERT INTO recipe_cook(recipe_id, cook_id) VALUES (59, 23);
INSERT INTO recipe_cook(recipe_id, cook_id) VALUES (59, 43);
INSERT INTO recipe_cook(recipe_id, cook_id) VALUES (59, 182);
INSERT INTO recipe_cook(recipe_id, cook_id) VALUES (59, 7);
INSERT INTO recipe_cook(recipe_id, cook_id) VALUES (59, 147);
INSERT INTO recipe_cook(recipe_id, cook_id) VALUES (59, 162);
INSERT INTO recipe_cook(recipe_id, cook_id) VALUES (59, 197);
INSERT INTO recipe_cook(recipe_id, cook_id) VALUES (59, 80);
INSERT INTO recipe_cook(recipe_id, cook_id) VALUES (59, 144);
INSERT INTO recipe_cook(recipe_id, cook_id) VALUES (59, 200);
INSERT INTO recipe_cook(recipe_id, cook_id) VALUES (59, 32);
INSERT INTO recipe_cook(recipe_id, cook_id) VALUES (59, 165);
INSERT INTO recipe_cook(recipe_id, cook_id) VALUES (59, 191);
INSERT INTO recipe_cook(recipe_id, cook_id) VALUES (59, 22);
INSERT INTO recipe_cook(recipe_id, cook_id) VALUES (59, 50);
INSERT INTO recipe_cook(recipe_id, cook_id) VALUES (59, 159);
INSERT INTO recipe_cook(recipe_id, cook_id) VALUES (59, 139);
INSERT INTO recipe_cook(recipe_id, cook_id) VALUES (59, 148);
INSERT INTO recipe_cook(recipe_id, cook_id) VALUES (59, 14);
INSERT INTO recipe_cook(recipe_id, cook_id) VALUES (59, 146);
INSERT INTO recipe_cook(recipe_id, cook_id) VALUES (59, 134);
INSERT INTO recipe_cook(recipe_id, cook_id) VALUES (59, 49);
INSERT INTO recipe_cook(recipe_id, cook_id) VALUES (59, 122);
INSERT INTO recipe_cook(recipe_id, cook_id) VALUES (59, 129);
INSERT INTO recipe_cook(recipe_id, cook_id) VALUES (59, 5);
INSERT INTO recipe_cook(recipe_id, cook_id) VALUES (59, 31);
INSERT INTO recipe_cook(recipe_id, cook_id) VALUES (59, 169);
INSERT INTO recipe_cook(recipe_id, cook_id) VALUES (59, 137);
INSERT INTO recipe_cook(recipe_id, cook_id) VALUES (59, 47);
INSERT INTO recipe_cook(recipe_id, cook_id) VALUES (59, 175);
INSERT INTO recipe_cook(recipe_id, cook_id) VALUES (59, 71);
INSERT INTO recipe_cook(recipe_id, cook_id) VALUES (59, 53);
INSERT INTO recipe_cook(recipe_id, cook_id) VALUES (59, 63);
INSERT INTO recipe_cook(recipe_id, cook_id) VALUES (59, 149);
INSERT INTO recipe_cook(recipe_id, cook_id) VALUES (59, 114);
INSERT INTO recipe_cook(recipe_id, cook_id) VALUES (59, 186);
INSERT INTO recipe_cook(recipe_id, cook_id) VALUES (59, 172);
INSERT INTO recipe_cook(recipe_id, cook_id) VALUES (59, 156);
INSERT INTO recipe_cook(recipe_id, cook_id) VALUES (59, 83);
INSERT INTO recipe_cook(recipe_id, cook_id) VALUES (59, 103);
INSERT INTO recipe_cook(recipe_id, cook_id) VALUES (59, 151);
INSERT INTO recipe_cook(recipe_id, cook_id) VALUES (59, 12);
INSERT INTO recipe_cook(recipe_id, cook_id) VALUES (59, 126);
INSERT INTO recipe_cook(recipe_id, cook_id) VALUES (59, 6);
INSERT INTO recipe_cook(recipe_id, cook_id) VALUES (59, 88);
INSERT INTO recipe_cook(recipe_id, cook_id) VALUES (59, 112);
INSERT INTO recipe_cook(recipe_id, cook_id) VALUES (59, 171);
INSERT INTO recipe_cook(recipe_id, cook_id) VALUES (59, 107);
INSERT INTO recipe_cook(recipe_id, cook_id) VALUES (59, 196);
INSERT INTO recipe_cook(recipe_id, cook_id) VALUES (59, 136);
INSERT INTO recipe_cook(recipe_id, cook_id) VALUES (59, 82);
INSERT INTO recipe_cook(recipe_id, cook_id) VALUES (59, 98);
INSERT INTO recipe_cook(recipe_id, cook_id) VALUES (59, 66);
INSERT INTO recipe_cook(recipe_id, cook_id) VALUES (59, 24);
INSERT INTO recipe_cook(recipe_id, cook_id) VALUES (59, 30);
INSERT INTO recipe_cook(recipe_id, cook_id) VALUES (59, 26);
INSERT INTO recipe_cook(recipe_id, cook_id) VALUES (59, 183);
INSERT INTO recipe_cook(recipe_id, cook_id) VALUES (59, 44);
INSERT INTO recipe_cook(recipe_id, cook_id) VALUES (59, 74);
INSERT INTO recipe_cook(recipe_id, cook_id) VALUES (59, 37);
INSERT INTO recipe_cook(recipe_id, cook_id) VALUES (59, 153);
INSERT INTO recipe_cook(recipe_id, cook_id) VALUES (59, 195);
INSERT INTO recipe_cook(recipe_id, cook_id) VALUES (59, 199);
INSERT INTO recipe_cook(recipe_id, cook_id) VALUES (59, 40);
INSERT INTO recipe_cook(recipe_id, cook_id) VALUES (59, 79);
INSERT INTO recipe_cook(recipe_id, cook_id) VALUES (59, 105);
INSERT INTO recipe_cook(recipe_id, cook_id) VALUES (59, 142);
INSERT INTO recipe_cook(recipe_id, cook_id) VALUES (59, 16);
INSERT INTO recipe_cook(recipe_id, cook_id) VALUES (59, 84);
INSERT INTO recipe_cook(recipe_id, cook_id) VALUES (59, 143);
INSERT INTO recipe_cook(recipe_id, cook_id) VALUES (59, 184);
INSERT INTO recipe_themes(recipe_id, theme_id) VALUES (59, 4);
INSERT INTO recipe_themes(recipe_id, theme_id) VALUES (59, 20);
INSERT INTO recipe_themes(recipe_id, theme_id) VALUES (59, 25);
INSERT INTO recipe_tip(recipe_id, tip_id) VALUES (59, 21);

INSERT INTO recipe(baking, cuisine_id, difficulty, recipe_title, recipe_description, prep_time, cook_time, portions, fat_portion, protein_portion, carbs_portion, picture_uri, picture_description) VALUES(0, 16, 5,'Onion Rings', 'Until see institution against wear either. Student item bring court.', 105, 30, 4, 40, 60,80, 'https://placekitten.com/534/620', 'Much soldier reason any of Democrat very.');
INSERT INTO recipe_meal_type(recipe_id, meal_type_id) VALUES (60, 6);
INSERT INTO recipe_tag(recipe_id, tag_id) VALUES (60, 15);
INSERT INTO recipe_tag(recipe_id, tag_id) VALUES (60, 35);
INSERT INTO recipe_tag(recipe_id, tag_id) VALUES (60, 8);
INSERT INTO recipe_tag(recipe_id, tag_id) VALUES (60, 41);
INSERT INTO recipe_tag(recipe_id, tag_id) VALUES (60, 60);
INSERT INTO recipe_tag(recipe_id, tag_id) VALUES (60, 71);
INSERT INTO recipe_tag(recipe_id, tag_id) VALUES (60, 53);
INSERT INTO recipe_equipment(recipe_id, equipment_id, num) VALUES (60, 16, 4);
INSERT INTO recipe_equipment(recipe_id, equipment_id, num) VALUES (60, 1, 1);
INSERT INTO recipe_equipment(recipe_id, equipment_id, num) VALUES (60, 14, 4);
INSERT INTO recipe_cook(recipe_id, cook_id) VALUES (60, 60);
INSERT INTO recipe_cook(recipe_id, cook_id) VALUES (60, 5);
INSERT INTO recipe_cook(recipe_id, cook_id) VALUES (60, 69);
INSERT INTO recipe_cook(recipe_id, cook_id) VALUES (60, 142);
INSERT INTO recipe_cook(recipe_id, cook_id) VALUES (60, 151);
INSERT INTO recipe_cook(recipe_id, cook_id) VALUES (60, 173);
INSERT INTO recipe_cook(recipe_id, cook_id) VALUES (60, 26);
INSERT INTO recipe_cook(recipe_id, cook_id) VALUES (60, 64);
INSERT INTO recipe_cook(recipe_id, cook_id) VALUES (60, 143);
INSERT INTO recipe_cook(recipe_id, cook_id) VALUES (60, 167);
INSERT INTO recipe_cook(recipe_id, cook_id) VALUES (60, 33);
INSERT INTO recipe_cook(recipe_id, cook_id) VALUES (60, 78);
INSERT INTO recipe_cook(recipe_id, cook_id) VALUES (60, 146);
INSERT INTO recipe_cook(recipe_id, cook_id) VALUES (60, 105);
INSERT INTO recipe_cook(recipe_id, cook_id) VALUES (60, 115);
INSERT INTO recipe_cook(recipe_id, cook_id) VALUES (60, 22);
INSERT INTO recipe_cook(recipe_id, cook_id) VALUES (60, 163);
INSERT INTO recipe_cook(recipe_id, cook_id) VALUES (60, 129);
INSERT INTO recipe_cook(recipe_id, cook_id) VALUES (60, 53);
INSERT INTO recipe_cook(recipe_id, cook_id) VALUES (60, 37);
INSERT INTO recipe_cook(recipe_id, cook_id) VALUES (60, 96);
INSERT INTO recipe_cook(recipe_id, cook_id) VALUES (60, 139);
INSERT INTO recipe_cook(recipe_id, cook_id) VALUES (60, 44);
INSERT INTO recipe_cook(recipe_id, cook_id) VALUES (60, 63);
INSERT INTO recipe_cook(recipe_id, cook_id) VALUES (60, 138);
INSERT INTO recipe_cook(recipe_id, cook_id) VALUES (60, 109);
INSERT INTO recipe_cook(recipe_id, cook_id) VALUES (60, 192);
INSERT INTO recipe_cook(recipe_id, cook_id) VALUES (60, 116);
INSERT INTO recipe_cook(recipe_id, cook_id) VALUES (60, 11);
INSERT INTO recipe_cook(recipe_id, cook_id) VALUES (60, 1);
INSERT INTO recipe_cook(recipe_id, cook_id) VALUES (60, 119);
INSERT INTO recipe_cook(recipe_id, cook_id) VALUES (60, 159);
INSERT INTO recipe_cook(recipe_id, cook_id) VALUES (60, 75);
INSERT INTO recipe_cook(recipe_id, cook_id) VALUES (60, 43);
INSERT INTO recipe_cook(recipe_id, cook_id) VALUES (60, 171);
INSERT INTO recipe_cook(recipe_id, cook_id) VALUES (60, 16);
INSERT INTO recipe_cook(recipe_id, cook_id) VALUES (60, 124);
INSERT INTO recipe_cook(recipe_id, cook_id) VALUES (60, 70);
INSERT INTO recipe_cook(recipe_id, cook_id) VALUES (60, 154);
INSERT INTO recipe_cook(recipe_id, cook_id) VALUES (60, 65);
INSERT INTO recipe_cook(recipe_id, cook_id) VALUES (60, 98);
INSERT INTO recipe_cook(recipe_id, cook_id) VALUES (60, 90);
INSERT INTO recipe_cook(recipe_id, cook_id) VALUES (60, 55);
INSERT INTO recipe_cook(recipe_id, cook_id) VALUES (60, 150);
INSERT INTO recipe_cook(recipe_id, cook_id) VALUES (60, 131);
INSERT INTO recipe_cook(recipe_id, cook_id) VALUES (60, 73);
INSERT INTO recipe_cook(recipe_id, cook_id) VALUES (60, 12);
INSERT INTO recipe_cook(recipe_id, cook_id) VALUES (60, 42);
INSERT INTO recipe_cook(recipe_id, cook_id) VALUES (60, 137);
INSERT INTO recipe_cook(recipe_id, cook_id) VALUES (60, 145);
INSERT INTO recipe_cook(recipe_id, cook_id) VALUES (60, 18);
INSERT INTO recipe_cook(recipe_id, cook_id) VALUES (60, 77);
INSERT INTO recipe_cook(recipe_id, cook_id) VALUES (60, 23);
INSERT INTO recipe_cook(recipe_id, cook_id) VALUES (60, 102);
INSERT INTO recipe_cook(recipe_id, cook_id) VALUES (60, 32);
INSERT INTO recipe_cook(recipe_id, cook_id) VALUES (60, 36);
INSERT INTO recipe_cook(recipe_id, cook_id) VALUES (60, 174);
INSERT INTO recipe_cook(recipe_id, cook_id) VALUES (60, 72);
INSERT INTO recipe_cook(recipe_id, cook_id) VALUES (60, 111);
INSERT INTO recipe_cook(recipe_id, cook_id) VALUES (60, 54);
INSERT INTO recipe_cook(recipe_id, cook_id) VALUES (60, 130);
INSERT INTO recipe_cook(recipe_id, cook_id) VALUES (60, 82);
INSERT INTO recipe_cook(recipe_id, cook_id) VALUES (60, 88);
INSERT INTO recipe_cook(recipe_id, cook_id) VALUES (60, 67);
INSERT INTO recipe_cook(recipe_id, cook_id) VALUES (60, 195);
INSERT INTO recipe_cook(recipe_id, cook_id) VALUES (60, 184);
INSERT INTO recipe_cook(recipe_id, cook_id) VALUES (60, 177);
INSERT INTO recipe_cook(recipe_id, cook_id) VALUES (60, 83);
INSERT INTO recipe_cook(recipe_id, cook_id) VALUES (60, 176);
INSERT INTO recipe_cook(recipe_id, cook_id) VALUES (60, 141);
INSERT INTO recipe_cook(recipe_id, cook_id) VALUES (60, 118);
INSERT INTO recipe_cook(recipe_id, cook_id) VALUES (60, 85);
INSERT INTO recipe_cook(recipe_id, cook_id) VALUES (60, 199);
INSERT INTO recipe_cook(recipe_id, cook_id) VALUES (60, 117);
INSERT INTO recipe_cook(recipe_id, cook_id) VALUES (60, 89);
INSERT INTO recipe_cook(recipe_id, cook_id) VALUES (60, 157);
INSERT INTO recipe_cook(recipe_id, cook_id) VALUES (60, 133);
INSERT INTO recipe_cook(recipe_id, cook_id) VALUES (60, 170);
INSERT INTO recipe_cook(recipe_id, cook_id) VALUES (60, 166);
INSERT INTO recipe_cook(recipe_id, cook_id) VALUES (60, 189);
INSERT INTO recipe_cook(recipe_id, cook_id) VALUES (60, 61);
INSERT INTO recipe_cook(recipe_id, cook_id) VALUES (60, 122);
INSERT INTO recipe_cook(recipe_id, cook_id) VALUES (60, 136);
INSERT INTO recipe_cook(recipe_id, cook_id) VALUES (60, 2);
INSERT INTO recipe_cook(recipe_id, cook_id) VALUES (60, 87);
INSERT INTO recipe_cook(recipe_id, cook_id) VALUES (60, 148);
INSERT INTO recipe_cook(recipe_id, cook_id) VALUES (60, 182);
INSERT INTO recipe_cook(recipe_id, cook_id) VALUES (60, 144);
INSERT INTO recipe_cook(recipe_id, cook_id) VALUES (60, 169);
INSERT INTO recipe_cook(recipe_id, cook_id) VALUES (60, 91);
INSERT INTO recipe_cook(recipe_id, cook_id) VALUES (60, 134);
INSERT INTO recipe_cook(recipe_id, cook_id) VALUES (60, 160);
INSERT INTO recipe_cook(recipe_id, cook_id) VALUES (60, 51);
INSERT INTO recipe_cook(recipe_id, cook_id) VALUES (60, 198);
INSERT INTO recipe_cook(recipe_id, cook_id) VALUES (60, 172);
INSERT INTO recipe_cook(recipe_id, cook_id) VALUES (60, 101);
INSERT INTO recipe_cook(recipe_id, cook_id) VALUES (60, 84);
INSERT INTO recipe_cook(recipe_id, cook_id) VALUES (60, 104);
INSERT INTO recipe_cook(recipe_id, cook_id) VALUES (60, 10);
INSERT INTO recipe_cook(recipe_id, cook_id) VALUES (60, 107);
INSERT INTO recipe_cook(recipe_id, cook_id) VALUES (60, 4);
INSERT INTO recipe_cook(recipe_id, cook_id) VALUES (60, 86);
INSERT INTO recipe_cook(recipe_id, cook_id) VALUES (60, 57);
INSERT INTO recipe_cook(recipe_id, cook_id) VALUES (60, 140);
INSERT INTO recipe_cook(recipe_id, cook_id) VALUES (60, 165);
INSERT INTO recipe_cook(recipe_id, cook_id) VALUES (60, 46);
INSERT INTO recipe_cook(recipe_id, cook_id) VALUES (60, 49);
INSERT INTO recipe_cook(recipe_id, cook_id) VALUES (60, 149);
INSERT INTO recipe_cook(recipe_id, cook_id) VALUES (60, 95);
INSERT INTO recipe_cook(recipe_id, cook_id) VALUES (60, 50);
INSERT INTO recipe_cook(recipe_id, cook_id) VALUES (60, 186);
INSERT INTO recipe_cook(recipe_id, cook_id) VALUES (60, 127);
INSERT INTO recipe_cook(recipe_id, cook_id) VALUES (60, 180);
INSERT INTO recipe_cook(recipe_id, cook_id) VALUES (60, 200);
INSERT INTO recipe_cook(recipe_id, cook_id) VALUES (60, 48);
INSERT INTO recipe_cook(recipe_id, cook_id) VALUES (60, 25);
INSERT INTO recipe_cook(recipe_id, cook_id) VALUES (60, 175);
INSERT INTO recipe_cook(recipe_id, cook_id) VALUES (60, 126);
INSERT INTO recipe_cook(recipe_id, cook_id) VALUES (60, 29);
INSERT INTO recipe_cook(recipe_id, cook_id) VALUES (60, 3);
INSERT INTO recipe_cook(recipe_id, cook_id) VALUES (60, 196);
INSERT INTO recipe_cook(recipe_id, cook_id) VALUES (60, 92);
INSERT INTO recipe_cook(recipe_id, cook_id) VALUES (60, 183);
INSERT INTO recipe_cook(recipe_id, cook_id) VALUES (60, 162);
INSERT INTO recipe_cook(recipe_id, cook_id) VALUES (60, 39);
INSERT INTO recipe_cook(recipe_id, cook_id) VALUES (60, 179);
INSERT INTO recipe_cook(recipe_id, cook_id) VALUES (60, 30);
INSERT INTO recipe_cook(recipe_id, cook_id) VALUES (60, 193);
INSERT INTO recipe_cook(recipe_id, cook_id) VALUES (60, 47);
INSERT INTO recipe_cook(recipe_id, cook_id) VALUES (60, 128);
INSERT INTO recipe_cook(recipe_id, cook_id) VALUES (60, 80);
INSERT INTO recipe_cook(recipe_id, cook_id) VALUES (60, 155);
INSERT INTO recipe_cook(recipe_id, cook_id) VALUES (60, 27);
INSERT INTO recipe_cook(recipe_id, cook_id) VALUES (60, 123);
INSERT INTO recipe_cook(recipe_id, cook_id) VALUES (60, 194);
INSERT INTO recipe_cook(recipe_id, cook_id) VALUES (60, 108);
INSERT INTO recipe_cook(recipe_id, cook_id) VALUES (60, 15);
INSERT INTO recipe_cook(recipe_id, cook_id) VALUES (60, 56);
INSERT INTO recipe_cook(recipe_id, cook_id) VALUES (60, 125);
INSERT INTO recipe_cook(recipe_id, cook_id) VALUES (60, 181);
INSERT INTO recipe_cook(recipe_id, cook_id) VALUES (60, 190);
INSERT INTO recipe_cook(recipe_id, cook_id) VALUES (60, 188);
INSERT INTO recipe_cook(recipe_id, cook_id) VALUES (60, 106);
INSERT INTO recipe_cook(recipe_id, cook_id) VALUES (60, 135);
INSERT INTO recipe_cook(recipe_id, cook_id) VALUES (60, 13);
INSERT INTO recipe_cook(recipe_id, cook_id) VALUES (60, 191);
INSERT INTO recipe_cook(recipe_id, cook_id) VALUES (60, 99);
INSERT INTO recipe_cook(recipe_id, cook_id) VALUES (60, 120);
INSERT INTO recipe_cook(recipe_id, cook_id) VALUES (60, 178);
INSERT INTO recipe_cook(recipe_id, cook_id) VALUES (60, 52);
INSERT INTO recipe_cook(recipe_id, cook_id) VALUES (60, 76);
INSERT INTO recipe_cook(recipe_id, cook_id) VALUES (60, 114);
INSERT INTO recipe_cook(recipe_id, cook_id) VALUES (60, 93);
INSERT INTO recipe_cook(recipe_id, cook_id) VALUES (60, 71);
INSERT INTO recipe_cook(recipe_id, cook_id) VALUES (60, 38);
INSERT INTO recipe_cook(recipe_id, cook_id) VALUES (60, 9);
INSERT INTO recipe_cook(recipe_id, cook_id) VALUES (60, 113);
INSERT INTO recipe_cook(recipe_id, cook_id) VALUES (60, 45);
INSERT INTO recipe_cook(recipe_id, cook_id) VALUES (60, 17);
INSERT INTO recipe_cook(recipe_id, cook_id) VALUES (60, 94);
INSERT INTO recipe_cook(recipe_id, cook_id) VALUES (60, 187);
INSERT INTO recipe_cook(recipe_id, cook_id) VALUES (60, 34);
INSERT INTO recipe_cook(recipe_id, cook_id) VALUES (60, 62);
INSERT INTO recipe_themes(recipe_id, theme_id) VALUES (60, 2);
INSERT INTO recipe_tip(recipe_id, tip_id) VALUES (60, 35);
INSERT INTO recipe_tip(recipe_id, tip_id) VALUES (60, 40);
INSERT INTO recipe_tip(recipe_id, tip_id) VALUES (60, 17);

INSERT INTO recipe(baking, cuisine_id, difficulty, recipe_title, recipe_description, prep_time, cook_time, portions, fat_portion, protein_portion, carbs_portion, picture_uri, picture_description) VALUES(0, 21, 4,'Paella', 'Maybe animal human consider expect. Imagine affect increase. Ever leg so play.', 75, 40, 1, 50, 40,70, 'https://picsum.photos/198/453', 'Remember determine particularly.');
INSERT INTO recipe_meal_type(recipe_id, meal_type_id) VALUES (61, 3);
INSERT INTO recipe_tag(recipe_id, tag_id) VALUES (61, 47);
INSERT INTO recipe_tag(recipe_id, tag_id) VALUES (61, 67);
INSERT INTO recipe_tag(recipe_id, tag_id) VALUES (61, 98);
INSERT INTO recipe_tag(recipe_id, tag_id) VALUES (61, 6);
INSERT INTO recipe_tag(recipe_id, tag_id) VALUES (61, 93);
INSERT INTO recipe_tag(recipe_id, tag_id) VALUES (61, 29);
INSERT INTO recipe_tag(recipe_id, tag_id) VALUES (61, 7);
INSERT INTO recipe_tag(recipe_id, tag_id) VALUES (61, 36);
INSERT INTO recipe_equipment(recipe_id, equipment_id, num) VALUES (61, 18, 3);
INSERT INTO recipe_equipment(recipe_id, equipment_id, num) VALUES (61, 15, 4);
INSERT INTO recipe_equipment(recipe_id, equipment_id, num) VALUES (61, 11, 4);
INSERT INTO recipe_equipment(recipe_id, equipment_id, num) VALUES (61, 1, 4);
INSERT INTO recipe_equipment(recipe_id, equipment_id, num) VALUES (61, 13, 2);
INSERT INTO recipe_equipment(recipe_id, equipment_id, num) VALUES (61, 4, 2);
INSERT INTO recipe_cook(recipe_id, cook_id) VALUES (61, 21);
INSERT INTO recipe_cook(recipe_id, cook_id) VALUES (61, 147);
INSERT INTO recipe_cook(recipe_id, cook_id) VALUES (61, 7);
INSERT INTO recipe_cook(recipe_id, cook_id) VALUES (61, 189);
INSERT INTO recipe_cook(recipe_id, cook_id) VALUES (61, 58);
INSERT INTO recipe_cook(recipe_id, cook_id) VALUES (61, 177);
INSERT INTO recipe_cook(recipe_id, cook_id) VALUES (61, 109);
INSERT INTO recipe_cook(recipe_id, cook_id) VALUES (61, 20);
INSERT INTO recipe_cook(recipe_id, cook_id) VALUES (61, 64);
INSERT INTO recipe_cook(recipe_id, cook_id) VALUES (61, 51);
INSERT INTO recipe_cook(recipe_id, cook_id) VALUES (61, 43);
INSERT INTO recipe_cook(recipe_id, cook_id) VALUES (61, 85);
INSERT INTO recipe_cook(recipe_id, cook_id) VALUES (61, 80);
INSERT INTO recipe_cook(recipe_id, cook_id) VALUES (61, 17);
INSERT INTO recipe_cook(recipe_id, cook_id) VALUES (61, 161);
INSERT INTO recipe_cook(recipe_id, cook_id) VALUES (61, 186);
INSERT INTO recipe_cook(recipe_id, cook_id) VALUES (61, 25);
INSERT INTO recipe_cook(recipe_id, cook_id) VALUES (61, 8);
INSERT INTO recipe_cook(recipe_id, cook_id) VALUES (61, 123);
INSERT INTO recipe_cook(recipe_id, cook_id) VALUES (61, 111);
INSERT INTO recipe_cook(recipe_id, cook_id) VALUES (61, 198);
INSERT INTO recipe_cook(recipe_id, cook_id) VALUES (61, 152);
INSERT INTO recipe_cook(recipe_id, cook_id) VALUES (61, 185);
INSERT INTO recipe_cook(recipe_id, cook_id) VALUES (61, 86);
INSERT INTO recipe_cook(recipe_id, cook_id) VALUES (61, 65);
INSERT INTO recipe_cook(recipe_id, cook_id) VALUES (61, 192);
INSERT INTO recipe_cook(recipe_id, cook_id) VALUES (61, 28);
INSERT INTO recipe_cook(recipe_id, cook_id) VALUES (61, 122);
INSERT INTO recipe_cook(recipe_id, cook_id) VALUES (61, 62);
INSERT INTO recipe_cook(recipe_id, cook_id) VALUES (61, 88);
INSERT INTO recipe_cook(recipe_id, cook_id) VALUES (61, 14);
INSERT INTO recipe_cook(recipe_id, cook_id) VALUES (61, 195);
INSERT INTO recipe_cook(recipe_id, cook_id) VALUES (61, 134);
INSERT INTO recipe_cook(recipe_id, cook_id) VALUES (61, 61);
INSERT INTO recipe_cook(recipe_id, cook_id) VALUES (61, 19);
INSERT INTO recipe_cook(recipe_id, cook_id) VALUES (61, 154);
INSERT INTO recipe_cook(recipe_id, cook_id) VALUES (61, 159);
INSERT INTO recipe_cook(recipe_id, cook_id) VALUES (61, 113);
INSERT INTO recipe_cook(recipe_id, cook_id) VALUES (61, 184);
INSERT INTO recipe_cook(recipe_id, cook_id) VALUES (61, 178);
INSERT INTO recipe_cook(recipe_id, cook_id) VALUES (61, 115);
INSERT INTO recipe_cook(recipe_id, cook_id) VALUES (61, 149);
INSERT INTO recipe_cook(recipe_id, cook_id) VALUES (61, 32);
INSERT INTO recipe_cook(recipe_id, cook_id) VALUES (61, 22);
INSERT INTO recipe_cook(recipe_id, cook_id) VALUES (61, 16);
INSERT INTO recipe_cook(recipe_id, cook_id) VALUES (61, 9);
INSERT INTO recipe_cook(recipe_id, cook_id) VALUES (61, 97);
INSERT INTO recipe_cook(recipe_id, cook_id) VALUES (61, 81);
INSERT INTO recipe_cook(recipe_id, cook_id) VALUES (61, 187);
INSERT INTO recipe_cook(recipe_id, cook_id) VALUES (61, 33);
INSERT INTO recipe_cook(recipe_id, cook_id) VALUES (61, 156);
INSERT INTO recipe_cook(recipe_id, cook_id) VALUES (61, 114);
INSERT INTO recipe_cook(recipe_id, cook_id) VALUES (61, 15);
INSERT INTO recipe_cook(recipe_id, cook_id) VALUES (61, 78);
INSERT INTO recipe_cook(recipe_id, cook_id) VALUES (61, 181);
INSERT INTO recipe_cook(recipe_id, cook_id) VALUES (61, 179);
INSERT INTO recipe_cook(recipe_id, cook_id) VALUES (61, 27);
INSERT INTO recipe_cook(recipe_id, cook_id) VALUES (61, 148);
INSERT INTO recipe_cook(recipe_id, cook_id) VALUES (61, 170);
INSERT INTO recipe_cook(recipe_id, cook_id) VALUES (61, 76);
INSERT INTO recipe_cook(recipe_id, cook_id) VALUES (61, 98);
INSERT INTO recipe_cook(recipe_id, cook_id) VALUES (61, 103);
INSERT INTO recipe_cook(recipe_id, cook_id) VALUES (61, 162);
INSERT INTO recipe_cook(recipe_id, cook_id) VALUES (61, 106);
INSERT INTO recipe_cook(recipe_id, cook_id) VALUES (61, 60);
INSERT INTO recipe_cook(recipe_id, cook_id) VALUES (61, 3);
INSERT INTO recipe_cook(recipe_id, cook_id) VALUES (61, 117);
INSERT INTO recipe_cook(recipe_id, cook_id) VALUES (61, 99);
INSERT INTO recipe_cook(recipe_id, cook_id) VALUES (61, 119);
INSERT INTO recipe_cook(recipe_id, cook_id) VALUES (61, 110);
INSERT INTO recipe_cook(recipe_id, cook_id) VALUES (61, 26);
INSERT INTO recipe_cook(recipe_id, cook_id) VALUES (61, 87);
INSERT INTO recipe_cook(recipe_id, cook_id) VALUES (61, 180);
INSERT INTO recipe_cook(recipe_id, cook_id) VALUES (61, 59);
INSERT INTO recipe_cook(recipe_id, cook_id) VALUES (61, 67);
INSERT INTO recipe_cook(recipe_id, cook_id) VALUES (61, 190);
INSERT INTO recipe_cook(recipe_id, cook_id) VALUES (61, 141);
INSERT INTO recipe_cook(recipe_id, cook_id) VALUES (61, 138);
INSERT INTO recipe_cook(recipe_id, cook_id) VALUES (61, 142);
INSERT INTO recipe_cook(recipe_id, cook_id) VALUES (61, 173);
INSERT INTO recipe_cook(recipe_id, cook_id) VALUES (61, 2);
INSERT INTO recipe_cook(recipe_id, cook_id) VALUES (61, 77);
INSERT INTO recipe_cook(recipe_id, cook_id) VALUES (61, 92);
INSERT INTO recipe_cook(recipe_id, cook_id) VALUES (61, 155);
INSERT INTO recipe_cook(recipe_id, cook_id) VALUES (61, 124);
INSERT INTO recipe_cook(recipe_id, cook_id) VALUES (61, 102);
INSERT INTO recipe_themes(recipe_id, theme_id) VALUES (61, 37);
INSERT INTO recipe_tip(recipe_id, tip_id) VALUES (61, 33);

INSERT INTO recipe(baking, cuisine_id, difficulty, recipe_title, recipe_description, prep_time, cook_time, portions, fat_portion, protein_portion, carbs_portion, picture_uri, picture_description) VALUES(0, 3, 1,'Spring Rolls', 'Onto play forget home upon actually future. State charge take material mother color. Eight allow system whose place no. Bar security morning fight seem later. Ahead person coach goal it yet age.', 35, 40, 5, 30, 40,55, 'https://picsum.photos/581/1005', 'Tv capital parent sure best design.');
INSERT INTO recipe_meal_type(recipe_id, meal_type_id) VALUES (62, 2);
INSERT INTO recipe_tag(recipe_id, tag_id) VALUES (62, 75);
INSERT INTO recipe_tag(recipe_id, tag_id) VALUES (62, 70);
INSERT INTO recipe_tag(recipe_id, tag_id) VALUES (62, 100);
INSERT INTO recipe_tag(recipe_id, tag_id) VALUES (62, 19);
INSERT INTO recipe_tag(recipe_id, tag_id) VALUES (62, 61);
INSERT INTO recipe_equipment(recipe_id, equipment_id, num) VALUES (62, 20, 4);
INSERT INTO recipe_equipment(recipe_id, equipment_id, num) VALUES (62, 11, 3);
INSERT INTO recipe_equipment(recipe_id, equipment_id, num) VALUES (62, 10, 4);
INSERT INTO recipe_equipment(recipe_id, equipment_id, num) VALUES (62, 12, 4);
INSERT INTO recipe_equipment(recipe_id, equipment_id, num) VALUES (62, 1, 2);
INSERT INTO recipe_cook(recipe_id, cook_id) VALUES (62, 151);
INSERT INTO recipe_cook(recipe_id, cook_id) VALUES (62, 169);
INSERT INTO recipe_cook(recipe_id, cook_id) VALUES (62, 174);
INSERT INTO recipe_cook(recipe_id, cook_id) VALUES (62, 38);
INSERT INTO recipe_cook(recipe_id, cook_id) VALUES (62, 15);
INSERT INTO recipe_cook(recipe_id, cook_id) VALUES (62, 61);
INSERT INTO recipe_cook(recipe_id, cook_id) VALUES (62, 130);
INSERT INTO recipe_cook(recipe_id, cook_id) VALUES (62, 144);
INSERT INTO recipe_cook(recipe_id, cook_id) VALUES (62, 14);
INSERT INTO recipe_cook(recipe_id, cook_id) VALUES (62, 109);
INSERT INTO recipe_cook(recipe_id, cook_id) VALUES (62, 89);
INSERT INTO recipe_cook(recipe_id, cook_id) VALUES (62, 51);
INSERT INTO recipe_cook(recipe_id, cook_id) VALUES (62, 52);
INSERT INTO recipe_cook(recipe_id, cook_id) VALUES (62, 164);
INSERT INTO recipe_cook(recipe_id, cook_id) VALUES (62, 188);
INSERT INTO recipe_cook(recipe_id, cook_id) VALUES (62, 18);
INSERT INTO recipe_cook(recipe_id, cook_id) VALUES (62, 88);
INSERT INTO recipe_cook(recipe_id, cook_id) VALUES (62, 49);
INSERT INTO recipe_cook(recipe_id, cook_id) VALUES (62, 171);
INSERT INTO recipe_cook(recipe_id, cook_id) VALUES (62, 122);
INSERT INTO recipe_cook(recipe_id, cook_id) VALUES (62, 178);
INSERT INTO recipe_cook(recipe_id, cook_id) VALUES (62, 180);
INSERT INTO recipe_cook(recipe_id, cook_id) VALUES (62, 120);
INSERT INTO recipe_cook(recipe_id, cook_id) VALUES (62, 154);
INSERT INTO recipe_cook(recipe_id, cook_id) VALUES (62, 85);
INSERT INTO recipe_cook(recipe_id, cook_id) VALUES (62, 149);
INSERT INTO recipe_cook(recipe_id, cook_id) VALUES (62, 145);
INSERT INTO recipe_cook(recipe_id, cook_id) VALUES (62, 86);
INSERT INTO recipe_cook(recipe_id, cook_id) VALUES (62, 158);
INSERT INTO recipe_cook(recipe_id, cook_id) VALUES (62, 77);
INSERT INTO recipe_cook(recipe_id, cook_id) VALUES (62, 108);
INSERT INTO recipe_cook(recipe_id, cook_id) VALUES (62, 176);
INSERT INTO recipe_cook(recipe_id, cook_id) VALUES (62, 42);
INSERT INTO recipe_cook(recipe_id, cook_id) VALUES (62, 27);
INSERT INTO recipe_cook(recipe_id, cook_id) VALUES (62, 117);
INSERT INTO recipe_cook(recipe_id, cook_id) VALUES (62, 11);
INSERT INTO recipe_cook(recipe_id, cook_id) VALUES (62, 127);
INSERT INTO recipe_cook(recipe_id, cook_id) VALUES (62, 57);
INSERT INTO recipe_cook(recipe_id, cook_id) VALUES (62, 1);
INSERT INTO recipe_cook(recipe_id, cook_id) VALUES (62, 58);
INSERT INTO recipe_cook(recipe_id, cook_id) VALUES (62, 59);
INSERT INTO recipe_cook(recipe_id, cook_id) VALUES (62, 179);
INSERT INTO recipe_cook(recipe_id, cook_id) VALUES (62, 55);
INSERT INTO recipe_cook(recipe_id, cook_id) VALUES (62, 62);
INSERT INTO recipe_cook(recipe_id, cook_id) VALUES (62, 124);
INSERT INTO recipe_cook(recipe_id, cook_id) VALUES (62, 199);
INSERT INTO recipe_cook(recipe_id, cook_id) VALUES (62, 97);
INSERT INTO recipe_cook(recipe_id, cook_id) VALUES (62, 53);
INSERT INTO recipe_cook(recipe_id, cook_id) VALUES (62, 103);
INSERT INTO recipe_cook(recipe_id, cook_id) VALUES (62, 48);
INSERT INTO recipe_cook(recipe_id, cook_id) VALUES (62, 2);
INSERT INTO recipe_cook(recipe_id, cook_id) VALUES (62, 93);
INSERT INTO recipe_cook(recipe_id, cook_id) VALUES (62, 3);
INSERT INTO recipe_cook(recipe_id, cook_id) VALUES (62, 19);
INSERT INTO recipe_cook(recipe_id, cook_id) VALUES (62, 92);
INSERT INTO recipe_cook(recipe_id, cook_id) VALUES (62, 8);
INSERT INTO recipe_cook(recipe_id, cook_id) VALUES (62, 143);
INSERT INTO recipe_cook(recipe_id, cook_id) VALUES (62, 30);
INSERT INTO recipe_cook(recipe_id, cook_id) VALUES (62, 37);
INSERT INTO recipe_cook(recipe_id, cook_id) VALUES (62, 75);
INSERT INTO recipe_cook(recipe_id, cook_id) VALUES (62, 113);
INSERT INTO recipe_cook(recipe_id, cook_id) VALUES (62, 50);
INSERT INTO recipe_cook(recipe_id, cook_id) VALUES (62, 175);
INSERT INTO recipe_cook(recipe_id, cook_id) VALUES (62, 12);
INSERT INTO recipe_cook(recipe_id, cook_id) VALUES (62, 198);
INSERT INTO recipe_cook(recipe_id, cook_id) VALUES (62, 189);
INSERT INTO recipe_cook(recipe_id, cook_id) VALUES (62, 135);
INSERT INTO recipe_cook(recipe_id, cook_id) VALUES (62, 73);
INSERT INTO recipe_cook(recipe_id, cook_id) VALUES (62, 45);
INSERT INTO recipe_cook(recipe_id, cook_id) VALUES (62, 163);
INSERT INTO recipe_cook(recipe_id, cook_id) VALUES (62, 68);
INSERT INTO recipe_cook(recipe_id, cook_id) VALUES (62, 132);
INSERT INTO recipe_cook(recipe_id, cook_id) VALUES (62, 87);
INSERT INTO recipe_cook(recipe_id, cook_id) VALUES (62, 191);
INSERT INTO recipe_cook(recipe_id, cook_id) VALUES (62, 71);
INSERT INTO recipe_cook(recipe_id, cook_id) VALUES (62, 32);
INSERT INTO recipe_cook(recipe_id, cook_id) VALUES (62, 23);
INSERT INTO recipe_cook(recipe_id, cook_id) VALUES (62, 26);
INSERT INTO recipe_cook(recipe_id, cook_id) VALUES (62, 148);
INSERT INTO recipe_cook(recipe_id, cook_id) VALUES (62, 156);
INSERT INTO recipe_cook(recipe_id, cook_id) VALUES (62, 170);
INSERT INTO recipe_cook(recipe_id, cook_id) VALUES (62, 34);
INSERT INTO recipe_cook(recipe_id, cook_id) VALUES (62, 166);
INSERT INTO recipe_cook(recipe_id, cook_id) VALUES (62, 13);
INSERT INTO recipe_cook(recipe_id, cook_id) VALUES (62, 181);
INSERT INTO recipe_cook(recipe_id, cook_id) VALUES (62, 107);
INSERT INTO recipe_cook(recipe_id, cook_id) VALUES (62, 128);
INSERT INTO recipe_cook(recipe_id, cook_id) VALUES (62, 185);
INSERT INTO recipe_cook(recipe_id, cook_id) VALUES (62, 183);
INSERT INTO recipe_cook(recipe_id, cook_id) VALUES (62, 84);
INSERT INTO recipe_cook(recipe_id, cook_id) VALUES (62, 101);
INSERT INTO recipe_cook(recipe_id, cook_id) VALUES (62, 196);
INSERT INTO recipe_cook(recipe_id, cook_id) VALUES (62, 44);
INSERT INTO recipe_cook(recipe_id, cook_id) VALUES (62, 167);
INSERT INTO recipe_cook(recipe_id, cook_id) VALUES (62, 40);
INSERT INTO recipe_cook(recipe_id, cook_id) VALUES (62, 160);
INSERT INTO recipe_cook(recipe_id, cook_id) VALUES (62, 31);
INSERT INTO recipe_cook(recipe_id, cook_id) VALUES (62, 200);
INSERT INTO recipe_cook(recipe_id, cook_id) VALUES (62, 152);
INSERT INTO recipe_cook(recipe_id, cook_id) VALUES (62, 155);
INSERT INTO recipe_cook(recipe_id, cook_id) VALUES (62, 22);
INSERT INTO recipe_cook(recipe_id, cook_id) VALUES (62, 194);
INSERT INTO recipe_cook(recipe_id, cook_id) VALUES (62, 80);
INSERT INTO recipe_cook(recipe_id, cook_id) VALUES (62, 56);
INSERT INTO recipe_cook(recipe_id, cook_id) VALUES (62, 146);
INSERT INTO recipe_cook(recipe_id, cook_id) VALUES (62, 9);
INSERT INTO recipe_cook(recipe_id, cook_id) VALUES (62, 16);
INSERT INTO recipe_cook(recipe_id, cook_id) VALUES (62, 147);
INSERT INTO recipe_cook(recipe_id, cook_id) VALUES (62, 17);
INSERT INTO recipe_cook(recipe_id, cook_id) VALUES (62, 25);
INSERT INTO recipe_cook(recipe_id, cook_id) VALUES (62, 91);
INSERT INTO recipe_cook(recipe_id, cook_id) VALUES (62, 69);
INSERT INTO recipe_cook(recipe_id, cook_id) VALUES (62, 112);
INSERT INTO recipe_cook(recipe_id, cook_id) VALUES (62, 102);
INSERT INTO recipe_cook(recipe_id, cook_id) VALUES (62, 41);
INSERT INTO recipe_cook(recipe_id, cook_id) VALUES (62, 182);
INSERT INTO recipe_cook(recipe_id, cook_id) VALUES (62, 172);
INSERT INTO recipe_cook(recipe_id, cook_id) VALUES (62, 82);
INSERT INTO recipe_cook(recipe_id, cook_id) VALUES (62, 125);
INSERT INTO recipe_cook(recipe_id, cook_id) VALUES (62, 6);
INSERT INTO recipe_cook(recipe_id, cook_id) VALUES (62, 79);
INSERT INTO recipe_cook(recipe_id, cook_id) VALUES (62, 76);
INSERT INTO recipe_cook(recipe_id, cook_id) VALUES (62, 90);
INSERT INTO recipe_cook(recipe_id, cook_id) VALUES (62, 190);
INSERT INTO recipe_cook(recipe_id, cook_id) VALUES (62, 197);
INSERT INTO recipe_cook(recipe_id, cook_id) VALUES (62, 20);
INSERT INTO recipe_cook(recipe_id, cook_id) VALUES (62, 168);
INSERT INTO recipe_cook(recipe_id, cook_id) VALUES (62, 83);
INSERT INTO recipe_cook(recipe_id, cook_id) VALUES (62, 7);
INSERT INTO recipe_cook(recipe_id, cook_id) VALUES (62, 36);
INSERT INTO recipe_cook(recipe_id, cook_id) VALUES (62, 96);
INSERT INTO recipe_cook(recipe_id, cook_id) VALUES (62, 66);
INSERT INTO recipe_cook(recipe_id, cook_id) VALUES (62, 63);
INSERT INTO recipe_themes(recipe_id, theme_id) VALUES (62, 6);
INSERT INTO recipe_tip(recipe_id, tip_id) VALUES (62, 40);
INSERT INTO recipe_tip(recipe_id, tip_id) VALUES (62, 5);

INSERT INTO recipe(baking, cuisine_id, difficulty, recipe_title, recipe_description, prep_time, cook_time, portions, fat_portion, protein_portion, carbs_portion, picture_uri, picture_description) VALUES(1, 46, 3,'Chicken Fajitas', 'Condition city since same husband. Goal design too everything side picture. Maybe mouth different identify series experience. Church them hundred about stop several prevent. Himself president wind improve.', 95, 110, 4, 55, 35,75, 'https://picsum.photos/59/459', 'People your outside rule watch foot economic notice.');
INSERT INTO recipe_meal_type(recipe_id, meal_type_id) VALUES (63, 2);
INSERT INTO recipe_tag(recipe_id, tag_id) VALUES (63, 75);
INSERT INTO recipe_tag(recipe_id, tag_id) VALUES (63, 52);
INSERT INTO recipe_tag(recipe_id, tag_id) VALUES (63, 82);
INSERT INTO recipe_tag(recipe_id, tag_id) VALUES (63, 84);
INSERT INTO recipe_tag(recipe_id, tag_id) VALUES (63, 5);
INSERT INTO recipe_equipment(recipe_id, equipment_id, num) VALUES (63, 8, 3);
INSERT INTO recipe_equipment(recipe_id, equipment_id, num) VALUES (63, 7, 1);
INSERT INTO recipe_equipment(recipe_id, equipment_id, num) VALUES (63, 15, 4);
INSERT INTO recipe_equipment(recipe_id, equipment_id, num) VALUES (63, 20, 3);
INSERT INTO recipe_cook(recipe_id, cook_id) VALUES (63, 56);
INSERT INTO recipe_cook(recipe_id, cook_id) VALUES (63, 79);
INSERT INTO recipe_cook(recipe_id, cook_id) VALUES (63, 109);
INSERT INTO recipe_cook(recipe_id, cook_id) VALUES (63, 97);
INSERT INTO recipe_cook(recipe_id, cook_id) VALUES (63, 147);
INSERT INTO recipe_cook(recipe_id, cook_id) VALUES (63, 41);
INSERT INTO recipe_cook(recipe_id, cook_id) VALUES (63, 96);
INSERT INTO recipe_cook(recipe_id, cook_id) VALUES (63, 66);
INSERT INTO recipe_cook(recipe_id, cook_id) VALUES (63, 141);
INSERT INTO recipe_cook(recipe_id, cook_id) VALUES (63, 22);
INSERT INTO recipe_cook(recipe_id, cook_id) VALUES (63, 35);
INSERT INTO recipe_cook(recipe_id, cook_id) VALUES (63, 191);
INSERT INTO recipe_cook(recipe_id, cook_id) VALUES (63, 76);
INSERT INTO recipe_cook(recipe_id, cook_id) VALUES (63, 114);
INSERT INTO recipe_cook(recipe_id, cook_id) VALUES (63, 133);
INSERT INTO recipe_cook(recipe_id, cook_id) VALUES (63, 91);
INSERT INTO recipe_cook(recipe_id, cook_id) VALUES (63, 59);
INSERT INTO recipe_cook(recipe_id, cook_id) VALUES (63, 150);
INSERT INTO recipe_cook(recipe_id, cook_id) VALUES (63, 11);
INSERT INTO recipe_cook(recipe_id, cook_id) VALUES (63, 120);
INSERT INTO recipe_cook(recipe_id, cook_id) VALUES (63, 132);
INSERT INTO recipe_cook(recipe_id, cook_id) VALUES (63, 160);
INSERT INTO recipe_cook(recipe_id, cook_id) VALUES (63, 87);
INSERT INTO recipe_cook(recipe_id, cook_id) VALUES (63, 110);
INSERT INTO recipe_cook(recipe_id, cook_id) VALUES (63, 116);
INSERT INTO recipe_cook(recipe_id, cook_id) VALUES (63, 181);
INSERT INTO recipe_cook(recipe_id, cook_id) VALUES (63, 111);
INSERT INTO recipe_cook(recipe_id, cook_id) VALUES (63, 105);
INSERT INTO recipe_cook(recipe_id, cook_id) VALUES (63, 95);
INSERT INTO recipe_cook(recipe_id, cook_id) VALUES (63, 128);
INSERT INTO recipe_cook(recipe_id, cook_id) VALUES (63, 82);
INSERT INTO recipe_cook(recipe_id, cook_id) VALUES (63, 70);
INSERT INTO recipe_cook(recipe_id, cook_id) VALUES (63, 98);
INSERT INTO recipe_cook(recipe_id, cook_id) VALUES (63, 7);
INSERT INTO recipe_cook(recipe_id, cook_id) VALUES (63, 46);
INSERT INTO recipe_cook(recipe_id, cook_id) VALUES (63, 187);
INSERT INTO recipe_cook(recipe_id, cook_id) VALUES (63, 60);
INSERT INTO recipe_cook(recipe_id, cook_id) VALUES (63, 68);
INSERT INTO recipe_cook(recipe_id, cook_id) VALUES (63, 20);
INSERT INTO recipe_cook(recipe_id, cook_id) VALUES (63, 92);
INSERT INTO recipe_cook(recipe_id, cook_id) VALUES (63, 189);
INSERT INTO recipe_cook(recipe_id, cook_id) VALUES (63, 188);
INSERT INTO recipe_cook(recipe_id, cook_id) VALUES (63, 129);
INSERT INTO recipe_cook(recipe_id, cook_id) VALUES (63, 180);
INSERT INTO recipe_cook(recipe_id, cook_id) VALUES (63, 140);
INSERT INTO recipe_cook(recipe_id, cook_id) VALUES (63, 21);
INSERT INTO recipe_cook(recipe_id, cook_id) VALUES (63, 71);
INSERT INTO recipe_cook(recipe_id, cook_id) VALUES (63, 184);
INSERT INTO recipe_cook(recipe_id, cook_id) VALUES (63, 26);
INSERT INTO recipe_cook(recipe_id, cook_id) VALUES (63, 31);
INSERT INTO recipe_cook(recipe_id, cook_id) VALUES (63, 19);
INSERT INTO recipe_cook(recipe_id, cook_id) VALUES (63, 93);
INSERT INTO recipe_cook(recipe_id, cook_id) VALUES (63, 10);
INSERT INTO recipe_cook(recipe_id, cook_id) VALUES (63, 156);
INSERT INTO recipe_cook(recipe_id, cook_id) VALUES (63, 52);
INSERT INTO recipe_cook(recipe_id, cook_id) VALUES (63, 86);
INSERT INTO recipe_cook(recipe_id, cook_id) VALUES (63, 51);
INSERT INTO recipe_cook(recipe_id, cook_id) VALUES (63, 85);
INSERT INTO recipe_cook(recipe_id, cook_id) VALUES (63, 65);
INSERT INTO recipe_cook(recipe_id, cook_id) VALUES (63, 78);
INSERT INTO recipe_cook(recipe_id, cook_id) VALUES (63, 154);
INSERT INTO recipe_cook(recipe_id, cook_id) VALUES (63, 49);
INSERT INTO recipe_cook(recipe_id, cook_id) VALUES (63, 36);
INSERT INTO recipe_cook(recipe_id, cook_id) VALUES (63, 67);
INSERT INTO recipe_cook(recipe_id, cook_id) VALUES (63, 3);
INSERT INTO recipe_cook(recipe_id, cook_id) VALUES (63, 77);
INSERT INTO recipe_cook(recipe_id, cook_id) VALUES (63, 73);
INSERT INTO recipe_cook(recipe_id, cook_id) VALUES (63, 89);
INSERT INTO recipe_cook(recipe_id, cook_id) VALUES (63, 104);
INSERT INTO recipe_cook(recipe_id, cook_id) VALUES (63, 157);
INSERT INTO recipe_cook(recipe_id, cook_id) VALUES (63, 4);
INSERT INTO recipe_cook(recipe_id, cook_id) VALUES (63, 121);
INSERT INTO recipe_cook(recipe_id, cook_id) VALUES (63, 39);
INSERT INTO recipe_cook(recipe_id, cook_id) VALUES (63, 174);
INSERT INTO recipe_cook(recipe_id, cook_id) VALUES (63, 144);
INSERT INTO recipe_cook(recipe_id, cook_id) VALUES (63, 30);
INSERT INTO recipe_cook(recipe_id, cook_id) VALUES (63, 125);
INSERT INTO recipe_cook(recipe_id, cook_id) VALUES (63, 149);
INSERT INTO recipe_cook(recipe_id, cook_id) VALUES (63, 194);
INSERT INTO recipe_cook(recipe_id, cook_id) VALUES (63, 27);
INSERT INTO recipe_cook(recipe_id, cook_id) VALUES (63, 61);
INSERT INTO recipe_cook(recipe_id, cook_id) VALUES (63, 124);
INSERT INTO recipe_cook(recipe_id, cook_id) VALUES (63, 137);
INSERT INTO recipe_cook(recipe_id, cook_id) VALUES (63, 159);
INSERT INTO recipe_cook(recipe_id, cook_id) VALUES (63, 101);
INSERT INTO recipe_cook(recipe_id, cook_id) VALUES (63, 196);
INSERT INTO recipe_cook(recipe_id, cook_id) VALUES (63, 197);
INSERT INTO recipe_cook(recipe_id, cook_id) VALUES (63, 164);
INSERT INTO recipe_cook(recipe_id, cook_id) VALUES (63, 123);
INSERT INTO recipe_cook(recipe_id, cook_id) VALUES (63, 173);
INSERT INTO recipe_cook(recipe_id, cook_id) VALUES (63, 113);
INSERT INTO recipe_cook(recipe_id, cook_id) VALUES (63, 44);
INSERT INTO recipe_cook(recipe_id, cook_id) VALUES (63, 102);
INSERT INTO recipe_cook(recipe_id, cook_id) VALUES (63, 182);
INSERT INTO recipe_cook(recipe_id, cook_id) VALUES (63, 195);
INSERT INTO recipe_cook(recipe_id, cook_id) VALUES (63, 25);
INSERT INTO recipe_cook(recipe_id, cook_id) VALUES (63, 55);
INSERT INTO recipe_cook(recipe_id, cook_id) VALUES (63, 99);
INSERT INTO recipe_cook(recipe_id, cook_id) VALUES (63, 90);
INSERT INTO recipe_cook(recipe_id, cook_id) VALUES (63, 54);
INSERT INTO recipe_cook(recipe_id, cook_id) VALUES (63, 158);
INSERT INTO recipe_cook(recipe_id, cook_id) VALUES (63, 57);
INSERT INTO recipe_themes(recipe_id, theme_id) VALUES (63, 36);
INSERT INTO recipe_themes(recipe_id, theme_id) VALUES (63, 2);
INSERT INTO recipe_tip(recipe_id, tip_id) VALUES (63, 9);
INSERT INTO recipe_tip(recipe_id, tip_id) VALUES (63, 37);

INSERT INTO recipe(baking, cuisine_id, difficulty, recipe_title, recipe_description, prep_time, cook_time, portions, fat_portion, protein_portion, carbs_portion, picture_uri, picture_description) VALUES(1, 15, 4,'Pecan Pie', 'Age over smile hope memory cover. Leader rich dream line.', 75, 100, 4, 55, 40,45, 'https://picsum.photos/409/660', 'Ask air officer learn raise.');
INSERT INTO recipe_meal_type(recipe_id, meal_type_id) VALUES (64, 2);
INSERT INTO recipe_tag(recipe_id, tag_id) VALUES (64, 76);
INSERT INTO recipe_tag(recipe_id, tag_id) VALUES (64, 3);
INSERT INTO recipe_tag(recipe_id, tag_id) VALUES (64, 73);
INSERT INTO recipe_tag(recipe_id, tag_id) VALUES (64, 5);
INSERT INTO recipe_tag(recipe_id, tag_id) VALUES (64, 18);
INSERT INTO recipe_tag(recipe_id, tag_id) VALUES (64, 20);
INSERT INTO recipe_equipment(recipe_id, equipment_id, num) VALUES (64, 19, 3);
INSERT INTO recipe_equipment(recipe_id, equipment_id, num) VALUES (64, 20, 3);
INSERT INTO recipe_equipment(recipe_id, equipment_id, num) VALUES (64, 13, 1);
INSERT INTO recipe_equipment(recipe_id, equipment_id, num) VALUES (64, 18, 2);
INSERT INTO recipe_equipment(recipe_id, equipment_id, num) VALUES (64, 7, 4);
INSERT INTO recipe_cook(recipe_id, cook_id) VALUES (64, 17);
INSERT INTO recipe_cook(recipe_id, cook_id) VALUES (64, 137);
INSERT INTO recipe_cook(recipe_id, cook_id) VALUES (64, 99);
INSERT INTO recipe_cook(recipe_id, cook_id) VALUES (64, 49);
INSERT INTO recipe_cook(recipe_id, cook_id) VALUES (64, 122);
INSERT INTO recipe_cook(recipe_id, cook_id) VALUES (64, 28);
INSERT INTO recipe_cook(recipe_id, cook_id) VALUES (64, 85);
INSERT INTO recipe_cook(recipe_id, cook_id) VALUES (64, 146);
INSERT INTO recipe_cook(recipe_id, cook_id) VALUES (64, 116);
INSERT INTO recipe_cook(recipe_id, cook_id) VALUES (64, 164);
INSERT INTO recipe_cook(recipe_id, cook_id) VALUES (64, 78);
INSERT INTO recipe_cook(recipe_id, cook_id) VALUES (64, 24);
INSERT INTO recipe_cook(recipe_id, cook_id) VALUES (64, 44);
INSERT INTO recipe_cook(recipe_id, cook_id) VALUES (64, 27);
INSERT INTO recipe_cook(recipe_id, cook_id) VALUES (64, 173);
INSERT INTO recipe_cook(recipe_id, cook_id) VALUES (64, 142);
INSERT INTO recipe_cook(recipe_id, cook_id) VALUES (64, 46);
INSERT INTO recipe_cook(recipe_id, cook_id) VALUES (64, 9);
INSERT INTO recipe_cook(recipe_id, cook_id) VALUES (64, 177);
INSERT INTO recipe_cook(recipe_id, cook_id) VALUES (64, 155);
INSERT INTO recipe_cook(recipe_id, cook_id) VALUES (64, 126);
INSERT INTO recipe_cook(recipe_id, cook_id) VALUES (64, 7);
INSERT INTO recipe_cook(recipe_id, cook_id) VALUES (64, 48);
INSERT INTO recipe_cook(recipe_id, cook_id) VALUES (64, 51);
INSERT INTO recipe_cook(recipe_id, cook_id) VALUES (64, 18);
INSERT INTO recipe_cook(recipe_id, cook_id) VALUES (64, 198);
INSERT INTO recipe_cook(recipe_id, cook_id) VALUES (64, 73);
INSERT INTO recipe_cook(recipe_id, cook_id) VALUES (64, 53);
INSERT INTO recipe_cook(recipe_id, cook_id) VALUES (64, 60);
INSERT INTO recipe_cook(recipe_id, cook_id) VALUES (64, 75);
INSERT INTO recipe_cook(recipe_id, cook_id) VALUES (64, 169);
INSERT INTO recipe_cook(recipe_id, cook_id) VALUES (64, 135);
INSERT INTO recipe_cook(recipe_id, cook_id) VALUES (64, 176);
INSERT INTO recipe_cook(recipe_id, cook_id) VALUES (64, 117);
INSERT INTO recipe_cook(recipe_id, cook_id) VALUES (64, 15);
INSERT INTO recipe_cook(recipe_id, cook_id) VALUES (64, 95);
INSERT INTO recipe_cook(recipe_id, cook_id) VALUES (64, 133);
INSERT INTO recipe_cook(recipe_id, cook_id) VALUES (64, 3);
INSERT INTO recipe_cook(recipe_id, cook_id) VALUES (64, 188);
INSERT INTO recipe_cook(recipe_id, cook_id) VALUES (64, 84);
INSERT INTO recipe_cook(recipe_id, cook_id) VALUES (64, 106);
INSERT INTO recipe_cook(recipe_id, cook_id) VALUES (64, 101);
INSERT INTO recipe_cook(recipe_id, cook_id) VALUES (64, 41);
INSERT INTO recipe_cook(recipe_id, cook_id) VALUES (64, 29);
INSERT INTO recipe_cook(recipe_id, cook_id) VALUES (64, 34);
INSERT INTO recipe_cook(recipe_id, cook_id) VALUES (64, 138);
INSERT INTO recipe_cook(recipe_id, cook_id) VALUES (64, 108);
INSERT INTO recipe_cook(recipe_id, cook_id) VALUES (64, 123);
INSERT INTO recipe_cook(recipe_id, cook_id) VALUES (64, 168);
INSERT INTO recipe_cook(recipe_id, cook_id) VALUES (64, 100);
INSERT INTO recipe_cook(recipe_id, cook_id) VALUES (64, 186);
INSERT INTO recipe_cook(recipe_id, cook_id) VALUES (64, 156);
INSERT INTO recipe_cook(recipe_id, cook_id) VALUES (64, 150);
INSERT INTO recipe_cook(recipe_id, cook_id) VALUES (64, 80);
INSERT INTO recipe_cook(recipe_id, cook_id) VALUES (64, 111);
INSERT INTO recipe_cook(recipe_id, cook_id) VALUES (64, 196);
INSERT INTO recipe_cook(recipe_id, cook_id) VALUES (64, 158);
INSERT INTO recipe_cook(recipe_id, cook_id) VALUES (64, 147);
INSERT INTO recipe_cook(recipe_id, cook_id) VALUES (64, 52);
INSERT INTO recipe_cook(recipe_id, cook_id) VALUES (64, 129);
INSERT INTO recipe_cook(recipe_id, cook_id) VALUES (64, 118);
INSERT INTO recipe_cook(recipe_id, cook_id) VALUES (64, 71);
INSERT INTO recipe_cook(recipe_id, cook_id) VALUES (64, 185);
INSERT INTO recipe_cook(recipe_id, cook_id) VALUES (64, 2);
INSERT INTO recipe_cook(recipe_id, cook_id) VALUES (64, 37);
INSERT INTO recipe_cook(recipe_id, cook_id) VALUES (64, 115);
INSERT INTO recipe_cook(recipe_id, cook_id) VALUES (64, 200);
INSERT INTO recipe_cook(recipe_id, cook_id) VALUES (64, 103);
INSERT INTO recipe_cook(recipe_id, cook_id) VALUES (64, 64);
INSERT INTO recipe_cook(recipe_id, cook_id) VALUES (64, 194);
INSERT INTO recipe_cook(recipe_id, cook_id) VALUES (64, 180);
INSERT INTO recipe_cook(recipe_id, cook_id) VALUES (64, 140);
INSERT INTO recipe_cook(recipe_id, cook_id) VALUES (64, 119);
INSERT INTO recipe_cook(recipe_id, cook_id) VALUES (64, 74);
INSERT INTO recipe_cook(recipe_id, cook_id) VALUES (64, 6);
INSERT INTO recipe_cook(recipe_id, cook_id) VALUES (64, 165);
INSERT INTO recipe_cook(recipe_id, cook_id) VALUES (64, 12);
INSERT INTO recipe_cook(recipe_id, cook_id) VALUES (64, 136);
INSERT INTO recipe_cook(recipe_id, cook_id) VALUES (64, 83);
INSERT INTO recipe_cook(recipe_id, cook_id) VALUES (64, 113);
INSERT INTO recipe_cook(recipe_id, cook_id) VALUES (64, 141);
INSERT INTO recipe_cook(recipe_id, cook_id) VALUES (64, 59);
INSERT INTO recipe_cook(recipe_id, cook_id) VALUES (64, 45);
INSERT INTO recipe_cook(recipe_id, cook_id) VALUES (64, 90);
INSERT INTO recipe_cook(recipe_id, cook_id) VALUES (64, 154);
INSERT INTO recipe_cook(recipe_id, cook_id) VALUES (64, 92);
INSERT INTO recipe_cook(recipe_id, cook_id) VALUES (64, 102);
INSERT INTO recipe_cook(recipe_id, cook_id) VALUES (64, 39);
INSERT INTO recipe_cook(recipe_id, cook_id) VALUES (64, 182);
INSERT INTO recipe_cook(recipe_id, cook_id) VALUES (64, 79);
INSERT INTO recipe_cook(recipe_id, cook_id) VALUES (64, 160);
INSERT INTO recipe_cook(recipe_id, cook_id) VALUES (64, 104);
INSERT INTO recipe_cook(recipe_id, cook_id) VALUES (64, 23);
INSERT INTO recipe_cook(recipe_id, cook_id) VALUES (64, 54);
INSERT INTO recipe_cook(recipe_id, cook_id) VALUES (64, 32);
INSERT INTO recipe_cook(recipe_id, cook_id) VALUES (64, 192);
INSERT INTO recipe_cook(recipe_id, cook_id) VALUES (64, 143);
INSERT INTO recipe_cook(recipe_id, cook_id) VALUES (64, 94);
INSERT INTO recipe_cook(recipe_id, cook_id) VALUES (64, 56);
INSERT INTO recipe_cook(recipe_id, cook_id) VALUES (64, 128);
INSERT INTO recipe_cook(recipe_id, cook_id) VALUES (64, 50);
INSERT INTO recipe_themes(recipe_id, theme_id) VALUES (64, 12);
INSERT INTO recipe_themes(recipe_id, theme_id) VALUES (64, 37);
INSERT INTO recipe_themes(recipe_id, theme_id) VALUES (64, 7);
INSERT INTO recipe_tip(recipe_id, tip_id) VALUES (64, 3);
INSERT INTO recipe_tip(recipe_id, tip_id) VALUES (64, 16);

INSERT INTO recipe(baking, cuisine_id, difficulty, recipe_title, recipe_description, prep_time, cook_time, portions, fat_portion, protein_portion, carbs_portion, picture_uri, picture_description) VALUES(1, 49, 5,'Chocolate Cake', 'Win matter book page. The training each reveal attorney security. Term yet television audience indicate employee.', 25, 50, 1, 5, 40,50, 'https://dummyimage.com/247x48', 'Still art speech stock rise always human.');
INSERT INTO recipe_meal_type(recipe_id, meal_type_id) VALUES (65, 1);
INSERT INTO recipe_tag(recipe_id, tag_id) VALUES (65, 58);
INSERT INTO recipe_tag(recipe_id, tag_id) VALUES (65, 22);
INSERT INTO recipe_tag(recipe_id, tag_id) VALUES (65, 33);
INSERT INTO recipe_tag(recipe_id, tag_id) VALUES (65, 27);
INSERT INTO recipe_tag(recipe_id, tag_id) VALUES (65, 65);
INSERT INTO recipe_tag(recipe_id, tag_id) VALUES (65, 6);
INSERT INTO recipe_tag(recipe_id, tag_id) VALUES (65, 60);
INSERT INTO recipe_equipment(recipe_id, equipment_id, num) VALUES (65, 3, 3);
INSERT INTO recipe_equipment(recipe_id, equipment_id, num) VALUES (65, 15, 3);
INSERT INTO recipe_equipment(recipe_id, equipment_id, num) VALUES (65, 13, 2);
INSERT INTO recipe_cook(recipe_id, cook_id) VALUES (65, 191);
INSERT INTO recipe_cook(recipe_id, cook_id) VALUES (65, 103);
INSERT INTO recipe_cook(recipe_id, cook_id) VALUES (65, 50);
INSERT INTO recipe_cook(recipe_id, cook_id) VALUES (65, 102);
INSERT INTO recipe_cook(recipe_id, cook_id) VALUES (65, 10);
INSERT INTO recipe_cook(recipe_id, cook_id) VALUES (65, 3);
INSERT INTO recipe_cook(recipe_id, cook_id) VALUES (65, 65);
INSERT INTO recipe_cook(recipe_id, cook_id) VALUES (65, 30);
INSERT INTO recipe_cook(recipe_id, cook_id) VALUES (65, 182);
INSERT INTO recipe_cook(recipe_id, cook_id) VALUES (65, 35);
INSERT INTO recipe_cook(recipe_id, cook_id) VALUES (65, 84);
INSERT INTO recipe_cook(recipe_id, cook_id) VALUES (65, 172);
INSERT INTO recipe_cook(recipe_id, cook_id) VALUES (65, 119);
INSERT INTO recipe_cook(recipe_id, cook_id) VALUES (65, 125);
INSERT INTO recipe_cook(recipe_id, cook_id) VALUES (65, 188);
INSERT INTO recipe_cook(recipe_id, cook_id) VALUES (65, 18);
INSERT INTO recipe_cook(recipe_id, cook_id) VALUES (65, 22);
INSERT INTO recipe_cook(recipe_id, cook_id) VALUES (65, 141);
INSERT INTO recipe_cook(recipe_id, cook_id) VALUES (65, 169);
INSERT INTO recipe_cook(recipe_id, cook_id) VALUES (65, 63);
INSERT INTO recipe_cook(recipe_id, cook_id) VALUES (65, 113);
INSERT INTO recipe_cook(recipe_id, cook_id) VALUES (65, 36);
INSERT INTO recipe_cook(recipe_id, cook_id) VALUES (65, 121);
INSERT INTO recipe_cook(recipe_id, cook_id) VALUES (65, 72);
INSERT INTO recipe_cook(recipe_id, cook_id) VALUES (65, 42);
INSERT INTO recipe_cook(recipe_id, cook_id) VALUES (65, 44);
INSERT INTO recipe_cook(recipe_id, cook_id) VALUES (65, 5);
INSERT INTO recipe_cook(recipe_id, cook_id) VALUES (65, 156);
INSERT INTO recipe_cook(recipe_id, cook_id) VALUES (65, 26);
INSERT INTO recipe_cook(recipe_id, cook_id) VALUES (65, 46);
INSERT INTO recipe_cook(recipe_id, cook_id) VALUES (65, 76);
INSERT INTO recipe_cook(recipe_id, cook_id) VALUES (65, 32);
INSERT INTO recipe_cook(recipe_id, cook_id) VALUES (65, 137);
INSERT INTO recipe_cook(recipe_id, cook_id) VALUES (65, 101);
INSERT INTO recipe_cook(recipe_id, cook_id) VALUES (65, 175);
INSERT INTO recipe_cook(recipe_id, cook_id) VALUES (65, 20);
INSERT INTO recipe_cook(recipe_id, cook_id) VALUES (65, 195);
INSERT INTO recipe_cook(recipe_id, cook_id) VALUES (65, 70);
INSERT INTO recipe_cook(recipe_id, cook_id) VALUES (65, 40);
INSERT INTO recipe_cook(recipe_id, cook_id) VALUES (65, 180);
INSERT INTO recipe_cook(recipe_id, cook_id) VALUES (65, 92);
INSERT INTO recipe_cook(recipe_id, cook_id) VALUES (65, 171);
INSERT INTO recipe_cook(recipe_id, cook_id) VALUES (65, 56);
INSERT INTO recipe_cook(recipe_id, cook_id) VALUES (65, 9);
INSERT INTO recipe_cook(recipe_id, cook_id) VALUES (65, 168);
INSERT INTO recipe_cook(recipe_id, cook_id) VALUES (65, 158);
INSERT INTO recipe_cook(recipe_id, cook_id) VALUES (65, 114);
INSERT INTO recipe_cook(recipe_id, cook_id) VALUES (65, 13);
INSERT INTO recipe_cook(recipe_id, cook_id) VALUES (65, 134);
INSERT INTO recipe_cook(recipe_id, cook_id) VALUES (65, 27);
INSERT INTO recipe_cook(recipe_id, cook_id) VALUES (65, 100);
INSERT INTO recipe_cook(recipe_id, cook_id) VALUES (65, 79);
INSERT INTO recipe_cook(recipe_id, cook_id) VALUES (65, 154);
INSERT INTO recipe_cook(recipe_id, cook_id) VALUES (65, 14);
INSERT INTO recipe_cook(recipe_id, cook_id) VALUES (65, 2);
INSERT INTO recipe_cook(recipe_id, cook_id) VALUES (65, 153);
INSERT INTO recipe_cook(recipe_id, cook_id) VALUES (65, 97);
INSERT INTO recipe_cook(recipe_id, cook_id) VALUES (65, 52);
INSERT INTO recipe_cook(recipe_id, cook_id) VALUES (65, 64);
INSERT INTO recipe_cook(recipe_id, cook_id) VALUES (65, 96);
INSERT INTO recipe_cook(recipe_id, cook_id) VALUES (65, 62);
INSERT INTO recipe_cook(recipe_id, cook_id) VALUES (65, 143);
INSERT INTO recipe_cook(recipe_id, cook_id) VALUES (65, 24);
INSERT INTO recipe_cook(recipe_id, cook_id) VALUES (65, 174);
INSERT INTO recipe_cook(recipe_id, cook_id) VALUES (65, 108);
INSERT INTO recipe_cook(recipe_id, cook_id) VALUES (65, 8);
INSERT INTO recipe_cook(recipe_id, cook_id) VALUES (65, 4);
INSERT INTO recipe_cook(recipe_id, cook_id) VALUES (65, 87);
INSERT INTO recipe_cook(recipe_id, cook_id) VALUES (65, 198);
INSERT INTO recipe_cook(recipe_id, cook_id) VALUES (65, 17);
INSERT INTO recipe_cook(recipe_id, cook_id) VALUES (65, 57);
INSERT INTO recipe_cook(recipe_id, cook_id) VALUES (65, 25);
INSERT INTO recipe_cook(recipe_id, cook_id) VALUES (65, 43);
INSERT INTO recipe_cook(recipe_id, cook_id) VALUES (65, 93);
INSERT INTO recipe_cook(recipe_id, cook_id) VALUES (65, 184);
INSERT INTO recipe_cook(recipe_id, cook_id) VALUES (65, 6);
INSERT INTO recipe_cook(recipe_id, cook_id) VALUES (65, 54);
INSERT INTO recipe_cook(recipe_id, cook_id) VALUES (65, 66);
INSERT INTO recipe_cook(recipe_id, cook_id) VALUES (65, 147);
INSERT INTO recipe_cook(recipe_id, cook_id) VALUES (65, 105);
INSERT INTO recipe_cook(recipe_id, cook_id) VALUES (65, 176);
INSERT INTO recipe_cook(recipe_id, cook_id) VALUES (65, 120);
INSERT INTO recipe_cook(recipe_id, cook_id) VALUES (65, 177);
INSERT INTO recipe_cook(recipe_id, cook_id) VALUES (65, 81);
INSERT INTO recipe_cook(recipe_id, cook_id) VALUES (65, 129);
INSERT INTO recipe_cook(recipe_id, cook_id) VALUES (65, 80);
INSERT INTO recipe_cook(recipe_id, cook_id) VALUES (65, 151);
INSERT INTO recipe_cook(recipe_id, cook_id) VALUES (65, 163);
INSERT INTO recipe_themes(recipe_id, theme_id) VALUES (65, 28);
INSERT INTO recipe_themes(recipe_id, theme_id) VALUES (65, 8);
INSERT INTO recipe_tip(recipe_id, tip_id) VALUES (65, 14);

INSERT INTO recipe(baking, cuisine_id, difficulty, recipe_title, recipe_description, prep_time, cook_time, portions, fat_portion, protein_portion, carbs_portion, picture_uri, picture_description) VALUES(0, 26, 3,'Creme Brulee', 'Investment buy certainly energy stay send. Reveal hand prevent center. Somebody decide best politics available. Sell serious garden ready former late election. Organization seven challenge eye determine.', 15, 60, 2, 35, 15,10, 'https://placekitten.com/759/742', 'Fill respond nothing fight require.');
INSERT INTO recipe_meal_type(recipe_id, meal_type_id) VALUES (66, 2);
INSERT INTO recipe_tag(recipe_id, tag_id) VALUES (66, 84);
INSERT INTO recipe_tag(recipe_id, tag_id) VALUES (66, 80);
INSERT INTO recipe_tag(recipe_id, tag_id) VALUES (66, 48);
INSERT INTO recipe_tag(recipe_id, tag_id) VALUES (66, 6);
INSERT INTO recipe_tag(recipe_id, tag_id) VALUES (66, 9);
INSERT INTO recipe_equipment(recipe_id, equipment_id, num) VALUES (66, 14, 4);
INSERT INTO recipe_equipment(recipe_id, equipment_id, num) VALUES (66, 10, 1);
INSERT INTO recipe_equipment(recipe_id, equipment_id, num) VALUES (66, 16, 3);
INSERT INTO recipe_equipment(recipe_id, equipment_id, num) VALUES (66, 4, 1);
INSERT INTO recipe_cook(recipe_id, cook_id) VALUES (66, 138);
INSERT INTO recipe_cook(recipe_id, cook_id) VALUES (66, 146);
INSERT INTO recipe_cook(recipe_id, cook_id) VALUES (66, 44);
INSERT INTO recipe_cook(recipe_id, cook_id) VALUES (66, 65);
INSERT INTO recipe_cook(recipe_id, cook_id) VALUES (66, 25);
INSERT INTO recipe_cook(recipe_id, cook_id) VALUES (66, 154);
INSERT INTO recipe_cook(recipe_id, cook_id) VALUES (66, 84);
INSERT INTO recipe_cook(recipe_id, cook_id) VALUES (66, 162);
INSERT INTO recipe_cook(recipe_id, cook_id) VALUES (66, 179);
INSERT INTO recipe_cook(recipe_id, cook_id) VALUES (66, 100);
INSERT INTO recipe_cook(recipe_id, cook_id) VALUES (66, 174);
INSERT INTO recipe_cook(recipe_id, cook_id) VALUES (66, 178);
INSERT INTO recipe_cook(recipe_id, cook_id) VALUES (66, 35);
INSERT INTO recipe_cook(recipe_id, cook_id) VALUES (66, 86);
INSERT INTO recipe_cook(recipe_id, cook_id) VALUES (66, 45);
INSERT INTO recipe_cook(recipe_id, cook_id) VALUES (66, 163);
INSERT INTO recipe_cook(recipe_id, cook_id) VALUES (66, 177);
INSERT INTO recipe_cook(recipe_id, cook_id) VALUES (66, 82);
INSERT INTO recipe_cook(recipe_id, cook_id) VALUES (66, 171);
INSERT INTO recipe_cook(recipe_id, cook_id) VALUES (66, 124);
INSERT INTO recipe_cook(recipe_id, cook_id) VALUES (66, 18);
INSERT INTO recipe_cook(recipe_id, cook_id) VALUES (66, 187);
INSERT INTO recipe_cook(recipe_id, cook_id) VALUES (66, 5);
INSERT INTO recipe_cook(recipe_id, cook_id) VALUES (66, 156);
INSERT INTO recipe_cook(recipe_id, cook_id) VALUES (66, 150);
INSERT INTO recipe_cook(recipe_id, cook_id) VALUES (66, 115);
INSERT INTO recipe_cook(recipe_id, cook_id) VALUES (66, 98);
INSERT INTO recipe_cook(recipe_id, cook_id) VALUES (66, 131);
INSERT INTO recipe_cook(recipe_id, cook_id) VALUES (66, 164);
INSERT INTO recipe_cook(recipe_id, cook_id) VALUES (66, 60);
INSERT INTO recipe_cook(recipe_id, cook_id) VALUES (66, 129);
INSERT INTO recipe_cook(recipe_id, cook_id) VALUES (66, 151);
INSERT INTO recipe_cook(recipe_id, cook_id) VALUES (66, 4);
INSERT INTO recipe_cook(recipe_id, cook_id) VALUES (66, 182);
INSERT INTO recipe_cook(recipe_id, cook_id) VALUES (66, 6);
INSERT INTO recipe_cook(recipe_id, cook_id) VALUES (66, 158);
INSERT INTO recipe_cook(recipe_id, cook_id) VALUES (66, 32);
INSERT INTO recipe_cook(recipe_id, cook_id) VALUES (66, 80);
INSERT INTO recipe_cook(recipe_id, cook_id) VALUES (66, 61);
INSERT INTO recipe_cook(recipe_id, cook_id) VALUES (66, 110);
INSERT INTO recipe_cook(recipe_id, cook_id) VALUES (66, 63);
INSERT INTO recipe_cook(recipe_id, cook_id) VALUES (66, 159);
INSERT INTO recipe_cook(recipe_id, cook_id) VALUES (66, 21);
INSERT INTO recipe_cook(recipe_id, cook_id) VALUES (66, 16);
INSERT INTO recipe_cook(recipe_id, cook_id) VALUES (66, 36);
INSERT INTO recipe_cook(recipe_id, cook_id) VALUES (66, 96);
INSERT INTO recipe_cook(recipe_id, cook_id) VALUES (66, 128);
INSERT INTO recipe_cook(recipe_id, cook_id) VALUES (66, 76);
INSERT INTO recipe_cook(recipe_id, cook_id) VALUES (66, 52);
INSERT INTO recipe_cook(recipe_id, cook_id) VALUES (66, 39);
INSERT INTO recipe_cook(recipe_id, cook_id) VALUES (66, 97);
INSERT INTO recipe_cook(recipe_id, cook_id) VALUES (66, 53);
INSERT INTO recipe_cook(recipe_id, cook_id) VALUES (66, 10);
INSERT INTO recipe_cook(recipe_id, cook_id) VALUES (66, 193);
INSERT INTO recipe_cook(recipe_id, cook_id) VALUES (66, 114);
INSERT INTO recipe_cook(recipe_id, cook_id) VALUES (66, 85);
INSERT INTO recipe_cook(recipe_id, cook_id) VALUES (66, 188);
INSERT INTO recipe_cook(recipe_id, cook_id) VALUES (66, 72);
INSERT INTO recipe_cook(recipe_id, cook_id) VALUES (66, 183);
INSERT INTO recipe_cook(recipe_id, cook_id) VALUES (66, 11);
INSERT INTO recipe_cook(recipe_id, cook_id) VALUES (66, 134);
INSERT INTO recipe_cook(recipe_id, cook_id) VALUES (66, 107);
INSERT INTO recipe_cook(recipe_id, cook_id) VALUES (66, 74);
INSERT INTO recipe_cook(recipe_id, cook_id) VALUES (66, 7);
INSERT INTO recipe_cook(recipe_id, cook_id) VALUES (66, 59);
INSERT INTO recipe_cook(recipe_id, cook_id) VALUES (66, 145);
INSERT INTO recipe_cook(recipe_id, cook_id) VALUES (66, 88);
INSERT INTO recipe_cook(recipe_id, cook_id) VALUES (66, 160);
INSERT INTO recipe_cook(recipe_id, cook_id) VALUES (66, 149);
INSERT INTO recipe_cook(recipe_id, cook_id) VALUES (66, 14);
INSERT INTO recipe_cook(recipe_id, cook_id) VALUES (66, 64);
INSERT INTO recipe_cook(recipe_id, cook_id) VALUES (66, 57);
INSERT INTO recipe_cook(recipe_id, cook_id) VALUES (66, 190);
INSERT INTO recipe_cook(recipe_id, cook_id) VALUES (66, 67);
INSERT INTO recipe_cook(recipe_id, cook_id) VALUES (66, 42);
INSERT INTO recipe_cook(recipe_id, cook_id) VALUES (66, 24);
INSERT INTO recipe_cook(recipe_id, cook_id) VALUES (66, 170);
INSERT INTO recipe_cook(recipe_id, cook_id) VALUES (66, 81);
INSERT INTO recipe_cook(recipe_id, cook_id) VALUES (66, 1);
INSERT INTO recipe_cook(recipe_id, cook_id) VALUES (66, 9);
INSERT INTO recipe_cook(recipe_id, cook_id) VALUES (66, 112);
INSERT INTO recipe_cook(recipe_id, cook_id) VALUES (66, 133);
INSERT INTO recipe_cook(recipe_id, cook_id) VALUES (66, 121);
INSERT INTO recipe_cook(recipe_id, cook_id) VALUES (66, 196);
INSERT INTO recipe_cook(recipe_id, cook_id) VALUES (66, 137);
INSERT INTO recipe_cook(recipe_id, cook_id) VALUES (66, 142);
INSERT INTO recipe_cook(recipe_id, cook_id) VALUES (66, 19);
INSERT INTO recipe_cook(recipe_id, cook_id) VALUES (66, 27);
INSERT INTO recipe_cook(recipe_id, cook_id) VALUES (66, 17);
INSERT INTO recipe_cook(recipe_id, cook_id) VALUES (66, 12);
INSERT INTO recipe_cook(recipe_id, cook_id) VALUES (66, 23);
INSERT INTO recipe_cook(recipe_id, cook_id) VALUES (66, 153);
INSERT INTO recipe_cook(recipe_id, cook_id) VALUES (66, 71);
INSERT INTO recipe_cook(recipe_id, cook_id) VALUES (66, 139);
INSERT INTO recipe_cook(recipe_id, cook_id) VALUES (66, 102);
INSERT INTO recipe_cook(recipe_id, cook_id) VALUES (66, 113);
INSERT INTO recipe_cook(recipe_id, cook_id) VALUES (66, 31);
INSERT INTO recipe_cook(recipe_id, cook_id) VALUES (66, 197);
INSERT INTO recipe_cook(recipe_id, cook_id) VALUES (66, 141);
INSERT INTO recipe_cook(recipe_id, cook_id) VALUES (66, 55);
INSERT INTO recipe_cook(recipe_id, cook_id) VALUES (66, 93);
INSERT INTO recipe_cook(recipe_id, cook_id) VALUES (66, 167);
INSERT INTO recipe_cook(recipe_id, cook_id) VALUES (66, 40);
INSERT INTO recipe_cook(recipe_id, cook_id) VALUES (66, 22);
INSERT INTO recipe_cook(recipe_id, cook_id) VALUES (66, 191);
INSERT INTO recipe_cook(recipe_id, cook_id) VALUES (66, 26);
INSERT INTO recipe_cook(recipe_id, cook_id) VALUES (66, 172);
INSERT INTO recipe_cook(recipe_id, cook_id) VALUES (66, 101);
INSERT INTO recipe_cook(recipe_id, cook_id) VALUES (66, 161);
INSERT INTO recipe_cook(recipe_id, cook_id) VALUES (66, 78);
INSERT INTO recipe_cook(recipe_id, cook_id) VALUES (66, 94);
INSERT INTO recipe_cook(recipe_id, cook_id) VALUES (66, 169);
INSERT INTO recipe_cook(recipe_id, cook_id) VALUES (66, 37);
INSERT INTO recipe_cook(recipe_id, cook_id) VALUES (66, 200);
INSERT INTO recipe_cook(recipe_id, cook_id) VALUES (66, 58);
INSERT INTO recipe_cook(recipe_id, cook_id) VALUES (66, 175);
INSERT INTO recipe_cook(recipe_id, cook_id) VALUES (66, 95);
INSERT INTO recipe_cook(recipe_id, cook_id) VALUES (66, 144);
INSERT INTO recipe_cook(recipe_id, cook_id) VALUES (66, 62);
INSERT INTO recipe_cook(recipe_id, cook_id) VALUES (66, 106);
INSERT INTO recipe_cook(recipe_id, cook_id) VALUES (66, 47);
INSERT INTO recipe_cook(recipe_id, cook_id) VALUES (66, 51);
INSERT INTO recipe_cook(recipe_id, cook_id) VALUES (66, 49);
INSERT INTO recipe_cook(recipe_id, cook_id) VALUES (66, 176);
INSERT INTO recipe_cook(recipe_id, cook_id) VALUES (66, 147);
INSERT INTO recipe_cook(recipe_id, cook_id) VALUES (66, 181);
INSERT INTO recipe_cook(recipe_id, cook_id) VALUES (66, 155);
INSERT INTO recipe_cook(recipe_id, cook_id) VALUES (66, 103);
INSERT INTO recipe_cook(recipe_id, cook_id) VALUES (66, 56);
INSERT INTO recipe_cook(recipe_id, cook_id) VALUES (66, 20);
INSERT INTO recipe_cook(recipe_id, cook_id) VALUES (66, 135);
INSERT INTO recipe_cook(recipe_id, cook_id) VALUES (66, 3);
INSERT INTO recipe_cook(recipe_id, cook_id) VALUES (66, 91);
INSERT INTO recipe_cook(recipe_id, cook_id) VALUES (66, 87);
INSERT INTO recipe_cook(recipe_id, cook_id) VALUES (66, 123);
INSERT INTO recipe_cook(recipe_id, cook_id) VALUES (66, 89);
INSERT INTO recipe_cook(recipe_id, cook_id) VALUES (66, 108);
INSERT INTO recipe_cook(recipe_id, cook_id) VALUES (66, 184);
INSERT INTO recipe_cook(recipe_id, cook_id) VALUES (66, 185);
INSERT INTO recipe_cook(recipe_id, cook_id) VALUES (66, 111);
INSERT INTO recipe_cook(recipe_id, cook_id) VALUES (66, 120);
INSERT INTO recipe_cook(recipe_id, cook_id) VALUES (66, 117);
INSERT INTO recipe_cook(recipe_id, cook_id) VALUES (66, 30);
INSERT INTO recipe_cook(recipe_id, cook_id) VALUES (66, 130);
INSERT INTO recipe_cook(recipe_id, cook_id) VALUES (66, 192);
INSERT INTO recipe_cook(recipe_id, cook_id) VALUES (66, 199);
INSERT INTO recipe_cook(recipe_id, cook_id) VALUES (66, 136);
INSERT INTO recipe_cook(recipe_id, cook_id) VALUES (66, 119);
INSERT INTO recipe_cook(recipe_id, cook_id) VALUES (66, 73);
INSERT INTO recipe_cook(recipe_id, cook_id) VALUES (66, 104);
INSERT INTO recipe_cook(recipe_id, cook_id) VALUES (66, 189);
INSERT INTO recipe_cook(recipe_id, cook_id) VALUES (66, 77);
INSERT INTO recipe_cook(recipe_id, cook_id) VALUES (66, 118);
INSERT INTO recipe_cook(recipe_id, cook_id) VALUES (66, 46);
INSERT INTO recipe_cook(recipe_id, cook_id) VALUES (66, 79);
INSERT INTO recipe_cook(recipe_id, cook_id) VALUES (66, 13);
INSERT INTO recipe_cook(recipe_id, cook_id) VALUES (66, 148);
INSERT INTO recipe_cook(recipe_id, cook_id) VALUES (66, 186);
INSERT INTO recipe_cook(recipe_id, cook_id) VALUES (66, 122);
INSERT INTO recipe_cook(recipe_id, cook_id) VALUES (66, 126);
INSERT INTO recipe_cook(recipe_id, cook_id) VALUES (66, 33);
INSERT INTO recipe_cook(recipe_id, cook_id) VALUES (66, 125);
INSERT INTO recipe_cook(recipe_id, cook_id) VALUES (66, 90);
INSERT INTO recipe_cook(recipe_id, cook_id) VALUES (66, 194);
INSERT INTO recipe_cook(recipe_id, cook_id) VALUES (66, 105);
INSERT INTO recipe_cook(recipe_id, cook_id) VALUES (66, 140);
INSERT INTO recipe_cook(recipe_id, cook_id) VALUES (66, 152);
INSERT INTO recipe_cook(recipe_id, cook_id) VALUES (66, 54);
INSERT INTO recipe_cook(recipe_id, cook_id) VALUES (66, 38);
INSERT INTO recipe_cook(recipe_id, cook_id) VALUES (66, 198);
INSERT INTO recipe_cook(recipe_id, cook_id) VALUES (66, 165);
INSERT INTO recipe_cook(recipe_id, cook_id) VALUES (66, 127);
INSERT INTO recipe_cook(recipe_id, cook_id) VALUES (66, 69);
INSERT INTO recipe_cook(recipe_id, cook_id) VALUES (66, 173);
INSERT INTO recipe_cook(recipe_id, cook_id) VALUES (66, 2);
INSERT INTO recipe_cook(recipe_id, cook_id) VALUES (66, 168);
INSERT INTO recipe_cook(recipe_id, cook_id) VALUES (66, 43);
INSERT INTO recipe_cook(recipe_id, cook_id) VALUES (66, 29);
INSERT INTO recipe_cook(recipe_id, cook_id) VALUES (66, 166);
INSERT INTO recipe_cook(recipe_id, cook_id) VALUES (66, 116);
INSERT INTO recipe_cook(recipe_id, cook_id) VALUES (66, 132);
INSERT INTO recipe_cook(recipe_id, cook_id) VALUES (66, 48);
INSERT INTO recipe_cook(recipe_id, cook_id) VALUES (66, 109);
INSERT INTO recipe_themes(recipe_id, theme_id) VALUES (66, 32);
INSERT INTO recipe_themes(recipe_id, theme_id) VALUES (66, 24);
INSERT INTO recipe_themes(recipe_id, theme_id) VALUES (66, 4);
INSERT INTO recipe_tip(recipe_id, tip_id) VALUES (66, 25);
INSERT INTO recipe_tip(recipe_id, tip_id) VALUES (66, 28);
INSERT INTO recipe_tip(recipe_id, tip_id) VALUES (66, 16);

INSERT INTO recipe(baking, cuisine_id, difficulty, recipe_title, recipe_description, prep_time, cook_time, portions, fat_portion, protein_portion, carbs_portion, picture_uri, picture_description) VALUES(0, 17, 5,'Bruschetta', 'Season reason chair factor. Either direction surface on chance activity. Return seat you image peace color.', 85, 100, 2, 20, 15,25, 'https://placekitten.com/704/319', 'Fire hear tend magazine college moment compare.');
INSERT INTO recipe_meal_type(recipe_id, meal_type_id) VALUES (67, 1);
INSERT INTO recipe_tag(recipe_id, tag_id) VALUES (67, 15);
INSERT INTO recipe_equipment(recipe_id, equipment_id, num) VALUES (67, 13, 3);
INSERT INTO recipe_equipment(recipe_id, equipment_id, num) VALUES (67, 20, 4);
INSERT INTO recipe_equipment(recipe_id, equipment_id, num) VALUES (67, 3, 4);
INSERT INTO recipe_cook(recipe_id, cook_id) VALUES (67, 49);
INSERT INTO recipe_cook(recipe_id, cook_id) VALUES (67, 109);
INSERT INTO recipe_cook(recipe_id, cook_id) VALUES (67, 43);
INSERT INTO recipe_cook(recipe_id, cook_id) VALUES (67, 110);
INSERT INTO recipe_cook(recipe_id, cook_id) VALUES (67, 65);
INSERT INTO recipe_cook(recipe_id, cook_id) VALUES (67, 178);
INSERT INTO recipe_cook(recipe_id, cook_id) VALUES (67, 78);
INSERT INTO recipe_cook(recipe_id, cook_id) VALUES (67, 129);
INSERT INTO recipe_cook(recipe_id, cook_id) VALUES (67, 137);
INSERT INTO recipe_cook(recipe_id, cook_id) VALUES (67, 169);
INSERT INTO recipe_cook(recipe_id, cook_id) VALUES (67, 98);
INSERT INTO recipe_cook(recipe_id, cook_id) VALUES (67, 151);
INSERT INTO recipe_cook(recipe_id, cook_id) VALUES (67, 79);
INSERT INTO recipe_cook(recipe_id, cook_id) VALUES (67, 106);
INSERT INTO recipe_cook(recipe_id, cook_id) VALUES (67, 23);
INSERT INTO recipe_cook(recipe_id, cook_id) VALUES (67, 28);
INSERT INTO recipe_cook(recipe_id, cook_id) VALUES (67, 163);
INSERT INTO recipe_cook(recipe_id, cook_id) VALUES (67, 147);
INSERT INTO recipe_cook(recipe_id, cook_id) VALUES (67, 89);
INSERT INTO recipe_cook(recipe_id, cook_id) VALUES (67, 37);
INSERT INTO recipe_cook(recipe_id, cook_id) VALUES (67, 69);
INSERT INTO recipe_cook(recipe_id, cook_id) VALUES (67, 54);
INSERT INTO recipe_cook(recipe_id, cook_id) VALUES (67, 102);
INSERT INTO recipe_cook(recipe_id, cook_id) VALUES (67, 188);
INSERT INTO recipe_cook(recipe_id, cook_id) VALUES (67, 2);
INSERT INTO recipe_cook(recipe_id, cook_id) VALUES (67, 44);
INSERT INTO recipe_cook(recipe_id, cook_id) VALUES (67, 126);
INSERT INTO recipe_cook(recipe_id, cook_id) VALUES (67, 1);
INSERT INTO recipe_cook(recipe_id, cook_id) VALUES (67, 25);
INSERT INTO recipe_cook(recipe_id, cook_id) VALUES (67, 18);
INSERT INTO recipe_cook(recipe_id, cook_id) VALUES (67, 107);
INSERT INTO recipe_cook(recipe_id, cook_id) VALUES (67, 135);
INSERT INTO recipe_cook(recipe_id, cook_id) VALUES (67, 170);
INSERT INTO recipe_cook(recipe_id, cook_id) VALUES (67, 74);
INSERT INTO recipe_cook(recipe_id, cook_id) VALUES (67, 111);
INSERT INTO recipe_cook(recipe_id, cook_id) VALUES (67, 175);
INSERT INTO recipe_cook(recipe_id, cook_id) VALUES (67, 46);
INSERT INTO recipe_cook(recipe_id, cook_id) VALUES (67, 96);
INSERT INTO recipe_cook(recipe_id, cook_id) VALUES (67, 48);
INSERT INTO recipe_cook(recipe_id, cook_id) VALUES (67, 35);
INSERT INTO recipe_cook(recipe_id, cook_id) VALUES (67, 51);
INSERT INTO recipe_cook(recipe_id, cook_id) VALUES (67, 125);
INSERT INTO recipe_cook(recipe_id, cook_id) VALUES (67, 47);
INSERT INTO recipe_cook(recipe_id, cook_id) VALUES (67, 193);
INSERT INTO recipe_cook(recipe_id, cook_id) VALUES (67, 29);
INSERT INTO recipe_cook(recipe_id, cook_id) VALUES (67, 116);
INSERT INTO recipe_cook(recipe_id, cook_id) VALUES (67, 146);
INSERT INTO recipe_cook(recipe_id, cook_id) VALUES (67, 55);
INSERT INTO recipe_cook(recipe_id, cook_id) VALUES (67, 162);
INSERT INTO recipe_cook(recipe_id, cook_id) VALUES (67, 52);
INSERT INTO recipe_cook(recipe_id, cook_id) VALUES (67, 16);
INSERT INTO recipe_cook(recipe_id, cook_id) VALUES (67, 158);
INSERT INTO recipe_cook(recipe_id, cook_id) VALUES (67, 50);
INSERT INTO recipe_cook(recipe_id, cook_id) VALUES (67, 67);
INSERT INTO recipe_cook(recipe_id, cook_id) VALUES (67, 105);
INSERT INTO recipe_cook(recipe_id, cook_id) VALUES (67, 113);
INSERT INTO recipe_cook(recipe_id, cook_id) VALUES (67, 185);
INSERT INTO recipe_cook(recipe_id, cook_id) VALUES (67, 198);
INSERT INTO recipe_cook(recipe_id, cook_id) VALUES (67, 21);
INSERT INTO recipe_cook(recipe_id, cook_id) VALUES (67, 76);
INSERT INTO recipe_cook(recipe_id, cook_id) VALUES (67, 22);
INSERT INTO recipe_cook(recipe_id, cook_id) VALUES (67, 97);
INSERT INTO recipe_cook(recipe_id, cook_id) VALUES (67, 32);
INSERT INTO recipe_cook(recipe_id, cook_id) VALUES (67, 71);
INSERT INTO recipe_cook(recipe_id, cook_id) VALUES (67, 17);
INSERT INTO recipe_cook(recipe_id, cook_id) VALUES (67, 88);
INSERT INTO recipe_cook(recipe_id, cook_id) VALUES (67, 8);
INSERT INTO recipe_cook(recipe_id, cook_id) VALUES (67, 61);
INSERT INTO recipe_cook(recipe_id, cook_id) VALUES (67, 123);
INSERT INTO recipe_cook(recipe_id, cook_id) VALUES (67, 159);
INSERT INTO recipe_cook(recipe_id, cook_id) VALUES (67, 26);
INSERT INTO recipe_cook(recipe_id, cook_id) VALUES (67, 3);
INSERT INTO recipe_cook(recipe_id, cook_id) VALUES (67, 150);
INSERT INTO recipe_cook(recipe_id, cook_id) VALUES (67, 161);
INSERT INTO recipe_cook(recipe_id, cook_id) VALUES (67, 139);
INSERT INTO recipe_cook(recipe_id, cook_id) VALUES (67, 132);
INSERT INTO recipe_cook(recipe_id, cook_id) VALUES (67, 173);
INSERT INTO recipe_cook(recipe_id, cook_id) VALUES (67, 86);
INSERT INTO recipe_cook(recipe_id, cook_id) VALUES (67, 75);
INSERT INTO recipe_cook(recipe_id, cook_id) VALUES (67, 195);
INSERT INTO recipe_cook(recipe_id, cook_id) VALUES (67, 6);
INSERT INTO recipe_cook(recipe_id, cook_id) VALUES (67, 13);
INSERT INTO recipe_cook(recipe_id, cook_id) VALUES (67, 144);
INSERT INTO recipe_cook(recipe_id, cook_id) VALUES (67, 183);
INSERT INTO recipe_cook(recipe_id, cook_id) VALUES (67, 121);
INSERT INTO recipe_cook(recipe_id, cook_id) VALUES (67, 124);
INSERT INTO recipe_cook(recipe_id, cook_id) VALUES (67, 200);
INSERT INTO recipe_cook(recipe_id, cook_id) VALUES (67, 194);
INSERT INTO recipe_cook(recipe_id, cook_id) VALUES (67, 117);
INSERT INTO recipe_cook(recipe_id, cook_id) VALUES (67, 190);
INSERT INTO recipe_cook(recipe_id, cook_id) VALUES (67, 127);
INSERT INTO recipe_cook(recipe_id, cook_id) VALUES (67, 63);
INSERT INTO recipe_cook(recipe_id, cook_id) VALUES (67, 133);
INSERT INTO recipe_cook(recipe_id, cook_id) VALUES (67, 174);
INSERT INTO recipe_cook(recipe_id, cook_id) VALUES (67, 165);
INSERT INTO recipe_cook(recipe_id, cook_id) VALUES (67, 145);
INSERT INTO recipe_cook(recipe_id, cook_id) VALUES (67, 153);
INSERT INTO recipe_cook(recipe_id, cook_id) VALUES (67, 187);
INSERT INTO recipe_cook(recipe_id, cook_id) VALUES (67, 152);
INSERT INTO recipe_cook(recipe_id, cook_id) VALUES (67, 191);
INSERT INTO recipe_cook(recipe_id, cook_id) VALUES (67, 103);
INSERT INTO recipe_cook(recipe_id, cook_id) VALUES (67, 41);
INSERT INTO recipe_cook(recipe_id, cook_id) VALUES (67, 31);
INSERT INTO recipe_cook(recipe_id, cook_id) VALUES (67, 149);
INSERT INTO recipe_cook(recipe_id, cook_id) VALUES (67, 131);
INSERT INTO recipe_cook(recipe_id, cook_id) VALUES (67, 189);
INSERT INTO recipe_cook(recipe_id, cook_id) VALUES (67, 114);
INSERT INTO recipe_cook(recipe_id, cook_id) VALUES (67, 177);
INSERT INTO recipe_cook(recipe_id, cook_id) VALUES (67, 134);
INSERT INTO recipe_cook(recipe_id, cook_id) VALUES (67, 164);
INSERT INTO recipe_cook(recipe_id, cook_id) VALUES (67, 143);
INSERT INTO recipe_cook(recipe_id, cook_id) VALUES (67, 119);
INSERT INTO recipe_cook(recipe_id, cook_id) VALUES (67, 115);
INSERT INTO recipe_cook(recipe_id, cook_id) VALUES (67, 59);
INSERT INTO recipe_cook(recipe_id, cook_id) VALUES (67, 95);
INSERT INTO recipe_cook(recipe_id, cook_id) VALUES (67, 171);
INSERT INTO recipe_cook(recipe_id, cook_id) VALUES (67, 4);
INSERT INTO recipe_cook(recipe_id, cook_id) VALUES (67, 154);
INSERT INTO recipe_cook(recipe_id, cook_id) VALUES (67, 128);
INSERT INTO recipe_cook(recipe_id, cook_id) VALUES (67, 68);
INSERT INTO recipe_cook(recipe_id, cook_id) VALUES (67, 36);
INSERT INTO recipe_cook(recipe_id, cook_id) VALUES (67, 138);
INSERT INTO recipe_cook(recipe_id, cook_id) VALUES (67, 155);
INSERT INTO recipe_cook(recipe_id, cook_id) VALUES (67, 58);
INSERT INTO recipe_cook(recipe_id, cook_id) VALUES (67, 108);
INSERT INTO recipe_cook(recipe_id, cook_id) VALUES (67, 66);
INSERT INTO recipe_cook(recipe_id, cook_id) VALUES (67, 53);
INSERT INTO recipe_cook(recipe_id, cook_id) VALUES (67, 172);
INSERT INTO recipe_cook(recipe_id, cook_id) VALUES (67, 101);
INSERT INTO recipe_cook(recipe_id, cook_id) VALUES (67, 42);
INSERT INTO recipe_cook(recipe_id, cook_id) VALUES (67, 157);
INSERT INTO recipe_cook(recipe_id, cook_id) VALUES (67, 168);
INSERT INTO recipe_cook(recipe_id, cook_id) VALUES (67, 120);
INSERT INTO recipe_themes(recipe_id, theme_id) VALUES (67, 21);
INSERT INTO recipe_themes(recipe_id, theme_id) VALUES (67, 29);
INSERT INTO recipe_themes(recipe_id, theme_id) VALUES (67, 15);
INSERT INTO recipe_tip(recipe_id, tip_id) VALUES (67, 32);
INSERT INTO recipe_tip(recipe_id, tip_id) VALUES (67, 26);
INSERT INTO recipe_tip(recipe_id, tip_id) VALUES (67, 40);

INSERT INTO recipe(baking, cuisine_id, difficulty, recipe_title, recipe_description, prep_time, cook_time, portions, fat_portion, protein_portion, carbs_portion, picture_uri, picture_description) VALUES(0, 47, 4,'Blueberry Muffins', 'Garden finally difference everything. Practice ground least tree.', 55, 90, 2, 55, 10,80, 'https://placekitten.com/24/467', 'Hair allow phone weight medical.');
INSERT INTO recipe_meal_type(recipe_id, meal_type_id) VALUES (68, 1);
INSERT INTO recipe_tag(recipe_id, tag_id) VALUES (68, 17);
INSERT INTO recipe_equipment(recipe_id, equipment_id, num) VALUES (68, 3, 4);
INSERT INTO recipe_equipment(recipe_id, equipment_id, num) VALUES (68, 10, 3);
INSERT INTO recipe_equipment(recipe_id, equipment_id, num) VALUES (68, 18, 4);
INSERT INTO recipe_equipment(recipe_id, equipment_id, num) VALUES (68, 15, 4);
INSERT INTO recipe_equipment(recipe_id, equipment_id, num) VALUES (68, 6, 3);
INSERT INTO recipe_equipment(recipe_id, equipment_id, num) VALUES (68, 17, 4);
INSERT INTO recipe_cook(recipe_id, cook_id) VALUES (68, 30);
INSERT INTO recipe_cook(recipe_id, cook_id) VALUES (68, 124);
INSERT INTO recipe_cook(recipe_id, cook_id) VALUES (68, 170);
INSERT INTO recipe_cook(recipe_id, cook_id) VALUES (68, 139);
INSERT INTO recipe_cook(recipe_id, cook_id) VALUES (68, 62);
INSERT INTO recipe_cook(recipe_id, cook_id) VALUES (68, 63);
INSERT INTO recipe_cook(recipe_id, cook_id) VALUES (68, 55);
INSERT INTO recipe_cook(recipe_id, cook_id) VALUES (68, 44);
INSERT INTO recipe_cook(recipe_id, cook_id) VALUES (68, 169);
INSERT INTO recipe_cook(recipe_id, cook_id) VALUES (68, 180);
INSERT INTO recipe_cook(recipe_id, cook_id) VALUES (68, 23);
INSERT INTO recipe_cook(recipe_id, cook_id) VALUES (68, 28);
INSERT INTO recipe_cook(recipe_id, cook_id) VALUES (68, 112);
INSERT INTO recipe_cook(recipe_id, cook_id) VALUES (68, 184);
INSERT INTO recipe_cook(recipe_id, cook_id) VALUES (68, 8);
INSERT INTO recipe_cook(recipe_id, cook_id) VALUES (68, 42);
INSERT INTO recipe_cook(recipe_id, cook_id) VALUES (68, 84);
INSERT INTO recipe_cook(recipe_id, cook_id) VALUES (68, 99);
INSERT INTO recipe_cook(recipe_id, cook_id) VALUES (68, 72);
INSERT INTO recipe_cook(recipe_id, cook_id) VALUES (68, 57);
INSERT INTO recipe_cook(recipe_id, cook_id) VALUES (68, 66);
INSERT INTO recipe_cook(recipe_id, cook_id) VALUES (68, 171);
INSERT INTO recipe_cook(recipe_id, cook_id) VALUES (68, 122);
INSERT INTO recipe_cook(recipe_id, cook_id) VALUES (68, 172);
INSERT INTO recipe_cook(recipe_id, cook_id) VALUES (68, 32);
INSERT INTO recipe_cook(recipe_id, cook_id) VALUES (68, 179);
INSERT INTO recipe_cook(recipe_id, cook_id) VALUES (68, 35);
INSERT INTO recipe_cook(recipe_id, cook_id) VALUES (68, 137);
INSERT INTO recipe_cook(recipe_id, cook_id) VALUES (68, 163);
INSERT INTO recipe_cook(recipe_id, cook_id) VALUES (68, 126);
INSERT INTO recipe_cook(recipe_id, cook_id) VALUES (68, 24);
INSERT INTO recipe_cook(recipe_id, cook_id) VALUES (68, 86);
INSERT INTO recipe_cook(recipe_id, cook_id) VALUES (68, 58);
INSERT INTO recipe_cook(recipe_id, cook_id) VALUES (68, 148);
INSERT INTO recipe_cook(recipe_id, cook_id) VALUES (68, 154);
INSERT INTO recipe_cook(recipe_id, cook_id) VALUES (68, 17);
INSERT INTO recipe_cook(recipe_id, cook_id) VALUES (68, 88);
INSERT INTO recipe_cook(recipe_id, cook_id) VALUES (68, 97);
INSERT INTO recipe_cook(recipe_id, cook_id) VALUES (68, 98);
INSERT INTO recipe_cook(recipe_id, cook_id) VALUES (68, 144);
INSERT INTO recipe_cook(recipe_id, cook_id) VALUES (68, 188);
INSERT INTO recipe_cook(recipe_id, cook_id) VALUES (68, 60);
INSERT INTO recipe_cook(recipe_id, cook_id) VALUES (68, 168);
INSERT INTO recipe_cook(recipe_id, cook_id) VALUES (68, 67);
INSERT INTO recipe_cook(recipe_id, cook_id) VALUES (68, 200);
INSERT INTO recipe_cook(recipe_id, cook_id) VALUES (68, 75);
INSERT INTO recipe_cook(recipe_id, cook_id) VALUES (68, 190);
INSERT INTO recipe_cook(recipe_id, cook_id) VALUES (68, 29);
INSERT INTO recipe_cook(recipe_id, cook_id) VALUES (68, 166);
INSERT INTO recipe_cook(recipe_id, cook_id) VALUES (68, 164);
INSERT INTO recipe_cook(recipe_id, cook_id) VALUES (68, 49);
INSERT INTO recipe_cook(recipe_id, cook_id) VALUES (68, 156);
INSERT INTO recipe_cook(recipe_id, cook_id) VALUES (68, 147);
INSERT INTO recipe_cook(recipe_id, cook_id) VALUES (68, 95);
INSERT INTO recipe_cook(recipe_id, cook_id) VALUES (68, 33);
INSERT INTO recipe_cook(recipe_id, cook_id) VALUES (68, 81);
INSERT INTO recipe_cook(recipe_id, cook_id) VALUES (68, 162);
INSERT INTO recipe_cook(recipe_id, cook_id) VALUES (68, 1);
INSERT INTO recipe_cook(recipe_id, cook_id) VALUES (68, 80);
INSERT INTO recipe_cook(recipe_id, cook_id) VALUES (68, 16);
INSERT INTO recipe_cook(recipe_id, cook_id) VALUES (68, 138);
INSERT INTO recipe_cook(recipe_id, cook_id) VALUES (68, 150);
INSERT INTO recipe_cook(recipe_id, cook_id) VALUES (68, 100);
INSERT INTO recipe_cook(recipe_id, cook_id) VALUES (68, 109);
INSERT INTO recipe_cook(recipe_id, cook_id) VALUES (68, 82);
INSERT INTO recipe_cook(recipe_id, cook_id) VALUES (68, 94);
INSERT INTO recipe_cook(recipe_id, cook_id) VALUES (68, 146);
INSERT INTO recipe_cook(recipe_id, cook_id) VALUES (68, 181);
INSERT INTO recipe_cook(recipe_id, cook_id) VALUES (68, 189);
INSERT INTO recipe_cook(recipe_id, cook_id) VALUES (68, 102);
INSERT INTO recipe_cook(recipe_id, cook_id) VALUES (68, 3);
INSERT INTO recipe_cook(recipe_id, cook_id) VALUES (68, 118);
INSERT INTO recipe_cook(recipe_id, cook_id) VALUES (68, 145);
INSERT INTO recipe_cook(recipe_id, cook_id) VALUES (68, 19);
INSERT INTO recipe_cook(recipe_id, cook_id) VALUES (68, 105);
INSERT INTO recipe_cook(recipe_id, cook_id) VALUES (68, 121);
INSERT INTO recipe_cook(recipe_id, cook_id) VALUES (68, 38);
INSERT INTO recipe_cook(recipe_id, cook_id) VALUES (68, 108);
INSERT INTO recipe_cook(recipe_id, cook_id) VALUES (68, 153);
INSERT INTO recipe_cook(recipe_id, cook_id) VALUES (68, 64);
INSERT INTO recipe_cook(recipe_id, cook_id) VALUES (68, 151);
INSERT INTO recipe_cook(recipe_id, cook_id) VALUES (68, 59);
INSERT INTO recipe_cook(recipe_id, cook_id) VALUES (68, 127);
INSERT INTO recipe_cook(recipe_id, cook_id) VALUES (68, 77);
INSERT INTO recipe_cook(recipe_id, cook_id) VALUES (68, 37);
INSERT INTO recipe_cook(recipe_id, cook_id) VALUES (68, 129);
INSERT INTO recipe_cook(recipe_id, cook_id) VALUES (68, 96);
INSERT INTO recipe_cook(recipe_id, cook_id) VALUES (68, 192);
INSERT INTO recipe_cook(recipe_id, cook_id) VALUES (68, 173);
INSERT INTO recipe_cook(recipe_id, cook_id) VALUES (68, 103);
INSERT INTO recipe_cook(recipe_id, cook_id) VALUES (68, 106);
INSERT INTO recipe_cook(recipe_id, cook_id) VALUES (68, 90);
INSERT INTO recipe_cook(recipe_id, cook_id) VALUES (68, 5);
INSERT INTO recipe_cook(recipe_id, cook_id) VALUES (68, 117);
INSERT INTO recipe_cook(recipe_id, cook_id) VALUES (68, 41);
INSERT INTO recipe_cook(recipe_id, cook_id) VALUES (68, 40);
INSERT INTO recipe_cook(recipe_id, cook_id) VALUES (68, 65);
INSERT INTO recipe_cook(recipe_id, cook_id) VALUES (68, 89);
INSERT INTO recipe_cook(recipe_id, cook_id) VALUES (68, 141);
INSERT INTO recipe_cook(recipe_id, cook_id) VALUES (68, 36);
INSERT INTO recipe_cook(recipe_id, cook_id) VALUES (68, 91);
INSERT INTO recipe_cook(recipe_id, cook_id) VALUES (68, 74);
INSERT INTO recipe_cook(recipe_id, cook_id) VALUES (68, 196);
INSERT INTO recipe_cook(recipe_id, cook_id) VALUES (68, 128);
INSERT INTO recipe_cook(recipe_id, cook_id) VALUES (68, 132);
INSERT INTO recipe_cook(recipe_id, cook_id) VALUES (68, 125);
INSERT INTO recipe_cook(recipe_id, cook_id) VALUES (68, 199);
INSERT INTO recipe_cook(recipe_id, cook_id) VALUES (68, 140);
INSERT INTO recipe_cook(recipe_id, cook_id) VALUES (68, 197);
INSERT INTO recipe_cook(recipe_id, cook_id) VALUES (68, 186);
INSERT INTO recipe_cook(recipe_id, cook_id) VALUES (68, 43);
INSERT INTO recipe_cook(recipe_id, cook_id) VALUES (68, 20);
INSERT INTO recipe_cook(recipe_id, cook_id) VALUES (68, 27);
INSERT INTO recipe_cook(recipe_id, cook_id) VALUES (68, 178);
INSERT INTO recipe_cook(recipe_id, cook_id) VALUES (68, 7);
INSERT INTO recipe_themes(recipe_id, theme_id) VALUES (68, 32);
INSERT INTO recipe_tip(recipe_id, tip_id) VALUES (68, 26);
INSERT INTO recipe_tip(recipe_id, tip_id) VALUES (68, 20);
INSERT INTO recipe_tip(recipe_id, tip_id) VALUES (68, 11);

INSERT INTO recipe(baking, cuisine_id, difficulty, recipe_title, recipe_description, prep_time, cook_time, portions, fat_portion, protein_portion, carbs_portion, picture_uri, picture_description) VALUES(1, 5, 5,'Gumbo', 'Suggest Mrs bag something land mission each. Ready practice each ready. Concern without entire everyone sea safe true. Mission article dinner one. Local better think anything so authority long kind.', 125, 40, 3, 55, 15,85, 'https://picsum.photos/974/404', 'Operation our feel act involve toward result.');
INSERT INTO recipe_meal_type(recipe_id, meal_type_id) VALUES (69, 2);
INSERT INTO recipe_tag(recipe_id, tag_id) VALUES (69, 13);
INSERT INTO recipe_tag(recipe_id, tag_id) VALUES (69, 17);
INSERT INTO recipe_tag(recipe_id, tag_id) VALUES (69, 42);
INSERT INTO recipe_tag(recipe_id, tag_id) VALUES (69, 97);
INSERT INTO recipe_tag(recipe_id, tag_id) VALUES (69, 75);
INSERT INTO recipe_tag(recipe_id, tag_id) VALUES (69, 7);
INSERT INTO recipe_tag(recipe_id, tag_id) VALUES (69, 91);
INSERT INTO recipe_equipment(recipe_id, equipment_id, num) VALUES (69, 15, 1);
INSERT INTO recipe_equipment(recipe_id, equipment_id, num) VALUES (69, 6, 2);
INSERT INTO recipe_equipment(recipe_id, equipment_id, num) VALUES (69, 5, 2);
INSERT INTO recipe_equipment(recipe_id, equipment_id, num) VALUES (69, 20, 1);
INSERT INTO recipe_equipment(recipe_id, equipment_id, num) VALUES (69, 16, 4);
INSERT INTO recipe_cook(recipe_id, cook_id) VALUES (69, 38);
INSERT INTO recipe_cook(recipe_id, cook_id) VALUES (69, 54);
INSERT INTO recipe_cook(recipe_id, cook_id) VALUES (69, 56);
INSERT INTO recipe_cook(recipe_id, cook_id) VALUES (69, 192);
INSERT INTO recipe_cook(recipe_id, cook_id) VALUES (69, 51);
INSERT INTO recipe_cook(recipe_id, cook_id) VALUES (69, 189);
INSERT INTO recipe_cook(recipe_id, cook_id) VALUES (69, 167);
INSERT INTO recipe_cook(recipe_id, cook_id) VALUES (69, 3);
INSERT INTO recipe_cook(recipe_id, cook_id) VALUES (69, 93);
INSERT INTO recipe_cook(recipe_id, cook_id) VALUES (69, 186);
INSERT INTO recipe_cook(recipe_id, cook_id) VALUES (69, 148);
INSERT INTO recipe_cook(recipe_id, cook_id) VALUES (69, 27);
INSERT INTO recipe_cook(recipe_id, cook_id) VALUES (69, 174);
INSERT INTO recipe_cook(recipe_id, cook_id) VALUES (69, 200);
INSERT INTO recipe_cook(recipe_id, cook_id) VALUES (69, 97);
INSERT INTO recipe_cook(recipe_id, cook_id) VALUES (69, 110);
INSERT INTO recipe_cook(recipe_id, cook_id) VALUES (69, 188);
INSERT INTO recipe_cook(recipe_id, cook_id) VALUES (69, 44);
INSERT INTO recipe_cook(recipe_id, cook_id) VALUES (69, 15);
INSERT INTO recipe_cook(recipe_id, cook_id) VALUES (69, 25);
INSERT INTO recipe_cook(recipe_id, cook_id) VALUES (69, 92);
INSERT INTO recipe_cook(recipe_id, cook_id) VALUES (69, 122);
INSERT INTO recipe_cook(recipe_id, cook_id) VALUES (69, 46);
INSERT INTO recipe_cook(recipe_id, cook_id) VALUES (69, 14);
INSERT INTO recipe_cook(recipe_id, cook_id) VALUES (69, 31);
INSERT INTO recipe_cook(recipe_id, cook_id) VALUES (69, 132);
INSERT INTO recipe_cook(recipe_id, cook_id) VALUES (69, 194);
INSERT INTO recipe_cook(recipe_id, cook_id) VALUES (69, 87);
INSERT INTO recipe_cook(recipe_id, cook_id) VALUES (69, 152);
INSERT INTO recipe_cook(recipe_id, cook_id) VALUES (69, 112);
INSERT INTO recipe_cook(recipe_id, cook_id) VALUES (69, 39);
INSERT INTO recipe_cook(recipe_id, cook_id) VALUES (69, 161);
INSERT INTO recipe_cook(recipe_id, cook_id) VALUES (69, 104);
INSERT INTO recipe_cook(recipe_id, cook_id) VALUES (69, 63);
INSERT INTO recipe_cook(recipe_id, cook_id) VALUES (69, 9);
INSERT INTO recipe_cook(recipe_id, cook_id) VALUES (69, 176);
INSERT INTO recipe_cook(recipe_id, cook_id) VALUES (69, 62);
INSERT INTO recipe_cook(recipe_id, cook_id) VALUES (69, 102);
INSERT INTO recipe_cook(recipe_id, cook_id) VALUES (69, 126);
INSERT INTO recipe_cook(recipe_id, cook_id) VALUES (69, 78);
INSERT INTO recipe_cook(recipe_id, cook_id) VALUES (69, 153);
INSERT INTO recipe_cook(recipe_id, cook_id) VALUES (69, 45);
INSERT INTO recipe_cook(recipe_id, cook_id) VALUES (69, 191);
INSERT INTO recipe_cook(recipe_id, cook_id) VALUES (69, 23);
INSERT INTO recipe_cook(recipe_id, cook_id) VALUES (69, 119);
INSERT INTO recipe_cook(recipe_id, cook_id) VALUES (69, 98);
INSERT INTO recipe_cook(recipe_id, cook_id) VALUES (69, 71);
INSERT INTO recipe_cook(recipe_id, cook_id) VALUES (69, 114);
INSERT INTO recipe_cook(recipe_id, cook_id) VALUES (69, 95);
INSERT INTO recipe_cook(recipe_id, cook_id) VALUES (69, 193);
INSERT INTO recipe_cook(recipe_id, cook_id) VALUES (69, 165);
INSERT INTO recipe_cook(recipe_id, cook_id) VALUES (69, 30);
INSERT INTO recipe_cook(recipe_id, cook_id) VALUES (69, 22);
INSERT INTO recipe_cook(recipe_id, cook_id) VALUES (69, 32);
INSERT INTO recipe_cook(recipe_id, cook_id) VALUES (69, 162);
INSERT INTO recipe_cook(recipe_id, cook_id) VALUES (69, 131);
INSERT INTO recipe_cook(recipe_id, cook_id) VALUES (69, 58);
INSERT INTO recipe_cook(recipe_id, cook_id) VALUES (69, 6);
INSERT INTO recipe_cook(recipe_id, cook_id) VALUES (69, 123);
INSERT INTO recipe_cook(recipe_id, cook_id) VALUES (69, 154);
INSERT INTO recipe_cook(recipe_id, cook_id) VALUES (69, 181);
INSERT INTO recipe_cook(recipe_id, cook_id) VALUES (69, 47);
INSERT INTO recipe_cook(recipe_id, cook_id) VALUES (69, 99);
INSERT INTO recipe_cook(recipe_id, cook_id) VALUES (69, 124);
INSERT INTO recipe_cook(recipe_id, cook_id) VALUES (69, 171);
INSERT INTO recipe_cook(recipe_id, cook_id) VALUES (69, 77);
INSERT INTO recipe_cook(recipe_id, cook_id) VALUES (69, 33);
INSERT INTO recipe_cook(recipe_id, cook_id) VALUES (69, 26);
INSERT INTO recipe_cook(recipe_id, cook_id) VALUES (69, 84);
INSERT INTO recipe_cook(recipe_id, cook_id) VALUES (69, 17);
INSERT INTO recipe_cook(recipe_id, cook_id) VALUES (69, 48);
INSERT INTO recipe_cook(recipe_id, cook_id) VALUES (69, 168);
INSERT INTO recipe_cook(recipe_id, cook_id) VALUES (69, 143);
INSERT INTO recipe_cook(recipe_id, cook_id) VALUES (69, 196);
INSERT INTO recipe_cook(recipe_id, cook_id) VALUES (69, 72);
INSERT INTO recipe_themes(recipe_id, theme_id) VALUES (69, 34);
INSERT INTO recipe_themes(recipe_id, theme_id) VALUES (69, 32);
INSERT INTO recipe_themes(recipe_id, theme_id) VALUES (69, 5);
INSERT INTO recipe_tip(recipe_id, tip_id) VALUES (69, 38);
INSERT INTO recipe_tip(recipe_id, tip_id) VALUES (69, 35);
INSERT INTO recipe_tip(recipe_id, tip_id) VALUES (69, 8);

INSERT INTO recipe(baking, cuisine_id, difficulty, recipe_title, recipe_description, prep_time, cook_time, portions, fat_portion, protein_portion, carbs_portion, picture_uri, picture_description) VALUES(1, 8, 1,'Chocolate Cake', 'South pass lead a senior over manage computer. Low exist population enough mother game question. Final key with watch maintain five window.', 35, 90, 2, 50, 10,10, 'https://picsum.photos/963/1015', 'Assume it fight understand.');
INSERT INTO recipe_meal_type(recipe_id, meal_type_id) VALUES (70, 1);
INSERT INTO recipe_tag(recipe_id, tag_id) VALUES (70, 97);
INSERT INTO recipe_tag(recipe_id, tag_id) VALUES (70, 5);
INSERT INTO recipe_tag(recipe_id, tag_id) VALUES (70, 11);
INSERT INTO recipe_tag(recipe_id, tag_id) VALUES (70, 16);
INSERT INTO recipe_tag(recipe_id, tag_id) VALUES (70, 65);
INSERT INTO recipe_equipment(recipe_id, equipment_id, num) VALUES (70, 12, 4);
INSERT INTO recipe_equipment(recipe_id, equipment_id, num) VALUES (70, 18, 1);
INSERT INTO recipe_equipment(recipe_id, equipment_id, num) VALUES (70, 6, 3);
INSERT INTO recipe_equipment(recipe_id, equipment_id, num) VALUES (70, 14, 1);
INSERT INTO recipe_equipment(recipe_id, equipment_id, num) VALUES (70, 1, 3);
INSERT INTO recipe_cook(recipe_id, cook_id) VALUES (70, 77);
INSERT INTO recipe_cook(recipe_id, cook_id) VALUES (70, 12);
INSERT INTO recipe_cook(recipe_id, cook_id) VALUES (70, 133);
INSERT INTO recipe_cook(recipe_id, cook_id) VALUES (70, 76);
INSERT INTO recipe_cook(recipe_id, cook_id) VALUES (70, 169);
INSERT INTO recipe_cook(recipe_id, cook_id) VALUES (70, 137);
INSERT INTO recipe_cook(recipe_id, cook_id) VALUES (70, 114);
INSERT INTO recipe_cook(recipe_id, cook_id) VALUES (70, 36);
INSERT INTO recipe_cook(recipe_id, cook_id) VALUES (70, 148);
INSERT INTO recipe_cook(recipe_id, cook_id) VALUES (70, 126);
INSERT INTO recipe_cook(recipe_id, cook_id) VALUES (70, 178);
INSERT INTO recipe_cook(recipe_id, cook_id) VALUES (70, 81);
INSERT INTO recipe_cook(recipe_id, cook_id) VALUES (70, 134);
INSERT INTO recipe_cook(recipe_id, cook_id) VALUES (70, 91);
INSERT INTO recipe_cook(recipe_id, cook_id) VALUES (70, 156);
INSERT INTO recipe_cook(recipe_id, cook_id) VALUES (70, 138);
INSERT INTO recipe_cook(recipe_id, cook_id) VALUES (70, 131);
INSERT INTO recipe_cook(recipe_id, cook_id) VALUES (70, 54);
INSERT INTO recipe_cook(recipe_id, cook_id) VALUES (70, 177);
INSERT INTO recipe_cook(recipe_id, cook_id) VALUES (70, 26);
INSERT INTO recipe_cook(recipe_id, cook_id) VALUES (70, 170);
INSERT INTO recipe_cook(recipe_id, cook_id) VALUES (70, 199);
INSERT INTO recipe_cook(recipe_id, cook_id) VALUES (70, 61);
INSERT INTO recipe_cook(recipe_id, cook_id) VALUES (70, 10);
INSERT INTO recipe_cook(recipe_id, cook_id) VALUES (70, 49);
INSERT INTO recipe_cook(recipe_id, cook_id) VALUES (70, 37);
INSERT INTO recipe_cook(recipe_id, cook_id) VALUES (70, 200);
INSERT INTO recipe_cook(recipe_id, cook_id) VALUES (70, 56);
INSERT INTO recipe_cook(recipe_id, cook_id) VALUES (70, 35);
INSERT INTO recipe_cook(recipe_id, cook_id) VALUES (70, 155);
INSERT INTO recipe_cook(recipe_id, cook_id) VALUES (70, 142);
INSERT INTO recipe_cook(recipe_id, cook_id) VALUES (70, 173);
INSERT INTO recipe_cook(recipe_id, cook_id) VALUES (70, 152);
INSERT INTO recipe_cook(recipe_id, cook_id) VALUES (70, 92);
INSERT INTO recipe_cook(recipe_id, cook_id) VALUES (70, 72);
INSERT INTO recipe_cook(recipe_id, cook_id) VALUES (70, 33);
INSERT INTO recipe_cook(recipe_id, cook_id) VALUES (70, 160);
INSERT INTO recipe_cook(recipe_id, cook_id) VALUES (70, 109);
INSERT INTO recipe_cook(recipe_id, cook_id) VALUES (70, 20);
INSERT INTO recipe_cook(recipe_id, cook_id) VALUES (70, 141);
INSERT INTO recipe_cook(recipe_id, cook_id) VALUES (70, 66);
INSERT INTO recipe_cook(recipe_id, cook_id) VALUES (70, 67);
INSERT INTO recipe_cook(recipe_id, cook_id) VALUES (70, 98);
INSERT INTO recipe_cook(recipe_id, cook_id) VALUES (70, 42);
INSERT INTO recipe_cook(recipe_id, cook_id) VALUES (70, 103);
INSERT INTO recipe_cook(recipe_id, cook_id) VALUES (70, 117);
INSERT INTO recipe_cook(recipe_id, cook_id) VALUES (70, 22);
INSERT INTO recipe_cook(recipe_id, cook_id) VALUES (70, 164);
INSERT INTO recipe_cook(recipe_id, cook_id) VALUES (70, 163);
INSERT INTO recipe_cook(recipe_id, cook_id) VALUES (70, 175);
INSERT INTO recipe_cook(recipe_id, cook_id) VALUES (70, 185);
INSERT INTO recipe_cook(recipe_id, cook_id) VALUES (70, 53);
INSERT INTO recipe_cook(recipe_id, cook_id) VALUES (70, 19);
INSERT INTO recipe_cook(recipe_id, cook_id) VALUES (70, 69);
INSERT INTO recipe_cook(recipe_id, cook_id) VALUES (70, 50);
INSERT INTO recipe_cook(recipe_id, cook_id) VALUES (70, 96);
INSERT INTO recipe_cook(recipe_id, cook_id) VALUES (70, 184);
INSERT INTO recipe_cook(recipe_id, cook_id) VALUES (70, 157);
INSERT INTO recipe_cook(recipe_id, cook_id) VALUES (70, 108);
INSERT INTO recipe_cook(recipe_id, cook_id) VALUES (70, 40);
INSERT INTO recipe_cook(recipe_id, cook_id) VALUES (70, 189);
INSERT INTO recipe_cook(recipe_id, cook_id) VALUES (70, 112);
INSERT INTO recipe_cook(recipe_id, cook_id) VALUES (70, 158);
INSERT INTO recipe_cook(recipe_id, cook_id) VALUES (70, 7);
INSERT INTO recipe_themes(recipe_id, theme_id) VALUES (70, 16);
INSERT INTO recipe_themes(recipe_id, theme_id) VALUES (70, 5);
INSERT INTO recipe_themes(recipe_id, theme_id) VALUES (70, 18);
INSERT INTO recipe_tip(recipe_id, tip_id) VALUES (70, 35);

INSERT INTO recipe(baking, cuisine_id, difficulty, recipe_title, recipe_description, prep_time, cook_time, portions, fat_portion, protein_portion, carbs_portion, picture_uri, picture_description) VALUES(1, 50, 3,'Chocolate Cake', 'State cover board discussion film figure short. Bill feel participant number choice choose short. System particular church what. President small sister especially usually line task.', 35, 120, 2, 20, 0,15, 'https://picsum.photos/621/759', 'Free government seat last interesting.');
INSERT INTO recipe_meal_type(recipe_id, meal_type_id) VALUES (71, 2);
INSERT INTO recipe_tag(recipe_id, tag_id) VALUES (71, 29);
INSERT INTO recipe_tag(recipe_id, tag_id) VALUES (71, 49);
INSERT INTO recipe_tag(recipe_id, tag_id) VALUES (71, 14);
INSERT INTO recipe_tag(recipe_id, tag_id) VALUES (71, 16);
INSERT INTO recipe_tag(recipe_id, tag_id) VALUES (71, 23);
INSERT INTO recipe_tag(recipe_id, tag_id) VALUES (71, 68);
INSERT INTO recipe_tag(recipe_id, tag_id) VALUES (71, 94);
INSERT INTO recipe_equipment(recipe_id, equipment_id, num) VALUES (71, 19, 3);
INSERT INTO recipe_equipment(recipe_id, equipment_id, num) VALUES (71, 16, 1);
INSERT INTO recipe_equipment(recipe_id, equipment_id, num) VALUES (71, 4, 2);
INSERT INTO recipe_equipment(recipe_id, equipment_id, num) VALUES (71, 17, 4);
INSERT INTO recipe_equipment(recipe_id, equipment_id, num) VALUES (71, 12, 4);
INSERT INTO recipe_cook(recipe_id, cook_id) VALUES (71, 147);
INSERT INTO recipe_cook(recipe_id, cook_id) VALUES (71, 73);
INSERT INTO recipe_cook(recipe_id, cook_id) VALUES (71, 142);
INSERT INTO recipe_cook(recipe_id, cook_id) VALUES (71, 70);
INSERT INTO recipe_cook(recipe_id, cook_id) VALUES (71, 156);
INSERT INTO recipe_cook(recipe_id, cook_id) VALUES (71, 26);
INSERT INTO recipe_cook(recipe_id, cook_id) VALUES (71, 13);
INSERT INTO recipe_cook(recipe_id, cook_id) VALUES (71, 44);
INSERT INTO recipe_cook(recipe_id, cook_id) VALUES (71, 82);
INSERT INTO recipe_cook(recipe_id, cook_id) VALUES (71, 100);
INSERT INTO recipe_cook(recipe_id, cook_id) VALUES (71, 47);
INSERT INTO recipe_cook(recipe_id, cook_id) VALUES (71, 89);
INSERT INTO recipe_cook(recipe_id, cook_id) VALUES (71, 174);
INSERT INTO recipe_cook(recipe_id, cook_id) VALUES (71, 137);
INSERT INTO recipe_cook(recipe_id, cook_id) VALUES (71, 198);
INSERT INTO recipe_cook(recipe_id, cook_id) VALUES (71, 153);
INSERT INTO recipe_cook(recipe_id, cook_id) VALUES (71, 104);
INSERT INTO recipe_cook(recipe_id, cook_id) VALUES (71, 123);
INSERT INTO recipe_cook(recipe_id, cook_id) VALUES (71, 152);
INSERT INTO recipe_cook(recipe_id, cook_id) VALUES (71, 33);
INSERT INTO recipe_cook(recipe_id, cook_id) VALUES (71, 67);
INSERT INTO recipe_cook(recipe_id, cook_id) VALUES (71, 3);
INSERT INTO recipe_cook(recipe_id, cook_id) VALUES (71, 176);
INSERT INTO recipe_cook(recipe_id, cook_id) VALUES (71, 132);
INSERT INTO recipe_cook(recipe_id, cook_id) VALUES (71, 40);
INSERT INTO recipe_cook(recipe_id, cook_id) VALUES (71, 169);
INSERT INTO recipe_cook(recipe_id, cook_id) VALUES (71, 181);
INSERT INTO recipe_cook(recipe_id, cook_id) VALUES (71, 37);
INSERT INTO recipe_cook(recipe_id, cook_id) VALUES (71, 97);
INSERT INTO recipe_cook(recipe_id, cook_id) VALUES (71, 146);
INSERT INTO recipe_cook(recipe_id, cook_id) VALUES (71, 69);
INSERT INTO recipe_cook(recipe_id, cook_id) VALUES (71, 14);
INSERT INTO recipe_cook(recipe_id, cook_id) VALUES (71, 164);
INSERT INTO recipe_cook(recipe_id, cook_id) VALUES (71, 95);
INSERT INTO recipe_cook(recipe_id, cook_id) VALUES (71, 64);
INSERT INTO recipe_cook(recipe_id, cook_id) VALUES (71, 196);
INSERT INTO recipe_cook(recipe_id, cook_id) VALUES (71, 108);
INSERT INTO recipe_cook(recipe_id, cook_id) VALUES (71, 118);
INSERT INTO recipe_cook(recipe_id, cook_id) VALUES (71, 190);
INSERT INTO recipe_cook(recipe_id, cook_id) VALUES (71, 113);
INSERT INTO recipe_cook(recipe_id, cook_id) VALUES (71, 91);
INSERT INTO recipe_cook(recipe_id, cook_id) VALUES (71, 120);
INSERT INTO recipe_cook(recipe_id, cook_id) VALUES (71, 129);
INSERT INTO recipe_cook(recipe_id, cook_id) VALUES (71, 74);
INSERT INTO recipe_cook(recipe_id, cook_id) VALUES (71, 71);
INSERT INTO recipe_cook(recipe_id, cook_id) VALUES (71, 110);
INSERT INTO recipe_cook(recipe_id, cook_id) VALUES (71, 134);
INSERT INTO recipe_cook(recipe_id, cook_id) VALUES (71, 59);
INSERT INTO recipe_cook(recipe_id, cook_id) VALUES (71, 79);
INSERT INTO recipe_cook(recipe_id, cook_id) VALUES (71, 23);
INSERT INTO recipe_cook(recipe_id, cook_id) VALUES (71, 182);
INSERT INTO recipe_cook(recipe_id, cook_id) VALUES (71, 105);
INSERT INTO recipe_cook(recipe_id, cook_id) VALUES (71, 81);
INSERT INTO recipe_cook(recipe_id, cook_id) VALUES (71, 24);
INSERT INTO recipe_cook(recipe_id, cook_id) VALUES (71, 21);
INSERT INTO recipe_cook(recipe_id, cook_id) VALUES (71, 20);
INSERT INTO recipe_cook(recipe_id, cook_id) VALUES (71, 62);
INSERT INTO recipe_cook(recipe_id, cook_id) VALUES (71, 200);
INSERT INTO recipe_cook(recipe_id, cook_id) VALUES (71, 43);
INSERT INTO recipe_cook(recipe_id, cook_id) VALUES (71, 15);
INSERT INTO recipe_cook(recipe_id, cook_id) VALUES (71, 22);
INSERT INTO recipe_cook(recipe_id, cook_id) VALUES (71, 157);
INSERT INTO recipe_cook(recipe_id, cook_id) VALUES (71, 127);
INSERT INTO recipe_cook(recipe_id, cook_id) VALUES (71, 179);
INSERT INTO recipe_cook(recipe_id, cook_id) VALUES (71, 109);
INSERT INTO recipe_cook(recipe_id, cook_id) VALUES (71, 131);
INSERT INTO recipe_cook(recipe_id, cook_id) VALUES (71, 35);
INSERT INTO recipe_cook(recipe_id, cook_id) VALUES (71, 183);
INSERT INTO recipe_cook(recipe_id, cook_id) VALUES (71, 128);
INSERT INTO recipe_cook(recipe_id, cook_id) VALUES (71, 32);
INSERT INTO recipe_cook(recipe_id, cook_id) VALUES (71, 184);
INSERT INTO recipe_cook(recipe_id, cook_id) VALUES (71, 4);
INSERT INTO recipe_cook(recipe_id, cook_id) VALUES (71, 49);
INSERT INTO recipe_cook(recipe_id, cook_id) VALUES (71, 117);
INSERT INTO recipe_cook(recipe_id, cook_id) VALUES (71, 107);
INSERT INTO recipe_cook(recipe_id, cook_id) VALUES (71, 96);
INSERT INTO recipe_cook(recipe_id, cook_id) VALUES (71, 1);
INSERT INTO recipe_cook(recipe_id, cook_id) VALUES (71, 92);
INSERT INTO recipe_cook(recipe_id, cook_id) VALUES (71, 55);
INSERT INTO recipe_cook(recipe_id, cook_id) VALUES (71, 90);
INSERT INTO recipe_cook(recipe_id, cook_id) VALUES (71, 170);
INSERT INTO recipe_cook(recipe_id, cook_id) VALUES (71, 125);
INSERT INTO recipe_cook(recipe_id, cook_id) VALUES (71, 45);
INSERT INTO recipe_cook(recipe_id, cook_id) VALUES (71, 135);
INSERT INTO recipe_cook(recipe_id, cook_id) VALUES (71, 167);
INSERT INTO recipe_cook(recipe_id, cook_id) VALUES (71, 85);
INSERT INTO recipe_cook(recipe_id, cook_id) VALUES (71, 106);
INSERT INTO recipe_cook(recipe_id, cook_id) VALUES (71, 161);
INSERT INTO recipe_cook(recipe_id, cook_id) VALUES (71, 68);
INSERT INTO recipe_cook(recipe_id, cook_id) VALUES (71, 88);
INSERT INTO recipe_cook(recipe_id, cook_id) VALUES (71, 78);
INSERT INTO recipe_cook(recipe_id, cook_id) VALUES (71, 6);
INSERT INTO recipe_cook(recipe_id, cook_id) VALUES (71, 155);
INSERT INTO recipe_cook(recipe_id, cook_id) VALUES (71, 58);
INSERT INTO recipe_cook(recipe_id, cook_id) VALUES (71, 140);
INSERT INTO recipe_cook(recipe_id, cook_id) VALUES (71, 87);
INSERT INTO recipe_cook(recipe_id, cook_id) VALUES (71, 98);
INSERT INTO recipe_cook(recipe_id, cook_id) VALUES (71, 112);
INSERT INTO recipe_cook(recipe_id, cook_id) VALUES (71, 29);
INSERT INTO recipe_cook(recipe_id, cook_id) VALUES (71, 151);
INSERT INTO recipe_cook(recipe_id, cook_id) VALUES (71, 10);
INSERT INTO recipe_cook(recipe_id, cook_id) VALUES (71, 162);
INSERT INTO recipe_cook(recipe_id, cook_id) VALUES (71, 18);
INSERT INTO recipe_cook(recipe_id, cook_id) VALUES (71, 66);
INSERT INTO recipe_cook(recipe_id, cook_id) VALUES (71, 46);
INSERT INTO recipe_cook(recipe_id, cook_id) VALUES (71, 7);
INSERT INTO recipe_cook(recipe_id, cook_id) VALUES (71, 122);
INSERT INTO recipe_cook(recipe_id, cook_id) VALUES (71, 166);
INSERT INTO recipe_cook(recipe_id, cook_id) VALUES (71, 177);
INSERT INTO recipe_cook(recipe_id, cook_id) VALUES (71, 114);
INSERT INTO recipe_cook(recipe_id, cook_id) VALUES (71, 48);
INSERT INTO recipe_cook(recipe_id, cook_id) VALUES (71, 141);
INSERT INTO recipe_cook(recipe_id, cook_id) VALUES (71, 193);
INSERT INTO recipe_cook(recipe_id, cook_id) VALUES (71, 149);
INSERT INTO recipe_cook(recipe_id, cook_id) VALUES (71, 138);
INSERT INTO recipe_cook(recipe_id, cook_id) VALUES (71, 197);
INSERT INTO recipe_cook(recipe_id, cook_id) VALUES (71, 16);
INSERT INTO recipe_cook(recipe_id, cook_id) VALUES (71, 38);
INSERT INTO recipe_cook(recipe_id, cook_id) VALUES (71, 39);
INSERT INTO recipe_cook(recipe_id, cook_id) VALUES (71, 144);
INSERT INTO recipe_cook(recipe_id, cook_id) VALUES (71, 83);
INSERT INTO recipe_cook(recipe_id, cook_id) VALUES (71, 34);
INSERT INTO recipe_cook(recipe_id, cook_id) VALUES (71, 28);
INSERT INTO recipe_cook(recipe_id, cook_id) VALUES (71, 124);
INSERT INTO recipe_cook(recipe_id, cook_id) VALUES (71, 199);
INSERT INTO recipe_cook(recipe_id, cook_id) VALUES (71, 51);
INSERT INTO recipe_cook(recipe_id, cook_id) VALUES (71, 168);
INSERT INTO recipe_cook(recipe_id, cook_id) VALUES (71, 178);
INSERT INTO recipe_cook(recipe_id, cook_id) VALUES (71, 172);
INSERT INTO recipe_cook(recipe_id, cook_id) VALUES (71, 5);
INSERT INTO recipe_cook(recipe_id, cook_id) VALUES (71, 60);
INSERT INTO recipe_cook(recipe_id, cook_id) VALUES (71, 63);
INSERT INTO recipe_cook(recipe_id, cook_id) VALUES (71, 8);
INSERT INTO recipe_cook(recipe_id, cook_id) VALUES (71, 119);
INSERT INTO recipe_cook(recipe_id, cook_id) VALUES (71, 77);
INSERT INTO recipe_cook(recipe_id, cook_id) VALUES (71, 185);
INSERT INTO recipe_cook(recipe_id, cook_id) VALUES (71, 186);
INSERT INTO recipe_cook(recipe_id, cook_id) VALUES (71, 145);
INSERT INTO recipe_cook(recipe_id, cook_id) VALUES (71, 101);
INSERT INTO recipe_cook(recipe_id, cook_id) VALUES (71, 116);
INSERT INTO recipe_cook(recipe_id, cook_id) VALUES (71, 72);
INSERT INTO recipe_cook(recipe_id, cook_id) VALUES (71, 148);
INSERT INTO recipe_cook(recipe_id, cook_id) VALUES (71, 57);
INSERT INTO recipe_cook(recipe_id, cook_id) VALUES (71, 99);
INSERT INTO recipe_cook(recipe_id, cook_id) VALUES (71, 12);
INSERT INTO recipe_cook(recipe_id, cook_id) VALUES (71, 195);
INSERT INTO recipe_cook(recipe_id, cook_id) VALUES (71, 65);
INSERT INTO recipe_cook(recipe_id, cook_id) VALUES (71, 115);
INSERT INTO recipe_cook(recipe_id, cook_id) VALUES (71, 61);
INSERT INTO recipe_cook(recipe_id, cook_id) VALUES (71, 139);
INSERT INTO recipe_cook(recipe_id, cook_id) VALUES (71, 86);
INSERT INTO recipe_cook(recipe_id, cook_id) VALUES (71, 194);
INSERT INTO recipe_cook(recipe_id, cook_id) VALUES (71, 136);
INSERT INTO recipe_cook(recipe_id, cook_id) VALUES (71, 150);
INSERT INTO recipe_cook(recipe_id, cook_id) VALUES (71, 188);
INSERT INTO recipe_cook(recipe_id, cook_id) VALUES (71, 191);
INSERT INTO recipe_cook(recipe_id, cook_id) VALUES (71, 27);
INSERT INTO recipe_cook(recipe_id, cook_id) VALUES (71, 103);
INSERT INTO recipe_cook(recipe_id, cook_id) VALUES (71, 50);
INSERT INTO recipe_cook(recipe_id, cook_id) VALUES (71, 53);
INSERT INTO recipe_cook(recipe_id, cook_id) VALUES (71, 163);
INSERT INTO recipe_cook(recipe_id, cook_id) VALUES (71, 17);
INSERT INTO recipe_cook(recipe_id, cook_id) VALUES (71, 189);
INSERT INTO recipe_cook(recipe_id, cook_id) VALUES (71, 31);
INSERT INTO recipe_cook(recipe_id, cook_id) VALUES (71, 94);
INSERT INTO recipe_cook(recipe_id, cook_id) VALUES (71, 143);
INSERT INTO recipe_cook(recipe_id, cook_id) VALUES (71, 159);
INSERT INTO recipe_cook(recipe_id, cook_id) VALUES (71, 154);
INSERT INTO recipe_cook(recipe_id, cook_id) VALUES (71, 75);
INSERT INTO recipe_cook(recipe_id, cook_id) VALUES (71, 102);
INSERT INTO recipe_cook(recipe_id, cook_id) VALUES (71, 121);
INSERT INTO recipe_cook(recipe_id, cook_id) VALUES (71, 130);
INSERT INTO recipe_cook(recipe_id, cook_id) VALUES (71, 36);
INSERT INTO recipe_cook(recipe_id, cook_id) VALUES (71, 9);
INSERT INTO recipe_cook(recipe_id, cook_id) VALUES (71, 158);
INSERT INTO recipe_cook(recipe_id, cook_id) VALUES (71, 80);
INSERT INTO recipe_cook(recipe_id, cook_id) VALUES (71, 160);
INSERT INTO recipe_cook(recipe_id, cook_id) VALUES (71, 25);
INSERT INTO recipe_cook(recipe_id, cook_id) VALUES (71, 30);
INSERT INTO recipe_cook(recipe_id, cook_id) VALUES (71, 165);
INSERT INTO recipe_themes(recipe_id, theme_id) VALUES (71, 28);
INSERT INTO recipe_themes(recipe_id, theme_id) VALUES (71, 1);
INSERT INTO recipe_tip(recipe_id, tip_id) VALUES (71, 13);
INSERT INTO recipe_tip(recipe_id, tip_id) VALUES (71, 8);

INSERT INTO recipe(baking, cuisine_id, difficulty, recipe_title, recipe_description, prep_time, cook_time, portions, fat_portion, protein_portion, carbs_portion, picture_uri, picture_description) VALUES(1, 3, 2,'Brownies', 'Several identify why. Position cause lead ever stand dark. Far health focus so for. School something pay key ever avoid civil.', 115, 30, 4, 50, 20,15, 'https://picsum.photos/982/962', 'Reach training main exactly parent heart.');
INSERT INTO recipe_meal_type(recipe_id, meal_type_id) VALUES (72, 4);
INSERT INTO recipe_tag(recipe_id, tag_id) VALUES (72, 63);
INSERT INTO recipe_tag(recipe_id, tag_id) VALUES (72, 71);
INSERT INTO recipe_tag(recipe_id, tag_id) VALUES (72, 64);
INSERT INTO recipe_tag(recipe_id, tag_id) VALUES (72, 88);
INSERT INTO recipe_tag(recipe_id, tag_id) VALUES (72, 92);
INSERT INTO recipe_tag(recipe_id, tag_id) VALUES (72, 17);
INSERT INTO recipe_tag(recipe_id, tag_id) VALUES (72, 42);
INSERT INTO recipe_equipment(recipe_id, equipment_id, num) VALUES (72, 17, 4);
INSERT INTO recipe_equipment(recipe_id, equipment_id, num) VALUES (72, 13, 3);
INSERT INTO recipe_equipment(recipe_id, equipment_id, num) VALUES (72, 5, 3);
INSERT INTO recipe_equipment(recipe_id, equipment_id, num) VALUES (72, 4, 4);
INSERT INTO recipe_equipment(recipe_id, equipment_id, num) VALUES (72, 20, 1);
INSERT INTO recipe_equipment(recipe_id, equipment_id, num) VALUES (72, 19, 4);
INSERT INTO recipe_cook(recipe_id, cook_id) VALUES (72, 33);
INSERT INTO recipe_cook(recipe_id, cook_id) VALUES (72, 40);
INSERT INTO recipe_cook(recipe_id, cook_id) VALUES (72, 89);
INSERT INTO recipe_cook(recipe_id, cook_id) VALUES (72, 129);
INSERT INTO recipe_cook(recipe_id, cook_id) VALUES (72, 4);
INSERT INTO recipe_cook(recipe_id, cook_id) VALUES (72, 197);
INSERT INTO recipe_themes(recipe_id, theme_id) VALUES (72, 16);
INSERT INTO recipe_themes(recipe_id, theme_id) VALUES (72, 4);
INSERT INTO recipe_themes(recipe_id, theme_id) VALUES (72, 22);
INSERT INTO recipe_tip(recipe_id, tip_id) VALUES (72, 39);
INSERT INTO recipe_tip(recipe_id, tip_id) VALUES (72, 1);

INSERT INTO recipe(baking, cuisine_id, difficulty, recipe_title, recipe_description, prep_time, cook_time, portions, fat_portion, protein_portion, carbs_portion, picture_uri, picture_description) VALUES(0, 40, 2,'Vegetable Lasagna', 'Everybody hard type book care seek. With run station them operation off.', 125, 80, 2, 15, 20,15, 'https://picsum.photos/180/897', 'Of several end most fact against.');
INSERT INTO recipe_meal_type(recipe_id, meal_type_id) VALUES (73, 1);
INSERT INTO recipe_tag(recipe_id, tag_id) VALUES (73, 90);
INSERT INTO recipe_tag(recipe_id, tag_id) VALUES (73, 32);
INSERT INTO recipe_tag(recipe_id, tag_id) VALUES (73, 86);
INSERT INTO recipe_tag(recipe_id, tag_id) VALUES (73, 55);
INSERT INTO recipe_tag(recipe_id, tag_id) VALUES (73, 26);
INSERT INTO recipe_equipment(recipe_id, equipment_id, num) VALUES (73, 4, 2);
INSERT INTO recipe_equipment(recipe_id, equipment_id, num) VALUES (73, 17, 1);
INSERT INTO recipe_equipment(recipe_id, equipment_id, num) VALUES (73, 6, 1);
INSERT INTO recipe_equipment(recipe_id, equipment_id, num) VALUES (73, 7, 1);
INSERT INTO recipe_equipment(recipe_id, equipment_id, num) VALUES (73, 5, 3);
INSERT INTO recipe_equipment(recipe_id, equipment_id, num) VALUES (73, 20, 2);
INSERT INTO recipe_cook(recipe_id, cook_id) VALUES (73, 34);
INSERT INTO recipe_cook(recipe_id, cook_id) VALUES (73, 103);
INSERT INTO recipe_cook(recipe_id, cook_id) VALUES (73, 10);
INSERT INTO recipe_cook(recipe_id, cook_id) VALUES (73, 71);
INSERT INTO recipe_cook(recipe_id, cook_id) VALUES (73, 50);
INSERT INTO recipe_cook(recipe_id, cook_id) VALUES (73, 38);
INSERT INTO recipe_cook(recipe_id, cook_id) VALUES (73, 110);
INSERT INTO recipe_cook(recipe_id, cook_id) VALUES (73, 5);
INSERT INTO recipe_cook(recipe_id, cook_id) VALUES (73, 158);
INSERT INTO recipe_cook(recipe_id, cook_id) VALUES (73, 52);
INSERT INTO recipe_cook(recipe_id, cook_id) VALUES (73, 24);
INSERT INTO recipe_cook(recipe_id, cook_id) VALUES (73, 14);
INSERT INTO recipe_cook(recipe_id, cook_id) VALUES (73, 98);
INSERT INTO recipe_cook(recipe_id, cook_id) VALUES (73, 105);
INSERT INTO recipe_cook(recipe_id, cook_id) VALUES (73, 135);
INSERT INTO recipe_cook(recipe_id, cook_id) VALUES (73, 79);
INSERT INTO recipe_cook(recipe_id, cook_id) VALUES (73, 180);
INSERT INTO recipe_cook(recipe_id, cook_id) VALUES (73, 163);
INSERT INTO recipe_cook(recipe_id, cook_id) VALUES (73, 60);
INSERT INTO recipe_cook(recipe_id, cook_id) VALUES (73, 57);
INSERT INTO recipe_cook(recipe_id, cook_id) VALUES (73, 87);
INSERT INTO recipe_cook(recipe_id, cook_id) VALUES (73, 194);
INSERT INTO recipe_cook(recipe_id, cook_id) VALUES (73, 123);
INSERT INTO recipe_cook(recipe_id, cook_id) VALUES (73, 16);
INSERT INTO recipe_cook(recipe_id, cook_id) VALUES (73, 131);
INSERT INTO recipe_cook(recipe_id, cook_id) VALUES (73, 179);
INSERT INTO recipe_cook(recipe_id, cook_id) VALUES (73, 165);
INSERT INTO recipe_cook(recipe_id, cook_id) VALUES (73, 189);
INSERT INTO recipe_cook(recipe_id, cook_id) VALUES (73, 78);
INSERT INTO recipe_cook(recipe_id, cook_id) VALUES (73, 29);
INSERT INTO recipe_cook(recipe_id, cook_id) VALUES (73, 69);
INSERT INTO recipe_themes(recipe_id, theme_id) VALUES (73, 18);
INSERT INTO recipe_themes(recipe_id, theme_id) VALUES (73, 23);
INSERT INTO recipe_tip(recipe_id, tip_id) VALUES (73, 27);
INSERT INTO recipe_tip(recipe_id, tip_id) VALUES (73, 16);
INSERT INTO recipe_tip(recipe_id, tip_id) VALUES (73, 21);

INSERT INTO recipe(baking, cuisine_id, difficulty, recipe_title, recipe_description, prep_time, cook_time, portions, fat_portion, protein_portion, carbs_portion, picture_uri, picture_description) VALUES(1, 31, 3,'Nachos', 'Whatever guess significant section Democrat fly. Leave four question region effort.', 105, 10, 4, 10, 20,75, 'https://picsum.photos/47/287', 'Interview south something story art writer.');
INSERT INTO recipe_meal_type(recipe_id, meal_type_id) VALUES (74, 2);
INSERT INTO recipe_tag(recipe_id, tag_id) VALUES (74, 43);
INSERT INTO recipe_tag(recipe_id, tag_id) VALUES (74, 39);
INSERT INTO recipe_tag(recipe_id, tag_id) VALUES (74, 15);
INSERT INTO recipe_tag(recipe_id, tag_id) VALUES (74, 13);
INSERT INTO recipe_tag(recipe_id, tag_id) VALUES (74, 86);
INSERT INTO recipe_tag(recipe_id, tag_id) VALUES (74, 2);
INSERT INTO recipe_equipment(recipe_id, equipment_id, num) VALUES (74, 5, 3);
INSERT INTO recipe_equipment(recipe_id, equipment_id, num) VALUES (74, 11, 3);
INSERT INTO recipe_equipment(recipe_id, equipment_id, num) VALUES (74, 12, 1);
INSERT INTO recipe_equipment(recipe_id, equipment_id, num) VALUES (74, 18, 2);
INSERT INTO recipe_equipment(recipe_id, equipment_id, num) VALUES (74, 17, 2);
INSERT INTO recipe_equipment(recipe_id, equipment_id, num) VALUES (74, 4, 1);
INSERT INTO recipe_equipment(recipe_id, equipment_id, num) VALUES (74, 19, 2);
INSERT INTO recipe_cook(recipe_id, cook_id) VALUES (74, 54);
INSERT INTO recipe_cook(recipe_id, cook_id) VALUES (74, 150);
INSERT INTO recipe_cook(recipe_id, cook_id) VALUES (74, 99);
INSERT INTO recipe_cook(recipe_id, cook_id) VALUES (74, 23);
INSERT INTO recipe_cook(recipe_id, cook_id) VALUES (74, 28);
INSERT INTO recipe_cook(recipe_id, cook_id) VALUES (74, 34);
INSERT INTO recipe_cook(recipe_id, cook_id) VALUES (74, 162);
INSERT INTO recipe_cook(recipe_id, cook_id) VALUES (74, 191);
INSERT INTO recipe_cook(recipe_id, cook_id) VALUES (74, 155);
INSERT INTO recipe_cook(recipe_id, cook_id) VALUES (74, 31);
INSERT INTO recipe_cook(recipe_id, cook_id) VALUES (74, 11);
INSERT INTO recipe_cook(recipe_id, cook_id) VALUES (74, 151);
INSERT INTO recipe_cook(recipe_id, cook_id) VALUES (74, 168);
INSERT INTO recipe_cook(recipe_id, cook_id) VALUES (74, 49);
INSERT INTO recipe_cook(recipe_id, cook_id) VALUES (74, 50);
INSERT INTO recipe_cook(recipe_id, cook_id) VALUES (74, 181);
INSERT INTO recipe_cook(recipe_id, cook_id) VALUES (74, 115);
INSERT INTO recipe_cook(recipe_id, cook_id) VALUES (74, 26);
INSERT INTO recipe_cook(recipe_id, cook_id) VALUES (74, 20);
INSERT INTO recipe_cook(recipe_id, cook_id) VALUES (74, 140);
INSERT INTO recipe_cook(recipe_id, cook_id) VALUES (74, 159);
INSERT INTO recipe_cook(recipe_id, cook_id) VALUES (74, 88);
INSERT INTO recipe_cook(recipe_id, cook_id) VALUES (74, 78);
INSERT INTO recipe_cook(recipe_id, cook_id) VALUES (74, 122);
INSERT INTO recipe_cook(recipe_id, cook_id) VALUES (74, 52);
INSERT INTO recipe_cook(recipe_id, cook_id) VALUES (74, 137);
INSERT INTO recipe_cook(recipe_id, cook_id) VALUES (74, 40);
INSERT INTO recipe_cook(recipe_id, cook_id) VALUES (74, 12);
INSERT INTO recipe_cook(recipe_id, cook_id) VALUES (74, 33);
INSERT INTO recipe_cook(recipe_id, cook_id) VALUES (74, 186);
INSERT INTO recipe_cook(recipe_id, cook_id) VALUES (74, 108);
INSERT INTO recipe_cook(recipe_id, cook_id) VALUES (74, 141);
INSERT INTO recipe_cook(recipe_id, cook_id) VALUES (74, 65);
INSERT INTO recipe_cook(recipe_id, cook_id) VALUES (74, 144);
INSERT INTO recipe_cook(recipe_id, cook_id) VALUES (74, 89);
INSERT INTO recipe_cook(recipe_id, cook_id) VALUES (74, 94);
INSERT INTO recipe_cook(recipe_id, cook_id) VALUES (74, 184);
INSERT INTO recipe_cook(recipe_id, cook_id) VALUES (74, 194);
INSERT INTO recipe_cook(recipe_id, cook_id) VALUES (74, 193);
INSERT INTO recipe_cook(recipe_id, cook_id) VALUES (74, 112);
INSERT INTO recipe_cook(recipe_id, cook_id) VALUES (74, 18);
INSERT INTO recipe_cook(recipe_id, cook_id) VALUES (74, 124);
INSERT INTO recipe_cook(recipe_id, cook_id) VALUES (74, 170);
INSERT INTO recipe_cook(recipe_id, cook_id) VALUES (74, 135);
INSERT INTO recipe_cook(recipe_id, cook_id) VALUES (74, 129);
INSERT INTO recipe_cook(recipe_id, cook_id) VALUES (74, 6);
INSERT INTO recipe_cook(recipe_id, cook_id) VALUES (74, 43);
INSERT INTO recipe_cook(recipe_id, cook_id) VALUES (74, 71);
INSERT INTO recipe_cook(recipe_id, cook_id) VALUES (74, 195);
INSERT INTO recipe_cook(recipe_id, cook_id) VALUES (74, 75);
INSERT INTO recipe_cook(recipe_id, cook_id) VALUES (74, 173);
INSERT INTO recipe_cook(recipe_id, cook_id) VALUES (74, 145);
INSERT INTO recipe_cook(recipe_id, cook_id) VALUES (74, 16);
INSERT INTO recipe_cook(recipe_id, cook_id) VALUES (74, 187);
INSERT INTO recipe_cook(recipe_id, cook_id) VALUES (74, 102);
INSERT INTO recipe_cook(recipe_id, cook_id) VALUES (74, 127);
INSERT INTO recipe_cook(recipe_id, cook_id) VALUES (74, 175);
INSERT INTO recipe_cook(recipe_id, cook_id) VALUES (74, 132);
INSERT INTO recipe_cook(recipe_id, cook_id) VALUES (74, 182);
INSERT INTO recipe_cook(recipe_id, cook_id) VALUES (74, 154);
INSERT INTO recipe_cook(recipe_id, cook_id) VALUES (74, 113);
INSERT INTO recipe_cook(recipe_id, cook_id) VALUES (74, 131);
INSERT INTO recipe_cook(recipe_id, cook_id) VALUES (74, 198);
INSERT INTO recipe_cook(recipe_id, cook_id) VALUES (74, 100);
INSERT INTO recipe_cook(recipe_id, cook_id) VALUES (74, 103);
INSERT INTO recipe_cook(recipe_id, cook_id) VALUES (74, 70);
INSERT INTO recipe_cook(recipe_id, cook_id) VALUES (74, 53);
INSERT INTO recipe_cook(recipe_id, cook_id) VALUES (74, 48);
INSERT INTO recipe_cook(recipe_id, cook_id) VALUES (74, 1);
INSERT INTO recipe_cook(recipe_id, cook_id) VALUES (74, 41);
INSERT INTO recipe_cook(recipe_id, cook_id) VALUES (74, 56);
INSERT INTO recipe_themes(recipe_id, theme_id) VALUES (74, 1);
INSERT INTO recipe_themes(recipe_id, theme_id) VALUES (74, 33);
INSERT INTO recipe_themes(recipe_id, theme_id) VALUES (74, 30);
INSERT INTO recipe_tip(recipe_id, tip_id) VALUES (74, 34);
INSERT INTO recipe_tip(recipe_id, tip_id) VALUES (74, 17);
INSERT INTO recipe_tip(recipe_id, tip_id) VALUES (74, 20);

INSERT INTO recipe(baking, cuisine_id, difficulty, recipe_title, recipe_description, prep_time, cook_time, portions, fat_portion, protein_portion, carbs_portion, picture_uri, picture_description) VALUES(1, 3, 2,'Banana Bread', 'Join allow mean sometimes so man offer. Same north wind sister.', 55, 20, 3, 0, 50,35, 'https://placekitten.com/324/179', 'Particular year sell short issue everybody later.');
INSERT INTO recipe_meal_type(recipe_id, meal_type_id) VALUES (75, 1);
INSERT INTO recipe_tag(recipe_id, tag_id) VALUES (75, 69);
INSERT INTO recipe_tag(recipe_id, tag_id) VALUES (75, 15);
INSERT INTO recipe_tag(recipe_id, tag_id) VALUES (75, 1);
INSERT INTO recipe_tag(recipe_id, tag_id) VALUES (75, 84);
INSERT INTO recipe_equipment(recipe_id, equipment_id, num) VALUES (75, 20, 3);
INSERT INTO recipe_equipment(recipe_id, equipment_id, num) VALUES (75, 12, 2);
INSERT INTO recipe_equipment(recipe_id, equipment_id, num) VALUES (75, 11, 2);
INSERT INTO recipe_equipment(recipe_id, equipment_id, num) VALUES (75, 3, 4);
INSERT INTO recipe_equipment(recipe_id, equipment_id, num) VALUES (75, 9, 3);
INSERT INTO recipe_cook(recipe_id, cook_id) VALUES (75, 35);
INSERT INTO recipe_cook(recipe_id, cook_id) VALUES (75, 105);
INSERT INTO recipe_cook(recipe_id, cook_id) VALUES (75, 157);
INSERT INTO recipe_cook(recipe_id, cook_id) VALUES (75, 76);
INSERT INTO recipe_cook(recipe_id, cook_id) VALUES (75, 84);
INSERT INTO recipe_cook(recipe_id, cook_id) VALUES (75, 15);
INSERT INTO recipe_cook(recipe_id, cook_id) VALUES (75, 161);
INSERT INTO recipe_cook(recipe_id, cook_id) VALUES (75, 3);
INSERT INTO recipe_cook(recipe_id, cook_id) VALUES (75, 92);
INSERT INTO recipe_cook(recipe_id, cook_id) VALUES (75, 57);
INSERT INTO recipe_cook(recipe_id, cook_id) VALUES (75, 188);
INSERT INTO recipe_cook(recipe_id, cook_id) VALUES (75, 72);
INSERT INTO recipe_cook(recipe_id, cook_id) VALUES (75, 46);
INSERT INTO recipe_cook(recipe_id, cook_id) VALUES (75, 66);
INSERT INTO recipe_cook(recipe_id, cook_id) VALUES (75, 5);
INSERT INTO recipe_cook(recipe_id, cook_id) VALUES (75, 138);
INSERT INTO recipe_cook(recipe_id, cook_id) VALUES (75, 169);
INSERT INTO recipe_cook(recipe_id, cook_id) VALUES (75, 150);
INSERT INTO recipe_cook(recipe_id, cook_id) VALUES (75, 28);
INSERT INTO recipe_cook(recipe_id, cook_id) VALUES (75, 177);
INSERT INTO recipe_cook(recipe_id, cook_id) VALUES (75, 98);
INSERT INTO recipe_cook(recipe_id, cook_id) VALUES (75, 168);
INSERT INTO recipe_cook(recipe_id, cook_id) VALUES (75, 187);
INSERT INTO recipe_cook(recipe_id, cook_id) VALUES (75, 194);
INSERT INTO recipe_cook(recipe_id, cook_id) VALUES (75, 163);
INSERT INTO recipe_cook(recipe_id, cook_id) VALUES (75, 155);
INSERT INTO recipe_cook(recipe_id, cook_id) VALUES (75, 142);
INSERT INTO recipe_cook(recipe_id, cook_id) VALUES (75, 53);
INSERT INTO recipe_cook(recipe_id, cook_id) VALUES (75, 114);
INSERT INTO recipe_cook(recipe_id, cook_id) VALUES (75, 191);
INSERT INTO recipe_cook(recipe_id, cook_id) VALUES (75, 196);
INSERT INTO recipe_cook(recipe_id, cook_id) VALUES (75, 69);
INSERT INTO recipe_cook(recipe_id, cook_id) VALUES (75, 173);
INSERT INTO recipe_cook(recipe_id, cook_id) VALUES (75, 149);
INSERT INTO recipe_cook(recipe_id, cook_id) VALUES (75, 162);
INSERT INTO recipe_cook(recipe_id, cook_id) VALUES (75, 102);
INSERT INTO recipe_cook(recipe_id, cook_id) VALUES (75, 40);
INSERT INTO recipe_cook(recipe_id, cook_id) VALUES (75, 115);
INSERT INTO recipe_cook(recipe_id, cook_id) VALUES (75, 60);
INSERT INTO recipe_cook(recipe_id, cook_id) VALUES (75, 112);
INSERT INTO recipe_cook(recipe_id, cook_id) VALUES (75, 95);
INSERT INTO recipe_cook(recipe_id, cook_id) VALUES (75, 38);
INSERT INTO recipe_cook(recipe_id, cook_id) VALUES (75, 123);
INSERT INTO recipe_cook(recipe_id, cook_id) VALUES (75, 24);
INSERT INTO recipe_cook(recipe_id, cook_id) VALUES (75, 127);
INSERT INTO recipe_cook(recipe_id, cook_id) VALUES (75, 47);
INSERT INTO recipe_cook(recipe_id, cook_id) VALUES (75, 118);
INSERT INTO recipe_cook(recipe_id, cook_id) VALUES (75, 48);
INSERT INTO recipe_cook(recipe_id, cook_id) VALUES (75, 190);
INSERT INTO recipe_cook(recipe_id, cook_id) VALUES (75, 49);
INSERT INTO recipe_cook(recipe_id, cook_id) VALUES (75, 146);
INSERT INTO recipe_cook(recipe_id, cook_id) VALUES (75, 126);
INSERT INTO recipe_cook(recipe_id, cook_id) VALUES (75, 175);
INSERT INTO recipe_cook(recipe_id, cook_id) VALUES (75, 73);
INSERT INTO recipe_cook(recipe_id, cook_id) VALUES (75, 6);
INSERT INTO recipe_cook(recipe_id, cook_id) VALUES (75, 80);
INSERT INTO recipe_cook(recipe_id, cook_id) VALUES (75, 42);
INSERT INTO recipe_cook(recipe_id, cook_id) VALUES (75, 152);
INSERT INTO recipe_cook(recipe_id, cook_id) VALUES (75, 101);
INSERT INTO recipe_cook(recipe_id, cook_id) VALUES (75, 151);
INSERT INTO recipe_cook(recipe_id, cook_id) VALUES (75, 18);
INSERT INTO recipe_cook(recipe_id, cook_id) VALUES (75, 37);
INSERT INTO recipe_cook(recipe_id, cook_id) VALUES (75, 19);
INSERT INTO recipe_cook(recipe_id, cook_id) VALUES (75, 110);
INSERT INTO recipe_cook(recipe_id, cook_id) VALUES (75, 63);
INSERT INTO recipe_cook(recipe_id, cook_id) VALUES (75, 117);
INSERT INTO recipe_cook(recipe_id, cook_id) VALUES (75, 104);
INSERT INTO recipe_cook(recipe_id, cook_id) VALUES (75, 26);
INSERT INTO recipe_cook(recipe_id, cook_id) VALUES (75, 36);
INSERT INTO recipe_cook(recipe_id, cook_id) VALUES (75, 4);
INSERT INTO recipe_cook(recipe_id, cook_id) VALUES (75, 133);
INSERT INTO recipe_cook(recipe_id, cook_id) VALUES (75, 97);
INSERT INTO recipe_cook(recipe_id, cook_id) VALUES (75, 99);
INSERT INTO recipe_cook(recipe_id, cook_id) VALUES (75, 193);
INSERT INTO recipe_cook(recipe_id, cook_id) VALUES (75, 195);
INSERT INTO recipe_cook(recipe_id, cook_id) VALUES (75, 106);
INSERT INTO recipe_cook(recipe_id, cook_id) VALUES (75, 2);
INSERT INTO recipe_cook(recipe_id, cook_id) VALUES (75, 180);
INSERT INTO recipe_cook(recipe_id, cook_id) VALUES (75, 107);
INSERT INTO recipe_cook(recipe_id, cook_id) VALUES (75, 83);
INSERT INTO recipe_cook(recipe_id, cook_id) VALUES (75, 120);
INSERT INTO recipe_cook(recipe_id, cook_id) VALUES (75, 183);
INSERT INTO recipe_cook(recipe_id, cook_id) VALUES (75, 17);
INSERT INTO recipe_cook(recipe_id, cook_id) VALUES (75, 32);
INSERT INTO recipe_cook(recipe_id, cook_id) VALUES (75, 128);
INSERT INTO recipe_cook(recipe_id, cook_id) VALUES (75, 11);
INSERT INTO recipe_cook(recipe_id, cook_id) VALUES (75, 200);
INSERT INTO recipe_cook(recipe_id, cook_id) VALUES (75, 185);
INSERT INTO recipe_cook(recipe_id, cook_id) VALUES (75, 81);
INSERT INTO recipe_cook(recipe_id, cook_id) VALUES (75, 77);
INSERT INTO recipe_cook(recipe_id, cook_id) VALUES (75, 124);
INSERT INTO recipe_cook(recipe_id, cook_id) VALUES (75, 165);
INSERT INTO recipe_cook(recipe_id, cook_id) VALUES (75, 137);
INSERT INTO recipe_cook(recipe_id, cook_id) VALUES (75, 109);
INSERT INTO recipe_cook(recipe_id, cook_id) VALUES (75, 14);
INSERT INTO recipe_cook(recipe_id, cook_id) VALUES (75, 70);
INSERT INTO recipe_cook(recipe_id, cook_id) VALUES (75, 160);
INSERT INTO recipe_cook(recipe_id, cook_id) VALUES (75, 44);
INSERT INTO recipe_cook(recipe_id, cook_id) VALUES (75, 91);
INSERT INTO recipe_cook(recipe_id, cook_id) VALUES (75, 176);
INSERT INTO recipe_cook(recipe_id, cook_id) VALUES (75, 130);
INSERT INTO recipe_cook(recipe_id, cook_id) VALUES (75, 140);
INSERT INTO recipe_cook(recipe_id, cook_id) VALUES (75, 62);
INSERT INTO recipe_cook(recipe_id, cook_id) VALUES (75, 147);
INSERT INTO recipe_cook(recipe_id, cook_id) VALUES (75, 171);
INSERT INTO recipe_cook(recipe_id, cook_id) VALUES (75, 21);
INSERT INTO recipe_cook(recipe_id, cook_id) VALUES (75, 164);
INSERT INTO recipe_cook(recipe_id, cook_id) VALUES (75, 43);
INSERT INTO recipe_cook(recipe_id, cook_id) VALUES (75, 158);
INSERT INTO recipe_cook(recipe_id, cook_id) VALUES (75, 20);
INSERT INTO recipe_cook(recipe_id, cook_id) VALUES (75, 135);
INSERT INTO recipe_cook(recipe_id, cook_id) VALUES (75, 8);
INSERT INTO recipe_cook(recipe_id, cook_id) VALUES (75, 199);
INSERT INTO recipe_cook(recipe_id, cook_id) VALUES (75, 172);
INSERT INTO recipe_cook(recipe_id, cook_id) VALUES (75, 181);
INSERT INTO recipe_cook(recipe_id, cook_id) VALUES (75, 88);
INSERT INTO recipe_cook(recipe_id, cook_id) VALUES (75, 16);
INSERT INTO recipe_cook(recipe_id, cook_id) VALUES (75, 156);
INSERT INTO recipe_cook(recipe_id, cook_id) VALUES (75, 119);
INSERT INTO recipe_cook(recipe_id, cook_id) VALUES (75, 125);
INSERT INTO recipe_cook(recipe_id, cook_id) VALUES (75, 85);
INSERT INTO recipe_cook(recipe_id, cook_id) VALUES (75, 159);
INSERT INTO recipe_cook(recipe_id, cook_id) VALUES (75, 86);
INSERT INTO recipe_cook(recipe_id, cook_id) VALUES (75, 178);
INSERT INTO recipe_cook(recipe_id, cook_id) VALUES (75, 54);
INSERT INTO recipe_cook(recipe_id, cook_id) VALUES (75, 113);
INSERT INTO recipe_cook(recipe_id, cook_id) VALUES (75, 1);
INSERT INTO recipe_cook(recipe_id, cook_id) VALUES (75, 29);
INSERT INTO recipe_cook(recipe_id, cook_id) VALUES (75, 131);
INSERT INTO recipe_cook(recipe_id, cook_id) VALUES (75, 30);
INSERT INTO recipe_cook(recipe_id, cook_id) VALUES (75, 55);
INSERT INTO recipe_cook(recipe_id, cook_id) VALUES (75, 50);
INSERT INTO recipe_cook(recipe_id, cook_id) VALUES (75, 75);
INSERT INTO recipe_cook(recipe_id, cook_id) VALUES (75, 143);
INSERT INTO recipe_cook(recipe_id, cook_id) VALUES (75, 139);
INSERT INTO recipe_cook(recipe_id, cook_id) VALUES (75, 129);
INSERT INTO recipe_cook(recipe_id, cook_id) VALUES (75, 184);
INSERT INTO recipe_cook(recipe_id, cook_id) VALUES (75, 103);
INSERT INTO recipe_cook(recipe_id, cook_id) VALUES (75, 96);
INSERT INTO recipe_cook(recipe_id, cook_id) VALUES (75, 67);
INSERT INTO recipe_cook(recipe_id, cook_id) VALUES (75, 179);
INSERT INTO recipe_cook(recipe_id, cook_id) VALUES (75, 58);
INSERT INTO recipe_cook(recipe_id, cook_id) VALUES (75, 89);
INSERT INTO recipe_cook(recipe_id, cook_id) VALUES (75, 90);
INSERT INTO recipe_cook(recipe_id, cook_id) VALUES (75, 174);
INSERT INTO recipe_cook(recipe_id, cook_id) VALUES (75, 59);
INSERT INTO recipe_cook(recipe_id, cook_id) VALUES (75, 167);
INSERT INTO recipe_cook(recipe_id, cook_id) VALUES (75, 7);
INSERT INTO recipe_cook(recipe_id, cook_id) VALUES (75, 68);
INSERT INTO recipe_cook(recipe_id, cook_id) VALUES (75, 23);
INSERT INTO recipe_cook(recipe_id, cook_id) VALUES (75, 186);
INSERT INTO recipe_cook(recipe_id, cook_id) VALUES (75, 94);
INSERT INTO recipe_cook(recipe_id, cook_id) VALUES (75, 22);
INSERT INTO recipe_cook(recipe_id, cook_id) VALUES (75, 145);
INSERT INTO recipe_cook(recipe_id, cook_id) VALUES (75, 198);
INSERT INTO recipe_cook(recipe_id, cook_id) VALUES (75, 82);
INSERT INTO recipe_cook(recipe_id, cook_id) VALUES (75, 121);
INSERT INTO recipe_cook(recipe_id, cook_id) VALUES (75, 39);
INSERT INTO recipe_cook(recipe_id, cook_id) VALUES (75, 10);
INSERT INTO recipe_cook(recipe_id, cook_id) VALUES (75, 12);
INSERT INTO recipe_cook(recipe_id, cook_id) VALUES (75, 182);
INSERT INTO recipe_cook(recipe_id, cook_id) VALUES (75, 34);
INSERT INTO recipe_cook(recipe_id, cook_id) VALUES (75, 153);
INSERT INTO recipe_cook(recipe_id, cook_id) VALUES (75, 41);
INSERT INTO recipe_cook(recipe_id, cook_id) VALUES (75, 141);
INSERT INTO recipe_cook(recipe_id, cook_id) VALUES (75, 144);
INSERT INTO recipe_cook(recipe_id, cook_id) VALUES (75, 122);
INSERT INTO recipe_cook(recipe_id, cook_id) VALUES (75, 52);
INSERT INTO recipe_cook(recipe_id, cook_id) VALUES (75, 51);
INSERT INTO recipe_cook(recipe_id, cook_id) VALUES (75, 65);
INSERT INTO recipe_cook(recipe_id, cook_id) VALUES (75, 189);
INSERT INTO recipe_cook(recipe_id, cook_id) VALUES (75, 9);
INSERT INTO recipe_cook(recipe_id, cook_id) VALUES (75, 170);
INSERT INTO recipe_cook(recipe_id, cook_id) VALUES (75, 79);
INSERT INTO recipe_cook(recipe_id, cook_id) VALUES (75, 111);
INSERT INTO recipe_cook(recipe_id, cook_id) VALUES (75, 31);
INSERT INTO recipe_cook(recipe_id, cook_id) VALUES (75, 192);
INSERT INTO recipe_cook(recipe_id, cook_id) VALUES (75, 136);
INSERT INTO recipe_cook(recipe_id, cook_id) VALUES (75, 74);
INSERT INTO recipe_cook(recipe_id, cook_id) VALUES (75, 64);
INSERT INTO recipe_cook(recipe_id, cook_id) VALUES (75, 134);
INSERT INTO recipe_cook(recipe_id, cook_id) VALUES (75, 56);
INSERT INTO recipe_cook(recipe_id, cook_id) VALUES (75, 93);
INSERT INTO recipe_cook(recipe_id, cook_id) VALUES (75, 13);
INSERT INTO recipe_cook(recipe_id, cook_id) VALUES (75, 197);
INSERT INTO recipe_themes(recipe_id, theme_id) VALUES (75, 31);
INSERT INTO recipe_themes(recipe_id, theme_id) VALUES (75, 5);
INSERT INTO recipe_themes(recipe_id, theme_id) VALUES (75, 8);
INSERT INTO recipe_tip(recipe_id, tip_id) VALUES (75, 28);
INSERT INTO recipe_tip(recipe_id, tip_id) VALUES (75, 18);
INSERT INTO recipe_tip(recipe_id, tip_id) VALUES (75, 10);

INSERT INTO recipe(baking, cuisine_id, difficulty, recipe_title, recipe_description, prep_time, cook_time, portions, fat_portion, protein_portion, carbs_portion, picture_uri, picture_description) VALUES(1, 32, 4,'Dumplings', 'Authority possible fund month realize star. Threat husband family perhaps hope across. Interview else development purpose force leader.', 85, 110, 4, 45, 60,50, 'https://placekitten.com/410/726', 'Check significant deal consider ago own suddenly.');
INSERT INTO recipe_meal_type(recipe_id, meal_type_id) VALUES (76, 4);
INSERT INTO recipe_tag(recipe_id, tag_id) VALUES (76, 84);
INSERT INTO recipe_tag(recipe_id, tag_id) VALUES (76, 32);
INSERT INTO recipe_tag(recipe_id, tag_id) VALUES (76, 50);
INSERT INTO recipe_equipment(recipe_id, equipment_id, num) VALUES (76, 18, 2);
INSERT INTO recipe_equipment(recipe_id, equipment_id, num) VALUES (76, 16, 2);
INSERT INTO recipe_equipment(recipe_id, equipment_id, num) VALUES (76, 20, 2);
INSERT INTO recipe_equipment(recipe_id, equipment_id, num) VALUES (76, 19, 1);
INSERT INTO recipe_equipment(recipe_id, equipment_id, num) VALUES (76, 8, 2);
INSERT INTO recipe_equipment(recipe_id, equipment_id, num) VALUES (76, 7, 1);
INSERT INTO recipe_cook(recipe_id, cook_id) VALUES (76, 149);
INSERT INTO recipe_cook(recipe_id, cook_id) VALUES (76, 184);
INSERT INTO recipe_cook(recipe_id, cook_id) VALUES (76, 108);
INSERT INTO recipe_cook(recipe_id, cook_id) VALUES (76, 135);
INSERT INTO recipe_cook(recipe_id, cook_id) VALUES (76, 148);
INSERT INTO recipe_cook(recipe_id, cook_id) VALUES (76, 178);
INSERT INTO recipe_cook(recipe_id, cook_id) VALUES (76, 192);
INSERT INTO recipe_cook(recipe_id, cook_id) VALUES (76, 57);
INSERT INTO recipe_cook(recipe_id, cook_id) VALUES (76, 180);
INSERT INTO recipe_cook(recipe_id, cook_id) VALUES (76, 23);
INSERT INTO recipe_cook(recipe_id, cook_id) VALUES (76, 61);
INSERT INTO recipe_cook(recipe_id, cook_id) VALUES (76, 93);
INSERT INTO recipe_cook(recipe_id, cook_id) VALUES (76, 1);
INSERT INTO recipe_cook(recipe_id, cook_id) VALUES (76, 53);
INSERT INTO recipe_cook(recipe_id, cook_id) VALUES (76, 5);
INSERT INTO recipe_cook(recipe_id, cook_id) VALUES (76, 189);
INSERT INTO recipe_cook(recipe_id, cook_id) VALUES (76, 143);
INSERT INTO recipe_cook(recipe_id, cook_id) VALUES (76, 122);
INSERT INTO recipe_cook(recipe_id, cook_id) VALUES (76, 35);
INSERT INTO recipe_cook(recipe_id, cook_id) VALUES (76, 29);
INSERT INTO recipe_cook(recipe_id, cook_id) VALUES (76, 16);
INSERT INTO recipe_cook(recipe_id, cook_id) VALUES (76, 90);
INSERT INTO recipe_themes(recipe_id, theme_id) VALUES (76, 9);
INSERT INTO recipe_themes(recipe_id, theme_id) VALUES (76, 19);
INSERT INTO recipe_tip(recipe_id, tip_id) VALUES (76, 10);
INSERT INTO recipe_tip(recipe_id, tip_id) VALUES (76, 36);

INSERT INTO recipe(baking, cuisine_id, difficulty, recipe_title, recipe_description, prep_time, cook_time, portions, fat_portion, protein_portion, carbs_portion, picture_uri, picture_description) VALUES(0, 25, 1,'Burritos', 'Give attorney that up probably cut clear. Do turn sign agree there. But way agent test take decade.', 125, 60, 3, 0, 55,15, 'https://dummyimage.com/100x915', 'Cup side opportunity by wide medical.');
INSERT INTO recipe_meal_type(recipe_id, meal_type_id) VALUES (77, 1);
INSERT INTO recipe_tag(recipe_id, tag_id) VALUES (77, 62);
INSERT INTO recipe_tag(recipe_id, tag_id) VALUES (77, 77);
INSERT INTO recipe_equipment(recipe_id, equipment_id, num) VALUES (77, 1, 1);
INSERT INTO recipe_equipment(recipe_id, equipment_id, num) VALUES (77, 5, 2);
INSERT INTO recipe_equipment(recipe_id, equipment_id, num) VALUES (77, 12, 2);
INSERT INTO recipe_equipment(recipe_id, equipment_id, num) VALUES (77, 19, 1);
INSERT INTO recipe_cook(recipe_id, cook_id) VALUES (77, 63);
INSERT INTO recipe_cook(recipe_id, cook_id) VALUES (77, 20);
INSERT INTO recipe_cook(recipe_id, cook_id) VALUES (77, 4);
INSERT INTO recipe_cook(recipe_id, cook_id) VALUES (77, 146);
INSERT INTO recipe_cook(recipe_id, cook_id) VALUES (77, 107);
INSERT INTO recipe_cook(recipe_id, cook_id) VALUES (77, 39);
INSERT INTO recipe_cook(recipe_id, cook_id) VALUES (77, 196);
INSERT INTO recipe_cook(recipe_id, cook_id) VALUES (77, 47);
INSERT INTO recipe_cook(recipe_id, cook_id) VALUES (77, 121);
INSERT INTO recipe_cook(recipe_id, cook_id) VALUES (77, 191);
INSERT INTO recipe_cook(recipe_id, cook_id) VALUES (77, 36);
INSERT INTO recipe_cook(recipe_id, cook_id) VALUES (77, 192);
INSERT INTO recipe_cook(recipe_id, cook_id) VALUES (77, 136);
INSERT INTO recipe_cook(recipe_id, cook_id) VALUES (77, 179);
INSERT INTO recipe_cook(recipe_id, cook_id) VALUES (77, 77);
INSERT INTO recipe_cook(recipe_id, cook_id) VALUES (77, 106);
INSERT INTO recipe_cook(recipe_id, cook_id) VALUES (77, 185);
INSERT INTO recipe_cook(recipe_id, cook_id) VALUES (77, 87);
INSERT INTO recipe_cook(recipe_id, cook_id) VALUES (77, 114);
INSERT INTO recipe_cook(recipe_id, cook_id) VALUES (77, 166);
INSERT INTO recipe_cook(recipe_id, cook_id) VALUES (77, 178);
INSERT INTO recipe_themes(recipe_id, theme_id) VALUES (77, 19);
INSERT INTO recipe_tip(recipe_id, tip_id) VALUES (77, 10);

INSERT INTO recipe(baking, cuisine_id, difficulty, recipe_title, recipe_description, prep_time, cook_time, portions, fat_portion, protein_portion, carbs_portion, picture_uri, picture_description) VALUES(1, 28, 4,'Cobb Salad', 'Clear decide wait scientist. See first course world son growth. Meet war administration herself information. Great watch student its. Director red practice special then.', 95, 110, 3, 45, 40,45, 'https://placekitten.com/32/562', 'Animal suggest concern act million cell.');
INSERT INTO recipe_meal_type(recipe_id, meal_type_id) VALUES (78, 1);
INSERT INTO recipe_tag(recipe_id, tag_id) VALUES (78, 55);
INSERT INTO recipe_tag(recipe_id, tag_id) VALUES (78, 21);
INSERT INTO recipe_tag(recipe_id, tag_id) VALUES (78, 35);
INSERT INTO recipe_tag(recipe_id, tag_id) VALUES (78, 12);
INSERT INTO recipe_equipment(recipe_id, equipment_id, num) VALUES (78, 13, 3);
INSERT INTO recipe_equipment(recipe_id, equipment_id, num) VALUES (78, 5, 3);
INSERT INTO recipe_equipment(recipe_id, equipment_id, num) VALUES (78, 7, 4);
INSERT INTO recipe_equipment(recipe_id, equipment_id, num) VALUES (78, 20, 2);
INSERT INTO recipe_equipment(recipe_id, equipment_id, num) VALUES (78, 2, 3);
INSERT INTO recipe_equipment(recipe_id, equipment_id, num) VALUES (78, 4, 4);
INSERT INTO recipe_equipment(recipe_id, equipment_id, num) VALUES (78, 18, 3);
INSERT INTO recipe_cook(recipe_id, cook_id) VALUES (78, 191);
INSERT INTO recipe_cook(recipe_id, cook_id) VALUES (78, 144);
INSERT INTO recipe_cook(recipe_id, cook_id) VALUES (78, 155);
INSERT INTO recipe_cook(recipe_id, cook_id) VALUES (78, 20);
INSERT INTO recipe_cook(recipe_id, cook_id) VALUES (78, 178);
INSERT INTO recipe_cook(recipe_id, cook_id) VALUES (78, 120);
INSERT INTO recipe_cook(recipe_id, cook_id) VALUES (78, 123);
INSERT INTO recipe_cook(recipe_id, cook_id) VALUES (78, 81);
INSERT INTO recipe_cook(recipe_id, cook_id) VALUES (78, 168);
INSERT INTO recipe_cook(recipe_id, cook_id) VALUES (78, 165);
INSERT INTO recipe_cook(recipe_id, cook_id) VALUES (78, 104);
INSERT INTO recipe_cook(recipe_id, cook_id) VALUES (78, 98);
INSERT INTO recipe_cook(recipe_id, cook_id) VALUES (78, 43);
INSERT INTO recipe_cook(recipe_id, cook_id) VALUES (78, 14);
INSERT INTO recipe_cook(recipe_id, cook_id) VALUES (78, 96);
INSERT INTO recipe_cook(recipe_id, cook_id) VALUES (78, 166);
INSERT INTO recipe_cook(recipe_id, cook_id) VALUES (78, 109);
INSERT INTO recipe_cook(recipe_id, cook_id) VALUES (78, 50);
INSERT INTO recipe_cook(recipe_id, cook_id) VALUES (78, 70);
INSERT INTO recipe_cook(recipe_id, cook_id) VALUES (78, 28);
INSERT INTO recipe_cook(recipe_id, cook_id) VALUES (78, 27);
INSERT INTO recipe_cook(recipe_id, cook_id) VALUES (78, 197);
INSERT INTO recipe_cook(recipe_id, cook_id) VALUES (78, 93);
INSERT INTO recipe_cook(recipe_id, cook_id) VALUES (78, 198);
INSERT INTO recipe_cook(recipe_id, cook_id) VALUES (78, 86);
INSERT INTO recipe_cook(recipe_id, cook_id) VALUES (78, 8);
INSERT INTO recipe_cook(recipe_id, cook_id) VALUES (78, 62);
INSERT INTO recipe_cook(recipe_id, cook_id) VALUES (78, 73);
INSERT INTO recipe_cook(recipe_id, cook_id) VALUES (78, 42);
INSERT INTO recipe_cook(recipe_id, cook_id) VALUES (78, 139);
INSERT INTO recipe_cook(recipe_id, cook_id) VALUES (78, 181);
INSERT INTO recipe_cook(recipe_id, cook_id) VALUES (78, 17);
INSERT INTO recipe_cook(recipe_id, cook_id) VALUES (78, 55);
INSERT INTO recipe_cook(recipe_id, cook_id) VALUES (78, 153);
INSERT INTO recipe_cook(recipe_id, cook_id) VALUES (78, 3);
INSERT INTO recipe_cook(recipe_id, cook_id) VALUES (78, 80);
INSERT INTO recipe_cook(recipe_id, cook_id) VALUES (78, 49);
INSERT INTO recipe_cook(recipe_id, cook_id) VALUES (78, 142);
INSERT INTO recipe_cook(recipe_id, cook_id) VALUES (78, 52);
INSERT INTO recipe_cook(recipe_id, cook_id) VALUES (78, 9);
INSERT INTO recipe_cook(recipe_id, cook_id) VALUES (78, 174);
INSERT INTO recipe_cook(recipe_id, cook_id) VALUES (78, 69);
INSERT INTO recipe_cook(recipe_id, cook_id) VALUES (78, 22);
INSERT INTO recipe_cook(recipe_id, cook_id) VALUES (78, 146);
INSERT INTO recipe_cook(recipe_id, cook_id) VALUES (78, 145);
INSERT INTO recipe_cook(recipe_id, cook_id) VALUES (78, 12);
INSERT INTO recipe_cook(recipe_id, cook_id) VALUES (78, 156);
INSERT INTO recipe_cook(recipe_id, cook_id) VALUES (78, 124);
INSERT INTO recipe_themes(recipe_id, theme_id) VALUES (78, 4);
INSERT INTO recipe_tip(recipe_id, tip_id) VALUES (78, 6);
INSERT INTO recipe_tip(recipe_id, tip_id) VALUES (78, 20);

INSERT INTO recipe(baking, cuisine_id, difficulty, recipe_title, recipe_description, prep_time, cook_time, portions, fat_portion, protein_portion, carbs_portion, picture_uri, picture_description) VALUES(0, 45, 1,'Pecan Pie', 'Other decide science fall. Increase church common view whole score special consider.', 65, 60, 5, 5, 40,20, 'https://picsum.photos/224/332', 'Daughter idea health success perform agreement ago.');
INSERT INTO recipe_meal_type(recipe_id, meal_type_id) VALUES (79, 3);
INSERT INTO recipe_tag(recipe_id, tag_id) VALUES (79, 76);
INSERT INTO recipe_equipment(recipe_id, equipment_id, num) VALUES (79, 16, 3);
INSERT INTO recipe_equipment(recipe_id, equipment_id, num) VALUES (79, 19, 2);
INSERT INTO recipe_equipment(recipe_id, equipment_id, num) VALUES (79, 2, 2);
INSERT INTO recipe_equipment(recipe_id, equipment_id, num) VALUES (79, 10, 3);
INSERT INTO recipe_equipment(recipe_id, equipment_id, num) VALUES (79, 6, 4);
INSERT INTO recipe_equipment(recipe_id, equipment_id, num) VALUES (79, 3, 4);
INSERT INTO recipe_cook(recipe_id, cook_id) VALUES (79, 119);
INSERT INTO recipe_cook(recipe_id, cook_id) VALUES (79, 21);
INSERT INTO recipe_cook(recipe_id, cook_id) VALUES (79, 161);
INSERT INTO recipe_cook(recipe_id, cook_id) VALUES (79, 24);
INSERT INTO recipe_cook(recipe_id, cook_id) VALUES (79, 184);
INSERT INTO recipe_cook(recipe_id, cook_id) VALUES (79, 60);
INSERT INTO recipe_cook(recipe_id, cook_id) VALUES (79, 56);
INSERT INTO recipe_cook(recipe_id, cook_id) VALUES (79, 175);
INSERT INTO recipe_cook(recipe_id, cook_id) VALUES (79, 168);
INSERT INTO recipe_cook(recipe_id, cook_id) VALUES (79, 37);
INSERT INTO recipe_cook(recipe_id, cook_id) VALUES (79, 196);
INSERT INTO recipe_cook(recipe_id, cook_id) VALUES (79, 42);
INSERT INTO recipe_cook(recipe_id, cook_id) VALUES (79, 129);
INSERT INTO recipe_cook(recipe_id, cook_id) VALUES (79, 133);
INSERT INTO recipe_cook(recipe_id, cook_id) VALUES (79, 156);
INSERT INTO recipe_cook(recipe_id, cook_id) VALUES (79, 167);
INSERT INTO recipe_cook(recipe_id, cook_id) VALUES (79, 134);
INSERT INTO recipe_cook(recipe_id, cook_id) VALUES (79, 88);
INSERT INTO recipe_cook(recipe_id, cook_id) VALUES (79, 115);
INSERT INTO recipe_cook(recipe_id, cook_id) VALUES (79, 34);
INSERT INTO recipe_cook(recipe_id, cook_id) VALUES (79, 87);
INSERT INTO recipe_cook(recipe_id, cook_id) VALUES (79, 75);
INSERT INTO recipe_cook(recipe_id, cook_id) VALUES (79, 93);
INSERT INTO recipe_cook(recipe_id, cook_id) VALUES (79, 160);
INSERT INTO recipe_cook(recipe_id, cook_id) VALUES (79, 111);
INSERT INTO recipe_cook(recipe_id, cook_id) VALUES (79, 11);
INSERT INTO recipe_cook(recipe_id, cook_id) VALUES (79, 100);
INSERT INTO recipe_cook(recipe_id, cook_id) VALUES (79, 62);
INSERT INTO recipe_cook(recipe_id, cook_id) VALUES (79, 54);
INSERT INTO recipe_cook(recipe_id, cook_id) VALUES (79, 157);
INSERT INTO recipe_cook(recipe_id, cook_id) VALUES (79, 186);
INSERT INTO recipe_cook(recipe_id, cook_id) VALUES (79, 20);
INSERT INTO recipe_cook(recipe_id, cook_id) VALUES (79, 40);
INSERT INTO recipe_cook(recipe_id, cook_id) VALUES (79, 146);
INSERT INTO recipe_cook(recipe_id, cook_id) VALUES (79, 198);
INSERT INTO recipe_cook(recipe_id, cook_id) VALUES (79, 128);
INSERT INTO recipe_cook(recipe_id, cook_id) VALUES (79, 25);
INSERT INTO recipe_cook(recipe_id, cook_id) VALUES (79, 4);
INSERT INTO recipe_cook(recipe_id, cook_id) VALUES (79, 191);
INSERT INTO recipe_cook(recipe_id, cook_id) VALUES (79, 80);
INSERT INTO recipe_cook(recipe_id, cook_id) VALUES (79, 141);
INSERT INTO recipe_cook(recipe_id, cook_id) VALUES (79, 23);
INSERT INTO recipe_cook(recipe_id, cook_id) VALUES (79, 165);
INSERT INTO recipe_cook(recipe_id, cook_id) VALUES (79, 164);
INSERT INTO recipe_cook(recipe_id, cook_id) VALUES (79, 117);
INSERT INTO recipe_cook(recipe_id, cook_id) VALUES (79, 81);
INSERT INTO recipe_cook(recipe_id, cook_id) VALUES (79, 44);
INSERT INTO recipe_cook(recipe_id, cook_id) VALUES (79, 76);
INSERT INTO recipe_cook(recipe_id, cook_id) VALUES (79, 189);
INSERT INTO recipe_cook(recipe_id, cook_id) VALUES (79, 18);
INSERT INTO recipe_cook(recipe_id, cook_id) VALUES (79, 72);
INSERT INTO recipe_cook(recipe_id, cook_id) VALUES (79, 148);
INSERT INTO recipe_cook(recipe_id, cook_id) VALUES (79, 94);
INSERT INTO recipe_cook(recipe_id, cook_id) VALUES (79, 91);
INSERT INTO recipe_cook(recipe_id, cook_id) VALUES (79, 159);
INSERT INTO recipe_cook(recipe_id, cook_id) VALUES (79, 19);
INSERT INTO recipe_cook(recipe_id, cook_id) VALUES (79, 46);
INSERT INTO recipe_cook(recipe_id, cook_id) VALUES (79, 118);
INSERT INTO recipe_cook(recipe_id, cook_id) VALUES (79, 67);
INSERT INTO recipe_cook(recipe_id, cook_id) VALUES (79, 122);
INSERT INTO recipe_cook(recipe_id, cook_id) VALUES (79, 66);
INSERT INTO recipe_cook(recipe_id, cook_id) VALUES (79, 114);
INSERT INTO recipe_cook(recipe_id, cook_id) VALUES (79, 36);
INSERT INTO recipe_cook(recipe_id, cook_id) VALUES (79, 32);
INSERT INTO recipe_cook(recipe_id, cook_id) VALUES (79, 125);
INSERT INTO recipe_cook(recipe_id, cook_id) VALUES (79, 193);
INSERT INTO recipe_cook(recipe_id, cook_id) VALUES (79, 149);
INSERT INTO recipe_cook(recipe_id, cook_id) VALUES (79, 74);
INSERT INTO recipe_cook(recipe_id, cook_id) VALUES (79, 103);
INSERT INTO recipe_cook(recipe_id, cook_id) VALUES (79, 105);
INSERT INTO recipe_cook(recipe_id, cook_id) VALUES (79, 181);
INSERT INTO recipe_cook(recipe_id, cook_id) VALUES (79, 113);
INSERT INTO recipe_cook(recipe_id, cook_id) VALUES (79, 190);
INSERT INTO recipe_cook(recipe_id, cook_id) VALUES (79, 140);
INSERT INTO recipe_cook(recipe_id, cook_id) VALUES (79, 109);
INSERT INTO recipe_cook(recipe_id, cook_id) VALUES (79, 166);
INSERT INTO recipe_cook(recipe_id, cook_id) VALUES (79, 177);
INSERT INTO recipe_cook(recipe_id, cook_id) VALUES (79, 41);
INSERT INTO recipe_cook(recipe_id, cook_id) VALUES (79, 48);
INSERT INTO recipe_cook(recipe_id, cook_id) VALUES (79, 135);
INSERT INTO recipe_cook(recipe_id, cook_id) VALUES (79, 183);
INSERT INTO recipe_cook(recipe_id, cook_id) VALUES (79, 53);
INSERT INTO recipe_cook(recipe_id, cook_id) VALUES (79, 65);
INSERT INTO recipe_cook(recipe_id, cook_id) VALUES (79, 58);
INSERT INTO recipe_cook(recipe_id, cook_id) VALUES (79, 130);
INSERT INTO recipe_cook(recipe_id, cook_id) VALUES (79, 188);
INSERT INTO recipe_cook(recipe_id, cook_id) VALUES (79, 182);
INSERT INTO recipe_cook(recipe_id, cook_id) VALUES (79, 120);
INSERT INTO recipe_cook(recipe_id, cook_id) VALUES (79, 6);
INSERT INTO recipe_cook(recipe_id, cook_id) VALUES (79, 136);
INSERT INTO recipe_cook(recipe_id, cook_id) VALUES (79, 83);
INSERT INTO recipe_cook(recipe_id, cook_id) VALUES (79, 8);
INSERT INTO recipe_cook(recipe_id, cook_id) VALUES (79, 95);
INSERT INTO recipe_cook(recipe_id, cook_id) VALUES (79, 102);
INSERT INTO recipe_cook(recipe_id, cook_id) VALUES (79, 137);
INSERT INTO recipe_cook(recipe_id, cook_id) VALUES (79, 90);
INSERT INTO recipe_cook(recipe_id, cook_id) VALUES (79, 150);
INSERT INTO recipe_cook(recipe_id, cook_id) VALUES (79, 2);
INSERT INTO recipe_cook(recipe_id, cook_id) VALUES (79, 169);
INSERT INTO recipe_cook(recipe_id, cook_id) VALUES (79, 14);
INSERT INTO recipe_cook(recipe_id, cook_id) VALUES (79, 38);
INSERT INTO recipe_cook(recipe_id, cook_id) VALUES (79, 49);
INSERT INTO recipe_cook(recipe_id, cook_id) VALUES (79, 199);
INSERT INTO recipe_cook(recipe_id, cook_id) VALUES (79, 73);
INSERT INTO recipe_cook(recipe_id, cook_id) VALUES (79, 52);
INSERT INTO recipe_cook(recipe_id, cook_id) VALUES (79, 10);
INSERT INTO recipe_cook(recipe_id, cook_id) VALUES (79, 29);
INSERT INTO recipe_cook(recipe_id, cook_id) VALUES (79, 50);
INSERT INTO recipe_cook(recipe_id, cook_id) VALUES (79, 195);
INSERT INTO recipe_cook(recipe_id, cook_id) VALUES (79, 86);
INSERT INTO recipe_cook(recipe_id, cook_id) VALUES (79, 12);
INSERT INTO recipe_cook(recipe_id, cook_id) VALUES (79, 45);
INSERT INTO recipe_cook(recipe_id, cook_id) VALUES (79, 92);
INSERT INTO recipe_cook(recipe_id, cook_id) VALUES (79, 139);
INSERT INTO recipe_cook(recipe_id, cook_id) VALUES (79, 110);
INSERT INTO recipe_cook(recipe_id, cook_id) VALUES (79, 69);
INSERT INTO recipe_cook(recipe_id, cook_id) VALUES (79, 180);
INSERT INTO recipe_cook(recipe_id, cook_id) VALUES (79, 101);
INSERT INTO recipe_cook(recipe_id, cook_id) VALUES (79, 121);
INSERT INTO recipe_cook(recipe_id, cook_id) VALUES (79, 197);
INSERT INTO recipe_cook(recipe_id, cook_id) VALUES (79, 147);
INSERT INTO recipe_cook(recipe_id, cook_id) VALUES (79, 51);
INSERT INTO recipe_cook(recipe_id, cook_id) VALUES (79, 194);
INSERT INTO recipe_cook(recipe_id, cook_id) VALUES (79, 26);
INSERT INTO recipe_cook(recipe_id, cook_id) VALUES (79, 96);
INSERT INTO recipe_cook(recipe_id, cook_id) VALUES (79, 43);
INSERT INTO recipe_cook(recipe_id, cook_id) VALUES (79, 9);
INSERT INTO recipe_cook(recipe_id, cook_id) VALUES (79, 123);
INSERT INTO recipe_cook(recipe_id, cook_id) VALUES (79, 154);
INSERT INTO recipe_cook(recipe_id, cook_id) VALUES (79, 63);
INSERT INTO recipe_cook(recipe_id, cook_id) VALUES (79, 28);
INSERT INTO recipe_cook(recipe_id, cook_id) VALUES (79, 61);
INSERT INTO recipe_cook(recipe_id, cook_id) VALUES (79, 15);
INSERT INTO recipe_cook(recipe_id, cook_id) VALUES (79, 138);
INSERT INTO recipe_cook(recipe_id, cook_id) VALUES (79, 59);
INSERT INTO recipe_cook(recipe_id, cook_id) VALUES (79, 5);
INSERT INTO recipe_cook(recipe_id, cook_id) VALUES (79, 107);
INSERT INTO recipe_cook(recipe_id, cook_id) VALUES (79, 85);
INSERT INTO recipe_cook(recipe_id, cook_id) VALUES (79, 31);
INSERT INTO recipe_cook(recipe_id, cook_id) VALUES (79, 108);
INSERT INTO recipe_cook(recipe_id, cook_id) VALUES (79, 97);
INSERT INTO recipe_cook(recipe_id, cook_id) VALUES (79, 176);
INSERT INTO recipe_cook(recipe_id, cook_id) VALUES (79, 98);
INSERT INTO recipe_cook(recipe_id, cook_id) VALUES (79, 162);
INSERT INTO recipe_cook(recipe_id, cook_id) VALUES (79, 3);
INSERT INTO recipe_cook(recipe_id, cook_id) VALUES (79, 39);
INSERT INTO recipe_cook(recipe_id, cook_id) VALUES (79, 178);
INSERT INTO recipe_cook(recipe_id, cook_id) VALUES (79, 171);
INSERT INTO recipe_cook(recipe_id, cook_id) VALUES (79, 163);
INSERT INTO recipe_cook(recipe_id, cook_id) VALUES (79, 155);
INSERT INTO recipe_cook(recipe_id, cook_id) VALUES (79, 70);
INSERT INTO recipe_cook(recipe_id, cook_id) VALUES (79, 173);
INSERT INTO recipe_cook(recipe_id, cook_id) VALUES (79, 127);
INSERT INTO recipe_cook(recipe_id, cook_id) VALUES (79, 153);
INSERT INTO recipe_cook(recipe_id, cook_id) VALUES (79, 124);
INSERT INTO recipe_cook(recipe_id, cook_id) VALUES (79, 132);
INSERT INTO recipe_cook(recipe_id, cook_id) VALUES (79, 104);
INSERT INTO recipe_cook(recipe_id, cook_id) VALUES (79, 172);
INSERT INTO recipe_cook(recipe_id, cook_id) VALUES (79, 151);
INSERT INTO recipe_cook(recipe_id, cook_id) VALUES (79, 17);
INSERT INTO recipe_cook(recipe_id, cook_id) VALUES (79, 131);
INSERT INTO recipe_cook(recipe_id, cook_id) VALUES (79, 112);
INSERT INTO recipe_cook(recipe_id, cook_id) VALUES (79, 71);
INSERT INTO recipe_cook(recipe_id, cook_id) VALUES (79, 143);
INSERT INTO recipe_cook(recipe_id, cook_id) VALUES (79, 152);
INSERT INTO recipe_cook(recipe_id, cook_id) VALUES (79, 77);
INSERT INTO recipe_cook(recipe_id, cook_id) VALUES (79, 55);
INSERT INTO recipe_cook(recipe_id, cook_id) VALUES (79, 64);
INSERT INTO recipe_cook(recipe_id, cook_id) VALUES (79, 158);
INSERT INTO recipe_cook(recipe_id, cook_id) VALUES (79, 179);
INSERT INTO recipe_cook(recipe_id, cook_id) VALUES (79, 144);
INSERT INTO recipe_cook(recipe_id, cook_id) VALUES (79, 84);
INSERT INTO recipe_cook(recipe_id, cook_id) VALUES (79, 7);
INSERT INTO recipe_cook(recipe_id, cook_id) VALUES (79, 22);
INSERT INTO recipe_cook(recipe_id, cook_id) VALUES (79, 187);
INSERT INTO recipe_themes(recipe_id, theme_id) VALUES (79, 4);
INSERT INTO recipe_tip(recipe_id, tip_id) VALUES (79, 28);

INSERT INTO recipe(baking, cuisine_id, difficulty, recipe_title, recipe_description, prep_time, cook_time, portions, fat_portion, protein_portion, carbs_portion, picture_uri, picture_description) VALUES(1, 35, 2,'Vegetable Stir-Fry', 'Same certain imagine. Help out modern citizen address today begin. Both little work task. Key tax speak a live tonight either.', 125, 60, 3, 55, 45,60, 'https://placekitten.com/661/748', 'Local see system cultural.');
INSERT INTO recipe_meal_type(recipe_id, meal_type_id) VALUES (80, 2);
INSERT INTO recipe_tag(recipe_id, tag_id) VALUES (80, 72);
INSERT INTO recipe_equipment(recipe_id, equipment_id, num) VALUES (80, 7, 4);
INSERT INTO recipe_equipment(recipe_id, equipment_id, num) VALUES (80, 3, 2);
INSERT INTO recipe_equipment(recipe_id, equipment_id, num) VALUES (80, 5, 4);
INSERT INTO recipe_equipment(recipe_id, equipment_id, num) VALUES (80, 11, 2);
INSERT INTO recipe_equipment(recipe_id, equipment_id, num) VALUES (80, 17, 4);
INSERT INTO recipe_equipment(recipe_id, equipment_id, num) VALUES (80, 1, 1);
INSERT INTO recipe_equipment(recipe_id, equipment_id, num) VALUES (80, 19, 4);
INSERT INTO recipe_cook(recipe_id, cook_id) VALUES (80, 38);
INSERT INTO recipe_cook(recipe_id, cook_id) VALUES (80, 128);
INSERT INTO recipe_cook(recipe_id, cook_id) VALUES (80, 82);
INSERT INTO recipe_cook(recipe_id, cook_id) VALUES (80, 30);
INSERT INTO recipe_cook(recipe_id, cook_id) VALUES (80, 173);
INSERT INTO recipe_cook(recipe_id, cook_id) VALUES (80, 105);
INSERT INTO recipe_cook(recipe_id, cook_id) VALUES (80, 68);
INSERT INTO recipe_cook(recipe_id, cook_id) VALUES (80, 134);
INSERT INTO recipe_cook(recipe_id, cook_id) VALUES (80, 185);
INSERT INTO recipe_cook(recipe_id, cook_id) VALUES (80, 1);
INSERT INTO recipe_cook(recipe_id, cook_id) VALUES (80, 116);
INSERT INTO recipe_cook(recipe_id, cook_id) VALUES (80, 33);
INSERT INTO recipe_cook(recipe_id, cook_id) VALUES (80, 163);
INSERT INTO recipe_cook(recipe_id, cook_id) VALUES (80, 190);
INSERT INTO recipe_cook(recipe_id, cook_id) VALUES (80, 164);
INSERT INTO recipe_cook(recipe_id, cook_id) VALUES (80, 149);
INSERT INTO recipe_cook(recipe_id, cook_id) VALUES (80, 25);
INSERT INTO recipe_cook(recipe_id, cook_id) VALUES (80, 10);
INSERT INTO recipe_cook(recipe_id, cook_id) VALUES (80, 56);
INSERT INTO recipe_cook(recipe_id, cook_id) VALUES (80, 49);
INSERT INTO recipe_cook(recipe_id, cook_id) VALUES (80, 108);
INSERT INTO recipe_cook(recipe_id, cook_id) VALUES (80, 179);
INSERT INTO recipe_cook(recipe_id, cook_id) VALUES (80, 140);
INSERT INTO recipe_cook(recipe_id, cook_id) VALUES (80, 43);
INSERT INTO recipe_cook(recipe_id, cook_id) VALUES (80, 154);
INSERT INTO recipe_cook(recipe_id, cook_id) VALUES (80, 97);
INSERT INTO recipe_cook(recipe_id, cook_id) VALUES (80, 182);
INSERT INTO recipe_cook(recipe_id, cook_id) VALUES (80, 90);
INSERT INTO recipe_cook(recipe_id, cook_id) VALUES (80, 54);
INSERT INTO recipe_cook(recipe_id, cook_id) VALUES (80, 181);
INSERT INTO recipe_cook(recipe_id, cook_id) VALUES (80, 148);
INSERT INTO recipe_cook(recipe_id, cook_id) VALUES (80, 4);
INSERT INTO recipe_cook(recipe_id, cook_id) VALUES (80, 95);
INSERT INTO recipe_cook(recipe_id, cook_id) VALUES (80, 94);
INSERT INTO recipe_cook(recipe_id, cook_id) VALUES (80, 5);
INSERT INTO recipe_cook(recipe_id, cook_id) VALUES (80, 78);
INSERT INTO recipe_cook(recipe_id, cook_id) VALUES (80, 79);
INSERT INTO recipe_cook(recipe_id, cook_id) VALUES (80, 129);
INSERT INTO recipe_cook(recipe_id, cook_id) VALUES (80, 32);
INSERT INTO recipe_cook(recipe_id, cook_id) VALUES (80, 199);
INSERT INTO recipe_cook(recipe_id, cook_id) VALUES (80, 117);
INSERT INTO recipe_cook(recipe_id, cook_id) VALUES (80, 106);
INSERT INTO recipe_cook(recipe_id, cook_id) VALUES (80, 159);
INSERT INTO recipe_cook(recipe_id, cook_id) VALUES (80, 91);
INSERT INTO recipe_cook(recipe_id, cook_id) VALUES (80, 157);
INSERT INTO recipe_cook(recipe_id, cook_id) VALUES (80, 139);
INSERT INTO recipe_cook(recipe_id, cook_id) VALUES (80, 110);
INSERT INTO recipe_cook(recipe_id, cook_id) VALUES (80, 193);
INSERT INTO recipe_cook(recipe_id, cook_id) VALUES (80, 86);
INSERT INTO recipe_cook(recipe_id, cook_id) VALUES (80, 197);
INSERT INTO recipe_cook(recipe_id, cook_id) VALUES (80, 46);
INSERT INTO recipe_cook(recipe_id, cook_id) VALUES (80, 118);
INSERT INTO recipe_cook(recipe_id, cook_id) VALUES (80, 176);
INSERT INTO recipe_cook(recipe_id, cook_id) VALUES (80, 96);
INSERT INTO recipe_cook(recipe_id, cook_id) VALUES (80, 150);
INSERT INTO recipe_cook(recipe_id, cook_id) VALUES (80, 142);
INSERT INTO recipe_cook(recipe_id, cook_id) VALUES (80, 42);
INSERT INTO recipe_cook(recipe_id, cook_id) VALUES (80, 155);
INSERT INTO recipe_cook(recipe_id, cook_id) VALUES (80, 112);
INSERT INTO recipe_cook(recipe_id, cook_id) VALUES (80, 98);
INSERT INTO recipe_cook(recipe_id, cook_id) VALUES (80, 73);
INSERT INTO recipe_cook(recipe_id, cook_id) VALUES (80, 145);
INSERT INTO recipe_cook(recipe_id, cook_id) VALUES (80, 178);
INSERT INTO recipe_cook(recipe_id, cook_id) VALUES (80, 26);
INSERT INTO recipe_cook(recipe_id, cook_id) VALUES (80, 23);
INSERT INTO recipe_cook(recipe_id, cook_id) VALUES (80, 27);
INSERT INTO recipe_cook(recipe_id, cook_id) VALUES (80, 136);
INSERT INTO recipe_cook(recipe_id, cook_id) VALUES (80, 166);
INSERT INTO recipe_cook(recipe_id, cook_id) VALUES (80, 158);
INSERT INTO recipe_cook(recipe_id, cook_id) VALUES (80, 135);
INSERT INTO recipe_cook(recipe_id, cook_id) VALUES (80, 161);
INSERT INTO recipe_cook(recipe_id, cook_id) VALUES (80, 137);
INSERT INTO recipe_cook(recipe_id, cook_id) VALUES (80, 114);
INSERT INTO recipe_cook(recipe_id, cook_id) VALUES (80, 65);
INSERT INTO recipe_cook(recipe_id, cook_id) VALUES (80, 75);
INSERT INTO recipe_cook(recipe_id, cook_id) VALUES (80, 104);
INSERT INTO recipe_cook(recipe_id, cook_id) VALUES (80, 133);
INSERT INTO recipe_cook(recipe_id, cook_id) VALUES (80, 152);
INSERT INTO recipe_cook(recipe_id, cook_id) VALUES (80, 200);
INSERT INTO recipe_cook(recipe_id, cook_id) VALUES (80, 170);
INSERT INTO recipe_cook(recipe_id, cook_id) VALUES (80, 172);
INSERT INTO recipe_cook(recipe_id, cook_id) VALUES (80, 28);
INSERT INTO recipe_cook(recipe_id, cook_id) VALUES (80, 29);
INSERT INTO recipe_cook(recipe_id, cook_id) VALUES (80, 100);
INSERT INTO recipe_cook(recipe_id, cook_id) VALUES (80, 59);
INSERT INTO recipe_cook(recipe_id, cook_id) VALUES (80, 71);
INSERT INTO recipe_cook(recipe_id, cook_id) VALUES (80, 171);
INSERT INTO recipe_cook(recipe_id, cook_id) VALUES (80, 15);
INSERT INTO recipe_cook(recipe_id, cook_id) VALUES (80, 188);
INSERT INTO recipe_cook(recipe_id, cook_id) VALUES (80, 121);
INSERT INTO recipe_cook(recipe_id, cook_id) VALUES (80, 61);
INSERT INTO recipe_cook(recipe_id, cook_id) VALUES (80, 16);
INSERT INTO recipe_cook(recipe_id, cook_id) VALUES (80, 45);
INSERT INTO recipe_cook(recipe_id, cook_id) VALUES (80, 102);
INSERT INTO recipe_cook(recipe_id, cook_id) VALUES (80, 60);
INSERT INTO recipe_cook(recipe_id, cook_id) VALUES (80, 53);
INSERT INTO recipe_cook(recipe_id, cook_id) VALUES (80, 83);
INSERT INTO recipe_cook(recipe_id, cook_id) VALUES (80, 156);
INSERT INTO recipe_cook(recipe_id, cook_id) VALUES (80, 101);
INSERT INTO recipe_cook(recipe_id, cook_id) VALUES (80, 168);
INSERT INTO recipe_cook(recipe_id, cook_id) VALUES (80, 51);
INSERT INTO recipe_cook(recipe_id, cook_id) VALUES (80, 191);
INSERT INTO recipe_cook(recipe_id, cook_id) VALUES (80, 48);
INSERT INTO recipe_cook(recipe_id, cook_id) VALUES (80, 192);
INSERT INTO recipe_cook(recipe_id, cook_id) VALUES (80, 127);
INSERT INTO recipe_cook(recipe_id, cook_id) VALUES (80, 37);
INSERT INTO recipe_cook(recipe_id, cook_id) VALUES (80, 35);
INSERT INTO recipe_cook(recipe_id, cook_id) VALUES (80, 85);
INSERT INTO recipe_cook(recipe_id, cook_id) VALUES (80, 34);
INSERT INTO recipe_cook(recipe_id, cook_id) VALUES (80, 40);
INSERT INTO recipe_cook(recipe_id, cook_id) VALUES (80, 120);
INSERT INTO recipe_cook(recipe_id, cook_id) VALUES (80, 87);
INSERT INTO recipe_cook(recipe_id, cook_id) VALUES (80, 31);
INSERT INTO recipe_cook(recipe_id, cook_id) VALUES (80, 99);
INSERT INTO recipe_cook(recipe_id, cook_id) VALUES (80, 196);
INSERT INTO recipe_cook(recipe_id, cook_id) VALUES (80, 124);
INSERT INTO recipe_cook(recipe_id, cook_id) VALUES (80, 2);
INSERT INTO recipe_cook(recipe_id, cook_id) VALUES (80, 169);
INSERT INTO recipe_themes(recipe_id, theme_id) VALUES (80, 24);
INSERT INTO recipe_tip(recipe_id, tip_id) VALUES (80, 39);
INSERT INTO recipe_tip(recipe_id, tip_id) VALUES (80, 21);
INSERT INTO recipe_tip(recipe_id, tip_id) VALUES (80, 22);

INSERT INTO recipe(baking, cuisine_id, difficulty, recipe_title, recipe_description, prep_time, cook_time, portions, fat_portion, protein_portion, carbs_portion, picture_uri, picture_description) VALUES(0, 41, 4,'Vegetarian Chili', 'South central process sea. Executive past economic economy role feeling. Property mind officer third service capital instead. Often various alone town. Place some woman add play structure.', 125, 20, 4, 25, 40,25, 'https://dummyimage.com/487x331', 'Activity lose tax could thank wife.');
INSERT INTO recipe_meal_type(recipe_id, meal_type_id) VALUES (81, 3);
INSERT INTO recipe_tag(recipe_id, tag_id) VALUES (81, 30);
INSERT INTO recipe_tag(recipe_id, tag_id) VALUES (81, 13);
INSERT INTO recipe_tag(recipe_id, tag_id) VALUES (81, 91);
INSERT INTO recipe_tag(recipe_id, tag_id) VALUES (81, 17);
INSERT INTO recipe_tag(recipe_id, tag_id) VALUES (81, 65);
INSERT INTO recipe_tag(recipe_id, tag_id) VALUES (81, 16);
INSERT INTO recipe_tag(recipe_id, tag_id) VALUES (81, 81);
INSERT INTO recipe_equipment(recipe_id, equipment_id, num) VALUES (81, 13, 1);
INSERT INTO recipe_equipment(recipe_id, equipment_id, num) VALUES (81, 9, 3);
INSERT INTO recipe_equipment(recipe_id, equipment_id, num) VALUES (81, 18, 1);
INSERT INTO recipe_equipment(recipe_id, equipment_id, num) VALUES (81, 6, 2);
INSERT INTO recipe_equipment(recipe_id, equipment_id, num) VALUES (81, 11, 1);
INSERT INTO recipe_equipment(recipe_id, equipment_id, num) VALUES (81, 4, 1);
INSERT INTO recipe_equipment(recipe_id, equipment_id, num) VALUES (81, 2, 1);
INSERT INTO recipe_cook(recipe_id, cook_id) VALUES (81, 7);
INSERT INTO recipe_cook(recipe_id, cook_id) VALUES (81, 112);
INSERT INTO recipe_cook(recipe_id, cook_id) VALUES (81, 3);
INSERT INTO recipe_cook(recipe_id, cook_id) VALUES (81, 161);
INSERT INTO recipe_cook(recipe_id, cook_id) VALUES (81, 152);
INSERT INTO recipe_cook(recipe_id, cook_id) VALUES (81, 40);
INSERT INTO recipe_cook(recipe_id, cook_id) VALUES (81, 8);
INSERT INTO recipe_cook(recipe_id, cook_id) VALUES (81, 159);
INSERT INTO recipe_cook(recipe_id, cook_id) VALUES (81, 182);
INSERT INTO recipe_cook(recipe_id, cook_id) VALUES (81, 140);
INSERT INTO recipe_cook(recipe_id, cook_id) VALUES (81, 21);
INSERT INTO recipe_cook(recipe_id, cook_id) VALUES (81, 147);
INSERT INTO recipe_cook(recipe_id, cook_id) VALUES (81, 98);
INSERT INTO recipe_cook(recipe_id, cook_id) VALUES (81, 200);
INSERT INTO recipe_cook(recipe_id, cook_id) VALUES (81, 34);
INSERT INTO recipe_cook(recipe_id, cook_id) VALUES (81, 117);
INSERT INTO recipe_cook(recipe_id, cook_id) VALUES (81, 163);
INSERT INTO recipe_cook(recipe_id, cook_id) VALUES (81, 162);
INSERT INTO recipe_cook(recipe_id, cook_id) VALUES (81, 92);
INSERT INTO recipe_cook(recipe_id, cook_id) VALUES (81, 48);
INSERT INTO recipe_cook(recipe_id, cook_id) VALUES (81, 62);
INSERT INTO recipe_cook(recipe_id, cook_id) VALUES (81, 168);
INSERT INTO recipe_cook(recipe_id, cook_id) VALUES (81, 57);
INSERT INTO recipe_cook(recipe_id, cook_id) VALUES (81, 77);
INSERT INTO recipe_themes(recipe_id, theme_id) VALUES (81, 35);
INSERT INTO recipe_tip(recipe_id, tip_id) VALUES (81, 25);

INSERT INTO recipe(baking, cuisine_id, difficulty, recipe_title, recipe_description, prep_time, cook_time, portions, fat_portion, protein_portion, carbs_portion, picture_uri, picture_description) VALUES(1, 39, 1,'Apple Pie', 'Law enjoy key seat pretty. Under front throughout effort southern maintain nature. Property garden mind as. Interview agent myself behind window store.', 25, 20, 3, 20, 10,10, 'https://picsum.photos/246/605', 'Film job worker bar term measure.');
INSERT INTO recipe_meal_type(recipe_id, meal_type_id) VALUES (82, 2);
INSERT INTO recipe_tag(recipe_id, tag_id) VALUES (82, 64);
INSERT INTO recipe_tag(recipe_id, tag_id) VALUES (82, 47);
INSERT INTO recipe_equipment(recipe_id, equipment_id, num) VALUES (82, 13, 3);
INSERT INTO recipe_equipment(recipe_id, equipment_id, num) VALUES (82, 4, 4);
INSERT INTO recipe_equipment(recipe_id, equipment_id, num) VALUES (82, 16, 2);
INSERT INTO recipe_equipment(recipe_id, equipment_id, num) VALUES (82, 1, 3);
INSERT INTO recipe_cook(recipe_id, cook_id) VALUES (82, 19);
INSERT INTO recipe_cook(recipe_id, cook_id) VALUES (82, 125);
INSERT INTO recipe_cook(recipe_id, cook_id) VALUES (82, 161);
INSERT INTO recipe_cook(recipe_id, cook_id) VALUES (82, 20);
INSERT INTO recipe_cook(recipe_id, cook_id) VALUES (82, 54);
INSERT INTO recipe_cook(recipe_id, cook_id) VALUES (82, 176);
INSERT INTO recipe_cook(recipe_id, cook_id) VALUES (82, 108);
INSERT INTO recipe_cook(recipe_id, cook_id) VALUES (82, 97);
INSERT INTO recipe_cook(recipe_id, cook_id) VALUES (82, 81);
INSERT INTO recipe_cook(recipe_id, cook_id) VALUES (82, 163);
INSERT INTO recipe_cook(recipe_id, cook_id) VALUES (82, 116);
INSERT INTO recipe_cook(recipe_id, cook_id) VALUES (82, 42);
INSERT INTO recipe_cook(recipe_id, cook_id) VALUES (82, 47);
INSERT INTO recipe_cook(recipe_id, cook_id) VALUES (82, 77);
INSERT INTO recipe_cook(recipe_id, cook_id) VALUES (82, 3);
INSERT INTO recipe_cook(recipe_id, cook_id) VALUES (82, 46);
INSERT INTO recipe_cook(recipe_id, cook_id) VALUES (82, 169);
INSERT INTO recipe_cook(recipe_id, cook_id) VALUES (82, 146);
INSERT INTO recipe_cook(recipe_id, cook_id) VALUES (82, 162);
INSERT INTO recipe_cook(recipe_id, cook_id) VALUES (82, 156);
INSERT INTO recipe_cook(recipe_id, cook_id) VALUES (82, 9);
INSERT INTO recipe_cook(recipe_id, cook_id) VALUES (82, 31);
INSERT INTO recipe_cook(recipe_id, cook_id) VALUES (82, 88);
INSERT INTO recipe_cook(recipe_id, cook_id) VALUES (82, 89);
INSERT INTO recipe_cook(recipe_id, cook_id) VALUES (82, 124);
INSERT INTO recipe_cook(recipe_id, cook_id) VALUES (82, 158);
INSERT INTO recipe_cook(recipe_id, cook_id) VALUES (82, 154);
INSERT INTO recipe_cook(recipe_id, cook_id) VALUES (82, 140);
INSERT INTO recipe_cook(recipe_id, cook_id) VALUES (82, 2);
INSERT INTO recipe_cook(recipe_id, cook_id) VALUES (82, 41);
INSERT INTO recipe_cook(recipe_id, cook_id) VALUES (82, 134);
INSERT INTO recipe_cook(recipe_id, cook_id) VALUES (82, 66);
INSERT INTO recipe_cook(recipe_id, cook_id) VALUES (82, 32);
INSERT INTO recipe_cook(recipe_id, cook_id) VALUES (82, 50);
INSERT INTO recipe_cook(recipe_id, cook_id) VALUES (82, 181);
INSERT INTO recipe_cook(recipe_id, cook_id) VALUES (82, 8);
INSERT INTO recipe_cook(recipe_id, cook_id) VALUES (82, 138);
INSERT INTO recipe_cook(recipe_id, cook_id) VALUES (82, 6);
INSERT INTO recipe_cook(recipe_id, cook_id) VALUES (82, 133);
INSERT INTO recipe_cook(recipe_id, cook_id) VALUES (82, 132);
INSERT INTO recipe_cook(recipe_id, cook_id) VALUES (82, 40);
INSERT INTO recipe_cook(recipe_id, cook_id) VALUES (82, 56);
INSERT INTO recipe_cook(recipe_id, cook_id) VALUES (82, 94);
INSERT INTO recipe_cook(recipe_id, cook_id) VALUES (82, 30);
INSERT INTO recipe_cook(recipe_id, cook_id) VALUES (82, 159);
INSERT INTO recipe_cook(recipe_id, cook_id) VALUES (82, 165);
INSERT INTO recipe_cook(recipe_id, cook_id) VALUES (82, 84);
INSERT INTO recipe_cook(recipe_id, cook_id) VALUES (82, 36);
INSERT INTO recipe_cook(recipe_id, cook_id) VALUES (82, 57);
INSERT INTO recipe_cook(recipe_id, cook_id) VALUES (82, 22);
INSERT INTO recipe_cook(recipe_id, cook_id) VALUES (82, 33);
INSERT INTO recipe_cook(recipe_id, cook_id) VALUES (82, 69);
INSERT INTO recipe_cook(recipe_id, cook_id) VALUES (82, 71);
INSERT INTO recipe_cook(recipe_id, cook_id) VALUES (82, 195);
INSERT INTO recipe_cook(recipe_id, cook_id) VALUES (82, 52);
INSERT INTO recipe_cook(recipe_id, cook_id) VALUES (82, 24);
INSERT INTO recipe_cook(recipe_id, cook_id) VALUES (82, 90);
INSERT INTO recipe_cook(recipe_id, cook_id) VALUES (82, 142);
INSERT INTO recipe_cook(recipe_id, cook_id) VALUES (82, 76);
INSERT INTO recipe_cook(recipe_id, cook_id) VALUES (82, 120);
INSERT INTO recipe_cook(recipe_id, cook_id) VALUES (82, 127);
INSERT INTO recipe_cook(recipe_id, cook_id) VALUES (82, 112);
INSERT INTO recipe_cook(recipe_id, cook_id) VALUES (82, 198);
INSERT INTO recipe_cook(recipe_id, cook_id) VALUES (82, 103);
INSERT INTO recipe_cook(recipe_id, cook_id) VALUES (82, 167);
INSERT INTO recipe_cook(recipe_id, cook_id) VALUES (82, 65);
INSERT INTO recipe_cook(recipe_id, cook_id) VALUES (82, 45);
INSERT INTO recipe_cook(recipe_id, cook_id) VALUES (82, 51);
INSERT INTO recipe_cook(recipe_id, cook_id) VALUES (82, 72);
INSERT INTO recipe_cook(recipe_id, cook_id) VALUES (82, 101);
INSERT INTO recipe_cook(recipe_id, cook_id) VALUES (82, 27);
INSERT INTO recipe_cook(recipe_id, cook_id) VALUES (82, 80);
INSERT INTO recipe_cook(recipe_id, cook_id) VALUES (82, 43);
INSERT INTO recipe_cook(recipe_id, cook_id) VALUES (82, 102);
INSERT INTO recipe_cook(recipe_id, cook_id) VALUES (82, 130);
INSERT INTO recipe_cook(recipe_id, cook_id) VALUES (82, 123);
INSERT INTO recipe_cook(recipe_id, cook_id) VALUES (82, 93);
INSERT INTO recipe_cook(recipe_id, cook_id) VALUES (82, 63);
INSERT INTO recipe_cook(recipe_id, cook_id) VALUES (82, 166);
INSERT INTO recipe_cook(recipe_id, cook_id) VALUES (82, 114);
INSERT INTO recipe_cook(recipe_id, cook_id) VALUES (82, 58);
INSERT INTO recipe_cook(recipe_id, cook_id) VALUES (82, 55);
INSERT INTO recipe_cook(recipe_id, cook_id) VALUES (82, 187);
INSERT INTO recipe_cook(recipe_id, cook_id) VALUES (82, 96);
INSERT INTO recipe_cook(recipe_id, cook_id) VALUES (82, 35);
INSERT INTO recipe_cook(recipe_id, cook_id) VALUES (82, 105);
INSERT INTO recipe_cook(recipe_id, cook_id) VALUES (82, 171);
INSERT INTO recipe_cook(recipe_id, cook_id) VALUES (82, 129);
INSERT INTO recipe_cook(recipe_id, cook_id) VALUES (82, 14);
INSERT INTO recipe_cook(recipe_id, cook_id) VALUES (82, 78);
INSERT INTO recipe_cook(recipe_id, cook_id) VALUES (82, 136);
INSERT INTO recipe_cook(recipe_id, cook_id) VALUES (82, 119);
INSERT INTO recipe_cook(recipe_id, cook_id) VALUES (82, 26);
INSERT INTO recipe_cook(recipe_id, cook_id) VALUES (82, 73);
INSERT INTO recipe_cook(recipe_id, cook_id) VALUES (82, 185);
INSERT INTO recipe_cook(recipe_id, cook_id) VALUES (82, 48);
INSERT INTO recipe_cook(recipe_id, cook_id) VALUES (82, 192);
INSERT INTO recipe_cook(recipe_id, cook_id) VALUES (82, 180);
INSERT INTO recipe_cook(recipe_id, cook_id) VALUES (82, 141);
INSERT INTO recipe_cook(recipe_id, cook_id) VALUES (82, 151);
INSERT INTO recipe_cook(recipe_id, cook_id) VALUES (82, 5);
INSERT INTO recipe_cook(recipe_id, cook_id) VALUES (82, 184);
INSERT INTO recipe_cook(recipe_id, cook_id) VALUES (82, 150);
INSERT INTO recipe_cook(recipe_id, cook_id) VALUES (82, 143);
INSERT INTO recipe_cook(recipe_id, cook_id) VALUES (82, 53);
INSERT INTO recipe_cook(recipe_id, cook_id) VALUES (82, 38);
INSERT INTO recipe_themes(recipe_id, theme_id) VALUES (82, 34);
INSERT INTO recipe_themes(recipe_id, theme_id) VALUES (82, 23);
INSERT INTO recipe_themes(recipe_id, theme_id) VALUES (82, 26);
INSERT INTO recipe_tip(recipe_id, tip_id) VALUES (82, 8);

INSERT INTO recipe(baking, cuisine_id, difficulty, recipe_title, recipe_description, prep_time, cook_time, portions, fat_portion, protein_portion, carbs_portion, picture_uri, picture_description) VALUES(0, 5, 2,'Brownies', 'Center quite simply cup seat. Over charge teacher modern song guy discover. Coach city quite play teacher difficult us. Must western interest dark. Where we fast.', 115, 50, 3, 10, 60,50, 'https://dummyimage.com/862x975', 'Carry visit a edge new find.');
INSERT INTO recipe_meal_type(recipe_id, meal_type_id) VALUES (83, 1);
INSERT INTO recipe_tag(recipe_id, tag_id) VALUES (83, 2);
INSERT INTO recipe_tag(recipe_id, tag_id) VALUES (83, 41);
INSERT INTO recipe_equipment(recipe_id, equipment_id, num) VALUES (83, 11, 2);
INSERT INTO recipe_equipment(recipe_id, equipment_id, num) VALUES (83, 7, 4);
INSERT INTO recipe_equipment(recipe_id, equipment_id, num) VALUES (83, 15, 4);
INSERT INTO recipe_cook(recipe_id, cook_id) VALUES (83, 83);
INSERT INTO recipe_cook(recipe_id, cook_id) VALUES (83, 60);
INSERT INTO recipe_cook(recipe_id, cook_id) VALUES (83, 144);
INSERT INTO recipe_cook(recipe_id, cook_id) VALUES (83, 17);
INSERT INTO recipe_cook(recipe_id, cook_id) VALUES (83, 99);
INSERT INTO recipe_cook(recipe_id, cook_id) VALUES (83, 73);
INSERT INTO recipe_cook(recipe_id, cook_id) VALUES (83, 155);
INSERT INTO recipe_cook(recipe_id, cook_id) VALUES (83, 55);
INSERT INTO recipe_cook(recipe_id, cook_id) VALUES (83, 135);
INSERT INTO recipe_cook(recipe_id, cook_id) VALUES (83, 56);
INSERT INTO recipe_cook(recipe_id, cook_id) VALUES (83, 27);
INSERT INTO recipe_cook(recipe_id, cook_id) VALUES (83, 198);
INSERT INTO recipe_cook(recipe_id, cook_id) VALUES (83, 72);
INSERT INTO recipe_cook(recipe_id, cook_id) VALUES (83, 184);
INSERT INTO recipe_cook(recipe_id, cook_id) VALUES (83, 156);
INSERT INTO recipe_cook(recipe_id, cook_id) VALUES (83, 172);
INSERT INTO recipe_cook(recipe_id, cook_id) VALUES (83, 20);
INSERT INTO recipe_cook(recipe_id, cook_id) VALUES (83, 147);
INSERT INTO recipe_cook(recipe_id, cook_id) VALUES (83, 166);
INSERT INTO recipe_cook(recipe_id, cook_id) VALUES (83, 108);
INSERT INTO recipe_cook(recipe_id, cook_id) VALUES (83, 175);
INSERT INTO recipe_cook(recipe_id, cook_id) VALUES (83, 112);
INSERT INTO recipe_cook(recipe_id, cook_id) VALUES (83, 82);
INSERT INTO recipe_cook(recipe_id, cook_id) VALUES (83, 178);
INSERT INTO recipe_cook(recipe_id, cook_id) VALUES (83, 51);
INSERT INTO recipe_cook(recipe_id, cook_id) VALUES (83, 176);
INSERT INTO recipe_cook(recipe_id, cook_id) VALUES (83, 13);
INSERT INTO recipe_cook(recipe_id, cook_id) VALUES (83, 127);
INSERT INTO recipe_cook(recipe_id, cook_id) VALUES (83, 128);
INSERT INTO recipe_cook(recipe_id, cook_id) VALUES (83, 12);
INSERT INTO recipe_cook(recipe_id, cook_id) VALUES (83, 71);
INSERT INTO recipe_cook(recipe_id, cook_id) VALUES (83, 181);
INSERT INTO recipe_cook(recipe_id, cook_id) VALUES (83, 31);
INSERT INTO recipe_cook(recipe_id, cook_id) VALUES (83, 32);
INSERT INTO recipe_cook(recipe_id, cook_id) VALUES (83, 116);
INSERT INTO recipe_cook(recipe_id, cook_id) VALUES (83, 44);
INSERT INTO recipe_cook(recipe_id, cook_id) VALUES (83, 154);
INSERT INTO recipe_cook(recipe_id, cook_id) VALUES (83, 84);
INSERT INTO recipe_cook(recipe_id, cook_id) VALUES (83, 152);
INSERT INTO recipe_cook(recipe_id, cook_id) VALUES (83, 196);
INSERT INTO recipe_cook(recipe_id, cook_id) VALUES (83, 61);
INSERT INTO recipe_cook(recipe_id, cook_id) VALUES (83, 148);
INSERT INTO recipe_cook(recipe_id, cook_id) VALUES (83, 6);
INSERT INTO recipe_cook(recipe_id, cook_id) VALUES (83, 195);
INSERT INTO recipe_cook(recipe_id, cook_id) VALUES (83, 5);
INSERT INTO recipe_cook(recipe_id, cook_id) VALUES (83, 159);
INSERT INTO recipe_cook(recipe_id, cook_id) VALUES (83, 2);
INSERT INTO recipe_cook(recipe_id, cook_id) VALUES (83, 119);
INSERT INTO recipe_cook(recipe_id, cook_id) VALUES (83, 157);
INSERT INTO recipe_cook(recipe_id, cook_id) VALUES (83, 34);
INSERT INTO recipe_cook(recipe_id, cook_id) VALUES (83, 104);
INSERT INTO recipe_cook(recipe_id, cook_id) VALUES (83, 10);
INSERT INTO recipe_cook(recipe_id, cook_id) VALUES (83, 137);
INSERT INTO recipe_cook(recipe_id, cook_id) VALUES (83, 136);
INSERT INTO recipe_cook(recipe_id, cook_id) VALUES (83, 11);
INSERT INTO recipe_cook(recipe_id, cook_id) VALUES (83, 87);
INSERT INTO recipe_cook(recipe_id, cook_id) VALUES (83, 186);
INSERT INTO recipe_cook(recipe_id, cook_id) VALUES (83, 18);
INSERT INTO recipe_cook(recipe_id, cook_id) VALUES (83, 121);
INSERT INTO recipe_cook(recipe_id, cook_id) VALUES (83, 25);
INSERT INTO recipe_cook(recipe_id, cook_id) VALUES (83, 107);
INSERT INTO recipe_cook(recipe_id, cook_id) VALUES (83, 78);
INSERT INTO recipe_cook(recipe_id, cook_id) VALUES (83, 170);
INSERT INTO recipe_cook(recipe_id, cook_id) VALUES (83, 177);
INSERT INTO recipe_cook(recipe_id, cook_id) VALUES (83, 89);
INSERT INTO recipe_cook(recipe_id, cook_id) VALUES (83, 103);
INSERT INTO recipe_cook(recipe_id, cook_id) VALUES (83, 21);
INSERT INTO recipe_cook(recipe_id, cook_id) VALUES (83, 81);
INSERT INTO recipe_cook(recipe_id, cook_id) VALUES (83, 173);
INSERT INTO recipe_cook(recipe_id, cook_id) VALUES (83, 174);
INSERT INTO recipe_cook(recipe_id, cook_id) VALUES (83, 101);
INSERT INTO recipe_cook(recipe_id, cook_id) VALUES (83, 77);
INSERT INTO recipe_cook(recipe_id, cook_id) VALUES (83, 117);
INSERT INTO recipe_cook(recipe_id, cook_id) VALUES (83, 64);
INSERT INTO recipe_cook(recipe_id, cook_id) VALUES (83, 109);
INSERT INTO recipe_cook(recipe_id, cook_id) VALUES (83, 200);
INSERT INTO recipe_cook(recipe_id, cook_id) VALUES (83, 124);
INSERT INTO recipe_cook(recipe_id, cook_id) VALUES (83, 185);
INSERT INTO recipe_cook(recipe_id, cook_id) VALUES (83, 16);
INSERT INTO recipe_cook(recipe_id, cook_id) VALUES (83, 169);
INSERT INTO recipe_cook(recipe_id, cook_id) VALUES (83, 48);
INSERT INTO recipe_cook(recipe_id, cook_id) VALUES (83, 80);
INSERT INTO recipe_cook(recipe_id, cook_id) VALUES (83, 14);
INSERT INTO recipe_cook(recipe_id, cook_id) VALUES (83, 4);
INSERT INTO recipe_cook(recipe_id, cook_id) VALUES (83, 29);
INSERT INTO recipe_cook(recipe_id, cook_id) VALUES (83, 7);
INSERT INTO recipe_cook(recipe_id, cook_id) VALUES (83, 106);
INSERT INTO recipe_cook(recipe_id, cook_id) VALUES (83, 164);
INSERT INTO recipe_cook(recipe_id, cook_id) VALUES (83, 143);
INSERT INTO recipe_cook(recipe_id, cook_id) VALUES (83, 118);
INSERT INTO recipe_cook(recipe_id, cook_id) VALUES (83, 42);
INSERT INTO recipe_cook(recipe_id, cook_id) VALUES (83, 183);
INSERT INTO recipe_cook(recipe_id, cook_id) VALUES (83, 93);
INSERT INTO recipe_cook(recipe_id, cook_id) VALUES (83, 191);
INSERT INTO recipe_cook(recipe_id, cook_id) VALUES (83, 182);
INSERT INTO recipe_cook(recipe_id, cook_id) VALUES (83, 22);
INSERT INTO recipe_cook(recipe_id, cook_id) VALUES (83, 171);
INSERT INTO recipe_cook(recipe_id, cook_id) VALUES (83, 141);
INSERT INTO recipe_cook(recipe_id, cook_id) VALUES (83, 142);
INSERT INTO recipe_cook(recipe_id, cook_id) VALUES (83, 120);
INSERT INTO recipe_cook(recipe_id, cook_id) VALUES (83, 69);
INSERT INTO recipe_cook(recipe_id, cook_id) VALUES (83, 1);
INSERT INTO recipe_cook(recipe_id, cook_id) VALUES (83, 126);
INSERT INTO recipe_cook(recipe_id, cook_id) VALUES (83, 115);
INSERT INTO recipe_cook(recipe_id, cook_id) VALUES (83, 151);
INSERT INTO recipe_cook(recipe_id, cook_id) VALUES (83, 158);
INSERT INTO recipe_cook(recipe_id, cook_id) VALUES (83, 15);
INSERT INTO recipe_cook(recipe_id, cook_id) VALUES (83, 97);
INSERT INTO recipe_cook(recipe_id, cook_id) VALUES (83, 39);
INSERT INTO recipe_cook(recipe_id, cook_id) VALUES (83, 149);
INSERT INTO recipe_cook(recipe_id, cook_id) VALUES (83, 96);
INSERT INTO recipe_cook(recipe_id, cook_id) VALUES (83, 43);
INSERT INTO recipe_cook(recipe_id, cook_id) VALUES (83, 79);
INSERT INTO recipe_cook(recipe_id, cook_id) VALUES (83, 49);
INSERT INTO recipe_cook(recipe_id, cook_id) VALUES (83, 35);
INSERT INTO recipe_cook(recipe_id, cook_id) VALUES (83, 105);
INSERT INTO recipe_cook(recipe_id, cook_id) VALUES (83, 179);
INSERT INTO recipe_cook(recipe_id, cook_id) VALUES (83, 75);
INSERT INTO recipe_cook(recipe_id, cook_id) VALUES (83, 59);
INSERT INTO recipe_cook(recipe_id, cook_id) VALUES (83, 122);
INSERT INTO recipe_cook(recipe_id, cook_id) VALUES (83, 197);
INSERT INTO recipe_cook(recipe_id, cook_id) VALUES (83, 41);
INSERT INTO recipe_cook(recipe_id, cook_id) VALUES (83, 19);
INSERT INTO recipe_cook(recipe_id, cook_id) VALUES (83, 125);
INSERT INTO recipe_cook(recipe_id, cook_id) VALUES (83, 53);
INSERT INTO recipe_cook(recipe_id, cook_id) VALUES (83, 58);
INSERT INTO recipe_cook(recipe_id, cook_id) VALUES (83, 133);
INSERT INTO recipe_cook(recipe_id, cook_id) VALUES (83, 67);
INSERT INTO recipe_cook(recipe_id, cook_id) VALUES (83, 68);
INSERT INTO recipe_cook(recipe_id, cook_id) VALUES (83, 168);
INSERT INTO recipe_cook(recipe_id, cook_id) VALUES (83, 62);
INSERT INTO recipe_cook(recipe_id, cook_id) VALUES (83, 63);
INSERT INTO recipe_cook(recipe_id, cook_id) VALUES (83, 36);
INSERT INTO recipe_cook(recipe_id, cook_id) VALUES (83, 110);
INSERT INTO recipe_cook(recipe_id, cook_id) VALUES (83, 70);
INSERT INTO recipe_cook(recipe_id, cook_id) VALUES (83, 114);
INSERT INTO recipe_cook(recipe_id, cook_id) VALUES (83, 150);
INSERT INTO recipe_cook(recipe_id, cook_id) VALUES (83, 153);
INSERT INTO recipe_cook(recipe_id, cook_id) VALUES (83, 50);
INSERT INTO recipe_cook(recipe_id, cook_id) VALUES (83, 139);
INSERT INTO recipe_cook(recipe_id, cook_id) VALUES (83, 46);
INSERT INTO recipe_cook(recipe_id, cook_id) VALUES (83, 95);
INSERT INTO recipe_cook(recipe_id, cook_id) VALUES (83, 23);
INSERT INTO recipe_cook(recipe_id, cook_id) VALUES (83, 188);
INSERT INTO recipe_cook(recipe_id, cook_id) VALUES (83, 54);
INSERT INTO recipe_cook(recipe_id, cook_id) VALUES (83, 74);
INSERT INTO recipe_themes(recipe_id, theme_id) VALUES (83, 14);
INSERT INTO recipe_themes(recipe_id, theme_id) VALUES (83, 5);
INSERT INTO recipe_themes(recipe_id, theme_id) VALUES (83, 32);
INSERT INTO recipe_tip(recipe_id, tip_id) VALUES (83, 14);

INSERT INTO recipe(baking, cuisine_id, difficulty, recipe_title, recipe_description, prep_time, cook_time, portions, fat_portion, protein_portion, carbs_portion, picture_uri, picture_description) VALUES(0, 32, 1,'Spring Rolls', 'Where arrive improve century state share southern week. Hospital city industry option eat. Audience white everybody throughout but science. Day central every force. Minute modern sign out.', 65, 30, 5, 40, 40,50, 'https://dummyimage.com/475x897', 'Must particular child they.');
INSERT INTO recipe_meal_type(recipe_id, meal_type_id) VALUES (84, 6);
INSERT INTO recipe_tag(recipe_id, tag_id) VALUES (84, 91);
INSERT INTO recipe_tag(recipe_id, tag_id) VALUES (84, 59);
INSERT INTO recipe_tag(recipe_id, tag_id) VALUES (84, 84);
INSERT INTO recipe_tag(recipe_id, tag_id) VALUES (84, 20);
INSERT INTO recipe_tag(recipe_id, tag_id) VALUES (84, 65);
INSERT INTO recipe_equipment(recipe_id, equipment_id, num) VALUES (84, 5, 4);
INSERT INTO recipe_equipment(recipe_id, equipment_id, num) VALUES (84, 8, 3);
INSERT INTO recipe_equipment(recipe_id, equipment_id, num) VALUES (84, 12, 2);
INSERT INTO recipe_cook(recipe_id, cook_id) VALUES (84, 116);
INSERT INTO recipe_cook(recipe_id, cook_id) VALUES (84, 159);
INSERT INTO recipe_cook(recipe_id, cook_id) VALUES (84, 132);
INSERT INTO recipe_cook(recipe_id, cook_id) VALUES (84, 52);
INSERT INTO recipe_cook(recipe_id, cook_id) VALUES (84, 103);
INSERT INTO recipe_cook(recipe_id, cook_id) VALUES (84, 49);
INSERT INTO recipe_cook(recipe_id, cook_id) VALUES (84, 18);
INSERT INTO recipe_cook(recipe_id, cook_id) VALUES (84, 72);
INSERT INTO recipe_cook(recipe_id, cook_id) VALUES (84, 109);
INSERT INTO recipe_cook(recipe_id, cook_id) VALUES (84, 43);
INSERT INTO recipe_cook(recipe_id, cook_id) VALUES (84, 176);
INSERT INTO recipe_cook(recipe_id, cook_id) VALUES (84, 79);
INSERT INTO recipe_cook(recipe_id, cook_id) VALUES (84, 148);
INSERT INTO recipe_cook(recipe_id, cook_id) VALUES (84, 166);
INSERT INTO recipe_cook(recipe_id, cook_id) VALUES (84, 27);
INSERT INTO recipe_cook(recipe_id, cook_id) VALUES (84, 38);
INSERT INTO recipe_cook(recipe_id, cook_id) VALUES (84, 119);
INSERT INTO recipe_cook(recipe_id, cook_id) VALUES (84, 28);
INSERT INTO recipe_cook(recipe_id, cook_id) VALUES (84, 29);
INSERT INTO recipe_cook(recipe_id, cook_id) VALUES (84, 62);
INSERT INTO recipe_cook(recipe_id, cook_id) VALUES (84, 5);
INSERT INTO recipe_cook(recipe_id, cook_id) VALUES (84, 118);
INSERT INTO recipe_cook(recipe_id, cook_id) VALUES (84, 48);
INSERT INTO recipe_cook(recipe_id, cook_id) VALUES (84, 69);
INSERT INTO recipe_cook(recipe_id, cook_id) VALUES (84, 8);
INSERT INTO recipe_cook(recipe_id, cook_id) VALUES (84, 122);
INSERT INTO recipe_cook(recipe_id, cook_id) VALUES (84, 170);
INSERT INTO recipe_cook(recipe_id, cook_id) VALUES (84, 136);
INSERT INTO recipe_cook(recipe_id, cook_id) VALUES (84, 200);
INSERT INTO recipe_cook(recipe_id, cook_id) VALUES (84, 91);
INSERT INTO recipe_cook(recipe_id, cook_id) VALUES (84, 68);
INSERT INTO recipe_cook(recipe_id, cook_id) VALUES (84, 31);
INSERT INTO recipe_cook(recipe_id, cook_id) VALUES (84, 141);
INSERT INTO recipe_cook(recipe_id, cook_id) VALUES (84, 22);
INSERT INTO recipe_cook(recipe_id, cook_id) VALUES (84, 171);
INSERT INTO recipe_cook(recipe_id, cook_id) VALUES (84, 111);
INSERT INTO recipe_cook(recipe_id, cook_id) VALUES (84, 55);
INSERT INTO recipe_cook(recipe_id, cook_id) VALUES (84, 39);
INSERT INTO recipe_cook(recipe_id, cook_id) VALUES (84, 102);
INSERT INTO recipe_cook(recipe_id, cook_id) VALUES (84, 129);
INSERT INTO recipe_cook(recipe_id, cook_id) VALUES (84, 165);
INSERT INTO recipe_cook(recipe_id, cook_id) VALUES (84, 131);
INSERT INTO recipe_cook(recipe_id, cook_id) VALUES (84, 86);
INSERT INTO recipe_cook(recipe_id, cook_id) VALUES (84, 14);
INSERT INTO recipe_cook(recipe_id, cook_id) VALUES (84, 113);
INSERT INTO recipe_cook(recipe_id, cook_id) VALUES (84, 70);
INSERT INTO recipe_cook(recipe_id, cook_id) VALUES (84, 95);
INSERT INTO recipe_cook(recipe_id, cook_id) VALUES (84, 26);
INSERT INTO recipe_cook(recipe_id, cook_id) VALUES (84, 13);
INSERT INTO recipe_cook(recipe_id, cook_id) VALUES (84, 98);
INSERT INTO recipe_cook(recipe_id, cook_id) VALUES (84, 192);
INSERT INTO recipe_cook(recipe_id, cook_id) VALUES (84, 50);
INSERT INTO recipe_cook(recipe_id, cook_id) VALUES (84, 76);
INSERT INTO recipe_cook(recipe_id, cook_id) VALUES (84, 195);
INSERT INTO recipe_cook(recipe_id, cook_id) VALUES (84, 104);
INSERT INTO recipe_cook(recipe_id, cook_id) VALUES (84, 46);
INSERT INTO recipe_cook(recipe_id, cook_id) VALUES (84, 71);
INSERT INTO recipe_cook(recipe_id, cook_id) VALUES (84, 173);
INSERT INTO recipe_cook(recipe_id, cook_id) VALUES (84, 127);
INSERT INTO recipe_cook(recipe_id, cook_id) VALUES (84, 133);
INSERT INTO recipe_cook(recipe_id, cook_id) VALUES (84, 160);
INSERT INTO recipe_cook(recipe_id, cook_id) VALUES (84, 183);
INSERT INTO recipe_cook(recipe_id, cook_id) VALUES (84, 152);
INSERT INTO recipe_cook(recipe_id, cook_id) VALUES (84, 64);
INSERT INTO recipe_cook(recipe_id, cook_id) VALUES (84, 182);
INSERT INTO recipe_cook(recipe_id, cook_id) VALUES (84, 57);
INSERT INTO recipe_cook(recipe_id, cook_id) VALUES (84, 30);
INSERT INTO recipe_cook(recipe_id, cook_id) VALUES (84, 157);
INSERT INTO recipe_cook(recipe_id, cook_id) VALUES (84, 10);
INSERT INTO recipe_cook(recipe_id, cook_id) VALUES (84, 177);
INSERT INTO recipe_cook(recipe_id, cook_id) VALUES (84, 181);
INSERT INTO recipe_cook(recipe_id, cook_id) VALUES (84, 17);
INSERT INTO recipe_cook(recipe_id, cook_id) VALUES (84, 153);
INSERT INTO recipe_cook(recipe_id, cook_id) VALUES (84, 36);
INSERT INTO recipe_cook(recipe_id, cook_id) VALUES (84, 143);
INSERT INTO recipe_cook(recipe_id, cook_id) VALUES (84, 156);
INSERT INTO recipe_cook(recipe_id, cook_id) VALUES (84, 80);
INSERT INTO recipe_cook(recipe_id, cook_id) VALUES (84, 90);
INSERT INTO recipe_cook(recipe_id, cook_id) VALUES (84, 92);
INSERT INTO recipe_cook(recipe_id, cook_id) VALUES (84, 197);
INSERT INTO recipe_cook(recipe_id, cook_id) VALUES (84, 51);
INSERT INTO recipe_cook(recipe_id, cook_id) VALUES (84, 120);
INSERT INTO recipe_cook(recipe_id, cook_id) VALUES (84, 138);
INSERT INTO recipe_cook(recipe_id, cook_id) VALUES (84, 126);
INSERT INTO recipe_cook(recipe_id, cook_id) VALUES (84, 94);
INSERT INTO recipe_cook(recipe_id, cook_id) VALUES (84, 106);
INSERT INTO recipe_cook(recipe_id, cook_id) VALUES (84, 125);
INSERT INTO recipe_cook(recipe_id, cook_id) VALUES (84, 89);
INSERT INTO recipe_cook(recipe_id, cook_id) VALUES (84, 35);
INSERT INTO recipe_cook(recipe_id, cook_id) VALUES (84, 137);
INSERT INTO recipe_cook(recipe_id, cook_id) VALUES (84, 186);
INSERT INTO recipe_cook(recipe_id, cook_id) VALUES (84, 167);
INSERT INTO recipe_cook(recipe_id, cook_id) VALUES (84, 101);
INSERT INTO recipe_cook(recipe_id, cook_id) VALUES (84, 110);
INSERT INTO recipe_cook(recipe_id, cook_id) VALUES (84, 45);
INSERT INTO recipe_cook(recipe_id, cook_id) VALUES (84, 82);
INSERT INTO recipe_cook(recipe_id, cook_id) VALUES (84, 37);
INSERT INTO recipe_cook(recipe_id, cook_id) VALUES (84, 187);
INSERT INTO recipe_cook(recipe_id, cook_id) VALUES (84, 77);
INSERT INTO recipe_themes(recipe_id, theme_id) VALUES (84, 1);
INSERT INTO recipe_themes(recipe_id, theme_id) VALUES (84, 7);
INSERT INTO recipe_tip(recipe_id, tip_id) VALUES (84, 33);

INSERT INTO recipe(baking, cuisine_id, difficulty, recipe_title, recipe_description, prep_time, cook_time, portions, fat_portion, protein_portion, carbs_portion, picture_uri, picture_description) VALUES(0, 21, 1,'Samosas', 'We American study eight phone. One then reality some serve different. Become rule where ten. Thank professor student white instead.', 35, 20, 3, 35, 10,0, 'https://placekitten.com/215/573', 'Toward policy forget project economy.');
INSERT INTO recipe_meal_type(recipe_id, meal_type_id) VALUES (85, 4);
INSERT INTO recipe_tag(recipe_id, tag_id) VALUES (85, 55);
INSERT INTO recipe_tag(recipe_id, tag_id) VALUES (85, 43);
INSERT INTO recipe_tag(recipe_id, tag_id) VALUES (85, 3);
INSERT INTO recipe_tag(recipe_id, tag_id) VALUES (85, 23);
INSERT INTO recipe_tag(recipe_id, tag_id) VALUES (85, 34);
INSERT INTO recipe_tag(recipe_id, tag_id) VALUES (85, 10);
INSERT INTO recipe_tag(recipe_id, tag_id) VALUES (85, 22);
INSERT INTO recipe_tag(recipe_id, tag_id) VALUES (85, 87);
INSERT INTO recipe_equipment(recipe_id, equipment_id, num) VALUES (85, 20, 2);
INSERT INTO recipe_equipment(recipe_id, equipment_id, num) VALUES (85, 12, 3);
INSERT INTO recipe_equipment(recipe_id, equipment_id, num) VALUES (85, 16, 3);
INSERT INTO recipe_cook(recipe_id, cook_id) VALUES (85, 1);
INSERT INTO recipe_cook(recipe_id, cook_id) VALUES (85, 126);
INSERT INTO recipe_cook(recipe_id, cook_id) VALUES (85, 64);
INSERT INTO recipe_cook(recipe_id, cook_id) VALUES (85, 121);
INSERT INTO recipe_cook(recipe_id, cook_id) VALUES (85, 29);
INSERT INTO recipe_cook(recipe_id, cook_id) VALUES (85, 12);
INSERT INTO recipe_cook(recipe_id, cook_id) VALUES (85, 5);
INSERT INTO recipe_cook(recipe_id, cook_id) VALUES (85, 146);
INSERT INTO recipe_cook(recipe_id, cook_id) VALUES (85, 175);
INSERT INTO recipe_cook(recipe_id, cook_id) VALUES (85, 75);
INSERT INTO recipe_cook(recipe_id, cook_id) VALUES (85, 59);
INSERT INTO recipe_cook(recipe_id, cook_id) VALUES (85, 135);
INSERT INTO recipe_cook(recipe_id, cook_id) VALUES (85, 129);
INSERT INTO recipe_cook(recipe_id, cook_id) VALUES (85, 43);
INSERT INTO recipe_cook(recipe_id, cook_id) VALUES (85, 38);
INSERT INTO recipe_cook(recipe_id, cook_id) VALUES (85, 25);
INSERT INTO recipe_cook(recipe_id, cook_id) VALUES (85, 26);
INSERT INTO recipe_cook(recipe_id, cook_id) VALUES (85, 78);
INSERT INTO recipe_cook(recipe_id, cook_id) VALUES (85, 86);
INSERT INTO recipe_cook(recipe_id, cook_id) VALUES (85, 116);
INSERT INTO recipe_cook(recipe_id, cook_id) VALUES (85, 199);
INSERT INTO recipe_cook(recipe_id, cook_id) VALUES (85, 90);
INSERT INTO recipe_cook(recipe_id, cook_id) VALUES (85, 140);
INSERT INTO recipe_cook(recipe_id, cook_id) VALUES (85, 66);
INSERT INTO recipe_cook(recipe_id, cook_id) VALUES (85, 170);
INSERT INTO recipe_cook(recipe_id, cook_id) VALUES (85, 125);
INSERT INTO recipe_cook(recipe_id, cook_id) VALUES (85, 65);
INSERT INTO recipe_cook(recipe_id, cook_id) VALUES (85, 94);
INSERT INTO recipe_cook(recipe_id, cook_id) VALUES (85, 118);
INSERT INTO recipe_cook(recipe_id, cook_id) VALUES (85, 4);
INSERT INTO recipe_cook(recipe_id, cook_id) VALUES (85, 91);
INSERT INTO recipe_cook(recipe_id, cook_id) VALUES (85, 183);
INSERT INTO recipe_cook(recipe_id, cook_id) VALUES (85, 182);
INSERT INTO recipe_cook(recipe_id, cook_id) VALUES (85, 133);
INSERT INTO recipe_cook(recipe_id, cook_id) VALUES (85, 153);
INSERT INTO recipe_cook(recipe_id, cook_id) VALUES (85, 124);
INSERT INTO recipe_cook(recipe_id, cook_id) VALUES (85, 196);
INSERT INTO recipe_cook(recipe_id, cook_id) VALUES (85, 70);
INSERT INTO recipe_cook(recipe_id, cook_id) VALUES (85, 167);
INSERT INTO recipe_cook(recipe_id, cook_id) VALUES (85, 6);
INSERT INTO recipe_cook(recipe_id, cook_id) VALUES (85, 186);
INSERT INTO recipe_cook(recipe_id, cook_id) VALUES (85, 106);
INSERT INTO recipe_cook(recipe_id, cook_id) VALUES (85, 57);
INSERT INTO recipe_cook(recipe_id, cook_id) VALUES (85, 37);
INSERT INTO recipe_cook(recipe_id, cook_id) VALUES (85, 92);
INSERT INTO recipe_cook(recipe_id, cook_id) VALUES (85, 128);
INSERT INTO recipe_cook(recipe_id, cook_id) VALUES (85, 8);
INSERT INTO recipe_cook(recipe_id, cook_id) VALUES (85, 63);
INSERT INTO recipe_cook(recipe_id, cook_id) VALUES (85, 148);
INSERT INTO recipe_cook(recipe_id, cook_id) VALUES (85, 111);
INSERT INTO recipe_cook(recipe_id, cook_id) VALUES (85, 93);
INSERT INTO recipe_cook(recipe_id, cook_id) VALUES (85, 53);
INSERT INTO recipe_cook(recipe_id, cook_id) VALUES (85, 23);
INSERT INTO recipe_cook(recipe_id, cook_id) VALUES (85, 50);
INSERT INTO recipe_cook(recipe_id, cook_id) VALUES (85, 97);
INSERT INTO recipe_cook(recipe_id, cook_id) VALUES (85, 28);
INSERT INTO recipe_cook(recipe_id, cook_id) VALUES (85, 71);
INSERT INTO recipe_cook(recipe_id, cook_id) VALUES (85, 178);
INSERT INTO recipe_cook(recipe_id, cook_id) VALUES (85, 181);
INSERT INTO recipe_cook(recipe_id, cook_id) VALUES (85, 189);
INSERT INTO recipe_cook(recipe_id, cook_id) VALUES (85, 45);
INSERT INTO recipe_cook(recipe_id, cook_id) VALUES (85, 68);
INSERT INTO recipe_cook(recipe_id, cook_id) VALUES (85, 179);
INSERT INTO recipe_cook(recipe_id, cook_id) VALUES (85, 85);
INSERT INTO recipe_cook(recipe_id, cook_id) VALUES (85, 101);
INSERT INTO recipe_cook(recipe_id, cook_id) VALUES (85, 107);
INSERT INTO recipe_cook(recipe_id, cook_id) VALUES (85, 144);
INSERT INTO recipe_cook(recipe_id, cook_id) VALUES (85, 80);
INSERT INTO recipe_cook(recipe_id, cook_id) VALUES (85, 49);
INSERT INTO recipe_cook(recipe_id, cook_id) VALUES (85, 11);
INSERT INTO recipe_cook(recipe_id, cook_id) VALUES (85, 88);
INSERT INTO recipe_cook(recipe_id, cook_id) VALUES (85, 32);
INSERT INTO recipe_cook(recipe_id, cook_id) VALUES (85, 151);
INSERT INTO recipe_cook(recipe_id, cook_id) VALUES (85, 102);
INSERT INTO recipe_cook(recipe_id, cook_id) VALUES (85, 190);
INSERT INTO recipe_cook(recipe_id, cook_id) VALUES (85, 73);
INSERT INTO recipe_cook(recipe_id, cook_id) VALUES (85, 165);
INSERT INTO recipe_cook(recipe_id, cook_id) VALUES (85, 127);
INSERT INTO recipe_cook(recipe_id, cook_id) VALUES (85, 123);
INSERT INTO recipe_cook(recipe_id, cook_id) VALUES (85, 143);
INSERT INTO recipe_cook(recipe_id, cook_id) VALUES (85, 157);
INSERT INTO recipe_cook(recipe_id, cook_id) VALUES (85, 15);
INSERT INTO recipe_cook(recipe_id, cook_id) VALUES (85, 2);
INSERT INTO recipe_cook(recipe_id, cook_id) VALUES (85, 198);
INSERT INTO recipe_cook(recipe_id, cook_id) VALUES (85, 130);
INSERT INTO recipe_cook(recipe_id, cook_id) VALUES (85, 19);
INSERT INTO recipe_cook(recipe_id, cook_id) VALUES (85, 60);
INSERT INTO recipe_cook(recipe_id, cook_id) VALUES (85, 142);
INSERT INTO recipe_cook(recipe_id, cook_id) VALUES (85, 20);
INSERT INTO recipe_cook(recipe_id, cook_id) VALUES (85, 67);
INSERT INTO recipe_cook(recipe_id, cook_id) VALUES (85, 160);
INSERT INTO recipe_cook(recipe_id, cook_id) VALUES (85, 162);
INSERT INTO recipe_cook(recipe_id, cook_id) VALUES (85, 72);
INSERT INTO recipe_cook(recipe_id, cook_id) VALUES (85, 168);
INSERT INTO recipe_cook(recipe_id, cook_id) VALUES (85, 21);
INSERT INTO recipe_cook(recipe_id, cook_id) VALUES (85, 39);
INSERT INTO recipe_cook(recipe_id, cook_id) VALUES (85, 166);
INSERT INTO recipe_cook(recipe_id, cook_id) VALUES (85, 120);
INSERT INTO recipe_cook(recipe_id, cook_id) VALUES (85, 9);
INSERT INTO recipe_cook(recipe_id, cook_id) VALUES (85, 110);
INSERT INTO recipe_cook(recipe_id, cook_id) VALUES (85, 172);
INSERT INTO recipe_cook(recipe_id, cook_id) VALUES (85, 180);
INSERT INTO recipe_cook(recipe_id, cook_id) VALUES (85, 161);
INSERT INTO recipe_cook(recipe_id, cook_id) VALUES (85, 145);
INSERT INTO recipe_cook(recipe_id, cook_id) VALUES (85, 103);
INSERT INTO recipe_cook(recipe_id, cook_id) VALUES (85, 76);
INSERT INTO recipe_cook(recipe_id, cook_id) VALUES (85, 16);
INSERT INTO recipe_cook(recipe_id, cook_id) VALUES (85, 7);
INSERT INTO recipe_cook(recipe_id, cook_id) VALUES (85, 104);
INSERT INTO recipe_cook(recipe_id, cook_id) VALUES (85, 40);
INSERT INTO recipe_cook(recipe_id, cook_id) VALUES (85, 200);
INSERT INTO recipe_cook(recipe_id, cook_id) VALUES (85, 56);
INSERT INTO recipe_cook(recipe_id, cook_id) VALUES (85, 46);
INSERT INTO recipe_cook(recipe_id, cook_id) VALUES (85, 137);
INSERT INTO recipe_cook(recipe_id, cook_id) VALUES (85, 138);
INSERT INTO recipe_cook(recipe_id, cook_id) VALUES (85, 150);
INSERT INTO recipe_cook(recipe_id, cook_id) VALUES (85, 33);
INSERT INTO recipe_cook(recipe_id, cook_id) VALUES (85, 18);
INSERT INTO recipe_cook(recipe_id, cook_id) VALUES (85, 197);
INSERT INTO recipe_cook(recipe_id, cook_id) VALUES (85, 96);
INSERT INTO recipe_cook(recipe_id, cook_id) VALUES (85, 174);
INSERT INTO recipe_cook(recipe_id, cook_id) VALUES (85, 108);
INSERT INTO recipe_cook(recipe_id, cook_id) VALUES (85, 112);
INSERT INTO recipe_cook(recipe_id, cook_id) VALUES (85, 195);
INSERT INTO recipe_cook(recipe_id, cook_id) VALUES (85, 35);
INSERT INTO recipe_cook(recipe_id, cook_id) VALUES (85, 115);
INSERT INTO recipe_cook(recipe_id, cook_id) VALUES (85, 184);
INSERT INTO recipe_cook(recipe_id, cook_id) VALUES (85, 89);
INSERT INTO recipe_cook(recipe_id, cook_id) VALUES (85, 131);
INSERT INTO recipe_cook(recipe_id, cook_id) VALUES (85, 136);
INSERT INTO recipe_cook(recipe_id, cook_id) VALUES (85, 164);
INSERT INTO recipe_cook(recipe_id, cook_id) VALUES (85, 194);
INSERT INTO recipe_cook(recipe_id, cook_id) VALUES (85, 61);
INSERT INTO recipe_cook(recipe_id, cook_id) VALUES (85, 113);
INSERT INTO recipe_cook(recipe_id, cook_id) VALUES (85, 188);
INSERT INTO recipe_cook(recipe_id, cook_id) VALUES (85, 147);
INSERT INTO recipe_cook(recipe_id, cook_id) VALUES (85, 55);
INSERT INTO recipe_cook(recipe_id, cook_id) VALUES (85, 74);
INSERT INTO recipe_cook(recipe_id, cook_id) VALUES (85, 62);
INSERT INTO recipe_cook(recipe_id, cook_id) VALUES (85, 58);
INSERT INTO recipe_cook(recipe_id, cook_id) VALUES (85, 87);
INSERT INTO recipe_cook(recipe_id, cook_id) VALUES (85, 139);
INSERT INTO recipe_cook(recipe_id, cook_id) VALUES (85, 17);
INSERT INTO recipe_cook(recipe_id, cook_id) VALUES (85, 169);
INSERT INTO recipe_cook(recipe_id, cook_id) VALUES (85, 105);
INSERT INTO recipe_cook(recipe_id, cook_id) VALUES (85, 158);
INSERT INTO recipe_cook(recipe_id, cook_id) VALUES (85, 77);
INSERT INTO recipe_cook(recipe_id, cook_id) VALUES (85, 81);
INSERT INTO recipe_cook(recipe_id, cook_id) VALUES (85, 193);
INSERT INTO recipe_cook(recipe_id, cook_id) VALUES (85, 44);
INSERT INTO recipe_themes(recipe_id, theme_id) VALUES (85, 38);
INSERT INTO recipe_themes(recipe_id, theme_id) VALUES (85, 9);
INSERT INTO recipe_tip(recipe_id, tip_id) VALUES (85, 13);
INSERT INTO recipe_tip(recipe_id, tip_id) VALUES (85, 17);
INSERT INTO recipe_tip(recipe_id, tip_id) VALUES (85, 9);

INSERT INTO recipe(baking, cuisine_id, difficulty, recipe_title, recipe_description, prep_time, cook_time, portions, fat_portion, protein_portion, carbs_portion, picture_uri, picture_description) VALUES(0, 20, 5,'French Toast', 'Big south drug. Determine its entire young step maintain parent.', 115, 70, 5, 10, 30,65, 'https://picsum.photos/769/783', 'Blue study poor better believe whom draw oil.');
INSERT INTO recipe_meal_type(recipe_id, meal_type_id) VALUES (86, 1);
INSERT INTO recipe_tag(recipe_id, tag_id) VALUES (86, 18);
INSERT INTO recipe_tag(recipe_id, tag_id) VALUES (86, 68);
INSERT INTO recipe_equipment(recipe_id, equipment_id, num) VALUES (86, 11, 3);
INSERT INTO recipe_equipment(recipe_id, equipment_id, num) VALUES (86, 17, 4);
INSERT INTO recipe_equipment(recipe_id, equipment_id, num) VALUES (86, 12, 1);
INSERT INTO recipe_equipment(recipe_id, equipment_id, num) VALUES (86, 15, 4);
INSERT INTO recipe_equipment(recipe_id, equipment_id, num) VALUES (86, 18, 1);
INSERT INTO recipe_equipment(recipe_id, equipment_id, num) VALUES (86, 7, 3);
INSERT INTO recipe_cook(recipe_id, cook_id) VALUES (86, 108);
INSERT INTO recipe_cook(recipe_id, cook_id) VALUES (86, 106);
INSERT INTO recipe_cook(recipe_id, cook_id) VALUES (86, 119);
INSERT INTO recipe_cook(recipe_id, cook_id) VALUES (86, 8);
INSERT INTO recipe_cook(recipe_id, cook_id) VALUES (86, 144);
INSERT INTO recipe_cook(recipe_id, cook_id) VALUES (86, 7);
INSERT INTO recipe_cook(recipe_id, cook_id) VALUES (86, 200);
INSERT INTO recipe_cook(recipe_id, cook_id) VALUES (86, 23);
INSERT INTO recipe_cook(recipe_id, cook_id) VALUES (86, 36);
INSERT INTO recipe_cook(recipe_id, cook_id) VALUES (86, 158);
INSERT INTO recipe_cook(recipe_id, cook_id) VALUES (86, 78);
INSERT INTO recipe_cook(recipe_id, cook_id) VALUES (86, 63);
INSERT INTO recipe_cook(recipe_id, cook_id) VALUES (86, 149);
INSERT INTO recipe_cook(recipe_id, cook_id) VALUES (86, 132);
INSERT INTO recipe_cook(recipe_id, cook_id) VALUES (86, 96);
INSERT INTO recipe_cook(recipe_id, cook_id) VALUES (86, 33);
INSERT INTO recipe_cook(recipe_id, cook_id) VALUES (86, 159);
INSERT INTO recipe_cook(recipe_id, cook_id) VALUES (86, 140);
INSERT INTO recipe_cook(recipe_id, cook_id) VALUES (86, 145);
INSERT INTO recipe_cook(recipe_id, cook_id) VALUES (86, 76);
INSERT INTO recipe_cook(recipe_id, cook_id) VALUES (86, 14);
INSERT INTO recipe_cook(recipe_id, cook_id) VALUES (86, 101);
INSERT INTO recipe_cook(recipe_id, cook_id) VALUES (86, 185);
INSERT INTO recipe_cook(recipe_id, cook_id) VALUES (86, 104);
INSERT INTO recipe_cook(recipe_id, cook_id) VALUES (86, 172);
INSERT INTO recipe_cook(recipe_id, cook_id) VALUES (86, 2);
INSERT INTO recipe_cook(recipe_id, cook_id) VALUES (86, 198);
INSERT INTO recipe_cook(recipe_id, cook_id) VALUES (86, 133);
INSERT INTO recipe_cook(recipe_id, cook_id) VALUES (86, 118);
INSERT INTO recipe_cook(recipe_id, cook_id) VALUES (86, 180);
INSERT INTO recipe_cook(recipe_id, cook_id) VALUES (86, 22);
INSERT INTO recipe_cook(recipe_id, cook_id) VALUES (86, 15);
INSERT INTO recipe_cook(recipe_id, cook_id) VALUES (86, 70);
INSERT INTO recipe_cook(recipe_id, cook_id) VALUES (86, 167);
INSERT INTO recipe_cook(recipe_id, cook_id) VALUES (86, 28);
INSERT INTO recipe_cook(recipe_id, cook_id) VALUES (86, 86);
INSERT INTO recipe_cook(recipe_id, cook_id) VALUES (86, 153);
INSERT INTO recipe_cook(recipe_id, cook_id) VALUES (86, 25);
INSERT INTO recipe_cook(recipe_id, cook_id) VALUES (86, 75);
INSERT INTO recipe_cook(recipe_id, cook_id) VALUES (86, 182);
INSERT INTO recipe_cook(recipe_id, cook_id) VALUES (86, 124);
INSERT INTO recipe_cook(recipe_id, cook_id) VALUES (86, 85);
INSERT INTO recipe_cook(recipe_id, cook_id) VALUES (86, 16);
INSERT INTO recipe_cook(recipe_id, cook_id) VALUES (86, 32);
INSERT INTO recipe_cook(recipe_id, cook_id) VALUES (86, 150);
INSERT INTO recipe_cook(recipe_id, cook_id) VALUES (86, 131);
INSERT INTO recipe_cook(recipe_id, cook_id) VALUES (86, 171);
INSERT INTO recipe_cook(recipe_id, cook_id) VALUES (86, 53);
INSERT INTO recipe_cook(recipe_id, cook_id) VALUES (86, 173);
INSERT INTO recipe_cook(recipe_id, cook_id) VALUES (86, 37);
INSERT INTO recipe_cook(recipe_id, cook_id) VALUES (86, 196);
INSERT INTO recipe_cook(recipe_id, cook_id) VALUES (86, 127);
INSERT INTO recipe_cook(recipe_id, cook_id) VALUES (86, 35);
INSERT INTO recipe_cook(recipe_id, cook_id) VALUES (86, 58);
INSERT INTO recipe_cook(recipe_id, cook_id) VALUES (86, 40);
INSERT INTO recipe_cook(recipe_id, cook_id) VALUES (86, 190);
INSERT INTO recipe_cook(recipe_id, cook_id) VALUES (86, 80);
INSERT INTO recipe_cook(recipe_id, cook_id) VALUES (86, 175);
INSERT INTO recipe_cook(recipe_id, cook_id) VALUES (86, 125);
INSERT INTO recipe_cook(recipe_id, cook_id) VALUES (86, 52);
INSERT INTO recipe_cook(recipe_id, cook_id) VALUES (86, 30);
INSERT INTO recipe_cook(recipe_id, cook_id) VALUES (86, 18);
INSERT INTO recipe_cook(recipe_id, cook_id) VALUES (86, 1);
INSERT INTO recipe_cook(recipe_id, cook_id) VALUES (86, 146);
INSERT INTO recipe_cook(recipe_id, cook_id) VALUES (86, 31);
INSERT INTO recipe_cook(recipe_id, cook_id) VALUES (86, 134);
INSERT INTO recipe_cook(recipe_id, cook_id) VALUES (86, 163);
INSERT INTO recipe_cook(recipe_id, cook_id) VALUES (86, 64);
INSERT INTO recipe_cook(recipe_id, cook_id) VALUES (86, 164);
INSERT INTO recipe_cook(recipe_id, cook_id) VALUES (86, 27);
INSERT INTO recipe_cook(recipe_id, cook_id) VALUES (86, 122);
INSERT INTO recipe_cook(recipe_id, cook_id) VALUES (86, 195);
INSERT INTO recipe_cook(recipe_id, cook_id) VALUES (86, 114);
INSERT INTO recipe_cook(recipe_id, cook_id) VALUES (86, 51);
INSERT INTO recipe_cook(recipe_id, cook_id) VALUES (86, 197);
INSERT INTO recipe_cook(recipe_id, cook_id) VALUES (86, 174);
INSERT INTO recipe_cook(recipe_id, cook_id) VALUES (86, 191);
INSERT INTO recipe_cook(recipe_id, cook_id) VALUES (86, 39);
INSERT INTO recipe_cook(recipe_id, cook_id) VALUES (86, 141);
INSERT INTO recipe_cook(recipe_id, cook_id) VALUES (86, 62);
INSERT INTO recipe_cook(recipe_id, cook_id) VALUES (86, 24);
INSERT INTO recipe_cook(recipe_id, cook_id) VALUES (86, 105);
INSERT INTO recipe_cook(recipe_id, cook_id) VALUES (86, 136);
INSERT INTO recipe_cook(recipe_id, cook_id) VALUES (86, 194);
INSERT INTO recipe_cook(recipe_id, cook_id) VALUES (86, 109);
INSERT INTO recipe_cook(recipe_id, cook_id) VALUES (86, 168);
INSERT INTO recipe_cook(recipe_id, cook_id) VALUES (86, 34);
INSERT INTO recipe_cook(recipe_id, cook_id) VALUES (86, 199);
INSERT INTO recipe_cook(recipe_id, cook_id) VALUES (86, 79);
INSERT INTO recipe_cook(recipe_id, cook_id) VALUES (86, 88);
INSERT INTO recipe_cook(recipe_id, cook_id) VALUES (86, 57);
INSERT INTO recipe_cook(recipe_id, cook_id) VALUES (86, 184);
INSERT INTO recipe_cook(recipe_id, cook_id) VALUES (86, 112);
INSERT INTO recipe_cook(recipe_id, cook_id) VALUES (86, 160);
INSERT INTO recipe_cook(recipe_id, cook_id) VALUES (86, 56);
INSERT INTO recipe_cook(recipe_id, cook_id) VALUES (86, 19);
INSERT INTO recipe_cook(recipe_id, cook_id) VALUES (86, 82);
INSERT INTO recipe_cook(recipe_id, cook_id) VALUES (86, 3);
INSERT INTO recipe_cook(recipe_id, cook_id) VALUES (86, 120);
INSERT INTO recipe_cook(recipe_id, cook_id) VALUES (86, 142);
INSERT INTO recipe_cook(recipe_id, cook_id) VALUES (86, 186);
INSERT INTO recipe_cook(recipe_id, cook_id) VALUES (86, 116);
INSERT INTO recipe_cook(recipe_id, cook_id) VALUES (86, 176);
INSERT INTO recipe_cook(recipe_id, cook_id) VALUES (86, 170);
INSERT INTO recipe_cook(recipe_id, cook_id) VALUES (86, 66);
INSERT INTO recipe_cook(recipe_id, cook_id) VALUES (86, 95);
INSERT INTO recipe_cook(recipe_id, cook_id) VALUES (86, 90);
INSERT INTO recipe_cook(recipe_id, cook_id) VALUES (86, 115);
INSERT INTO recipe_cook(recipe_id, cook_id) VALUES (86, 26);
INSERT INTO recipe_cook(recipe_id, cook_id) VALUES (86, 61);
INSERT INTO recipe_cook(recipe_id, cook_id) VALUES (86, 121);
INSERT INTO recipe_cook(recipe_id, cook_id) VALUES (86, 38);
INSERT INTO recipe_cook(recipe_id, cook_id) VALUES (86, 89);
INSERT INTO recipe_cook(recipe_id, cook_id) VALUES (86, 165);
INSERT INTO recipe_cook(recipe_id, cook_id) VALUES (86, 13);
INSERT INTO recipe_cook(recipe_id, cook_id) VALUES (86, 181);
INSERT INTO recipe_cook(recipe_id, cook_id) VALUES (86, 152);
INSERT INTO recipe_cook(recipe_id, cook_id) VALUES (86, 48);
INSERT INTO recipe_cook(recipe_id, cook_id) VALUES (86, 192);
INSERT INTO recipe_cook(recipe_id, cook_id) VALUES (86, 188);
INSERT INTO recipe_themes(recipe_id, theme_id) VALUES (86, 7);
INSERT INTO recipe_themes(recipe_id, theme_id) VALUES (86, 30);
INSERT INTO recipe_tip(recipe_id, tip_id) VALUES (86, 28);
INSERT INTO recipe_tip(recipe_id, tip_id) VALUES (86, 10);

INSERT INTO recipe(baking, cuisine_id, difficulty, recipe_title, recipe_description, prep_time, cook_time, portions, fat_portion, protein_portion, carbs_portion, picture_uri, picture_description) VALUES(0, 42, 5,'Chicken Wings', 'Spring responsibility always positive key leave. Also human source season it traditional democratic. Agency watch better turn. Rock support effect. Good whole everybody situation foot recognize.', 85, 0, 3, 10, 35,70, 'https://picsum.photos/538/328', 'Side natural focus husband give spring suddenly.');
INSERT INTO recipe_meal_type(recipe_id, meal_type_id) VALUES (87, 6);
INSERT INTO recipe_tag(recipe_id, tag_id) VALUES (87, 2);
INSERT INTO recipe_tag(recipe_id, tag_id) VALUES (87, 21);
INSERT INTO recipe_tag(recipe_id, tag_id) VALUES (87, 46);
INSERT INTO recipe_tag(recipe_id, tag_id) VALUES (87, 65);
INSERT INTO recipe_tag(recipe_id, tag_id) VALUES (87, 27);
INSERT INTO recipe_equipment(recipe_id, equipment_id, num) VALUES (87, 17, 3);
INSERT INTO recipe_equipment(recipe_id, equipment_id, num) VALUES (87, 13, 1);
INSERT INTO recipe_equipment(recipe_id, equipment_id, num) VALUES (87, 20, 2);
INSERT INTO recipe_equipment(recipe_id, equipment_id, num) VALUES (87, 3, 4);
INSERT INTO recipe_equipment(recipe_id, equipment_id, num) VALUES (87, 6, 1);
INSERT INTO recipe_cook(recipe_id, cook_id) VALUES (87, 39);
INSERT INTO recipe_cook(recipe_id, cook_id) VALUES (87, 91);
INSERT INTO recipe_cook(recipe_id, cook_id) VALUES (87, 168);
INSERT INTO recipe_cook(recipe_id, cook_id) VALUES (87, 185);
INSERT INTO recipe_cook(recipe_id, cook_id) VALUES (87, 145);
INSERT INTO recipe_cook(recipe_id, cook_id) VALUES (87, 87);
INSERT INTO recipe_cook(recipe_id, cook_id) VALUES (87, 118);
INSERT INTO recipe_cook(recipe_id, cook_id) VALUES (87, 184);
INSERT INTO recipe_cook(recipe_id, cook_id) VALUES (87, 36);
INSERT INTO recipe_cook(recipe_id, cook_id) VALUES (87, 72);
INSERT INTO recipe_cook(recipe_id, cook_id) VALUES (87, 169);
INSERT INTO recipe_cook(recipe_id, cook_id) VALUES (87, 78);
INSERT INTO recipe_cook(recipe_id, cook_id) VALUES (87, 101);
INSERT INTO recipe_cook(recipe_id, cook_id) VALUES (87, 18);
INSERT INTO recipe_cook(recipe_id, cook_id) VALUES (87, 166);
INSERT INTO recipe_cook(recipe_id, cook_id) VALUES (87, 124);
INSERT INTO recipe_cook(recipe_id, cook_id) VALUES (87, 97);
INSERT INTO recipe_cook(recipe_id, cook_id) VALUES (87, 121);
INSERT INTO recipe_cook(recipe_id, cook_id) VALUES (87, 156);
INSERT INTO recipe_cook(recipe_id, cook_id) VALUES (87, 190);
INSERT INTO recipe_cook(recipe_id, cook_id) VALUES (87, 47);
INSERT INTO recipe_cook(recipe_id, cook_id) VALUES (87, 148);
INSERT INTO recipe_cook(recipe_id, cook_id) VALUES (87, 130);
INSERT INTO recipe_cook(recipe_id, cook_id) VALUES (87, 181);
INSERT INTO recipe_cook(recipe_id, cook_id) VALUES (87, 135);
INSERT INTO recipe_cook(recipe_id, cook_id) VALUES (87, 67);
INSERT INTO recipe_cook(recipe_id, cook_id) VALUES (87, 34);
INSERT INTO recipe_cook(recipe_id, cook_id) VALUES (87, 83);
INSERT INTO recipe_cook(recipe_id, cook_id) VALUES (87, 151);
INSERT INTO recipe_cook(recipe_id, cook_id) VALUES (87, 149);
INSERT INTO recipe_cook(recipe_id, cook_id) VALUES (87, 90);
INSERT INTO recipe_cook(recipe_id, cook_id) VALUES (87, 150);
INSERT INTO recipe_cook(recipe_id, cook_id) VALUES (87, 159);
INSERT INTO recipe_cook(recipe_id, cook_id) VALUES (87, 104);
INSERT INTO recipe_cook(recipe_id, cook_id) VALUES (87, 187);
INSERT INTO recipe_cook(recipe_id, cook_id) VALUES (87, 12);
INSERT INTO recipe_cook(recipe_id, cook_id) VALUES (87, 8);
INSERT INTO recipe_cook(recipe_id, cook_id) VALUES (87, 41);
INSERT INTO recipe_cook(recipe_id, cook_id) VALUES (87, 60);
INSERT INTO recipe_cook(recipe_id, cook_id) VALUES (87, 25);
INSERT INTO recipe_cook(recipe_id, cook_id) VALUES (87, 28);
INSERT INTO recipe_cook(recipe_id, cook_id) VALUES (87, 128);
INSERT INTO recipe_cook(recipe_id, cook_id) VALUES (87, 122);
INSERT INTO recipe_cook(recipe_id, cook_id) VALUES (87, 173);
INSERT INTO recipe_cook(recipe_id, cook_id) VALUES (87, 162);
INSERT INTO recipe_cook(recipe_id, cook_id) VALUES (87, 61);
INSERT INTO recipe_cook(recipe_id, cook_id) VALUES (87, 27);
INSERT INTO recipe_cook(recipe_id, cook_id) VALUES (87, 45);
INSERT INTO recipe_cook(recipe_id, cook_id) VALUES (87, 99);
INSERT INTO recipe_cook(recipe_id, cook_id) VALUES (87, 108);
INSERT INTO recipe_cook(recipe_id, cook_id) VALUES (87, 17);
INSERT INTO recipe_cook(recipe_id, cook_id) VALUES (87, 16);
INSERT INTO recipe_cook(recipe_id, cook_id) VALUES (87, 65);
INSERT INTO recipe_cook(recipe_id, cook_id) VALUES (87, 30);
INSERT INTO recipe_cook(recipe_id, cook_id) VALUES (87, 10);
INSERT INTO recipe_cook(recipe_id, cook_id) VALUES (87, 19);
INSERT INTO recipe_cook(recipe_id, cook_id) VALUES (87, 114);
INSERT INTO recipe_cook(recipe_id, cook_id) VALUES (87, 96);
INSERT INTO recipe_cook(recipe_id, cook_id) VALUES (87, 164);
INSERT INTO recipe_cook(recipe_id, cook_id) VALUES (87, 153);
INSERT INTO recipe_cook(recipe_id, cook_id) VALUES (87, 157);
INSERT INTO recipe_cook(recipe_id, cook_id) VALUES (87, 160);
INSERT INTO recipe_cook(recipe_id, cook_id) VALUES (87, 116);
INSERT INTO recipe_cook(recipe_id, cook_id) VALUES (87, 193);
INSERT INTO recipe_cook(recipe_id, cook_id) VALUES (87, 35);
INSERT INTO recipe_cook(recipe_id, cook_id) VALUES (87, 52);
INSERT INTO recipe_cook(recipe_id, cook_id) VALUES (87, 51);
INSERT INTO recipe_cook(recipe_id, cook_id) VALUES (87, 179);
INSERT INTO recipe_cook(recipe_id, cook_id) VALUES (87, 126);
INSERT INTO recipe_cook(recipe_id, cook_id) VALUES (87, 113);
INSERT INTO recipe_cook(recipe_id, cook_id) VALUES (87, 74);
INSERT INTO recipe_cook(recipe_id, cook_id) VALUES (87, 58);
INSERT INTO recipe_cook(recipe_id, cook_id) VALUES (87, 176);
INSERT INTO recipe_cook(recipe_id, cook_id) VALUES (87, 95);
INSERT INTO recipe_cook(recipe_id, cook_id) VALUES (87, 21);
INSERT INTO recipe_cook(recipe_id, cook_id) VALUES (87, 56);
INSERT INTO recipe_cook(recipe_id, cook_id) VALUES (87, 105);
INSERT INTO recipe_cook(recipe_id, cook_id) VALUES (87, 68);
INSERT INTO recipe_cook(recipe_id, cook_id) VALUES (87, 167);
INSERT INTO recipe_cook(recipe_id, cook_id) VALUES (87, 102);
INSERT INTO recipe_cook(recipe_id, cook_id) VALUES (87, 161);
INSERT INTO recipe_cook(recipe_id, cook_id) VALUES (87, 165);
INSERT INTO recipe_cook(recipe_id, cook_id) VALUES (87, 75);
INSERT INTO recipe_cook(recipe_id, cook_id) VALUES (87, 4);
INSERT INTO recipe_cook(recipe_id, cook_id) VALUES (87, 81);
INSERT INTO recipe_cook(recipe_id, cook_id) VALUES (87, 86);
INSERT INTO recipe_cook(recipe_id, cook_id) VALUES (87, 13);
INSERT INTO recipe_cook(recipe_id, cook_id) VALUES (87, 154);
INSERT INTO recipe_cook(recipe_id, cook_id) VALUES (87, 5);
INSERT INTO recipe_cook(recipe_id, cook_id) VALUES (87, 158);
INSERT INTO recipe_cook(recipe_id, cook_id) VALUES (87, 186);
INSERT INTO recipe_cook(recipe_id, cook_id) VALUES (87, 1);
INSERT INTO recipe_cook(recipe_id, cook_id) VALUES (87, 180);
INSERT INTO recipe_cook(recipe_id, cook_id) VALUES (87, 100);
INSERT INTO recipe_cook(recipe_id, cook_id) VALUES (87, 53);
INSERT INTO recipe_cook(recipe_id, cook_id) VALUES (87, 73);
INSERT INTO recipe_cook(recipe_id, cook_id) VALUES (87, 70);
INSERT INTO recipe_cook(recipe_id, cook_id) VALUES (87, 146);
INSERT INTO recipe_cook(recipe_id, cook_id) VALUES (87, 44);
INSERT INTO recipe_cook(recipe_id, cook_id) VALUES (87, 24);
INSERT INTO recipe_cook(recipe_id, cook_id) VALUES (87, 88);
INSERT INTO recipe_cook(recipe_id, cook_id) VALUES (87, 94);
INSERT INTO recipe_cook(recipe_id, cook_id) VALUES (87, 152);
INSERT INTO recipe_cook(recipe_id, cook_id) VALUES (87, 140);
INSERT INTO recipe_cook(recipe_id, cook_id) VALUES (87, 123);
INSERT INTO recipe_cook(recipe_id, cook_id) VALUES (87, 64);
INSERT INTO recipe_cook(recipe_id, cook_id) VALUES (87, 120);
INSERT INTO recipe_cook(recipe_id, cook_id) VALUES (87, 131);
INSERT INTO recipe_cook(recipe_id, cook_id) VALUES (87, 178);
INSERT INTO recipe_cook(recipe_id, cook_id) VALUES (87, 155);
INSERT INTO recipe_cook(recipe_id, cook_id) VALUES (87, 133);
INSERT INTO recipe_cook(recipe_id, cook_id) VALUES (87, 46);
INSERT INTO recipe_cook(recipe_id, cook_id) VALUES (87, 89);
INSERT INTO recipe_cook(recipe_id, cook_id) VALUES (87, 80);
INSERT INTO recipe_cook(recipe_id, cook_id) VALUES (87, 191);
INSERT INTO recipe_cook(recipe_id, cook_id) VALUES (87, 110);
INSERT INTO recipe_cook(recipe_id, cook_id) VALUES (87, 9);
INSERT INTO recipe_cook(recipe_id, cook_id) VALUES (87, 57);
INSERT INTO recipe_cook(recipe_id, cook_id) VALUES (87, 55);
INSERT INTO recipe_cook(recipe_id, cook_id) VALUES (87, 138);
INSERT INTO recipe_cook(recipe_id, cook_id) VALUES (87, 49);
INSERT INTO recipe_cook(recipe_id, cook_id) VALUES (87, 103);
INSERT INTO recipe_cook(recipe_id, cook_id) VALUES (87, 197);
INSERT INTO recipe_cook(recipe_id, cook_id) VALUES (87, 11);
INSERT INTO recipe_cook(recipe_id, cook_id) VALUES (87, 177);
INSERT INTO recipe_cook(recipe_id, cook_id) VALUES (87, 175);
INSERT INTO recipe_cook(recipe_id, cook_id) VALUES (87, 200);
INSERT INTO recipe_cook(recipe_id, cook_id) VALUES (87, 144);
INSERT INTO recipe_cook(recipe_id, cook_id) VALUES (87, 171);
INSERT INTO recipe_cook(recipe_id, cook_id) VALUES (87, 127);
INSERT INTO recipe_cook(recipe_id, cook_id) VALUES (87, 147);
INSERT INTO recipe_cook(recipe_id, cook_id) VALUES (87, 7);
INSERT INTO recipe_cook(recipe_id, cook_id) VALUES (87, 43);
INSERT INTO recipe_cook(recipe_id, cook_id) VALUES (87, 3);
INSERT INTO recipe_cook(recipe_id, cook_id) VALUES (87, 29);
INSERT INTO recipe_cook(recipe_id, cook_id) VALUES (87, 38);
INSERT INTO recipe_cook(recipe_id, cook_id) VALUES (87, 33);
INSERT INTO recipe_cook(recipe_id, cook_id) VALUES (87, 98);
INSERT INTO recipe_cook(recipe_id, cook_id) VALUES (87, 107);
INSERT INTO recipe_cook(recipe_id, cook_id) VALUES (87, 23);
INSERT INTO recipe_cook(recipe_id, cook_id) VALUES (87, 112);
INSERT INTO recipe_cook(recipe_id, cook_id) VALUES (87, 125);
INSERT INTO recipe_cook(recipe_id, cook_id) VALUES (87, 59);
INSERT INTO recipe_cook(recipe_id, cook_id) VALUES (87, 77);
INSERT INTO recipe_cook(recipe_id, cook_id) VALUES (87, 196);
INSERT INTO recipe_cook(recipe_id, cook_id) VALUES (87, 182);
INSERT INTO recipe_cook(recipe_id, cook_id) VALUES (87, 136);
INSERT INTO recipe_cook(recipe_id, cook_id) VALUES (87, 37);
INSERT INTO recipe_cook(recipe_id, cook_id) VALUES (87, 115);
INSERT INTO recipe_cook(recipe_id, cook_id) VALUES (87, 174);
INSERT INTO recipe_cook(recipe_id, cook_id) VALUES (87, 40);
INSERT INTO recipe_cook(recipe_id, cook_id) VALUES (87, 71);
INSERT INTO recipe_cook(recipe_id, cook_id) VALUES (87, 20);
INSERT INTO recipe_cook(recipe_id, cook_id) VALUES (87, 26);
INSERT INTO recipe_cook(recipe_id, cook_id) VALUES (87, 50);
INSERT INTO recipe_cook(recipe_id, cook_id) VALUES (87, 117);
INSERT INTO recipe_cook(recipe_id, cook_id) VALUES (87, 54);
INSERT INTO recipe_cook(recipe_id, cook_id) VALUES (87, 142);
INSERT INTO recipe_cook(recipe_id, cook_id) VALUES (87, 170);
INSERT INTO recipe_cook(recipe_id, cook_id) VALUES (87, 31);
INSERT INTO recipe_cook(recipe_id, cook_id) VALUES (87, 76);
INSERT INTO recipe_cook(recipe_id, cook_id) VALUES (87, 2);
INSERT INTO recipe_cook(recipe_id, cook_id) VALUES (87, 194);
INSERT INTO recipe_cook(recipe_id, cook_id) VALUES (87, 22);
INSERT INTO recipe_cook(recipe_id, cook_id) VALUES (87, 93);
INSERT INTO recipe_cook(recipe_id, cook_id) VALUES (87, 62);
INSERT INTO recipe_cook(recipe_id, cook_id) VALUES (87, 189);
INSERT INTO recipe_cook(recipe_id, cook_id) VALUES (87, 106);
INSERT INTO recipe_themes(recipe_id, theme_id) VALUES (87, 9);
INSERT INTO recipe_tip(recipe_id, tip_id) VALUES (87, 36);

INSERT INTO recipe(baking, cuisine_id, difficulty, recipe_title, recipe_description, prep_time, cook_time, portions, fat_portion, protein_portion, carbs_portion, picture_uri, picture_description) VALUES(0, 23, 1,'Fish Tacos', 'Pattern science structure dinner stock big. Police fine market control. Dark task magazine front just guess. Where follow born ok.', 75, 90, 5, 5, 40,75, 'https://dummyimage.com/606x364', 'Receive cup bed our theory identify enjoy respond.');
INSERT INTO recipe_meal_type(recipe_id, meal_type_id) VALUES (88, 4);
INSERT INTO recipe_tag(recipe_id, tag_id) VALUES (88, 35);
INSERT INTO recipe_tag(recipe_id, tag_id) VALUES (88, 93);
INSERT INTO recipe_tag(recipe_id, tag_id) VALUES (88, 6);
INSERT INTO recipe_equipment(recipe_id, equipment_id, num) VALUES (88, 2, 4);
INSERT INTO recipe_equipment(recipe_id, equipment_id, num) VALUES (88, 16, 1);
INSERT INTO recipe_equipment(recipe_id, equipment_id, num) VALUES (88, 17, 1);
INSERT INTO recipe_cook(recipe_id, cook_id) VALUES (88, 167);
INSERT INTO recipe_cook(recipe_id, cook_id) VALUES (88, 90);
INSERT INTO recipe_cook(recipe_id, cook_id) VALUES (88, 111);
INSERT INTO recipe_cook(recipe_id, cook_id) VALUES (88, 123);
INSERT INTO recipe_cook(recipe_id, cook_id) VALUES (88, 78);
INSERT INTO recipe_cook(recipe_id, cook_id) VALUES (88, 59);
INSERT INTO recipe_cook(recipe_id, cook_id) VALUES (88, 6);
INSERT INTO recipe_cook(recipe_id, cook_id) VALUES (88, 15);
INSERT INTO recipe_cook(recipe_id, cook_id) VALUES (88, 7);
INSERT INTO recipe_cook(recipe_id, cook_id) VALUES (88, 51);
INSERT INTO recipe_cook(recipe_id, cook_id) VALUES (88, 137);
INSERT INTO recipe_cook(recipe_id, cook_id) VALUES (88, 156);
INSERT INTO recipe_cook(recipe_id, cook_id) VALUES (88, 98);
INSERT INTO recipe_cook(recipe_id, cook_id) VALUES (88, 175);
INSERT INTO recipe_cook(recipe_id, cook_id) VALUES (88, 176);
INSERT INTO recipe_cook(recipe_id, cook_id) VALUES (88, 5);
INSERT INTO recipe_cook(recipe_id, cook_id) VALUES (88, 142);
INSERT INTO recipe_cook(recipe_id, cook_id) VALUES (88, 124);
INSERT INTO recipe_cook(recipe_id, cook_id) VALUES (88, 14);
INSERT INTO recipe_cook(recipe_id, cook_id) VALUES (88, 100);
INSERT INTO recipe_cook(recipe_id, cook_id) VALUES (88, 97);
INSERT INTO recipe_cook(recipe_id, cook_id) VALUES (88, 179);
INSERT INTO recipe_cook(recipe_id, cook_id) VALUES (88, 33);
INSERT INTO recipe_cook(recipe_id, cook_id) VALUES (88, 198);
INSERT INTO recipe_cook(recipe_id, cook_id) VALUES (88, 110);
INSERT INTO recipe_cook(recipe_id, cook_id) VALUES (88, 141);
INSERT INTO recipe_cook(recipe_id, cook_id) VALUES (88, 36);
INSERT INTO recipe_cook(recipe_id, cook_id) VALUES (88, 30);
INSERT INTO recipe_cook(recipe_id, cook_id) VALUES (88, 113);
INSERT INTO recipe_cook(recipe_id, cook_id) VALUES (88, 31);
INSERT INTO recipe_cook(recipe_id, cook_id) VALUES (88, 158);
INSERT INTO recipe_cook(recipe_id, cook_id) VALUES (88, 95);
INSERT INTO recipe_cook(recipe_id, cook_id) VALUES (88, 91);
INSERT INTO recipe_cook(recipe_id, cook_id) VALUES (88, 50);
INSERT INTO recipe_cook(recipe_id, cook_id) VALUES (88, 88);
INSERT INTO recipe_cook(recipe_id, cook_id) VALUES (88, 112);
INSERT INTO recipe_cook(recipe_id, cook_id) VALUES (88, 193);
INSERT INTO recipe_cook(recipe_id, cook_id) VALUES (88, 61);
INSERT INTO recipe_cook(recipe_id, cook_id) VALUES (88, 60);
INSERT INTO recipe_cook(recipe_id, cook_id) VALUES (88, 24);
INSERT INTO recipe_cook(recipe_id, cook_id) VALUES (88, 151);
INSERT INTO recipe_cook(recipe_id, cook_id) VALUES (88, 3);
INSERT INTO recipe_cook(recipe_id, cook_id) VALUES (88, 195);
INSERT INTO recipe_cook(recipe_id, cook_id) VALUES (88, 106);
INSERT INTO recipe_cook(recipe_id, cook_id) VALUES (88, 138);
INSERT INTO recipe_cook(recipe_id, cook_id) VALUES (88, 146);
INSERT INTO recipe_cook(recipe_id, cook_id) VALUES (88, 12);
INSERT INTO recipe_cook(recipe_id, cook_id) VALUES (88, 4);
INSERT INTO recipe_cook(recipe_id, cook_id) VALUES (88, 64);
INSERT INTO recipe_cook(recipe_id, cook_id) VALUES (88, 164);
INSERT INTO recipe_cook(recipe_id, cook_id) VALUES (88, 20);
INSERT INTO recipe_cook(recipe_id, cook_id) VALUES (88, 160);
INSERT INTO recipe_cook(recipe_id, cook_id) VALUES (88, 178);
INSERT INTO recipe_cook(recipe_id, cook_id) VALUES (88, 172);
INSERT INTO recipe_cook(recipe_id, cook_id) VALUES (88, 47);
INSERT INTO recipe_cook(recipe_id, cook_id) VALUES (88, 73);
INSERT INTO recipe_cook(recipe_id, cook_id) VALUES (88, 154);
INSERT INTO recipe_cook(recipe_id, cook_id) VALUES (88, 81);
INSERT INTO recipe_themes(recipe_id, theme_id) VALUES (88, 39);
INSERT INTO recipe_themes(recipe_id, theme_id) VALUES (88, 16);
INSERT INTO recipe_tip(recipe_id, tip_id) VALUES (88, 9);
INSERT INTO recipe_tip(recipe_id, tip_id) VALUES (88, 39);

INSERT INTO recipe(baking, cuisine_id, difficulty, recipe_title, recipe_description, prep_time, cook_time, portions, fat_portion, protein_portion, carbs_portion, picture_uri, picture_description) VALUES(0, 17, 5,'Black Forest Cake', 'Card history suddenly save theory sometimes. Now bank yourself kind American nature property event. Difference reason despite themselves key specific certainly. During again partner study increase.', 45, 70, 3, 15, 35,45, 'https://picsum.photos/393/844', 'Ok physical thousand without section religious word.');
INSERT INTO recipe_meal_type(recipe_id, meal_type_id) VALUES (89, 3);
INSERT INTO recipe_tag(recipe_id, tag_id) VALUES (89, 100);
INSERT INTO recipe_tag(recipe_id, tag_id) VALUES (89, 71);
INSERT INTO recipe_tag(recipe_id, tag_id) VALUES (89, 38);
INSERT INTO recipe_tag(recipe_id, tag_id) VALUES (89, 84);
INSERT INTO recipe_tag(recipe_id, tag_id) VALUES (89, 32);
INSERT INTO recipe_tag(recipe_id, tag_id) VALUES (89, 68);
INSERT INTO recipe_equipment(recipe_id, equipment_id, num) VALUES (89, 11, 3);
INSERT INTO recipe_equipment(recipe_id, equipment_id, num) VALUES (89, 18, 3);
INSERT INTO recipe_equipment(recipe_id, equipment_id, num) VALUES (89, 17, 2);
INSERT INTO recipe_equipment(recipe_id, equipment_id, num) VALUES (89, 4, 4);
INSERT INTO recipe_equipment(recipe_id, equipment_id, num) VALUES (89, 2, 4);
INSERT INTO recipe_cook(recipe_id, cook_id) VALUES (89, 106);
INSERT INTO recipe_cook(recipe_id, cook_id) VALUES (89, 181);
INSERT INTO recipe_cook(recipe_id, cook_id) VALUES (89, 160);
INSERT INTO recipe_cook(recipe_id, cook_id) VALUES (89, 125);
INSERT INTO recipe_cook(recipe_id, cook_id) VALUES (89, 72);
INSERT INTO recipe_cook(recipe_id, cook_id) VALUES (89, 21);
INSERT INTO recipe_cook(recipe_id, cook_id) VALUES (89, 53);
INSERT INTO recipe_cook(recipe_id, cook_id) VALUES (89, 36);
INSERT INTO recipe_cook(recipe_id, cook_id) VALUES (89, 134);
INSERT INTO recipe_cook(recipe_id, cook_id) VALUES (89, 60);
INSERT INTO recipe_cook(recipe_id, cook_id) VALUES (89, 79);
INSERT INTO recipe_cook(recipe_id, cook_id) VALUES (89, 142);
INSERT INTO recipe_cook(recipe_id, cook_id) VALUES (89, 54);
INSERT INTO recipe_cook(recipe_id, cook_id) VALUES (89, 32);
INSERT INTO recipe_cook(recipe_id, cook_id) VALUES (89, 96);
INSERT INTO recipe_cook(recipe_id, cook_id) VALUES (89, 37);
INSERT INTO recipe_cook(recipe_id, cook_id) VALUES (89, 10);
INSERT INTO recipe_cook(recipe_id, cook_id) VALUES (89, 61);
INSERT INTO recipe_cook(recipe_id, cook_id) VALUES (89, 179);
INSERT INTO recipe_cook(recipe_id, cook_id) VALUES (89, 113);
INSERT INTO recipe_cook(recipe_id, cook_id) VALUES (89, 167);
INSERT INTO recipe_cook(recipe_id, cook_id) VALUES (89, 117);
INSERT INTO recipe_cook(recipe_id, cook_id) VALUES (89, 30);
INSERT INTO recipe_cook(recipe_id, cook_id) VALUES (89, 6);
INSERT INTO recipe_cook(recipe_id, cook_id) VALUES (89, 128);
INSERT INTO recipe_cook(recipe_id, cook_id) VALUES (89, 9);
INSERT INTO recipe_cook(recipe_id, cook_id) VALUES (89, 70);
INSERT INTO recipe_cook(recipe_id, cook_id) VALUES (89, 196);
INSERT INTO recipe_cook(recipe_id, cook_id) VALUES (89, 151);
INSERT INTO recipe_cook(recipe_id, cook_id) VALUES (89, 99);
INSERT INTO recipe_cook(recipe_id, cook_id) VALUES (89, 77);
INSERT INTO recipe_cook(recipe_id, cook_id) VALUES (89, 22);
INSERT INTO recipe_cook(recipe_id, cook_id) VALUES (89, 16);
INSERT INTO recipe_cook(recipe_id, cook_id) VALUES (89, 173);
INSERT INTO recipe_cook(recipe_id, cook_id) VALUES (89, 157);
INSERT INTO recipe_cook(recipe_id, cook_id) VALUES (89, 171);
INSERT INTO recipe_cook(recipe_id, cook_id) VALUES (89, 127);
INSERT INTO recipe_cook(recipe_id, cook_id) VALUES (89, 5);
INSERT INTO recipe_cook(recipe_id, cook_id) VALUES (89, 98);
INSERT INTO recipe_cook(recipe_id, cook_id) VALUES (89, 165);
INSERT INTO recipe_cook(recipe_id, cook_id) VALUES (89, 114);
INSERT INTO recipe_cook(recipe_id, cook_id) VALUES (89, 12);
INSERT INTO recipe_cook(recipe_id, cook_id) VALUES (89, 58);
INSERT INTO recipe_cook(recipe_id, cook_id) VALUES (89, 194);
INSERT INTO recipe_cook(recipe_id, cook_id) VALUES (89, 162);
INSERT INTO recipe_cook(recipe_id, cook_id) VALUES (89, 48);
INSERT INTO recipe_cook(recipe_id, cook_id) VALUES (89, 111);
INSERT INTO recipe_cook(recipe_id, cook_id) VALUES (89, 137);
INSERT INTO recipe_cook(recipe_id, cook_id) VALUES (89, 14);
INSERT INTO recipe_cook(recipe_id, cook_id) VALUES (89, 190);
INSERT INTO recipe_cook(recipe_id, cook_id) VALUES (89, 175);
INSERT INTO recipe_cook(recipe_id, cook_id) VALUES (89, 139);
INSERT INTO recipe_cook(recipe_id, cook_id) VALUES (89, 90);
INSERT INTO recipe_cook(recipe_id, cook_id) VALUES (89, 7);
INSERT INTO recipe_cook(recipe_id, cook_id) VALUES (89, 87);
INSERT INTO recipe_cook(recipe_id, cook_id) VALUES (89, 68);
INSERT INTO recipe_cook(recipe_id, cook_id) VALUES (89, 56);
INSERT INTO recipe_cook(recipe_id, cook_id) VALUES (89, 8);
INSERT INTO recipe_cook(recipe_id, cook_id) VALUES (89, 88);
INSERT INTO recipe_cook(recipe_id, cook_id) VALUES (89, 112);
INSERT INTO recipe_cook(recipe_id, cook_id) VALUES (89, 110);
INSERT INTO recipe_cook(recipe_id, cook_id) VALUES (89, 15);
INSERT INTO recipe_cook(recipe_id, cook_id) VALUES (89, 28);
INSERT INTO recipe_cook(recipe_id, cook_id) VALUES (89, 100);
INSERT INTO recipe_cook(recipe_id, cook_id) VALUES (89, 74);
INSERT INTO recipe_cook(recipe_id, cook_id) VALUES (89, 119);
INSERT INTO recipe_cook(recipe_id, cook_id) VALUES (89, 109);
INSERT INTO recipe_cook(recipe_id, cook_id) VALUES (89, 133);
INSERT INTO recipe_cook(recipe_id, cook_id) VALUES (89, 67);
INSERT INTO recipe_cook(recipe_id, cook_id) VALUES (89, 42);
INSERT INTO recipe_cook(recipe_id, cook_id) VALUES (89, 156);
INSERT INTO recipe_cook(recipe_id, cook_id) VALUES (89, 120);
INSERT INTO recipe_cook(recipe_id, cook_id) VALUES (89, 183);
INSERT INTO recipe_cook(recipe_id, cook_id) VALUES (89, 17);
INSERT INTO recipe_cook(recipe_id, cook_id) VALUES (89, 182);
INSERT INTO recipe_cook(recipe_id, cook_id) VALUES (89, 2);
INSERT INTO recipe_cook(recipe_id, cook_id) VALUES (89, 193);
INSERT INTO recipe_cook(recipe_id, cook_id) VALUES (89, 103);
INSERT INTO recipe_cook(recipe_id, cook_id) VALUES (89, 189);
INSERT INTO recipe_cook(recipe_id, cook_id) VALUES (89, 124);
INSERT INTO recipe_cook(recipe_id, cook_id) VALUES (89, 11);
INSERT INTO recipe_cook(recipe_id, cook_id) VALUES (89, 187);
INSERT INTO recipe_cook(recipe_id, cook_id) VALUES (89, 161);
INSERT INTO recipe_cook(recipe_id, cook_id) VALUES (89, 174);
INSERT INTO recipe_cook(recipe_id, cook_id) VALUES (89, 38);
INSERT INTO recipe_cook(recipe_id, cook_id) VALUES (89, 44);
INSERT INTO recipe_cook(recipe_id, cook_id) VALUES (89, 136);
INSERT INTO recipe_cook(recipe_id, cook_id) VALUES (89, 51);
INSERT INTO recipe_cook(recipe_id, cook_id) VALUES (89, 163);
INSERT INTO recipe_themes(recipe_id, theme_id) VALUES (89, 18);
INSERT INTO recipe_themes(recipe_id, theme_id) VALUES (89, 24);
INSERT INTO recipe_themes(recipe_id, theme_id) VALUES (89, 17);
INSERT INTO recipe_tip(recipe_id, tip_id) VALUES (89, 39);
INSERT INTO recipe_tip(recipe_id, tip_id) VALUES (89, 1);
INSERT INTO recipe_tip(recipe_id, tip_id) VALUES (89, 8);

INSERT INTO recipe(baking, cuisine_id, difficulty, recipe_title, recipe_description, prep_time, cook_time, portions, fat_portion, protein_portion, carbs_portion, picture_uri, picture_description) VALUES(0, 29, 1,'Fried Rice', 'Have tonight view floor ground when. Focus still reflect somebody. Can wonder six medical little finish southern page.', 85, 0, 3, 35, 50,85, 'https://dummyimage.com/713x458', 'Off apply peace market job.');
INSERT INTO recipe_meal_type(recipe_id, meal_type_id) VALUES (90, 1);
INSERT INTO recipe_tag(recipe_id, tag_id) VALUES (90, 53);
INSERT INTO recipe_tag(recipe_id, tag_id) VALUES (90, 8);
INSERT INTO recipe_tag(recipe_id, tag_id) VALUES (90, 75);
INSERT INTO recipe_tag(recipe_id, tag_id) VALUES (90, 11);
INSERT INTO recipe_equipment(recipe_id, equipment_id, num) VALUES (90, 20, 3);
INSERT INTO recipe_equipment(recipe_id, equipment_id, num) VALUES (90, 18, 3);
INSERT INTO recipe_equipment(recipe_id, equipment_id, num) VALUES (90, 11, 3);
INSERT INTO recipe_equipment(recipe_id, equipment_id, num) VALUES (90, 3, 4);
INSERT INTO recipe_equipment(recipe_id, equipment_id, num) VALUES (90, 15, 3);
INSERT INTO recipe_cook(recipe_id, cook_id) VALUES (90, 67);
INSERT INTO recipe_cook(recipe_id, cook_id) VALUES (90, 197);
INSERT INTO recipe_cook(recipe_id, cook_id) VALUES (90, 71);
INSERT INTO recipe_cook(recipe_id, cook_id) VALUES (90, 200);
INSERT INTO recipe_cook(recipe_id, cook_id) VALUES (90, 127);
INSERT INTO recipe_cook(recipe_id, cook_id) VALUES (90, 33);
INSERT INTO recipe_cook(recipe_id, cook_id) VALUES (90, 59);
INSERT INTO recipe_cook(recipe_id, cook_id) VALUES (90, 162);
INSERT INTO recipe_cook(recipe_id, cook_id) VALUES (90, 45);
INSERT INTO recipe_cook(recipe_id, cook_id) VALUES (90, 38);
INSERT INTO recipe_cook(recipe_id, cook_id) VALUES (90, 159);
INSERT INTO recipe_cook(recipe_id, cook_id) VALUES (90, 168);
INSERT INTO recipe_cook(recipe_id, cook_id) VALUES (90, 13);
INSERT INTO recipe_cook(recipe_id, cook_id) VALUES (90, 60);
INSERT INTO recipe_cook(recipe_id, cook_id) VALUES (90, 30);
INSERT INTO recipe_cook(recipe_id, cook_id) VALUES (90, 189);
INSERT INTO recipe_cook(recipe_id, cook_id) VALUES (90, 10);
INSERT INTO recipe_cook(recipe_id, cook_id) VALUES (90, 48);
INSERT INTO recipe_cook(recipe_id, cook_id) VALUES (90, 176);
INSERT INTO recipe_cook(recipe_id, cook_id) VALUES (90, 130);
INSERT INTO recipe_cook(recipe_id, cook_id) VALUES (90, 113);
INSERT INTO recipe_cook(recipe_id, cook_id) VALUES (90, 149);
INSERT INTO recipe_cook(recipe_id, cook_id) VALUES (90, 82);
INSERT INTO recipe_cook(recipe_id, cook_id) VALUES (90, 11);
INSERT INTO recipe_cook(recipe_id, cook_id) VALUES (90, 142);
INSERT INTO recipe_cook(recipe_id, cook_id) VALUES (90, 194);
INSERT INTO recipe_cook(recipe_id, cook_id) VALUES (90, 16);
INSERT INTO recipe_cook(recipe_id, cook_id) VALUES (90, 199);
INSERT INTO recipe_cook(recipe_id, cook_id) VALUES (90, 66);
INSERT INTO recipe_cook(recipe_id, cook_id) VALUES (90, 5);
INSERT INTO recipe_cook(recipe_id, cook_id) VALUES (90, 91);
INSERT INTO recipe_cook(recipe_id, cook_id) VALUES (90, 139);
INSERT INTO recipe_cook(recipe_id, cook_id) VALUES (90, 12);
INSERT INTO recipe_cook(recipe_id, cook_id) VALUES (90, 154);
INSERT INTO recipe_cook(recipe_id, cook_id) VALUES (90, 61);
INSERT INTO recipe_cook(recipe_id, cook_id) VALUES (90, 90);
INSERT INTO recipe_cook(recipe_id, cook_id) VALUES (90, 28);
INSERT INTO recipe_cook(recipe_id, cook_id) VALUES (90, 20);
INSERT INTO recipe_cook(recipe_id, cook_id) VALUES (90, 181);
INSERT INTO recipe_cook(recipe_id, cook_id) VALUES (90, 114);
INSERT INTO recipe_cook(recipe_id, cook_id) VALUES (90, 29);
INSERT INTO recipe_cook(recipe_id, cook_id) VALUES (90, 131);
INSERT INTO recipe_cook(recipe_id, cook_id) VALUES (90, 163);
INSERT INTO recipe_cook(recipe_id, cook_id) VALUES (90, 166);
INSERT INTO recipe_cook(recipe_id, cook_id) VALUES (90, 53);
INSERT INTO recipe_cook(recipe_id, cook_id) VALUES (90, 84);
INSERT INTO recipe_cook(recipe_id, cook_id) VALUES (90, 147);
INSERT INTO recipe_themes(recipe_id, theme_id) VALUES (90, 27);
INSERT INTO recipe_themes(recipe_id, theme_id) VALUES (90, 5);
INSERT INTO recipe_tip(recipe_id, tip_id) VALUES (90, 28);
INSERT INTO recipe_tip(recipe_id, tip_id) VALUES (90, 19);
INSERT INTO recipe_tip(recipe_id, tip_id) VALUES (90, 10);

INSERT INTO recipe(baking, cuisine_id, difficulty, recipe_title, recipe_description, prep_time, cook_time, portions, fat_portion, protein_portion, carbs_portion, picture_uri, picture_description) VALUES(1, 19, 5,'French Onion Soup', 'Large practice time live relationship as great. Now water road require make.', 15, 20, 3, 0, 20,20, 'https://picsum.photos/273/811', 'Finally recent fight discussion sometimes meet imagine.');
INSERT INTO recipe_meal_type(recipe_id, meal_type_id) VALUES (91, 6);
INSERT INTO recipe_tag(recipe_id, tag_id) VALUES (91, 14);
INSERT INTO recipe_equipment(recipe_id, equipment_id, num) VALUES (91, 7, 2);
INSERT INTO recipe_equipment(recipe_id, equipment_id, num) VALUES (91, 11, 4);
INSERT INTO recipe_equipment(recipe_id, equipment_id, num) VALUES (91, 17, 3);
INSERT INTO recipe_equipment(recipe_id, equipment_id, num) VALUES (91, 18, 3);
INSERT INTO recipe_equipment(recipe_id, equipment_id, num) VALUES (91, 12, 1);
INSERT INTO recipe_equipment(recipe_id, equipment_id, num) VALUES (91, 4, 3);
INSERT INTO recipe_equipment(recipe_id, equipment_id, num) VALUES (91, 20, 3);
INSERT INTO recipe_cook(recipe_id, cook_id) VALUES (91, 9);
INSERT INTO recipe_cook(recipe_id, cook_id) VALUES (91, 169);
INSERT INTO recipe_cook(recipe_id, cook_id) VALUES (91, 186);
INSERT INTO recipe_cook(recipe_id, cook_id) VALUES (91, 39);
INSERT INTO recipe_cook(recipe_id, cook_id) VALUES (91, 98);
INSERT INTO recipe_cook(recipe_id, cook_id) VALUES (91, 167);
INSERT INTO recipe_cook(recipe_id, cook_id) VALUES (91, 21);
INSERT INTO recipe_cook(recipe_id, cook_id) VALUES (91, 20);
INSERT INTO recipe_cook(recipe_id, cook_id) VALUES (91, 58);
INSERT INTO recipe_cook(recipe_id, cook_id) VALUES (91, 145);
INSERT INTO recipe_cook(recipe_id, cook_id) VALUES (91, 129);
INSERT INTO recipe_cook(recipe_id, cook_id) VALUES (91, 148);
INSERT INTO recipe_cook(recipe_id, cook_id) VALUES (91, 162);
INSERT INTO recipe_cook(recipe_id, cook_id) VALUES (91, 141);
INSERT INTO recipe_cook(recipe_id, cook_id) VALUES (91, 108);
INSERT INTO recipe_cook(recipe_id, cook_id) VALUES (91, 138);
INSERT INTO recipe_cook(recipe_id, cook_id) VALUES (91, 32);
INSERT INTO recipe_cook(recipe_id, cook_id) VALUES (91, 136);
INSERT INTO recipe_cook(recipe_id, cook_id) VALUES (91, 14);
INSERT INTO recipe_cook(recipe_id, cook_id) VALUES (91, 156);
INSERT INTO recipe_cook(recipe_id, cook_id) VALUES (91, 121);
INSERT INTO recipe_cook(recipe_id, cook_id) VALUES (91, 199);
INSERT INTO recipe_cook(recipe_id, cook_id) VALUES (91, 135);
INSERT INTO recipe_cook(recipe_id, cook_id) VALUES (91, 134);
INSERT INTO recipe_cook(recipe_id, cook_id) VALUES (91, 113);
INSERT INTO recipe_cook(recipe_id, cook_id) VALUES (91, 82);
INSERT INTO recipe_cook(recipe_id, cook_id) VALUES (91, 69);
INSERT INTO recipe_cook(recipe_id, cook_id) VALUES (91, 50);
INSERT INTO recipe_cook(recipe_id, cook_id) VALUES (91, 189);
INSERT INTO recipe_cook(recipe_id, cook_id) VALUES (91, 76);
INSERT INTO recipe_cook(recipe_id, cook_id) VALUES (91, 63);
INSERT INTO recipe_cook(recipe_id, cook_id) VALUES (91, 85);
INSERT INTO recipe_cook(recipe_id, cook_id) VALUES (91, 170);
INSERT INTO recipe_cook(recipe_id, cook_id) VALUES (91, 93);
INSERT INTO recipe_cook(recipe_id, cook_id) VALUES (91, 60);
INSERT INTO recipe_cook(recipe_id, cook_id) VALUES (91, 117);
INSERT INTO recipe_cook(recipe_id, cook_id) VALUES (91, 81);
INSERT INTO recipe_cook(recipe_id, cook_id) VALUES (91, 30);
INSERT INTO recipe_cook(recipe_id, cook_id) VALUES (91, 62);
INSERT INTO recipe_cook(recipe_id, cook_id) VALUES (91, 114);
INSERT INTO recipe_cook(recipe_id, cook_id) VALUES (91, 105);
INSERT INTO recipe_cook(recipe_id, cook_id) VALUES (91, 195);
INSERT INTO recipe_cook(recipe_id, cook_id) VALUES (91, 194);
INSERT INTO recipe_cook(recipe_id, cook_id) VALUES (91, 91);
INSERT INTO recipe_cook(recipe_id, cook_id) VALUES (91, 144);
INSERT INTO recipe_cook(recipe_id, cook_id) VALUES (91, 130);
INSERT INTO recipe_cook(recipe_id, cook_id) VALUES (91, 193);
INSERT INTO recipe_cook(recipe_id, cook_id) VALUES (91, 159);
INSERT INTO recipe_cook(recipe_id, cook_id) VALUES (91, 124);
INSERT INTO recipe_cook(recipe_id, cook_id) VALUES (91, 59);
INSERT INTO recipe_cook(recipe_id, cook_id) VALUES (91, 115);
INSERT INTO recipe_cook(recipe_id, cook_id) VALUES (91, 198);
INSERT INTO recipe_cook(recipe_id, cook_id) VALUES (91, 151);
INSERT INTO recipe_cook(recipe_id, cook_id) VALUES (91, 146);
INSERT INTO recipe_cook(recipe_id, cook_id) VALUES (91, 33);
INSERT INTO recipe_cook(recipe_id, cook_id) VALUES (91, 185);
INSERT INTO recipe_cook(recipe_id, cook_id) VALUES (91, 168);
INSERT INTO recipe_cook(recipe_id, cook_id) VALUES (91, 160);
INSERT INTO recipe_cook(recipe_id, cook_id) VALUES (91, 36);
INSERT INTO recipe_cook(recipe_id, cook_id) VALUES (91, 67);
INSERT INTO recipe_cook(recipe_id, cook_id) VALUES (91, 74);
INSERT INTO recipe_cook(recipe_id, cook_id) VALUES (91, 88);
INSERT INTO recipe_cook(recipe_id, cook_id) VALUES (91, 164);
INSERT INTO recipe_cook(recipe_id, cook_id) VALUES (91, 31);
INSERT INTO recipe_cook(recipe_id, cook_id) VALUES (91, 158);
INSERT INTO recipe_cook(recipe_id, cook_id) VALUES (91, 143);
INSERT INTO recipe_cook(recipe_id, cook_id) VALUES (91, 149);
INSERT INTO recipe_cook(recipe_id, cook_id) VALUES (91, 155);
INSERT INTO recipe_cook(recipe_id, cook_id) VALUES (91, 38);
INSERT INTO recipe_cook(recipe_id, cook_id) VALUES (91, 127);
INSERT INTO recipe_cook(recipe_id, cook_id) VALUES (91, 51);
INSERT INTO recipe_cook(recipe_id, cook_id) VALUES (91, 47);
INSERT INTO recipe_cook(recipe_id, cook_id) VALUES (91, 165);
INSERT INTO recipe_cook(recipe_id, cook_id) VALUES (91, 2);
INSERT INTO recipe_cook(recipe_id, cook_id) VALUES (91, 22);
INSERT INTO recipe_cook(recipe_id, cook_id) VALUES (91, 16);
INSERT INTO recipe_cook(recipe_id, cook_id) VALUES (91, 54);
INSERT INTO recipe_cook(recipe_id, cook_id) VALUES (91, 34);
INSERT INTO recipe_cook(recipe_id, cook_id) VALUES (91, 196);
INSERT INTO recipe_cook(recipe_id, cook_id) VALUES (91, 71);
INSERT INTO recipe_cook(recipe_id, cook_id) VALUES (91, 92);
INSERT INTO recipe_cook(recipe_id, cook_id) VALUES (91, 61);
INSERT INTO recipe_cook(recipe_id, cook_id) VALUES (91, 96);
INSERT INTO recipe_cook(recipe_id, cook_id) VALUES (91, 13);
INSERT INTO recipe_cook(recipe_id, cook_id) VALUES (91, 17);
INSERT INTO recipe_cook(recipe_id, cook_id) VALUES (91, 112);
INSERT INTO recipe_cook(recipe_id, cook_id) VALUES (91, 5);
INSERT INTO recipe_cook(recipe_id, cook_id) VALUES (91, 107);
INSERT INTO recipe_cook(recipe_id, cook_id) VALUES (91, 56);
INSERT INTO recipe_cook(recipe_id, cook_id) VALUES (91, 4);
INSERT INTO recipe_cook(recipe_id, cook_id) VALUES (91, 89);
INSERT INTO recipe_cook(recipe_id, cook_id) VALUES (91, 126);
INSERT INTO recipe_cook(recipe_id, cook_id) VALUES (91, 10);
INSERT INTO recipe_cook(recipe_id, cook_id) VALUES (91, 116);
INSERT INTO recipe_cook(recipe_id, cook_id) VALUES (91, 66);
INSERT INTO recipe_cook(recipe_id, cook_id) VALUES (91, 68);
INSERT INTO recipe_cook(recipe_id, cook_id) VALUES (91, 173);
INSERT INTO recipe_cook(recipe_id, cook_id) VALUES (91, 55);
INSERT INTO recipe_cook(recipe_id, cook_id) VALUES (91, 46);
INSERT INTO recipe_cook(recipe_id, cook_id) VALUES (91, 176);
INSERT INTO recipe_cook(recipe_id, cook_id) VALUES (91, 52);
INSERT INTO recipe_cook(recipe_id, cook_id) VALUES (91, 90);
INSERT INTO recipe_cook(recipe_id, cook_id) VALUES (91, 72);
INSERT INTO recipe_cook(recipe_id, cook_id) VALUES (91, 137);
INSERT INTO recipe_cook(recipe_id, cook_id) VALUES (91, 120);
INSERT INTO recipe_cook(recipe_id, cook_id) VALUES (91, 132);
INSERT INTO recipe_cook(recipe_id, cook_id) VALUES (91, 125);
INSERT INTO recipe_cook(recipe_id, cook_id) VALUES (91, 44);
INSERT INTO recipe_cook(recipe_id, cook_id) VALUES (91, 153);
INSERT INTO recipe_cook(recipe_id, cook_id) VALUES (91, 171);
INSERT INTO recipe_cook(recipe_id, cook_id) VALUES (91, 78);
INSERT INTO recipe_cook(recipe_id, cook_id) VALUES (91, 79);
INSERT INTO recipe_cook(recipe_id, cook_id) VALUES (91, 182);
INSERT INTO recipe_cook(recipe_id, cook_id) VALUES (91, 6);
INSERT INTO recipe_cook(recipe_id, cook_id) VALUES (91, 177);
INSERT INTO recipe_cook(recipe_id, cook_id) VALUES (91, 102);
INSERT INTO recipe_cook(recipe_id, cook_id) VALUES (91, 192);
INSERT INTO recipe_cook(recipe_id, cook_id) VALUES (91, 53);
INSERT INTO recipe_cook(recipe_id, cook_id) VALUES (91, 191);
INSERT INTO recipe_cook(recipe_id, cook_id) VALUES (91, 84);
INSERT INTO recipe_cook(recipe_id, cook_id) VALUES (91, 150);
INSERT INTO recipe_cook(recipe_id, cook_id) VALUES (91, 95);
INSERT INTO recipe_cook(recipe_id, cook_id) VALUES (91, 188);
INSERT INTO recipe_cook(recipe_id, cook_id) VALUES (91, 18);
INSERT INTO recipe_cook(recipe_id, cook_id) VALUES (91, 24);
INSERT INTO recipe_cook(recipe_id, cook_id) VALUES (91, 106);
INSERT INTO recipe_cook(recipe_id, cook_id) VALUES (91, 11);
INSERT INTO recipe_cook(recipe_id, cook_id) VALUES (91, 154);
INSERT INTO recipe_cook(recipe_id, cook_id) VALUES (91, 1);
INSERT INTO recipe_cook(recipe_id, cook_id) VALUES (91, 48);
INSERT INTO recipe_cook(recipe_id, cook_id) VALUES (91, 172);
INSERT INTO recipe_cook(recipe_id, cook_id) VALUES (91, 49);
INSERT INTO recipe_cook(recipe_id, cook_id) VALUES (91, 42);
INSERT INTO recipe_cook(recipe_id, cook_id) VALUES (91, 57);
INSERT INTO recipe_cook(recipe_id, cook_id) VALUES (91, 23);
INSERT INTO recipe_cook(recipe_id, cook_id) VALUES (91, 142);
INSERT INTO recipe_cook(recipe_id, cook_id) VALUES (91, 128);
INSERT INTO recipe_cook(recipe_id, cook_id) VALUES (91, 15);
INSERT INTO recipe_cook(recipe_id, cook_id) VALUES (91, 73);
INSERT INTO recipe_cook(recipe_id, cook_id) VALUES (91, 184);
INSERT INTO recipe_cook(recipe_id, cook_id) VALUES (91, 109);
INSERT INTO recipe_cook(recipe_id, cook_id) VALUES (91, 111);
INSERT INTO recipe_cook(recipe_id, cook_id) VALUES (91, 37);
INSERT INTO recipe_cook(recipe_id, cook_id) VALUES (91, 123);
INSERT INTO recipe_cook(recipe_id, cook_id) VALUES (91, 187);
INSERT INTO recipe_cook(recipe_id, cook_id) VALUES (91, 110);
INSERT INTO recipe_cook(recipe_id, cook_id) VALUES (91, 147);
INSERT INTO recipe_cook(recipe_id, cook_id) VALUES (91, 28);
INSERT INTO recipe_cook(recipe_id, cook_id) VALUES (91, 19);
INSERT INTO recipe_cook(recipe_id, cook_id) VALUES (91, 183);
INSERT INTO recipe_themes(recipe_id, theme_id) VALUES (91, 21);
INSERT INTO recipe_themes(recipe_id, theme_id) VALUES (91, 12);
INSERT INTO recipe_tip(recipe_id, tip_id) VALUES (91, 3);

INSERT INTO recipe(baking, cuisine_id, difficulty, recipe_title, recipe_description, prep_time, cook_time, portions, fat_portion, protein_portion, carbs_portion, picture_uri, picture_description) VALUES(0, 8, 3,'Nachos', 'Fire according participant Republican group build within pass. Including claim create woman similar writer structure. Power manager build. Behind idea red rate. High listen suggest consumer find concern.', 55, 70, 4, 15, 10,45, 'https://dummyimage.com/881x516', 'Continue husband dinner worry.');
INSERT INTO recipe_meal_type(recipe_id, meal_type_id) VALUES (92, 2);
INSERT INTO recipe_tag(recipe_id, tag_id) VALUES (92, 78);
INSERT INTO recipe_tag(recipe_id, tag_id) VALUES (92, 97);
INSERT INTO recipe_tag(recipe_id, tag_id) VALUES (92, 14);
INSERT INTO recipe_tag(recipe_id, tag_id) VALUES (92, 30);
INSERT INTO recipe_tag(recipe_id, tag_id) VALUES (92, 86);
INSERT INTO recipe_equipment(recipe_id, equipment_id, num) VALUES (92, 5, 4);
INSERT INTO recipe_equipment(recipe_id, equipment_id, num) VALUES (92, 4, 3);
INSERT INTO recipe_equipment(recipe_id, equipment_id, num) VALUES (92, 7, 1);
INSERT INTO recipe_equipment(recipe_id, equipment_id, num) VALUES (92, 17, 1);
INSERT INTO recipe_equipment(recipe_id, equipment_id, num) VALUES (92, 6, 4);
INSERT INTO recipe_cook(recipe_id, cook_id) VALUES (92, 154);
INSERT INTO recipe_cook(recipe_id, cook_id) VALUES (92, 11);
INSERT INTO recipe_cook(recipe_id, cook_id) VALUES (92, 139);
INSERT INTO recipe_cook(recipe_id, cook_id) VALUES (92, 138);
INSERT INTO recipe_cook(recipe_id, cook_id) VALUES (92, 50);
INSERT INTO recipe_cook(recipe_id, cook_id) VALUES (92, 2);
INSERT INTO recipe_cook(recipe_id, cook_id) VALUES (92, 126);
INSERT INTO recipe_cook(recipe_id, cook_id) VALUES (92, 7);
INSERT INTO recipe_themes(recipe_id, theme_id) VALUES (92, 14);
INSERT INTO recipe_themes(recipe_id, theme_id) VALUES (92, 19);
INSERT INTO recipe_tip(recipe_id, tip_id) VALUES (92, 28);
INSERT INTO recipe_tip(recipe_id, tip_id) VALUES (92, 29);
INSERT INTO recipe_tip(recipe_id, tip_id) VALUES (92, 34);

INSERT INTO recipe(baking, cuisine_id, difficulty, recipe_title, recipe_description, prep_time, cook_time, portions, fat_portion, protein_portion, carbs_portion, picture_uri, picture_description) VALUES(1, 32, 3,'Hummus', 'Later behind election these article news. Believe ability world actually force fill.', 25, 20, 3, 55, 50,15, 'https://picsum.photos/767/142', 'Pm marriage movement wish best.');
INSERT INTO recipe_meal_type(recipe_id, meal_type_id) VALUES (93, 4);
INSERT INTO recipe_tag(recipe_id, tag_id) VALUES (93, 11);
INSERT INTO recipe_tag(recipe_id, tag_id) VALUES (93, 96);
INSERT INTO recipe_tag(recipe_id, tag_id) VALUES (93, 29);
INSERT INTO recipe_tag(recipe_id, tag_id) VALUES (93, 94);
INSERT INTO recipe_tag(recipe_id, tag_id) VALUES (93, 10);
INSERT INTO recipe_tag(recipe_id, tag_id) VALUES (93, 42);
INSERT INTO recipe_equipment(recipe_id, equipment_id, num) VALUES (93, 17, 1);
INSERT INTO recipe_equipment(recipe_id, equipment_id, num) VALUES (93, 11, 2);
INSERT INTO recipe_equipment(recipe_id, equipment_id, num) VALUES (93, 9, 3);
INSERT INTO recipe_equipment(recipe_id, equipment_id, num) VALUES (93, 15, 3);
INSERT INTO recipe_cook(recipe_id, cook_id) VALUES (93, 189);
INSERT INTO recipe_cook(recipe_id, cook_id) VALUES (93, 132);
INSERT INTO recipe_cook(recipe_id, cook_id) VALUES (93, 173);
INSERT INTO recipe_cook(recipe_id, cook_id) VALUES (93, 19);
INSERT INTO recipe_cook(recipe_id, cook_id) VALUES (93, 181);
INSERT INTO recipe_cook(recipe_id, cook_id) VALUES (93, 177);
INSERT INTO recipe_cook(recipe_id, cook_id) VALUES (93, 81);
INSERT INTO recipe_cook(recipe_id, cook_id) VALUES (93, 10);
INSERT INTO recipe_cook(recipe_id, cook_id) VALUES (93, 111);
INSERT INTO recipe_cook(recipe_id, cook_id) VALUES (93, 26);
INSERT INTO recipe_cook(recipe_id, cook_id) VALUES (93, 196);
INSERT INTO recipe_cook(recipe_id, cook_id) VALUES (93, 134);
INSERT INTO recipe_cook(recipe_id, cook_id) VALUES (93, 82);
INSERT INTO recipe_cook(recipe_id, cook_id) VALUES (93, 49);
INSERT INTO recipe_cook(recipe_id, cook_id) VALUES (93, 143);
INSERT INTO recipe_cook(recipe_id, cook_id) VALUES (93, 170);
INSERT INTO recipe_cook(recipe_id, cook_id) VALUES (93, 161);
INSERT INTO recipe_cook(recipe_id, cook_id) VALUES (93, 193);
INSERT INTO recipe_cook(recipe_id, cook_id) VALUES (93, 163);
INSERT INTO recipe_cook(recipe_id, cook_id) VALUES (93, 184);
INSERT INTO recipe_cook(recipe_id, cook_id) VALUES (93, 3);
INSERT INTO recipe_cook(recipe_id, cook_id) VALUES (93, 63);
INSERT INTO recipe_cook(recipe_id, cook_id) VALUES (93, 36);
INSERT INTO recipe_cook(recipe_id, cook_id) VALUES (93, 151);
INSERT INTO recipe_cook(recipe_id, cook_id) VALUES (93, 97);
INSERT INTO recipe_cook(recipe_id, cook_id) VALUES (93, 57);
INSERT INTO recipe_cook(recipe_id, cook_id) VALUES (93, 198);
INSERT INTO recipe_cook(recipe_id, cook_id) VALUES (93, 51);
INSERT INTO recipe_cook(recipe_id, cook_id) VALUES (93, 68);
INSERT INTO recipe_cook(recipe_id, cook_id) VALUES (93, 121);
INSERT INTO recipe_cook(recipe_id, cook_id) VALUES (93, 39);
INSERT INTO recipe_cook(recipe_id, cook_id) VALUES (93, 125);
INSERT INTO recipe_cook(recipe_id, cook_id) VALUES (93, 48);
INSERT INTO recipe_cook(recipe_id, cook_id) VALUES (93, 128);
INSERT INTO recipe_cook(recipe_id, cook_id) VALUES (93, 73);
INSERT INTO recipe_cook(recipe_id, cook_id) VALUES (93, 34);
INSERT INTO recipe_cook(recipe_id, cook_id) VALUES (93, 174);
INSERT INTO recipe_cook(recipe_id, cook_id) VALUES (93, 182);
INSERT INTO recipe_cook(recipe_id, cook_id) VALUES (93, 23);
INSERT INTO recipe_cook(recipe_id, cook_id) VALUES (93, 133);
INSERT INTO recipe_cook(recipe_id, cook_id) VALUES (93, 55);
INSERT INTO recipe_cook(recipe_id, cook_id) VALUES (93, 1);
INSERT INTO recipe_cook(recipe_id, cook_id) VALUES (93, 112);
INSERT INTO recipe_cook(recipe_id, cook_id) VALUES (93, 18);
INSERT INTO recipe_cook(recipe_id, cook_id) VALUES (93, 126);
INSERT INTO recipe_cook(recipe_id, cook_id) VALUES (93, 186);
INSERT INTO recipe_cook(recipe_id, cook_id) VALUES (93, 54);
INSERT INTO recipe_cook(recipe_id, cook_id) VALUES (93, 46);
INSERT INTO recipe_cook(recipe_id, cook_id) VALUES (93, 183);
INSERT INTO recipe_cook(recipe_id, cook_id) VALUES (93, 108);
INSERT INTO recipe_cook(recipe_id, cook_id) VALUES (93, 172);
INSERT INTO recipe_cook(recipe_id, cook_id) VALUES (93, 98);
INSERT INTO recipe_cook(recipe_id, cook_id) VALUES (93, 61);
INSERT INTO recipe_cook(recipe_id, cook_id) VALUES (93, 90);
INSERT INTO recipe_cook(recipe_id, cook_id) VALUES (93, 124);
INSERT INTO recipe_cook(recipe_id, cook_id) VALUES (93, 136);
INSERT INTO recipe_cook(recipe_id, cook_id) VALUES (93, 47);
INSERT INTO recipe_cook(recipe_id, cook_id) VALUES (93, 77);
INSERT INTO recipe_cook(recipe_id, cook_id) VALUES (93, 60);
INSERT INTO recipe_cook(recipe_id, cook_id) VALUES (93, 75);
INSERT INTO recipe_cook(recipe_id, cook_id) VALUES (93, 169);
INSERT INTO recipe_cook(recipe_id, cook_id) VALUES (93, 156);
INSERT INTO recipe_cook(recipe_id, cook_id) VALUES (93, 101);
INSERT INTO recipe_cook(recipe_id, cook_id) VALUES (93, 92);
INSERT INTO recipe_cook(recipe_id, cook_id) VALUES (93, 146);
INSERT INTO recipe_cook(recipe_id, cook_id) VALUES (93, 76);
INSERT INTO recipe_cook(recipe_id, cook_id) VALUES (93, 25);
INSERT INTO recipe_cook(recipe_id, cook_id) VALUES (93, 175);
INSERT INTO recipe_cook(recipe_id, cook_id) VALUES (93, 29);
INSERT INTO recipe_cook(recipe_id, cook_id) VALUES (93, 74);
INSERT INTO recipe_cook(recipe_id, cook_id) VALUES (93, 195);
INSERT INTO recipe_cook(recipe_id, cook_id) VALUES (93, 115);
INSERT INTO recipe_cook(recipe_id, cook_id) VALUES (93, 84);
INSERT INTO recipe_cook(recipe_id, cook_id) VALUES (93, 32);
INSERT INTO recipe_cook(recipe_id, cook_id) VALUES (93, 85);
INSERT INTO recipe_cook(recipe_id, cook_id) VALUES (93, 160);
INSERT INTO recipe_cook(recipe_id, cook_id) VALUES (93, 15);
INSERT INTO recipe_cook(recipe_id, cook_id) VALUES (93, 162);
INSERT INTO recipe_cook(recipe_id, cook_id) VALUES (93, 142);
INSERT INTO recipe_cook(recipe_id, cook_id) VALUES (93, 41);
INSERT INTO recipe_cook(recipe_id, cook_id) VALUES (93, 139);
INSERT INTO recipe_cook(recipe_id, cook_id) VALUES (93, 145);
INSERT INTO recipe_cook(recipe_id, cook_id) VALUES (93, 45);
INSERT INTO recipe_cook(recipe_id, cook_id) VALUES (93, 147);
INSERT INTO recipe_cook(recipe_id, cook_id) VALUES (93, 164);
INSERT INTO recipe_cook(recipe_id, cook_id) VALUES (93, 91);
INSERT INTO recipe_cook(recipe_id, cook_id) VALUES (93, 17);
INSERT INTO recipe_cook(recipe_id, cook_id) VALUES (93, 100);
INSERT INTO recipe_cook(recipe_id, cook_id) VALUES (93, 62);
INSERT INTO recipe_cook(recipe_id, cook_id) VALUES (93, 130);
INSERT INTO recipe_cook(recipe_id, cook_id) VALUES (93, 104);
INSERT INTO recipe_cook(recipe_id, cook_id) VALUES (93, 179);
INSERT INTO recipe_cook(recipe_id, cook_id) VALUES (93, 155);
INSERT INTO recipe_cook(recipe_id, cook_id) VALUES (93, 53);
INSERT INTO recipe_cook(recipe_id, cook_id) VALUES (93, 88);
INSERT INTO recipe_cook(recipe_id, cook_id) VALUES (93, 31);
INSERT INTO recipe_cook(recipe_id, cook_id) VALUES (93, 4);
INSERT INTO recipe_cook(recipe_id, cook_id) VALUES (93, 38);
INSERT INTO recipe_cook(recipe_id, cook_id) VALUES (93, 35);
INSERT INTO recipe_cook(recipe_id, cook_id) VALUES (93, 65);
INSERT INTO recipe_cook(recipe_id, cook_id) VALUES (93, 28);
INSERT INTO recipe_cook(recipe_id, cook_id) VALUES (93, 107);
INSERT INTO recipe_cook(recipe_id, cook_id) VALUES (93, 8);
INSERT INTO recipe_cook(recipe_id, cook_id) VALUES (93, 72);
INSERT INTO recipe_cook(recipe_id, cook_id) VALUES (93, 42);
INSERT INTO recipe_cook(recipe_id, cook_id) VALUES (93, 165);
INSERT INTO recipe_cook(recipe_id, cook_id) VALUES (93, 87);
INSERT INTO recipe_cook(recipe_id, cook_id) VALUES (93, 171);
INSERT INTO recipe_cook(recipe_id, cook_id) VALUES (93, 99);
INSERT INTO recipe_cook(recipe_id, cook_id) VALUES (93, 116);
INSERT INTO recipe_cook(recipe_id, cook_id) VALUES (93, 190);
INSERT INTO recipe_cook(recipe_id, cook_id) VALUES (93, 140);
INSERT INTO recipe_cook(recipe_id, cook_id) VALUES (93, 52);
INSERT INTO recipe_cook(recipe_id, cook_id) VALUES (93, 95);
INSERT INTO recipe_cook(recipe_id, cook_id) VALUES (93, 7);
INSERT INTO recipe_cook(recipe_id, cook_id) VALUES (93, 102);
INSERT INTO recipe_cook(recipe_id, cook_id) VALUES (93, 109);
INSERT INTO recipe_cook(recipe_id, cook_id) VALUES (93, 199);
INSERT INTO recipe_cook(recipe_id, cook_id) VALUES (93, 44);
INSERT INTO recipe_cook(recipe_id, cook_id) VALUES (93, 6);
INSERT INTO recipe_cook(recipe_id, cook_id) VALUES (93, 40);
INSERT INTO recipe_cook(recipe_id, cook_id) VALUES (93, 58);
INSERT INTO recipe_cook(recipe_id, cook_id) VALUES (93, 137);
INSERT INTO recipe_cook(recipe_id, cook_id) VALUES (93, 83);
INSERT INTO recipe_cook(recipe_id, cook_id) VALUES (93, 131);
INSERT INTO recipe_cook(recipe_id, cook_id) VALUES (93, 22);
INSERT INTO recipe_cook(recipe_id, cook_id) VALUES (93, 69);
INSERT INTO recipe_cook(recipe_id, cook_id) VALUES (93, 27);
INSERT INTO recipe_cook(recipe_id, cook_id) VALUES (93, 119);
INSERT INTO recipe_cook(recipe_id, cook_id) VALUES (93, 43);
INSERT INTO recipe_cook(recipe_id, cook_id) VALUES (93, 114);
INSERT INTO recipe_cook(recipe_id, cook_id) VALUES (93, 180);
INSERT INTO recipe_cook(recipe_id, cook_id) VALUES (93, 135);
INSERT INTO recipe_cook(recipe_id, cook_id) VALUES (93, 187);
INSERT INTO recipe_cook(recipe_id, cook_id) VALUES (93, 12);
INSERT INTO recipe_cook(recipe_id, cook_id) VALUES (93, 71);
INSERT INTO recipe_cook(recipe_id, cook_id) VALUES (93, 153);
INSERT INTO recipe_cook(recipe_id, cook_id) VALUES (93, 50);
INSERT INTO recipe_cook(recipe_id, cook_id) VALUES (93, 167);
INSERT INTO recipe_cook(recipe_id, cook_id) VALUES (93, 178);
INSERT INTO recipe_cook(recipe_id, cook_id) VALUES (93, 5);
INSERT INTO recipe_cook(recipe_id, cook_id) VALUES (93, 96);
INSERT INTO recipe_cook(recipe_id, cook_id) VALUES (93, 110);
INSERT INTO recipe_cook(recipe_id, cook_id) VALUES (93, 94);
INSERT INTO recipe_cook(recipe_id, cook_id) VALUES (93, 14);
INSERT INTO recipe_cook(recipe_id, cook_id) VALUES (93, 24);
INSERT INTO recipe_cook(recipe_id, cook_id) VALUES (93, 120);
INSERT INTO recipe_cook(recipe_id, cook_id) VALUES (93, 13);
INSERT INTO recipe_cook(recipe_id, cook_id) VALUES (93, 11);
INSERT INTO recipe_cook(recipe_id, cook_id) VALUES (93, 154);
INSERT INTO recipe_cook(recipe_id, cook_id) VALUES (93, 191);
INSERT INTO recipe_cook(recipe_id, cook_id) VALUES (93, 64);
INSERT INTO recipe_cook(recipe_id, cook_id) VALUES (93, 176);
INSERT INTO recipe_cook(recipe_id, cook_id) VALUES (93, 197);
INSERT INTO recipe_cook(recipe_id, cook_id) VALUES (93, 106);
INSERT INTO recipe_cook(recipe_id, cook_id) VALUES (93, 89);
INSERT INTO recipe_cook(recipe_id, cook_id) VALUES (93, 141);
INSERT INTO recipe_cook(recipe_id, cook_id) VALUES (93, 166);
INSERT INTO recipe_cook(recipe_id, cook_id) VALUES (93, 56);
INSERT INTO recipe_cook(recipe_id, cook_id) VALUES (93, 148);
INSERT INTO recipe_cook(recipe_id, cook_id) VALUES (93, 16);
INSERT INTO recipe_cook(recipe_id, cook_id) VALUES (93, 159);
INSERT INTO recipe_themes(recipe_id, theme_id) VALUES (93, 2);
INSERT INTO recipe_tip(recipe_id, tip_id) VALUES (93, 7);
INSERT INTO recipe_tip(recipe_id, tip_id) VALUES (93, 33);
INSERT INTO recipe_tip(recipe_id, tip_id) VALUES (93, 26);

INSERT INTO recipe(baking, cuisine_id, difficulty, recipe_title, recipe_description, prep_time, cook_time, portions, fat_portion, protein_portion, carbs_portion, picture_uri, picture_description) VALUES(0, 15, 2,'Garlic Bread', 'Hear computer key suffer sign medical sport knowledge. Although Mr when wait southern find fact give. Operation cold between cover.', 15, 40, 1, 30, 50,60, 'https://dummyimage.com/317x690', 'Story six want protect assume east center.');
INSERT INTO recipe_meal_type(recipe_id, meal_type_id) VALUES (94, 5);
INSERT INTO recipe_tag(recipe_id, tag_id) VALUES (94, 95);
INSERT INTO recipe_tag(recipe_id, tag_id) VALUES (94, 35);
INSERT INTO recipe_tag(recipe_id, tag_id) VALUES (94, 11);
INSERT INTO recipe_equipment(recipe_id, equipment_id, num) VALUES (94, 3, 1);
INSERT INTO recipe_equipment(recipe_id, equipment_id, num) VALUES (94, 17, 3);
INSERT INTO recipe_equipment(recipe_id, equipment_id, num) VALUES (94, 14, 3);
INSERT INTO recipe_cook(recipe_id, cook_id) VALUES (94, 4);
INSERT INTO recipe_cook(recipe_id, cook_id) VALUES (94, 191);
INSERT INTO recipe_cook(recipe_id, cook_id) VALUES (94, 139);
INSERT INTO recipe_cook(recipe_id, cook_id) VALUES (94, 155);
INSERT INTO recipe_cook(recipe_id, cook_id) VALUES (94, 39);
INSERT INTO recipe_cook(recipe_id, cook_id) VALUES (94, 25);
INSERT INTO recipe_themes(recipe_id, theme_id) VALUES (94, 38);
INSERT INTO recipe_themes(recipe_id, theme_id) VALUES (94, 26);
INSERT INTO recipe_themes(recipe_id, theme_id) VALUES (94, 13);
INSERT INTO recipe_tip(recipe_id, tip_id) VALUES (94, 20);
INSERT INTO recipe_tip(recipe_id, tip_id) VALUES (94, 21);
INSERT INTO recipe_tip(recipe_id, tip_id) VALUES (94, 28);

INSERT INTO recipe(baking, cuisine_id, difficulty, recipe_title, recipe_description, prep_time, cook_time, portions, fat_portion, protein_portion, carbs_portion, picture_uri, picture_description) VALUES(1, 13, 1,'Rice Pudding', 'Among around word lose such process. Better mind professional fly month offer mother hour. Poor executive career shake fall phone identify.', 55, 100, 5, 35, 30,45, 'https://dummyimage.com/772x168', 'Make focus machine.');
INSERT INTO recipe_meal_type(recipe_id, meal_type_id) VALUES (95, 2);
INSERT INTO recipe_tag(recipe_id, tag_id) VALUES (95, 12);
INSERT INTO recipe_tag(recipe_id, tag_id) VALUES (95, 29);
INSERT INTO recipe_tag(recipe_id, tag_id) VALUES (95, 53);
INSERT INTO recipe_tag(recipe_id, tag_id) VALUES (95, 72);
INSERT INTO recipe_tag(recipe_id, tag_id) VALUES (95, 36);
INSERT INTO recipe_tag(recipe_id, tag_id) VALUES (95, 62);
INSERT INTO recipe_tag(recipe_id, tag_id) VALUES (95, 37);
INSERT INTO recipe_equipment(recipe_id, equipment_id, num) VALUES (95, 17, 3);
INSERT INTO recipe_equipment(recipe_id, equipment_id, num) VALUES (95, 8, 2);
INSERT INTO recipe_equipment(recipe_id, equipment_id, num) VALUES (95, 13, 3);
INSERT INTO recipe_equipment(recipe_id, equipment_id, num) VALUES (95, 1, 3);
INSERT INTO recipe_equipment(recipe_id, equipment_id, num) VALUES (95, 16, 4);
INSERT INTO recipe_equipment(recipe_id, equipment_id, num) VALUES (95, 12, 4);
INSERT INTO recipe_equipment(recipe_id, equipment_id, num) VALUES (95, 7, 2);
INSERT INTO recipe_cook(recipe_id, cook_id) VALUES (95, 196);
INSERT INTO recipe_cook(recipe_id, cook_id) VALUES (95, 140);
INSERT INTO recipe_cook(recipe_id, cook_id) VALUES (95, 183);
INSERT INTO recipe_cook(recipe_id, cook_id) VALUES (95, 28);
INSERT INTO recipe_cook(recipe_id, cook_id) VALUES (95, 116);
INSERT INTO recipe_cook(recipe_id, cook_id) VALUES (95, 58);
INSERT INTO recipe_cook(recipe_id, cook_id) VALUES (95, 148);
INSERT INTO recipe_cook(recipe_id, cook_id) VALUES (95, 7);
INSERT INTO recipe_cook(recipe_id, cook_id) VALUES (95, 102);
INSERT INTO recipe_cook(recipe_id, cook_id) VALUES (95, 60);
INSERT INTO recipe_cook(recipe_id, cook_id) VALUES (95, 115);
INSERT INTO recipe_cook(recipe_id, cook_id) VALUES (95, 95);
INSERT INTO recipe_cook(recipe_id, cook_id) VALUES (95, 123);
INSERT INTO recipe_cook(recipe_id, cook_id) VALUES (95, 145);
INSERT INTO recipe_cook(recipe_id, cook_id) VALUES (95, 197);
INSERT INTO recipe_cook(recipe_id, cook_id) VALUES (95, 165);
INSERT INTO recipe_cook(recipe_id, cook_id) VALUES (95, 80);
INSERT INTO recipe_cook(recipe_id, cook_id) VALUES (95, 86);
INSERT INTO recipe_cook(recipe_id, cook_id) VALUES (95, 37);
INSERT INTO recipe_cook(recipe_id, cook_id) VALUES (95, 162);
INSERT INTO recipe_cook(recipe_id, cook_id) VALUES (95, 22);
INSERT INTO recipe_cook(recipe_id, cook_id) VALUES (95, 25);
INSERT INTO recipe_cook(recipe_id, cook_id) VALUES (95, 144);
INSERT INTO recipe_cook(recipe_id, cook_id) VALUES (95, 44);
INSERT INTO recipe_cook(recipe_id, cook_id) VALUES (95, 54);
INSERT INTO recipe_cook(recipe_id, cook_id) VALUES (95, 126);
INSERT INTO recipe_cook(recipe_id, cook_id) VALUES (95, 152);
INSERT INTO recipe_cook(recipe_id, cook_id) VALUES (95, 64);
INSERT INTO recipe_cook(recipe_id, cook_id) VALUES (95, 180);
INSERT INTO recipe_cook(recipe_id, cook_id) VALUES (95, 182);
INSERT INTO recipe_cook(recipe_id, cook_id) VALUES (95, 104);
INSERT INTO recipe_cook(recipe_id, cook_id) VALUES (95, 158);
INSERT INTO recipe_cook(recipe_id, cook_id) VALUES (95, 122);
INSERT INTO recipe_cook(recipe_id, cook_id) VALUES (95, 134);
INSERT INTO recipe_cook(recipe_id, cook_id) VALUES (95, 146);
INSERT INTO recipe_cook(recipe_id, cook_id) VALUES (95, 191);
INSERT INTO recipe_cook(recipe_id, cook_id) VALUES (95, 16);
INSERT INTO recipe_cook(recipe_id, cook_id) VALUES (95, 127);
INSERT INTO recipe_cook(recipe_id, cook_id) VALUES (95, 65);
INSERT INTO recipe_cook(recipe_id, cook_id) VALUES (95, 106);
INSERT INTO recipe_cook(recipe_id, cook_id) VALUES (95, 184);
INSERT INTO recipe_cook(recipe_id, cook_id) VALUES (95, 87);
INSERT INTO recipe_cook(recipe_id, cook_id) VALUES (95, 39);
INSERT INTO recipe_cook(recipe_id, cook_id) VALUES (95, 10);
INSERT INTO recipe_cook(recipe_id, cook_id) VALUES (95, 83);
INSERT INTO recipe_cook(recipe_id, cook_id) VALUES (95, 187);
INSERT INTO recipe_cook(recipe_id, cook_id) VALUES (95, 154);
INSERT INTO recipe_cook(recipe_id, cook_id) VALUES (95, 105);
INSERT INTO recipe_cook(recipe_id, cook_id) VALUES (95, 2);
INSERT INTO recipe_cook(recipe_id, cook_id) VALUES (95, 69);
INSERT INTO recipe_cook(recipe_id, cook_id) VALUES (95, 176);
INSERT INTO recipe_cook(recipe_id, cook_id) VALUES (95, 178);
INSERT INTO recipe_cook(recipe_id, cook_id) VALUES (95, 175);
INSERT INTO recipe_cook(recipe_id, cook_id) VALUES (95, 199);
INSERT INTO recipe_cook(recipe_id, cook_id) VALUES (95, 128);
INSERT INTO recipe_cook(recipe_id, cook_id) VALUES (95, 81);
INSERT INTO recipe_cook(recipe_id, cook_id) VALUES (95, 61);
INSERT INTO recipe_cook(recipe_id, cook_id) VALUES (95, 156);
INSERT INTO recipe_cook(recipe_id, cook_id) VALUES (95, 119);
INSERT INTO recipe_cook(recipe_id, cook_id) VALUES (95, 124);
INSERT INTO recipe_cook(recipe_id, cook_id) VALUES (95, 132);
INSERT INTO recipe_cook(recipe_id, cook_id) VALUES (95, 21);
INSERT INTO recipe_cook(recipe_id, cook_id) VALUES (95, 27);
INSERT INTO recipe_cook(recipe_id, cook_id) VALUES (95, 109);
INSERT INTO recipe_cook(recipe_id, cook_id) VALUES (95, 20);
INSERT INTO recipe_cook(recipe_id, cook_id) VALUES (95, 97);
INSERT INTO recipe_cook(recipe_id, cook_id) VALUES (95, 33);
INSERT INTO recipe_cook(recipe_id, cook_id) VALUES (95, 4);
INSERT INTO recipe_cook(recipe_id, cook_id) VALUES (95, 42);
INSERT INTO recipe_cook(recipe_id, cook_id) VALUES (95, 32);
INSERT INTO recipe_cook(recipe_id, cook_id) VALUES (95, 43);
INSERT INTO recipe_cook(recipe_id, cook_id) VALUES (95, 51);
INSERT INTO recipe_cook(recipe_id, cook_id) VALUES (95, 113);
INSERT INTO recipe_cook(recipe_id, cook_id) VALUES (95, 112);
INSERT INTO recipe_cook(recipe_id, cook_id) VALUES (95, 125);
INSERT INTO recipe_cook(recipe_id, cook_id) VALUES (95, 15);
INSERT INTO recipe_cook(recipe_id, cook_id) VALUES (95, 5);
INSERT INTO recipe_cook(recipe_id, cook_id) VALUES (95, 114);
INSERT INTO recipe_cook(recipe_id, cook_id) VALUES (95, 55);
INSERT INTO recipe_cook(recipe_id, cook_id) VALUES (95, 173);
INSERT INTO recipe_cook(recipe_id, cook_id) VALUES (95, 172);
INSERT INTO recipe_cook(recipe_id, cook_id) VALUES (95, 155);
INSERT INTO recipe_cook(recipe_id, cook_id) VALUES (95, 103);
INSERT INTO recipe_cook(recipe_id, cook_id) VALUES (95, 68);
INSERT INTO recipe_cook(recipe_id, cook_id) VALUES (95, 63);
INSERT INTO recipe_cook(recipe_id, cook_id) VALUES (95, 18);
INSERT INTO recipe_cook(recipe_id, cook_id) VALUES (95, 96);
INSERT INTO recipe_cook(recipe_id, cook_id) VALUES (95, 163);
INSERT INTO recipe_cook(recipe_id, cook_id) VALUES (95, 71);
INSERT INTO recipe_cook(recipe_id, cook_id) VALUES (95, 150);
INSERT INTO recipe_cook(recipe_id, cook_id) VALUES (95, 52);
INSERT INTO recipe_cook(recipe_id, cook_id) VALUES (95, 174);
INSERT INTO recipe_cook(recipe_id, cook_id) VALUES (95, 38);
INSERT INTO recipe_cook(recipe_id, cook_id) VALUES (95, 164);
INSERT INTO recipe_cook(recipe_id, cook_id) VALUES (95, 56);
INSERT INTO recipe_cook(recipe_id, cook_id) VALUES (95, 108);
INSERT INTO recipe_themes(recipe_id, theme_id) VALUES (95, 18);
INSERT INTO recipe_themes(recipe_id, theme_id) VALUES (95, 34);
INSERT INTO recipe_themes(recipe_id, theme_id) VALUES (95, 21);
INSERT INTO recipe_tip(recipe_id, tip_id) VALUES (95, 24);
INSERT INTO recipe_tip(recipe_id, tip_id) VALUES (95, 37);
INSERT INTO recipe_tip(recipe_id, tip_id) VALUES (95, 11);

INSERT INTO recipe(baking, cuisine_id, difficulty, recipe_title, recipe_description, prep_time, cook_time, portions, fat_portion, protein_portion, carbs_portion, picture_uri, picture_description) VALUES(1, 48, 2,'Chocolate Chip Cookies', 'Yeah side side recognize month among water. Throughout security number community finish. Move another field.', 35, 80, 4, 0, 25,65, 'https://placekitten.com/385/720', 'Statement range its.');
INSERT INTO recipe_meal_type(recipe_id, meal_type_id) VALUES (96, 6);
INSERT INTO recipe_tag(recipe_id, tag_id) VALUES (96, 20);
INSERT INTO recipe_tag(recipe_id, tag_id) VALUES (96, 61);
INSERT INTO recipe_tag(recipe_id, tag_id) VALUES (96, 9);
INSERT INTO recipe_equipment(recipe_id, equipment_id, num) VALUES (96, 10, 1);
INSERT INTO recipe_equipment(recipe_id, equipment_id, num) VALUES (96, 7, 3);
INSERT INTO recipe_equipment(recipe_id, equipment_id, num) VALUES (96, 19, 3);
INSERT INTO recipe_cook(recipe_id, cook_id) VALUES (96, 25);
INSERT INTO recipe_cook(recipe_id, cook_id) VALUES (96, 138);
INSERT INTO recipe_cook(recipe_id, cook_id) VALUES (96, 118);
INSERT INTO recipe_cook(recipe_id, cook_id) VALUES (96, 85);
INSERT INTO recipe_cook(recipe_id, cook_id) VALUES (96, 200);
INSERT INTO recipe_cook(recipe_id, cook_id) VALUES (96, 16);
INSERT INTO recipe_cook(recipe_id, cook_id) VALUES (96, 160);
INSERT INTO recipe_cook(recipe_id, cook_id) VALUES (96, 120);
INSERT INTO recipe_cook(recipe_id, cook_id) VALUES (96, 153);
INSERT INTO recipe_cook(recipe_id, cook_id) VALUES (96, 41);
INSERT INTO recipe_cook(recipe_id, cook_id) VALUES (96, 18);
INSERT INTO recipe_cook(recipe_id, cook_id) VALUES (96, 90);
INSERT INTO recipe_cook(recipe_id, cook_id) VALUES (96, 163);
INSERT INTO recipe_cook(recipe_id, cook_id) VALUES (96, 144);
INSERT INTO recipe_cook(recipe_id, cook_id) VALUES (96, 58);
INSERT INTO recipe_cook(recipe_id, cook_id) VALUES (96, 89);
INSERT INTO recipe_cook(recipe_id, cook_id) VALUES (96, 161);
INSERT INTO recipe_cook(recipe_id, cook_id) VALUES (96, 4);
INSERT INTO recipe_cook(recipe_id, cook_id) VALUES (96, 50);
INSERT INTO recipe_cook(recipe_id, cook_id) VALUES (96, 71);
INSERT INTO recipe_cook(recipe_id, cook_id) VALUES (96, 73);
INSERT INTO recipe_cook(recipe_id, cook_id) VALUES (96, 110);
INSERT INTO recipe_cook(recipe_id, cook_id) VALUES (96, 150);
INSERT INTO recipe_cook(recipe_id, cook_id) VALUES (96, 79);
INSERT INTO recipe_cook(recipe_id, cook_id) VALUES (96, 95);
INSERT INTO recipe_cook(recipe_id, cook_id) VALUES (96, 194);
INSERT INTO recipe_cook(recipe_id, cook_id) VALUES (96, 104);
INSERT INTO recipe_cook(recipe_id, cook_id) VALUES (96, 66);
INSERT INTO recipe_cook(recipe_id, cook_id) VALUES (96, 187);
INSERT INTO recipe_cook(recipe_id, cook_id) VALUES (96, 139);
INSERT INTO recipe_cook(recipe_id, cook_id) VALUES (96, 165);
INSERT INTO recipe_cook(recipe_id, cook_id) VALUES (96, 169);
INSERT INTO recipe_cook(recipe_id, cook_id) VALUES (96, 52);
INSERT INTO recipe_cook(recipe_id, cook_id) VALUES (96, 20);
INSERT INTO recipe_cook(recipe_id, cook_id) VALUES (96, 152);
INSERT INTO recipe_cook(recipe_id, cook_id) VALUES (96, 40);
INSERT INTO recipe_cook(recipe_id, cook_id) VALUES (96, 27);
INSERT INTO recipe_cook(recipe_id, cook_id) VALUES (96, 56);
INSERT INTO recipe_cook(recipe_id, cook_id) VALUES (96, 72);
INSERT INTO recipe_cook(recipe_id, cook_id) VALUES (96, 46);
INSERT INTO recipe_cook(recipe_id, cook_id) VALUES (96, 68);
INSERT INTO recipe_cook(recipe_id, cook_id) VALUES (96, 145);
INSERT INTO recipe_cook(recipe_id, cook_id) VALUES (96, 164);
INSERT INTO recipe_cook(recipe_id, cook_id) VALUES (96, 33);
INSERT INTO recipe_cook(recipe_id, cook_id) VALUES (96, 134);
INSERT INTO recipe_cook(recipe_id, cook_id) VALUES (96, 151);
INSERT INTO recipe_cook(recipe_id, cook_id) VALUES (96, 99);
INSERT INTO recipe_cook(recipe_id, cook_id) VALUES (96, 197);
INSERT INTO recipe_cook(recipe_id, cook_id) VALUES (96, 148);
INSERT INTO recipe_cook(recipe_id, cook_id) VALUES (96, 181);
INSERT INTO recipe_cook(recipe_id, cook_id) VALUES (96, 122);
INSERT INTO recipe_cook(recipe_id, cook_id) VALUES (96, 54);
INSERT INTO recipe_cook(recipe_id, cook_id) VALUES (96, 44);
INSERT INTO recipe_cook(recipe_id, cook_id) VALUES (96, 1);
INSERT INTO recipe_cook(recipe_id, cook_id) VALUES (96, 60);
INSERT INTO recipe_cook(recipe_id, cook_id) VALUES (96, 188);
INSERT INTO recipe_cook(recipe_id, cook_id) VALUES (96, 24);
INSERT INTO recipe_cook(recipe_id, cook_id) VALUES (96, 38);
INSERT INTO recipe_cook(recipe_id, cook_id) VALUES (96, 37);
INSERT INTO recipe_cook(recipe_id, cook_id) VALUES (96, 43);
INSERT INTO recipe_cook(recipe_id, cook_id) VALUES (96, 178);
INSERT INTO recipe_cook(recipe_id, cook_id) VALUES (96, 147);
INSERT INTO recipe_cook(recipe_id, cook_id) VALUES (96, 83);
INSERT INTO recipe_cook(recipe_id, cook_id) VALUES (96, 167);
INSERT INTO recipe_cook(recipe_id, cook_id) VALUES (96, 14);
INSERT INTO recipe_cook(recipe_id, cook_id) VALUES (96, 36);
INSERT INTO recipe_cook(recipe_id, cook_id) VALUES (96, 131);
INSERT INTO recipe_cook(recipe_id, cook_id) VALUES (96, 113);
INSERT INTO recipe_cook(recipe_id, cook_id) VALUES (96, 109);
INSERT INTO recipe_cook(recipe_id, cook_id) VALUES (96, 121);
INSERT INTO recipe_cook(recipe_id, cook_id) VALUES (96, 84);
INSERT INTO recipe_cook(recipe_id, cook_id) VALUES (96, 78);
INSERT INTO recipe_cook(recipe_id, cook_id) VALUES (96, 31);
INSERT INTO recipe_cook(recipe_id, cook_id) VALUES (96, 128);
INSERT INTO recipe_cook(recipe_id, cook_id) VALUES (96, 162);
INSERT INTO recipe_cook(recipe_id, cook_id) VALUES (96, 51);
INSERT INTO recipe_cook(recipe_id, cook_id) VALUES (96, 49);
INSERT INTO recipe_cook(recipe_id, cook_id) VALUES (96, 100);
INSERT INTO recipe_cook(recipe_id, cook_id) VALUES (96, 182);
INSERT INTO recipe_cook(recipe_id, cook_id) VALUES (96, 91);
INSERT INTO recipe_cook(recipe_id, cook_id) VALUES (96, 61);
INSERT INTO recipe_cook(recipe_id, cook_id) VALUES (96, 184);
INSERT INTO recipe_cook(recipe_id, cook_id) VALUES (96, 170);
INSERT INTO recipe_cook(recipe_id, cook_id) VALUES (96, 108);
INSERT INTO recipe_cook(recipe_id, cook_id) VALUES (96, 67);
INSERT INTO recipe_cook(recipe_id, cook_id) VALUES (96, 191);
INSERT INTO recipe_cook(recipe_id, cook_id) VALUES (96, 175);
INSERT INTO recipe_cook(recipe_id, cook_id) VALUES (96, 11);
INSERT INTO recipe_cook(recipe_id, cook_id) VALUES (96, 129);
INSERT INTO recipe_cook(recipe_id, cook_id) VALUES (96, 117);
INSERT INTO recipe_cook(recipe_id, cook_id) VALUES (96, 28);
INSERT INTO recipe_cook(recipe_id, cook_id) VALUES (96, 22);
INSERT INTO recipe_cook(recipe_id, cook_id) VALUES (96, 82);
INSERT INTO recipe_cook(recipe_id, cook_id) VALUES (96, 107);
INSERT INTO recipe_cook(recipe_id, cook_id) VALUES (96, 135);
INSERT INTO recipe_cook(recipe_id, cook_id) VALUES (96, 92);
INSERT INTO recipe_cook(recipe_id, cook_id) VALUES (96, 19);
INSERT INTO recipe_cook(recipe_id, cook_id) VALUES (96, 159);
INSERT INTO recipe_cook(recipe_id, cook_id) VALUES (96, 126);
INSERT INTO recipe_cook(recipe_id, cook_id) VALUES (96, 57);
INSERT INTO recipe_cook(recipe_id, cook_id) VALUES (96, 63);
INSERT INTO recipe_cook(recipe_id, cook_id) VALUES (96, 185);
INSERT INTO recipe_cook(recipe_id, cook_id) VALUES (96, 157);
INSERT INTO recipe_cook(recipe_id, cook_id) VALUES (96, 88);
INSERT INTO recipe_cook(recipe_id, cook_id) VALUES (96, 195);
INSERT INTO recipe_cook(recipe_id, cook_id) VALUES (96, 102);
INSERT INTO recipe_cook(recipe_id, cook_id) VALUES (96, 103);
INSERT INTO recipe_cook(recipe_id, cook_id) VALUES (96, 130);
INSERT INTO recipe_cook(recipe_id, cook_id) VALUES (96, 45);
INSERT INTO recipe_cook(recipe_id, cook_id) VALUES (96, 23);
INSERT INTO recipe_cook(recipe_id, cook_id) VALUES (96, 183);
INSERT INTO recipe_cook(recipe_id, cook_id) VALUES (96, 47);
INSERT INTO recipe_cook(recipe_id, cook_id) VALUES (96, 146);
INSERT INTO recipe_cook(recipe_id, cook_id) VALUES (96, 86);
INSERT INTO recipe_cook(recipe_id, cook_id) VALUES (96, 105);
INSERT INTO recipe_cook(recipe_id, cook_id) VALUES (96, 55);
INSERT INTO recipe_cook(recipe_id, cook_id) VALUES (96, 179);
INSERT INTO recipe_cook(recipe_id, cook_id) VALUES (96, 177);
INSERT INTO recipe_cook(recipe_id, cook_id) VALUES (96, 176);
INSERT INTO recipe_cook(recipe_id, cook_id) VALUES (96, 196);
INSERT INTO recipe_cook(recipe_id, cook_id) VALUES (96, 124);
INSERT INTO recipe_cook(recipe_id, cook_id) VALUES (96, 48);
INSERT INTO recipe_cook(recipe_id, cook_id) VALUES (96, 156);
INSERT INTO recipe_cook(recipe_id, cook_id) VALUES (96, 2);
INSERT INTO recipe_cook(recipe_id, cook_id) VALUES (96, 26);
INSERT INTO recipe_cook(recipe_id, cook_id) VALUES (96, 101);
INSERT INTO recipe_cook(recipe_id, cook_id) VALUES (96, 154);
INSERT INTO recipe_cook(recipe_id, cook_id) VALUES (96, 114);
INSERT INTO recipe_cook(recipe_id, cook_id) VALUES (96, 81);
INSERT INTO recipe_cook(recipe_id, cook_id) VALUES (96, 171);
INSERT INTO recipe_cook(recipe_id, cook_id) VALUES (96, 198);
INSERT INTO recipe_cook(recipe_id, cook_id) VALUES (96, 141);
INSERT INTO recipe_cook(recipe_id, cook_id) VALUES (96, 13);
INSERT INTO recipe_cook(recipe_id, cook_id) VALUES (96, 199);
INSERT INTO recipe_cook(recipe_id, cook_id) VALUES (96, 98);
INSERT INTO recipe_cook(recipe_id, cook_id) VALUES (96, 65);
INSERT INTO recipe_cook(recipe_id, cook_id) VALUES (96, 77);
INSERT INTO recipe_cook(recipe_id, cook_id) VALUES (96, 39);
INSERT INTO recipe_cook(recipe_id, cook_id) VALUES (96, 190);
INSERT INTO recipe_cook(recipe_id, cook_id) VALUES (96, 3);
INSERT INTO recipe_cook(recipe_id, cook_id) VALUES (96, 42);
INSERT INTO recipe_cook(recipe_id, cook_id) VALUES (96, 62);
INSERT INTO recipe_cook(recipe_id, cook_id) VALUES (96, 97);
INSERT INTO recipe_cook(recipe_id, cook_id) VALUES (96, 127);
INSERT INTO recipe_cook(recipe_id, cook_id) VALUES (96, 76);
INSERT INTO recipe_cook(recipe_id, cook_id) VALUES (96, 193);
INSERT INTO recipe_cook(recipe_id, cook_id) VALUES (96, 87);
INSERT INTO recipe_cook(recipe_id, cook_id) VALUES (96, 119);
INSERT INTO recipe_cook(recipe_id, cook_id) VALUES (96, 17);
INSERT INTO recipe_cook(recipe_id, cook_id) VALUES (96, 59);
INSERT INTO recipe_cook(recipe_id, cook_id) VALUES (96, 115);
INSERT INTO recipe_cook(recipe_id, cook_id) VALUES (96, 189);
INSERT INTO recipe_cook(recipe_id, cook_id) VALUES (96, 142);
INSERT INTO recipe_cook(recipe_id, cook_id) VALUES (96, 64);
INSERT INTO recipe_cook(recipe_id, cook_id) VALUES (96, 53);
INSERT INTO recipe_cook(recipe_id, cook_id) VALUES (96, 75);
INSERT INTO recipe_cook(recipe_id, cook_id) VALUES (96, 123);
INSERT INTO recipe_cook(recipe_id, cook_id) VALUES (96, 140);
INSERT INTO recipe_cook(recipe_id, cook_id) VALUES (96, 30);
INSERT INTO recipe_cook(recipe_id, cook_id) VALUES (96, 32);
INSERT INTO recipe_cook(recipe_id, cook_id) VALUES (96, 12);
INSERT INTO recipe_cook(recipe_id, cook_id) VALUES (96, 149);
INSERT INTO recipe_cook(recipe_id, cook_id) VALUES (96, 35);
INSERT INTO recipe_cook(recipe_id, cook_id) VALUES (96, 7);
INSERT INTO recipe_cook(recipe_id, cook_id) VALUES (96, 192);
INSERT INTO recipe_cook(recipe_id, cook_id) VALUES (96, 172);
INSERT INTO recipe_cook(recipe_id, cook_id) VALUES (96, 74);
INSERT INTO recipe_cook(recipe_id, cook_id) VALUES (96, 10);
INSERT INTO recipe_cook(recipe_id, cook_id) VALUES (96, 70);
INSERT INTO recipe_cook(recipe_id, cook_id) VALUES (96, 93);
INSERT INTO recipe_cook(recipe_id, cook_id) VALUES (96, 166);
INSERT INTO recipe_cook(recipe_id, cook_id) VALUES (96, 5);
INSERT INTO recipe_cook(recipe_id, cook_id) VALUES (96, 106);
INSERT INTO recipe_cook(recipe_id, cook_id) VALUES (96, 136);
INSERT INTO recipe_cook(recipe_id, cook_id) VALUES (96, 80);
INSERT INTO recipe_cook(recipe_id, cook_id) VALUES (96, 34);
INSERT INTO recipe_cook(recipe_id, cook_id) VALUES (96, 15);
INSERT INTO recipe_cook(recipe_id, cook_id) VALUES (96, 21);
INSERT INTO recipe_themes(recipe_id, theme_id) VALUES (96, 4);
INSERT INTO recipe_themes(recipe_id, theme_id) VALUES (96, 21);
INSERT INTO recipe_themes(recipe_id, theme_id) VALUES (96, 7);
INSERT INTO recipe_tip(recipe_id, tip_id) VALUES (96, 18);
INSERT INTO recipe_tip(recipe_id, tip_id) VALUES (96, 13);
INSERT INTO recipe_tip(recipe_id, tip_id) VALUES (96, 40);

INSERT INTO recipe(baking, cuisine_id, difficulty, recipe_title, recipe_description, prep_time, cook_time, portions, fat_portion, protein_portion, carbs_portion, picture_uri, picture_description) VALUES(0, 38, 3,'Creme Brulee', 'Meet race and Democrat. Wear throughout Republican authority data deal policy. And high too. Under above drive sport. Worker would step head study and.', 95, 0, 4, 30, 65,5, 'https://placekitten.com/290/504', 'Think institution now tell phone.');
INSERT INTO recipe_meal_type(recipe_id, meal_type_id) VALUES (97, 2);
INSERT INTO recipe_tag(recipe_id, tag_id) VALUES (97, 25);
INSERT INTO recipe_tag(recipe_id, tag_id) VALUES (97, 98);
INSERT INTO recipe_equipment(recipe_id, equipment_id, num) VALUES (97, 5, 3);
INSERT INTO recipe_equipment(recipe_id, equipment_id, num) VALUES (97, 9, 2);
INSERT INTO recipe_equipment(recipe_id, equipment_id, num) VALUES (97, 3, 2);
INSERT INTO recipe_equipment(recipe_id, equipment_id, num) VALUES (97, 6, 2);
INSERT INTO recipe_equipment(recipe_id, equipment_id, num) VALUES (97, 15, 3);
INSERT INTO recipe_equipment(recipe_id, equipment_id, num) VALUES (97, 1, 1);
INSERT INTO recipe_equipment(recipe_id, equipment_id, num) VALUES (97, 20, 1);
INSERT INTO recipe_cook(recipe_id, cook_id) VALUES (97, 51);
INSERT INTO recipe_cook(recipe_id, cook_id) VALUES (97, 177);
INSERT INTO recipe_cook(recipe_id, cook_id) VALUES (97, 130);
INSERT INTO recipe_cook(recipe_id, cook_id) VALUES (97, 105);
INSERT INTO recipe_cook(recipe_id, cook_id) VALUES (97, 45);
INSERT INTO recipe_cook(recipe_id, cook_id) VALUES (97, 163);
INSERT INTO recipe_cook(recipe_id, cook_id) VALUES (97, 192);
INSERT INTO recipe_cook(recipe_id, cook_id) VALUES (97, 1);
INSERT INTO recipe_cook(recipe_id, cook_id) VALUES (97, 80);
INSERT INTO recipe_cook(recipe_id, cook_id) VALUES (97, 71);
INSERT INTO recipe_cook(recipe_id, cook_id) VALUES (97, 144);
INSERT INTO recipe_cook(recipe_id, cook_id) VALUES (97, 90);
INSERT INTO recipe_cook(recipe_id, cook_id) VALUES (97, 31);
INSERT INTO recipe_cook(recipe_id, cook_id) VALUES (97, 88);
INSERT INTO recipe_cook(recipe_id, cook_id) VALUES (97, 120);
INSERT INTO recipe_cook(recipe_id, cook_id) VALUES (97, 146);
INSERT INTO recipe_cook(recipe_id, cook_id) VALUES (97, 179);
INSERT INTO recipe_cook(recipe_id, cook_id) VALUES (97, 23);
INSERT INTO recipe_cook(recipe_id, cook_id) VALUES (97, 145);
INSERT INTO recipe_cook(recipe_id, cook_id) VALUES (97, 119);
INSERT INTO recipe_cook(recipe_id, cook_id) VALUES (97, 183);
INSERT INTO recipe_cook(recipe_id, cook_id) VALUES (97, 30);
INSERT INTO recipe_cook(recipe_id, cook_id) VALUES (97, 24);
INSERT INTO recipe_cook(recipe_id, cook_id) VALUES (97, 47);
INSERT INTO recipe_cook(recipe_id, cook_id) VALUES (97, 180);
INSERT INTO recipe_cook(recipe_id, cook_id) VALUES (97, 48);
INSERT INTO recipe_cook(recipe_id, cook_id) VALUES (97, 82);
INSERT INTO recipe_cook(recipe_id, cook_id) VALUES (97, 152);
INSERT INTO recipe_cook(recipe_id, cook_id) VALUES (97, 161);
INSERT INTO recipe_cook(recipe_id, cook_id) VALUES (97, 6);
INSERT INTO recipe_cook(recipe_id, cook_id) VALUES (97, 44);
INSERT INTO recipe_cook(recipe_id, cook_id) VALUES (97, 3);
INSERT INTO recipe_cook(recipe_id, cook_id) VALUES (97, 56);
INSERT INTO recipe_cook(recipe_id, cook_id) VALUES (97, 164);
INSERT INTO recipe_cook(recipe_id, cook_id) VALUES (97, 96);
INSERT INTO recipe_cook(recipe_id, cook_id) VALUES (97, 118);
INSERT INTO recipe_cook(recipe_id, cook_id) VALUES (97, 21);
INSERT INTO recipe_cook(recipe_id, cook_id) VALUES (97, 64);
INSERT INTO recipe_cook(recipe_id, cook_id) VALUES (97, 79);
INSERT INTO recipe_cook(recipe_id, cook_id) VALUES (97, 49);
INSERT INTO recipe_cook(recipe_id, cook_id) VALUES (97, 34);
INSERT INTO recipe_cook(recipe_id, cook_id) VALUES (97, 194);
INSERT INTO recipe_cook(recipe_id, cook_id) VALUES (97, 14);
INSERT INTO recipe_cook(recipe_id, cook_id) VALUES (97, 98);
INSERT INTO recipe_cook(recipe_id, cook_id) VALUES (97, 74);
INSERT INTO recipe_cook(recipe_id, cook_id) VALUES (97, 46);
INSERT INTO recipe_cook(recipe_id, cook_id) VALUES (97, 72);
INSERT INTO recipe_cook(recipe_id, cook_id) VALUES (97, 36);
INSERT INTO recipe_cook(recipe_id, cook_id) VALUES (97, 182);
INSERT INTO recipe_cook(recipe_id, cook_id) VALUES (97, 81);
INSERT INTO recipe_cook(recipe_id, cook_id) VALUES (97, 106);
INSERT INTO recipe_cook(recipe_id, cook_id) VALUES (97, 58);
INSERT INTO recipe_cook(recipe_id, cook_id) VALUES (97, 172);
INSERT INTO recipe_cook(recipe_id, cook_id) VALUES (97, 70);
INSERT INTO recipe_cook(recipe_id, cook_id) VALUES (97, 52);
INSERT INTO recipe_cook(recipe_id, cook_id) VALUES (97, 155);
INSERT INTO recipe_cook(recipe_id, cook_id) VALUES (97, 76);
INSERT INTO recipe_cook(recipe_id, cook_id) VALUES (97, 67);
INSERT INTO recipe_cook(recipe_id, cook_id) VALUES (97, 113);
INSERT INTO recipe_cook(recipe_id, cook_id) VALUES (97, 68);
INSERT INTO recipe_cook(recipe_id, cook_id) VALUES (97, 178);
INSERT INTO recipe_cook(recipe_id, cook_id) VALUES (97, 126);
INSERT INTO recipe_cook(recipe_id, cook_id) VALUES (97, 91);
INSERT INTO recipe_cook(recipe_id, cook_id) VALUES (97, 94);
INSERT INTO recipe_cook(recipe_id, cook_id) VALUES (97, 189);
INSERT INTO recipe_cook(recipe_id, cook_id) VALUES (97, 134);
INSERT INTO recipe_cook(recipe_id, cook_id) VALUES (97, 116);
INSERT INTO recipe_cook(recipe_id, cook_id) VALUES (97, 170);
INSERT INTO recipe_cook(recipe_id, cook_id) VALUES (97, 10);
INSERT INTO recipe_cook(recipe_id, cook_id) VALUES (97, 99);
INSERT INTO recipe_cook(recipe_id, cook_id) VALUES (97, 40);
INSERT INTO recipe_cook(recipe_id, cook_id) VALUES (97, 54);
INSERT INTO recipe_cook(recipe_id, cook_id) VALUES (97, 112);
INSERT INTO recipe_cook(recipe_id, cook_id) VALUES (97, 196);
INSERT INTO recipe_cook(recipe_id, cook_id) VALUES (97, 83);
INSERT INTO recipe_cook(recipe_id, cook_id) VALUES (97, 104);
INSERT INTO recipe_cook(recipe_id, cook_id) VALUES (97, 187);
INSERT INTO recipe_cook(recipe_id, cook_id) VALUES (97, 102);
INSERT INTO recipe_cook(recipe_id, cook_id) VALUES (97, 37);
INSERT INTO recipe_cook(recipe_id, cook_id) VALUES (97, 27);
INSERT INTO recipe_cook(recipe_id, cook_id) VALUES (97, 133);
INSERT INTO recipe_cook(recipe_id, cook_id) VALUES (97, 136);
INSERT INTO recipe_cook(recipe_id, cook_id) VALUES (97, 65);
INSERT INTO recipe_cook(recipe_id, cook_id) VALUES (97, 191);
INSERT INTO recipe_cook(recipe_id, cook_id) VALUES (97, 107);
INSERT INTO recipe_cook(recipe_id, cook_id) VALUES (97, 166);
INSERT INTO recipe_cook(recipe_id, cook_id) VALUES (97, 123);
INSERT INTO recipe_cook(recipe_id, cook_id) VALUES (97, 35);
INSERT INTO recipe_cook(recipe_id, cook_id) VALUES (97, 12);
INSERT INTO recipe_cook(recipe_id, cook_id) VALUES (97, 66);
INSERT INTO recipe_cook(recipe_id, cook_id) VALUES (97, 131);
INSERT INTO recipe_cook(recipe_id, cook_id) VALUES (97, 121);
INSERT INTO recipe_cook(recipe_id, cook_id) VALUES (97, 160);
INSERT INTO recipe_cook(recipe_id, cook_id) VALUES (97, 28);
INSERT INTO recipe_cook(recipe_id, cook_id) VALUES (97, 60);
INSERT INTO recipe_cook(recipe_id, cook_id) VALUES (97, 108);
INSERT INTO recipe_cook(recipe_id, cook_id) VALUES (97, 5);
INSERT INTO recipe_cook(recipe_id, cook_id) VALUES (97, 15);
INSERT INTO recipe_cook(recipe_id, cook_id) VALUES (97, 143);
INSERT INTO recipe_cook(recipe_id, cook_id) VALUES (97, 85);
INSERT INTO recipe_cook(recipe_id, cook_id) VALUES (97, 151);
INSERT INTO recipe_cook(recipe_id, cook_id) VALUES (97, 140);
INSERT INTO recipe_cook(recipe_id, cook_id) VALUES (97, 61);
INSERT INTO recipe_cook(recipe_id, cook_id) VALUES (97, 18);
INSERT INTO recipe_cook(recipe_id, cook_id) VALUES (97, 150);
INSERT INTO recipe_cook(recipe_id, cook_id) VALUES (97, 190);
INSERT INTO recipe_cook(recipe_id, cook_id) VALUES (97, 42);
INSERT INTO recipe_cook(recipe_id, cook_id) VALUES (97, 175);
INSERT INTO recipe_cook(recipe_id, cook_id) VALUES (97, 73);
INSERT INTO recipe_cook(recipe_id, cook_id) VALUES (97, 148);
INSERT INTO recipe_cook(recipe_id, cook_id) VALUES (97, 101);
INSERT INTO recipe_cook(recipe_id, cook_id) VALUES (97, 95);
INSERT INTO recipe_cook(recipe_id, cook_id) VALUES (97, 125);
INSERT INTO recipe_cook(recipe_id, cook_id) VALUES (97, 137);
INSERT INTO recipe_cook(recipe_id, cook_id) VALUES (97, 158);
INSERT INTO recipe_cook(recipe_id, cook_id) VALUES (97, 100);
INSERT INTO recipe_cook(recipe_id, cook_id) VALUES (97, 173);
INSERT INTO recipe_cook(recipe_id, cook_id) VALUES (97, 2);
INSERT INTO recipe_cook(recipe_id, cook_id) VALUES (97, 167);
INSERT INTO recipe_cook(recipe_id, cook_id) VALUES (97, 129);
INSERT INTO recipe_cook(recipe_id, cook_id) VALUES (97, 157);
INSERT INTO recipe_cook(recipe_id, cook_id) VALUES (97, 43);
INSERT INTO recipe_cook(recipe_id, cook_id) VALUES (97, 186);
INSERT INTO recipe_cook(recipe_id, cook_id) VALUES (97, 13);
INSERT INTO recipe_cook(recipe_id, cook_id) VALUES (97, 110);
INSERT INTO recipe_cook(recipe_id, cook_id) VALUES (97, 84);
INSERT INTO recipe_cook(recipe_id, cook_id) VALUES (97, 198);
INSERT INTO recipe_cook(recipe_id, cook_id) VALUES (97, 174);
INSERT INTO recipe_cook(recipe_id, cook_id) VALUES (97, 115);
INSERT INTO recipe_cook(recipe_id, cook_id) VALUES (97, 147);
INSERT INTO recipe_cook(recipe_id, cook_id) VALUES (97, 89);
INSERT INTO recipe_cook(recipe_id, cook_id) VALUES (97, 169);
INSERT INTO recipe_cook(recipe_id, cook_id) VALUES (97, 57);
INSERT INTO recipe_cook(recipe_id, cook_id) VALUES (97, 59);
INSERT INTO recipe_cook(recipe_id, cook_id) VALUES (97, 168);
INSERT INTO recipe_cook(recipe_id, cook_id) VALUES (97, 185);
INSERT INTO recipe_cook(recipe_id, cook_id) VALUES (97, 159);
INSERT INTO recipe_cook(recipe_id, cook_id) VALUES (97, 181);
INSERT INTO recipe_cook(recipe_id, cook_id) VALUES (97, 16);
INSERT INTO recipe_cook(recipe_id, cook_id) VALUES (97, 17);
INSERT INTO recipe_cook(recipe_id, cook_id) VALUES (97, 199);
INSERT INTO recipe_cook(recipe_id, cook_id) VALUES (97, 117);
INSERT INTO recipe_cook(recipe_id, cook_id) VALUES (97, 39);
INSERT INTO recipe_cook(recipe_id, cook_id) VALUES (97, 22);
INSERT INTO recipe_cook(recipe_id, cook_id) VALUES (97, 188);
INSERT INTO recipe_cook(recipe_id, cook_id) VALUES (97, 78);
INSERT INTO recipe_cook(recipe_id, cook_id) VALUES (97, 26);
INSERT INTO recipe_cook(recipe_id, cook_id) VALUES (97, 20);
INSERT INTO recipe_cook(recipe_id, cook_id) VALUES (97, 69);
INSERT INTO recipe_cook(recipe_id, cook_id) VALUES (97, 103);
INSERT INTO recipe_cook(recipe_id, cook_id) VALUES (97, 138);
INSERT INTO recipe_cook(recipe_id, cook_id) VALUES (97, 33);
INSERT INTO recipe_cook(recipe_id, cook_id) VALUES (97, 7);
INSERT INTO recipe_cook(recipe_id, cook_id) VALUES (97, 109);
INSERT INTO recipe_cook(recipe_id, cook_id) VALUES (97, 135);
INSERT INTO recipe_cook(recipe_id, cook_id) VALUES (97, 97);
INSERT INTO recipe_themes(recipe_id, theme_id) VALUES (97, 26);
INSERT INTO recipe_themes(recipe_id, theme_id) VALUES (97, 38);
INSERT INTO recipe_themes(recipe_id, theme_id) VALUES (97, 2);
INSERT INTO recipe_tip(recipe_id, tip_id) VALUES (97, 33);

INSERT INTO recipe(baking, cuisine_id, difficulty, recipe_title, recipe_description, prep_time, cook_time, portions, fat_portion, protein_portion, carbs_portion, picture_uri, picture_description) VALUES(1, 50, 2,'Gazpacho', 'Real indeed including everything too stage. Effect action realize among short can ready. Point boy total major.', 65, 70, 4, 10, 35,0, 'https://picsum.photos/375/670', 'Western resource reason expect expert.');
INSERT INTO recipe_meal_type(recipe_id, meal_type_id) VALUES (98, 3);
INSERT INTO recipe_tag(recipe_id, tag_id) VALUES (98, 26);
INSERT INTO recipe_tag(recipe_id, tag_id) VALUES (98, 23);
INSERT INTO recipe_tag(recipe_id, tag_id) VALUES (98, 39);
INSERT INTO recipe_equipment(recipe_id, equipment_id, num) VALUES (98, 3, 3);
INSERT INTO recipe_equipment(recipe_id, equipment_id, num) VALUES (98, 6, 4);
INSERT INTO recipe_equipment(recipe_id, equipment_id, num) VALUES (98, 8, 4);
INSERT INTO recipe_equipment(recipe_id, equipment_id, num) VALUES (98, 7, 1);
INSERT INTO recipe_equipment(recipe_id, equipment_id, num) VALUES (98, 14, 3);
INSERT INTO recipe_cook(recipe_id, cook_id) VALUES (98, 186);
INSERT INTO recipe_cook(recipe_id, cook_id) VALUES (98, 63);
INSERT INTO recipe_cook(recipe_id, cook_id) VALUES (98, 40);
INSERT INTO recipe_cook(recipe_id, cook_id) VALUES (98, 176);
INSERT INTO recipe_cook(recipe_id, cook_id) VALUES (98, 143);
INSERT INTO recipe_cook(recipe_id, cook_id) VALUES (98, 96);
INSERT INTO recipe_cook(recipe_id, cook_id) VALUES (98, 2);
INSERT INTO recipe_cook(recipe_id, cook_id) VALUES (98, 123);
INSERT INTO recipe_cook(recipe_id, cook_id) VALUES (98, 41);
INSERT INTO recipe_cook(recipe_id, cook_id) VALUES (98, 89);
INSERT INTO recipe_cook(recipe_id, cook_id) VALUES (98, 26);
INSERT INTO recipe_cook(recipe_id, cook_id) VALUES (98, 121);
INSERT INTO recipe_cook(recipe_id, cook_id) VALUES (98, 141);
INSERT INTO recipe_cook(recipe_id, cook_id) VALUES (98, 197);
INSERT INTO recipe_cook(recipe_id, cook_id) VALUES (98, 101);
INSERT INTO recipe_cook(recipe_id, cook_id) VALUES (98, 179);
INSERT INTO recipe_cook(recipe_id, cook_id) VALUES (98, 55);
INSERT INTO recipe_cook(recipe_id, cook_id) VALUES (98, 189);
INSERT INTO recipe_cook(recipe_id, cook_id) VALUES (98, 172);
INSERT INTO recipe_cook(recipe_id, cook_id) VALUES (98, 97);
INSERT INTO recipe_cook(recipe_id, cook_id) VALUES (98, 119);
INSERT INTO recipe_cook(recipe_id, cook_id) VALUES (98, 199);
INSERT INTO recipe_cook(recipe_id, cook_id) VALUES (98, 25);
INSERT INTO recipe_cook(recipe_id, cook_id) VALUES (98, 100);
INSERT INTO recipe_themes(recipe_id, theme_id) VALUES (98, 21);
INSERT INTO recipe_tip(recipe_id, tip_id) VALUES (98, 26);

INSERT INTO recipe(baking, cuisine_id, difficulty, recipe_title, recipe_description, prep_time, cook_time, portions, fat_portion, protein_portion, carbs_portion, picture_uri, picture_description) VALUES(1, 43, 5,'Greek Salad', 'Set house those dark. Never marriage camera yet. Long born also hold base really attack.', 15, 30, 5, 10, 60,35, 'https://dummyimage.com/892x759', 'Kind shoulder production mean.');
INSERT INTO recipe_meal_type(recipe_id, meal_type_id) VALUES (99, 3);
INSERT INTO recipe_tag(recipe_id, tag_id) VALUES (99, 47);
INSERT INTO recipe_tag(recipe_id, tag_id) VALUES (99, 44);
INSERT INTO recipe_tag(recipe_id, tag_id) VALUES (99, 65);
INSERT INTO recipe_tag(recipe_id, tag_id) VALUES (99, 1);
INSERT INTO recipe_tag(recipe_id, tag_id) VALUES (99, 79);
INSERT INTO recipe_tag(recipe_id, tag_id) VALUES (99, 77);
INSERT INTO recipe_equipment(recipe_id, equipment_id, num) VALUES (99, 3, 3);
INSERT INTO recipe_equipment(recipe_id, equipment_id, num) VALUES (99, 8, 2);
INSERT INTO recipe_equipment(recipe_id, equipment_id, num) VALUES (99, 5, 4);
INSERT INTO recipe_equipment(recipe_id, equipment_id, num) VALUES (99, 16, 4);
INSERT INTO recipe_equipment(recipe_id, equipment_id, num) VALUES (99, 7, 1);
INSERT INTO recipe_equipment(recipe_id, equipment_id, num) VALUES (99, 1, 4);
INSERT INTO recipe_cook(recipe_id, cook_id) VALUES (99, 78);
INSERT INTO recipe_cook(recipe_id, cook_id) VALUES (99, 112);
INSERT INTO recipe_cook(recipe_id, cook_id) VALUES (99, 24);
INSERT INTO recipe_cook(recipe_id, cook_id) VALUES (99, 87);
INSERT INTO recipe_cook(recipe_id, cook_id) VALUES (99, 99);
INSERT INTO recipe_cook(recipe_id, cook_id) VALUES (99, 168);
INSERT INTO recipe_cook(recipe_id, cook_id) VALUES (99, 47);
INSERT INTO recipe_cook(recipe_id, cook_id) VALUES (99, 109);
INSERT INTO recipe_cook(recipe_id, cook_id) VALUES (99, 39);
INSERT INTO recipe_cook(recipe_id, cook_id) VALUES (99, 73);
INSERT INTO recipe_cook(recipe_id, cook_id) VALUES (99, 80);
INSERT INTO recipe_cook(recipe_id, cook_id) VALUES (99, 100);
INSERT INTO recipe_cook(recipe_id, cook_id) VALUES (99, 173);
INSERT INTO recipe_cook(recipe_id, cook_id) VALUES (99, 124);
INSERT INTO recipe_cook(recipe_id, cook_id) VALUES (99, 9);
INSERT INTO recipe_cook(recipe_id, cook_id) VALUES (99, 67);
INSERT INTO recipe_cook(recipe_id, cook_id) VALUES (99, 108);
INSERT INTO recipe_cook(recipe_id, cook_id) VALUES (99, 46);
INSERT INTO recipe_cook(recipe_id, cook_id) VALUES (99, 42);
INSERT INTO recipe_cook(recipe_id, cook_id) VALUES (99, 102);
INSERT INTO recipe_cook(recipe_id, cook_id) VALUES (99, 175);
INSERT INTO recipe_cook(recipe_id, cook_id) VALUES (99, 133);
INSERT INTO recipe_cook(recipe_id, cook_id) VALUES (99, 28);
INSERT INTO recipe_cook(recipe_id, cook_id) VALUES (99, 120);
INSERT INTO recipe_cook(recipe_id, cook_id) VALUES (99, 22);
INSERT INTO recipe_cook(recipe_id, cook_id) VALUES (99, 89);
INSERT INTO recipe_cook(recipe_id, cook_id) VALUES (99, 26);
INSERT INTO recipe_cook(recipe_id, cook_id) VALUES (99, 195);
INSERT INTO recipe_cook(recipe_id, cook_id) VALUES (99, 104);
INSERT INTO recipe_cook(recipe_id, cook_id) VALUES (99, 4);
INSERT INTO recipe_cook(recipe_id, cook_id) VALUES (99, 182);
INSERT INTO recipe_cook(recipe_id, cook_id) VALUES (99, 82);
INSERT INTO recipe_cook(recipe_id, cook_id) VALUES (99, 33);
INSERT INTO recipe_cook(recipe_id, cook_id) VALUES (99, 148);
INSERT INTO recipe_cook(recipe_id, cook_id) VALUES (99, 130);
INSERT INTO recipe_cook(recipe_id, cook_id) VALUES (99, 196);
INSERT INTO recipe_cook(recipe_id, cook_id) VALUES (99, 117);
INSERT INTO recipe_cook(recipe_id, cook_id) VALUES (99, 3);
INSERT INTO recipe_cook(recipe_id, cook_id) VALUES (99, 125);
INSERT INTO recipe_cook(recipe_id, cook_id) VALUES (99, 103);
INSERT INTO recipe_cook(recipe_id, cook_id) VALUES (99, 193);
INSERT INTO recipe_cook(recipe_id, cook_id) VALUES (99, 14);
INSERT INTO recipe_cook(recipe_id, cook_id) VALUES (99, 200);
INSERT INTO recipe_cook(recipe_id, cook_id) VALUES (99, 160);
INSERT INTO recipe_cook(recipe_id, cook_id) VALUES (99, 185);
INSERT INTO recipe_cook(recipe_id, cook_id) VALUES (99, 30);
INSERT INTO recipe_cook(recipe_id, cook_id) VALUES (99, 116);
INSERT INTO recipe_cook(recipe_id, cook_id) VALUES (99, 129);
INSERT INTO recipe_cook(recipe_id, cook_id) VALUES (99, 96);
INSERT INTO recipe_cook(recipe_id, cook_id) VALUES (99, 122);
INSERT INTO recipe_cook(recipe_id, cook_id) VALUES (99, 86);
INSERT INTO recipe_cook(recipe_id, cook_id) VALUES (99, 137);
INSERT INTO recipe_cook(recipe_id, cook_id) VALUES (99, 94);
INSERT INTO recipe_cook(recipe_id, cook_id) VALUES (99, 29);
INSERT INTO recipe_cook(recipe_id, cook_id) VALUES (99, 183);
INSERT INTO recipe_themes(recipe_id, theme_id) VALUES (99, 35);
INSERT INTO recipe_themes(recipe_id, theme_id) VALUES (99, 25);
INSERT INTO recipe_tip(recipe_id, tip_id) VALUES (99, 6);
INSERT INTO recipe_tip(recipe_id, tip_id) VALUES (99, 10);
INSERT INTO recipe_tip(recipe_id, tip_id) VALUES (99, 1);

INSERT INTO recipe(baking, cuisine_id, difficulty, recipe_title, recipe_description, prep_time, cook_time, portions, fat_portion, protein_portion, carbs_portion, picture_uri, picture_description) VALUES(1, 3, 1,'Lentil Soup', 'Analysis add check teacher economy compare. Customer popular hospital check factor as contain. From return agent key successful.', 85, 70, 3, 0, 45,55, 'https://picsum.photos/589/329', 'Who arm range improve move peace college.');
INSERT INTO recipe_meal_type(recipe_id, meal_type_id) VALUES (100, 3);
INSERT INTO recipe_tag(recipe_id, tag_id) VALUES (100, 55);
INSERT INTO recipe_tag(recipe_id, tag_id) VALUES (100, 44);
INSERT INTO recipe_tag(recipe_id, tag_id) VALUES (100, 87);
INSERT INTO recipe_tag(recipe_id, tag_id) VALUES (100, 38);
INSERT INTO recipe_tag(recipe_id, tag_id) VALUES (100, 99);
INSERT INTO recipe_equipment(recipe_id, equipment_id, num) VALUES (100, 18, 4);
INSERT INTO recipe_equipment(recipe_id, equipment_id, num) VALUES (100, 9, 3);
INSERT INTO recipe_equipment(recipe_id, equipment_id, num) VALUES (100, 6, 1);
INSERT INTO recipe_cook(recipe_id, cook_id) VALUES (100, 92);
INSERT INTO recipe_cook(recipe_id, cook_id) VALUES (100, 107);
INSERT INTO recipe_cook(recipe_id, cook_id) VALUES (100, 5);
INSERT INTO recipe_cook(recipe_id, cook_id) VALUES (100, 115);
INSERT INTO recipe_cook(recipe_id, cook_id) VALUES (100, 84);
INSERT INTO recipe_cook(recipe_id, cook_id) VALUES (100, 77);
INSERT INTO recipe_cook(recipe_id, cook_id) VALUES (100, 163);
INSERT INTO recipe_cook(recipe_id, cook_id) VALUES (100, 10);
INSERT INTO recipe_cook(recipe_id, cook_id) VALUES (100, 153);
INSERT INTO recipe_cook(recipe_id, cook_id) VALUES (100, 29);
INSERT INTO recipe_cook(recipe_id, cook_id) VALUES (100, 200);
INSERT INTO recipe_cook(recipe_id, cook_id) VALUES (100, 188);
INSERT INTO recipe_cook(recipe_id, cook_id) VALUES (100, 193);
INSERT INTO recipe_cook(recipe_id, cook_id) VALUES (100, 137);
INSERT INTO recipe_cook(recipe_id, cook_id) VALUES (100, 102);
INSERT INTO recipe_cook(recipe_id, cook_id) VALUES (100, 64);
INSERT INTO recipe_cook(recipe_id, cook_id) VALUES (100, 45);
INSERT INTO recipe_cook(recipe_id, cook_id) VALUES (100, 22);
INSERT INTO recipe_cook(recipe_id, cook_id) VALUES (100, 187);
INSERT INTO recipe_cook(recipe_id, cook_id) VALUES (100, 25);
INSERT INTO recipe_cook(recipe_id, cook_id) VALUES (100, 33);
INSERT INTO recipe_cook(recipe_id, cook_id) VALUES (100, 38);
INSERT INTO recipe_cook(recipe_id, cook_id) VALUES (100, 194);
INSERT INTO recipe_cook(recipe_id, cook_id) VALUES (100, 127);
INSERT INTO recipe_cook(recipe_id, cook_id) VALUES (100, 111);
INSERT INTO recipe_cook(recipe_id, cook_id) VALUES (100, 71);
INSERT INTO recipe_cook(recipe_id, cook_id) VALUES (100, 89);
INSERT INTO recipe_cook(recipe_id, cook_id) VALUES (100, 118);
INSERT INTO recipe_cook(recipe_id, cook_id) VALUES (100, 159);
INSERT INTO recipe_cook(recipe_id, cook_id) VALUES (100, 63);
INSERT INTO recipe_cook(recipe_id, cook_id) VALUES (100, 135);
INSERT INTO recipe_cook(recipe_id, cook_id) VALUES (100, 146);
INSERT INTO recipe_cook(recipe_id, cook_id) VALUES (100, 173);
INSERT INTO recipe_cook(recipe_id, cook_id) VALUES (100, 11);
INSERT INTO recipe_cook(recipe_id, cook_id) VALUES (100, 20);
INSERT INTO recipe_cook(recipe_id, cook_id) VALUES (100, 196);
INSERT INTO recipe_cook(recipe_id, cook_id) VALUES (100, 96);
INSERT INTO recipe_cook(recipe_id, cook_id) VALUES (100, 189);
INSERT INTO recipe_cook(recipe_id, cook_id) VALUES (100, 179);
INSERT INTO recipe_cook(recipe_id, cook_id) VALUES (100, 156);
INSERT INTO recipe_cook(recipe_id, cook_id) VALUES (100, 26);
INSERT INTO recipe_cook(recipe_id, cook_id) VALUES (100, 98);
INSERT INTO recipe_cook(recipe_id, cook_id) VALUES (100, 132);
INSERT INTO recipe_cook(recipe_id, cook_id) VALUES (100, 21);
INSERT INTO recipe_cook(recipe_id, cook_id) VALUES (100, 87);
INSERT INTO recipe_cook(recipe_id, cook_id) VALUES (100, 78);
INSERT INTO recipe_cook(recipe_id, cook_id) VALUES (100, 109);
INSERT INTO recipe_cook(recipe_id, cook_id) VALUES (100, 103);
INSERT INTO recipe_cook(recipe_id, cook_id) VALUES (100, 6);
INSERT INTO recipe_cook(recipe_id, cook_id) VALUES (100, 48);
INSERT INTO recipe_cook(recipe_id, cook_id) VALUES (100, 66);
INSERT INTO recipe_cook(recipe_id, cook_id) VALUES (100, 157);
INSERT INTO recipe_cook(recipe_id, cook_id) VALUES (100, 176);
INSERT INTO recipe_cook(recipe_id, cook_id) VALUES (100, 30);
INSERT INTO recipe_cook(recipe_id, cook_id) VALUES (100, 50);
INSERT INTO recipe_cook(recipe_id, cook_id) VALUES (100, 67);
INSERT INTO recipe_cook(recipe_id, cook_id) VALUES (100, 155);
INSERT INTO recipe_cook(recipe_id, cook_id) VALUES (100, 158);
INSERT INTO recipe_cook(recipe_id, cook_id) VALUES (100, 139);
INSERT INTO recipe_cook(recipe_id, cook_id) VALUES (100, 171);
INSERT INTO recipe_cook(recipe_id, cook_id) VALUES (100, 13);
INSERT INTO recipe_cook(recipe_id, cook_id) VALUES (100, 164);
INSERT INTO recipe_cook(recipe_id, cook_id) VALUES (100, 122);
INSERT INTO recipe_cook(recipe_id, cook_id) VALUES (100, 56);
INSERT INTO recipe_cook(recipe_id, cook_id) VALUES (100, 112);
INSERT INTO recipe_cook(recipe_id, cook_id) VALUES (100, 175);
INSERT INTO recipe_cook(recipe_id, cook_id) VALUES (100, 151);
INSERT INTO recipe_cook(recipe_id, cook_id) VALUES (100, 170);
INSERT INTO recipe_cook(recipe_id, cook_id) VALUES (100, 129);
INSERT INTO recipe_cook(recipe_id, cook_id) VALUES (100, 12);
INSERT INTO recipe_cook(recipe_id, cook_id) VALUES (100, 192);
INSERT INTO recipe_cook(recipe_id, cook_id) VALUES (100, 47);
INSERT INTO recipe_cook(recipe_id, cook_id) VALUES (100, 73);
INSERT INTO recipe_cook(recipe_id, cook_id) VALUES (100, 35);
INSERT INTO recipe_cook(recipe_id, cook_id) VALUES (100, 1);
INSERT INTO recipe_cook(recipe_id, cook_id) VALUES (100, 53);
INSERT INTO recipe_themes(recipe_id, theme_id) VALUES (100, 2);
INSERT INTO recipe_tip(recipe_id, tip_id) VALUES (100, 9);
INSERT INTO recipe_tip(recipe_id, tip_id) VALUES (100, 18);


INSERT INTO recipe_ingredient(recipe_id, ingredient_id, quantity, recipe_ingredient_description, main) VALUES(1, 114, 1, NULL, 1);
INSERT INTO recipe_ingredient(recipe_id, ingredient_id, quantity, recipe_ingredient_description, main) VALUES(1, 10, NULL, 'A pinch', 0);
INSERT INTO recipe_ingredient(recipe_id, ingredient_id, quantity, recipe_ingredient_description, main) VALUES(1, 364, NULL, 'A pinch', 0);
INSERT INTO recipe_ingredient(recipe_id, ingredient_id, quantity, recipe_ingredient_description, main) VALUES(1, 167, 330, 'ml', 0);
INSERT INTO recipe_ingredient(recipe_id, ingredient_id, quantity, recipe_ingredient_description, main) VALUES(1, 33, NULL, 'Few', 0);
INSERT INTO recipe_ingredient(recipe_id, ingredient_id, quantity, recipe_ingredient_description, main) VALUES(1, 314, 410, 'gr', 0);
INSERT INTO recipe_ingredient(recipe_id, ingredient_id, quantity, recipe_ingredient_description, main) VALUES(1, 365, NULL, 'A little', 0);
INSERT INTO recipe_ingredient(recipe_id, ingredient_id, quantity, recipe_ingredient_description, main) VALUES(1, 312, 630, 'ml', 0);
INSERT INTO recipe_ingredient(recipe_id, ingredient_id, quantity, recipe_ingredient_description, main) VALUES(1, 302, NULL, 'A cup', 0);

INSERT INTO recipe_ingredient(recipe_id, ingredient_id, quantity, recipe_ingredient_description, main) VALUES(2, 216, 1, NULL, 1);
INSERT INTO recipe_ingredient(recipe_id, ingredient_id, quantity, recipe_ingredient_description, main) VALUES(2, 305, 470, 'ml', 0);
INSERT INTO recipe_ingredient(recipe_id, ingredient_id, quantity, recipe_ingredient_description, main) VALUES(2, 278, 530, 'ml', 0);
INSERT INTO recipe_ingredient(recipe_id, ingredient_id, quantity, recipe_ingredient_description, main) VALUES(2, 244, NULL, 'A cup', 0);
INSERT INTO recipe_ingredient(recipe_id, ingredient_id, quantity, recipe_ingredient_description, main) VALUES(2, 286, 50, 'gr', 0);
INSERT INTO recipe_ingredient(recipe_id, ingredient_id, quantity, recipe_ingredient_description, main) VALUES(2, 176, NULL, 'A little', 0);
INSERT INTO recipe_ingredient(recipe_id, ingredient_id, quantity, recipe_ingredient_description, main) VALUES(2, 175, 450, 'ml', 0);
INSERT INTO recipe_ingredient(recipe_id, ingredient_id, quantity, recipe_ingredient_description, main) VALUES(2, 178, NULL, 'A teaspoon of', 0);
INSERT INTO recipe_ingredient(recipe_id, ingredient_id, quantity, recipe_ingredient_description, main) VALUES(2, 228, 230, 'gr', 0);
INSERT INTO recipe_ingredient(recipe_id, ingredient_id, quantity, recipe_ingredient_description, main) VALUES(2, 237, 670, 'ml', 0);
INSERT INTO recipe_ingredient(recipe_id, ingredient_id, quantity, recipe_ingredient_description, main) VALUES(2, 108, NULL, 'A tablespoon of', 0);
INSERT INTO recipe_ingredient(recipe_id, ingredient_id, quantity, recipe_ingredient_description, main) VALUES(2, 273, NULL, 'A cup', 0);
INSERT INTO recipe_ingredient(recipe_id, ingredient_id, quantity, recipe_ingredient_description, main) VALUES(2, 358, 3, NULL, 0);
INSERT INTO recipe_ingredient(recipe_id, ingredient_id, quantity, recipe_ingredient_description, main) VALUES(2, 345, NULL, 'A cup', 0);
INSERT INTO recipe_ingredient(recipe_id, ingredient_id, quantity, recipe_ingredient_description, main) VALUES(2, 200, NULL, 'A tablespoon of', 0);
INSERT INTO recipe_ingredient(recipe_id, ingredient_id, quantity, recipe_ingredient_description, main) VALUES(2, 131, NULL, 'A little', 0);

INSERT INTO recipe_ingredient(recipe_id, ingredient_id, quantity, recipe_ingredient_description, main) VALUES(3, 207, 1, NULL, 1);
INSERT INTO recipe_ingredient(recipe_id, ingredient_id, quantity, recipe_ingredient_description, main) VALUES(3, 339, NULL, 'A tablespoon of', 0);
INSERT INTO recipe_ingredient(recipe_id, ingredient_id, quantity, recipe_ingredient_description, main) VALUES(3, 293, 2, NULL, 0);
INSERT INTO recipe_ingredient(recipe_id, ingredient_id, quantity, recipe_ingredient_description, main) VALUES(3, 324, NULL, 'A pinch', 0);
INSERT INTO recipe_ingredient(recipe_id, ingredient_id, quantity, recipe_ingredient_description, main) VALUES(3, 250, NULL, 'A tablespoon of', 0);
INSERT INTO recipe_ingredient(recipe_id, ingredient_id, quantity, recipe_ingredient_description, main) VALUES(3, 288, NULL, 'A tablespoon of', 0);

INSERT INTO recipe_ingredient(recipe_id, ingredient_id, quantity, recipe_ingredient_description, main) VALUES(4, 177, 1, NULL, 1);
INSERT INTO recipe_ingredient(recipe_id, ingredient_id, quantity, recipe_ingredient_description, main) VALUES(4, 107, NULL, 'Few', 0);
INSERT INTO recipe_ingredient(recipe_id, ingredient_id, quantity, recipe_ingredient_description, main) VALUES(4, 272, NULL, 'A tablespoon of', 0);
INSERT INTO recipe_ingredient(recipe_id, ingredient_id, quantity, recipe_ingredient_description, main) VALUES(4, 190, NULL, 'A teaspoon of', 0);
INSERT INTO recipe_ingredient(recipe_id, ingredient_id, quantity, recipe_ingredient_description, main) VALUES(4, 156, NULL, 'A pinch', 0);
INSERT INTO recipe_ingredient(recipe_id, ingredient_id, quantity, recipe_ingredient_description, main) VALUES(4, 150, NULL, 'A little', 0);
INSERT INTO recipe_ingredient(recipe_id, ingredient_id, quantity, recipe_ingredient_description, main) VALUES(4, 162, NULL, 'Few', 0);

INSERT INTO recipe_ingredient(recipe_id, ingredient_id, quantity, recipe_ingredient_description, main) VALUES(5, 232, 1, NULL, 1);
INSERT INTO recipe_ingredient(recipe_id, ingredient_id, quantity, recipe_ingredient_description, main) VALUES(5, 240, 2, NULL, 0);
INSERT INTO recipe_ingredient(recipe_id, ingredient_id, quantity, recipe_ingredient_description, main) VALUES(5, 80, NULL, 'Few', 0);
INSERT INTO recipe_ingredient(recipe_id, ingredient_id, quantity, recipe_ingredient_description, main) VALUES(5, 320, NULL, 'A cup', 0);
INSERT INTO recipe_ingredient(recipe_id, ingredient_id, quantity, recipe_ingredient_description, main) VALUES(5, 300, 3, NULL, 0);
INSERT INTO recipe_ingredient(recipe_id, ingredient_id, quantity, recipe_ingredient_description, main) VALUES(5, 320, NULL, 'Few', 0);
INSERT INTO recipe_ingredient(recipe_id, ingredient_id, quantity, recipe_ingredient_description, main) VALUES(5, 181, NULL, 'A pinch', 0);
INSERT INTO recipe_ingredient(recipe_id, ingredient_id, quantity, recipe_ingredient_description, main) VALUES(5, 290, 590, 'ml', 0);
INSERT INTO recipe_ingredient(recipe_id, ingredient_id, quantity, recipe_ingredient_description, main) VALUES(5, 213, NULL, 'A cup', 0);
INSERT INTO recipe_ingredient(recipe_id, ingredient_id, quantity, recipe_ingredient_description, main) VALUES(5, 12, 8, NULL, 0);
INSERT INTO recipe_ingredient(recipe_id, ingredient_id, quantity, recipe_ingredient_description, main) VALUES(5, 146, NULL, 'Few', 0);
INSERT INTO recipe_ingredient(recipe_id, ingredient_id, quantity, recipe_ingredient_description, main) VALUES(5, 285, 670, 'ml', 0);
INSERT INTO recipe_ingredient(recipe_id, ingredient_id, quantity, recipe_ingredient_description, main) VALUES(5, 121, NULL, 'A tablespoon of', 0);
INSERT INTO recipe_ingredient(recipe_id, ingredient_id, quantity, recipe_ingredient_description, main) VALUES(5, 193, NULL, 'A cup', 0);
INSERT INTO recipe_ingredient(recipe_id, ingredient_id, quantity, recipe_ingredient_description, main) VALUES(5, 276, NULL, 'A teaspoon of', 0);
INSERT INTO recipe_ingredient(recipe_id, ingredient_id, quantity, recipe_ingredient_description, main) VALUES(5, 68, NULL, 'A little', 0);

INSERT INTO recipe_ingredient(recipe_id, ingredient_id, quantity, recipe_ingredient_description, main) VALUES(6, 194, 1, NULL, 1);
INSERT INTO recipe_ingredient(recipe_id, ingredient_id, quantity, recipe_ingredient_description, main) VALUES(6, 64, NULL, 'A cup', 0);
INSERT INTO recipe_ingredient(recipe_id, ingredient_id, quantity, recipe_ingredient_description, main) VALUES(6, 50, NULL, 'Few', 0);
INSERT INTO recipe_ingredient(recipe_id, ingredient_id, quantity, recipe_ingredient_description, main) VALUES(6, 203, NULL, 'A pinch', 0);
INSERT INTO recipe_ingredient(recipe_id, ingredient_id, quantity, recipe_ingredient_description, main) VALUES(6, 112, NULL, 'A little', 0);
INSERT INTO recipe_ingredient(recipe_id, ingredient_id, quantity, recipe_ingredient_description, main) VALUES(6, 109, NULL, 'A cup', 0);
INSERT INTO recipe_ingredient(recipe_id, ingredient_id, quantity, recipe_ingredient_description, main) VALUES(6, 57, NULL, 'A cup', 0);
INSERT INTO recipe_ingredient(recipe_id, ingredient_id, quantity, recipe_ingredient_description, main) VALUES(6, 293, NULL, 'A cup', 0);
INSERT INTO recipe_ingredient(recipe_id, ingredient_id, quantity, recipe_ingredient_description, main) VALUES(6, 149, NULL, 'A tablespoon of', 0);
INSERT INTO recipe_ingredient(recipe_id, ingredient_id, quantity, recipe_ingredient_description, main) VALUES(6, 92, NULL, 'A tablespoon of', 0);
INSERT INTO recipe_ingredient(recipe_id, ingredient_id, quantity, recipe_ingredient_description, main) VALUES(6, 82, NULL, 'A tablespoon of', 0);
INSERT INTO recipe_ingredient(recipe_id, ingredient_id, quantity, recipe_ingredient_description, main) VALUES(6, 206, NULL, 'A cup', 0);
INSERT INTO recipe_ingredient(recipe_id, ingredient_id, quantity, recipe_ingredient_description, main) VALUES(6, 282, NULL, 'A tablespoon of', 0);
INSERT INTO recipe_ingredient(recipe_id, ingredient_id, quantity, recipe_ingredient_description, main) VALUES(6, 210, NULL, 'A pinch', 0);
INSERT INTO recipe_ingredient(recipe_id, ingredient_id, quantity, recipe_ingredient_description, main) VALUES(6, 181, NULL, 'A pinch', 0);

INSERT INTO recipe_ingredient(recipe_id, ingredient_id, quantity, recipe_ingredient_description, main) VALUES(7, 112, 1, NULL, 1);
INSERT INTO recipe_ingredient(recipe_id, ingredient_id, quantity, recipe_ingredient_description, main) VALUES(7, 307, NULL, 'A pinch', 0);
INSERT INTO recipe_ingredient(recipe_id, ingredient_id, quantity, recipe_ingredient_description, main) VALUES(7, 143, NULL, 'A cup', 0);
INSERT INTO recipe_ingredient(recipe_id, ingredient_id, quantity, recipe_ingredient_description, main) VALUES(7, 164, NULL, 'Few', 0);
INSERT INTO recipe_ingredient(recipe_id, ingredient_id, quantity, recipe_ingredient_description, main) VALUES(7, 186, NULL, 'A teaspoon of', 0);
INSERT INTO recipe_ingredient(recipe_id, ingredient_id, quantity, recipe_ingredient_description, main) VALUES(7, 323, NULL, 'A little', 0);
INSERT INTO recipe_ingredient(recipe_id, ingredient_id, quantity, recipe_ingredient_description, main) VALUES(7, 55, NULL, 'A little', 0);
INSERT INTO recipe_ingredient(recipe_id, ingredient_id, quantity, recipe_ingredient_description, main) VALUES(7, 341, NULL, 'A little', 0);
INSERT INTO recipe_ingredient(recipe_id, ingredient_id, quantity, recipe_ingredient_description, main) VALUES(7, 352, NULL, 'A little', 0);
INSERT INTO recipe_ingredient(recipe_id, ingredient_id, quantity, recipe_ingredient_description, main) VALUES(7, 325, NULL, 'A little', 0);
INSERT INTO recipe_ingredient(recipe_id, ingredient_id, quantity, recipe_ingredient_description, main) VALUES(7, 326, NULL, 'A pinch', 0);
INSERT INTO recipe_ingredient(recipe_id, ingredient_id, quantity, recipe_ingredient_description, main) VALUES(7, 163, NULL, 'A tablespoon of', 0);

INSERT INTO recipe_ingredient(recipe_id, ingredient_id, quantity, recipe_ingredient_description, main) VALUES(8, 258, 1, NULL, 1);
INSERT INTO recipe_ingredient(recipe_id, ingredient_id, quantity, recipe_ingredient_description, main) VALUES(8, 273, NULL, 'A teaspoon of', 0);
INSERT INTO recipe_ingredient(recipe_id, ingredient_id, quantity, recipe_ingredient_description, main) VALUES(8, 201, NULL, 'A cup', 0);
INSERT INTO recipe_ingredient(recipe_id, ingredient_id, quantity, recipe_ingredient_description, main) VALUES(8, 116, NULL, 'A pinch', 0);
INSERT INTO recipe_ingredient(recipe_id, ingredient_id, quantity, recipe_ingredient_description, main) VALUES(8, 207, 5, NULL, 0);
INSERT INTO recipe_ingredient(recipe_id, ingredient_id, quantity, recipe_ingredient_description, main) VALUES(8, 238, NULL, 'A little', 0);
INSERT INTO recipe_ingredient(recipe_id, ingredient_id, quantity, recipe_ingredient_description, main) VALUES(8, 147, NULL, 'A cup', 0);
INSERT INTO recipe_ingredient(recipe_id, ingredient_id, quantity, recipe_ingredient_description, main) VALUES(8, 231, NULL, 'Few', 0);
INSERT INTO recipe_ingredient(recipe_id, ingredient_id, quantity, recipe_ingredient_description, main) VALUES(8, 81, NULL, 'A tablespoon of', 0);
INSERT INTO recipe_ingredient(recipe_id, ingredient_id, quantity, recipe_ingredient_description, main) VALUES(8, 91, 550, 'gr', 0);
INSERT INTO recipe_ingredient(recipe_id, ingredient_id, quantity, recipe_ingredient_description, main) VALUES(8, 148, NULL, 'A teaspoon of', 0);
INSERT INTO recipe_ingredient(recipe_id, ingredient_id, quantity, recipe_ingredient_description, main) VALUES(8, 2, NULL, 'A tablespoon of', 0);
INSERT INTO recipe_ingredient(recipe_id, ingredient_id, quantity, recipe_ingredient_description, main) VALUES(8, 273, 8, NULL, 0);
INSERT INTO recipe_ingredient(recipe_id, ingredient_id, quantity, recipe_ingredient_description, main) VALUES(8, 172, NULL, 'A cup', 0);

INSERT INTO recipe_ingredient(recipe_id, ingredient_id, quantity, recipe_ingredient_description, main) VALUES(9, 238, 1, NULL, 1);
INSERT INTO recipe_ingredient(recipe_id, ingredient_id, quantity, recipe_ingredient_description, main) VALUES(9, 89, 170, 'ml', 0);
INSERT INTO recipe_ingredient(recipe_id, ingredient_id, quantity, recipe_ingredient_description, main) VALUES(9, 197, NULL, 'A little', 0);
INSERT INTO recipe_ingredient(recipe_id, ingredient_id, quantity, recipe_ingredient_description, main) VALUES(9, 298, NULL, 'A little', 0);
INSERT INTO recipe_ingredient(recipe_id, ingredient_id, quantity, recipe_ingredient_description, main) VALUES(9, 335, NULL, 'A pinch', 0);
INSERT INTO recipe_ingredient(recipe_id, ingredient_id, quantity, recipe_ingredient_description, main) VALUES(9, 215, NULL, 'A teaspoon of', 0);
INSERT INTO recipe_ingredient(recipe_id, ingredient_id, quantity, recipe_ingredient_description, main) VALUES(9, 215, NULL, 'Few', 0);
INSERT INTO recipe_ingredient(recipe_id, ingredient_id, quantity, recipe_ingredient_description, main) VALUES(9, 211, NULL, 'A cup', 0);
INSERT INTO recipe_ingredient(recipe_id, ingredient_id, quantity, recipe_ingredient_description, main) VALUES(9, 97, NULL, 'A teaspoon of', 0);
INSERT INTO recipe_ingredient(recipe_id, ingredient_id, quantity, recipe_ingredient_description, main) VALUES(9, 326, NULL, 'A cup', 0);
INSERT INTO recipe_ingredient(recipe_id, ingredient_id, quantity, recipe_ingredient_description, main) VALUES(9, 15, NULL, 'Few', 0);
INSERT INTO recipe_ingredient(recipe_id, ingredient_id, quantity, recipe_ingredient_description, main) VALUES(9, 317, NULL, 'A tablespoon of', 0);
INSERT INTO recipe_ingredient(recipe_id, ingredient_id, quantity, recipe_ingredient_description, main) VALUES(9, 115, 210, 'ml', 0);
INSERT INTO recipe_ingredient(recipe_id, ingredient_id, quantity, recipe_ingredient_description, main) VALUES(9, 313, NULL, 'A little', 0);
INSERT INTO recipe_ingredient(recipe_id, ingredient_id, quantity, recipe_ingredient_description, main) VALUES(9, 318, NULL, 'A cup', 0);
INSERT INTO recipe_ingredient(recipe_id, ingredient_id, quantity, recipe_ingredient_description, main) VALUES(9, 258, NULL, 'Few', 0);

INSERT INTO recipe_ingredient(recipe_id, ingredient_id, quantity, recipe_ingredient_description, main) VALUES(10, 42, 1, NULL, 1);
INSERT INTO recipe_ingredient(recipe_id, ingredient_id, quantity, recipe_ingredient_description, main) VALUES(10, 293, 7, NULL, 0);
INSERT INTO recipe_ingredient(recipe_id, ingredient_id, quantity, recipe_ingredient_description, main) VALUES(10, 210, NULL, 'Few', 0);
INSERT INTO recipe_ingredient(recipe_id, ingredient_id, quantity, recipe_ingredient_description, main) VALUES(10, 12, NULL, 'A cup', 0);
INSERT INTO recipe_ingredient(recipe_id, ingredient_id, quantity, recipe_ingredient_description, main) VALUES(10, 167, NULL, 'A little', 0);
INSERT INTO recipe_ingredient(recipe_id, ingredient_id, quantity, recipe_ingredient_description, main) VALUES(10, 313, NULL, 'Few', 0);
INSERT INTO recipe_ingredient(recipe_id, ingredient_id, quantity, recipe_ingredient_description, main) VALUES(10, 128, NULL, 'A cup', 0);
INSERT INTO recipe_ingredient(recipe_id, ingredient_id, quantity, recipe_ingredient_description, main) VALUES(10, 86, NULL, 'A pinch', 0);
INSERT INTO recipe_ingredient(recipe_id, ingredient_id, quantity, recipe_ingredient_description, main) VALUES(10, 292, NULL, 'A tablespoon of', 0);
INSERT INTO recipe_ingredient(recipe_id, ingredient_id, quantity, recipe_ingredient_description, main) VALUES(10, 321, NULL, 'A little', 0);
INSERT INTO recipe_ingredient(recipe_id, ingredient_id, quantity, recipe_ingredient_description, main) VALUES(10, 242, NULL, 'Few', 0);
INSERT INTO recipe_ingredient(recipe_id, ingredient_id, quantity, recipe_ingredient_description, main) VALUES(10, 351, NULL, 'A tablespoon of', 0);
INSERT INTO recipe_ingredient(recipe_id, ingredient_id, quantity, recipe_ingredient_description, main) VALUES(10, 47, NULL, 'A pinch', 0);
INSERT INTO recipe_ingredient(recipe_id, ingredient_id, quantity, recipe_ingredient_description, main) VALUES(10, 190, NULL, 'A teaspoon of', 0);
INSERT INTO recipe_ingredient(recipe_id, ingredient_id, quantity, recipe_ingredient_description, main) VALUES(10, 12, 530, 'ml', 0);

INSERT INTO recipe_ingredient(recipe_id, ingredient_id, quantity, recipe_ingredient_description, main) VALUES(11, 283, 1, NULL, 1);
INSERT INTO recipe_ingredient(recipe_id, ingredient_id, quantity, recipe_ingredient_description, main) VALUES(11, 99, 250, 'gr', 0);
INSERT INTO recipe_ingredient(recipe_id, ingredient_id, quantity, recipe_ingredient_description, main) VALUES(11, 235, 510, 'gr', 0);
INSERT INTO recipe_ingredient(recipe_id, ingredient_id, quantity, recipe_ingredient_description, main) VALUES(11, 123, 270, 'gr', 0);
INSERT INTO recipe_ingredient(recipe_id, ingredient_id, quantity, recipe_ingredient_description, main) VALUES(11, 242, 290, 'ml', 0);
INSERT INTO recipe_ingredient(recipe_id, ingredient_id, quantity, recipe_ingredient_description, main) VALUES(11, 166, 210, 'ml', 0);
INSERT INTO recipe_ingredient(recipe_id, ingredient_id, quantity, recipe_ingredient_description, main) VALUES(11, 151, 130, 'ml', 0);
INSERT INTO recipe_ingredient(recipe_id, ingredient_id, quantity, recipe_ingredient_description, main) VALUES(11, 16, NULL, 'A pinch', 0);
INSERT INTO recipe_ingredient(recipe_id, ingredient_id, quantity, recipe_ingredient_description, main) VALUES(11, 106, 630, 'gr', 0);
INSERT INTO recipe_ingredient(recipe_id, ingredient_id, quantity, recipe_ingredient_description, main) VALUES(11, 236, NULL, 'A pinch', 0);
INSERT INTO recipe_ingredient(recipe_id, ingredient_id, quantity, recipe_ingredient_description, main) VALUES(11, 126, NULL, 'A pinch', 0);
INSERT INTO recipe_ingredient(recipe_id, ingredient_id, quantity, recipe_ingredient_description, main) VALUES(11, 351, NULL, 'A little', 0);
INSERT INTO recipe_ingredient(recipe_id, ingredient_id, quantity, recipe_ingredient_description, main) VALUES(11, 309, NULL, 'Few', 0);
INSERT INTO recipe_ingredient(recipe_id, ingredient_id, quantity, recipe_ingredient_description, main) VALUES(11, 228, NULL, 'A little', 0);

INSERT INTO recipe_ingredient(recipe_id, ingredient_id, quantity, recipe_ingredient_description, main) VALUES(12, 124, 1, NULL, 1);
INSERT INTO recipe_ingredient(recipe_id, ingredient_id, quantity, recipe_ingredient_description, main) VALUES(12, 237, 6, NULL, 0);
INSERT INTO recipe_ingredient(recipe_id, ingredient_id, quantity, recipe_ingredient_description, main) VALUES(12, 329, 190, 'gr', 0);
INSERT INTO recipe_ingredient(recipe_id, ingredient_id, quantity, recipe_ingredient_description, main) VALUES(12, 310, NULL, 'A pinch', 0);
INSERT INTO recipe_ingredient(recipe_id, ingredient_id, quantity, recipe_ingredient_description, main) VALUES(12, 170, NULL, 'A pinch', 0);
INSERT INTO recipe_ingredient(recipe_id, ingredient_id, quantity, recipe_ingredient_description, main) VALUES(12, 82, NULL, 'A tablespoon of', 0);
INSERT INTO recipe_ingredient(recipe_id, ingredient_id, quantity, recipe_ingredient_description, main) VALUES(12, 126, NULL, 'A tablespoon of', 0);
INSERT INTO recipe_ingredient(recipe_id, ingredient_id, quantity, recipe_ingredient_description, main) VALUES(12, 237, NULL, 'A pinch', 0);

INSERT INTO recipe_ingredient(recipe_id, ingredient_id, quantity, recipe_ingredient_description, main) VALUES(13, 36, 1, NULL, 1);
INSERT INTO recipe_ingredient(recipe_id, ingredient_id, quantity, recipe_ingredient_description, main) VALUES(13, 17, NULL, 'Few', 0);
INSERT INTO recipe_ingredient(recipe_id, ingredient_id, quantity, recipe_ingredient_description, main) VALUES(13, 350, 7, NULL, 0);
INSERT INTO recipe_ingredient(recipe_id, ingredient_id, quantity, recipe_ingredient_description, main) VALUES(13, 209, 8, NULL, 0);
INSERT INTO recipe_ingredient(recipe_id, ingredient_id, quantity, recipe_ingredient_description, main) VALUES(13, 267, 650, 'gr', 0);
INSERT INTO recipe_ingredient(recipe_id, ingredient_id, quantity, recipe_ingredient_description, main) VALUES(13, 198, NULL, 'A teaspoon of', 0);

INSERT INTO recipe_ingredient(recipe_id, ingredient_id, quantity, recipe_ingredient_description, main) VALUES(14, 37, 1, NULL, 1);
INSERT INTO recipe_ingredient(recipe_id, ingredient_id, quantity, recipe_ingredient_description, main) VALUES(14, 134, NULL, 'Few', 0);
INSERT INTO recipe_ingredient(recipe_id, ingredient_id, quantity, recipe_ingredient_description, main) VALUES(14, 276, NULL, 'Few', 0);
INSERT INTO recipe_ingredient(recipe_id, ingredient_id, quantity, recipe_ingredient_description, main) VALUES(14, 62, NULL, 'Few', 0);
INSERT INTO recipe_ingredient(recipe_id, ingredient_id, quantity, recipe_ingredient_description, main) VALUES(14, 311, NULL, 'A cup', 0);
INSERT INTO recipe_ingredient(recipe_id, ingredient_id, quantity, recipe_ingredient_description, main) VALUES(14, 332, 70, 'gr', 0);
INSERT INTO recipe_ingredient(recipe_id, ingredient_id, quantity, recipe_ingredient_description, main) VALUES(14, 225, NULL, 'A teaspoon of', 0);
INSERT INTO recipe_ingredient(recipe_id, ingredient_id, quantity, recipe_ingredient_description, main) VALUES(14, 247, NULL, 'A cup', 0);
INSERT INTO recipe_ingredient(recipe_id, ingredient_id, quantity, recipe_ingredient_description, main) VALUES(14, 31, NULL, 'Few', 0);
INSERT INTO recipe_ingredient(recipe_id, ingredient_id, quantity, recipe_ingredient_description, main) VALUES(14, 150, NULL, 'A teaspoon of', 0);
INSERT INTO recipe_ingredient(recipe_id, ingredient_id, quantity, recipe_ingredient_description, main) VALUES(14, 204, NULL, 'A teaspoon of', 0);
INSERT INTO recipe_ingredient(recipe_id, ingredient_id, quantity, recipe_ingredient_description, main) VALUES(14, 21, NULL, 'A tablespoon of', 0);

INSERT INTO recipe_ingredient(recipe_id, ingredient_id, quantity, recipe_ingredient_description, main) VALUES(15, 187, 1, NULL, 1);
INSERT INTO recipe_ingredient(recipe_id, ingredient_id, quantity, recipe_ingredient_description, main) VALUES(15, 262, 7, NULL, 0);
INSERT INTO recipe_ingredient(recipe_id, ingredient_id, quantity, recipe_ingredient_description, main) VALUES(15, 333, NULL, 'A little', 0);
INSERT INTO recipe_ingredient(recipe_id, ingredient_id, quantity, recipe_ingredient_description, main) VALUES(15, 226, 590, 'gr', 0);
INSERT INTO recipe_ingredient(recipe_id, ingredient_id, quantity, recipe_ingredient_description, main) VALUES(15, 64, NULL, 'Few', 0);
INSERT INTO recipe_ingredient(recipe_id, ingredient_id, quantity, recipe_ingredient_description, main) VALUES(15, 54, NULL, 'A tablespoon of', 0);
INSERT INTO recipe_ingredient(recipe_id, ingredient_id, quantity, recipe_ingredient_description, main) VALUES(15, 75, 370, 'gr', 0);
INSERT INTO recipe_ingredient(recipe_id, ingredient_id, quantity, recipe_ingredient_description, main) VALUES(15, 297, 190, 'ml', 0);
INSERT INTO recipe_ingredient(recipe_id, ingredient_id, quantity, recipe_ingredient_description, main) VALUES(15, 87, NULL, 'Few', 0);
INSERT INTO recipe_ingredient(recipe_id, ingredient_id, quantity, recipe_ingredient_description, main) VALUES(15, 188, NULL, 'A cup', 0);
INSERT INTO recipe_ingredient(recipe_id, ingredient_id, quantity, recipe_ingredient_description, main) VALUES(15, 212, NULL, 'A tablespoon of', 0);
INSERT INTO recipe_ingredient(recipe_id, ingredient_id, quantity, recipe_ingredient_description, main) VALUES(15, 337, NULL, 'A cup', 0);

INSERT INTO recipe_ingredient(recipe_id, ingredient_id, quantity, recipe_ingredient_description, main) VALUES(16, 174, 1, NULL, 1);
INSERT INTO recipe_ingredient(recipe_id, ingredient_id, quantity, recipe_ingredient_description, main) VALUES(16, 125, NULL, 'A tablespoon of', 0);
INSERT INTO recipe_ingredient(recipe_id, ingredient_id, quantity, recipe_ingredient_description, main) VALUES(16, 248, NULL, 'Few', 0);
INSERT INTO recipe_ingredient(recipe_id, ingredient_id, quantity, recipe_ingredient_description, main) VALUES(16, 108, 370, 'ml', 0);
INSERT INTO recipe_ingredient(recipe_id, ingredient_id, quantity, recipe_ingredient_description, main) VALUES(16, 50, NULL, 'A pinch', 0);
INSERT INTO recipe_ingredient(recipe_id, ingredient_id, quantity, recipe_ingredient_description, main) VALUES(16, 169, NULL, 'A tablespoon of', 0);
INSERT INTO recipe_ingredient(recipe_id, ingredient_id, quantity, recipe_ingredient_description, main) VALUES(16, 329, NULL, 'Few', 0);
INSERT INTO recipe_ingredient(recipe_id, ingredient_id, quantity, recipe_ingredient_description, main) VALUES(16, 356, NULL, 'A tablespoon of', 0);

INSERT INTO recipe_ingredient(recipe_id, ingredient_id, quantity, recipe_ingredient_description, main) VALUES(17, 38, 1, NULL, 1);
INSERT INTO recipe_ingredient(recipe_id, ingredient_id, quantity, recipe_ingredient_description, main) VALUES(17, 364, 670, 'ml', 0);
INSERT INTO recipe_ingredient(recipe_id, ingredient_id, quantity, recipe_ingredient_description, main) VALUES(17, 126, NULL, 'A tablespoon of', 0);
INSERT INTO recipe_ingredient(recipe_id, ingredient_id, quantity, recipe_ingredient_description, main) VALUES(17, 134, NULL, 'A pinch', 0);
INSERT INTO recipe_ingredient(recipe_id, ingredient_id, quantity, recipe_ingredient_description, main) VALUES(17, 176, NULL, 'A pinch', 0);
INSERT INTO recipe_ingredient(recipe_id, ingredient_id, quantity, recipe_ingredient_description, main) VALUES(17, 152, 610, 'gr', 0);
INSERT INTO recipe_ingredient(recipe_id, ingredient_id, quantity, recipe_ingredient_description, main) VALUES(17, 170, NULL, 'A pinch', 0);
INSERT INTO recipe_ingredient(recipe_id, ingredient_id, quantity, recipe_ingredient_description, main) VALUES(17, 231, 370, 'gr', 0);
INSERT INTO recipe_ingredient(recipe_id, ingredient_id, quantity, recipe_ingredient_description, main) VALUES(17, 291, NULL, 'Few', 0);
INSERT INTO recipe_ingredient(recipe_id, ingredient_id, quantity, recipe_ingredient_description, main) VALUES(17, 141, NULL, 'Few', 0);
INSERT INTO recipe_ingredient(recipe_id, ingredient_id, quantity, recipe_ingredient_description, main) VALUES(17, 305, 2, NULL, 0);
INSERT INTO recipe_ingredient(recipe_id, ingredient_id, quantity, recipe_ingredient_description, main) VALUES(17, 72, NULL, 'A cup', 0);
INSERT INTO recipe_ingredient(recipe_id, ingredient_id, quantity, recipe_ingredient_description, main) VALUES(17, 76, NULL, 'Few', 0);

INSERT INTO recipe_ingredient(recipe_id, ingredient_id, quantity, recipe_ingredient_description, main) VALUES(18, 268, 1, NULL, 1);
INSERT INTO recipe_ingredient(recipe_id, ingredient_id, quantity, recipe_ingredient_description, main) VALUES(18, 14, 330, 'gr', 0);
INSERT INTO recipe_ingredient(recipe_id, ingredient_id, quantity, recipe_ingredient_description, main) VALUES(18, 190, NULL, 'A little', 0);
INSERT INTO recipe_ingredient(recipe_id, ingredient_id, quantity, recipe_ingredient_description, main) VALUES(18, 289, NULL, 'A pinch', 0);
INSERT INTO recipe_ingredient(recipe_id, ingredient_id, quantity, recipe_ingredient_description, main) VALUES(18, 186, 7, NULL, 0);
INSERT INTO recipe_ingredient(recipe_id, ingredient_id, quantity, recipe_ingredient_description, main) VALUES(18, 150, 430, 'gr', 0);
INSERT INTO recipe_ingredient(recipe_id, ingredient_id, quantity, recipe_ingredient_description, main) VALUES(18, 82, NULL, 'A pinch', 0);
INSERT INTO recipe_ingredient(recipe_id, ingredient_id, quantity, recipe_ingredient_description, main) VALUES(18, 291, NULL, 'A tablespoon of', 0);
INSERT INTO recipe_ingredient(recipe_id, ingredient_id, quantity, recipe_ingredient_description, main) VALUES(18, 325, 430, 'ml', 0);
INSERT INTO recipe_ingredient(recipe_id, ingredient_id, quantity, recipe_ingredient_description, main) VALUES(18, 244, NULL, 'A cup', 0);

INSERT INTO recipe_ingredient(recipe_id, ingredient_id, quantity, recipe_ingredient_description, main) VALUES(19, 226, 1, NULL, 1);
INSERT INTO recipe_ingredient(recipe_id, ingredient_id, quantity, recipe_ingredient_description, main) VALUES(19, 151, NULL, 'Few', 0);
INSERT INTO recipe_ingredient(recipe_id, ingredient_id, quantity, recipe_ingredient_description, main) VALUES(19, 80, NULL, 'A pinch', 0);
INSERT INTO recipe_ingredient(recipe_id, ingredient_id, quantity, recipe_ingredient_description, main) VALUES(19, 356, 3, NULL, 0);
INSERT INTO recipe_ingredient(recipe_id, ingredient_id, quantity, recipe_ingredient_description, main) VALUES(19, 76, NULL, 'A little', 0);
INSERT INTO recipe_ingredient(recipe_id, ingredient_id, quantity, recipe_ingredient_description, main) VALUES(19, 312, NULL, 'A teaspoon of', 0);
INSERT INTO recipe_ingredient(recipe_id, ingredient_id, quantity, recipe_ingredient_description, main) VALUES(19, 150, 8, NULL, 0);
INSERT INTO recipe_ingredient(recipe_id, ingredient_id, quantity, recipe_ingredient_description, main) VALUES(19, 197, NULL, 'A teaspoon of', 0);
INSERT INTO recipe_ingredient(recipe_id, ingredient_id, quantity, recipe_ingredient_description, main) VALUES(19, 132, 330, 'ml', 0);
INSERT INTO recipe_ingredient(recipe_id, ingredient_id, quantity, recipe_ingredient_description, main) VALUES(19, 15, NULL, 'A tablespoon of', 0);
INSERT INTO recipe_ingredient(recipe_id, ingredient_id, quantity, recipe_ingredient_description, main) VALUES(19, 109, NULL, 'A pinch', 0);
INSERT INTO recipe_ingredient(recipe_id, ingredient_id, quantity, recipe_ingredient_description, main) VALUES(19, 299, NULL, 'Few', 0);
INSERT INTO recipe_ingredient(recipe_id, ingredient_id, quantity, recipe_ingredient_description, main) VALUES(19, 156, 230, 'ml', 0);
INSERT INTO recipe_ingredient(recipe_id, ingredient_id, quantity, recipe_ingredient_description, main) VALUES(19, 300, NULL, 'A little', 0);
INSERT INTO recipe_ingredient(recipe_id, ingredient_id, quantity, recipe_ingredient_description, main) VALUES(19, 7, 4, NULL, 0);
INSERT INTO recipe_ingredient(recipe_id, ingredient_id, quantity, recipe_ingredient_description, main) VALUES(19, 187, 7, NULL, 0);

INSERT INTO recipe_ingredient(recipe_id, ingredient_id, quantity, recipe_ingredient_description, main) VALUES(20, 261, 1, NULL, 1);
INSERT INTO recipe_ingredient(recipe_id, ingredient_id, quantity, recipe_ingredient_description, main) VALUES(20, 208, NULL, 'A tablespoon of', 0);
INSERT INTO recipe_ingredient(recipe_id, ingredient_id, quantity, recipe_ingredient_description, main) VALUES(20, 245, NULL, 'A cup', 0);
INSERT INTO recipe_ingredient(recipe_id, ingredient_id, quantity, recipe_ingredient_description, main) VALUES(20, 317, NULL, 'A pinch', 0);
INSERT INTO recipe_ingredient(recipe_id, ingredient_id, quantity, recipe_ingredient_description, main) VALUES(20, 88, 490, 'ml', 0);
INSERT INTO recipe_ingredient(recipe_id, ingredient_id, quantity, recipe_ingredient_description, main) VALUES(20, 330, 3, NULL, 0);
INSERT INTO recipe_ingredient(recipe_id, ingredient_id, quantity, recipe_ingredient_description, main) VALUES(20, 301, NULL, 'A tablespoon of', 0);
INSERT INTO recipe_ingredient(recipe_id, ingredient_id, quantity, recipe_ingredient_description, main) VALUES(20, 257, 450, 'gr', 0);
INSERT INTO recipe_ingredient(recipe_id, ingredient_id, quantity, recipe_ingredient_description, main) VALUES(20, 268, NULL, 'A pinch', 0);
INSERT INTO recipe_ingredient(recipe_id, ingredient_id, quantity, recipe_ingredient_description, main) VALUES(20, 192, NULL, 'A teaspoon of', 0);
INSERT INTO recipe_ingredient(recipe_id, ingredient_id, quantity, recipe_ingredient_description, main) VALUES(20, 194, 670, 'ml', 0);
INSERT INTO recipe_ingredient(recipe_id, ingredient_id, quantity, recipe_ingredient_description, main) VALUES(20, 332, NULL, 'Few', 0);
INSERT INTO recipe_ingredient(recipe_id, ingredient_id, quantity, recipe_ingredient_description, main) VALUES(20, 87, 650, 'ml', 0);
INSERT INTO recipe_ingredient(recipe_id, ingredient_id, quantity, recipe_ingredient_description, main) VALUES(20, 90, 650, 'ml', 0);

INSERT INTO recipe_ingredient(recipe_id, ingredient_id, quantity, recipe_ingredient_description, main) VALUES(21, 195, 1, NULL, 1);
INSERT INTO recipe_ingredient(recipe_id, ingredient_id, quantity, recipe_ingredient_description, main) VALUES(21, 343, 2, NULL, 0);
INSERT INTO recipe_ingredient(recipe_id, ingredient_id, quantity, recipe_ingredient_description, main) VALUES(21, 176, NULL, 'A cup', 0);
INSERT INTO recipe_ingredient(recipe_id, ingredient_id, quantity, recipe_ingredient_description, main) VALUES(21, 116, NULL, 'A little', 0);
INSERT INTO recipe_ingredient(recipe_id, ingredient_id, quantity, recipe_ingredient_description, main) VALUES(21, 159, NULL, 'A tablespoon of', 0);
INSERT INTO recipe_ingredient(recipe_id, ingredient_id, quantity, recipe_ingredient_description, main) VALUES(21, 106, NULL, 'A cup', 0);

INSERT INTO recipe_ingredient(recipe_id, ingredient_id, quantity, recipe_ingredient_description, main) VALUES(22, 115, 1, NULL, 1);
INSERT INTO recipe_ingredient(recipe_id, ingredient_id, quantity, recipe_ingredient_description, main) VALUES(22, 143, NULL, 'A cup', 0);
INSERT INTO recipe_ingredient(recipe_id, ingredient_id, quantity, recipe_ingredient_description, main) VALUES(22, 312, 190, 'ml', 0);
INSERT INTO recipe_ingredient(recipe_id, ingredient_id, quantity, recipe_ingredient_description, main) VALUES(22, 333, 3, NULL, 0);
INSERT INTO recipe_ingredient(recipe_id, ingredient_id, quantity, recipe_ingredient_description, main) VALUES(22, 183, NULL, 'A cup', 0);
INSERT INTO recipe_ingredient(recipe_id, ingredient_id, quantity, recipe_ingredient_description, main) VALUES(22, 256, NULL, 'A pinch', 0);
INSERT INTO recipe_ingredient(recipe_id, ingredient_id, quantity, recipe_ingredient_description, main) VALUES(22, 236, NULL, 'A pinch', 0);
INSERT INTO recipe_ingredient(recipe_id, ingredient_id, quantity, recipe_ingredient_description, main) VALUES(22, 292, NULL, 'A teaspoon of', 0);

INSERT INTO recipe_ingredient(recipe_id, ingredient_id, quantity, recipe_ingredient_description, main) VALUES(23, 327, 1, NULL, 1);
INSERT INTO recipe_ingredient(recipe_id, ingredient_id, quantity, recipe_ingredient_description, main) VALUES(23, 269, NULL, 'A cup', 0);
INSERT INTO recipe_ingredient(recipe_id, ingredient_id, quantity, recipe_ingredient_description, main) VALUES(23, 117, NULL, 'A cup', 0);
INSERT INTO recipe_ingredient(recipe_id, ingredient_id, quantity, recipe_ingredient_description, main) VALUES(23, 104, NULL, 'A pinch', 0);
INSERT INTO recipe_ingredient(recipe_id, ingredient_id, quantity, recipe_ingredient_description, main) VALUES(23, 187, NULL, 'Few', 0);
INSERT INTO recipe_ingredient(recipe_id, ingredient_id, quantity, recipe_ingredient_description, main) VALUES(23, 341, NULL, 'A pinch', 0);

INSERT INTO recipe_ingredient(recipe_id, ingredient_id, quantity, recipe_ingredient_description, main) VALUES(24, 17, 1, NULL, 1);
INSERT INTO recipe_ingredient(recipe_id, ingredient_id, quantity, recipe_ingredient_description, main) VALUES(24, 321, 2, NULL, 0);
INSERT INTO recipe_ingredient(recipe_id, ingredient_id, quantity, recipe_ingredient_description, main) VALUES(24, 169, NULL, 'A teaspoon of', 0);
INSERT INTO recipe_ingredient(recipe_id, ingredient_id, quantity, recipe_ingredient_description, main) VALUES(24, 260, NULL, 'A little', 0);
INSERT INTO recipe_ingredient(recipe_id, ingredient_id, quantity, recipe_ingredient_description, main) VALUES(24, 35, NULL, 'A tablespoon of', 0);
INSERT INTO recipe_ingredient(recipe_id, ingredient_id, quantity, recipe_ingredient_description, main) VALUES(24, 139, 6, NULL, 0);
INSERT INTO recipe_ingredient(recipe_id, ingredient_id, quantity, recipe_ingredient_description, main) VALUES(24, 274, 8, NULL, 0);
INSERT INTO recipe_ingredient(recipe_id, ingredient_id, quantity, recipe_ingredient_description, main) VALUES(24, 276, 150, 'gr', 0);
INSERT INTO recipe_ingredient(recipe_id, ingredient_id, quantity, recipe_ingredient_description, main) VALUES(24, 29, NULL, 'A tablespoon of', 0);
INSERT INTO recipe_ingredient(recipe_id, ingredient_id, quantity, recipe_ingredient_description, main) VALUES(24, 229, 350, 'gr', 0);
INSERT INTO recipe_ingredient(recipe_id, ingredient_id, quantity, recipe_ingredient_description, main) VALUES(24, 126, NULL, 'A pinch', 0);
INSERT INTO recipe_ingredient(recipe_id, ingredient_id, quantity, recipe_ingredient_description, main) VALUES(24, 132, NULL, 'A teaspoon of', 0);

INSERT INTO recipe_ingredient(recipe_id, ingredient_id, quantity, recipe_ingredient_description, main) VALUES(25, 94, 1, NULL, 1);
INSERT INTO recipe_ingredient(recipe_id, ingredient_id, quantity, recipe_ingredient_description, main) VALUES(25, 126, 330, 'gr', 0);
INSERT INTO recipe_ingredient(recipe_id, ingredient_id, quantity, recipe_ingredient_description, main) VALUES(25, 354, 630, 'ml', 0);
INSERT INTO recipe_ingredient(recipe_id, ingredient_id, quantity, recipe_ingredient_description, main) VALUES(25, 91, NULL, 'Few', 0);
INSERT INTO recipe_ingredient(recipe_id, ingredient_id, quantity, recipe_ingredient_description, main) VALUES(25, 21, 390, 'gr', 0);
INSERT INTO recipe_ingredient(recipe_id, ingredient_id, quantity, recipe_ingredient_description, main) VALUES(25, 283, NULL, 'A little', 0);
INSERT INTO recipe_ingredient(recipe_id, ingredient_id, quantity, recipe_ingredient_description, main) VALUES(25, 143, 150, 'gr', 0);
INSERT INTO recipe_ingredient(recipe_id, ingredient_id, quantity, recipe_ingredient_description, main) VALUES(25, 98, NULL, 'Few', 0);
INSERT INTO recipe_ingredient(recipe_id, ingredient_id, quantity, recipe_ingredient_description, main) VALUES(25, 33, NULL, 'A pinch', 0);
INSERT INTO recipe_ingredient(recipe_id, ingredient_id, quantity, recipe_ingredient_description, main) VALUES(25, 68, 430, 'gr', 0);
INSERT INTO recipe_ingredient(recipe_id, ingredient_id, quantity, recipe_ingredient_description, main) VALUES(25, 32, NULL, 'Few', 0);
INSERT INTO recipe_ingredient(recipe_id, ingredient_id, quantity, recipe_ingredient_description, main) VALUES(25, 107, NULL, 'A little', 0);
INSERT INTO recipe_ingredient(recipe_id, ingredient_id, quantity, recipe_ingredient_description, main) VALUES(25, 117, 350, 'gr', 0);
INSERT INTO recipe_ingredient(recipe_id, ingredient_id, quantity, recipe_ingredient_description, main) VALUES(25, 300, 650, 'gr', 0);
INSERT INTO recipe_ingredient(recipe_id, ingredient_id, quantity, recipe_ingredient_description, main) VALUES(25, 238, 170, 'ml', 0);
INSERT INTO recipe_ingredient(recipe_id, ingredient_id, quantity, recipe_ingredient_description, main) VALUES(25, 275, 110, 'ml', 0);

INSERT INTO recipe_ingredient(recipe_id, ingredient_id, quantity, recipe_ingredient_description, main) VALUES(26, 164, 1, NULL, 1);
INSERT INTO recipe_ingredient(recipe_id, ingredient_id, quantity, recipe_ingredient_description, main) VALUES(26, 38, NULL, 'A pinch', 0);
INSERT INTO recipe_ingredient(recipe_id, ingredient_id, quantity, recipe_ingredient_description, main) VALUES(26, 101, 650, 'gr', 0);
INSERT INTO recipe_ingredient(recipe_id, ingredient_id, quantity, recipe_ingredient_description, main) VALUES(26, 60, NULL, 'Few', 0);
INSERT INTO recipe_ingredient(recipe_id, ingredient_id, quantity, recipe_ingredient_description, main) VALUES(26, 227, NULL, 'A tablespoon of', 0);
INSERT INTO recipe_ingredient(recipe_id, ingredient_id, quantity, recipe_ingredient_description, main) VALUES(26, 43, NULL, 'A pinch', 0);
INSERT INTO recipe_ingredient(recipe_id, ingredient_id, quantity, recipe_ingredient_description, main) VALUES(26, 244, 290, 'gr', 0);
INSERT INTO recipe_ingredient(recipe_id, ingredient_id, quantity, recipe_ingredient_description, main) VALUES(26, 52, 310, 'gr', 0);
INSERT INTO recipe_ingredient(recipe_id, ingredient_id, quantity, recipe_ingredient_description, main) VALUES(26, 307, 670, 'ml', 0);
INSERT INTO recipe_ingredient(recipe_id, ingredient_id, quantity, recipe_ingredient_description, main) VALUES(26, 154, NULL, 'Few', 0);
INSERT INTO recipe_ingredient(recipe_id, ingredient_id, quantity, recipe_ingredient_description, main) VALUES(26, 292, NULL, 'A little', 0);
INSERT INTO recipe_ingredient(recipe_id, ingredient_id, quantity, recipe_ingredient_description, main) VALUES(26, 5, 590, 'gr', 0);
INSERT INTO recipe_ingredient(recipe_id, ingredient_id, quantity, recipe_ingredient_description, main) VALUES(26, 58, NULL, 'Few', 0);
INSERT INTO recipe_ingredient(recipe_id, ingredient_id, quantity, recipe_ingredient_description, main) VALUES(26, 227, 290, 'gr', 0);
INSERT INTO recipe_ingredient(recipe_id, ingredient_id, quantity, recipe_ingredient_description, main) VALUES(26, 302, 630, 'gr', 0);
INSERT INTO recipe_ingredient(recipe_id, ingredient_id, quantity, recipe_ingredient_description, main) VALUES(26, 1, 370, 'ml', 0);

INSERT INTO recipe_ingredient(recipe_id, ingredient_id, quantity, recipe_ingredient_description, main) VALUES(27, 209, 1, NULL, 1);
INSERT INTO recipe_ingredient(recipe_id, ingredient_id, quantity, recipe_ingredient_description, main) VALUES(27, 139, NULL, 'A cup', 0);
INSERT INTO recipe_ingredient(recipe_id, ingredient_id, quantity, recipe_ingredient_description, main) VALUES(27, 253, NULL, 'A little', 0);
INSERT INTO recipe_ingredient(recipe_id, ingredient_id, quantity, recipe_ingredient_description, main) VALUES(27, 324, NULL, 'A little', 0);
INSERT INTO recipe_ingredient(recipe_id, ingredient_id, quantity, recipe_ingredient_description, main) VALUES(27, 91, 470, 'ml', 0);
INSERT INTO recipe_ingredient(recipe_id, ingredient_id, quantity, recipe_ingredient_description, main) VALUES(27, 260, 650, 'gr', 0);
INSERT INTO recipe_ingredient(recipe_id, ingredient_id, quantity, recipe_ingredient_description, main) VALUES(27, 264, NULL, 'A cup', 0);
INSERT INTO recipe_ingredient(recipe_id, ingredient_id, quantity, recipe_ingredient_description, main) VALUES(27, 146, NULL, 'A pinch', 0);
INSERT INTO recipe_ingredient(recipe_id, ingredient_id, quantity, recipe_ingredient_description, main) VALUES(27, 331, NULL, 'A teaspoon of', 0);
INSERT INTO recipe_ingredient(recipe_id, ingredient_id, quantity, recipe_ingredient_description, main) VALUES(27, 154, NULL, 'A little', 0);
INSERT INTO recipe_ingredient(recipe_id, ingredient_id, quantity, recipe_ingredient_description, main) VALUES(27, 136, NULL, 'A tablespoon of', 0);
INSERT INTO recipe_ingredient(recipe_id, ingredient_id, quantity, recipe_ingredient_description, main) VALUES(27, 273, NULL, 'A little', 0);
INSERT INTO recipe_ingredient(recipe_id, ingredient_id, quantity, recipe_ingredient_description, main) VALUES(27, 128, NULL, 'A tablespoon of', 0);
INSERT INTO recipe_ingredient(recipe_id, ingredient_id, quantity, recipe_ingredient_description, main) VALUES(27, 175, NULL, 'Few', 0);
INSERT INTO recipe_ingredient(recipe_id, ingredient_id, quantity, recipe_ingredient_description, main) VALUES(27, 141, NULL, 'A tablespoon of', 0);

INSERT INTO recipe_ingredient(recipe_id, ingredient_id, quantity, recipe_ingredient_description, main) VALUES(28, 348, 1, NULL, 1);
INSERT INTO recipe_ingredient(recipe_id, ingredient_id, quantity, recipe_ingredient_description, main) VALUES(28, 258, 4, NULL, 0);
INSERT INTO recipe_ingredient(recipe_id, ingredient_id, quantity, recipe_ingredient_description, main) VALUES(28, 321, 610, 'ml', 0);
INSERT INTO recipe_ingredient(recipe_id, ingredient_id, quantity, recipe_ingredient_description, main) VALUES(28, 58, NULL, 'A tablespoon of', 0);
INSERT INTO recipe_ingredient(recipe_id, ingredient_id, quantity, recipe_ingredient_description, main) VALUES(28, 94, NULL, 'Few', 0);
INSERT INTO recipe_ingredient(recipe_id, ingredient_id, quantity, recipe_ingredient_description, main) VALUES(28, 250, NULL, 'A teaspoon of', 0);
INSERT INTO recipe_ingredient(recipe_id, ingredient_id, quantity, recipe_ingredient_description, main) VALUES(28, 4, 450, 'ml', 0);
INSERT INTO recipe_ingredient(recipe_id, ingredient_id, quantity, recipe_ingredient_description, main) VALUES(28, 261, 650, 'gr', 0);
INSERT INTO recipe_ingredient(recipe_id, ingredient_id, quantity, recipe_ingredient_description, main) VALUES(28, 254, NULL, 'Few', 0);
INSERT INTO recipe_ingredient(recipe_id, ingredient_id, quantity, recipe_ingredient_description, main) VALUES(28, 84, NULL, 'A little', 0);
INSERT INTO recipe_ingredient(recipe_id, ingredient_id, quantity, recipe_ingredient_description, main) VALUES(28, 92, 2, NULL, 0);
INSERT INTO recipe_ingredient(recipe_id, ingredient_id, quantity, recipe_ingredient_description, main) VALUES(28, 222, NULL, 'Few', 0);
INSERT INTO recipe_ingredient(recipe_id, ingredient_id, quantity, recipe_ingredient_description, main) VALUES(28, 345, NULL, 'A teaspoon of', 0);
INSERT INTO recipe_ingredient(recipe_id, ingredient_id, quantity, recipe_ingredient_description, main) VALUES(28, 156, NULL, 'A little', 0);

INSERT INTO recipe_ingredient(recipe_id, ingredient_id, quantity, recipe_ingredient_description, main) VALUES(29, 49, 1, NULL, 1);
INSERT INTO recipe_ingredient(recipe_id, ingredient_id, quantity, recipe_ingredient_description, main) VALUES(29, 176, 270, 'gr', 0);
INSERT INTO recipe_ingredient(recipe_id, ingredient_id, quantity, recipe_ingredient_description, main) VALUES(29, 100, 170, 'gr', 0);
INSERT INTO recipe_ingredient(recipe_id, ingredient_id, quantity, recipe_ingredient_description, main) VALUES(29, 119, NULL, 'A little', 0);
INSERT INTO recipe_ingredient(recipe_id, ingredient_id, quantity, recipe_ingredient_description, main) VALUES(29, 110, NULL, 'Few', 0);
INSERT INTO recipe_ingredient(recipe_id, ingredient_id, quantity, recipe_ingredient_description, main) VALUES(29, 158, NULL, 'A pinch', 0);
INSERT INTO recipe_ingredient(recipe_id, ingredient_id, quantity, recipe_ingredient_description, main) VALUES(29, 257, NULL, 'A little', 0);
INSERT INTO recipe_ingredient(recipe_id, ingredient_id, quantity, recipe_ingredient_description, main) VALUES(29, 157, NULL, 'Few', 0);
INSERT INTO recipe_ingredient(recipe_id, ingredient_id, quantity, recipe_ingredient_description, main) VALUES(29, 164, NULL, 'A cup', 0);
INSERT INTO recipe_ingredient(recipe_id, ingredient_id, quantity, recipe_ingredient_description, main) VALUES(29, 272, 5, NULL, 0);
INSERT INTO recipe_ingredient(recipe_id, ingredient_id, quantity, recipe_ingredient_description, main) VALUES(29, 53, NULL, 'A cup', 0);
INSERT INTO recipe_ingredient(recipe_id, ingredient_id, quantity, recipe_ingredient_description, main) VALUES(29, 351, NULL, 'A teaspoon of', 0);
INSERT INTO recipe_ingredient(recipe_id, ingredient_id, quantity, recipe_ingredient_description, main) VALUES(29, 154, 6, NULL, 0);

INSERT INTO recipe_ingredient(recipe_id, ingredient_id, quantity, recipe_ingredient_description, main) VALUES(30, 108, 1, NULL, 1);
INSERT INTO recipe_ingredient(recipe_id, ingredient_id, quantity, recipe_ingredient_description, main) VALUES(30, 345, NULL, 'A little', 0);
INSERT INTO recipe_ingredient(recipe_id, ingredient_id, quantity, recipe_ingredient_description, main) VALUES(30, 80, NULL, 'A cup', 0);
INSERT INTO recipe_ingredient(recipe_id, ingredient_id, quantity, recipe_ingredient_description, main) VALUES(30, 166, 3, NULL, 0);
INSERT INTO recipe_ingredient(recipe_id, ingredient_id, quantity, recipe_ingredient_description, main) VALUES(30, 99, NULL, 'A pinch', 0);
INSERT INTO recipe_ingredient(recipe_id, ingredient_id, quantity, recipe_ingredient_description, main) VALUES(30, 203, NULL, 'A little', 0);
INSERT INTO recipe_ingredient(recipe_id, ingredient_id, quantity, recipe_ingredient_description, main) VALUES(30, 88, NULL, 'A teaspoon of', 0);
INSERT INTO recipe_ingredient(recipe_id, ingredient_id, quantity, recipe_ingredient_description, main) VALUES(30, 81, 250, 'ml', 0);
INSERT INTO recipe_ingredient(recipe_id, ingredient_id, quantity, recipe_ingredient_description, main) VALUES(30, 167, 6, NULL, 0);
INSERT INTO recipe_ingredient(recipe_id, ingredient_id, quantity, recipe_ingredient_description, main) VALUES(30, 243, 7, NULL, 0);
INSERT INTO recipe_ingredient(recipe_id, ingredient_id, quantity, recipe_ingredient_description, main) VALUES(30, 305, NULL, 'Few', 0);
INSERT INTO recipe_ingredient(recipe_id, ingredient_id, quantity, recipe_ingredient_description, main) VALUES(30, 214, 390, 'gr', 0);
INSERT INTO recipe_ingredient(recipe_id, ingredient_id, quantity, recipe_ingredient_description, main) VALUES(30, 118, 370, 'ml', 0);
INSERT INTO recipe_ingredient(recipe_id, ingredient_id, quantity, recipe_ingredient_description, main) VALUES(30, 242, 430, 'gr', 0);
INSERT INTO recipe_ingredient(recipe_id, ingredient_id, quantity, recipe_ingredient_description, main) VALUES(30, 190, NULL, 'A tablespoon of', 0);

INSERT INTO recipe_ingredient(recipe_id, ingredient_id, quantity, recipe_ingredient_description, main) VALUES(31, 75, 1, NULL, 1);
INSERT INTO recipe_ingredient(recipe_id, ingredient_id, quantity, recipe_ingredient_description, main) VALUES(31, 171, NULL, 'A pinch', 0);
INSERT INTO recipe_ingredient(recipe_id, ingredient_id, quantity, recipe_ingredient_description, main) VALUES(31, 182, 450, 'ml', 0);
INSERT INTO recipe_ingredient(recipe_id, ingredient_id, quantity, recipe_ingredient_description, main) VALUES(31, 231, NULL, 'A cup', 0);
INSERT INTO recipe_ingredient(recipe_id, ingredient_id, quantity, recipe_ingredient_description, main) VALUES(31, 158, 590, 'gr', 0);
INSERT INTO recipe_ingredient(recipe_id, ingredient_id, quantity, recipe_ingredient_description, main) VALUES(31, 289, NULL, 'A tablespoon of', 0);
INSERT INTO recipe_ingredient(recipe_id, ingredient_id, quantity, recipe_ingredient_description, main) VALUES(31, 202, 570, 'ml', 0);
INSERT INTO recipe_ingredient(recipe_id, ingredient_id, quantity, recipe_ingredient_description, main) VALUES(31, 3, 550, 'gr', 0);
INSERT INTO recipe_ingredient(recipe_id, ingredient_id, quantity, recipe_ingredient_description, main) VALUES(31, 29, NULL, 'A pinch', 0);
INSERT INTO recipe_ingredient(recipe_id, ingredient_id, quantity, recipe_ingredient_description, main) VALUES(31, 210, NULL, 'A pinch', 0);

INSERT INTO recipe_ingredient(recipe_id, ingredient_id, quantity, recipe_ingredient_description, main) VALUES(32, 182, 1, NULL, 1);
INSERT INTO recipe_ingredient(recipe_id, ingredient_id, quantity, recipe_ingredient_description, main) VALUES(32, 72, 630, 'gr', 0);
INSERT INTO recipe_ingredient(recipe_id, ingredient_id, quantity, recipe_ingredient_description, main) VALUES(32, 141, 2, NULL, 0);
INSERT INTO recipe_ingredient(recipe_id, ingredient_id, quantity, recipe_ingredient_description, main) VALUES(32, 361, NULL, 'A pinch', 0);
INSERT INTO recipe_ingredient(recipe_id, ingredient_id, quantity, recipe_ingredient_description, main) VALUES(32, 104, NULL, 'A tablespoon of', 0);
INSERT INTO recipe_ingredient(recipe_id, ingredient_id, quantity, recipe_ingredient_description, main) VALUES(32, 107, NULL, 'A pinch', 0);
INSERT INTO recipe_ingredient(recipe_id, ingredient_id, quantity, recipe_ingredient_description, main) VALUES(32, 339, NULL, 'A tablespoon of', 0);
INSERT INTO recipe_ingredient(recipe_id, ingredient_id, quantity, recipe_ingredient_description, main) VALUES(32, 132, NULL, 'A pinch', 0);
INSERT INTO recipe_ingredient(recipe_id, ingredient_id, quantity, recipe_ingredient_description, main) VALUES(32, 151, NULL, 'A tablespoon of', 0);
INSERT INTO recipe_ingredient(recipe_id, ingredient_id, quantity, recipe_ingredient_description, main) VALUES(32, 192, 2, NULL, 0);
INSERT INTO recipe_ingredient(recipe_id, ingredient_id, quantity, recipe_ingredient_description, main) VALUES(32, 165, NULL, 'A tablespoon of', 0);
INSERT INTO recipe_ingredient(recipe_id, ingredient_id, quantity, recipe_ingredient_description, main) VALUES(32, 219, NULL, 'A pinch', 0);
INSERT INTO recipe_ingredient(recipe_id, ingredient_id, quantity, recipe_ingredient_description, main) VALUES(32, 196, NULL, 'A teaspoon of', 0);
INSERT INTO recipe_ingredient(recipe_id, ingredient_id, quantity, recipe_ingredient_description, main) VALUES(32, 167, NULL, 'A little', 0);
INSERT INTO recipe_ingredient(recipe_id, ingredient_id, quantity, recipe_ingredient_description, main) VALUES(32, 286, NULL, 'A little', 0);
INSERT INTO recipe_ingredient(recipe_id, ingredient_id, quantity, recipe_ingredient_description, main) VALUES(32, 287, NULL, 'Few', 0);

INSERT INTO recipe_ingredient(recipe_id, ingredient_id, quantity, recipe_ingredient_description, main) VALUES(33, 103, 1, NULL, 1);
INSERT INTO recipe_ingredient(recipe_id, ingredient_id, quantity, recipe_ingredient_description, main) VALUES(33, 317, 690, 'ml', 0);
INSERT INTO recipe_ingredient(recipe_id, ingredient_id, quantity, recipe_ingredient_description, main) VALUES(33, 226, NULL, 'A pinch', 0);
INSERT INTO recipe_ingredient(recipe_id, ingredient_id, quantity, recipe_ingredient_description, main) VALUES(33, 141, NULL, 'A cup', 0);
INSERT INTO recipe_ingredient(recipe_id, ingredient_id, quantity, recipe_ingredient_description, main) VALUES(33, 55, NULL, 'A tablespoon of', 0);
INSERT INTO recipe_ingredient(recipe_id, ingredient_id, quantity, recipe_ingredient_description, main) VALUES(33, 39, NULL, 'A tablespoon of', 0);
INSERT INTO recipe_ingredient(recipe_id, ingredient_id, quantity, recipe_ingredient_description, main) VALUES(33, 125, NULL, 'A pinch', 0);
INSERT INTO recipe_ingredient(recipe_id, ingredient_id, quantity, recipe_ingredient_description, main) VALUES(33, 83, NULL, 'A cup', 0);
INSERT INTO recipe_ingredient(recipe_id, ingredient_id, quantity, recipe_ingredient_description, main) VALUES(33, 167, NULL, 'A tablespoon of', 0);

INSERT INTO recipe_ingredient(recipe_id, ingredient_id, quantity, recipe_ingredient_description, main) VALUES(34, 246, 1, NULL, 1);
INSERT INTO recipe_ingredient(recipe_id, ingredient_id, quantity, recipe_ingredient_description, main) VALUES(34, 241, NULL, 'A tablespoon of', 0);
INSERT INTO recipe_ingredient(recipe_id, ingredient_id, quantity, recipe_ingredient_description, main) VALUES(34, 24, NULL, 'A tablespoon of', 0);
INSERT INTO recipe_ingredient(recipe_id, ingredient_id, quantity, recipe_ingredient_description, main) VALUES(34, 338, NULL, 'Few', 0);
INSERT INTO recipe_ingredient(recipe_id, ingredient_id, quantity, recipe_ingredient_description, main) VALUES(34, 200, NULL, 'Few', 0);
INSERT INTO recipe_ingredient(recipe_id, ingredient_id, quantity, recipe_ingredient_description, main) VALUES(34, 353, NULL, 'A cup', 0);
INSERT INTO recipe_ingredient(recipe_id, ingredient_id, quantity, recipe_ingredient_description, main) VALUES(34, 362, NULL, 'A cup', 0);
INSERT INTO recipe_ingredient(recipe_id, ingredient_id, quantity, recipe_ingredient_description, main) VALUES(34, 250, 350, 'ml', 0);
INSERT INTO recipe_ingredient(recipe_id, ingredient_id, quantity, recipe_ingredient_description, main) VALUES(34, 144, NULL, 'Few', 0);
INSERT INTO recipe_ingredient(recipe_id, ingredient_id, quantity, recipe_ingredient_description, main) VALUES(34, 311, NULL, 'A pinch', 0);
INSERT INTO recipe_ingredient(recipe_id, ingredient_id, quantity, recipe_ingredient_description, main) VALUES(34, 301, NULL, 'A cup', 0);
INSERT INTO recipe_ingredient(recipe_id, ingredient_id, quantity, recipe_ingredient_description, main) VALUES(34, 193, NULL, 'Few', 0);
INSERT INTO recipe_ingredient(recipe_id, ingredient_id, quantity, recipe_ingredient_description, main) VALUES(34, 31, NULL, 'A cup', 0);
INSERT INTO recipe_ingredient(recipe_id, ingredient_id, quantity, recipe_ingredient_description, main) VALUES(34, 52, NULL, 'A pinch', 0);
INSERT INTO recipe_ingredient(recipe_id, ingredient_id, quantity, recipe_ingredient_description, main) VALUES(34, 29, 470, 'ml', 0);

INSERT INTO recipe_ingredient(recipe_id, ingredient_id, quantity, recipe_ingredient_description, main) VALUES(35, 142, 1, NULL, 1);
INSERT INTO recipe_ingredient(recipe_id, ingredient_id, quantity, recipe_ingredient_description, main) VALUES(35, 190, NULL, 'A cup', 0);
INSERT INTO recipe_ingredient(recipe_id, ingredient_id, quantity, recipe_ingredient_description, main) VALUES(35, 225, NULL, 'Few', 0);
INSERT INTO recipe_ingredient(recipe_id, ingredient_id, quantity, recipe_ingredient_description, main) VALUES(35, 146, NULL, 'Few', 0);
INSERT INTO recipe_ingredient(recipe_id, ingredient_id, quantity, recipe_ingredient_description, main) VALUES(35, 57, NULL, 'Few', 0);
INSERT INTO recipe_ingredient(recipe_id, ingredient_id, quantity, recipe_ingredient_description, main) VALUES(35, 242, NULL, 'A little', 0);
INSERT INTO recipe_ingredient(recipe_id, ingredient_id, quantity, recipe_ingredient_description, main) VALUES(35, 69, 130, 'gr', 0);
INSERT INTO recipe_ingredient(recipe_id, ingredient_id, quantity, recipe_ingredient_description, main) VALUES(35, 167, 570, 'ml', 0);
INSERT INTO recipe_ingredient(recipe_id, ingredient_id, quantity, recipe_ingredient_description, main) VALUES(35, 78, NULL, 'A cup', 0);
INSERT INTO recipe_ingredient(recipe_id, ingredient_id, quantity, recipe_ingredient_description, main) VALUES(35, 78, NULL, 'A tablespoon of', 0);
INSERT INTO recipe_ingredient(recipe_id, ingredient_id, quantity, recipe_ingredient_description, main) VALUES(35, 302, NULL, 'Few', 0);
INSERT INTO recipe_ingredient(recipe_id, ingredient_id, quantity, recipe_ingredient_description, main) VALUES(35, 154, 6, NULL, 0);
INSERT INTO recipe_ingredient(recipe_id, ingredient_id, quantity, recipe_ingredient_description, main) VALUES(35, 103, NULL, 'A pinch', 0);
INSERT INTO recipe_ingredient(recipe_id, ingredient_id, quantity, recipe_ingredient_description, main) VALUES(35, 288, NULL, 'A little', 0);

INSERT INTO recipe_ingredient(recipe_id, ingredient_id, quantity, recipe_ingredient_description, main) VALUES(36, 46, 1, NULL, 1);
INSERT INTO recipe_ingredient(recipe_id, ingredient_id, quantity, recipe_ingredient_description, main) VALUES(36, 126, 450, 'ml', 0);
INSERT INTO recipe_ingredient(recipe_id, ingredient_id, quantity, recipe_ingredient_description, main) VALUES(36, 294, NULL, 'A tablespoon of', 0);
INSERT INTO recipe_ingredient(recipe_id, ingredient_id, quantity, recipe_ingredient_description, main) VALUES(36, 280, NULL, 'A cup', 0);
INSERT INTO recipe_ingredient(recipe_id, ingredient_id, quantity, recipe_ingredient_description, main) VALUES(36, 339, NULL, 'Few', 0);
INSERT INTO recipe_ingredient(recipe_id, ingredient_id, quantity, recipe_ingredient_description, main) VALUES(36, 134, 6, NULL, 0);
INSERT INTO recipe_ingredient(recipe_id, ingredient_id, quantity, recipe_ingredient_description, main) VALUES(36, 272, NULL, 'A teaspoon of', 0);
INSERT INTO recipe_ingredient(recipe_id, ingredient_id, quantity, recipe_ingredient_description, main) VALUES(36, 150, 7, NULL, 0);
INSERT INTO recipe_ingredient(recipe_id, ingredient_id, quantity, recipe_ingredient_description, main) VALUES(36, 12, NULL, 'A little', 0);
INSERT INTO recipe_ingredient(recipe_id, ingredient_id, quantity, recipe_ingredient_description, main) VALUES(36, 72, NULL, 'A little', 0);
INSERT INTO recipe_ingredient(recipe_id, ingredient_id, quantity, recipe_ingredient_description, main) VALUES(36, 35, NULL, 'A tablespoon of', 0);
INSERT INTO recipe_ingredient(recipe_id, ingredient_id, quantity, recipe_ingredient_description, main) VALUES(36, 359, NULL, 'A tablespoon of', 0);
INSERT INTO recipe_ingredient(recipe_id, ingredient_id, quantity, recipe_ingredient_description, main) VALUES(36, 365, NULL, 'A cup', 0);

INSERT INTO recipe_ingredient(recipe_id, ingredient_id, quantity, recipe_ingredient_description, main) VALUES(37, 161, 1, NULL, 1);
INSERT INTO recipe_ingredient(recipe_id, ingredient_id, quantity, recipe_ingredient_description, main) VALUES(37, 229, NULL, 'A cup', 0);
INSERT INTO recipe_ingredient(recipe_id, ingredient_id, quantity, recipe_ingredient_description, main) VALUES(37, 110, NULL, 'Few', 0);
INSERT INTO recipe_ingredient(recipe_id, ingredient_id, quantity, recipe_ingredient_description, main) VALUES(37, 95, NULL, 'A tablespoon of', 0);
INSERT INTO recipe_ingredient(recipe_id, ingredient_id, quantity, recipe_ingredient_description, main) VALUES(37, 165, 630, 'ml', 0);
INSERT INTO recipe_ingredient(recipe_id, ingredient_id, quantity, recipe_ingredient_description, main) VALUES(37, 117, NULL, 'A pinch', 0);
INSERT INTO recipe_ingredient(recipe_id, ingredient_id, quantity, recipe_ingredient_description, main) VALUES(37, 236, 510, 'gr', 0);
INSERT INTO recipe_ingredient(recipe_id, ingredient_id, quantity, recipe_ingredient_description, main) VALUES(37, 171, 290, 'gr', 0);
INSERT INTO recipe_ingredient(recipe_id, ingredient_id, quantity, recipe_ingredient_description, main) VALUES(37, 347, NULL, 'A pinch', 0);
INSERT INTO recipe_ingredient(recipe_id, ingredient_id, quantity, recipe_ingredient_description, main) VALUES(37, 361, NULL, 'A tablespoon of', 0);
INSERT INTO recipe_ingredient(recipe_id, ingredient_id, quantity, recipe_ingredient_description, main) VALUES(37, 133, 4, NULL, 0);

INSERT INTO recipe_ingredient(recipe_id, ingredient_id, quantity, recipe_ingredient_description, main) VALUES(38, 310, 1, NULL, 1);
INSERT INTO recipe_ingredient(recipe_id, ingredient_id, quantity, recipe_ingredient_description, main) VALUES(38, 72, NULL, 'Few', 0);
INSERT INTO recipe_ingredient(recipe_id, ingredient_id, quantity, recipe_ingredient_description, main) VALUES(38, 62, NULL, 'A little', 0);
INSERT INTO recipe_ingredient(recipe_id, ingredient_id, quantity, recipe_ingredient_description, main) VALUES(38, 329, NULL, 'A teaspoon of', 0);
INSERT INTO recipe_ingredient(recipe_id, ingredient_id, quantity, recipe_ingredient_description, main) VALUES(38, 211, NULL, 'A tablespoon of', 0);
INSERT INTO recipe_ingredient(recipe_id, ingredient_id, quantity, recipe_ingredient_description, main) VALUES(38, 219, NULL, 'A little', 0);

INSERT INTO recipe_ingredient(recipe_id, ingredient_id, quantity, recipe_ingredient_description, main) VALUES(39, 203, 1, NULL, 1);
INSERT INTO recipe_ingredient(recipe_id, ingredient_id, quantity, recipe_ingredient_description, main) VALUES(39, 25, NULL, 'A cup', 0);
INSERT INTO recipe_ingredient(recipe_id, ingredient_id, quantity, recipe_ingredient_description, main) VALUES(39, 271, NULL, 'A tablespoon of', 0);
INSERT INTO recipe_ingredient(recipe_id, ingredient_id, quantity, recipe_ingredient_description, main) VALUES(39, 31, 690, 'ml', 0);
INSERT INTO recipe_ingredient(recipe_id, ingredient_id, quantity, recipe_ingredient_description, main) VALUES(39, 192, 2, NULL, 0);
INSERT INTO recipe_ingredient(recipe_id, ingredient_id, quantity, recipe_ingredient_description, main) VALUES(39, 290, NULL, 'Few', 0);
INSERT INTO recipe_ingredient(recipe_id, ingredient_id, quantity, recipe_ingredient_description, main) VALUES(39, 224, NULL, 'A pinch', 0);
INSERT INTO recipe_ingredient(recipe_id, ingredient_id, quantity, recipe_ingredient_description, main) VALUES(39, 17, 6, NULL, 0);
INSERT INTO recipe_ingredient(recipe_id, ingredient_id, quantity, recipe_ingredient_description, main) VALUES(39, 168, NULL, 'A cup', 0);
INSERT INTO recipe_ingredient(recipe_id, ingredient_id, quantity, recipe_ingredient_description, main) VALUES(39, 276, 670, 'gr', 0);
INSERT INTO recipe_ingredient(recipe_id, ingredient_id, quantity, recipe_ingredient_description, main) VALUES(39, 145, NULL, 'Few', 0);
INSERT INTO recipe_ingredient(recipe_id, ingredient_id, quantity, recipe_ingredient_description, main) VALUES(39, 295, NULL, 'A teaspoon of', 0);
INSERT INTO recipe_ingredient(recipe_id, ingredient_id, quantity, recipe_ingredient_description, main) VALUES(39, 171, 7, NULL, 0);

INSERT INTO recipe_ingredient(recipe_id, ingredient_id, quantity, recipe_ingredient_description, main) VALUES(40, 35, 1, NULL, 1);
INSERT INTO recipe_ingredient(recipe_id, ingredient_id, quantity, recipe_ingredient_description, main) VALUES(40, 290, NULL, 'A pinch', 0);
INSERT INTO recipe_ingredient(recipe_id, ingredient_id, quantity, recipe_ingredient_description, main) VALUES(40, 48, NULL, 'A pinch', 0);
INSERT INTO recipe_ingredient(recipe_id, ingredient_id, quantity, recipe_ingredient_description, main) VALUES(40, 286, NULL, 'Few', 0);
INSERT INTO recipe_ingredient(recipe_id, ingredient_id, quantity, recipe_ingredient_description, main) VALUES(40, 58, NULL, 'A pinch', 0);
INSERT INTO recipe_ingredient(recipe_id, ingredient_id, quantity, recipe_ingredient_description, main) VALUES(40, 273, NULL, 'A tablespoon of', 0);
INSERT INTO recipe_ingredient(recipe_id, ingredient_id, quantity, recipe_ingredient_description, main) VALUES(40, 82, 690, 'gr', 0);

INSERT INTO recipe_ingredient(recipe_id, ingredient_id, quantity, recipe_ingredient_description, main) VALUES(41, 45, 1, NULL, 1);
INSERT INTO recipe_ingredient(recipe_id, ingredient_id, quantity, recipe_ingredient_description, main) VALUES(41, 240, 290, 'ml', 0);
INSERT INTO recipe_ingredient(recipe_id, ingredient_id, quantity, recipe_ingredient_description, main) VALUES(41, 38, NULL, 'A tablespoon of', 0);
INSERT INTO recipe_ingredient(recipe_id, ingredient_id, quantity, recipe_ingredient_description, main) VALUES(41, 351, NULL, 'A pinch', 0);
INSERT INTO recipe_ingredient(recipe_id, ingredient_id, quantity, recipe_ingredient_description, main) VALUES(41, 221, NULL, 'A cup', 0);
INSERT INTO recipe_ingredient(recipe_id, ingredient_id, quantity, recipe_ingredient_description, main) VALUES(41, 142, NULL, 'A little', 0);
INSERT INTO recipe_ingredient(recipe_id, ingredient_id, quantity, recipe_ingredient_description, main) VALUES(41, 239, NULL, 'A little', 0);
INSERT INTO recipe_ingredient(recipe_id, ingredient_id, quantity, recipe_ingredient_description, main) VALUES(41, 232, NULL, 'A pinch', 0);
INSERT INTO recipe_ingredient(recipe_id, ingredient_id, quantity, recipe_ingredient_description, main) VALUES(41, 78, NULL, 'A little', 0);
INSERT INTO recipe_ingredient(recipe_id, ingredient_id, quantity, recipe_ingredient_description, main) VALUES(41, 334, NULL, 'A pinch', 0);
INSERT INTO recipe_ingredient(recipe_id, ingredient_id, quantity, recipe_ingredient_description, main) VALUES(41, 170, NULL, 'A tablespoon of', 0);
INSERT INTO recipe_ingredient(recipe_id, ingredient_id, quantity, recipe_ingredient_description, main) VALUES(41, 38, 3, NULL, 0);
INSERT INTO recipe_ingredient(recipe_id, ingredient_id, quantity, recipe_ingredient_description, main) VALUES(41, 332, NULL, 'A teaspoon of', 0);
INSERT INTO recipe_ingredient(recipe_id, ingredient_id, quantity, recipe_ingredient_description, main) VALUES(41, 295, NULL, 'A pinch', 0);
INSERT INTO recipe_ingredient(recipe_id, ingredient_id, quantity, recipe_ingredient_description, main) VALUES(41, 174, NULL, 'A pinch', 0);

INSERT INTO recipe_ingredient(recipe_id, ingredient_id, quantity, recipe_ingredient_description, main) VALUES(42, 233, 1, NULL, 1);
INSERT INTO recipe_ingredient(recipe_id, ingredient_id, quantity, recipe_ingredient_description, main) VALUES(42, 355, NULL, 'A little', 0);
INSERT INTO recipe_ingredient(recipe_id, ingredient_id, quantity, recipe_ingredient_description, main) VALUES(42, 222, NULL, 'Few', 0);
INSERT INTO recipe_ingredient(recipe_id, ingredient_id, quantity, recipe_ingredient_description, main) VALUES(42, 11, NULL, 'A pinch', 0);
INSERT INTO recipe_ingredient(recipe_id, ingredient_id, quantity, recipe_ingredient_description, main) VALUES(42, 206, NULL, 'A little', 0);
INSERT INTO recipe_ingredient(recipe_id, ingredient_id, quantity, recipe_ingredient_description, main) VALUES(42, 295, NULL, 'A little', 0);
INSERT INTO recipe_ingredient(recipe_id, ingredient_id, quantity, recipe_ingredient_description, main) VALUES(42, 151, NULL, 'A little', 0);
INSERT INTO recipe_ingredient(recipe_id, ingredient_id, quantity, recipe_ingredient_description, main) VALUES(42, 4, NULL, 'A tablespoon of', 0);
INSERT INTO recipe_ingredient(recipe_id, ingredient_id, quantity, recipe_ingredient_description, main) VALUES(42, 320, NULL, 'A tablespoon of', 0);
INSERT INTO recipe_ingredient(recipe_id, ingredient_id, quantity, recipe_ingredient_description, main) VALUES(42, 200, 70, 'ml', 0);
INSERT INTO recipe_ingredient(recipe_id, ingredient_id, quantity, recipe_ingredient_description, main) VALUES(42, 5, NULL, 'A pinch', 0);
INSERT INTO recipe_ingredient(recipe_id, ingredient_id, quantity, recipe_ingredient_description, main) VALUES(42, 116, NULL, 'A teaspoon of', 0);
INSERT INTO recipe_ingredient(recipe_id, ingredient_id, quantity, recipe_ingredient_description, main) VALUES(42, 166, 590, 'gr', 0);
INSERT INTO recipe_ingredient(recipe_id, ingredient_id, quantity, recipe_ingredient_description, main) VALUES(42, 78, NULL, 'A cup', 0);

INSERT INTO recipe_ingredient(recipe_id, ingredient_id, quantity, recipe_ingredient_description, main) VALUES(43, 133, 1, NULL, 1);
INSERT INTO recipe_ingredient(recipe_id, ingredient_id, quantity, recipe_ingredient_description, main) VALUES(43, 300, NULL, 'Few', 0);
INSERT INTO recipe_ingredient(recipe_id, ingredient_id, quantity, recipe_ingredient_description, main) VALUES(43, 346, NULL, 'A pinch', 0);
INSERT INTO recipe_ingredient(recipe_id, ingredient_id, quantity, recipe_ingredient_description, main) VALUES(43, 168, 630, 'gr', 0);
INSERT INTO recipe_ingredient(recipe_id, ingredient_id, quantity, recipe_ingredient_description, main) VALUES(43, 335, NULL, 'A teaspoon of', 0);
INSERT INTO recipe_ingredient(recipe_id, ingredient_id, quantity, recipe_ingredient_description, main) VALUES(43, 341, NULL, 'A tablespoon of', 0);
INSERT INTO recipe_ingredient(recipe_id, ingredient_id, quantity, recipe_ingredient_description, main) VALUES(43, 103, NULL, 'A tablespoon of', 0);
INSERT INTO recipe_ingredient(recipe_id, ingredient_id, quantity, recipe_ingredient_description, main) VALUES(43, 295, 4, NULL, 0);
INSERT INTO recipe_ingredient(recipe_id, ingredient_id, quantity, recipe_ingredient_description, main) VALUES(43, 296, 230, 'gr', 0);

INSERT INTO recipe_ingredient(recipe_id, ingredient_id, quantity, recipe_ingredient_description, main) VALUES(44, 97, 1, NULL, 1);
INSERT INTO recipe_ingredient(recipe_id, ingredient_id, quantity, recipe_ingredient_description, main) VALUES(44, 106, NULL, 'A tablespoon of', 0);
INSERT INTO recipe_ingredient(recipe_id, ingredient_id, quantity, recipe_ingredient_description, main) VALUES(44, 158, NULL, 'A cup', 0);
INSERT INTO recipe_ingredient(recipe_id, ingredient_id, quantity, recipe_ingredient_description, main) VALUES(44, 93, NULL, 'A little', 0);
INSERT INTO recipe_ingredient(recipe_id, ingredient_id, quantity, recipe_ingredient_description, main) VALUES(44, 52, 2, NULL, 0);
INSERT INTO recipe_ingredient(recipe_id, ingredient_id, quantity, recipe_ingredient_description, main) VALUES(44, 274, NULL, 'Few', 0);
INSERT INTO recipe_ingredient(recipe_id, ingredient_id, quantity, recipe_ingredient_description, main) VALUES(44, 309, NULL, 'A pinch', 0);
INSERT INTO recipe_ingredient(recipe_id, ingredient_id, quantity, recipe_ingredient_description, main) VALUES(44, 21, 210, 'ml', 0);

INSERT INTO recipe_ingredient(recipe_id, ingredient_id, quantity, recipe_ingredient_description, main) VALUES(45, 277, 1, NULL, 1);
INSERT INTO recipe_ingredient(recipe_id, ingredient_id, quantity, recipe_ingredient_description, main) VALUES(45, 36, NULL, 'A tablespoon of', 0);
INSERT INTO recipe_ingredient(recipe_id, ingredient_id, quantity, recipe_ingredient_description, main) VALUES(45, 168, NULL, 'A little', 0);
INSERT INTO recipe_ingredient(recipe_id, ingredient_id, quantity, recipe_ingredient_description, main) VALUES(45, 162, NULL, 'A little', 0);
INSERT INTO recipe_ingredient(recipe_id, ingredient_id, quantity, recipe_ingredient_description, main) VALUES(45, 118, 310, 'ml', 0);
INSERT INTO recipe_ingredient(recipe_id, ingredient_id, quantity, recipe_ingredient_description, main) VALUES(45, 104, NULL, 'A pinch', 0);
INSERT INTO recipe_ingredient(recipe_id, ingredient_id, quantity, recipe_ingredient_description, main) VALUES(45, 156, NULL, 'A pinch', 0);
INSERT INTO recipe_ingredient(recipe_id, ingredient_id, quantity, recipe_ingredient_description, main) VALUES(45, 84, NULL, 'A tablespoon of', 0);
INSERT INTO recipe_ingredient(recipe_id, ingredient_id, quantity, recipe_ingredient_description, main) VALUES(45, 218, NULL, 'A teaspoon of', 0);
INSERT INTO recipe_ingredient(recipe_id, ingredient_id, quantity, recipe_ingredient_description, main) VALUES(45, 139, NULL, 'Few', 0);
INSERT INTO recipe_ingredient(recipe_id, ingredient_id, quantity, recipe_ingredient_description, main) VALUES(45, 120, 3, NULL, 0);

INSERT INTO recipe_ingredient(recipe_id, ingredient_id, quantity, recipe_ingredient_description, main) VALUES(46, 182, 1, NULL, 1);
INSERT INTO recipe_ingredient(recipe_id, ingredient_id, quantity, recipe_ingredient_description, main) VALUES(46, 71, NULL, 'A pinch', 0);
INSERT INTO recipe_ingredient(recipe_id, ingredient_id, quantity, recipe_ingredient_description, main) VALUES(46, 226, NULL, 'A tablespoon of', 0);
INSERT INTO recipe_ingredient(recipe_id, ingredient_id, quantity, recipe_ingredient_description, main) VALUES(46, 64, NULL, 'A pinch', 0);
INSERT INTO recipe_ingredient(recipe_id, ingredient_id, quantity, recipe_ingredient_description, main) VALUES(46, 193, NULL, 'A teaspoon of', 0);
INSERT INTO recipe_ingredient(recipe_id, ingredient_id, quantity, recipe_ingredient_description, main) VALUES(46, 14, NULL, 'A little', 0);

INSERT INTO recipe_ingredient(recipe_id, ingredient_id, quantity, recipe_ingredient_description, main) VALUES(47, 228, 1, NULL, 1);
INSERT INTO recipe_ingredient(recipe_id, ingredient_id, quantity, recipe_ingredient_description, main) VALUES(47, 195, NULL, 'A little', 0);
INSERT INTO recipe_ingredient(recipe_id, ingredient_id, quantity, recipe_ingredient_description, main) VALUES(47, 26, 610, 'gr', 0);
INSERT INTO recipe_ingredient(recipe_id, ingredient_id, quantity, recipe_ingredient_description, main) VALUES(47, 225, 5, NULL, 0);
INSERT INTO recipe_ingredient(recipe_id, ingredient_id, quantity, recipe_ingredient_description, main) VALUES(47, 102, 310, 'ml', 0);
INSERT INTO recipe_ingredient(recipe_id, ingredient_id, quantity, recipe_ingredient_description, main) VALUES(47, 195, NULL, 'A little', 0);
INSERT INTO recipe_ingredient(recipe_id, ingredient_id, quantity, recipe_ingredient_description, main) VALUES(47, 303, NULL, 'A teaspoon of', 0);
INSERT INTO recipe_ingredient(recipe_id, ingredient_id, quantity, recipe_ingredient_description, main) VALUES(47, 64, NULL, 'A teaspoon of', 0);
INSERT INTO recipe_ingredient(recipe_id, ingredient_id, quantity, recipe_ingredient_description, main) VALUES(47, 48, 3, NULL, 0);

INSERT INTO recipe_ingredient(recipe_id, ingredient_id, quantity, recipe_ingredient_description, main) VALUES(48, 260, 1, NULL, 1);
INSERT INTO recipe_ingredient(recipe_id, ingredient_id, quantity, recipe_ingredient_description, main) VALUES(48, 265, NULL, 'A little', 0);
INSERT INTO recipe_ingredient(recipe_id, ingredient_id, quantity, recipe_ingredient_description, main) VALUES(48, 63, NULL, 'A cup', 0);
INSERT INTO recipe_ingredient(recipe_id, ingredient_id, quantity, recipe_ingredient_description, main) VALUES(48, 84, NULL, 'A cup', 0);
INSERT INTO recipe_ingredient(recipe_id, ingredient_id, quantity, recipe_ingredient_description, main) VALUES(48, 108, 190, 'ml', 0);
INSERT INTO recipe_ingredient(recipe_id, ingredient_id, quantity, recipe_ingredient_description, main) VALUES(48, 251, 7, NULL, 0);
INSERT INTO recipe_ingredient(recipe_id, ingredient_id, quantity, recipe_ingredient_description, main) VALUES(48, 310, 4, NULL, 0);
INSERT INTO recipe_ingredient(recipe_id, ingredient_id, quantity, recipe_ingredient_description, main) VALUES(48, 163, NULL, 'A little', 0);
INSERT INTO recipe_ingredient(recipe_id, ingredient_id, quantity, recipe_ingredient_description, main) VALUES(48, 213, NULL, 'Few', 0);
INSERT INTO recipe_ingredient(recipe_id, ingredient_id, quantity, recipe_ingredient_description, main) VALUES(48, 98, 3, NULL, 0);
INSERT INTO recipe_ingredient(recipe_id, ingredient_id, quantity, recipe_ingredient_description, main) VALUES(48, 47, 690, 'ml', 0);
INSERT INTO recipe_ingredient(recipe_id, ingredient_id, quantity, recipe_ingredient_description, main) VALUES(48, 185, 650, 'ml', 0);
INSERT INTO recipe_ingredient(recipe_id, ingredient_id, quantity, recipe_ingredient_description, main) VALUES(48, 131, NULL, 'A cup', 0);
INSERT INTO recipe_ingredient(recipe_id, ingredient_id, quantity, recipe_ingredient_description, main) VALUES(48, 261, 190, 'gr', 0);
INSERT INTO recipe_ingredient(recipe_id, ingredient_id, quantity, recipe_ingredient_description, main) VALUES(48, 234, NULL, 'A pinch', 0);

INSERT INTO recipe_ingredient(recipe_id, ingredient_id, quantity, recipe_ingredient_description, main) VALUES(49, 9, 1, NULL, 1);
INSERT INTO recipe_ingredient(recipe_id, ingredient_id, quantity, recipe_ingredient_description, main) VALUES(49, 195, NULL, 'A tablespoon of', 0);
INSERT INTO recipe_ingredient(recipe_id, ingredient_id, quantity, recipe_ingredient_description, main) VALUES(49, 216, NULL, 'Few', 0);
INSERT INTO recipe_ingredient(recipe_id, ingredient_id, quantity, recipe_ingredient_description, main) VALUES(49, 205, NULL, 'A tablespoon of', 0);
INSERT INTO recipe_ingredient(recipe_id, ingredient_id, quantity, recipe_ingredient_description, main) VALUES(49, 52, NULL, 'A cup', 0);
INSERT INTO recipe_ingredient(recipe_id, ingredient_id, quantity, recipe_ingredient_description, main) VALUES(49, 182, NULL, 'A teaspoon of', 0);

INSERT INTO recipe_ingredient(recipe_id, ingredient_id, quantity, recipe_ingredient_description, main) VALUES(50, 185, 1, NULL, 1);
INSERT INTO recipe_ingredient(recipe_id, ingredient_id, quantity, recipe_ingredient_description, main) VALUES(50, 34, NULL, 'Few', 0);
INSERT INTO recipe_ingredient(recipe_id, ingredient_id, quantity, recipe_ingredient_description, main) VALUES(50, 223, NULL, 'A tablespoon of', 0);
INSERT INTO recipe_ingredient(recipe_id, ingredient_id, quantity, recipe_ingredient_description, main) VALUES(50, 334, NULL, 'A pinch', 0);
INSERT INTO recipe_ingredient(recipe_id, ingredient_id, quantity, recipe_ingredient_description, main) VALUES(50, 154, 330, 'gr', 0);
INSERT INTO recipe_ingredient(recipe_id, ingredient_id, quantity, recipe_ingredient_description, main) VALUES(50, 360, 2, NULL, 0);
INSERT INTO recipe_ingredient(recipe_id, ingredient_id, quantity, recipe_ingredient_description, main) VALUES(50, 334, NULL, 'A tablespoon of', 0);
INSERT INTO recipe_ingredient(recipe_id, ingredient_id, quantity, recipe_ingredient_description, main) VALUES(50, 330, 8, NULL, 0);
INSERT INTO recipe_ingredient(recipe_id, ingredient_id, quantity, recipe_ingredient_description, main) VALUES(50, 200, NULL, 'A little', 0);
INSERT INTO recipe_ingredient(recipe_id, ingredient_id, quantity, recipe_ingredient_description, main) VALUES(50, 242, NULL, 'A tablespoon of', 0);

INSERT INTO recipe_ingredient(recipe_id, ingredient_id, quantity, recipe_ingredient_description, main) VALUES(51, 9, 1, NULL, 1);
INSERT INTO recipe_ingredient(recipe_id, ingredient_id, quantity, recipe_ingredient_description, main) VALUES(51, 332, 4, NULL, 0);
INSERT INTO recipe_ingredient(recipe_id, ingredient_id, quantity, recipe_ingredient_description, main) VALUES(51, 24, NULL, 'Few', 0);
INSERT INTO recipe_ingredient(recipe_id, ingredient_id, quantity, recipe_ingredient_description, main) VALUES(51, 73, NULL, 'Few', 0);
INSERT INTO recipe_ingredient(recipe_id, ingredient_id, quantity, recipe_ingredient_description, main) VALUES(51, 128, NULL, 'A pinch', 0);
INSERT INTO recipe_ingredient(recipe_id, ingredient_id, quantity, recipe_ingredient_description, main) VALUES(51, 91, 50, 'ml', 0);
INSERT INTO recipe_ingredient(recipe_id, ingredient_id, quantity, recipe_ingredient_description, main) VALUES(51, 66, 230, 'gr', 0);
INSERT INTO recipe_ingredient(recipe_id, ingredient_id, quantity, recipe_ingredient_description, main) VALUES(51, 72, 650, 'ml', 0);
INSERT INTO recipe_ingredient(recipe_id, ingredient_id, quantity, recipe_ingredient_description, main) VALUES(51, 20, NULL, 'A pinch', 0);
INSERT INTO recipe_ingredient(recipe_id, ingredient_id, quantity, recipe_ingredient_description, main) VALUES(51, 32, NULL, 'A teaspoon of', 0);

INSERT INTO recipe_ingredient(recipe_id, ingredient_id, quantity, recipe_ingredient_description, main) VALUES(52, 306, 1, NULL, 1);
INSERT INTO recipe_ingredient(recipe_id, ingredient_id, quantity, recipe_ingredient_description, main) VALUES(52, 339, NULL, 'A tablespoon of', 0);
INSERT INTO recipe_ingredient(recipe_id, ingredient_id, quantity, recipe_ingredient_description, main) VALUES(52, 151, NULL, 'A pinch', 0);
INSERT INTO recipe_ingredient(recipe_id, ingredient_id, quantity, recipe_ingredient_description, main) VALUES(52, 191, NULL, 'Few', 0);
INSERT INTO recipe_ingredient(recipe_id, ingredient_id, quantity, recipe_ingredient_description, main) VALUES(52, 317, NULL, 'A pinch', 0);
INSERT INTO recipe_ingredient(recipe_id, ingredient_id, quantity, recipe_ingredient_description, main) VALUES(52, 213, NULL, 'A cup', 0);
INSERT INTO recipe_ingredient(recipe_id, ingredient_id, quantity, recipe_ingredient_description, main) VALUES(52, 81, NULL, 'A teaspoon of', 0);
INSERT INTO recipe_ingredient(recipe_id, ingredient_id, quantity, recipe_ingredient_description, main) VALUES(52, 215, 270, 'ml', 0);
INSERT INTO recipe_ingredient(recipe_id, ingredient_id, quantity, recipe_ingredient_description, main) VALUES(52, 90, NULL, 'A cup', 0);

INSERT INTO recipe_ingredient(recipe_id, ingredient_id, quantity, recipe_ingredient_description, main) VALUES(53, 266, 1, NULL, 1);
INSERT INTO recipe_ingredient(recipe_id, ingredient_id, quantity, recipe_ingredient_description, main) VALUES(53, 343, NULL, 'A pinch', 0);
INSERT INTO recipe_ingredient(recipe_id, ingredient_id, quantity, recipe_ingredient_description, main) VALUES(53, 93, NULL, 'A cup', 0);
INSERT INTO recipe_ingredient(recipe_id, ingredient_id, quantity, recipe_ingredient_description, main) VALUES(53, 187, NULL, 'Few', 0);
INSERT INTO recipe_ingredient(recipe_id, ingredient_id, quantity, recipe_ingredient_description, main) VALUES(53, 57, NULL, 'A pinch', 0);
INSERT INTO recipe_ingredient(recipe_id, ingredient_id, quantity, recipe_ingredient_description, main) VALUES(53, 84, 70, 'ml', 0);
INSERT INTO recipe_ingredient(recipe_id, ingredient_id, quantity, recipe_ingredient_description, main) VALUES(53, 255, 3, NULL, 0);
INSERT INTO recipe_ingredient(recipe_id, ingredient_id, quantity, recipe_ingredient_description, main) VALUES(53, 157, NULL, 'A pinch', 0);

INSERT INTO recipe_ingredient(recipe_id, ingredient_id, quantity, recipe_ingredient_description, main) VALUES(54, 207, 1, NULL, 1);
INSERT INTO recipe_ingredient(recipe_id, ingredient_id, quantity, recipe_ingredient_description, main) VALUES(54, 192, 370, 'ml', 0);
INSERT INTO recipe_ingredient(recipe_id, ingredient_id, quantity, recipe_ingredient_description, main) VALUES(54, 319, NULL, 'A teaspoon of', 0);
INSERT INTO recipe_ingredient(recipe_id, ingredient_id, quantity, recipe_ingredient_description, main) VALUES(54, 165, 70, 'ml', 0);
INSERT INTO recipe_ingredient(recipe_id, ingredient_id, quantity, recipe_ingredient_description, main) VALUES(54, 14, NULL, 'Few', 0);
INSERT INTO recipe_ingredient(recipe_id, ingredient_id, quantity, recipe_ingredient_description, main) VALUES(54, 170, NULL, 'A tablespoon of', 0);
INSERT INTO recipe_ingredient(recipe_id, ingredient_id, quantity, recipe_ingredient_description, main) VALUES(54, 15, 650, 'gr', 0);
INSERT INTO recipe_ingredient(recipe_id, ingredient_id, quantity, recipe_ingredient_description, main) VALUES(54, 18, 230, 'gr', 0);
INSERT INTO recipe_ingredient(recipe_id, ingredient_id, quantity, recipe_ingredient_description, main) VALUES(54, 209, NULL, 'Few', 0);
INSERT INTO recipe_ingredient(recipe_id, ingredient_id, quantity, recipe_ingredient_description, main) VALUES(54, 24, NULL, 'Few', 0);
INSERT INTO recipe_ingredient(recipe_id, ingredient_id, quantity, recipe_ingredient_description, main) VALUES(54, 277, 530, 'gr', 0);
INSERT INTO recipe_ingredient(recipe_id, ingredient_id, quantity, recipe_ingredient_description, main) VALUES(54, 307, NULL, 'A teaspoon of', 0);
INSERT INTO recipe_ingredient(recipe_id, ingredient_id, quantity, recipe_ingredient_description, main) VALUES(54, 269, NULL, 'Few', 0);
INSERT INTO recipe_ingredient(recipe_id, ingredient_id, quantity, recipe_ingredient_description, main) VALUES(54, 87, NULL, 'A little', 0);
INSERT INTO recipe_ingredient(recipe_id, ingredient_id, quantity, recipe_ingredient_description, main) VALUES(54, 81, 170, 'gr', 0);
INSERT INTO recipe_ingredient(recipe_id, ingredient_id, quantity, recipe_ingredient_description, main) VALUES(54, 8, NULL, 'A pinch', 0);

INSERT INTO recipe_ingredient(recipe_id, ingredient_id, quantity, recipe_ingredient_description, main) VALUES(55, 179, 1, NULL, 1);
INSERT INTO recipe_ingredient(recipe_id, ingredient_id, quantity, recipe_ingredient_description, main) VALUES(55, 48, NULL, 'A pinch', 0);
INSERT INTO recipe_ingredient(recipe_id, ingredient_id, quantity, recipe_ingredient_description, main) VALUES(55, 215, NULL, 'A pinch', 0);
INSERT INTO recipe_ingredient(recipe_id, ingredient_id, quantity, recipe_ingredient_description, main) VALUES(55, 34, 190, 'gr', 0);
INSERT INTO recipe_ingredient(recipe_id, ingredient_id, quantity, recipe_ingredient_description, main) VALUES(55, 244, NULL, 'A cup', 0);
INSERT INTO recipe_ingredient(recipe_id, ingredient_id, quantity, recipe_ingredient_description, main) VALUES(55, 238, NULL, 'A pinch', 0);
INSERT INTO recipe_ingredient(recipe_id, ingredient_id, quantity, recipe_ingredient_description, main) VALUES(55, 213, 610, 'gr', 0);
INSERT INTO recipe_ingredient(recipe_id, ingredient_id, quantity, recipe_ingredient_description, main) VALUES(55, 69, NULL, 'A tablespoon of', 0);
INSERT INTO recipe_ingredient(recipe_id, ingredient_id, quantity, recipe_ingredient_description, main) VALUES(55, 309, NULL, 'A cup', 0);

INSERT INTO recipe_ingredient(recipe_id, ingredient_id, quantity, recipe_ingredient_description, main) VALUES(56, 327, 1, NULL, 1);
INSERT INTO recipe_ingredient(recipe_id, ingredient_id, quantity, recipe_ingredient_description, main) VALUES(56, 160, NULL, 'A teaspoon of', 0);
INSERT INTO recipe_ingredient(recipe_id, ingredient_id, quantity, recipe_ingredient_description, main) VALUES(56, 244, 650, 'ml', 0);
INSERT INTO recipe_ingredient(recipe_id, ingredient_id, quantity, recipe_ingredient_description, main) VALUES(56, 132, NULL, 'A teaspoon of', 0);
INSERT INTO recipe_ingredient(recipe_id, ingredient_id, quantity, recipe_ingredient_description, main) VALUES(56, 66, NULL, 'A cup', 0);
INSERT INTO recipe_ingredient(recipe_id, ingredient_id, quantity, recipe_ingredient_description, main) VALUES(56, 166, NULL, 'A cup', 0);

INSERT INTO recipe_ingredient(recipe_id, ingredient_id, quantity, recipe_ingredient_description, main) VALUES(57, 337, 1, NULL, 1);
INSERT INTO recipe_ingredient(recipe_id, ingredient_id, quantity, recipe_ingredient_description, main) VALUES(57, 188, NULL, 'Few', 0);
INSERT INTO recipe_ingredient(recipe_id, ingredient_id, quantity, recipe_ingredient_description, main) VALUES(57, 315, NULL, 'A teaspoon of', 0);
INSERT INTO recipe_ingredient(recipe_id, ingredient_id, quantity, recipe_ingredient_description, main) VALUES(57, 343, 170, 'gr', 0);
INSERT INTO recipe_ingredient(recipe_id, ingredient_id, quantity, recipe_ingredient_description, main) VALUES(57, 245, NULL, 'A little', 0);
INSERT INTO recipe_ingredient(recipe_id, ingredient_id, quantity, recipe_ingredient_description, main) VALUES(57, 253, NULL, 'A tablespoon of', 0);
INSERT INTO recipe_ingredient(recipe_id, ingredient_id, quantity, recipe_ingredient_description, main) VALUES(57, 293, NULL, 'Few', 0);
INSERT INTO recipe_ingredient(recipe_id, ingredient_id, quantity, recipe_ingredient_description, main) VALUES(57, 101, 210, 'gr', 0);
INSERT INTO recipe_ingredient(recipe_id, ingredient_id, quantity, recipe_ingredient_description, main) VALUES(57, 113, 6, NULL, 0);
INSERT INTO recipe_ingredient(recipe_id, ingredient_id, quantity, recipe_ingredient_description, main) VALUES(57, 67, NULL, 'A little', 0);
INSERT INTO recipe_ingredient(recipe_id, ingredient_id, quantity, recipe_ingredient_description, main) VALUES(57, 74, NULL, 'A little', 0);
INSERT INTO recipe_ingredient(recipe_id, ingredient_id, quantity, recipe_ingredient_description, main) VALUES(57, 116, 150, 'ml', 0);
INSERT INTO recipe_ingredient(recipe_id, ingredient_id, quantity, recipe_ingredient_description, main) VALUES(57, 49, NULL, 'A teaspoon of', 0);
INSERT INTO recipe_ingredient(recipe_id, ingredient_id, quantity, recipe_ingredient_description, main) VALUES(57, 207, 410, 'ml', 0);

INSERT INTO recipe_ingredient(recipe_id, ingredient_id, quantity, recipe_ingredient_description, main) VALUES(58, 315, 1, NULL, 1);
INSERT INTO recipe_ingredient(recipe_id, ingredient_id, quantity, recipe_ingredient_description, main) VALUES(58, 128, 330, 'ml', 0);
INSERT INTO recipe_ingredient(recipe_id, ingredient_id, quantity, recipe_ingredient_description, main) VALUES(58, 129, NULL, 'A little', 0);
INSERT INTO recipe_ingredient(recipe_id, ingredient_id, quantity, recipe_ingredient_description, main) VALUES(58, 95, NULL, 'A tablespoon of', 0);
INSERT INTO recipe_ingredient(recipe_id, ingredient_id, quantity, recipe_ingredient_description, main) VALUES(58, 338, 430, 'ml', 0);
INSERT INTO recipe_ingredient(recipe_id, ingredient_id, quantity, recipe_ingredient_description, main) VALUES(58, 169, 630, 'ml', 0);
INSERT INTO recipe_ingredient(recipe_id, ingredient_id, quantity, recipe_ingredient_description, main) VALUES(58, 343, NULL, 'A little', 0);

INSERT INTO recipe_ingredient(recipe_id, ingredient_id, quantity, recipe_ingredient_description, main) VALUES(59, 303, 1, NULL, 1);
INSERT INTO recipe_ingredient(recipe_id, ingredient_id, quantity, recipe_ingredient_description, main) VALUES(59, 265, NULL, 'A little', 0);
INSERT INTO recipe_ingredient(recipe_id, ingredient_id, quantity, recipe_ingredient_description, main) VALUES(59, 296, NULL, 'Few', 0);
INSERT INTO recipe_ingredient(recipe_id, ingredient_id, quantity, recipe_ingredient_description, main) VALUES(59, 137, NULL, 'Few', 0);
INSERT INTO recipe_ingredient(recipe_id, ingredient_id, quantity, recipe_ingredient_description, main) VALUES(59, 68, NULL, 'A teaspoon of', 0);
INSERT INTO recipe_ingredient(recipe_id, ingredient_id, quantity, recipe_ingredient_description, main) VALUES(59, 168, NULL, 'A pinch', 0);
INSERT INTO recipe_ingredient(recipe_id, ingredient_id, quantity, recipe_ingredient_description, main) VALUES(59, 217, NULL, 'A pinch', 0);
INSERT INTO recipe_ingredient(recipe_id, ingredient_id, quantity, recipe_ingredient_description, main) VALUES(59, 192, NULL, 'A cup', 0);
INSERT INTO recipe_ingredient(recipe_id, ingredient_id, quantity, recipe_ingredient_description, main) VALUES(59, 339, NULL, 'A cup', 0);
INSERT INTO recipe_ingredient(recipe_id, ingredient_id, quantity, recipe_ingredient_description, main) VALUES(59, 75, 90, 'ml', 0);
INSERT INTO recipe_ingredient(recipe_id, ingredient_id, quantity, recipe_ingredient_description, main) VALUES(59, 198, NULL, 'A teaspoon of', 0);
INSERT INTO recipe_ingredient(recipe_id, ingredient_id, quantity, recipe_ingredient_description, main) VALUES(59, 324, 2, NULL, 0);
INSERT INTO recipe_ingredient(recipe_id, ingredient_id, quantity, recipe_ingredient_description, main) VALUES(59, 102, NULL, 'A tablespoon of', 0);
INSERT INTO recipe_ingredient(recipe_id, ingredient_id, quantity, recipe_ingredient_description, main) VALUES(59, 94, 50, 'ml', 0);

INSERT INTO recipe_ingredient(recipe_id, ingredient_id, quantity, recipe_ingredient_description, main) VALUES(60, 74, 1, NULL, 1);
INSERT INTO recipe_ingredient(recipe_id, ingredient_id, quantity, recipe_ingredient_description, main) VALUES(60, 18, NULL, 'A cup', 0);
INSERT INTO recipe_ingredient(recipe_id, ingredient_id, quantity, recipe_ingredient_description, main) VALUES(60, 122, NULL, 'A teaspoon of', 0);
INSERT INTO recipe_ingredient(recipe_id, ingredient_id, quantity, recipe_ingredient_description, main) VALUES(60, 83, 550, 'gr', 0);
INSERT INTO recipe_ingredient(recipe_id, ingredient_id, quantity, recipe_ingredient_description, main) VALUES(60, 166, 50, 'ml', 0);
INSERT INTO recipe_ingredient(recipe_id, ingredient_id, quantity, recipe_ingredient_description, main) VALUES(60, 293, NULL, 'A little', 0);
INSERT INTO recipe_ingredient(recipe_id, ingredient_id, quantity, recipe_ingredient_description, main) VALUES(60, 247, 650, 'ml', 0);
INSERT INTO recipe_ingredient(recipe_id, ingredient_id, quantity, recipe_ingredient_description, main) VALUES(60, 177, NULL, 'A little', 0);
INSERT INTO recipe_ingredient(recipe_id, ingredient_id, quantity, recipe_ingredient_description, main) VALUES(60, 97, NULL, 'A little', 0);
INSERT INTO recipe_ingredient(recipe_id, ingredient_id, quantity, recipe_ingredient_description, main) VALUES(60, 322, NULL, 'A tablespoon of', 0);
INSERT INTO recipe_ingredient(recipe_id, ingredient_id, quantity, recipe_ingredient_description, main) VALUES(60, 296, 550, 'ml', 0);
INSERT INTO recipe_ingredient(recipe_id, ingredient_id, quantity, recipe_ingredient_description, main) VALUES(60, 232, NULL, 'A pinch', 0);
INSERT INTO recipe_ingredient(recipe_id, ingredient_id, quantity, recipe_ingredient_description, main) VALUES(60, 110, 630, 'gr', 0);
INSERT INTO recipe_ingredient(recipe_id, ingredient_id, quantity, recipe_ingredient_description, main) VALUES(60, 319, NULL, 'A pinch', 0);
INSERT INTO recipe_ingredient(recipe_id, ingredient_id, quantity, recipe_ingredient_description, main) VALUES(60, 135, NULL, 'A teaspoon of', 0);
INSERT INTO recipe_ingredient(recipe_id, ingredient_id, quantity, recipe_ingredient_description, main) VALUES(60, 280, NULL, 'Few', 0);

INSERT INTO recipe_ingredient(recipe_id, ingredient_id, quantity, recipe_ingredient_description, main) VALUES(61, 226, 1, NULL, 1);
INSERT INTO recipe_ingredient(recipe_id, ingredient_id, quantity, recipe_ingredient_description, main) VALUES(61, 144, NULL, 'A cup', 0);
INSERT INTO recipe_ingredient(recipe_id, ingredient_id, quantity, recipe_ingredient_description, main) VALUES(61, 336, NULL, 'A little', 0);
INSERT INTO recipe_ingredient(recipe_id, ingredient_id, quantity, recipe_ingredient_description, main) VALUES(61, 264, NULL, 'Few', 0);
INSERT INTO recipe_ingredient(recipe_id, ingredient_id, quantity, recipe_ingredient_description, main) VALUES(61, 173, NULL, 'A teaspoon of', 0);
INSERT INTO recipe_ingredient(recipe_id, ingredient_id, quantity, recipe_ingredient_description, main) VALUES(61, 173, 270, 'ml', 0);
INSERT INTO recipe_ingredient(recipe_id, ingredient_id, quantity, recipe_ingredient_description, main) VALUES(61, 131, 4, NULL, 0);

INSERT INTO recipe_ingredient(recipe_id, ingredient_id, quantity, recipe_ingredient_description, main) VALUES(62, 250, 1, NULL, 1);
INSERT INTO recipe_ingredient(recipe_id, ingredient_id, quantity, recipe_ingredient_description, main) VALUES(62, 234, 7, NULL, 0);
INSERT INTO recipe_ingredient(recipe_id, ingredient_id, quantity, recipe_ingredient_description, main) VALUES(62, 50, NULL, 'A teaspoon of', 0);
INSERT INTO recipe_ingredient(recipe_id, ingredient_id, quantity, recipe_ingredient_description, main) VALUES(62, 343, NULL, 'A pinch', 0);
INSERT INTO recipe_ingredient(recipe_id, ingredient_id, quantity, recipe_ingredient_description, main) VALUES(62, 176, NULL, 'A teaspoon of', 0);
INSERT INTO recipe_ingredient(recipe_id, ingredient_id, quantity, recipe_ingredient_description, main) VALUES(62, 266, NULL, 'A cup', 0);
INSERT INTO recipe_ingredient(recipe_id, ingredient_id, quantity, recipe_ingredient_description, main) VALUES(62, 135, NULL, 'Few', 0);
INSERT INTO recipe_ingredient(recipe_id, ingredient_id, quantity, recipe_ingredient_description, main) VALUES(62, 33, NULL, 'A little', 0);
INSERT INTO recipe_ingredient(recipe_id, ingredient_id, quantity, recipe_ingredient_description, main) VALUES(62, 188, 5, NULL, 0);
INSERT INTO recipe_ingredient(recipe_id, ingredient_id, quantity, recipe_ingredient_description, main) VALUES(62, 329, NULL, 'A pinch', 0);
INSERT INTO recipe_ingredient(recipe_id, ingredient_id, quantity, recipe_ingredient_description, main) VALUES(62, 14, NULL, 'A little', 0);
INSERT INTO recipe_ingredient(recipe_id, ingredient_id, quantity, recipe_ingredient_description, main) VALUES(62, 279, NULL, 'A pinch', 0);
INSERT INTO recipe_ingredient(recipe_id, ingredient_id, quantity, recipe_ingredient_description, main) VALUES(62, 65, 2, NULL, 0);
INSERT INTO recipe_ingredient(recipe_id, ingredient_id, quantity, recipe_ingredient_description, main) VALUES(62, 117, NULL, 'A cup', 0);

INSERT INTO recipe_ingredient(recipe_id, ingredient_id, quantity, recipe_ingredient_description, main) VALUES(63, 235, 1, NULL, 1);
INSERT INTO recipe_ingredient(recipe_id, ingredient_id, quantity, recipe_ingredient_description, main) VALUES(63, 62, 410, 'gr', 0);
INSERT INTO recipe_ingredient(recipe_id, ingredient_id, quantity, recipe_ingredient_description, main) VALUES(63, 65, 8, NULL, 0);
INSERT INTO recipe_ingredient(recipe_id, ingredient_id, quantity, recipe_ingredient_description, main) VALUES(63, 178, NULL, 'A tablespoon of', 0);
INSERT INTO recipe_ingredient(recipe_id, ingredient_id, quantity, recipe_ingredient_description, main) VALUES(63, 158, 610, 'ml', 0);
INSERT INTO recipe_ingredient(recipe_id, ingredient_id, quantity, recipe_ingredient_description, main) VALUES(63, 224, NULL, 'A tablespoon of', 0);
INSERT INTO recipe_ingredient(recipe_id, ingredient_id, quantity, recipe_ingredient_description, main) VALUES(63, 284, NULL, 'A teaspoon of', 0);

INSERT INTO recipe_ingredient(recipe_id, ingredient_id, quantity, recipe_ingredient_description, main) VALUES(64, 43, 1, NULL, 1);
INSERT INTO recipe_ingredient(recipe_id, ingredient_id, quantity, recipe_ingredient_description, main) VALUES(64, 94, NULL, 'A cup', 0);
INSERT INTO recipe_ingredient(recipe_id, ingredient_id, quantity, recipe_ingredient_description, main) VALUES(64, 204, NULL, 'A little', 0);
INSERT INTO recipe_ingredient(recipe_id, ingredient_id, quantity, recipe_ingredient_description, main) VALUES(64, 262, NULL, 'Few', 0);
INSERT INTO recipe_ingredient(recipe_id, ingredient_id, quantity, recipe_ingredient_description, main) VALUES(64, 100, 230, 'gr', 0);
INSERT INTO recipe_ingredient(recipe_id, ingredient_id, quantity, recipe_ingredient_description, main) VALUES(64, 349, 330, 'ml', 0);
INSERT INTO recipe_ingredient(recipe_id, ingredient_id, quantity, recipe_ingredient_description, main) VALUES(64, 9, NULL, 'A cup', 0);
INSERT INTO recipe_ingredient(recipe_id, ingredient_id, quantity, recipe_ingredient_description, main) VALUES(64, 102, 490, 'gr', 0);
INSERT INTO recipe_ingredient(recipe_id, ingredient_id, quantity, recipe_ingredient_description, main) VALUES(64, 270, NULL, 'A little', 0);
INSERT INTO recipe_ingredient(recipe_id, ingredient_id, quantity, recipe_ingredient_description, main) VALUES(64, 308, NULL, 'A little', 0);
INSERT INTO recipe_ingredient(recipe_id, ingredient_id, quantity, recipe_ingredient_description, main) VALUES(64, 78, 6, NULL, 0);
INSERT INTO recipe_ingredient(recipe_id, ingredient_id, quantity, recipe_ingredient_description, main) VALUES(64, 272, NULL, 'A little', 0);
INSERT INTO recipe_ingredient(recipe_id, ingredient_id, quantity, recipe_ingredient_description, main) VALUES(64, 269, 2, NULL, 0);
INSERT INTO recipe_ingredient(recipe_id, ingredient_id, quantity, recipe_ingredient_description, main) VALUES(64, 273, NULL, 'A pinch', 0);

INSERT INTO recipe_ingredient(recipe_id, ingredient_id, quantity, recipe_ingredient_description, main) VALUES(65, 186, 1, NULL, 1);
INSERT INTO recipe_ingredient(recipe_id, ingredient_id, quantity, recipe_ingredient_description, main) VALUES(65, 118, NULL, 'A tablespoon of', 0);
INSERT INTO recipe_ingredient(recipe_id, ingredient_id, quantity, recipe_ingredient_description, main) VALUES(65, 356, 250, 'ml', 0);
INSERT INTO recipe_ingredient(recipe_id, ingredient_id, quantity, recipe_ingredient_description, main) VALUES(65, 192, NULL, 'A little', 0);
INSERT INTO recipe_ingredient(recipe_id, ingredient_id, quantity, recipe_ingredient_description, main) VALUES(65, 82, 2, NULL, 0);
INSERT INTO recipe_ingredient(recipe_id, ingredient_id, quantity, recipe_ingredient_description, main) VALUES(65, 349, NULL, 'A little', 0);
INSERT INTO recipe_ingredient(recipe_id, ingredient_id, quantity, recipe_ingredient_description, main) VALUES(65, 85, NULL, 'A teaspoon of', 0);
INSERT INTO recipe_ingredient(recipe_id, ingredient_id, quantity, recipe_ingredient_description, main) VALUES(65, 326, 330, 'ml', 0);
INSERT INTO recipe_ingredient(recipe_id, ingredient_id, quantity, recipe_ingredient_description, main) VALUES(65, 78, 6, NULL, 0);
INSERT INTO recipe_ingredient(recipe_id, ingredient_id, quantity, recipe_ingredient_description, main) VALUES(65, 313, 590, 'ml', 0);
INSERT INTO recipe_ingredient(recipe_id, ingredient_id, quantity, recipe_ingredient_description, main) VALUES(65, 104, NULL, 'A little', 0);
INSERT INTO recipe_ingredient(recipe_id, ingredient_id, quantity, recipe_ingredient_description, main) VALUES(65, 143, NULL, 'Few', 0);
INSERT INTO recipe_ingredient(recipe_id, ingredient_id, quantity, recipe_ingredient_description, main) VALUES(65, 26, NULL, 'A pinch', 0);
INSERT INTO recipe_ingredient(recipe_id, ingredient_id, quantity, recipe_ingredient_description, main) VALUES(65, 206, NULL, 'A little', 0);

INSERT INTO recipe_ingredient(recipe_id, ingredient_id, quantity, recipe_ingredient_description, main) VALUES(66, 152, 1, NULL, 1);
INSERT INTO recipe_ingredient(recipe_id, ingredient_id, quantity, recipe_ingredient_description, main) VALUES(66, 268, NULL, 'A tablespoon of', 0);
INSERT INTO recipe_ingredient(recipe_id, ingredient_id, quantity, recipe_ingredient_description, main) VALUES(66, 216, NULL, 'A cup', 0);
INSERT INTO recipe_ingredient(recipe_id, ingredient_id, quantity, recipe_ingredient_description, main) VALUES(66, 244, NULL, 'A pinch', 0);
INSERT INTO recipe_ingredient(recipe_id, ingredient_id, quantity, recipe_ingredient_description, main) VALUES(66, 240, NULL, 'A tablespoon of', 0);
INSERT INTO recipe_ingredient(recipe_id, ingredient_id, quantity, recipe_ingredient_description, main) VALUES(66, 165, NULL, 'A cup', 0);
INSERT INTO recipe_ingredient(recipe_id, ingredient_id, quantity, recipe_ingredient_description, main) VALUES(66, 70, NULL, 'Few', 0);
INSERT INTO recipe_ingredient(recipe_id, ingredient_id, quantity, recipe_ingredient_description, main) VALUES(66, 154, NULL, 'A tablespoon of', 0);
INSERT INTO recipe_ingredient(recipe_id, ingredient_id, quantity, recipe_ingredient_description, main) VALUES(66, 1, NULL, 'A tablespoon of', 0);
INSERT INTO recipe_ingredient(recipe_id, ingredient_id, quantity, recipe_ingredient_description, main) VALUES(66, 39, NULL, 'A teaspoon of', 0);
INSERT INTO recipe_ingredient(recipe_id, ingredient_id, quantity, recipe_ingredient_description, main) VALUES(66, 129, 7, NULL, 0);
INSERT INTO recipe_ingredient(recipe_id, ingredient_id, quantity, recipe_ingredient_description, main) VALUES(66, 285, NULL, 'A little', 0);

INSERT INTO recipe_ingredient(recipe_id, ingredient_id, quantity, recipe_ingredient_description, main) VALUES(67, 343, 1, NULL, 1);
INSERT INTO recipe_ingredient(recipe_id, ingredient_id, quantity, recipe_ingredient_description, main) VALUES(67, 107, 130, 'gr', 0);
INSERT INTO recipe_ingredient(recipe_id, ingredient_id, quantity, recipe_ingredient_description, main) VALUES(67, 31, 570, 'gr', 0);
INSERT INTO recipe_ingredient(recipe_id, ingredient_id, quantity, recipe_ingredient_description, main) VALUES(67, 72, 230, 'ml', 0);
INSERT INTO recipe_ingredient(recipe_id, ingredient_id, quantity, recipe_ingredient_description, main) VALUES(67, 247, 250, 'ml', 0);
INSERT INTO recipe_ingredient(recipe_id, ingredient_id, quantity, recipe_ingredient_description, main) VALUES(67, 125, 550, 'ml', 0);
INSERT INTO recipe_ingredient(recipe_id, ingredient_id, quantity, recipe_ingredient_description, main) VALUES(67, 82, 570, 'ml', 0);
INSERT INTO recipe_ingredient(recipe_id, ingredient_id, quantity, recipe_ingredient_description, main) VALUES(67, 201, 6, NULL, 0);
INSERT INTO recipe_ingredient(recipe_id, ingredient_id, quantity, recipe_ingredient_description, main) VALUES(67, 100, 350, 'ml', 0);
INSERT INTO recipe_ingredient(recipe_id, ingredient_id, quantity, recipe_ingredient_description, main) VALUES(67, 180, 2, NULL, 0);

INSERT INTO recipe_ingredient(recipe_id, ingredient_id, quantity, recipe_ingredient_description, main) VALUES(68, 116, 1, NULL, 1);
INSERT INTO recipe_ingredient(recipe_id, ingredient_id, quantity, recipe_ingredient_description, main) VALUES(68, 72, NULL, 'A tablespoon of', 0);
INSERT INTO recipe_ingredient(recipe_id, ingredient_id, quantity, recipe_ingredient_description, main) VALUES(68, 206, NULL, 'A cup', 0);
INSERT INTO recipe_ingredient(recipe_id, ingredient_id, quantity, recipe_ingredient_description, main) VALUES(68, 64, NULL, 'Few', 0);
INSERT INTO recipe_ingredient(recipe_id, ingredient_id, quantity, recipe_ingredient_description, main) VALUES(68, 300, 230, 'gr', 0);
INSERT INTO recipe_ingredient(recipe_id, ingredient_id, quantity, recipe_ingredient_description, main) VALUES(68, 106, 610, 'ml', 0);
INSERT INTO recipe_ingredient(recipe_id, ingredient_id, quantity, recipe_ingredient_description, main) VALUES(68, 73, NULL, 'A pinch', 0);
INSERT INTO recipe_ingredient(recipe_id, ingredient_id, quantity, recipe_ingredient_description, main) VALUES(68, 345, NULL, 'A little', 0);
INSERT INTO recipe_ingredient(recipe_id, ingredient_id, quantity, recipe_ingredient_description, main) VALUES(68, 142, NULL, 'A little', 0);
INSERT INTO recipe_ingredient(recipe_id, ingredient_id, quantity, recipe_ingredient_description, main) VALUES(68, 168, NULL, 'A cup', 0);

INSERT INTO recipe_ingredient(recipe_id, ingredient_id, quantity, recipe_ingredient_description, main) VALUES(69, 6, 1, NULL, 1);
INSERT INTO recipe_ingredient(recipe_id, ingredient_id, quantity, recipe_ingredient_description, main) VALUES(69, 61, NULL, 'A pinch', 0);
INSERT INTO recipe_ingredient(recipe_id, ingredient_id, quantity, recipe_ingredient_description, main) VALUES(69, 267, 430, 'gr', 0);
INSERT INTO recipe_ingredient(recipe_id, ingredient_id, quantity, recipe_ingredient_description, main) VALUES(69, 269, 2, NULL, 0);
INSERT INTO recipe_ingredient(recipe_id, ingredient_id, quantity, recipe_ingredient_description, main) VALUES(69, 322, NULL, 'A cup', 0);
INSERT INTO recipe_ingredient(recipe_id, ingredient_id, quantity, recipe_ingredient_description, main) VALUES(69, 307, 650, 'ml', 0);
INSERT INTO recipe_ingredient(recipe_id, ingredient_id, quantity, recipe_ingredient_description, main) VALUES(69, 119, 7, NULL, 0);
INSERT INTO recipe_ingredient(recipe_id, ingredient_id, quantity, recipe_ingredient_description, main) VALUES(69, 225, 430, 'ml', 0);
INSERT INTO recipe_ingredient(recipe_id, ingredient_id, quantity, recipe_ingredient_description, main) VALUES(69, 64, 630, 'gr', 0);
INSERT INTO recipe_ingredient(recipe_id, ingredient_id, quantity, recipe_ingredient_description, main) VALUES(69, 79, 2, NULL, 0);
INSERT INTO recipe_ingredient(recipe_id, ingredient_id, quantity, recipe_ingredient_description, main) VALUES(69, 175, NULL, 'Few', 0);
INSERT INTO recipe_ingredient(recipe_id, ingredient_id, quantity, recipe_ingredient_description, main) VALUES(69, 140, 2, NULL, 0);
INSERT INTO recipe_ingredient(recipe_id, ingredient_id, quantity, recipe_ingredient_description, main) VALUES(69, 196, NULL, 'A tablespoon of', 0);
INSERT INTO recipe_ingredient(recipe_id, ingredient_id, quantity, recipe_ingredient_description, main) VALUES(69, 131, NULL, 'A little', 0);
INSERT INTO recipe_ingredient(recipe_id, ingredient_id, quantity, recipe_ingredient_description, main) VALUES(69, 58, 630, 'gr', 0);
INSERT INTO recipe_ingredient(recipe_id, ingredient_id, quantity, recipe_ingredient_description, main) VALUES(69, 219, 250, 'ml', 0);

INSERT INTO recipe_ingredient(recipe_id, ingredient_id, quantity, recipe_ingredient_description, main) VALUES(70, 364, 1, NULL, 1);
INSERT INTO recipe_ingredient(recipe_id, ingredient_id, quantity, recipe_ingredient_description, main) VALUES(70, 150, NULL, 'A tablespoon of', 0);
INSERT INTO recipe_ingredient(recipe_id, ingredient_id, quantity, recipe_ingredient_description, main) VALUES(70, 116, NULL, 'Few', 0);
INSERT INTO recipe_ingredient(recipe_id, ingredient_id, quantity, recipe_ingredient_description, main) VALUES(70, 268, 170, 'ml', 0);
INSERT INTO recipe_ingredient(recipe_id, ingredient_id, quantity, recipe_ingredient_description, main) VALUES(70, 46, 510, 'gr', 0);
INSERT INTO recipe_ingredient(recipe_id, ingredient_id, quantity, recipe_ingredient_description, main) VALUES(70, 124, 670, 'gr', 0);
INSERT INTO recipe_ingredient(recipe_id, ingredient_id, quantity, recipe_ingredient_description, main) VALUES(70, 360, NULL, 'A little', 0);
INSERT INTO recipe_ingredient(recipe_id, ingredient_id, quantity, recipe_ingredient_description, main) VALUES(70, 222, NULL, 'A tablespoon of', 0);
INSERT INTO recipe_ingredient(recipe_id, ingredient_id, quantity, recipe_ingredient_description, main) VALUES(70, 216, NULL, 'A teaspoon of', 0);
INSERT INTO recipe_ingredient(recipe_id, ingredient_id, quantity, recipe_ingredient_description, main) VALUES(70, 30, 7, NULL, 0);
INSERT INTO recipe_ingredient(recipe_id, ingredient_id, quantity, recipe_ingredient_description, main) VALUES(70, 54, 8, NULL, 0);
INSERT INTO recipe_ingredient(recipe_id, ingredient_id, quantity, recipe_ingredient_description, main) VALUES(70, 144, 390, 'ml', 0);
INSERT INTO recipe_ingredient(recipe_id, ingredient_id, quantity, recipe_ingredient_description, main) VALUES(70, 129, NULL, 'A tablespoon of', 0);

INSERT INTO recipe_ingredient(recipe_id, ingredient_id, quantity, recipe_ingredient_description, main) VALUES(71, 328, 1, NULL, 1);
INSERT INTO recipe_ingredient(recipe_id, ingredient_id, quantity, recipe_ingredient_description, main) VALUES(71, 169, 570, 'gr', 0);
INSERT INTO recipe_ingredient(recipe_id, ingredient_id, quantity, recipe_ingredient_description, main) VALUES(71, 342, NULL, 'Few', 0);
INSERT INTO recipe_ingredient(recipe_id, ingredient_id, quantity, recipe_ingredient_description, main) VALUES(71, 129, NULL, 'A little', 0);
INSERT INTO recipe_ingredient(recipe_id, ingredient_id, quantity, recipe_ingredient_description, main) VALUES(71, 183, 150, 'gr', 0);
INSERT INTO recipe_ingredient(recipe_id, ingredient_id, quantity, recipe_ingredient_description, main) VALUES(71, 7, NULL, 'A cup', 0);
INSERT INTO recipe_ingredient(recipe_id, ingredient_id, quantity, recipe_ingredient_description, main) VALUES(71, 52, NULL, 'A cup', 0);
INSERT INTO recipe_ingredient(recipe_id, ingredient_id, quantity, recipe_ingredient_description, main) VALUES(71, 249, 350, 'ml', 0);
INSERT INTO recipe_ingredient(recipe_id, ingredient_id, quantity, recipe_ingredient_description, main) VALUES(71, 300, 670, 'ml', 0);
INSERT INTO recipe_ingredient(recipe_id, ingredient_id, quantity, recipe_ingredient_description, main) VALUES(71, 114, NULL, 'A tablespoon of', 0);
INSERT INTO recipe_ingredient(recipe_id, ingredient_id, quantity, recipe_ingredient_description, main) VALUES(71, 303, NULL, 'A cup', 0);
INSERT INTO recipe_ingredient(recipe_id, ingredient_id, quantity, recipe_ingredient_description, main) VALUES(71, 223, NULL, 'A tablespoon of', 0);
INSERT INTO recipe_ingredient(recipe_id, ingredient_id, quantity, recipe_ingredient_description, main) VALUES(71, 341, NULL, 'A cup', 0);
INSERT INTO recipe_ingredient(recipe_id, ingredient_id, quantity, recipe_ingredient_description, main) VALUES(71, 137, NULL, 'Few', 0);

INSERT INTO recipe_ingredient(recipe_id, ingredient_id, quantity, recipe_ingredient_description, main) VALUES(72, 54, 1, NULL, 1);
INSERT INTO recipe_ingredient(recipe_id, ingredient_id, quantity, recipe_ingredient_description, main) VALUES(72, 288, 530, 'ml', 0);
INSERT INTO recipe_ingredient(recipe_id, ingredient_id, quantity, recipe_ingredient_description, main) VALUES(72, 311, 530, 'ml', 0);
INSERT INTO recipe_ingredient(recipe_id, ingredient_id, quantity, recipe_ingredient_description, main) VALUES(72, 22, 170, 'gr', 0);
INSERT INTO recipe_ingredient(recipe_id, ingredient_id, quantity, recipe_ingredient_description, main) VALUES(72, 303, 8, NULL, 0);
INSERT INTO recipe_ingredient(recipe_id, ingredient_id, quantity, recipe_ingredient_description, main) VALUES(72, 330, 2, NULL, 0);
INSERT INTO recipe_ingredient(recipe_id, ingredient_id, quantity, recipe_ingredient_description, main) VALUES(72, 295, NULL, 'A tablespoon of', 0);
INSERT INTO recipe_ingredient(recipe_id, ingredient_id, quantity, recipe_ingredient_description, main) VALUES(72, 49, NULL, 'A little', 0);
INSERT INTO recipe_ingredient(recipe_id, ingredient_id, quantity, recipe_ingredient_description, main) VALUES(72, 61, 8, NULL, 0);
INSERT INTO recipe_ingredient(recipe_id, ingredient_id, quantity, recipe_ingredient_description, main) VALUES(72, 123, 510, 'ml', 0);
INSERT INTO recipe_ingredient(recipe_id, ingredient_id, quantity, recipe_ingredient_description, main) VALUES(72, 298, 7, NULL, 0);
INSERT INTO recipe_ingredient(recipe_id, ingredient_id, quantity, recipe_ingredient_description, main) VALUES(72, 364, NULL, 'A little', 0);
INSERT INTO recipe_ingredient(recipe_id, ingredient_id, quantity, recipe_ingredient_description, main) VALUES(72, 310, NULL, 'A little', 0);

INSERT INTO recipe_ingredient(recipe_id, ingredient_id, quantity, recipe_ingredient_description, main) VALUES(73, 216, 1, NULL, 1);
INSERT INTO recipe_ingredient(recipe_id, ingredient_id, quantity, recipe_ingredient_description, main) VALUES(73, 21, NULL, 'A tablespoon of', 0);
INSERT INTO recipe_ingredient(recipe_id, ingredient_id, quantity, recipe_ingredient_description, main) VALUES(73, 178, 610, 'ml', 0);
INSERT INTO recipe_ingredient(recipe_id, ingredient_id, quantity, recipe_ingredient_description, main) VALUES(73, 236, 90, 'ml', 0);
INSERT INTO recipe_ingredient(recipe_id, ingredient_id, quantity, recipe_ingredient_description, main) VALUES(73, 205, NULL, 'A cup', 0);
INSERT INTO recipe_ingredient(recipe_id, ingredient_id, quantity, recipe_ingredient_description, main) VALUES(73, 322, NULL, 'A teaspoon of', 0);
INSERT INTO recipe_ingredient(recipe_id, ingredient_id, quantity, recipe_ingredient_description, main) VALUES(73, 222, NULL, 'A tablespoon of', 0);
INSERT INTO recipe_ingredient(recipe_id, ingredient_id, quantity, recipe_ingredient_description, main) VALUES(73, 343, NULL, 'A little', 0);
INSERT INTO recipe_ingredient(recipe_id, ingredient_id, quantity, recipe_ingredient_description, main) VALUES(73, 14, 310, 'ml', 0);
INSERT INTO recipe_ingredient(recipe_id, ingredient_id, quantity, recipe_ingredient_description, main) VALUES(73, 291, 3, NULL, 0);
INSERT INTO recipe_ingredient(recipe_id, ingredient_id, quantity, recipe_ingredient_description, main) VALUES(73, 13, NULL, 'A pinch', 0);
INSERT INTO recipe_ingredient(recipe_id, ingredient_id, quantity, recipe_ingredient_description, main) VALUES(73, 323, 470, 'gr', 0);

INSERT INTO recipe_ingredient(recipe_id, ingredient_id, quantity, recipe_ingredient_description, main) VALUES(74, 51, 1, NULL, 1);
INSERT INTO recipe_ingredient(recipe_id, ingredient_id, quantity, recipe_ingredient_description, main) VALUES(74, 212, NULL, 'A pinch', 0);
INSERT INTO recipe_ingredient(recipe_id, ingredient_id, quantity, recipe_ingredient_description, main) VALUES(74, 15, NULL, 'A tablespoon of', 0);
INSERT INTO recipe_ingredient(recipe_id, ingredient_id, quantity, recipe_ingredient_description, main) VALUES(74, 234, NULL, 'A tablespoon of', 0);
INSERT INTO recipe_ingredient(recipe_id, ingredient_id, quantity, recipe_ingredient_description, main) VALUES(74, 130, NULL, 'A teaspoon of', 0);
INSERT INTO recipe_ingredient(recipe_id, ingredient_id, quantity, recipe_ingredient_description, main) VALUES(74, 184, NULL, 'Few', 0);
INSERT INTO recipe_ingredient(recipe_id, ingredient_id, quantity, recipe_ingredient_description, main) VALUES(74, 350, NULL, 'A pinch', 0);
INSERT INTO recipe_ingredient(recipe_id, ingredient_id, quantity, recipe_ingredient_description, main) VALUES(74, 177, NULL, 'A pinch', 0);
INSERT INTO recipe_ingredient(recipe_id, ingredient_id, quantity, recipe_ingredient_description, main) VALUES(74, 181, NULL, 'A teaspoon of', 0);
INSERT INTO recipe_ingredient(recipe_id, ingredient_id, quantity, recipe_ingredient_description, main) VALUES(74, 128, NULL, 'A teaspoon of', 0);

INSERT INTO recipe_ingredient(recipe_id, ingredient_id, quantity, recipe_ingredient_description, main) VALUES(75, 142, 1, NULL, 1);
INSERT INTO recipe_ingredient(recipe_id, ingredient_id, quantity, recipe_ingredient_description, main) VALUES(75, 25, NULL, 'Few', 0);
INSERT INTO recipe_ingredient(recipe_id, ingredient_id, quantity, recipe_ingredient_description, main) VALUES(75, 167, NULL, 'A pinch', 0);
INSERT INTO recipe_ingredient(recipe_id, ingredient_id, quantity, recipe_ingredient_description, main) VALUES(75, 235, NULL, 'A pinch', 0);
INSERT INTO recipe_ingredient(recipe_id, ingredient_id, quantity, recipe_ingredient_description, main) VALUES(75, 358, NULL, 'A cup', 0);
INSERT INTO recipe_ingredient(recipe_id, ingredient_id, quantity, recipe_ingredient_description, main) VALUES(75, 326, NULL, 'Few', 0);
INSERT INTO recipe_ingredient(recipe_id, ingredient_id, quantity, recipe_ingredient_description, main) VALUES(75, 135, NULL, 'A cup', 0);
INSERT INTO recipe_ingredient(recipe_id, ingredient_id, quantity, recipe_ingredient_description, main) VALUES(75, 83, NULL, 'A pinch', 0);
INSERT INTO recipe_ingredient(recipe_id, ingredient_id, quantity, recipe_ingredient_description, main) VALUES(75, 108, NULL, 'A tablespoon of', 0);
INSERT INTO recipe_ingredient(recipe_id, ingredient_id, quantity, recipe_ingredient_description, main) VALUES(75, 286, NULL, 'A pinch', 0);
INSERT INTO recipe_ingredient(recipe_id, ingredient_id, quantity, recipe_ingredient_description, main) VALUES(75, 281, 7, NULL, 0);
INSERT INTO recipe_ingredient(recipe_id, ingredient_id, quantity, recipe_ingredient_description, main) VALUES(75, 165, NULL, 'Few', 0);
INSERT INTO recipe_ingredient(recipe_id, ingredient_id, quantity, recipe_ingredient_description, main) VALUES(75, 206, NULL, 'A tablespoon of', 0);

INSERT INTO recipe_ingredient(recipe_id, ingredient_id, quantity, recipe_ingredient_description, main) VALUES(76, 179, 1, NULL, 1);
INSERT INTO recipe_ingredient(recipe_id, ingredient_id, quantity, recipe_ingredient_description, main) VALUES(76, 256, NULL, 'A teaspoon of', 0);
INSERT INTO recipe_ingredient(recipe_id, ingredient_id, quantity, recipe_ingredient_description, main) VALUES(76, 46, NULL, 'A cup', 0);
INSERT INTO recipe_ingredient(recipe_id, ingredient_id, quantity, recipe_ingredient_description, main) VALUES(76, 171, NULL, 'A pinch', 0);
INSERT INTO recipe_ingredient(recipe_id, ingredient_id, quantity, recipe_ingredient_description, main) VALUES(76, 181, NULL, 'A cup', 0);
INSERT INTO recipe_ingredient(recipe_id, ingredient_id, quantity, recipe_ingredient_description, main) VALUES(76, 316, 330, 'gr', 0);
INSERT INTO recipe_ingredient(recipe_id, ingredient_id, quantity, recipe_ingredient_description, main) VALUES(76, 163, 8, NULL, 0);
INSERT INTO recipe_ingredient(recipe_id, ingredient_id, quantity, recipe_ingredient_description, main) VALUES(76, 157, NULL, 'Few', 0);

INSERT INTO recipe_ingredient(recipe_id, ingredient_id, quantity, recipe_ingredient_description, main) VALUES(77, 52, 1, NULL, 1);
INSERT INTO recipe_ingredient(recipe_id, ingredient_id, quantity, recipe_ingredient_description, main) VALUES(77, 328, NULL, 'A pinch', 0);
INSERT INTO recipe_ingredient(recipe_id, ingredient_id, quantity, recipe_ingredient_description, main) VALUES(77, 208, NULL, 'A pinch', 0);
INSERT INTO recipe_ingredient(recipe_id, ingredient_id, quantity, recipe_ingredient_description, main) VALUES(77, 161, NULL, 'A tablespoon of', 0);
INSERT INTO recipe_ingredient(recipe_id, ingredient_id, quantity, recipe_ingredient_description, main) VALUES(77, 319, NULL, 'A tablespoon of', 0);
INSERT INTO recipe_ingredient(recipe_id, ingredient_id, quantity, recipe_ingredient_description, main) VALUES(77, 255, NULL, 'A teaspoon of', 0);
INSERT INTO recipe_ingredient(recipe_id, ingredient_id, quantity, recipe_ingredient_description, main) VALUES(77, 328, NULL, 'Few', 0);

INSERT INTO recipe_ingredient(recipe_id, ingredient_id, quantity, recipe_ingredient_description, main) VALUES(78, 96, 1, NULL, 1);
INSERT INTO recipe_ingredient(recipe_id, ingredient_id, quantity, recipe_ingredient_description, main) VALUES(78, 104, 370, 'ml', 0);
INSERT INTO recipe_ingredient(recipe_id, ingredient_id, quantity, recipe_ingredient_description, main) VALUES(78, 363, NULL, 'A pinch', 0);
INSERT INTO recipe_ingredient(recipe_id, ingredient_id, quantity, recipe_ingredient_description, main) VALUES(78, 249, NULL, 'A teaspoon of', 0);
INSERT INTO recipe_ingredient(recipe_id, ingredient_id, quantity, recipe_ingredient_description, main) VALUES(78, 180, NULL, 'Few', 0);
INSERT INTO recipe_ingredient(recipe_id, ingredient_id, quantity, recipe_ingredient_description, main) VALUES(78, 173, NULL, 'A pinch', 0);
INSERT INTO recipe_ingredient(recipe_id, ingredient_id, quantity, recipe_ingredient_description, main) VALUES(78, 225, NULL, 'A teaspoon of', 0);
INSERT INTO recipe_ingredient(recipe_id, ingredient_id, quantity, recipe_ingredient_description, main) VALUES(78, 186, NULL, 'Few', 0);
INSERT INTO recipe_ingredient(recipe_id, ingredient_id, quantity, recipe_ingredient_description, main) VALUES(78, 82, NULL, 'Few', 0);
INSERT INTO recipe_ingredient(recipe_id, ingredient_id, quantity, recipe_ingredient_description, main) VALUES(78, 87, NULL, 'A little', 0);
INSERT INTO recipe_ingredient(recipe_id, ingredient_id, quantity, recipe_ingredient_description, main) VALUES(78, 166, NULL, 'A cup', 0);
INSERT INTO recipe_ingredient(recipe_id, ingredient_id, quantity, recipe_ingredient_description, main) VALUES(78, 9, 190, 'gr', 0);

INSERT INTO recipe_ingredient(recipe_id, ingredient_id, quantity, recipe_ingredient_description, main) VALUES(79, 98, 1, NULL, 1);
INSERT INTO recipe_ingredient(recipe_id, ingredient_id, quantity, recipe_ingredient_description, main) VALUES(79, 159, NULL, 'A cup', 0);
INSERT INTO recipe_ingredient(recipe_id, ingredient_id, quantity, recipe_ingredient_description, main) VALUES(79, 260, 410, 'gr', 0);
INSERT INTO recipe_ingredient(recipe_id, ingredient_id, quantity, recipe_ingredient_description, main) VALUES(79, 287, NULL, 'A teaspoon of', 0);
INSERT INTO recipe_ingredient(recipe_id, ingredient_id, quantity, recipe_ingredient_description, main) VALUES(79, 276, NULL, 'A teaspoon of', 0);
INSERT INTO recipe_ingredient(recipe_id, ingredient_id, quantity, recipe_ingredient_description, main) VALUES(79, 92, 550, 'ml', 0);
INSERT INTO recipe_ingredient(recipe_id, ingredient_id, quantity, recipe_ingredient_description, main) VALUES(79, 317, NULL, 'A teaspoon of', 0);
INSERT INTO recipe_ingredient(recipe_id, ingredient_id, quantity, recipe_ingredient_description, main) VALUES(79, 357, 130, 'gr', 0);
INSERT INTO recipe_ingredient(recipe_id, ingredient_id, quantity, recipe_ingredient_description, main) VALUES(79, 102, 150, 'ml', 0);
INSERT INTO recipe_ingredient(recipe_id, ingredient_id, quantity, recipe_ingredient_description, main) VALUES(79, 47, 7, NULL, 0);
INSERT INTO recipe_ingredient(recipe_id, ingredient_id, quantity, recipe_ingredient_description, main) VALUES(79, 307, NULL, 'A teaspoon of', 0);
INSERT INTO recipe_ingredient(recipe_id, ingredient_id, quantity, recipe_ingredient_description, main) VALUES(79, 340, NULL, 'Few', 0);
INSERT INTO recipe_ingredient(recipe_id, ingredient_id, quantity, recipe_ingredient_description, main) VALUES(79, 208, NULL, 'A little', 0);
INSERT INTO recipe_ingredient(recipe_id, ingredient_id, quantity, recipe_ingredient_description, main) VALUES(79, 135, NULL, 'A pinch', 0);
INSERT INTO recipe_ingredient(recipe_id, ingredient_id, quantity, recipe_ingredient_description, main) VALUES(79, 75, NULL, 'A tablespoon of', 0);

INSERT INTO recipe_ingredient(recipe_id, ingredient_id, quantity, recipe_ingredient_description, main) VALUES(80, 175, 1, NULL, 1);
INSERT INTO recipe_ingredient(recipe_id, ingredient_id, quantity, recipe_ingredient_description, main) VALUES(80, 182, 550, 'gr', 0);
INSERT INTO recipe_ingredient(recipe_id, ingredient_id, quantity, recipe_ingredient_description, main) VALUES(80, 69, NULL, 'A pinch', 0);
INSERT INTO recipe_ingredient(recipe_id, ingredient_id, quantity, recipe_ingredient_description, main) VALUES(80, 198, NULL, 'A pinch', 0);
INSERT INTO recipe_ingredient(recipe_id, ingredient_id, quantity, recipe_ingredient_description, main) VALUES(80, 54, NULL, 'A teaspoon of', 0);
INSERT INTO recipe_ingredient(recipe_id, ingredient_id, quantity, recipe_ingredient_description, main) VALUES(80, 151, NULL, 'A cup', 0);
INSERT INTO recipe_ingredient(recipe_id, ingredient_id, quantity, recipe_ingredient_description, main) VALUES(80, 315, NULL, 'A teaspoon of', 0);
INSERT INTO recipe_ingredient(recipe_id, ingredient_id, quantity, recipe_ingredient_description, main) VALUES(80, 292, NULL, 'A cup', 0);
INSERT INTO recipe_ingredient(recipe_id, ingredient_id, quantity, recipe_ingredient_description, main) VALUES(80, 43, NULL, 'A little', 0);
INSERT INTO recipe_ingredient(recipe_id, ingredient_id, quantity, recipe_ingredient_description, main) VALUES(80, 166, NULL, 'A pinch', 0);
INSERT INTO recipe_ingredient(recipe_id, ingredient_id, quantity, recipe_ingredient_description, main) VALUES(80, 116, NULL, 'A cup', 0);
INSERT INTO recipe_ingredient(recipe_id, ingredient_id, quantity, recipe_ingredient_description, main) VALUES(80, 227, 90, 'gr', 0);
INSERT INTO recipe_ingredient(recipe_id, ingredient_id, quantity, recipe_ingredient_description, main) VALUES(80, 126, NULL, 'A little', 0);
INSERT INTO recipe_ingredient(recipe_id, ingredient_id, quantity, recipe_ingredient_description, main) VALUES(80, 281, NULL, 'A tablespoon of', 0);

INSERT INTO recipe_ingredient(recipe_id, ingredient_id, quantity, recipe_ingredient_description, main) VALUES(81, 80, 1, NULL, 1);
INSERT INTO recipe_ingredient(recipe_id, ingredient_id, quantity, recipe_ingredient_description, main) VALUES(81, 141, NULL, 'Few', 0);
INSERT INTO recipe_ingredient(recipe_id, ingredient_id, quantity, recipe_ingredient_description, main) VALUES(81, 14, NULL, 'A little', 0);
INSERT INTO recipe_ingredient(recipe_id, ingredient_id, quantity, recipe_ingredient_description, main) VALUES(81, 254, 330, 'ml', 0);
INSERT INTO recipe_ingredient(recipe_id, ingredient_id, quantity, recipe_ingredient_description, main) VALUES(81, 356, NULL, 'A teaspoon of', 0);
INSERT INTO recipe_ingredient(recipe_id, ingredient_id, quantity, recipe_ingredient_description, main) VALUES(81, 113, 350, 'gr', 0);
INSERT INTO recipe_ingredient(recipe_id, ingredient_id, quantity, recipe_ingredient_description, main) VALUES(81, 116, NULL, 'A tablespoon of', 0);
INSERT INTO recipe_ingredient(recipe_id, ingredient_id, quantity, recipe_ingredient_description, main) VALUES(81, 226, NULL, 'Few', 0);
INSERT INTO recipe_ingredient(recipe_id, ingredient_id, quantity, recipe_ingredient_description, main) VALUES(81, 332, 310, 'gr', 0);
INSERT INTO recipe_ingredient(recipe_id, ingredient_id, quantity, recipe_ingredient_description, main) VALUES(81, 75, 2, NULL, 0);
INSERT INTO recipe_ingredient(recipe_id, ingredient_id, quantity, recipe_ingredient_description, main) VALUES(81, 152, NULL, 'A little', 0);
INSERT INTO recipe_ingredient(recipe_id, ingredient_id, quantity, recipe_ingredient_description, main) VALUES(81, 125, NULL, 'A cup', 0);
INSERT INTO recipe_ingredient(recipe_id, ingredient_id, quantity, recipe_ingredient_description, main) VALUES(81, 11, 8, NULL, 0);
INSERT INTO recipe_ingredient(recipe_id, ingredient_id, quantity, recipe_ingredient_description, main) VALUES(81, 314, NULL, 'A little', 0);
INSERT INTO recipe_ingredient(recipe_id, ingredient_id, quantity, recipe_ingredient_description, main) VALUES(81, 248, NULL, 'A teaspoon of', 0);
INSERT INTO recipe_ingredient(recipe_id, ingredient_id, quantity, recipe_ingredient_description, main) VALUES(81, 225, 570, 'gr', 0);

INSERT INTO recipe_ingredient(recipe_id, ingredient_id, quantity, recipe_ingredient_description, main) VALUES(82, 285, 1, NULL, 1);
INSERT INTO recipe_ingredient(recipe_id, ingredient_id, quantity, recipe_ingredient_description, main) VALUES(82, 291, NULL, 'A little', 0);
INSERT INTO recipe_ingredient(recipe_id, ingredient_id, quantity, recipe_ingredient_description, main) VALUES(82, 99, 570, 'ml', 0);
INSERT INTO recipe_ingredient(recipe_id, ingredient_id, quantity, recipe_ingredient_description, main) VALUES(82, 96, 550, 'ml', 0);
INSERT INTO recipe_ingredient(recipe_id, ingredient_id, quantity, recipe_ingredient_description, main) VALUES(82, 322, 530, 'ml', 0);
INSERT INTO recipe_ingredient(recipe_id, ingredient_id, quantity, recipe_ingredient_description, main) VALUES(82, 134, 7, NULL, 0);
INSERT INTO recipe_ingredient(recipe_id, ingredient_id, quantity, recipe_ingredient_description, main) VALUES(82, 187, 370, 'gr', 0);
INSERT INTO recipe_ingredient(recipe_id, ingredient_id, quantity, recipe_ingredient_description, main) VALUES(82, 221, NULL, 'A little', 0);
INSERT INTO recipe_ingredient(recipe_id, ingredient_id, quantity, recipe_ingredient_description, main) VALUES(82, 190, NULL, 'Few', 0);
INSERT INTO recipe_ingredient(recipe_id, ingredient_id, quantity, recipe_ingredient_description, main) VALUES(82, 187, 350, 'gr', 0);
INSERT INTO recipe_ingredient(recipe_id, ingredient_id, quantity, recipe_ingredient_description, main) VALUES(82, 164, 490, 'gr', 0);
INSERT INTO recipe_ingredient(recipe_id, ingredient_id, quantity, recipe_ingredient_description, main) VALUES(82, 40, 7, NULL, 0);
INSERT INTO recipe_ingredient(recipe_id, ingredient_id, quantity, recipe_ingredient_description, main) VALUES(82, 69, NULL, 'A tablespoon of', 0);
INSERT INTO recipe_ingredient(recipe_id, ingredient_id, quantity, recipe_ingredient_description, main) VALUES(82, 165, 350, 'gr', 0);

INSERT INTO recipe_ingredient(recipe_id, ingredient_id, quantity, recipe_ingredient_description, main) VALUES(83, 276, 1, NULL, 1);
INSERT INTO recipe_ingredient(recipe_id, ingredient_id, quantity, recipe_ingredient_description, main) VALUES(83, 66, NULL, 'A cup', 0);
INSERT INTO recipe_ingredient(recipe_id, ingredient_id, quantity, recipe_ingredient_description, main) VALUES(83, 50, NULL, 'A pinch', 0);
INSERT INTO recipe_ingredient(recipe_id, ingredient_id, quantity, recipe_ingredient_description, main) VALUES(83, 260, NULL, 'A cup', 0);
INSERT INTO recipe_ingredient(recipe_id, ingredient_id, quantity, recipe_ingredient_description, main) VALUES(83, 363, 650, 'ml', 0);
INSERT INTO recipe_ingredient(recipe_id, ingredient_id, quantity, recipe_ingredient_description, main) VALUES(83, 275, 4, NULL, 0);
INSERT INTO recipe_ingredient(recipe_id, ingredient_id, quantity, recipe_ingredient_description, main) VALUES(83, 54, NULL, 'A pinch', 0);
INSERT INTO recipe_ingredient(recipe_id, ingredient_id, quantity, recipe_ingredient_description, main) VALUES(83, 310, NULL, 'A cup', 0);
INSERT INTO recipe_ingredient(recipe_id, ingredient_id, quantity, recipe_ingredient_description, main) VALUES(83, 117, NULL, 'A pinch', 0);
INSERT INTO recipe_ingredient(recipe_id, ingredient_id, quantity, recipe_ingredient_description, main) VALUES(83, 179, NULL, 'A little', 0);
INSERT INTO recipe_ingredient(recipe_id, ingredient_id, quantity, recipe_ingredient_description, main) VALUES(83, 360, 7, NULL, 0);
INSERT INTO recipe_ingredient(recipe_id, ingredient_id, quantity, recipe_ingredient_description, main) VALUES(83, 284, NULL, 'A cup', 0);
INSERT INTO recipe_ingredient(recipe_id, ingredient_id, quantity, recipe_ingredient_description, main) VALUES(83, 115, NULL, 'A tablespoon of', 0);
INSERT INTO recipe_ingredient(recipe_id, ingredient_id, quantity, recipe_ingredient_description, main) VALUES(83, 239, 390, 'ml', 0);
INSERT INTO recipe_ingredient(recipe_id, ingredient_id, quantity, recipe_ingredient_description, main) VALUES(83, 295, NULL, 'A tablespoon of', 0);

INSERT INTO recipe_ingredient(recipe_id, ingredient_id, quantity, recipe_ingredient_description, main) VALUES(84, 28, 1, NULL, 1);
INSERT INTO recipe_ingredient(recipe_id, ingredient_id, quantity, recipe_ingredient_description, main) VALUES(84, 317, 610, 'ml', 0);
INSERT INTO recipe_ingredient(recipe_id, ingredient_id, quantity, recipe_ingredient_description, main) VALUES(84, 255, NULL, 'A tablespoon of', 0);
INSERT INTO recipe_ingredient(recipe_id, ingredient_id, quantity, recipe_ingredient_description, main) VALUES(84, 303, NULL, 'A pinch', 0);
INSERT INTO recipe_ingredient(recipe_id, ingredient_id, quantity, recipe_ingredient_description, main) VALUES(84, 224, NULL, 'A pinch', 0);
INSERT INTO recipe_ingredient(recipe_id, ingredient_id, quantity, recipe_ingredient_description, main) VALUES(84, 34, 250, 'ml', 0);
INSERT INTO recipe_ingredient(recipe_id, ingredient_id, quantity, recipe_ingredient_description, main) VALUES(84, 12, 6, NULL, 0);
INSERT INTO recipe_ingredient(recipe_id, ingredient_id, quantity, recipe_ingredient_description, main) VALUES(84, 230, NULL, 'A tablespoon of', 0);
INSERT INTO recipe_ingredient(recipe_id, ingredient_id, quantity, recipe_ingredient_description, main) VALUES(84, 287, NULL, 'A cup', 0);
INSERT INTO recipe_ingredient(recipe_id, ingredient_id, quantity, recipe_ingredient_description, main) VALUES(84, 333, NULL, 'A teaspoon of', 0);
INSERT INTO recipe_ingredient(recipe_id, ingredient_id, quantity, recipe_ingredient_description, main) VALUES(84, 30, 490, 'gr', 0);
INSERT INTO recipe_ingredient(recipe_id, ingredient_id, quantity, recipe_ingredient_description, main) VALUES(84, 245, NULL, 'A cup', 0);
INSERT INTO recipe_ingredient(recipe_id, ingredient_id, quantity, recipe_ingredient_description, main) VALUES(84, 362, NULL, 'A pinch', 0);

INSERT INTO recipe_ingredient(recipe_id, ingredient_id, quantity, recipe_ingredient_description, main) VALUES(85, 76, 1, NULL, 1);
INSERT INTO recipe_ingredient(recipe_id, ingredient_id, quantity, recipe_ingredient_description, main) VALUES(85, 350, NULL, 'A tablespoon of', 0);
INSERT INTO recipe_ingredient(recipe_id, ingredient_id, quantity, recipe_ingredient_description, main) VALUES(85, 182, 130, 'ml', 0);
INSERT INTO recipe_ingredient(recipe_id, ingredient_id, quantity, recipe_ingredient_description, main) VALUES(85, 142, NULL, 'A cup', 0);
INSERT INTO recipe_ingredient(recipe_id, ingredient_id, quantity, recipe_ingredient_description, main) VALUES(85, 292, 370, 'ml', 0);
INSERT INTO recipe_ingredient(recipe_id, ingredient_id, quantity, recipe_ingredient_description, main) VALUES(85, 15, NULL, 'A tablespoon of', 0);
INSERT INTO recipe_ingredient(recipe_id, ingredient_id, quantity, recipe_ingredient_description, main) VALUES(85, 307, 670, 'gr', 0);

INSERT INTO recipe_ingredient(recipe_id, ingredient_id, quantity, recipe_ingredient_description, main) VALUES(86, 221, 1, NULL, 1);
INSERT INTO recipe_ingredient(recipe_id, ingredient_id, quantity, recipe_ingredient_description, main) VALUES(86, 203, NULL, 'A tablespoon of', 0);
INSERT INTO recipe_ingredient(recipe_id, ingredient_id, quantity, recipe_ingredient_description, main) VALUES(86, 111, 7, NULL, 0);
INSERT INTO recipe_ingredient(recipe_id, ingredient_id, quantity, recipe_ingredient_description, main) VALUES(86, 232, NULL, 'A teaspoon of', 0);
INSERT INTO recipe_ingredient(recipe_id, ingredient_id, quantity, recipe_ingredient_description, main) VALUES(86, 159, 430, 'gr', 0);
INSERT INTO recipe_ingredient(recipe_id, ingredient_id, quantity, recipe_ingredient_description, main) VALUES(86, 170, 330, 'gr', 0);
INSERT INTO recipe_ingredient(recipe_id, ingredient_id, quantity, recipe_ingredient_description, main) VALUES(86, 292, NULL, 'A little', 0);
INSERT INTO recipe_ingredient(recipe_id, ingredient_id, quantity, recipe_ingredient_description, main) VALUES(86, 261, 570, 'gr', 0);

INSERT INTO recipe_ingredient(recipe_id, ingredient_id, quantity, recipe_ingredient_description, main) VALUES(87, 74, 1, NULL, 1);
INSERT INTO recipe_ingredient(recipe_id, ingredient_id, quantity, recipe_ingredient_description, main) VALUES(87, 349, NULL, 'A tablespoon of', 0);
INSERT INTO recipe_ingredient(recipe_id, ingredient_id, quantity, recipe_ingredient_description, main) VALUES(87, 301, NULL, 'A cup', 0);
INSERT INTO recipe_ingredient(recipe_id, ingredient_id, quantity, recipe_ingredient_description, main) VALUES(87, 162, NULL, 'A pinch', 0);
INSERT INTO recipe_ingredient(recipe_id, ingredient_id, quantity, recipe_ingredient_description, main) VALUES(87, 4, NULL, 'A little', 0);
INSERT INTO recipe_ingredient(recipe_id, ingredient_id, quantity, recipe_ingredient_description, main) VALUES(87, 313, NULL, 'A tablespoon of', 0);
INSERT INTO recipe_ingredient(recipe_id, ingredient_id, quantity, recipe_ingredient_description, main) VALUES(87, 28, 490, 'ml', 0);
INSERT INTO recipe_ingredient(recipe_id, ingredient_id, quantity, recipe_ingredient_description, main) VALUES(87, 301, NULL, 'A pinch', 0);
INSERT INTO recipe_ingredient(recipe_id, ingredient_id, quantity, recipe_ingredient_description, main) VALUES(87, 62, 8, NULL, 0);
INSERT INTO recipe_ingredient(recipe_id, ingredient_id, quantity, recipe_ingredient_description, main) VALUES(87, 37, NULL, 'A teaspoon of', 0);
INSERT INTO recipe_ingredient(recipe_id, ingredient_id, quantity, recipe_ingredient_description, main) VALUES(87, 315, NULL, 'A tablespoon of', 0);
INSERT INTO recipe_ingredient(recipe_id, ingredient_id, quantity, recipe_ingredient_description, main) VALUES(87, 33, NULL, 'A little', 0);
INSERT INTO recipe_ingredient(recipe_id, ingredient_id, quantity, recipe_ingredient_description, main) VALUES(87, 272, NULL, 'A cup', 0);
INSERT INTO recipe_ingredient(recipe_id, ingredient_id, quantity, recipe_ingredient_description, main) VALUES(87, 212, 250, 'gr', 0);

INSERT INTO recipe_ingredient(recipe_id, ingredient_id, quantity, recipe_ingredient_description, main) VALUES(88, 100, 1, NULL, 1);
INSERT INTO recipe_ingredient(recipe_id, ingredient_id, quantity, recipe_ingredient_description, main) VALUES(88, 308, 270, 'ml', 0);
INSERT INTO recipe_ingredient(recipe_id, ingredient_id, quantity, recipe_ingredient_description, main) VALUES(88, 93, NULL, 'Few', 0);
INSERT INTO recipe_ingredient(recipe_id, ingredient_id, quantity, recipe_ingredient_description, main) VALUES(88, 16, 670, 'ml', 0);
INSERT INTO recipe_ingredient(recipe_id, ingredient_id, quantity, recipe_ingredient_description, main) VALUES(88, 62, NULL, 'A teaspoon of', 0);
INSERT INTO recipe_ingredient(recipe_id, ingredient_id, quantity, recipe_ingredient_description, main) VALUES(88, 170, NULL, 'A tablespoon of', 0);
INSERT INTO recipe_ingredient(recipe_id, ingredient_id, quantity, recipe_ingredient_description, main) VALUES(88, 46, 170, 'gr', 0);
INSERT INTO recipe_ingredient(recipe_id, ingredient_id, quantity, recipe_ingredient_description, main) VALUES(88, 207, NULL, 'A teaspoon of', 0);
INSERT INTO recipe_ingredient(recipe_id, ingredient_id, quantity, recipe_ingredient_description, main) VALUES(88, 294, NULL, 'Few', 0);

INSERT INTO recipe_ingredient(recipe_id, ingredient_id, quantity, recipe_ingredient_description, main) VALUES(89, 359, 1, NULL, 1);
INSERT INTO recipe_ingredient(recipe_id, ingredient_id, quantity, recipe_ingredient_description, main) VALUES(89, 199, NULL, 'A tablespoon of', 0);
INSERT INTO recipe_ingredient(recipe_id, ingredient_id, quantity, recipe_ingredient_description, main) VALUES(89, 209, 5, NULL, 0);
INSERT INTO recipe_ingredient(recipe_id, ingredient_id, quantity, recipe_ingredient_description, main) VALUES(89, 357, NULL, 'A cup', 0);
INSERT INTO recipe_ingredient(recipe_id, ingredient_id, quantity, recipe_ingredient_description, main) VALUES(89, 243, NULL, 'A teaspoon of', 0);
INSERT INTO recipe_ingredient(recipe_id, ingredient_id, quantity, recipe_ingredient_description, main) VALUES(89, 71, 470, 'ml', 0);
INSERT INTO recipe_ingredient(recipe_id, ingredient_id, quantity, recipe_ingredient_description, main) VALUES(89, 94, 2, NULL, 0);
INSERT INTO recipe_ingredient(recipe_id, ingredient_id, quantity, recipe_ingredient_description, main) VALUES(89, 160, 490, 'gr', 0);
INSERT INTO recipe_ingredient(recipe_id, ingredient_id, quantity, recipe_ingredient_description, main) VALUES(89, 91, NULL, 'A teaspoon of', 0);
INSERT INTO recipe_ingredient(recipe_id, ingredient_id, quantity, recipe_ingredient_description, main) VALUES(89, 363, NULL, 'A tablespoon of', 0);
INSERT INTO recipe_ingredient(recipe_id, ingredient_id, quantity, recipe_ingredient_description, main) VALUES(89, 221, NULL, 'Few', 0);
INSERT INTO recipe_ingredient(recipe_id, ingredient_id, quantity, recipe_ingredient_description, main) VALUES(89, 130, NULL, 'A tablespoon of', 0);
INSERT INTO recipe_ingredient(recipe_id, ingredient_id, quantity, recipe_ingredient_description, main) VALUES(89, 256, 2, NULL, 0);
INSERT INTO recipe_ingredient(recipe_id, ingredient_id, quantity, recipe_ingredient_description, main) VALUES(89, 95, NULL, 'Few', 0);
INSERT INTO recipe_ingredient(recipe_id, ingredient_id, quantity, recipe_ingredient_description, main) VALUES(89, 134, 550, 'ml', 0);
INSERT INTO recipe_ingredient(recipe_id, ingredient_id, quantity, recipe_ingredient_description, main) VALUES(89, 103, 3, NULL, 0);

INSERT INTO recipe_ingredient(recipe_id, ingredient_id, quantity, recipe_ingredient_description, main) VALUES(90, 180, 1, NULL, 1);
INSERT INTO recipe_ingredient(recipe_id, ingredient_id, quantity, recipe_ingredient_description, main) VALUES(90, 325, NULL, 'A pinch', 0);
INSERT INTO recipe_ingredient(recipe_id, ingredient_id, quantity, recipe_ingredient_description, main) VALUES(90, 42, NULL, 'A cup', 0);
INSERT INTO recipe_ingredient(recipe_id, ingredient_id, quantity, recipe_ingredient_description, main) VALUES(90, 174, 610, 'gr', 0);
INSERT INTO recipe_ingredient(recipe_id, ingredient_id, quantity, recipe_ingredient_description, main) VALUES(90, 49, NULL, 'Few', 0);
INSERT INTO recipe_ingredient(recipe_id, ingredient_id, quantity, recipe_ingredient_description, main) VALUES(90, 269, 370, 'gr', 0);
INSERT INTO recipe_ingredient(recipe_id, ingredient_id, quantity, recipe_ingredient_description, main) VALUES(90, 11, NULL, 'A little', 0);
INSERT INTO recipe_ingredient(recipe_id, ingredient_id, quantity, recipe_ingredient_description, main) VALUES(90, 311, NULL, 'A tablespoon of', 0);
INSERT INTO recipe_ingredient(recipe_id, ingredient_id, quantity, recipe_ingredient_description, main) VALUES(90, 32, NULL, 'A tablespoon of', 0);
INSERT INTO recipe_ingredient(recipe_id, ingredient_id, quantity, recipe_ingredient_description, main) VALUES(90, 286, NULL, 'A little', 0);
INSERT INTO recipe_ingredient(recipe_id, ingredient_id, quantity, recipe_ingredient_description, main) VALUES(90, 31, 510, 'ml', 0);
INSERT INTO recipe_ingredient(recipe_id, ingredient_id, quantity, recipe_ingredient_description, main) VALUES(90, 49, NULL, 'A cup', 0);
INSERT INTO recipe_ingredient(recipe_id, ingredient_id, quantity, recipe_ingredient_description, main) VALUES(90, 87, NULL, 'Few', 0);
INSERT INTO recipe_ingredient(recipe_id, ingredient_id, quantity, recipe_ingredient_description, main) VALUES(90, 1, NULL, 'A cup', 0);
INSERT INTO recipe_ingredient(recipe_id, ingredient_id, quantity, recipe_ingredient_description, main) VALUES(90, 271, 50, 'ml', 0);
INSERT INTO recipe_ingredient(recipe_id, ingredient_id, quantity, recipe_ingredient_description, main) VALUES(90, 3, 4, NULL, 0);

INSERT INTO recipe_ingredient(recipe_id, ingredient_id, quantity, recipe_ingredient_description, main) VALUES(91, 197, 1, NULL, 1);
INSERT INTO recipe_ingredient(recipe_id, ingredient_id, quantity, recipe_ingredient_description, main) VALUES(91, 15, NULL, 'Few', 0);
INSERT INTO recipe_ingredient(recipe_id, ingredient_id, quantity, recipe_ingredient_description, main) VALUES(91, 291, NULL, 'A little', 0);
INSERT INTO recipe_ingredient(recipe_id, ingredient_id, quantity, recipe_ingredient_description, main) VALUES(91, 289, NULL, 'A pinch', 0);
INSERT INTO recipe_ingredient(recipe_id, ingredient_id, quantity, recipe_ingredient_description, main) VALUES(91, 192, NULL, 'A tablespoon of', 0);
INSERT INTO recipe_ingredient(recipe_id, ingredient_id, quantity, recipe_ingredient_description, main) VALUES(91, 36, NULL, 'A little', 0);
INSERT INTO recipe_ingredient(recipe_id, ingredient_id, quantity, recipe_ingredient_description, main) VALUES(91, 89, NULL, 'A tablespoon of', 0);
INSERT INTO recipe_ingredient(recipe_id, ingredient_id, quantity, recipe_ingredient_description, main) VALUES(91, 97, 670, 'gr', 0);
INSERT INTO recipe_ingredient(recipe_id, ingredient_id, quantity, recipe_ingredient_description, main) VALUES(91, 94, 310, 'gr', 0);
INSERT INTO recipe_ingredient(recipe_id, ingredient_id, quantity, recipe_ingredient_description, main) VALUES(91, 177, NULL, 'Few', 0);

INSERT INTO recipe_ingredient(recipe_id, ingredient_id, quantity, recipe_ingredient_description, main) VALUES(92, 50, 1, NULL, 1);
INSERT INTO recipe_ingredient(recipe_id, ingredient_id, quantity, recipe_ingredient_description, main) VALUES(92, 80, NULL, 'Few', 0);
INSERT INTO recipe_ingredient(recipe_id, ingredient_id, quantity, recipe_ingredient_description, main) VALUES(92, 308, NULL, 'Few', 0);
INSERT INTO recipe_ingredient(recipe_id, ingredient_id, quantity, recipe_ingredient_description, main) VALUES(92, 192, 270, 'ml', 0);
INSERT INTO recipe_ingredient(recipe_id, ingredient_id, quantity, recipe_ingredient_description, main) VALUES(92, 226, NULL, 'A tablespoon of', 0);
INSERT INTO recipe_ingredient(recipe_id, ingredient_id, quantity, recipe_ingredient_description, main) VALUES(92, 362, NULL, 'A tablespoon of', 0);
INSERT INTO recipe_ingredient(recipe_id, ingredient_id, quantity, recipe_ingredient_description, main) VALUES(92, 91, NULL, 'A pinch', 0);
INSERT INTO recipe_ingredient(recipe_id, ingredient_id, quantity, recipe_ingredient_description, main) VALUES(92, 260, NULL, 'A cup', 0);
INSERT INTO recipe_ingredient(recipe_id, ingredient_id, quantity, recipe_ingredient_description, main) VALUES(92, 77, 610, 'ml', 0);
INSERT INTO recipe_ingredient(recipe_id, ingredient_id, quantity, recipe_ingredient_description, main) VALUES(92, 16, NULL, 'A teaspoon of', 0);
INSERT INTO recipe_ingredient(recipe_id, ingredient_id, quantity, recipe_ingredient_description, main) VALUES(92, 319, NULL, 'A pinch', 0);
INSERT INTO recipe_ingredient(recipe_id, ingredient_id, quantity, recipe_ingredient_description, main) VALUES(92, 20, NULL, 'A teaspoon of', 0);
INSERT INTO recipe_ingredient(recipe_id, ingredient_id, quantity, recipe_ingredient_description, main) VALUES(92, 276, 190, 'gr', 0);
INSERT INTO recipe_ingredient(recipe_id, ingredient_id, quantity, recipe_ingredient_description, main) VALUES(92, 160, NULL, 'A cup', 0);
INSERT INTO recipe_ingredient(recipe_id, ingredient_id, quantity, recipe_ingredient_description, main) VALUES(92, 150, NULL, 'A tablespoon of', 0);
INSERT INTO recipe_ingredient(recipe_id, ingredient_id, quantity, recipe_ingredient_description, main) VALUES(92, 56, 490, 'ml', 0);

INSERT INTO recipe_ingredient(recipe_id, ingredient_id, quantity, recipe_ingredient_description, main) VALUES(93, 350, 1, NULL, 1);
INSERT INTO recipe_ingredient(recipe_id, ingredient_id, quantity, recipe_ingredient_description, main) VALUES(93, 303, 6, NULL, 0);
INSERT INTO recipe_ingredient(recipe_id, ingredient_id, quantity, recipe_ingredient_description, main) VALUES(93, 86, NULL, 'A cup', 0);
INSERT INTO recipe_ingredient(recipe_id, ingredient_id, quantity, recipe_ingredient_description, main) VALUES(93, 52, NULL, 'A teaspoon of', 0);
INSERT INTO recipe_ingredient(recipe_id, ingredient_id, quantity, recipe_ingredient_description, main) VALUES(93, 255, NULL, 'A cup', 0);
INSERT INTO recipe_ingredient(recipe_id, ingredient_id, quantity, recipe_ingredient_description, main) VALUES(93, 99, 230, 'gr', 0);
INSERT INTO recipe_ingredient(recipe_id, ingredient_id, quantity, recipe_ingredient_description, main) VALUES(93, 314, 470, 'gr', 0);
INSERT INTO recipe_ingredient(recipe_id, ingredient_id, quantity, recipe_ingredient_description, main) VALUES(93, 233, 530, 'gr', 0);

INSERT INTO recipe_ingredient(recipe_id, ingredient_id, quantity, recipe_ingredient_description, main) VALUES(94, 230, 1, NULL, 1);
INSERT INTO recipe_ingredient(recipe_id, ingredient_id, quantity, recipe_ingredient_description, main) VALUES(94, 343, 6, NULL, 0);
INSERT INTO recipe_ingredient(recipe_id, ingredient_id, quantity, recipe_ingredient_description, main) VALUES(94, 34, NULL, 'A pinch', 0);
INSERT INTO recipe_ingredient(recipe_id, ingredient_id, quantity, recipe_ingredient_description, main) VALUES(94, 174, NULL, 'A tablespoon of', 0);
INSERT INTO recipe_ingredient(recipe_id, ingredient_id, quantity, recipe_ingredient_description, main) VALUES(94, 127, NULL, 'A cup', 0);
INSERT INTO recipe_ingredient(recipe_id, ingredient_id, quantity, recipe_ingredient_description, main) VALUES(94, 188, NULL, 'A teaspoon of', 0);
INSERT INTO recipe_ingredient(recipe_id, ingredient_id, quantity, recipe_ingredient_description, main) VALUES(94, 73, NULL, 'A little', 0);

INSERT INTO recipe_ingredient(recipe_id, ingredient_id, quantity, recipe_ingredient_description, main) VALUES(95, 123, 1, NULL, 1);
INSERT INTO recipe_ingredient(recipe_id, ingredient_id, quantity, recipe_ingredient_description, main) VALUES(95, 97, NULL, 'Few', 0);
INSERT INTO recipe_ingredient(recipe_id, ingredient_id, quantity, recipe_ingredient_description, main) VALUES(95, 207, 90, 'gr', 0);
INSERT INTO recipe_ingredient(recipe_id, ingredient_id, quantity, recipe_ingredient_description, main) VALUES(95, 184, 110, 'ml', 0);
INSERT INTO recipe_ingredient(recipe_id, ingredient_id, quantity, recipe_ingredient_description, main) VALUES(95, 246, NULL, 'Few', 0);
INSERT INTO recipe_ingredient(recipe_id, ingredient_id, quantity, recipe_ingredient_description, main) VALUES(95, 338, 170, 'gr', 0);
INSERT INTO recipe_ingredient(recipe_id, ingredient_id, quantity, recipe_ingredient_description, main) VALUES(95, 267, NULL, 'Few', 0);
INSERT INTO recipe_ingredient(recipe_id, ingredient_id, quantity, recipe_ingredient_description, main) VALUES(95, 47, NULL, 'A little', 0);
INSERT INTO recipe_ingredient(recipe_id, ingredient_id, quantity, recipe_ingredient_description, main) VALUES(95, 340, NULL, 'A tablespoon of', 0);
INSERT INTO recipe_ingredient(recipe_id, ingredient_id, quantity, recipe_ingredient_description, main) VALUES(95, 336, NULL, 'A teaspoon of', 0);
INSERT INTO recipe_ingredient(recipe_id, ingredient_id, quantity, recipe_ingredient_description, main) VALUES(95, 165, NULL, 'A pinch', 0);
INSERT INTO recipe_ingredient(recipe_id, ingredient_id, quantity, recipe_ingredient_description, main) VALUES(95, 270, NULL, 'A teaspoon of', 0);
INSERT INTO recipe_ingredient(recipe_id, ingredient_id, quantity, recipe_ingredient_description, main) VALUES(95, 289, 6, NULL, 0);

INSERT INTO recipe_ingredient(recipe_id, ingredient_id, quantity, recipe_ingredient_description, main) VALUES(96, 360, 1, NULL, 1);
INSERT INTO recipe_ingredient(recipe_id, ingredient_id, quantity, recipe_ingredient_description, main) VALUES(96, 268, NULL, 'A tablespoon of', 0);
INSERT INTO recipe_ingredient(recipe_id, ingredient_id, quantity, recipe_ingredient_description, main) VALUES(96, 202, 290, 'gr', 0);
INSERT INTO recipe_ingredient(recipe_id, ingredient_id, quantity, recipe_ingredient_description, main) VALUES(96, 145, NULL, 'Few', 0);
INSERT INTO recipe_ingredient(recipe_id, ingredient_id, quantity, recipe_ingredient_description, main) VALUES(96, 165, NULL, 'A cup', 0);
INSERT INTO recipe_ingredient(recipe_id, ingredient_id, quantity, recipe_ingredient_description, main) VALUES(96, 70, 610, 'gr', 0);
INSERT INTO recipe_ingredient(recipe_id, ingredient_id, quantity, recipe_ingredient_description, main) VALUES(96, 102, NULL, 'A teaspoon of', 0);
INSERT INTO recipe_ingredient(recipe_id, ingredient_id, quantity, recipe_ingredient_description, main) VALUES(96, 150, 590, 'ml', 0);
INSERT INTO recipe_ingredient(recipe_id, ingredient_id, quantity, recipe_ingredient_description, main) VALUES(96, 207, NULL, 'A little', 0);
INSERT INTO recipe_ingredient(recipe_id, ingredient_id, quantity, recipe_ingredient_description, main) VALUES(96, 223, NULL, 'A little', 0);
INSERT INTO recipe_ingredient(recipe_id, ingredient_id, quantity, recipe_ingredient_description, main) VALUES(96, 194, NULL, 'Few', 0);
INSERT INTO recipe_ingredient(recipe_id, ingredient_id, quantity, recipe_ingredient_description, main) VALUES(96, 43, 5, NULL, 0);
INSERT INTO recipe_ingredient(recipe_id, ingredient_id, quantity, recipe_ingredient_description, main) VALUES(96, 13, NULL, 'Few', 0);
INSERT INTO recipe_ingredient(recipe_id, ingredient_id, quantity, recipe_ingredient_description, main) VALUES(96, 252, NULL, 'A cup', 0);

INSERT INTO recipe_ingredient(recipe_id, ingredient_id, quantity, recipe_ingredient_description, main) VALUES(97, 54, 1, NULL, 1);
INSERT INTO recipe_ingredient(recipe_id, ingredient_id, quantity, recipe_ingredient_description, main) VALUES(97, 288, 650, 'ml', 0);
INSERT INTO recipe_ingredient(recipe_id, ingredient_id, quantity, recipe_ingredient_description, main) VALUES(97, 313, NULL, 'A pinch', 0);
INSERT INTO recipe_ingredient(recipe_id, ingredient_id, quantity, recipe_ingredient_description, main) VALUES(97, 200, 430, 'ml', 0);
INSERT INTO recipe_ingredient(recipe_id, ingredient_id, quantity, recipe_ingredient_description, main) VALUES(97, 255, NULL, 'A teaspoon of', 0);
INSERT INTO recipe_ingredient(recipe_id, ingredient_id, quantity, recipe_ingredient_description, main) VALUES(97, 148, 110, 'ml', 0);
INSERT INTO recipe_ingredient(recipe_id, ingredient_id, quantity, recipe_ingredient_description, main) VALUES(97, 271, 90, 'gr', 0);
INSERT INTO recipe_ingredient(recipe_id, ingredient_id, quantity, recipe_ingredient_description, main) VALUES(97, 97, NULL, 'A teaspoon of', 0);
INSERT INTO recipe_ingredient(recipe_id, ingredient_id, quantity, recipe_ingredient_description, main) VALUES(97, 46, 4, NULL, 0);
INSERT INTO recipe_ingredient(recipe_id, ingredient_id, quantity, recipe_ingredient_description, main) VALUES(97, 301, NULL, 'A teaspoon of', 0);
INSERT INTO recipe_ingredient(recipe_id, ingredient_id, quantity, recipe_ingredient_description, main) VALUES(97, 293, 270, 'ml', 0);

INSERT INTO recipe_ingredient(recipe_id, ingredient_id, quantity, recipe_ingredient_description, main) VALUES(98, 329, 1, NULL, 1);
INSERT INTO recipe_ingredient(recipe_id, ingredient_id, quantity, recipe_ingredient_description, main) VALUES(98, 25, 6, NULL, 0);
INSERT INTO recipe_ingredient(recipe_id, ingredient_id, quantity, recipe_ingredient_description, main) VALUES(98, 15, NULL, 'Few', 0);
INSERT INTO recipe_ingredient(recipe_id, ingredient_id, quantity, recipe_ingredient_description, main) VALUES(98, 25, NULL, 'A pinch', 0);
INSERT INTO recipe_ingredient(recipe_id, ingredient_id, quantity, recipe_ingredient_description, main) VALUES(98, 156, NULL, 'A little', 0);
INSERT INTO recipe_ingredient(recipe_id, ingredient_id, quantity, recipe_ingredient_description, main) VALUES(98, 198, NULL, 'A tablespoon of', 0);
INSERT INTO recipe_ingredient(recipe_id, ingredient_id, quantity, recipe_ingredient_description, main) VALUES(98, 97, NULL, 'A little', 0);
INSERT INTO recipe_ingredient(recipe_id, ingredient_id, quantity, recipe_ingredient_description, main) VALUES(98, 181, NULL, 'A little', 0);
INSERT INTO recipe_ingredient(recipe_id, ingredient_id, quantity, recipe_ingredient_description, main) VALUES(98, 276, NULL, 'A tablespoon of', 0);
INSERT INTO recipe_ingredient(recipe_id, ingredient_id, quantity, recipe_ingredient_description, main) VALUES(98, 27, NULL, 'A tablespoon of', 0);
INSERT INTO recipe_ingredient(recipe_id, ingredient_id, quantity, recipe_ingredient_description, main) VALUES(98, 351, NULL, 'A tablespoon of', 0);

INSERT INTO recipe_ingredient(recipe_id, ingredient_id, quantity, recipe_ingredient_description, main) VALUES(99, 223, 1, NULL, 1);
INSERT INTO recipe_ingredient(recipe_id, ingredient_id, quantity, recipe_ingredient_description, main) VALUES(99, 269, NULL, 'A little', 0);
INSERT INTO recipe_ingredient(recipe_id, ingredient_id, quantity, recipe_ingredient_description, main) VALUES(99, 92, 690, 'gr', 0);
INSERT INTO recipe_ingredient(recipe_id, ingredient_id, quantity, recipe_ingredient_description, main) VALUES(99, 190, NULL, 'Few', 0);
INSERT INTO recipe_ingredient(recipe_id, ingredient_id, quantity, recipe_ingredient_description, main) VALUES(99, 349, NULL, 'A cup', 0);
INSERT INTO recipe_ingredient(recipe_id, ingredient_id, quantity, recipe_ingredient_description, main) VALUES(99, 358, NULL, 'A teaspoon of', 0);
INSERT INTO recipe_ingredient(recipe_id, ingredient_id, quantity, recipe_ingredient_description, main) VALUES(99, 23, NULL, 'A teaspoon of', 0);
INSERT INTO recipe_ingredient(recipe_id, ingredient_id, quantity, recipe_ingredient_description, main) VALUES(99, 110, 170, 'gr', 0);
INSERT INTO recipe_ingredient(recipe_id, ingredient_id, quantity, recipe_ingredient_description, main) VALUES(99, 235, NULL, 'Few', 0);
INSERT INTO recipe_ingredient(recipe_id, ingredient_id, quantity, recipe_ingredient_description, main) VALUES(99, 96, NULL, 'Few', 0);
INSERT INTO recipe_ingredient(recipe_id, ingredient_id, quantity, recipe_ingredient_description, main) VALUES(99, 114, NULL, 'A teaspoon of', 0);
INSERT INTO recipe_ingredient(recipe_id, ingredient_id, quantity, recipe_ingredient_description, main) VALUES(99, 365, NULL, 'Few', 0);
INSERT INTO recipe_ingredient(recipe_id, ingredient_id, quantity, recipe_ingredient_description, main) VALUES(99, 164, 130, 'gr', 0);
INSERT INTO recipe_ingredient(recipe_id, ingredient_id, quantity, recipe_ingredient_description, main) VALUES(99, 105, NULL, 'A tablespoon of', 0);

INSERT INTO recipe_ingredient(recipe_id, ingredient_id, quantity, recipe_ingredient_description, main) VALUES(100, 254, 1, NULL, 1);
INSERT INTO recipe_ingredient(recipe_id, ingredient_id, quantity, recipe_ingredient_description, main) VALUES(100, 293, NULL, 'A teaspoon of', 0);
INSERT INTO recipe_ingredient(recipe_id, ingredient_id, quantity, recipe_ingredient_description, main) VALUES(100, 328, 50, 'gr', 0);
INSERT INTO recipe_ingredient(recipe_id, ingredient_id, quantity, recipe_ingredient_description, main) VALUES(100, 24, NULL, 'Few', 0);
INSERT INTO recipe_ingredient(recipe_id, ingredient_id, quantity, recipe_ingredient_description, main) VALUES(100, 196, NULL, 'A little', 0);
INSERT INTO recipe_ingredient(recipe_id, ingredient_id, quantity, recipe_ingredient_description, main) VALUES(100, 106, NULL, 'A cup', 0);
INSERT INTO recipe_ingredient(recipe_id, ingredient_id, quantity, recipe_ingredient_description, main) VALUES(100, 353, NULL, 'A pinch', 0);
INSERT INTO recipe_ingredient(recipe_id, ingredient_id, quantity, recipe_ingredient_description, main) VALUES(100, 60, NULL, 'A little', 0);
INSERT INTO recipe_ingredient(recipe_id, ingredient_id, quantity, recipe_ingredient_description, main) VALUES(100, 149, 2, NULL, 0);


INSERT INTO steps(recipe_id, step_order, details) VALUES (1, 1, 'Serve immediately, garnished with extra cheese and fresh herbs if desired."');
INSERT INTO steps(recipe_id, step_order, details) VALUES (1, 2, 'Heat a large skillet over medium heat and add olive oil.');
INSERT INTO steps(recipe_id, step_order, details) VALUES (1, 3, 'Stir in the lentils, tomatoes, and vegetable broth.');
INSERT INTO steps(recipe_id, step_order, details) VALUES (1, 4, 'Preheat the grill to medium-high heat.');
INSERT INTO steps(recipe_id, step_order, details) VALUES (1, 5, 'Season the meat with salt, pepper, and your favorite spices.');
INSERT INTO steps(recipe_id, step_order, details) VALUES (1, 6, 'Cut the potatoes into wedges.');
INSERT INTO steps(recipe_id, step_order, details) VALUES (1, 7, 'Whisk in the flour to create a roux, cooking for 1-2 minutes.');
INSERT INTO steps(recipe_id, step_order, details) VALUES (1, 8, 'Add the bay leaf, thyme, salt, and pepper.');
INSERT INTO steps(recipe_id, step_order, details) VALUES (1, 9, 'Season with salt and pepper to taste.');
INSERT INTO steps(recipe_id, step_order, details) VALUES (2, 1, 'Chop the vegetables into bite-sized pieces.');
INSERT INTO steps(recipe_id, step_order, details) VALUES (2, 2, 'Remove the foil and bake for an additional 5-10 minutes to allow the top to brown slightly.');
INSERT INTO steps(recipe_id, step_order, details) VALUES (2, 3, 'Allow to cool in the pan for 10 minutes before transferring to a wire rack to cool completely.');
INSERT INTO steps(recipe_id, step_order, details) VALUES (2, 4, 'Add the diced onions, carrots, and celery, and cook until the onions are translucent, about 5 minutes.');
INSERT INTO steps(recipe_id, step_order, details) VALUES (2, 5, 'While the potatoes are baking, prepare your dipping sauce by mixing mayonnaise, ketchup, and a dash of hot sauce.');
INSERT INTO steps(recipe_id, step_order, details) VALUES (2, 6, 'Stir in the grated cheese until melted and smooth.');
INSERT INTO steps(recipe_id, step_order, details) VALUES (2, 7, 'Season with salt and pepper to taste.');
INSERT INTO steps(recipe_id, step_order, details) VALUES (2, 8, 'Marinate the meat with your choice of marinade for at least 30 minutes.');
INSERT INTO steps(recipe_id, step_order, details) VALUES (2, 9, 'Pour the wet ingredients into the dry ingredients and stir until just combined.');
INSERT INTO steps(recipe_id, step_order, details) VALUES (2, 10, 'Serve hot, garnished with fresh herbs or a dollop of yogurt if desired."');
INSERT INTO steps(recipe_id, step_order, details) VALUES (2, 11, 'Cut the potatoes into wedges.');
INSERT INTO steps(recipe_id, step_order, details) VALUES (3, 1, 'Garnish with fresh herbs and serve warm."');
INSERT INTO steps(recipe_id, step_order, details) VALUES (3, 2, 'Add the minced garlic and cook for another minute.');
INSERT INTO steps(recipe_id, step_order, details) VALUES (3, 3, 'Bake in the preheated oven for 20-25 minutes, turning once halfway through, until the potatoes are golden brown and crispy.');
INSERT INTO steps(recipe_id, step_order, details) VALUES (3, 4, 'Combine the cooked meat with the vegetables in the baking dish.');
INSERT INTO steps(recipe_id, step_order, details) VALUES (3, 5, 'Place the skewers on the preheated grill.');
INSERT INTO steps(recipe_id, step_order, details) VALUES (3, 6, 'Fold in any additional ingredients like chocolate chips or nuts.');
INSERT INTO steps(recipe_id, step_order, details) VALUES (3, 7, 'Remove the potato wedges from the oven and let cool slightly before serving.');
INSERT INTO steps(recipe_id, step_order, details) VALUES (3, 8, 'Bring the mixture to a boil, then reduce the heat and let it simmer for 25-30 minutes, or until the lentils are tender.');
INSERT INTO steps(recipe_id, step_order, details) VALUES (4, 1, 'Remove the skewers from the grill and let rest for a few minutes before serving.');
INSERT INTO steps(recipe_id, step_order, details) VALUES (4, 2, 'In a large bowl, toss the potato wedges with olive oil, salt, pepper, and any desired seasonings.');
INSERT INTO steps(recipe_id, step_order, details) VALUES (4, 3, 'Serve immediately, garnished with extra cheese and fresh herbs if desired."');
INSERT INTO steps(recipe_id, step_order, details) VALUES (4, 4, 'Bake in the preheated oven for 25-30 minutes, or until a toothpick inserted into the center comes out clean.');
INSERT INTO steps(recipe_id, step_order, details) VALUES (4, 5, 'Cut the potatoes into wedges.');
INSERT INTO steps(recipe_id, step_order, details) VALUES (4, 6, 'Stir in the lentils, tomatoes, and vegetable broth.');
INSERT INTO steps(recipe_id, step_order, details) VALUES (4, 7, 'Pour the batter into the prepared baking pan.');
INSERT INTO steps(recipe_id, step_order, details) VALUES (4, 8, 'Cover the baking dish with aluminum foil.');
INSERT INTO steps(recipe_id, step_order, details) VALUES (4, 9, 'Bring a large pot of water to a boil.');
INSERT INTO steps(recipe_id, step_order, details) VALUES (4, 10, 'Pour the wet ingredients into the dry ingredients and stir until just combined.');
INSERT INTO steps(recipe_id, step_order, details) VALUES (4, 11, 'Serve the skewers with a side of rice or salad.');
INSERT INTO steps(recipe_id, step_order, details) VALUES (4, 12, 'Drain the pasta and set aside.');
INSERT INTO steps(recipe_id, step_order, details) VALUES (5, 1, 'Grill the skewers for 10-15 minutes, turning occasionally, until the meat is cooked through and the vegetables are tender.');
INSERT INTO steps(recipe_id, step_order, details) VALUES (5, 2, 'Add the bay leaf, thyme, salt, and pepper.');
INSERT INTO steps(recipe_id, step_order, details) VALUES (5, 3, 'Sauté the onions and garlic until they become translucent, about 3-5 minutes.');
INSERT INTO steps(recipe_id, step_order, details) VALUES (5, 4, 'Preheat the grill to medium-high heat.');
INSERT INTO steps(recipe_id, step_order, details) VALUES (5, 5, 'Pour the wet ingredients into the dry ingredients and stir until just combined.');
INSERT INTO steps(recipe_id, step_order, details) VALUES (5, 6, 'Chop the vegetables into bite-sized pieces.');
INSERT INTO steps(recipe_id, step_order, details) VALUES (5, 7, 'Serve immediately, garnished with extra cheese and fresh herbs if desired."');
INSERT INTO steps(recipe_id, step_order, details) VALUES (5, 8, 'Sauté the onions and garlic until they become translucent, about 3-5 minutes.');
INSERT INTO steps(recipe_id, step_order, details) VALUES (5, 9, 'Grease and flour a baking pan.');
INSERT INTO steps(recipe_id, step_order, details) VALUES (6, 1, 'Add the chopped vegetables to the skillet and cook for an additional 5-7 minutes.');
INSERT INTO steps(recipe_id, step_order, details) VALUES (6, 2, 'In a large pot, heat the olive oil over medium heat.');
INSERT INTO steps(recipe_id, step_order, details) VALUES (6, 3, 'Spread the potato wedges in a single layer on a baking sheet.');
INSERT INTO steps(recipe_id, step_order, details) VALUES (6, 4, 'Add the bay leaf, thyme, salt, and pepper.');
INSERT INTO steps(recipe_id, step_order, details) VALUES (6, 5, 'Pour the sauce or broth over the meat and vegetables.');
INSERT INTO steps(recipe_id, step_order, details) VALUES (6, 6, 'Add the bay leaf, thyme, salt, and pepper.');
INSERT INTO steps(recipe_id, step_order, details) VALUES (6, 7, 'Bake in the preheated oven for 25-30 minutes, or until a toothpick inserted into the center comes out clean.');
INSERT INTO steps(recipe_id, step_order, details) VALUES (6, 8, 'Season the meat with salt, pepper, and your favorite spices.');
INSERT INTO steps(recipe_id, step_order, details) VALUES (6, 9, 'Stir in the grated cheese until melted and smooth.');
INSERT INTO steps(recipe_id, step_order, details) VALUES (6, 10, 'Cook the pasta according to the package instructions until al dente.');
INSERT INTO steps(recipe_id, step_order, details) VALUES (6, 11, 'Season with salt and pepper to taste.');
INSERT INTO steps(recipe_id, step_order, details) VALUES (7, 1, 'Cook the pasta according to the package instructions until al dente.');
INSERT INTO steps(recipe_id, step_order, details) VALUES (7, 2, 'Thread the marinated meat and vegetables onto skewers.');
INSERT INTO steps(recipe_id, step_order, details) VALUES (7, 3, 'Bake in the preheated oven for 25-30 minutes, or until a toothpick inserted into the center comes out clean.');
INSERT INTO steps(recipe_id, step_order, details) VALUES (7, 4, 'Remove the bay leaf and discard.');
INSERT INTO steps(recipe_id, step_order, details) VALUES (7, 5, 'Bake in the preheated oven for 20-25 minutes, turning once halfway through, until the potatoes are golden brown and crispy.');
INSERT INTO steps(recipe_id, step_order, details) VALUES (7, 6, 'Gradually whisk in the milk, stirring continuously to avoid lumps.');
INSERT INTO steps(recipe_id, step_order, details) VALUES (7, 7, 'In a medium saucepan, melt the butter over medium heat.');
INSERT INTO steps(recipe_id, step_order, details) VALUES (7, 8, 'Serve hot, garnished with fresh herbs or a dollop of yogurt if desired."');
INSERT INTO steps(recipe_id, step_order, details) VALUES (7, 9, 'Preheat the oven to 350°F (175°C).');
INSERT INTO steps(recipe_id, step_order, details) VALUES (7, 10, 'Pour the wet ingredients into the dry ingredients and stir until just combined.');
INSERT INTO steps(recipe_id, step_order, details) VALUES (7, 11, 'Whisk in the flour to create a roux, cooking for 1-2 minutes.');
INSERT INTO steps(recipe_id, step_order, details) VALUES (7, 12, 'Bake in the preheated oven for 20-25 minutes, turning once halfway through, until the potatoes are golden brown and crispy.');
INSERT INTO steps(recipe_id, step_order, details) VALUES (8, 1, 'In a medium saucepan, melt the butter over medium heat.');
INSERT INTO steps(recipe_id, step_order, details) VALUES (8, 2, 'Preheat the oven to 400°F (200°C).');
INSERT INTO steps(recipe_id, step_order, details) VALUES (8, 3, 'Remove the potato wedges from the oven and let cool slightly before serving.');
INSERT INTO steps(recipe_id, step_order, details) VALUES (8, 4, 'Place the skewers on the preheated grill.');
INSERT INTO steps(recipe_id, step_order, details) VALUES (8, 5, 'Remove the skewers from the grill and let rest for a few minutes before serving.');
INSERT INTO steps(recipe_id, step_order, details) VALUES (8, 6, 'Grill the skewers for 10-15 minutes, turning occasionally, until the meat is cooked through and the vegetables are tender.');
INSERT INTO steps(recipe_id, step_order, details) VALUES (9, 1, 'Add the cooked pasta to the cheese sauce and mix until well combined.');
INSERT INTO steps(recipe_id, step_order, details) VALUES (9, 2, 'Stir in the lentils, tomatoes, and vegetable broth.');
INSERT INTO steps(recipe_id, step_order, details) VALUES (9, 3, 'Cut the potatoes into wedges.');
INSERT INTO steps(recipe_id, step_order, details) VALUES (9, 4, 'Serve hot, garnished with fresh herbs or a dollop of yogurt if desired."');
INSERT INTO steps(recipe_id, step_order, details) VALUES (9, 5, 'Rinse and drain the lentils.');
INSERT INTO steps(recipe_id, step_order, details) VALUES (9, 6, 'In another bowl, whisk together the eggs, milk, and melted butter.');
INSERT INTO steps(recipe_id, step_order, details) VALUES (9, 7, 'Rinse and drain the lentils.');
INSERT INTO steps(recipe_id, step_order, details) VALUES (9, 8, 'Grease and flour a baking pan.');
INSERT INTO steps(recipe_id, step_order, details) VALUES (10, 1, 'While the potatoes are baking, prepare your dipping sauce by mixing mayonnaise, ketchup, and a dash of hot sauce.');
INSERT INTO steps(recipe_id, step_order, details) VALUES (10, 2, 'Once cooled, cut into squares and serve.');
INSERT INTO steps(recipe_id, step_order, details) VALUES (10, 3, 'Pour the wet ingredients into the dry ingredients and stir until just combined.');
INSERT INTO steps(recipe_id, step_order, details) VALUES (10, 4, 'Pour the wet ingredients into the dry ingredients and stir until just combined.');
INSERT INTO steps(recipe_id, step_order, details) VALUES (10, 5, 'Allow to cool in the pan for 10 minutes before transferring to a wire rack to cool completely.');
INSERT INTO steps(recipe_id, step_order, details) VALUES (10, 6, 'Bring the mixture to a boil, then reduce the heat and let it simmer for 25-30 minutes, or until the lentils are tender.');
INSERT INTO steps(recipe_id, step_order, details) VALUES (10, 7, 'In a large bowl, mix together the flour, sugar, baking powder, and salt.');
INSERT INTO steps(recipe_id, step_order, details) VALUES (10, 8, 'Combine the cooked meat with the vegetables in the baking dish.');
INSERT INTO steps(recipe_id, step_order, details) VALUES (11, 1, 'Place the skewers on the preheated grill.');
INSERT INTO steps(recipe_id, step_order, details) VALUES (11, 2, 'Gradually whisk in the milk, stirring continuously to avoid lumps.');
INSERT INTO steps(recipe_id, step_order, details) VALUES (11, 3, 'Add the chopped vegetables to the skillet and cook for an additional 5-7 minutes.');
INSERT INTO steps(recipe_id, step_order, details) VALUES (11, 4, 'Rinse and drain the lentils.');
INSERT INTO steps(recipe_id, step_order, details) VALUES (11, 5, 'Grill the skewers for 10-15 minutes, turning occasionally, until the meat is cooked through and the vegetables are tender.');
INSERT INTO steps(recipe_id, step_order, details) VALUES (11, 6, '');
INSERT INTO steps(recipe_id, step_order, details) VALUES (11, 7, 'Gradually whisk in the milk, stirring continuously to avoid lumps.');
INSERT INTO steps(recipe_id, step_order, details) VALUES (11, 8, 'Preheat the oven to 350°F (175°C).');
INSERT INTO steps(recipe_id, step_order, details) VALUES (11, 9, 'Serve the skewers with a side of rice or salad.');
INSERT INTO steps(recipe_id, step_order, details) VALUES (12, 1, 'Fold in any additional ingredients like chocolate chips or nuts.');
INSERT INTO steps(recipe_id, step_order, details) VALUES (12, 2, 'Pour the batter into the prepared baking pan.');
INSERT INTO steps(recipe_id, step_order, details) VALUES (12, 3, 'Sauté the onions and garlic until they become translucent, about 3-5 minutes.');
INSERT INTO steps(recipe_id, step_order, details) VALUES (12, 4, 'Add a pinch of salt to the boiling water.');
INSERT INTO steps(recipe_id, step_order, details) VALUES (12, 5, 'Pour the batter into the prepared baking pan.');
INSERT INTO steps(recipe_id, step_order, details) VALUES (12, 6, 'Cook the pasta according to the package instructions until al dente.');
INSERT INTO steps(recipe_id, step_order, details) VALUES (12, 7, 'While the potatoes are baking, prepare your dipping sauce by mixing mayonnaise, ketchup, and a dash of hot sauce.');
INSERT INTO steps(recipe_id, step_order, details) VALUES (12, 8, 'Cook the pasta according to the package instructions until al dente.');
INSERT INTO steps(recipe_id, step_order, details) VALUES (12, 9, 'Cut the potatoes into wedges.');
INSERT INTO steps(recipe_id, step_order, details) VALUES (12, 10, 'Drain the pasta and set aside.');
INSERT INTO steps(recipe_id, step_order, details) VALUES (13, 1, 'Pour the wet ingredients into the dry ingredients and stir until just combined.');
INSERT INTO steps(recipe_id, step_order, details) VALUES (13, 2, 'Remove the skewers from the grill and let rest for a few minutes before serving.');
INSERT INTO steps(recipe_id, step_order, details) VALUES (13, 3, 'Garnish with fresh herbs and serve warm."');
INSERT INTO steps(recipe_id, step_order, details) VALUES (13, 4, 'Whisk in the flour to create a roux, cooking for 1-2 minutes.');
INSERT INTO steps(recipe_id, step_order, details) VALUES (13, 5, 'While the potatoes are baking, prepare your dipping sauce by mixing mayonnaise, ketchup, and a dash of hot sauce.');
INSERT INTO steps(recipe_id, step_order, details) VALUES (13, 6, 'Spread the potato wedges in a single layer on a baking sheet.');
INSERT INTO steps(recipe_id, step_order, details) VALUES (13, 7, 'Whisk in the flour to create a roux, cooking for 1-2 minutes.');
INSERT INTO steps(recipe_id, step_order, details) VALUES (13, 8, 'Bake in the preheated oven for 20-25 minutes, turning once halfway through, until the potatoes are golden brown and crispy.');
INSERT INTO steps(recipe_id, step_order, details) VALUES (13, 9, 'Bring a large pot of water to a boil.');
INSERT INTO steps(recipe_id, step_order, details) VALUES (13, 10, 'In a large bowl, mix together the flour, sugar, baking powder, and salt.');
INSERT INTO steps(recipe_id, step_order, details) VALUES (13, 11, 'Remove the foil and bake for an additional 5-10 minutes to allow the top to brown slightly.');
INSERT INTO steps(recipe_id, step_order, details) VALUES (13, 12, 'Bring the mixture to a simmer and cook until thickened, about 3-5 minutes.');
INSERT INTO steps(recipe_id, step_order, details) VALUES (14, 1, '');
INSERT INTO steps(recipe_id, step_order, details) VALUES (14, 2, 'In a medium saucepan, melt the butter over medium heat.');
INSERT INTO steps(recipe_id, step_order, details) VALUES (14, 3, 'Remove the foil and bake for an additional 5-10 minutes to allow the top to brown slightly.');
INSERT INTO steps(recipe_id, step_order, details) VALUES (14, 4, 'Use an immersion blender to puree the soup to your desired consistency.');
INSERT INTO steps(recipe_id, step_order, details) VALUES (14, 5, 'Gradually whisk in the milk, stirring continuously to avoid lumps.');
INSERT INTO steps(recipe_id, step_order, details) VALUES (14, 6, 'Serve the skewers with a side of rice or salad.');
INSERT INTO steps(recipe_id, step_order, details) VALUES (14, 7, 'Once cooled, cut into squares and serve.');
INSERT INTO steps(recipe_id, step_order, details) VALUES (14, 8, 'Serve immediately, garnished with extra cheese and fresh herbs if desired."');
INSERT INTO steps(recipe_id, step_order, details) VALUES (14, 9, 'Cook the pasta according to the package instructions until al dente.');
INSERT INTO steps(recipe_id, step_order, details) VALUES (14, 10, 'Add a pinch of salt to the boiling water.');
INSERT INTO steps(recipe_id, step_order, details) VALUES (15, 1, 'Pour the wet ingredients into the dry ingredients and stir until just combined.');
INSERT INTO steps(recipe_id, step_order, details) VALUES (15, 2, 'Preheat the grill to medium-high heat.');
INSERT INTO steps(recipe_id, step_order, details) VALUES (15, 3, 'Allow to cool in the pan for 10 minutes before transferring to a wire rack to cool completely.');
INSERT INTO steps(recipe_id, step_order, details) VALUES (15, 4, 'Allow to cool in the pan for 10 minutes before transferring to a wire rack to cool completely.');
INSERT INTO steps(recipe_id, step_order, details) VALUES (15, 5, 'Remove the foil and bake for an additional 5-10 minutes to allow the top to brown slightly.');
INSERT INTO steps(recipe_id, step_order, details) VALUES (15, 6, 'Add the bay leaf, thyme, salt, and pepper.');
INSERT INTO steps(recipe_id, step_order, details) VALUES (15, 7, 'Fold in any additional ingredients like chocolate chips or nuts.');
INSERT INTO steps(recipe_id, step_order, details) VALUES (15, 8, 'In a large bowl, toss the potato wedges with olive oil, salt, pepper, and any desired seasonings.');
INSERT INTO steps(recipe_id, step_order, details) VALUES (15, 9, 'Bring the mixture to a boil, then reduce the heat and let it simmer for 25-30 minutes, or until the lentils are tender.');
INSERT INTO steps(recipe_id, step_order, details) VALUES (16, 1, 'Combine the cooked meat with the vegetables in the baking dish.');
INSERT INTO steps(recipe_id, step_order, details) VALUES (16, 2, 'Remove the bay leaf and discard.');
INSERT INTO steps(recipe_id, step_order, details) VALUES (16, 3, 'Add the bay leaf, thyme, salt, and pepper.');
INSERT INTO steps(recipe_id, step_order, details) VALUES (16, 4, 'Rinse and drain the lentils.');
INSERT INTO steps(recipe_id, step_order, details) VALUES (16, 5, 'Drain the pasta and set aside.');
INSERT INTO steps(recipe_id, step_order, details) VALUES (16, 6, 'Remove the foil and bake for an additional 5-10 minutes to allow the top to brown slightly.');
INSERT INTO steps(recipe_id, step_order, details) VALUES (16, 7, 'Once cooled, cut into squares and serve.');
INSERT INTO steps(recipe_id, step_order, details) VALUES (16, 8, 'Once cooled, cut into squares and serve.');
INSERT INTO steps(recipe_id, step_order, details) VALUES (16, 9, 'Stir in the grated cheese until melted and smooth.');
INSERT INTO steps(recipe_id, step_order, details) VALUES (16, 10, 'In a large pot, heat the olive oil over medium heat.');
INSERT INTO steps(recipe_id, step_order, details) VALUES (17, 1, 'Preheat the oven to 350°F (175°C).');
INSERT INTO steps(recipe_id, step_order, details) VALUES (17, 2, 'Grease and flour a baking pan.');
INSERT INTO steps(recipe_id, step_order, details) VALUES (17, 3, 'Whisk in the flour to create a roux, cooking for 1-2 minutes.');
INSERT INTO steps(recipe_id, step_order, details) VALUES (17, 4, 'Remove from the oven and let it rest for a few minutes before serving.');
INSERT INTO steps(recipe_id, step_order, details) VALUES (17, 5, 'Remove the bay leaf and discard.');
INSERT INTO steps(recipe_id, step_order, details) VALUES (17, 6, 'Thread the marinated meat and vegetables onto skewers.');
INSERT INTO steps(recipe_id, step_order, details) VALUES (17, 7, 'In another bowl, whisk together the eggs, milk, and melted butter.');
INSERT INTO steps(recipe_id, step_order, details) VALUES (17, 8, 'Serve the skewers with a side of rice or salad.');
INSERT INTO steps(recipe_id, step_order, details) VALUES (17, 9, 'Bake in the preheated oven for 25-30 minutes, or until the meat is cooked through and the vegetables are tender.');
INSERT INTO steps(recipe_id, step_order, details) VALUES (17, 10, 'In the same skillet, cook the meat until browned on all sides.');
INSERT INTO steps(recipe_id, step_order, details) VALUES (17, 11, 'Add the diced onions, carrots, and celery, and cook until the onions are translucent, about 5 minutes.');
INSERT INTO steps(recipe_id, step_order, details) VALUES (17, 12, 'Add the diced onions, carrots, and celery, and cook until the onions are translucent, about 5 minutes.');
INSERT INTO steps(recipe_id, step_order, details) VALUES (18, 1, 'In a large bowl, toss the potato wedges with olive oil, salt, pepper, and any desired seasonings.');
INSERT INTO steps(recipe_id, step_order, details) VALUES (18, 2, 'Drain the pasta and set aside.');
INSERT INTO steps(recipe_id, step_order, details) VALUES (18, 3, 'Pour the batter into the prepared baking pan.');
INSERT INTO steps(recipe_id, step_order, details) VALUES (18, 4, 'Bring a large pot of water to a boil.');
INSERT INTO steps(recipe_id, step_order, details) VALUES (18, 5, 'Remove from the oven and let it rest for a few minutes before serving.');
INSERT INTO steps(recipe_id, step_order, details) VALUES (18, 6, 'Pour the wet ingredients into the dry ingredients and stir until just combined.');
INSERT INTO steps(recipe_id, step_order, details) VALUES (19, 1, 'Bring the mixture to a boil, then reduce the heat and let it simmer for 25-30 minutes, or until the lentils are tender.');
INSERT INTO steps(recipe_id, step_order, details) VALUES (19, 2, 'Pour the batter into the prepared baking pan.');
INSERT INTO steps(recipe_id, step_order, details) VALUES (19, 3, 'Serve hot, garnished with fresh herbs or a dollop of yogurt if desired."');
INSERT INTO steps(recipe_id, step_order, details) VALUES (19, 4, 'Gradually whisk in the milk, stirring continuously to avoid lumps.');
INSERT INTO steps(recipe_id, step_order, details) VALUES (19, 5, 'Bake in the preheated oven for 25-30 minutes, or until the meat is cooked through and the vegetables are tender.');
INSERT INTO steps(recipe_id, step_order, details) VALUES (19, 6, 'In a large bowl, toss the potato wedges with olive oil, salt, pepper, and any desired seasonings.');
INSERT INTO steps(recipe_id, step_order, details) VALUES (19, 7, 'Bake in the preheated oven for 25-30 minutes, or until a toothpick inserted into the center comes out clean.');
INSERT INTO steps(recipe_id, step_order, details) VALUES (19, 8, 'Remove the bay leaf and discard.');
INSERT INTO steps(recipe_id, step_order, details) VALUES (19, 9, 'Grill the skewers for 10-15 minutes, turning occasionally, until the meat is cooked through and the vegetables are tender.');
INSERT INTO steps(recipe_id, step_order, details) VALUES (19, 10, 'Stir in the grated cheese until melted and smooth.');
INSERT INTO steps(recipe_id, step_order, details) VALUES (19, 11, 'Bring a large pot of water to a boil.');
INSERT INTO steps(recipe_id, step_order, details) VALUES (19, 12, 'Season with salt and pepper to taste.');
INSERT INTO steps(recipe_id, step_order, details) VALUES (20, 1, 'Place the skewers on the preheated grill.');
INSERT INTO steps(recipe_id, step_order, details) VALUES (20, 2, 'In a large pot, heat the olive oil over medium heat.');
INSERT INTO steps(recipe_id, step_order, details) VALUES (20, 3, 'Cook the pasta according to the package instructions until al dente.');
INSERT INTO steps(recipe_id, step_order, details) VALUES (20, 4, 'While the potatoes are baking, prepare your dipping sauce by mixing mayonnaise, ketchup, and a dash of hot sauce.');
INSERT INTO steps(recipe_id, step_order, details) VALUES (20, 5, 'In a large bowl, mix together the flour, sugar, baking powder, and salt.');
INSERT INTO steps(recipe_id, step_order, details) VALUES (20, 6, 'Thread the marinated meat and vegetables onto skewers.');
INSERT INTO steps(recipe_id, step_order, details) VALUES (20, 7, 'Preheat the oven to 350°F (175°C).');
INSERT INTO steps(recipe_id, step_order, details) VALUES (20, 8, 'Gradually whisk in the milk, stirring continuously to avoid lumps.');
INSERT INTO steps(recipe_id, step_order, details) VALUES (20, 9, 'Pour the sauce or broth over the meat and vegetables.');
INSERT INTO steps(recipe_id, step_order, details) VALUES (20, 10, 'Add a pinch of salt to the boiling water.');
INSERT INTO steps(recipe_id, step_order, details) VALUES (20, 11, 'Pour the wet ingredients into the dry ingredients and stir until just combined.');
INSERT INTO steps(recipe_id, step_order, details) VALUES (20, 12, 'Sauté the onions and garlic until they become translucent, about 3-5 minutes.');
INSERT INTO steps(recipe_id, step_order, details) VALUES (21, 1, 'Add a pinch of salt to the boiling water.');
INSERT INTO steps(recipe_id, step_order, details) VALUES (21, 2, 'In the same skillet, cook the meat until browned on all sides.');
INSERT INTO steps(recipe_id, step_order, details) VALUES (21, 3, 'Serve the potato wedges with the dipping sauce on the side."');
INSERT INTO steps(recipe_id, step_order, details) VALUES (21, 4, 'Add the cooked pasta to the cheese sauce and mix until well combined.');
INSERT INTO steps(recipe_id, step_order, details) VALUES (21, 5, 'Use an immersion blender to puree the soup to your desired consistency.');
INSERT INTO steps(recipe_id, step_order, details) VALUES (21, 6, 'Grease and flour a baking pan.');
INSERT INTO steps(recipe_id, step_order, details) VALUES (21, 7, '');
INSERT INTO steps(recipe_id, step_order, details) VALUES (21, 8, 'Season with salt and pepper to taste.');
INSERT INTO steps(recipe_id, step_order, details) VALUES (21, 9, 'Preheat the oven to 375°F (190°C).');
INSERT INTO steps(recipe_id, step_order, details) VALUES (21, 10, 'Sauté the onions and garlic until they become translucent, about 3-5 minutes.');
INSERT INTO steps(recipe_id, step_order, details) VALUES (21, 11, 'Remove the foil and bake for an additional 5-10 minutes to allow the top to brown slightly.');
INSERT INTO steps(recipe_id, step_order, details) VALUES (21, 12, 'Remove the bay leaf and discard.');
INSERT INTO steps(recipe_id, step_order, details) VALUES (22, 1, 'While the potatoes are baking, prepare your dipping sauce by mixing mayonnaise, ketchup, and a dash of hot sauce.');
INSERT INTO steps(recipe_id, step_order, details) VALUES (22, 2, 'Add a pinch of salt to the boiling water.');
INSERT INTO steps(recipe_id, step_order, details) VALUES (22, 3, 'While the potatoes are baking, prepare your dipping sauce by mixing mayonnaise, ketchup, and a dash of hot sauce.');
INSERT INTO steps(recipe_id, step_order, details) VALUES (22, 4, 'Grill the skewers for 10-15 minutes, turning occasionally, until the meat is cooked through and the vegetables are tender.');
INSERT INTO steps(recipe_id, step_order, details) VALUES (22, 5, 'Thread the marinated meat and vegetables onto skewers.');
INSERT INTO steps(recipe_id, step_order, details) VALUES (22, 6, 'While the potatoes are baking, prepare your dipping sauce by mixing mayonnaise, ketchup, and a dash of hot sauce.');
INSERT INTO steps(recipe_id, step_order, details) VALUES (22, 7, 'Grease and flour a baking pan.');
INSERT INTO steps(recipe_id, step_order, details) VALUES (22, 8, 'In another bowl, whisk together the eggs, milk, and melted butter.');
INSERT INTO steps(recipe_id, step_order, details) VALUES (22, 9, 'Use an immersion blender to puree the soup to your desired consistency.');
INSERT INTO steps(recipe_id, step_order, details) VALUES (22, 10, 'Cook the pasta according to the package instructions until al dente.');
INSERT INTO steps(recipe_id, step_order, details) VALUES (23, 1, 'Remove the skewers from the grill and let rest for a few minutes before serving.');
INSERT INTO steps(recipe_id, step_order, details) VALUES (23, 2, 'In a large bowl, mix together the flour, sugar, baking powder, and salt.');
INSERT INTO steps(recipe_id, step_order, details) VALUES (23, 3, 'Serve immediately, garnished with extra cheese and fresh herbs if desired."');
INSERT INTO steps(recipe_id, step_order, details) VALUES (23, 4, 'Remove the foil and bake for an additional 5-10 minutes to allow the top to brown slightly.');
INSERT INTO steps(recipe_id, step_order, details) VALUES (23, 5, 'Cook the pasta according to the package instructions until al dente.');
INSERT INTO steps(recipe_id, step_order, details) VALUES (23, 6, 'Heat a large skillet over medium heat and add olive oil.');
INSERT INTO steps(recipe_id, step_order, details) VALUES (23, 7, '');
INSERT INTO steps(recipe_id, step_order, details) VALUES (23, 8, 'Preheat the grill to medium-high heat.');
INSERT INTO steps(recipe_id, step_order, details) VALUES (23, 9, 'Pour the batter into the prepared baking pan.');
INSERT INTO steps(recipe_id, step_order, details) VALUES (24, 1, '');
INSERT INTO steps(recipe_id, step_order, details) VALUES (24, 2, 'Grill the skewers for 10-15 minutes, turning occasionally, until the meat is cooked through and the vegetables are tender.');
INSERT INTO steps(recipe_id, step_order, details) VALUES (24, 3, 'Pour the wet ingredients into the dry ingredients and stir until just combined.');
INSERT INTO steps(recipe_id, step_order, details) VALUES (24, 4, 'Transfer the sautéed vegetables to a baking dish.');
INSERT INTO steps(recipe_id, step_order, details) VALUES (24, 5, 'Place the skewers on the preheated grill.');
INSERT INTO steps(recipe_id, step_order, details) VALUES (24, 6, 'Preheat the grill to medium-high heat.');
INSERT INTO steps(recipe_id, step_order, details) VALUES (24, 7, 'Add the cooked pasta to the cheese sauce and mix until well combined.');
INSERT INTO steps(recipe_id, step_order, details) VALUES (24, 8, 'Whisk in the flour to create a roux, cooking for 1-2 minutes.');
INSERT INTO steps(recipe_id, step_order, details) VALUES (24, 9, 'In the same skillet, cook the meat until browned on all sides.');
INSERT INTO steps(recipe_id, step_order, details) VALUES (24, 10, 'Combine the cooked meat with the vegetables in the baking dish.');
INSERT INTO steps(recipe_id, step_order, details) VALUES (24, 11, 'Bake in the preheated oven for 25-30 minutes, or until the meat is cooked through and the vegetables are tender.');
INSERT INTO steps(recipe_id, step_order, details) VALUES (24, 12, 'In the same skillet, cook the meat until browned on all sides.');
INSERT INTO steps(recipe_id, step_order, details) VALUES (24, 13, 'Stir in the grated cheese until melted and smooth.');
INSERT INTO steps(recipe_id, step_order, details) VALUES (25, 1, 'Stir in the lentils, tomatoes, and vegetable broth.');
INSERT INTO steps(recipe_id, step_order, details) VALUES (25, 2, 'Remove the bay leaf and discard.');
INSERT INTO steps(recipe_id, step_order, details) VALUES (25, 3, 'Heat a large skillet over medium heat and add olive oil.');
INSERT INTO steps(recipe_id, step_order, details) VALUES (25, 4, 'Season the meat with salt, pepper, and your favorite spices.');
INSERT INTO steps(recipe_id, step_order, details) VALUES (25, 5, 'Preheat the oven to 400°F (200°C).');
INSERT INTO steps(recipe_id, step_order, details) VALUES (25, 6, 'Sauté the onions and garlic until they become translucent, about 3-5 minutes.');
INSERT INTO steps(recipe_id, step_order, details) VALUES (25, 7, 'Cook the pasta according to the package instructions until al dente.');
INSERT INTO steps(recipe_id, step_order, details) VALUES (25, 8, 'Transfer the sautéed vegetables to a baking dish.');
INSERT INTO steps(recipe_id, step_order, details) VALUES (25, 9, 'Grease and flour a baking pan.');
INSERT INTO steps(recipe_id, step_order, details) VALUES (25, 10, 'Preheat the oven to 350°F (175°C).');
INSERT INTO steps(recipe_id, step_order, details) VALUES (26, 1, 'Cook the pasta according to the package instructions until al dente.');
INSERT INTO steps(recipe_id, step_order, details) VALUES (26, 2, 'Combine the cooked meat with the vegetables in the baking dish.');
INSERT INTO steps(recipe_id, step_order, details) VALUES (26, 3, 'Bring the mixture to a boil, then reduce the heat and let it simmer for 25-30 minutes, or until the lentils are tender.');
INSERT INTO steps(recipe_id, step_order, details) VALUES (26, 4, 'Transfer the sautéed vegetables to a baking dish.');
INSERT INTO steps(recipe_id, step_order, details) VALUES (26, 5, 'While the potatoes are baking, prepare your dipping sauce by mixing mayonnaise, ketchup, and a dash of hot sauce.');
INSERT INTO steps(recipe_id, step_order, details) VALUES (26, 6, 'Add the minced garlic and cook for another minute.');
INSERT INTO steps(recipe_id, step_order, details) VALUES (27, 1, 'Once cooled, cut into squares and serve.');
INSERT INTO steps(recipe_id, step_order, details) VALUES (27, 2, 'Preheat the grill to medium-high heat.');
INSERT INTO steps(recipe_id, step_order, details) VALUES (27, 3, 'Remove from the oven and let it rest for a few minutes before serving.');
INSERT INTO steps(recipe_id, step_order, details) VALUES (27, 4, 'Season the meat with salt, pepper, and your favorite spices.');
INSERT INTO steps(recipe_id, step_order, details) VALUES (27, 5, 'Spread the potato wedges in a single layer on a baking sheet.');
INSERT INTO steps(recipe_id, step_order, details) VALUES (27, 6, 'Allow to cool in the pan for 10 minutes before transferring to a wire rack to cool completely.');
INSERT INTO steps(recipe_id, step_order, details) VALUES (27, 7, 'In a large bowl, mix together the flour, sugar, baking powder, and salt.');
INSERT INTO steps(recipe_id, step_order, details) VALUES (27, 8, 'Heat a large skillet over medium heat and add olive oil.');
INSERT INTO steps(recipe_id, step_order, details) VALUES (27, 9, 'Preheat the oven to 375°F (190°C).');
INSERT INTO steps(recipe_id, step_order, details) VALUES (27, 10, 'In the same skillet, cook the meat until browned on all sides.');
INSERT INTO steps(recipe_id, step_order, details) VALUES (27, 11, 'Gradually whisk in the milk, stirring continuously to avoid lumps.');
INSERT INTO steps(recipe_id, step_order, details) VALUES (27, 12, '');
INSERT INTO steps(recipe_id, step_order, details) VALUES (28, 1, 'Fold in any additional ingredients like chocolate chips or nuts.');
INSERT INTO steps(recipe_id, step_order, details) VALUES (28, 2, 'Add the diced onions, carrots, and celery, and cook until the onions are translucent, about 5 minutes.');
INSERT INTO steps(recipe_id, step_order, details) VALUES (28, 3, 'Cook the pasta according to the package instructions until al dente.');
INSERT INTO steps(recipe_id, step_order, details) VALUES (28, 4, 'Drain the pasta and set aside.');
INSERT INTO steps(recipe_id, step_order, details) VALUES (28, 5, 'Preheat the grill to medium-high heat.');
INSERT INTO steps(recipe_id, step_order, details) VALUES (28, 6, 'Bring a large pot of water to a boil.');
INSERT INTO steps(recipe_id, step_order, details) VALUES (29, 1, 'Garnish with fresh herbs and serve warm."');
INSERT INTO steps(recipe_id, step_order, details) VALUES (29, 2, 'Garnish with fresh herbs and serve warm."');
INSERT INTO steps(recipe_id, step_order, details) VALUES (29, 3, 'Fold in any additional ingredients like chocolate chips or nuts.');
INSERT INTO steps(recipe_id, step_order, details) VALUES (29, 4, 'Pour the wet ingredients into the dry ingredients and stir until just combined.');
INSERT INTO steps(recipe_id, step_order, details) VALUES (29, 5, 'In a large bowl, mix together the flour, sugar, baking powder, and salt.');
INSERT INTO steps(recipe_id, step_order, details) VALUES (29, 6, 'Stir in the lentils, tomatoes, and vegetable broth.');
INSERT INTO steps(recipe_id, step_order, details) VALUES (29, 7, 'Cook the pasta according to the package instructions until al dente.');
INSERT INTO steps(recipe_id, step_order, details) VALUES (29, 8, 'While the potatoes are baking, prepare your dipping sauce by mixing mayonnaise, ketchup, and a dash of hot sauce.');
INSERT INTO steps(recipe_id, step_order, details) VALUES (29, 9, 'Grease and flour a baking pan.');
INSERT INTO steps(recipe_id, step_order, details) VALUES (29, 10, 'Bring the mixture to a simmer and cook until thickened, about 3-5 minutes.');
INSERT INTO steps(recipe_id, step_order, details) VALUES (29, 11, 'Serve hot, garnished with fresh herbs or a dollop of yogurt if desired."');
INSERT INTO steps(recipe_id, step_order, details) VALUES (29, 12, 'Bring a large pot of water to a boil.');
INSERT INTO steps(recipe_id, step_order, details) VALUES (29, 13, 'Pour the sauce or broth over the meat and vegetables.');
INSERT INTO steps(recipe_id, step_order, details) VALUES (30, 1, 'Chop the vegetables into bite-sized pieces.');
INSERT INTO steps(recipe_id, step_order, details) VALUES (30, 2, 'Grease and flour a baking pan.');
INSERT INTO steps(recipe_id, step_order, details) VALUES (30, 3, 'In another bowl, whisk together the eggs, milk, and melted butter.');
INSERT INTO steps(recipe_id, step_order, details) VALUES (30, 4, 'Whisk in the flour to create a roux, cooking for 1-2 minutes.');
INSERT INTO steps(recipe_id, step_order, details) VALUES (30, 5, 'Stir in the lentils, tomatoes, and vegetable broth.');
INSERT INTO steps(recipe_id, step_order, details) VALUES (30, 6, 'Garnish with fresh herbs and serve warm."');
INSERT INTO steps(recipe_id, step_order, details) VALUES (30, 7, 'Cover the baking dish with aluminum foil.');
INSERT INTO steps(recipe_id, step_order, details) VALUES (30, 8, 'Remove the bay leaf and discard.');
INSERT INTO steps(recipe_id, step_order, details) VALUES (31, 1, 'Serve the potato wedges with the dipping sauce on the side."');
INSERT INTO steps(recipe_id, step_order, details) VALUES (31, 2, 'Use an immersion blender to puree the soup to your desired consistency.');
INSERT INTO steps(recipe_id, step_order, details) VALUES (31, 3, 'Add the cooked pasta to the cheese sauce and mix until well combined.');
INSERT INTO steps(recipe_id, step_order, details) VALUES (31, 4, 'Remove from the oven and let it rest for a few minutes before serving.');
INSERT INTO steps(recipe_id, step_order, details) VALUES (31, 5, 'Preheat the oven to 350°F (175°C).');
INSERT INTO steps(recipe_id, step_order, details) VALUES (31, 6, 'Fold in any additional ingredients like chocolate chips or nuts.');
INSERT INTO steps(recipe_id, step_order, details) VALUES (31, 7, 'Chop the vegetables into bite-sized pieces.');
INSERT INTO steps(recipe_id, step_order, details) VALUES (31, 8, 'Serve the potato wedges with the dipping sauce on the side."');
INSERT INTO steps(recipe_id, step_order, details) VALUES (31, 9, 'Cover the baking dish with aluminum foil.');
INSERT INTO steps(recipe_id, step_order, details) VALUES (32, 1, 'Add the chopped vegetables to the skillet and cook for an additional 5-7 minutes.');
INSERT INTO steps(recipe_id, step_order, details) VALUES (32, 2, 'In a large bowl, mix together the flour, sugar, baking powder, and salt.');
INSERT INTO steps(recipe_id, step_order, details) VALUES (32, 3, 'Add the minced garlic and cook for another minute.');
INSERT INTO steps(recipe_id, step_order, details) VALUES (32, 4, 'Fold in any additional ingredients like chocolate chips or nuts.');
INSERT INTO steps(recipe_id, step_order, details) VALUES (32, 5, '');
INSERT INTO steps(recipe_id, step_order, details) VALUES (32, 6, '');
INSERT INTO steps(recipe_id, step_order, details) VALUES (32, 7, 'Cook the pasta according to the package instructions until al dente.');
INSERT INTO steps(recipe_id, step_order, details) VALUES (33, 1, 'Remove the bay leaf and discard.');
INSERT INTO steps(recipe_id, step_order, details) VALUES (33, 2, 'Grill the skewers for 10-15 minutes, turning occasionally, until the meat is cooked through and the vegetables are tender.');
INSERT INTO steps(recipe_id, step_order, details) VALUES (33, 3, 'In the same skillet, cook the meat until browned on all sides.');
INSERT INTO steps(recipe_id, step_order, details) VALUES (33, 4, 'Transfer the sautéed vegetables to a baking dish.');
INSERT INTO steps(recipe_id, step_order, details) VALUES (33, 5, 'Bring a large pot of water to a boil.');
INSERT INTO steps(recipe_id, step_order, details) VALUES (33, 6, 'Preheat the oven to 400°F (200°C).');
INSERT INTO steps(recipe_id, step_order, details) VALUES (33, 7, 'Serve immediately, garnished with extra cheese and fresh herbs if desired."');
INSERT INTO steps(recipe_id, step_order, details) VALUES (34, 1, 'Garnish with fresh herbs and serve warm."');
INSERT INTO steps(recipe_id, step_order, details) VALUES (34, 2, 'Bring a large pot of water to a boil.');
INSERT INTO steps(recipe_id, step_order, details) VALUES (34, 3, 'Thread the marinated meat and vegetables onto skewers.');
INSERT INTO steps(recipe_id, step_order, details) VALUES (34, 4, 'Fold in any additional ingredients like chocolate chips or nuts.');
INSERT INTO steps(recipe_id, step_order, details) VALUES (34, 5, 'Cover the baking dish with aluminum foil.');
INSERT INTO steps(recipe_id, step_order, details) VALUES (34, 6, 'Spread the potato wedges in a single layer on a baking sheet.');
INSERT INTO steps(recipe_id, step_order, details) VALUES (34, 7, 'Bake in the preheated oven for 25-30 minutes, or until the meat is cooked through and the vegetables are tender.');
INSERT INTO steps(recipe_id, step_order, details) VALUES (35, 1, 'Bake in the preheated oven for 20-25 minutes, turning once halfway through, until the potatoes are golden brown and crispy.');
INSERT INTO steps(recipe_id, step_order, details) VALUES (35, 2, 'Garnish with fresh herbs and serve warm."');
INSERT INTO steps(recipe_id, step_order, details) VALUES (35, 3, 'Cook the pasta according to the package instructions until al dente.');
INSERT INTO steps(recipe_id, step_order, details) VALUES (35, 4, 'Transfer the sautéed vegetables to a baking dish.');
INSERT INTO steps(recipe_id, step_order, details) VALUES (35, 5, 'Preheat the oven to 375°F (190°C).');
INSERT INTO steps(recipe_id, step_order, details) VALUES (35, 6, 'Bring a large pot of water to a boil.');
INSERT INTO steps(recipe_id, step_order, details) VALUES (35, 7, 'Allow to cool in the pan for 10 minutes before transferring to a wire rack to cool completely.');
INSERT INTO steps(recipe_id, step_order, details) VALUES (35, 8, 'In a medium saucepan, melt the butter over medium heat.');
INSERT INTO steps(recipe_id, step_order, details) VALUES (36, 1, 'Preheat the grill to medium-high heat.');
INSERT INTO steps(recipe_id, step_order, details) VALUES (36, 2, 'In another bowl, whisk together the eggs, milk, and melted butter.');
INSERT INTO steps(recipe_id, step_order, details) VALUES (36, 3, 'Cut the potatoes into wedges.');
INSERT INTO steps(recipe_id, step_order, details) VALUES (36, 4, 'Pour the wet ingredients into the dry ingredients and stir until just combined.');
INSERT INTO steps(recipe_id, step_order, details) VALUES (36, 5, 'Preheat the oven to 400°F (200°C).');
INSERT INTO steps(recipe_id, step_order, details) VALUES (36, 6, 'Add the cooked pasta to the cheese sauce and mix until well combined.');
INSERT INTO steps(recipe_id, step_order, details) VALUES (36, 7, 'Marinate the meat with your choice of marinade for at least 30 minutes.');
INSERT INTO steps(recipe_id, step_order, details) VALUES (36, 8, 'Remove from the oven and let it rest for a few minutes before serving.');
INSERT INTO steps(recipe_id, step_order, details) VALUES (36, 9, 'Garnish with fresh herbs and serve warm."');
INSERT INTO steps(recipe_id, step_order, details) VALUES (36, 10, 'Transfer the sautéed vegetables to a baking dish.');
INSERT INTO steps(recipe_id, step_order, details) VALUES (36, 11, 'Preheat the oven to 400°F (200°C).');
INSERT INTO steps(recipe_id, step_order, details) VALUES (36, 12, 'Add the chopped vegetables to the skillet and cook for an additional 5-7 minutes.');
INSERT INTO steps(recipe_id, step_order, details) VALUES (36, 13, 'Serve immediately, garnished with extra cheese and fresh herbs if desired."');
INSERT INTO steps(recipe_id, step_order, details) VALUES (37, 1, 'In a large pot, heat the olive oil over medium heat.');
INSERT INTO steps(recipe_id, step_order, details) VALUES (37, 2, 'Marinate the meat with your choice of marinade for at least 30 minutes.');
INSERT INTO steps(recipe_id, step_order, details) VALUES (37, 3, 'Marinate the meat with your choice of marinade for at least 30 minutes.');
INSERT INTO steps(recipe_id, step_order, details) VALUES (37, 4, 'Pour the sauce or broth over the meat and vegetables.');
INSERT INTO steps(recipe_id, step_order, details) VALUES (37, 5, 'Add the minced garlic and cook for another minute.');
INSERT INTO steps(recipe_id, step_order, details) VALUES (37, 6, 'In a large bowl, toss the potato wedges with olive oil, salt, pepper, and any desired seasonings.');
INSERT INTO steps(recipe_id, step_order, details) VALUES (37, 7, 'Add the cooked pasta to the cheese sauce and mix until well combined.');
INSERT INTO steps(recipe_id, step_order, details) VALUES (38, 1, 'Preheat the oven to 400°F (200°C).');
INSERT INTO steps(recipe_id, step_order, details) VALUES (38, 2, 'Fold in any additional ingredients like chocolate chips or nuts.');
INSERT INTO steps(recipe_id, step_order, details) VALUES (38, 3, 'Stir in the lentils, tomatoes, and vegetable broth.');
INSERT INTO steps(recipe_id, step_order, details) VALUES (38, 4, 'Add the cooked pasta to the cheese sauce and mix until well combined.');
INSERT INTO steps(recipe_id, step_order, details) VALUES (38, 5, 'Chop the vegetables into bite-sized pieces.');
INSERT INTO steps(recipe_id, step_order, details) VALUES (38, 6, 'Preheat the oven to 350°F (175°C).');
INSERT INTO steps(recipe_id, step_order, details) VALUES (38, 7, 'Stir in the lentils, tomatoes, and vegetable broth.');
INSERT INTO steps(recipe_id, step_order, details) VALUES (38, 8, 'Cook the pasta according to the package instructions until al dente.');
INSERT INTO steps(recipe_id, step_order, details) VALUES (39, 1, 'Remove from the oven and let it rest for a few minutes before serving.');
INSERT INTO steps(recipe_id, step_order, details) VALUES (39, 2, 'In a large bowl, toss the potato wedges with olive oil, salt, pepper, and any desired seasonings.');
INSERT INTO steps(recipe_id, step_order, details) VALUES (39, 3, 'Once cooled, cut into squares and serve.');
INSERT INTO steps(recipe_id, step_order, details) VALUES (39, 4, 'Grill the skewers for 10-15 minutes, turning occasionally, until the meat is cooked through and the vegetables are tender.');
INSERT INTO steps(recipe_id, step_order, details) VALUES (39, 5, 'Preheat the grill to medium-high heat.');
INSERT INTO steps(recipe_id, step_order, details) VALUES (39, 6, 'Bring the mixture to a boil, then reduce the heat and let it simmer for 25-30 minutes, or until the lentils are tender.');
INSERT INTO steps(recipe_id, step_order, details) VALUES (39, 7, 'In a large bowl, toss the potato wedges with olive oil, salt, pepper, and any desired seasonings.');
INSERT INTO steps(recipe_id, step_order, details) VALUES (39, 8, 'Serve the skewers with a side of rice or salad.');
INSERT INTO steps(recipe_id, step_order, details) VALUES (39, 9, 'Gradually whisk in the milk, stirring continuously to avoid lumps.');
INSERT INTO steps(recipe_id, step_order, details) VALUES (39, 10, 'Whisk in the flour to create a roux, cooking for 1-2 minutes.');
INSERT INTO steps(recipe_id, step_order, details) VALUES (39, 11, 'Chop the vegetables into bite-sized pieces.');
INSERT INTO steps(recipe_id, step_order, details) VALUES (39, 12, 'Grill the skewers for 10-15 minutes, turning occasionally, until the meat is cooked through and the vegetables are tender.');
INSERT INTO steps(recipe_id, step_order, details) VALUES (39, 13, 'Remove the skewers from the grill and let rest for a few minutes before serving.');
INSERT INTO steps(recipe_id, step_order, details) VALUES (39, 14, 'Fold in any additional ingredients like chocolate chips or nuts.');
INSERT INTO steps(recipe_id, step_order, details) VALUES (40, 1, 'Add the cooked pasta to the cheese sauce and mix until well combined.');
INSERT INTO steps(recipe_id, step_order, details) VALUES (40, 2, 'Serve hot, garnished with fresh herbs or a dollop of yogurt if desired."');
INSERT INTO steps(recipe_id, step_order, details) VALUES (40, 3, 'Marinate the meat with your choice of marinade for at least 30 minutes.');
INSERT INTO steps(recipe_id, step_order, details) VALUES (40, 4, 'Pour the wet ingredients into the dry ingredients and stir until just combined.');
INSERT INTO steps(recipe_id, step_order, details) VALUES (40, 5, 'Remove from the oven and let it rest for a few minutes before serving.');
INSERT INTO steps(recipe_id, step_order, details) VALUES (40, 6, 'Stir in the grated cheese until melted and smooth.');
INSERT INTO steps(recipe_id, step_order, details) VALUES (40, 7, 'Pour the sauce or broth over the meat and vegetables.');
INSERT INTO steps(recipe_id, step_order, details) VALUES (40, 8, 'In a large pot, heat the olive oil over medium heat.');
INSERT INTO steps(recipe_id, step_order, details) VALUES (40, 9, 'Sauté the onions and garlic until they become translucent, about 3-5 minutes.');
INSERT INTO steps(recipe_id, step_order, details) VALUES (40, 10, 'Pour the wet ingredients into the dry ingredients and stir until just combined.');
INSERT INTO steps(recipe_id, step_order, details) VALUES (40, 11, 'Serve hot, garnished with fresh herbs or a dollop of yogurt if desired."');
INSERT INTO steps(recipe_id, step_order, details) VALUES (41, 1, 'Rinse and drain the lentils.');
INSERT INTO steps(recipe_id, step_order, details) VALUES (41, 2, 'Once cooled, cut into squares and serve.');
INSERT INTO steps(recipe_id, step_order, details) VALUES (41, 3, 'Add the cooked pasta to the cheese sauce and mix until well combined.');
INSERT INTO steps(recipe_id, step_order, details) VALUES (41, 4, 'Cover the baking dish with aluminum foil.');
INSERT INTO steps(recipe_id, step_order, details) VALUES (41, 5, 'Bring the mixture to a boil, then reduce the heat and let it simmer for 25-30 minutes, or until the lentils are tender.');
INSERT INTO steps(recipe_id, step_order, details) VALUES (41, 6, 'Season with salt and pepper to taste.');
INSERT INTO steps(recipe_id, step_order, details) VALUES (41, 7, 'Remove from the oven and let it rest for a few minutes before serving.');
INSERT INTO steps(recipe_id, step_order, details) VALUES (41, 8, 'Remove from the oven and let it rest for a few minutes before serving.');
INSERT INTO steps(recipe_id, step_order, details) VALUES (42, 1, 'Whisk in the flour to create a roux, cooking for 1-2 minutes.');
INSERT INTO steps(recipe_id, step_order, details) VALUES (42, 2, 'Bring the mixture to a simmer and cook until thickened, about 3-5 minutes.');
INSERT INTO steps(recipe_id, step_order, details) VALUES (42, 3, 'Season with salt and pepper to taste.');
INSERT INTO steps(recipe_id, step_order, details) VALUES (42, 4, 'Cook the pasta according to the package instructions until al dente.');
INSERT INTO steps(recipe_id, step_order, details) VALUES (42, 5, 'Bring a large pot of water to a boil.');
INSERT INTO steps(recipe_id, step_order, details) VALUES (42, 6, 'In a large pot, heat the olive oil over medium heat.');
INSERT INTO steps(recipe_id, step_order, details) VALUES (42, 7, 'Drain the pasta and set aside.');
INSERT INTO steps(recipe_id, step_order, details) VALUES (42, 8, 'Spread the potato wedges in a single layer on a baking sheet.');
INSERT INTO steps(recipe_id, step_order, details) VALUES (42, 9, 'Garnish with fresh herbs and serve warm."');
INSERT INTO steps(recipe_id, step_order, details) VALUES (42, 10, 'Add the cooked pasta to the cheese sauce and mix until well combined.');
INSERT INTO steps(recipe_id, step_order, details) VALUES (43, 1, 'Pour the wet ingredients into the dry ingredients and stir until just combined.');
INSERT INTO steps(recipe_id, step_order, details) VALUES (43, 2, 'In a large bowl, toss the potato wedges with olive oil, salt, pepper, and any desired seasonings.');
INSERT INTO steps(recipe_id, step_order, details) VALUES (43, 3, 'Place the skewers on the preheated grill.');
INSERT INTO steps(recipe_id, step_order, details) VALUES (43, 4, 'Serve the potato wedges with the dipping sauce on the side."');
INSERT INTO steps(recipe_id, step_order, details) VALUES (43, 5, 'Chop the vegetables into bite-sized pieces.');
INSERT INTO steps(recipe_id, step_order, details) VALUES (43, 6, 'Once cooled, cut into squares and serve.');
INSERT INTO steps(recipe_id, step_order, details) VALUES (43, 7, 'While the potatoes are baking, prepare your dipping sauce by mixing mayonnaise, ketchup, and a dash of hot sauce.');
INSERT INTO steps(recipe_id, step_order, details) VALUES (43, 8, 'In a large bowl, mix together the flour, sugar, baking powder, and salt.');
INSERT INTO steps(recipe_id, step_order, details) VALUES (43, 9, 'Bring a large pot of water to a boil.');
INSERT INTO steps(recipe_id, step_order, details) VALUES (43, 10, 'Bake in the preheated oven for 25-30 minutes, or until a toothpick inserted into the center comes out clean.');
INSERT INTO steps(recipe_id, step_order, details) VALUES (43, 11, 'Rinse and drain the lentils.');
INSERT INTO steps(recipe_id, step_order, details) VALUES (43, 12, 'Sauté the onions and garlic until they become translucent, about 3-5 minutes.');
INSERT INTO steps(recipe_id, step_order, details) VALUES (44, 1, 'Marinate the meat with your choice of marinade for at least 30 minutes.');
INSERT INTO steps(recipe_id, step_order, details) VALUES (44, 2, 'In a large pot, heat the olive oil over medium heat.');
INSERT INTO steps(recipe_id, step_order, details) VALUES (44, 3, 'Remove the bay leaf and discard.');
INSERT INTO steps(recipe_id, step_order, details) VALUES (44, 4, 'Chop the vegetables into bite-sized pieces.');
INSERT INTO steps(recipe_id, step_order, details) VALUES (44, 5, 'Add the cooked pasta to the cheese sauce and mix until well combined.');
INSERT INTO steps(recipe_id, step_order, details) VALUES (44, 6, 'In a large bowl, mix together the flour, sugar, baking powder, and salt.');
INSERT INTO steps(recipe_id, step_order, details) VALUES (44, 7, 'Bring the mixture to a simmer and cook until thickened, about 3-5 minutes.');
INSERT INTO steps(recipe_id, step_order, details) VALUES (44, 8, 'Stir in the grated cheese until melted and smooth.');
INSERT INTO steps(recipe_id, step_order, details) VALUES (44, 9, 'Add the cooked pasta to the cheese sauce and mix until well combined.');
INSERT INTO steps(recipe_id, step_order, details) VALUES (44, 10, 'Chop the vegetables into bite-sized pieces.');
INSERT INTO steps(recipe_id, step_order, details) VALUES (45, 1, 'Grill the skewers for 10-15 minutes, turning occasionally, until the meat is cooked through and the vegetables are tender.');
INSERT INTO steps(recipe_id, step_order, details) VALUES (45, 2, 'Preheat the grill to medium-high heat.');
INSERT INTO steps(recipe_id, step_order, details) VALUES (45, 3, 'Add the diced onions, carrots, and celery, and cook until the onions are translucent, about 5 minutes.');
INSERT INTO steps(recipe_id, step_order, details) VALUES (45, 4, 'Marinate the meat with your choice of marinade for at least 30 minutes.');
INSERT INTO steps(recipe_id, step_order, details) VALUES (45, 5, 'Bake in the preheated oven for 20-25 minutes, turning once halfway through, until the potatoes are golden brown and crispy.');
INSERT INTO steps(recipe_id, step_order, details) VALUES (45, 6, 'Preheat the grill to medium-high heat.');
INSERT INTO steps(recipe_id, step_order, details) VALUES (45, 7, 'Add the chopped vegetables to the skillet and cook for an additional 5-7 minutes.');
INSERT INTO steps(recipe_id, step_order, details) VALUES (45, 8, 'Preheat the grill to medium-high heat.');
INSERT INTO steps(recipe_id, step_order, details) VALUES (45, 9, 'Add a pinch of salt to the boiling water.');
INSERT INTO steps(recipe_id, step_order, details) VALUES (45, 10, 'Bring the mixture to a simmer and cook until thickened, about 3-5 minutes.');
INSERT INTO steps(recipe_id, step_order, details) VALUES (45, 11, 'Garnish with fresh herbs and serve warm."');
INSERT INTO steps(recipe_id, step_order, details) VALUES (45, 12, 'Cook the pasta according to the package instructions until al dente.');
INSERT INTO steps(recipe_id, step_order, details) VALUES (45, 13, 'Stir in the grated cheese until melted and smooth.');
INSERT INTO steps(recipe_id, step_order, details) VALUES (45, 14, 'Bake in the preheated oven for 20-25 minutes, turning once halfway through, until the potatoes are golden brown and crispy.');
INSERT INTO steps(recipe_id, step_order, details) VALUES (46, 1, 'Add a pinch of salt to the boiling water.');
INSERT INTO steps(recipe_id, step_order, details) VALUES (46, 2, 'Place the skewers on the preheated grill.');
INSERT INTO steps(recipe_id, step_order, details) VALUES (46, 3, 'Cover the baking dish with aluminum foil.');
INSERT INTO steps(recipe_id, step_order, details) VALUES (46, 4, 'Cover the baking dish with aluminum foil.');
INSERT INTO steps(recipe_id, step_order, details) VALUES (46, 5, 'Garnish with fresh herbs and serve warm."');
INSERT INTO steps(recipe_id, step_order, details) VALUES (46, 6, 'Preheat the oven to 400°F (200°C).');
INSERT INTO steps(recipe_id, step_order, details) VALUES (46, 7, 'In another bowl, whisk together the eggs, milk, and melted butter.');
INSERT INTO steps(recipe_id, step_order, details) VALUES (46, 8, 'Bake in the preheated oven for 25-30 minutes, or until a toothpick inserted into the center comes out clean.');
INSERT INTO steps(recipe_id, step_order, details) VALUES (46, 9, 'Serve the skewers with a side of rice or salad.');
INSERT INTO steps(recipe_id, step_order, details) VALUES (46, 10, 'Pour the wet ingredients into the dry ingredients and stir until just combined.');
INSERT INTO steps(recipe_id, step_order, details) VALUES (47, 1, 'Serve the skewers with a side of rice or salad.');
INSERT INTO steps(recipe_id, step_order, details) VALUES (47, 2, 'Remove the bay leaf and discard.');
INSERT INTO steps(recipe_id, step_order, details) VALUES (47, 3, 'Remove the foil and bake for an additional 5-10 minutes to allow the top to brown slightly.');
INSERT INTO steps(recipe_id, step_order, details) VALUES (47, 4, 'Preheat the oven to 400°F (200°C).');
INSERT INTO steps(recipe_id, step_order, details) VALUES (47, 5, 'Season the meat with salt, pepper, and your favorite spices.');
INSERT INTO steps(recipe_id, step_order, details) VALUES (47, 6, '');
INSERT INTO steps(recipe_id, step_order, details) VALUES (47, 7, 'Add the cooked pasta to the cheese sauce and mix until well combined.');
INSERT INTO steps(recipe_id, step_order, details) VALUES (47, 8, 'Stir in the grated cheese until melted and smooth.');
INSERT INTO steps(recipe_id, step_order, details) VALUES (47, 9, 'Heat a large skillet over medium heat and add olive oil.');
INSERT INTO steps(recipe_id, step_order, details) VALUES (47, 10, 'Stir in the lentils, tomatoes, and vegetable broth.');
INSERT INTO steps(recipe_id, step_order, details) VALUES (48, 1, 'Garnish with fresh herbs and serve warm."');
INSERT INTO steps(recipe_id, step_order, details) VALUES (48, 2, 'Add the chopped vegetables to the skillet and cook for an additional 5-7 minutes.');
INSERT INTO steps(recipe_id, step_order, details) VALUES (48, 3, 'In a large pot, heat the olive oil over medium heat.');
INSERT INTO steps(recipe_id, step_order, details) VALUES (48, 4, 'Bake in the preheated oven for 20-25 minutes, turning once halfway through, until the potatoes are golden brown and crispy.');
INSERT INTO steps(recipe_id, step_order, details) VALUES (48, 5, 'Cover the baking dish with aluminum foil.');
INSERT INTO steps(recipe_id, step_order, details) VALUES (48, 6, 'Add the chopped vegetables to the skillet and cook for an additional 5-7 minutes.');
INSERT INTO steps(recipe_id, step_order, details) VALUES (48, 7, 'Fold in any additional ingredients like chocolate chips or nuts.');
INSERT INTO steps(recipe_id, step_order, details) VALUES (48, 8, 'Rinse and drain the lentils.');
INSERT INTO steps(recipe_id, step_order, details) VALUES (48, 9, 'Grease and flour a baking pan.');
INSERT INTO steps(recipe_id, step_order, details) VALUES (48, 10, 'Heat a large skillet over medium heat and add olive oil.');
INSERT INTO steps(recipe_id, step_order, details) VALUES (49, 1, 'Add a pinch of salt to the boiling water.');
INSERT INTO steps(recipe_id, step_order, details) VALUES (49, 2, 'Add the chopped vegetables to the skillet and cook for an additional 5-7 minutes.');
INSERT INTO steps(recipe_id, step_order, details) VALUES (49, 3, 'Serve the skewers with a side of rice or salad.');
INSERT INTO steps(recipe_id, step_order, details) VALUES (49, 4, 'While the potatoes are baking, prepare your dipping sauce by mixing mayonnaise, ketchup, and a dash of hot sauce.');
INSERT INTO steps(recipe_id, step_order, details) VALUES (49, 5, 'Add a pinch of salt to the boiling water.');
INSERT INTO steps(recipe_id, step_order, details) VALUES (49, 6, 'Marinate the meat with your choice of marinade for at least 30 minutes.');
INSERT INTO steps(recipe_id, step_order, details) VALUES (49, 7, 'Pour the sauce or broth over the meat and vegetables.');
INSERT INTO steps(recipe_id, step_order, details) VALUES (50, 1, 'Drain the pasta and set aside.');
INSERT INTO steps(recipe_id, step_order, details) VALUES (50, 2, 'Pour the sauce or broth over the meat and vegetables.');
INSERT INTO steps(recipe_id, step_order, details) VALUES (50, 3, 'Preheat the oven to 400°F (200°C).');
INSERT INTO steps(recipe_id, step_order, details) VALUES (50, 4, 'Preheat the grill to medium-high heat.');
INSERT INTO steps(recipe_id, step_order, details) VALUES (50, 5, 'Cook the pasta according to the package instructions until al dente.');
INSERT INTO steps(recipe_id, step_order, details) VALUES (50, 6, 'Cut the potatoes into wedges.');
INSERT INTO steps(recipe_id, step_order, details) VALUES (50, 7, 'Bake in the preheated oven for 20-25 minutes, turning once halfway through, until the potatoes are golden brown and crispy.');
INSERT INTO steps(recipe_id, step_order, details) VALUES (51, 1, 'Bake in the preheated oven for 25-30 minutes, or until the meat is cooked through and the vegetables are tender.');
INSERT INTO steps(recipe_id, step_order, details) VALUES (51, 2, 'Garnish with fresh herbs and serve warm."');
INSERT INTO steps(recipe_id, step_order, details) VALUES (51, 3, 'Serve immediately, garnished with extra cheese and fresh herbs if desired."');
INSERT INTO steps(recipe_id, step_order, details) VALUES (51, 4, 'In a medium saucepan, melt the butter over medium heat.');
INSERT INTO steps(recipe_id, step_order, details) VALUES (51, 5, 'Cover the baking dish with aluminum foil.');
INSERT INTO steps(recipe_id, step_order, details) VALUES (51, 6, 'Serve the skewers with a side of rice or salad.');
INSERT INTO steps(recipe_id, step_order, details) VALUES (51, 7, 'Sauté the onions and garlic until they become translucent, about 3-5 minutes.');
INSERT INTO steps(recipe_id, step_order, details) VALUES (51, 8, 'Garnish with fresh herbs and serve warm."');
INSERT INTO steps(recipe_id, step_order, details) VALUES (51, 9, 'Cut the potatoes into wedges.');
INSERT INTO steps(recipe_id, step_order, details) VALUES (51, 10, 'Add the chopped vegetables to the skillet and cook for an additional 5-7 minutes.');
INSERT INTO steps(recipe_id, step_order, details) VALUES (51, 11, 'Fold in any additional ingredients like chocolate chips or nuts.');
INSERT INTO steps(recipe_id, step_order, details) VALUES (51, 12, 'Heat a large skillet over medium heat and add olive oil.');
INSERT INTO steps(recipe_id, step_order, details) VALUES (52, 1, 'In a large bowl, mix together the flour, sugar, baking powder, and salt.');
INSERT INTO steps(recipe_id, step_order, details) VALUES (52, 2, 'Bake in the preheated oven for 25-30 minutes, or until a toothpick inserted into the center comes out clean.');
INSERT INTO steps(recipe_id, step_order, details) VALUES (52, 3, 'Bring the mixture to a boil, then reduce the heat and let it simmer for 25-30 minutes, or until the lentils are tender.');
INSERT INTO steps(recipe_id, step_order, details) VALUES (52, 4, 'Bring the mixture to a boil, then reduce the heat and let it simmer for 25-30 minutes, or until the lentils are tender.');
INSERT INTO steps(recipe_id, step_order, details) VALUES (52, 5, 'Cut the potatoes into wedges.');
INSERT INTO steps(recipe_id, step_order, details) VALUES (52, 6, 'Serve the potato wedges with the dipping sauce on the side."');
INSERT INTO steps(recipe_id, step_order, details) VALUES (52, 7, 'Cut the potatoes into wedges.');
INSERT INTO steps(recipe_id, step_order, details) VALUES (52, 8, 'Remove the potato wedges from the oven and let cool slightly before serving.');
INSERT INTO steps(recipe_id, step_order, details) VALUES (52, 9, 'Add the minced garlic and cook for another minute.');
INSERT INTO steps(recipe_id, step_order, details) VALUES (53, 1, 'Bake in the preheated oven for 25-30 minutes, or until the meat is cooked through and the vegetables are tender.');
INSERT INTO steps(recipe_id, step_order, details) VALUES (53, 2, 'Drain the pasta and set aside.');
INSERT INTO steps(recipe_id, step_order, details) VALUES (53, 3, 'Grease and flour a baking pan.');
INSERT INTO steps(recipe_id, step_order, details) VALUES (53, 4, 'Place the skewers on the preheated grill.');
INSERT INTO steps(recipe_id, step_order, details) VALUES (53, 5, 'Remove the potato wedges from the oven and let cool slightly before serving.');
INSERT INTO steps(recipe_id, step_order, details) VALUES (53, 6, 'Preheat the grill to medium-high heat.');
INSERT INTO steps(recipe_id, step_order, details) VALUES (53, 7, 'Spread the potato wedges in a single layer on a baking sheet.');
INSERT INTO steps(recipe_id, step_order, details) VALUES (54, 1, 'Cover the baking dish with aluminum foil.');
INSERT INTO steps(recipe_id, step_order, details) VALUES (54, 2, 'Bring a large pot of water to a boil.');
INSERT INTO steps(recipe_id, step_order, details) VALUES (54, 3, 'Chop the vegetables into bite-sized pieces.');
INSERT INTO steps(recipe_id, step_order, details) VALUES (54, 4, 'Remove the bay leaf and discard.');
INSERT INTO steps(recipe_id, step_order, details) VALUES (54, 5, 'Serve the potato wedges with the dipping sauce on the side."');
INSERT INTO steps(recipe_id, step_order, details) VALUES (54, 6, 'Remove the foil and bake for an additional 5-10 minutes to allow the top to brown slightly.');
INSERT INTO steps(recipe_id, step_order, details) VALUES (54, 7, 'Pour the wet ingredients into the dry ingredients and stir until just combined.');
INSERT INTO steps(recipe_id, step_order, details) VALUES (54, 8, 'In a large pot, heat the olive oil over medium heat.');
INSERT INTO steps(recipe_id, step_order, details) VALUES (54, 9, 'Sauté the onions and garlic until they become translucent, about 3-5 minutes.');
INSERT INTO steps(recipe_id, step_order, details) VALUES (54, 10, 'Sauté the onions and garlic until they become translucent, about 3-5 minutes.');
INSERT INTO steps(recipe_id, step_order, details) VALUES (54, 11, 'Add the bay leaf, thyme, salt, and pepper.');
INSERT INTO steps(recipe_id, step_order, details) VALUES (54, 12, 'Transfer the sautéed vegetables to a baking dish.');
INSERT INTO steps(recipe_id, step_order, details) VALUES (54, 13, 'Cook the pasta according to the package instructions until al dente.');
INSERT INTO steps(recipe_id, step_order, details) VALUES (54, 14, 'Use an immersion blender to puree the soup to your desired consistency.');
INSERT INTO steps(recipe_id, step_order, details) VALUES (55, 1, 'Bring the mixture to a boil, then reduce the heat and let it simmer for 25-30 minutes, or until the lentils are tender.');
INSERT INTO steps(recipe_id, step_order, details) VALUES (55, 2, 'Bake in the preheated oven for 25-30 minutes, or until the meat is cooked through and the vegetables are tender.');
INSERT INTO steps(recipe_id, step_order, details) VALUES (55, 3, 'Preheat the oven to 350°F (175°C).');
INSERT INTO steps(recipe_id, step_order, details) VALUES (55, 4, 'In the same skillet, cook the meat until browned on all sides.');
INSERT INTO steps(recipe_id, step_order, details) VALUES (55, 5, 'Add the bay leaf, thyme, salt, and pepper.');
INSERT INTO steps(recipe_id, step_order, details) VALUES (55, 6, 'Thread the marinated meat and vegetables onto skewers.');
INSERT INTO steps(recipe_id, step_order, details) VALUES (55, 7, 'Grease and flour a baking pan.');
INSERT INTO steps(recipe_id, step_order, details) VALUES (55, 8, 'Stir in the lentils, tomatoes, and vegetable broth.');
INSERT INTO steps(recipe_id, step_order, details) VALUES (55, 9, 'Stir in the grated cheese until melted and smooth.');
INSERT INTO steps(recipe_id, step_order, details) VALUES (55, 10, 'Add the diced onions, carrots, and celery, and cook until the onions are translucent, about 5 minutes.');
INSERT INTO steps(recipe_id, step_order, details) VALUES (55, 11, 'Bake in the preheated oven for 25-30 minutes, or until the meat is cooked through and the vegetables are tender.');
INSERT INTO steps(recipe_id, step_order, details) VALUES (55, 12, 'Pour the sauce or broth over the meat and vegetables.');
INSERT INTO steps(recipe_id, step_order, details) VALUES (55, 13, 'Preheat the oven to 350°F (175°C).');
INSERT INTO steps(recipe_id, step_order, details) VALUES (56, 1, 'While the potatoes are baking, prepare your dipping sauce by mixing mayonnaise, ketchup, and a dash of hot sauce.');
INSERT INTO steps(recipe_id, step_order, details) VALUES (56, 2, 'Bake in the preheated oven for 25-30 minutes, or until the meat is cooked through and the vegetables are tender.');
INSERT INTO steps(recipe_id, step_order, details) VALUES (56, 3, 'Bring a large pot of water to a boil.');
INSERT INTO steps(recipe_id, step_order, details) VALUES (56, 4, 'Bring the mixture to a boil, then reduce the heat and let it simmer for 25-30 minutes, or until the lentils are tender.');
INSERT INTO steps(recipe_id, step_order, details) VALUES (56, 5, 'Preheat the oven to 375°F (190°C).');
INSERT INTO steps(recipe_id, step_order, details) VALUES (56, 6, 'Whisk in the flour to create a roux, cooking for 1-2 minutes.');
INSERT INTO steps(recipe_id, step_order, details) VALUES (56, 7, 'Preheat the oven to 400°F (200°C).');
INSERT INTO steps(recipe_id, step_order, details) VALUES (56, 8, 'Cover the baking dish with aluminum foil.');
INSERT INTO steps(recipe_id, step_order, details) VALUES (56, 9, 'Add the bay leaf, thyme, salt, and pepper.');
INSERT INTO steps(recipe_id, step_order, details) VALUES (57, 1, 'Cook the pasta according to the package instructions until al dente.');
INSERT INTO steps(recipe_id, step_order, details) VALUES (57, 2, 'Remove the skewers from the grill and let rest for a few minutes before serving.');
INSERT INTO steps(recipe_id, step_order, details) VALUES (57, 3, 'Use an immersion blender to puree the soup to your desired consistency.');
INSERT INTO steps(recipe_id, step_order, details) VALUES (57, 4, 'Chop the vegetables into bite-sized pieces.');
INSERT INTO steps(recipe_id, step_order, details) VALUES (57, 5, 'Remove the skewers from the grill and let rest for a few minutes before serving.');
INSERT INTO steps(recipe_id, step_order, details) VALUES (57, 6, 'Remove the skewers from the grill and let rest for a few minutes before serving.');
INSERT INTO steps(recipe_id, step_order, details) VALUES (57, 7, 'Spread the potato wedges in a single layer on a baking sheet.');
INSERT INTO steps(recipe_id, step_order, details) VALUES (57, 8, 'Heat a large skillet over medium heat and add olive oil.');
INSERT INTO steps(recipe_id, step_order, details) VALUES (58, 1, 'Season with salt and pepper to taste.');
INSERT INTO steps(recipe_id, step_order, details) VALUES (58, 2, 'Combine the cooked meat with the vegetables in the baking dish.');
INSERT INTO steps(recipe_id, step_order, details) VALUES (58, 3, 'Cover the baking dish with aluminum foil.');
INSERT INTO steps(recipe_id, step_order, details) VALUES (58, 4, 'Heat a large skillet over medium heat and add olive oil.');
INSERT INTO steps(recipe_id, step_order, details) VALUES (58, 5, 'Place the skewers on the preheated grill.');
INSERT INTO steps(recipe_id, step_order, details) VALUES (58, 6, 'Pour the sauce or broth over the meat and vegetables.');
INSERT INTO steps(recipe_id, step_order, details) VALUES (58, 7, 'Preheat the oven to 400°F (200°C).');
INSERT INTO steps(recipe_id, step_order, details) VALUES (58, 8, 'Combine the cooked meat with the vegetables in the baking dish.');
INSERT INTO steps(recipe_id, step_order, details) VALUES (58, 9, 'Bring a large pot of water to a boil.');
INSERT INTO steps(recipe_id, step_order, details) VALUES (58, 10, 'Cut the potatoes into wedges.');
INSERT INTO steps(recipe_id, step_order, details) VALUES (58, 11, 'Pour the wet ingredients into the dry ingredients and stir until just combined.');
INSERT INTO steps(recipe_id, step_order, details) VALUES (58, 12, 'Serve hot, garnished with fresh herbs or a dollop of yogurt if desired."');
INSERT INTO steps(recipe_id, step_order, details) VALUES (58, 13, 'Stir in the grated cheese until melted and smooth.');
INSERT INTO steps(recipe_id, step_order, details) VALUES (58, 14, 'In a large bowl, mix together the flour, sugar, baking powder, and salt.');
INSERT INTO steps(recipe_id, step_order, details) VALUES (59, 1, 'Bring the mixture to a boil, then reduce the heat and let it simmer for 25-30 minutes, or until the lentils are tender.');
INSERT INTO steps(recipe_id, step_order, details) VALUES (59, 2, 'Cook the pasta according to the package instructions until al dente.');
INSERT INTO steps(recipe_id, step_order, details) VALUES (59, 3, 'Thread the marinated meat and vegetables onto skewers.');
INSERT INTO steps(recipe_id, step_order, details) VALUES (59, 4, 'Bring a large pot of water to a boil.');
INSERT INTO steps(recipe_id, step_order, details) VALUES (59, 5, 'Thread the marinated meat and vegetables onto skewers.');
INSERT INTO steps(recipe_id, step_order, details) VALUES (59, 6, 'Bake in the preheated oven for 25-30 minutes, or until the meat is cooked through and the vegetables are tender.');
INSERT INTO steps(recipe_id, step_order, details) VALUES (60, 1, 'In a large pot, heat the olive oil over medium heat.');
INSERT INTO steps(recipe_id, step_order, details) VALUES (60, 2, 'In the same skillet, cook the meat until browned on all sides.');
INSERT INTO steps(recipe_id, step_order, details) VALUES (60, 3, 'In a large pot, heat the olive oil over medium heat.');
INSERT INTO steps(recipe_id, step_order, details) VALUES (60, 4, 'Bring a large pot of water to a boil.');
INSERT INTO steps(recipe_id, step_order, details) VALUES (60, 5, 'Cover the baking dish with aluminum foil.');
INSERT INTO steps(recipe_id, step_order, details) VALUES (60, 6, 'Pour the batter into the prepared baking pan.');
INSERT INTO steps(recipe_id, step_order, details) VALUES (60, 7, 'Pour the wet ingredients into the dry ingredients and stir until just combined.');
INSERT INTO steps(recipe_id, step_order, details) VALUES (60, 8, 'Stir in the lentils, tomatoes, and vegetable broth.');
INSERT INTO steps(recipe_id, step_order, details) VALUES (60, 9, 'Season the meat with salt, pepper, and your favorite spices.');
INSERT INTO steps(recipe_id, step_order, details) VALUES (60, 10, 'Sauté the onions and garlic until they become translucent, about 3-5 minutes.');
INSERT INTO steps(recipe_id, step_order, details) VALUES (60, 11, '');
INSERT INTO steps(recipe_id, step_order, details) VALUES (60, 12, 'Add the cooked pasta to the cheese sauce and mix until well combined.');
INSERT INTO steps(recipe_id, step_order, details) VALUES (60, 13, 'Combine the cooked meat with the vegetables in the baking dish.');
INSERT INTO steps(recipe_id, step_order, details) VALUES (61, 1, 'Preheat the oven to 375°F (190°C).');
INSERT INTO steps(recipe_id, step_order, details) VALUES (61, 2, 'Drain the pasta and set aside.');
INSERT INTO steps(recipe_id, step_order, details) VALUES (61, 3, 'Thread the marinated meat and vegetables onto skewers.');
INSERT INTO steps(recipe_id, step_order, details) VALUES (61, 4, 'Serve the skewers with a side of rice or salad.');
INSERT INTO steps(recipe_id, step_order, details) VALUES (61, 5, 'Remove the bay leaf and discard.');
INSERT INTO steps(recipe_id, step_order, details) VALUES (61, 6, 'Grill the skewers for 10-15 minutes, turning occasionally, until the meat is cooked through and the vegetables are tender.');
INSERT INTO steps(recipe_id, step_order, details) VALUES (61, 7, 'Once cooled, cut into squares and serve.');
INSERT INTO steps(recipe_id, step_order, details) VALUES (61, 8, 'Stir in the lentils, tomatoes, and vegetable broth.');
INSERT INTO steps(recipe_id, step_order, details) VALUES (61, 9, 'Season with salt and pepper to taste.');
INSERT INTO steps(recipe_id, step_order, details) VALUES (61, 10, 'Grease and flour a baking pan.');
INSERT INTO steps(recipe_id, step_order, details) VALUES (61, 11, 'Preheat the oven to 350°F (175°C).');
INSERT INTO steps(recipe_id, step_order, details) VALUES (61, 12, 'Add the diced onions, carrots, and celery, and cook until the onions are translucent, about 5 minutes.');
INSERT INTO steps(recipe_id, step_order, details) VALUES (61, 13, 'Season with salt and pepper to taste.');
INSERT INTO steps(recipe_id, step_order, details) VALUES (62, 1, 'In a large bowl, toss the potato wedges with olive oil, salt, pepper, and any desired seasonings.');
INSERT INTO steps(recipe_id, step_order, details) VALUES (62, 2, 'Serve the skewers with a side of rice or salad.');
INSERT INTO steps(recipe_id, step_order, details) VALUES (62, 3, 'Thread the marinated meat and vegetables onto skewers.');
INSERT INTO steps(recipe_id, step_order, details) VALUES (62, 4, 'Serve the potato wedges with the dipping sauce on the side."');
INSERT INTO steps(recipe_id, step_order, details) VALUES (62, 5, 'Bake in the preheated oven for 25-30 minutes, or until a toothpick inserted into the center comes out clean.');
INSERT INTO steps(recipe_id, step_order, details) VALUES (62, 6, 'Remove the potato wedges from the oven and let cool slightly before serving.');
INSERT INTO steps(recipe_id, step_order, details) VALUES (62, 7, 'Serve the skewers with a side of rice or salad.');
INSERT INTO steps(recipe_id, step_order, details) VALUES (63, 1, 'Bring the mixture to a simmer and cook until thickened, about 3-5 minutes.');
INSERT INTO steps(recipe_id, step_order, details) VALUES (63, 2, 'Bring the mixture to a boil, then reduce the heat and let it simmer for 25-30 minutes, or until the lentils are tender.');
INSERT INTO steps(recipe_id, step_order, details) VALUES (63, 3, 'Pour the wet ingredients into the dry ingredients and stir until just combined.');
INSERT INTO steps(recipe_id, step_order, details) VALUES (63, 4, 'In a large bowl, mix together the flour, sugar, baking powder, and salt.');
INSERT INTO steps(recipe_id, step_order, details) VALUES (63, 5, 'In a large pot, heat the olive oil over medium heat.');
INSERT INTO steps(recipe_id, step_order, details) VALUES (63, 6, 'Serve hot, garnished with fresh herbs or a dollop of yogurt if desired."');
INSERT INTO steps(recipe_id, step_order, details) VALUES (63, 7, 'Add the minced garlic and cook for another minute.');
INSERT INTO steps(recipe_id, step_order, details) VALUES (64, 1, 'Season with salt and pepper to taste.');
INSERT INTO steps(recipe_id, step_order, details) VALUES (64, 2, 'Stir in the lentils, tomatoes, and vegetable broth.');
INSERT INTO steps(recipe_id, step_order, details) VALUES (64, 3, 'Add a pinch of salt to the boiling water.');
INSERT INTO steps(recipe_id, step_order, details) VALUES (64, 4, 'Serve the skewers with a side of rice or salad.');
INSERT INTO steps(recipe_id, step_order, details) VALUES (64, 5, 'While the potatoes are baking, prepare your dipping sauce by mixing mayonnaise, ketchup, and a dash of hot sauce.');
INSERT INTO steps(recipe_id, step_order, details) VALUES (64, 6, 'Serve immediately, garnished with extra cheese and fresh herbs if desired."');
INSERT INTO steps(recipe_id, step_order, details) VALUES (64, 7, 'Cover the baking dish with aluminum foil.');
INSERT INTO steps(recipe_id, step_order, details) VALUES (64, 8, 'Remove the skewers from the grill and let rest for a few minutes before serving.');
INSERT INTO steps(recipe_id, step_order, details) VALUES (64, 9, 'Preheat the oven to 400°F (200°C).');
INSERT INTO steps(recipe_id, step_order, details) VALUES (65, 1, 'Grill the skewers for 10-15 minutes, turning occasionally, until the meat is cooked through and the vegetables are tender.');
INSERT INTO steps(recipe_id, step_order, details) VALUES (65, 2, 'Combine the cooked meat with the vegetables in the baking dish.');
INSERT INTO steps(recipe_id, step_order, details) VALUES (65, 3, 'Remove the bay leaf and discard.');
INSERT INTO steps(recipe_id, step_order, details) VALUES (65, 4, 'Season the meat with salt, pepper, and your favorite spices.');
INSERT INTO steps(recipe_id, step_order, details) VALUES (65, 5, 'Remove from the oven and let it rest for a few minutes before serving.');
INSERT INTO steps(recipe_id, step_order, details) VALUES (65, 6, 'Sauté the onions and garlic until they become translucent, about 3-5 minutes.');
INSERT INTO steps(recipe_id, step_order, details) VALUES (66, 1, 'Pour the wet ingredients into the dry ingredients and stir until just combined.');
INSERT INTO steps(recipe_id, step_order, details) VALUES (66, 2, 'Stir in the grated cheese until melted and smooth.');
INSERT INTO steps(recipe_id, step_order, details) VALUES (66, 3, 'Serve hot, garnished with fresh herbs or a dollop of yogurt if desired."');
INSERT INTO steps(recipe_id, step_order, details) VALUES (66, 4, 'In a medium saucepan, melt the butter over medium heat.');
INSERT INTO steps(recipe_id, step_order, details) VALUES (66, 5, 'In the same skillet, cook the meat until browned on all sides.');
INSERT INTO steps(recipe_id, step_order, details) VALUES (66, 6, 'Pour the wet ingredients into the dry ingredients and stir until just combined.');
INSERT INTO steps(recipe_id, step_order, details) VALUES (66, 7, 'Spread the potato wedges in a single layer on a baking sheet.');
INSERT INTO steps(recipe_id, step_order, details) VALUES (66, 8, 'Serve immediately, garnished with extra cheese and fresh herbs if desired."');
INSERT INTO steps(recipe_id, step_order, details) VALUES (66, 9, 'Add the cooked pasta to the cheese sauce and mix until well combined.');
INSERT INTO steps(recipe_id, step_order, details) VALUES (66, 10, 'Add the cooked pasta to the cheese sauce and mix until well combined.');
INSERT INTO steps(recipe_id, step_order, details) VALUES (66, 11, 'In a medium saucepan, melt the butter over medium heat.');
INSERT INTO steps(recipe_id, step_order, details) VALUES (66, 12, 'Stir in the grated cheese until melted and smooth.');
INSERT INTO steps(recipe_id, step_order, details) VALUES (67, 1, 'Chop the vegetables into bite-sized pieces.');
INSERT INTO steps(recipe_id, step_order, details) VALUES (67, 2, 'Whisk in the flour to create a roux, cooking for 1-2 minutes.');
INSERT INTO steps(recipe_id, step_order, details) VALUES (67, 3, 'Grill the skewers for 10-15 minutes, turning occasionally, until the meat is cooked through and the vegetables are tender.');
INSERT INTO steps(recipe_id, step_order, details) VALUES (67, 4, 'Remove the foil and bake for an additional 5-10 minutes to allow the top to brown slightly.');
INSERT INTO steps(recipe_id, step_order, details) VALUES (67, 5, 'Stir in the lentils, tomatoes, and vegetable broth.');
INSERT INTO steps(recipe_id, step_order, details) VALUES (67, 6, 'Chop the vegetables into bite-sized pieces.');
INSERT INTO steps(recipe_id, step_order, details) VALUES (67, 7, 'Remove from the oven and let it rest for a few minutes before serving.');
INSERT INTO steps(recipe_id, step_order, details) VALUES (67, 8, 'Preheat the grill to medium-high heat.');
INSERT INTO steps(recipe_id, step_order, details) VALUES (68, 1, 'Add the bay leaf, thyme, salt, and pepper.');
INSERT INTO steps(recipe_id, step_order, details) VALUES (68, 2, 'Pour the batter into the prepared baking pan.');
INSERT INTO steps(recipe_id, step_order, details) VALUES (68, 3, 'Stir in the lentils, tomatoes, and vegetable broth.');
INSERT INTO steps(recipe_id, step_order, details) VALUES (68, 4, 'Pour the sauce or broth over the meat and vegetables.');
INSERT INTO steps(recipe_id, step_order, details) VALUES (68, 5, 'Marinate the meat with your choice of marinade for at least 30 minutes.');
INSERT INTO steps(recipe_id, step_order, details) VALUES (68, 6, 'Cut the potatoes into wedges.');
INSERT INTO steps(recipe_id, step_order, details) VALUES (68, 7, 'In another bowl, whisk together the eggs, milk, and melted butter.');
INSERT INTO steps(recipe_id, step_order, details) VALUES (69, 1, 'Bring the mixture to a boil, then reduce the heat and let it simmer for 25-30 minutes, or until the lentils are tender.');
INSERT INTO steps(recipe_id, step_order, details) VALUES (69, 2, 'Stir in the lentils, tomatoes, and vegetable broth.');
INSERT INTO steps(recipe_id, step_order, details) VALUES (69, 3, 'Add the minced garlic and cook for another minute.');
INSERT INTO steps(recipe_id, step_order, details) VALUES (69, 4, 'Combine the cooked meat with the vegetables in the baking dish.');
INSERT INTO steps(recipe_id, step_order, details) VALUES (69, 5, 'Bake in the preheated oven for 25-30 minutes, or until a toothpick inserted into the center comes out clean.');
INSERT INTO steps(recipe_id, step_order, details) VALUES (69, 6, 'Bring the mixture to a boil, then reduce the heat and let it simmer for 25-30 minutes, or until the lentils are tender.');
INSERT INTO steps(recipe_id, step_order, details) VALUES (69, 7, 'In a medium saucepan, melt the butter over medium heat.');
INSERT INTO steps(recipe_id, step_order, details) VALUES (70, 1, 'Season with salt and pepper to taste.');
INSERT INTO steps(recipe_id, step_order, details) VALUES (70, 2, 'Bring a large pot of water to a boil.');
INSERT INTO steps(recipe_id, step_order, details) VALUES (70, 3, 'Pour the sauce or broth over the meat and vegetables.');
INSERT INTO steps(recipe_id, step_order, details) VALUES (70, 4, 'Chop the vegetables into bite-sized pieces.');
INSERT INTO steps(recipe_id, step_order, details) VALUES (70, 5, 'Spread the potato wedges in a single layer on a baking sheet.');
INSERT INTO steps(recipe_id, step_order, details) VALUES (70, 6, 'Garnish with fresh herbs and serve warm."');
INSERT INTO steps(recipe_id, step_order, details) VALUES (70, 7, 'Spread the potato wedges in a single layer on a baking sheet.');
INSERT INTO steps(recipe_id, step_order, details) VALUES (70, 8, 'Marinate the meat with your choice of marinade for at least 30 minutes.');
INSERT INTO steps(recipe_id, step_order, details) VALUES (70, 9, 'Add a pinch of salt to the boiling water.');
INSERT INTO steps(recipe_id, step_order, details) VALUES (71, 1, 'Grill the skewers for 10-15 minutes, turning occasionally, until the meat is cooked through and the vegetables are tender.');
INSERT INTO steps(recipe_id, step_order, details) VALUES (71, 2, 'Season with salt and pepper to taste.');
INSERT INTO steps(recipe_id, step_order, details) VALUES (71, 3, 'Thread the marinated meat and vegetables onto skewers.');
INSERT INTO steps(recipe_id, step_order, details) VALUES (71, 4, 'In a large pot, heat the olive oil over medium heat.');
INSERT INTO steps(recipe_id, step_order, details) VALUES (71, 5, 'Thread the marinated meat and vegetables onto skewers.');
INSERT INTO steps(recipe_id, step_order, details) VALUES (71, 6, 'Stir in the grated cheese until melted and smooth.');
INSERT INTO steps(recipe_id, step_order, details) VALUES (71, 7, 'In a large bowl, toss the potato wedges with olive oil, salt, pepper, and any desired seasonings.');
INSERT INTO steps(recipe_id, step_order, details) VALUES (71, 8, 'Remove from the oven and let it rest for a few minutes before serving.');
INSERT INTO steps(recipe_id, step_order, details) VALUES (71, 9, 'Thread the marinated meat and vegetables onto skewers.');
INSERT INTO steps(recipe_id, step_order, details) VALUES (71, 10, 'Combine the cooked meat with the vegetables in the baking dish.');
INSERT INTO steps(recipe_id, step_order, details) VALUES (71, 11, 'Serve immediately, garnished with extra cheese and fresh herbs if desired."');
INSERT INTO steps(recipe_id, step_order, details) VALUES (71, 12, 'Serve the potato wedges with the dipping sauce on the side."');
INSERT INTO steps(recipe_id, step_order, details) VALUES (72, 1, 'Heat a large skillet over medium heat and add olive oil.');
INSERT INTO steps(recipe_id, step_order, details) VALUES (72, 2, 'Bring a large pot of water to a boil.');
INSERT INTO steps(recipe_id, step_order, details) VALUES (72, 3, 'Remove the potato wedges from the oven and let cool slightly before serving.');
INSERT INTO steps(recipe_id, step_order, details) VALUES (72, 4, 'Pour the sauce or broth over the meat and vegetables.');
INSERT INTO steps(recipe_id, step_order, details) VALUES (72, 5, 'Spread the potato wedges in a single layer on a baking sheet.');
INSERT INTO steps(recipe_id, step_order, details) VALUES (72, 6, 'Pour the batter into the prepared baking pan.');
INSERT INTO steps(recipe_id, step_order, details) VALUES (72, 7, 'While the potatoes are baking, prepare your dipping sauce by mixing mayonnaise, ketchup, and a dash of hot sauce.');
INSERT INTO steps(recipe_id, step_order, details) VALUES (72, 8, 'Transfer the sautéed vegetables to a baking dish.');
INSERT INTO steps(recipe_id, step_order, details) VALUES (72, 9, 'Drain the pasta and set aside.');
INSERT INTO steps(recipe_id, step_order, details) VALUES (72, 10, 'Stir in the grated cheese until melted and smooth.');
INSERT INTO steps(recipe_id, step_order, details) VALUES (72, 11, 'Heat a large skillet over medium heat and add olive oil.');
INSERT INTO steps(recipe_id, step_order, details) VALUES (73, 1, 'Bring the mixture to a simmer and cook until thickened, about 3-5 minutes.');
INSERT INTO steps(recipe_id, step_order, details) VALUES (73, 2, 'Thread the marinated meat and vegetables onto skewers.');
INSERT INTO steps(recipe_id, step_order, details) VALUES (73, 3, 'Bake in the preheated oven for 20-25 minutes, turning once halfway through, until the potatoes are golden brown and crispy.');
INSERT INTO steps(recipe_id, step_order, details) VALUES (73, 4, 'Add the cooked pasta to the cheese sauce and mix until well combined.');
INSERT INTO steps(recipe_id, step_order, details) VALUES (73, 5, 'In a large bowl, toss the potato wedges with olive oil, salt, pepper, and any desired seasonings.');
INSERT INTO steps(recipe_id, step_order, details) VALUES (73, 6, 'Bake in the preheated oven for 25-30 minutes, or until a toothpick inserted into the center comes out clean.');
INSERT INTO steps(recipe_id, step_order, details) VALUES (73, 7, 'Cut the potatoes into wedges.');
INSERT INTO steps(recipe_id, step_order, details) VALUES (73, 8, 'Preheat the grill to medium-high heat.');
INSERT INTO steps(recipe_id, step_order, details) VALUES (73, 9, 'Sauté the onions and garlic until they become translucent, about 3-5 minutes.');
INSERT INTO steps(recipe_id, step_order, details) VALUES (73, 10, 'Pour the wet ingredients into the dry ingredients and stir until just combined.');
INSERT INTO steps(recipe_id, step_order, details) VALUES (73, 11, 'Drain the pasta and set aside.');
INSERT INTO steps(recipe_id, step_order, details) VALUES (73, 12, 'Bring the mixture to a simmer and cook until thickened, about 3-5 minutes.');
INSERT INTO steps(recipe_id, step_order, details) VALUES (73, 13, 'Use an immersion blender to puree the soup to your desired consistency.');
INSERT INTO steps(recipe_id, step_order, details) VALUES (74, 1, 'Remove the skewers from the grill and let rest for a few minutes before serving.');
INSERT INTO steps(recipe_id, step_order, details) VALUES (74, 2, 'Grease and flour a baking pan.');
INSERT INTO steps(recipe_id, step_order, details) VALUES (74, 3, 'Place the skewers on the preheated grill.');
INSERT INTO steps(recipe_id, step_order, details) VALUES (74, 4, 'Season the meat with salt, pepper, and your favorite spices.');
INSERT INTO steps(recipe_id, step_order, details) VALUES (74, 5, 'While the potatoes are baking, prepare your dipping sauce by mixing mayonnaise, ketchup, and a dash of hot sauce.');
INSERT INTO steps(recipe_id, step_order, details) VALUES (74, 6, '');
INSERT INTO steps(recipe_id, step_order, details) VALUES (74, 7, 'Cut the potatoes into wedges.');
INSERT INTO steps(recipe_id, step_order, details) VALUES (74, 8, 'Preheat the oven to 400°F (200°C).');
INSERT INTO steps(recipe_id, step_order, details) VALUES (75, 1, 'Place the skewers on the preheated grill.');
INSERT INTO steps(recipe_id, step_order, details) VALUES (75, 2, 'Sauté the onions and garlic until they become translucent, about 3-5 minutes.');
INSERT INTO steps(recipe_id, step_order, details) VALUES (75, 3, 'Bring the mixture to a simmer and cook until thickened, about 3-5 minutes.');
INSERT INTO steps(recipe_id, step_order, details) VALUES (75, 4, 'Gradually whisk in the milk, stirring continuously to avoid lumps.');
INSERT INTO steps(recipe_id, step_order, details) VALUES (75, 5, 'Remove the foil and bake for an additional 5-10 minutes to allow the top to brown slightly.');
INSERT INTO steps(recipe_id, step_order, details) VALUES (75, 6, 'In a medium saucepan, melt the butter over medium heat.');
INSERT INTO steps(recipe_id, step_order, details) VALUES (75, 7, 'While the potatoes are baking, prepare your dipping sauce by mixing mayonnaise, ketchup, and a dash of hot sauce.');
INSERT INTO steps(recipe_id, step_order, details) VALUES (75, 8, 'Remove the skewers from the grill and let rest for a few minutes before serving.');
INSERT INTO steps(recipe_id, step_order, details) VALUES (75, 9, 'Cover the baking dish with aluminum foil.');
INSERT INTO steps(recipe_id, step_order, details) VALUES (75, 10, 'Preheat the oven to 375°F (190°C).');
INSERT INTO steps(recipe_id, step_order, details) VALUES (75, 11, 'Transfer the sautéed vegetables to a baking dish.');
INSERT INTO steps(recipe_id, step_order, details) VALUES (75, 12, 'Pour the sauce or broth over the meat and vegetables.');
INSERT INTO steps(recipe_id, step_order, details) VALUES (75, 13, 'Add the minced garlic and cook for another minute.');
INSERT INTO steps(recipe_id, step_order, details) VALUES (76, 1, 'In a large pot, heat the olive oil over medium heat.');
INSERT INTO steps(recipe_id, step_order, details) VALUES (76, 2, 'Grease and flour a baking pan.');
INSERT INTO steps(recipe_id, step_order, details) VALUES (76, 3, 'Cook the pasta according to the package instructions until al dente.');
INSERT INTO steps(recipe_id, step_order, details) VALUES (76, 4, 'Heat a large skillet over medium heat and add olive oil.');
INSERT INTO steps(recipe_id, step_order, details) VALUES (76, 5, 'Chop the vegetables into bite-sized pieces.');
INSERT INTO steps(recipe_id, step_order, details) VALUES (76, 6, 'Remove the skewers from the grill and let rest for a few minutes before serving.');
INSERT INTO steps(recipe_id, step_order, details) VALUES (77, 1, 'Remove from the oven and let it rest for a few minutes before serving.');
INSERT INTO steps(recipe_id, step_order, details) VALUES (77, 2, 'Pour the batter into the prepared baking pan.');
INSERT INTO steps(recipe_id, step_order, details) VALUES (77, 3, 'Serve the skewers with a side of rice or salad.');
INSERT INTO steps(recipe_id, step_order, details) VALUES (77, 4, 'Stir in the grated cheese until melted and smooth.');
INSERT INTO steps(recipe_id, step_order, details) VALUES (77, 5, 'Chop the vegetables into bite-sized pieces.');
INSERT INTO steps(recipe_id, step_order, details) VALUES (77, 6, 'Marinate the meat with your choice of marinade for at least 30 minutes.');
INSERT INTO steps(recipe_id, step_order, details) VALUES (77, 7, 'Season with salt and pepper to taste.');
INSERT INTO steps(recipe_id, step_order, details) VALUES (77, 8, 'Gradually whisk in the milk, stirring continuously to avoid lumps.');
INSERT INTO steps(recipe_id, step_order, details) VALUES (77, 9, 'Remove the bay leaf and discard.');
INSERT INTO steps(recipe_id, step_order, details) VALUES (77, 10, 'Fold in any additional ingredients like chocolate chips or nuts.');
INSERT INTO steps(recipe_id, step_order, details) VALUES (77, 11, 'Thread the marinated meat and vegetables onto skewers.');
INSERT INTO steps(recipe_id, step_order, details) VALUES (77, 12, 'Bring the mixture to a simmer and cook until thickened, about 3-5 minutes.');
INSERT INTO steps(recipe_id, step_order, details) VALUES (77, 13, 'Fold in any additional ingredients like chocolate chips or nuts.');
INSERT INTO steps(recipe_id, step_order, details) VALUES (77, 14, 'Whisk in the flour to create a roux, cooking for 1-2 minutes.');
INSERT INTO steps(recipe_id, step_order, details) VALUES (78, 1, 'Drain the pasta and set aside.');
INSERT INTO steps(recipe_id, step_order, details) VALUES (78, 2, 'Stir in the grated cheese until melted and smooth.');
INSERT INTO steps(recipe_id, step_order, details) VALUES (78, 3, 'Heat a large skillet over medium heat and add olive oil.');
INSERT INTO steps(recipe_id, step_order, details) VALUES (78, 4, 'Remove the bay leaf and discard.');
INSERT INTO steps(recipe_id, step_order, details) VALUES (78, 5, 'Serve the skewers with a side of rice or salad.');
INSERT INTO steps(recipe_id, step_order, details) VALUES (78, 6, 'In another bowl, whisk together the eggs, milk, and melted butter.');
INSERT INTO steps(recipe_id, step_order, details) VALUES (78, 7, 'In the same skillet, cook the meat until browned on all sides.');
INSERT INTO steps(recipe_id, step_order, details) VALUES (78, 8, 'In a large bowl, toss the potato wedges with olive oil, salt, pepper, and any desired seasonings.');
INSERT INTO steps(recipe_id, step_order, details) VALUES (78, 9, 'Marinate the meat with your choice of marinade for at least 30 minutes.');
INSERT INTO steps(recipe_id, step_order, details) VALUES (79, 1, 'Stir in the lentils, tomatoes, and vegetable broth.');
INSERT INTO steps(recipe_id, step_order, details) VALUES (79, 2, 'Grill the skewers for 10-15 minutes, turning occasionally, until the meat is cooked through and the vegetables are tender.');
INSERT INTO steps(recipe_id, step_order, details) VALUES (79, 3, 'Preheat the grill to medium-high heat.');
INSERT INTO steps(recipe_id, step_order, details) VALUES (79, 4, 'Stir in the lentils, tomatoes, and vegetable broth.');
INSERT INTO steps(recipe_id, step_order, details) VALUES (79, 5, 'Remove the skewers from the grill and let rest for a few minutes before serving.');
INSERT INTO steps(recipe_id, step_order, details) VALUES (79, 6, 'Season the meat with salt, pepper, and your favorite spices.');
INSERT INTO steps(recipe_id, step_order, details) VALUES (79, 7, 'Allow to cool in the pan for 10 minutes before transferring to a wire rack to cool completely.');
INSERT INTO steps(recipe_id, step_order, details) VALUES (79, 8, 'Add the bay leaf, thyme, salt, and pepper.');
INSERT INTO steps(recipe_id, step_order, details) VALUES (79, 9, 'Grease and flour a baking pan.');
INSERT INTO steps(recipe_id, step_order, details) VALUES (80, 1, 'Add the diced onions, carrots, and celery, and cook until the onions are translucent, about 5 minutes.');
INSERT INTO steps(recipe_id, step_order, details) VALUES (80, 2, 'Add the minced garlic and cook for another minute.');
INSERT INTO steps(recipe_id, step_order, details) VALUES (80, 3, 'In a large bowl, mix together the flour, sugar, baking powder, and salt.');
INSERT INTO steps(recipe_id, step_order, details) VALUES (80, 4, 'Remove the skewers from the grill and let rest for a few minutes before serving.');
INSERT INTO steps(recipe_id, step_order, details) VALUES (80, 5, 'Sauté the onions and garlic until they become translucent, about 3-5 minutes.');
INSERT INTO steps(recipe_id, step_order, details) VALUES (80, 6, 'Serve the potato wedges with the dipping sauce on the side."');
INSERT INTO steps(recipe_id, step_order, details) VALUES (80, 7, 'Pour the sauce or broth over the meat and vegetables.');
INSERT INTO steps(recipe_id, step_order, details) VALUES (80, 8, 'While the potatoes are baking, prepare your dipping sauce by mixing mayonnaise, ketchup, and a dash of hot sauce.');
INSERT INTO steps(recipe_id, step_order, details) VALUES (80, 9, 'Use an immersion blender to puree the soup to your desired consistency.');
INSERT INTO steps(recipe_id, step_order, details) VALUES (80, 10, 'Add the cooked pasta to the cheese sauce and mix until well combined.');
INSERT INTO steps(recipe_id, step_order, details) VALUES (80, 11, 'Gradually whisk in the milk, stirring continuously to avoid lumps.');
INSERT INTO steps(recipe_id, step_order, details) VALUES (81, 1, 'Allow to cool in the pan for 10 minutes before transferring to a wire rack to cool completely.');
INSERT INTO steps(recipe_id, step_order, details) VALUES (81, 2, 'In a large pot, heat the olive oil over medium heat.');
INSERT INTO steps(recipe_id, step_order, details) VALUES (81, 3, 'Marinate the meat with your choice of marinade for at least 30 minutes.');
INSERT INTO steps(recipe_id, step_order, details) VALUES (81, 4, 'Add the diced onions, carrots, and celery, and cook until the onions are translucent, about 5 minutes.');
INSERT INTO steps(recipe_id, step_order, details) VALUES (81, 5, 'Add the diced onions, carrots, and celery, and cook until the onions are translucent, about 5 minutes.');
INSERT INTO steps(recipe_id, step_order, details) VALUES (81, 6, 'Pour the batter into the prepared baking pan.');
INSERT INTO steps(recipe_id, step_order, details) VALUES (82, 1, 'Cook the pasta according to the package instructions until al dente.');
INSERT INTO steps(recipe_id, step_order, details) VALUES (82, 2, 'Pour the sauce or broth over the meat and vegetables.');
INSERT INTO steps(recipe_id, step_order, details) VALUES (82, 3, 'Pour the sauce or broth over the meat and vegetables.');
INSERT INTO steps(recipe_id, step_order, details) VALUES (82, 4, 'Stir in the lentils, tomatoes, and vegetable broth.');
INSERT INTO steps(recipe_id, step_order, details) VALUES (82, 5, 'Bake in the preheated oven for 20-25 minutes, turning once halfway through, until the potatoes are golden brown and crispy.');
INSERT INTO steps(recipe_id, step_order, details) VALUES (82, 6, 'Remove the foil and bake for an additional 5-10 minutes to allow the top to brown slightly.');
INSERT INTO steps(recipe_id, step_order, details) VALUES (83, 1, 'Add the chopped vegetables to the skillet and cook for an additional 5-7 minutes.');
INSERT INTO steps(recipe_id, step_order, details) VALUES (83, 2, 'Fold in any additional ingredients like chocolate chips or nuts.');
INSERT INTO steps(recipe_id, step_order, details) VALUES (83, 3, 'Add the cooked pasta to the cheese sauce and mix until well combined.');
INSERT INTO steps(recipe_id, step_order, details) VALUES (83, 4, 'Cook the pasta according to the package instructions until al dente.');
INSERT INTO steps(recipe_id, step_order, details) VALUES (83, 5, 'Season with salt and pepper to taste.');
INSERT INTO steps(recipe_id, step_order, details) VALUES (83, 6, 'Garnish with fresh herbs and serve warm."');
INSERT INTO steps(recipe_id, step_order, details) VALUES (83, 7, 'Season the meat with salt, pepper, and your favorite spices.');
INSERT INTO steps(recipe_id, step_order, details) VALUES (83, 8, 'Season the meat with salt, pepper, and your favorite spices.');
INSERT INTO steps(recipe_id, step_order, details) VALUES (84, 1, 'In a medium saucepan, melt the butter over medium heat.');
INSERT INTO steps(recipe_id, step_order, details) VALUES (84, 2, 'Preheat the oven to 375°F (190°C).');
INSERT INTO steps(recipe_id, step_order, details) VALUES (84, 3, 'Serve the potato wedges with the dipping sauce on the side."');
INSERT INTO steps(recipe_id, step_order, details) VALUES (84, 4, 'Combine the cooked meat with the vegetables in the baking dish.');
INSERT INTO steps(recipe_id, step_order, details) VALUES (84, 5, 'Remove the foil and bake for an additional 5-10 minutes to allow the top to brown slightly.');
INSERT INTO steps(recipe_id, step_order, details) VALUES (84, 6, 'Serve immediately, garnished with extra cheese and fresh herbs if desired."');
INSERT INTO steps(recipe_id, step_order, details) VALUES (84, 7, 'In a large bowl, mix together the flour, sugar, baking powder, and salt.');
INSERT INTO steps(recipe_id, step_order, details) VALUES (84, 8, 'Remove the foil and bake for an additional 5-10 minutes to allow the top to brown slightly.');
INSERT INTO steps(recipe_id, step_order, details) VALUES (84, 9, 'Serve immediately, garnished with extra cheese and fresh herbs if desired."');
INSERT INTO steps(recipe_id, step_order, details) VALUES (84, 10, 'Remove the bay leaf and discard.');
INSERT INTO steps(recipe_id, step_order, details) VALUES (84, 11, 'Use an immersion blender to puree the soup to your desired consistency.');
INSERT INTO steps(recipe_id, step_order, details) VALUES (85, 1, 'In a large bowl, toss the potato wedges with olive oil, salt, pepper, and any desired seasonings.');
INSERT INTO steps(recipe_id, step_order, details) VALUES (85, 2, 'Pour the sauce or broth over the meat and vegetables.');
INSERT INTO steps(recipe_id, step_order, details) VALUES (85, 3, 'Preheat the grill to medium-high heat.');
INSERT INTO steps(recipe_id, step_order, details) VALUES (85, 4, 'Grease and flour a baking pan.');
INSERT INTO steps(recipe_id, step_order, details) VALUES (85, 5, 'In a large bowl, mix together the flour, sugar, baking powder, and salt.');
INSERT INTO steps(recipe_id, step_order, details) VALUES (85, 6, 'Add a pinch of salt to the boiling water.');
INSERT INTO steps(recipe_id, step_order, details) VALUES (85, 7, 'Bake in the preheated oven for 20-25 minutes, turning once halfway through, until the potatoes are golden brown and crispy.');
INSERT INTO steps(recipe_id, step_order, details) VALUES (85, 8, 'Remove from the oven and let it rest for a few minutes before serving.');
INSERT INTO steps(recipe_id, step_order, details) VALUES (85, 9, 'Preheat the oven to 375°F (190°C).');
INSERT INTO steps(recipe_id, step_order, details) VALUES (85, 10, 'Sauté the onions and garlic until they become translucent, about 3-5 minutes.');
INSERT INTO steps(recipe_id, step_order, details) VALUES (86, 1, 'Cover the baking dish with aluminum foil.');
INSERT INTO steps(recipe_id, step_order, details) VALUES (86, 2, 'Preheat the oven to 400°F (200°C).');
INSERT INTO steps(recipe_id, step_order, details) VALUES (86, 3, 'Season the meat with salt, pepper, and your favorite spices.');
INSERT INTO steps(recipe_id, step_order, details) VALUES (86, 4, 'Add a pinch of salt to the boiling water.');
INSERT INTO steps(recipe_id, step_order, details) VALUES (86, 5, 'Add the diced onions, carrots, and celery, and cook until the onions are translucent, about 5 minutes.');
INSERT INTO steps(recipe_id, step_order, details) VALUES (86, 6, 'Place the skewers on the preheated grill.');
INSERT INTO steps(recipe_id, step_order, details) VALUES (86, 7, 'Bring the mixture to a boil, then reduce the heat and let it simmer for 25-30 minutes, or until the lentils are tender.');
INSERT INTO steps(recipe_id, step_order, details) VALUES (86, 8, 'Sauté the onions and garlic until they become translucent, about 3-5 minutes.');
INSERT INTO steps(recipe_id, step_order, details) VALUES (87, 1, 'Garnish with fresh herbs and serve warm."');
INSERT INTO steps(recipe_id, step_order, details) VALUES (87, 2, 'Thread the marinated meat and vegetables onto skewers.');
INSERT INTO steps(recipe_id, step_order, details) VALUES (87, 3, 'Bake in the preheated oven for 20-25 minutes, turning once halfway through, until the potatoes are golden brown and crispy.');
INSERT INTO steps(recipe_id, step_order, details) VALUES (87, 4, '');
INSERT INTO steps(recipe_id, step_order, details) VALUES (87, 5, 'Cover the baking dish with aluminum foil.');
INSERT INTO steps(recipe_id, step_order, details) VALUES (87, 6, 'While the potatoes are baking, prepare your dipping sauce by mixing mayonnaise, ketchup, and a dash of hot sauce.');
INSERT INTO steps(recipe_id, step_order, details) VALUES (87, 7, 'Once cooled, cut into squares and serve.');
INSERT INTO steps(recipe_id, step_order, details) VALUES (87, 8, 'Grill the skewers for 10-15 minutes, turning occasionally, until the meat is cooked through and the vegetables are tender.');
INSERT INTO steps(recipe_id, step_order, details) VALUES (87, 9, 'In the same skillet, cook the meat until browned on all sides.');
INSERT INTO steps(recipe_id, step_order, details) VALUES (87, 10, 'Add the chopped vegetables to the skillet and cook for an additional 5-7 minutes.');
INSERT INTO steps(recipe_id, step_order, details) VALUES (87, 11, 'Allow to cool in the pan for 10 minutes before transferring to a wire rack to cool completely.');
INSERT INTO steps(recipe_id, step_order, details) VALUES (88, 1, 'Thread the marinated meat and vegetables onto skewers.');
INSERT INTO steps(recipe_id, step_order, details) VALUES (88, 2, 'Remove the bay leaf and discard.');
INSERT INTO steps(recipe_id, step_order, details) VALUES (88, 3, 'Spread the potato wedges in a single layer on a baking sheet.');
INSERT INTO steps(recipe_id, step_order, details) VALUES (88, 4, 'Gradually whisk in the milk, stirring continuously to avoid lumps.');
INSERT INTO steps(recipe_id, step_order, details) VALUES (88, 5, 'Fold in any additional ingredients like chocolate chips or nuts.');
INSERT INTO steps(recipe_id, step_order, details) VALUES (88, 6, 'Add the diced onions, carrots, and celery, and cook until the onions are translucent, about 5 minutes.');
INSERT INTO steps(recipe_id, step_order, details) VALUES (88, 7, '');
INSERT INTO steps(recipe_id, step_order, details) VALUES (88, 8, 'Stir in the grated cheese until melted and smooth.');
INSERT INTO steps(recipe_id, step_order, details) VALUES (88, 9, 'Preheat the oven to 400°F (200°C).');
INSERT INTO steps(recipe_id, step_order, details) VALUES (88, 10, 'Place the skewers on the preheated grill.');
INSERT INTO steps(recipe_id, step_order, details) VALUES (88, 11, 'Serve the potato wedges with the dipping sauce on the side."');
INSERT INTO steps(recipe_id, step_order, details) VALUES (88, 12, 'Serve the potato wedges with the dipping sauce on the side."');
INSERT INTO steps(recipe_id, step_order, details) VALUES (88, 13, 'Add a pinch of salt to the boiling water.');
INSERT INTO steps(recipe_id, step_order, details) VALUES (89, 1, 'In a large bowl, mix together the flour, sugar, baking powder, and salt.');
INSERT INTO steps(recipe_id, step_order, details) VALUES (89, 2, 'Grease and flour a baking pan.');
INSERT INTO steps(recipe_id, step_order, details) VALUES (89, 3, 'Grease and flour a baking pan.');
INSERT INTO steps(recipe_id, step_order, details) VALUES (89, 4, 'In a large bowl, toss the potato wedges with olive oil, salt, pepper, and any desired seasonings.');
INSERT INTO steps(recipe_id, step_order, details) VALUES (89, 5, 'Spread the potato wedges in a single layer on a baking sheet.');
INSERT INTO steps(recipe_id, step_order, details) VALUES (89, 6, 'Use an immersion blender to puree the soup to your desired consistency.');
INSERT INTO steps(recipe_id, step_order, details) VALUES (89, 7, 'Add the minced garlic and cook for another minute.');
INSERT INTO steps(recipe_id, step_order, details) VALUES (89, 8, 'Gradually whisk in the milk, stirring continuously to avoid lumps.');
INSERT INTO steps(recipe_id, step_order, details) VALUES (89, 9, 'Pour the batter into the prepared baking pan.');
INSERT INTO steps(recipe_id, step_order, details) VALUES (90, 1, 'Allow to cool in the pan for 10 minutes before transferring to a wire rack to cool completely.');
INSERT INTO steps(recipe_id, step_order, details) VALUES (90, 2, 'Whisk in the flour to create a roux, cooking for 1-2 minutes.');
INSERT INTO steps(recipe_id, step_order, details) VALUES (90, 3, 'Serve the skewers with a side of rice or salad.');
INSERT INTO steps(recipe_id, step_order, details) VALUES (90, 4, 'Pour the sauce or broth over the meat and vegetables.');
INSERT INTO steps(recipe_id, step_order, details) VALUES (90, 5, 'Allow to cool in the pan for 10 minutes before transferring to a wire rack to cool completely.');
INSERT INTO steps(recipe_id, step_order, details) VALUES (90, 6, 'Once cooled, cut into squares and serve.');
INSERT INTO steps(recipe_id, step_order, details) VALUES (91, 1, 'Serve hot, garnished with fresh herbs or a dollop of yogurt if desired."');
INSERT INTO steps(recipe_id, step_order, details) VALUES (91, 2, 'In a large pot, heat the olive oil over medium heat.');
INSERT INTO steps(recipe_id, step_order, details) VALUES (91, 3, 'In another bowl, whisk together the eggs, milk, and melted butter.');
INSERT INTO steps(recipe_id, step_order, details) VALUES (91, 4, 'Serve the skewers with a side of rice or salad.');
INSERT INTO steps(recipe_id, step_order, details) VALUES (91, 5, 'Once cooled, cut into squares and serve.');
INSERT INTO steps(recipe_id, step_order, details) VALUES (91, 6, 'Cook the pasta according to the package instructions until al dente.');
INSERT INTO steps(recipe_id, step_order, details) VALUES (91, 7, 'Remove the bay leaf and discard.');
INSERT INTO steps(recipe_id, step_order, details) VALUES (91, 8, 'Pour the wet ingredients into the dry ingredients and stir until just combined.');
INSERT INTO steps(recipe_id, step_order, details) VALUES (91, 9, 'Add the bay leaf, thyme, salt, and pepper.');
INSERT INTO steps(recipe_id, step_order, details) VALUES (91, 10, 'Spread the potato wedges in a single layer on a baking sheet.');
INSERT INTO steps(recipe_id, step_order, details) VALUES (91, 11, 'Bring a large pot of water to a boil.');
INSERT INTO steps(recipe_id, step_order, details) VALUES (91, 12, 'Garnish with fresh herbs and serve warm."');
INSERT INTO steps(recipe_id, step_order, details) VALUES (92, 1, 'Use an immersion blender to puree the soup to your desired consistency.');
INSERT INTO steps(recipe_id, step_order, details) VALUES (92, 2, 'Chop the vegetables into bite-sized pieces.');
INSERT INTO steps(recipe_id, step_order, details) VALUES (92, 3, 'Preheat the grill to medium-high heat.');
INSERT INTO steps(recipe_id, step_order, details) VALUES (92, 4, 'Place the skewers on the preheated grill.');
INSERT INTO steps(recipe_id, step_order, details) VALUES (92, 5, 'Cook the pasta according to the package instructions until al dente.');
INSERT INTO steps(recipe_id, step_order, details) VALUES (92, 6, 'Gradually whisk in the milk, stirring continuously to avoid lumps.');
INSERT INTO steps(recipe_id, step_order, details) VALUES (92, 7, 'Remove the potato wedges from the oven and let cool slightly before serving.');
INSERT INTO steps(recipe_id, step_order, details) VALUES (92, 8, 'Remove the skewers from the grill and let rest for a few minutes before serving.');
INSERT INTO steps(recipe_id, step_order, details) VALUES (92, 9, 'In a medium saucepan, melt the butter over medium heat.');
INSERT INTO steps(recipe_id, step_order, details) VALUES (92, 10, 'Grill the skewers for 10-15 minutes, turning occasionally, until the meat is cooked through and the vegetables are tender.');
INSERT INTO steps(recipe_id, step_order, details) VALUES (92, 11, '');
INSERT INTO steps(recipe_id, step_order, details) VALUES (92, 12, 'Add the diced onions, carrots, and celery, and cook until the onions are translucent, about 5 minutes.');
INSERT INTO steps(recipe_id, step_order, details) VALUES (93, 1, 'Season with salt and pepper to taste.');
INSERT INTO steps(recipe_id, step_order, details) VALUES (93, 2, 'Heat a large skillet over medium heat and add olive oil.');
INSERT INTO steps(recipe_id, step_order, details) VALUES (93, 3, 'Remove the potato wedges from the oven and let cool slightly before serving.');
INSERT INTO steps(recipe_id, step_order, details) VALUES (93, 4, 'In another bowl, whisk together the eggs, milk, and melted butter.');
INSERT INTO steps(recipe_id, step_order, details) VALUES (93, 5, 'In a medium saucepan, melt the butter over medium heat.');
INSERT INTO steps(recipe_id, step_order, details) VALUES (93, 6, 'Remove the bay leaf and discard.');
INSERT INTO steps(recipe_id, step_order, details) VALUES (93, 7, 'Cut the potatoes into wedges.');
INSERT INTO steps(recipe_id, step_order, details) VALUES (93, 8, 'Add a pinch of salt to the boiling water.');
INSERT INTO steps(recipe_id, step_order, details) VALUES (94, 1, 'Transfer the sautéed vegetables to a baking dish.');
INSERT INTO steps(recipe_id, step_order, details) VALUES (94, 2, 'Use an immersion blender to puree the soup to your desired consistency.');
INSERT INTO steps(recipe_id, step_order, details) VALUES (94, 3, 'Pour the sauce or broth over the meat and vegetables.');
INSERT INTO steps(recipe_id, step_order, details) VALUES (94, 4, 'Grease and flour a baking pan.');
INSERT INTO steps(recipe_id, step_order, details) VALUES (94, 5, 'Garnish with fresh herbs and serve warm."');
INSERT INTO steps(recipe_id, step_order, details) VALUES (94, 6, 'Preheat the oven to 400°F (200°C).');
INSERT INTO steps(recipe_id, step_order, details) VALUES (94, 7, 'Bring the mixture to a boil, then reduce the heat and let it simmer for 25-30 minutes, or until the lentils are tender.');
INSERT INTO steps(recipe_id, step_order, details) VALUES (94, 8, 'Garnish with fresh herbs and serve warm."');
INSERT INTO steps(recipe_id, step_order, details) VALUES (94, 9, 'In a large bowl, toss the potato wedges with olive oil, salt, pepper, and any desired seasonings.');
INSERT INTO steps(recipe_id, step_order, details) VALUES (94, 10, 'Serve the potato wedges with the dipping sauce on the side."');
INSERT INTO steps(recipe_id, step_order, details) VALUES (95, 1, 'Bring a large pot of water to a boil.');
INSERT INTO steps(recipe_id, step_order, details) VALUES (95, 2, 'Thread the marinated meat and vegetables onto skewers.');
INSERT INTO steps(recipe_id, step_order, details) VALUES (95, 3, 'Spread the potato wedges in a single layer on a baking sheet.');
INSERT INTO steps(recipe_id, step_order, details) VALUES (95, 4, 'Pour the sauce or broth over the meat and vegetables.');
INSERT INTO steps(recipe_id, step_order, details) VALUES (95, 5, 'While the potatoes are baking, prepare your dipping sauce by mixing mayonnaise, ketchup, and a dash of hot sauce.');
INSERT INTO steps(recipe_id, step_order, details) VALUES (95, 6, 'Transfer the sautéed vegetables to a baking dish.');
INSERT INTO steps(recipe_id, step_order, details) VALUES (95, 7, 'Rinse and drain the lentils.');
INSERT INTO steps(recipe_id, step_order, details) VALUES (95, 8, 'Preheat the oven to 350°F (175°C).');
INSERT INTO steps(recipe_id, step_order, details) VALUES (95, 9, 'Remove the skewers from the grill and let rest for a few minutes before serving.');
INSERT INTO steps(recipe_id, step_order, details) VALUES (95, 10, 'Stir in the grated cheese until melted and smooth.');
INSERT INTO steps(recipe_id, step_order, details) VALUES (95, 11, 'Serve immediately, garnished with extra cheese and fresh herbs if desired."');
INSERT INTO steps(recipe_id, step_order, details) VALUES (95, 12, 'Add the minced garlic and cook for another minute.');
INSERT INTO steps(recipe_id, step_order, details) VALUES (95, 13, 'Season with salt and pepper to taste.');
INSERT INTO steps(recipe_id, step_order, details) VALUES (95, 14, 'Serve immediately, garnished with extra cheese and fresh herbs if desired."');
INSERT INTO steps(recipe_id, step_order, details) VALUES (96, 1, 'In a large bowl, mix together the flour, sugar, baking powder, and salt.');
INSERT INTO steps(recipe_id, step_order, details) VALUES (96, 2, 'Gradually whisk in the milk, stirring continuously to avoid lumps.');
INSERT INTO steps(recipe_id, step_order, details) VALUES (96, 3, 'In a medium saucepan, melt the butter over medium heat.');
INSERT INTO steps(recipe_id, step_order, details) VALUES (96, 4, 'Add the chopped vegetables to the skillet and cook for an additional 5-7 minutes.');
INSERT INTO steps(recipe_id, step_order, details) VALUES (96, 5, 'Bring a large pot of water to a boil.');
INSERT INTO steps(recipe_id, step_order, details) VALUES (96, 6, 'Cover the baking dish with aluminum foil.');
INSERT INTO steps(recipe_id, step_order, details) VALUES (96, 7, 'Fold in any additional ingredients like chocolate chips or nuts.');
INSERT INTO steps(recipe_id, step_order, details) VALUES (97, 1, 'Place the skewers on the preheated grill.');
INSERT INTO steps(recipe_id, step_order, details) VALUES (97, 2, 'Remove the potato wedges from the oven and let cool slightly before serving.');
INSERT INTO steps(recipe_id, step_order, details) VALUES (97, 3, 'While the potatoes are baking, prepare your dipping sauce by mixing mayonnaise, ketchup, and a dash of hot sauce.');
INSERT INTO steps(recipe_id, step_order, details) VALUES (97, 4, 'Allow to cool in the pan for 10 minutes before transferring to a wire rack to cool completely.');
INSERT INTO steps(recipe_id, step_order, details) VALUES (97, 5, 'Sauté the onions and garlic until they become translucent, about 3-5 minutes.');
INSERT INTO steps(recipe_id, step_order, details) VALUES (97, 6, 'Add the bay leaf, thyme, salt, and pepper.');
INSERT INTO steps(recipe_id, step_order, details) VALUES (97, 7, 'Whisk in the flour to create a roux, cooking for 1-2 minutes.');
INSERT INTO steps(recipe_id, step_order, details) VALUES (97, 8, 'While the potatoes are baking, prepare your dipping sauce by mixing mayonnaise, ketchup, and a dash of hot sauce.');
INSERT INTO steps(recipe_id, step_order, details) VALUES (97, 9, 'In a large bowl, toss the potato wedges with olive oil, salt, pepper, and any desired seasonings.');
INSERT INTO steps(recipe_id, step_order, details) VALUES (98, 1, 'Heat a large skillet over medium heat and add olive oil.');
INSERT INTO steps(recipe_id, step_order, details) VALUES (98, 2, 'Preheat the grill to medium-high heat.');
INSERT INTO steps(recipe_id, step_order, details) VALUES (98, 3, 'Season with salt and pepper to taste.');
INSERT INTO steps(recipe_id, step_order, details) VALUES (98, 4, 'Use an immersion blender to puree the soup to your desired consistency.');
INSERT INTO steps(recipe_id, step_order, details) VALUES (98, 5, 'Preheat the grill to medium-high heat.');
INSERT INTO steps(recipe_id, step_order, details) VALUES (98, 6, 'Pour the sauce or broth over the meat and vegetables.');
INSERT INTO steps(recipe_id, step_order, details) VALUES (98, 7, 'Serve immediately, garnished with extra cheese and fresh herbs if desired."');
INSERT INTO steps(recipe_id, step_order, details) VALUES (98, 8, 'Place the skewers on the preheated grill.');
INSERT INTO steps(recipe_id, step_order, details) VALUES (99, 1, '');
INSERT INTO steps(recipe_id, step_order, details) VALUES (99, 2, 'Chop the vegetables into bite-sized pieces.');
INSERT INTO steps(recipe_id, step_order, details) VALUES (99, 3, 'Gradually whisk in the milk, stirring continuously to avoid lumps.');
INSERT INTO steps(recipe_id, step_order, details) VALUES (99, 4, 'Remove the potato wedges from the oven and let cool slightly before serving.');
INSERT INTO steps(recipe_id, step_order, details) VALUES (99, 5, 'Stir in the grated cheese until melted and smooth.');
INSERT INTO steps(recipe_id, step_order, details) VALUES (99, 6, 'In the same skillet, cook the meat until browned on all sides.');
INSERT INTO steps(recipe_id, step_order, details) VALUES (99, 7, 'In a medium saucepan, melt the butter over medium heat.');
INSERT INTO steps(recipe_id, step_order, details) VALUES (99, 8, 'Bring a large pot of water to a boil.');
INSERT INTO steps(recipe_id, step_order, details) VALUES (99, 9, 'Grill the skewers for 10-15 minutes, turning occasionally, until the meat is cooked through and the vegetables are tender.');
INSERT INTO steps(recipe_id, step_order, details) VALUES (100, 1, 'In a large bowl, toss the potato wedges with olive oil, salt, pepper, and any desired seasonings.');
INSERT INTO steps(recipe_id, step_order, details) VALUES (100, 2, 'Grill the skewers for 10-15 minutes, turning occasionally, until the meat is cooked through and the vegetables are tender.');
INSERT INTO steps(recipe_id, step_order, details) VALUES (100, 3, 'While the potatoes are baking, prepare your dipping sauce by mixing mayonnaise, ketchup, and a dash of hot sauce.');
INSERT INTO steps(recipe_id, step_order, details) VALUES (100, 4, 'Serve the potato wedges with the dipping sauce on the side."');
INSERT INTO steps(recipe_id, step_order, details) VALUES (100, 5, 'Season with salt and pepper to taste.');
INSERT INTO steps(recipe_id, step_order, details) VALUES (100, 6, 'In another bowl, whisk together the eggs, milk, and melted butter.');
INSERT INTO steps(recipe_id, step_order, details) VALUES (100, 7, 'Remove from the oven and let it rest for a few minutes before serving.');
INSERT INTO steps(recipe_id, step_order, details) VALUES (100, 8, 'Season with salt and pepper to taste.');
INSERT INTO steps(recipe_id, step_order, details) VALUES (100, 9, 'Preheat the grill to medium-high heat.');
INSERT INTO steps(recipe_id, step_order, details) VALUES (100, 10, 'Preheat the oven to 400°F (200°C).');
INSERT INTO steps(recipe_id, step_order, details) VALUES (100, 11, 'Bring a large pot of water to a boil.');

INSERT INTO episode(year, ep_num, picture, picture_description) VALUES (2019, 2, 'https://placekitten.com/586/498', 'From our order table.');
INSERT INTO episode_judge(episode_id, cook_id) VALUES (1, 169);
INSERT INTO episode_judge(episode_id, cook_id) VALUES (1, 185);
INSERT INTO episode_judge(episode_id, cook_id) VALUES (1, 113);

INSERT INTO episode(year, ep_num, picture, picture_description) VALUES (2019, 3, 'https://picsum.photos/206/168', 'Change investment to.');
INSERT INTO episode_judge(episode_id, cook_id) VALUES (2, 7);
INSERT INTO episode_judge(episode_id, cook_id) VALUES (2, 113);
INSERT INTO episode_judge(episode_id, cook_id) VALUES (2, 18);

INSERT INTO episode(year, ep_num, picture, picture_description) VALUES (2019, 4, 'https://picsum.photos/311/105', 'Concern card worker happen rate step ground.');
INSERT INTO episode_judge(episode_id, cook_id) VALUES (3, 63);
INSERT INTO episode_judge(episode_id, cook_id) VALUES (3, 155);
INSERT INTO episode_judge(episode_id, cook_id) VALUES (3, 136);

INSERT INTO episode(year, ep_num, picture, picture_description) VALUES (2019, 5, 'https://picsum.photos/179/82', 'Form although old write pass.');
INSERT INTO episode_judge(episode_id, cook_id) VALUES (4, 74);
INSERT INTO episode_judge(episode_id, cook_id) VALUES (4, 143);
INSERT INTO episode_judge(episode_id, cook_id) VALUES (4, 42);

INSERT INTO episode(year, ep_num, picture, picture_description) VALUES (2019, 6, 'https://dummyimage.com/393x348', 'Blue order past moment story expect assume.');
INSERT INTO episode_judge(episode_id, cook_id) VALUES (5, 37);
INSERT INTO episode_judge(episode_id, cook_id) VALUES (5, 141);
INSERT INTO episode_judge(episode_id, cook_id) VALUES (5, 82);

INSERT INTO episode(year, ep_num, picture, picture_description) VALUES (2019, 7, 'https://placekitten.com/532/322', 'Benefit paper ready allow system professor reason.');
INSERT INTO episode_judge(episode_id, cook_id) VALUES (6, 15);
INSERT INTO episode_judge(episode_id, cook_id) VALUES (6, 29);
INSERT INTO episode_judge(episode_id, cook_id) VALUES (6, 176);

INSERT INTO episode(year, ep_num, picture, picture_description) VALUES (2019, 8, 'https://placekitten.com/926/734', 'Family relationship husband southern dog.');
INSERT INTO episode_judge(episode_id, cook_id) VALUES (7, 17);
INSERT INTO episode_judge(episode_id, cook_id) VALUES (7, 105);
INSERT INTO episode_judge(episode_id, cook_id) VALUES (7, 133);

INSERT INTO episode(year, ep_num, picture, picture_description) VALUES (2019, 9, 'https://picsum.photos/633/668', 'Leave reflect already arrive themselves.');
INSERT INTO episode_judge(episode_id, cook_id) VALUES (8, 137);
INSERT INTO episode_judge(episode_id, cook_id) VALUES (8, 5);
INSERT INTO episode_judge(episode_id, cook_id) VALUES (8, 159);

INSERT INTO episode(year, ep_num, picture, picture_description) VALUES (2019, 10, 'https://dummyimage.com/302x220', 'Chance available side reach.');
INSERT INTO episode_judge(episode_id, cook_id) VALUES (9, 185);
INSERT INTO episode_judge(episode_id, cook_id) VALUES (9, 44);
INSERT INTO episode_judge(episode_id, cook_id) VALUES (9, 186);

INSERT INTO episode(year, ep_num, picture, picture_description) VALUES (2020, 1, 'https://dummyimage.com/489x986', 'But popular wall need onto visit.');
INSERT INTO episode_judge(episode_id, cook_id) VALUES (10, 83);
INSERT INTO episode_judge(episode_id, cook_id) VALUES (10, 95);
INSERT INTO episode_judge(episode_id, cook_id) VALUES (10, 10);

INSERT INTO episode(year, ep_num, picture, picture_description) VALUES (2020, 2, 'https://placekitten.com/429/969', 'Hair hospital generation.');
INSERT INTO episode_judge(episode_id, cook_id) VALUES (11, 37);
INSERT INTO episode_judge(episode_id, cook_id) VALUES (11, 27);
INSERT INTO episode_judge(episode_id, cook_id) VALUES (11, 176);

INSERT INTO episode(year, ep_num, picture, picture_description) VALUES (2020, 3, 'https://dummyimage.com/100x64', 'Cost marriage probably however remember food.');
INSERT INTO episode_judge(episode_id, cook_id) VALUES (12, 60);
INSERT INTO episode_judge(episode_id, cook_id) VALUES (12, 2);
INSERT INTO episode_judge(episode_id, cook_id) VALUES (12, 98);

INSERT INTO episode(year, ep_num, picture, picture_description) VALUES (2020, 4, 'https://placekitten.com/272/669', 'Probably when seem test contain than.');
INSERT INTO episode_judge(episode_id, cook_id) VALUES (13, 1);
INSERT INTO episode_judge(episode_id, cook_id) VALUES (13, 145);
INSERT INTO episode_judge(episode_id, cook_id) VALUES (13, 15);

INSERT INTO episode(year, ep_num, picture, picture_description) VALUES (2020, 5, 'https://dummyimage.com/336x513', 'Main write challenge this.');
INSERT INTO episode_judge(episode_id, cook_id) VALUES (14, 100);
INSERT INTO episode_judge(episode_id, cook_id) VALUES (14, 197);
INSERT INTO episode_judge(episode_id, cook_id) VALUES (14, 146);

INSERT INTO episode(year, ep_num, picture, picture_description) VALUES (2020, 6, 'https://dummyimage.com/491x1014', 'Result individual side place represent.');
INSERT INTO episode_judge(episode_id, cook_id) VALUES (15, 31);
INSERT INTO episode_judge(episode_id, cook_id) VALUES (15, 58);
INSERT INTO episode_judge(episode_id, cook_id) VALUES (15, 196);

INSERT INTO episode(year, ep_num, picture, picture_description) VALUES (2020, 7, 'https://picsum.photos/763/690', 'Lot station may decision.');
INSERT INTO episode_judge(episode_id, cook_id) VALUES (16, 161);
INSERT INTO episode_judge(episode_id, cook_id) VALUES (16, 10);
INSERT INTO episode_judge(episode_id, cook_id) VALUES (16, 145);

INSERT INTO episode(year, ep_num, picture, picture_description) VALUES (2020, 8, 'https://placekitten.com/680/560', 'Threat year partner partner itself wear.');
INSERT INTO episode_judge(episode_id, cook_id) VALUES (17, 140);
INSERT INTO episode_judge(episode_id, cook_id) VALUES (17, 19);
INSERT INTO episode_judge(episode_id, cook_id) VALUES (17, 6);

INSERT INTO episode(year, ep_num, picture, picture_description) VALUES (2020, 9, 'https://placekitten.com/80/931', 'Natural much sense and forward imagine phone social.');
INSERT INTO episode_judge(episode_id, cook_id) VALUES (18, 167);
INSERT INTO episode_judge(episode_id, cook_id) VALUES (18, 122);
INSERT INTO episode_judge(episode_id, cook_id) VALUES (18, 147);

INSERT INTO episode(year, ep_num, picture, picture_description) VALUES (2020, 10, 'https://dummyimage.com/971x854', 'Occur type strong development enter through system stage.');
INSERT INTO episode_judge(episode_id, cook_id) VALUES (19, 166);
INSERT INTO episode_judge(episode_id, cook_id) VALUES (19, 99);
INSERT INTO episode_judge(episode_id, cook_id) VALUES (19, 73);

INSERT INTO episode(year, ep_num, picture, picture_description) VALUES (2021, 1, 'https://dummyimage.com/520x808', 'Most American weight.');
INSERT INTO episode_judge(episode_id, cook_id) VALUES (20, 176);
INSERT INTO episode_judge(episode_id, cook_id) VALUES (20, 158);
INSERT INTO episode_judge(episode_id, cook_id) VALUES (20, 100);

INSERT INTO episode(year, ep_num, picture, picture_description) VALUES (2021, 2, 'https://dummyimage.com/920x489', 'Involve when sort.');
INSERT INTO episode_judge(episode_id, cook_id) VALUES (21, 116);
INSERT INTO episode_judge(episode_id, cook_id) VALUES (21, 192);
INSERT INTO episode_judge(episode_id, cook_id) VALUES (21, 61);

INSERT INTO episode(year, ep_num, picture, picture_description) VALUES (2021, 3, 'https://picsum.photos/560/853', 'Than run short small shoulder professional market.');
INSERT INTO episode_judge(episode_id, cook_id) VALUES (22, 175);
INSERT INTO episode_judge(episode_id, cook_id) VALUES (22, 126);
INSERT INTO episode_judge(episode_id, cook_id) VALUES (22, 157);

INSERT INTO episode(year, ep_num, picture, picture_description) VALUES (2021, 4, 'https://picsum.photos/437/588', 'Understand home rise concern prevent.');
INSERT INTO episode_judge(episode_id, cook_id) VALUES (23, 65);
INSERT INTO episode_judge(episode_id, cook_id) VALUES (23, 89);
INSERT INTO episode_judge(episode_id, cook_id) VALUES (23, 163);

INSERT INTO episode(year, ep_num, picture, picture_description) VALUES (2021, 5, 'https://picsum.photos/29/879', 'Positive water again candidate see election.');
INSERT INTO episode_judge(episode_id, cook_id) VALUES (24, 117);
INSERT INTO episode_judge(episode_id, cook_id) VALUES (24, 123);
INSERT INTO episode_judge(episode_id, cook_id) VALUES (24, 40);

INSERT INTO episode(year, ep_num, picture, picture_description) VALUES (2021, 6, 'https://dummyimage.com/598x526', 'Town daughter clearly best.');
INSERT INTO episode_judge(episode_id, cook_id) VALUES (25, 117);
INSERT INTO episode_judge(episode_id, cook_id) VALUES (25, 138);
INSERT INTO episode_judge(episode_id, cook_id) VALUES (25, 93);

INSERT INTO episode(year, ep_num, picture, picture_description) VALUES (2021, 7, 'https://placekitten.com/591/633', 'Police baby choose building view well at.');
INSERT INTO episode_judge(episode_id, cook_id) VALUES (26, 58);
INSERT INTO episode_judge(episode_id, cook_id) VALUES (26, 37);
INSERT INTO episode_judge(episode_id, cook_id) VALUES (26, 74);

INSERT INTO episode(year, ep_num, picture, picture_description) VALUES (2021, 8, 'https://picsum.photos/553/366', 'Front matter strong movement member loss pass.');
INSERT INTO episode_judge(episode_id, cook_id) VALUES (27, 164);
INSERT INTO episode_judge(episode_id, cook_id) VALUES (27, 188);
INSERT INTO episode_judge(episode_id, cook_id) VALUES (27, 45);

INSERT INTO episode(year, ep_num, picture, picture_description) VALUES (2021, 9, 'https://picsum.photos/170/729', 'Computer southern nation economy adult trial.');
INSERT INTO episode_judge(episode_id, cook_id) VALUES (28, 100);
INSERT INTO episode_judge(episode_id, cook_id) VALUES (28, 66);
INSERT INTO episode_judge(episode_id, cook_id) VALUES (28, 42);

INSERT INTO episode(year, ep_num, picture, picture_description) VALUES (2021, 10, 'https://picsum.photos/176/129', 'Garden miss ready create.');
INSERT INTO episode_judge(episode_id, cook_id) VALUES (29, 95);
INSERT INTO episode_judge(episode_id, cook_id) VALUES (29, 190);
INSERT INTO episode_judge(episode_id, cook_id) VALUES (29, 6);

INSERT INTO episode(year, ep_num, picture, picture_description) VALUES (2022, 1, 'https://dummyimage.com/719x61', 'Society it southern simply I cold.');
INSERT INTO episode_judge(episode_id, cook_id) VALUES (30, 111);
INSERT INTO episode_judge(episode_id, cook_id) VALUES (30, 77);
INSERT INTO episode_judge(episode_id, cook_id) VALUES (30, 37);

INSERT INTO episode(year, ep_num, picture, picture_description) VALUES (2022, 2, 'https://placekitten.com/990/137', 'Strong value sit newspaper leader.');
INSERT INTO episode_judge(episode_id, cook_id) VALUES (31, 11);
INSERT INTO episode_judge(episode_id, cook_id) VALUES (31, 118);
INSERT INTO episode_judge(episode_id, cook_id) VALUES (31, 106);

INSERT INTO episode(year, ep_num, picture, picture_description) VALUES (2022, 3, 'https://picsum.photos/659/755', 'Already could number.');
INSERT INTO episode_judge(episode_id, cook_id) VALUES (32, 182);
INSERT INTO episode_judge(episode_id, cook_id) VALUES (32, 139);
INSERT INTO episode_judge(episode_id, cook_id) VALUES (32, 59);

INSERT INTO episode(year, ep_num, picture, picture_description) VALUES (2022, 4, 'https://placekitten.com/35/762', 'Indeed study wide television be successful.');
INSERT INTO episode_judge(episode_id, cook_id) VALUES (33, 103);
INSERT INTO episode_judge(episode_id, cook_id) VALUES (33, 33);
INSERT INTO episode_judge(episode_id, cook_id) VALUES (33, 161);

INSERT INTO episode(year, ep_num, picture, picture_description) VALUES (2022, 5, 'https://dummyimage.com/238x278', 'Network necessary seven build specific skill point.');
INSERT INTO episode_judge(episode_id, cook_id) VALUES (34, 91);
INSERT INTO episode_judge(episode_id, cook_id) VALUES (34, 54);
INSERT INTO episode_judge(episode_id, cook_id) VALUES (34, 104);

INSERT INTO episode(year, ep_num, picture, picture_description) VALUES (2022, 6, 'https://placekitten.com/503/639', 'Fall teach area feel who carry.');
INSERT INTO episode_judge(episode_id, cook_id) VALUES (35, 108);
INSERT INTO episode_judge(episode_id, cook_id) VALUES (35, 107);
INSERT INTO episode_judge(episode_id, cook_id) VALUES (35, 118);

INSERT INTO episode(year, ep_num, picture, picture_description) VALUES (2022, 7, 'https://picsum.photos/528/777', 'Future include avoid most avoid.');
INSERT INTO episode_judge(episode_id, cook_id) VALUES (36, 188);
INSERT INTO episode_judge(episode_id, cook_id) VALUES (36, 116);
INSERT INTO episode_judge(episode_id, cook_id) VALUES (36, 114);

INSERT INTO episode(year, ep_num, picture, picture_description) VALUES (2022, 8, 'https://dummyimage.com/631x614', 'Ago expect continue.');
INSERT INTO episode_judge(episode_id, cook_id) VALUES (37, 100);
INSERT INTO episode_judge(episode_id, cook_id) VALUES (37, 119);
INSERT INTO episode_judge(episode_id, cook_id) VALUES (37, 94);

INSERT INTO episode(year, ep_num, picture, picture_description) VALUES (2022, 9, 'https://placekitten.com/190/281', 'Outside beyond box window should five buy office.');
INSERT INTO episode_judge(episode_id, cook_id) VALUES (38, 87);
INSERT INTO episode_judge(episode_id, cook_id) VALUES (38, 84);
INSERT INTO episode_judge(episode_id, cook_id) VALUES (38, 171);

INSERT INTO episode(year, ep_num, picture, picture_description) VALUES (2022, 10, 'https://picsum.photos/161/474', 'Find set senior tree bag.');
INSERT INTO episode_judge(episode_id, cook_id) VALUES (39, 103);
INSERT INTO episode_judge(episode_id, cook_id) VALUES (39, 35);
INSERT INTO episode_judge(episode_id, cook_id) VALUES (39, 186);

INSERT INTO episode(year, ep_num, picture, picture_description) VALUES (2023, 1, 'https://picsum.photos/608/609', 'Sell American try information price especially.');
INSERT INTO episode_judge(episode_id, cook_id) VALUES (40, 136);
INSERT INTO episode_judge(episode_id, cook_id) VALUES (40, 53);
INSERT INTO episode_judge(episode_id, cook_id) VALUES (40, 63);

INSERT INTO episode(year, ep_num, picture, picture_description) VALUES (2023, 2, 'https://picsum.photos/106/280', 'We open blood local.');
INSERT INTO episode_judge(episode_id, cook_id) VALUES (41, 56);
INSERT INTO episode_judge(episode_id, cook_id) VALUES (41, 183);
INSERT INTO episode_judge(episode_id, cook_id) VALUES (41, 49);

INSERT INTO episode(year, ep_num, picture, picture_description) VALUES (2023, 3, 'https://dummyimage.com/960x739', 'Blood city vote time easy free continue.');
INSERT INTO episode_judge(episode_id, cook_id) VALUES (42, 146);
INSERT INTO episode_judge(episode_id, cook_id) VALUES (42, 50);
INSERT INTO episode_judge(episode_id, cook_id) VALUES (42, 187);

INSERT INTO episode(year, ep_num, picture, picture_description) VALUES (2023, 4, 'https://dummyimage.com/212x34', 'Rock call scene state radio.');
INSERT INTO episode_judge(episode_id, cook_id) VALUES (43, 169);
INSERT INTO episode_judge(episode_id, cook_id) VALUES (43, 159);
INSERT INTO episode_judge(episode_id, cook_id) VALUES (43, 94);

INSERT INTO episode(year, ep_num, picture, picture_description) VALUES (2023, 5, 'https://picsum.photos/488/835', 'Themselves office role success manage draw involve.');
INSERT INTO episode_judge(episode_id, cook_id) VALUES (44, 119);
INSERT INTO episode_judge(episode_id, cook_id) VALUES (44, 141);
INSERT INTO episode_judge(episode_id, cook_id) VALUES (44, 196);

INSERT INTO episode(year, ep_num, picture, picture_description) VALUES (2023, 6, 'https://placekitten.com/795/394', 'General identify opportunity treat explain.');
INSERT INTO episode_judge(episode_id, cook_id) VALUES (45, 105);
INSERT INTO episode_judge(episode_id, cook_id) VALUES (45, 96);
INSERT INTO episode_judge(episode_id, cook_id) VALUES (45, 165);

INSERT INTO episode(year, ep_num, picture, picture_description) VALUES (2023, 7, 'https://placekitten.com/510/255', 'Effort painting ability boy opportunity section.');
INSERT INTO episode_judge(episode_id, cook_id) VALUES (46, 79);
INSERT INTO episode_judge(episode_id, cook_id) VALUES (46, 55);
INSERT INTO episode_judge(episode_id, cook_id) VALUES (46, 101);

INSERT INTO episode(year, ep_num, picture, picture_description) VALUES (2023, 8, 'https://placekitten.com/262/377', 'Build provide car American your seat rule range.');
INSERT INTO episode_judge(episode_id, cook_id) VALUES (47, 37);
INSERT INTO episode_judge(episode_id, cook_id) VALUES (47, 121);
INSERT INTO episode_judge(episode_id, cook_id) VALUES (47, 28);

INSERT INTO episode(year, ep_num, picture, picture_description) VALUES (2023, 9, 'https://dummyimage.com/272x446', 'Off prepare response stop.');
INSERT INTO episode_judge(episode_id, cook_id) VALUES (48, 139);
INSERT INTO episode_judge(episode_id, cook_id) VALUES (48, 167);
INSERT INTO episode_judge(episode_id, cook_id) VALUES (48, 116);

INSERT INTO episode(year, ep_num, picture, picture_description) VALUES (2023, 10, 'https://picsum.photos/28/846', 'Deal certain right size than foot.');
INSERT INTO episode_judge(episode_id, cook_id) VALUES (49, 77);
INSERT INTO episode_judge(episode_id, cook_id) VALUES (49, 199);
INSERT INTO episode_judge(episode_id, cook_id) VALUES (49, 160);

INSERT INTO episode(year, ep_num, picture, picture_description) VALUES (2024, 1, 'https://placekitten.com/841/775', 'Quite kitchen cut play deal good thank.');
INSERT INTO episode_judge(episode_id, cook_id) VALUES (50, 106);
INSERT INTO episode_judge(episode_id, cook_id) VALUES (50, 14);
INSERT INTO episode_judge(episode_id, cook_id) VALUES (50, 52);

INSERT INTO episode(year, ep_num, picture, picture_description) VALUES (2024, 2, 'https://dummyimage.com/497x1003', 'Join edge item city sit.');
INSERT INTO episode_judge(episode_id, cook_id) VALUES (51, 56);
INSERT INTO episode_judge(episode_id, cook_id) VALUES (51, 87);
INSERT INTO episode_judge(episode_id, cook_id) VALUES (51, 142);

INSERT INTO episode(year, ep_num, picture, picture_description) VALUES (2024, 3, 'https://placekitten.com/122/939', 'Data book expert exist computer.');
INSERT INTO episode_judge(episode_id, cook_id) VALUES (52, 41);
INSERT INTO episode_judge(episode_id, cook_id) VALUES (52, 169);
INSERT INTO episode_judge(episode_id, cook_id) VALUES (52, 99);

INSERT INTO episode(year, ep_num, picture, picture_description) VALUES (2024, 4, 'https://placekitten.com/28/969', 'Only girl popular last.');
INSERT INTO episode_judge(episode_id, cook_id) VALUES (53, 133);
INSERT INTO episode_judge(episode_id, cook_id) VALUES (53, 111);
INSERT INTO episode_judge(episode_id, cook_id) VALUES (53, 47);

INSERT INTO episode(year, ep_num, picture, picture_description) VALUES (2024, 5, 'https://dummyimage.com/564x976', 'Civil determine toward admit doctor.');
INSERT INTO episode_judge(episode_id, cook_id) VALUES (54, 114);
INSERT INTO episode_judge(episode_id, cook_id) VALUES (54, 7);
INSERT INTO episode_judge(episode_id, cook_id) VALUES (54, 178);

INSERT INTO episode(year, ep_num, picture, picture_description) VALUES (2024, 6, 'https://picsum.photos/995/787', 'Meeting value body return miss ready even.');
INSERT INTO episode_judge(episode_id, cook_id) VALUES (55, 53);
INSERT INTO episode_judge(episode_id, cook_id) VALUES (55, 99);
INSERT INTO episode_judge(episode_id, cook_id) VALUES (55, 146);

INSERT INTO episode(year, ep_num, picture, picture_description) VALUES (2024, 7, 'https://picsum.photos/635/826', 'Note those drop executive.');
INSERT INTO episode_judge(episode_id, cook_id) VALUES (56, 171);
INSERT INTO episode_judge(episode_id, cook_id) VALUES (56, 45);
INSERT INTO episode_judge(episode_id, cook_id) VALUES (56, 70);

INSERT INTO episode(year, ep_num, picture, picture_description) VALUES (2024, 8, 'https://placekitten.com/500/374', 'Within about when force ready network nothing.');
INSERT INTO episode_judge(episode_id, cook_id) VALUES (57, 191);
INSERT INTO episode_judge(episode_id, cook_id) VALUES (57, 175);
INSERT INTO episode_judge(episode_id, cook_id) VALUES (57, 145);

INSERT INTO episode(year, ep_num, picture, picture_description) VALUES (2024, 9, 'https://picsum.photos/2/985', 'Board fill share economy.');
INSERT INTO episode_judge(episode_id, cook_id) VALUES (58, 197);
INSERT INTO episode_judge(episode_id, cook_id) VALUES (58, 40);
INSERT INTO episode_judge(episode_id, cook_id) VALUES (58, 165);

INSERT INTO episode(year, ep_num, picture, picture_description) VALUES (2024, 10, 'https://placekitten.com/556/408', 'Prove whether north ground here person.');
INSERT INTO episode_judge(episode_id, cook_id) VALUES (59, 103);
INSERT INTO episode_judge(episode_id, cook_id) VALUES (59, 148);
INSERT INTO episode_judge(episode_id, cook_id) VALUES (59, 51);

INSERT INTO episode(year, ep_num, picture, picture_description) VALUES (2025, 1, 'https://picsum.photos/501/665', 'Ground serve mouth manage issue none.');
INSERT INTO episode_judge(episode_id, cook_id) VALUES (60, 39);
INSERT INTO episode_judge(episode_id, cook_id) VALUES (60, 106);
INSERT INTO episode_judge(episode_id, cook_id) VALUES (60, 82);



