INSERT INTO cuisine (title) VALUES ('Croatia');
INSERT INTO cuisine (title) VALUES ('Kuwait');
INSERT INTO cuisine (title) VALUES ('Isle of Man');
INSERT INTO cuisine (title) VALUES ('Antigua and Barbuda');
INSERT INTO cuisine (title) VALUES ('American Samoa');
INSERT INTO cuisine (title) VALUES ('Sierra Leone');
INSERT INTO cuisine (title) VALUES ('Montenegro');
INSERT INTO cuisine (title) VALUES ('French Polynesia');
INSERT INTO cuisine (title) VALUES ('Ghana');
INSERT INTO cuisine (title) VALUES ('Namibia');
INSERT INTO cuisine (title) VALUES ('Niue');
INSERT INTO cuisine (title) VALUES ('Poland');
INSERT INTO cuisine (title) VALUES ('Cameroon');
INSERT INTO cuisine (title) VALUES ('Benin');
INSERT INTO cuisine (title) VALUES ('Russian Federation');
INSERT INTO cuisine (title) VALUES ('Aruba');
INSERT INTO cuisine (title) VALUES ('Bahrain');
INSERT INTO cuisine (title) VALUES ('Lithuania');
INSERT INTO cuisine (title) VALUES ('Reunion');
INSERT INTO cuisine (title) VALUES ('Norfolk Island');
INSERT INTO cuisine (title) VALUES ('Philippines');
INSERT INTO cuisine (title) VALUES ('Jordan');
INSERT INTO cuisine (title) VALUES ('Mauritius');
INSERT INTO cuisine (title) VALUES ('Myanmar');
INSERT INTO cuisine (title) VALUES ('Heard Island and McDonald Islands');
INSERT INTO cuisine (title) VALUES ('Venezuela');
INSERT INTO cuisine (title) VALUES ('United States of America');
INSERT INTO cuisine (title) VALUES ('Pitcairn Islands');
INSERT INTO cuisine (title) VALUES ('Lebanon');
INSERT INTO cuisine (title) VALUES ('Martinique');
INSERT INTO cuisine (title) VALUES ('Guinea-Bissau');
INSERT INTO cuisine (title) VALUES ('Northern Mariana Islands');
INSERT INTO cuisine (title) VALUES ('Gabon');
INSERT INTO cuisine (title) VALUES ('Singapore');
INSERT INTO cuisine (title) VALUES ('Saint Lucia');
INSERT INTO cuisine (title) VALUES ('Moldova');
INSERT INTO cuisine (title) VALUES ('Romania');
INSERT INTO cuisine (title) VALUES ('Saudi Arabia');
INSERT INTO cuisine (title) VALUES ('Bulgaria');
INSERT INTO cuisine (title) VALUES ('Malta');
INSERT INTO cuisine (title) VALUES ('Luxembourg');
INSERT INTO cuisine (title) VALUES ('Sao Tome and Principe');
INSERT INTO cuisine (title) VALUES ('Kyrgyz Republic');
INSERT INTO cuisine (title) VALUES ('Turkmenistan');
INSERT INTO cuisine (title) VALUES ('Congo');
INSERT INTO cuisine (title) VALUES ('Palau');
INSERT INTO cuisine (title) VALUES ('Western Sahara');
INSERT INTO cuisine (title) VALUES ('Argentina');
INSERT INTO cuisine (title) VALUES ('Vanuatu');
INSERT INTO cuisine (title) VALUES ('United Kingdom');

INSERT INTO meal_type (title) VALUES ('After-noon snack');
INSERT INTO meal_type (title) VALUES ('Lunch');
INSERT INTO meal_type (title) VALUES ('Breakfast');
INSERT INTO meal_type (title) VALUES ('Brunch');
INSERT INTO meal_type (title) VALUES ('Dinner');
INSERT INTO meal_type (title) VALUES ('Snack');

INSERT INTO theme (title, theme_description) VALUES ('Stir-Fry Fiesta', 'Case beautiful new receive assume. Central no some open sort production ever.');
INSERT INTO theme (title, theme_description) VALUES ('Grill Bonanza', 'Manager between any more community picture base sister. Teacher data list option nation.');
INSERT INTO theme (title, theme_description) VALUES ('Pasta Party', 'Nature or energy at.');
INSERT INTO theme (title, theme_description) VALUES ('Kids Kitchen Creations', 'Year threat name model Mr travel assume poor.');
INSERT INTO theme (title, theme_description) VALUES ('Healthy Eating', 'Ask difference case between man. Majority PM apply owner.');
INSERT INTO theme (title, theme_description) VALUES ('Summer BBQ', 'These discuss statement role person. Along others party question image.');
INSERT INTO theme (title, theme_description) VALUES ('Italian Night', 'Country part consider ask.');
INSERT INTO theme (title, theme_description) VALUES ('Salad Celebration', 'Like movie ago simply free situation across west. Chance history long case throughout provide later can.');
INSERT INTO theme (title, theme_description) VALUES ('Grain Bowl Galore', 'Book build visit wish.');
INSERT INTO theme (title, theme_description) VALUES ('Game Day Grub', 'Scientist level miss hard. Door eight military culture.');
INSERT INTO theme (title, theme_description) VALUES ('Plant-Based Paradise', 'Want against billion son around. Little fire themselves police race.');
INSERT INTO theme (title, theme_description) VALUES ('Cocktail Hour', 'Although cost government word idea.');
INSERT INTO theme (title, theme_description) VALUES ('Asian Fusion', 'Whose behind fish easy page.');
INSERT INTO theme (title, theme_description) VALUES ('Rice Bowl Revival', 'Get student human decade everybody left particular. Lay his forget arrive begin fish agree.');
INSERT INTO theme (title, theme_description) VALUES ('Seafood Spectacular', 'Probably case personal full language paper.');
INSERT INTO theme (title, theme_description) VALUES ('Curry Craze', 'Recent sign away prove instead. Term food street method between.');
INSERT INTO theme (title, theme_description) VALUES ('Sushi Night', 'Truth day difference work fire.');
INSERT INTO theme (title, theme_description) VALUES ('Street Food Sensation', 'Forget really meeting smile.');
INSERT INTO theme (title, theme_description) VALUES ('Mediterranean Delight', 'Hope only than meet group water. Fly his consumer partner than.');
INSERT INTO theme (title, theme_description) VALUES ('Comfort Classics', 'Act range after long. Traditional senior evening century later quite.');
INSERT INTO theme (title, theme_description) VALUES ('Healthy Snack Attack', 'Former security girl over.');
INSERT INTO theme (title, theme_description) VALUES ('Farm-to-Table', 'Up ago cost sing protect. Law future security care.');
INSERT INTO theme (title, theme_description) VALUES ('Global Cuisine Adventure', 'Middle stuff notice act never. View resource many.');
INSERT INTO theme (title, theme_description) VALUES ('Date Night Dinner', 'Space huge less place who new.');
INSERT INTO theme (title, theme_description) VALUES ('Weeknight Wonders', 'Be great thousand should wide control most usually.');
INSERT INTO theme (title, theme_description) VALUES ('Homestyle Cooking', 'Prove window community argue take ok. Price full religious form how.');
INSERT INTO theme (title, theme_description) VALUES ('Taco Tuesday', 'State early less reason fire stuff.');
INSERT INTO theme (title, theme_description) VALUES ('Burger Bash', 'Pm somebody under high series. Charge here whether however experience loss Congress.');
INSERT INTO theme (title, theme_description) VALUES ('Holiday Feast', 'Mention marriage end health. Mr your scene position less use.');
INSERT INTO theme (title, theme_description) VALUES ('Baking Bonanza', 'Team cup result effort far.');
INSERT INTO theme (title, theme_description) VALUES ('Mexican Fiesta', 'Protect increase even wall.');
INSERT INTO theme (title, theme_description) VALUES ('Juice Bar Delight', 'Nice civil quite card win become. Affect style report group newspaper.');
INSERT INTO theme (title, theme_description) VALUES ('Mocktail Madness', 'Relationship remember wall arrive.');
INSERT INTO theme (title, theme_description) VALUES ('Grilling Galore', 'Meet suffer hair production. Rich middle impact claim nation everybody.');
INSERT INTO theme (title, theme_description) VALUES ('Smoothie Sensation', 'Job without interest set arm.');
INSERT INTO theme (title, theme_description) VALUES ('Sandwich Sensation', 'Include half hear year southern. Well consumer possible sometimes popular institution affect.');
INSERT INTO theme (title, theme_description) VALUES ('Soup Supper', 'Hope war wind whatever. College ahead factor account budget officer cut.');
INSERT INTO theme (title, theme_description) VALUES ('Dessert Extravaganza', 'Herself ever wide control. Money production century seat.');
INSERT INTO theme (title, theme_description) VALUES ('Brunch Bonanza', 'Figure exist role space media.');
INSERT INTO theme (title, theme_description) VALUES ('Pizza Party', 'Significant leg opportunity play local become imagine. Avoid long onto mouth change position.');

INSERT INTO tag (title) VALUES ('Brunch');
INSERT INTO tag (title) VALUES ('Beverage');
INSERT INTO tag (title) VALUES ('Kid-Friendly');
INSERT INTO tag (title) VALUES ('Vegan');
INSERT INTO tag (title) VALUES ('Baby Shower');
INSERT INTO tag (title) VALUES ('Rice');
INSERT INTO tag (title) VALUES ('New Year`s Eve');
INSERT INTO tag (title) VALUES ('Hiking');
INSERT INTO tag (title) VALUES ('Healthy');
INSERT INTO tag (title) VALUES ('Grilling');
INSERT INTO tag (title) VALUES ('Middle Eastern');
INSERT INTO tag (title) VALUES ('Picnic');
INSERT INTO tag (title) VALUES ('Holiday');
INSERT INTO tag (title) VALUES ('Low-Fat');
INSERT INTO tag (title) VALUES ('Smoothie');
INSERT INTO tag (title) VALUES ('Pasta');
INSERT INTO tag (title) VALUES ('Nut-Free');
INSERT INTO tag (title) VALUES ('Holiday Dinner');
INSERT INTO tag (title) VALUES ('Anniversary');
INSERT INTO tag (title) VALUES ('Post-Workout');
INSERT INTO tag (title) VALUES ('Spring');
INSERT INTO tag (title) VALUES ('Keto-Friendly');
INSERT INTO tag (title) VALUES ('Mocktail');
INSERT INTO tag (title) VALUES ('Soup');
INSERT INTO tag (title) VALUES ('Seafood');
INSERT INTO tag (title) VALUES ('Road Trip');
INSERT INTO tag (title) VALUES ('Asian');
INSERT INTO tag (title) VALUES ('Bachelor Cooking');
INSERT INTO tag (title) VALUES ('Weeknight Dinner');
INSERT INTO tag (title) VALUES ('Quick & Easy');
INSERT INTO tag (title) VALUES ('Bachelorette Cooking');
INSERT INTO tag (title) VALUES ('Digestive Health');
INSERT INTO tag (title) VALUES ('Cookie');
INSERT INTO tag (title) VALUES ('Game Day');
INSERT INTO tag (title) VALUES ('Hangover Cure');
INSERT INTO tag (title) VALUES ('Fitness');
INSERT INTO tag (title) VALUES ('Indian');
INSERT INTO tag (title) VALUES ('Thanksgiving');
INSERT INTO tag (title) VALUES ('Meal Prep');
INSERT INTO tag (title) VALUES ('Energy Boost');
INSERT INTO tag (title) VALUES ('Gluten-Free');
INSERT INTO tag (title) VALUES ('Pre-Workout');
INSERT INTO tag (title) VALUES ('Mediterranean');
INSERT INTO tag (title) VALUES ('Appetizer');
INSERT INTO tag (title) VALUES ('Winter');
INSERT INTO tag (title) VALUES ('Immune Boost');
INSERT INTO tag (title) VALUES ('Casserole');
INSERT INTO tag (title) VALUES ('Cake');
INSERT INTO tag (title) VALUES ('Date Night');
INSERT INTO tag (title) VALUES ('Camping');
INSERT INTO tag (title) VALUES ('Whole30');
INSERT INTO tag (title) VALUES ('Movie Night');
INSERT INTO tag (title) VALUES ('Valentine`s Day');
INSERT INTO tag (title) VALUES ('Vegetarian');
INSERT INTO tag (title) VALUES ('Side Dish');
INSERT INTO tag (title) VALUES ('Budget-Friendly');
INSERT INTO tag (title) VALUES ('Girls` Night');
INSERT INTO tag (title) VALUES ('Potluck');
INSERT INTO tag (title) VALUES ('Brain Food');
INSERT INTO tag (title) VALUES ('Slow Cooker');
INSERT INTO tag (title) VALUES ('Bridal Shower');
INSERT INTO tag (title) VALUES ('Juice');
INSERT INTO tag (title) VALUES ('Tailgating');
INSERT INTO tag (title) VALUES ('Grain-Free');
INSERT INTO tag (title) VALUES ('Snack');
INSERT INTO tag (title) VALUES ('Family-Friendly');
INSERT INTO tag (title) VALUES ('Backpacking');
INSERT INTO tag (title) VALUES ('Easter');
INSERT INTO tag (title) VALUES ('Salad');
INSERT INTO tag (title) VALUES ('Low-Calorie');
INSERT INTO tag (title) VALUES ('Paleo');
INSERT INTO tag (title) VALUES ('High-Protein');
INSERT INTO tag (title) VALUES ('Italian');
INSERT INTO tag (title) VALUES ('Dairy-Free');
INSERT INTO tag (title) VALUES ('Mexican');
INSERT INTO tag (title) VALUES ('Fall');
INSERT INTO tag (title) VALUES ('Boys` Night');
INSERT INTO tag (title) VALUES ('Low-Carb');
INSERT INTO tag (title) VALUES ('Graduation Party');
INSERT INTO tag (title) VALUES ('Dinner Party');
INSERT INTO tag (title) VALUES ('Summer');
INSERT INTO tag (title) VALUES ('Cocktail');
INSERT INTO tag (title) VALUES ('BBQ');
INSERT INTO tag (title) VALUES ('Christmas');
INSERT INTO tag (title) VALUES ('Detox');
INSERT INTO tag (title) VALUES ('Beach Day');
INSERT INTO tag (title) VALUES ('Stew');
INSERT INTO tag (title) VALUES ('Sunday Meal Prep');
INSERT INTO tag (title) VALUES ('Stress Relief');
INSERT INTO tag (title) VALUES ('Pool Party');
INSERT INTO tag (title) VALUES ('Dorm Cooking');
INSERT INTO tag (title) VALUES ('Wedding');
INSERT INTO tag (title) VALUES ('Comfort Food');
INSERT INTO tag (title) VALUES ('Dessert');
INSERT INTO tag (title) VALUES ('High-Fiber');
INSERT INTO tag (title) VALUES ('One-Pot');
INSERT INTO tag (title) VALUES ('Bread');
INSERT INTO tag (title) VALUES ('Sunday Brunch');
INSERT INTO tag (title) VALUES ('Halloween');
INSERT INTO tag (title) VALUES ('Instant Pot');

INSERT INTO tip(title) VALUES ('Keep a kitchen towel or damp cloth under your cutting board to prevent it from slipping while you work.');
INSERT INTO tip(title) VALUES ('When baking, bring ingredients to room temperature to ensure better incorporation and a smoother texture.');
INSERT INTO tip(title) VALUES ('Don`t rush caramelization when sautéing onions or vegetables to develop deeper flavor.');
INSERT INTO tip(title) VALUES ('Invest in a good set of knives and keep them sharp for safer and more efficient cooking.');
INSERT INTO tip(title) VALUES ('Label and date leftovers before storing them in the refrigerator to track freshness and reduce food waste.');
INSERT INTO tip(title) VALUES ('Preheat your pan or oven before cooking to ensure even cooking and proper searing.');
INSERT INTO tip(title) VALUES ('When making sauces or soups, gradually add liquids to thicken sauces and avoid lumps.');
INSERT INTO tip(title) VALUES ('Let meat rest after cooking to allow juices to redistribute and ensure juicier results.');
INSERT INTO tip(title) VALUES ('When cooking pasta, reserve some of the pasta cooking water to add to sauces for extra flavor and to adjust consistency.');
INSERT INTO tip(title) VALUES ('Use citrus juice or vinegar to brighten flavors and add acidity to dishes.');
INSERT INTO tip(title) VALUES ('Taste as you cook and adjust seasoning accordingly to achieve the perfect flavor balance.');
INSERT INTO tip(title) VALUES ('Season meat at least 30 minutes before cooking to enhance flavor.');
INSERT INTO tip(title) VALUES ('When boiling eggs, add a splash of vinegar to the water to help prevent the eggs from cracking.');
INSERT INTO tip(title) VALUES ('When cooking with wine, use one that you would drink, as the flavor will concentrate as it cooks down.');
INSERT INTO tip(title) VALUES ('Keep your knives sharp by regularly honing them with a honing steel and occasionally sharpening them with a whetstone or knife sharpener.');
INSERT INTO tip(title) VALUES ('Read the recipe thoroughly before starting to ensure you have all the ingredients and understand the steps.');
INSERT INTO tip(title) VALUES ('Use the right size pan for the job to ensure even cooking and prevent overcrowding.');
INSERT INTO tip(title) VALUES ('When baking cookies, chill the dough for at least 30 minutes before baking to prevent spreading and ensure chewy texture.');
INSERT INTO tip(title) VALUES ('Learn to properly season your food with salt and pepper to enhance flavors without overpowering them.');
INSERT INTO tip(title) VALUES ('To prevent overcooking, blanch vegetables in boiling water for a few minutes, then immediately transfer them to an ice bath to stop the cooking process."');
INSERT INTO tip(title) VALUES ('When working with hot peppers, wear gloves to protect your hands from the oils, and avoid touching your face or eyes.');
INSERT INTO tip(title) VALUES ('Use a microplane grater to easily grate garlic, ginger, citrus zest, and hard cheeses.');
INSERT INTO tip(title) VALUES ('Store spices in a cool, dark place away from heat and moisture to maintain their freshness and potency.');
INSERT INTO tip(title) VALUES ('Don`t peek while your baked goods are in the oven to avoid fluctuations in temperature and potential deflation.');
INSERT INTO tip(title) VALUES ('Use a kitchen scale to accurately measure ingredients, especially for baking.');
INSERT INTO tip(title) VALUES ('Don`t throw away vegetable scraps; save them to make homemade vegetable stock or broth.');
INSERT INTO tip(title) VALUES ('When cooking with garlic, finely mince or press it for stronger flavor, or slice it for milder flavor.');
INSERT INTO tip(title) VALUES ('When making salads, dress the greens just before serving to prevent them from wilting prematurely.');
INSERT INTO tip(title) VALUES ('Use fresh herbs whenever possible for brighter and more vibrant flavors in your dishes.');
INSERT INTO tip(title) VALUES ('Use the correct cooking method for each ingredient to maximize flavor and texture; for example, roast root vegetables for caramelization or steam delicate fish for gentle cooking.');
INSERT INTO tip(title) VALUES ('When cooking grains like rice or quinoa, rinse them under cold water before cooking to remove excess starch and prevent clumping.');
INSERT INTO tip(title) VALUES ('Use high-quality ingredients for better-tasting dishes, especially for simple recipes with few ingredients.');
INSERT INTO tip(title) VALUES ('When frying, use a neutral oil with a high smoke point, such as canola or peanut oil, to prevent burning and imparting off flavors.');
INSERT INTO tip(title) VALUES ('Don`t be afraid to experiment with flavors and ingredients to create your own unique dishes.');
INSERT INTO tip(title) VALUES ('Clean as you go to maintain a tidy workspace and make cleanup easier after cooking.');
INSERT INTO tip(title) VALUES ('Let doughs rest before rolling or shaping to relax the gluten and make them easier to work with.');
INSERT INTO tip(title) VALUES ('Don`t be afraid to adjust recipes to suit your taste preferences or dietary restrictions.');
INSERT INTO tip(title) VALUES ('Use a meat thermometer to ensure meat is cooked to the proper internal temperature and avoid overcooking.');
INSERT INTO tip(title) VALUES ('Use parchment paper or silicone baking mats to line baking sheets for easier cleanup and to prevent sticking.');
INSERT INTO tip(title) VALUES ('Don`t overcrowd the pan when sautéing or frying to ensure even cooking and browning.');

INSERT INTO equipment (title, details, picture, picture_description) VALUES('Box grater', 'Development remain wind season manage. Create whom professor letter idea because environment.', 'https://placekitten.com/852/698', 'Surface white may.');
INSERT INTO equipment (title, details, picture, picture_description) VALUES('Slotted spoon', 'Seem paper high lay.', 'https://dummyimage.com/991x32', 'Develop article ten himself rich establish.');
INSERT INTO equipment (title, details, picture, picture_description) VALUES('Kitchen shears', 'Black past hour toward forward determine space door.', 'https://picsum.photos/385/481', 'Table son difficult guy exactly.');
INSERT INTO equipment (title, details, picture, picture_description) VALUES('Measuring spoons', 'Base be guy less happen determine language thus. Personal either old.', 'https://placekitten.com/781/724', 'Ability figure president.');
INSERT INTO equipment (title, details, picture, picture_description) VALUES('Microplane', 'Artist some environment claim star business.', 'https://dummyimage.com/796x128', 'Able both collection despite memory air still letter.');
INSERT INTO equipment (title, details, picture, picture_description) VALUES('Ladle', 'Charge throughout race Congress author trade campaign.', 'https://placekitten.com/863/988', 'Lead wish surface himself chance success.');
INSERT INTO equipment (title, details, picture, picture_description) VALUES('Chef`s knife', 'President available chance blue media central most account.', 'https://dummyimage.com/397x754', 'Public my rest anything movement may.');
INSERT INTO equipment (title, details, picture, picture_description) VALUES('Peeler', 'Official example brother discover lose nice close.', 'https://picsum.photos/502/751', 'Any senior future former bring very position usually.');
INSERT INTO equipment (title, details, picture, picture_description) VALUES('Rolling pin', 'Current put program sea support. Across hundred accept lose sure.', 'https://dummyimage.com/592x137', 'Argue painting design out school quality music.');
INSERT INTO equipment (title, details, picture, picture_description) VALUES('Measuring cups', 'Feel tax field author nearly.', 'https://dummyimage.com/632x633', 'Dream color course.');
INSERT INTO equipment (title, details, picture, picture_description) VALUES('Tongs', 'Daughter behind democratic also store continue of.', 'https://picsum.photos/384/794', 'Shake ago day modern.');
INSERT INTO equipment (title, details, picture, picture_description) VALUES('Wooden spoon', 'Grow skill near environment seat century American reason.', 'https://placekitten.com/662/881', 'Job agency before wait become economy.');
INSERT INTO equipment (title, details, picture, picture_description) VALUES('Colander', 'Recently us unit note concern often.', 'https://picsum.photos/758/699', 'Respond early science third adult owner traditional.');
INSERT INTO equipment (title, details, picture, picture_description) VALUES('Can opener', 'Remain give authority. Year pretty north learn left.', 'https://picsum.photos/121/155', 'Building room senior civil.');
INSERT INTO equipment (title, details, picture, picture_description) VALUES('Cutting board', 'Option difference like even article off center. Likely interesting season friend.', 'https://picsum.photos/914/692', 'Perhaps current star tax avoid.');
INSERT INTO equipment (title, details, picture, picture_description) VALUES('Kitchen thermometer', 'Prove career statement audience. Message election may kid defense.', 'https://placekitten.com/207/453', 'Whatever travel Democrat glass field region industry.');
INSERT INTO equipment (title, details, picture, picture_description) VALUES('Garlic press', 'Fall house yet tonight good. Attorney and answer right opportunity.', 'https://placekitten.com/282/706', 'Weight before yourself former growth continue.');
INSERT INTO equipment (title, details, picture, picture_description) VALUES('Spatula', 'Worry increase gun then program seat consumer.', 'https://picsum.photos/482/705', 'Candidate choice lawyer general democratic treatment back major.');
INSERT INTO equipment (title, details, picture, picture_description) VALUES('Whisk', 'Area answer enough doctor environmental. Anything investment foot present book page.', 'https://picsum.photos/343/604', 'Whatever better soon short.');
INSERT INTO equipment (title, details, picture, picture_description) VALUES('Blender', 'General affect listen church Congress. Investment ground never safe phone we.', 'https://picsum.photos/1024/262', 'Avoid seem standard middle big begin.');

INSERT INTO cook_role (title) VALUES ('Chef');
INSERT INTO cook_role (title) VALUES ('Sous-chef');
INSERT INTO cook_role (title) VALUES ('A cook');
INSERT INTO cook_role (title) VALUES ('B cook');
INSERT INTO cook_role (title) VALUES ('C cook');

INSERT INTO food_group(title, food_group_description, char_if_main, picture, picture_description) VALUES('Fruits', 'International system card cut ok natural. Fund exactly hand early mind alone.', 'Kids will love it', 'https://placekitten.com/691/690', 'Defense majority factor federal data television.');
INSERT INTO food_group(title, food_group_description, char_if_main, picture, picture_description) VALUES('Condiments', 'Security not wait information fill.', 'Meat-Lovers', 'https://placekitten.com/34/453', 'Government boy he operation.');
INSERT INTO food_group(title, food_group_description, char_if_main, picture, picture_description) VALUES('Breads and Baked Goods', 'Start wonder arm key political tell song son. Professional thought high record major industry establish bank.', 'Party-platters', 'https://dummyimage.com/359x829', 'Newspaper ahead toward strategy car dinner up.');
INSERT INTO food_group(title, food_group_description, char_if_main, picture, picture_description) VALUES('Seafood', 'Remember close some standard left.', 'Perfect dinner-date', 'https://picsum.photos/320/299', 'Finally country out set morning expert director.');
INSERT INTO food_group(title, food_group_description, char_if_main, picture, picture_description) VALUES('Nuts and Seeds', 'City report sell benefit city force decade. Life again good prevent treatment gas.', 'Keto', 'https://dummyimage.com/363x504', 'Others hope car month.');
INSERT INTO food_group(title, food_group_description, char_if_main, picture, picture_description) VALUES('Meat', 'Wife process peace black bed inside.', 'Water-based', 'https://dummyimage.com/448x86', 'Mouth call certain grow.');
INSERT INTO food_group(title, food_group_description, char_if_main, picture, picture_description) VALUES('Beverages', 'Discussion go occur which gas put continue floor.', 'Spreadable and maintanable', 'https://placekitten.com/754/44', 'Mean recent laugh recognize state.');
INSERT INTO food_group(title, food_group_description, char_if_main, picture, picture_description) VALUES('Herbs and Spices', 'Threat safe place couple end put. Per student western available.', 'Soups for the winter', 'https://dummyimage.com/99x850', 'Stock reduce concern.');
INSERT INTO food_group(title, food_group_description, char_if_main, picture, picture_description) VALUES('Pasta and Noodles', 'Political site race hospital save point.', 'Milk-based', 'https://placekitten.com/916/862', 'Apply under apply list speech design exist president.');
INSERT INTO food_group(title, food_group_description, char_if_main, picture, picture_description) VALUES('Grains', 'Girl Republican understand reality stage detail course.', 'Chiken-based', 'https://dummyimage.com/697x726', 'Congress ground anyone save.');
INSERT INTO food_group(title, food_group_description, char_if_main, picture, picture_description) VALUES('Vegetables', 'Oil tree yet fire film room less area.', 'Nut-Based', 'https://dummyimage.com/740x683', 'Young remember learn rather may lot.');
INSERT INTO food_group(title, food_group_description, char_if_main, picture, picture_description) VALUES('Dairy', 'Unit watch sort thank. Increase else main note.', 'Soy-Based', 'https://placekitten.com/920/785', 'Store just be dream may box song forward.');
INSERT INTO food_group(title, food_group_description, char_if_main, picture, picture_description) VALUES('Snacks', 'Eye fight go.', 'Pork-based', 'https://dummyimage.com/501x190', 'Cost professional around so science.');
INSERT INTO food_group(title, food_group_description, char_if_main, picture, picture_description) VALUES('Desserts', 'Whatever business short. Relate easy run themselves pull.', 'For vegans', 'https://placekitten.com/422/520', 'Attention week chair hospital city key.');
INSERT INTO food_group(title, food_group_description, char_if_main, picture, picture_description) VALUES('Legumes', 'List similar less life population without style. Bed prove pass watch technology mother event be.', 'Vegeterian', 'https://picsum.photos/818/926', 'Operation notice certain sea question majority imagine.');
INSERT INTO food_group(title, food_group_description, char_if_main, picture, picture_description) VALUES('Sauces', 'Most surface between possible away.', 'Spicy', 'https://placekitten.com/924/520', 'Notice son stock bring up however.');
INSERT INTO food_group(title, food_group_description, char_if_main, picture, picture_description) VALUES('Oils and Fats', 'Bring require nearly exist week money his. Program science our oil serious tax meeting.', 'Pesceterian', 'https://dummyimage.com/119x808', 'Sea rather spend mother.');
INSERT INTO food_group(title, food_group_description, char_if_main, picture, picture_description) VALUES('Poultry', 'Knowledge president teacher best year. Enough a side mother college.', 'Pasta-Lovers', 'https://dummyimage.com/395x369', 'Financial clear reflect on mouth nearly real.');
INSERT INTO food_group(title, food_group_description, char_if_main, picture, picture_description) VALUES('Protein Foods', 'Into mind several hard moment control. Protect involve defense people budget discussion.', 'Full of protein and fats', 'https://placekitten.com/189/229', 'Teach here spend mean.');
INSERT INTO food_group(title, food_group_description, char_if_main, picture, picture_description) VALUES('Eggs', 'Now week share outside kid those.', 'Gluten-Free', 'https://dummyimage.com/643x82', 'Evidence history north sign necessary.');
INSERT INTO food_group(title, food_group_description, char_if_main, picture, picture_description) VALUES('Candy', 'Later the attorney will come.', 'Kids will love it', 'https://fakeimage.com/543x82', 'Pirate crab walk necessary.');

INSERT INTO cook(first_name, last_name, phone, d_birth, age, exp_years, cook_role_id, picture, picture_description) VALUES('Daniel', 'Jones', 6949316670, '1997-06-24', NULL, 4, 5, 'https://picsum.photos/664/2', 'Professor least laugh enjoy low artist.');
INSERT INTO cook(first_name, last_name, phone, d_birth, age, exp_years, cook_role_id, picture, picture_description) VALUES('Vincent', 'Medina', 6916175969, '1995-04-26', NULL, 3, 3, 'https://dummyimage.com/900x454', 'Can necessary western offer consider series.');
INSERT INTO cook(first_name, last_name, phone, d_birth, age, exp_years, cook_role_id, picture, picture_description) VALUES('Ian', 'Warner', 6918177344, '1997-02-06', NULL, 2, 2, 'https://picsum.photos/975/953', 'Similar impact let citizen of structure.');
INSERT INTO cook(first_name, last_name, phone, d_birth, age, exp_years, cook_role_id, picture, picture_description) VALUES('Ashlee', 'Le', 6917345981, '1985-06-14', NULL, 1, 3, 'https://dummyimage.com/983x281', 'They project see investment hit sell.');
INSERT INTO cook(first_name, last_name, phone, d_birth, age, exp_years, cook_role_id, picture, picture_description) VALUES('Dustin', 'Carter', 6960701448, '1992-04-17', NULL, 9, 4, 'https://dummyimage.com/78x958', 'Interest remain time military.');
INSERT INTO cook(first_name, last_name, phone, d_birth, age, exp_years, cook_role_id, picture, picture_description) VALUES('Derrick', 'Smith', 6941564242, '1992-10-21', NULL, 2, 3, 'https://dummyimage.com/670x270', 'National Republican soldier kind design while bad.');
INSERT INTO cook(first_name, last_name, phone, d_birth, age, exp_years, cook_role_id, picture, picture_description) VALUES('Michael', 'White', 6940623340, '1987-05-25', NULL, 9, 5, 'https://picsum.photos/200/644', 'Total heart without activity behavior close two up.');
INSERT INTO cook(first_name, last_name, phone, d_birth, age, exp_years, cook_role_id, picture, picture_description) VALUES('Timothy', 'Wilson', 6956924453, '1990-03-02', NULL, 1, 4, 'https://picsum.photos/722/973', 'Once expect federal boy phone so.');
INSERT INTO cook(first_name, last_name, phone, d_birth, age, exp_years, cook_role_id, picture, picture_description) VALUES('Patrick', 'Stephens', 6979083194, '1969-04-29', NULL, 11, 4, 'https://placekitten.com/964/574', 'Long paper brother table.');
INSERT INTO cook(first_name, last_name, phone, d_birth, age, exp_years, cook_role_id, picture, picture_description) VALUES('Sarah', 'Bailey', 6973272258, '1967-01-13', NULL, 28, 2, 'https://dummyimage.com/765x798', 'Professor while travel themselves.');
INSERT INTO cook(first_name, last_name, phone, d_birth, age, exp_years, cook_role_id, picture, picture_description) VALUES('Matthew', 'Joyce', 6914887733, '1993-09-01', NULL, 3, 2, 'https://picsum.photos/166/35', 'No nation help social control draw eight commercial.');
INSERT INTO cook(first_name, last_name, phone, d_birth, age, exp_years, cook_role_id, picture, picture_description) VALUES('Jessica', 'Travis', 6998834491, '1960-02-04', NULL, 4, 1, 'https://placekitten.com/221/513', 'Some chance former.');
INSERT INTO cook(first_name, last_name, phone, d_birth, age, exp_years, cook_role_id, picture, picture_description) VALUES('Rebecca', 'Ferguson', 6923411213, '1999-02-01', NULL, 1, 5, 'https://placekitten.com/143/669', 'Wish north maintain none stay company as.');
INSERT INTO cook(first_name, last_name, phone, d_birth, age, exp_years, cook_role_id, picture, picture_description) VALUES('Nathan', 'Young', 6948492232, '1962-06-16', NULL, 38, 1, 'https://placekitten.com/46/864', 'Continue while later quality friend opportunity.');
INSERT INTO cook(first_name, last_name, phone, d_birth, age, exp_years, cook_role_id, picture, picture_description) VALUES('Joseph', 'Smith', 6921482405, '1988-09-12', NULL, 13, 4, 'https://placekitten.com/202/686', 'Level authority find where wife.');
INSERT INTO cook(first_name, last_name, phone, d_birth, age, exp_years, cook_role_id, picture, picture_description) VALUES('Darrell', 'Gregory', 6912962849, '1977-10-24', NULL, 24, 1, 'https://dummyimage.com/537x475', 'High billion administration ready against.');
INSERT INTO cook(first_name, last_name, phone, d_birth, age, exp_years, cook_role_id, picture, picture_description) VALUES('Brian', 'Black', 6930780217, '1972-06-19', NULL, 10, 2, 'https://dummyimage.com/383x629', 'Hope industry nation maybe right guy.');
INSERT INTO cook(first_name, last_name, phone, d_birth, age, exp_years, cook_role_id, picture, picture_description) VALUES('Michael', 'Ball', 6994025949, '1960-08-24', NULL, 15, 4, 'https://dummyimage.com/619x555', 'Community minute policy sing.');
INSERT INTO cook(first_name, last_name, phone, d_birth, age, exp_years, cook_role_id, picture, picture_description) VALUES('Katelyn', 'Barnett', 6915574509, '1982-10-23', NULL, 3, 3, 'https://placekitten.com/201/323', 'Rich stuff whom.');
INSERT INTO cook(first_name, last_name, phone, d_birth, age, exp_years, cook_role_id, picture, picture_description) VALUES('Angela', 'Howard', 6944364045, '1984-06-18', NULL, 7, 4, 'https://picsum.photos/866/384', 'Miss soldier another citizen.');
INSERT INTO cook(first_name, last_name, phone, d_birth, age, exp_years, cook_role_id, picture, picture_description) VALUES('Brittany', 'Bell', 6985880945, '1961-09-16', NULL, 18, 3, 'https://placekitten.com/93/665', 'Force information service member guy.');
INSERT INTO cook(first_name, last_name, phone, d_birth, age, exp_years, cook_role_id, picture, picture_description) VALUES('Ashley', 'Johnson', 6990073618, '1966-01-23', NULL, 3, 2, 'https://picsum.photos/124/252', 'Race yes wall boy region.');
INSERT INTO cook(first_name, last_name, phone, d_birth, age, exp_years, cook_role_id, picture, picture_description) VALUES('Laura', 'Cooper', 6924490722, '1975-08-29', NULL, 23, 1, 'https://placekitten.com/258/543', 'Story seek stuff power nearly.');
INSERT INTO cook(first_name, last_name, phone, d_birth, age, exp_years, cook_role_id, picture, picture_description) VALUES('Nicole', 'Figueroa', 6984272257, '1994-06-02', NULL, 4, 1, 'https://dummyimage.com/618x281', 'Buy bag position husband analysis person.');
INSERT INTO cook(first_name, last_name, phone, d_birth, age, exp_years, cook_role_id, picture, picture_description) VALUES('Richard', 'Sparks', 6905072731, '1972-10-21', NULL, 29, 4, 'https://placekitten.com/301/456', 'Carry window start standard myself experience son.');
INSERT INTO cook(first_name, last_name, phone, d_birth, age, exp_years, cook_role_id, picture, picture_description) VALUES('David', 'Chen', 6910886534, '1960-11-20', NULL, 32, 2, 'https://placekitten.com/993/348', 'Result amount teach.');
INSERT INTO cook(first_name, last_name, phone, d_birth, age, exp_years, cook_role_id, picture, picture_description) VALUES('Christopher', 'Perry', 6984011020, '1965-08-04', NULL, 2, 2, 'https://picsum.photos/428/494', 'Media value many analysis might I.');
INSERT INTO cook(first_name, last_name, phone, d_birth, age, exp_years, cook_role_id, picture, picture_description) VALUES('William', 'Lopez', 6947910596, '1976-08-24', NULL, 14, 1, 'https://dummyimage.com/389x750', 'Threat leader more land involve training kid image.');
INSERT INTO cook(first_name, last_name, phone, d_birth, age, exp_years, cook_role_id, picture, picture_description) VALUES('Hector', 'Allen', 6932615516, '1965-09-14', NULL, 1, 1, 'https://placekitten.com/1006/886', 'Security those collection ground quite administration have.');
INSERT INTO cook(first_name, last_name, phone, d_birth, age, exp_years, cook_role_id, picture, picture_description) VALUES('Lonnie', 'Hebert', 6957529108, '1964-07-21', NULL, 13, 2, 'https://picsum.photos/269/105', 'Conference husband staff fill music.');
INSERT INTO cook(first_name, last_name, phone, d_birth, age, exp_years, cook_role_id, picture, picture_description) VALUES('Jessica', 'West', 6999629018, '1974-08-12', NULL, 11, 1, 'https://dummyimage.com/220x500', 'Police sense move daughter media write.');
INSERT INTO cook(first_name, last_name, phone, d_birth, age, exp_years, cook_role_id, picture, picture_description) VALUES('Rebecca', 'Price', 6965528939, '1972-11-14', NULL, 29, 1, 'https://placekitten.com/768/784', 'Shake ok event couple hour successful wall.');
INSERT INTO cook(first_name, last_name, phone, d_birth, age, exp_years, cook_role_id, picture, picture_description) VALUES('Patricia', 'Cobb', 6944077826, '1991-04-29', NULL, 3, 5, 'https://picsum.photos/338/352', 'Smile take stage reason do.');
INSERT INTO cook(first_name, last_name, phone, d_birth, age, exp_years, cook_role_id, picture, picture_description) VALUES('Jonathan', 'Stevenson', 6929522406, '1997-01-11', NULL, 1, 5, 'https://dummyimage.com/93x330', 'Heart along push front.');
INSERT INTO cook(first_name, last_name, phone, d_birth, age, exp_years, cook_role_id, picture, picture_description) VALUES('Sierra', 'Escobar', 6923939614, '1986-04-24', NULL, 2, 5, 'https://placekitten.com/74/955', 'Candidate minute energy teacher security.');
INSERT INTO cook(first_name, last_name, phone, d_birth, age, exp_years, cook_role_id, picture, picture_description) VALUES('Paul', 'King', 6932119813, '1970-08-06', NULL, 16, 5, 'https://dummyimage.com/621x846', 'Test resource court lawyer such first impact.');
INSERT INTO cook(first_name, last_name, phone, d_birth, age, exp_years, cook_role_id, picture, picture_description) VALUES('Matthew', 'Campbell', 6956064306, '1964-10-03', NULL, 13, 4, 'https://picsum.photos/77/1014', 'Figure that dinner.');
INSERT INTO cook(first_name, last_name, phone, d_birth, age, exp_years, cook_role_id, picture, picture_description) VALUES('Courtney', 'Rodriguez', 6968345635, '1969-11-17', NULL, 5, 4, 'https://picsum.photos/1001/350', 'Hit bank next strong represent.');
INSERT INTO cook(first_name, last_name, phone, d_birth, age, exp_years, cook_role_id, picture, picture_description) VALUES('Ethan', 'Hamilton', 6980817272, '1985-02-04', NULL, 7, 1, 'https://picsum.photos/17/48', 'Also recent young candidate plant suddenly resource.');
INSERT INTO cook(first_name, last_name, phone, d_birth, age, exp_years, cook_role_id, picture, picture_description) VALUES('Catherine', 'Wise', 6911894469, '1967-01-25', NULL, 10, 2, 'https://dummyimage.com/42x107', 'Allow hold usually probably.');
INSERT INTO cook(first_name, last_name, phone, d_birth, age, exp_years, cook_role_id, picture, picture_description) VALUES('Jeffery', 'Nicholson', 6995571827, '1978-05-06', NULL, 20, 1, 'https://dummyimage.com/395x518', 'Make paper space with top.');
INSERT INTO cook(first_name, last_name, phone, d_birth, age, exp_years, cook_role_id, picture, picture_description) VALUES('Emily', 'Barry', 6932748854, '1995-10-15', NULL, 1, 3, 'https://picsum.photos/555/731', 'Condition majority step indicate.');
INSERT INTO cook(first_name, last_name, phone, d_birth, age, exp_years, cook_role_id, picture, picture_description) VALUES('Laura', 'Reynolds', 6949131088, '1991-08-07', NULL, 9, 5, 'https://dummyimage.com/834x149', 'Program art yeah fund.');
INSERT INTO cook(first_name, last_name, phone, d_birth, age, exp_years, cook_role_id, picture, picture_description) VALUES('Victor', 'Burch', 6918326782, '1969-02-18', NULL, 10, 3, 'https://dummyimage.com/854x394', 'Market series consider pay health hope.');
INSERT INTO cook(first_name, last_name, phone, d_birth, age, exp_years, cook_role_id, picture, picture_description) VALUES('Angel', 'Jackson', 6922632255, '1992-11-07', NULL, 1, 1, 'https://picsum.photos/671/971', 'Art instead goal yeah current free face voice.');
INSERT INTO cook(first_name, last_name, phone, d_birth, age, exp_years, cook_role_id, picture, picture_description) VALUES('Nicole', 'Farley', 6996011458, '1964-08-20', NULL, 26, 2, 'https://picsum.photos/921/898', 'Person investment never.');
INSERT INTO cook(first_name, last_name, phone, d_birth, age, exp_years, cook_role_id, picture, picture_description) VALUES('Steven', 'Williams', 6942645483, '1987-06-07', NULL, 3, 5, 'https://picsum.photos/556/564', 'Film offer notice last provide.');
INSERT INTO cook(first_name, last_name, phone, d_birth, age, exp_years, cook_role_id, picture, picture_description) VALUES('Heidi', 'Alvarado', 6961465738, '1964-03-09', NULL, 33, 1, 'https://placekitten.com/636/955', 'Single week make start significant arm.');
INSERT INTO cook(first_name, last_name, phone, d_birth, age, exp_years, cook_role_id, picture, picture_description) VALUES('Margaret', 'Harvey', 6927049068, '1985-08-01', NULL, 12, 5, 'https://picsum.photos/545/570', 'Machine drop fine add.');
INSERT INTO cook(first_name, last_name, phone, d_birth, age, exp_years, cook_role_id, picture, picture_description) VALUES('Megan', 'Barber', 6943571721, '1979-08-06', NULL, 19, 5, 'https://placekitten.com/88/319', 'Discover forget public.');
INSERT INTO cook(first_name, last_name, phone, d_birth, age, exp_years, cook_role_id, picture, picture_description) VALUES('Jesse', 'Woods', 6962041046, '1975-05-26', NULL, 25, 1, 'https://dummyimage.com/87x515', 'Decide system coach.');
INSERT INTO cook(first_name, last_name, phone, d_birth, age, exp_years, cook_role_id, picture, picture_description) VALUES('Michael', 'Young', 6928068708, '1999-09-09', NULL, 2, 1, 'https://placekitten.com/62/197', 'Enter natural commercial white shoulder.');
INSERT INTO cook(first_name, last_name, phone, d_birth, age, exp_years, cook_role_id, picture, picture_description) VALUES('Katherine', 'Clark', 6920672728, '1963-10-19', NULL, 38, 3, 'https://picsum.photos/384/206', 'Couple yes despite author allow democratic.');
INSERT INTO cook(first_name, last_name, phone, d_birth, age, exp_years, cook_role_id, picture, picture_description) VALUES('Caleb', 'Simmons', 6906288423, '1973-08-22', NULL, 15, 2, 'https://placekitten.com/288/671', 'Floor myself bag.');
INSERT INTO cook(first_name, last_name, phone, d_birth, age, exp_years, cook_role_id, picture, picture_description) VALUES('Melissa', 'Carpenter', 6955209734, '1999-02-01', NULL, 2, 2, 'https://picsum.photos/824/697', 'Officer listen gas daughter clearly easy.');
INSERT INTO cook(first_name, last_name, phone, d_birth, age, exp_years, cook_role_id, picture, picture_description) VALUES('Matthew', 'Tran', 6944654787, '1988-04-16', NULL, 10, 1, 'https://placekitten.com/624/435', 'Buy environment our deep note us.');
INSERT INTO cook(first_name, last_name, phone, d_birth, age, exp_years, cook_role_id, picture, picture_description) VALUES('Cynthia', 'Payne', 6939645588, '1972-03-05', NULL, 13, 5, 'https://placekitten.com/1011/591', 'Kind course benefit size.');
INSERT INTO cook(first_name, last_name, phone, d_birth, age, exp_years, cook_role_id, picture, picture_description) VALUES('Hailey', 'Schmidt', 6914041077, '1969-08-30', NULL, 22, 1, 'https://dummyimage.com/14x315', 'Most local long look especially.');
INSERT INTO cook(first_name, last_name, phone, d_birth, age, exp_years, cook_role_id, picture, picture_description) VALUES('Brian', 'Jackson', 6968317016, '1977-05-26', NULL, 14, 1, 'https://dummyimage.com/482x787', 'Message offer second improve agree office reduce.');
INSERT INTO cook(first_name, last_name, phone, d_birth, age, exp_years, cook_role_id, picture, picture_description) VALUES('Jennifer', 'Thompson', 6914451350, '1996-03-03', NULL, 2, 2, 'https://picsum.photos/263/827', 'Air lay hand single pull body maybe.');
INSERT INTO cook(first_name, last_name, phone, d_birth, age, exp_years, cook_role_id, picture, picture_description) VALUES('Deborah', 'George', 6939126954, '1988-12-17', NULL, 8, 3, 'https://placekitten.com/256/486', 'Laugh fly able.');
INSERT INTO cook(first_name, last_name, phone, d_birth, age, exp_years, cook_role_id, picture, picture_description) VALUES('Ashley', 'Hayes', 6930593002, '1970-04-17', NULL, 11, 1, 'https://dummyimage.com/597x84', 'Reach land others your either religious.');
INSERT INTO cook(first_name, last_name, phone, d_birth, age, exp_years, cook_role_id, picture, picture_description) VALUES('Kelsey', 'Brown', 6987631693, '1992-03-05', NULL, 5, 3, 'https://dummyimage.com/734x165', 'Left security artist process evidence image.');
INSERT INTO cook(first_name, last_name, phone, d_birth, age, exp_years, cook_role_id, picture, picture_description) VALUES('Zachary', 'Ellis', 6931801592, '1969-09-13', NULL, 7, 5, 'https://placekitten.com/887/843', 'Few base peace.');
INSERT INTO cook(first_name, last_name, phone, d_birth, age, exp_years, cook_role_id, picture, picture_description) VALUES('Kathy', 'Foster', 6956349211, '1981-07-16', NULL, 2, 1, 'https://picsum.photos/490/926', 'High democratic billion call student response.');
INSERT INTO cook(first_name, last_name, phone, d_birth, age, exp_years, cook_role_id, picture, picture_description) VALUES('Tiffany', 'Flores', 6956342453, '1978-10-11', NULL, 13, 5, 'https://dummyimage.com/145x749', 'Soon indeed wonder check itself if.');
INSERT INTO cook(first_name, last_name, phone, d_birth, age, exp_years, cook_role_id, picture, picture_description) VALUES('Brandon', 'Williams', 6941316890, '1997-08-16', NULL, 4, 4, 'https://dummyimage.com/251x984', 'Big item possible attorney wish.');
INSERT INTO cook(first_name, last_name, phone, d_birth, age, exp_years, cook_role_id, picture, picture_description) VALUES('Bonnie', 'Sanchez', 6972924089, '1963-06-05', NULL, 23, 2, 'https://placekitten.com/920/148', 'Special rather on military against particularly.');
INSERT INTO cook(first_name, last_name, phone, d_birth, age, exp_years, cook_role_id, picture, picture_description) VALUES('Maria', 'Chambers', 6908950434, '1992-12-04', NULL, 2, 4, 'https://picsum.photos/79/661', 'Owner music approach life environment get suggest.');
INSERT INTO cook(first_name, last_name, phone, d_birth, age, exp_years, cook_role_id, picture, picture_description) VALUES('Matthew', 'Jefferson', 6921059463, '1988-06-30', NULL, 11, 2, 'https://dummyimage.com/1009x190', 'First their country.');
INSERT INTO cook(first_name, last_name, phone, d_birth, age, exp_years, cook_role_id, picture, picture_description) VALUES('Ian', 'Schultz', 6987677479, '1973-09-16', NULL, 4, 4, 'https://picsum.photos/331/400', 'Bad friend treatment debate onto.');
INSERT INTO cook(first_name, last_name, phone, d_birth, age, exp_years, cook_role_id, picture, picture_description) VALUES('Debbie', 'Mcdonald', 6963142786, '1995-01-20', NULL, 5, 3, 'https://placekitten.com/373/242', 'One describe pattern also.');
INSERT INTO cook(first_name, last_name, phone, d_birth, age, exp_years, cook_role_id, picture, picture_description) VALUES('Andrew', 'Garrett', 6940800094, '1985-05-25', NULL, 12, 2, 'https://picsum.photos/699/286', 'Leader together cut create.');
INSERT INTO cook(first_name, last_name, phone, d_birth, age, exp_years, cook_role_id, picture, picture_description) VALUES('Brandon', 'Fisher', 6947282075, '1994-06-16', NULL, 6, 3, 'https://dummyimage.com/298x1016', 'Response consider environmental every security edge.');
INSERT INTO cook(first_name, last_name, phone, d_birth, age, exp_years, cook_role_id, picture, picture_description) VALUES('Francisco', 'Simpson', 6903102867, '1993-01-23', NULL, 3, 3, 'https://dummyimage.com/839x757', 'Future get picture.');
INSERT INTO cook(first_name, last_name, phone, d_birth, age, exp_years, cook_role_id, picture, picture_description) VALUES('Miguel', 'Rose', 6932970679, '1992-02-21', NULL, 1, 1, 'https://dummyimage.com/432x739', 'Whatever speech thousand crime idea of operation.');
INSERT INTO cook(first_name, last_name, phone, d_birth, age, exp_years, cook_role_id, picture, picture_description) VALUES('Jeremy', 'Gomez', 6918315678, '1995-02-11', NULL, 2, 3, 'https://dummyimage.com/788x75', 'Sort fear fish foot near like section.');
INSERT INTO cook(first_name, last_name, phone, d_birth, age, exp_years, cook_role_id, picture, picture_description) VALUES('Veronica', 'Wade', 6945295704, '1962-10-31', NULL, 11, 1, 'https://picsum.photos/85/153', 'Among always whether along single.');
INSERT INTO cook(first_name, last_name, phone, d_birth, age, exp_years, cook_role_id, picture, picture_description) VALUES('Jessica', 'Yu', 6957304678, '1988-05-21', NULL, 10, 2, 'https://placekitten.com/203/571', 'Finish according sometimes whom.');
INSERT INTO cook(first_name, last_name, phone, d_birth, age, exp_years, cook_role_id, picture, picture_description) VALUES('Robert', 'Taylor', 6973221209, '1970-10-28', NULL, 1, 1, 'https://picsum.photos/872/625', 'Media start threat participant now despite toward street.');
INSERT INTO cook(first_name, last_name, phone, d_birth, age, exp_years, cook_role_id, picture, picture_description) VALUES('Jacob', 'Gray', 6984718642, '1962-01-20', NULL, 4, 4, 'https://dummyimage.com/663x803', 'Him those state democratic way use.');
INSERT INTO cook(first_name, last_name, phone, d_birth, age, exp_years, cook_role_id, picture, picture_description) VALUES('Janet', 'Preston', 6963070547, '1997-08-26', NULL, 2, 4, 'https://dummyimage.com/961x145', 'Fight course sound deep.');
INSERT INTO cook(first_name, last_name, phone, d_birth, age, exp_years, cook_role_id, picture, picture_description) VALUES('Amy', 'Brown', 6955249935, '1992-06-06', NULL, 5, 5, 'https://placekitten.com/260/725', 'Or indeed Congress management.');
INSERT INTO cook(first_name, last_name, phone, d_birth, age, exp_years, cook_role_id, picture, picture_description) VALUES('Steven', 'Johnson', 6906942939, '1999-08-26', NULL, 1, 3, 'https://picsum.photos/503/274', 'Case design first building because difference eight.');
INSERT INTO cook(first_name, last_name, phone, d_birth, age, exp_years, cook_role_id, picture, picture_description) VALUES('Angie', 'Snyder', 6922885341, '1979-05-26', NULL, 10, 2, 'https://picsum.photos/492/404', 'Key important system family.');
INSERT INTO cook(first_name, last_name, phone, d_birth, age, exp_years, cook_role_id, picture, picture_description) VALUES('Angel', 'Shields', 6965763007, '1966-11-13', NULL, 31, 5, 'https://picsum.photos/100/980', 'Option next challenge information half.');
INSERT INTO cook(first_name, last_name, phone, d_birth, age, exp_years, cook_role_id, picture, picture_description) VALUES('Amanda', 'White', 6936015855, '1997-11-03', NULL, 3, 2, 'https://placekitten.com/793/480', 'Buy bed current situation.');
INSERT INTO cook(first_name, last_name, phone, d_birth, age, exp_years, cook_role_id, picture, picture_description) VALUES('Carlos', 'Hanson', 6981547086, '1962-12-12', NULL, 6, 5, 'https://dummyimage.com/451x365', 'Certain address treatment figure score security.');
INSERT INTO cook(first_name, last_name, phone, d_birth, age, exp_years, cook_role_id, picture, picture_description) VALUES('William', 'West', 6923067019, '1965-12-03', NULL, 19, 1, 'https://placekitten.com/971/250', 'Me animal suddenly girl.');
INSERT INTO cook(first_name, last_name, phone, d_birth, age, exp_years, cook_role_id, picture, picture_description) VALUES('William', 'Bolton', 6914957672, '1993-07-13', NULL, 2, 4, 'https://dummyimage.com/448x549', 'Training when body popular.');
INSERT INTO cook(first_name, last_name, phone, d_birth, age, exp_years, cook_role_id, picture, picture_description) VALUES('Stephen', 'Cunningham', 6973812911, '1960-08-24', NULL, 29, 2, 'https://placekitten.com/674/337', 'Learn happy know police important early environment development.');
INSERT INTO cook(first_name, last_name, phone, d_birth, age, exp_years, cook_role_id, picture, picture_description) VALUES('Charles', 'White', 6976037982, '1978-10-04', NULL, 23, 5, 'https://placekitten.com/157/410', 'Themselves across push.');
INSERT INTO cook(first_name, last_name, phone, d_birth, age, exp_years, cook_role_id, picture, picture_description) VALUES('Amanda', 'Horton', 6927357801, '1979-12-25', NULL, 13, 5, 'https://placekitten.com/742/844', 'Senior adult miss official doctor.');
INSERT INTO cook(first_name, last_name, phone, d_birth, age, exp_years, cook_role_id, picture, picture_description) VALUES('Justin', 'Shaw', 6945916241, '1998-02-27', NULL, 1, 3, 'https://picsum.photos/166/574', 'Billion particular design anyone now though memory.');
INSERT INTO cook(first_name, last_name, phone, d_birth, age, exp_years, cook_role_id, picture, picture_description) VALUES('Pamela', 'Silva', 6920942962, '1965-06-19', NULL, 32, 3, 'https://placekitten.com/640/208', 'Clearly do person.');
INSERT INTO cook(first_name, last_name, phone, d_birth, age, exp_years, cook_role_id, picture, picture_description) VALUES('Karen', 'Smith', 6932325565, '1988-06-05', NULL, 2, 1, 'https://picsum.photos/731/916', 'Owner help involve particular.');
INSERT INTO cook(first_name, last_name, phone, d_birth, age, exp_years, cook_role_id, picture, picture_description) VALUES('Riley', 'Smith', 6936077908, '1986-04-28', NULL, 5, 5, 'https://placekitten.com/365/397', 'Group play picture cover probably board drug.');
INSERT INTO cook(first_name, last_name, phone, d_birth, age, exp_years, cook_role_id, picture, picture_description) VALUES('Katelyn', 'Burnett', 6956604986, '1993-04-23', NULL, 3, 2, 'https://picsum.photos/71/527', 'Recognize identify stage left.');
INSERT INTO cook(first_name, last_name, phone, d_birth, age, exp_years, cook_role_id, picture, picture_description) VALUES('Anthony', 'Martin', 6999219075, '1993-12-29', NULL, 2, 2, 'https://picsum.photos/560/528', 'What everything stop political.');
INSERT INTO cook(first_name, last_name, phone, d_birth, age, exp_years, cook_role_id, picture, picture_description) VALUES('Sabrina', 'Rivera', 6968753607, '1970-06-10', NULL, 25, 2, 'https://placekitten.com/558/876', 'Accept where would response maybe agreement.');
INSERT INTO cook(first_name, last_name, phone, d_birth, age, exp_years, cook_role_id, picture, picture_description) VALUES('Andrea', 'Carter', 6988372002, '1969-08-25', NULL, 1, 2, 'https://dummyimage.com/21x324', 'Often eat interest skill beautiful.');
INSERT INTO cook(first_name, last_name, phone, d_birth, age, exp_years, cook_role_id, picture, picture_description) VALUES('John', 'Salas', 6904491996, '1967-01-12', NULL, 12, 4, 'https://placekitten.com/704/585', 'Chair wear per form also city age.');
INSERT INTO cook(first_name, last_name, phone, d_birth, age, exp_years, cook_role_id, picture, picture_description) VALUES('Richard', 'Bailey', 6948500321, '1963-09-11', NULL, 30, 5, 'https://placekitten.com/275/945', 'Claim occur price.');
INSERT INTO cook(first_name, last_name, phone, d_birth, age, exp_years, cook_role_id, picture, picture_description) VALUES('Jeffrey', 'Kaufman', 6961434725, '1961-09-30', NULL, 36, 5, 'https://placekitten.com/848/794', 'Environmental heavy commercial natural.');
INSERT INTO cook(first_name, last_name, phone, d_birth, age, exp_years, cook_role_id, picture, picture_description) VALUES('James', 'Watson', 6945332192, '1983-06-04', NULL, 13, 1, 'https://dummyimage.com/832x800', 'Tax line side sort individual.');
INSERT INTO cook(first_name, last_name, phone, d_birth, age, exp_years, cook_role_id, picture, picture_description) VALUES('Michael', 'Harris', 6905067332, '1997-08-26', NULL, 2, 5, 'https://picsum.photos/293/922', 'Including pick look company medical drive always.');
INSERT INTO cook(first_name, last_name, phone, d_birth, age, exp_years, cook_role_id, picture, picture_description) VALUES('Amber', 'Palmer', 6983492830, '1981-07-09', NULL, 16, 5, 'https://dummyimage.com/504x183', 'Article number trouble.');
INSERT INTO cook(first_name, last_name, phone, d_birth, age, exp_years, cook_role_id, picture, picture_description) VALUES('David', 'Cook', 6925034714, '1977-11-09', NULL, 9, 5, 'https://picsum.photos/317/168', 'Age might Republican believe building.');
INSERT INTO cook(first_name, last_name, phone, d_birth, age, exp_years, cook_role_id, picture, picture_description) VALUES('David', 'Johnston', 6940130994, '1992-03-09', NULL, 2, 1, 'https://placekitten.com/813/560', 'Teach edge would think upon.');
INSERT INTO cook(first_name, last_name, phone, d_birth, age, exp_years, cook_role_id, picture, picture_description) VALUES('David', 'Edwards', 6922282305, '1984-09-18', NULL, 14, 5, 'https://dummyimage.com/803x95', 'Whose tonight tell same stock various say card.');
INSERT INTO cook(first_name, last_name, phone, d_birth, age, exp_years, cook_role_id, picture, picture_description) VALUES('Darin', 'Lopez', 6914105968, '1971-12-30', NULL, 10, 5, 'https://dummyimage.com/811x474', 'Whom case may tree appear stuff.');
INSERT INTO cook(first_name, last_name, phone, d_birth, age, exp_years, cook_role_id, picture, picture_description) VALUES('Nancy', 'Adams', 6963699119, '1970-01-21', NULL, 17, 5, 'https://placekitten.com/605/464', 'Image lose spring statement Mr society key.');
INSERT INTO cook(first_name, last_name, phone, d_birth, age, exp_years, cook_role_id, picture, picture_description) VALUES('Jamie', 'Smith', 6992245779, '1997-12-10', NULL, 1, 5, 'https://placekitten.com/920/655', 'Door international up.');
INSERT INTO cook(first_name, last_name, phone, d_birth, age, exp_years, cook_role_id, picture, picture_description) VALUES('Rebekah', 'Carson', 6997216448, '1978-10-24', NULL, 18, 3, 'https://dummyimage.com/597x419', 'Ten style main region choice.');
INSERT INTO cook(first_name, last_name, phone, d_birth, age, exp_years, cook_role_id, picture, picture_description) VALUES('Sarah', 'Smith', 6901215197, '1996-05-05', NULL, 1, 2, 'https://placekitten.com/224/902', 'Image prepare particularly key raise study.');
INSERT INTO cook(first_name, last_name, phone, d_birth, age, exp_years, cook_role_id, picture, picture_description) VALUES('Cheryl', 'Allen', 6920536968, '1967-03-24', NULL, 9, 1, 'https://picsum.photos/47/812', 'Organization turn analysis their create alone.');
INSERT INTO cook(first_name, last_name, phone, d_birth, age, exp_years, cook_role_id, picture, picture_description) VALUES('Carly', 'Sanchez', 6965831755, '1980-12-07', NULL, 4, 4, 'https://placekitten.com/621/742', 'Record though thing maintain.');
INSERT INTO cook(first_name, last_name, phone, d_birth, age, exp_years, cook_role_id, picture, picture_description) VALUES('Jerry', 'King', 6948934646, '1983-03-09', NULL, 15, 1, 'https://placekitten.com/534/906', 'Strong wait buy section.');
INSERT INTO cook(first_name, last_name, phone, d_birth, age, exp_years, cook_role_id, picture, picture_description) VALUES('Alex', 'Williams', 6937292943, '1970-10-28', NULL, 16, 1, 'https://dummyimage.com/476x461', 'Dog edge direction pressure fast throughout open.');
INSERT INTO cook(first_name, last_name, phone, d_birth, age, exp_years, cook_role_id, picture, picture_description) VALUES('Phillip', 'Wright', 6979986017, '1967-03-08', NULL, 2, 3, 'https://picsum.photos/868/361', 'Game case thus.');
INSERT INTO cook(first_name, last_name, phone, d_birth, age, exp_years, cook_role_id, picture, picture_description) VALUES('Sarah', 'Garcia', 6974689797, '1980-02-06', NULL, 8, 4, 'https://placekitten.com/46/868', 'Tv help right such myself.');
INSERT INTO cook(first_name, last_name, phone, d_birth, age, exp_years, cook_role_id, picture, picture_description) VALUES('Michael', 'Tran', 6988756500, '1969-02-22', NULL, 15, 3, 'https://placekitten.com/661/239', 'Card nearly at professional radio dark.');
INSERT INTO cook(first_name, last_name, phone, d_birth, age, exp_years, cook_role_id, picture, picture_description) VALUES('Julie', 'George', 6983882552, '1961-03-04', NULL, 37, 5, 'https://dummyimage.com/868x173', 'Upon listen hope positive movement.');
INSERT INTO cook(first_name, last_name, phone, d_birth, age, exp_years, cook_role_id, picture, picture_description) VALUES('Thomas', 'Richardson', 6976822130, '1998-02-20', NULL, 2, 2, 'https://dummyimage.com/945x489', 'Participant career answer oil nature if price spend.');
INSERT INTO cook(first_name, last_name, phone, d_birth, age, exp_years, cook_role_id, picture, picture_description) VALUES('Jared', 'Hudson', 6900258801, '1989-02-06', NULL, 1, 5, 'https://placekitten.com/986/302', 'Your improve public office stage price.');
INSERT INTO cook(first_name, last_name, phone, d_birth, age, exp_years, cook_role_id, picture, picture_description) VALUES('David', 'King', 6918186769, '1984-07-11', NULL, 3, 5, 'https://dummyimage.com/307x930', 'Happen ago hold office.');
INSERT INTO cook(first_name, last_name, phone, d_birth, age, exp_years, cook_role_id, picture, picture_description) VALUES('Alan', 'Willis', 6992956500, '1972-06-12', NULL, 2, 4, 'https://placekitten.com/325/881', 'Only arrive trouble play look.');
INSERT INTO cook(first_name, last_name, phone, d_birth, age, exp_years, cook_role_id, picture, picture_description) VALUES('Alexander', 'Robertson', 6910288227, '1983-09-04', NULL, 14, 5, 'https://picsum.photos/706/778', 'Step which size dinner friend some lose.');
INSERT INTO cook(first_name, last_name, phone, d_birth, age, exp_years, cook_role_id, picture, picture_description) VALUES('Lisa', 'Martin', 6958071182, '1979-06-09', NULL, 3, 1, 'https://dummyimage.com/528x245', 'Believe time school her protect I military data.');
INSERT INTO cook(first_name, last_name, phone, d_birth, age, exp_years, cook_role_id, picture, picture_description) VALUES('Nicholas', 'Mcguire', 6937290282, '1985-09-13', NULL, 7, 1, 'https://placekitten.com/892/563', 'Relate dark still inside.');
INSERT INTO cook(first_name, last_name, phone, d_birth, age, exp_years, cook_role_id, picture, picture_description) VALUES('Valerie', 'Davis', 6904979005, '1960-02-15', NULL, 39, 2, 'https://placekitten.com/301/343', 'Sit significant baby show environmental.');
INSERT INTO cook(first_name, last_name, phone, d_birth, age, exp_years, cook_role_id, picture, picture_description) VALUES('Tonya', 'Mcclure', 6982059497, '1960-07-13', NULL, 6, 1, 'https://placekitten.com/721/643', 'Reality major carry law enough amount keep.');
INSERT INTO cook(first_name, last_name, phone, d_birth, age, exp_years, cook_role_id, picture, picture_description) VALUES('Miranda', 'Montgomery', 6984763194, '1990-06-24', NULL, 1, 3, 'https://picsum.photos/487/203', 'Total investment financial commercial.');
INSERT INTO cook(first_name, last_name, phone, d_birth, age, exp_years, cook_role_id, picture, picture_description) VALUES('Erica', 'Miller', 6982371723, '1963-04-22', NULL, 31, 5, 'https://picsum.photos/912/794', 'Service agreement price rather.');
INSERT INTO cook(first_name, last_name, phone, d_birth, age, exp_years, cook_role_id, picture, picture_description) VALUES('Grace', 'Mckenzie', 6992615924, '1970-04-19', NULL, 18, 4, 'https://picsum.photos/386/239', 'Heart poor control left even dream.');
INSERT INTO cook(first_name, last_name, phone, d_birth, age, exp_years, cook_role_id, picture, picture_description) VALUES('Amanda', 'Chavez', 6965964324, '1990-05-02', NULL, 1, 1, 'https://picsum.photos/780/211', 'Inside federal while of guy exist.');
INSERT INTO cook(first_name, last_name, phone, d_birth, age, exp_years, cook_role_id, picture, picture_description) VALUES('Lynn', 'Mccall', 6976949804, '1986-05-09', NULL, 6, 1, 'https://picsum.photos/207/189', 'Themselves long sea subject feel red.');
INSERT INTO cook(first_name, last_name, phone, d_birth, age, exp_years, cook_role_id, picture, picture_description) VALUES('Meredith', 'Parker', 6971033629, '1982-09-05', NULL, 11, 1, 'https://placekitten.com/145/335', 'Possible dog focus sell.');
INSERT INTO cook(first_name, last_name, phone, d_birth, age, exp_years, cook_role_id, picture, picture_description) VALUES('Mike', 'Collins', 6907460738, '1967-08-04', NULL, 30, 4, 'https://placekitten.com/423/162', 'Pay language Mr these.');
INSERT INTO cook(first_name, last_name, phone, d_birth, age, exp_years, cook_role_id, picture, picture_description) VALUES('Donald', 'Rogers', 6988810102, '1979-08-07', NULL, 19, 2, 'https://placekitten.com/187/830', 'Deal it follow pay off agent.');
INSERT INTO cook(first_name, last_name, phone, d_birth, age, exp_years, cook_role_id, picture, picture_description) VALUES('Franklin', 'Moreno', 6970255182, '1994-11-01', NULL, 4, 4, 'https://dummyimage.com/864x633', 'Blood card word brother dark.');
INSERT INTO cook(first_name, last_name, phone, d_birth, age, exp_years, cook_role_id, picture, picture_description) VALUES('Cody', 'Miller', 6924509887, '1976-08-25', NULL, 5, 1, 'https://picsum.photos/1010/177', 'Open second life fine draw always remember.');
INSERT INTO cook(first_name, last_name, phone, d_birth, age, exp_years, cook_role_id, picture, picture_description) VALUES('Nicholas', 'Smith', 6998993272, '1974-09-16', NULL, 12, 2, 'https://dummyimage.com/710x863', 'Wait money modern answer miss state.');
INSERT INTO cook(first_name, last_name, phone, d_birth, age, exp_years, cook_role_id, picture, picture_description) VALUES('Matthew', 'Andrews', 6954788244, '1985-11-02', NULL, 15, 2, 'https://placekitten.com/754/536', 'Then short along military score method.');
INSERT INTO cook(first_name, last_name, phone, d_birth, age, exp_years, cook_role_id, picture, picture_description) VALUES('Lee', 'Rogers', 6975424565, '1964-12-07', NULL, 13, 2, 'https://dummyimage.com/215x553', 'Live training door garden bring little.');
INSERT INTO cook(first_name, last_name, phone, d_birth, age, exp_years, cook_role_id, picture, picture_description) VALUES('Michael', 'Garcia', 6936291646, '1962-04-01', NULL, 7, 1, 'https://picsum.photos/471/260', 'Citizen place before situation nature contain.');
INSERT INTO cook(first_name, last_name, phone, d_birth, age, exp_years, cook_role_id, picture, picture_description) VALUES('Rebecca', 'Espinoza', 6961906959, '1990-11-29', NULL, 1, 1, 'https://picsum.photos/872/322', 'Recognize be artist should dog.');
INSERT INTO cook(first_name, last_name, phone, d_birth, age, exp_years, cook_role_id, picture, picture_description) VALUES('Kenneth', 'Morgan', 6997253010, '1966-04-13', NULL, 5, 1, 'https://placekitten.com/168/729', 'Factor street billion admit.');
INSERT INTO cook(first_name, last_name, phone, d_birth, age, exp_years, cook_role_id, picture, picture_description) VALUES('Samantha', 'Shields', 6961840556, '1988-01-10', NULL, 6, 1, 'https://dummyimage.com/255x370', 'These edge professional eat middle require color.');
INSERT INTO cook(first_name, last_name, phone, d_birth, age, exp_years, cook_role_id, picture, picture_description) VALUES('Tiffany', 'Mcpherson', 6996668391, '1978-03-31', NULL, 1, 4, 'https://dummyimage.com/352x423', 'Wind manage why anything ten I.');
INSERT INTO cook(first_name, last_name, phone, d_birth, age, exp_years, cook_role_id, picture, picture_description) VALUES('Samantha', 'Mitchell', 6927508313, '1988-11-18', NULL, 11, 5, 'https://picsum.photos/752/215', 'Total my attack nature deal college audience.');
INSERT INTO cook(first_name, last_name, phone, d_birth, age, exp_years, cook_role_id, picture, picture_description) VALUES('Ashley', 'Taylor', 6977878382, '1963-03-12', NULL, 13, 3, 'https://dummyimage.com/707x240', 'Win face music with street likely.');
INSERT INTO cook(first_name, last_name, phone, d_birth, age, exp_years, cook_role_id, picture, picture_description) VALUES('Scott', 'Griffith', 6940859794, '1967-12-24', NULL, 6, 2, 'https://picsum.photos/313/739', 'Federal newspaper state structure there property attorney.');
INSERT INTO cook(first_name, last_name, phone, d_birth, age, exp_years, cook_role_id, picture, picture_description) VALUES('Lauren', 'Schultz', 6927858944, '1960-07-11', NULL, 1, 3, 'https://placekitten.com/559/514', 'Worry partner onto degree minute hard son.');
INSERT INTO cook(first_name, last_name, phone, d_birth, age, exp_years, cook_role_id, picture, picture_description) VALUES('Henry', 'Jones', 6941171595, '1967-11-09', NULL, 34, 2, 'https://dummyimage.com/940x846', 'No national night actually.');
INSERT INTO cook(first_name, last_name, phone, d_birth, age, exp_years, cook_role_id, picture, picture_description) VALUES('Tara', 'Montoya', 6901114659, '1989-05-19', NULL, 1, 4, 'https://placekitten.com/331/725', 'That indicate necessary toward him successful other more.');
INSERT INTO cook(first_name, last_name, phone, d_birth, age, exp_years, cook_role_id, picture, picture_description) VALUES('Sandra', 'Clayton', 6935583532, '1964-01-03', NULL, 17, 5, 'https://dummyimage.com/752x713', 'Follow send smile fund.');
INSERT INTO cook(first_name, last_name, phone, d_birth, age, exp_years, cook_role_id, picture, picture_description) VALUES('Seth', 'Baker', 6970344965, '1984-02-10', NULL, 1, 1, 'https://placekitten.com/672/432', 'Child full today skill represent happy hand improve.');
INSERT INTO cook(first_name, last_name, phone, d_birth, age, exp_years, cook_role_id, picture, picture_description) VALUES('Kevin', 'Harrison', 6961304824, '1972-05-18', NULL, 17, 4, 'https://dummyimage.com/475x827', 'Identify pressure raise.');
INSERT INTO cook(first_name, last_name, phone, d_birth, age, exp_years, cook_role_id, picture, picture_description) VALUES('Jessica', 'Gordon', 6998752324, '1990-02-05', NULL, 1, 3, 'https://picsum.photos/229/1002', 'Way population maybe.');
INSERT INTO cook(first_name, last_name, phone, d_birth, age, exp_years, cook_role_id, picture, picture_description) VALUES('Anthony', 'Jacobs', 6960252559, '1982-01-26', NULL, 16, 3, 'https://placekitten.com/106/782', 'Collection nice true type.');
INSERT INTO cook(first_name, last_name, phone, d_birth, age, exp_years, cook_role_id, picture, picture_description) VALUES('Brittany', 'Escobar', 6955496650, '1975-06-13', NULL, 20, 2, 'https://placekitten.com/41/330', 'Class often usually news.');
INSERT INTO cook(first_name, last_name, phone, d_birth, age, exp_years, cook_role_id, picture, picture_description) VALUES('Don', 'Johnson', 6901831189, '1978-07-11', NULL, 21, 1, 'https://picsum.photos/778/246', 'Become station analysis write cause.');
INSERT INTO cook(first_name, last_name, phone, d_birth, age, exp_years, cook_role_id, picture, picture_description) VALUES('Kayla', 'Richards', 6960822645, '1992-07-26', NULL, 5, 2, 'https://picsum.photos/392/822', 'Miss matter design end.');
INSERT INTO cook(first_name, last_name, phone, d_birth, age, exp_years, cook_role_id, picture, picture_description) VALUES('Daniel', 'Mcdonald', 6926906434, '1970-12-12', NULL, 10, 1, 'https://picsum.photos/188/242', 'Baby analysis support.');
INSERT INTO cook(first_name, last_name, phone, d_birth, age, exp_years, cook_role_id, picture, picture_description) VALUES('Jason', 'Preston', 6991594162, '1960-04-29', NULL, 12, 3, 'https://picsum.photos/657/730', 'Man difficult throughout success executive policy much.');
INSERT INTO cook(first_name, last_name, phone, d_birth, age, exp_years, cook_role_id, picture, picture_description) VALUES('Troy', 'Morris', 6942531355, '1995-08-23', NULL, 4, 1, 'https://placekitten.com/618/237', 'Baby population upon traditional.');
INSERT INTO cook(first_name, last_name, phone, d_birth, age, exp_years, cook_role_id, picture, picture_description) VALUES('Vincent', 'Thompson', 6923334948, '1981-12-01', NULL, 10, 1, 'https://placekitten.com/564/647', 'Feel consumer same media behavior.');
INSERT INTO cook(first_name, last_name, phone, d_birth, age, exp_years, cook_role_id, picture, picture_description) VALUES('Erin', 'Garcia', 6924578557, '1994-11-28', NULL, 1, 3, 'https://dummyimage.com/794x936', 'Perhaps structure really where factor.');
INSERT INTO cook(first_name, last_name, phone, d_birth, age, exp_years, cook_role_id, picture, picture_description) VALUES('Charles', 'Mason', 6993441453, '1964-01-24', NULL, 29, 2, 'https://picsum.photos/487/287', 'Performance environmental else reveal she seem eye.');
INSERT INTO cook(first_name, last_name, phone, d_birth, age, exp_years, cook_role_id, picture, picture_description) VALUES('Donald', 'Rose', 6982967663, '1997-11-28', NULL, 4, 5, 'https://dummyimage.com/876x175', 'National early identify scientist ten ok.');
INSERT INTO cook(first_name, last_name, phone, d_birth, age, exp_years, cook_role_id, picture, picture_description) VALUES('Susan', 'Kim', 6973403465, '1975-03-25', NULL, 11, 4, 'https://dummyimage.com/675x920', 'My debate thing budget leader still.');
INSERT INTO cook(first_name, last_name, phone, d_birth, age, exp_years, cook_role_id, picture, picture_description) VALUES('Angela', 'Day', 6902427949, '1981-06-16', NULL, 19, 3, 'https://picsum.photos/811/902', 'Consumer concern star article piece draw land.');
INSERT INTO cook(first_name, last_name, phone, d_birth, age, exp_years, cook_role_id, picture, picture_description) VALUES('James', 'Austin', 6972236514, '1993-09-23', NULL, 7, 4, 'https://picsum.photos/1012/943', 'Piece service international suffer here now good return.');
INSERT INTO cook(first_name, last_name, phone, d_birth, age, exp_years, cook_role_id, picture, picture_description) VALUES('Angela', 'Osborn', 6976136582, '1987-02-04', NULL, 4, 1, 'https://dummyimage.com/170x708', 'Garden start guess thus expert weight his industry.');
INSERT INTO cook(first_name, last_name, phone, d_birth, age, exp_years, cook_role_id, picture, picture_description) VALUES('Luis', 'Roberts', 6922201433, '1961-12-17', NULL, 18, 3, 'https://placekitten.com/139/785', 'Raise seat some most.');
INSERT INTO cook(first_name, last_name, phone, d_birth, age, exp_years, cook_role_id, picture, picture_description) VALUES('Amber', 'Johnson', 6904184136, '1997-11-10', NULL, 4, 4, 'https://placekitten.com/758/10', 'Least several amount him hour style pick research.');
INSERT INTO cook(first_name, last_name, phone, d_birth, age, exp_years, cook_role_id, picture, picture_description) VALUES('Mark', 'Glover', 6972086792, '1978-04-01', NULL, 20, 5, 'https://picsum.photos/605/396', 'Through want each north condition.');
INSERT INTO cook(first_name, last_name, phone, d_birth, age, exp_years, cook_role_id, picture, picture_description) VALUES('Heather', 'Williams', 6935399217, '1969-02-25', NULL, 30, 4, 'https://picsum.photos/871/210', 'Forward family cultural move.');
INSERT INTO cook(first_name, last_name, phone, d_birth, age, exp_years, cook_role_id, picture, picture_description) VALUES('Mary', 'Williams', 6965240971, '1993-08-18', NULL, 7, 2, 'https://placekitten.com/395/74', 'Book see project product simply without character.');
INSERT INTO cook(first_name, last_name, phone, d_birth, age, exp_years, cook_role_id, picture, picture_description) VALUES('Melissa', 'Martin', 6926243410, '1961-04-10', NULL, 22, 4, 'https://picsum.photos/160/74', 'So building foot success cup.');
INSERT INTO cook(first_name, last_name, phone, d_birth, age, exp_years, cook_role_id, picture, picture_description) VALUES('Michael', 'Kelly', 6928547197, '1976-06-22', NULL, 2, 3, 'https://picsum.photos/186/416', 'Attorney outside somebody fish.');
INSERT INTO cook(first_name, last_name, phone, d_birth, age, exp_years, cook_role_id, picture, picture_description) VALUES('Amanda', 'Shelton', 6901611922, '1966-09-05', NULL, 6, 2, 'https://dummyimage.com/899x868', 'Operation write idea past option.');
INSERT INTO cook(first_name, last_name, phone, d_birth, age, exp_years, cook_role_id, picture, picture_description) VALUES('Michael', 'Gardner', 6997344944, '1960-04-05', NULL, 21, 5, 'https://dummyimage.com/735x470', 'List total professor.');
INSERT INTO cook(first_name, last_name, phone, d_birth, age, exp_years, cook_role_id, picture, picture_description) VALUES('Troy', 'Sparks', 6915761542, '1972-07-07', NULL, 1, 2, 'https://placekitten.com/169/466', 'Become animal edge.');
INSERT INTO cook(first_name, last_name, phone, d_birth, age, exp_years, cook_role_id, picture, picture_description) VALUES('Jeffrey', 'Anderson', 6967455883, '1971-05-27', NULL, 7, 3, 'https://picsum.photos/628/414', 'Real so training trip personal detail any.');
INSERT INTO cook(first_name, last_name, phone, d_birth, age, exp_years, cook_role_id, picture, picture_description) VALUES('Steven', 'Sparks', 6966101849, '1995-09-06', NULL, 6, 2, 'https://picsum.photos/103/964', 'Any six him.');
INSERT INTO cook(first_name, last_name, phone, d_birth, age, exp_years, cook_role_id, picture, picture_description) VALUES('Erica', 'Jensen', 6951206681, '1988-03-04', NULL, 11, 1, 'https://picsum.photos/689/553', 'Participant cover because themselves church forget hundred.');
INSERT INTO cook(first_name, last_name, phone, d_birth, age, exp_years, cook_role_id, picture, picture_description) VALUES('Carl', 'Miller', 6928556173, '1993-02-14', NULL, 6, 4, 'https://picsum.photos/347/602', 'Watch local seek offer create attorney yes.');
INSERT INTO cook(first_name, last_name, phone, d_birth, age, exp_years, cook_role_id, picture, picture_description) VALUES('David', 'Hughes', 6952551945, '1997-01-09', NULL, 4, 2, 'https://picsum.photos/1012/173', 'Alone worker two other likely official.');
INSERT INTO cook(first_name, last_name, phone, d_birth, age, exp_years, cook_role_id, picture, picture_description) VALUES('Amy', 'Allen', 6934835753, '1965-06-30', NULL, 35, 3, 'https://placekitten.com/815/105', 'Show check executive pattern.');
INSERT INTO cook(first_name, last_name, phone, d_birth, age, exp_years, cook_role_id, picture, picture_description) VALUES('Bradley', 'Hernandez', 6975900146, '1982-10-29', NULL, 3, 1, 'https://placekitten.com/712/534', 'Wait another hair moment rich term.');
INSERT INTO cook(first_name, last_name, phone, d_birth, age, exp_years, cook_role_id, picture, picture_description) VALUES('Trevor', 'Little', 6961338382, '1976-01-21', NULL, 22, 5, 'https://picsum.photos/490/931', 'Agency important end director.');
INSERT INTO cook(first_name, last_name, phone, d_birth, age, exp_years, cook_role_id, picture, picture_description) VALUES('Gabriel', 'Wong', 6944415921, '1988-05-03', NULL, 7, 4, 'https://placekitten.com/1017/1021', 'Enough state blood kid begin today.');
INSERT INTO cook(first_name, last_name, phone, d_birth, age, exp_years, cook_role_id, picture, picture_description) VALUES('Michael', 'Melton', 6902936151, '1978-10-07', NULL, 8, 3, 'https://dummyimage.com/997x771', 'Score guy never likely.');
INSERT INTO cook(first_name, last_name, phone, d_birth, age, exp_years, cook_role_id, picture, picture_description) VALUES('Daniel', 'Lopez', 6991793779, '1999-03-02', NULL, 1, 4, 'https://picsum.photos/120/372', 'Peace old line method single.');
INSERT INTO cook(first_name, last_name, phone, d_birth, age, exp_years, cook_role_id, picture, picture_description) VALUES('Lisa', 'Pierce', 6907504140, '1967-09-24', NULL, 1, 3, 'https://picsum.photos/226/269', 'Organization religious plant wear.');
INSERT INTO cook(first_name, last_name, phone, d_birth, age, exp_years, cook_role_id, picture, picture_description) VALUES('Jennifer', 'Bell', 6932371423, '1999-01-16', NULL, 1, 1, 'https://picsum.photos/322/1010', 'Contain sit wish college budget.');
INSERT INTO cook(first_name, last_name, phone, d_birth, age, exp_years, cook_role_id, picture, picture_description) VALUES('Miranda', 'Hancock', 6902118657, '1999-11-12', NULL, 1, 1, 'https://dummyimage.com/9x661', 'Model none fact space manager.');
INSERT INTO cook(first_name, last_name, phone, d_birth, age, exp_years, cook_role_id, picture, picture_description) VALUES('Cynthia', 'Sandoval', 6930708050, '1983-10-04', NULL, 11, 1, 'https://dummyimage.com/798x196', 'Job camera much amount.');

INSERT INTO ingredient(title, cal_gr, cal_ml, food_group_id, picture, picture_description) VALUES('paprika', 2, 3, 11, 'https://placekitten.com/451/424', 'Personal force girl answer ability their democratic.');
INSERT INTO ingredient(title, cal_gr, cal_ml, food_group_id, picture, picture_description) VALUES('flavored honey', 3, 2, 17, 'https://placekitten.com/283/779', 'Involve unit coach writer.');
INSERT INTO ingredient(title, cal_gr, cal_ml, food_group_id, picture, picture_description) VALUES('gluten', 7, 7, 13, 'https://dummyimage.com/354x749', 'Goal score difficult manage natural little strong.');
INSERT INTO ingredient(title, cal_gr, cal_ml, food_group_id, picture, picture_description) VALUES('black-eyed peas', 10, 9, 5, 'https://picsum.photos/776/391', 'History send around great enter network.');
INSERT INTO ingredient(title, cal_gr, cal_ml, food_group_id, picture, picture_description) VALUES('wheat germ', 9, 6, 12, 'https://dummyimage.com/771x933', 'End citizen interest large simply whom.');
INSERT INTO ingredient(title, cal_gr, cal_ml, food_group_id, picture, picture_description) VALUES('coconut flour', 5, 4, 11, 'https://placekitten.com/672/559', 'Popular more prevent not plan around group nature.');
INSERT INTO ingredient(title, cal_gr, cal_ml, food_group_id, picture, picture_description) VALUES('brown sugar', 7, 10, 6, 'https://placekitten.com/207/811', 'Least necessary second draw stand concern almost operation.');
INSERT INTO ingredient(title, cal_gr, cal_ml, food_group_id, picture, picture_description) VALUES('butternut squash', 10, 3, 19, 'https://picsum.photos/171/382', 'Painting reality study over know very.');
INSERT INTO ingredient(title, cal_gr, cal_ml, food_group_id, picture, picture_description) VALUES('blackberries', 3, 1, 10, 'https://picsum.photos/223/950', 'Choice like third whether.');
INSERT INTO ingredient(title, cal_gr, cal_ml, food_group_id, picture, picture_description) VALUES('caraway seeds', 1, 5, 16, 'https://dummyimage.com/405x537', 'Notice agreement in include argue.');
INSERT INTO ingredient(title, cal_gr, cal_ml, food_group_id, picture, picture_description) VALUES('milk', 9, 7, 3, 'https://dummyimage.com/992x674', 'Among laugh around use happy.');
INSERT INTO ingredient(title, cal_gr, cal_ml, food_group_id, picture, picture_description) VALUES('spinach', 5, 5, 5, 'https://picsum.photos/862/465', 'Kind against morning she from.');
INSERT INTO ingredient(title, cal_gr, cal_ml, food_group_id, picture, picture_description) VALUES('bay leaves', 9, 8, 16, 'https://dummyimage.com/898x889', 'There then present miss.');
INSERT INTO ingredient(title, cal_gr, cal_ml, food_group_id, picture, picture_description) VALUES('honey', 4, 3, 11, 'https://picsum.photos/531/142', 'Right opportunity have change performance information company.');
INSERT INTO ingredient(title, cal_gr, cal_ml, food_group_id, picture, picture_description) VALUES('pork', 3, 6, 20, 'https://picsum.photos/754/551', 'Remember difference home page poor.');
INSERT INTO ingredient(title, cal_gr, cal_ml, food_group_id, picture, picture_description) VALUES('cuttlefish', 1, 9, 9, 'https://dummyimage.com/980x959', 'Fact environment herself list tough operation possible.');
INSERT INTO ingredient(title, cal_gr, cal_ml, food_group_id, picture, picture_description) VALUES('rice flour', 6, 1, 19, 'https://placekitten.com/1024/285', 'Trade continue suddenly claim story.');
INSERT INTO ingredient(title, cal_gr, cal_ml, food_group_id, picture, picture_description) VALUES('spelt', 3, 9, 4, 'https://placekitten.com/590/744', 'Wind billion discover fall.');
INSERT INTO ingredient(title, cal_gr, cal_ml, food_group_id, picture, picture_description) VALUES('limes', 8, 3, 11, 'https://placekitten.com/363/882', 'Kind thousand program official card until.');
INSERT INTO ingredient(title, cal_gr, cal_ml, food_group_id, picture, picture_description) VALUES('cranberries', 4, 9, 5, 'https://picsum.photos/186/802', 'Although green employee certain condition move to.');
INSERT INTO ingredient(title, cal_gr, cal_ml, food_group_id, picture, picture_description) VALUES('oregano', 7, 4, 17, 'https://picsum.photos/689/113', 'Gun should well address drive attention expect participant.');
INSERT INTO ingredient(title, cal_gr, cal_ml, food_group_id, picture, picture_description) VALUES('kaffir lime leaves', 4, 10, 14, 'https://dummyimage.com/631x321', 'Security east others human.');
INSERT INTO ingredient(title, cal_gr, cal_ml, food_group_id, picture, picture_description) VALUES('buckwheat flour', 1, 9, 2, 'https://picsum.photos/979/934', 'Media theory blue present buy teach.');
INSERT INTO ingredient(title, cal_gr, cal_ml, food_group_id, picture, picture_description) VALUES('strawberries', 6, 8, 12, 'https://picsum.photos/636/808', 'Arrive deep card campaign have father factor nor.');
INSERT INTO ingredient(title, cal_gr, cal_ml, food_group_id, picture, picture_description) VALUES('balsamic vinegar', 1, 6, 13, 'https://picsum.photos/181/520', 'Me same instead prove goal support.');
INSERT INTO ingredient(title, cal_gr, cal_ml, food_group_id, picture, picture_description) VALUES('artichokes', 8, 7, 7, 'https://dummyimage.com/428x717', 'Whole oil start sound every similar.');
INSERT INTO ingredient(title, cal_gr, cal_ml, food_group_id, picture, picture_description) VALUES('cashews', 9, 2, 6, 'https://dummyimage.com/271x295', 'Stay down old level night money understand.');
INSERT INTO ingredient(title, cal_gr, cal_ml, food_group_id, picture, picture_description) VALUES('pasta', 10, 2, 12, 'https://placekitten.com/421/917', 'Seem talk send appear.');
INSERT INTO ingredient(title, cal_gr, cal_ml, food_group_id, picture, picture_description) VALUES('ground beef', 5, 4, 16, 'https://dummyimage.com/363x300', 'Their meeting manager energy usually.');
INSERT INTO ingredient(title, cal_gr, cal_ml, food_group_id, picture, picture_description) VALUES('vital wheat gluten', 9, 3, 17, 'https://picsum.photos/420/204', 'Mind include story all interesting within somebody.');
INSERT INTO ingredient(title, cal_gr, cal_ml, food_group_id, picture, picture_description) VALUES('turkey', 1, 9, 11, 'https://dummyimage.com/376x480', 'Ten wife push degree career local position.');
INSERT INTO ingredient(title, cal_gr, cal_ml, food_group_id, picture, picture_description) VALUES('beetroot', 4, 3, 1, 'https://dummyimage.com/69x886', 'Type clearly college seven state.');
INSERT INTO ingredient(title, cal_gr, cal_ml, food_group_id, picture, picture_description) VALUES('horseradish mustard', 1, 10, 19, 'https://placekitten.com/594/166', 'Heavy factor avoid fine seek clearly create.');
INSERT INTO ingredient(title, cal_gr, cal_ml, food_group_id, picture, picture_description) VALUES('corn', 4, 6, 10, 'https://picsum.photos/171/801', 'Figure military car direction certainly.');
INSERT INTO ingredient(title, cal_gr, cal_ml, food_group_id, picture, picture_description) VALUES('black pepper', 3, 6, 10, 'https://placekitten.com/1007/808', 'Ago beautiful participant interview into day.');
INSERT INTO ingredient(title, cal_gr, cal_ml, food_group_id, picture, picture_description) VALUES('amaranth', 7, 1, 3, 'https://picsum.photos/158/77', 'Thus society production where often as investment.');
INSERT INTO ingredient(title, cal_gr, cal_ml, food_group_id, picture, picture_description) VALUES('chayote', 7, 4, 15, 'https://picsum.photos/391/531', 'City interview professor under arrive machine.');
INSERT INTO ingredient(title, cal_gr, cal_ml, food_group_id, picture, picture_description) VALUES('fenugreek', 8, 1, 11, 'https://placekitten.com/364/152', 'Bank just so occur service believe.');
INSERT INTO ingredient(title, cal_gr, cal_ml, food_group_id, picture, picture_description) VALUES('fennel', 3, 3, 19, 'https://dummyimage.com/787x14', 'Tend smile back range hundred interesting over record.');
INSERT INTO ingredient(title, cal_gr, cal_ml, food_group_id, picture, picture_description) VALUES('lobster', 4, 9, 19, 'https://picsum.photos/408/350', 'After to them relationship population director.');
INSERT INTO ingredient(title, cal_gr, cal_ml, food_group_id, picture, picture_description) VALUES('freekeh', 7, 9, 5, 'https://picsum.photos/168/115', 'Cultural beyond high truth director old.');
INSERT INTO ingredient(title, cal_gr, cal_ml, food_group_id, picture, picture_description) VALUES('dry mustard', 7, 1, 13, 'https://placekitten.com/842/309', 'Step usually throw clearly.');
INSERT INTO ingredient(title, cal_gr, cal_ml, food_group_id, picture, picture_description) VALUES('sorghum syrup', 3, 5, 14, 'https://picsum.photos/810/10', 'She door than line night for degree.');
INSERT INTO ingredient(title, cal_gr, cal_ml, food_group_id, picture, picture_description) VALUES('tarot root', 8, 3, 20, 'https://picsum.photos/326/76', 'Stand next difference position eat.');
INSERT INTO ingredient(title, cal_gr, cal_ml, food_group_id, picture, picture_description) VALUES('celery seeds', 2, 9, 16, 'https://picsum.photos/57/659', 'Work situation however worry authority according whole.');
INSERT INTO ingredient(title, cal_gr, cal_ml, food_group_id, picture, picture_description) VALUES('rice', 9, 5, 9, 'https://dummyimage.com/506x826', 'Through detail herself.');
INSERT INTO ingredient(title, cal_gr, cal_ml, food_group_id, picture, picture_description) VALUES('wheat bran', 6, 10, 12, 'https://picsum.photos/180/88', 'Million hot idea sense risk.');
INSERT INTO ingredient(title, cal_gr, cal_ml, food_group_id, picture, picture_description) VALUES('cream', 9, 1, 7, 'https://picsum.photos/780/64', 'Director opportunity relate.');
INSERT INTO ingredient(title, cal_gr, cal_ml, food_group_id, picture, picture_description) VALUES('teff flour', 1, 9, 15, 'https://dummyimage.com/534x880', 'Make forget machine space data memory.');
INSERT INTO ingredient(title, cal_gr, cal_ml, food_group_id, picture, picture_description) VALUES('grouper', 5, 2, 7, 'https://placekitten.com/394/622', 'Girl history rise least wear law method.');
INSERT INTO ingredient(title, cal_gr, cal_ml, food_group_id, picture, picture_description) VALUES('millet flour', 1, 4, 15, 'https://placekitten.com/699/12', 'Defense part back between environment meet range.');
INSERT INTO ingredient(title, cal_gr, cal_ml, food_group_id, picture, picture_description) VALUES('polenta', 2, 5, 10, 'https://dummyimage.com/989x13', 'Against popular grow explain loss father citizen.');
INSERT INTO ingredient(title, cal_gr, cal_ml, food_group_id, picture, picture_description) VALUES('edamame', 5, 4, 1, 'https://placekitten.com/1007/846', 'Girl seem husband.');
INSERT INTO ingredient(title, cal_gr, cal_ml, food_group_id, picture, picture_description) VALUES('cloves', 3, 7, 9, 'https://placekitten.com/858/962', 'Where wind civil lose five to often.');
INSERT INTO ingredient(title, cal_gr, cal_ml, food_group_id, picture, picture_description) VALUES('coconut vinegar', 6, 6, 11, 'https://picsum.photos/20/74', 'Share well everyone realize piece often seven.');
INSERT INTO ingredient(title, cal_gr, cal_ml, food_group_id, picture, picture_description) VALUES('beef broth', 9, 3, 18, 'https://picsum.photos/40/751', 'Food region home push recognize.');
INSERT INTO ingredient(title, cal_gr, cal_ml, food_group_id, picture, picture_description) VALUES('molasses', 1, 3, 7, 'https://dummyimage.com/64x212', 'Need though fear international drive nation organization.');
INSERT INTO ingredient(title, cal_gr, cal_ml, food_group_id, picture, picture_description) VALUES('lettuce', 2, 1, 7, 'https://picsum.photos/223/261', 'Marriage other Mr green analysis themselves adult.');
INSERT INTO ingredient(title, cal_gr, cal_ml, food_group_id, picture, picture_description) VALUES('onion', 1, 5, 15, 'https://placekitten.com/657/336', 'Fall number hotel become return a explain.');
INSERT INTO ingredient(title, cal_gr, cal_ml, food_group_id, picture, picture_description) VALUES('quail', 6, 6, 18, 'https://placekitten.com/844/425', 'Can might need now.');
INSERT INTO ingredient(title, cal_gr, cal_ml, food_group_id, picture, picture_description) VALUES('jicama', 2, 2, 14, 'https://placekitten.com/384/186', 'Threat might yet summer course reveal after.');
INSERT INTO ingredient(title, cal_gr, cal_ml, food_group_id, picture, picture_description) VALUES('raspberries', 7, 3, 2, 'https://placekitten.com/553/445', 'With rate cold by sometimes responsibility.');
INSERT INTO ingredient(title, cal_gr, cal_ml, food_group_id, picture, picture_description) VALUES('lotus root', 4, 10, 5, 'https://dummyimage.com/901x522', 'Between stuff newspaper mouth.');
INSERT INTO ingredient(title, cal_gr, cal_ml, food_group_id, picture, picture_description) VALUES('goose', 9, 10, 14, 'https://placekitten.com/293/61', 'Sit knowledge degree.');
INSERT INTO ingredient(title, cal_gr, cal_ml, food_group_id, picture, picture_description) VALUES('chickpea flour', 6, 4, 12, 'https://placekitten.com/125/67', 'Organization never particular management.');
INSERT INTO ingredient(title, cal_gr, cal_ml, food_group_id, picture, picture_description) VALUES('peach butter', 9, 9, 14, 'https://placekitten.com/220/627', 'West natural various though ago who.');
INSERT INTO ingredient(title, cal_gr, cal_ml, food_group_id, picture, picture_description) VALUES('caramel sauce', 1, 3, 18, 'https://dummyimage.com/116x793', 'Want compare program participant out again sense.');
INSERT INTO ingredient(title, cal_gr, cal_ml, food_group_id, picture, picture_description) VALUES('cauliflower', 6, 5, 15, 'https://dummyimage.com/484x506', 'Particular catch business.');
INSERT INTO ingredient(title, cal_gr, cal_ml, food_group_id, picture, picture_description) VALUES('tuna', 5, 5, 14, 'https://placekitten.com/116/484', 'Wide pull others understand drive chair.');
INSERT INTO ingredient(title, cal_gr, cal_ml, food_group_id, picture, picture_description) VALUES('savory', 9, 7, 4, 'https://placekitten.com/593/395', 'Care rich dinner avoid order well population.');
INSERT INTO ingredient(title, cal_gr, cal_ml, food_group_id, picture, picture_description) VALUES('kombu', 1, 6, 8, 'https://placekitten.com/793/586', 'Game partner account pass.');
INSERT INTO ingredient(title, cal_gr, cal_ml, food_group_id, picture, picture_description) VALUES('canned tomatoes', 7, 5, 12, 'https://dummyimage.com/608x405', 'Everybody study easy forward.');
INSERT INTO ingredient(title, cal_gr, cal_ml, food_group_id, picture, picture_description) VALUES('lemons', 8, 6, 3, 'https://picsum.photos/352/926', 'Draw house stuff fact at create explain grow.');
INSERT INTO ingredient(title, cal_gr, cal_ml, food_group_id, picture, picture_description) VALUES('raspberry jam', 7, 9, 6, 'https://dummyimage.com/84x488', 'Set not ability reveal.');
INSERT INTO ingredient(title, cal_gr, cal_ml, food_group_id, picture, picture_description) VALUES('goat', 2, 2, 11, 'https://dummyimage.com/687x472', 'Citizen walk lead decide can civil mention.');
INSERT INTO ingredient(title, cal_gr, cal_ml, food_group_id, picture, picture_description) VALUES('steel-cut oats', 7, 8, 1, 'https://picsum.photos/703/651', 'Almost action space far government heart.');
INSERT INTO ingredient(title, cal_gr, cal_ml, food_group_id, picture, picture_description) VALUES('baking soda', 5, 7, 3, 'https://picsum.photos/599/762', 'Discover same rule claim poor value guy.');
INSERT INTO ingredient(title, cal_gr, cal_ml, food_group_id, picture, picture_description) VALUES('chili powder', 7, 5, 7, 'https://placekitten.com/210/626', 'Test service investment.');
INSERT INTO ingredient(title, cal_gr, cal_ml, food_group_id, picture, picture_description) VALUES('teff', 10, 8, 6, 'https://picsum.photos/386/831', 'Himself become pattern when clearly girl.');
INSERT INTO ingredient(title, cal_gr, cal_ml, food_group_id, picture, picture_description) VALUES('horseradish', 10, 1, 8, 'https://placekitten.com/529/536', 'Member common account story.');
INSERT INTO ingredient(title, cal_gr, cal_ml, food_group_id, picture, picture_description) VALUES('apricot jam', 5, 1, 17, 'https://dummyimage.com/267x536', 'Back most likely bank sea measure game.');
INSERT INTO ingredient(title, cal_gr, cal_ml, food_group_id, picture, picture_description) VALUES('coriander', 2, 10, 19, 'https://picsum.photos/106/864', 'Student arrive hold piece.');
INSERT INTO ingredient(title, cal_gr, cal_ml, food_group_id, picture, picture_description) VALUES('eucalyptus honey', 1, 4, 15, 'https://picsum.photos/178/389', 'Page parent economy traditional relate Mrs throughout.');
INSERT INTO ingredient(title, cal_gr, cal_ml, food_group_id, picture, picture_description) VALUES('orange blossom honey', 10, 2, 13, 'https://dummyimage.com/989x57', 'Occur fast series own voice foreign.');
INSERT INTO ingredient(title, cal_gr, cal_ml, food_group_id, picture, picture_description) VALUES('spanish paprika', 9, 5, 6, 'https://dummyimage.com/131x860', 'Allow speech even.');
INSERT INTO ingredient(title, cal_gr, cal_ml, food_group_id, picture, picture_description) VALUES('ground turkey', 2, 9, 17, 'https://placekitten.com/754/158', 'All dog or situation among look shoulder.');
INSERT INTO ingredient(title, cal_gr, cal_ml, food_group_id, picture, picture_description) VALUES('spelt flour', 5, 3, 14, 'https://picsum.photos/454/94', 'Career day experience key hundred.');
INSERT INTO ingredient(title, cal_gr, cal_ml, food_group_id, picture, picture_description) VALUES('almonds', 3, 4, 10, 'https://picsum.photos/390/328', 'Property see tonight wonder science forget resource.');
INSERT INTO ingredient(title, cal_gr, cal_ml, food_group_id, picture, picture_description) VALUES('thyme', 8, 5, 16, 'https://dummyimage.com/169x459', 'Ever detail machine easy.');
INSERT INTO ingredient(title, cal_gr, cal_ml, food_group_id, picture, picture_description) VALUES('mint', 9, 6, 17, 'https://picsum.photos/53/508', 'Five defense total responsibility democratic knowledge.');
INSERT INTO ingredient(title, cal_gr, cal_ml, food_group_id, picture, picture_description) VALUES('broccoli', 8, 1, 19, 'https://dummyimage.com/627x876', 'Hospital concern concern.');
INSERT INTO ingredient(title, cal_gr, cal_ml, food_group_id, picture, picture_description) VALUES('millet', 9, 8, 3, 'https://placekitten.com/166/596', 'Cut seem employee art room relate tend.');
INSERT INTO ingredient(title, cal_gr, cal_ml, food_group_id, picture, picture_description) VALUES('veal', 2, 7, 11, 'https://dummyimage.com/160x878', 'Visit next despite order hit others.');
INSERT INTO ingredient(title, cal_gr, cal_ml, food_group_id, picture, picture_description) VALUES('galangal', 2, 8, 6, 'https://dummyimage.com/713x109', 'Article interesting item bring with.');
INSERT INTO ingredient(title, cal_gr, cal_ml, food_group_id, picture, picture_description) VALUES('couscous pearls', 10, 9, 20, 'https://picsum.photos/584/388', 'Entire happy decade mother who.');
INSERT INTO ingredient(title, cal_gr, cal_ml, food_group_id, picture, picture_description) VALUES('scallops', 3, 8, 14, 'https://placekitten.com/1017/374', 'Ready represent entire my far these national.');
INSERT INTO ingredient(title, cal_gr, cal_ml, food_group_id, picture, picture_description) VALUES('blackstrap molasses', 9, 8, 4, 'https://dummyimage.com/1011x946', 'Account try form change seat although.');
INSERT INTO ingredient(title, cal_gr, cal_ml, food_group_id, picture, picture_description) VALUES('parsnips', 10, 9, 1, 'https://dummyimage.com/630x273', 'Despite similar their paper discover.');
INSERT INTO ingredient(title, cal_gr, cal_ml, food_group_id, picture, picture_description) VALUES('adzuki beans', 5, 8, 19, 'https://placekitten.com/21/520', 'Final trial sit gas throw.');
INSERT INTO ingredient(title, cal_gr, cal_ml, food_group_id, picture, picture_description) VALUES('great northern beans', 2, 10, 9, 'https://dummyimage.com/899x875', 'Require threat ground story shake thing.');
INSERT INTO ingredient(title, cal_gr, cal_ml, food_group_id, picture, picture_description) VALUES('sugar', 9, 3, 9, 'https://picsum.photos/841/419', 'Measure herself about notice do.');
INSERT INTO ingredient(title, cal_gr, cal_ml, food_group_id, picture, picture_description) VALUES('gelatin', 1, 6, 17, 'https://dummyimage.com/531x559', 'Fear market ever language list technology.');
INSERT INTO ingredient(title, cal_gr, cal_ml, food_group_id, picture, picture_description) VALUES('arugula', 8, 9, 12, 'https://placekitten.com/502/914', 'Order sense direction.');
INSERT INTO ingredient(title, cal_gr, cal_ml, food_group_id, picture, picture_description) VALUES('rabbit', 6, 3, 6, 'https://picsum.photos/925/642', 'Be under particular.');
INSERT INTO ingredient(title, cal_gr, cal_ml, food_group_id, picture, picture_description) VALUES('chia seeds', 6, 6, 11, 'https://picsum.photos/644/763', 'City investment knowledge another.');
INSERT INTO ingredient(title, cal_gr, cal_ml, food_group_id, picture, picture_description) VALUES('agave nectar', 8, 2, 11, 'https://dummyimage.com/53x495', 'Senior event western feeling throughout final already woman.');
INSERT INTO ingredient(title, cal_gr, cal_ml, food_group_id, picture, picture_description) VALUES('kale', 5, 2, 19, 'https://picsum.photos/311/203', 'It detail claim win note compare.');
INSERT INTO ingredient(title, cal_gr, cal_ml, food_group_id, picture, picture_description) VALUES('arame', 5, 5, 2, 'https://dummyimage.com/149x824', 'Activity hair former test continue religious front.');
INSERT INTO ingredient(title, cal_gr, cal_ml, food_group_id, picture, picture_description) VALUES('apple butter', 10, 7, 16, 'https://dummyimage.com/886x221', 'Determine training speech.');
INSERT INTO ingredient(title, cal_gr, cal_ml, food_group_id, picture, picture_description) VALUES('rosemary', 2, 5, 14, 'https://dummyimage.com/840x645', 'Plan realize reduce arm training.');
INSERT INTO ingredient(title, cal_gr, cal_ml, food_group_id, picture, picture_description) VALUES('rice vinegar', 4, 8, 10, 'https://picsum.photos/459/46', 'Like box lay soon statement without key.');
INSERT INTO ingredient(title, cal_gr, cal_ml, food_group_id, picture, picture_description) VALUES('butterscotch sauce', 7, 8, 17, 'https://placekitten.com/281/200', 'Build not course respond fact item suddenly.');
INSERT INTO ingredient(title, cal_gr, cal_ml, food_group_id, picture, picture_description) VALUES('potatoes', 1, 4, 6, 'https://dummyimage.com/442x226', 'Thing else serve despite north.');
INSERT INTO ingredient(title, cal_gr, cal_ml, food_group_id, picture, picture_description) VALUES('hot sauce', 2, 10, 3, 'https://placekitten.com/8/17', 'Central save drug hair.');
INSERT INTO ingredient(title, cal_gr, cal_ml, food_group_id, picture, picture_description) VALUES('red wine vinegar', 2, 2, 10, 'https://dummyimage.com/107x926', 'Agent past something federal say whose.');
INSERT INTO ingredient(title, cal_gr, cal_ml, food_group_id, picture, picture_description) VALUES('olive oil', 1, 8, 10, 'https://dummyimage.com/365x855', 'Four country base high near each.');
INSERT INTO ingredient(title, cal_gr, cal_ml, food_group_id, picture, picture_description) VALUES('sweet paprika', 1, 8, 6, 'https://picsum.photos/986/922', 'Open develop building site particular old maybe.');
INSERT INTO ingredient(title, cal_gr, cal_ml, food_group_id, picture, picture_description) VALUES('bell pepper', 3, 2, 9, 'https://picsum.photos/489/942', 'Reach walk note move doctor company certain.');
INSERT INTO ingredient(title, cal_gr, cal_ml, food_group_id, picture, picture_description) VALUES('clam', 2, 2, 6, 'https://placekitten.com/138/27', 'Environment risk usually allow magazine base.');
INSERT INTO ingredient(title, cal_gr, cal_ml, food_group_id, picture, picture_description) VALUES('kidney beans', 5, 6, 9, 'https://dummyimage.com/213x1000', 'Pretty whom listen start success.');
INSERT INTO ingredient(title, cal_gr, cal_ml, food_group_id, picture, picture_description) VALUES('wildflower honey', 4, 4, 7, 'https://picsum.photos/212/999', 'Already feeling decision dog.');
INSERT INTO ingredient(title, cal_gr, cal_ml, food_group_id, picture, picture_description) VALUES('butter', 8, 10, 18, 'https://dummyimage.com/517x874', 'Consider idea unit trip magazine.');
INSERT INTO ingredient(title, cal_gr, cal_ml, food_group_id, picture, picture_description) VALUES('grapes', 4, 7, 9, 'https://placekitten.com/248/355', 'Determine likely wrong event minute.');
INSERT INTO ingredient(title, cal_gr, cal_ml, food_group_id, picture, picture_description) VALUES('marmalade', 8, 4, 13, 'https://placekitten.com/685/973', 'Itself strong real development.');
INSERT INTO ingredient(title, cal_gr, cal_ml, food_group_id, picture, picture_description) VALUES('sriracha', 2, 5, 9, 'https://picsum.photos/616/859', 'Across space hour standard assume focus.');
INSERT INTO ingredient(title, cal_gr, cal_ml, food_group_id, picture, picture_description) VALUES('concord grape jelly', 3, 3, 1, 'https://picsum.photos/787/170', 'Almost fast pass never opportunity across may.');
INSERT INTO ingredient(title, cal_gr, cal_ml, food_group_id, picture, picture_description) VALUES('bok choy', 10, 10, 13, 'https://dummyimage.com/903x178', 'Gun throw rule community at.');
INSERT INTO ingredient(title, cal_gr, cal_ml, food_group_id, picture, picture_description) VALUES('pollock', 3, 8, 16, 'https://placekitten.com/833/835', 'Event page under happen.');
INSERT INTO ingredient(title, cal_gr, cal_ml, food_group_id, picture, picture_description) VALUES('orange roughy', 2, 10, 4, 'https://picsum.photos/195/965', 'No dinner about season child themselves personal our.');
INSERT INTO ingredient(title, cal_gr, cal_ml, food_group_id, picture, picture_description) VALUES('prepared mustard', 10, 7, 13, 'https://dummyimage.com/268x334', 'Simply door her blue power need over.');
INSERT INTO ingredient(title, cal_gr, cal_ml, food_group_id, picture, picture_description) VALUES('sherry vinegar', 9, 6, 5, 'https://placekitten.com/145/172', 'Occur particularly modern likely put.');
INSERT INTO ingredient(title, cal_gr, cal_ml, food_group_id, picture, picture_description) VALUES('leeks', 4, 6, 8, 'https://placekitten.com/261/584', 'Camera suggest third summer fight second example.');
INSERT INTO ingredient(title, cal_gr, cal_ml, food_group_id, picture, picture_description) VALUES('zucchini', 6, 9, 3, 'https://picsum.photos/504/314', 'Bed attorney Mrs majority participant say.');
INSERT INTO ingredient(title, cal_gr, cal_ml, food_group_id, picture, picture_description) VALUES('duck', 2, 2, 1, 'https://picsum.photos/852/285', 'Leave fact too buy bar manage newspaper.');
INSERT INTO ingredient(title, cal_gr, cal_ml, food_group_id, picture, picture_description) VALUES('peas', 6, 10, 15, 'https://placekitten.com/266/306', 'Mean apply however traditional feel total no his.');
INSERT INTO ingredient(title, cal_gr, cal_ml, food_group_id, picture, picture_description) VALUES('snapper', 6, 4, 15, 'https://picsum.photos/82/500', 'Speak board human environment raise.');
INSERT INTO ingredient(title, cal_gr, cal_ml, food_group_id, picture, picture_description) VALUES('apples', 9, 1, 15, 'https://placekitten.com/368/819', 'Case evening right four.');
INSERT INTO ingredient(title, cal_gr, cal_ml, food_group_id, picture, picture_description) VALUES('tapioca', 5, 10, 11, 'https://placekitten.com/492/49', 'Future your book miss people nearly fire control.');
INSERT INTO ingredient(title, cal_gr, cal_ml, food_group_id, picture, picture_description) VALUES('garlic', 3, 6, 3, 'https://placekitten.com/358/13', 'Floor audience lose memory mouth cultural.');
INSERT INTO ingredient(title, cal_gr, cal_ml, food_group_id, picture, picture_description) VALUES('za`atar', 5, 4, 9, 'https://placekitten.com/127/662', 'Analysis into suddenly brother lead line build my.');
INSERT INTO ingredient(title, cal_gr, cal_ml, food_group_id, picture, picture_description) VALUES('mustard seeds', 10, 3, 13, 'https://placekitten.com/151/593', 'Shoulder nothing little continue north agreement.');
INSERT INTO ingredient(title, cal_gr, cal_ml, food_group_id, picture, picture_description) VALUES('garlic powder', 2, 1, 8, 'https://placekitten.com/838/930', 'Reduce long much financial say sense official consider.');
INSERT INTO ingredient(title, cal_gr, cal_ml, food_group_id, picture, picture_description) VALUES('potato starch', 10, 3, 1, 'https://placekitten.com/380/857', 'Window watch weight experience.');
INSERT INTO ingredient(title, cal_gr, cal_ml, food_group_id, picture, picture_description) VALUES('jelly', 3, 10, 3, 'https://picsum.photos/344/85', 'News friend value kind.');
INSERT INTO ingredient(title, cal_gr, cal_ml, food_group_id, picture, picture_description) VALUES('trout', 7, 3, 14, 'https://dummyimage.com/389x337', 'Research step ok social cup college money.');
INSERT INTO ingredient(title, cal_gr, cal_ml, food_group_id, picture, picture_description) VALUES('celery', 5, 10, 16, 'https://dummyimage.com/780x1008', 'Foot military offer.');
INSERT INTO ingredient(title, cal_gr, cal_ml, food_group_id, picture, picture_description) VALUES('chicken breast', 2, 7, 5, 'https://dummyimage.com/451x898', 'Program pretty rest really.');
INSERT INTO ingredient(title, cal_gr, cal_ml, food_group_id, picture, picture_description) VALUES('navy beans', 5, 2, 17, 'https://placekitten.com/728/943', 'Picture consumer human save thank.');
INSERT INTO ingredient(title, cal_gr, cal_ml, food_group_id, picture, picture_description) VALUES('chives', 3, 3, 16, 'https://picsum.photos/695/165', 'Measure mention type other another according billion.');
INSERT INTO ingredient(title, cal_gr, cal_ml, food_group_id, picture, picture_description) VALUES('haddock', 9, 5, 1, 'https://dummyimage.com/352x828', 'In country service lead miss.');
INSERT INTO ingredient(title, cal_gr, cal_ml, food_group_id, picture, picture_description) VALUES('poppy seeds', 6, 2, 19, 'https://placekitten.com/511/50', 'Experience ahead remain whole street many.');
INSERT INTO ingredient(title, cal_gr, cal_ml, food_group_id, picture, picture_description) VALUES('turnips', 10, 5, 4, 'https://picsum.photos/19/984', 'Assume modern positive collection.');
INSERT INTO ingredient(title, cal_gr, cal_ml, food_group_id, picture, picture_description) VALUES('soybeans', 1, 4, 16, 'https://dummyimage.com/387x435', 'Pass none dream goal rate future clearly.');
INSERT INTO ingredient(title, cal_gr, cal_ml, food_group_id, picture, picture_description) VALUES('lemongrass', 9, 3, 17, 'https://picsum.photos/654/487', 'Return wall so role report lay or.');
INSERT INTO ingredient(title, cal_gr, cal_ml, food_group_id, picture, picture_description) VALUES('perch', 6, 5, 7, 'https://dummyimage.com/108x834', 'Seem cut down wish piece however how.');
INSERT INTO ingredient(title, cal_gr, cal_ml, food_group_id, picture, picture_description) VALUES('golden syrup', 3, 6, 1, 'https://placekitten.com/537/285', 'Parent he appear cover door.');
INSERT INTO ingredient(title, cal_gr, cal_ml, food_group_id, picture, picture_description) VALUES('wakame', 4, 2, 7, 'https://dummyimage.com/136x768', 'Just difference stay and catch any.');
INSERT INTO ingredient(title, cal_gr, cal_ml, food_group_id, picture, picture_description) VALUES('sea urchin', 1, 7, 1, 'https://dummyimage.com/564x558', 'Hospital information should arm policy focus training address.');
INSERT INTO ingredient(title, cal_gr, cal_ml, food_group_id, picture, picture_description) VALUES('brussels sprouts', 8, 1, 2, 'https://placekitten.com/59/484', 'Stock my fire smile keep of.');
INSERT INTO ingredient(title, cal_gr, cal_ml, food_group_id, picture, picture_description) VALUES('parmesan cheese', 4, 5, 10, 'https://dummyimage.com/199x490', 'Old drop degree most yourself.');
INSERT INTO ingredient(title, cal_gr, cal_ml, food_group_id, picture, picture_description) VALUES('sausage', 9, 2, 14, 'https://placekitten.com/682/121', 'Book power language.');
INSERT INTO ingredient(title, cal_gr, cal_ml, food_group_id, picture, picture_description) VALUES('mace', 9, 4, 17, 'https://picsum.photos/500/1', 'Drug most still suffer what.');
INSERT INTO ingredient(title, cal_gr, cal_ml, food_group_id, picture, picture_description) VALUES('collard greens', 4, 2, 4, 'https://picsum.photos/491/487', 'Yourself according term require.');
INSERT INTO ingredient(title, cal_gr, cal_ml, food_group_id, picture, picture_description) VALUES('fennel seeds', 2, 4, 11, 'https://picsum.photos/815/638', 'Wrong unit ok.');
INSERT INTO ingredient(title, cal_gr, cal_ml, food_group_id, picture, picture_description) VALUES('anchovies', 1, 8, 6, 'https://placekitten.com/780/542', 'Here worry book green together south.');
INSERT INTO ingredient(title, cal_gr, cal_ml, food_group_id, picture, picture_description) VALUES('sea cucumber', 10, 5, 19, 'https://dummyimage.com/199x763', 'Sing wait money game station military rich.');
INSERT INTO ingredient(title, cal_gr, cal_ml, food_group_id, picture, picture_description) VALUES('mango', 6, 2, 18, 'https://dummyimage.com/336x320', 'Decision turn wait fear five herself.');
INSERT INTO ingredient(title, cal_gr, cal_ml, food_group_id, picture, picture_description) VALUES('pomegranate molasses', 5, 5, 5, 'https://picsum.photos/829/683', 'According across responsibility relate treatment focus experience.');
INSERT INTO ingredient(title, cal_gr, cal_ml, food_group_id, picture, picture_description) VALUES('parsley', 1, 1, 12, 'https://dummyimage.com/531x148', 'Mind PM position.');
INSERT INTO ingredient(title, cal_gr, cal_ml, food_group_id, picture, picture_description) VALUES('beef', 2, 3, 11, 'https://dummyimage.com/631x853', 'Most single form different somebody answer.');
INSERT INTO ingredient(title, cal_gr, cal_ml, food_group_id, picture, picture_description) VALUES('star anise', 1, 5, 19, 'https://dummyimage.com/1002x108', 'Thus his simple quickly activity.');
INSERT INTO ingredient(title, cal_gr, cal_ml, food_group_id, picture, picture_description) VALUES('rolled oats', 4, 3, 1, 'https://picsum.photos/397/789', 'Save the church international matter guess human.');
INSERT INTO ingredient(title, cal_gr, cal_ml, food_group_id, picture, picture_description) VALUES('shrimp', 10, 1, 14, 'https://dummyimage.com/185x926', 'Window this believe its event.');
INSERT INTO ingredient(title, cal_gr, cal_ml, food_group_id, picture, picture_description) VALUES('barley malt syrup', 1, 6, 3, 'https://picsum.photos/912/797', 'Increase call address writer face because reach line.');
INSERT INTO ingredient(title, cal_gr, cal_ml, food_group_id, picture, picture_description) VALUES('basil', 3, 4, 5, 'https://placekitten.com/606/726', 'Power size crime piece team college.');
INSERT INTO ingredient(title, cal_gr, cal_ml, food_group_id, picture, picture_description) VALUES('oat flour', 10, 8, 18, 'https://dummyimage.com/518x854', 'Television father if around talk.');
INSERT INTO ingredient(title, cal_gr, cal_ml, food_group_id, picture, picture_description) VALUES('venison', 8, 6, 20, 'https://picsum.photos/754/712', 'Drug officer still.');
INSERT INTO ingredient(title, cal_gr, cal_ml, food_group_id, picture, picture_description) VALUES('ginger', 8, 10, 16, 'https://placekitten.com/114/496', 'Red dark understand energy make real open chair.');
INSERT INTO ingredient(title, cal_gr, cal_ml, food_group_id, picture, picture_description) VALUES('carrots', 4, 4, 16, 'https://picsum.photos/650/84', 'Left late coach.');
INSERT INTO ingredient(title, cal_gr, cal_ml, food_group_id, picture, picture_description) VALUES('tarragon', 5, 8, 2, 'https://picsum.photos/703/139', 'Single hold significant data trade.');
INSERT INTO ingredient(title, cal_gr, cal_ml, food_group_id, picture, picture_description) VALUES('cilantro', 8, 10, 7, 'https://picsum.photos/87/780', 'Military place television near.');
INSERT INTO ingredient(title, cal_gr, cal_ml, food_group_id, picture, picture_description) VALUES('whole grain mustard', 3, 8, 6, 'https://picsum.photos/596/1001', 'For positive agree collection word south loss.');
INSERT INTO ingredient(title, cal_gr, cal_ml, food_group_id, picture, picture_description) VALUES('okra', 8, 2, 14, 'https://placekitten.com/537/198', 'Concern nature discuss red where interview.');
INSERT INTO ingredient(title, cal_gr, cal_ml, food_group_id, picture, picture_description) VALUES('watermelon', 6, 3, 11, 'https://placekitten.com/321/683', 'Summer visit president air have and break.');
INSERT INTO ingredient(title, cal_gr, cal_ml, food_group_id, picture, picture_description) VALUES('buckwheat honey', 8, 10, 4, 'https://picsum.photos/803/139', 'Without race change.');
INSERT INTO ingredient(title, cal_gr, cal_ml, food_group_id, picture, picture_description) VALUES('mussel', 1, 3, 3, 'https://placekitten.com/995/743', 'Though million so condition play.');
INSERT INTO ingredient(title, cal_gr, cal_ml, food_group_id, picture, picture_description) VALUES('mayonnaise', 6, 2, 9, 'https://picsum.photos/659/819', 'Democratic dog author positive its.');
INSERT INTO ingredient(title, cal_gr, cal_ml, food_group_id, picture, picture_description) VALUES('tandoori masala', 9, 5, 4, 'https://picsum.photos/838/337', 'Financial yourself probably itself mean.');
INSERT INTO ingredient(title, cal_gr, cal_ml, food_group_id, picture, picture_description) VALUES('octopus', 9, 5, 15, 'https://dummyimage.com/444x887', 'Every garden produce.');
INSERT INTO ingredient(title, cal_gr, cal_ml, food_group_id, picture, picture_description) VALUES('peanuts', 7, 4, 13, 'https://picsum.photos/666/648', 'Far something next.');
INSERT INTO ingredient(title, cal_gr, cal_ml, food_group_id, picture, picture_description) VALUES('safflower', 4, 5, 13, 'https://dummyimage.com/197x703', 'Reason ahead structure somebody coach young when.');
INSERT INTO ingredient(title, cal_gr, cal_ml, food_group_id, picture, picture_description) VALUES('vinegar', 9, 6, 12, 'https://picsum.photos/527/48', 'Activity move property how at.');
INSERT INTO ingredient(title, cal_gr, cal_ml, food_group_id, picture, picture_description) VALUES('five-spice powder', 3, 4, 3, 'https://picsum.photos/406/184', 'Serve idea site cover.');
INSERT INTO ingredient(title, cal_gr, cal_ml, food_group_id, picture, picture_description) VALUES('ostrich', 1, 1, 11, 'https://dummyimage.com/403x746', 'Expect teacher collection individual.');
INSERT INTO ingredient(title, cal_gr, cal_ml, food_group_id, picture, picture_description) VALUES('green beans', 10, 2, 15, 'https://dummyimage.com/974x575', 'Follow him effort life partner degree.');
INSERT INTO ingredient(title, cal_gr, cal_ml, food_group_id, picture, picture_description) VALUES('dijon mustard', 7, 6, 20, 'https://placekitten.com/731/161', 'Others pull course relationship behavior threat option.');
INSERT INTO ingredient(title, cal_gr, cal_ml, food_group_id, picture, picture_description) VALUES('sorghum flour', 1, 6, 6, 'https://dummyimage.com/596x50', 'Head around sea likely.');
INSERT INTO ingredient(title, cal_gr, cal_ml, food_group_id, picture, picture_description) VALUES('acorn squash', 8, 5, 2, 'https://placekitten.com/48/386', 'Language future job present lawyer real long.');
INSERT INTO ingredient(title, cal_gr, cal_ml, food_group_id, picture, picture_description) VALUES('raisins', 1, 5, 15, 'https://picsum.photos/519/994', 'Kid community upon first fly occur.');
INSERT INTO ingredient(title, cal_gr, cal_ml, food_group_id, picture, picture_description) VALUES('pumpkin seeds', 4, 1, 9, 'https://dummyimage.com/433x184', 'Term newspaper himself president nice gun.');
INSERT INTO ingredient(title, cal_gr, cal_ml, food_group_id, picture, picture_description) VALUES('spaghetti squash', 7, 1, 7, 'https://dummyimage.com/862x845', 'Get health floor senior product however.');
INSERT INTO ingredient(title, cal_gr, cal_ml, food_group_id, picture, picture_description) VALUES('mahi mahi', 7, 2, 11, 'https://dummyimage.com/112x846', 'By dog hear keep finish score past.');
INSERT INTO ingredient(title, cal_gr, cal_ml, food_group_id, picture, picture_description) VALUES('cod', 1, 7, 4, 'https://dummyimage.com/246x580', 'Material bar often improve ok glass.');
INSERT INTO ingredient(title, cal_gr, cal_ml, food_group_id, picture, picture_description) VALUES('sardines', 7, 10, 3, 'https://dummyimage.com/220x658', 'Certain purpose painting address.');
INSERT INTO ingredient(title, cal_gr, cal_ml, food_group_id, picture, picture_description) VALUES('dulse', 9, 5, 12, 'https://placekitten.com/488/215', 'Low purpose available media throughout government girl.');
INSERT INTO ingredient(title, cal_gr, cal_ml, food_group_id, picture, picture_description) VALUES('chervil', 4, 1, 16, 'https://placekitten.com/579/731', 'Fund ground pattern yourself.');
INSERT INTO ingredient(title, cal_gr, cal_ml, food_group_id, picture, picture_description) VALUES('baking powder', 3, 7, 6, 'https://dummyimage.com/193x123', 'Catch first guy stop style short future direction.');
INSERT INTO ingredient(title, cal_gr, cal_ml, food_group_id, picture, picture_description) VALUES('raw honey', 1, 6, 14, 'https://picsum.photos/1023/303', 'Lead turn might.');
INSERT INTO ingredient(title, cal_gr, cal_ml, food_group_id, picture, picture_description) VALUES('kasha', 7, 6, 10, 'https://dummyimage.com/752x811', 'Section much pressure local prepare growth.');
INSERT INTO ingredient(title, cal_gr, cal_ml, food_group_id, picture, picture_description) VALUES('saffron', 9, 9, 1, 'https://picsum.photos/129/841', 'Adult area type understand could consider song.');
INSERT INTO ingredient(title, cal_gr, cal_ml, food_group_id, picture, picture_description) VALUES('date syrup', 7, 6, 16, 'https://picsum.photos/763/133', 'Nearly hospital son mission result.');
INSERT INTO ingredient(title, cal_gr, cal_ml, food_group_id, picture, picture_description) VALUES('avocado', 1, 6, 7, 'https://picsum.photos/1009/192', 'Move that kitchen top.');
INSERT INTO ingredient(title, cal_gr, cal_ml, food_group_id, picture, picture_description) VALUES('pinto beans', 4, 2, 13, 'https://dummyimage.com/277x698', 'Paper now wait sort culture live economic.');
INSERT INTO ingredient(title, cal_gr, cal_ml, food_group_id, picture, picture_description) VALUES('sugar snap peas', 6, 7, 20, 'https://dummyimage.com/115x96', 'Require building science shake.');
INSERT INTO ingredient(title, cal_gr, cal_ml, food_group_id, picture, picture_description) VALUES('nori', 2, 6, 14, 'https://placekitten.com/100/217', 'Conference cell involve thousand.');
INSERT INTO ingredient(title, cal_gr, cal_ml, food_group_id, picture, picture_description) VALUES('clover honey', 8, 4, 12, 'https://placekitten.com/435/728', 'Certainly activity letter base wide.');
INSERT INTO ingredient(title, cal_gr, cal_ml, food_group_id, picture, picture_description) VALUES('black beans', 7, 4, 19, 'https://dummyimage.com/279x544', 'Bill whom ahead say color city change.');
INSERT INTO ingredient(title, cal_gr, cal_ml, food_group_id, picture, picture_description) VALUES('baharat', 6, 2, 10, 'https://placekitten.com/456/15', 'Song boy individual key usually election none.');
INSERT INTO ingredient(title, cal_gr, cal_ml, food_group_id, picture, picture_description) VALUES('creamed honey', 2, 7, 19, 'https://placekitten.com/123/583', 'Ready final modern believe.');
INSERT INTO ingredient(title, cal_gr, cal_ml, food_group_id, picture, picture_description) VALUES('sage', 5, 5, 15, 'https://placekitten.com/403/86', 'Drive including seek likely camera.');
INSERT INTO ingredient(title, cal_gr, cal_ml, food_group_id, picture, picture_description) VALUES('blueberry jam', 10, 4, 13, 'https://picsum.photos/408/10', 'Book at little court.');
INSERT INTO ingredient(title, cal_gr, cal_ml, food_group_id, picture, picture_description) VALUES('ancho chili powder', 4, 9, 11, 'https://dummyimage.com/384x783', 'Environment world among democratic dinner magazine.');
INSERT INTO ingredient(title, cal_gr, cal_ml, food_group_id, picture, picture_description) VALUES('apple cider vinegar', 7, 10, 12, 'https://dummyimage.com/253x648', 'Apply central administration generation.');
INSERT INTO ingredient(title, cal_gr, cal_ml, food_group_id, picture, picture_description) VALUES('peaches', 9, 6, 6, 'https://dummyimage.com/347x241', 'Radio security home trial social author represent.');
INSERT INTO ingredient(title, cal_gr, cal_ml, food_group_id, picture, picture_description) VALUES('maple syrup', 1, 2, 2, 'https://placekitten.com/269/928', 'Could college center quality arrive stock.');
INSERT INTO ingredient(title, cal_gr, cal_ml, food_group_id, picture, picture_description) VALUES('dill seeds', 8, 6, 7, 'https://placekitten.com/766/652', 'Drop so once effort economy.');
INSERT INTO ingredient(title, cal_gr, cal_ml, food_group_id, picture, picture_description) VALUES('shallots', 2, 10, 8, 'https://picsum.photos/168/591', 'Few letter offer tend be.');
INSERT INTO ingredient(title, cal_gr, cal_ml, food_group_id, picture, picture_description) VALUES('ketchup', 10, 3, 12, 'https://dummyimage.com/898x709', 'Agree woman note technology he blue after.');
INSERT INTO ingredient(title, cal_gr, cal_ml, food_group_id, picture, picture_description) VALUES('arrowroot', 4, 10, 20, 'https://picsum.photos/1020/506', 'Glass study crime its news why.');
INSERT INTO ingredient(title, cal_gr, cal_ml, food_group_id, picture, picture_description) VALUES('bamboo shoots', 6, 1, 6, 'https://picsum.photos/924/945', 'Size face major development though pressure nothing letter.');
INSERT INTO ingredient(title, cal_gr, cal_ml, food_group_id, picture, picture_description) VALUES('yellow mustard', 5, 2, 17, 'https://picsum.photos/982/198', 'Perhaps interest bag alone decade garden watch.');
INSERT INTO ingredient(title, cal_gr, cal_ml, food_group_id, picture, picture_description) VALUES('guajillo powder', 3, 1, 1, 'https://picsum.photos/236/645', 'Since single across can miss.');
INSERT INTO ingredient(title, cal_gr, cal_ml, food_group_id, picture, picture_description) VALUES('chickpeas', 4, 9, 8, 'https://dummyimage.com/241x307', 'Note cost section some plan.');
INSERT INTO ingredient(title, cal_gr, cal_ml, food_group_id, picture, picture_description) VALUES('rye flour', 7, 4, 2, 'https://picsum.photos/886/769', 'Large trade finally.');
INSERT INTO ingredient(title, cal_gr, cal_ml, food_group_id, picture, picture_description) VALUES('sesame seeds', 5, 2, 13, 'https://dummyimage.com/205x849', 'Mention imagine do above heavy attack benefit.');
INSERT INTO ingredient(title, cal_gr, cal_ml, food_group_id, picture, picture_description) VALUES('rice syrup', 1, 5, 8, 'https://dummyimage.com/41x117', 'Write imagine glass.');
INSERT INTO ingredient(title, cal_gr, cal_ml, food_group_id, picture, picture_description) VALUES('lemon juice', 9, 8, 8, 'https://dummyimage.com/988x532', 'Various happy boy others process family reduce.');
INSERT INTO ingredient(title, cal_gr, cal_ml, food_group_id, picture, picture_description) VALUES('buckwheat', 3, 6, 12, 'https://placekitten.com/759/1016', 'Sea what learn section event collection.');
INSERT INTO ingredient(title, cal_gr, cal_ml, food_group_id, picture, picture_description) VALUES('salmon', 5, 1, 1, 'https://picsum.photos/828/324', 'Happen doctor drop term.');
INSERT INTO ingredient(title, cal_gr, cal_ml, food_group_id, picture, picture_description) VALUES('ground chicken', 6, 5, 3, 'https://picsum.photos/208/248', 'As throughout yourself energy certainly begin some include.');
INSERT INTO ingredient(title, cal_gr, cal_ml, food_group_id, picture, picture_description) VALUES('pearl barley', 10, 1, 4, 'https://placekitten.com/853/151', 'Rest open boy left their against.');
INSERT INTO ingredient(title, cal_gr, cal_ml, food_group_id, picture, picture_description) VALUES('tomato', 2, 3, 10, 'https://dummyimage.com/1023x122', 'Everybody respond collection develop watch.');
INSERT INTO ingredient(title, cal_gr, cal_ml, food_group_id, picture, picture_description) VALUES('catfish', 4, 9, 1, 'https://dummyimage.com/433x1020', 'Thing some difficult appear action.');
INSERT INTO ingredient(title, cal_gr, cal_ml, food_group_id, picture, picture_description) VALUES('smoked paprika', 8, 6, 15, 'https://picsum.photos/202/1009', 'Whose serve authority figure kid.');
INSERT INTO ingredient(title, cal_gr, cal_ml, food_group_id, picture, picture_description) VALUES('agar agar', 2, 7, 8, 'https://dummyimage.com/366x736', 'Age skin camera produce cell.');
INSERT INTO ingredient(title, cal_gr, cal_ml, food_group_id, picture, picture_description) VALUES('flax seeds', 3, 9, 19, 'https://placekitten.com/855/152', 'Friend movie prepare side.');
INSERT INTO ingredient(title, cal_gr, cal_ml, food_group_id, picture, picture_description) VALUES('coconut milk', 6, 1, 18, 'https://placekitten.com/855/590', 'Radio bed bill successful baby science decide fly.');
INSERT INTO ingredient(title, cal_gr, cal_ml, food_group_id, picture, picture_description) VALUES('fava beans', 2, 10, 2, 'https://dummyimage.com/342x365', 'State color team trial low difference.');
INSERT INTO ingredient(title, cal_gr, cal_ml, food_group_id, picture, picture_description) VALUES('semolina', 9, 9, 1, 'https://placekitten.com/815/6', 'New here little actually.');
INSERT INTO ingredient(title, cal_gr, cal_ml, food_group_id, picture, picture_description) VALUES('oranges', 10, 1, 4, 'https://dummyimage.com/872x748', 'Travel foot skin remember pattern.');
INSERT INTO ingredient(title, cal_gr, cal_ml, food_group_id, picture, picture_description) VALUES('cornstarch', 6, 2, 11, 'https://dummyimage.com/743x881', 'Class then central catch weight various.');
INSERT INTO ingredient(title, cal_gr, cal_ml, food_group_id, picture, picture_description) VALUES('peanut butter', 1, 2, 2, 'https://placekitten.com/217/800', 'Help with which daughter.');
INSERT INTO ingredient(title, cal_gr, cal_ml, food_group_id, picture, picture_description) VALUES('pheasant', 3, 9, 2, 'https://placekitten.com/652/423', 'Unit front subject whether girl appear top.');
INSERT INTO ingredient(title, cal_gr, cal_ml, food_group_id, picture, picture_description) VALUES('manuka honey', 7, 10, 7, 'https://dummyimage.com/513x446', 'Several environmental goal care defense bed blood.');
INSERT INTO ingredient(title, cal_gr, cal_ml, food_group_id, picture, picture_description) VALUES('lemon balm', 10, 10, 9, 'https://picsum.photos/737/681', 'Magazine hotel key many expect involve subject.');
INSERT INTO ingredient(title, cal_gr, cal_ml, food_group_id, picture, picture_description) VALUES('cinnamon', 9, 1, 8, 'https://placekitten.com/524/641', 'When moment brother my.');
INSERT INTO ingredient(title, cal_gr, cal_ml, food_group_id, picture, picture_description) VALUES('bacon', 1, 3, 8, 'https://picsum.photos/826/387', 'Collection life per check.');
INSERT INTO ingredient(title, cal_gr, cal_ml, food_group_id, picture, picture_description) VALUES('dill', 4, 8, 3, 'https://dummyimage.com/614x465', 'Person find society wife.');
INSERT INTO ingredient(title, cal_gr, cal_ml, food_group_id, picture, picture_description) VALUES('mushrooms', 9, 1, 7, 'https://picsum.photos/83/40', 'Thousand agree late around street language sport.');
INSERT INTO ingredient(title, cal_gr, cal_ml, food_group_id, picture, picture_description) VALUES('cucumber', 9, 8, 11, 'https://dummyimage.com/929x554', 'Fact across fire show message tree much ten.');
INSERT INTO ingredient(title, cal_gr, cal_ml, food_group_id, picture, picture_description) VALUES('eggs', 7, 2, 1, 'https://picsum.photos/831/230', 'Trip stay system poor today such.');
INSERT INTO ingredient(title, cal_gr, cal_ml, food_group_id, picture, picture_description) VALUES('squab', 5, 2, 1, 'https://dummyimage.com/305x903', 'Figure let trial let chance season.');
INSERT INTO ingredient(title, cal_gr, cal_ml, food_group_id, picture, picture_description) VALUES('monkfish', 1, 2, 9, 'https://picsum.photos/380/64', 'Model group bit head.');
INSERT INTO ingredient(title, cal_gr, cal_ml, food_group_id, picture, picture_description) VALUES('couscous', 6, 9, 13, 'https://dummyimage.com/780x374', 'Spend go series.');
INSERT INTO ingredient(title, cal_gr, cal_ml, food_group_id, picture, picture_description) VALUES('snow peas', 4, 7, 3, 'https://placekitten.com/116/223', 'Last partner arm determine.');
INSERT INTO ingredient(title, cal_gr, cal_ml, food_group_id, picture, picture_description) VALUES('ras el hanout', 1, 10, 20, 'https://dummyimage.com/135x971', 'Design real look rule product.');
INSERT INTO ingredient(title, cal_gr, cal_ml, food_group_id, picture, picture_description) VALUES('white wine vinegar', 2, 7, 6, 'https://picsum.photos/728/236', 'Child fear lay oil.');
INSERT INTO ingredient(title, cal_gr, cal_ml, food_group_id, picture, picture_description) VALUES('pineapple', 2, 2, 19, 'https://dummyimage.com/471x290', 'Answer much discuss happen same wind economic.');
INSERT INTO ingredient(title, cal_gr, cal_ml, food_group_id, picture, picture_description) VALUES('oyster', 3, 2, 8, 'https://placekitten.com/248/861', 'Spring special ok for.');
INSERT INTO ingredient(title, cal_gr, cal_ml, food_group_id, picture, picture_description) VALUES('cabbage', 10, 4, 2, 'https://placekitten.com/186/871', 'Ten fish air sport old.');
INSERT INTO ingredient(title, cal_gr, cal_ml, food_group_id, picture, picture_description) VALUES('grits', 6, 2, 7, 'https://placekitten.com/641/338', 'Them group strategy game past.');
INSERT INTO ingredient(title, cal_gr, cal_ml, food_group_id, picture, picture_description) VALUES('tilapia', 8, 10, 1, 'https://placekitten.com/886/222', 'Step hard simply type nation person standard.');
INSERT INTO ingredient(title, cal_gr, cal_ml, food_group_id, picture, picture_description) VALUES('bananas', 4, 9, 12, 'https://placekitten.com/648/397', 'Over assume than state design itself.');
INSERT INTO ingredient(title, cal_gr, cal_ml, food_group_id, picture, picture_description) VALUES('sweet potatoes', 5, 6, 16, 'https://placekitten.com/442/698', 'Check finish within reason.');
INSERT INTO ingredient(title, cal_gr, cal_ml, food_group_id, picture, picture_description) VALUES('chipotle powder', 7, 6, 3, 'https://picsum.photos/1004/939', 'Together strong amount happen base.');
INSERT INTO ingredient(title, cal_gr, cal_ml, food_group_id, picture, picture_description) VALUES('strawberry jam', 6, 2, 11, 'https://dummyimage.com/954x758', 'Cut small dark play condition.');
INSERT INTO ingredient(title, cal_gr, cal_ml, food_group_id, picture, picture_description) VALUES('mackerel', 6, 3, 10, 'https://dummyimage.com/832x291', 'Place mind source.');
INSERT INTO ingredient(title, cal_gr, cal_ml, food_group_id, picture, picture_description) VALUES('almond flour', 10, 3, 15, 'https://picsum.photos/854/349', 'Various issue ahead weight marriage recent cup kitchen.');
INSERT INTO ingredient(title, cal_gr, cal_ml, food_group_id, picture, picture_description) VALUES('mung beans', 3, 8, 15, 'https://placekitten.com/129/552', 'Strong father TV number.');
INSERT INTO ingredient(title, cal_gr, cal_ml, food_group_id, picture, picture_description) VALUES('swiss chard', 9, 6, 19, 'https://picsum.photos/344/212', 'Particularly usually discussion soon hot site happy.');
INSERT INTO ingredient(title, cal_gr, cal_ml, food_group_id, picture, picture_description) VALUES('fruit jelly', 4, 3, 3, 'https://placekitten.com/828/410', 'National letter one at send cup market.');
INSERT INTO ingredient(title, cal_gr, cal_ml, food_group_id, picture, picture_description) VALUES('dates', 5, 8, 1, 'https://placekitten.com/358/972', 'Third too ability operation third send.');
INSERT INTO ingredient(title, cal_gr, cal_ml, food_group_id, picture, picture_description) VALUES('pasilla powder', 3, 9, 4, 'https://dummyimage.com/330x59', 'Candidate few today tonight.');
INSERT INTO ingredient(title, cal_gr, cal_ml, food_group_id, picture, picture_description) VALUES('asparagus', 7, 1, 14, 'https://dummyimage.com/216x699', 'Perhaps alone situation field decade.');
INSERT INTO ingredient(title, cal_gr, cal_ml, food_group_id, picture, picture_description) VALUES('allspice', 2, 10, 8, 'https://placekitten.com/771/226', 'Him ready place pick choice clear include strong.');
INSERT INTO ingredient(title, cal_gr, cal_ml, food_group_id, picture, picture_description) VALUES('eggplant', 4, 9, 4, 'https://dummyimage.com/634x480', 'Room friend major opportunity interesting significant can.');
INSERT INTO ingredient(title, cal_gr, cal_ml, food_group_id, picture, picture_description) VALUES('fruit preserves', 2, 4, 15, 'https://picsum.photos/191/926', 'Pick meet risk like.');
INSERT INTO ingredient(title, cal_gr, cal_ml, food_group_id, picture, picture_description) VALUES('blackberry jam', 7, 1, 1, 'https://picsum.photos/790/254', 'Form scientist business expect next meeting.');
INSERT INTO ingredient(title, cal_gr, cal_ml, food_group_id, picture, picture_description) VALUES('pumpkin butter', 10, 5, 11, 'https://picsum.photos/242/439', 'Offer decision report white study soon.');
INSERT INTO ingredient(title, cal_gr, cal_ml, food_group_id, picture, picture_description) VALUES('yeast', 10, 3, 3, 'https://dummyimage.com/308x862', 'Dog hand and thing political everybody pressure.');
INSERT INTO ingredient(title, cal_gr, cal_ml, food_group_id, picture, picture_description) VALUES('quick oats', 1, 2, 16, 'https://placekitten.com/509/751', 'Entire prepare plant government.');
INSERT INTO ingredient(title, cal_gr, cal_ml, food_group_id, picture, picture_description) VALUES('grape jelly', 8, 7, 18, 'https://dummyimage.com/368x749', 'Rich employee save threat fight doctor.');
INSERT INTO ingredient(title, cal_gr, cal_ml, food_group_id, picture, picture_description) VALUES('corn syrup', 10, 6, 16, 'https://placekitten.com/775/731', 'Art cause stuff authority.');
INSERT INTO ingredient(title, cal_gr, cal_ml, food_group_id, picture, picture_description) VALUES('walnuts', 9, 6, 10, 'https://placekitten.com/553/341', 'The stand including friend popular.');
INSERT INTO ingredient(title, cal_gr, cal_ml, food_group_id, picture, picture_description) VALUES('cornmeal', 9, 3, 17, 'https://placekitten.com/179/218', 'Value service exist forget church during.');
INSERT INTO ingredient(title, cal_gr, cal_ml, food_group_id, picture, picture_description) VALUES('pectin', 8, 8, 7, 'https://dummyimage.com/421x637', 'Identify himself will ability yes continue.');
INSERT INTO ingredient(title, cal_gr, cal_ml, food_group_id, picture, picture_description) VALUES('chicken broth', 3, 9, 14, 'https://picsum.photos/623/815', 'Letter skin information big accept news use a.');
INSERT INTO ingredient(title, cal_gr, cal_ml, food_group_id, picture, picture_description) VALUES('vegetable broth', 1, 2, 6, 'https://picsum.photos/466/771', 'Some health which your.');
INSERT INTO ingredient(title, cal_gr, cal_ml, food_group_id, picture, picture_description) VALUES('fig jam', 3, 1, 15, 'https://picsum.photos/242/266', 'Accept whether a people chair former party least.');

INSERT INTO recipe(baking, cuisine_id, difficulty, title, recipe_description, prep_time, cook_time, portions, fat_portion, protein_portion, carbo_portion, picture, picture_description) VALUES(0, 10, 2,'Chicken Tikka Masala', 'Toward single even watch. Ground ok bring. Able animal late card seat too. Chair article middle argue think even administration. Hit card possible moment consumer go.', 55, 80, 5, 0, 40,65, 'https://dummyimage.com/414x190', 'Case director food one expect case act.');
INSERT INTO recipe_meal_type(recipe_id, meal_type_id) VALUES (1, 1);
INSERT INTO recipe_tag(recipe_id, tag_id) VALUES (1, 92);
INSERT INTO recipe_tag(recipe_id, tag_id) VALUES (1, 20);
INSERT INTO recipe_tag(recipe_id, tag_id) VALUES (1, 55);
INSERT INTO recipe_equipment(recipe_id, equipment_id, num) VALUES (1, 14, 1);
INSERT INTO recipe_equipment(recipe_id, equipment_id, num) VALUES (1, 19, 2);
INSERT INTO recipe_equipment(recipe_id, equipment_id, num) VALUES (1, 7, 2);
INSERT INTO recipe_equipment(recipe_id, equipment_id, num) VALUES (1, 2, 1);
INSERT INTO recipe_cook(recipe_id, cook_id) VALUES (1, 181);
INSERT INTO recipe_cook(recipe_id, cook_id) VALUES (1, 129);
INSERT INTO recipe_cook(recipe_id, cook_id) VALUES (1, 184);
INSERT INTO recipe_theme(recipe_id, theme_id) VALUES (1, 13);
INSERT INTO recipe_tip(recipe_id, tip_id) VALUES (1, 37);
INSERT INTO recipe_tip(recipe_id, tip_id) VALUES (1, 29);

INSERT INTO recipe(baking, cuisine_id, difficulty, title, recipe_description, prep_time, cook_time, portions, fat_portion, protein_portion, carbo_portion, picture, picture_description) VALUES(1, 5, 4,'Carrot Cake', 'Offer consider brother include role goal art. If themselves husband cause. Detail there easy administration office hand such. Perform full another upon. Specific officer tax country.', 55, 0, 1, 25, 60,10, 'https://placekitten.com/139/980', 'College sell reality among.');
INSERT INTO recipe_meal_type(recipe_id, meal_type_id) VALUES (2, 6);
INSERT INTO recipe_tag(recipe_id, tag_id) VALUES (2, 25);
INSERT INTO recipe_tag(recipe_id, tag_id) VALUES (2, 32);
INSERT INTO recipe_tag(recipe_id, tag_id) VALUES (2, 49);
INSERT INTO recipe_tag(recipe_id, tag_id) VALUES (2, 42);
INSERT INTO recipe_tag(recipe_id, tag_id) VALUES (2, 83);
INSERT INTO recipe_tag(recipe_id, tag_id) VALUES (2, 16);
INSERT INTO recipe_tag(recipe_id, tag_id) VALUES (2, 63);
INSERT INTO recipe_equipment(recipe_id, equipment_id, num) VALUES (2, 12, 1);
INSERT INTO recipe_equipment(recipe_id, equipment_id, num) VALUES (2, 14, 4);
INSERT INTO recipe_equipment(recipe_id, equipment_id, num) VALUES (2, 11, 1);
INSERT INTO recipe_equipment(recipe_id, equipment_id, num) VALUES (2, 17, 1);
INSERT INTO recipe_equipment(recipe_id, equipment_id, num) VALUES (2, 20, 3);
INSERT INTO recipe_equipment(recipe_id, equipment_id, num) VALUES (2, 16, 4);
INSERT INTO recipe_cook(recipe_id, cook_id) VALUES (2, 198);
INSERT INTO recipe_cook(recipe_id, cook_id) VALUES (2, 141);
INSERT INTO recipe_cook(recipe_id, cook_id) VALUES (2, 177);
INSERT INTO recipe_cook(recipe_id, cook_id) VALUES (2, 134);
INSERT INTO recipe_cook(recipe_id, cook_id) VALUES (2, 58);
INSERT INTO recipe_cook(recipe_id, cook_id) VALUES (2, 155);
INSERT INTO recipe_cook(recipe_id, cook_id) VALUES (2, 173);
INSERT INTO recipe_cook(recipe_id, cook_id) VALUES (2, 85);
INSERT INTO recipe_cook(recipe_id, cook_id) VALUES (2, 70);
INSERT INTO recipe_cook(recipe_id, cook_id) VALUES (2, 38);
INSERT INTO recipe_cook(recipe_id, cook_id) VALUES (2, 108);
INSERT INTO recipe_cook(recipe_id, cook_id) VALUES (2, 147);
INSERT INTO recipe_cook(recipe_id, cook_id) VALUES (2, 45);
INSERT INTO recipe_cook(recipe_id, cook_id) VALUES (2, 117);
INSERT INTO recipe_cook(recipe_id, cook_id) VALUES (2, 71);
INSERT INTO recipe_cook(recipe_id, cook_id) VALUES (2, 25);
INSERT INTO recipe_cook(recipe_id, cook_id) VALUES (2, 9);
INSERT INTO recipe_cook(recipe_id, cook_id) VALUES (2, 102);
INSERT INTO recipe_cook(recipe_id, cook_id) VALUES (2, 149);
INSERT INTO recipe_cook(recipe_id, cook_id) VALUES (2, 44);
INSERT INTO recipe_cook(recipe_id, cook_id) VALUES (2, 148);
INSERT INTO recipe_cook(recipe_id, cook_id) VALUES (2, 180);
INSERT INTO recipe_cook(recipe_id, cook_id) VALUES (2, 87);
INSERT INTO recipe_cook(recipe_id, cook_id) VALUES (2, 91);
INSERT INTO recipe_cook(recipe_id, cook_id) VALUES (2, 5);
INSERT INTO recipe_cook(recipe_id, cook_id) VALUES (2, 186);
INSERT INTO recipe_cook(recipe_id, cook_id) VALUES (2, 189);
INSERT INTO recipe_cook(recipe_id, cook_id) VALUES (2, 24);
INSERT INTO recipe_cook(recipe_id, cook_id) VALUES (2, 39);
INSERT INTO recipe_cook(recipe_id, cook_id) VALUES (2, 118);
INSERT INTO recipe_cook(recipe_id, cook_id) VALUES (2, 168);
INSERT INTO recipe_cook(recipe_id, cook_id) VALUES (2, 197);
INSERT INTO recipe_cook(recipe_id, cook_id) VALUES (2, 2);
INSERT INTO recipe_cook(recipe_id, cook_id) VALUES (2, 112);
INSERT INTO recipe_cook(recipe_id, cook_id) VALUES (2, 56);
INSERT INTO recipe_cook(recipe_id, cook_id) VALUES (2, 12);
INSERT INTO recipe_cook(recipe_id, cook_id) VALUES (2, 167);
INSERT INTO recipe_cook(recipe_id, cook_id) VALUES (2, 63);
INSERT INTO recipe_cook(recipe_id, cook_id) VALUES (2, 130);
INSERT INTO recipe_cook(recipe_id, cook_id) VALUES (2, 171);
INSERT INTO recipe_cook(recipe_id, cook_id) VALUES (2, 120);
INSERT INTO recipe_cook(recipe_id, cook_id) VALUES (2, 60);
INSERT INTO recipe_cook(recipe_id, cook_id) VALUES (2, 34);
INSERT INTO recipe_cook(recipe_id, cook_id) VALUES (2, 64);
INSERT INTO recipe_cook(recipe_id, cook_id) VALUES (2, 195);
INSERT INTO recipe_cook(recipe_id, cook_id) VALUES (2, 154);
INSERT INTO recipe_cook(recipe_id, cook_id) VALUES (2, 150);
INSERT INTO recipe_cook(recipe_id, cook_id) VALUES (2, 116);
INSERT INTO recipe_cook(recipe_id, cook_id) VALUES (2, 200);
INSERT INTO recipe_cook(recipe_id, cook_id) VALUES (2, 119);
INSERT INTO recipe_cook(recipe_id, cook_id) VALUES (2, 196);
INSERT INTO recipe_cook(recipe_id, cook_id) VALUES (2, 19);
INSERT INTO recipe_cook(recipe_id, cook_id) VALUES (2, 181);
INSERT INTO recipe_cook(recipe_id, cook_id) VALUES (2, 178);
INSERT INTO recipe_cook(recipe_id, cook_id) VALUES (2, 109);
INSERT INTO recipe_cook(recipe_id, cook_id) VALUES (2, 104);
INSERT INTO recipe_cook(recipe_id, cook_id) VALUES (2, 128);
INSERT INTO recipe_cook(recipe_id, cook_id) VALUES (2, 103);
INSERT INTO recipe_cook(recipe_id, cook_id) VALUES (2, 162);
INSERT INTO recipe_cook(recipe_id, cook_id) VALUES (2, 145);
INSERT INTO recipe_cook(recipe_id, cook_id) VALUES (2, 183);
INSERT INTO recipe_cook(recipe_id, cook_id) VALUES (2, 115);
INSERT INTO recipe_cook(recipe_id, cook_id) VALUES (2, 23);
INSERT INTO recipe_cook(recipe_id, cook_id) VALUES (2, 74);
INSERT INTO recipe_cook(recipe_id, cook_id) VALUES (2, 132);
INSERT INTO recipe_cook(recipe_id, cook_id) VALUES (2, 113);
INSERT INTO recipe_cook(recipe_id, cook_id) VALUES (2, 47);
INSERT INTO recipe_cook(recipe_id, cook_id) VALUES (2, 10);
INSERT INTO recipe_cook(recipe_id, cook_id) VALUES (2, 18);
INSERT INTO recipe_cook(recipe_id, cook_id) VALUES (2, 127);
INSERT INTO recipe_cook(recipe_id, cook_id) VALUES (2, 43);
INSERT INTO recipe_cook(recipe_id, cook_id) VALUES (2, 50);
INSERT INTO recipe_cook(recipe_id, cook_id) VALUES (2, 164);
INSERT INTO recipe_cook(recipe_id, cook_id) VALUES (2, 65);
INSERT INTO recipe_cook(recipe_id, cook_id) VALUES (2, 174);
INSERT INTO recipe_cook(recipe_id, cook_id) VALUES (2, 81);
INSERT INTO recipe_cook(recipe_id, cook_id) VALUES (2, 152);
INSERT INTO recipe_cook(recipe_id, cook_id) VALUES (2, 160);
INSERT INTO recipe_cook(recipe_id, cook_id) VALUES (2, 146);
INSERT INTO recipe_cook(recipe_id, cook_id) VALUES (2, 125);
INSERT INTO recipe_cook(recipe_id, cook_id) VALUES (2, 192);
INSERT INTO recipe_cook(recipe_id, cook_id) VALUES (2, 99);
INSERT INTO recipe_cook(recipe_id, cook_id) VALUES (2, 135);
INSERT INTO recipe_cook(recipe_id, cook_id) VALUES (2, 123);
INSERT INTO recipe_cook(recipe_id, cook_id) VALUES (2, 169);
INSERT INTO recipe_cook(recipe_id, cook_id) VALUES (2, 4);
INSERT INTO recipe_cook(recipe_id, cook_id) VALUES (2, 142);
INSERT INTO recipe_cook(recipe_id, cook_id) VALUES (2, 185);
INSERT INTO recipe_cook(recipe_id, cook_id) VALUES (2, 16);
INSERT INTO recipe_cook(recipe_id, cook_id) VALUES (2, 51);
INSERT INTO recipe_cook(recipe_id, cook_id) VALUES (2, 78);
INSERT INTO recipe_cook(recipe_id, cook_id) VALUES (2, 31);
INSERT INTO recipe_cook(recipe_id, cook_id) VALUES (2, 172);
INSERT INTO recipe_cook(recipe_id, cook_id) VALUES (2, 97);
INSERT INTO recipe_cook(recipe_id, cook_id) VALUES (2, 79);
INSERT INTO recipe_cook(recipe_id, cook_id) VALUES (2, 14);
INSERT INTO recipe_cook(recipe_id, cook_id) VALUES (2, 179);
INSERT INTO recipe_cook(recipe_id, cook_id) VALUES (2, 6);
INSERT INTO recipe_cook(recipe_id, cook_id) VALUES (2, 86);
INSERT INTO recipe_cook(recipe_id, cook_id) VALUES (2, 30);
INSERT INTO recipe_cook(recipe_id, cook_id) VALUES (2, 105);
INSERT INTO recipe_cook(recipe_id, cook_id) VALUES (2, 156);
INSERT INTO recipe_cook(recipe_id, cook_id) VALUES (2, 193);
INSERT INTO recipe_cook(recipe_id, cook_id) VALUES (2, 96);
INSERT INTO recipe_theme(recipe_id, theme_id) VALUES (2, 30);
INSERT INTO recipe_theme(recipe_id, theme_id) VALUES (2, 26);
INSERT INTO recipe_theme(recipe_id, theme_id) VALUES (2, 28);
INSERT INTO recipe_tip(recipe_id, tip_id) VALUES (2, 14);
INSERT INTO recipe_tip(recipe_id, tip_id) VALUES (2, 23);
INSERT INTO recipe_tip(recipe_id, tip_id) VALUES (2, 18);

INSERT INTO recipe(baking, cuisine_id, difficulty, title, recipe_description, prep_time, cook_time, portions, fat_portion, protein_portion, carbo_portion, picture, picture_description) VALUES(0, 24, 3,'Vegetable Stir-Fry', 'Prove war shake require. Institution action building ten owner return. Series onto mean usually system fly record. Assume anything him vote begin night.', 45, 30, 4, 5, 40,80, 'https://dummyimage.com/905x596', 'Player about reveal.');
INSERT INTO recipe_meal_type(recipe_id, meal_type_id) VALUES (3, 6);
INSERT INTO recipe_tag(recipe_id, tag_id) VALUES (3, 82);
INSERT INTO recipe_tag(recipe_id, tag_id) VALUES (3, 33);
INSERT INTO recipe_tag(recipe_id, tag_id) VALUES (3, 56);
INSERT INTO recipe_tag(recipe_id, tag_id) VALUES (3, 90);
INSERT INTO recipe_equipment(recipe_id, equipment_id, num) VALUES (3, 11, 3);
INSERT INTO recipe_equipment(recipe_id, equipment_id, num) VALUES (3, 2, 2);
INSERT INTO recipe_equipment(recipe_id, equipment_id, num) VALUES (3, 16, 4);
INSERT INTO recipe_cook(recipe_id, cook_id) VALUES (3, 176);
INSERT INTO recipe_cook(recipe_id, cook_id) VALUES (3, 87);
INSERT INTO recipe_cook(recipe_id, cook_id) VALUES (3, 85);
INSERT INTO recipe_cook(recipe_id, cook_id) VALUES (3, 168);
INSERT INTO recipe_cook(recipe_id, cook_id) VALUES (3, 17);
INSERT INTO recipe_cook(recipe_id, cook_id) VALUES (3, 24);
INSERT INTO recipe_cook(recipe_id, cook_id) VALUES (3, 109);
INSERT INTO recipe_cook(recipe_id, cook_id) VALUES (3, 38);
INSERT INTO recipe_cook(recipe_id, cook_id) VALUES (3, 10);
INSERT INTO recipe_cook(recipe_id, cook_id) VALUES (3, 105);
INSERT INTO recipe_cook(recipe_id, cook_id) VALUES (3, 78);
INSERT INTO recipe_cook(recipe_id, cook_id) VALUES (3, 157);
INSERT INTO recipe_cook(recipe_id, cook_id) VALUES (3, 159);
INSERT INTO recipe_cook(recipe_id, cook_id) VALUES (3, 30);
INSERT INTO recipe_cook(recipe_id, cook_id) VALUES (3, 83);
INSERT INTO recipe_cook(recipe_id, cook_id) VALUES (3, 146);
INSERT INTO recipe_cook(recipe_id, cook_id) VALUES (3, 108);
INSERT INTO recipe_cook(recipe_id, cook_id) VALUES (3, 8);
INSERT INTO recipe_cook(recipe_id, cook_id) VALUES (3, 50);
INSERT INTO recipe_cook(recipe_id, cook_id) VALUES (3, 62);
INSERT INTO recipe_cook(recipe_id, cook_id) VALUES (3, 104);
INSERT INTO recipe_cook(recipe_id, cook_id) VALUES (3, 184);
INSERT INTO recipe_cook(recipe_id, cook_id) VALUES (3, 173);
INSERT INTO recipe_cook(recipe_id, cook_id) VALUES (3, 164);
INSERT INTO recipe_cook(recipe_id, cook_id) VALUES (3, 196);
INSERT INTO recipe_cook(recipe_id, cook_id) VALUES (3, 103);
INSERT INTO recipe_cook(recipe_id, cook_id) VALUES (3, 131);
INSERT INTO recipe_cook(recipe_id, cook_id) VALUES (3, 100);
INSERT INTO recipe_cook(recipe_id, cook_id) VALUES (3, 67);
INSERT INTO recipe_cook(recipe_id, cook_id) VALUES (3, 138);
INSERT INTO recipe_cook(recipe_id, cook_id) VALUES (3, 18);
INSERT INTO recipe_cook(recipe_id, cook_id) VALUES (3, 161);
INSERT INTO recipe_cook(recipe_id, cook_id) VALUES (3, 63);
INSERT INTO recipe_cook(recipe_id, cook_id) VALUES (3, 162);
INSERT INTO recipe_cook(recipe_id, cook_id) VALUES (3, 101);
INSERT INTO recipe_cook(recipe_id, cook_id) VALUES (3, 147);
INSERT INTO recipe_cook(recipe_id, cook_id) VALUES (3, 181);
INSERT INTO recipe_cook(recipe_id, cook_id) VALUES (3, 95);
INSERT INTO recipe_cook(recipe_id, cook_id) VALUES (3, 129);
INSERT INTO recipe_cook(recipe_id, cook_id) VALUES (3, 190);
INSERT INTO recipe_cook(recipe_id, cook_id) VALUES (3, 110);
INSERT INTO recipe_cook(recipe_id, cook_id) VALUES (3, 27);
INSERT INTO recipe_cook(recipe_id, cook_id) VALUES (3, 23);
INSERT INTO recipe_cook(recipe_id, cook_id) VALUES (3, 49);
INSERT INTO recipe_cook(recipe_id, cook_id) VALUES (3, 75);
INSERT INTO recipe_cook(recipe_id, cook_id) VALUES (3, 112);
INSERT INTO recipe_cook(recipe_id, cook_id) VALUES (3, 167);
INSERT INTO recipe_cook(recipe_id, cook_id) VALUES (3, 178);
INSERT INTO recipe_cook(recipe_id, cook_id) VALUES (3, 166);
INSERT INTO recipe_cook(recipe_id, cook_id) VALUES (3, 150);
INSERT INTO recipe_cook(recipe_id, cook_id) VALUES (3, 14);
INSERT INTO recipe_cook(recipe_id, cook_id) VALUES (3, 41);
INSERT INTO recipe_cook(recipe_id, cook_id) VALUES (3, 177);
INSERT INTO recipe_cook(recipe_id, cook_id) VALUES (3, 188);
INSERT INTO recipe_cook(recipe_id, cook_id) VALUES (3, 169);
INSERT INTO recipe_cook(recipe_id, cook_id) VALUES (3, 153);
INSERT INTO recipe_cook(recipe_id, cook_id) VALUES (3, 120);
INSERT INTO recipe_cook(recipe_id, cook_id) VALUES (3, 114);
INSERT INTO recipe_cook(recipe_id, cook_id) VALUES (3, 121);
INSERT INTO recipe_cook(recipe_id, cook_id) VALUES (3, 9);
INSERT INTO recipe_cook(recipe_id, cook_id) VALUES (3, 11);
INSERT INTO recipe_cook(recipe_id, cook_id) VALUES (3, 98);
INSERT INTO recipe_cook(recipe_id, cook_id) VALUES (3, 42);
INSERT INTO recipe_cook(recipe_id, cook_id) VALUES (3, 39);
INSERT INTO recipe_cook(recipe_id, cook_id) VALUES (3, 73);
INSERT INTO recipe_cook(recipe_id, cook_id) VALUES (3, 132);
INSERT INTO recipe_cook(recipe_id, cook_id) VALUES (3, 133);
INSERT INTO recipe_cook(recipe_id, cook_id) VALUES (3, 158);
INSERT INTO recipe_cook(recipe_id, cook_id) VALUES (3, 141);
INSERT INTO recipe_cook(recipe_id, cook_id) VALUES (3, 155);
INSERT INTO recipe_cook(recipe_id, cook_id) VALUES (3, 183);
INSERT INTO recipe_cook(recipe_id, cook_id) VALUES (3, 106);
INSERT INTO recipe_cook(recipe_id, cook_id) VALUES (3, 122);
INSERT INTO recipe_cook(recipe_id, cook_id) VALUES (3, 187);
INSERT INTO recipe_cook(recipe_id, cook_id) VALUES (3, 81);
INSERT INTO recipe_cook(recipe_id, cook_id) VALUES (3, 92);
INSERT INTO recipe_cook(recipe_id, cook_id) VALUES (3, 15);
INSERT INTO recipe_cook(recipe_id, cook_id) VALUES (3, 191);
INSERT INTO recipe_cook(recipe_id, cook_id) VALUES (3, 7);
INSERT INTO recipe_cook(recipe_id, cook_id) VALUES (3, 116);
INSERT INTO recipe_cook(recipe_id, cook_id) VALUES (3, 94);
INSERT INTO recipe_cook(recipe_id, cook_id) VALUES (3, 35);
INSERT INTO recipe_cook(recipe_id, cook_id) VALUES (3, 40);
INSERT INTO recipe_cook(recipe_id, cook_id) VALUES (3, 31);
INSERT INTO recipe_cook(recipe_id, cook_id) VALUES (3, 5);
INSERT INTO recipe_cook(recipe_id, cook_id) VALUES (3, 136);
INSERT INTO recipe_cook(recipe_id, cook_id) VALUES (3, 74);
INSERT INTO recipe_cook(recipe_id, cook_id) VALUES (3, 200);
INSERT INTO recipe_cook(recipe_id, cook_id) VALUES (3, 152);
INSERT INTO recipe_cook(recipe_id, cook_id) VALUES (3, 70);
INSERT INTO recipe_cook(recipe_id, cook_id) VALUES (3, 154);
INSERT INTO recipe_cook(recipe_id, cook_id) VALUES (3, 90);
INSERT INTO recipe_cook(recipe_id, cook_id) VALUES (3, 2);
INSERT INTO recipe_cook(recipe_id, cook_id) VALUES (3, 126);
INSERT INTO recipe_cook(recipe_id, cook_id) VALUES (3, 118);
INSERT INTO recipe_cook(recipe_id, cook_id) VALUES (3, 6);
INSERT INTO recipe_cook(recipe_id, cook_id) VALUES (3, 189);
INSERT INTO recipe_cook(recipe_id, cook_id) VALUES (3, 55);
INSERT INTO recipe_cook(recipe_id, cook_id) VALUES (3, 29);
INSERT INTO recipe_cook(recipe_id, cook_id) VALUES (3, 80);
INSERT INTO recipe_cook(recipe_id, cook_id) VALUES (3, 195);
INSERT INTO recipe_cook(recipe_id, cook_id) VALUES (3, 199);
INSERT INTO recipe_cook(recipe_id, cook_id) VALUES (3, 51);
INSERT INTO recipe_cook(recipe_id, cook_id) VALUES (3, 34);
INSERT INTO recipe_cook(recipe_id, cook_id) VALUES (3, 130);
INSERT INTO recipe_cook(recipe_id, cook_id) VALUES (3, 37);
INSERT INTO recipe_cook(recipe_id, cook_id) VALUES (3, 128);
INSERT INTO recipe_cook(recipe_id, cook_id) VALUES (3, 186);
INSERT INTO recipe_cook(recipe_id, cook_id) VALUES (3, 16);
INSERT INTO recipe_cook(recipe_id, cook_id) VALUES (3, 71);
INSERT INTO recipe_cook(recipe_id, cook_id) VALUES (3, 72);
INSERT INTO recipe_cook(recipe_id, cook_id) VALUES (3, 20);
INSERT INTO recipe_cook(recipe_id, cook_id) VALUES (3, 137);
INSERT INTO recipe_cook(recipe_id, cook_id) VALUES (3, 32);
INSERT INTO recipe_cook(recipe_id, cook_id) VALUES (3, 144);
INSERT INTO recipe_cook(recipe_id, cook_id) VALUES (3, 77);
INSERT INTO recipe_cook(recipe_id, cook_id) VALUES (3, 58);
INSERT INTO recipe_cook(recipe_id, cook_id) VALUES (3, 36);
INSERT INTO recipe_cook(recipe_id, cook_id) VALUES (3, 117);
INSERT INTO recipe_cook(recipe_id, cook_id) VALUES (3, 134);
INSERT INTO recipe_cook(recipe_id, cook_id) VALUES (3, 125);
INSERT INTO recipe_cook(recipe_id, cook_id) VALUES (3, 48);
INSERT INTO recipe_cook(recipe_id, cook_id) VALUES (3, 57);
INSERT INTO recipe_cook(recipe_id, cook_id) VALUES (3, 64);
INSERT INTO recipe_cook(recipe_id, cook_id) VALUES (3, 111);
INSERT INTO recipe_cook(recipe_id, cook_id) VALUES (3, 66);
INSERT INTO recipe_cook(recipe_id, cook_id) VALUES (3, 139);
INSERT INTO recipe_cook(recipe_id, cook_id) VALUES (3, 123);
INSERT INTO recipe_cook(recipe_id, cook_id) VALUES (3, 174);
INSERT INTO recipe_cook(recipe_id, cook_id) VALUES (3, 113);
INSERT INTO recipe_cook(recipe_id, cook_id) VALUES (3, 148);
INSERT INTO recipe_cook(recipe_id, cook_id) VALUES (3, 46);
INSERT INTO recipe_cook(recipe_id, cook_id) VALUES (3, 171);
INSERT INTO recipe_cook(recipe_id, cook_id) VALUES (3, 26);
INSERT INTO recipe_cook(recipe_id, cook_id) VALUES (3, 12);
INSERT INTO recipe_cook(recipe_id, cook_id) VALUES (3, 47);
INSERT INTO recipe_cook(recipe_id, cook_id) VALUES (3, 76);
INSERT INTO recipe_cook(recipe_id, cook_id) VALUES (3, 43);
INSERT INTO recipe_cook(recipe_id, cook_id) VALUES (3, 127);
INSERT INTO recipe_cook(recipe_id, cook_id) VALUES (3, 86);
INSERT INTO recipe_cook(recipe_id, cook_id) VALUES (3, 194);
INSERT INTO recipe_theme(recipe_id, theme_id) VALUES (3, 5);
INSERT INTO recipe_tip(recipe_id, tip_id) VALUES (3, 35);
INSERT INTO recipe_tip(recipe_id, tip_id) VALUES (3, 25);

INSERT INTO recipe(baking, cuisine_id, difficulty, title, recipe_description, prep_time, cook_time, portions, fat_portion, protein_portion, carbo_portion, picture, picture_description) VALUES(0, 16, 2,'Fruit Salad', 'School color hot system director. All professional big agreement different subject chance. Look probably guess rather word institution. Anyone pull safe fact relate political. Same since region nothing.', 85, 0, 5, 5, 45,50, 'https://dummyimage.com/428x566', 'Culture pretty chair buy.');
INSERT INTO recipe_meal_type(recipe_id, meal_type_id) VALUES (4, 4);
INSERT INTO recipe_tag(recipe_id, tag_id) VALUES (4, 36);
INSERT INTO recipe_tag(recipe_id, tag_id) VALUES (4, 100);
INSERT INTO recipe_tag(recipe_id, tag_id) VALUES (4, 62);
INSERT INTO recipe_tag(recipe_id, tag_id) VALUES (4, 71);
INSERT INTO recipe_tag(recipe_id, tag_id) VALUES (4, 52);
INSERT INTO recipe_tag(recipe_id, tag_id) VALUES (4, 67);
INSERT INTO recipe_tag(recipe_id, tag_id) VALUES (4, 24);
INSERT INTO recipe_tag(recipe_id, tag_id) VALUES (4, 32);
INSERT INTO recipe_equipment(recipe_id, equipment_id, num) VALUES (4, 19, 3);
INSERT INTO recipe_equipment(recipe_id, equipment_id, num) VALUES (4, 6, 1);
INSERT INTO recipe_equipment(recipe_id, equipment_id, num) VALUES (4, 8, 4);
INSERT INTO recipe_equipment(recipe_id, equipment_id, num) VALUES (4, 16, 1);
INSERT INTO recipe_equipment(recipe_id, equipment_id, num) VALUES (4, 10, 1);
INSERT INTO recipe_cook(recipe_id, cook_id) VALUES (4, 4);
INSERT INTO recipe_cook(recipe_id, cook_id) VALUES (4, 55);
INSERT INTO recipe_cook(recipe_id, cook_id) VALUES (4, 26);
INSERT INTO recipe_cook(recipe_id, cook_id) VALUES (4, 96);
INSERT INTO recipe_cook(recipe_id, cook_id) VALUES (4, 61);
INSERT INTO recipe_cook(recipe_id, cook_id) VALUES (4, 165);
INSERT INTO recipe_cook(recipe_id, cook_id) VALUES (4, 194);
INSERT INTO recipe_cook(recipe_id, cook_id) VALUES (4, 95);
INSERT INTO recipe_cook(recipe_id, cook_id) VALUES (4, 148);
INSERT INTO recipe_cook(recipe_id, cook_id) VALUES (4, 125);
INSERT INTO recipe_cook(recipe_id, cook_id) VALUES (4, 179);
INSERT INTO recipe_cook(recipe_id, cook_id) VALUES (4, 5);
INSERT INTO recipe_cook(recipe_id, cook_id) VALUES (4, 46);
INSERT INTO recipe_cook(recipe_id, cook_id) VALUES (4, 149);
INSERT INTO recipe_cook(recipe_id, cook_id) VALUES (4, 37);
INSERT INTO recipe_cook(recipe_id, cook_id) VALUES (4, 119);
INSERT INTO recipe_cook(recipe_id, cook_id) VALUES (4, 88);
INSERT INTO recipe_cook(recipe_id, cook_id) VALUES (4, 99);
INSERT INTO recipe_cook(recipe_id, cook_id) VALUES (4, 41);
INSERT INTO recipe_cook(recipe_id, cook_id) VALUES (4, 122);
INSERT INTO recipe_cook(recipe_id, cook_id) VALUES (4, 79);
INSERT INTO recipe_cook(recipe_id, cook_id) VALUES (4, 69);
INSERT INTO recipe_cook(recipe_id, cook_id) VALUES (4, 134);
INSERT INTO recipe_cook(recipe_id, cook_id) VALUES (4, 20);
INSERT INTO recipe_cook(recipe_id, cook_id) VALUES (4, 121);
INSERT INTO recipe_cook(recipe_id, cook_id) VALUES (4, 108);
INSERT INTO recipe_cook(recipe_id, cook_id) VALUES (4, 115);
INSERT INTO recipe_cook(recipe_id, cook_id) VALUES (4, 97);
INSERT INTO recipe_cook(recipe_id, cook_id) VALUES (4, 183);
INSERT INTO recipe_cook(recipe_id, cook_id) VALUES (4, 89);
INSERT INTO recipe_cook(recipe_id, cook_id) VALUES (4, 58);
INSERT INTO recipe_cook(recipe_id, cook_id) VALUES (4, 15);
INSERT INTO recipe_cook(recipe_id, cook_id) VALUES (4, 102);
INSERT INTO recipe_cook(recipe_id, cook_id) VALUES (4, 111);
INSERT INTO recipe_cook(recipe_id, cook_id) VALUES (4, 93);
INSERT INTO recipe_cook(recipe_id, cook_id) VALUES (4, 176);
INSERT INTO recipe_cook(recipe_id, cook_id) VALUES (4, 21);
INSERT INTO recipe_cook(recipe_id, cook_id) VALUES (4, 200);
INSERT INTO recipe_cook(recipe_id, cook_id) VALUES (4, 140);
INSERT INTO recipe_cook(recipe_id, cook_id) VALUES (4, 117);
INSERT INTO recipe_cook(recipe_id, cook_id) VALUES (4, 70);
INSERT INTO recipe_cook(recipe_id, cook_id) VALUES (4, 44);
INSERT INTO recipe_cook(recipe_id, cook_id) VALUES (4, 40);
INSERT INTO recipe_cook(recipe_id, cook_id) VALUES (4, 160);
INSERT INTO recipe_cook(recipe_id, cook_id) VALUES (4, 3);
INSERT INTO recipe_cook(recipe_id, cook_id) VALUES (4, 32);
INSERT INTO recipe_cook(recipe_id, cook_id) VALUES (4, 13);
INSERT INTO recipe_cook(recipe_id, cook_id) VALUES (4, 100);
INSERT INTO recipe_cook(recipe_id, cook_id) VALUES (4, 23);
INSERT INTO recipe_cook(recipe_id, cook_id) VALUES (4, 64);
INSERT INTO recipe_cook(recipe_id, cook_id) VALUES (4, 188);
INSERT INTO recipe_cook(recipe_id, cook_id) VALUES (4, 51);
INSERT INTO recipe_cook(recipe_id, cook_id) VALUES (4, 85);
INSERT INTO recipe_cook(recipe_id, cook_id) VALUES (4, 192);
INSERT INTO recipe_cook(recipe_id, cook_id) VALUES (4, 187);
INSERT INTO recipe_cook(recipe_id, cook_id) VALUES (4, 132);
INSERT INTO recipe_cook(recipe_id, cook_id) VALUES (4, 198);
INSERT INTO recipe_cook(recipe_id, cook_id) VALUES (4, 62);
INSERT INTO recipe_cook(recipe_id, cook_id) VALUES (4, 30);
INSERT INTO recipe_cook(recipe_id, cook_id) VALUES (4, 173);
INSERT INTO recipe_cook(recipe_id, cook_id) VALUES (4, 152);
INSERT INTO recipe_cook(recipe_id, cook_id) VALUES (4, 83);
INSERT INTO recipe_cook(recipe_id, cook_id) VALUES (4, 182);
INSERT INTO recipe_cook(recipe_id, cook_id) VALUES (4, 103);
INSERT INTO recipe_cook(recipe_id, cook_id) VALUES (4, 150);
INSERT INTO recipe_cook(recipe_id, cook_id) VALUES (4, 27);
INSERT INTO recipe_cook(recipe_id, cook_id) VALUES (4, 57);
INSERT INTO recipe_cook(recipe_id, cook_id) VALUES (4, 196);
INSERT INTO recipe_cook(recipe_id, cook_id) VALUES (4, 91);
INSERT INTO recipe_cook(recipe_id, cook_id) VALUES (4, 157);
INSERT INTO recipe_cook(recipe_id, cook_id) VALUES (4, 139);
INSERT INTO recipe_cook(recipe_id, cook_id) VALUES (4, 14);
INSERT INTO recipe_cook(recipe_id, cook_id) VALUES (4, 72);
INSERT INTO recipe_cook(recipe_id, cook_id) VALUES (4, 151);
INSERT INTO recipe_cook(recipe_id, cook_id) VALUES (4, 98);
INSERT INTO recipe_cook(recipe_id, cook_id) VALUES (4, 128);
INSERT INTO recipe_cook(recipe_id, cook_id) VALUES (4, 38);
INSERT INTO recipe_cook(recipe_id, cook_id) VALUES (4, 110);
INSERT INTO recipe_cook(recipe_id, cook_id) VALUES (4, 77);
INSERT INTO recipe_cook(recipe_id, cook_id) VALUES (4, 74);
INSERT INTO recipe_cook(recipe_id, cook_id) VALUES (4, 18);
INSERT INTO recipe_cook(recipe_id, cook_id) VALUES (4, 131);
INSERT INTO recipe_cook(recipe_id, cook_id) VALUES (4, 82);
INSERT INTO recipe_cook(recipe_id, cook_id) VALUES (4, 153);
INSERT INTO recipe_cook(recipe_id, cook_id) VALUES (4, 66);
INSERT INTO recipe_cook(recipe_id, cook_id) VALUES (4, 147);
INSERT INTO recipe_cook(recipe_id, cook_id) VALUES (4, 136);
INSERT INTO recipe_cook(recipe_id, cook_id) VALUES (4, 81);
INSERT INTO recipe_cook(recipe_id, cook_id) VALUES (4, 53);
INSERT INTO recipe_cook(recipe_id, cook_id) VALUES (4, 156);
INSERT INTO recipe_cook(recipe_id, cook_id) VALUES (4, 177);
INSERT INTO recipe_cook(recipe_id, cook_id) VALUES (4, 145);
INSERT INTO recipe_cook(recipe_id, cook_id) VALUES (4, 105);
INSERT INTO recipe_cook(recipe_id, cook_id) VALUES (4, 178);
INSERT INTO recipe_cook(recipe_id, cook_id) VALUES (4, 45);
INSERT INTO recipe_cook(recipe_id, cook_id) VALUES (4, 185);
INSERT INTO recipe_cook(recipe_id, cook_id) VALUES (4, 180);
INSERT INTO recipe_cook(recipe_id, cook_id) VALUES (4, 175);
INSERT INTO recipe_cook(recipe_id, cook_id) VALUES (4, 73);
INSERT INTO recipe_cook(recipe_id, cook_id) VALUES (4, 161);
INSERT INTO recipe_cook(recipe_id, cook_id) VALUES (4, 75);
INSERT INTO recipe_cook(recipe_id, cook_id) VALUES (4, 164);
INSERT INTO recipe_cook(recipe_id, cook_id) VALUES (4, 144);
INSERT INTO recipe_cook(recipe_id, cook_id) VALUES (4, 19);
INSERT INTO recipe_cook(recipe_id, cook_id) VALUES (4, 35);
INSERT INTO recipe_cook(recipe_id, cook_id) VALUES (4, 189);
INSERT INTO recipe_cook(recipe_id, cook_id) VALUES (4, 67);
INSERT INTO recipe_cook(recipe_id, cook_id) VALUES (4, 71);
INSERT INTO recipe_cook(recipe_id, cook_id) VALUES (4, 174);
INSERT INTO recipe_cook(recipe_id, cook_id) VALUES (4, 76);
INSERT INTO recipe_cook(recipe_id, cook_id) VALUES (4, 138);
INSERT INTO recipe_cook(recipe_id, cook_id) VALUES (4, 123);
INSERT INTO recipe_cook(recipe_id, cook_id) VALUES (4, 130);
INSERT INTO recipe_cook(recipe_id, cook_id) VALUES (4, 171);
INSERT INTO recipe_cook(recipe_id, cook_id) VALUES (4, 29);
INSERT INTO recipe_cook(recipe_id, cook_id) VALUES (4, 193);
INSERT INTO recipe_cook(recipe_id, cook_id) VALUES (4, 159);
INSERT INTO recipe_cook(recipe_id, cook_id) VALUES (4, 11);
INSERT INTO recipe_cook(recipe_id, cook_id) VALUES (4, 191);
INSERT INTO recipe_cook(recipe_id, cook_id) VALUES (4, 92);
INSERT INTO recipe_cook(recipe_id, cook_id) VALUES (4, 10);
INSERT INTO recipe_cook(recipe_id, cook_id) VALUES (4, 142);
INSERT INTO recipe_cook(recipe_id, cook_id) VALUES (4, 28);
INSERT INTO recipe_cook(recipe_id, cook_id) VALUES (4, 129);
INSERT INTO recipe_cook(recipe_id, cook_id) VALUES (4, 2);
INSERT INTO recipe_cook(recipe_id, cook_id) VALUES (4, 33);
INSERT INTO recipe_cook(recipe_id, cook_id) VALUES (4, 104);
INSERT INTO recipe_cook(recipe_id, cook_id) VALUES (4, 146);
INSERT INTO recipe_cook(recipe_id, cook_id) VALUES (4, 48);
INSERT INTO recipe_cook(recipe_id, cook_id) VALUES (4, 169);
INSERT INTO recipe_cook(recipe_id, cook_id) VALUES (4, 181);
INSERT INTO recipe_cook(recipe_id, cook_id) VALUES (4, 158);
INSERT INTO recipe_cook(recipe_id, cook_id) VALUES (4, 94);
INSERT INTO recipe_cook(recipe_id, cook_id) VALUES (4, 109);
INSERT INTO recipe_cook(recipe_id, cook_id) VALUES (4, 47);
INSERT INTO recipe_cook(recipe_id, cook_id) VALUES (4, 133);
INSERT INTO recipe_cook(recipe_id, cook_id) VALUES (4, 116);
INSERT INTO recipe_cook(recipe_id, cook_id) VALUES (4, 90);
INSERT INTO recipe_cook(recipe_id, cook_id) VALUES (4, 8);
INSERT INTO recipe_cook(recipe_id, cook_id) VALUES (4, 6);
INSERT INTO recipe_cook(recipe_id, cook_id) VALUES (4, 39);
INSERT INTO recipe_cook(recipe_id, cook_id) VALUES (4, 60);
INSERT INTO recipe_cook(recipe_id, cook_id) VALUES (4, 43);
INSERT INTO recipe_cook(recipe_id, cook_id) VALUES (4, 172);
INSERT INTO recipe_cook(recipe_id, cook_id) VALUES (4, 118);
INSERT INTO recipe_cook(recipe_id, cook_id) VALUES (4, 49);
INSERT INTO recipe_cook(recipe_id, cook_id) VALUES (4, 162);
INSERT INTO recipe_cook(recipe_id, cook_id) VALUES (4, 59);
INSERT INTO recipe_cook(recipe_id, cook_id) VALUES (4, 24);
INSERT INTO recipe_cook(recipe_id, cook_id) VALUES (4, 31);
INSERT INTO recipe_cook(recipe_id, cook_id) VALUES (4, 166);
INSERT INTO recipe_cook(recipe_id, cook_id) VALUES (4, 42);
INSERT INTO recipe_cook(recipe_id, cook_id) VALUES (4, 65);
INSERT INTO recipe_cook(recipe_id, cook_id) VALUES (4, 106);
INSERT INTO recipe_cook(recipe_id, cook_id) VALUES (4, 199);
INSERT INTO recipe_cook(recipe_id, cook_id) VALUES (4, 155);
INSERT INTO recipe_cook(recipe_id, cook_id) VALUES (4, 143);
INSERT INTO recipe_cook(recipe_id, cook_id) VALUES (4, 120);
INSERT INTO recipe_cook(recipe_id, cook_id) VALUES (4, 68);
INSERT INTO recipe_cook(recipe_id, cook_id) VALUES (4, 63);
INSERT INTO recipe_cook(recipe_id, cook_id) VALUES (4, 170);
INSERT INTO recipe_cook(recipe_id, cook_id) VALUES (4, 25);
INSERT INTO recipe_cook(recipe_id, cook_id) VALUES (4, 168);
INSERT INTO recipe_cook(recipe_id, cook_id) VALUES (4, 56);
INSERT INTO recipe_cook(recipe_id, cook_id) VALUES (4, 50);
INSERT INTO recipe_cook(recipe_id, cook_id) VALUES (4, 52);
INSERT INTO recipe_cook(recipe_id, cook_id) VALUES (4, 22);
INSERT INTO recipe_cook(recipe_id, cook_id) VALUES (4, 78);
INSERT INTO recipe_cook(recipe_id, cook_id) VALUES (4, 9);
INSERT INTO recipe_cook(recipe_id, cook_id) VALUES (4, 7);
INSERT INTO recipe_cook(recipe_id, cook_id) VALUES (4, 16);
INSERT INTO recipe_cook(recipe_id, cook_id) VALUES (4, 184);
INSERT INTO recipe_cook(recipe_id, cook_id) VALUES (4, 167);
INSERT INTO recipe_cook(recipe_id, cook_id) VALUES (4, 80);
INSERT INTO recipe_cook(recipe_id, cook_id) VALUES (4, 1);
INSERT INTO recipe_cook(recipe_id, cook_id) VALUES (4, 195);
INSERT INTO recipe_cook(recipe_id, cook_id) VALUES (4, 190);
INSERT INTO recipe_cook(recipe_id, cook_id) VALUES (4, 12);
INSERT INTO recipe_theme(recipe_id, theme_id) VALUES (4, 12);
INSERT INTO recipe_theme(recipe_id, theme_id) VALUES (4, 24);
INSERT INTO recipe_theme(recipe_id, theme_id) VALUES (4, 36);
INSERT INTO recipe_tip(recipe_id, tip_id) VALUES (4, 21);
INSERT INTO recipe_tip(recipe_id, tip_id) VALUES (4, 18);
INSERT INTO recipe_tip(recipe_id, tip_id) VALUES (4, 5);

INSERT INTO recipe(baking, cuisine_id, difficulty, title, recipe_description, prep_time, cook_time, portions, fat_portion, protein_portion, carbo_portion, picture, picture_description) VALUES(0, 15, 1,'Bruschetta', 'Fine direction seek size mother see. There whatever part various any old moment participant.', 115, 20, 3, 40, 55,80, 'https://dummyimage.com/265x569', 'Become avoid entire beyond feel stand.');
INSERT INTO recipe_meal_type(recipe_id, meal_type_id) VALUES (5, 4);
INSERT INTO recipe_tag(recipe_id, tag_id) VALUES (5, 24);
INSERT INTO recipe_tag(recipe_id, tag_id) VALUES (5, 67);
INSERT INTO recipe_equipment(recipe_id, equipment_id, num) VALUES (5, 10, 1);
INSERT INTO recipe_equipment(recipe_id, equipment_id, num) VALUES (5, 17, 4);
INSERT INTO recipe_equipment(recipe_id, equipment_id, num) VALUES (5, 20, 4);
INSERT INTO recipe_equipment(recipe_id, equipment_id, num) VALUES (5, 15, 4);
INSERT INTO recipe_equipment(recipe_id, equipment_id, num) VALUES (5, 7, 4);
INSERT INTO recipe_equipment(recipe_id, equipment_id, num) VALUES (5, 3, 2);
INSERT INTO recipe_equipment(recipe_id, equipment_id, num) VALUES (5, 16, 4);
INSERT INTO recipe_cook(recipe_id, cook_id) VALUES (5, 49);
INSERT INTO recipe_cook(recipe_id, cook_id) VALUES (5, 123);
INSERT INTO recipe_cook(recipe_id, cook_id) VALUES (5, 165);
INSERT INTO recipe_cook(recipe_id, cook_id) VALUES (5, 120);
INSERT INTO recipe_cook(recipe_id, cook_id) VALUES (5, 177);
INSERT INTO recipe_cook(recipe_id, cook_id) VALUES (5, 42);
INSERT INTO recipe_cook(recipe_id, cook_id) VALUES (5, 137);
INSERT INTO recipe_cook(recipe_id, cook_id) VALUES (5, 61);
INSERT INTO recipe_cook(recipe_id, cook_id) VALUES (5, 64);
INSERT INTO recipe_cook(recipe_id, cook_id) VALUES (5, 130);
INSERT INTO recipe_cook(recipe_id, cook_id) VALUES (5, 9);
INSERT INTO recipe_cook(recipe_id, cook_id) VALUES (5, 181);
INSERT INTO recipe_cook(recipe_id, cook_id) VALUES (5, 200);
INSERT INTO recipe_cook(recipe_id, cook_id) VALUES (5, 41);
INSERT INTO recipe_cook(recipe_id, cook_id) VALUES (5, 125);
INSERT INTO recipe_cook(recipe_id, cook_id) VALUES (5, 147);
INSERT INTO recipe_cook(recipe_id, cook_id) VALUES (5, 113);
INSERT INTO recipe_cook(recipe_id, cook_id) VALUES (5, 99);
INSERT INTO recipe_cook(recipe_id, cook_id) VALUES (5, 69);
INSERT INTO recipe_cook(recipe_id, cook_id) VALUES (5, 87);
INSERT INTO recipe_cook(recipe_id, cook_id) VALUES (5, 38);
INSERT INTO recipe_cook(recipe_id, cook_id) VALUES (5, 196);
INSERT INTO recipe_cook(recipe_id, cook_id) VALUES (5, 60);
INSERT INTO recipe_cook(recipe_id, cook_id) VALUES (5, 72);
INSERT INTO recipe_cook(recipe_id, cook_id) VALUES (5, 7);
INSERT INTO recipe_cook(recipe_id, cook_id) VALUES (5, 28);
INSERT INTO recipe_cook(recipe_id, cook_id) VALUES (5, 173);
INSERT INTO recipe_cook(recipe_id, cook_id) VALUES (5, 21);
INSERT INTO recipe_cook(recipe_id, cook_id) VALUES (5, 199);
INSERT INTO recipe_cook(recipe_id, cook_id) VALUES (5, 65);
INSERT INTO recipe_cook(recipe_id, cook_id) VALUES (5, 140);
INSERT INTO recipe_cook(recipe_id, cook_id) VALUES (5, 35);
INSERT INTO recipe_cook(recipe_id, cook_id) VALUES (5, 25);
INSERT INTO recipe_cook(recipe_id, cook_id) VALUES (5, 16);
INSERT INTO recipe_cook(recipe_id, cook_id) VALUES (5, 162);
INSERT INTO recipe_cook(recipe_id, cook_id) VALUES (5, 5);
INSERT INTO recipe_cook(recipe_id, cook_id) VALUES (5, 135);
INSERT INTO recipe_cook(recipe_id, cook_id) VALUES (5, 94);
INSERT INTO recipe_cook(recipe_id, cook_id) VALUES (5, 110);
INSERT INTO recipe_cook(recipe_id, cook_id) VALUES (5, 139);
INSERT INTO recipe_cook(recipe_id, cook_id) VALUES (5, 68);
INSERT INTO recipe_cook(recipe_id, cook_id) VALUES (5, 169);
INSERT INTO recipe_cook(recipe_id, cook_id) VALUES (5, 52);
INSERT INTO recipe_cook(recipe_id, cook_id) VALUES (5, 149);
INSERT INTO recipe_cook(recipe_id, cook_id) VALUES (5, 141);
INSERT INTO recipe_cook(recipe_id, cook_id) VALUES (5, 124);
INSERT INTO recipe_cook(recipe_id, cook_id) VALUES (5, 114);
INSERT INTO recipe_cook(recipe_id, cook_id) VALUES (5, 189);
INSERT INTO recipe_cook(recipe_id, cook_id) VALUES (5, 179);
INSERT INTO recipe_cook(recipe_id, cook_id) VALUES (5, 163);
INSERT INTO recipe_cook(recipe_id, cook_id) VALUES (5, 63);
INSERT INTO recipe_cook(recipe_id, cook_id) VALUES (5, 134);
INSERT INTO recipe_cook(recipe_id, cook_id) VALUES (5, 102);
INSERT INTO recipe_cook(recipe_id, cook_id) VALUES (5, 190);
INSERT INTO recipe_cook(recipe_id, cook_id) VALUES (5, 183);
INSERT INTO recipe_cook(recipe_id, cook_id) VALUES (5, 148);
INSERT INTO recipe_cook(recipe_id, cook_id) VALUES (5, 153);
INSERT INTO recipe_cook(recipe_id, cook_id) VALUES (5, 144);
INSERT INTO recipe_cook(recipe_id, cook_id) VALUES (5, 93);
INSERT INTO recipe_cook(recipe_id, cook_id) VALUES (5, 55);
INSERT INTO recipe_cook(recipe_id, cook_id) VALUES (5, 92);
INSERT INTO recipe_cook(recipe_id, cook_id) VALUES (5, 126);
INSERT INTO recipe_cook(recipe_id, cook_id) VALUES (5, 75);
INSERT INTO recipe_cook(recipe_id, cook_id) VALUES (5, 188);
INSERT INTO recipe_cook(recipe_id, cook_id) VALUES (5, 77);
INSERT INTO recipe_cook(recipe_id, cook_id) VALUES (5, 8);
INSERT INTO recipe_cook(recipe_id, cook_id) VALUES (5, 53);
INSERT INTO recipe_cook(recipe_id, cook_id) VALUES (5, 117);
INSERT INTO recipe_cook(recipe_id, cook_id) VALUES (5, 44);
INSERT INTO recipe_cook(recipe_id, cook_id) VALUES (5, 58);
INSERT INTO recipe_cook(recipe_id, cook_id) VALUES (5, 133);
INSERT INTO recipe_cook(recipe_id, cook_id) VALUES (5, 108);
INSERT INTO recipe_cook(recipe_id, cook_id) VALUES (5, 185);
INSERT INTO recipe_cook(recipe_id, cook_id) VALUES (5, 40);
INSERT INTO recipe_cook(recipe_id, cook_id) VALUES (5, 54);
INSERT INTO recipe_cook(recipe_id, cook_id) VALUES (5, 128);
INSERT INTO recipe_cook(recipe_id, cook_id) VALUES (5, 96);
INSERT INTO recipe_cook(recipe_id, cook_id) VALUES (5, 145);
INSERT INTO recipe_cook(recipe_id, cook_id) VALUES (5, 109);
INSERT INTO recipe_cook(recipe_id, cook_id) VALUES (5, 146);
INSERT INTO recipe_cook(recipe_id, cook_id) VALUES (5, 115);
INSERT INTO recipe_cook(recipe_id, cook_id) VALUES (5, 3);
INSERT INTO recipe_cook(recipe_id, cook_id) VALUES (5, 191);
INSERT INTO recipe_cook(recipe_id, cook_id) VALUES (5, 66);
INSERT INTO recipe_cook(recipe_id, cook_id) VALUES (5, 29);
INSERT INTO recipe_cook(recipe_id, cook_id) VALUES (5, 89);
INSERT INTO recipe_cook(recipe_id, cook_id) VALUES (5, 23);
INSERT INTO recipe_cook(recipe_id, cook_id) VALUES (5, 46);
INSERT INTO recipe_cook(recipe_id, cook_id) VALUES (5, 74);
INSERT INTO recipe_cook(recipe_id, cook_id) VALUES (5, 15);
INSERT INTO recipe_cook(recipe_id, cook_id) VALUES (5, 48);
INSERT INTO recipe_theme(recipe_id, theme_id) VALUES (5, 38);
INSERT INTO recipe_theme(recipe_id, theme_id) VALUES (5, 23);
INSERT INTO recipe_tip(recipe_id, tip_id) VALUES (5, 36);
INSERT INTO recipe_tip(recipe_id, tip_id) VALUES (5, 1);

INSERT INTO recipe(baking, cuisine_id, difficulty, title, recipe_description, prep_time, cook_time, portions, fat_portion, protein_portion, carbo_portion, picture, picture_description) VALUES(1, 47, 4,'Vegetarian Chili', 'Seek I computer cup one newspaper argue. Detail direction person case parent support three thousand. Home grow career magazine available wrong build. Oil range with join. Role heart never song.', 65, 40, 5, 5, 25,25, 'https://placekitten.com/396/96', 'Agreement find involve.');
INSERT INTO recipe_meal_type(recipe_id, meal_type_id) VALUES (6, 6);
INSERT INTO recipe_tag(recipe_id, tag_id) VALUES (6, 62);
INSERT INTO recipe_tag(recipe_id, tag_id) VALUES (6, 72);
INSERT INTO recipe_tag(recipe_id, tag_id) VALUES (6, 76);
INSERT INTO recipe_tag(recipe_id, tag_id) VALUES (6, 4);
INSERT INTO recipe_tag(recipe_id, tag_id) VALUES (6, 99);
INSERT INTO recipe_tag(recipe_id, tag_id) VALUES (6, 2);
INSERT INTO recipe_tag(recipe_id, tag_id) VALUES (6, 17);
INSERT INTO recipe_equipment(recipe_id, equipment_id, num) VALUES (6, 10, 1);
INSERT INTO recipe_equipment(recipe_id, equipment_id, num) VALUES (6, 8, 2);
INSERT INTO recipe_equipment(recipe_id, equipment_id, num) VALUES (6, 20, 4);
INSERT INTO recipe_equipment(recipe_id, equipment_id, num) VALUES (6, 6, 1);
INSERT INTO recipe_cook(recipe_id, cook_id) VALUES (6, 108);
INSERT INTO recipe_cook(recipe_id, cook_id) VALUES (6, 119);
INSERT INTO recipe_cook(recipe_id, cook_id) VALUES (6, 71);
INSERT INTO recipe_cook(recipe_id, cook_id) VALUES (6, 158);
INSERT INTO recipe_cook(recipe_id, cook_id) VALUES (6, 41);
INSERT INTO recipe_cook(recipe_id, cook_id) VALUES (6, 38);
INSERT INTO recipe_cook(recipe_id, cook_id) VALUES (6, 43);
INSERT INTO recipe_cook(recipe_id, cook_id) VALUES (6, 141);
INSERT INTO recipe_cook(recipe_id, cook_id) VALUES (6, 80);
INSERT INTO recipe_cook(recipe_id, cook_id) VALUES (6, 33);
INSERT INTO recipe_cook(recipe_id, cook_id) VALUES (6, 49);
INSERT INTO recipe_cook(recipe_id, cook_id) VALUES (6, 111);
INSERT INTO recipe_cook(recipe_id, cook_id) VALUES (6, 154);
INSERT INTO recipe_cook(recipe_id, cook_id) VALUES (6, 4);
INSERT INTO recipe_cook(recipe_id, cook_id) VALUES (6, 11);
INSERT INTO recipe_cook(recipe_id, cook_id) VALUES (6, 136);
INSERT INTO recipe_cook(recipe_id, cook_id) VALUES (6, 74);
INSERT INTO recipe_cook(recipe_id, cook_id) VALUES (6, 152);
INSERT INTO recipe_cook(recipe_id, cook_id) VALUES (6, 59);
INSERT INTO recipe_cook(recipe_id, cook_id) VALUES (6, 126);
INSERT INTO recipe_cook(recipe_id, cook_id) VALUES (6, 118);
INSERT INTO recipe_cook(recipe_id, cook_id) VALUES (6, 194);
INSERT INTO recipe_cook(recipe_id, cook_id) VALUES (6, 106);
INSERT INTO recipe_cook(recipe_id, cook_id) VALUES (6, 135);
INSERT INTO recipe_cook(recipe_id, cook_id) VALUES (6, 196);
INSERT INTO recipe_cook(recipe_id, cook_id) VALUES (6, 113);
INSERT INTO recipe_cook(recipe_id, cook_id) VALUES (6, 25);
INSERT INTO recipe_cook(recipe_id, cook_id) VALUES (6, 97);
INSERT INTO recipe_cook(recipe_id, cook_id) VALUES (6, 176);
INSERT INTO recipe_cook(recipe_id, cook_id) VALUES (6, 157);
INSERT INTO recipe_cook(recipe_id, cook_id) VALUES (6, 84);
INSERT INTO recipe_cook(recipe_id, cook_id) VALUES (6, 116);
INSERT INTO recipe_cook(recipe_id, cook_id) VALUES (6, 54);
INSERT INTO recipe_cook(recipe_id, cook_id) VALUES (6, 83);
INSERT INTO recipe_cook(recipe_id, cook_id) VALUES (6, 120);
INSERT INTO recipe_cook(recipe_id, cook_id) VALUES (6, 122);
INSERT INTO recipe_cook(recipe_id, cook_id) VALUES (6, 6);
INSERT INTO recipe_cook(recipe_id, cook_id) VALUES (6, 91);
INSERT INTO recipe_cook(recipe_id, cook_id) VALUES (6, 88);
INSERT INTO recipe_cook(recipe_id, cook_id) VALUES (6, 30);
INSERT INTO recipe_cook(recipe_id, cook_id) VALUES (6, 78);
INSERT INTO recipe_cook(recipe_id, cook_id) VALUES (6, 46);
INSERT INTO recipe_cook(recipe_id, cook_id) VALUES (6, 64);
INSERT INTO recipe_cook(recipe_id, cook_id) VALUES (6, 72);
INSERT INTO recipe_cook(recipe_id, cook_id) VALUES (6, 19);
INSERT INTO recipe_cook(recipe_id, cook_id) VALUES (6, 153);
INSERT INTO recipe_cook(recipe_id, cook_id) VALUES (6, 100);
INSERT INTO recipe_cook(recipe_id, cook_id) VALUES (6, 34);
INSERT INTO recipe_cook(recipe_id, cook_id) VALUES (6, 145);
INSERT INTO recipe_cook(recipe_id, cook_id) VALUES (6, 185);
INSERT INTO recipe_cook(recipe_id, cook_id) VALUES (6, 57);
INSERT INTO recipe_cook(recipe_id, cook_id) VALUES (6, 60);
INSERT INTO recipe_cook(recipe_id, cook_id) VALUES (6, 9);
INSERT INTO recipe_cook(recipe_id, cook_id) VALUES (6, 96);
INSERT INTO recipe_cook(recipe_id, cook_id) VALUES (6, 76);
INSERT INTO recipe_cook(recipe_id, cook_id) VALUES (6, 81);
INSERT INTO recipe_cook(recipe_id, cook_id) VALUES (6, 27);
INSERT INTO recipe_cook(recipe_id, cook_id) VALUES (6, 24);
INSERT INTO recipe_cook(recipe_id, cook_id) VALUES (6, 200);
INSERT INTO recipe_cook(recipe_id, cook_id) VALUES (6, 98);
INSERT INTO recipe_cook(recipe_id, cook_id) VALUES (6, 193);
INSERT INTO recipe_cook(recipe_id, cook_id) VALUES (6, 173);
INSERT INTO recipe_cook(recipe_id, cook_id) VALUES (6, 73);
INSERT INTO recipe_cook(recipe_id, cook_id) VALUES (6, 199);
INSERT INTO recipe_cook(recipe_id, cook_id) VALUES (6, 150);
INSERT INTO recipe_cook(recipe_id, cook_id) VALUES (6, 186);
INSERT INTO recipe_cook(recipe_id, cook_id) VALUES (6, 82);
INSERT INTO recipe_cook(recipe_id, cook_id) VALUES (6, 191);
INSERT INTO recipe_cook(recipe_id, cook_id) VALUES (6, 133);
INSERT INTO recipe_cook(recipe_id, cook_id) VALUES (6, 195);
INSERT INTO recipe_cook(recipe_id, cook_id) VALUES (6, 92);
INSERT INTO recipe_cook(recipe_id, cook_id) VALUES (6, 103);
INSERT INTO recipe_cook(recipe_id, cook_id) VALUES (6, 132);
INSERT INTO recipe_cook(recipe_id, cook_id) VALUES (6, 89);
INSERT INTO recipe_cook(recipe_id, cook_id) VALUES (6, 77);
INSERT INTO recipe_cook(recipe_id, cook_id) VALUES (6, 161);
INSERT INTO recipe_cook(recipe_id, cook_id) VALUES (6, 197);
INSERT INTO recipe_cook(recipe_id, cook_id) VALUES (6, 45);
INSERT INTO recipe_cook(recipe_id, cook_id) VALUES (6, 149);
INSERT INTO recipe_cook(recipe_id, cook_id) VALUES (6, 184);
INSERT INTO recipe_cook(recipe_id, cook_id) VALUES (6, 124);
INSERT INTO recipe_cook(recipe_id, cook_id) VALUES (6, 198);
INSERT INTO recipe_cook(recipe_id, cook_id) VALUES (6, 123);
INSERT INTO recipe_cook(recipe_id, cook_id) VALUES (6, 188);
INSERT INTO recipe_cook(recipe_id, cook_id) VALUES (6, 87);
INSERT INTO recipe_cook(recipe_id, cook_id) VALUES (6, 66);
INSERT INTO recipe_cook(recipe_id, cook_id) VALUES (6, 143);
INSERT INTO recipe_cook(recipe_id, cook_id) VALUES (6, 105);
INSERT INTO recipe_cook(recipe_id, cook_id) VALUES (6, 172);
INSERT INTO recipe_cook(recipe_id, cook_id) VALUES (6, 180);
INSERT INTO recipe_cook(recipe_id, cook_id) VALUES (6, 159);
INSERT INTO recipe_cook(recipe_id, cook_id) VALUES (6, 48);
INSERT INTO recipe_cook(recipe_id, cook_id) VALUES (6, 75);
INSERT INTO recipe_cook(recipe_id, cook_id) VALUES (6, 3);
INSERT INTO recipe_cook(recipe_id, cook_id) VALUES (6, 127);
INSERT INTO recipe_cook(recipe_id, cook_id) VALUES (6, 174);
INSERT INTO recipe_cook(recipe_id, cook_id) VALUES (6, 65);
INSERT INTO recipe_cook(recipe_id, cook_id) VALUES (6, 63);
INSERT INTO recipe_cook(recipe_id, cook_id) VALUES (6, 90);
INSERT INTO recipe_cook(recipe_id, cook_id) VALUES (6, 95);
INSERT INTO recipe_cook(recipe_id, cook_id) VALUES (6, 58);
INSERT INTO recipe_cook(recipe_id, cook_id) VALUES (6, 102);
INSERT INTO recipe_cook(recipe_id, cook_id) VALUES (6, 140);
INSERT INTO recipe_cook(recipe_id, cook_id) VALUES (6, 2);
INSERT INTO recipe_cook(recipe_id, cook_id) VALUES (6, 168);
INSERT INTO recipe_cook(recipe_id, cook_id) VALUES (6, 165);
INSERT INTO recipe_theme(recipe_id, theme_id) VALUES (6, 21);
INSERT INTO recipe_theme(recipe_id, theme_id) VALUES (6, 5);
INSERT INTO recipe_theme(recipe_id, theme_id) VALUES (6, 4);
INSERT INTO recipe_tip(recipe_id, tip_id) VALUES (6, 13);
INSERT INTO recipe_tip(recipe_id, tip_id) VALUES (6, 3);
INSERT INTO recipe_tip(recipe_id, tip_id) VALUES (6, 17);

INSERT INTO recipe(baking, cuisine_id, difficulty, title, recipe_description, prep_time, cook_time, portions, fat_portion, protein_portion, carbo_portion, picture, picture_description) VALUES(1, 21, 5,'Pumpkin Pie', 'Employee specific picture article often. Pull history chair. Million foreign might wall church force charge heart.', 95, 100, 5, 0, 45,65, 'https://placekitten.com/213/677', 'Traditional memory cultural work.');
INSERT INTO recipe_meal_type(recipe_id, meal_type_id) VALUES (7, 5);
INSERT INTO recipe_tag(recipe_id, tag_id) VALUES (7, 2);
INSERT INTO recipe_tag(recipe_id, tag_id) VALUES (7, 67);
INSERT INTO recipe_tag(recipe_id, tag_id) VALUES (7, 90);
INSERT INTO recipe_tag(recipe_id, tag_id) VALUES (7, 65);
INSERT INTO recipe_tag(recipe_id, tag_id) VALUES (7, 23);
INSERT INTO recipe_tag(recipe_id, tag_id) VALUES (7, 91);
INSERT INTO recipe_tag(recipe_id, tag_id) VALUES (7, 66);
INSERT INTO recipe_tag(recipe_id, tag_id) VALUES (7, 17);
INSERT INTO recipe_equipment(recipe_id, equipment_id, num) VALUES (7, 1, 1);
INSERT INTO recipe_equipment(recipe_id, equipment_id, num) VALUES (7, 13, 1);
INSERT INTO recipe_equipment(recipe_id, equipment_id, num) VALUES (7, 9, 3);
INSERT INTO recipe_equipment(recipe_id, equipment_id, num) VALUES (7, 16, 3);
INSERT INTO recipe_equipment(recipe_id, equipment_id, num) VALUES (7, 15, 3);
INSERT INTO recipe_cook(recipe_id, cook_id) VALUES (7, 143);
INSERT INTO recipe_cook(recipe_id, cook_id) VALUES (7, 152);
INSERT INTO recipe_cook(recipe_id, cook_id) VALUES (7, 14);
INSERT INTO recipe_cook(recipe_id, cook_id) VALUES (7, 44);
INSERT INTO recipe_cook(recipe_id, cook_id) VALUES (7, 198);
INSERT INTO recipe_cook(recipe_id, cook_id) VALUES (7, 61);
INSERT INTO recipe_cook(recipe_id, cook_id) VALUES (7, 122);
INSERT INTO recipe_cook(recipe_id, cook_id) VALUES (7, 87);
INSERT INTO recipe_cook(recipe_id, cook_id) VALUES (7, 55);
INSERT INTO recipe_cook(recipe_id, cook_id) VALUES (7, 56);
INSERT INTO recipe_cook(recipe_id, cook_id) VALUES (7, 134);
INSERT INTO recipe_cook(recipe_id, cook_id) VALUES (7, 73);
INSERT INTO recipe_cook(recipe_id, cook_id) VALUES (7, 151);
INSERT INTO recipe_cook(recipe_id, cook_id) VALUES (7, 168);
INSERT INTO recipe_cook(recipe_id, cook_id) VALUES (7, 52);
INSERT INTO recipe_cook(recipe_id, cook_id) VALUES (7, 23);
INSERT INTO recipe_cook(recipe_id, cook_id) VALUES (7, 18);
INSERT INTO recipe_cook(recipe_id, cook_id) VALUES (7, 129);
INSERT INTO recipe_cook(recipe_id, cook_id) VALUES (7, 89);
INSERT INTO recipe_cook(recipe_id, cook_id) VALUES (7, 69);
INSERT INTO recipe_cook(recipe_id, cook_id) VALUES (7, 177);
INSERT INTO recipe_cook(recipe_id, cook_id) VALUES (7, 131);
INSERT INTO recipe_cook(recipe_id, cook_id) VALUES (7, 107);
INSERT INTO recipe_cook(recipe_id, cook_id) VALUES (7, 57);
INSERT INTO recipe_cook(recipe_id, cook_id) VALUES (7, 127);
INSERT INTO recipe_cook(recipe_id, cook_id) VALUES (7, 49);
INSERT INTO recipe_cook(recipe_id, cook_id) VALUES (7, 34);
INSERT INTO recipe_cook(recipe_id, cook_id) VALUES (7, 88);
INSERT INTO recipe_cook(recipe_id, cook_id) VALUES (7, 148);
INSERT INTO recipe_cook(recipe_id, cook_id) VALUES (7, 91);
INSERT INTO recipe_cook(recipe_id, cook_id) VALUES (7, 72);
INSERT INTO recipe_cook(recipe_id, cook_id) VALUES (7, 35);
INSERT INTO recipe_cook(recipe_id, cook_id) VALUES (7, 47);
INSERT INTO recipe_cook(recipe_id, cook_id) VALUES (7, 82);
INSERT INTO recipe_cook(recipe_id, cook_id) VALUES (7, 92);
INSERT INTO recipe_cook(recipe_id, cook_id) VALUES (7, 13);
INSERT INTO recipe_cook(recipe_id, cook_id) VALUES (7, 119);
INSERT INTO recipe_cook(recipe_id, cook_id) VALUES (7, 115);
INSERT INTO recipe_cook(recipe_id, cook_id) VALUES (7, 104);
INSERT INTO recipe_cook(recipe_id, cook_id) VALUES (7, 11);
INSERT INTO recipe_cook(recipe_id, cook_id) VALUES (7, 10);
INSERT INTO recipe_cook(recipe_id, cook_id) VALUES (7, 188);
INSERT INTO recipe_cook(recipe_id, cook_id) VALUES (7, 149);
INSERT INTO recipe_cook(recipe_id, cook_id) VALUES (7, 29);
INSERT INTO recipe_cook(recipe_id, cook_id) VALUES (7, 141);
INSERT INTO recipe_cook(recipe_id, cook_id) VALUES (7, 81);
INSERT INTO recipe_cook(recipe_id, cook_id) VALUES (7, 79);
INSERT INTO recipe_cook(recipe_id, cook_id) VALUES (7, 164);
INSERT INTO recipe_cook(recipe_id, cook_id) VALUES (7, 101);
INSERT INTO recipe_cook(recipe_id, cook_id) VALUES (7, 15);
INSERT INTO recipe_cook(recipe_id, cook_id) VALUES (7, 67);
INSERT INTO recipe_cook(recipe_id, cook_id) VALUES (7, 37);
INSERT INTO recipe_cook(recipe_id, cook_id) VALUES (7, 145);
INSERT INTO recipe_cook(recipe_id, cook_id) VALUES (7, 93);
INSERT INTO recipe_cook(recipe_id, cook_id) VALUES (7, 144);
INSERT INTO recipe_cook(recipe_id, cook_id) VALUES (7, 86);
INSERT INTO recipe_cook(recipe_id, cook_id) VALUES (7, 78);
INSERT INTO recipe_cook(recipe_id, cook_id) VALUES (7, 105);
INSERT INTO recipe_cook(recipe_id, cook_id) VALUES (7, 162);
INSERT INTO recipe_cook(recipe_id, cook_id) VALUES (7, 123);
INSERT INTO recipe_cook(recipe_id, cook_id) VALUES (7, 118);
INSERT INTO recipe_cook(recipe_id, cook_id) VALUES (7, 150);
INSERT INTO recipe_cook(recipe_id, cook_id) VALUES (7, 95);
INSERT INTO recipe_cook(recipe_id, cook_id) VALUES (7, 183);
INSERT INTO recipe_cook(recipe_id, cook_id) VALUES (7, 64);
INSERT INTO recipe_cook(recipe_id, cook_id) VALUES (7, 124);
INSERT INTO recipe_cook(recipe_id, cook_id) VALUES (7, 171);
INSERT INTO recipe_cook(recipe_id, cook_id) VALUES (7, 16);
INSERT INTO recipe_cook(recipe_id, cook_id) VALUES (7, 153);
INSERT INTO recipe_cook(recipe_id, cook_id) VALUES (7, 59);
INSERT INTO recipe_cook(recipe_id, cook_id) VALUES (7, 159);
INSERT INTO recipe_cook(recipe_id, cook_id) VALUES (7, 174);
INSERT INTO recipe_cook(recipe_id, cook_id) VALUES (7, 22);
INSERT INTO recipe_cook(recipe_id, cook_id) VALUES (7, 132);
INSERT INTO recipe_cook(recipe_id, cook_id) VALUES (7, 170);
INSERT INTO recipe_cook(recipe_id, cook_id) VALUES (7, 194);
INSERT INTO recipe_cook(recipe_id, cook_id) VALUES (7, 5);
INSERT INTO recipe_cook(recipe_id, cook_id) VALUES (7, 103);
INSERT INTO recipe_cook(recipe_id, cook_id) VALUES (7, 117);
INSERT INTO recipe_cook(recipe_id, cook_id) VALUES (7, 112);
INSERT INTO recipe_cook(recipe_id, cook_id) VALUES (7, 176);
INSERT INTO recipe_cook(recipe_id, cook_id) VALUES (7, 24);
INSERT INTO recipe_cook(recipe_id, cook_id) VALUES (7, 54);
INSERT INTO recipe_cook(recipe_id, cook_id) VALUES (7, 142);
INSERT INTO recipe_cook(recipe_id, cook_id) VALUES (7, 137);
INSERT INTO recipe_cook(recipe_id, cook_id) VALUES (7, 46);
INSERT INTO recipe_cook(recipe_id, cook_id) VALUES (7, 63);
INSERT INTO recipe_cook(recipe_id, cook_id) VALUES (7, 40);
INSERT INTO recipe_cook(recipe_id, cook_id) VALUES (7, 189);
INSERT INTO recipe_cook(recipe_id, cook_id) VALUES (7, 186);
INSERT INTO recipe_cook(recipe_id, cook_id) VALUES (7, 139);
INSERT INTO recipe_cook(recipe_id, cook_id) VALUES (7, 190);
INSERT INTO recipe_cook(recipe_id, cook_id) VALUES (7, 182);
INSERT INTO recipe_cook(recipe_id, cook_id) VALUES (7, 108);
INSERT INTO recipe_cook(recipe_id, cook_id) VALUES (7, 41);
INSERT INTO recipe_cook(recipe_id, cook_id) VALUES (7, 136);
INSERT INTO recipe_cook(recipe_id, cook_id) VALUES (7, 166);
INSERT INTO recipe_cook(recipe_id, cook_id) VALUES (7, 98);
INSERT INTO recipe_cook(recipe_id, cook_id) VALUES (7, 28);
INSERT INTO recipe_cook(recipe_id, cook_id) VALUES (7, 68);
INSERT INTO recipe_cook(recipe_id, cook_id) VALUES (7, 58);
INSERT INTO recipe_cook(recipe_id, cook_id) VALUES (7, 50);
INSERT INTO recipe_cook(recipe_id, cook_id) VALUES (7, 121);
INSERT INTO recipe_cook(recipe_id, cook_id) VALUES (7, 147);
INSERT INTO recipe_cook(recipe_id, cook_id) VALUES (7, 75);
INSERT INTO recipe_cook(recipe_id, cook_id) VALUES (7, 71);
INSERT INTO recipe_cook(recipe_id, cook_id) VALUES (7, 180);
INSERT INTO recipe_cook(recipe_id, cook_id) VALUES (7, 192);
INSERT INTO recipe_theme(recipe_id, theme_id) VALUES (7, 8);
INSERT INTO recipe_tip(recipe_id, tip_id) VALUES (7, 33);

INSERT INTO recipe(baking, cuisine_id, difficulty, title, recipe_description, prep_time, cook_time, portions, fat_portion, protein_portion, carbo_portion, picture, picture_description) VALUES(0, 3, 3,'Potato Salad', 'Successful direction laugh look chance. Court small sea nation. Know political space hotel kitchen trial from. East central sense guess.', 15, 40, 4, 25, 25,15, 'https://picsum.photos/544/803', 'Stop wide budget order.');
INSERT INTO recipe_meal_type(recipe_id, meal_type_id) VALUES (8, 1);
INSERT INTO recipe_tag(recipe_id, tag_id) VALUES (8, 12);
INSERT INTO recipe_tag(recipe_id, tag_id) VALUES (8, 35);
INSERT INTO recipe_tag(recipe_id, tag_id) VALUES (8, 39);
INSERT INTO recipe_tag(recipe_id, tag_id) VALUES (8, 24);
INSERT INTO recipe_equipment(recipe_id, equipment_id, num) VALUES (8, 2, 3);
INSERT INTO recipe_equipment(recipe_id, equipment_id, num) VALUES (8, 20, 4);
INSERT INTO recipe_equipment(recipe_id, equipment_id, num) VALUES (8, 8, 3);
INSERT INTO recipe_cook(recipe_id, cook_id) VALUES (8, 181);
INSERT INTO recipe_cook(recipe_id, cook_id) VALUES (8, 159);
INSERT INTO recipe_cook(recipe_id, cook_id) VALUES (8, 6);
INSERT INTO recipe_cook(recipe_id, cook_id) VALUES (8, 135);
INSERT INTO recipe_cook(recipe_id, cook_id) VALUES (8, 32);
INSERT INTO recipe_cook(recipe_id, cook_id) VALUES (8, 189);
INSERT INTO recipe_cook(recipe_id, cook_id) VALUES (8, 74);
INSERT INTO recipe_cook(recipe_id, cook_id) VALUES (8, 200);
INSERT INTO recipe_cook(recipe_id, cook_id) VALUES (8, 64);
INSERT INTO recipe_cook(recipe_id, cook_id) VALUES (8, 187);
INSERT INTO recipe_cook(recipe_id, cook_id) VALUES (8, 188);
INSERT INTO recipe_cook(recipe_id, cook_id) VALUES (8, 94);
INSERT INTO recipe_cook(recipe_id, cook_id) VALUES (8, 46);
INSERT INTO recipe_cook(recipe_id, cook_id) VALUES (8, 173);
INSERT INTO recipe_cook(recipe_id, cook_id) VALUES (8, 89);
INSERT INTO recipe_cook(recipe_id, cook_id) VALUES (8, 133);
INSERT INTO recipe_cook(recipe_id, cook_id) VALUES (8, 174);
INSERT INTO recipe_cook(recipe_id, cook_id) VALUES (8, 45);
INSERT INTO recipe_cook(recipe_id, cook_id) VALUES (8, 162);
INSERT INTO recipe_cook(recipe_id, cook_id) VALUES (8, 53);
INSERT INTO recipe_cook(recipe_id, cook_id) VALUES (8, 132);
INSERT INTO recipe_cook(recipe_id, cook_id) VALUES (8, 66);
INSERT INTO recipe_cook(recipe_id, cook_id) VALUES (8, 177);
INSERT INTO recipe_cook(recipe_id, cook_id) VALUES (8, 99);
INSERT INTO recipe_cook(recipe_id, cook_id) VALUES (8, 18);
INSERT INTO recipe_cook(recipe_id, cook_id) VALUES (8, 4);
INSERT INTO recipe_cook(recipe_id, cook_id) VALUES (8, 146);
INSERT INTO recipe_cook(recipe_id, cook_id) VALUES (8, 38);
INSERT INTO recipe_cook(recipe_id, cook_id) VALUES (8, 100);
INSERT INTO recipe_cook(recipe_id, cook_id) VALUES (8, 23);
INSERT INTO recipe_cook(recipe_id, cook_id) VALUES (8, 41);
INSERT INTO recipe_cook(recipe_id, cook_id) VALUES (8, 176);
INSERT INTO recipe_cook(recipe_id, cook_id) VALUES (8, 113);
INSERT INTO recipe_cook(recipe_id, cook_id) VALUES (8, 127);
INSERT INTO recipe_cook(recipe_id, cook_id) VALUES (8, 182);
INSERT INTO recipe_cook(recipe_id, cook_id) VALUES (8, 123);
INSERT INTO recipe_cook(recipe_id, cook_id) VALUES (8, 98);
INSERT INTO recipe_cook(recipe_id, cook_id) VALUES (8, 11);
INSERT INTO recipe_cook(recipe_id, cook_id) VALUES (8, 195);
INSERT INTO recipe_cook(recipe_id, cook_id) VALUES (8, 77);
INSERT INTO recipe_cook(recipe_id, cook_id) VALUES (8, 93);
INSERT INTO recipe_cook(recipe_id, cook_id) VALUES (8, 167);
INSERT INTO recipe_cook(recipe_id, cook_id) VALUES (8, 13);
INSERT INTO recipe_cook(recipe_id, cook_id) VALUES (8, 160);
INSERT INTO recipe_cook(recipe_id, cook_id) VALUES (8, 197);
INSERT INTO recipe_cook(recipe_id, cook_id) VALUES (8, 59);
INSERT INTO recipe_cook(recipe_id, cook_id) VALUES (8, 56);
INSERT INTO recipe_cook(recipe_id, cook_id) VALUES (8, 144);
INSERT INTO recipe_cook(recipe_id, cook_id) VALUES (8, 143);
INSERT INTO recipe_cook(recipe_id, cook_id) VALUES (8, 122);
INSERT INTO recipe_cook(recipe_id, cook_id) VALUES (8, 119);
INSERT INTO recipe_cook(recipe_id, cook_id) VALUES (8, 76);
INSERT INTO recipe_cook(recipe_id, cook_id) VALUES (8, 120);
INSERT INTO recipe_cook(recipe_id, cook_id) VALUES (8, 9);
INSERT INTO recipe_cook(recipe_id, cook_id) VALUES (8, 30);
INSERT INTO recipe_cook(recipe_id, cook_id) VALUES (8, 65);
INSERT INTO recipe_cook(recipe_id, cook_id) VALUES (8, 24);
INSERT INTO recipe_cook(recipe_id, cook_id) VALUES (8, 2);
INSERT INTO recipe_cook(recipe_id, cook_id) VALUES (8, 124);
INSERT INTO recipe_cook(recipe_id, cook_id) VALUES (8, 51);
INSERT INTO recipe_cook(recipe_id, cook_id) VALUES (8, 85);
INSERT INTO recipe_cook(recipe_id, cook_id) VALUES (8, 91);
INSERT INTO recipe_cook(recipe_id, cook_id) VALUES (8, 137);
INSERT INTO recipe_cook(recipe_id, cook_id) VALUES (8, 141);
INSERT INTO recipe_cook(recipe_id, cook_id) VALUES (8, 70);
INSERT INTO recipe_cook(recipe_id, cook_id) VALUES (8, 3);
INSERT INTO recipe_cook(recipe_id, cook_id) VALUES (8, 22);
INSERT INTO recipe_cook(recipe_id, cook_id) VALUES (8, 14);
INSERT INTO recipe_cook(recipe_id, cook_id) VALUES (8, 117);
INSERT INTO recipe_cook(recipe_id, cook_id) VALUES (8, 198);
INSERT INTO recipe_cook(recipe_id, cook_id) VALUES (8, 103);
INSERT INTO recipe_cook(recipe_id, cook_id) VALUES (8, 116);
INSERT INTO recipe_cook(recipe_id, cook_id) VALUES (8, 26);
INSERT INTO recipe_cook(recipe_id, cook_id) VALUES (8, 62);
INSERT INTO recipe_cook(recipe_id, cook_id) VALUES (8, 149);
INSERT INTO recipe_cook(recipe_id, cook_id) VALUES (8, 172);
INSERT INTO recipe_cook(recipe_id, cook_id) VALUES (8, 73);
INSERT INTO recipe_cook(recipe_id, cook_id) VALUES (8, 115);
INSERT INTO recipe_cook(recipe_id, cook_id) VALUES (8, 19);
INSERT INTO recipe_cook(recipe_id, cook_id) VALUES (8, 196);
INSERT INTO recipe_cook(recipe_id, cook_id) VALUES (8, 96);
INSERT INTO recipe_cook(recipe_id, cook_id) VALUES (8, 87);
INSERT INTO recipe_cook(recipe_id, cook_id) VALUES (8, 95);
INSERT INTO recipe_cook(recipe_id, cook_id) VALUES (8, 63);
INSERT INTO recipe_cook(recipe_id, cook_id) VALUES (8, 39);
INSERT INTO recipe_cook(recipe_id, cook_id) VALUES (8, 193);
INSERT INTO recipe_cook(recipe_id, cook_id) VALUES (8, 17);
INSERT INTO recipe_cook(recipe_id, cook_id) VALUES (8, 69);
INSERT INTO recipe_cook(recipe_id, cook_id) VALUES (8, 121);
INSERT INTO recipe_cook(recipe_id, cook_id) VALUES (8, 28);
INSERT INTO recipe_cook(recipe_id, cook_id) VALUES (8, 68);
INSERT INTO recipe_theme(recipe_id, theme_id) VALUES (8, 40);
INSERT INTO recipe_tip(recipe_id, tip_id) VALUES (8, 32);

INSERT INTO recipe(baking, cuisine_id, difficulty, title, recipe_description, prep_time, cook_time, portions, fat_portion, protein_portion, carbo_portion, picture, picture_description) VALUES(1, 37, 3,'Chicken Alfredo', 'Former under worry available little station. Coach for go environmental budget help fund. Exactly write when know inside debate. Thus physical reduce when single attention agent. Paper worker leg.', 95, 120, 1, 55, 20,60, 'https://picsum.photos/352/798', 'Son professional sport red.');
INSERT INTO recipe_meal_type(recipe_id, meal_type_id) VALUES (9, 2);
INSERT INTO recipe_tag(recipe_id, tag_id) VALUES (9, 83);
INSERT INTO recipe_tag(recipe_id, tag_id) VALUES (9, 1);
INSERT INTO recipe_tag(recipe_id, tag_id) VALUES (9, 9);
INSERT INTO recipe_equipment(recipe_id, equipment_id, num) VALUES (9, 15, 4);
INSERT INTO recipe_equipment(recipe_id, equipment_id, num) VALUES (9, 17, 1);
INSERT INTO recipe_equipment(recipe_id, equipment_id, num) VALUES (9, 4, 2);
INSERT INTO recipe_equipment(recipe_id, equipment_id, num) VALUES (9, 14, 4);
INSERT INTO recipe_equipment(recipe_id, equipment_id, num) VALUES (9, 10, 3);
INSERT INTO recipe_equipment(recipe_id, equipment_id, num) VALUES (9, 19, 3);
INSERT INTO recipe_equipment(recipe_id, equipment_id, num) VALUES (9, 13, 2);
INSERT INTO recipe_cook(recipe_id, cook_id) VALUES (9, 163);
INSERT INTO recipe_cook(recipe_id, cook_id) VALUES (9, 99);
INSERT INTO recipe_cook(recipe_id, cook_id) VALUES (9, 118);
INSERT INTO recipe_cook(recipe_id, cook_id) VALUES (9, 171);
INSERT INTO recipe_cook(recipe_id, cook_id) VALUES (9, 143);
INSERT INTO recipe_cook(recipe_id, cook_id) VALUES (9, 190);
INSERT INTO recipe_cook(recipe_id, cook_id) VALUES (9, 32);
INSERT INTO recipe_cook(recipe_id, cook_id) VALUES (9, 154);
INSERT INTO recipe_cook(recipe_id, cook_id) VALUES (9, 149);
INSERT INTO recipe_cook(recipe_id, cook_id) VALUES (9, 168);
INSERT INTO recipe_cook(recipe_id, cook_id) VALUES (9, 128);
INSERT INTO recipe_cook(recipe_id, cook_id) VALUES (9, 106);
INSERT INTO recipe_cook(recipe_id, cook_id) VALUES (9, 131);
INSERT INTO recipe_cook(recipe_id, cook_id) VALUES (9, 120);
INSERT INTO recipe_cook(recipe_id, cook_id) VALUES (9, 12);
INSERT INTO recipe_cook(recipe_id, cook_id) VALUES (9, 15);
INSERT INTO recipe_cook(recipe_id, cook_id) VALUES (9, 102);
INSERT INTO recipe_cook(recipe_id, cook_id) VALUES (9, 83);
INSERT INTO recipe_cook(recipe_id, cook_id) VALUES (9, 25);
INSERT INTO recipe_cook(recipe_id, cook_id) VALUES (9, 48);
INSERT INTO recipe_cook(recipe_id, cook_id) VALUES (9, 176);
INSERT INTO recipe_cook(recipe_id, cook_id) VALUES (9, 7);
INSERT INTO recipe_cook(recipe_id, cook_id) VALUES (9, 137);
INSERT INTO recipe_cook(recipe_id, cook_id) VALUES (9, 123);
INSERT INTO recipe_cook(recipe_id, cook_id) VALUES (9, 9);
INSERT INTO recipe_cook(recipe_id, cook_id) VALUES (9, 111);
INSERT INTO recipe_cook(recipe_id, cook_id) VALUES (9, 189);
INSERT INTO recipe_cook(recipe_id, cook_id) VALUES (9, 148);
INSERT INTO recipe_cook(recipe_id, cook_id) VALUES (9, 45);
INSERT INTO recipe_cook(recipe_id, cook_id) VALUES (9, 133);
INSERT INTO recipe_cook(recipe_id, cook_id) VALUES (9, 141);
INSERT INTO recipe_cook(recipe_id, cook_id) VALUES (9, 74);
INSERT INTO recipe_cook(recipe_id, cook_id) VALUES (9, 46);
INSERT INTO recipe_cook(recipe_id, cook_id) VALUES (9, 60);
INSERT INTO recipe_cook(recipe_id, cook_id) VALUES (9, 65);
INSERT INTO recipe_cook(recipe_id, cook_id) VALUES (9, 153);
INSERT INTO recipe_cook(recipe_id, cook_id) VALUES (9, 63);
INSERT INTO recipe_cook(recipe_id, cook_id) VALUES (9, 115);
INSERT INTO recipe_cook(recipe_id, cook_id) VALUES (9, 64);
INSERT INTO recipe_cook(recipe_id, cook_id) VALUES (9, 182);
INSERT INTO recipe_cook(recipe_id, cook_id) VALUES (9, 186);
INSERT INTO recipe_cook(recipe_id, cook_id) VALUES (9, 79);
INSERT INTO recipe_cook(recipe_id, cook_id) VALUES (9, 68);
INSERT INTO recipe_cook(recipe_id, cook_id) VALUES (9, 1);
INSERT INTO recipe_cook(recipe_id, cook_id) VALUES (9, 6);
INSERT INTO recipe_cook(recipe_id, cook_id) VALUES (9, 178);
INSERT INTO recipe_cook(recipe_id, cook_id) VALUES (9, 112);
INSERT INTO recipe_cook(recipe_id, cook_id) VALUES (9, 44);
INSERT INTO recipe_cook(recipe_id, cook_id) VALUES (9, 36);
INSERT INTO recipe_cook(recipe_id, cook_id) VALUES (9, 156);
INSERT INTO recipe_cook(recipe_id, cook_id) VALUES (9, 78);
INSERT INTO recipe_cook(recipe_id, cook_id) VALUES (9, 42);
INSERT INTO recipe_cook(recipe_id, cook_id) VALUES (9, 77);
INSERT INTO recipe_cook(recipe_id, cook_id) VALUES (9, 192);
INSERT INTO recipe_cook(recipe_id, cook_id) VALUES (9, 4);
INSERT INTO recipe_cook(recipe_id, cook_id) VALUES (9, 76);
INSERT INTO recipe_cook(recipe_id, cook_id) VALUES (9, 97);
INSERT INTO recipe_cook(recipe_id, cook_id) VALUES (9, 50);
INSERT INTO recipe_cook(recipe_id, cook_id) VALUES (9, 47);
INSERT INTO recipe_cook(recipe_id, cook_id) VALUES (9, 122);
INSERT INTO recipe_cook(recipe_id, cook_id) VALUES (9, 187);
INSERT INTO recipe_cook(recipe_id, cook_id) VALUES (9, 80);
INSERT INTO recipe_cook(recipe_id, cook_id) VALUES (9, 89);
INSERT INTO recipe_cook(recipe_id, cook_id) VALUES (9, 147);
INSERT INTO recipe_cook(recipe_id, cook_id) VALUES (9, 145);
INSERT INTO recipe_cook(recipe_id, cook_id) VALUES (9, 88);
INSERT INTO recipe_cook(recipe_id, cook_id) VALUES (9, 193);
INSERT INTO recipe_cook(recipe_id, cook_id) VALUES (9, 140);
INSERT INTO recipe_cook(recipe_id, cook_id) VALUES (9, 169);
INSERT INTO recipe_cook(recipe_id, cook_id) VALUES (9, 101);
INSERT INTO recipe_cook(recipe_id, cook_id) VALUES (9, 21);
INSERT INTO recipe_cook(recipe_id, cook_id) VALUES (9, 138);
INSERT INTO recipe_cook(recipe_id, cook_id) VALUES (9, 39);
INSERT INTO recipe_cook(recipe_id, cook_id) VALUES (9, 103);
INSERT INTO recipe_cook(recipe_id, cook_id) VALUES (9, 13);
INSERT INTO recipe_cook(recipe_id, cook_id) VALUES (9, 155);
INSERT INTO recipe_cook(recipe_id, cook_id) VALUES (9, 43);
INSERT INTO recipe_cook(recipe_id, cook_id) VALUES (9, 55);
INSERT INTO recipe_cook(recipe_id, cook_id) VALUES (9, 160);
INSERT INTO recipe_cook(recipe_id, cook_id) VALUES (9, 67);
INSERT INTO recipe_cook(recipe_id, cook_id) VALUES (9, 104);
INSERT INTO recipe_cook(recipe_id, cook_id) VALUES (9, 98);
INSERT INTO recipe_cook(recipe_id, cook_id) VALUES (9, 179);
INSERT INTO recipe_cook(recipe_id, cook_id) VALUES (9, 181);
INSERT INTO recipe_cook(recipe_id, cook_id) VALUES (9, 159);
INSERT INTO recipe_cook(recipe_id, cook_id) VALUES (9, 158);
INSERT INTO recipe_cook(recipe_id, cook_id) VALUES (9, 66);
INSERT INTO recipe_cook(recipe_id, cook_id) VALUES (9, 24);
INSERT INTO recipe_cook(recipe_id, cook_id) VALUES (9, 109);
INSERT INTO recipe_cook(recipe_id, cook_id) VALUES (9, 54);
INSERT INTO recipe_cook(recipe_id, cook_id) VALUES (9, 86);
INSERT INTO recipe_cook(recipe_id, cook_id) VALUES (9, 51);
INSERT INTO recipe_cook(recipe_id, cook_id) VALUES (9, 56);
INSERT INTO recipe_cook(recipe_id, cook_id) VALUES (9, 117);
INSERT INTO recipe_cook(recipe_id, cook_id) VALUES (9, 28);
INSERT INTO recipe_cook(recipe_id, cook_id) VALUES (9, 139);
INSERT INTO recipe_cook(recipe_id, cook_id) VALUES (9, 85);
INSERT INTO recipe_cook(recipe_id, cook_id) VALUES (9, 16);
INSERT INTO recipe_cook(recipe_id, cook_id) VALUES (9, 134);
INSERT INTO recipe_cook(recipe_id, cook_id) VALUES (9, 30);
INSERT INTO recipe_cook(recipe_id, cook_id) VALUES (9, 185);
INSERT INTO recipe_cook(recipe_id, cook_id) VALUES (9, 10);
INSERT INTO recipe_cook(recipe_id, cook_id) VALUES (9, 82);
INSERT INTO recipe_cook(recipe_id, cook_id) VALUES (9, 27);
INSERT INTO recipe_cook(recipe_id, cook_id) VALUES (9, 23);
INSERT INTO recipe_cook(recipe_id, cook_id) VALUES (9, 71);
INSERT INTO recipe_cook(recipe_id, cook_id) VALUES (9, 170);
INSERT INTO recipe_cook(recipe_id, cook_id) VALUES (9, 100);
INSERT INTO recipe_cook(recipe_id, cook_id) VALUES (9, 92);
INSERT INTO recipe_cook(recipe_id, cook_id) VALUES (9, 11);
INSERT INTO recipe_cook(recipe_id, cook_id) VALUES (9, 177);
INSERT INTO recipe_cook(recipe_id, cook_id) VALUES (9, 49);
INSERT INTO recipe_cook(recipe_id, cook_id) VALUES (9, 188);
INSERT INTO recipe_cook(recipe_id, cook_id) VALUES (9, 166);
INSERT INTO recipe_cook(recipe_id, cook_id) VALUES (9, 37);
INSERT INTO recipe_cook(recipe_id, cook_id) VALUES (9, 180);
INSERT INTO recipe_cook(recipe_id, cook_id) VALUES (9, 152);
INSERT INTO recipe_cook(recipe_id, cook_id) VALUES (9, 84);
INSERT INTO recipe_cook(recipe_id, cook_id) VALUES (9, 127);
INSERT INTO recipe_cook(recipe_id, cook_id) VALUES (9, 5);
INSERT INTO recipe_cook(recipe_id, cook_id) VALUES (9, 8);
INSERT INTO recipe_cook(recipe_id, cook_id) VALUES (9, 20);
INSERT INTO recipe_cook(recipe_id, cook_id) VALUES (9, 164);
INSERT INTO recipe_cook(recipe_id, cook_id) VALUES (9, 40);
INSERT INTO recipe_cook(recipe_id, cook_id) VALUES (9, 167);
INSERT INTO recipe_cook(recipe_id, cook_id) VALUES (9, 87);
INSERT INTO recipe_cook(recipe_id, cook_id) VALUES (9, 31);
INSERT INTO recipe_cook(recipe_id, cook_id) VALUES (9, 151);
INSERT INTO recipe_cook(recipe_id, cook_id) VALUES (9, 33);
INSERT INTO recipe_cook(recipe_id, cook_id) VALUES (9, 195);
INSERT INTO recipe_cook(recipe_id, cook_id) VALUES (9, 121);
INSERT INTO recipe_cook(recipe_id, cook_id) VALUES (9, 197);
INSERT INTO recipe_cook(recipe_id, cook_id) VALUES (9, 183);
INSERT INTO recipe_cook(recipe_id, cook_id) VALUES (9, 52);
INSERT INTO recipe_cook(recipe_id, cook_id) VALUES (9, 162);
INSERT INTO recipe_theme(recipe_id, theme_id) VALUES (9, 37);
INSERT INTO recipe_theme(recipe_id, theme_id) VALUES (9, 39);
INSERT INTO recipe_theme(recipe_id, theme_id) VALUES (9, 17);
INSERT INTO recipe_tip(recipe_id, tip_id) VALUES (9, 28);
INSERT INTO recipe_tip(recipe_id, tip_id) VALUES (9, 26);
INSERT INTO recipe_tip(recipe_id, tip_id) VALUES (9, 22);

INSERT INTO recipe(baking, cuisine_id, difficulty, title, recipe_description, prep_time, cook_time, portions, fat_portion, protein_portion, carbo_portion, picture, picture_description) VALUES(1, 16, 3,'Cheesecake', 'Perform draw clear final line west. Husband role decide huge race wish. Majority dark although maybe four see. Book economy mention.', 15, 50, 2, 20, 45,60, 'https://placekitten.com/705/498', 'Performance may range end western.');
INSERT INTO recipe_meal_type(recipe_id, meal_type_id) VALUES (10, 5);
INSERT INTO recipe_tag(recipe_id, tag_id) VALUES (10, 99);
INSERT INTO recipe_tag(recipe_id, tag_id) VALUES (10, 69);
INSERT INTO recipe_tag(recipe_id, tag_id) VALUES (10, 71);
INSERT INTO recipe_equipment(recipe_id, equipment_id, num) VALUES (10, 4, 2);
INSERT INTO recipe_equipment(recipe_id, equipment_id, num) VALUES (10, 3, 4);
INSERT INTO recipe_equipment(recipe_id, equipment_id, num) VALUES (10, 19, 3);
INSERT INTO recipe_equipment(recipe_id, equipment_id, num) VALUES (10, 1, 2);
INSERT INTO recipe_cook(recipe_id, cook_id) VALUES (10, 156);
INSERT INTO recipe_cook(recipe_id, cook_id) VALUES (10, 49);
INSERT INTO recipe_cook(recipe_id, cook_id) VALUES (10, 27);
INSERT INTO recipe_cook(recipe_id, cook_id) VALUES (10, 110);
INSERT INTO recipe_cook(recipe_id, cook_id) VALUES (10, 105);
INSERT INTO recipe_cook(recipe_id, cook_id) VALUES (10, 114);
INSERT INTO recipe_cook(recipe_id, cook_id) VALUES (10, 7);
INSERT INTO recipe_cook(recipe_id, cook_id) VALUES (10, 12);
INSERT INTO recipe_cook(recipe_id, cook_id) VALUES (10, 135);
INSERT INTO recipe_cook(recipe_id, cook_id) VALUES (10, 171);
INSERT INTO recipe_cook(recipe_id, cook_id) VALUES (10, 160);
INSERT INTO recipe_cook(recipe_id, cook_id) VALUES (10, 158);
INSERT INTO recipe_cook(recipe_id, cook_id) VALUES (10, 152);
INSERT INTO recipe_cook(recipe_id, cook_id) VALUES (10, 84);
INSERT INTO recipe_cook(recipe_id, cook_id) VALUES (10, 1);
INSERT INTO recipe_cook(recipe_id, cook_id) VALUES (10, 18);
INSERT INTO recipe_cook(recipe_id, cook_id) VALUES (10, 108);
INSERT INTO recipe_cook(recipe_id, cook_id) VALUES (10, 191);
INSERT INTO recipe_cook(recipe_id, cook_id) VALUES (10, 60);
INSERT INTO recipe_cook(recipe_id, cook_id) VALUES (10, 118);
INSERT INTO recipe_cook(recipe_id, cook_id) VALUES (10, 116);
INSERT INTO recipe_cook(recipe_id, cook_id) VALUES (10, 178);
INSERT INTO recipe_cook(recipe_id, cook_id) VALUES (10, 68);
INSERT INTO recipe_cook(recipe_id, cook_id) VALUES (10, 106);
INSERT INTO recipe_cook(recipe_id, cook_id) VALUES (10, 124);
INSERT INTO recipe_cook(recipe_id, cook_id) VALUES (10, 100);
INSERT INTO recipe_cook(recipe_id, cook_id) VALUES (10, 16);
INSERT INTO recipe_cook(recipe_id, cook_id) VALUES (10, 6);
INSERT INTO recipe_cook(recipe_id, cook_id) VALUES (10, 129);
INSERT INTO recipe_cook(recipe_id, cook_id) VALUES (10, 119);
INSERT INTO recipe_cook(recipe_id, cook_id) VALUES (10, 138);
INSERT INTO recipe_cook(recipe_id, cook_id) VALUES (10, 10);
INSERT INTO recipe_cook(recipe_id, cook_id) VALUES (10, 24);
INSERT INTO recipe_cook(recipe_id, cook_id) VALUES (10, 197);
INSERT INTO recipe_cook(recipe_id, cook_id) VALUES (10, 185);
INSERT INTO recipe_cook(recipe_id, cook_id) VALUES (10, 125);
INSERT INTO recipe_cook(recipe_id, cook_id) VALUES (10, 187);
INSERT INTO recipe_cook(recipe_id, cook_id) VALUES (10, 188);
INSERT INTO recipe_cook(recipe_id, cook_id) VALUES (10, 104);
INSERT INTO recipe_cook(recipe_id, cook_id) VALUES (10, 151);
INSERT INTO recipe_cook(recipe_id, cook_id) VALUES (10, 57);
INSERT INTO recipe_cook(recipe_id, cook_id) VALUES (10, 113);
INSERT INTO recipe_cook(recipe_id, cook_id) VALUES (10, 190);
INSERT INTO recipe_cook(recipe_id, cook_id) VALUES (10, 101);
INSERT INTO recipe_cook(recipe_id, cook_id) VALUES (10, 82);
INSERT INTO recipe_cook(recipe_id, cook_id) VALUES (10, 34);
INSERT INTO recipe_cook(recipe_id, cook_id) VALUES (10, 142);
INSERT INTO recipe_cook(recipe_id, cook_id) VALUES (10, 56);
INSERT INTO recipe_cook(recipe_id, cook_id) VALUES (10, 39);
INSERT INTO recipe_cook(recipe_id, cook_id) VALUES (10, 148);
INSERT INTO recipe_cook(recipe_id, cook_id) VALUES (10, 47);
INSERT INTO recipe_cook(recipe_id, cook_id) VALUES (10, 198);
INSERT INTO recipe_cook(recipe_id, cook_id) VALUES (10, 150);
INSERT INTO recipe_cook(recipe_id, cook_id) VALUES (10, 25);
INSERT INTO recipe_cook(recipe_id, cook_id) VALUES (10, 31);
INSERT INTO recipe_cook(recipe_id, cook_id) VALUES (10, 141);
INSERT INTO recipe_cook(recipe_id, cook_id) VALUES (10, 32);
INSERT INTO recipe_cook(recipe_id, cook_id) VALUES (10, 128);
INSERT INTO recipe_cook(recipe_id, cook_id) VALUES (10, 143);
INSERT INTO recipe_cook(recipe_id, cook_id) VALUES (10, 63);
INSERT INTO recipe_cook(recipe_id, cook_id) VALUES (10, 73);
INSERT INTO recipe_cook(recipe_id, cook_id) VALUES (10, 79);
INSERT INTO recipe_cook(recipe_id, cook_id) VALUES (10, 166);
INSERT INTO recipe_cook(recipe_id, cook_id) VALUES (10, 122);
INSERT INTO recipe_cook(recipe_id, cook_id) VALUES (10, 120);
INSERT INTO recipe_cook(recipe_id, cook_id) VALUES (10, 174);
INSERT INTO recipe_cook(recipe_id, cook_id) VALUES (10, 157);
INSERT INTO recipe_cook(recipe_id, cook_id) VALUES (10, 196);
INSERT INTO recipe_cook(recipe_id, cook_id) VALUES (10, 133);
INSERT INTO recipe_cook(recipe_id, cook_id) VALUES (10, 183);
INSERT INTO recipe_cook(recipe_id, cook_id) VALUES (10, 41);
INSERT INTO recipe_cook(recipe_id, cook_id) VALUES (10, 94);
INSERT INTO recipe_cook(recipe_id, cook_id) VALUES (10, 23);
INSERT INTO recipe_cook(recipe_id, cook_id) VALUES (10, 58);
INSERT INTO recipe_cook(recipe_id, cook_id) VALUES (10, 30);
INSERT INTO recipe_theme(recipe_id, theme_id) VALUES (10, 19);
INSERT INTO recipe_theme(recipe_id, theme_id) VALUES (10, 22);
INSERT INTO recipe_theme(recipe_id, theme_id) VALUES (10, 39);
INSERT INTO recipe_tip(recipe_id, tip_id) VALUES (10, 5);
INSERT INTO recipe_tip(recipe_id, tip_id) VALUES (10, 31);
INSERT INTO recipe_tip(recipe_id, tip_id) VALUES (10, 37);

INSERT INTO recipe(baking, cuisine_id, difficulty, title, recipe_description, prep_time, cook_time, portions, fat_portion, protein_portion, carbo_portion, picture, picture_description) VALUES(0, 28, 4,'Shrimp Scampi', 'Former material tell cost still. Often enjoy whole whatever. Already where special street also official field.', 15, 120, 2, 40, 20,65, 'https://dummyimage.com/1007x471', 'With task project free recent.');
INSERT INTO recipe_meal_type(recipe_id, meal_type_id) VALUES (11, 5);
INSERT INTO recipe_tag(recipe_id, tag_id) VALUES (11, 63);
INSERT INTO recipe_equipment(recipe_id, equipment_id, num) VALUES (11, 3, 4);
INSERT INTO recipe_equipment(recipe_id, equipment_id, num) VALUES (11, 10, 4);
INSERT INTO recipe_equipment(recipe_id, equipment_id, num) VALUES (11, 9, 2);
INSERT INTO recipe_cook(recipe_id, cook_id) VALUES (11, 10);
INSERT INTO recipe_cook(recipe_id, cook_id) VALUES (11, 165);
INSERT INTO recipe_cook(recipe_id, cook_id) VALUES (11, 120);
INSERT INTO recipe_cook(recipe_id, cook_id) VALUES (11, 86);
INSERT INTO recipe_cook(recipe_id, cook_id) VALUES (11, 42);
INSERT INTO recipe_cook(recipe_id, cook_id) VALUES (11, 109);
INSERT INTO recipe_cook(recipe_id, cook_id) VALUES (11, 82);
INSERT INTO recipe_cook(recipe_id, cook_id) VALUES (11, 182);
INSERT INTO recipe_cook(recipe_id, cook_id) VALUES (11, 108);
INSERT INTO recipe_cook(recipe_id, cook_id) VALUES (11, 78);
INSERT INTO recipe_cook(recipe_id, cook_id) VALUES (11, 133);
INSERT INTO recipe_cook(recipe_id, cook_id) VALUES (11, 7);
INSERT INTO recipe_cook(recipe_id, cook_id) VALUES (11, 36);
INSERT INTO recipe_cook(recipe_id, cook_id) VALUES (11, 110);
INSERT INTO recipe_cook(recipe_id, cook_id) VALUES (11, 2);
INSERT INTO recipe_cook(recipe_id, cook_id) VALUES (11, 77);
INSERT INTO recipe_cook(recipe_id, cook_id) VALUES (11, 19);
INSERT INTO recipe_cook(recipe_id, cook_id) VALUES (11, 89);
INSERT INTO recipe_cook(recipe_id, cook_id) VALUES (11, 99);
INSERT INTO recipe_cook(recipe_id, cook_id) VALUES (11, 185);
INSERT INTO recipe_cook(recipe_id, cook_id) VALUES (11, 45);
INSERT INTO recipe_cook(recipe_id, cook_id) VALUES (11, 74);
INSERT INTO recipe_cook(recipe_id, cook_id) VALUES (11, 34);
INSERT INTO recipe_cook(recipe_id, cook_id) VALUES (11, 141);
INSERT INTO recipe_cook(recipe_id, cook_id) VALUES (11, 84);
INSERT INTO recipe_cook(recipe_id, cook_id) VALUES (11, 178);
INSERT INTO recipe_cook(recipe_id, cook_id) VALUES (11, 113);
INSERT INTO recipe_cook(recipe_id, cook_id) VALUES (11, 117);
INSERT INTO recipe_cook(recipe_id, cook_id) VALUES (11, 140);
INSERT INTO recipe_cook(recipe_id, cook_id) VALUES (11, 138);
INSERT INTO recipe_cook(recipe_id, cook_id) VALUES (11, 44);
INSERT INTO recipe_cook(recipe_id, cook_id) VALUES (11, 98);
INSERT INTO recipe_cook(recipe_id, cook_id) VALUES (11, 114);
INSERT INTO recipe_cook(recipe_id, cook_id) VALUES (11, 168);
INSERT INTO recipe_cook(recipe_id, cook_id) VALUES (11, 56);
INSERT INTO recipe_cook(recipe_id, cook_id) VALUES (11, 21);
INSERT INTO recipe_cook(recipe_id, cook_id) VALUES (11, 92);
INSERT INTO recipe_cook(recipe_id, cook_id) VALUES (11, 47);
INSERT INTO recipe_cook(recipe_id, cook_id) VALUES (11, 134);
INSERT INTO recipe_cook(recipe_id, cook_id) VALUES (11, 79);
INSERT INTO recipe_cook(recipe_id, cook_id) VALUES (11, 189);
INSERT INTO recipe_cook(recipe_id, cook_id) VALUES (11, 100);
INSERT INTO recipe_cook(recipe_id, cook_id) VALUES (11, 48);
INSERT INTO recipe_cook(recipe_id, cook_id) VALUES (11, 54);
INSERT INTO recipe_cook(recipe_id, cook_id) VALUES (11, 166);
INSERT INTO recipe_cook(recipe_id, cook_id) VALUES (11, 181);
INSERT INTO recipe_cook(recipe_id, cook_id) VALUES (11, 160);
INSERT INTO recipe_cook(recipe_id, cook_id) VALUES (11, 151);
INSERT INTO recipe_cook(recipe_id, cook_id) VALUES (11, 148);
INSERT INTO recipe_cook(recipe_id, cook_id) VALUES (11, 26);
INSERT INTO recipe_cook(recipe_id, cook_id) VALUES (11, 81);
INSERT INTO recipe_cook(recipe_id, cook_id) VALUES (11, 50);
INSERT INTO recipe_cook(recipe_id, cook_id) VALUES (11, 146);
INSERT INTO recipe_cook(recipe_id, cook_id) VALUES (11, 97);
INSERT INTO recipe_cook(recipe_id, cook_id) VALUES (11, 129);
INSERT INTO recipe_cook(recipe_id, cook_id) VALUES (11, 4);
INSERT INTO recipe_cook(recipe_id, cook_id) VALUES (11, 24);
INSERT INTO recipe_cook(recipe_id, cook_id) VALUES (11, 43);
INSERT INTO recipe_cook(recipe_id, cook_id) VALUES (11, 29);
INSERT INTO recipe_cook(recipe_id, cook_id) VALUES (11, 130);
INSERT INTO recipe_cook(recipe_id, cook_id) VALUES (11, 123);
INSERT INTO recipe_cook(recipe_id, cook_id) VALUES (11, 11);
INSERT INTO recipe_cook(recipe_id, cook_id) VALUES (11, 31);
INSERT INTO recipe_cook(recipe_id, cook_id) VALUES (11, 83);
INSERT INTO recipe_cook(recipe_id, cook_id) VALUES (11, 90);
INSERT INTO recipe_cook(recipe_id, cook_id) VALUES (11, 147);
INSERT INTO recipe_cook(recipe_id, cook_id) VALUES (11, 46);
INSERT INTO recipe_cook(recipe_id, cook_id) VALUES (11, 73);
INSERT INTO recipe_cook(recipe_id, cook_id) VALUES (11, 65);
INSERT INTO recipe_cook(recipe_id, cook_id) VALUES (11, 87);
INSERT INTO recipe_cook(recipe_id, cook_id) VALUES (11, 51);
INSERT INTO recipe_cook(recipe_id, cook_id) VALUES (11, 152);
INSERT INTO recipe_cook(recipe_id, cook_id) VALUES (11, 91);
INSERT INTO recipe_cook(recipe_id, cook_id) VALUES (11, 191);
INSERT INTO recipe_cook(recipe_id, cook_id) VALUES (11, 61);
INSERT INTO recipe_cook(recipe_id, cook_id) VALUES (11, 17);
INSERT INTO recipe_cook(recipe_id, cook_id) VALUES (11, 158);
INSERT INTO recipe_cook(recipe_id, cook_id) VALUES (11, 75);
INSERT INTO recipe_cook(recipe_id, cook_id) VALUES (11, 145);
INSERT INTO recipe_cook(recipe_id, cook_id) VALUES (11, 37);
INSERT INTO recipe_cook(recipe_id, cook_id) VALUES (11, 49);
INSERT INTO recipe_cook(recipe_id, cook_id) VALUES (11, 39);
INSERT INTO recipe_cook(recipe_id, cook_id) VALUES (11, 15);
INSERT INTO recipe_cook(recipe_id, cook_id) VALUES (11, 116);
INSERT INTO recipe_cook(recipe_id, cook_id) VALUES (11, 150);
INSERT INTO recipe_cook(recipe_id, cook_id) VALUES (11, 58);
INSERT INTO recipe_cook(recipe_id, cook_id) VALUES (11, 102);
INSERT INTO recipe_cook(recipe_id, cook_id) VALUES (11, 136);
INSERT INTO recipe_cook(recipe_id, cook_id) VALUES (11, 198);
INSERT INTO recipe_cook(recipe_id, cook_id) VALUES (11, 128);
INSERT INTO recipe_cook(recipe_id, cook_id) VALUES (11, 70);
INSERT INTO recipe_cook(recipe_id, cook_id) VALUES (11, 184);
INSERT INTO recipe_cook(recipe_id, cook_id) VALUES (11, 57);
INSERT INTO recipe_cook(recipe_id, cook_id) VALUES (11, 155);
INSERT INTO recipe_cook(recipe_id, cook_id) VALUES (11, 193);
INSERT INTO recipe_cook(recipe_id, cook_id) VALUES (11, 186);
INSERT INTO recipe_cook(recipe_id, cook_id) VALUES (11, 71);
INSERT INTO recipe_cook(recipe_id, cook_id) VALUES (11, 96);
INSERT INTO recipe_cook(recipe_id, cook_id) VALUES (11, 30);
INSERT INTO recipe_cook(recipe_id, cook_id) VALUES (11, 139);
INSERT INTO recipe_cook(recipe_id, cook_id) VALUES (11, 137);
INSERT INTO recipe_cook(recipe_id, cook_id) VALUES (11, 127);
INSERT INTO recipe_cook(recipe_id, cook_id) VALUES (11, 119);
INSERT INTO recipe_cook(recipe_id, cook_id) VALUES (11, 167);
INSERT INTO recipe_cook(recipe_id, cook_id) VALUES (11, 149);
INSERT INTO recipe_cook(recipe_id, cook_id) VALUES (11, 111);
INSERT INTO recipe_cook(recipe_id, cook_id) VALUES (11, 174);
INSERT INTO recipe_cook(recipe_id, cook_id) VALUES (11, 172);
INSERT INTO recipe_cook(recipe_id, cook_id) VALUES (11, 126);
INSERT INTO recipe_cook(recipe_id, cook_id) VALUES (11, 93);
INSERT INTO recipe_cook(recipe_id, cook_id) VALUES (11, 188);
INSERT INTO recipe_cook(recipe_id, cook_id) VALUES (11, 69);
INSERT INTO recipe_cook(recipe_id, cook_id) VALUES (11, 18);
INSERT INTO recipe_cook(recipe_id, cook_id) VALUES (11, 62);
INSERT INTO recipe_cook(recipe_id, cook_id) VALUES (11, 72);
INSERT INTO recipe_cook(recipe_id, cook_id) VALUES (11, 106);
INSERT INTO recipe_cook(recipe_id, cook_id) VALUES (11, 5);
INSERT INTO recipe_cook(recipe_id, cook_id) VALUES (11, 16);
INSERT INTO recipe_cook(recipe_id, cook_id) VALUES (11, 64);
INSERT INTO recipe_cook(recipe_id, cook_id) VALUES (11, 41);
INSERT INTO recipe_cook(recipe_id, cook_id) VALUES (11, 142);
INSERT INTO recipe_cook(recipe_id, cook_id) VALUES (11, 180);
INSERT INTO recipe_cook(recipe_id, cook_id) VALUES (11, 63);
INSERT INTO recipe_cook(recipe_id, cook_id) VALUES (11, 194);
INSERT INTO recipe_cook(recipe_id, cook_id) VALUES (11, 32);
INSERT INTO recipe_cook(recipe_id, cook_id) VALUES (11, 144);
INSERT INTO recipe_cook(recipe_id, cook_id) VALUES (11, 85);
INSERT INTO recipe_cook(recipe_id, cook_id) VALUES (11, 20);
INSERT INTO recipe_cook(recipe_id, cook_id) VALUES (11, 22);
INSERT INTO recipe_cook(recipe_id, cook_id) VALUES (11, 163);
INSERT INTO recipe_cook(recipe_id, cook_id) VALUES (11, 132);
INSERT INTO recipe_cook(recipe_id, cook_id) VALUES (11, 23);
INSERT INTO recipe_cook(recipe_id, cook_id) VALUES (11, 67);
INSERT INTO recipe_cook(recipe_id, cook_id) VALUES (11, 124);
INSERT INTO recipe_cook(recipe_id, cook_id) VALUES (11, 103);
INSERT INTO recipe_cook(recipe_id, cook_id) VALUES (11, 55);
INSERT INTO recipe_cook(recipe_id, cook_id) VALUES (11, 159);
INSERT INTO recipe_cook(recipe_id, cook_id) VALUES (11, 143);
INSERT INTO recipe_cook(recipe_id, cook_id) VALUES (11, 33);
INSERT INTO recipe_cook(recipe_id, cook_id) VALUES (11, 171);
INSERT INTO recipe_theme(recipe_id, theme_id) VALUES (11, 20);
INSERT INTO recipe_theme(recipe_id, theme_id) VALUES (11, 23);
INSERT INTO recipe_theme(recipe_id, theme_id) VALUES (11, 10);
INSERT INTO recipe_tip(recipe_id, tip_id) VALUES (11, 5);
INSERT INTO recipe_tip(recipe_id, tip_id) VALUES (11, 18);
INSERT INTO recipe_tip(recipe_id, tip_id) VALUES (11, 34);

INSERT INTO recipe(baking, cuisine_id, difficulty, title, recipe_description, prep_time, cook_time, portions, fat_portion, protein_portion, carbo_portion, picture, picture_description) VALUES(0, 17, 1,'Ramen', 'Town eye action hope. Agreement condition should model bit fall she better. Detail second onto issue. Authority character occur oil decision action.', 125, 80, 1, 5, 60,85, 'https://dummyimage.com/268x844', 'Song property pressure similar bar.');
INSERT INTO recipe_meal_type(recipe_id, meal_type_id) VALUES (12, 4);
INSERT INTO recipe_tag(recipe_id, tag_id) VALUES (12, 49);
INSERT INTO recipe_tag(recipe_id, tag_id) VALUES (12, 85);
INSERT INTO recipe_tag(recipe_id, tag_id) VALUES (12, 35);
INSERT INTO recipe_tag(recipe_id, tag_id) VALUES (12, 24);
INSERT INTO recipe_tag(recipe_id, tag_id) VALUES (12, 5);
INSERT INTO recipe_tag(recipe_id, tag_id) VALUES (12, 31);
INSERT INTO recipe_tag(recipe_id, tag_id) VALUES (12, 25);
INSERT INTO recipe_tag(recipe_id, tag_id) VALUES (12, 33);
INSERT INTO recipe_equipment(recipe_id, equipment_id, num) VALUES (12, 6, 3);
INSERT INTO recipe_equipment(recipe_id, equipment_id, num) VALUES (12, 4, 2);
INSERT INTO recipe_equipment(recipe_id, equipment_id, num) VALUES (12, 19, 2);
INSERT INTO recipe_cook(recipe_id, cook_id) VALUES (12, 149);
INSERT INTO recipe_cook(recipe_id, cook_id) VALUES (12, 130);
INSERT INTO recipe_cook(recipe_id, cook_id) VALUES (12, 143);
INSERT INTO recipe_cook(recipe_id, cook_id) VALUES (12, 54);
INSERT INTO recipe_cook(recipe_id, cook_id) VALUES (12, 71);
INSERT INTO recipe_cook(recipe_id, cook_id) VALUES (12, 175);
INSERT INTO recipe_cook(recipe_id, cook_id) VALUES (12, 75);
INSERT INTO recipe_cook(recipe_id, cook_id) VALUES (12, 146);
INSERT INTO recipe_cook(recipe_id, cook_id) VALUES (12, 183);
INSERT INTO recipe_cook(recipe_id, cook_id) VALUES (12, 18);
INSERT INTO recipe_cook(recipe_id, cook_id) VALUES (12, 1);
INSERT INTO recipe_cook(recipe_id, cook_id) VALUES (12, 49);
INSERT INTO recipe_cook(recipe_id, cook_id) VALUES (12, 141);
INSERT INTO recipe_cook(recipe_id, cook_id) VALUES (12, 28);
INSERT INTO recipe_cook(recipe_id, cook_id) VALUES (12, 190);
INSERT INTO recipe_theme(recipe_id, theme_id) VALUES (12, 35);
INSERT INTO recipe_theme(recipe_id, theme_id) VALUES (12, 4);
INSERT INTO recipe_tip(recipe_id, tip_id) VALUES (12, 10);
INSERT INTO recipe_tip(recipe_id, tip_id) VALUES (12, 22);

INSERT INTO recipe(baking, cuisine_id, difficulty, title, recipe_description, prep_time, cook_time, portions, fat_portion, protein_portion, carbo_portion, picture, picture_description) VALUES(0, 17, 1,'Waffles', 'My likely begin official note. Only scientist boy part inside. Official line state information program ok power management.', 25, 20, 1, 15, 55,10, 'https://placekitten.com/397/952', 'Wish wear free everyone.');
INSERT INTO recipe_meal_type(recipe_id, meal_type_id) VALUES (13, 2);
INSERT INTO recipe_tag(recipe_id, tag_id) VALUES (13, 78);
INSERT INTO recipe_tag(recipe_id, tag_id) VALUES (13, 65);
INSERT INTO recipe_tag(recipe_id, tag_id) VALUES (13, 72);
INSERT INTO recipe_tag(recipe_id, tag_id) VALUES (13, 73);
INSERT INTO recipe_tag(recipe_id, tag_id) VALUES (13, 29);
INSERT INTO recipe_tag(recipe_id, tag_id) VALUES (13, 63);
INSERT INTO recipe_equipment(recipe_id, equipment_id, num) VALUES (13, 16, 1);
INSERT INTO recipe_equipment(recipe_id, equipment_id, num) VALUES (13, 17, 3);
INSERT INTO recipe_equipment(recipe_id, equipment_id, num) VALUES (13, 6, 2);
INSERT INTO recipe_equipment(recipe_id, equipment_id, num) VALUES (13, 3, 3);
INSERT INTO recipe_equipment(recipe_id, equipment_id, num) VALUES (13, 12, 1);
INSERT INTO recipe_equipment(recipe_id, equipment_id, num) VALUES (13, 18, 3);
INSERT INTO recipe_equipment(recipe_id, equipment_id, num) VALUES (13, 4, 1);
INSERT INTO recipe_cook(recipe_id, cook_id) VALUES (13, 78);
INSERT INTO recipe_cook(recipe_id, cook_id) VALUES (13, 138);
INSERT INTO recipe_cook(recipe_id, cook_id) VALUES (13, 72);
INSERT INTO recipe_cook(recipe_id, cook_id) VALUES (13, 147);
INSERT INTO recipe_cook(recipe_id, cook_id) VALUES (13, 47);
INSERT INTO recipe_cook(recipe_id, cook_id) VALUES (13, 33);
INSERT INTO recipe_cook(recipe_id, cook_id) VALUES (13, 56);
INSERT INTO recipe_cook(recipe_id, cook_id) VALUES (13, 44);
INSERT INTO recipe_cook(recipe_id, cook_id) VALUES (13, 16);
INSERT INTO recipe_cook(recipe_id, cook_id) VALUES (13, 70);
INSERT INTO recipe_cook(recipe_id, cook_id) VALUES (13, 6);
INSERT INTO recipe_cook(recipe_id, cook_id) VALUES (13, 109);
INSERT INTO recipe_cook(recipe_id, cook_id) VALUES (13, 159);
INSERT INTO recipe_cook(recipe_id, cook_id) VALUES (13, 86);
INSERT INTO recipe_cook(recipe_id, cook_id) VALUES (13, 48);
INSERT INTO recipe_cook(recipe_id, cook_id) VALUES (13, 106);
INSERT INTO recipe_cook(recipe_id, cook_id) VALUES (13, 13);
INSERT INTO recipe_cook(recipe_id, cook_id) VALUES (13, 116);
INSERT INTO recipe_cook(recipe_id, cook_id) VALUES (13, 174);
INSERT INTO recipe_cook(recipe_id, cook_id) VALUES (13, 144);
INSERT INTO recipe_cook(recipe_id, cook_id) VALUES (13, 187);
INSERT INTO recipe_cook(recipe_id, cook_id) VALUES (13, 152);
INSERT INTO recipe_theme(recipe_id, theme_id) VALUES (13, 17);
INSERT INTO recipe_tip(recipe_id, tip_id) VALUES (13, 1);
INSERT INTO recipe_tip(recipe_id, tip_id) VALUES (13, 30);

INSERT INTO recipe(baking, cuisine_id, difficulty, title, recipe_description, prep_time, cook_time, portions, fat_portion, protein_portion, carbo_portion, picture, picture_description) VALUES(1, 50, 2,'Tzatziki', 'Pm she view nice truth seek sure natural. Specific decision kind matter although.', 85, 10, 3, 5, 0,15, 'https://picsum.photos/786/462', 'Street some scene enjoy science force threat.');
INSERT INTO recipe_meal_type(recipe_id, meal_type_id) VALUES (14, 3);
INSERT INTO recipe_tag(recipe_id, tag_id) VALUES (14, 87);
INSERT INTO recipe_tag(recipe_id, tag_id) VALUES (14, 78);
INSERT INTO recipe_tag(recipe_id, tag_id) VALUES (14, 12);
INSERT INTO recipe_equipment(recipe_id, equipment_id, num) VALUES (14, 20, 3);
INSERT INTO recipe_equipment(recipe_id, equipment_id, num) VALUES (14, 14, 3);
INSERT INTO recipe_equipment(recipe_id, equipment_id, num) VALUES (14, 5, 2);
INSERT INTO recipe_equipment(recipe_id, equipment_id, num) VALUES (14, 17, 4);
INSERT INTO recipe_cook(recipe_id, cook_id) VALUES (14, 153);
INSERT INTO recipe_cook(recipe_id, cook_id) VALUES (14, 115);
INSERT INTO recipe_cook(recipe_id, cook_id) VALUES (14, 33);
INSERT INTO recipe_cook(recipe_id, cook_id) VALUES (14, 141);
INSERT INTO recipe_cook(recipe_id, cook_id) VALUES (14, 68);
INSERT INTO recipe_cook(recipe_id, cook_id) VALUES (14, 60);
INSERT INTO recipe_cook(recipe_id, cook_id) VALUES (14, 113);
INSERT INTO recipe_cook(recipe_id, cook_id) VALUES (14, 55);
INSERT INTO recipe_cook(recipe_id, cook_id) VALUES (14, 98);
INSERT INTO recipe_cook(recipe_id, cook_id) VALUES (14, 27);
INSERT INTO recipe_cook(recipe_id, cook_id) VALUES (14, 5);
INSERT INTO recipe_cook(recipe_id, cook_id) VALUES (14, 177);
INSERT INTO recipe_cook(recipe_id, cook_id) VALUES (14, 17);
INSERT INTO recipe_cook(recipe_id, cook_id) VALUES (14, 6);
INSERT INTO recipe_cook(recipe_id, cook_id) VALUES (14, 78);
INSERT INTO recipe_cook(recipe_id, cook_id) VALUES (14, 15);
INSERT INTO recipe_cook(recipe_id, cook_id) VALUES (14, 92);
INSERT INTO recipe_cook(recipe_id, cook_id) VALUES (14, 133);
INSERT INTO recipe_cook(recipe_id, cook_id) VALUES (14, 116);
INSERT INTO recipe_cook(recipe_id, cook_id) VALUES (14, 54);
INSERT INTO recipe_cook(recipe_id, cook_id) VALUES (14, 187);
INSERT INTO recipe_cook(recipe_id, cook_id) VALUES (14, 124);
INSERT INTO recipe_cook(recipe_id, cook_id) VALUES (14, 134);
INSERT INTO recipe_cook(recipe_id, cook_id) VALUES (14, 13);
INSERT INTO recipe_cook(recipe_id, cook_id) VALUES (14, 36);
INSERT INTO recipe_cook(recipe_id, cook_id) VALUES (14, 26);
INSERT INTO recipe_cook(recipe_id, cook_id) VALUES (14, 169);
INSERT INTO recipe_cook(recipe_id, cook_id) VALUES (14, 179);
INSERT INTO recipe_cook(recipe_id, cook_id) VALUES (14, 80);
INSERT INTO recipe_cook(recipe_id, cook_id) VALUES (14, 157);
INSERT INTO recipe_cook(recipe_id, cook_id) VALUES (14, 48);
INSERT INTO recipe_cook(recipe_id, cook_id) VALUES (14, 79);
INSERT INTO recipe_cook(recipe_id, cook_id) VALUES (14, 173);
INSERT INTO recipe_cook(recipe_id, cook_id) VALUES (14, 112);
INSERT INTO recipe_cook(recipe_id, cook_id) VALUES (14, 100);
INSERT INTO recipe_cook(recipe_id, cook_id) VALUES (14, 131);
INSERT INTO recipe_cook(recipe_id, cook_id) VALUES (14, 108);
INSERT INTO recipe_cook(recipe_id, cook_id) VALUES (14, 66);
INSERT INTO recipe_cook(recipe_id, cook_id) VALUES (14, 140);
INSERT INTO recipe_cook(recipe_id, cook_id) VALUES (14, 196);
INSERT INTO recipe_cook(recipe_id, cook_id) VALUES (14, 129);
INSERT INTO recipe_cook(recipe_id, cook_id) VALUES (14, 94);
INSERT INTO recipe_cook(recipe_id, cook_id) VALUES (14, 147);
INSERT INTO recipe_cook(recipe_id, cook_id) VALUES (14, 93);
INSERT INTO recipe_cook(recipe_id, cook_id) VALUES (14, 9);
INSERT INTO recipe_cook(recipe_id, cook_id) VALUES (14, 148);
INSERT INTO recipe_cook(recipe_id, cook_id) VALUES (14, 71);
INSERT INTO recipe_cook(recipe_id, cook_id) VALUES (14, 7);
INSERT INTO recipe_cook(recipe_id, cook_id) VALUES (14, 44);
INSERT INTO recipe_cook(recipe_id, cook_id) VALUES (14, 83);
INSERT INTO recipe_cook(recipe_id, cook_id) VALUES (14, 186);
INSERT INTO recipe_cook(recipe_id, cook_id) VALUES (14, 190);
INSERT INTO recipe_cook(recipe_id, cook_id) VALUES (14, 150);
INSERT INTO recipe_cook(recipe_id, cook_id) VALUES (14, 70);
INSERT INTO recipe_cook(recipe_id, cook_id) VALUES (14, 151);
INSERT INTO recipe_cook(recipe_id, cook_id) VALUES (14, 42);
INSERT INTO recipe_cook(recipe_id, cook_id) VALUES (14, 45);
INSERT INTO recipe_cook(recipe_id, cook_id) VALUES (14, 126);
INSERT INTO recipe_cook(recipe_id, cook_id) VALUES (14, 178);
INSERT INTO recipe_cook(recipe_id, cook_id) VALUES (14, 132);
INSERT INTO recipe_cook(recipe_id, cook_id) VALUES (14, 35);
INSERT INTO recipe_cook(recipe_id, cook_id) VALUES (14, 46);
INSERT INTO recipe_cook(recipe_id, cook_id) VALUES (14, 73);
INSERT INTO recipe_cook(recipe_id, cook_id) VALUES (14, 175);
INSERT INTO recipe_cook(recipe_id, cook_id) VALUES (14, 84);
INSERT INTO recipe_cook(recipe_id, cook_id) VALUES (14, 171);
INSERT INTO recipe_cook(recipe_id, cook_id) VALUES (14, 194);
INSERT INTO recipe_cook(recipe_id, cook_id) VALUES (14, 74);
INSERT INTO recipe_cook(recipe_id, cook_id) VALUES (14, 82);
INSERT INTO recipe_cook(recipe_id, cook_id) VALUES (14, 2);
INSERT INTO recipe_cook(recipe_id, cook_id) VALUES (14, 1);
INSERT INTO recipe_cook(recipe_id, cook_id) VALUES (14, 137);
INSERT INTO recipe_cook(recipe_id, cook_id) VALUES (14, 41);
INSERT INTO recipe_cook(recipe_id, cook_id) VALUES (14, 166);
INSERT INTO recipe_cook(recipe_id, cook_id) VALUES (14, 69);
INSERT INTO recipe_theme(recipe_id, theme_id) VALUES (14, 18);
INSERT INTO recipe_tip(recipe_id, tip_id) VALUES (14, 36);
INSERT INTO recipe_tip(recipe_id, tip_id) VALUES (14, 30);

INSERT INTO recipe(baking, cuisine_id, difficulty, title, recipe_description, prep_time, cook_time, portions, fat_portion, protein_portion, carbo_portion, picture, picture_description) VALUES(1, 50, 1,'Falafel', 'Throughout window environment international stay most live. Officer later actually trouble affect cup team.', 55, 50, 5, 30, 60,30, 'https://picsum.photos/128/580', 'Base short piece conference quality for modern building.');
INSERT INTO recipe_meal_type(recipe_id, meal_type_id) VALUES (15, 4);
INSERT INTO recipe_tag(recipe_id, tag_id) VALUES (15, 14);
INSERT INTO recipe_tag(recipe_id, tag_id) VALUES (15, 67);
INSERT INTO recipe_equipment(recipe_id, equipment_id, num) VALUES (15, 2, 4);
INSERT INTO recipe_equipment(recipe_id, equipment_id, num) VALUES (15, 6, 4);
INSERT INTO recipe_equipment(recipe_id, equipment_id, num) VALUES (15, 12, 4);
INSERT INTO recipe_cook(recipe_id, cook_id) VALUES (15, 192);
INSERT INTO recipe_cook(recipe_id, cook_id) VALUES (15, 131);
INSERT INTO recipe_cook(recipe_id, cook_id) VALUES (15, 81);
INSERT INTO recipe_cook(recipe_id, cook_id) VALUES (15, 164);
INSERT INTO recipe_cook(recipe_id, cook_id) VALUES (15, 136);
INSERT INTO recipe_cook(recipe_id, cook_id) VALUES (15, 144);
INSERT INTO recipe_cook(recipe_id, cook_id) VALUES (15, 169);
INSERT INTO recipe_cook(recipe_id, cook_id) VALUES (15, 5);
INSERT INTO recipe_cook(recipe_id, cook_id) VALUES (15, 200);
INSERT INTO recipe_cook(recipe_id, cook_id) VALUES (15, 147);
INSERT INTO recipe_cook(recipe_id, cook_id) VALUES (15, 79);
INSERT INTO recipe_cook(recipe_id, cook_id) VALUES (15, 94);
INSERT INTO recipe_cook(recipe_id, cook_id) VALUES (15, 11);
INSERT INTO recipe_cook(recipe_id, cook_id) VALUES (15, 106);
INSERT INTO recipe_cook(recipe_id, cook_id) VALUES (15, 12);
INSERT INTO recipe_cook(recipe_id, cook_id) VALUES (15, 84);
INSERT INTO recipe_cook(recipe_id, cook_id) VALUES (15, 80);
INSERT INTO recipe_cook(recipe_id, cook_id) VALUES (15, 185);
INSERT INTO recipe_cook(recipe_id, cook_id) VALUES (15, 108);
INSERT INTO recipe_cook(recipe_id, cook_id) VALUES (15, 199);
INSERT INTO recipe_cook(recipe_id, cook_id) VALUES (15, 66);
INSERT INTO recipe_cook(recipe_id, cook_id) VALUES (15, 93);
INSERT INTO recipe_cook(recipe_id, cook_id) VALUES (15, 39);
INSERT INTO recipe_cook(recipe_id, cook_id) VALUES (15, 146);
INSERT INTO recipe_cook(recipe_id, cook_id) VALUES (15, 26);
INSERT INTO recipe_cook(recipe_id, cook_id) VALUES (15, 7);
INSERT INTO recipe_cook(recipe_id, cook_id) VALUES (15, 148);
INSERT INTO recipe_cook(recipe_id, cook_id) VALUES (15, 14);
INSERT INTO recipe_cook(recipe_id, cook_id) VALUES (15, 3);
INSERT INTO recipe_cook(recipe_id, cook_id) VALUES (15, 116);
INSERT INTO recipe_cook(recipe_id, cook_id) VALUES (15, 55);
INSERT INTO recipe_cook(recipe_id, cook_id) VALUES (15, 112);
INSERT INTO recipe_cook(recipe_id, cook_id) VALUES (15, 31);
INSERT INTO recipe_cook(recipe_id, cook_id) VALUES (15, 140);
INSERT INTO recipe_cook(recipe_id, cook_id) VALUES (15, 178);
INSERT INTO recipe_cook(recipe_id, cook_id) VALUES (15, 197);
INSERT INTO recipe_cook(recipe_id, cook_id) VALUES (15, 174);
INSERT INTO recipe_cook(recipe_id, cook_id) VALUES (15, 16);
INSERT INTO recipe_cook(recipe_id, cook_id) VALUES (15, 32);
INSERT INTO recipe_cook(recipe_id, cook_id) VALUES (15, 61);
INSERT INTO recipe_cook(recipe_id, cook_id) VALUES (15, 60);
INSERT INTO recipe_cook(recipe_id, cook_id) VALUES (15, 196);
INSERT INTO recipe_cook(recipe_id, cook_id) VALUES (15, 109);
INSERT INTO recipe_cook(recipe_id, cook_id) VALUES (15, 30);
INSERT INTO recipe_cook(recipe_id, cook_id) VALUES (15, 88);
INSERT INTO recipe_cook(recipe_id, cook_id) VALUES (15, 156);
INSERT INTO recipe_cook(recipe_id, cook_id) VALUES (15, 6);
INSERT INTO recipe_cook(recipe_id, cook_id) VALUES (15, 36);
INSERT INTO recipe_cook(recipe_id, cook_id) VALUES (15, 184);
INSERT INTO recipe_cook(recipe_id, cook_id) VALUES (15, 69);
INSERT INTO recipe_cook(recipe_id, cook_id) VALUES (15, 4);
INSERT INTO recipe_cook(recipe_id, cook_id) VALUES (15, 115);
INSERT INTO recipe_cook(recipe_id, cook_id) VALUES (15, 48);
INSERT INTO recipe_cook(recipe_id, cook_id) VALUES (15, 165);
INSERT INTO recipe_cook(recipe_id, cook_id) VALUES (15, 101);
INSERT INTO recipe_cook(recipe_id, cook_id) VALUES (15, 135);
INSERT INTO recipe_cook(recipe_id, cook_id) VALUES (15, 33);
INSERT INTO recipe_cook(recipe_id, cook_id) VALUES (15, 132);
INSERT INTO recipe_cook(recipe_id, cook_id) VALUES (15, 68);
INSERT INTO recipe_cook(recipe_id, cook_id) VALUES (15, 151);
INSERT INTO recipe_cook(recipe_id, cook_id) VALUES (15, 143);
INSERT INTO recipe_cook(recipe_id, cook_id) VALUES (15, 17);
INSERT INTO recipe_cook(recipe_id, cook_id) VALUES (15, 180);
INSERT INTO recipe_cook(recipe_id, cook_id) VALUES (15, 50);
INSERT INTO recipe_cook(recipe_id, cook_id) VALUES (15, 102);
INSERT INTO recipe_cook(recipe_id, cook_id) VALUES (15, 71);
INSERT INTO recipe_cook(recipe_id, cook_id) VALUES (15, 40);
INSERT INTO recipe_cook(recipe_id, cook_id) VALUES (15, 118);
INSERT INTO recipe_cook(recipe_id, cook_id) VALUES (15, 134);
INSERT INTO recipe_cook(recipe_id, cook_id) VALUES (15, 191);
INSERT INTO recipe_cook(recipe_id, cook_id) VALUES (15, 96);
INSERT INTO recipe_cook(recipe_id, cook_id) VALUES (15, 149);
INSERT INTO recipe_cook(recipe_id, cook_id) VALUES (15, 18);
INSERT INTO recipe_cook(recipe_id, cook_id) VALUES (15, 85);
INSERT INTO recipe_cook(recipe_id, cook_id) VALUES (15, 166);
INSERT INTO recipe_cook(recipe_id, cook_id) VALUES (15, 78);
INSERT INTO recipe_cook(recipe_id, cook_id) VALUES (15, 128);
INSERT INTO recipe_cook(recipe_id, cook_id) VALUES (15, 41);
INSERT INTO recipe_cook(recipe_id, cook_id) VALUES (15, 57);
INSERT INTO recipe_cook(recipe_id, cook_id) VALUES (15, 163);
INSERT INTO recipe_cook(recipe_id, cook_id) VALUES (15, 157);
INSERT INTO recipe_cook(recipe_id, cook_id) VALUES (15, 188);
INSERT INTO recipe_cook(recipe_id, cook_id) VALUES (15, 22);
INSERT INTO recipe_cook(recipe_id, cook_id) VALUES (15, 83);
INSERT INTO recipe_cook(recipe_id, cook_id) VALUES (15, 47);
INSERT INTO recipe_cook(recipe_id, cook_id) VALUES (15, 52);
INSERT INTO recipe_cook(recipe_id, cook_id) VALUES (15, 25);
INSERT INTO recipe_cook(recipe_id, cook_id) VALUES (15, 154);
INSERT INTO recipe_cook(recipe_id, cook_id) VALUES (15, 129);
INSERT INTO recipe_cook(recipe_id, cook_id) VALUES (15, 198);
INSERT INTO recipe_cook(recipe_id, cook_id) VALUES (15, 113);
INSERT INTO recipe_cook(recipe_id, cook_id) VALUES (15, 194);
INSERT INTO recipe_cook(recipe_id, cook_id) VALUES (15, 19);
INSERT INTO recipe_cook(recipe_id, cook_id) VALUES (15, 159);
INSERT INTO recipe_cook(recipe_id, cook_id) VALUES (15, 70);
INSERT INTO recipe_cook(recipe_id, cook_id) VALUES (15, 105);
INSERT INTO recipe_cook(recipe_id, cook_id) VALUES (15, 97);
INSERT INTO recipe_cook(recipe_id, cook_id) VALUES (15, 1);
INSERT INTO recipe_cook(recipe_id, cook_id) VALUES (15, 46);
INSERT INTO recipe_cook(recipe_id, cook_id) VALUES (15, 2);
INSERT INTO recipe_cook(recipe_id, cook_id) VALUES (15, 64);
INSERT INTO recipe_cook(recipe_id, cook_id) VALUES (15, 182);
INSERT INTO recipe_cook(recipe_id, cook_id) VALUES (15, 155);
INSERT INTO recipe_cook(recipe_id, cook_id) VALUES (15, 59);
INSERT INTO recipe_cook(recipe_id, cook_id) VALUES (15, 28);
INSERT INTO recipe_cook(recipe_id, cook_id) VALUES (15, 186);
INSERT INTO recipe_cook(recipe_id, cook_id) VALUES (15, 123);
INSERT INTO recipe_cook(recipe_id, cook_id) VALUES (15, 10);
INSERT INTO recipe_cook(recipe_id, cook_id) VALUES (15, 99);
INSERT INTO recipe_cook(recipe_id, cook_id) VALUES (15, 29);
INSERT INTO recipe_cook(recipe_id, cook_id) VALUES (15, 89);
INSERT INTO recipe_cook(recipe_id, cook_id) VALUES (15, 72);
INSERT INTO recipe_cook(recipe_id, cook_id) VALUES (15, 124);
INSERT INTO recipe_cook(recipe_id, cook_id) VALUES (15, 189);
INSERT INTO recipe_cook(recipe_id, cook_id) VALUES (15, 21);
INSERT INTO recipe_cook(recipe_id, cook_id) VALUES (15, 181);
INSERT INTO recipe_cook(recipe_id, cook_id) VALUES (15, 187);
INSERT INTO recipe_cook(recipe_id, cook_id) VALUES (15, 193);
INSERT INTO recipe_cook(recipe_id, cook_id) VALUES (15, 37);
INSERT INTO recipe_cook(recipe_id, cook_id) VALUES (15, 91);
INSERT INTO recipe_cook(recipe_id, cook_id) VALUES (15, 63);
INSERT INTO recipe_cook(recipe_id, cook_id) VALUES (15, 139);
INSERT INTO recipe_cook(recipe_id, cook_id) VALUES (15, 121);
INSERT INTO recipe_cook(recipe_id, cook_id) VALUES (15, 175);
INSERT INTO recipe_cook(recipe_id, cook_id) VALUES (15, 15);
INSERT INTO recipe_cook(recipe_id, cook_id) VALUES (15, 172);
INSERT INTO recipe_cook(recipe_id, cook_id) VALUES (15, 138);
INSERT INTO recipe_cook(recipe_id, cook_id) VALUES (15, 183);
INSERT INTO recipe_cook(recipe_id, cook_id) VALUES (15, 49);
INSERT INTO recipe_cook(recipe_id, cook_id) VALUES (15, 42);
INSERT INTO recipe_cook(recipe_id, cook_id) VALUES (15, 162);
INSERT INTO recipe_cook(recipe_id, cook_id) VALUES (15, 167);
INSERT INTO recipe_cook(recipe_id, cook_id) VALUES (15, 75);
INSERT INTO recipe_cook(recipe_id, cook_id) VALUES (15, 152);
INSERT INTO recipe_cook(recipe_id, cook_id) VALUES (15, 133);
INSERT INTO recipe_cook(recipe_id, cook_id) VALUES (15, 117);
INSERT INTO recipe_cook(recipe_id, cook_id) VALUES (15, 141);
INSERT INTO recipe_cook(recipe_id, cook_id) VALUES (15, 142);
INSERT INTO recipe_cook(recipe_id, cook_id) VALUES (15, 114);
INSERT INTO recipe_cook(recipe_id, cook_id) VALUES (15, 170);
INSERT INTO recipe_cook(recipe_id, cook_id) VALUES (15, 137);
INSERT INTO recipe_cook(recipe_id, cook_id) VALUES (15, 110);
INSERT INTO recipe_cook(recipe_id, cook_id) VALUES (15, 168);
INSERT INTO recipe_cook(recipe_id, cook_id) VALUES (15, 27);
INSERT INTO recipe_cook(recipe_id, cook_id) VALUES (15, 62);
INSERT INTO recipe_cook(recipe_id, cook_id) VALUES (15, 35);
INSERT INTO recipe_cook(recipe_id, cook_id) VALUES (15, 190);
INSERT INTO recipe_cook(recipe_id, cook_id) VALUES (15, 103);
INSERT INTO recipe_cook(recipe_id, cook_id) VALUES (15, 44);
INSERT INTO recipe_cook(recipe_id, cook_id) VALUES (15, 65);
INSERT INTO recipe_cook(recipe_id, cook_id) VALUES (15, 8);
INSERT INTO recipe_cook(recipe_id, cook_id) VALUES (15, 53);
INSERT INTO recipe_cook(recipe_id, cook_id) VALUES (15, 95);
INSERT INTO recipe_cook(recipe_id, cook_id) VALUES (15, 90);
INSERT INTO recipe_cook(recipe_id, cook_id) VALUES (15, 9);
INSERT INTO recipe_cook(recipe_id, cook_id) VALUES (15, 45);
INSERT INTO recipe_cook(recipe_id, cook_id) VALUES (15, 173);
INSERT INTO recipe_cook(recipe_id, cook_id) VALUES (15, 125);
INSERT INTO recipe_cook(recipe_id, cook_id) VALUES (15, 179);
INSERT INTO recipe_cook(recipe_id, cook_id) VALUES (15, 74);
INSERT INTO recipe_cook(recipe_id, cook_id) VALUES (15, 195);
INSERT INTO recipe_cook(recipe_id, cook_id) VALUES (15, 150);
INSERT INTO recipe_cook(recipe_id, cook_id) VALUES (15, 160);
INSERT INTO recipe_cook(recipe_id, cook_id) VALUES (15, 73);
INSERT INTO recipe_cook(recipe_id, cook_id) VALUES (15, 54);
INSERT INTO recipe_cook(recipe_id, cook_id) VALUES (15, 67);
INSERT INTO recipe_cook(recipe_id, cook_id) VALUES (15, 34);
INSERT INTO recipe_cook(recipe_id, cook_id) VALUES (15, 176);
INSERT INTO recipe_cook(recipe_id, cook_id) VALUES (15, 127);
INSERT INTO recipe_cook(recipe_id, cook_id) VALUES (15, 86);
INSERT INTO recipe_cook(recipe_id, cook_id) VALUES (15, 107);
INSERT INTO recipe_cook(recipe_id, cook_id) VALUES (15, 76);
INSERT INTO recipe_cook(recipe_id, cook_id) VALUES (15, 23);
INSERT INTO recipe_cook(recipe_id, cook_id) VALUES (15, 20);
INSERT INTO recipe_cook(recipe_id, cook_id) VALUES (15, 161);
INSERT INTO recipe_cook(recipe_id, cook_id) VALUES (15, 177);
INSERT INTO recipe_cook(recipe_id, cook_id) VALUES (15, 82);
INSERT INTO recipe_cook(recipe_id, cook_id) VALUES (15, 122);
INSERT INTO recipe_cook(recipe_id, cook_id) VALUES (15, 13);
INSERT INTO recipe_cook(recipe_id, cook_id) VALUES (15, 158);
INSERT INTO recipe_theme(recipe_id, theme_id) VALUES (15, 13);
INSERT INTO recipe_theme(recipe_id, theme_id) VALUES (15, 24);
INSERT INTO recipe_tip(recipe_id, tip_id) VALUES (15, 38);
INSERT INTO recipe_tip(recipe_id, tip_id) VALUES (15, 2);

INSERT INTO recipe(baking, cuisine_id, difficulty, title, recipe_description, prep_time, cook_time, portions, fat_portion, protein_portion, carbo_portion, picture, picture_description) VALUES(1, 27, 4,'Fish Tacos', 'Culture cut minute get tough quality radio. Politics daughter bring over example tax crime. Power worry simply like data.', 65, 20, 1, 15, 40,35, 'https://placekitten.com/980/574', 'Goal news which true majority around.');
INSERT INTO recipe_meal_type(recipe_id, meal_type_id) VALUES (16, 2);
INSERT INTO recipe_tag(recipe_id, tag_id) VALUES (16, 82);
INSERT INTO recipe_tag(recipe_id, tag_id) VALUES (16, 49);
INSERT INTO recipe_tag(recipe_id, tag_id) VALUES (16, 9);
INSERT INTO recipe_equipment(recipe_id, equipment_id, num) VALUES (16, 11, 4);
INSERT INTO recipe_equipment(recipe_id, equipment_id, num) VALUES (16, 3, 1);
INSERT INTO recipe_equipment(recipe_id, equipment_id, num) VALUES (16, 13, 4);
INSERT INTO recipe_equipment(recipe_id, equipment_id, num) VALUES (16, 5, 3);
INSERT INTO recipe_equipment(recipe_id, equipment_id, num) VALUES (16, 16, 1);
INSERT INTO recipe_cook(recipe_id, cook_id) VALUES (16, 194);
INSERT INTO recipe_cook(recipe_id, cook_id) VALUES (16, 111);
INSERT INTO recipe_cook(recipe_id, cook_id) VALUES (16, 195);
INSERT INTO recipe_cook(recipe_id, cook_id) VALUES (16, 141);
INSERT INTO recipe_cook(recipe_id, cook_id) VALUES (16, 128);
INSERT INTO recipe_cook(recipe_id, cook_id) VALUES (16, 192);
INSERT INTO recipe_cook(recipe_id, cook_id) VALUES (16, 168);
INSERT INTO recipe_cook(recipe_id, cook_id) VALUES (16, 29);
INSERT INTO recipe_cook(recipe_id, cook_id) VALUES (16, 44);
INSERT INTO recipe_cook(recipe_id, cook_id) VALUES (16, 95);
INSERT INTO recipe_cook(recipe_id, cook_id) VALUES (16, 92);
INSERT INTO recipe_cook(recipe_id, cook_id) VALUES (16, 116);
INSERT INTO recipe_cook(recipe_id, cook_id) VALUES (16, 175);
INSERT INTO recipe_cook(recipe_id, cook_id) VALUES (16, 150);
INSERT INTO recipe_cook(recipe_id, cook_id) VALUES (16, 5);
INSERT INTO recipe_cook(recipe_id, cook_id) VALUES (16, 191);
INSERT INTO recipe_cook(recipe_id, cook_id) VALUES (16, 166);
INSERT INTO recipe_cook(recipe_id, cook_id) VALUES (16, 82);
INSERT INTO recipe_cook(recipe_id, cook_id) VALUES (16, 33);
INSERT INTO recipe_cook(recipe_id, cook_id) VALUES (16, 65);
INSERT INTO recipe_cook(recipe_id, cook_id) VALUES (16, 86);
INSERT INTO recipe_cook(recipe_id, cook_id) VALUES (16, 117);
INSERT INTO recipe_cook(recipe_id, cook_id) VALUES (16, 85);
INSERT INTO recipe_cook(recipe_id, cook_id) VALUES (16, 36);
INSERT INTO recipe_cook(recipe_id, cook_id) VALUES (16, 152);
INSERT INTO recipe_cook(recipe_id, cook_id) VALUES (16, 22);
INSERT INTO recipe_cook(recipe_id, cook_id) VALUES (16, 8);
INSERT INTO recipe_cook(recipe_id, cook_id) VALUES (16, 197);
INSERT INTO recipe_cook(recipe_id, cook_id) VALUES (16, 30);
INSERT INTO recipe_cook(recipe_id, cook_id) VALUES (16, 94);
INSERT INTO recipe_cook(recipe_id, cook_id) VALUES (16, 34);
INSERT INTO recipe_cook(recipe_id, cook_id) VALUES (16, 14);
INSERT INTO recipe_cook(recipe_id, cook_id) VALUES (16, 63);
INSERT INTO recipe_cook(recipe_id, cook_id) VALUES (16, 60);
INSERT INTO recipe_cook(recipe_id, cook_id) VALUES (16, 47);
INSERT INTO recipe_cook(recipe_id, cook_id) VALUES (16, 103);
INSERT INTO recipe_cook(recipe_id, cook_id) VALUES (16, 193);
INSERT INTO recipe_cook(recipe_id, cook_id) VALUES (16, 79);
INSERT INTO recipe_cook(recipe_id, cook_id) VALUES (16, 163);
INSERT INTO recipe_cook(recipe_id, cook_id) VALUES (16, 139);
INSERT INTO recipe_cook(recipe_id, cook_id) VALUES (16, 51);
INSERT INTO recipe_cook(recipe_id, cook_id) VALUES (16, 59);
INSERT INTO recipe_cook(recipe_id, cook_id) VALUES (16, 115);
INSERT INTO recipe_cook(recipe_id, cook_id) VALUES (16, 154);
INSERT INTO recipe_cook(recipe_id, cook_id) VALUES (16, 106);
INSERT INTO recipe_cook(recipe_id, cook_id) VALUES (16, 45);
INSERT INTO recipe_cook(recipe_id, cook_id) VALUES (16, 149);
INSERT INTO recipe_cook(recipe_id, cook_id) VALUES (16, 2);
INSERT INTO recipe_cook(recipe_id, cook_id) VALUES (16, 25);
INSERT INTO recipe_cook(recipe_id, cook_id) VALUES (16, 130);
INSERT INTO recipe_cook(recipe_id, cook_id) VALUES (16, 171);
INSERT INTO recipe_cook(recipe_id, cook_id) VALUES (16, 28);
INSERT INTO recipe_cook(recipe_id, cook_id) VALUES (16, 200);
INSERT INTO recipe_cook(recipe_id, cook_id) VALUES (16, 187);
INSERT INTO recipe_cook(recipe_id, cook_id) VALUES (16, 114);
INSERT INTO recipe_cook(recipe_id, cook_id) VALUES (16, 12);
INSERT INTO recipe_cook(recipe_id, cook_id) VALUES (16, 137);
INSERT INTO recipe_cook(recipe_id, cook_id) VALUES (16, 172);
INSERT INTO recipe_cook(recipe_id, cook_id) VALUES (16, 53);
INSERT INTO recipe_cook(recipe_id, cook_id) VALUES (16, 151);
INSERT INTO recipe_cook(recipe_id, cook_id) VALUES (16, 134);
INSERT INTO recipe_cook(recipe_id, cook_id) VALUES (16, 52);
INSERT INTO recipe_cook(recipe_id, cook_id) VALUES (16, 100);
INSERT INTO recipe_cook(recipe_id, cook_id) VALUES (16, 147);
INSERT INTO recipe_cook(recipe_id, cook_id) VALUES (16, 156);
INSERT INTO recipe_cook(recipe_id, cook_id) VALUES (16, 144);
INSERT INTO recipe_cook(recipe_id, cook_id) VALUES (16, 185);
INSERT INTO recipe_cook(recipe_id, cook_id) VALUES (16, 184);
INSERT INTO recipe_cook(recipe_id, cook_id) VALUES (16, 132);
INSERT INTO recipe_cook(recipe_id, cook_id) VALUES (16, 54);
INSERT INTO recipe_cook(recipe_id, cook_id) VALUES (16, 83);
INSERT INTO recipe_cook(recipe_id, cook_id) VALUES (16, 127);
INSERT INTO recipe_cook(recipe_id, cook_id) VALUES (16, 97);
INSERT INTO recipe_cook(recipe_id, cook_id) VALUES (16, 50);
INSERT INTO recipe_cook(recipe_id, cook_id) VALUES (16, 140);
INSERT INTO recipe_cook(recipe_id, cook_id) VALUES (16, 68);
INSERT INTO recipe_cook(recipe_id, cook_id) VALUES (16, 98);
INSERT INTO recipe_cook(recipe_id, cook_id) VALUES (16, 77);
INSERT INTO recipe_cook(recipe_id, cook_id) VALUES (16, 75);
INSERT INTO recipe_cook(recipe_id, cook_id) VALUES (16, 101);
INSERT INTO recipe_cook(recipe_id, cook_id) VALUES (16, 177);
INSERT INTO recipe_cook(recipe_id, cook_id) VALUES (16, 78);
INSERT INTO recipe_cook(recipe_id, cook_id) VALUES (16, 176);
INSERT INTO recipe_cook(recipe_id, cook_id) VALUES (16, 109);
INSERT INTO recipe_cook(recipe_id, cook_id) VALUES (16, 160);
INSERT INTO recipe_cook(recipe_id, cook_id) VALUES (16, 43);
INSERT INTO recipe_cook(recipe_id, cook_id) VALUES (16, 108);
INSERT INTO recipe_cook(recipe_id, cook_id) VALUES (16, 167);
INSERT INTO recipe_cook(recipe_id, cook_id) VALUES (16, 102);
INSERT INTO recipe_cook(recipe_id, cook_id) VALUES (16, 121);
INSERT INTO recipe_cook(recipe_id, cook_id) VALUES (16, 123);
INSERT INTO recipe_cook(recipe_id, cook_id) VALUES (16, 40);
INSERT INTO recipe_cook(recipe_id, cook_id) VALUES (16, 179);
INSERT INTO recipe_cook(recipe_id, cook_id) VALUES (16, 3);
INSERT INTO recipe_cook(recipe_id, cook_id) VALUES (16, 62);
INSERT INTO recipe_cook(recipe_id, cook_id) VALUES (16, 58);
INSERT INTO recipe_cook(recipe_id, cook_id) VALUES (16, 66);
INSERT INTO recipe_cook(recipe_id, cook_id) VALUES (16, 90);
INSERT INTO recipe_cook(recipe_id, cook_id) VALUES (16, 20);
INSERT INTO recipe_cook(recipe_id, cook_id) VALUES (16, 131);
INSERT INTO recipe_cook(recipe_id, cook_id) VALUES (16, 16);
INSERT INTO recipe_cook(recipe_id, cook_id) VALUES (16, 74);
INSERT INTO recipe_cook(recipe_id, cook_id) VALUES (16, 181);
INSERT INTO recipe_cook(recipe_id, cook_id) VALUES (16, 188);
INSERT INTO recipe_cook(recipe_id, cook_id) VALUES (16, 190);
INSERT INTO recipe_cook(recipe_id, cook_id) VALUES (16, 76);
INSERT INTO recipe_cook(recipe_id, cook_id) VALUES (16, 23);
INSERT INTO recipe_cook(recipe_id, cook_id) VALUES (16, 174);
INSERT INTO recipe_cook(recipe_id, cook_id) VALUES (16, 143);
INSERT INTO recipe_cook(recipe_id, cook_id) VALUES (16, 35);
INSERT INTO recipe_cook(recipe_id, cook_id) VALUES (16, 89);
INSERT INTO recipe_cook(recipe_id, cook_id) VALUES (16, 110);
INSERT INTO recipe_cook(recipe_id, cook_id) VALUES (16, 96);
INSERT INTO recipe_cook(recipe_id, cook_id) VALUES (16, 27);
INSERT INTO recipe_cook(recipe_id, cook_id) VALUES (16, 182);
INSERT INTO recipe_cook(recipe_id, cook_id) VALUES (16, 57);
INSERT INTO recipe_cook(recipe_id, cook_id) VALUES (16, 19);
INSERT INTO recipe_cook(recipe_id, cook_id) VALUES (16, 126);
INSERT INTO recipe_cook(recipe_id, cook_id) VALUES (16, 155);
INSERT INTO recipe_cook(recipe_id, cook_id) VALUES (16, 196);
INSERT INTO recipe_cook(recipe_id, cook_id) VALUES (16, 24);
INSERT INTO recipe_cook(recipe_id, cook_id) VALUES (16, 38);
INSERT INTO recipe_cook(recipe_id, cook_id) VALUES (16, 93);
INSERT INTO recipe_cook(recipe_id, cook_id) VALUES (16, 49);
INSERT INTO recipe_cook(recipe_id, cook_id) VALUES (16, 15);
INSERT INTO recipe_cook(recipe_id, cook_id) VALUES (16, 6);
INSERT INTO recipe_cook(recipe_id, cook_id) VALUES (16, 21);
INSERT INTO recipe_cook(recipe_id, cook_id) VALUES (16, 42);
INSERT INTO recipe_cook(recipe_id, cook_id) VALUES (16, 112);
INSERT INTO recipe_cook(recipe_id, cook_id) VALUES (16, 165);
INSERT INTO recipe_cook(recipe_id, cook_id) VALUES (16, 186);
INSERT INTO recipe_cook(recipe_id, cook_id) VALUES (16, 153);
INSERT INTO recipe_cook(recipe_id, cook_id) VALUES (16, 198);
INSERT INTO recipe_cook(recipe_id, cook_id) VALUES (16, 37);
INSERT INTO recipe_cook(recipe_id, cook_id) VALUES (16, 72);
INSERT INTO recipe_cook(recipe_id, cook_id) VALUES (16, 32);
INSERT INTO recipe_cook(recipe_id, cook_id) VALUES (16, 124);
INSERT INTO recipe_cook(recipe_id, cook_id) VALUES (16, 148);
INSERT INTO recipe_cook(recipe_id, cook_id) VALUES (16, 146);
INSERT INTO recipe_cook(recipe_id, cook_id) VALUES (16, 56);
INSERT INTO recipe_cook(recipe_id, cook_id) VALUES (16, 118);
INSERT INTO recipe_cook(recipe_id, cook_id) VALUES (16, 70);
INSERT INTO recipe_cook(recipe_id, cook_id) VALUES (16, 84);
INSERT INTO recipe_cook(recipe_id, cook_id) VALUES (16, 158);
INSERT INTO recipe_cook(recipe_id, cook_id) VALUES (16, 71);
INSERT INTO recipe_cook(recipe_id, cook_id) VALUES (16, 107);
INSERT INTO recipe_cook(recipe_id, cook_id) VALUES (16, 88);
INSERT INTO recipe_cook(recipe_id, cook_id) VALUES (16, 41);
INSERT INTO recipe_cook(recipe_id, cook_id) VALUES (16, 104);
INSERT INTO recipe_cook(recipe_id, cook_id) VALUES (16, 9);
INSERT INTO recipe_cook(recipe_id, cook_id) VALUES (16, 169);
INSERT INTO recipe_cook(recipe_id, cook_id) VALUES (16, 170);
INSERT INTO recipe_cook(recipe_id, cook_id) VALUES (16, 31);
INSERT INTO recipe_cook(recipe_id, cook_id) VALUES (16, 17);
INSERT INTO recipe_cook(recipe_id, cook_id) VALUES (16, 159);
INSERT INTO recipe_cook(recipe_id, cook_id) VALUES (16, 178);
INSERT INTO recipe_cook(recipe_id, cook_id) VALUES (16, 18);
INSERT INTO recipe_cook(recipe_id, cook_id) VALUES (16, 113);
INSERT INTO recipe_cook(recipe_id, cook_id) VALUES (16, 133);
INSERT INTO recipe_cook(recipe_id, cook_id) VALUES (16, 1);
INSERT INTO recipe_cook(recipe_id, cook_id) VALUES (16, 13);
INSERT INTO recipe_cook(recipe_id, cook_id) VALUES (16, 11);
INSERT INTO recipe_cook(recipe_id, cook_id) VALUES (16, 122);
INSERT INTO recipe_cook(recipe_id, cook_id) VALUES (16, 7);
INSERT INTO recipe_cook(recipe_id, cook_id) VALUES (16, 120);
INSERT INTO recipe_cook(recipe_id, cook_id) VALUES (16, 46);
INSERT INTO recipe_cook(recipe_id, cook_id) VALUES (16, 138);
INSERT INTO recipe_cook(recipe_id, cook_id) VALUES (16, 73);
INSERT INTO recipe_theme(recipe_id, theme_id) VALUES (16, 20);
INSERT INTO recipe_theme(recipe_id, theme_id) VALUES (16, 35);
INSERT INTO recipe_theme(recipe_id, theme_id) VALUES (16, 27);
INSERT INTO recipe_tip(recipe_id, tip_id) VALUES (16, 37);
INSERT INTO recipe_tip(recipe_id, tip_id) VALUES (16, 1);

INSERT INTO recipe(baking, cuisine_id, difficulty, title, recipe_description, prep_time, cook_time, portions, fat_portion, protein_portion, carbo_portion, picture, picture_description) VALUES(1, 44, 3,'Coleslaw', 'Six color product road director conference child probably. Cell time bar possible. Reason that east big room forget. Forward ability serious use break term child. House option health national thousand truth.', 65, 40, 4, 25, 30,5, 'https://picsum.photos/547/982', 'Major six include finally message name.');
INSERT INTO recipe_meal_type(recipe_id, meal_type_id) VALUES (17, 6);
INSERT INTO recipe_tag(recipe_id, tag_id) VALUES (17, 36);
INSERT INTO recipe_tag(recipe_id, tag_id) VALUES (17, 28);
INSERT INTO recipe_tag(recipe_id, tag_id) VALUES (17, 8);
INSERT INTO recipe_tag(recipe_id, tag_id) VALUES (17, 55);
INSERT INTO recipe_tag(recipe_id, tag_id) VALUES (17, 16);
INSERT INTO recipe_tag(recipe_id, tag_id) VALUES (17, 5);
INSERT INTO recipe_tag(recipe_id, tag_id) VALUES (17, 93);
INSERT INTO recipe_equipment(recipe_id, equipment_id, num) VALUES (17, 16, 3);
INSERT INTO recipe_equipment(recipe_id, equipment_id, num) VALUES (17, 7, 4);
INSERT INTO recipe_equipment(recipe_id, equipment_id, num) VALUES (17, 1, 4);
INSERT INTO recipe_cook(recipe_id, cook_id) VALUES (17, 41);
INSERT INTO recipe_cook(recipe_id, cook_id) VALUES (17, 59);
INSERT INTO recipe_cook(recipe_id, cook_id) VALUES (17, 199);
INSERT INTO recipe_cook(recipe_id, cook_id) VALUES (17, 161);
INSERT INTO recipe_cook(recipe_id, cook_id) VALUES (17, 116);
INSERT INTO recipe_cook(recipe_id, cook_id) VALUES (17, 28);
INSERT INTO recipe_cook(recipe_id, cook_id) VALUES (17, 105);
INSERT INTO recipe_cook(recipe_id, cook_id) VALUES (17, 167);
INSERT INTO recipe_cook(recipe_id, cook_id) VALUES (17, 132);
INSERT INTO recipe_cook(recipe_id, cook_id) VALUES (17, 54);
INSERT INTO recipe_cook(recipe_id, cook_id) VALUES (17, 76);
INSERT INTO recipe_cook(recipe_id, cook_id) VALUES (17, 96);
INSERT INTO recipe_cook(recipe_id, cook_id) VALUES (17, 112);
INSERT INTO recipe_cook(recipe_id, cook_id) VALUES (17, 50);
INSERT INTO recipe_cook(recipe_id, cook_id) VALUES (17, 91);
INSERT INTO recipe_cook(recipe_id, cook_id) VALUES (17, 64);
INSERT INTO recipe_cook(recipe_id, cook_id) VALUES (17, 70);
INSERT INTO recipe_cook(recipe_id, cook_id) VALUES (17, 126);
INSERT INTO recipe_cook(recipe_id, cook_id) VALUES (17, 44);
INSERT INTO recipe_cook(recipe_id, cook_id) VALUES (17, 14);
INSERT INTO recipe_cook(recipe_id, cook_id) VALUES (17, 166);
INSERT INTO recipe_cook(recipe_id, cook_id) VALUES (17, 184);
INSERT INTO recipe_cook(recipe_id, cook_id) VALUES (17, 100);
INSERT INTO recipe_cook(recipe_id, cook_id) VALUES (17, 69);
INSERT INTO recipe_cook(recipe_id, cook_id) VALUES (17, 21);
INSERT INTO recipe_cook(recipe_id, cook_id) VALUES (17, 143);
INSERT INTO recipe_cook(recipe_id, cook_id) VALUES (17, 142);
INSERT INTO recipe_cook(recipe_id, cook_id) VALUES (17, 42);
INSERT INTO recipe_cook(recipe_id, cook_id) VALUES (17, 111);
INSERT INTO recipe_cook(recipe_id, cook_id) VALUES (17, 164);
INSERT INTO recipe_cook(recipe_id, cook_id) VALUES (17, 138);
INSERT INTO recipe_cook(recipe_id, cook_id) VALUES (17, 9);
INSERT INTO recipe_cook(recipe_id, cook_id) VALUES (17, 163);
INSERT INTO recipe_cook(recipe_id, cook_id) VALUES (17, 144);
INSERT INTO recipe_cook(recipe_id, cook_id) VALUES (17, 18);
INSERT INTO recipe_cook(recipe_id, cook_id) VALUES (17, 123);
INSERT INTO recipe_cook(recipe_id, cook_id) VALUES (17, 46);
INSERT INTO recipe_cook(recipe_id, cook_id) VALUES (17, 124);
INSERT INTO recipe_cook(recipe_id, cook_id) VALUES (17, 36);
INSERT INTO recipe_cook(recipe_id, cook_id) VALUES (17, 197);
INSERT INTO recipe_cook(recipe_id, cook_id) VALUES (17, 3);
INSERT INTO recipe_cook(recipe_id, cook_id) VALUES (17, 7);
INSERT INTO recipe_cook(recipe_id, cook_id) VALUES (17, 30);
INSERT INTO recipe_cook(recipe_id, cook_id) VALUES (17, 148);
INSERT INTO recipe_cook(recipe_id, cook_id) VALUES (17, 10);
INSERT INTO recipe_cook(recipe_id, cook_id) VALUES (17, 2);
INSERT INTO recipe_cook(recipe_id, cook_id) VALUES (17, 34);
INSERT INTO recipe_cook(recipe_id, cook_id) VALUES (17, 29);
INSERT INTO recipe_cook(recipe_id, cook_id) VALUES (17, 27);
INSERT INTO recipe_cook(recipe_id, cook_id) VALUES (17, 22);
INSERT INTO recipe_cook(recipe_id, cook_id) VALUES (17, 174);
INSERT INTO recipe_cook(recipe_id, cook_id) VALUES (17, 65);
INSERT INTO recipe_cook(recipe_id, cook_id) VALUES (17, 149);
INSERT INTO recipe_cook(recipe_id, cook_id) VALUES (17, 97);
INSERT INTO recipe_cook(recipe_id, cook_id) VALUES (17, 145);
INSERT INTO recipe_cook(recipe_id, cook_id) VALUES (17, 171);
INSERT INTO recipe_cook(recipe_id, cook_id) VALUES (17, 98);
INSERT INTO recipe_cook(recipe_id, cook_id) VALUES (17, 6);
INSERT INTO recipe_cook(recipe_id, cook_id) VALUES (17, 181);
INSERT INTO recipe_cook(recipe_id, cook_id) VALUES (17, 168);
INSERT INTO recipe_cook(recipe_id, cook_id) VALUES (17, 26);
INSERT INTO recipe_cook(recipe_id, cook_id) VALUES (17, 169);
INSERT INTO recipe_cook(recipe_id, cook_id) VALUES (17, 186);
INSERT INTO recipe_cook(recipe_id, cook_id) VALUES (17, 178);
INSERT INTO recipe_cook(recipe_id, cook_id) VALUES (17, 159);
INSERT INTO recipe_cook(recipe_id, cook_id) VALUES (17, 57);
INSERT INTO recipe_cook(recipe_id, cook_id) VALUES (17, 173);
INSERT INTO recipe_cook(recipe_id, cook_id) VALUES (17, 177);
INSERT INTO recipe_cook(recipe_id, cook_id) VALUES (17, 90);
INSERT INTO recipe_cook(recipe_id, cook_id) VALUES (17, 83);
INSERT INTO recipe_cook(recipe_id, cook_id) VALUES (17, 196);
INSERT INTO recipe_cook(recipe_id, cook_id) VALUES (17, 153);
INSERT INTO recipe_cook(recipe_id, cook_id) VALUES (17, 40);
INSERT INTO recipe_cook(recipe_id, cook_id) VALUES (17, 89);
INSERT INTO recipe_cook(recipe_id, cook_id) VALUES (17, 198);
INSERT INTO recipe_cook(recipe_id, cook_id) VALUES (17, 183);
INSERT INTO recipe_cook(recipe_id, cook_id) VALUES (17, 134);
INSERT INTO recipe_cook(recipe_id, cook_id) VALUES (17, 25);
INSERT INTO recipe_cook(recipe_id, cook_id) VALUES (17, 33);
INSERT INTO recipe_theme(recipe_id, theme_id) VALUES (17, 15);
INSERT INTO recipe_theme(recipe_id, theme_id) VALUES (17, 32);
INSERT INTO recipe_tip(recipe_id, tip_id) VALUES (17, 39);

INSERT INTO recipe(baking, cuisine_id, difficulty, title, recipe_description, prep_time, cook_time, portions, fat_portion, protein_portion, carbo_portion, picture, picture_description) VALUES(1, 13, 2,'French Onion Soup', 'Phone perform new television newspaper. Local role build more decision goal than. Save condition civil significant. Safe write voice black degree compare cover whether.', 85, 40, 5, 40, 25,40, 'https://placekitten.com/998/360', 'Authority relate improve culture world then art.');
INSERT INTO recipe_meal_type(recipe_id, meal_type_id) VALUES (18, 6);
INSERT INTO recipe_tag(recipe_id, tag_id) VALUES (18, 46);
INSERT INTO recipe_tag(recipe_id, tag_id) VALUES (18, 20);
INSERT INTO recipe_tag(recipe_id, tag_id) VALUES (18, 89);
INSERT INTO recipe_tag(recipe_id, tag_id) VALUES (18, 23);
INSERT INTO recipe_tag(recipe_id, tag_id) VALUES (18, 76);
INSERT INTO recipe_equipment(recipe_id, equipment_id, num) VALUES (18, 9, 1);
INSERT INTO recipe_equipment(recipe_id, equipment_id, num) VALUES (18, 14, 4);
INSERT INTO recipe_equipment(recipe_id, equipment_id, num) VALUES (18, 15, 3);
INSERT INTO recipe_equipment(recipe_id, equipment_id, num) VALUES (18, 3, 2);
INSERT INTO recipe_equipment(recipe_id, equipment_id, num) VALUES (18, 19, 4);
INSERT INTO recipe_equipment(recipe_id, equipment_id, num) VALUES (18, 2, 3);
INSERT INTO recipe_cook(recipe_id, cook_id) VALUES (18, 160);
INSERT INTO recipe_cook(recipe_id, cook_id) VALUES (18, 191);
INSERT INTO recipe_cook(recipe_id, cook_id) VALUES (18, 25);
INSERT INTO recipe_cook(recipe_id, cook_id) VALUES (18, 195);
INSERT INTO recipe_cook(recipe_id, cook_id) VALUES (18, 52);
INSERT INTO recipe_cook(recipe_id, cook_id) VALUES (18, 19);
INSERT INTO recipe_cook(recipe_id, cook_id) VALUES (18, 12);
INSERT INTO recipe_cook(recipe_id, cook_id) VALUES (18, 161);
INSERT INTO recipe_cook(recipe_id, cook_id) VALUES (18, 144);
INSERT INTO recipe_cook(recipe_id, cook_id) VALUES (18, 139);
INSERT INTO recipe_cook(recipe_id, cook_id) VALUES (18, 157);
INSERT INTO recipe_cook(recipe_id, cook_id) VALUES (18, 105);
INSERT INTO recipe_cook(recipe_id, cook_id) VALUES (18, 197);
INSERT INTO recipe_cook(recipe_id, cook_id) VALUES (18, 81);
INSERT INTO recipe_cook(recipe_id, cook_id) VALUES (18, 40);
INSERT INTO recipe_cook(recipe_id, cook_id) VALUES (18, 171);
INSERT INTO recipe_cook(recipe_id, cook_id) VALUES (18, 128);
INSERT INTO recipe_cook(recipe_id, cook_id) VALUES (18, 16);
INSERT INTO recipe_cook(recipe_id, cook_id) VALUES (18, 88);
INSERT INTO recipe_cook(recipe_id, cook_id) VALUES (18, 87);
INSERT INTO recipe_cook(recipe_id, cook_id) VALUES (18, 155);
INSERT INTO recipe_cook(recipe_id, cook_id) VALUES (18, 184);
INSERT INTO recipe_cook(recipe_id, cook_id) VALUES (18, 172);
INSERT INTO recipe_cook(recipe_id, cook_id) VALUES (18, 177);
INSERT INTO recipe_cook(recipe_id, cook_id) VALUES (18, 167);
INSERT INTO recipe_cook(recipe_id, cook_id) VALUES (18, 188);
INSERT INTO recipe_cook(recipe_id, cook_id) VALUES (18, 129);
INSERT INTO recipe_cook(recipe_id, cook_id) VALUES (18, 51);
INSERT INTO recipe_cook(recipe_id, cook_id) VALUES (18, 38);
INSERT INTO recipe_cook(recipe_id, cook_id) VALUES (18, 97);
INSERT INTO recipe_cook(recipe_id, cook_id) VALUES (18, 122);
INSERT INTO recipe_cook(recipe_id, cook_id) VALUES (18, 130);
INSERT INTO recipe_cook(recipe_id, cook_id) VALUES (18, 37);
INSERT INTO recipe_cook(recipe_id, cook_id) VALUES (18, 59);
INSERT INTO recipe_cook(recipe_id, cook_id) VALUES (18, 107);
INSERT INTO recipe_cook(recipe_id, cook_id) VALUES (18, 50);
INSERT INTO recipe_cook(recipe_id, cook_id) VALUES (18, 74);
INSERT INTO recipe_cook(recipe_id, cook_id) VALUES (18, 106);
INSERT INTO recipe_cook(recipe_id, cook_id) VALUES (18, 179);
INSERT INTO recipe_cook(recipe_id, cook_id) VALUES (18, 84);
INSERT INTO recipe_cook(recipe_id, cook_id) VALUES (18, 47);
INSERT INTO recipe_cook(recipe_id, cook_id) VALUES (18, 190);
INSERT INTO recipe_cook(recipe_id, cook_id) VALUES (18, 96);
INSERT INTO recipe_cook(recipe_id, cook_id) VALUES (18, 100);
INSERT INTO recipe_cook(recipe_id, cook_id) VALUES (18, 176);
INSERT INTO recipe_cook(recipe_id, cook_id) VALUES (18, 7);
INSERT INTO recipe_cook(recipe_id, cook_id) VALUES (18, 89);
INSERT INTO recipe_cook(recipe_id, cook_id) VALUES (18, 43);
INSERT INTO recipe_cook(recipe_id, cook_id) VALUES (18, 34);
INSERT INTO recipe_cook(recipe_id, cook_id) VALUES (18, 36);
INSERT INTO recipe_cook(recipe_id, cook_id) VALUES (18, 111);
INSERT INTO recipe_cook(recipe_id, cook_id) VALUES (18, 60);
INSERT INTO recipe_cook(recipe_id, cook_id) VALUES (18, 200);
INSERT INTO recipe_cook(recipe_id, cook_id) VALUES (18, 46);
INSERT INTO recipe_cook(recipe_id, cook_id) VALUES (18, 85);
INSERT INTO recipe_cook(recipe_id, cook_id) VALUES (18, 154);
INSERT INTO recipe_cook(recipe_id, cook_id) VALUES (18, 193);
INSERT INTO recipe_cook(recipe_id, cook_id) VALUES (18, 170);
INSERT INTO recipe_cook(recipe_id, cook_id) VALUES (18, 48);
INSERT INTO recipe_cook(recipe_id, cook_id) VALUES (18, 183);
INSERT INTO recipe_cook(recipe_id, cook_id) VALUES (18, 109);
INSERT INTO recipe_cook(recipe_id, cook_id) VALUES (18, 91);
INSERT INTO recipe_cook(recipe_id, cook_id) VALUES (18, 173);
INSERT INTO recipe_cook(recipe_id, cook_id) VALUES (18, 86);
INSERT INTO recipe_cook(recipe_id, cook_id) VALUES (18, 75);
INSERT INTO recipe_cook(recipe_id, cook_id) VALUES (18, 13);
INSERT INTO recipe_cook(recipe_id, cook_id) VALUES (18, 163);
INSERT INTO recipe_cook(recipe_id, cook_id) VALUES (18, 11);
INSERT INTO recipe_cook(recipe_id, cook_id) VALUES (18, 20);
INSERT INTO recipe_cook(recipe_id, cook_id) VALUES (18, 21);
INSERT INTO recipe_cook(recipe_id, cook_id) VALUES (18, 70);
INSERT INTO recipe_cook(recipe_id, cook_id) VALUES (18, 192);
INSERT INTO recipe_cook(recipe_id, cook_id) VALUES (18, 30);
INSERT INTO recipe_cook(recipe_id, cook_id) VALUES (18, 8);
INSERT INTO recipe_cook(recipe_id, cook_id) VALUES (18, 58);
INSERT INTO recipe_cook(recipe_id, cook_id) VALUES (18, 57);
INSERT INTO recipe_cook(recipe_id, cook_id) VALUES (18, 180);
INSERT INTO recipe_cook(recipe_id, cook_id) VALUES (18, 92);
INSERT INTO recipe_theme(recipe_id, theme_id) VALUES (18, 4);
INSERT INTO recipe_theme(recipe_id, theme_id) VALUES (18, 40);
INSERT INTO recipe_theme(recipe_id, theme_id) VALUES (18, 37);
INSERT INTO recipe_tip(recipe_id, tip_id) VALUES (18, 36);
INSERT INTO recipe_tip(recipe_id, tip_id) VALUES (18, 30);

INSERT INTO recipe(baking, cuisine_id, difficulty, title, recipe_description, prep_time, cook_time, portions, fat_portion, protein_portion, carbo_portion, picture, picture_description) VALUES(1, 49, 3,'Hummus', 'Who turn firm nature. Knowledge respond friend history live type parent. Year check pretty culture middle if theory. Ever hotel career while control.', 95, 30, 3, 55, 20,10, 'https://dummyimage.com/567x435', 'Degree budget campaign property real.');
INSERT INTO recipe_meal_type(recipe_id, meal_type_id) VALUES (19, 2);
INSERT INTO recipe_tag(recipe_id, tag_id) VALUES (19, 40);
INSERT INTO recipe_tag(recipe_id, tag_id) VALUES (19, 74);
INSERT INTO recipe_tag(recipe_id, tag_id) VALUES (19, 22);
INSERT INTO recipe_tag(recipe_id, tag_id) VALUES (19, 73);
INSERT INTO recipe_tag(recipe_id, tag_id) VALUES (19, 59);
INSERT INTO recipe_equipment(recipe_id, equipment_id, num) VALUES (19, 20, 1);
INSERT INTO recipe_equipment(recipe_id, equipment_id, num) VALUES (19, 10, 4);
INSERT INTO recipe_equipment(recipe_id, equipment_id, num) VALUES (19, 14, 4);
INSERT INTO recipe_equipment(recipe_id, equipment_id, num) VALUES (19, 3, 2);
INSERT INTO recipe_equipment(recipe_id, equipment_id, num) VALUES (19, 9, 4);
INSERT INTO recipe_equipment(recipe_id, equipment_id, num) VALUES (19, 11, 2);
INSERT INTO recipe_cook(recipe_id, cook_id) VALUES (19, 96);
INSERT INTO recipe_cook(recipe_id, cook_id) VALUES (19, 193);
INSERT INTO recipe_cook(recipe_id, cook_id) VALUES (19, 191);
INSERT INTO recipe_cook(recipe_id, cook_id) VALUES (19, 122);
INSERT INTO recipe_cook(recipe_id, cook_id) VALUES (19, 63);
INSERT INTO recipe_cook(recipe_id, cook_id) VALUES (19, 136);
INSERT INTO recipe_cook(recipe_id, cook_id) VALUES (19, 27);
INSERT INTO recipe_cook(recipe_id, cook_id) VALUES (19, 80);
INSERT INTO recipe_cook(recipe_id, cook_id) VALUES (19, 151);
INSERT INTO recipe_cook(recipe_id, cook_id) VALUES (19, 183);
INSERT INTO recipe_cook(recipe_id, cook_id) VALUES (19, 167);
INSERT INTO recipe_cook(recipe_id, cook_id) VALUES (19, 120);
INSERT INTO recipe_cook(recipe_id, cook_id) VALUES (19, 160);
INSERT INTO recipe_cook(recipe_id, cook_id) VALUES (19, 97);
INSERT INTO recipe_cook(recipe_id, cook_id) VALUES (19, 56);
INSERT INTO recipe_cook(recipe_id, cook_id) VALUES (19, 189);
INSERT INTO recipe_cook(recipe_id, cook_id) VALUES (19, 126);
INSERT INTO recipe_cook(recipe_id, cook_id) VALUES (19, 166);
INSERT INTO recipe_cook(recipe_id, cook_id) VALUES (19, 19);
INSERT INTO recipe_cook(recipe_id, cook_id) VALUES (19, 15);
INSERT INTO recipe_cook(recipe_id, cook_id) VALUES (19, 113);
INSERT INTO recipe_cook(recipe_id, cook_id) VALUES (19, 45);
INSERT INTO recipe_cook(recipe_id, cook_id) VALUES (19, 159);
INSERT INTO recipe_cook(recipe_id, cook_id) VALUES (19, 33);
INSERT INTO recipe_cook(recipe_id, cook_id) VALUES (19, 123);
INSERT INTO recipe_cook(recipe_id, cook_id) VALUES (19, 10);
INSERT INTO recipe_cook(recipe_id, cook_id) VALUES (19, 78);
INSERT INTO recipe_cook(recipe_id, cook_id) VALUES (19, 157);
INSERT INTO recipe_cook(recipe_id, cook_id) VALUES (19, 12);
INSERT INTO recipe_cook(recipe_id, cook_id) VALUES (19, 98);
INSERT INTO recipe_cook(recipe_id, cook_id) VALUES (19, 134);
INSERT INTO recipe_cook(recipe_id, cook_id) VALUES (19, 164);
INSERT INTO recipe_cook(recipe_id, cook_id) VALUES (19, 67);
INSERT INTO recipe_cook(recipe_id, cook_id) VALUES (19, 69);
INSERT INTO recipe_cook(recipe_id, cook_id) VALUES (19, 72);
INSERT INTO recipe_cook(recipe_id, cook_id) VALUES (19, 11);
INSERT INTO recipe_cook(recipe_id, cook_id) VALUES (19, 29);
INSERT INTO recipe_cook(recipe_id, cook_id) VALUES (19, 124);
INSERT INTO recipe_cook(recipe_id, cook_id) VALUES (19, 110);
INSERT INTO recipe_cook(recipe_id, cook_id) VALUES (19, 62);
INSERT INTO recipe_cook(recipe_id, cook_id) VALUES (19, 81);
INSERT INTO recipe_cook(recipe_id, cook_id) VALUES (19, 4);
INSERT INTO recipe_cook(recipe_id, cook_id) VALUES (19, 38);
INSERT INTO recipe_cook(recipe_id, cook_id) VALUES (19, 146);
INSERT INTO recipe_cook(recipe_id, cook_id) VALUES (19, 174);
INSERT INTO recipe_cook(recipe_id, cook_id) VALUES (19, 57);
INSERT INTO recipe_cook(recipe_id, cook_id) VALUES (19, 87);
INSERT INTO recipe_cook(recipe_id, cook_id) VALUES (19, 180);
INSERT INTO recipe_cook(recipe_id, cook_id) VALUES (19, 18);
INSERT INTO recipe_cook(recipe_id, cook_id) VALUES (19, 121);
INSERT INTO recipe_cook(recipe_id, cook_id) VALUES (19, 158);
INSERT INTO recipe_cook(recipe_id, cook_id) VALUES (19, 31);
INSERT INTO recipe_cook(recipe_id, cook_id) VALUES (19, 184);
INSERT INTO recipe_cook(recipe_id, cook_id) VALUES (19, 172);
INSERT INTO recipe_cook(recipe_id, cook_id) VALUES (19, 170);
INSERT INTO recipe_cook(recipe_id, cook_id) VALUES (19, 147);
INSERT INTO recipe_cook(recipe_id, cook_id) VALUES (19, 40);
INSERT INTO recipe_cook(recipe_id, cook_id) VALUES (19, 175);
INSERT INTO recipe_cook(recipe_id, cook_id) VALUES (19, 59);
INSERT INTO recipe_cook(recipe_id, cook_id) VALUES (19, 50);
INSERT INTO recipe_cook(recipe_id, cook_id) VALUES (19, 85);
INSERT INTO recipe_cook(recipe_id, cook_id) VALUES (19, 17);
INSERT INTO recipe_cook(recipe_id, cook_id) VALUES (19, 60);
INSERT INTO recipe_cook(recipe_id, cook_id) VALUES (19, 176);
INSERT INTO recipe_cook(recipe_id, cook_id) VALUES (19, 100);
INSERT INTO recipe_cook(recipe_id, cook_id) VALUES (19, 43);
INSERT INTO recipe_cook(recipe_id, cook_id) VALUES (19, 7);
INSERT INTO recipe_cook(recipe_id, cook_id) VALUES (19, 79);
INSERT INTO recipe_cook(recipe_id, cook_id) VALUES (19, 149);
INSERT INTO recipe_cook(recipe_id, cook_id) VALUES (19, 145);
INSERT INTO recipe_cook(recipe_id, cook_id) VALUES (19, 156);
INSERT INTO recipe_cook(recipe_id, cook_id) VALUES (19, 108);
INSERT INTO recipe_cook(recipe_id, cook_id) VALUES (19, 99);
INSERT INTO recipe_cook(recipe_id, cook_id) VALUES (19, 25);
INSERT INTO recipe_cook(recipe_id, cook_id) VALUES (19, 6);
INSERT INTO recipe_cook(recipe_id, cook_id) VALUES (19, 104);
INSERT INTO recipe_cook(recipe_id, cook_id) VALUES (19, 188);
INSERT INTO recipe_cook(recipe_id, cook_id) VALUES (19, 177);
INSERT INTO recipe_cook(recipe_id, cook_id) VALUES (19, 42);
INSERT INTO recipe_cook(recipe_id, cook_id) VALUES (19, 148);
INSERT INTO recipe_cook(recipe_id, cook_id) VALUES (19, 194);
INSERT INTO recipe_cook(recipe_id, cook_id) VALUES (19, 116);
INSERT INTO recipe_cook(recipe_id, cook_id) VALUES (19, 162);
INSERT INTO recipe_cook(recipe_id, cook_id) VALUES (19, 22);
INSERT INTO recipe_cook(recipe_id, cook_id) VALUES (19, 36);
INSERT INTO recipe_cook(recipe_id, cook_id) VALUES (19, 179);
INSERT INTO recipe_cook(recipe_id, cook_id) VALUES (19, 114);
INSERT INTO recipe_cook(recipe_id, cook_id) VALUES (19, 132);
INSERT INTO recipe_cook(recipe_id, cook_id) VALUES (19, 107);
INSERT INTO recipe_cook(recipe_id, cook_id) VALUES (19, 139);
INSERT INTO recipe_cook(recipe_id, cook_id) VALUES (19, 168);
INSERT INTO recipe_cook(recipe_id, cook_id) VALUES (19, 102);
INSERT INTO recipe_cook(recipe_id, cook_id) VALUES (19, 8);
INSERT INTO recipe_cook(recipe_id, cook_id) VALUES (19, 195);
INSERT INTO recipe_cook(recipe_id, cook_id) VALUES (19, 49);
INSERT INTO recipe_cook(recipe_id, cook_id) VALUES (19, 66);
INSERT INTO recipe_cook(recipe_id, cook_id) VALUES (19, 161);
INSERT INTO recipe_cook(recipe_id, cook_id) VALUES (19, 1);
INSERT INTO recipe_cook(recipe_id, cook_id) VALUES (19, 190);
INSERT INTO recipe_cook(recipe_id, cook_id) VALUES (19, 171);
INSERT INTO recipe_cook(recipe_id, cook_id) VALUES (19, 178);
INSERT INTO recipe_cook(recipe_id, cook_id) VALUES (19, 13);
INSERT INTO recipe_cook(recipe_id, cook_id) VALUES (19, 82);
INSERT INTO recipe_cook(recipe_id, cook_id) VALUES (19, 35);
INSERT INTO recipe_cook(recipe_id, cook_id) VALUES (19, 187);
INSERT INTO recipe_cook(recipe_id, cook_id) VALUES (19, 70);
INSERT INTO recipe_theme(recipe_id, theme_id) VALUES (19, 11);
INSERT INTO recipe_tip(recipe_id, tip_id) VALUES (19, 19);
INSERT INTO recipe_tip(recipe_id, tip_id) VALUES (19, 14);
INSERT INTO recipe_tip(recipe_id, tip_id) VALUES (19, 3);

INSERT INTO recipe(baking, cuisine_id, difficulty, title, recipe_description, prep_time, cook_time, portions, fat_portion, protein_portion, carbo_portion, picture, picture_description) VALUES(0, 28, 2,'Pancakes', 'Run hotel later. Radio citizen clearly policy. Can plant go fire food six space more.', 105, 10, 2, 25, 15,50, 'https://placekitten.com/316/106', 'Blood wish page agreement environmental sit.');
INSERT INTO recipe_meal_type(recipe_id, meal_type_id) VALUES (20, 5);
INSERT INTO recipe_tag(recipe_id, tag_id) VALUES (20, 28);
INSERT INTO recipe_tag(recipe_id, tag_id) VALUES (20, 26);
INSERT INTO recipe_tag(recipe_id, tag_id) VALUES (20, 10);
INSERT INTO recipe_tag(recipe_id, tag_id) VALUES (20, 34);
INSERT INTO recipe_tag(recipe_id, tag_id) VALUES (20, 5);
INSERT INTO recipe_tag(recipe_id, tag_id) VALUES (20, 33);
INSERT INTO recipe_tag(recipe_id, tag_id) VALUES (20, 9);
INSERT INTO recipe_tag(recipe_id, tag_id) VALUES (20, 97);
INSERT INTO recipe_equipment(recipe_id, equipment_id, num) VALUES (20, 2, 2);
INSERT INTO recipe_equipment(recipe_id, equipment_id, num) VALUES (20, 1, 4);
INSERT INTO recipe_equipment(recipe_id, equipment_id, num) VALUES (20, 14, 2);
INSERT INTO recipe_equipment(recipe_id, equipment_id, num) VALUES (20, 5, 4);
INSERT INTO recipe_equipment(recipe_id, equipment_id, num) VALUES (20, 9, 3);
INSERT INTO recipe_equipment(recipe_id, equipment_id, num) VALUES (20, 3, 3);
INSERT INTO recipe_cook(recipe_id, cook_id) VALUES (20, 88);
INSERT INTO recipe_cook(recipe_id, cook_id) VALUES (20, 93);
INSERT INTO recipe_cook(recipe_id, cook_id) VALUES (20, 37);
INSERT INTO recipe_cook(recipe_id, cook_id) VALUES (20, 84);
INSERT INTO recipe_cook(recipe_id, cook_id) VALUES (20, 163);
INSERT INTO recipe_cook(recipe_id, cook_id) VALUES (20, 164);
INSERT INTO recipe_cook(recipe_id, cook_id) VALUES (20, 14);
INSERT INTO recipe_cook(recipe_id, cook_id) VALUES (20, 82);
INSERT INTO recipe_cook(recipe_id, cook_id) VALUES (20, 64);
INSERT INTO recipe_cook(recipe_id, cook_id) VALUES (20, 140);
INSERT INTO recipe_cook(recipe_id, cook_id) VALUES (20, 134);
INSERT INTO recipe_cook(recipe_id, cook_id) VALUES (20, 21);
INSERT INTO recipe_cook(recipe_id, cook_id) VALUES (20, 100);
INSERT INTO recipe_cook(recipe_id, cook_id) VALUES (20, 149);
INSERT INTO recipe_cook(recipe_id, cook_id) VALUES (20, 89);
INSERT INTO recipe_cook(recipe_id, cook_id) VALUES (20, 200);
INSERT INTO recipe_cook(recipe_id, cook_id) VALUES (20, 45);
INSERT INTO recipe_cook(recipe_id, cook_id) VALUES (20, 3);
INSERT INTO recipe_cook(recipe_id, cook_id) VALUES (20, 145);
INSERT INTO recipe_cook(recipe_id, cook_id) VALUES (20, 124);
INSERT INTO recipe_cook(recipe_id, cook_id) VALUES (20, 167);
INSERT INTO recipe_cook(recipe_id, cook_id) VALUES (20, 192);
INSERT INTO recipe_cook(recipe_id, cook_id) VALUES (20, 71);
INSERT INTO recipe_cook(recipe_id, cook_id) VALUES (20, 99);
INSERT INTO recipe_cook(recipe_id, cook_id) VALUES (20, 130);
INSERT INTO recipe_cook(recipe_id, cook_id) VALUES (20, 156);
INSERT INTO recipe_cook(recipe_id, cook_id) VALUES (20, 104);
INSERT INTO recipe_cook(recipe_id, cook_id) VALUES (20, 142);
INSERT INTO recipe_cook(recipe_id, cook_id) VALUES (20, 129);
INSERT INTO recipe_cook(recipe_id, cook_id) VALUES (20, 180);
INSERT INTO recipe_cook(recipe_id, cook_id) VALUES (20, 185);
INSERT INTO recipe_cook(recipe_id, cook_id) VALUES (20, 39);
INSERT INTO recipe_cook(recipe_id, cook_id) VALUES (20, 103);
INSERT INTO recipe_cook(recipe_id, cook_id) VALUES (20, 148);
INSERT INTO recipe_cook(recipe_id, cook_id) VALUES (20, 147);
INSERT INTO recipe_cook(recipe_id, cook_id) VALUES (20, 122);
INSERT INTO recipe_cook(recipe_id, cook_id) VALUES (20, 51);
INSERT INTO recipe_cook(recipe_id, cook_id) VALUES (20, 170);
INSERT INTO recipe_cook(recipe_id, cook_id) VALUES (20, 53);
INSERT INTO recipe_cook(recipe_id, cook_id) VALUES (20, 68);
INSERT INTO recipe_cook(recipe_id, cook_id) VALUES (20, 42);
INSERT INTO recipe_cook(recipe_id, cook_id) VALUES (20, 157);
INSERT INTO recipe_cook(recipe_id, cook_id) VALUES (20, 179);
INSERT INTO recipe_cook(recipe_id, cook_id) VALUES (20, 86);
INSERT INTO recipe_cook(recipe_id, cook_id) VALUES (20, 159);
INSERT INTO recipe_cook(recipe_id, cook_id) VALUES (20, 173);
INSERT INTO recipe_cook(recipe_id, cook_id) VALUES (20, 66);
INSERT INTO recipe_cook(recipe_id, cook_id) VALUES (20, 74);
INSERT INTO recipe_cook(recipe_id, cook_id) VALUES (20, 97);
INSERT INTO recipe_cook(recipe_id, cook_id) VALUES (20, 95);
INSERT INTO recipe_cook(recipe_id, cook_id) VALUES (20, 73);
INSERT INTO recipe_cook(recipe_id, cook_id) VALUES (20, 115);
INSERT INTO recipe_cook(recipe_id, cook_id) VALUES (20, 131);
INSERT INTO recipe_cook(recipe_id, cook_id) VALUES (20, 126);
INSERT INTO recipe_cook(recipe_id, cook_id) VALUES (20, 13);
INSERT INTO recipe_cook(recipe_id, cook_id) VALUES (20, 79);
INSERT INTO recipe_cook(recipe_id, cook_id) VALUES (20, 143);
INSERT INTO recipe_cook(recipe_id, cook_id) VALUES (20, 55);
INSERT INTO recipe_cook(recipe_id, cook_id) VALUES (20, 110);
INSERT INTO recipe_cook(recipe_id, cook_id) VALUES (20, 32);
INSERT INTO recipe_theme(recipe_id, theme_id) VALUES (20, 18);
INSERT INTO recipe_tip(recipe_id, tip_id) VALUES (20, 13);
INSERT INTO recipe_tip(recipe_id, tip_id) VALUES (20, 14);
INSERT INTO recipe_tip(recipe_id, tip_id) VALUES (20, 25);

INSERT INTO recipe(baking, cuisine_id, difficulty, title, recipe_description, prep_time, cook_time, portions, fat_portion, protein_portion, carbo_portion, picture, picture_description) VALUES(1, 33, 5,'Vanilla Cupcakes', 'Interesting training but want medical purpose leader. Forget catch plant fact.', 55, 0, 5, 35, 20,85, 'https://placekitten.com/70/686', 'Town allow ever citizen ready.');
INSERT INTO recipe_meal_type(recipe_id, meal_type_id) VALUES (21, 1);
INSERT INTO recipe_tag(recipe_id, tag_id) VALUES (21, 57);
INSERT INTO recipe_tag(recipe_id, tag_id) VALUES (21, 66);
INSERT INTO recipe_equipment(recipe_id, equipment_id, num) VALUES (21, 5, 2);
INSERT INTO recipe_equipment(recipe_id, equipment_id, num) VALUES (21, 4, 3);
INSERT INTO recipe_equipment(recipe_id, equipment_id, num) VALUES (21, 17, 4);
INSERT INTO recipe_equipment(recipe_id, equipment_id, num) VALUES (21, 18, 2);
INSERT INTO recipe_cook(recipe_id, cook_id) VALUES (21, 69);
INSERT INTO recipe_cook(recipe_id, cook_id) VALUES (21, 6);
INSERT INTO recipe_cook(recipe_id, cook_id) VALUES (21, 73);
INSERT INTO recipe_cook(recipe_id, cook_id) VALUES (21, 166);
INSERT INTO recipe_cook(recipe_id, cook_id) VALUES (21, 23);
INSERT INTO recipe_cook(recipe_id, cook_id) VALUES (21, 10);
INSERT INTO recipe_cook(recipe_id, cook_id) VALUES (21, 122);
INSERT INTO recipe_cook(recipe_id, cook_id) VALUES (21, 182);
INSERT INTO recipe_cook(recipe_id, cook_id) VALUES (21, 161);
INSERT INTO recipe_cook(recipe_id, cook_id) VALUES (21, 119);
INSERT INTO recipe_cook(recipe_id, cook_id) VALUES (21, 62);
INSERT INTO recipe_cook(recipe_id, cook_id) VALUES (21, 18);
INSERT INTO recipe_cook(recipe_id, cook_id) VALUES (21, 154);
INSERT INTO recipe_cook(recipe_id, cook_id) VALUES (21, 130);
INSERT INTO recipe_cook(recipe_id, cook_id) VALUES (21, 2);
INSERT INTO recipe_cook(recipe_id, cook_id) VALUES (21, 40);
INSERT INTO recipe_cook(recipe_id, cook_id) VALUES (21, 199);
INSERT INTO recipe_cook(recipe_id, cook_id) VALUES (21, 75);
INSERT INTO recipe_cook(recipe_id, cook_id) VALUES (21, 137);
INSERT INTO recipe_cook(recipe_id, cook_id) VALUES (21, 184);
INSERT INTO recipe_theme(recipe_id, theme_id) VALUES (21, 31);
INSERT INTO recipe_theme(recipe_id, theme_id) VALUES (21, 11);
INSERT INTO recipe_tip(recipe_id, tip_id) VALUES (21, 18);
INSERT INTO recipe_tip(recipe_id, tip_id) VALUES (21, 17);

INSERT INTO recipe(baking, cuisine_id, difficulty, title, recipe_description, prep_time, cook_time, portions, fat_portion, protein_portion, carbo_portion, picture, picture_description) VALUES(0, 45, 4,'Eggs Benedict', 'That old modern imagine well what. Reason course perform address room another item woman. Relate worker approach yes activity. Great cost one worry form view leader.', 15, 10, 4, 30, 15,85, 'https://dummyimage.com/923x1020', 'Late get one wife worry provide.');
INSERT INTO recipe_meal_type(recipe_id, meal_type_id) VALUES (22, 3);
INSERT INTO recipe_tag(recipe_id, tag_id) VALUES (22, 50);
INSERT INTO recipe_tag(recipe_id, tag_id) VALUES (22, 52);
INSERT INTO recipe_tag(recipe_id, tag_id) VALUES (22, 100);
INSERT INTO recipe_tag(recipe_id, tag_id) VALUES (22, 92);
INSERT INTO recipe_equipment(recipe_id, equipment_id, num) VALUES (22, 17, 1);
INSERT INTO recipe_equipment(recipe_id, equipment_id, num) VALUES (22, 19, 3);
INSERT INTO recipe_equipment(recipe_id, equipment_id, num) VALUES (22, 13, 3);
INSERT INTO recipe_equipment(recipe_id, equipment_id, num) VALUES (22, 14, 4);
INSERT INTO recipe_equipment(recipe_id, equipment_id, num) VALUES (22, 1, 1);
INSERT INTO recipe_equipment(recipe_id, equipment_id, num) VALUES (22, 16, 3);
INSERT INTO recipe_equipment(recipe_id, equipment_id, num) VALUES (22, 10, 3);
INSERT INTO recipe_cook(recipe_id, cook_id) VALUES (22, 180);
INSERT INTO recipe_cook(recipe_id, cook_id) VALUES (22, 186);
INSERT INTO recipe_cook(recipe_id, cook_id) VALUES (22, 118);
INSERT INTO recipe_cook(recipe_id, cook_id) VALUES (22, 45);
INSERT INTO recipe_cook(recipe_id, cook_id) VALUES (22, 187);
INSERT INTO recipe_cook(recipe_id, cook_id) VALUES (22, 30);
INSERT INTO recipe_cook(recipe_id, cook_id) VALUES (22, 72);
INSERT INTO recipe_cook(recipe_id, cook_id) VALUES (22, 74);
INSERT INTO recipe_cook(recipe_id, cook_id) VALUES (22, 92);
INSERT INTO recipe_cook(recipe_id, cook_id) VALUES (22, 18);
INSERT INTO recipe_cook(recipe_id, cook_id) VALUES (22, 54);
INSERT INTO recipe_cook(recipe_id, cook_id) VALUES (22, 86);
INSERT INTO recipe_cook(recipe_id, cook_id) VALUES (22, 12);
INSERT INTO recipe_cook(recipe_id, cook_id) VALUES (22, 176);
INSERT INTO recipe_cook(recipe_id, cook_id) VALUES (22, 138);
INSERT INTO recipe_cook(recipe_id, cook_id) VALUES (22, 130);
INSERT INTO recipe_cook(recipe_id, cook_id) VALUES (22, 33);
INSERT INTO recipe_cook(recipe_id, cook_id) VALUES (22, 150);
INSERT INTO recipe_cook(recipe_id, cook_id) VALUES (22, 104);
INSERT INTO recipe_cook(recipe_id, cook_id) VALUES (22, 63);
INSERT INTO recipe_cook(recipe_id, cook_id) VALUES (22, 122);
INSERT INTO recipe_cook(recipe_id, cook_id) VALUES (22, 8);
INSERT INTO recipe_cook(recipe_id, cook_id) VALUES (22, 117);
INSERT INTO recipe_cook(recipe_id, cook_id) VALUES (22, 170);
INSERT INTO recipe_cook(recipe_id, cook_id) VALUES (22, 94);
INSERT INTO recipe_cook(recipe_id, cook_id) VALUES (22, 191);
INSERT INTO recipe_cook(recipe_id, cook_id) VALUES (22, 173);
INSERT INTO recipe_cook(recipe_id, cook_id) VALUES (22, 198);
INSERT INTO recipe_cook(recipe_id, cook_id) VALUES (22, 29);
INSERT INTO recipe_cook(recipe_id, cook_id) VALUES (22, 23);
INSERT INTO recipe_cook(recipe_id, cook_id) VALUES (22, 129);
INSERT INTO recipe_cook(recipe_id, cook_id) VALUES (22, 166);
INSERT INTO recipe_cook(recipe_id, cook_id) VALUES (22, 24);
INSERT INTO recipe_cook(recipe_id, cook_id) VALUES (22, 154);
INSERT INTO recipe_cook(recipe_id, cook_id) VALUES (22, 56);
INSERT INTO recipe_cook(recipe_id, cook_id) VALUES (22, 153);
INSERT INTO recipe_cook(recipe_id, cook_id) VALUES (22, 195);
INSERT INTO recipe_cook(recipe_id, cook_id) VALUES (22, 46);
INSERT INTO recipe_cook(recipe_id, cook_id) VALUES (22, 99);
INSERT INTO recipe_cook(recipe_id, cook_id) VALUES (22, 145);
INSERT INTO recipe_cook(recipe_id, cook_id) VALUES (22, 90);
INSERT INTO recipe_cook(recipe_id, cook_id) VALUES (22, 75);
INSERT INTO recipe_cook(recipe_id, cook_id) VALUES (22, 64);
INSERT INTO recipe_cook(recipe_id, cook_id) VALUES (22, 184);
INSERT INTO recipe_cook(recipe_id, cook_id) VALUES (22, 152);
INSERT INTO recipe_cook(recipe_id, cook_id) VALUES (22, 61);
INSERT INTO recipe_cook(recipe_id, cook_id) VALUES (22, 148);
INSERT INTO recipe_cook(recipe_id, cook_id) VALUES (22, 11);
INSERT INTO recipe_cook(recipe_id, cook_id) VALUES (22, 116);
INSERT INTO recipe_cook(recipe_id, cook_id) VALUES (22, 111);
INSERT INTO recipe_cook(recipe_id, cook_id) VALUES (22, 83);
INSERT INTO recipe_cook(recipe_id, cook_id) VALUES (22, 120);
INSERT INTO recipe_cook(recipe_id, cook_id) VALUES (22, 1);
INSERT INTO recipe_cook(recipe_id, cook_id) VALUES (22, 78);
INSERT INTO recipe_cook(recipe_id, cook_id) VALUES (22, 146);
INSERT INTO recipe_cook(recipe_id, cook_id) VALUES (22, 124);
INSERT INTO recipe_cook(recipe_id, cook_id) VALUES (22, 156);
INSERT INTO recipe_cook(recipe_id, cook_id) VALUES (22, 49);
INSERT INTO recipe_cook(recipe_id, cook_id) VALUES (22, 52);
INSERT INTO recipe_cook(recipe_id, cook_id) VALUES (22, 179);
INSERT INTO recipe_cook(recipe_id, cook_id) VALUES (22, 81);
INSERT INTO recipe_cook(recipe_id, cook_id) VALUES (22, 181);
INSERT INTO recipe_cook(recipe_id, cook_id) VALUES (22, 141);
INSERT INTO recipe_cook(recipe_id, cook_id) VALUES (22, 14);
INSERT INTO recipe_cook(recipe_id, cook_id) VALUES (22, 44);
INSERT INTO recipe_cook(recipe_id, cook_id) VALUES (22, 66);
INSERT INTO recipe_cook(recipe_id, cook_id) VALUES (22, 159);
INSERT INTO recipe_cook(recipe_id, cook_id) VALUES (22, 165);
INSERT INTO recipe_cook(recipe_id, cook_id) VALUES (22, 113);
INSERT INTO recipe_cook(recipe_id, cook_id) VALUES (22, 110);
INSERT INTO recipe_cook(recipe_id, cook_id) VALUES (22, 115);
INSERT INTO recipe_cook(recipe_id, cook_id) VALUES (22, 51);
INSERT INTO recipe_cook(recipe_id, cook_id) VALUES (22, 53);
INSERT INTO recipe_cook(recipe_id, cook_id) VALUES (22, 157);
INSERT INTO recipe_cook(recipe_id, cook_id) VALUES (22, 19);
INSERT INTO recipe_cook(recipe_id, cook_id) VALUES (22, 91);
INSERT INTO recipe_cook(recipe_id, cook_id) VALUES (22, 28);
INSERT INTO recipe_cook(recipe_id, cook_id) VALUES (22, 162);
INSERT INTO recipe_cook(recipe_id, cook_id) VALUES (22, 34);
INSERT INTO recipe_cook(recipe_id, cook_id) VALUES (22, 199);
INSERT INTO recipe_cook(recipe_id, cook_id) VALUES (22, 109);
INSERT INTO recipe_cook(recipe_id, cook_id) VALUES (22, 140);
INSERT INTO recipe_cook(recipe_id, cook_id) VALUES (22, 70);
INSERT INTO recipe_cook(recipe_id, cook_id) VALUES (22, 125);
INSERT INTO recipe_cook(recipe_id, cook_id) VALUES (22, 57);
INSERT INTO recipe_cook(recipe_id, cook_id) VALUES (22, 169);
INSERT INTO recipe_cook(recipe_id, cook_id) VALUES (22, 25);
INSERT INTO recipe_theme(recipe_id, theme_id) VALUES (22, 26);
INSERT INTO recipe_tip(recipe_id, tip_id) VALUES (22, 15);
INSERT INTO recipe_tip(recipe_id, tip_id) VALUES (22, 9);
INSERT INTO recipe_tip(recipe_id, tip_id) VALUES (22, 38);

INSERT INTO recipe(baking, cuisine_id, difficulty, title, recipe_description, prep_time, cook_time, portions, fat_portion, protein_portion, carbo_portion, picture, picture_description) VALUES(1, 11, 5,'Banana Bread', 'Sound leader someone sound different. Job century member opportunity rate speech. While chance machine later well. Discuss over more century star. Detail policy really ground spend company.', 45, 70, 1, 15, 5,85, 'https://dummyimage.com/550x43', 'Get approach song something.');
INSERT INTO recipe_meal_type(recipe_id, meal_type_id) VALUES (23, 1);
INSERT INTO recipe_tag(recipe_id, tag_id) VALUES (23, 90);
INSERT INTO recipe_equipment(recipe_id, equipment_id, num) VALUES (23, 11, 3);
INSERT INTO recipe_equipment(recipe_id, equipment_id, num) VALUES (23, 6, 4);
INSERT INTO recipe_equipment(recipe_id, equipment_id, num) VALUES (23, 8, 2);
INSERT INTO recipe_cook(recipe_id, cook_id) VALUES (23, 111);
INSERT INTO recipe_cook(recipe_id, cook_id) VALUES (23, 134);
INSERT INTO recipe_cook(recipe_id, cook_id) VALUES (23, 106);
INSERT INTO recipe_cook(recipe_id, cook_id) VALUES (23, 162);
INSERT INTO recipe_cook(recipe_id, cook_id) VALUES (23, 1);
INSERT INTO recipe_cook(recipe_id, cook_id) VALUES (23, 78);
INSERT INTO recipe_theme(recipe_id, theme_id) VALUES (23, 6);
INSERT INTO recipe_theme(recipe_id, theme_id) VALUES (23, 40);
INSERT INTO recipe_tip(recipe_id, tip_id) VALUES (23, 32);
INSERT INTO recipe_tip(recipe_id, tip_id) VALUES (23, 26);

INSERT INTO recipe(baking, cuisine_id, difficulty, title, recipe_description, prep_time, cook_time, portions, fat_portion, protein_portion, carbo_portion, picture, picture_description) VALUES(1, 37, 2,'Frittata', 'Thus low imagine mission build skill find impact. Future food well sound.', 115, 10, 1, 40, 15,70, 'https://dummyimage.com/838x564', 'Partner usually western provide.');
INSERT INTO recipe_meal_type(recipe_id, meal_type_id) VALUES (24, 3);
INSERT INTO recipe_tag(recipe_id, tag_id) VALUES (24, 44);
INSERT INTO recipe_equipment(recipe_id, equipment_id, num) VALUES (24, 7, 2);
INSERT INTO recipe_equipment(recipe_id, equipment_id, num) VALUES (24, 4, 4);
INSERT INTO recipe_equipment(recipe_id, equipment_id, num) VALUES (24, 19, 4);
INSERT INTO recipe_equipment(recipe_id, equipment_id, num) VALUES (24, 5, 1);
INSERT INTO recipe_equipment(recipe_id, equipment_id, num) VALUES (24, 14, 2);
INSERT INTO recipe_equipment(recipe_id, equipment_id, num) VALUES (24, 16, 1);
INSERT INTO recipe_cook(recipe_id, cook_id) VALUES (24, 184);
INSERT INTO recipe_cook(recipe_id, cook_id) VALUES (24, 110);
INSERT INTO recipe_cook(recipe_id, cook_id) VALUES (24, 120);
INSERT INTO recipe_cook(recipe_id, cook_id) VALUES (24, 82);
INSERT INTO recipe_cook(recipe_id, cook_id) VALUES (24, 148);
INSERT INTO recipe_cook(recipe_id, cook_id) VALUES (24, 95);
INSERT INTO recipe_cook(recipe_id, cook_id) VALUES (24, 98);
INSERT INTO recipe_cook(recipe_id, cook_id) VALUES (24, 64);
INSERT INTO recipe_cook(recipe_id, cook_id) VALUES (24, 67);
INSERT INTO recipe_cook(recipe_id, cook_id) VALUES (24, 46);
INSERT INTO recipe_cook(recipe_id, cook_id) VALUES (24, 71);
INSERT INTO recipe_cook(recipe_id, cook_id) VALUES (24, 89);
INSERT INTO recipe_cook(recipe_id, cook_id) VALUES (24, 57);
INSERT INTO recipe_cook(recipe_id, cook_id) VALUES (24, 121);
INSERT INTO recipe_cook(recipe_id, cook_id) VALUES (24, 68);
INSERT INTO recipe_cook(recipe_id, cook_id) VALUES (24, 19);
INSERT INTO recipe_cook(recipe_id, cook_id) VALUES (24, 171);
INSERT INTO recipe_cook(recipe_id, cook_id) VALUES (24, 94);
INSERT INTO recipe_cook(recipe_id, cook_id) VALUES (24, 190);
INSERT INTO recipe_cook(recipe_id, cook_id) VALUES (24, 106);
INSERT INTO recipe_cook(recipe_id, cook_id) VALUES (24, 182);
INSERT INTO recipe_cook(recipe_id, cook_id) VALUES (24, 107);
INSERT INTO recipe_cook(recipe_id, cook_id) VALUES (24, 197);
INSERT INTO recipe_cook(recipe_id, cook_id) VALUES (24, 72);
INSERT INTO recipe_cook(recipe_id, cook_id) VALUES (24, 40);
INSERT INTO recipe_cook(recipe_id, cook_id) VALUES (24, 169);
INSERT INTO recipe_cook(recipe_id, cook_id) VALUES (24, 112);
INSERT INTO recipe_cook(recipe_id, cook_id) VALUES (24, 104);
INSERT INTO recipe_cook(recipe_id, cook_id) VALUES (24, 161);
INSERT INTO recipe_cook(recipe_id, cook_id) VALUES (24, 13);
INSERT INTO recipe_cook(recipe_id, cook_id) VALUES (24, 25);
INSERT INTO recipe_cook(recipe_id, cook_id) VALUES (24, 11);
INSERT INTO recipe_cook(recipe_id, cook_id) VALUES (24, 80);
INSERT INTO recipe_cook(recipe_id, cook_id) VALUES (24, 32);
INSERT INTO recipe_cook(recipe_id, cook_id) VALUES (24, 60);
INSERT INTO recipe_cook(recipe_id, cook_id) VALUES (24, 29);
INSERT INTO recipe_cook(recipe_id, cook_id) VALUES (24, 173);
INSERT INTO recipe_cook(recipe_id, cook_id) VALUES (24, 144);
INSERT INTO recipe_cook(recipe_id, cook_id) VALUES (24, 145);
INSERT INTO recipe_cook(recipe_id, cook_id) VALUES (24, 2);
INSERT INTO recipe_cook(recipe_id, cook_id) VALUES (24, 186);
INSERT INTO recipe_cook(recipe_id, cook_id) VALUES (24, 167);
INSERT INTO recipe_cook(recipe_id, cook_id) VALUES (24, 124);
INSERT INTO recipe_cook(recipe_id, cook_id) VALUES (24, 65);
INSERT INTO recipe_cook(recipe_id, cook_id) VALUES (24, 78);
INSERT INTO recipe_cook(recipe_id, cook_id) VALUES (24, 26);
INSERT INTO recipe_cook(recipe_id, cook_id) VALUES (24, 101);
INSERT INTO recipe_cook(recipe_id, cook_id) VALUES (24, 111);
INSERT INTO recipe_cook(recipe_id, cook_id) VALUES (24, 147);
INSERT INTO recipe_cook(recipe_id, cook_id) VALUES (24, 18);
INSERT INTO recipe_cook(recipe_id, cook_id) VALUES (24, 158);
INSERT INTO recipe_cook(recipe_id, cook_id) VALUES (24, 97);
INSERT INTO recipe_cook(recipe_id, cook_id) VALUES (24, 125);
INSERT INTO recipe_cook(recipe_id, cook_id) VALUES (24, 63);
INSERT INTO recipe_cook(recipe_id, cook_id) VALUES (24, 38);
INSERT INTO recipe_cook(recipe_id, cook_id) VALUES (24, 198);
INSERT INTO recipe_cook(recipe_id, cook_id) VALUES (24, 176);
INSERT INTO recipe_cook(recipe_id, cook_id) VALUES (24, 48);
INSERT INTO recipe_cook(recipe_id, cook_id) VALUES (24, 73);
INSERT INTO recipe_cook(recipe_id, cook_id) VALUES (24, 16);
INSERT INTO recipe_cook(recipe_id, cook_id) VALUES (24, 138);
INSERT INTO recipe_cook(recipe_id, cook_id) VALUES (24, 22);
INSERT INTO recipe_cook(recipe_id, cook_id) VALUES (24, 20);
INSERT INTO recipe_cook(recipe_id, cook_id) VALUES (24, 116);
INSERT INTO recipe_cook(recipe_id, cook_id) VALUES (24, 185);
INSERT INTO recipe_cook(recipe_id, cook_id) VALUES (24, 195);
INSERT INTO recipe_cook(recipe_id, cook_id) VALUES (24, 153);
INSERT INTO recipe_cook(recipe_id, cook_id) VALUES (24, 156);
INSERT INTO recipe_cook(recipe_id, cook_id) VALUES (24, 6);
INSERT INTO recipe_cook(recipe_id, cook_id) VALUES (24, 92);
INSERT INTO recipe_cook(recipe_id, cook_id) VALUES (24, 139);
INSERT INTO recipe_cook(recipe_id, cook_id) VALUES (24, 15);
INSERT INTO recipe_cook(recipe_id, cook_id) VALUES (24, 183);
INSERT INTO recipe_cook(recipe_id, cook_id) VALUES (24, 172);
INSERT INTO recipe_cook(recipe_id, cook_id) VALUES (24, 163);
INSERT INTO recipe_cook(recipe_id, cook_id) VALUES (24, 170);
INSERT INTO recipe_cook(recipe_id, cook_id) VALUES (24, 36);
INSERT INTO recipe_cook(recipe_id, cook_id) VALUES (24, 181);
INSERT INTO recipe_cook(recipe_id, cook_id) VALUES (24, 194);
INSERT INTO recipe_cook(recipe_id, cook_id) VALUES (24, 5);
INSERT INTO recipe_cook(recipe_id, cook_id) VALUES (24, 189);
INSERT INTO recipe_cook(recipe_id, cook_id) VALUES (24, 91);
INSERT INTO recipe_cook(recipe_id, cook_id) VALUES (24, 128);
INSERT INTO recipe_cook(recipe_id, cook_id) VALUES (24, 192);
INSERT INTO recipe_cook(recipe_id, cook_id) VALUES (24, 42);
INSERT INTO recipe_cook(recipe_id, cook_id) VALUES (24, 200);
INSERT INTO recipe_cook(recipe_id, cook_id) VALUES (24, 100);
INSERT INTO recipe_cook(recipe_id, cook_id) VALUES (24, 142);
INSERT INTO recipe_cook(recipe_id, cook_id) VALUES (24, 133);
INSERT INTO recipe_cook(recipe_id, cook_id) VALUES (24, 154);
INSERT INTO recipe_cook(recipe_id, cook_id) VALUES (24, 70);
INSERT INTO recipe_cook(recipe_id, cook_id) VALUES (24, 132);
INSERT INTO recipe_cook(recipe_id, cook_id) VALUES (24, 7);
INSERT INTO recipe_cook(recipe_id, cook_id) VALUES (24, 141);
INSERT INTO recipe_cook(recipe_id, cook_id) VALUES (24, 166);
INSERT INTO recipe_cook(recipe_id, cook_id) VALUES (24, 61);
INSERT INTO recipe_cook(recipe_id, cook_id) VALUES (24, 35);
INSERT INTO recipe_cook(recipe_id, cook_id) VALUES (24, 27);
INSERT INTO recipe_cook(recipe_id, cook_id) VALUES (24, 45);
INSERT INTO recipe_cook(recipe_id, cook_id) VALUES (24, 131);
INSERT INTO recipe_cook(recipe_id, cook_id) VALUES (24, 44);
INSERT INTO recipe_cook(recipe_id, cook_id) VALUES (24, 135);
INSERT INTO recipe_cook(recipe_id, cook_id) VALUES (24, 174);
INSERT INTO recipe_cook(recipe_id, cook_id) VALUES (24, 17);
INSERT INTO recipe_cook(recipe_id, cook_id) VALUES (24, 87);
INSERT INTO recipe_cook(recipe_id, cook_id) VALUES (24, 12);
INSERT INTO recipe_cook(recipe_id, cook_id) VALUES (24, 3);
INSERT INTO recipe_cook(recipe_id, cook_id) VALUES (24, 93);
INSERT INTO recipe_cook(recipe_id, cook_id) VALUES (24, 47);
INSERT INTO recipe_cook(recipe_id, cook_id) VALUES (24, 113);
INSERT INTO recipe_cook(recipe_id, cook_id) VALUES (24, 34);
INSERT INTO recipe_cook(recipe_id, cook_id) VALUES (24, 50);
INSERT INTO recipe_cook(recipe_id, cook_id) VALUES (24, 31);
INSERT INTO recipe_cook(recipe_id, cook_id) VALUES (24, 55);
INSERT INTO recipe_cook(recipe_id, cook_id) VALUES (24, 199);
INSERT INTO recipe_cook(recipe_id, cook_id) VALUES (24, 193);
INSERT INTO recipe_cook(recipe_id, cook_id) VALUES (24, 99);
INSERT INTO recipe_cook(recipe_id, cook_id) VALUES (24, 54);
INSERT INTO recipe_cook(recipe_id, cook_id) VALUES (24, 187);
INSERT INTO recipe_cook(recipe_id, cook_id) VALUES (24, 41);
INSERT INTO recipe_cook(recipe_id, cook_id) VALUES (24, 196);
INSERT INTO recipe_cook(recipe_id, cook_id) VALUES (24, 164);
INSERT INTO recipe_cook(recipe_id, cook_id) VALUES (24, 24);
INSERT INTO recipe_cook(recipe_id, cook_id) VALUES (24, 77);
INSERT INTO recipe_cook(recipe_id, cook_id) VALUES (24, 180);
INSERT INTO recipe_cook(recipe_id, cook_id) VALUES (24, 85);
INSERT INTO recipe_cook(recipe_id, cook_id) VALUES (24, 53);
INSERT INTO recipe_cook(recipe_id, cook_id) VALUES (24, 152);
INSERT INTO recipe_cook(recipe_id, cook_id) VALUES (24, 62);
INSERT INTO recipe_cook(recipe_id, cook_id) VALUES (24, 150);
INSERT INTO recipe_cook(recipe_id, cook_id) VALUES (24, 59);
INSERT INTO recipe_cook(recipe_id, cook_id) VALUES (24, 114);
INSERT INTO recipe_cook(recipe_id, cook_id) VALUES (24, 43);
INSERT INTO recipe_cook(recipe_id, cook_id) VALUES (24, 21);
INSERT INTO recipe_cook(recipe_id, cook_id) VALUES (24, 155);
INSERT INTO recipe_cook(recipe_id, cook_id) VALUES (24, 159);
INSERT INTO recipe_cook(recipe_id, cook_id) VALUES (24, 103);
INSERT INTO recipe_cook(recipe_id, cook_id) VALUES (24, 109);
INSERT INTO recipe_cook(recipe_id, cook_id) VALUES (24, 75);
INSERT INTO recipe_cook(recipe_id, cook_id) VALUES (24, 130);
INSERT INTO recipe_cook(recipe_id, cook_id) VALUES (24, 160);
INSERT INTO recipe_cook(recipe_id, cook_id) VALUES (24, 86);
INSERT INTO recipe_cook(recipe_id, cook_id) VALUES (24, 74);
INSERT INTO recipe_cook(recipe_id, cook_id) VALUES (24, 14);
INSERT INTO recipe_cook(recipe_id, cook_id) VALUES (24, 134);
INSERT INTO recipe_theme(recipe_id, theme_id) VALUES (24, 40);
INSERT INTO recipe_theme(recipe_id, theme_id) VALUES (24, 30);
INSERT INTO recipe_theme(recipe_id, theme_id) VALUES (24, 13);
INSERT INTO recipe_tip(recipe_id, tip_id) VALUES (24, 15);
INSERT INTO recipe_tip(recipe_id, tip_id) VALUES (24, 5);

INSERT INTO recipe(baking, cuisine_id, difficulty, title, recipe_description, prep_time, cook_time, portions, fat_portion, protein_portion, carbo_portion, picture, picture_description) VALUES(0, 38, 2,'Caprese Salad', 'Pay agent cost professor. Sell it myself firm still whole. Measure buy chance.', 45, 90, 3, 0, 5,0, 'https://placekitten.com/66/630', 'Very west focus practice protect common against.');
INSERT INTO recipe_meal_type(recipe_id, meal_type_id) VALUES (25, 1);
INSERT INTO recipe_tag(recipe_id, tag_id) VALUES (25, 3);
INSERT INTO recipe_tag(recipe_id, tag_id) VALUES (25, 70);
INSERT INTO recipe_tag(recipe_id, tag_id) VALUES (25, 1);
INSERT INTO recipe_tag(recipe_id, tag_id) VALUES (25, 76);
INSERT INTO recipe_tag(recipe_id, tag_id) VALUES (25, 37);
INSERT INTO recipe_equipment(recipe_id, equipment_id, num) VALUES (25, 11, 1);
INSERT INTO recipe_equipment(recipe_id, equipment_id, num) VALUES (25, 17, 2);
INSERT INTO recipe_equipment(recipe_id, equipment_id, num) VALUES (25, 18, 4);
INSERT INTO recipe_equipment(recipe_id, equipment_id, num) VALUES (25, 5, 4);
INSERT INTO recipe_cook(recipe_id, cook_id) VALUES (25, 39);
INSERT INTO recipe_cook(recipe_id, cook_id) VALUES (25, 118);
INSERT INTO recipe_cook(recipe_id, cook_id) VALUES (25, 49);
INSERT INTO recipe_cook(recipe_id, cook_id) VALUES (25, 155);
INSERT INTO recipe_cook(recipe_id, cook_id) VALUES (25, 52);
INSERT INTO recipe_cook(recipe_id, cook_id) VALUES (25, 36);
INSERT INTO recipe_cook(recipe_id, cook_id) VALUES (25, 50);
INSERT INTO recipe_cook(recipe_id, cook_id) VALUES (25, 126);
INSERT INTO recipe_cook(recipe_id, cook_id) VALUES (25, 13);
INSERT INTO recipe_cook(recipe_id, cook_id) VALUES (25, 87);
INSERT INTO recipe_cook(recipe_id, cook_id) VALUES (25, 108);
INSERT INTO recipe_cook(recipe_id, cook_id) VALUES (25, 110);
INSERT INTO recipe_cook(recipe_id, cook_id) VALUES (25, 76);
INSERT INTO recipe_cook(recipe_id, cook_id) VALUES (25, 124);
INSERT INTO recipe_cook(recipe_id, cook_id) VALUES (25, 40);
INSERT INTO recipe_cook(recipe_id, cook_id) VALUES (25, 142);
INSERT INTO recipe_cook(recipe_id, cook_id) VALUES (25, 195);
INSERT INTO recipe_cook(recipe_id, cook_id) VALUES (25, 12);
INSERT INTO recipe_cook(recipe_id, cook_id) VALUES (25, 121);
INSERT INTO recipe_cook(recipe_id, cook_id) VALUES (25, 93);
INSERT INTO recipe_cook(recipe_id, cook_id) VALUES (25, 78);
INSERT INTO recipe_cook(recipe_id, cook_id) VALUES (25, 38);
INSERT INTO recipe_cook(recipe_id, cook_id) VALUES (25, 162);
INSERT INTO recipe_cook(recipe_id, cook_id) VALUES (25, 128);
INSERT INTO recipe_cook(recipe_id, cook_id) VALUES (25, 69);
INSERT INTO recipe_cook(recipe_id, cook_id) VALUES (25, 83);
INSERT INTO recipe_cook(recipe_id, cook_id) VALUES (25, 47);
INSERT INTO recipe_cook(recipe_id, cook_id) VALUES (25, 14);
INSERT INTO recipe_cook(recipe_id, cook_id) VALUES (25, 176);
INSERT INTO recipe_cook(recipe_id, cook_id) VALUES (25, 137);
INSERT INTO recipe_cook(recipe_id, cook_id) VALUES (25, 71);
INSERT INTO recipe_cook(recipe_id, cook_id) VALUES (25, 196);
INSERT INTO recipe_cook(recipe_id, cook_id) VALUES (25, 104);
INSERT INTO recipe_cook(recipe_id, cook_id) VALUES (25, 65);
INSERT INTO recipe_theme(recipe_id, theme_id) VALUES (25, 11);
INSERT INTO recipe_tip(recipe_id, tip_id) VALUES (25, 4);
INSERT INTO recipe_tip(recipe_id, tip_id) VALUES (25, 14);

INSERT INTO recipe(baking, cuisine_id, difficulty, title, recipe_description, prep_time, cook_time, portions, fat_portion, protein_portion, carbo_portion, picture, picture_description) VALUES(1, 27, 3,'Creme Brulee', 'He word pay official. Every national especially follow. Morning weight computer with political. Mission rock structure attorney painting clear federal remain. Their news pay onto federal doctor decide.', 75, 0, 3, 25, 40,55, 'https://picsum.photos/599/578', 'Life role the shake baby read.');
INSERT INTO recipe_meal_type(recipe_id, meal_type_id) VALUES (26, 3);
INSERT INTO recipe_tag(recipe_id, tag_id) VALUES (26, 68);
INSERT INTO recipe_tag(recipe_id, tag_id) VALUES (26, 40);
INSERT INTO recipe_tag(recipe_id, tag_id) VALUES (26, 27);
INSERT INTO recipe_equipment(recipe_id, equipment_id, num) VALUES (26, 19, 4);
INSERT INTO recipe_equipment(recipe_id, equipment_id, num) VALUES (26, 16, 4);
INSERT INTO recipe_equipment(recipe_id, equipment_id, num) VALUES (26, 2, 3);
INSERT INTO recipe_equipment(recipe_id, equipment_id, num) VALUES (26, 13, 4);
INSERT INTO recipe_cook(recipe_id, cook_id) VALUES (26, 192);
INSERT INTO recipe_cook(recipe_id, cook_id) VALUES (26, 185);
INSERT INTO recipe_cook(recipe_id, cook_id) VALUES (26, 155);
INSERT INTO recipe_cook(recipe_id, cook_id) VALUES (26, 199);
INSERT INTO recipe_cook(recipe_id, cook_id) VALUES (26, 55);
INSERT INTO recipe_cook(recipe_id, cook_id) VALUES (26, 93);
INSERT INTO recipe_cook(recipe_id, cook_id) VALUES (26, 122);
INSERT INTO recipe_cook(recipe_id, cook_id) VALUES (26, 179);
INSERT INTO recipe_cook(recipe_id, cook_id) VALUES (26, 133);
INSERT INTO recipe_cook(recipe_id, cook_id) VALUES (26, 123);
INSERT INTO recipe_cook(recipe_id, cook_id) VALUES (26, 124);
INSERT INTO recipe_cook(recipe_id, cook_id) VALUES (26, 160);
INSERT INTO recipe_cook(recipe_id, cook_id) VALUES (26, 50);
INSERT INTO recipe_cook(recipe_id, cook_id) VALUES (26, 34);
INSERT INTO recipe_cook(recipe_id, cook_id) VALUES (26, 104);
INSERT INTO recipe_cook(recipe_id, cook_id) VALUES (26, 147);
INSERT INTO recipe_cook(recipe_id, cook_id) VALUES (26, 46);
INSERT INTO recipe_cook(recipe_id, cook_id) VALUES (26, 152);
INSERT INTO recipe_cook(recipe_id, cook_id) VALUES (26, 89);
INSERT INTO recipe_cook(recipe_id, cook_id) VALUES (26, 59);
INSERT INTO recipe_cook(recipe_id, cook_id) VALUES (26, 10);
INSERT INTO recipe_cook(recipe_id, cook_id) VALUES (26, 91);
INSERT INTO recipe_cook(recipe_id, cook_id) VALUES (26, 117);
INSERT INTO recipe_cook(recipe_id, cook_id) VALUES (26, 32);
INSERT INTO recipe_cook(recipe_id, cook_id) VALUES (26, 141);
INSERT INTO recipe_cook(recipe_id, cook_id) VALUES (26, 63);
INSERT INTO recipe_cook(recipe_id, cook_id) VALUES (26, 24);
INSERT INTO recipe_cook(recipe_id, cook_id) VALUES (26, 86);
INSERT INTO recipe_cook(recipe_id, cook_id) VALUES (26, 99);
INSERT INTO recipe_cook(recipe_id, cook_id) VALUES (26, 194);
INSERT INTO recipe_cook(recipe_id, cook_id) VALUES (26, 143);
INSERT INTO recipe_cook(recipe_id, cook_id) VALUES (26, 195);
INSERT INTO recipe_cook(recipe_id, cook_id) VALUES (26, 172);
INSERT INTO recipe_cook(recipe_id, cook_id) VALUES (26, 170);
INSERT INTO recipe_cook(recipe_id, cook_id) VALUES (26, 180);
INSERT INTO recipe_cook(recipe_id, cook_id) VALUES (26, 169);
INSERT INTO recipe_cook(recipe_id, cook_id) VALUES (26, 119);
INSERT INTO recipe_cook(recipe_id, cook_id) VALUES (26, 77);
INSERT INTO recipe_cook(recipe_id, cook_id) VALUES (26, 1);
INSERT INTO recipe_cook(recipe_id, cook_id) VALUES (26, 82);
INSERT INTO recipe_cook(recipe_id, cook_id) VALUES (26, 84);
INSERT INTO recipe_cook(recipe_id, cook_id) VALUES (26, 27);
INSERT INTO recipe_cook(recipe_id, cook_id) VALUES (26, 176);
INSERT INTO recipe_cook(recipe_id, cook_id) VALUES (26, 115);
INSERT INTO recipe_cook(recipe_id, cook_id) VALUES (26, 121);
INSERT INTO recipe_cook(recipe_id, cook_id) VALUES (26, 159);
INSERT INTO recipe_cook(recipe_id, cook_id) VALUES (26, 149);
INSERT INTO recipe_cook(recipe_id, cook_id) VALUES (26, 71);
INSERT INTO recipe_cook(recipe_id, cook_id) VALUES (26, 90);
INSERT INTO recipe_cook(recipe_id, cook_id) VALUES (26, 187);
INSERT INTO recipe_cook(recipe_id, cook_id) VALUES (26, 145);
INSERT INTO recipe_cook(recipe_id, cook_id) VALUES (26, 96);
INSERT INTO recipe_cook(recipe_id, cook_id) VALUES (26, 128);
INSERT INTO recipe_cook(recipe_id, cook_id) VALUES (26, 5);
INSERT INTO recipe_cook(recipe_id, cook_id) VALUES (26, 65);
INSERT INTO recipe_cook(recipe_id, cook_id) VALUES (26, 19);
INSERT INTO recipe_cook(recipe_id, cook_id) VALUES (26, 134);
INSERT INTO recipe_cook(recipe_id, cook_id) VALUES (26, 11);
INSERT INTO recipe_cook(recipe_id, cook_id) VALUES (26, 20);
INSERT INTO recipe_cook(recipe_id, cook_id) VALUES (26, 53);
INSERT INTO recipe_cook(recipe_id, cook_id) VALUES (26, 175);
INSERT INTO recipe_cook(recipe_id, cook_id) VALUES (26, 167);
INSERT INTO recipe_cook(recipe_id, cook_id) VALUES (26, 74);
INSERT INTO recipe_cook(recipe_id, cook_id) VALUES (26, 139);
INSERT INTO recipe_cook(recipe_id, cook_id) VALUES (26, 45);
INSERT INTO recipe_cook(recipe_id, cook_id) VALUES (26, 166);
INSERT INTO recipe_cook(recipe_id, cook_id) VALUES (26, 153);
INSERT INTO recipe_cook(recipe_id, cook_id) VALUES (26, 92);
INSERT INTO recipe_cook(recipe_id, cook_id) VALUES (26, 116);
INSERT INTO recipe_cook(recipe_id, cook_id) VALUES (26, 54);
INSERT INTO recipe_cook(recipe_id, cook_id) VALUES (26, 7);
INSERT INTO recipe_cook(recipe_id, cook_id) VALUES (26, 80);
INSERT INTO recipe_cook(recipe_id, cook_id) VALUES (26, 110);
INSERT INTO recipe_cook(recipe_id, cook_id) VALUES (26, 111);
INSERT INTO recipe_cook(recipe_id, cook_id) VALUES (26, 57);
INSERT INTO recipe_cook(recipe_id, cook_id) VALUES (26, 67);
INSERT INTO recipe_cook(recipe_id, cook_id) VALUES (26, 193);
INSERT INTO recipe_cook(recipe_id, cook_id) VALUES (26, 173);
INSERT INTO recipe_cook(recipe_id, cook_id) VALUES (26, 13);
INSERT INTO recipe_cook(recipe_id, cook_id) VALUES (26, 95);
INSERT INTO recipe_cook(recipe_id, cook_id) VALUES (26, 146);
INSERT INTO recipe_cook(recipe_id, cook_id) VALUES (26, 36);
INSERT INTO recipe_cook(recipe_id, cook_id) VALUES (26, 68);
INSERT INTO recipe_cook(recipe_id, cook_id) VALUES (26, 22);
INSERT INTO recipe_cook(recipe_id, cook_id) VALUES (26, 41);
INSERT INTO recipe_cook(recipe_id, cook_id) VALUES (26, 191);
INSERT INTO recipe_cook(recipe_id, cook_id) VALUES (26, 162);
INSERT INTO recipe_cook(recipe_id, cook_id) VALUES (26, 103);
INSERT INTO recipe_cook(recipe_id, cook_id) VALUES (26, 3);
INSERT INTO recipe_cook(recipe_id, cook_id) VALUES (26, 198);
INSERT INTO recipe_cook(recipe_id, cook_id) VALUES (26, 158);
INSERT INTO recipe_cook(recipe_id, cook_id) VALUES (26, 76);
INSERT INTO recipe_cook(recipe_id, cook_id) VALUES (26, 18);
INSERT INTO recipe_cook(recipe_id, cook_id) VALUES (26, 142);
INSERT INTO recipe_cook(recipe_id, cook_id) VALUES (26, 181);
INSERT INTO recipe_cook(recipe_id, cook_id) VALUES (26, 30);
INSERT INTO recipe_cook(recipe_id, cook_id) VALUES (26, 157);
INSERT INTO recipe_cook(recipe_id, cook_id) VALUES (26, 178);
INSERT INTO recipe_cook(recipe_id, cook_id) VALUES (26, 23);
INSERT INTO recipe_cook(recipe_id, cook_id) VALUES (26, 12);
INSERT INTO recipe_cook(recipe_id, cook_id) VALUES (26, 21);
INSERT INTO recipe_cook(recipe_id, cook_id) VALUES (26, 114);
INSERT INTO recipe_cook(recipe_id, cook_id) VALUES (26, 73);
INSERT INTO recipe_cook(recipe_id, cook_id) VALUES (26, 35);
INSERT INTO recipe_cook(recipe_id, cook_id) VALUES (26, 164);
INSERT INTO recipe_cook(recipe_id, cook_id) VALUES (26, 125);
INSERT INTO recipe_cook(recipe_id, cook_id) VALUES (26, 196);
INSERT INTO recipe_cook(recipe_id, cook_id) VALUES (26, 40);
INSERT INTO recipe_cook(recipe_id, cook_id) VALUES (26, 130);
INSERT INTO recipe_cook(recipe_id, cook_id) VALUES (26, 83);
INSERT INTO recipe_cook(recipe_id, cook_id) VALUES (26, 75);
INSERT INTO recipe_cook(recipe_id, cook_id) VALUES (26, 120);
INSERT INTO recipe_cook(recipe_id, cook_id) VALUES (26, 190);
INSERT INTO recipe_cook(recipe_id, cook_id) VALUES (26, 78);
INSERT INTO recipe_cook(recipe_id, cook_id) VALUES (26, 9);
INSERT INTO recipe_cook(recipe_id, cook_id) VALUES (26, 98);
INSERT INTO recipe_cook(recipe_id, cook_id) VALUES (26, 184);
INSERT INTO recipe_cook(recipe_id, cook_id) VALUES (26, 29);
INSERT INTO recipe_cook(recipe_id, cook_id) VALUES (26, 4);
INSERT INTO recipe_cook(recipe_id, cook_id) VALUES (26, 38);
INSERT INTO recipe_cook(recipe_id, cook_id) VALUES (26, 25);
INSERT INTO recipe_cook(recipe_id, cook_id) VALUES (26, 49);
INSERT INTO recipe_cook(recipe_id, cook_id) VALUES (26, 109);
INSERT INTO recipe_cook(recipe_id, cook_id) VALUES (26, 70);
INSERT INTO recipe_cook(recipe_id, cook_id) VALUES (26, 154);
INSERT INTO recipe_cook(recipe_id, cook_id) VALUES (26, 126);
INSERT INTO recipe_cook(recipe_id, cook_id) VALUES (26, 135);
INSERT INTO recipe_theme(recipe_id, theme_id) VALUES (26, 28);
INSERT INTO recipe_theme(recipe_id, theme_id) VALUES (26, 17);
INSERT INTO recipe_theme(recipe_id, theme_id) VALUES (26, 9);
INSERT INTO recipe_tip(recipe_id, tip_id) VALUES (26, 27);

INSERT INTO recipe(baking, cuisine_id, difficulty, title, recipe_description, prep_time, cook_time, portions, fat_portion, protein_portion, carbo_portion, picture, picture_description) VALUES(0, 28, 2,'Quiche Lorraine', 'Safe pass fine adult. Democrat issue begin order.', 35, 20, 4, 55, 20,60, 'https://placekitten.com/321/392', 'Operation drop forget television provide contain.');
INSERT INTO recipe_meal_type(recipe_id, meal_type_id) VALUES (27, 4);
INSERT INTO recipe_tag(recipe_id, tag_id) VALUES (27, 4);
INSERT INTO recipe_tag(recipe_id, tag_id) VALUES (27, 57);
INSERT INTO recipe_tag(recipe_id, tag_id) VALUES (27, 84);
INSERT INTO recipe_tag(recipe_id, tag_id) VALUES (27, 3);
INSERT INTO recipe_equipment(recipe_id, equipment_id, num) VALUES (27, 9, 4);
INSERT INTO recipe_equipment(recipe_id, equipment_id, num) VALUES (27, 16, 2);
INSERT INTO recipe_equipment(recipe_id, equipment_id, num) VALUES (27, 8, 1);
INSERT INTO recipe_equipment(recipe_id, equipment_id, num) VALUES (27, 19, 1);
INSERT INTO recipe_equipment(recipe_id, equipment_id, num) VALUES (27, 3, 4);
INSERT INTO recipe_cook(recipe_id, cook_id) VALUES (27, 17);
INSERT INTO recipe_cook(recipe_id, cook_id) VALUES (27, 78);
INSERT INTO recipe_cook(recipe_id, cook_id) VALUES (27, 102);
INSERT INTO recipe_cook(recipe_id, cook_id) VALUES (27, 49);
INSERT INTO recipe_cook(recipe_id, cook_id) VALUES (27, 110);
INSERT INTO recipe_cook(recipe_id, cook_id) VALUES (27, 58);
INSERT INTO recipe_cook(recipe_id, cook_id) VALUES (27, 55);
INSERT INTO recipe_cook(recipe_id, cook_id) VALUES (27, 52);
INSERT INTO recipe_cook(recipe_id, cook_id) VALUES (27, 140);
INSERT INTO recipe_cook(recipe_id, cook_id) VALUES (27, 127);
INSERT INTO recipe_cook(recipe_id, cook_id) VALUES (27, 15);
INSERT INTO recipe_cook(recipe_id, cook_id) VALUES (27, 56);
INSERT INTO recipe_cook(recipe_id, cook_id) VALUES (27, 86);
INSERT INTO recipe_cook(recipe_id, cook_id) VALUES (27, 81);
INSERT INTO recipe_cook(recipe_id, cook_id) VALUES (27, 165);
INSERT INTO recipe_cook(recipe_id, cook_id) VALUES (27, 44);
INSERT INTO recipe_cook(recipe_id, cook_id) VALUES (27, 72);
INSERT INTO recipe_cook(recipe_id, cook_id) VALUES (27, 155);
INSERT INTO recipe_cook(recipe_id, cook_id) VALUES (27, 146);
INSERT INTO recipe_cook(recipe_id, cook_id) VALUES (27, 63);
INSERT INTO recipe_cook(recipe_id, cook_id) VALUES (27, 93);
INSERT INTO recipe_cook(recipe_id, cook_id) VALUES (27, 153);
INSERT INTO recipe_cook(recipe_id, cook_id) VALUES (27, 33);
INSERT INTO recipe_cook(recipe_id, cook_id) VALUES (27, 169);
INSERT INTO recipe_cook(recipe_id, cook_id) VALUES (27, 151);
INSERT INTO recipe_cook(recipe_id, cook_id) VALUES (27, 139);
INSERT INTO recipe_cook(recipe_id, cook_id) VALUES (27, 156);
INSERT INTO recipe_cook(recipe_id, cook_id) VALUES (27, 91);
INSERT INTO recipe_cook(recipe_id, cook_id) VALUES (27, 42);
INSERT INTO recipe_cook(recipe_id, cook_id) VALUES (27, 152);
INSERT INTO recipe_cook(recipe_id, cook_id) VALUES (27, 107);
INSERT INTO recipe_cook(recipe_id, cook_id) VALUES (27, 66);
INSERT INTO recipe_cook(recipe_id, cook_id) VALUES (27, 47);
INSERT INTO recipe_cook(recipe_id, cook_id) VALUES (27, 105);
INSERT INTO recipe_cook(recipe_id, cook_id) VALUES (27, 191);
INSERT INTO recipe_cook(recipe_id, cook_id) VALUES (27, 119);
INSERT INTO recipe_cook(recipe_id, cook_id) VALUES (27, 173);
INSERT INTO recipe_cook(recipe_id, cook_id) VALUES (27, 8);
INSERT INTO recipe_cook(recipe_id, cook_id) VALUES (27, 71);
INSERT INTO recipe_cook(recipe_id, cook_id) VALUES (27, 12);
INSERT INTO recipe_cook(recipe_id, cook_id) VALUES (27, 101);
INSERT INTO recipe_cook(recipe_id, cook_id) VALUES (27, 183);
INSERT INTO recipe_cook(recipe_id, cook_id) VALUES (27, 199);
INSERT INTO recipe_cook(recipe_id, cook_id) VALUES (27, 172);
INSERT INTO recipe_cook(recipe_id, cook_id) VALUES (27, 179);
INSERT INTO recipe_cook(recipe_id, cook_id) VALUES (27, 54);
INSERT INTO recipe_cook(recipe_id, cook_id) VALUES (27, 149);
INSERT INTO recipe_cook(recipe_id, cook_id) VALUES (27, 176);
INSERT INTO recipe_cook(recipe_id, cook_id) VALUES (27, 181);
INSERT INTO recipe_cook(recipe_id, cook_id) VALUES (27, 35);
INSERT INTO recipe_cook(recipe_id, cook_id) VALUES (27, 20);
INSERT INTO recipe_cook(recipe_id, cook_id) VALUES (27, 118);
INSERT INTO recipe_cook(recipe_id, cook_id) VALUES (27, 36);
INSERT INTO recipe_cook(recipe_id, cook_id) VALUES (27, 189);
INSERT INTO recipe_cook(recipe_id, cook_id) VALUES (27, 133);
INSERT INTO recipe_cook(recipe_id, cook_id) VALUES (27, 187);
INSERT INTO recipe_cook(recipe_id, cook_id) VALUES (27, 31);
INSERT INTO recipe_cook(recipe_id, cook_id) VALUES (27, 23);
INSERT INTO recipe_cook(recipe_id, cook_id) VALUES (27, 32);
INSERT INTO recipe_cook(recipe_id, cook_id) VALUES (27, 195);
INSERT INTO recipe_cook(recipe_id, cook_id) VALUES (27, 145);
INSERT INTO recipe_cook(recipe_id, cook_id) VALUES (27, 177);
INSERT INTO recipe_cook(recipe_id, cook_id) VALUES (27, 166);
INSERT INTO recipe_cook(recipe_id, cook_id) VALUES (27, 34);
INSERT INTO recipe_cook(recipe_id, cook_id) VALUES (27, 45);
INSERT INTO recipe_cook(recipe_id, cook_id) VALUES (27, 148);
INSERT INTO recipe_cook(recipe_id, cook_id) VALUES (27, 95);
INSERT INTO recipe_cook(recipe_id, cook_id) VALUES (27, 57);
INSERT INTO recipe_cook(recipe_id, cook_id) VALUES (27, 68);
INSERT INTO recipe_cook(recipe_id, cook_id) VALUES (27, 142);
INSERT INTO recipe_cook(recipe_id, cook_id) VALUES (27, 125);
INSERT INTO recipe_cook(recipe_id, cook_id) VALUES (27, 104);
INSERT INTO recipe_cook(recipe_id, cook_id) VALUES (27, 62);
INSERT INTO recipe_cook(recipe_id, cook_id) VALUES (27, 188);
INSERT INTO recipe_cook(recipe_id, cook_id) VALUES (27, 65);
INSERT INTO recipe_cook(recipe_id, cook_id) VALUES (27, 79);
INSERT INTO recipe_cook(recipe_id, cook_id) VALUES (27, 129);
INSERT INTO recipe_cook(recipe_id, cook_id) VALUES (27, 115);
INSERT INTO recipe_cook(recipe_id, cook_id) VALUES (27, 26);
INSERT INTO recipe_cook(recipe_id, cook_id) VALUES (27, 131);
INSERT INTO recipe_cook(recipe_id, cook_id) VALUES (27, 163);
INSERT INTO recipe_cook(recipe_id, cook_id) VALUES (27, 182);
INSERT INTO recipe_cook(recipe_id, cook_id) VALUES (27, 2);
INSERT INTO recipe_cook(recipe_id, cook_id) VALUES (27, 53);
INSERT INTO recipe_cook(recipe_id, cook_id) VALUES (27, 69);
INSERT INTO recipe_cook(recipe_id, cook_id) VALUES (27, 196);
INSERT INTO recipe_cook(recipe_id, cook_id) VALUES (27, 16);
INSERT INTO recipe_cook(recipe_id, cook_id) VALUES (27, 38);
INSERT INTO recipe_cook(recipe_id, cook_id) VALUES (27, 144);
INSERT INTO recipe_theme(recipe_id, theme_id) VALUES (27, 8);
INSERT INTO recipe_tip(recipe_id, tip_id) VALUES (27, 27);
INSERT INTO recipe_tip(recipe_id, tip_id) VALUES (27, 21);

INSERT INTO recipe(baking, cuisine_id, difficulty, title, recipe_description, prep_time, cook_time, portions, fat_portion, protein_portion, carbo_portion, picture, picture_description) VALUES(0, 22, 1,'Tamales', 'Energy bill inside together. Center later fall serious a.', 85, 20, 3, 45, 20,85, 'https://picsum.photos/330/281', 'Score to note practice.');
INSERT INTO recipe_meal_type(recipe_id, meal_type_id) VALUES (28, 4);
INSERT INTO recipe_tag(recipe_id, tag_id) VALUES (28, 92);
INSERT INTO recipe_tag(recipe_id, tag_id) VALUES (28, 54);
INSERT INTO recipe_tag(recipe_id, tag_id) VALUES (28, 42);
INSERT INTO recipe_equipment(recipe_id, equipment_id, num) VALUES (28, 8, 1);
INSERT INTO recipe_equipment(recipe_id, equipment_id, num) VALUES (28, 18, 1);
INSERT INTO recipe_equipment(recipe_id, equipment_id, num) VALUES (28, 14, 3);
INSERT INTO recipe_equipment(recipe_id, equipment_id, num) VALUES (28, 6, 1);
INSERT INTO recipe_equipment(recipe_id, equipment_id, num) VALUES (28, 16, 4);
INSERT INTO recipe_cook(recipe_id, cook_id) VALUES (28, 108);
INSERT INTO recipe_cook(recipe_id, cook_id) VALUES (28, 7);
INSERT INTO recipe_cook(recipe_id, cook_id) VALUES (28, 19);
INSERT INTO recipe_cook(recipe_id, cook_id) VALUES (28, 193);
INSERT INTO recipe_cook(recipe_id, cook_id) VALUES (28, 178);
INSERT INTO recipe_cook(recipe_id, cook_id) VALUES (28, 93);
INSERT INTO recipe_cook(recipe_id, cook_id) VALUES (28, 139);
INSERT INTO recipe_cook(recipe_id, cook_id) VALUES (28, 164);
INSERT INTO recipe_cook(recipe_id, cook_id) VALUES (28, 95);
INSERT INTO recipe_cook(recipe_id, cook_id) VALUES (28, 87);
INSERT INTO recipe_cook(recipe_id, cook_id) VALUES (28, 44);
INSERT INTO recipe_cook(recipe_id, cook_id) VALUES (28, 100);
INSERT INTO recipe_cook(recipe_id, cook_id) VALUES (28, 149);
INSERT INTO recipe_cook(recipe_id, cook_id) VALUES (28, 61);
INSERT INTO recipe_cook(recipe_id, cook_id) VALUES (28, 135);
INSERT INTO recipe_cook(recipe_id, cook_id) VALUES (28, 190);
INSERT INTO recipe_cook(recipe_id, cook_id) VALUES (28, 32);
INSERT INTO recipe_cook(recipe_id, cook_id) VALUES (28, 27);
INSERT INTO recipe_cook(recipe_id, cook_id) VALUES (28, 24);
INSERT INTO recipe_cook(recipe_id, cook_id) VALUES (28, 37);
INSERT INTO recipe_cook(recipe_id, cook_id) VALUES (28, 51);
INSERT INTO recipe_cook(recipe_id, cook_id) VALUES (28, 169);
INSERT INTO recipe_cook(recipe_id, cook_id) VALUES (28, 74);
INSERT INTO recipe_cook(recipe_id, cook_id) VALUES (28, 18);
INSERT INTO recipe_cook(recipe_id, cook_id) VALUES (28, 43);
INSERT INTO recipe_cook(recipe_id, cook_id) VALUES (28, 160);
INSERT INTO recipe_cook(recipe_id, cook_id) VALUES (28, 191);
INSERT INTO recipe_cook(recipe_id, cook_id) VALUES (28, 129);
INSERT INTO recipe_cook(recipe_id, cook_id) VALUES (28, 182);
INSERT INTO recipe_cook(recipe_id, cook_id) VALUES (28, 85);
INSERT INTO recipe_cook(recipe_id, cook_id) VALUES (28, 80);
INSERT INTO recipe_cook(recipe_id, cook_id) VALUES (28, 118);
INSERT INTO recipe_cook(recipe_id, cook_id) VALUES (28, 5);
INSERT INTO recipe_cook(recipe_id, cook_id) VALUES (28, 131);
INSERT INTO recipe_cook(recipe_id, cook_id) VALUES (28, 200);
INSERT INTO recipe_cook(recipe_id, cook_id) VALUES (28, 198);
INSERT INTO recipe_cook(recipe_id, cook_id) VALUES (28, 57);
INSERT INTO recipe_cook(recipe_id, cook_id) VALUES (28, 46);
INSERT INTO recipe_cook(recipe_id, cook_id) VALUES (28, 192);
INSERT INTO recipe_cook(recipe_id, cook_id) VALUES (28, 174);
INSERT INTO recipe_cook(recipe_id, cook_id) VALUES (28, 181);
INSERT INTO recipe_cook(recipe_id, cook_id) VALUES (28, 116);
INSERT INTO recipe_cook(recipe_id, cook_id) VALUES (28, 4);
INSERT INTO recipe_cook(recipe_id, cook_id) VALUES (28, 107);
INSERT INTO recipe_cook(recipe_id, cook_id) VALUES (28, 194);
INSERT INTO recipe_cook(recipe_id, cook_id) VALUES (28, 79);
INSERT INTO recipe_cook(recipe_id, cook_id) VALUES (28, 163);
INSERT INTO recipe_cook(recipe_id, cook_id) VALUES (28, 153);
INSERT INTO recipe_cook(recipe_id, cook_id) VALUES (28, 134);
INSERT INTO recipe_cook(recipe_id, cook_id) VALUES (28, 132);
INSERT INTO recipe_cook(recipe_id, cook_id) VALUES (28, 115);
INSERT INTO recipe_cook(recipe_id, cook_id) VALUES (28, 38);
INSERT INTO recipe_cook(recipe_id, cook_id) VALUES (28, 60);
INSERT INTO recipe_cook(recipe_id, cook_id) VALUES (28, 12);
INSERT INTO recipe_cook(recipe_id, cook_id) VALUES (28, 97);
INSERT INTO recipe_theme(recipe_id, theme_id) VALUES (28, 4);
INSERT INTO recipe_theme(recipe_id, theme_id) VALUES (28, 5);
INSERT INTO recipe_tip(recipe_id, tip_id) VALUES (28, 38);
INSERT INTO recipe_tip(recipe_id, tip_id) VALUES (28, 10);
INSERT INTO recipe_tip(recipe_id, tip_id) VALUES (28, 29);

INSERT INTO recipe(baking, cuisine_id, difficulty, title, recipe_description, prep_time, cook_time, portions, fat_portion, protein_portion, carbo_portion, picture, picture_description) VALUES(1, 30, 5,'Chocolate Cake', 'Dog Mr these training. Reduce race leader card daughter range. Common easy seek total.', 65, 10, 3, 45, 25,70, 'https://dummyimage.com/107x868', 'Under rise certainly their take.');
INSERT INTO recipe_meal_type(recipe_id, meal_type_id) VALUES (29, 1);
INSERT INTO recipe_tag(recipe_id, tag_id) VALUES (29, 60);
INSERT INTO recipe_tag(recipe_id, tag_id) VALUES (29, 96);
INSERT INTO recipe_tag(recipe_id, tag_id) VALUES (29, 18);
INSERT INTO recipe_tag(recipe_id, tag_id) VALUES (29, 85);
INSERT INTO recipe_tag(recipe_id, tag_id) VALUES (29, 29);
INSERT INTO recipe_tag(recipe_id, tag_id) VALUES (29, 90);
INSERT INTO recipe_tag(recipe_id, tag_id) VALUES (29, 86);
INSERT INTO recipe_equipment(recipe_id, equipment_id, num) VALUES (29, 15, 2);
INSERT INTO recipe_equipment(recipe_id, equipment_id, num) VALUES (29, 5, 2);
INSERT INTO recipe_equipment(recipe_id, equipment_id, num) VALUES (29, 20, 3);
INSERT INTO recipe_equipment(recipe_id, equipment_id, num) VALUES (29, 4, 4);
INSERT INTO recipe_equipment(recipe_id, equipment_id, num) VALUES (29, 9, 4);
INSERT INTO recipe_cook(recipe_id, cook_id) VALUES (29, 196);
INSERT INTO recipe_cook(recipe_id, cook_id) VALUES (29, 118);
INSERT INTO recipe_cook(recipe_id, cook_id) VALUES (29, 28);
INSERT INTO recipe_cook(recipe_id, cook_id) VALUES (29, 145);
INSERT INTO recipe_cook(recipe_id, cook_id) VALUES (29, 167);
INSERT INTO recipe_cook(recipe_id, cook_id) VALUES (29, 126);
INSERT INTO recipe_cook(recipe_id, cook_id) VALUES (29, 192);
INSERT INTO recipe_cook(recipe_id, cook_id) VALUES (29, 49);
INSERT INTO recipe_cook(recipe_id, cook_id) VALUES (29, 131);
INSERT INTO recipe_cook(recipe_id, cook_id) VALUES (29, 20);
INSERT INTO recipe_cook(recipe_id, cook_id) VALUES (29, 36);
INSERT INTO recipe_cook(recipe_id, cook_id) VALUES (29, 157);
INSERT INTO recipe_cook(recipe_id, cook_id) VALUES (29, 26);
INSERT INTO recipe_cook(recipe_id, cook_id) VALUES (29, 24);
INSERT INTO recipe_cook(recipe_id, cook_id) VALUES (29, 5);
INSERT INTO recipe_cook(recipe_id, cook_id) VALUES (29, 89);
INSERT INTO recipe_cook(recipe_id, cook_id) VALUES (29, 85);
INSERT INTO recipe_cook(recipe_id, cook_id) VALUES (29, 43);
INSERT INTO recipe_cook(recipe_id, cook_id) VALUES (29, 150);
INSERT INTO recipe_cook(recipe_id, cook_id) VALUES (29, 199);
INSERT INTO recipe_cook(recipe_id, cook_id) VALUES (29, 155);
INSERT INTO recipe_cook(recipe_id, cook_id) VALUES (29, 95);
INSERT INTO recipe_cook(recipe_id, cook_id) VALUES (29, 84);
INSERT INTO recipe_cook(recipe_id, cook_id) VALUES (29, 114);
INSERT INTO recipe_cook(recipe_id, cook_id) VALUES (29, 153);
INSERT INTO recipe_cook(recipe_id, cook_id) VALUES (29, 164);
INSERT INTO recipe_cook(recipe_id, cook_id) VALUES (29, 110);
INSERT INTO recipe_cook(recipe_id, cook_id) VALUES (29, 105);
INSERT INTO recipe_cook(recipe_id, cook_id) VALUES (29, 119);
INSERT INTO recipe_cook(recipe_id, cook_id) VALUES (29, 63);
INSERT INTO recipe_cook(recipe_id, cook_id) VALUES (29, 69);
INSERT INTO recipe_cook(recipe_id, cook_id) VALUES (29, 94);
INSERT INTO recipe_cook(recipe_id, cook_id) VALUES (29, 58);
INSERT INTO recipe_cook(recipe_id, cook_id) VALUES (29, 8);
INSERT INTO recipe_cook(recipe_id, cook_id) VALUES (29, 19);
INSERT INTO recipe_cook(recipe_id, cook_id) VALUES (29, 47);
INSERT INTO recipe_cook(recipe_id, cook_id) VALUES (29, 25);
INSERT INTO recipe_cook(recipe_id, cook_id) VALUES (29, 121);
INSERT INTO recipe_cook(recipe_id, cook_id) VALUES (29, 103);
INSERT INTO recipe_cook(recipe_id, cook_id) VALUES (29, 11);
INSERT INTO recipe_cook(recipe_id, cook_id) VALUES (29, 55);
INSERT INTO recipe_cook(recipe_id, cook_id) VALUES (29, 195);
INSERT INTO recipe_cook(recipe_id, cook_id) VALUES (29, 147);
INSERT INTO recipe_cook(recipe_id, cook_id) VALUES (29, 130);
INSERT INTO recipe_cook(recipe_id, cook_id) VALUES (29, 41);
INSERT INTO recipe_cook(recipe_id, cook_id) VALUES (29, 163);
INSERT INTO recipe_cook(recipe_id, cook_id) VALUES (29, 172);
INSERT INTO recipe_cook(recipe_id, cook_id) VALUES (29, 191);
INSERT INTO recipe_cook(recipe_id, cook_id) VALUES (29, 52);
INSERT INTO recipe_cook(recipe_id, cook_id) VALUES (29, 139);
INSERT INTO recipe_cook(recipe_id, cook_id) VALUES (29, 1);
INSERT INTO recipe_cook(recipe_id, cook_id) VALUES (29, 168);
INSERT INTO recipe_cook(recipe_id, cook_id) VALUES (29, 3);
INSERT INTO recipe_cook(recipe_id, cook_id) VALUES (29, 53);
INSERT INTO recipe_cook(recipe_id, cook_id) VALUES (29, 193);
INSERT INTO recipe_cook(recipe_id, cook_id) VALUES (29, 137);
INSERT INTO recipe_cook(recipe_id, cook_id) VALUES (29, 148);
INSERT INTO recipe_cook(recipe_id, cook_id) VALUES (29, 57);
INSERT INTO recipe_cook(recipe_id, cook_id) VALUES (29, 165);
INSERT INTO recipe_cook(recipe_id, cook_id) VALUES (29, 113);
INSERT INTO recipe_cook(recipe_id, cook_id) VALUES (29, 61);
INSERT INTO recipe_cook(recipe_id, cook_id) VALUES (29, 88);
INSERT INTO recipe_cook(recipe_id, cook_id) VALUES (29, 128);
INSERT INTO recipe_cook(recipe_id, cook_id) VALUES (29, 16);
INSERT INTO recipe_cook(recipe_id, cook_id) VALUES (29, 22);
INSERT INTO recipe_cook(recipe_id, cook_id) VALUES (29, 138);
INSERT INTO recipe_cook(recipe_id, cook_id) VALUES (29, 93);
INSERT INTO recipe_cook(recipe_id, cook_id) VALUES (29, 106);
INSERT INTO recipe_cook(recipe_id, cook_id) VALUES (29, 152);
INSERT INTO recipe_cook(recipe_id, cook_id) VALUES (29, 186);
INSERT INTO recipe_cook(recipe_id, cook_id) VALUES (29, 194);
INSERT INTO recipe_cook(recipe_id, cook_id) VALUES (29, 162);
INSERT INTO recipe_cook(recipe_id, cook_id) VALUES (29, 60);
INSERT INTO recipe_cook(recipe_id, cook_id) VALUES (29, 122);
INSERT INTO recipe_cook(recipe_id, cook_id) VALUES (29, 37);
INSERT INTO recipe_cook(recipe_id, cook_id) VALUES (29, 13);
INSERT INTO recipe_cook(recipe_id, cook_id) VALUES (29, 65);
INSERT INTO recipe_cook(recipe_id, cook_id) VALUES (29, 18);
INSERT INTO recipe_cook(recipe_id, cook_id) VALUES (29, 35);
INSERT INTO recipe_cook(recipe_id, cook_id) VALUES (29, 142);
INSERT INTO recipe_cook(recipe_id, cook_id) VALUES (29, 185);
INSERT INTO recipe_cook(recipe_id, cook_id) VALUES (29, 80);
INSERT INTO recipe_cook(recipe_id, cook_id) VALUES (29, 10);
INSERT INTO recipe_cook(recipe_id, cook_id) VALUES (29, 96);
INSERT INTO recipe_cook(recipe_id, cook_id) VALUES (29, 51);
INSERT INTO recipe_cook(recipe_id, cook_id) VALUES (29, 176);
INSERT INTO recipe_cook(recipe_id, cook_id) VALUES (29, 90);
INSERT INTO recipe_cook(recipe_id, cook_id) VALUES (29, 33);
INSERT INTO recipe_cook(recipe_id, cook_id) VALUES (29, 9);
INSERT INTO recipe_cook(recipe_id, cook_id) VALUES (29, 181);
INSERT INTO recipe_cook(recipe_id, cook_id) VALUES (29, 97);
INSERT INTO recipe_cook(recipe_id, cook_id) VALUES (29, 161);
INSERT INTO recipe_cook(recipe_id, cook_id) VALUES (29, 190);
INSERT INTO recipe_cook(recipe_id, cook_id) VALUES (29, 166);
INSERT INTO recipe_cook(recipe_id, cook_id) VALUES (29, 170);
INSERT INTO recipe_cook(recipe_id, cook_id) VALUES (29, 14);
INSERT INTO recipe_cook(recipe_id, cook_id) VALUES (29, 160);
INSERT INTO recipe_cook(recipe_id, cook_id) VALUES (29, 79);
INSERT INTO recipe_cook(recipe_id, cook_id) VALUES (29, 117);
INSERT INTO recipe_cook(recipe_id, cook_id) VALUES (29, 198);
INSERT INTO recipe_cook(recipe_id, cook_id) VALUES (29, 127);
INSERT INTO recipe_cook(recipe_id, cook_id) VALUES (29, 7);
INSERT INTO recipe_cook(recipe_id, cook_id) VALUES (29, 74);
INSERT INTO recipe_cook(recipe_id, cook_id) VALUES (29, 66);
INSERT INTO recipe_cook(recipe_id, cook_id) VALUES (29, 100);
INSERT INTO recipe_cook(recipe_id, cook_id) VALUES (29, 146);
INSERT INTO recipe_cook(recipe_id, cook_id) VALUES (29, 75);
INSERT INTO recipe_cook(recipe_id, cook_id) VALUES (29, 180);
INSERT INTO recipe_cook(recipe_id, cook_id) VALUES (29, 21);
INSERT INTO recipe_cook(recipe_id, cook_id) VALUES (29, 6);
INSERT INTO recipe_cook(recipe_id, cook_id) VALUES (29, 129);
INSERT INTO recipe_cook(recipe_id, cook_id) VALUES (29, 38);
INSERT INTO recipe_cook(recipe_id, cook_id) VALUES (29, 123);
INSERT INTO recipe_cook(recipe_id, cook_id) VALUES (29, 78);
INSERT INTO recipe_cook(recipe_id, cook_id) VALUES (29, 184);
INSERT INTO recipe_cook(recipe_id, cook_id) VALUES (29, 54);
INSERT INTO recipe_cook(recipe_id, cook_id) VALUES (29, 92);
INSERT INTO recipe_cook(recipe_id, cook_id) VALUES (29, 151);
INSERT INTO recipe_cook(recipe_id, cook_id) VALUES (29, 197);
INSERT INTO recipe_cook(recipe_id, cook_id) VALUES (29, 156);
INSERT INTO recipe_cook(recipe_id, cook_id) VALUES (29, 173);
INSERT INTO recipe_cook(recipe_id, cook_id) VALUES (29, 189);
INSERT INTO recipe_cook(recipe_id, cook_id) VALUES (29, 136);
INSERT INTO recipe_cook(recipe_id, cook_id) VALUES (29, 171);
INSERT INTO recipe_cook(recipe_id, cook_id) VALUES (29, 30);
INSERT INTO recipe_cook(recipe_id, cook_id) VALUES (29, 132);
INSERT INTO recipe_cook(recipe_id, cook_id) VALUES (29, 116);
INSERT INTO recipe_cook(recipe_id, cook_id) VALUES (29, 86);
INSERT INTO recipe_cook(recipe_id, cook_id) VALUES (29, 144);
INSERT INTO recipe_cook(recipe_id, cook_id) VALUES (29, 175);
INSERT INTO recipe_cook(recipe_id, cook_id) VALUES (29, 115);
INSERT INTO recipe_cook(recipe_id, cook_id) VALUES (29, 32);
INSERT INTO recipe_cook(recipe_id, cook_id) VALUES (29, 83);
INSERT INTO recipe_cook(recipe_id, cook_id) VALUES (29, 48);
INSERT INTO recipe_cook(recipe_id, cook_id) VALUES (29, 46);
INSERT INTO recipe_cook(recipe_id, cook_id) VALUES (29, 104);
INSERT INTO recipe_cook(recipe_id, cook_id) VALUES (29, 42);
INSERT INTO recipe_cook(recipe_id, cook_id) VALUES (29, 174);
INSERT INTO recipe_cook(recipe_id, cook_id) VALUES (29, 27);
INSERT INTO recipe_cook(recipe_id, cook_id) VALUES (29, 23);
INSERT INTO recipe_cook(recipe_id, cook_id) VALUES (29, 29);
INSERT INTO recipe_cook(recipe_id, cook_id) VALUES (29, 112);
INSERT INTO recipe_cook(recipe_id, cook_id) VALUES (29, 4);
INSERT INTO recipe_cook(recipe_id, cook_id) VALUES (29, 39);
INSERT INTO recipe_cook(recipe_id, cook_id) VALUES (29, 71);
INSERT INTO recipe_cook(recipe_id, cook_id) VALUES (29, 40);
INSERT INTO recipe_cook(recipe_id, cook_id) VALUES (29, 101);
INSERT INTO recipe_cook(recipe_id, cook_id) VALUES (29, 135);
INSERT INTO recipe_cook(recipe_id, cook_id) VALUES (29, 124);
INSERT INTO recipe_cook(recipe_id, cook_id) VALUES (29, 44);
INSERT INTO recipe_cook(recipe_id, cook_id) VALUES (29, 62);
INSERT INTO recipe_cook(recipe_id, cook_id) VALUES (29, 59);
INSERT INTO recipe_cook(recipe_id, cook_id) VALUES (29, 182);
INSERT INTO recipe_cook(recipe_id, cook_id) VALUES (29, 111);
INSERT INTO recipe_cook(recipe_id, cook_id) VALUES (29, 125);
INSERT INTO recipe_cook(recipe_id, cook_id) VALUES (29, 98);
INSERT INTO recipe_cook(recipe_id, cook_id) VALUES (29, 56);
INSERT INTO recipe_cook(recipe_id, cook_id) VALUES (29, 149);
INSERT INTO recipe_cook(recipe_id, cook_id) VALUES (29, 133);
INSERT INTO recipe_cook(recipe_id, cook_id) VALUES (29, 31);
INSERT INTO recipe_cook(recipe_id, cook_id) VALUES (29, 143);
INSERT INTO recipe_cook(recipe_id, cook_id) VALUES (29, 2);
INSERT INTO recipe_cook(recipe_id, cook_id) VALUES (29, 141);
INSERT INTO recipe_cook(recipe_id, cook_id) VALUES (29, 99);
INSERT INTO recipe_cook(recipe_id, cook_id) VALUES (29, 12);
INSERT INTO recipe_cook(recipe_id, cook_id) VALUES (29, 77);
INSERT INTO recipe_theme(recipe_id, theme_id) VALUES (29, 37);
INSERT INTO recipe_theme(recipe_id, theme_id) VALUES (29, 23);
INSERT INTO recipe_theme(recipe_id, theme_id) VALUES (29, 24);
INSERT INTO recipe_tip(recipe_id, tip_id) VALUES (29, 7);

INSERT INTO recipe(baking, cuisine_id, difficulty, title, recipe_description, prep_time, cook_time, portions, fat_portion, protein_portion, carbo_portion, picture, picture_description) VALUES(0, 46, 3,'Burritos', 'Arrive number boy other role shoulder. Ground president event weight especially. Decade cover involve during south prevent house.', 105, 80, 4, 20, 0,40, 'https://placekitten.com/370/211', 'Some cut eight appear movement strong me.');
INSERT INTO recipe_meal_type(recipe_id, meal_type_id) VALUES (30, 1);
INSERT INTO recipe_tag(recipe_id, tag_id) VALUES (30, 18);
INSERT INTO recipe_tag(recipe_id, tag_id) VALUES (30, 90);
INSERT INTO recipe_tag(recipe_id, tag_id) VALUES (30, 26);
INSERT INTO recipe_equipment(recipe_id, equipment_id, num) VALUES (30, 14, 2);
INSERT INTO recipe_equipment(recipe_id, equipment_id, num) VALUES (30, 10, 2);
INSERT INTO recipe_equipment(recipe_id, equipment_id, num) VALUES (30, 15, 4);
INSERT INTO recipe_equipment(recipe_id, equipment_id, num) VALUES (30, 11, 1);
INSERT INTO recipe_equipment(recipe_id, equipment_id, num) VALUES (30, 2, 2);
INSERT INTO recipe_equipment(recipe_id, equipment_id, num) VALUES (30, 18, 4);
INSERT INTO recipe_cook(recipe_id, cook_id) VALUES (30, 82);
INSERT INTO recipe_cook(recipe_id, cook_id) VALUES (30, 147);
INSERT INTO recipe_cook(recipe_id, cook_id) VALUES (30, 156);
INSERT INTO recipe_cook(recipe_id, cook_id) VALUES (30, 47);
INSERT INTO recipe_cook(recipe_id, cook_id) VALUES (30, 29);
INSERT INTO recipe_cook(recipe_id, cook_id) VALUES (30, 160);
INSERT INTO recipe_cook(recipe_id, cook_id) VALUES (30, 5);
INSERT INTO recipe_cook(recipe_id, cook_id) VALUES (30, 125);
INSERT INTO recipe_cook(recipe_id, cook_id) VALUES (30, 93);
INSERT INTO recipe_cook(recipe_id, cook_id) VALUES (30, 31);
INSERT INTO recipe_cook(recipe_id, cook_id) VALUES (30, 71);
INSERT INTO recipe_cook(recipe_id, cook_id) VALUES (30, 67);
INSERT INTO recipe_cook(recipe_id, cook_id) VALUES (30, 197);
INSERT INTO recipe_cook(recipe_id, cook_id) VALUES (30, 18);
INSERT INTO recipe_cook(recipe_id, cook_id) VALUES (30, 72);
INSERT INTO recipe_cook(recipe_id, cook_id) VALUES (30, 100);
INSERT INTO recipe_cook(recipe_id, cook_id) VALUES (30, 165);
INSERT INTO recipe_cook(recipe_id, cook_id) VALUES (30, 121);
INSERT INTO recipe_cook(recipe_id, cook_id) VALUES (30, 135);
INSERT INTO recipe_cook(recipe_id, cook_id) VALUES (30, 85);
INSERT INTO recipe_cook(recipe_id, cook_id) VALUES (30, 171);
INSERT INTO recipe_cook(recipe_id, cook_id) VALUES (30, 97);
INSERT INTO recipe_cook(recipe_id, cook_id) VALUES (30, 130);
INSERT INTO recipe_cook(recipe_id, cook_id) VALUES (30, 183);
INSERT INTO recipe_cook(recipe_id, cook_id) VALUES (30, 81);
INSERT INTO recipe_cook(recipe_id, cook_id) VALUES (30, 50);
INSERT INTO recipe_cook(recipe_id, cook_id) VALUES (30, 98);
INSERT INTO recipe_cook(recipe_id, cook_id) VALUES (30, 10);
INSERT INTO recipe_cook(recipe_id, cook_id) VALUES (30, 120);
INSERT INTO recipe_cook(recipe_id, cook_id) VALUES (30, 189);
INSERT INTO recipe_cook(recipe_id, cook_id) VALUES (30, 70);
INSERT INTO recipe_cook(recipe_id, cook_id) VALUES (30, 110);
INSERT INTO recipe_cook(recipe_id, cook_id) VALUES (30, 166);
INSERT INTO recipe_cook(recipe_id, cook_id) VALUES (30, 91);
INSERT INTO recipe_cook(recipe_id, cook_id) VALUES (30, 2);
INSERT INTO recipe_cook(recipe_id, cook_id) VALUES (30, 179);
INSERT INTO recipe_cook(recipe_id, cook_id) VALUES (30, 148);
INSERT INTO recipe_cook(recipe_id, cook_id) VALUES (30, 129);
INSERT INTO recipe_cook(recipe_id, cook_id) VALUES (30, 19);
INSERT INTO recipe_cook(recipe_id, cook_id) VALUES (30, 8);
INSERT INTO recipe_cook(recipe_id, cook_id) VALUES (30, 21);
INSERT INTO recipe_cook(recipe_id, cook_id) VALUES (30, 142);
INSERT INTO recipe_cook(recipe_id, cook_id) VALUES (30, 75);
INSERT INTO recipe_theme(recipe_id, theme_id) VALUES (30, 33);
INSERT INTO recipe_theme(recipe_id, theme_id) VALUES (30, 36);
INSERT INTO recipe_theme(recipe_id, theme_id) VALUES (30, 15);
INSERT INTO recipe_tip(recipe_id, tip_id) VALUES (30, 11);
INSERT INTO recipe_tip(recipe_id, tip_id) VALUES (30, 3);

INSERT INTO recipe(baking, cuisine_id, difficulty, title, recipe_description, prep_time, cook_time, portions, fat_portion, protein_portion, carbo_portion, picture, picture_description) VALUES(1, 38, 3,'Caesar Salad', 'Rich discussion point nice. Section picture war stock off feeling happen. Hospital machine lose day character trial recognize.', 45, 60, 3, 25, 5,10, 'https://placekitten.com/708/744', 'Stock a most election join population born.');
INSERT INTO recipe_meal_type(recipe_id, meal_type_id) VALUES (31, 3);
INSERT INTO recipe_tag(recipe_id, tag_id) VALUES (31, 63);
INSERT INTO recipe_tag(recipe_id, tag_id) VALUES (31, 71);
INSERT INTO recipe_tag(recipe_id, tag_id) VALUES (31, 1);
INSERT INTO recipe_tag(recipe_id, tag_id) VALUES (31, 39);
INSERT INTO recipe_equipment(recipe_id, equipment_id, num) VALUES (31, 20, 1);
INSERT INTO recipe_equipment(recipe_id, equipment_id, num) VALUES (31, 3, 3);
INSERT INTO recipe_equipment(recipe_id, equipment_id, num) VALUES (31, 13, 4);
INSERT INTO recipe_equipment(recipe_id, equipment_id, num) VALUES (31, 6, 3);
INSERT INTO recipe_equipment(recipe_id, equipment_id, num) VALUES (31, 12, 4);
INSERT INTO recipe_cook(recipe_id, cook_id) VALUES (31, 175);
INSERT INTO recipe_cook(recipe_id, cook_id) VALUES (31, 89);
INSERT INTO recipe_cook(recipe_id, cook_id) VALUES (31, 74);
INSERT INTO recipe_cook(recipe_id, cook_id) VALUES (31, 170);
INSERT INTO recipe_cook(recipe_id, cook_id) VALUES (31, 118);
INSERT INTO recipe_cook(recipe_id, cook_id) VALUES (31, 38);
INSERT INTO recipe_cook(recipe_id, cook_id) VALUES (31, 97);
INSERT INTO recipe_cook(recipe_id, cook_id) VALUES (31, 192);
INSERT INTO recipe_cook(recipe_id, cook_id) VALUES (31, 159);
INSERT INTO recipe_cook(recipe_id, cook_id) VALUES (31, 35);
INSERT INTO recipe_cook(recipe_id, cook_id) VALUES (31, 85);
INSERT INTO recipe_cook(recipe_id, cook_id) VALUES (31, 10);
INSERT INTO recipe_cook(recipe_id, cook_id) VALUES (31, 189);
INSERT INTO recipe_cook(recipe_id, cook_id) VALUES (31, 41);
INSERT INTO recipe_cook(recipe_id, cook_id) VALUES (31, 167);
INSERT INTO recipe_cook(recipe_id, cook_id) VALUES (31, 6);
INSERT INTO recipe_cook(recipe_id, cook_id) VALUES (31, 76);
INSERT INTO recipe_cook(recipe_id, cook_id) VALUES (31, 104);
INSERT INTO recipe_cook(recipe_id, cook_id) VALUES (31, 90);
INSERT INTO recipe_cook(recipe_id, cook_id) VALUES (31, 17);
INSERT INTO recipe_cook(recipe_id, cook_id) VALUES (31, 73);
INSERT INTO recipe_cook(recipe_id, cook_id) VALUES (31, 144);
INSERT INTO recipe_cook(recipe_id, cook_id) VALUES (31, 87);
INSERT INTO recipe_cook(recipe_id, cook_id) VALUES (31, 2);
INSERT INTO recipe_cook(recipe_id, cook_id) VALUES (31, 1);
INSERT INTO recipe_cook(recipe_id, cook_id) VALUES (31, 49);
INSERT INTO recipe_cook(recipe_id, cook_id) VALUES (31, 47);
INSERT INTO recipe_cook(recipe_id, cook_id) VALUES (31, 31);
INSERT INTO recipe_cook(recipe_id, cook_id) VALUES (31, 24);
INSERT INTO recipe_cook(recipe_id, cook_id) VALUES (31, 11);
INSERT INTO recipe_cook(recipe_id, cook_id) VALUES (31, 191);
INSERT INTO recipe_cook(recipe_id, cook_id) VALUES (31, 133);
INSERT INTO recipe_cook(recipe_id, cook_id) VALUES (31, 119);
INSERT INTO recipe_cook(recipe_id, cook_id) VALUES (31, 8);
INSERT INTO recipe_cook(recipe_id, cook_id) VALUES (31, 42);
INSERT INTO recipe_cook(recipe_id, cook_id) VALUES (31, 147);
INSERT INTO recipe_cook(recipe_id, cook_id) VALUES (31, 187);
INSERT INTO recipe_cook(recipe_id, cook_id) VALUES (31, 43);
INSERT INTO recipe_cook(recipe_id, cook_id) VALUES (31, 57);
INSERT INTO recipe_cook(recipe_id, cook_id) VALUES (31, 194);
INSERT INTO recipe_cook(recipe_id, cook_id) VALUES (31, 30);
INSERT INTO recipe_cook(recipe_id, cook_id) VALUES (31, 79);
INSERT INTO recipe_cook(recipe_id, cook_id) VALUES (31, 50);
INSERT INTO recipe_cook(recipe_id, cook_id) VALUES (31, 69);
INSERT INTO recipe_cook(recipe_id, cook_id) VALUES (31, 115);
INSERT INTO recipe_cook(recipe_id, cook_id) VALUES (31, 174);
INSERT INTO recipe_cook(recipe_id, cook_id) VALUES (31, 93);
INSERT INTO recipe_cook(recipe_id, cook_id) VALUES (31, 12);
INSERT INTO recipe_cook(recipe_id, cook_id) VALUES (31, 140);
INSERT INTO recipe_cook(recipe_id, cook_id) VALUES (31, 107);
INSERT INTO recipe_cook(recipe_id, cook_id) VALUES (31, 100);
INSERT INTO recipe_cook(recipe_id, cook_id) VALUES (31, 36);
INSERT INTO recipe_cook(recipe_id, cook_id) VALUES (31, 157);
INSERT INTO recipe_cook(recipe_id, cook_id) VALUES (31, 63);
INSERT INTO recipe_cook(recipe_id, cook_id) VALUES (31, 161);
INSERT INTO recipe_cook(recipe_id, cook_id) VALUES (31, 83);
INSERT INTO recipe_cook(recipe_id, cook_id) VALUES (31, 44);
INSERT INTO recipe_cook(recipe_id, cook_id) VALUES (31, 124);
INSERT INTO recipe_cook(recipe_id, cook_id) VALUES (31, 141);
INSERT INTO recipe_cook(recipe_id, cook_id) VALUES (31, 52);
INSERT INTO recipe_cook(recipe_id, cook_id) VALUES (31, 96);
INSERT INTO recipe_cook(recipe_id, cook_id) VALUES (31, 9);
INSERT INTO recipe_cook(recipe_id, cook_id) VALUES (31, 78);
INSERT INTO recipe_cook(recipe_id, cook_id) VALUES (31, 154);
INSERT INTO recipe_cook(recipe_id, cook_id) VALUES (31, 55);
INSERT INTO recipe_cook(recipe_id, cook_id) VALUES (31, 56);
INSERT INTO recipe_cook(recipe_id, cook_id) VALUES (31, 149);
INSERT INTO recipe_cook(recipe_id, cook_id) VALUES (31, 160);
INSERT INTO recipe_cook(recipe_id, cook_id) VALUES (31, 155);
INSERT INTO recipe_cook(recipe_id, cook_id) VALUES (31, 116);
INSERT INTO recipe_cook(recipe_id, cook_id) VALUES (31, 105);
INSERT INTO recipe_cook(recipe_id, cook_id) VALUES (31, 101);
INSERT INTO recipe_cook(recipe_id, cook_id) VALUES (31, 102);
INSERT INTO recipe_cook(recipe_id, cook_id) VALUES (31, 39);
INSERT INTO recipe_cook(recipe_id, cook_id) VALUES (31, 110);
INSERT INTO recipe_cook(recipe_id, cook_id) VALUES (31, 64);
INSERT INTO recipe_cook(recipe_id, cook_id) VALUES (31, 61);
INSERT INTO recipe_cook(recipe_id, cook_id) VALUES (31, 20);
INSERT INTO recipe_cook(recipe_id, cook_id) VALUES (31, 99);
INSERT INTO recipe_cook(recipe_id, cook_id) VALUES (31, 114);
INSERT INTO recipe_cook(recipe_id, cook_id) VALUES (31, 103);
INSERT INTO recipe_cook(recipe_id, cook_id) VALUES (31, 34);
INSERT INTO recipe_cook(recipe_id, cook_id) VALUES (31, 54);
INSERT INTO recipe_cook(recipe_id, cook_id) VALUES (31, 126);
INSERT INTO recipe_cook(recipe_id, cook_id) VALUES (31, 46);
INSERT INTO recipe_cook(recipe_id, cook_id) VALUES (31, 112);
INSERT INTO recipe_cook(recipe_id, cook_id) VALUES (31, 27);
INSERT INTO recipe_cook(recipe_id, cook_id) VALUES (31, 14);
INSERT INTO recipe_cook(recipe_id, cook_id) VALUES (31, 5);
INSERT INTO recipe_cook(recipe_id, cook_id) VALUES (31, 182);
INSERT INTO recipe_cook(recipe_id, cook_id) VALUES (31, 164);
INSERT INTO recipe_cook(recipe_id, cook_id) VALUES (31, 176);
INSERT INTO recipe_cook(recipe_id, cook_id) VALUES (31, 136);
INSERT INTO recipe_cook(recipe_id, cook_id) VALUES (31, 111);
INSERT INTO recipe_cook(recipe_id, cook_id) VALUES (31, 125);
INSERT INTO recipe_cook(recipe_id, cook_id) VALUES (31, 82);
INSERT INTO recipe_cook(recipe_id, cook_id) VALUES (31, 28);
INSERT INTO recipe_cook(recipe_id, cook_id) VALUES (31, 32);
INSERT INTO recipe_cook(recipe_id, cook_id) VALUES (31, 21);
INSERT INTO recipe_cook(recipe_id, cook_id) VALUES (31, 68);
INSERT INTO recipe_cook(recipe_id, cook_id) VALUES (31, 19);
INSERT INTO recipe_cook(recipe_id, cook_id) VALUES (31, 58);
INSERT INTO recipe_cook(recipe_id, cook_id) VALUES (31, 173);
INSERT INTO recipe_cook(recipe_id, cook_id) VALUES (31, 67);
INSERT INTO recipe_cook(recipe_id, cook_id) VALUES (31, 53);
INSERT INTO recipe_cook(recipe_id, cook_id) VALUES (31, 81);
INSERT INTO recipe_cook(recipe_id, cook_id) VALUES (31, 62);
INSERT INTO recipe_cook(recipe_id, cook_id) VALUES (31, 23);
INSERT INTO recipe_cook(recipe_id, cook_id) VALUES (31, 71);
INSERT INTO recipe_cook(recipe_id, cook_id) VALUES (31, 65);
INSERT INTO recipe_cook(recipe_id, cook_id) VALUES (31, 18);
INSERT INTO recipe_cook(recipe_id, cook_id) VALUES (31, 98);
INSERT INTO recipe_cook(recipe_id, cook_id) VALUES (31, 185);
INSERT INTO recipe_cook(recipe_id, cook_id) VALUES (31, 197);
INSERT INTO recipe_cook(recipe_id, cook_id) VALUES (31, 70);
INSERT INTO recipe_cook(recipe_id, cook_id) VALUES (31, 165);
INSERT INTO recipe_cook(recipe_id, cook_id) VALUES (31, 66);
INSERT INTO recipe_cook(recipe_id, cook_id) VALUES (31, 108);
INSERT INTO recipe_cook(recipe_id, cook_id) VALUES (31, 148);
INSERT INTO recipe_cook(recipe_id, cook_id) VALUES (31, 121);
INSERT INTO recipe_cook(recipe_id, cook_id) VALUES (31, 37);
INSERT INTO recipe_cook(recipe_id, cook_id) VALUES (31, 22);
INSERT INTO recipe_cook(recipe_id, cook_id) VALUES (31, 84);
INSERT INTO recipe_cook(recipe_id, cook_id) VALUES (31, 25);
INSERT INTO recipe_cook(recipe_id, cook_id) VALUES (31, 186);
INSERT INTO recipe_cook(recipe_id, cook_id) VALUES (31, 130);
INSERT INTO recipe_cook(recipe_id, cook_id) VALUES (31, 137);
INSERT INTO recipe_cook(recipe_id, cook_id) VALUES (31, 120);
INSERT INTO recipe_cook(recipe_id, cook_id) VALUES (31, 153);
INSERT INTO recipe_cook(recipe_id, cook_id) VALUES (31, 196);
INSERT INTO recipe_cook(recipe_id, cook_id) VALUES (31, 156);
INSERT INTO recipe_cook(recipe_id, cook_id) VALUES (31, 184);
INSERT INTO recipe_cook(recipe_id, cook_id) VALUES (31, 181);
INSERT INTO recipe_cook(recipe_id, cook_id) VALUES (31, 169);
INSERT INTO recipe_cook(recipe_id, cook_id) VALUES (31, 163);
INSERT INTO recipe_cook(recipe_id, cook_id) VALUES (31, 77);
INSERT INTO recipe_cook(recipe_id, cook_id) VALUES (31, 193);
INSERT INTO recipe_cook(recipe_id, cook_id) VALUES (31, 142);
INSERT INTO recipe_cook(recipe_id, cook_id) VALUES (31, 94);
INSERT INTO recipe_cook(recipe_id, cook_id) VALUES (31, 172);
INSERT INTO recipe_cook(recipe_id, cook_id) VALUES (31, 145);
INSERT INTO recipe_cook(recipe_id, cook_id) VALUES (31, 109);
INSERT INTO recipe_cook(recipe_id, cook_id) VALUES (31, 13);
INSERT INTO recipe_cook(recipe_id, cook_id) VALUES (31, 123);
INSERT INTO recipe_cook(recipe_id, cook_id) VALUES (31, 200);
INSERT INTO recipe_cook(recipe_id, cook_id) VALUES (31, 131);
INSERT INTO recipe_cook(recipe_id, cook_id) VALUES (31, 146);
INSERT INTO recipe_cook(recipe_id, cook_id) VALUES (31, 7);
INSERT INTO recipe_cook(recipe_id, cook_id) VALUES (31, 129);
INSERT INTO recipe_cook(recipe_id, cook_id) VALUES (31, 29);
INSERT INTO recipe_cook(recipe_id, cook_id) VALUES (31, 151);
INSERT INTO recipe_cook(recipe_id, cook_id) VALUES (31, 188);
INSERT INTO recipe_cook(recipe_id, cook_id) VALUES (31, 88);
INSERT INTO recipe_cook(recipe_id, cook_id) VALUES (31, 3);
INSERT INTO recipe_cook(recipe_id, cook_id) VALUES (31, 150);
INSERT INTO recipe_cook(recipe_id, cook_id) VALUES (31, 177);
INSERT INTO recipe_cook(recipe_id, cook_id) VALUES (31, 134);
INSERT INTO recipe_cook(recipe_id, cook_id) VALUES (31, 168);
INSERT INTO recipe_cook(recipe_id, cook_id) VALUES (31, 16);
INSERT INTO recipe_cook(recipe_id, cook_id) VALUES (31, 45);
INSERT INTO recipe_cook(recipe_id, cook_id) VALUES (31, 152);
INSERT INTO recipe_cook(recipe_id, cook_id) VALUES (31, 95);
INSERT INTO recipe_cook(recipe_id, cook_id) VALUES (31, 75);
INSERT INTO recipe_cook(recipe_id, cook_id) VALUES (31, 180);
INSERT INTO recipe_cook(recipe_id, cook_id) VALUES (31, 139);
INSERT INTO recipe_cook(recipe_id, cook_id) VALUES (31, 135);
INSERT INTO recipe_cook(recipe_id, cook_id) VALUES (31, 60);
INSERT INTO recipe_cook(recipe_id, cook_id) VALUES (31, 59);
INSERT INTO recipe_cook(recipe_id, cook_id) VALUES (31, 40);
INSERT INTO recipe_cook(recipe_id, cook_id) VALUES (31, 195);
INSERT INTO recipe_cook(recipe_id, cook_id) VALUES (31, 51);
INSERT INTO recipe_cook(recipe_id, cook_id) VALUES (31, 33);
INSERT INTO recipe_cook(recipe_id, cook_id) VALUES (31, 162);
INSERT INTO recipe_cook(recipe_id, cook_id) VALUES (31, 91);
INSERT INTO recipe_theme(recipe_id, theme_id) VALUES (31, 40);
INSERT INTO recipe_theme(recipe_id, theme_id) VALUES (31, 17);
INSERT INTO recipe_theme(recipe_id, theme_id) VALUES (31, 29);
INSERT INTO recipe_tip(recipe_id, tip_id) VALUES (31, 26);
INSERT INTO recipe_tip(recipe_id, tip_id) VALUES (31, 18);
INSERT INTO recipe_tip(recipe_id, tip_id) VALUES (31, 34);

INSERT INTO recipe(baking, cuisine_id, difficulty, title, recipe_description, prep_time, cook_time, portions, fat_portion, protein_portion, carbo_portion, picture, picture_description) VALUES(0, 21, 5,'Lentil Soup', 'Place cover issue rise color road. Sell rise suggest medical. Discuss study commercial break note develop point. Maybe level case likely firm story. Every window weight where.', 35, 20, 2, 40, 60,25, 'https://dummyimage.com/100x417', 'Down her south.');
INSERT INTO recipe_meal_type(recipe_id, meal_type_id) VALUES (32, 3);
INSERT INTO recipe_tag(recipe_id, tag_id) VALUES (32, 6);
INSERT INTO recipe_tag(recipe_id, tag_id) VALUES (32, 47);
INSERT INTO recipe_tag(recipe_id, tag_id) VALUES (32, 80);
INSERT INTO recipe_tag(recipe_id, tag_id) VALUES (32, 65);
INSERT INTO recipe_equipment(recipe_id, equipment_id, num) VALUES (32, 18, 3);
INSERT INTO recipe_equipment(recipe_id, equipment_id, num) VALUES (32, 2, 3);
INSERT INTO recipe_equipment(recipe_id, equipment_id, num) VALUES (32, 10, 2);
INSERT INTO recipe_equipment(recipe_id, equipment_id, num) VALUES (32, 13, 3);
INSERT INTO recipe_equipment(recipe_id, equipment_id, num) VALUES (32, 11, 4);
INSERT INTO recipe_equipment(recipe_id, equipment_id, num) VALUES (32, 15, 3);
INSERT INTO recipe_cook(recipe_id, cook_id) VALUES (32, 189);
INSERT INTO recipe_cook(recipe_id, cook_id) VALUES (32, 9);
INSERT INTO recipe_cook(recipe_id, cook_id) VALUES (32, 35);
INSERT INTO recipe_cook(recipe_id, cook_id) VALUES (32, 148);
INSERT INTO recipe_cook(recipe_id, cook_id) VALUES (32, 30);
INSERT INTO recipe_cook(recipe_id, cook_id) VALUES (32, 172);
INSERT INTO recipe_cook(recipe_id, cook_id) VALUES (32, 48);
INSERT INTO recipe_cook(recipe_id, cook_id) VALUES (32, 191);
INSERT INTO recipe_cook(recipe_id, cook_id) VALUES (32, 22);
INSERT INTO recipe_cook(recipe_id, cook_id) VALUES (32, 79);
INSERT INTO recipe_cook(recipe_id, cook_id) VALUES (32, 19);
INSERT INTO recipe_cook(recipe_id, cook_id) VALUES (32, 185);
INSERT INTO recipe_cook(recipe_id, cook_id) VALUES (32, 1);
INSERT INTO recipe_cook(recipe_id, cook_id) VALUES (32, 85);
INSERT INTO recipe_cook(recipe_id, cook_id) VALUES (32, 154);
INSERT INTO recipe_cook(recipe_id, cook_id) VALUES (32, 101);
INSERT INTO recipe_cook(recipe_id, cook_id) VALUES (32, 131);
INSERT INTO recipe_cook(recipe_id, cook_id) VALUES (32, 77);
INSERT INTO recipe_cook(recipe_id, cook_id) VALUES (32, 102);
INSERT INTO recipe_cook(recipe_id, cook_id) VALUES (32, 60);
INSERT INTO recipe_cook(recipe_id, cook_id) VALUES (32, 114);
INSERT INTO recipe_cook(recipe_id, cook_id) VALUES (32, 100);
INSERT INTO recipe_cook(recipe_id, cook_id) VALUES (32, 36);
INSERT INTO recipe_cook(recipe_id, cook_id) VALUES (32, 160);
INSERT INTO recipe_cook(recipe_id, cook_id) VALUES (32, 129);
INSERT INTO recipe_cook(recipe_id, cook_id) VALUES (32, 58);
INSERT INTO recipe_cook(recipe_id, cook_id) VALUES (32, 14);
INSERT INTO recipe_cook(recipe_id, cook_id) VALUES (32, 174);
INSERT INTO recipe_cook(recipe_id, cook_id) VALUES (32, 20);
INSERT INTO recipe_cook(recipe_id, cook_id) VALUES (32, 171);
INSERT INTO recipe_cook(recipe_id, cook_id) VALUES (32, 69);
INSERT INTO recipe_cook(recipe_id, cook_id) VALUES (32, 116);
INSERT INTO recipe_cook(recipe_id, cook_id) VALUES (32, 182);
INSERT INTO recipe_cook(recipe_id, cook_id) VALUES (32, 55);
INSERT INTO recipe_cook(recipe_id, cook_id) VALUES (32, 109);
INSERT INTO recipe_cook(recipe_id, cook_id) VALUES (32, 150);
INSERT INTO recipe_cook(recipe_id, cook_id) VALUES (32, 177);
INSERT INTO recipe_cook(recipe_id, cook_id) VALUES (32, 192);
INSERT INTO recipe_cook(recipe_id, cook_id) VALUES (32, 196);
INSERT INTO recipe_cook(recipe_id, cook_id) VALUES (32, 158);
INSERT INTO recipe_cook(recipe_id, cook_id) VALUES (32, 65);
INSERT INTO recipe_cook(recipe_id, cook_id) VALUES (32, 11);
INSERT INTO recipe_cook(recipe_id, cook_id) VALUES (32, 76);
INSERT INTO recipe_cook(recipe_id, cook_id) VALUES (32, 59);
INSERT INTO recipe_cook(recipe_id, cook_id) VALUES (32, 141);
INSERT INTO recipe_cook(recipe_id, cook_id) VALUES (32, 104);
INSERT INTO recipe_cook(recipe_id, cook_id) VALUES (32, 87);
INSERT INTO recipe_cook(recipe_id, cook_id) VALUES (32, 123);
INSERT INTO recipe_cook(recipe_id, cook_id) VALUES (32, 121);
INSERT INTO recipe_cook(recipe_id, cook_id) VALUES (32, 152);
INSERT INTO recipe_cook(recipe_id, cook_id) VALUES (32, 50);
INSERT INTO recipe_cook(recipe_id, cook_id) VALUES (32, 138);
INSERT INTO recipe_cook(recipe_id, cook_id) VALUES (32, 124);
INSERT INTO recipe_cook(recipe_id, cook_id) VALUES (32, 113);
INSERT INTO recipe_cook(recipe_id, cook_id) VALUES (32, 193);
INSERT INTO recipe_cook(recipe_id, cook_id) VALUES (32, 53);
INSERT INTO recipe_cook(recipe_id, cook_id) VALUES (32, 2);
INSERT INTO recipe_cook(recipe_id, cook_id) VALUES (32, 200);
INSERT INTO recipe_cook(recipe_id, cook_id) VALUES (32, 44);
INSERT INTO recipe_cook(recipe_id, cook_id) VALUES (32, 38);
INSERT INTO recipe_cook(recipe_id, cook_id) VALUES (32, 161);
INSERT INTO recipe_cook(recipe_id, cook_id) VALUES (32, 187);
INSERT INTO recipe_cook(recipe_id, cook_id) VALUES (32, 197);
INSERT INTO recipe_cook(recipe_id, cook_id) VALUES (32, 180);
INSERT INTO recipe_cook(recipe_id, cook_id) VALUES (32, 169);
INSERT INTO recipe_cook(recipe_id, cook_id) VALUES (32, 82);
INSERT INTO recipe_cook(recipe_id, cook_id) VALUES (32, 7);
INSERT INTO recipe_cook(recipe_id, cook_id) VALUES (32, 61);
INSERT INTO recipe_cook(recipe_id, cook_id) VALUES (32, 112);
INSERT INTO recipe_cook(recipe_id, cook_id) VALUES (32, 110);
INSERT INTO recipe_cook(recipe_id, cook_id) VALUES (32, 84);
INSERT INTO recipe_cook(recipe_id, cook_id) VALUES (32, 21);
INSERT INTO recipe_cook(recipe_id, cook_id) VALUES (32, 128);
INSERT INTO recipe_cook(recipe_id, cook_id) VALUES (32, 139);
INSERT INTO recipe_cook(recipe_id, cook_id) VALUES (32, 24);
INSERT INTO recipe_cook(recipe_id, cook_id) VALUES (32, 120);
INSERT INTO recipe_cook(recipe_id, cook_id) VALUES (32, 15);
INSERT INTO recipe_cook(recipe_id, cook_id) VALUES (32, 136);
INSERT INTO recipe_cook(recipe_id, cook_id) VALUES (32, 145);
INSERT INTO recipe_cook(recipe_id, cook_id) VALUES (32, 98);
INSERT INTO recipe_cook(recipe_id, cook_id) VALUES (32, 135);
INSERT INTO recipe_cook(recipe_id, cook_id) VALUES (32, 198);
INSERT INTO recipe_cook(recipe_id, cook_id) VALUES (32, 37);
INSERT INTO recipe_cook(recipe_id, cook_id) VALUES (32, 66);
INSERT INTO recipe_cook(recipe_id, cook_id) VALUES (32, 133);
INSERT INTO recipe_cook(recipe_id, cook_id) VALUES (32, 156);
INSERT INTO recipe_cook(recipe_id, cook_id) VALUES (32, 27);
INSERT INTO recipe_cook(recipe_id, cook_id) VALUES (32, 52);
INSERT INTO recipe_cook(recipe_id, cook_id) VALUES (32, 108);
INSERT INTO recipe_cook(recipe_id, cook_id) VALUES (32, 28);
INSERT INTO recipe_cook(recipe_id, cook_id) VALUES (32, 132);
INSERT INTO recipe_cook(recipe_id, cook_id) VALUES (32, 64);
INSERT INTO recipe_cook(recipe_id, cook_id) VALUES (32, 63);
INSERT INTO recipe_cook(recipe_id, cook_id) VALUES (32, 146);
INSERT INTO recipe_cook(recipe_id, cook_id) VALUES (32, 91);
INSERT INTO recipe_cook(recipe_id, cook_id) VALUES (32, 195);
INSERT INTO recipe_cook(recipe_id, cook_id) VALUES (32, 72);
INSERT INTO recipe_cook(recipe_id, cook_id) VALUES (32, 188);
INSERT INTO recipe_cook(recipe_id, cook_id) VALUES (32, 5);
INSERT INTO recipe_cook(recipe_id, cook_id) VALUES (32, 127);
INSERT INTO recipe_cook(recipe_id, cook_id) VALUES (32, 144);
INSERT INTO recipe_cook(recipe_id, cook_id) VALUES (32, 12);
INSERT INTO recipe_cook(recipe_id, cook_id) VALUES (32, 163);
INSERT INTO recipe_cook(recipe_id, cook_id) VALUES (32, 10);
INSERT INTO recipe_cook(recipe_id, cook_id) VALUES (32, 43);
INSERT INTO recipe_cook(recipe_id, cook_id) VALUES (32, 88);
INSERT INTO recipe_cook(recipe_id, cook_id) VALUES (32, 149);
INSERT INTO recipe_cook(recipe_id, cook_id) VALUES (32, 107);
INSERT INTO recipe_cook(recipe_id, cook_id) VALUES (32, 157);
INSERT INTO recipe_cook(recipe_id, cook_id) VALUES (32, 118);
INSERT INTO recipe_cook(recipe_id, cook_id) VALUES (32, 94);
INSERT INTO recipe_cook(recipe_id, cook_id) VALUES (32, 57);
INSERT INTO recipe_cook(recipe_id, cook_id) VALUES (32, 117);
INSERT INTO recipe_cook(recipe_id, cook_id) VALUES (32, 83);
INSERT INTO recipe_cook(recipe_id, cook_id) VALUES (32, 51);
INSERT INTO recipe_cook(recipe_id, cook_id) VALUES (32, 122);
INSERT INTO recipe_cook(recipe_id, cook_id) VALUES (32, 130);
INSERT INTO recipe_cook(recipe_id, cook_id) VALUES (32, 13);
INSERT INTO recipe_cook(recipe_id, cook_id) VALUES (32, 93);
INSERT INTO recipe_cook(recipe_id, cook_id) VALUES (32, 89);
INSERT INTO recipe_cook(recipe_id, cook_id) VALUES (32, 119);
INSERT INTO recipe_cook(recipe_id, cook_id) VALUES (32, 73);
INSERT INTO recipe_cook(recipe_id, cook_id) VALUES (32, 106);
INSERT INTO recipe_cook(recipe_id, cook_id) VALUES (32, 68);
INSERT INTO recipe_cook(recipe_id, cook_id) VALUES (32, 31);
INSERT INTO recipe_cook(recipe_id, cook_id) VALUES (32, 42);
INSERT INTO recipe_cook(recipe_id, cook_id) VALUES (32, 17);
INSERT INTO recipe_cook(recipe_id, cook_id) VALUES (32, 6);
INSERT INTO recipe_cook(recipe_id, cook_id) VALUES (32, 194);
INSERT INTO recipe_cook(recipe_id, cook_id) VALUES (32, 29);
INSERT INTO recipe_cook(recipe_id, cook_id) VALUES (32, 49);
INSERT INTO recipe_cook(recipe_id, cook_id) VALUES (32, 167);
INSERT INTO recipe_cook(recipe_id, cook_id) VALUES (32, 164);
INSERT INTO recipe_cook(recipe_id, cook_id) VALUES (32, 126);
INSERT INTO recipe_cook(recipe_id, cook_id) VALUES (32, 155);
INSERT INTO recipe_cook(recipe_id, cook_id) VALUES (32, 3);
INSERT INTO recipe_cook(recipe_id, cook_id) VALUES (32, 86);
INSERT INTO recipe_cook(recipe_id, cook_id) VALUES (32, 165);
INSERT INTO recipe_cook(recipe_id, cook_id) VALUES (32, 179);
INSERT INTO recipe_cook(recipe_id, cook_id) VALUES (32, 67);
INSERT INTO recipe_cook(recipe_id, cook_id) VALUES (32, 39);
INSERT INTO recipe_cook(recipe_id, cook_id) VALUES (32, 25);
INSERT INTO recipe_cook(recipe_id, cook_id) VALUES (32, 32);
INSERT INTO recipe_cook(recipe_id, cook_id) VALUES (32, 183);
INSERT INTO recipe_cook(recipe_id, cook_id) VALUES (32, 23);
INSERT INTO recipe_cook(recipe_id, cook_id) VALUES (32, 26);
INSERT INTO recipe_cook(recipe_id, cook_id) VALUES (32, 186);
INSERT INTO recipe_cook(recipe_id, cook_id) VALUES (32, 170);
INSERT INTO recipe_cook(recipe_id, cook_id) VALUES (32, 81);
INSERT INTO recipe_cook(recipe_id, cook_id) VALUES (32, 80);
INSERT INTO recipe_cook(recipe_id, cook_id) VALUES (32, 181);
INSERT INTO recipe_cook(recipe_id, cook_id) VALUES (32, 147);
INSERT INTO recipe_cook(recipe_id, cook_id) VALUES (32, 16);
INSERT INTO recipe_cook(recipe_id, cook_id) VALUES (32, 142);
INSERT INTO recipe_cook(recipe_id, cook_id) VALUES (32, 111);
INSERT INTO recipe_cook(recipe_id, cook_id) VALUES (32, 176);
INSERT INTO recipe_cook(recipe_id, cook_id) VALUES (32, 34);
INSERT INTO recipe_cook(recipe_id, cook_id) VALUES (32, 90);
INSERT INTO recipe_cook(recipe_id, cook_id) VALUES (32, 125);
INSERT INTO recipe_cook(recipe_id, cook_id) VALUES (32, 162);
INSERT INTO recipe_cook(recipe_id, cook_id) VALUES (32, 151);
INSERT INTO recipe_cook(recipe_id, cook_id) VALUES (32, 45);
INSERT INTO recipe_cook(recipe_id, cook_id) VALUES (32, 47);
INSERT INTO recipe_cook(recipe_id, cook_id) VALUES (32, 78);
INSERT INTO recipe_cook(recipe_id, cook_id) VALUES (32, 105);
INSERT INTO recipe_cook(recipe_id, cook_id) VALUES (32, 166);
INSERT INTO recipe_cook(recipe_id, cook_id) VALUES (32, 153);
INSERT INTO recipe_theme(recipe_id, theme_id) VALUES (32, 11);
INSERT INTO recipe_theme(recipe_id, theme_id) VALUES (32, 2);
INSERT INTO recipe_theme(recipe_id, theme_id) VALUES (32, 32);
INSERT INTO recipe_tip(recipe_id, tip_id) VALUES (32, 15);
INSERT INTO recipe_tip(recipe_id, tip_id) VALUES (32, 11);

INSERT INTO recipe(baking, cuisine_id, difficulty, title, recipe_description, prep_time, cook_time, portions, fat_portion, protein_portion, carbo_portion, picture, picture_description) VALUES(1, 38, 1,'Nachos', 'Agency actually suddenly budget likely. Consumer card threat truth. Light will affect describe draw nearly foreign. Pressure treat manager point.', 125, 40, 4, 55, 55,10, 'https://placekitten.com/824/642', 'Particularly American other.');
INSERT INTO recipe_meal_type(recipe_id, meal_type_id) VALUES (33, 1);
INSERT INTO recipe_tag(recipe_id, tag_id) VALUES (33, 16);
INSERT INTO recipe_tag(recipe_id, tag_id) VALUES (33, 86);
INSERT INTO recipe_tag(recipe_id, tag_id) VALUES (33, 96);
INSERT INTO recipe_tag(recipe_id, tag_id) VALUES (33, 2);
INSERT INTO recipe_tag(recipe_id, tag_id) VALUES (33, 49);
INSERT INTO recipe_equipment(recipe_id, equipment_id, num) VALUES (33, 11, 4);
INSERT INTO recipe_equipment(recipe_id, equipment_id, num) VALUES (33, 8, 3);
INSERT INTO recipe_equipment(recipe_id, equipment_id, num) VALUES (33, 15, 4);
INSERT INTO recipe_cook(recipe_id, cook_id) VALUES (33, 157);
INSERT INTO recipe_cook(recipe_id, cook_id) VALUES (33, 43);
INSERT INTO recipe_cook(recipe_id, cook_id) VALUES (33, 153);
INSERT INTO recipe_cook(recipe_id, cook_id) VALUES (33, 177);
INSERT INTO recipe_cook(recipe_id, cook_id) VALUES (33, 65);
INSERT INTO recipe_cook(recipe_id, cook_id) VALUES (33, 50);
INSERT INTO recipe_cook(recipe_id, cook_id) VALUES (33, 70);
INSERT INTO recipe_cook(recipe_id, cook_id) VALUES (33, 199);
INSERT INTO recipe_cook(recipe_id, cook_id) VALUES (33, 163);
INSERT INTO recipe_cook(recipe_id, cook_id) VALUES (33, 60);
INSERT INTO recipe_cook(recipe_id, cook_id) VALUES (33, 58);
INSERT INTO recipe_cook(recipe_id, cook_id) VALUES (33, 112);
INSERT INTO recipe_cook(recipe_id, cook_id) VALUES (33, 119);
INSERT INTO recipe_cook(recipe_id, cook_id) VALUES (33, 61);
INSERT INTO recipe_cook(recipe_id, cook_id) VALUES (33, 196);
INSERT INTO recipe_cook(recipe_id, cook_id) VALUES (33, 59);
INSERT INTO recipe_cook(recipe_id, cook_id) VALUES (33, 168);
INSERT INTO recipe_cook(recipe_id, cook_id) VALUES (33, 76);
INSERT INTO recipe_cook(recipe_id, cook_id) VALUES (33, 102);
INSERT INTO recipe_cook(recipe_id, cook_id) VALUES (33, 127);
INSERT INTO recipe_cook(recipe_id, cook_id) VALUES (33, 151);
INSERT INTO recipe_cook(recipe_id, cook_id) VALUES (33, 101);
INSERT INTO recipe_cook(recipe_id, cook_id) VALUES (33, 42);
INSERT INTO recipe_cook(recipe_id, cook_id) VALUES (33, 64);
INSERT INTO recipe_cook(recipe_id, cook_id) VALUES (33, 195);
INSERT INTO recipe_cook(recipe_id, cook_id) VALUES (33, 188);
INSERT INTO recipe_cook(recipe_id, cook_id) VALUES (33, 200);
INSERT INTO recipe_cook(recipe_id, cook_id) VALUES (33, 145);
INSERT INTO recipe_cook(recipe_id, cook_id) VALUES (33, 139);
INSERT INTO recipe_cook(recipe_id, cook_id) VALUES (33, 107);
INSERT INTO recipe_cook(recipe_id, cook_id) VALUES (33, 184);
INSERT INTO recipe_cook(recipe_id, cook_id) VALUES (33, 11);
INSERT INTO recipe_cook(recipe_id, cook_id) VALUES (33, 26);
INSERT INTO recipe_cook(recipe_id, cook_id) VALUES (33, 121);
INSERT INTO recipe_cook(recipe_id, cook_id) VALUES (33, 46);
INSERT INTO recipe_cook(recipe_id, cook_id) VALUES (33, 106);
INSERT INTO recipe_cook(recipe_id, cook_id) VALUES (33, 109);
INSERT INTO recipe_cook(recipe_id, cook_id) VALUES (33, 150);
INSERT INTO recipe_cook(recipe_id, cook_id) VALUES (33, 166);
INSERT INTO recipe_cook(recipe_id, cook_id) VALUES (33, 191);
INSERT INTO recipe_cook(recipe_id, cook_id) VALUES (33, 3);
INSERT INTO recipe_theme(recipe_id, theme_id) VALUES (33, 7);
INSERT INTO recipe_theme(recipe_id, theme_id) VALUES (33, 9);
INSERT INTO recipe_tip(recipe_id, tip_id) VALUES (33, 7);

INSERT INTO recipe(baking, cuisine_id, difficulty, title, recipe_description, prep_time, cook_time, portions, fat_portion, protein_portion, carbo_portion, picture, picture_description) VALUES(1, 39, 4,'Salmon Teriyaki', 'Company guy significant whom. Federal happy manager would main head. Have second they war bring create. Nothing safe quickly author term serve. Difficult one enjoy PM name.', 95, 20, 5, 45, 50,0, 'https://placekitten.com/534/424', 'Sea tough report visit.');
INSERT INTO recipe_meal_type(recipe_id, meal_type_id) VALUES (34, 2);
INSERT INTO recipe_tag(recipe_id, tag_id) VALUES (34, 80);
INSERT INTO recipe_tag(recipe_id, tag_id) VALUES (34, 32);
INSERT INTO recipe_tag(recipe_id, tag_id) VALUES (34, 49);
INSERT INTO recipe_tag(recipe_id, tag_id) VALUES (34, 93);
INSERT INTO recipe_tag(recipe_id, tag_id) VALUES (34, 87);
INSERT INTO recipe_tag(recipe_id, tag_id) VALUES (34, 68);
INSERT INTO recipe_tag(recipe_id, tag_id) VALUES (34, 70);
INSERT INTO recipe_equipment(recipe_id, equipment_id, num) VALUES (34, 12, 2);
INSERT INTO recipe_equipment(recipe_id, equipment_id, num) VALUES (34, 1, 1);
INSERT INTO recipe_equipment(recipe_id, equipment_id, num) VALUES (34, 18, 2);
INSERT INTO recipe_cook(recipe_id, cook_id) VALUES (34, 137);
INSERT INTO recipe_cook(recipe_id, cook_id) VALUES (34, 163);
INSERT INTO recipe_cook(recipe_id, cook_id) VALUES (34, 136);
INSERT INTO recipe_cook(recipe_id, cook_id) VALUES (34, 119);
INSERT INTO recipe_cook(recipe_id, cook_id) VALUES (34, 91);
INSERT INTO recipe_cook(recipe_id, cook_id) VALUES (34, 111);
INSERT INTO recipe_cook(recipe_id, cook_id) VALUES (34, 92);
INSERT INTO recipe_cook(recipe_id, cook_id) VALUES (34, 9);
INSERT INTO recipe_cook(recipe_id, cook_id) VALUES (34, 14);
INSERT INTO recipe_cook(recipe_id, cook_id) VALUES (34, 59);
INSERT INTO recipe_cook(recipe_id, cook_id) VALUES (34, 118);
INSERT INTO recipe_cook(recipe_id, cook_id) VALUES (34, 157);
INSERT INTO recipe_cook(recipe_id, cook_id) VALUES (34, 83);
INSERT INTO recipe_cook(recipe_id, cook_id) VALUES (34, 30);
INSERT INTO recipe_cook(recipe_id, cook_id) VALUES (34, 101);
INSERT INTO recipe_cook(recipe_id, cook_id) VALUES (34, 35);
INSERT INTO recipe_cook(recipe_id, cook_id) VALUES (34, 55);
INSERT INTO recipe_cook(recipe_id, cook_id) VALUES (34, 141);
INSERT INTO recipe_cook(recipe_id, cook_id) VALUES (34, 18);
INSERT INTO recipe_cook(recipe_id, cook_id) VALUES (34, 170);
INSERT INTO recipe_cook(recipe_id, cook_id) VALUES (34, 175);
INSERT INTO recipe_cook(recipe_id, cook_id) VALUES (34, 180);
INSERT INTO recipe_cook(recipe_id, cook_id) VALUES (34, 52);
INSERT INTO recipe_cook(recipe_id, cook_id) VALUES (34, 115);
INSERT INTO recipe_cook(recipe_id, cook_id) VALUES (34, 154);
INSERT INTO recipe_cook(recipe_id, cook_id) VALUES (34, 104);
INSERT INTO recipe_cook(recipe_id, cook_id) VALUES (34, 198);
INSERT INTO recipe_cook(recipe_id, cook_id) VALUES (34, 162);
INSERT INTO recipe_cook(recipe_id, cook_id) VALUES (34, 50);
INSERT INTO recipe_cook(recipe_id, cook_id) VALUES (34, 200);
INSERT INTO recipe_cook(recipe_id, cook_id) VALUES (34, 129);
INSERT INTO recipe_cook(recipe_id, cook_id) VALUES (34, 42);
INSERT INTO recipe_cook(recipe_id, cook_id) VALUES (34, 87);
INSERT INTO recipe_cook(recipe_id, cook_id) VALUES (34, 196);
INSERT INTO recipe_cook(recipe_id, cook_id) VALUES (34, 46);
INSERT INTO recipe_cook(recipe_id, cook_id) VALUES (34, 8);
INSERT INTO recipe_cook(recipe_id, cook_id) VALUES (34, 153);
INSERT INTO recipe_cook(recipe_id, cook_id) VALUES (34, 109);
INSERT INTO recipe_cook(recipe_id, cook_id) VALUES (34, 143);
INSERT INTO recipe_cook(recipe_id, cook_id) VALUES (34, 22);
INSERT INTO recipe_cook(recipe_id, cook_id) VALUES (34, 95);
INSERT INTO recipe_cook(recipe_id, cook_id) VALUES (34, 60);
INSERT INTO recipe_cook(recipe_id, cook_id) VALUES (34, 122);
INSERT INTO recipe_cook(recipe_id, cook_id) VALUES (34, 144);
INSERT INTO recipe_cook(recipe_id, cook_id) VALUES (34, 100);
INSERT INTO recipe_cook(recipe_id, cook_id) VALUES (34, 24);
INSERT INTO recipe_cook(recipe_id, cook_id) VALUES (34, 138);
INSERT INTO recipe_cook(recipe_id, cook_id) VALUES (34, 38);
INSERT INTO recipe_cook(recipe_id, cook_id) VALUES (34, 121);
INSERT INTO recipe_theme(recipe_id, theme_id) VALUES (34, 24);
INSERT INTO recipe_theme(recipe_id, theme_id) VALUES (34, 20);
INSERT INTO recipe_tip(recipe_id, tip_id) VALUES (34, 27);
INSERT INTO recipe_tip(recipe_id, tip_id) VALUES (34, 35);

INSERT INTO recipe(baking, cuisine_id, difficulty, title, recipe_description, prep_time, cook_time, portions, fat_portion, protein_portion, carbo_portion, picture, picture_description) VALUES(0, 17, 4,'Deviled Eggs', 'Senior single difference just left. Mind lead late myself popular impact. Beyond write market attention.', 105, 120, 2, 35, 45,50, 'https://picsum.photos/782/312', 'Resource radio everything key trial line.');
INSERT INTO recipe_meal_type(recipe_id, meal_type_id) VALUES (35, 5);
INSERT INTO recipe_tag(recipe_id, tag_id) VALUES (35, 50);
INSERT INTO recipe_tag(recipe_id, tag_id) VALUES (35, 7);
INSERT INTO recipe_tag(recipe_id, tag_id) VALUES (35, 34);
INSERT INTO recipe_equipment(recipe_id, equipment_id, num) VALUES (35, 19, 2);
INSERT INTO recipe_equipment(recipe_id, equipment_id, num) VALUES (35, 18, 4);
INSERT INTO recipe_equipment(recipe_id, equipment_id, num) VALUES (35, 3, 3);
INSERT INTO recipe_equipment(recipe_id, equipment_id, num) VALUES (35, 13, 2);
INSERT INTO recipe_equipment(recipe_id, equipment_id, num) VALUES (35, 16, 2);
INSERT INTO recipe_equipment(recipe_id, equipment_id, num) VALUES (35, 11, 2);
INSERT INTO recipe_equipment(recipe_id, equipment_id, num) VALUES (35, 14, 3);
INSERT INTO recipe_cook(recipe_id, cook_id) VALUES (35, 54);
INSERT INTO recipe_cook(recipe_id, cook_id) VALUES (35, 48);
INSERT INTO recipe_cook(recipe_id, cook_id) VALUES (35, 146);
INSERT INTO recipe_cook(recipe_id, cook_id) VALUES (35, 4);
INSERT INTO recipe_cook(recipe_id, cook_id) VALUES (35, 172);
INSERT INTO recipe_cook(recipe_id, cook_id) VALUES (35, 9);
INSERT INTO recipe_cook(recipe_id, cook_id) VALUES (35, 35);
INSERT INTO recipe_cook(recipe_id, cook_id) VALUES (35, 89);
INSERT INTO recipe_cook(recipe_id, cook_id) VALUES (35, 134);
INSERT INTO recipe_cook(recipe_id, cook_id) VALUES (35, 144);
INSERT INTO recipe_cook(recipe_id, cook_id) VALUES (35, 16);
INSERT INTO recipe_cook(recipe_id, cook_id) VALUES (35, 24);
INSERT INTO recipe_cook(recipe_id, cook_id) VALUES (35, 187);
INSERT INTO recipe_cook(recipe_id, cook_id) VALUES (35, 149);
INSERT INTO recipe_cook(recipe_id, cook_id) VALUES (35, 124);
INSERT INTO recipe_cook(recipe_id, cook_id) VALUES (35, 155);
INSERT INTO recipe_cook(recipe_id, cook_id) VALUES (35, 152);
INSERT INTO recipe_cook(recipe_id, cook_id) VALUES (35, 38);
INSERT INTO recipe_cook(recipe_id, cook_id) VALUES (35, 147);
INSERT INTO recipe_cook(recipe_id, cook_id) VALUES (35, 109);
INSERT INTO recipe_cook(recipe_id, cook_id) VALUES (35, 56);
INSERT INTO recipe_cook(recipe_id, cook_id) VALUES (35, 106);
INSERT INTO recipe_cook(recipe_id, cook_id) VALUES (35, 173);
INSERT INTO recipe_cook(recipe_id, cook_id) VALUES (35, 148);
INSERT INTO recipe_cook(recipe_id, cook_id) VALUES (35, 126);
INSERT INTO recipe_cook(recipe_id, cook_id) VALUES (35, 169);
INSERT INTO recipe_cook(recipe_id, cook_id) VALUES (35, 25);
INSERT INTO recipe_cook(recipe_id, cook_id) VALUES (35, 31);
INSERT INTO recipe_cook(recipe_id, cook_id) VALUES (35, 128);
INSERT INTO recipe_cook(recipe_id, cook_id) VALUES (35, 65);
INSERT INTO recipe_cook(recipe_id, cook_id) VALUES (35, 182);
INSERT INTO recipe_cook(recipe_id, cook_id) VALUES (35, 30);
INSERT INTO recipe_cook(recipe_id, cook_id) VALUES (35, 139);
INSERT INTO recipe_cook(recipe_id, cook_id) VALUES (35, 175);
INSERT INTO recipe_cook(recipe_id, cook_id) VALUES (35, 129);
INSERT INTO recipe_cook(recipe_id, cook_id) VALUES (35, 105);
INSERT INTO recipe_cook(recipe_id, cook_id) VALUES (35, 176);
INSERT INTO recipe_cook(recipe_id, cook_id) VALUES (35, 100);
INSERT INTO recipe_cook(recipe_id, cook_id) VALUES (35, 157);
INSERT INTO recipe_cook(recipe_id, cook_id) VALUES (35, 162);
INSERT INTO recipe_cook(recipe_id, cook_id) VALUES (35, 112);
INSERT INTO recipe_cook(recipe_id, cook_id) VALUES (35, 39);
INSERT INTO recipe_cook(recipe_id, cook_id) VALUES (35, 117);
INSERT INTO recipe_cook(recipe_id, cook_id) VALUES (35, 67);
INSERT INTO recipe_cook(recipe_id, cook_id) VALUES (35, 21);
INSERT INTO recipe_cook(recipe_id, cook_id) VALUES (35, 94);
INSERT INTO recipe_cook(recipe_id, cook_id) VALUES (35, 92);
INSERT INTO recipe_cook(recipe_id, cook_id) VALUES (35, 7);
INSERT INTO recipe_cook(recipe_id, cook_id) VALUES (35, 50);
INSERT INTO recipe_cook(recipe_id, cook_id) VALUES (35, 163);
INSERT INTO recipe_cook(recipe_id, cook_id) VALUES (35, 177);
INSERT INTO recipe_cook(recipe_id, cook_id) VALUES (35, 178);
INSERT INTO recipe_cook(recipe_id, cook_id) VALUES (35, 3);
INSERT INTO recipe_cook(recipe_id, cook_id) VALUES (35, 91);
INSERT INTO recipe_cook(recipe_id, cook_id) VALUES (35, 159);
INSERT INTO recipe_cook(recipe_id, cook_id) VALUES (35, 93);
INSERT INTO recipe_cook(recipe_id, cook_id) VALUES (35, 107);
INSERT INTO recipe_cook(recipe_id, cook_id) VALUES (35, 193);
INSERT INTO recipe_cook(recipe_id, cook_id) VALUES (35, 153);
INSERT INTO recipe_cook(recipe_id, cook_id) VALUES (35, 13);
INSERT INTO recipe_cook(recipe_id, cook_id) VALUES (35, 80);
INSERT INTO recipe_cook(recipe_id, cook_id) VALUES (35, 2);
INSERT INTO recipe_cook(recipe_id, cook_id) VALUES (35, 41);
INSERT INTO recipe_cook(recipe_id, cook_id) VALUES (35, 111);
INSERT INTO recipe_cook(recipe_id, cook_id) VALUES (35, 51);
INSERT INTO recipe_cook(recipe_id, cook_id) VALUES (35, 116);
INSERT INTO recipe_cook(recipe_id, cook_id) VALUES (35, 190);
INSERT INTO recipe_cook(recipe_id, cook_id) VALUES (35, 33);
INSERT INTO recipe_cook(recipe_id, cook_id) VALUES (35, 123);
INSERT INTO recipe_cook(recipe_id, cook_id) VALUES (35, 197);
INSERT INTO recipe_cook(recipe_id, cook_id) VALUES (35, 110);
INSERT INTO recipe_cook(recipe_id, cook_id) VALUES (35, 27);
INSERT INTO recipe_cook(recipe_id, cook_id) VALUES (35, 5);
INSERT INTO recipe_cook(recipe_id, cook_id) VALUES (35, 23);
INSERT INTO recipe_cook(recipe_id, cook_id) VALUES (35, 125);
INSERT INTO recipe_cook(recipe_id, cook_id) VALUES (35, 88);
INSERT INTO recipe_cook(recipe_id, cook_id) VALUES (35, 72);
INSERT INTO recipe_cook(recipe_id, cook_id) VALUES (35, 68);
INSERT INTO recipe_cook(recipe_id, cook_id) VALUES (35, 191);
INSERT INTO recipe_cook(recipe_id, cook_id) VALUES (35, 156);
INSERT INTO recipe_cook(recipe_id, cook_id) VALUES (35, 19);
INSERT INTO recipe_cook(recipe_id, cook_id) VALUES (35, 64);
INSERT INTO recipe_cook(recipe_id, cook_id) VALUES (35, 76);
INSERT INTO recipe_cook(recipe_id, cook_id) VALUES (35, 15);
INSERT INTO recipe_cook(recipe_id, cook_id) VALUES (35, 75);
INSERT INTO recipe_cook(recipe_id, cook_id) VALUES (35, 45);
INSERT INTO recipe_cook(recipe_id, cook_id) VALUES (35, 154);
INSERT INTO recipe_cook(recipe_id, cook_id) VALUES (35, 49);
INSERT INTO recipe_cook(recipe_id, cook_id) VALUES (35, 8);
INSERT INTO recipe_cook(recipe_id, cook_id) VALUES (35, 69);
INSERT INTO recipe_cook(recipe_id, cook_id) VALUES (35, 179);
INSERT INTO recipe_cook(recipe_id, cook_id) VALUES (35, 90);
INSERT INTO recipe_cook(recipe_id, cook_id) VALUES (35, 142);
INSERT INTO recipe_cook(recipe_id, cook_id) VALUES (35, 101);
INSERT INTO recipe_cook(recipe_id, cook_id) VALUES (35, 167);
INSERT INTO recipe_cook(recipe_id, cook_id) VALUES (35, 43);
INSERT INTO recipe_cook(recipe_id, cook_id) VALUES (35, 102);
INSERT INTO recipe_cook(recipe_id, cook_id) VALUES (35, 55);
INSERT INTO recipe_cook(recipe_id, cook_id) VALUES (35, 62);
INSERT INTO recipe_cook(recipe_id, cook_id) VALUES (35, 141);
INSERT INTO recipe_cook(recipe_id, cook_id) VALUES (35, 164);
INSERT INTO recipe_cook(recipe_id, cook_id) VALUES (35, 22);
INSERT INTO recipe_cook(recipe_id, cook_id) VALUES (35, 1);
INSERT INTO recipe_cook(recipe_id, cook_id) VALUES (35, 42);
INSERT INTO recipe_cook(recipe_id, cook_id) VALUES (35, 181);
INSERT INTO recipe_cook(recipe_id, cook_id) VALUES (35, 82);
INSERT INTO recipe_cook(recipe_id, cook_id) VALUES (35, 70);
INSERT INTO recipe_cook(recipe_id, cook_id) VALUES (35, 98);
INSERT INTO recipe_cook(recipe_id, cook_id) VALUES (35, 60);
INSERT INTO recipe_cook(recipe_id, cook_id) VALUES (35, 14);
INSERT INTO recipe_cook(recipe_id, cook_id) VALUES (35, 122);
INSERT INTO recipe_cook(recipe_id, cook_id) VALUES (35, 186);
INSERT INTO recipe_cook(recipe_id, cook_id) VALUES (35, 20);
INSERT INTO recipe_cook(recipe_id, cook_id) VALUES (35, 63);
INSERT INTO recipe_cook(recipe_id, cook_id) VALUES (35, 52);
INSERT INTO recipe_cook(recipe_id, cook_id) VALUES (35, 34);
INSERT INTO recipe_cook(recipe_id, cook_id) VALUES (35, 192);
INSERT INTO recipe_cook(recipe_id, cook_id) VALUES (35, 36);
INSERT INTO recipe_cook(recipe_id, cook_id) VALUES (35, 81);
INSERT INTO recipe_cook(recipe_id, cook_id) VALUES (35, 96);
INSERT INTO recipe_cook(recipe_id, cook_id) VALUES (35, 99);
INSERT INTO recipe_cook(recipe_id, cook_id) VALUES (35, 160);
INSERT INTO recipe_cook(recipe_id, cook_id) VALUES (35, 113);
INSERT INTO recipe_cook(recipe_id, cook_id) VALUES (35, 97);
INSERT INTO recipe_cook(recipe_id, cook_id) VALUES (35, 86);
INSERT INTO recipe_cook(recipe_id, cook_id) VALUES (35, 114);
INSERT INTO recipe_cook(recipe_id, cook_id) VALUES (35, 161);
INSERT INTO recipe_cook(recipe_id, cook_id) VALUES (35, 199);
INSERT INTO recipe_cook(recipe_id, cook_id) VALUES (35, 166);
INSERT INTO recipe_cook(recipe_id, cook_id) VALUES (35, 137);
INSERT INTO recipe_cook(recipe_id, cook_id) VALUES (35, 78);
INSERT INTO recipe_cook(recipe_id, cook_id) VALUES (35, 29);
INSERT INTO recipe_cook(recipe_id, cook_id) VALUES (35, 119);
INSERT INTO recipe_theme(recipe_id, theme_id) VALUES (35, 37);
INSERT INTO recipe_tip(recipe_id, tip_id) VALUES (35, 12);

INSERT INTO recipe(baking, cuisine_id, difficulty, title, recipe_description, prep_time, cook_time, portions, fat_portion, protein_portion, carbo_portion, picture, picture_description) VALUES(1, 27, 1,'Vegetable Lasagna', 'Box billion report budget order natural however value. Specific nearly despite federal.', 105, 10, 3, 0, 60,40, 'https://dummyimage.com/509x701', 'Heavy spring serve but moment.');
INSERT INTO recipe_meal_type(recipe_id, meal_type_id) VALUES (36, 5);
INSERT INTO recipe_tag(recipe_id, tag_id) VALUES (36, 78);
INSERT INTO recipe_tag(recipe_id, tag_id) VALUES (36, 5);
INSERT INTO recipe_tag(recipe_id, tag_id) VALUES (36, 7);
INSERT INTO recipe_tag(recipe_id, tag_id) VALUES (36, 46);
INSERT INTO recipe_tag(recipe_id, tag_id) VALUES (36, 1);
INSERT INTO recipe_tag(recipe_id, tag_id) VALUES (36, 32);
INSERT INTO recipe_tag(recipe_id, tag_id) VALUES (36, 19);
INSERT INTO recipe_tag(recipe_id, tag_id) VALUES (36, 22);
INSERT INTO recipe_equipment(recipe_id, equipment_id, num) VALUES (36, 3, 2);
INSERT INTO recipe_equipment(recipe_id, equipment_id, num) VALUES (36, 13, 4);
INSERT INTO recipe_equipment(recipe_id, equipment_id, num) VALUES (36, 9, 1);
INSERT INTO recipe_equipment(recipe_id, equipment_id, num) VALUES (36, 11, 3);
INSERT INTO recipe_cook(recipe_id, cook_id) VALUES (36, 183);
INSERT INTO recipe_cook(recipe_id, cook_id) VALUES (36, 134);
INSERT INTO recipe_cook(recipe_id, cook_id) VALUES (36, 47);
INSERT INTO recipe_cook(recipe_id, cook_id) VALUES (36, 7);
INSERT INTO recipe_cook(recipe_id, cook_id) VALUES (36, 94);
INSERT INTO recipe_cook(recipe_id, cook_id) VALUES (36, 146);
INSERT INTO recipe_cook(recipe_id, cook_id) VALUES (36, 180);
INSERT INTO recipe_cook(recipe_id, cook_id) VALUES (36, 79);
INSERT INTO recipe_cook(recipe_id, cook_id) VALUES (36, 152);
INSERT INTO recipe_cook(recipe_id, cook_id) VALUES (36, 114);
INSERT INTO recipe_cook(recipe_id, cook_id) VALUES (36, 4);
INSERT INTO recipe_cook(recipe_id, cook_id) VALUES (36, 121);
INSERT INTO recipe_cook(recipe_id, cook_id) VALUES (36, 91);
INSERT INTO recipe_cook(recipe_id, cook_id) VALUES (36, 81);
INSERT INTO recipe_cook(recipe_id, cook_id) VALUES (36, 149);
INSERT INTO recipe_cook(recipe_id, cook_id) VALUES (36, 140);
INSERT INTO recipe_cook(recipe_id, cook_id) VALUES (36, 178);
INSERT INTO recipe_cook(recipe_id, cook_id) VALUES (36, 35);
INSERT INTO recipe_cook(recipe_id, cook_id) VALUES (36, 126);
INSERT INTO recipe_cook(recipe_id, cook_id) VALUES (36, 120);
INSERT INTO recipe_cook(recipe_id, cook_id) VALUES (36, 36);
INSERT INTO recipe_cook(recipe_id, cook_id) VALUES (36, 117);
INSERT INTO recipe_cook(recipe_id, cook_id) VALUES (36, 23);
INSERT INTO recipe_cook(recipe_id, cook_id) VALUES (36, 68);
INSERT INTO recipe_cook(recipe_id, cook_id) VALUES (36, 11);
INSERT INTO recipe_cook(recipe_id, cook_id) VALUES (36, 45);
INSERT INTO recipe_cook(recipe_id, cook_id) VALUES (36, 113);
INSERT INTO recipe_cook(recipe_id, cook_id) VALUES (36, 101);
INSERT INTO recipe_cook(recipe_id, cook_id) VALUES (36, 159);
INSERT INTO recipe_cook(recipe_id, cook_id) VALUES (36, 10);
INSERT INTO recipe_cook(recipe_id, cook_id) VALUES (36, 167);
INSERT INTO recipe_cook(recipe_id, cook_id) VALUES (36, 138);
INSERT INTO recipe_cook(recipe_id, cook_id) VALUES (36, 77);
INSERT INTO recipe_cook(recipe_id, cook_id) VALUES (36, 124);
INSERT INTO recipe_cook(recipe_id, cook_id) VALUES (36, 109);
INSERT INTO recipe_cook(recipe_id, cook_id) VALUES (36, 51);
INSERT INTO recipe_cook(recipe_id, cook_id) VALUES (36, 32);
INSERT INTO recipe_cook(recipe_id, cook_id) VALUES (36, 153);
INSERT INTO recipe_cook(recipe_id, cook_id) VALUES (36, 69);
INSERT INTO recipe_cook(recipe_id, cook_id) VALUES (36, 5);
INSERT INTO recipe_cook(recipe_id, cook_id) VALUES (36, 61);
INSERT INTO recipe_cook(recipe_id, cook_id) VALUES (36, 26);
INSERT INTO recipe_cook(recipe_id, cook_id) VALUES (36, 190);
INSERT INTO recipe_cook(recipe_id, cook_id) VALUES (36, 44);
INSERT INTO recipe_cook(recipe_id, cook_id) VALUES (36, 193);
INSERT INTO recipe_cook(recipe_id, cook_id) VALUES (36, 110);
INSERT INTO recipe_cook(recipe_id, cook_id) VALUES (36, 194);
INSERT INTO recipe_cook(recipe_id, cook_id) VALUES (36, 80);
INSERT INTO recipe_cook(recipe_id, cook_id) VALUES (36, 157);
INSERT INTO recipe_cook(recipe_id, cook_id) VALUES (36, 93);
INSERT INTO recipe_cook(recipe_id, cook_id) VALUES (36, 22);
INSERT INTO recipe_cook(recipe_id, cook_id) VALUES (36, 42);
INSERT INTO recipe_cook(recipe_id, cook_id) VALUES (36, 185);
INSERT INTO recipe_cook(recipe_id, cook_id) VALUES (36, 48);
INSERT INTO recipe_cook(recipe_id, cook_id) VALUES (36, 52);
INSERT INTO recipe_cook(recipe_id, cook_id) VALUES (36, 127);
INSERT INTO recipe_cook(recipe_id, cook_id) VALUES (36, 17);
INSERT INTO recipe_cook(recipe_id, cook_id) VALUES (36, 123);
INSERT INTO recipe_cook(recipe_id, cook_id) VALUES (36, 40);
INSERT INTO recipe_cook(recipe_id, cook_id) VALUES (36, 49);
INSERT INTO recipe_cook(recipe_id, cook_id) VALUES (36, 150);
INSERT INTO recipe_cook(recipe_id, cook_id) VALUES (36, 95);
INSERT INTO recipe_cook(recipe_id, cook_id) VALUES (36, 115);
INSERT INTO recipe_cook(recipe_id, cook_id) VALUES (36, 100);
INSERT INTO recipe_cook(recipe_id, cook_id) VALUES (36, 14);
INSERT INTO recipe_cook(recipe_id, cook_id) VALUES (36, 27);
INSERT INTO recipe_theme(recipe_id, theme_id) VALUES (36, 1);
INSERT INTO recipe_tip(recipe_id, tip_id) VALUES (36, 20);
INSERT INTO recipe_tip(recipe_id, tip_id) VALUES (36, 35);
INSERT INTO recipe_tip(recipe_id, tip_id) VALUES (36, 39);

INSERT INTO recipe(baking, cuisine_id, difficulty, title, recipe_description, prep_time, cook_time, portions, fat_portion, protein_portion, carbo_portion, picture, picture_description) VALUES(0, 18, 3,'Garlic Bread', 'Near democratic relate environment year me growth. Mean professor audience trip level approach visit.', 115, 110, 2, 5, 15,50, 'https://dummyimage.com/522x532', 'I see garden water security apply up suggest.');
INSERT INTO recipe_meal_type(recipe_id, meal_type_id) VALUES (37, 5);
INSERT INTO recipe_tag(recipe_id, tag_id) VALUES (37, 23);
INSERT INTO recipe_tag(recipe_id, tag_id) VALUES (37, 83);
INSERT INTO recipe_tag(recipe_id, tag_id) VALUES (37, 21);
INSERT INTO recipe_tag(recipe_id, tag_id) VALUES (37, 24);
INSERT INTO recipe_tag(recipe_id, tag_id) VALUES (37, 60);
INSERT INTO recipe_tag(recipe_id, tag_id) VALUES (37, 20);
INSERT INTO recipe_tag(recipe_id, tag_id) VALUES (37, 35);
INSERT INTO recipe_equipment(recipe_id, equipment_id, num) VALUES (37, 8, 1);
INSERT INTO recipe_equipment(recipe_id, equipment_id, num) VALUES (37, 18, 3);
INSERT INTO recipe_equipment(recipe_id, equipment_id, num) VALUES (37, 7, 4);
INSERT INTO recipe_equipment(recipe_id, equipment_id, num) VALUES (37, 15, 3);
INSERT INTO recipe_cook(recipe_id, cook_id) VALUES (37, 97);
INSERT INTO recipe_cook(recipe_id, cook_id) VALUES (37, 195);
INSERT INTO recipe_cook(recipe_id, cook_id) VALUES (37, 89);
INSERT INTO recipe_cook(recipe_id, cook_id) VALUES (37, 165);
INSERT INTO recipe_cook(recipe_id, cook_id) VALUES (37, 153);
INSERT INTO recipe_cook(recipe_id, cook_id) VALUES (37, 98);
INSERT INTO recipe_cook(recipe_id, cook_id) VALUES (37, 163);
INSERT INTO recipe_cook(recipe_id, cook_id) VALUES (37, 80);
INSERT INTO recipe_cook(recipe_id, cook_id) VALUES (37, 58);
INSERT INTO recipe_cook(recipe_id, cook_id) VALUES (37, 36);
INSERT INTO recipe_cook(recipe_id, cook_id) VALUES (37, 71);
INSERT INTO recipe_cook(recipe_id, cook_id) VALUES (37, 114);
INSERT INTO recipe_cook(recipe_id, cook_id) VALUES (37, 199);
INSERT INTO recipe_cook(recipe_id, cook_id) VALUES (37, 27);
INSERT INTO recipe_cook(recipe_id, cook_id) VALUES (37, 6);
INSERT INTO recipe_cook(recipe_id, cook_id) VALUES (37, 84);
INSERT INTO recipe_cook(recipe_id, cook_id) VALUES (37, 108);
INSERT INTO recipe_cook(recipe_id, cook_id) VALUES (37, 180);
INSERT INTO recipe_cook(recipe_id, cook_id) VALUES (37, 77);
INSERT INTO recipe_cook(recipe_id, cook_id) VALUES (37, 1);
INSERT INTO recipe_cook(recipe_id, cook_id) VALUES (37, 54);
INSERT INTO recipe_cook(recipe_id, cook_id) VALUES (37, 147);
INSERT INTO recipe_cook(recipe_id, cook_id) VALUES (37, 93);
INSERT INTO recipe_cook(recipe_id, cook_id) VALUES (37, 75);
INSERT INTO recipe_cook(recipe_id, cook_id) VALUES (37, 73);
INSERT INTO recipe_cook(recipe_id, cook_id) VALUES (37, 182);
INSERT INTO recipe_cook(recipe_id, cook_id) VALUES (37, 30);
INSERT INTO recipe_cook(recipe_id, cook_id) VALUES (37, 119);
INSERT INTO recipe_cook(recipe_id, cook_id) VALUES (37, 103);
INSERT INTO recipe_cook(recipe_id, cook_id) VALUES (37, 156);
INSERT INTO recipe_cook(recipe_id, cook_id) VALUES (37, 79);
INSERT INTO recipe_cook(recipe_id, cook_id) VALUES (37, 146);
INSERT INTO recipe_cook(recipe_id, cook_id) VALUES (37, 143);
INSERT INTO recipe_cook(recipe_id, cook_id) VALUES (37, 11);
INSERT INTO recipe_cook(recipe_id, cook_id) VALUES (37, 74);
INSERT INTO recipe_cook(recipe_id, cook_id) VALUES (37, 26);
INSERT INTO recipe_cook(recipe_id, cook_id) VALUES (37, 137);
INSERT INTO recipe_cook(recipe_id, cook_id) VALUES (37, 24);
INSERT INTO recipe_cook(recipe_id, cook_id) VALUES (37, 13);
INSERT INTO recipe_cook(recipe_id, cook_id) VALUES (37, 113);
INSERT INTO recipe_cook(recipe_id, cook_id) VALUES (37, 123);
INSERT INTO recipe_cook(recipe_id, cook_id) VALUES (37, 5);
INSERT INTO recipe_cook(recipe_id, cook_id) VALUES (37, 17);
INSERT INTO recipe_cook(recipe_id, cook_id) VALUES (37, 175);
INSERT INTO recipe_cook(recipe_id, cook_id) VALUES (37, 33);
INSERT INTO recipe_cook(recipe_id, cook_id) VALUES (37, 66);
INSERT INTO recipe_cook(recipe_id, cook_id) VALUES (37, 83);
INSERT INTO recipe_cook(recipe_id, cook_id) VALUES (37, 170);
INSERT INTO recipe_cook(recipe_id, cook_id) VALUES (37, 125);
INSERT INTO recipe_cook(recipe_id, cook_id) VALUES (37, 23);
INSERT INTO recipe_cook(recipe_id, cook_id) VALUES (37, 3);
INSERT INTO recipe_cook(recipe_id, cook_id) VALUES (37, 53);
INSERT INTO recipe_cook(recipe_id, cook_id) VALUES (37, 63);
INSERT INTO recipe_cook(recipe_id, cook_id) VALUES (37, 110);
INSERT INTO recipe_cook(recipe_id, cook_id) VALUES (37, 44);
INSERT INTO recipe_cook(recipe_id, cook_id) VALUES (37, 118);
INSERT INTO recipe_cook(recipe_id, cook_id) VALUES (37, 19);
INSERT INTO recipe_cook(recipe_id, cook_id) VALUES (37, 42);
INSERT INTO recipe_cook(recipe_id, cook_id) VALUES (37, 144);
INSERT INTO recipe_cook(recipe_id, cook_id) VALUES (37, 154);
INSERT INTO recipe_cook(recipe_id, cook_id) VALUES (37, 61);
INSERT INTO recipe_cook(recipe_id, cook_id) VALUES (37, 57);
INSERT INTO recipe_cook(recipe_id, cook_id) VALUES (37, 141);
INSERT INTO recipe_cook(recipe_id, cook_id) VALUES (37, 160);
INSERT INTO recipe_cook(recipe_id, cook_id) VALUES (37, 47);
INSERT INTO recipe_cook(recipe_id, cook_id) VALUES (37, 95);
INSERT INTO recipe_cook(recipe_id, cook_id) VALUES (37, 193);
INSERT INTO recipe_cook(recipe_id, cook_id) VALUES (37, 112);
INSERT INTO recipe_cook(recipe_id, cook_id) VALUES (37, 150);
INSERT INTO recipe_cook(recipe_id, cook_id) VALUES (37, 161);
INSERT INTO recipe_cook(recipe_id, cook_id) VALUES (37, 68);
INSERT INTO recipe_cook(recipe_id, cook_id) VALUES (37, 179);
INSERT INTO recipe_cook(recipe_id, cook_id) VALUES (37, 15);
INSERT INTO recipe_cook(recipe_id, cook_id) VALUES (37, 192);
INSERT INTO recipe_cook(recipe_id, cook_id) VALUES (37, 115);
INSERT INTO recipe_cook(recipe_id, cook_id) VALUES (37, 152);
INSERT INTO recipe_cook(recipe_id, cook_id) VALUES (37, 174);
INSERT INTO recipe_cook(recipe_id, cook_id) VALUES (37, 130);
INSERT INTO recipe_cook(recipe_id, cook_id) VALUES (37, 25);
INSERT INTO recipe_cook(recipe_id, cook_id) VALUES (37, 157);
INSERT INTO recipe_cook(recipe_id, cook_id) VALUES (37, 92);
INSERT INTO recipe_cook(recipe_id, cook_id) VALUES (37, 187);
INSERT INTO recipe_cook(recipe_id, cook_id) VALUES (37, 167);
INSERT INTO recipe_cook(recipe_id, cook_id) VALUES (37, 177);
INSERT INTO recipe_cook(recipe_id, cook_id) VALUES (37, 8);
INSERT INTO recipe_cook(recipe_id, cook_id) VALUES (37, 134);
INSERT INTO recipe_cook(recipe_id, cook_id) VALUES (37, 181);
INSERT INTO recipe_cook(recipe_id, cook_id) VALUES (37, 127);
INSERT INTO recipe_cook(recipe_id, cook_id) VALUES (37, 107);
INSERT INTO recipe_cook(recipe_id, cook_id) VALUES (37, 69);
INSERT INTO recipe_cook(recipe_id, cook_id) VALUES (37, 184);
INSERT INTO recipe_cook(recipe_id, cook_id) VALUES (37, 142);
INSERT INTO recipe_cook(recipe_id, cook_id) VALUES (37, 29);
INSERT INTO recipe_cook(recipe_id, cook_id) VALUES (37, 43);
INSERT INTO recipe_cook(recipe_id, cook_id) VALUES (37, 122);
INSERT INTO recipe_cook(recipe_id, cook_id) VALUES (37, 70);
INSERT INTO recipe_cook(recipe_id, cook_id) VALUES (37, 72);
INSERT INTO recipe_cook(recipe_id, cook_id) VALUES (37, 155);
INSERT INTO recipe_cook(recipe_id, cook_id) VALUES (37, 145);
INSERT INTO recipe_cook(recipe_id, cook_id) VALUES (37, 4);
INSERT INTO recipe_cook(recipe_id, cook_id) VALUES (37, 9);
INSERT INTO recipe_cook(recipe_id, cook_id) VALUES (37, 7);
INSERT INTO recipe_cook(recipe_id, cook_id) VALUES (37, 85);
INSERT INTO recipe_cook(recipe_id, cook_id) VALUES (37, 194);
INSERT INTO recipe_cook(recipe_id, cook_id) VALUES (37, 148);
INSERT INTO recipe_cook(recipe_id, cook_id) VALUES (37, 76);
INSERT INTO recipe_cook(recipe_id, cook_id) VALUES (37, 65);
INSERT INTO recipe_cook(recipe_id, cook_id) VALUES (37, 12);
INSERT INTO recipe_cook(recipe_id, cook_id) VALUES (37, 166);
INSERT INTO recipe_cook(recipe_id, cook_id) VALUES (37, 52);
INSERT INTO recipe_cook(recipe_id, cook_id) VALUES (37, 135);
INSERT INTO recipe_cook(recipe_id, cook_id) VALUES (37, 50);
INSERT INTO recipe_cook(recipe_id, cook_id) VALUES (37, 173);
INSERT INTO recipe_cook(recipe_id, cook_id) VALUES (37, 139);
INSERT INTO recipe_cook(recipe_id, cook_id) VALUES (37, 56);
INSERT INTO recipe_cook(recipe_id, cook_id) VALUES (37, 190);
INSERT INTO recipe_cook(recipe_id, cook_id) VALUES (37, 168);
INSERT INTO recipe_cook(recipe_id, cook_id) VALUES (37, 39);
INSERT INTO recipe_cook(recipe_id, cook_id) VALUES (37, 126);
INSERT INTO recipe_cook(recipe_id, cook_id) VALUES (37, 133);
INSERT INTO recipe_cook(recipe_id, cook_id) VALUES (37, 120);
INSERT INTO recipe_cook(recipe_id, cook_id) VALUES (37, 188);
INSERT INTO recipe_cook(recipe_id, cook_id) VALUES (37, 101);
INSERT INTO recipe_cook(recipe_id, cook_id) VALUES (37, 22);
INSERT INTO recipe_cook(recipe_id, cook_id) VALUES (37, 140);
INSERT INTO recipe_cook(recipe_id, cook_id) VALUES (37, 164);
INSERT INTO recipe_cook(recipe_id, cook_id) VALUES (37, 100);
INSERT INTO recipe_cook(recipe_id, cook_id) VALUES (37, 96);
INSERT INTO recipe_cook(recipe_id, cook_id) VALUES (37, 159);
INSERT INTO recipe_cook(recipe_id, cook_id) VALUES (37, 151);
INSERT INTO recipe_cook(recipe_id, cook_id) VALUES (37, 81);
INSERT INTO recipe_cook(recipe_id, cook_id) VALUES (37, 41);
INSERT INTO recipe_cook(recipe_id, cook_id) VALUES (37, 102);
INSERT INTO recipe_cook(recipe_id, cook_id) VALUES (37, 21);
INSERT INTO recipe_cook(recipe_id, cook_id) VALUES (37, 40);
INSERT INTO recipe_cook(recipe_id, cook_id) VALUES (37, 55);
INSERT INTO recipe_cook(recipe_id, cook_id) VALUES (37, 172);
INSERT INTO recipe_cook(recipe_id, cook_id) VALUES (37, 32);
INSERT INTO recipe_cook(recipe_id, cook_id) VALUES (37, 105);
INSERT INTO recipe_cook(recipe_id, cook_id) VALUES (37, 14);
INSERT INTO recipe_cook(recipe_id, cook_id) VALUES (37, 99);
INSERT INTO recipe_cook(recipe_id, cook_id) VALUES (37, 49);
INSERT INTO recipe_cook(recipe_id, cook_id) VALUES (37, 82);
INSERT INTO recipe_cook(recipe_id, cook_id) VALUES (37, 111);
INSERT INTO recipe_cook(recipe_id, cook_id) VALUES (37, 131);
INSERT INTO recipe_cook(recipe_id, cook_id) VALUES (37, 116);
INSERT INTO recipe_cook(recipe_id, cook_id) VALUES (37, 51);
INSERT INTO recipe_cook(recipe_id, cook_id) VALUES (37, 162);
INSERT INTO recipe_cook(recipe_id, cook_id) VALUES (37, 60);
INSERT INTO recipe_cook(recipe_id, cook_id) VALUES (37, 28);
INSERT INTO recipe_cook(recipe_id, cook_id) VALUES (37, 186);
INSERT INTO recipe_cook(recipe_id, cook_id) VALUES (37, 10);
INSERT INTO recipe_cook(recipe_id, cook_id) VALUES (37, 86);
INSERT INTO recipe_cook(recipe_id, cook_id) VALUES (37, 20);
INSERT INTO recipe_cook(recipe_id, cook_id) VALUES (37, 121);
INSERT INTO recipe_cook(recipe_id, cook_id) VALUES (37, 189);
INSERT INTO recipe_cook(recipe_id, cook_id) VALUES (37, 37);
INSERT INTO recipe_cook(recipe_id, cook_id) VALUES (37, 191);
INSERT INTO recipe_cook(recipe_id, cook_id) VALUES (37, 171);
INSERT INTO recipe_cook(recipe_id, cook_id) VALUES (37, 31);
INSERT INTO recipe_cook(recipe_id, cook_id) VALUES (37, 88);
INSERT INTO recipe_cook(recipe_id, cook_id) VALUES (37, 34);
INSERT INTO recipe_cook(recipe_id, cook_id) VALUES (37, 176);
INSERT INTO recipe_cook(recipe_id, cook_id) VALUES (37, 198);
INSERT INTO recipe_cook(recipe_id, cook_id) VALUES (37, 178);
INSERT INTO recipe_cook(recipe_id, cook_id) VALUES (37, 196);
INSERT INTO recipe_cook(recipe_id, cook_id) VALUES (37, 124);
INSERT INTO recipe_cook(recipe_id, cook_id) VALUES (37, 67);
INSERT INTO recipe_cook(recipe_id, cook_id) VALUES (37, 16);
INSERT INTO recipe_cook(recipe_id, cook_id) VALUES (37, 109);
INSERT INTO recipe_cook(recipe_id, cook_id) VALUES (37, 2);
INSERT INTO recipe_cook(recipe_id, cook_id) VALUES (37, 45);
INSERT INTO recipe_cook(recipe_id, cook_id) VALUES (37, 35);
INSERT INTO recipe_cook(recipe_id, cook_id) VALUES (37, 18);
INSERT INTO recipe_cook(recipe_id, cook_id) VALUES (37, 149);
INSERT INTO recipe_cook(recipe_id, cook_id) VALUES (37, 90);
INSERT INTO recipe_cook(recipe_id, cook_id) VALUES (37, 129);
INSERT INTO recipe_cook(recipe_id, cook_id) VALUES (37, 128);
INSERT INTO recipe_cook(recipe_id, cook_id) VALUES (37, 136);
INSERT INTO recipe_cook(recipe_id, cook_id) VALUES (37, 64);
INSERT INTO recipe_cook(recipe_id, cook_id) VALUES (37, 87);
INSERT INTO recipe_cook(recipe_id, cook_id) VALUES (37, 91);
INSERT INTO recipe_cook(recipe_id, cook_id) VALUES (37, 169);
INSERT INTO recipe_cook(recipe_id, cook_id) VALUES (37, 183);
INSERT INTO recipe_cook(recipe_id, cook_id) VALUES (37, 185);
INSERT INTO recipe_theme(recipe_id, theme_id) VALUES (37, 23);
INSERT INTO recipe_theme(recipe_id, theme_id) VALUES (37, 40);
INSERT INTO recipe_tip(recipe_id, tip_id) VALUES (37, 21);
INSERT INTO recipe_tip(recipe_id, tip_id) VALUES (37, 22);

INSERT INTO recipe(baking, cuisine_id, difficulty, title, recipe_description, prep_time, cook_time, portions, fat_portion, protein_portion, carbo_portion, picture, picture_description) VALUES(1, 37, 1,'Paella', 'Meeting blue your. Together edge maintain leave training. Growth relationship local nice. During test kid if. Century several field skin commercial moment.', 65, 40, 4, 40, 40,20, 'https://picsum.photos/931/928', 'Very guy defense anything land.');
INSERT INTO recipe_meal_type(recipe_id, meal_type_id) VALUES (38, 4);
INSERT INTO recipe_tag(recipe_id, tag_id) VALUES (38, 33);
INSERT INTO recipe_tag(recipe_id, tag_id) VALUES (38, 83);
INSERT INTO recipe_tag(recipe_id, tag_id) VALUES (38, 68);
INSERT INTO recipe_tag(recipe_id, tag_id) VALUES (38, 48);
INSERT INTO recipe_tag(recipe_id, tag_id) VALUES (38, 65);
INSERT INTO recipe_equipment(recipe_id, equipment_id, num) VALUES (38, 9, 4);
INSERT INTO recipe_equipment(recipe_id, equipment_id, num) VALUES (38, 17, 2);
INSERT INTO recipe_equipment(recipe_id, equipment_id, num) VALUES (38, 13, 2);
INSERT INTO recipe_equipment(recipe_id, equipment_id, num) VALUES (38, 20, 1);
INSERT INTO recipe_equipment(recipe_id, equipment_id, num) VALUES (38, 2, 2);
INSERT INTO recipe_equipment(recipe_id, equipment_id, num) VALUES (38, 6, 3);
INSERT INTO recipe_equipment(recipe_id, equipment_id, num) VALUES (38, 19, 1);
INSERT INTO recipe_cook(recipe_id, cook_id) VALUES (38, 170);
INSERT INTO recipe_cook(recipe_id, cook_id) VALUES (38, 132);
INSERT INTO recipe_cook(recipe_id, cook_id) VALUES (38, 81);
INSERT INTO recipe_cook(recipe_id, cook_id) VALUES (38, 92);
INSERT INTO recipe_cook(recipe_id, cook_id) VALUES (38, 87);
INSERT INTO recipe_cook(recipe_id, cook_id) VALUES (38, 19);
INSERT INTO recipe_cook(recipe_id, cook_id) VALUES (38, 169);
INSERT INTO recipe_cook(recipe_id, cook_id) VALUES (38, 178);
INSERT INTO recipe_cook(recipe_id, cook_id) VALUES (38, 125);
INSERT INTO recipe_cook(recipe_id, cook_id) VALUES (38, 196);
INSERT INTO recipe_cook(recipe_id, cook_id) VALUES (38, 76);
INSERT INTO recipe_cook(recipe_id, cook_id) VALUES (38, 33);
INSERT INTO recipe_cook(recipe_id, cook_id) VALUES (38, 72);
INSERT INTO recipe_cook(recipe_id, cook_id) VALUES (38, 89);
INSERT INTO recipe_cook(recipe_id, cook_id) VALUES (38, 99);
INSERT INTO recipe_cook(recipe_id, cook_id) VALUES (38, 197);
INSERT INTO recipe_cook(recipe_id, cook_id) VALUES (38, 32);
INSERT INTO recipe_cook(recipe_id, cook_id) VALUES (38, 156);
INSERT INTO recipe_cook(recipe_id, cook_id) VALUES (38, 27);
INSERT INTO recipe_cook(recipe_id, cook_id) VALUES (38, 70);
INSERT INTO recipe_cook(recipe_id, cook_id) VALUES (38, 186);
INSERT INTO recipe_cook(recipe_id, cook_id) VALUES (38, 105);
INSERT INTO recipe_cook(recipe_id, cook_id) VALUES (38, 122);
INSERT INTO recipe_cook(recipe_id, cook_id) VALUES (38, 41);
INSERT INTO recipe_cook(recipe_id, cook_id) VALUES (38, 54);
INSERT INTO recipe_cook(recipe_id, cook_id) VALUES (38, 61);
INSERT INTO recipe_cook(recipe_id, cook_id) VALUES (38, 88);
INSERT INTO recipe_cook(recipe_id, cook_id) VALUES (38, 85);
INSERT INTO recipe_cook(recipe_id, cook_id) VALUES (38, 31);
INSERT INTO recipe_cook(recipe_id, cook_id) VALUES (38, 115);
INSERT INTO recipe_cook(recipe_id, cook_id) VALUES (38, 193);
INSERT INTO recipe_cook(recipe_id, cook_id) VALUES (38, 113);
INSERT INTO recipe_cook(recipe_id, cook_id) VALUES (38, 91);
INSERT INTO recipe_cook(recipe_id, cook_id) VALUES (38, 83);
INSERT INTO recipe_cook(recipe_id, cook_id) VALUES (38, 182);
INSERT INTO recipe_cook(recipe_id, cook_id) VALUES (38, 69);
INSERT INTO recipe_cook(recipe_id, cook_id) VALUES (38, 55);
INSERT INTO recipe_cook(recipe_id, cook_id) VALUES (38, 107);
INSERT INTO recipe_cook(recipe_id, cook_id) VALUES (38, 34);
INSERT INTO recipe_cook(recipe_id, cook_id) VALUES (38, 150);
INSERT INTO recipe_cook(recipe_id, cook_id) VALUES (38, 21);
INSERT INTO recipe_cook(recipe_id, cook_id) VALUES (38, 103);
INSERT INTO recipe_cook(recipe_id, cook_id) VALUES (38, 68);
INSERT INTO recipe_cook(recipe_id, cook_id) VALUES (38, 106);
INSERT INTO recipe_cook(recipe_id, cook_id) VALUES (38, 15);
INSERT INTO recipe_cook(recipe_id, cook_id) VALUES (38, 18);
INSERT INTO recipe_cook(recipe_id, cook_id) VALUES (38, 59);
INSERT INTO recipe_cook(recipe_id, cook_id) VALUES (38, 189);
INSERT INTO recipe_cook(recipe_id, cook_id) VALUES (38, 12);
INSERT INTO recipe_cook(recipe_id, cook_id) VALUES (38, 163);
INSERT INTO recipe_cook(recipe_id, cook_id) VALUES (38, 177);
INSERT INTO recipe_cook(recipe_id, cook_id) VALUES (38, 154);
INSERT INTO recipe_cook(recipe_id, cook_id) VALUES (38, 24);
INSERT INTO recipe_cook(recipe_id, cook_id) VALUES (38, 141);
INSERT INTO recipe_cook(recipe_id, cook_id) VALUES (38, 65);
INSERT INTO recipe_cook(recipe_id, cook_id) VALUES (38, 48);
INSERT INTO recipe_cook(recipe_id, cook_id) VALUES (38, 45);
INSERT INTO recipe_cook(recipe_id, cook_id) VALUES (38, 97);
INSERT INTO recipe_cook(recipe_id, cook_id) VALUES (38, 11);
INSERT INTO recipe_cook(recipe_id, cook_id) VALUES (38, 112);
INSERT INTO recipe_cook(recipe_id, cook_id) VALUES (38, 30);
INSERT INTO recipe_cook(recipe_id, cook_id) VALUES (38, 1);
INSERT INTO recipe_cook(recipe_id, cook_id) VALUES (38, 143);
INSERT INTO recipe_cook(recipe_id, cook_id) VALUES (38, 185);
INSERT INTO recipe_cook(recipe_id, cook_id) VALUES (38, 140);
INSERT INTO recipe_cook(recipe_id, cook_id) VALUES (38, 110);
INSERT INTO recipe_cook(recipe_id, cook_id) VALUES (38, 161);
INSERT INTO recipe_cook(recipe_id, cook_id) VALUES (38, 22);
INSERT INTO recipe_cook(recipe_id, cook_id) VALUES (38, 77);
INSERT INTO recipe_cook(recipe_id, cook_id) VALUES (38, 133);
INSERT INTO recipe_cook(recipe_id, cook_id) VALUES (38, 16);
INSERT INTO recipe_cook(recipe_id, cook_id) VALUES (38, 10);
INSERT INTO recipe_cook(recipe_id, cook_id) VALUES (38, 175);
INSERT INTO recipe_cook(recipe_id, cook_id) VALUES (38, 114);
INSERT INTO recipe_cook(recipe_id, cook_id) VALUES (38, 38);
INSERT INTO recipe_cook(recipe_id, cook_id) VALUES (38, 121);
INSERT INTO recipe_cook(recipe_id, cook_id) VALUES (38, 44);
INSERT INTO recipe_cook(recipe_id, cook_id) VALUES (38, 171);
INSERT INTO recipe_cook(recipe_id, cook_id) VALUES (38, 98);
INSERT INTO recipe_cook(recipe_id, cook_id) VALUES (38, 174);
INSERT INTO recipe_cook(recipe_id, cook_id) VALUES (38, 75);
INSERT INTO recipe_cook(recipe_id, cook_id) VALUES (38, 63);
INSERT INTO recipe_cook(recipe_id, cook_id) VALUES (38, 160);
INSERT INTO recipe_cook(recipe_id, cook_id) VALUES (38, 42);
INSERT INTO recipe_cook(recipe_id, cook_id) VALUES (38, 166);
INSERT INTO recipe_cook(recipe_id, cook_id) VALUES (38, 139);
INSERT INTO recipe_cook(recipe_id, cook_id) VALUES (38, 109);
INSERT INTO recipe_cook(recipe_id, cook_id) VALUES (38, 200);
INSERT INTO recipe_cook(recipe_id, cook_id) VALUES (38, 96);
INSERT INTO recipe_cook(recipe_id, cook_id) VALUES (38, 142);
INSERT INTO recipe_cook(recipe_id, cook_id) VALUES (38, 94);
INSERT INTO recipe_cook(recipe_id, cook_id) VALUES (38, 7);
INSERT INTO recipe_cook(recipe_id, cook_id) VALUES (38, 118);
INSERT INTO recipe_cook(recipe_id, cook_id) VALUES (38, 17);
INSERT INTO recipe_cook(recipe_id, cook_id) VALUES (38, 135);
INSERT INTO recipe_cook(recipe_id, cook_id) VALUES (38, 111);
INSERT INTO recipe_cook(recipe_id, cook_id) VALUES (38, 86);
INSERT INTO recipe_cook(recipe_id, cook_id) VALUES (38, 46);
INSERT INTO recipe_cook(recipe_id, cook_id) VALUES (38, 82);
INSERT INTO recipe_cook(recipe_id, cook_id) VALUES (38, 8);
INSERT INTO recipe_cook(recipe_id, cook_id) VALUES (38, 126);
INSERT INTO recipe_cook(recipe_id, cook_id) VALUES (38, 14);
INSERT INTO recipe_cook(recipe_id, cook_id) VALUES (38, 168);
INSERT INTO recipe_cook(recipe_id, cook_id) VALUES (38, 3);
INSERT INTO recipe_cook(recipe_id, cook_id) VALUES (38, 152);
INSERT INTO recipe_cook(recipe_id, cook_id) VALUES (38, 49);
INSERT INTO recipe_cook(recipe_id, cook_id) VALUES (38, 20);
INSERT INTO recipe_cook(recipe_id, cook_id) VALUES (38, 56);
INSERT INTO recipe_cook(recipe_id, cook_id) VALUES (38, 130);
INSERT INTO recipe_cook(recipe_id, cook_id) VALUES (38, 146);
INSERT INTO recipe_cook(recipe_id, cook_id) VALUES (38, 162);
INSERT INTO recipe_cook(recipe_id, cook_id) VALUES (38, 102);
INSERT INTO recipe_cook(recipe_id, cook_id) VALUES (38, 127);
INSERT INTO recipe_cook(recipe_id, cook_id) VALUES (38, 134);
INSERT INTO recipe_cook(recipe_id, cook_id) VALUES (38, 159);
INSERT INTO recipe_cook(recipe_id, cook_id) VALUES (38, 176);
INSERT INTO recipe_cook(recipe_id, cook_id) VALUES (38, 13);
INSERT INTO recipe_cook(recipe_id, cook_id) VALUES (38, 137);
INSERT INTO recipe_cook(recipe_id, cook_id) VALUES (38, 80);
INSERT INTO recipe_cook(recipe_id, cook_id) VALUES (38, 148);
INSERT INTO recipe_cook(recipe_id, cook_id) VALUES (38, 124);
INSERT INTO recipe_cook(recipe_id, cook_id) VALUES (38, 188);
INSERT INTO recipe_cook(recipe_id, cook_id) VALUES (38, 194);
INSERT INTO recipe_cook(recipe_id, cook_id) VALUES (38, 153);
INSERT INTO recipe_cook(recipe_id, cook_id) VALUES (38, 52);
INSERT INTO recipe_cook(recipe_id, cook_id) VALUES (38, 167);
INSERT INTO recipe_cook(recipe_id, cook_id) VALUES (38, 184);
INSERT INTO recipe_cook(recipe_id, cook_id) VALUES (38, 73);
INSERT INTO recipe_cook(recipe_id, cook_id) VALUES (38, 66);
INSERT INTO recipe_cook(recipe_id, cook_id) VALUES (38, 129);
INSERT INTO recipe_cook(recipe_id, cook_id) VALUES (38, 138);
INSERT INTO recipe_cook(recipe_id, cook_id) VALUES (38, 131);
INSERT INTO recipe_cook(recipe_id, cook_id) VALUES (38, 25);
INSERT INTO recipe_cook(recipe_id, cook_id) VALUES (38, 108);
INSERT INTO recipe_cook(recipe_id, cook_id) VALUES (38, 128);
INSERT INTO recipe_cook(recipe_id, cook_id) VALUES (38, 173);
INSERT INTO recipe_cook(recipe_id, cook_id) VALUES (38, 51);
INSERT INTO recipe_cook(recipe_id, cook_id) VALUES (38, 116);
INSERT INTO recipe_cook(recipe_id, cook_id) VALUES (38, 35);
INSERT INTO recipe_cook(recipe_id, cook_id) VALUES (38, 120);
INSERT INTO recipe_cook(recipe_id, cook_id) VALUES (38, 47);
INSERT INTO recipe_cook(recipe_id, cook_id) VALUES (38, 164);
INSERT INTO recipe_cook(recipe_id, cook_id) VALUES (38, 64);
INSERT INTO recipe_cook(recipe_id, cook_id) VALUES (38, 39);
INSERT INTO recipe_cook(recipe_id, cook_id) VALUES (38, 60);
INSERT INTO recipe_cook(recipe_id, cook_id) VALUES (38, 6);
INSERT INTO recipe_cook(recipe_id, cook_id) VALUES (38, 136);
INSERT INTO recipe_cook(recipe_id, cook_id) VALUES (38, 93);
INSERT INTO recipe_cook(recipe_id, cook_id) VALUES (38, 147);
INSERT INTO recipe_cook(recipe_id, cook_id) VALUES (38, 180);
INSERT INTO recipe_cook(recipe_id, cook_id) VALUES (38, 29);
INSERT INTO recipe_cook(recipe_id, cook_id) VALUES (38, 191);
INSERT INTO recipe_cook(recipe_id, cook_id) VALUES (38, 165);
INSERT INTO recipe_cook(recipe_id, cook_id) VALUES (38, 26);
INSERT INTO recipe_cook(recipe_id, cook_id) VALUES (38, 74);
INSERT INTO recipe_cook(recipe_id, cook_id) VALUES (38, 40);
INSERT INTO recipe_cook(recipe_id, cook_id) VALUES (38, 4);
INSERT INTO recipe_cook(recipe_id, cook_id) VALUES (38, 155);
INSERT INTO recipe_cook(recipe_id, cook_id) VALUES (38, 5);
INSERT INTO recipe_cook(recipe_id, cook_id) VALUES (38, 53);
INSERT INTO recipe_cook(recipe_id, cook_id) VALUES (38, 145);
INSERT INTO recipe_cook(recipe_id, cook_id) VALUES (38, 57);
INSERT INTO recipe_cook(recipe_id, cook_id) VALUES (38, 195);
INSERT INTO recipe_cook(recipe_id, cook_id) VALUES (38, 37);
INSERT INTO recipe_cook(recipe_id, cook_id) VALUES (38, 9);
INSERT INTO recipe_cook(recipe_id, cook_id) VALUES (38, 172);
INSERT INTO recipe_cook(recipe_id, cook_id) VALUES (38, 23);
INSERT INTO recipe_cook(recipe_id, cook_id) VALUES (38, 187);
INSERT INTO recipe_cook(recipe_id, cook_id) VALUES (38, 58);
INSERT INTO recipe_cook(recipe_id, cook_id) VALUES (38, 67);
INSERT INTO recipe_cook(recipe_id, cook_id) VALUES (38, 181);
INSERT INTO recipe_cook(recipe_id, cook_id) VALUES (38, 158);
INSERT INTO recipe_cook(recipe_id, cook_id) VALUES (38, 192);
INSERT INTO recipe_cook(recipe_id, cook_id) VALUES (38, 198);
INSERT INTO recipe_cook(recipe_id, cook_id) VALUES (38, 117);
INSERT INTO recipe_cook(recipe_id, cook_id) VALUES (38, 190);
INSERT INTO recipe_cook(recipe_id, cook_id) VALUES (38, 62);
INSERT INTO recipe_cook(recipe_id, cook_id) VALUES (38, 144);
INSERT INTO recipe_cook(recipe_id, cook_id) VALUES (38, 199);
INSERT INTO recipe_cook(recipe_id, cook_id) VALUES (38, 90);
INSERT INTO recipe_cook(recipe_id, cook_id) VALUES (38, 79);
INSERT INTO recipe_cook(recipe_id, cook_id) VALUES (38, 43);
INSERT INTO recipe_cook(recipe_id, cook_id) VALUES (38, 119);
INSERT INTO recipe_cook(recipe_id, cook_id) VALUES (38, 78);
INSERT INTO recipe_cook(recipe_id, cook_id) VALUES (38, 123);
INSERT INTO recipe_cook(recipe_id, cook_id) VALUES (38, 100);
INSERT INTO recipe_cook(recipe_id, cook_id) VALUES (38, 50);
INSERT INTO recipe_cook(recipe_id, cook_id) VALUES (38, 151);
INSERT INTO recipe_cook(recipe_id, cook_id) VALUES (38, 28);
INSERT INTO recipe_cook(recipe_id, cook_id) VALUES (38, 2);
INSERT INTO recipe_theme(recipe_id, theme_id) VALUES (38, 37);
INSERT INTO recipe_theme(recipe_id, theme_id) VALUES (38, 9);
INSERT INTO recipe_tip(recipe_id, tip_id) VALUES (38, 32);

INSERT INTO recipe(baking, cuisine_id, difficulty, title, recipe_description, prep_time, cook_time, portions, fat_portion, protein_portion, carbo_portion, picture, picture_description) VALUES(1, 28, 5,'Mozzarella Sticks', 'Challenge include up left determine finally read. Bring face technology fear line writer.', 55, 80, 3, 40, 35,25, 'https://dummyimage.com/116x385', 'They or worry control among evidence wrong.');
INSERT INTO recipe_meal_type(recipe_id, meal_type_id) VALUES (39, 6);
INSERT INTO recipe_tag(recipe_id, tag_id) VALUES (39, 93);
INSERT INTO recipe_tag(recipe_id, tag_id) VALUES (39, 90);
INSERT INTO recipe_tag(recipe_id, tag_id) VALUES (39, 40);
INSERT INTO recipe_tag(recipe_id, tag_id) VALUES (39, 7);
INSERT INTO recipe_tag(recipe_id, tag_id) VALUES (39, 69);
INSERT INTO recipe_tag(recipe_id, tag_id) VALUES (39, 44);
INSERT INTO recipe_tag(recipe_id, tag_id) VALUES (39, 75);
INSERT INTO recipe_tag(recipe_id, tag_id) VALUES (39, 57);
INSERT INTO recipe_equipment(recipe_id, equipment_id, num) VALUES (39, 9, 2);
INSERT INTO recipe_equipment(recipe_id, equipment_id, num) VALUES (39, 7, 3);
INSERT INTO recipe_equipment(recipe_id, equipment_id, num) VALUES (39, 18, 3);
INSERT INTO recipe_equipment(recipe_id, equipment_id, num) VALUES (39, 17, 4);
INSERT INTO recipe_equipment(recipe_id, equipment_id, num) VALUES (39, 5, 4);
INSERT INTO recipe_equipment(recipe_id, equipment_id, num) VALUES (39, 6, 1);
INSERT INTO recipe_equipment(recipe_id, equipment_id, num) VALUES (39, 1, 3);
INSERT INTO recipe_cook(recipe_id, cook_id) VALUES (39, 77);
INSERT INTO recipe_cook(recipe_id, cook_id) VALUES (39, 143);
INSERT INTO recipe_cook(recipe_id, cook_id) VALUES (39, 69);
INSERT INTO recipe_cook(recipe_id, cook_id) VALUES (39, 114);
INSERT INTO recipe_cook(recipe_id, cook_id) VALUES (39, 98);
INSERT INTO recipe_cook(recipe_id, cook_id) VALUES (39, 172);
INSERT INTO recipe_cook(recipe_id, cook_id) VALUES (39, 111);
INSERT INTO recipe_cook(recipe_id, cook_id) VALUES (39, 18);
INSERT INTO recipe_cook(recipe_id, cook_id) VALUES (39, 88);
INSERT INTO recipe_cook(recipe_id, cook_id) VALUES (39, 99);
INSERT INTO recipe_cook(recipe_id, cook_id) VALUES (39, 163);
INSERT INTO recipe_cook(recipe_id, cook_id) VALUES (39, 32);
INSERT INTO recipe_cook(recipe_id, cook_id) VALUES (39, 44);
INSERT INTO recipe_cook(recipe_id, cook_id) VALUES (39, 127);
INSERT INTO recipe_cook(recipe_id, cook_id) VALUES (39, 139);
INSERT INTO recipe_cook(recipe_id, cook_id) VALUES (39, 90);
INSERT INTO recipe_cook(recipe_id, cook_id) VALUES (39, 144);
INSERT INTO recipe_cook(recipe_id, cook_id) VALUES (39, 151);
INSERT INTO recipe_cook(recipe_id, cook_id) VALUES (39, 70);
INSERT INTO recipe_cook(recipe_id, cook_id) VALUES (39, 78);
INSERT INTO recipe_cook(recipe_id, cook_id) VALUES (39, 4);
INSERT INTO recipe_cook(recipe_id, cook_id) VALUES (39, 146);
INSERT INTO recipe_cook(recipe_id, cook_id) VALUES (39, 182);
INSERT INTO recipe_cook(recipe_id, cook_id) VALUES (39, 65);
INSERT INTO recipe_cook(recipe_id, cook_id) VALUES (39, 170);
INSERT INTO recipe_cook(recipe_id, cook_id) VALUES (39, 125);
INSERT INTO recipe_cook(recipe_id, cook_id) VALUES (39, 35);
INSERT INTO recipe_cook(recipe_id, cook_id) VALUES (39, 157);
INSERT INTO recipe_cook(recipe_id, cook_id) VALUES (39, 183);
INSERT INTO recipe_cook(recipe_id, cook_id) VALUES (39, 55);
INSERT INTO recipe_cook(recipe_id, cook_id) VALUES (39, 101);
INSERT INTO recipe_cook(recipe_id, cook_id) VALUES (39, 134);
INSERT INTO recipe_cook(recipe_id, cook_id) VALUES (39, 115);
INSERT INTO recipe_cook(recipe_id, cook_id) VALUES (39, 95);
INSERT INTO recipe_cook(recipe_id, cook_id) VALUES (39, 185);
INSERT INTO recipe_cook(recipe_id, cook_id) VALUES (39, 85);
INSERT INTO recipe_cook(recipe_id, cook_id) VALUES (39, 47);
INSERT INTO recipe_cook(recipe_id, cook_id) VALUES (39, 66);
INSERT INTO recipe_cook(recipe_id, cook_id) VALUES (39, 20);
INSERT INTO recipe_cook(recipe_id, cook_id) VALUES (39, 198);
INSERT INTO recipe_cook(recipe_id, cook_id) VALUES (39, 189);
INSERT INTO recipe_cook(recipe_id, cook_id) VALUES (39, 22);
INSERT INTO recipe_cook(recipe_id, cook_id) VALUES (39, 124);
INSERT INTO recipe_cook(recipe_id, cook_id) VALUES (39, 30);
INSERT INTO recipe_cook(recipe_id, cook_id) VALUES (39, 192);
INSERT INTO recipe_cook(recipe_id, cook_id) VALUES (39, 154);
INSERT INTO recipe_cook(recipe_id, cook_id) VALUES (39, 92);
INSERT INTO recipe_cook(recipe_id, cook_id) VALUES (39, 51);
INSERT INTO recipe_cook(recipe_id, cook_id) VALUES (39, 64);
INSERT INTO recipe_cook(recipe_id, cook_id) VALUES (39, 118);
INSERT INTO recipe_cook(recipe_id, cook_id) VALUES (39, 106);
INSERT INTO recipe_cook(recipe_id, cook_id) VALUES (39, 181);
INSERT INTO recipe_cook(recipe_id, cook_id) VALUES (39, 33);
INSERT INTO recipe_cook(recipe_id, cook_id) VALUES (39, 184);
INSERT INTO recipe_cook(recipe_id, cook_id) VALUES (39, 113);
INSERT INTO recipe_cook(recipe_id, cook_id) VALUES (39, 140);
INSERT INTO recipe_cook(recipe_id, cook_id) VALUES (39, 147);
INSERT INTO recipe_cook(recipe_id, cook_id) VALUES (39, 180);
INSERT INTO recipe_cook(recipe_id, cook_id) VALUES (39, 191);
INSERT INTO recipe_cook(recipe_id, cook_id) VALUES (39, 28);
INSERT INTO recipe_cook(recipe_id, cook_id) VALUES (39, 41);
INSERT INTO recipe_cook(recipe_id, cook_id) VALUES (39, 13);
INSERT INTO recipe_cook(recipe_id, cook_id) VALUES (39, 29);
INSERT INTO recipe_cook(recipe_id, cook_id) VALUES (39, 138);
INSERT INTO recipe_cook(recipe_id, cook_id) VALUES (39, 19);
INSERT INTO recipe_cook(recipe_id, cook_id) VALUES (39, 68);
INSERT INTO recipe_cook(recipe_id, cook_id) VALUES (39, 100);
INSERT INTO recipe_cook(recipe_id, cook_id) VALUES (39, 82);
INSERT INTO recipe_cook(recipe_id, cook_id) VALUES (39, 42);
INSERT INTO recipe_cook(recipe_id, cook_id) VALUES (39, 91);
INSERT INTO recipe_cook(recipe_id, cook_id) VALUES (39, 71);
INSERT INTO recipe_cook(recipe_id, cook_id) VALUES (39, 107);
INSERT INTO recipe_cook(recipe_id, cook_id) VALUES (39, 102);
INSERT INTO recipe_cook(recipe_id, cook_id) VALUES (39, 130);
INSERT INTO recipe_cook(recipe_id, cook_id) VALUES (39, 103);
INSERT INTO recipe_cook(recipe_id, cook_id) VALUES (39, 116);
INSERT INTO recipe_cook(recipe_id, cook_id) VALUES (39, 117);
INSERT INTO recipe_cook(recipe_id, cook_id) VALUES (39, 49);
INSERT INTO recipe_cook(recipe_id, cook_id) VALUES (39, 7);
INSERT INTO recipe_cook(recipe_id, cook_id) VALUES (39, 108);
INSERT INTO recipe_cook(recipe_id, cook_id) VALUES (39, 31);
INSERT INTO recipe_cook(recipe_id, cook_id) VALUES (39, 200);
INSERT INTO recipe_cook(recipe_id, cook_id) VALUES (39, 83);
INSERT INTO recipe_cook(recipe_id, cook_id) VALUES (39, 135);
INSERT INTO recipe_cook(recipe_id, cook_id) VALUES (39, 162);
INSERT INTO recipe_cook(recipe_id, cook_id) VALUES (39, 94);
INSERT INTO recipe_cook(recipe_id, cook_id) VALUES (39, 150);
INSERT INTO recipe_cook(recipe_id, cook_id) VALUES (39, 74);
INSERT INTO recipe_cook(recipe_id, cook_id) VALUES (39, 141);
INSERT INTO recipe_cook(recipe_id, cook_id) VALUES (39, 196);
INSERT INTO recipe_cook(recipe_id, cook_id) VALUES (39, 46);
INSERT INTO recipe_cook(recipe_id, cook_id) VALUES (39, 132);
INSERT INTO recipe_cook(recipe_id, cook_id) VALUES (39, 72);
INSERT INTO recipe_cook(recipe_id, cook_id) VALUES (39, 133);
INSERT INTO recipe_cook(recipe_id, cook_id) VALUES (39, 155);
INSERT INTO recipe_cook(recipe_id, cook_id) VALUES (39, 26);
INSERT INTO recipe_cook(recipe_id, cook_id) VALUES (39, 104);
INSERT INTO recipe_cook(recipe_id, cook_id) VALUES (39, 169);
INSERT INTO recipe_cook(recipe_id, cook_id) VALUES (39, 188);
INSERT INTO recipe_cook(recipe_id, cook_id) VALUES (39, 173);
INSERT INTO recipe_cook(recipe_id, cook_id) VALUES (39, 23);
INSERT INTO recipe_cook(recipe_id, cook_id) VALUES (39, 186);
INSERT INTO recipe_cook(recipe_id, cook_id) VALUES (39, 48);
INSERT INTO recipe_cook(recipe_id, cook_id) VALUES (39, 194);
INSERT INTO recipe_cook(recipe_id, cook_id) VALUES (39, 167);
INSERT INTO recipe_cook(recipe_id, cook_id) VALUES (39, 45);
INSERT INTO recipe_cook(recipe_id, cook_id) VALUES (39, 36);
INSERT INTO recipe_cook(recipe_id, cook_id) VALUES (39, 17);
INSERT INTO recipe_cook(recipe_id, cook_id) VALUES (39, 109);
INSERT INTO recipe_cook(recipe_id, cook_id) VALUES (39, 21);
INSERT INTO recipe_cook(recipe_id, cook_id) VALUES (39, 128);
INSERT INTO recipe_cook(recipe_id, cook_id) VALUES (39, 56);
INSERT INTO recipe_cook(recipe_id, cook_id) VALUES (39, 58);
INSERT INTO recipe_cook(recipe_id, cook_id) VALUES (39, 193);
INSERT INTO recipe_cook(recipe_id, cook_id) VALUES (39, 34);
INSERT INTO recipe_cook(recipe_id, cook_id) VALUES (39, 63);
INSERT INTO recipe_cook(recipe_id, cook_id) VALUES (39, 8);
INSERT INTO recipe_cook(recipe_id, cook_id) VALUES (39, 160);
INSERT INTO recipe_cook(recipe_id, cook_id) VALUES (39, 38);
INSERT INTO recipe_cook(recipe_id, cook_id) VALUES (39, 86);
INSERT INTO recipe_cook(recipe_id, cook_id) VALUES (39, 75);
INSERT INTO recipe_cook(recipe_id, cook_id) VALUES (39, 89);
INSERT INTO recipe_cook(recipe_id, cook_id) VALUES (39, 96);
INSERT INTO recipe_cook(recipe_id, cook_id) VALUES (39, 43);
INSERT INTO recipe_cook(recipe_id, cook_id) VALUES (39, 112);
INSERT INTO recipe_theme(recipe_id, theme_id) VALUES (39, 38);
INSERT INTO recipe_theme(recipe_id, theme_id) VALUES (39, 10);
INSERT INTO recipe_theme(recipe_id, theme_id) VALUES (39, 9);
INSERT INTO recipe_tip(recipe_id, tip_id) VALUES (39, 39);
INSERT INTO recipe_tip(recipe_id, tip_id) VALUES (39, 23);

INSERT INTO recipe(baking, cuisine_id, difficulty, title, recipe_description, prep_time, cook_time, portions, fat_portion, protein_portion, carbo_portion, picture, picture_description) VALUES(1, 45, 4,'Flan', 'Prove leader small night lose same visit. Theory wind throw push black also. Speech season argue government simple. Note bit maybe.', 25, 120, 2, 0, 20,85, 'https://dummyimage.com/33x461', 'Seem say listen important music.');
INSERT INTO recipe_meal_type(recipe_id, meal_type_id) VALUES (40, 5);
INSERT INTO recipe_tag(recipe_id, tag_id) VALUES (40, 33);
INSERT INTO recipe_tag(recipe_id, tag_id) VALUES (40, 40);
INSERT INTO recipe_tag(recipe_id, tag_id) VALUES (40, 63);
INSERT INTO recipe_equipment(recipe_id, equipment_id, num) VALUES (40, 13, 2);
INSERT INTO recipe_equipment(recipe_id, equipment_id, num) VALUES (40, 12, 4);
INSERT INTO recipe_equipment(recipe_id, equipment_id, num) VALUES (40, 1, 4);
INSERT INTO recipe_equipment(recipe_id, equipment_id, num) VALUES (40, 20, 2);
INSERT INTO recipe_cook(recipe_id, cook_id) VALUES (40, 168);
INSERT INTO recipe_cook(recipe_id, cook_id) VALUES (40, 175);
INSERT INTO recipe_cook(recipe_id, cook_id) VALUES (40, 120);
INSERT INTO recipe_cook(recipe_id, cook_id) VALUES (40, 186);
INSERT INTO recipe_cook(recipe_id, cook_id) VALUES (40, 14);
INSERT INTO recipe_cook(recipe_id, cook_id) VALUES (40, 130);
INSERT INTO recipe_cook(recipe_id, cook_id) VALUES (40, 153);
INSERT INTO recipe_cook(recipe_id, cook_id) VALUES (40, 139);
INSERT INTO recipe_cook(recipe_id, cook_id) VALUES (40, 122);
INSERT INTO recipe_cook(recipe_id, cook_id) VALUES (40, 90);
INSERT INTO recipe_cook(recipe_id, cook_id) VALUES (40, 184);
INSERT INTO recipe_cook(recipe_id, cook_id) VALUES (40, 41);
INSERT INTO recipe_cook(recipe_id, cook_id) VALUES (40, 62);
INSERT INTO recipe_cook(recipe_id, cook_id) VALUES (40, 44);
INSERT INTO recipe_cook(recipe_id, cook_id) VALUES (40, 79);
INSERT INTO recipe_cook(recipe_id, cook_id) VALUES (40, 193);
INSERT INTO recipe_cook(recipe_id, cook_id) VALUES (40, 29);
INSERT INTO recipe_cook(recipe_id, cook_id) VALUES (40, 126);
INSERT INTO recipe_cook(recipe_id, cook_id) VALUES (40, 196);
INSERT INTO recipe_cook(recipe_id, cook_id) VALUES (40, 3);
INSERT INTO recipe_cook(recipe_id, cook_id) VALUES (40, 30);
INSERT INTO recipe_cook(recipe_id, cook_id) VALUES (40, 166);
INSERT INTO recipe_cook(recipe_id, cook_id) VALUES (40, 129);
INSERT INTO recipe_cook(recipe_id, cook_id) VALUES (40, 96);
INSERT INTO recipe_cook(recipe_id, cook_id) VALUES (40, 7);
INSERT INTO recipe_cook(recipe_id, cook_id) VALUES (40, 105);
INSERT INTO recipe_cook(recipe_id, cook_id) VALUES (40, 155);
INSERT INTO recipe_cook(recipe_id, cook_id) VALUES (40, 199);
INSERT INTO recipe_cook(recipe_id, cook_id) VALUES (40, 6);
INSERT INTO recipe_cook(recipe_id, cook_id) VALUES (40, 42);
INSERT INTO recipe_cook(recipe_id, cook_id) VALUES (40, 89);
INSERT INTO recipe_cook(recipe_id, cook_id) VALUES (40, 165);
INSERT INTO recipe_cook(recipe_id, cook_id) VALUES (40, 40);
INSERT INTO recipe_cook(recipe_id, cook_id) VALUES (40, 95);
INSERT INTO recipe_cook(recipe_id, cook_id) VALUES (40, 86);
INSERT INTO recipe_cook(recipe_id, cook_id) VALUES (40, 194);
INSERT INTO recipe_cook(recipe_id, cook_id) VALUES (40, 142);
INSERT INTO recipe_cook(recipe_id, cook_id) VALUES (40, 163);
INSERT INTO recipe_cook(recipe_id, cook_id) VALUES (40, 182);
INSERT INTO recipe_cook(recipe_id, cook_id) VALUES (40, 98);
INSERT INTO recipe_cook(recipe_id, cook_id) VALUES (40, 39);
INSERT INTO recipe_cook(recipe_id, cook_id) VALUES (40, 187);
INSERT INTO recipe_cook(recipe_id, cook_id) VALUES (40, 159);
INSERT INTO recipe_cook(recipe_id, cook_id) VALUES (40, 144);
INSERT INTO recipe_cook(recipe_id, cook_id) VALUES (40, 11);
INSERT INTO recipe_cook(recipe_id, cook_id) VALUES (40, 125);
INSERT INTO recipe_cook(recipe_id, cook_id) VALUES (40, 152);
INSERT INTO recipe_cook(recipe_id, cook_id) VALUES (40, 185);
INSERT INTO recipe_cook(recipe_id, cook_id) VALUES (40, 50);
INSERT INTO recipe_cook(recipe_id, cook_id) VALUES (40, 82);
INSERT INTO recipe_cook(recipe_id, cook_id) VALUES (40, 85);
INSERT INTO recipe_cook(recipe_id, cook_id) VALUES (40, 67);
INSERT INTO recipe_cook(recipe_id, cook_id) VALUES (40, 146);
INSERT INTO recipe_cook(recipe_id, cook_id) VALUES (40, 101);
INSERT INTO recipe_cook(recipe_id, cook_id) VALUES (40, 102);
INSERT INTO recipe_cook(recipe_id, cook_id) VALUES (40, 94);
INSERT INTO recipe_cook(recipe_id, cook_id) VALUES (40, 2);
INSERT INTO recipe_cook(recipe_id, cook_id) VALUES (40, 99);
INSERT INTO recipe_cook(recipe_id, cook_id) VALUES (40, 69);
INSERT INTO recipe_cook(recipe_id, cook_id) VALUES (40, 133);
INSERT INTO recipe_cook(recipe_id, cook_id) VALUES (40, 172);
INSERT INTO recipe_cook(recipe_id, cook_id) VALUES (40, 171);
INSERT INTO recipe_cook(recipe_id, cook_id) VALUES (40, 23);
INSERT INTO recipe_cook(recipe_id, cook_id) VALUES (40, 169);
INSERT INTO recipe_cook(recipe_id, cook_id) VALUES (40, 158);
INSERT INTO recipe_cook(recipe_id, cook_id) VALUES (40, 181);
INSERT INTO recipe_cook(recipe_id, cook_id) VALUES (40, 33);
INSERT INTO recipe_cook(recipe_id, cook_id) VALUES (40, 36);
INSERT INTO recipe_cook(recipe_id, cook_id) VALUES (40, 8);
INSERT INTO recipe_cook(recipe_id, cook_id) VALUES (40, 12);
INSERT INTO recipe_cook(recipe_id, cook_id) VALUES (40, 190);
INSERT INTO recipe_cook(recipe_id, cook_id) VALUES (40, 52);
INSERT INTO recipe_cook(recipe_id, cook_id) VALUES (40, 25);
INSERT INTO recipe_cook(recipe_id, cook_id) VALUES (40, 13);
INSERT INTO recipe_cook(recipe_id, cook_id) VALUES (40, 183);
INSERT INTO recipe_cook(recipe_id, cook_id) VALUES (40, 113);
INSERT INTO recipe_cook(recipe_id, cook_id) VALUES (40, 149);
INSERT INTO recipe_cook(recipe_id, cook_id) VALUES (40, 74);
INSERT INTO recipe_cook(recipe_id, cook_id) VALUES (40, 60);
INSERT INTO recipe_cook(recipe_id, cook_id) VALUES (40, 10);
INSERT INTO recipe_cook(recipe_id, cook_id) VALUES (40, 49);
INSERT INTO recipe_cook(recipe_id, cook_id) VALUES (40, 16);
INSERT INTO recipe_cook(recipe_id, cook_id) VALUES (40, 20);
INSERT INTO recipe_cook(recipe_id, cook_id) VALUES (40, 27);
INSERT INTO recipe_cook(recipe_id, cook_id) VALUES (40, 131);
INSERT INTO recipe_cook(recipe_id, cook_id) VALUES (40, 106);
INSERT INTO recipe_cook(recipe_id, cook_id) VALUES (40, 140);
INSERT INTO recipe_cook(recipe_id, cook_id) VALUES (40, 179);
INSERT INTO recipe_cook(recipe_id, cook_id) VALUES (40, 123);
INSERT INTO recipe_cook(recipe_id, cook_id) VALUES (40, 18);
INSERT INTO recipe_cook(recipe_id, cook_id) VALUES (40, 176);
INSERT INTO recipe_cook(recipe_id, cook_id) VALUES (40, 143);
INSERT INTO recipe_cook(recipe_id, cook_id) VALUES (40, 22);
INSERT INTO recipe_cook(recipe_id, cook_id) VALUES (40, 75);
INSERT INTO recipe_cook(recipe_id, cook_id) VALUES (40, 93);
INSERT INTO recipe_cook(recipe_id, cook_id) VALUES (40, 154);
INSERT INTO recipe_cook(recipe_id, cook_id) VALUES (40, 1);
INSERT INTO recipe_cook(recipe_id, cook_id) VALUES (40, 83);
INSERT INTO recipe_cook(recipe_id, cook_id) VALUES (40, 91);
INSERT INTO recipe_cook(recipe_id, cook_id) VALUES (40, 84);
INSERT INTO recipe_cook(recipe_id, cook_id) VALUES (40, 65);
INSERT INTO recipe_cook(recipe_id, cook_id) VALUES (40, 138);
INSERT INTO recipe_cook(recipe_id, cook_id) VALUES (40, 21);
INSERT INTO recipe_cook(recipe_id, cook_id) VALUES (40, 178);
INSERT INTO recipe_cook(recipe_id, cook_id) VALUES (40, 147);
INSERT INTO recipe_cook(recipe_id, cook_id) VALUES (40, 37);
INSERT INTO recipe_cook(recipe_id, cook_id) VALUES (40, 189);
INSERT INTO recipe_theme(recipe_id, theme_id) VALUES (40, 35);
INSERT INTO recipe_theme(recipe_id, theme_id) VALUES (40, 13);
INSERT INTO recipe_theme(recipe_id, theme_id) VALUES (40, 40);
INSERT INTO recipe_tip(recipe_id, tip_id) VALUES (40, 6);
INSERT INTO recipe_tip(recipe_id, tip_id) VALUES (40, 10);

INSERT INTO recipe(baking, cuisine_id, difficulty, title, recipe_description, prep_time, cook_time, portions, fat_portion, protein_portion, carbo_portion, picture, picture_description) VALUES(0, 17, 1,'Samosas', 'While billion general. Traditional collection blue establish. Tell leg thank bad imagine view. City than learn same light hour support.', 45, 70, 4, 10, 65,60, 'https://picsum.photos/762/589', 'Consider see office.');
INSERT INTO recipe_meal_type(recipe_id, meal_type_id) VALUES (41, 3);
INSERT INTO recipe_tag(recipe_id, tag_id) VALUES (41, 53);
INSERT INTO recipe_equipment(recipe_id, equipment_id, num) VALUES (41, 8, 2);
INSERT INTO recipe_equipment(recipe_id, equipment_id, num) VALUES (41, 10, 3);
INSERT INTO recipe_equipment(recipe_id, equipment_id, num) VALUES (41, 9, 2);
INSERT INTO recipe_equipment(recipe_id, equipment_id, num) VALUES (41, 6, 1);
INSERT INTO recipe_equipment(recipe_id, equipment_id, num) VALUES (41, 3, 2);
INSERT INTO recipe_cook(recipe_id, cook_id) VALUES (41, 48);
INSERT INTO recipe_cook(recipe_id, cook_id) VALUES (41, 173);
INSERT INTO recipe_cook(recipe_id, cook_id) VALUES (41, 169);
INSERT INTO recipe_cook(recipe_id, cook_id) VALUES (41, 14);
INSERT INTO recipe_cook(recipe_id, cook_id) VALUES (41, 20);
INSERT INTO recipe_cook(recipe_id, cook_id) VALUES (41, 1);
INSERT INTO recipe_cook(recipe_id, cook_id) VALUES (41, 12);
INSERT INTO recipe_cook(recipe_id, cook_id) VALUES (41, 68);
INSERT INTO recipe_cook(recipe_id, cook_id) VALUES (41, 121);
INSERT INTO recipe_cook(recipe_id, cook_id) VALUES (41, 56);
INSERT INTO recipe_cook(recipe_id, cook_id) VALUES (41, 166);
INSERT INTO recipe_cook(recipe_id, cook_id) VALUES (41, 151);
INSERT INTO recipe_cook(recipe_id, cook_id) VALUES (41, 26);
INSERT INTO recipe_cook(recipe_id, cook_id) VALUES (41, 96);
INSERT INTO recipe_cook(recipe_id, cook_id) VALUES (41, 157);
INSERT INTO recipe_cook(recipe_id, cook_id) VALUES (41, 182);
INSERT INTO recipe_cook(recipe_id, cook_id) VALUES (41, 193);
INSERT INTO recipe_cook(recipe_id, cook_id) VALUES (41, 19);
INSERT INTO recipe_cook(recipe_id, cook_id) VALUES (41, 101);
INSERT INTO recipe_cook(recipe_id, cook_id) VALUES (41, 42);
INSERT INTO recipe_cook(recipe_id, cook_id) VALUES (41, 3);
INSERT INTO recipe_cook(recipe_id, cook_id) VALUES (41, 83);
INSERT INTO recipe_cook(recipe_id, cook_id) VALUES (41, 92);
INSERT INTO recipe_cook(recipe_id, cook_id) VALUES (41, 59);
INSERT INTO recipe_cook(recipe_id, cook_id) VALUES (41, 136);
INSERT INTO recipe_cook(recipe_id, cook_id) VALUES (41, 126);
INSERT INTO recipe_cook(recipe_id, cook_id) VALUES (41, 122);
INSERT INTO recipe_cook(recipe_id, cook_id) VALUES (41, 58);
INSERT INTO recipe_cook(recipe_id, cook_id) VALUES (41, 15);
INSERT INTO recipe_cook(recipe_id, cook_id) VALUES (41, 13);
INSERT INTO recipe_cook(recipe_id, cook_id) VALUES (41, 73);
INSERT INTO recipe_theme(recipe_id, theme_id) VALUES (41, 29);
INSERT INTO recipe_theme(recipe_id, theme_id) VALUES (41, 35);
INSERT INTO recipe_tip(recipe_id, tip_id) VALUES (41, 32);
INSERT INTO recipe_tip(recipe_id, tip_id) VALUES (41, 21);
INSERT INTO recipe_tip(recipe_id, tip_id) VALUES (41, 9);

INSERT INTO recipe(baking, cuisine_id, difficulty, title, recipe_description, prep_time, cook_time, portions, fat_portion, protein_portion, carbo_portion, picture, picture_description) VALUES(1, 50, 3,'Crepes', 'Personal many poor morning. Cover impact political. Building crime up recent.', 45, 90, 3, 5, 45,20, 'https://dummyimage.com/850x290', 'Carry scientist close.');
INSERT INTO recipe_meal_type(recipe_id, meal_type_id) VALUES (42, 3);
INSERT INTO recipe_tag(recipe_id, tag_id) VALUES (42, 50);
INSERT INTO recipe_tag(recipe_id, tag_id) VALUES (42, 83);
INSERT INTO recipe_equipment(recipe_id, equipment_id, num) VALUES (42, 7, 3);
INSERT INTO recipe_equipment(recipe_id, equipment_id, num) VALUES (42, 1, 1);
INSERT INTO recipe_equipment(recipe_id, equipment_id, num) VALUES (42, 17, 3);
INSERT INTO recipe_equipment(recipe_id, equipment_id, num) VALUES (42, 15, 3);
INSERT INTO recipe_cook(recipe_id, cook_id) VALUES (42, 38);
INSERT INTO recipe_cook(recipe_id, cook_id) VALUES (42, 58);
INSERT INTO recipe_cook(recipe_id, cook_id) VALUES (42, 51);
INSERT INTO recipe_cook(recipe_id, cook_id) VALUES (42, 60);
INSERT INTO recipe_cook(recipe_id, cook_id) VALUES (42, 70);
INSERT INTO recipe_cook(recipe_id, cook_id) VALUES (42, 153);
INSERT INTO recipe_cook(recipe_id, cook_id) VALUES (42, 74);
INSERT INTO recipe_cook(recipe_id, cook_id) VALUES (42, 192);
INSERT INTO recipe_cook(recipe_id, cook_id) VALUES (42, 129);
INSERT INTO recipe_cook(recipe_id, cook_id) VALUES (42, 141);
INSERT INTO recipe_cook(recipe_id, cook_id) VALUES (42, 65);
INSERT INTO recipe_cook(recipe_id, cook_id) VALUES (42, 71);
INSERT INTO recipe_cook(recipe_id, cook_id) VALUES (42, 175);
INSERT INTO recipe_cook(recipe_id, cook_id) VALUES (42, 81);
INSERT INTO recipe_cook(recipe_id, cook_id) VALUES (42, 135);
INSERT INTO recipe_cook(recipe_id, cook_id) VALUES (42, 196);
INSERT INTO recipe_cook(recipe_id, cook_id) VALUES (42, 77);
INSERT INTO recipe_cook(recipe_id, cook_id) VALUES (42, 47);
INSERT INTO recipe_cook(recipe_id, cook_id) VALUES (42, 198);
INSERT INTO recipe_cook(recipe_id, cook_id) VALUES (42, 130);
INSERT INTO recipe_cook(recipe_id, cook_id) VALUES (42, 3);
INSERT INTO recipe_cook(recipe_id, cook_id) VALUES (42, 24);
INSERT INTO recipe_cook(recipe_id, cook_id) VALUES (42, 169);
INSERT INTO recipe_cook(recipe_id, cook_id) VALUES (42, 188);
INSERT INTO recipe_cook(recipe_id, cook_id) VALUES (42, 31);
INSERT INTO recipe_cook(recipe_id, cook_id) VALUES (42, 26);
INSERT INTO recipe_cook(recipe_id, cook_id) VALUES (42, 118);
INSERT INTO recipe_cook(recipe_id, cook_id) VALUES (42, 34);
INSERT INTO recipe_cook(recipe_id, cook_id) VALUES (42, 190);
INSERT INTO recipe_cook(recipe_id, cook_id) VALUES (42, 92);
INSERT INTO recipe_cook(recipe_id, cook_id) VALUES (42, 114);
INSERT INTO recipe_cook(recipe_id, cook_id) VALUES (42, 191);
INSERT INTO recipe_cook(recipe_id, cook_id) VALUES (42, 85);
INSERT INTO recipe_cook(recipe_id, cook_id) VALUES (42, 96);
INSERT INTO recipe_cook(recipe_id, cook_id) VALUES (42, 117);
INSERT INTO recipe_cook(recipe_id, cook_id) VALUES (42, 163);
INSERT INTO recipe_cook(recipe_id, cook_id) VALUES (42, 100);
INSERT INTO recipe_cook(recipe_id, cook_id) VALUES (42, 174);
INSERT INTO recipe_cook(recipe_id, cook_id) VALUES (42, 90);
INSERT INTO recipe_cook(recipe_id, cook_id) VALUES (42, 80);
INSERT INTO recipe_cook(recipe_id, cook_id) VALUES (42, 160);
INSERT INTO recipe_cook(recipe_id, cook_id) VALUES (42, 4);
INSERT INTO recipe_cook(recipe_id, cook_id) VALUES (42, 99);
INSERT INTO recipe_cook(recipe_id, cook_id) VALUES (42, 115);
INSERT INTO recipe_cook(recipe_id, cook_id) VALUES (42, 131);
INSERT INTO recipe_cook(recipe_id, cook_id) VALUES (42, 75);
INSERT INTO recipe_theme(recipe_id, theme_id) VALUES (42, 5);
INSERT INTO recipe_theme(recipe_id, theme_id) VALUES (42, 37);
INSERT INTO recipe_tip(recipe_id, tip_id) VALUES (42, 31);
INSERT INTO recipe_tip(recipe_id, tip_id) VALUES (42, 37);
INSERT INTO recipe_tip(recipe_id, tip_id) VALUES (42, 13);

INSERT INTO recipe(baking, cuisine_id, difficulty, title, recipe_description, prep_time, cook_time, portions, fat_portion, protein_portion, carbo_portion, picture, picture_description) VALUES(0, 7, 2,'Red Velvet Cake', 'Also service movement argue nothing concern trade. Join seem to claim under last speak she. Right suggest economy yes. Century write camera group southern once.', 45, 20, 1, 40, 45,40, 'https://picsum.photos/997/31', 'Also wife anyone will authority factor national.');
INSERT INTO recipe_meal_type(recipe_id, meal_type_id) VALUES (43, 5);
INSERT INTO recipe_tag(recipe_id, tag_id) VALUES (43, 93);
INSERT INTO recipe_tag(recipe_id, tag_id) VALUES (43, 98);
INSERT INTO recipe_tag(recipe_id, tag_id) VALUES (43, 90);
INSERT INTO recipe_tag(recipe_id, tag_id) VALUES (43, 97);
INSERT INTO recipe_tag(recipe_id, tag_id) VALUES (43, 37);
INSERT INTO recipe_equipment(recipe_id, equipment_id, num) VALUES (43, 5, 4);
INSERT INTO recipe_equipment(recipe_id, equipment_id, num) VALUES (43, 17, 4);
INSERT INTO recipe_equipment(recipe_id, equipment_id, num) VALUES (43, 19, 2);
INSERT INTO recipe_cook(recipe_id, cook_id) VALUES (43, 182);
INSERT INTO recipe_cook(recipe_id, cook_id) VALUES (43, 38);
INSERT INTO recipe_cook(recipe_id, cook_id) VALUES (43, 148);
INSERT INTO recipe_cook(recipe_id, cook_id) VALUES (43, 100);
INSERT INTO recipe_cook(recipe_id, cook_id) VALUES (43, 188);
INSERT INTO recipe_cook(recipe_id, cook_id) VALUES (43, 117);
INSERT INTO recipe_cook(recipe_id, cook_id) VALUES (43, 99);
INSERT INTO recipe_cook(recipe_id, cook_id) VALUES (43, 111);
INSERT INTO recipe_cook(recipe_id, cook_id) VALUES (43, 58);
INSERT INTO recipe_cook(recipe_id, cook_id) VALUES (43, 110);
INSERT INTO recipe_cook(recipe_id, cook_id) VALUES (43, 179);
INSERT INTO recipe_cook(recipe_id, cook_id) VALUES (43, 22);
INSERT INTO recipe_cook(recipe_id, cook_id) VALUES (43, 106);
INSERT INTO recipe_cook(recipe_id, cook_id) VALUES (43, 84);
INSERT INTO recipe_cook(recipe_id, cook_id) VALUES (43, 140);
INSERT INTO recipe_cook(recipe_id, cook_id) VALUES (43, 136);
INSERT INTO recipe_cook(recipe_id, cook_id) VALUES (43, 63);
INSERT INTO recipe_cook(recipe_id, cook_id) VALUES (43, 130);
INSERT INTO recipe_cook(recipe_id, cook_id) VALUES (43, 104);
INSERT INTO recipe_cook(recipe_id, cook_id) VALUES (43, 158);
INSERT INTO recipe_cook(recipe_id, cook_id) VALUES (43, 105);
INSERT INTO recipe_cook(recipe_id, cook_id) VALUES (43, 10);
INSERT INTO recipe_cook(recipe_id, cook_id) VALUES (43, 149);
INSERT INTO recipe_cook(recipe_id, cook_id) VALUES (43, 5);
INSERT INTO recipe_cook(recipe_id, cook_id) VALUES (43, 160);
INSERT INTO recipe_cook(recipe_id, cook_id) VALUES (43, 113);
INSERT INTO recipe_cook(recipe_id, cook_id) VALUES (43, 56);
INSERT INTO recipe_cook(recipe_id, cook_id) VALUES (43, 115);
INSERT INTO recipe_cook(recipe_id, cook_id) VALUES (43, 59);
INSERT INTO recipe_cook(recipe_id, cook_id) VALUES (43, 76);
INSERT INTO recipe_cook(recipe_id, cook_id) VALUES (43, 15);
INSERT INTO recipe_cook(recipe_id, cook_id) VALUES (43, 51);
INSERT INTO recipe_cook(recipe_id, cook_id) VALUES (43, 77);
INSERT INTO recipe_cook(recipe_id, cook_id) VALUES (43, 112);
INSERT INTO recipe_cook(recipe_id, cook_id) VALUES (43, 90);
INSERT INTO recipe_cook(recipe_id, cook_id) VALUES (43, 98);
INSERT INTO recipe_cook(recipe_id, cook_id) VALUES (43, 128);
INSERT INTO recipe_cook(recipe_id, cook_id) VALUES (43, 85);
INSERT INTO recipe_cook(recipe_id, cook_id) VALUES (43, 116);
INSERT INTO recipe_cook(recipe_id, cook_id) VALUES (43, 197);
INSERT INTO recipe_cook(recipe_id, cook_id) VALUES (43, 87);
INSERT INTO recipe_cook(recipe_id, cook_id) VALUES (43, 139);
INSERT INTO recipe_cook(recipe_id, cook_id) VALUES (43, 54);
INSERT INTO recipe_cook(recipe_id, cook_id) VALUES (43, 31);
INSERT INTO recipe_cook(recipe_id, cook_id) VALUES (43, 118);
INSERT INTO recipe_cook(recipe_id, cook_id) VALUES (43, 8);
INSERT INTO recipe_cook(recipe_id, cook_id) VALUES (43, 151);
INSERT INTO recipe_cook(recipe_id, cook_id) VALUES (43, 142);
INSERT INTO recipe_cook(recipe_id, cook_id) VALUES (43, 124);
INSERT INTO recipe_cook(recipe_id, cook_id) VALUES (43, 11);
INSERT INTO recipe_cook(recipe_id, cook_id) VALUES (43, 36);
INSERT INTO recipe_cook(recipe_id, cook_id) VALUES (43, 67);
INSERT INTO recipe_cook(recipe_id, cook_id) VALUES (43, 34);
INSERT INTO recipe_cook(recipe_id, cook_id) VALUES (43, 125);
INSERT INTO recipe_cook(recipe_id, cook_id) VALUES (43, 68);
INSERT INTO recipe_cook(recipe_id, cook_id) VALUES (43, 138);
INSERT INTO recipe_cook(recipe_id, cook_id) VALUES (43, 180);
INSERT INTO recipe_cook(recipe_id, cook_id) VALUES (43, 102);
INSERT INTO recipe_cook(recipe_id, cook_id) VALUES (43, 175);
INSERT INTO recipe_cook(recipe_id, cook_id) VALUES (43, 172);
INSERT INTO recipe_cook(recipe_id, cook_id) VALUES (43, 132);
INSERT INTO recipe_cook(recipe_id, cook_id) VALUES (43, 47);
INSERT INTO recipe_cook(recipe_id, cook_id) VALUES (43, 46);
INSERT INTO recipe_cook(recipe_id, cook_id) VALUES (43, 152);
INSERT INTO recipe_cook(recipe_id, cook_id) VALUES (43, 16);
INSERT INTO recipe_cook(recipe_id, cook_id) VALUES (43, 6);
INSERT INTO recipe_cook(recipe_id, cook_id) VALUES (43, 62);
INSERT INTO recipe_cook(recipe_id, cook_id) VALUES (43, 65);
INSERT INTO recipe_cook(recipe_id, cook_id) VALUES (43, 173);
INSERT INTO recipe_cook(recipe_id, cook_id) VALUES (43, 66);
INSERT INTO recipe_cook(recipe_id, cook_id) VALUES (43, 169);
INSERT INTO recipe_cook(recipe_id, cook_id) VALUES (43, 119);
INSERT INTO recipe_cook(recipe_id, cook_id) VALUES (43, 159);
INSERT INTO recipe_cook(recipe_id, cook_id) VALUES (43, 189);
INSERT INTO recipe_cook(recipe_id, cook_id) VALUES (43, 30);
INSERT INTO recipe_cook(recipe_id, cook_id) VALUES (43, 53);
INSERT INTO recipe_cook(recipe_id, cook_id) VALUES (43, 45);
INSERT INTO recipe_cook(recipe_id, cook_id) VALUES (43, 13);
INSERT INTO recipe_cook(recipe_id, cook_id) VALUES (43, 96);
INSERT INTO recipe_cook(recipe_id, cook_id) VALUES (43, 37);
INSERT INTO recipe_cook(recipe_id, cook_id) VALUES (43, 108);
INSERT INTO recipe_cook(recipe_id, cook_id) VALUES (43, 176);
INSERT INTO recipe_cook(recipe_id, cook_id) VALUES (43, 64);
INSERT INTO recipe_cook(recipe_id, cook_id) VALUES (43, 141);
INSERT INTO recipe_cook(recipe_id, cook_id) VALUES (43, 12);
INSERT INTO recipe_cook(recipe_id, cook_id) VALUES (43, 186);
INSERT INTO recipe_cook(recipe_id, cook_id) VALUES (43, 168);
INSERT INTO recipe_cook(recipe_id, cook_id) VALUES (43, 81);
INSERT INTO recipe_cook(recipe_id, cook_id) VALUES (43, 165);
INSERT INTO recipe_cook(recipe_id, cook_id) VALUES (43, 72);
INSERT INTO recipe_cook(recipe_id, cook_id) VALUES (43, 55);
INSERT INTO recipe_cook(recipe_id, cook_id) VALUES (43, 25);
INSERT INTO recipe_cook(recipe_id, cook_id) VALUES (43, 146);
INSERT INTO recipe_cook(recipe_id, cook_id) VALUES (43, 49);
INSERT INTO recipe_cook(recipe_id, cook_id) VALUES (43, 196);
INSERT INTO recipe_cook(recipe_id, cook_id) VALUES (43, 74);
INSERT INTO recipe_cook(recipe_id, cook_id) VALUES (43, 156);
INSERT INTO recipe_cook(recipe_id, cook_id) VALUES (43, 145);
INSERT INTO recipe_cook(recipe_id, cook_id) VALUES (43, 26);
INSERT INTO recipe_cook(recipe_id, cook_id) VALUES (43, 93);
INSERT INTO recipe_cook(recipe_id, cook_id) VALUES (43, 73);
INSERT INTO recipe_cook(recipe_id, cook_id) VALUES (43, 193);
INSERT INTO recipe_cook(recipe_id, cook_id) VALUES (43, 101);
INSERT INTO recipe_cook(recipe_id, cook_id) VALUES (43, 57);
INSERT INTO recipe_cook(recipe_id, cook_id) VALUES (43, 147);
INSERT INTO recipe_cook(recipe_id, cook_id) VALUES (43, 14);
INSERT INTO recipe_cook(recipe_id, cook_id) VALUES (43, 86);
INSERT INTO recipe_cook(recipe_id, cook_id) VALUES (43, 126);
INSERT INTO recipe_cook(recipe_id, cook_id) VALUES (43, 181);
INSERT INTO recipe_cook(recipe_id, cook_id) VALUES (43, 103);
INSERT INTO recipe_cook(recipe_id, cook_id) VALUES (43, 120);
INSERT INTO recipe_cook(recipe_id, cook_id) VALUES (43, 24);
INSERT INTO recipe_cook(recipe_id, cook_id) VALUES (43, 129);
INSERT INTO recipe_cook(recipe_id, cook_id) VALUES (43, 17);
INSERT INTO recipe_cook(recipe_id, cook_id) VALUES (43, 154);
INSERT INTO recipe_cook(recipe_id, cook_id) VALUES (43, 137);
INSERT INTO recipe_cook(recipe_id, cook_id) VALUES (43, 41);
INSERT INTO recipe_cook(recipe_id, cook_id) VALUES (43, 80);
INSERT INTO recipe_cook(recipe_id, cook_id) VALUES (43, 44);
INSERT INTO recipe_cook(recipe_id, cook_id) VALUES (43, 29);
INSERT INTO recipe_cook(recipe_id, cook_id) VALUES (43, 164);
INSERT INTO recipe_cook(recipe_id, cook_id) VALUES (43, 33);
INSERT INTO recipe_cook(recipe_id, cook_id) VALUES (43, 121);
INSERT INTO recipe_cook(recipe_id, cook_id) VALUES (43, 150);
INSERT INTO recipe_cook(recipe_id, cook_id) VALUES (43, 50);
INSERT INTO recipe_cook(recipe_id, cook_id) VALUES (43, 163);
INSERT INTO recipe_cook(recipe_id, cook_id) VALUES (43, 92);
INSERT INTO recipe_cook(recipe_id, cook_id) VALUES (43, 21);
INSERT INTO recipe_cook(recipe_id, cook_id) VALUES (43, 187);
INSERT INTO recipe_cook(recipe_id, cook_id) VALUES (43, 78);
INSERT INTO recipe_cook(recipe_id, cook_id) VALUES (43, 48);
INSERT INTO recipe_cook(recipe_id, cook_id) VALUES (43, 23);
INSERT INTO recipe_cook(recipe_id, cook_id) VALUES (43, 19);
INSERT INTO recipe_cook(recipe_id, cook_id) VALUES (43, 161);
INSERT INTO recipe_cook(recipe_id, cook_id) VALUES (43, 2);
INSERT INTO recipe_cook(recipe_id, cook_id) VALUES (43, 190);
INSERT INTO recipe_cook(recipe_id, cook_id) VALUES (43, 40);
INSERT INTO recipe_cook(recipe_id, cook_id) VALUES (43, 185);
INSERT INTO recipe_cook(recipe_id, cook_id) VALUES (43, 195);
INSERT INTO recipe_cook(recipe_id, cook_id) VALUES (43, 184);
INSERT INTO recipe_cook(recipe_id, cook_id) VALUES (43, 4);
INSERT INTO recipe_cook(recipe_id, cook_id) VALUES (43, 107);
INSERT INTO recipe_cook(recipe_id, cook_id) VALUES (43, 177);
INSERT INTO recipe_cook(recipe_id, cook_id) VALUES (43, 109);
INSERT INTO recipe_cook(recipe_id, cook_id) VALUES (43, 79);
INSERT INTO recipe_cook(recipe_id, cook_id) VALUES (43, 192);
INSERT INTO recipe_cook(recipe_id, cook_id) VALUES (43, 82);
INSERT INTO recipe_cook(recipe_id, cook_id) VALUES (43, 94);
INSERT INTO recipe_cook(recipe_id, cook_id) VALUES (43, 70);
INSERT INTO recipe_cook(recipe_id, cook_id) VALUES (43, 166);
INSERT INTO recipe_cook(recipe_id, cook_id) VALUES (43, 61);
INSERT INTO recipe_cook(recipe_id, cook_id) VALUES (43, 198);
INSERT INTO recipe_cook(recipe_id, cook_id) VALUES (43, 35);
INSERT INTO recipe_cook(recipe_id, cook_id) VALUES (43, 3);
INSERT INTO recipe_cook(recipe_id, cook_id) VALUES (43, 42);
INSERT INTO recipe_cook(recipe_id, cook_id) VALUES (43, 60);
INSERT INTO recipe_cook(recipe_id, cook_id) VALUES (43, 20);
INSERT INTO recipe_cook(recipe_id, cook_id) VALUES (43, 7);
INSERT INTO recipe_cook(recipe_id, cook_id) VALUES (43, 174);
INSERT INTO recipe_cook(recipe_id, cook_id) VALUES (43, 18);
INSERT INTO recipe_cook(recipe_id, cook_id) VALUES (43, 155);
INSERT INTO recipe_cook(recipe_id, cook_id) VALUES (43, 170);
INSERT INTO recipe_cook(recipe_id, cook_id) VALUES (43, 28);
INSERT INTO recipe_cook(recipe_id, cook_id) VALUES (43, 89);
INSERT INTO recipe_cook(recipe_id, cook_id) VALUES (43, 52);
INSERT INTO recipe_cook(recipe_id, cook_id) VALUES (43, 1);
INSERT INTO recipe_cook(recipe_id, cook_id) VALUES (43, 167);
INSERT INTO recipe_cook(recipe_id, cook_id) VALUES (43, 199);
INSERT INTO recipe_cook(recipe_id, cook_id) VALUES (43, 83);
INSERT INTO recipe_cook(recipe_id, cook_id) VALUES (43, 95);
INSERT INTO recipe_cook(recipe_id, cook_id) VALUES (43, 123);
INSERT INTO recipe_cook(recipe_id, cook_id) VALUES (43, 171);
INSERT INTO recipe_cook(recipe_id, cook_id) VALUES (43, 134);
INSERT INTO recipe_cook(recipe_id, cook_id) VALUES (43, 88);
INSERT INTO recipe_cook(recipe_id, cook_id) VALUES (43, 183);
INSERT INTO recipe_theme(recipe_id, theme_id) VALUES (43, 18);
INSERT INTO recipe_theme(recipe_id, theme_id) VALUES (43, 22);
INSERT INTO recipe_theme(recipe_id, theme_id) VALUES (43, 13);
INSERT INTO recipe_tip(recipe_id, tip_id) VALUES (43, 31);
INSERT INTO recipe_tip(recipe_id, tip_id) VALUES (43, 9);
INSERT INTO recipe_tip(recipe_id, tip_id) VALUES (43, 4);

INSERT INTO recipe(baking, cuisine_id, difficulty, title, recipe_description, prep_time, cook_time, portions, fat_portion, protein_portion, carbo_portion, picture, picture_description) VALUES(1, 8, 3,'Chicken Pad Thai', 'Enjoy everyone at. The TV executive other whole federal. Hand air bill my throw about hard financial. Pressure fear season box hundred size. Should always through guy.', 45, 10, 2, 55, 5,35, 'https://picsum.photos/190/385', 'Big trip thought list current million.');
INSERT INTO recipe_meal_type(recipe_id, meal_type_id) VALUES (44, 5);
INSERT INTO recipe_tag(recipe_id, tag_id) VALUES (44, 73);
INSERT INTO recipe_tag(recipe_id, tag_id) VALUES (44, 43);
INSERT INTO recipe_tag(recipe_id, tag_id) VALUES (44, 23);
INSERT INTO recipe_equipment(recipe_id, equipment_id, num) VALUES (44, 11, 2);
INSERT INTO recipe_equipment(recipe_id, equipment_id, num) VALUES (44, 2, 1);
INSERT INTO recipe_equipment(recipe_id, equipment_id, num) VALUES (44, 7, 1);
INSERT INTO recipe_equipment(recipe_id, equipment_id, num) VALUES (44, 12, 2);
INSERT INTO recipe_equipment(recipe_id, equipment_id, num) VALUES (44, 18, 1);
INSERT INTO recipe_equipment(recipe_id, equipment_id, num) VALUES (44, 10, 2);
INSERT INTO recipe_cook(recipe_id, cook_id) VALUES (44, 35);
INSERT INTO recipe_cook(recipe_id, cook_id) VALUES (44, 24);
INSERT INTO recipe_cook(recipe_id, cook_id) VALUES (44, 116);
INSERT INTO recipe_cook(recipe_id, cook_id) VALUES (44, 59);
INSERT INTO recipe_cook(recipe_id, cook_id) VALUES (44, 184);
INSERT INTO recipe_cook(recipe_id, cook_id) VALUES (44, 185);
INSERT INTO recipe_cook(recipe_id, cook_id) VALUES (44, 187);
INSERT INTO recipe_cook(recipe_id, cook_id) VALUES (44, 109);
INSERT INTO recipe_cook(recipe_id, cook_id) VALUES (44, 27);
INSERT INTO recipe_cook(recipe_id, cook_id) VALUES (44, 1);
INSERT INTO recipe_cook(recipe_id, cook_id) VALUES (44, 19);
INSERT INTO recipe_cook(recipe_id, cook_id) VALUES (44, 85);
INSERT INTO recipe_cook(recipe_id, cook_id) VALUES (44, 88);
INSERT INTO recipe_cook(recipe_id, cook_id) VALUES (44, 76);
INSERT INTO recipe_cook(recipe_id, cook_id) VALUES (44, 51);
INSERT INTO recipe_cook(recipe_id, cook_id) VALUES (44, 102);
INSERT INTO recipe_cook(recipe_id, cook_id) VALUES (44, 137);
INSERT INTO recipe_cook(recipe_id, cook_id) VALUES (44, 29);
INSERT INTO recipe_cook(recipe_id, cook_id) VALUES (44, 14);
INSERT INTO recipe_cook(recipe_id, cook_id) VALUES (44, 100);
INSERT INTO recipe_cook(recipe_id, cook_id) VALUES (44, 83);
INSERT INTO recipe_cook(recipe_id, cook_id) VALUES (44, 38);
INSERT INTO recipe_cook(recipe_id, cook_id) VALUES (44, 194);
INSERT INTO recipe_cook(recipe_id, cook_id) VALUES (44, 4);
INSERT INTO recipe_cook(recipe_id, cook_id) VALUES (44, 176);
INSERT INTO recipe_cook(recipe_id, cook_id) VALUES (44, 175);
INSERT INTO recipe_cook(recipe_id, cook_id) VALUES (44, 157);
INSERT INTO recipe_cook(recipe_id, cook_id) VALUES (44, 125);
INSERT INTO recipe_cook(recipe_id, cook_id) VALUES (44, 25);
INSERT INTO recipe_cook(recipe_id, cook_id) VALUES (44, 2);
INSERT INTO recipe_cook(recipe_id, cook_id) VALUES (44, 50);
INSERT INTO recipe_cook(recipe_id, cook_id) VALUES (44, 10);
INSERT INTO recipe_cook(recipe_id, cook_id) VALUES (44, 136);
INSERT INTO recipe_cook(recipe_id, cook_id) VALUES (44, 183);
INSERT INTO recipe_cook(recipe_id, cook_id) VALUES (44, 166);
INSERT INTO recipe_cook(recipe_id, cook_id) VALUES (44, 119);
INSERT INTO recipe_cook(recipe_id, cook_id) VALUES (44, 174);
INSERT INTO recipe_cook(recipe_id, cook_id) VALUES (44, 39);
INSERT INTO recipe_cook(recipe_id, cook_id) VALUES (44, 165);
INSERT INTO recipe_cook(recipe_id, cook_id) VALUES (44, 68);
INSERT INTO recipe_cook(recipe_id, cook_id) VALUES (44, 42);
INSERT INTO recipe_cook(recipe_id, cook_id) VALUES (44, 191);
INSERT INTO recipe_cook(recipe_id, cook_id) VALUES (44, 45);
INSERT INTO recipe_cook(recipe_id, cook_id) VALUES (44, 193);
INSERT INTO recipe_cook(recipe_id, cook_id) VALUES (44, 43);
INSERT INTO recipe_cook(recipe_id, cook_id) VALUES (44, 75);
INSERT INTO recipe_cook(recipe_id, cook_id) VALUES (44, 61);
INSERT INTO recipe_cook(recipe_id, cook_id) VALUES (44, 155);
INSERT INTO recipe_cook(recipe_id, cook_id) VALUES (44, 22);
INSERT INTO recipe_cook(recipe_id, cook_id) VALUES (44, 3);
INSERT INTO recipe_cook(recipe_id, cook_id) VALUES (44, 9);
INSERT INTO recipe_cook(recipe_id, cook_id) VALUES (44, 21);
INSERT INTO recipe_cook(recipe_id, cook_id) VALUES (44, 149);
INSERT INTO recipe_cook(recipe_id, cook_id) VALUES (44, 134);
INSERT INTO recipe_cook(recipe_id, cook_id) VALUES (44, 169);
INSERT INTO recipe_cook(recipe_id, cook_id) VALUES (44, 192);
INSERT INTO recipe_cook(recipe_id, cook_id) VALUES (44, 178);
INSERT INTO recipe_cook(recipe_id, cook_id) VALUES (44, 26);
INSERT INTO recipe_cook(recipe_id, cook_id) VALUES (44, 32);
INSERT INTO recipe_cook(recipe_id, cook_id) VALUES (44, 84);
INSERT INTO recipe_cook(recipe_id, cook_id) VALUES (44, 186);
INSERT INTO recipe_cook(recipe_id, cook_id) VALUES (44, 90);
INSERT INTO recipe_cook(recipe_id, cook_id) VALUES (44, 93);
INSERT INTO recipe_cook(recipe_id, cook_id) VALUES (44, 171);
INSERT INTO recipe_cook(recipe_id, cook_id) VALUES (44, 92);
INSERT INTO recipe_cook(recipe_id, cook_id) VALUES (44, 200);
INSERT INTO recipe_cook(recipe_id, cook_id) VALUES (44, 95);
INSERT INTO recipe_cook(recipe_id, cook_id) VALUES (44, 80);
INSERT INTO recipe_cook(recipe_id, cook_id) VALUES (44, 114);
INSERT INTO recipe_cook(recipe_id, cook_id) VALUES (44, 30);
INSERT INTO recipe_cook(recipe_id, cook_id) VALUES (44, 113);
INSERT INTO recipe_cook(recipe_id, cook_id) VALUES (44, 106);
INSERT INTO recipe_cook(recipe_id, cook_id) VALUES (44, 199);
INSERT INTO recipe_cook(recipe_id, cook_id) VALUES (44, 145);
INSERT INTO recipe_cook(recipe_id, cook_id) VALUES (44, 108);
INSERT INTO recipe_cook(recipe_id, cook_id) VALUES (44, 11);
INSERT INTO recipe_cook(recipe_id, cook_id) VALUES (44, 8);
INSERT INTO recipe_cook(recipe_id, cook_id) VALUES (44, 150);
INSERT INTO recipe_cook(recipe_id, cook_id) VALUES (44, 55);
INSERT INTO recipe_cook(recipe_id, cook_id) VALUES (44, 77);
INSERT INTO recipe_cook(recipe_id, cook_id) VALUES (44, 87);
INSERT INTO recipe_cook(recipe_id, cook_id) VALUES (44, 195);
INSERT INTO recipe_cook(recipe_id, cook_id) VALUES (44, 127);
INSERT INTO recipe_cook(recipe_id, cook_id) VALUES (44, 41);
INSERT INTO recipe_cook(recipe_id, cook_id) VALUES (44, 133);
INSERT INTO recipe_cook(recipe_id, cook_id) VALUES (44, 69);
INSERT INTO recipe_cook(recipe_id, cook_id) VALUES (44, 37);
INSERT INTO recipe_cook(recipe_id, cook_id) VALUES (44, 120);
INSERT INTO recipe_cook(recipe_id, cook_id) VALUES (44, 121);
INSERT INTO recipe_cook(recipe_id, cook_id) VALUES (44, 159);
INSERT INTO recipe_cook(recipe_id, cook_id) VALUES (44, 13);
INSERT INTO recipe_cook(recipe_id, cook_id) VALUES (44, 53);
INSERT INTO recipe_cook(recipe_id, cook_id) VALUES (44, 110);
INSERT INTO recipe_cook(recipe_id, cook_id) VALUES (44, 123);
INSERT INTO recipe_cook(recipe_id, cook_id) VALUES (44, 144);
INSERT INTO recipe_cook(recipe_id, cook_id) VALUES (44, 86);
INSERT INTO recipe_cook(recipe_id, cook_id) VALUES (44, 190);
INSERT INTO recipe_cook(recipe_id, cook_id) VALUES (44, 152);
INSERT INTO recipe_cook(recipe_id, cook_id) VALUES (44, 103);
INSERT INTO recipe_cook(recipe_id, cook_id) VALUES (44, 104);
INSERT INTO recipe_cook(recipe_id, cook_id) VALUES (44, 67);
INSERT INTO recipe_cook(recipe_id, cook_id) VALUES (44, 57);
INSERT INTO recipe_cook(recipe_id, cook_id) VALUES (44, 122);
INSERT INTO recipe_cook(recipe_id, cook_id) VALUES (44, 135);
INSERT INTO recipe_cook(recipe_id, cook_id) VALUES (44, 132);
INSERT INTO recipe_cook(recipe_id, cook_id) VALUES (44, 129);
INSERT INTO recipe_cook(recipe_id, cook_id) VALUES (44, 63);
INSERT INTO recipe_cook(recipe_id, cook_id) VALUES (44, 52);
INSERT INTO recipe_cook(recipe_id, cook_id) VALUES (44, 6);
INSERT INTO recipe_cook(recipe_id, cook_id) VALUES (44, 79);
INSERT INTO recipe_cook(recipe_id, cook_id) VALUES (44, 23);
INSERT INTO recipe_cook(recipe_id, cook_id) VALUES (44, 147);
INSERT INTO recipe_cook(recipe_id, cook_id) VALUES (44, 158);
INSERT INTO recipe_cook(recipe_id, cook_id) VALUES (44, 70);
INSERT INTO recipe_cook(recipe_id, cook_id) VALUES (44, 89);
INSERT INTO recipe_cook(recipe_id, cook_id) VALUES (44, 112);
INSERT INTO recipe_cook(recipe_id, cook_id) VALUES (44, 64);
INSERT INTO recipe_cook(recipe_id, cook_id) VALUES (44, 31);
INSERT INTO recipe_cook(recipe_id, cook_id) VALUES (44, 81);
INSERT INTO recipe_cook(recipe_id, cook_id) VALUES (44, 97);
INSERT INTO recipe_cook(recipe_id, cook_id) VALUES (44, 179);
INSERT INTO recipe_cook(recipe_id, cook_id) VALUES (44, 189);
INSERT INTO recipe_cook(recipe_id, cook_id) VALUES (44, 33);
INSERT INTO recipe_cook(recipe_id, cook_id) VALUES (44, 40);
INSERT INTO recipe_cook(recipe_id, cook_id) VALUES (44, 111);
INSERT INTO recipe_cook(recipe_id, cook_id) VALUES (44, 46);
INSERT INTO recipe_cook(recipe_id, cook_id) VALUES (44, 131);
INSERT INTO recipe_cook(recipe_id, cook_id) VALUES (44, 49);
INSERT INTO recipe_cook(recipe_id, cook_id) VALUES (44, 168);
INSERT INTO recipe_cook(recipe_id, cook_id) VALUES (44, 154);
INSERT INTO recipe_cook(recipe_id, cook_id) VALUES (44, 198);
INSERT INTO recipe_cook(recipe_id, cook_id) VALUES (44, 141);
INSERT INTO recipe_cook(recipe_id, cook_id) VALUES (44, 182);
INSERT INTO recipe_cook(recipe_id, cook_id) VALUES (44, 48);
INSERT INTO recipe_cook(recipe_id, cook_id) VALUES (44, 94);
INSERT INTO recipe_cook(recipe_id, cook_id) VALUES (44, 54);
INSERT INTO recipe_cook(recipe_id, cook_id) VALUES (44, 126);
INSERT INTO recipe_cook(recipe_id, cook_id) VALUES (44, 139);
INSERT INTO recipe_cook(recipe_id, cook_id) VALUES (44, 18);
INSERT INTO recipe_cook(recipe_id, cook_id) VALUES (44, 65);
INSERT INTO recipe_cook(recipe_id, cook_id) VALUES (44, 12);
INSERT INTO recipe_cook(recipe_id, cook_id) VALUES (44, 148);
INSERT INTO recipe_cook(recipe_id, cook_id) VALUES (44, 66);
INSERT INTO recipe_cook(recipe_id, cook_id) VALUES (44, 72);
INSERT INTO recipe_cook(recipe_id, cook_id) VALUES (44, 15);
INSERT INTO recipe_cook(recipe_id, cook_id) VALUES (44, 160);
INSERT INTO recipe_cook(recipe_id, cook_id) VALUES (44, 105);
INSERT INTO recipe_cook(recipe_id, cook_id) VALUES (44, 99);
INSERT INTO recipe_cook(recipe_id, cook_id) VALUES (44, 181);
INSERT INTO recipe_cook(recipe_id, cook_id) VALUES (44, 151);
INSERT INTO recipe_cook(recipe_id, cook_id) VALUES (44, 161);
INSERT INTO recipe_cook(recipe_id, cook_id) VALUES (44, 17);
INSERT INTO recipe_cook(recipe_id, cook_id) VALUES (44, 44);
INSERT INTO recipe_cook(recipe_id, cook_id) VALUES (44, 56);
INSERT INTO recipe_cook(recipe_id, cook_id) VALUES (44, 156);
INSERT INTO recipe_cook(recipe_id, cook_id) VALUES (44, 107);
INSERT INTO recipe_cook(recipe_id, cook_id) VALUES (44, 28);
INSERT INTO recipe_cook(recipe_id, cook_id) VALUES (44, 98);
INSERT INTO recipe_cook(recipe_id, cook_id) VALUES (44, 180);
INSERT INTO recipe_theme(recipe_id, theme_id) VALUES (44, 22);
INSERT INTO recipe_theme(recipe_id, theme_id) VALUES (44, 35);
INSERT INTO recipe_tip(recipe_id, tip_id) VALUES (44, 16);
INSERT INTO recipe_tip(recipe_id, tip_id) VALUES (44, 19);
INSERT INTO recipe_tip(recipe_id, tip_id) VALUES (44, 20);

INSERT INTO recipe(baking, cuisine_id, difficulty, title, recipe_description, prep_time, cook_time, portions, fat_portion, protein_portion, carbo_portion, picture, picture_description) VALUES(1, 30, 4,'Gumbo', 'Respond work within sort ball visit television. And early likely make. Event reach society gun serious real certain board. Red economic would military day tax player positive.', 75, 10, 1, 55, 5,80, 'https://placekitten.com/905/875', 'Husband official community positive doctor remember condition.');
INSERT INTO recipe_meal_type(recipe_id, meal_type_id) VALUES (45, 1);
INSERT INTO recipe_tag(recipe_id, tag_id) VALUES (45, 80);
INSERT INTO recipe_tag(recipe_id, tag_id) VALUES (45, 97);
INSERT INTO recipe_tag(recipe_id, tag_id) VALUES (45, 7);
INSERT INTO recipe_tag(recipe_id, tag_id) VALUES (45, 61);
INSERT INTO recipe_tag(recipe_id, tag_id) VALUES (45, 29);
INSERT INTO recipe_equipment(recipe_id, equipment_id, num) VALUES (45, 2, 4);
INSERT INTO recipe_equipment(recipe_id, equipment_id, num) VALUES (45, 5, 2);
INSERT INTO recipe_equipment(recipe_id, equipment_id, num) VALUES (45, 20, 3);
INSERT INTO recipe_cook(recipe_id, cook_id) VALUES (45, 145);
INSERT INTO recipe_cook(recipe_id, cook_id) VALUES (45, 174);
INSERT INTO recipe_cook(recipe_id, cook_id) VALUES (45, 41);
INSERT INTO recipe_cook(recipe_id, cook_id) VALUES (45, 158);
INSERT INTO recipe_cook(recipe_id, cook_id) VALUES (45, 93);
INSERT INTO recipe_cook(recipe_id, cook_id) VALUES (45, 86);
INSERT INTO recipe_cook(recipe_id, cook_id) VALUES (45, 187);
INSERT INTO recipe_cook(recipe_id, cook_id) VALUES (45, 24);
INSERT INTO recipe_cook(recipe_id, cook_id) VALUES (45, 38);
INSERT INTO recipe_cook(recipe_id, cook_id) VALUES (45, 8);
INSERT INTO recipe_cook(recipe_id, cook_id) VALUES (45, 111);
INSERT INTO recipe_cook(recipe_id, cook_id) VALUES (45, 112);
INSERT INTO recipe_cook(recipe_id, cook_id) VALUES (45, 141);
INSERT INTO recipe_cook(recipe_id, cook_id) VALUES (45, 175);
INSERT INTO recipe_cook(recipe_id, cook_id) VALUES (45, 20);
INSERT INTO recipe_cook(recipe_id, cook_id) VALUES (45, 181);
INSERT INTO recipe_cook(recipe_id, cook_id) VALUES (45, 87);
INSERT INTO recipe_cook(recipe_id, cook_id) VALUES (45, 70);
INSERT INTO recipe_cook(recipe_id, cook_id) VALUES (45, 42);
INSERT INTO recipe_cook(recipe_id, cook_id) VALUES (45, 134);
INSERT INTO recipe_cook(recipe_id, cook_id) VALUES (45, 157);
INSERT INTO recipe_cook(recipe_id, cook_id) VALUES (45, 19);
INSERT INTO recipe_cook(recipe_id, cook_id) VALUES (45, 50);
INSERT INTO recipe_cook(recipe_id, cook_id) VALUES (45, 183);
INSERT INTO recipe_cook(recipe_id, cook_id) VALUES (45, 23);
INSERT INTO recipe_cook(recipe_id, cook_id) VALUES (45, 105);
INSERT INTO recipe_cook(recipe_id, cook_id) VALUES (45, 29);
INSERT INTO recipe_cook(recipe_id, cook_id) VALUES (45, 198);
INSERT INTO recipe_cook(recipe_id, cook_id) VALUES (45, 164);
INSERT INTO recipe_cook(recipe_id, cook_id) VALUES (45, 85);
INSERT INTO recipe_cook(recipe_id, cook_id) VALUES (45, 146);
INSERT INTO recipe_cook(recipe_id, cook_id) VALUES (45, 103);
INSERT INTO recipe_cook(recipe_id, cook_id) VALUES (45, 110);
INSERT INTO recipe_cook(recipe_id, cook_id) VALUES (45, 18);
INSERT INTO recipe_cook(recipe_id, cook_id) VALUES (45, 22);
INSERT INTO recipe_cook(recipe_id, cook_id) VALUES (45, 54);
INSERT INTO recipe_cook(recipe_id, cook_id) VALUES (45, 43);
INSERT INTO recipe_cook(recipe_id, cook_id) VALUES (45, 143);
INSERT INTO recipe_cook(recipe_id, cook_id) VALUES (45, 90);
INSERT INTO recipe_cook(recipe_id, cook_id) VALUES (45, 84);
INSERT INTO recipe_cook(recipe_id, cook_id) VALUES (45, 194);
INSERT INTO recipe_cook(recipe_id, cook_id) VALUES (45, 193);
INSERT INTO recipe_cook(recipe_id, cook_id) VALUES (45, 119);
INSERT INTO recipe_cook(recipe_id, cook_id) VALUES (45, 64);
INSERT INTO recipe_cook(recipe_id, cook_id) VALUES (45, 148);
INSERT INTO recipe_cook(recipe_id, cook_id) VALUES (45, 147);
INSERT INTO recipe_cook(recipe_id, cook_id) VALUES (45, 144);
INSERT INTO recipe_cook(recipe_id, cook_id) VALUES (45, 44);
INSERT INTO recipe_cook(recipe_id, cook_id) VALUES (45, 135);
INSERT INTO recipe_cook(recipe_id, cook_id) VALUES (45, 76);
INSERT INTO recipe_cook(recipe_id, cook_id) VALUES (45, 37);
INSERT INTO recipe_cook(recipe_id, cook_id) VALUES (45, 140);
INSERT INTO recipe_cook(recipe_id, cook_id) VALUES (45, 125);
INSERT INTO recipe_cook(recipe_id, cook_id) VALUES (45, 123);
INSERT INTO recipe_cook(recipe_id, cook_id) VALUES (45, 16);
INSERT INTO recipe_cook(recipe_id, cook_id) VALUES (45, 3);
INSERT INTO recipe_cook(recipe_id, cook_id) VALUES (45, 120);
INSERT INTO recipe_cook(recipe_id, cook_id) VALUES (45, 178);
INSERT INTO recipe_cook(recipe_id, cook_id) VALUES (45, 65);
INSERT INTO recipe_cook(recipe_id, cook_id) VALUES (45, 167);
INSERT INTO recipe_cook(recipe_id, cook_id) VALUES (45, 171);
INSERT INTO recipe_cook(recipe_id, cook_id) VALUES (45, 31);
INSERT INTO recipe_cook(recipe_id, cook_id) VALUES (45, 88);
INSERT INTO recipe_cook(recipe_id, cook_id) VALUES (45, 100);
INSERT INTO recipe_cook(recipe_id, cook_id) VALUES (45, 162);
INSERT INTO recipe_cook(recipe_id, cook_id) VALUES (45, 35);
INSERT INTO recipe_cook(recipe_id, cook_id) VALUES (45, 91);
INSERT INTO recipe_cook(recipe_id, cook_id) VALUES (45, 92);
INSERT INTO recipe_cook(recipe_id, cook_id) VALUES (45, 17);
INSERT INTO recipe_cook(recipe_id, cook_id) VALUES (45, 69);
INSERT INTO recipe_cook(recipe_id, cook_id) VALUES (45, 196);
INSERT INTO recipe_cook(recipe_id, cook_id) VALUES (45, 127);
INSERT INTO recipe_cook(recipe_id, cook_id) VALUES (45, 166);
INSERT INTO recipe_cook(recipe_id, cook_id) VALUES (45, 15);
INSERT INTO recipe_cook(recipe_id, cook_id) VALUES (45, 138);
INSERT INTO recipe_cook(recipe_id, cook_id) VALUES (45, 163);
INSERT INTO recipe_cook(recipe_id, cook_id) VALUES (45, 5);
INSERT INTO recipe_cook(recipe_id, cook_id) VALUES (45, 9);
INSERT INTO recipe_cook(recipe_id, cook_id) VALUES (45, 197);
INSERT INTO recipe_cook(recipe_id, cook_id) VALUES (45, 66);
INSERT INTO recipe_cook(recipe_id, cook_id) VALUES (45, 77);
INSERT INTO recipe_cook(recipe_id, cook_id) VALUES (45, 180);
INSERT INTO recipe_cook(recipe_id, cook_id) VALUES (45, 61);
INSERT INTO recipe_cook(recipe_id, cook_id) VALUES (45, 1);
INSERT INTO recipe_cook(recipe_id, cook_id) VALUES (45, 75);
INSERT INTO recipe_cook(recipe_id, cook_id) VALUES (45, 96);
INSERT INTO recipe_cook(recipe_id, cook_id) VALUES (45, 177);
INSERT INTO recipe_cook(recipe_id, cook_id) VALUES (45, 101);
INSERT INTO recipe_cook(recipe_id, cook_id) VALUES (45, 139);
INSERT INTO recipe_cook(recipe_id, cook_id) VALUES (45, 81);
INSERT INTO recipe_cook(recipe_id, cook_id) VALUES (45, 28);
INSERT INTO recipe_cook(recipe_id, cook_id) VALUES (45, 40);
INSERT INTO recipe_cook(recipe_id, cook_id) VALUES (45, 94);
INSERT INTO recipe_cook(recipe_id, cook_id) VALUES (45, 89);
INSERT INTO recipe_cook(recipe_id, cook_id) VALUES (45, 142);
INSERT INTO recipe_cook(recipe_id, cook_id) VALUES (45, 30);
INSERT INTO recipe_cook(recipe_id, cook_id) VALUES (45, 172);
INSERT INTO recipe_cook(recipe_id, cook_id) VALUES (45, 63);
INSERT INTO recipe_cook(recipe_id, cook_id) VALUES (45, 136);
INSERT INTO recipe_theme(recipe_id, theme_id) VALUES (45, 24);
INSERT INTO recipe_theme(recipe_id, theme_id) VALUES (45, 14);
INSERT INTO recipe_theme(recipe_id, theme_id) VALUES (45, 9);
INSERT INTO recipe_tip(recipe_id, tip_id) VALUES (45, 26);
INSERT INTO recipe_tip(recipe_id, tip_id) VALUES (45, 4);
INSERT INTO recipe_tip(recipe_id, tip_id) VALUES (45, 37);

INSERT INTO recipe(baking, cuisine_id, difficulty, title, recipe_description, prep_time, cook_time, portions, fat_portion, protein_portion, carbo_portion, picture, picture_description) VALUES(1, 31, 5,'Vegetable Curry', 'Bar ten medical deal community six. Shoulder matter fight right road prepare population during. May with start hard.', 15, 120, 2, 45, 35,50, 'https://dummyimage.com/949x136', 'Notice team join evidence.');
INSERT INTO recipe_meal_type(recipe_id, meal_type_id) VALUES (46, 5);
INSERT INTO recipe_tag(recipe_id, tag_id) VALUES (46, 2);
INSERT INTO recipe_equipment(recipe_id, equipment_id, num) VALUES (46, 9, 1);
INSERT INTO recipe_equipment(recipe_id, equipment_id, num) VALUES (46, 13, 4);
INSERT INTO recipe_equipment(recipe_id, equipment_id, num) VALUES (46, 17, 2);
INSERT INTO recipe_cook(recipe_id, cook_id) VALUES (46, 190);
INSERT INTO recipe_cook(recipe_id, cook_id) VALUES (46, 146);
INSERT INTO recipe_cook(recipe_id, cook_id) VALUES (46, 192);
INSERT INTO recipe_cook(recipe_id, cook_id) VALUES (46, 67);
INSERT INTO recipe_cook(recipe_id, cook_id) VALUES (46, 172);
INSERT INTO recipe_cook(recipe_id, cook_id) VALUES (46, 107);
INSERT INTO recipe_cook(recipe_id, cook_id) VALUES (46, 195);
INSERT INTO recipe_cook(recipe_id, cook_id) VALUES (46, 13);
INSERT INTO recipe_cook(recipe_id, cook_id) VALUES (46, 134);
INSERT INTO recipe_cook(recipe_id, cook_id) VALUES (46, 94);
INSERT INTO recipe_cook(recipe_id, cook_id) VALUES (46, 133);
INSERT INTO recipe_cook(recipe_id, cook_id) VALUES (46, 135);
INSERT INTO recipe_cook(recipe_id, cook_id) VALUES (46, 165);
INSERT INTO recipe_cook(recipe_id, cook_id) VALUES (46, 186);
INSERT INTO recipe_cook(recipe_id, cook_id) VALUES (46, 15);
INSERT INTO recipe_cook(recipe_id, cook_id) VALUES (46, 12);
INSERT INTO recipe_cook(recipe_id, cook_id) VALUES (46, 127);
INSERT INTO recipe_cook(recipe_id, cook_id) VALUES (46, 20);
INSERT INTO recipe_cook(recipe_id, cook_id) VALUES (46, 164);
INSERT INTO recipe_cook(recipe_id, cook_id) VALUES (46, 168);
INSERT INTO recipe_cook(recipe_id, cook_id) VALUES (46, 102);
INSERT INTO recipe_cook(recipe_id, cook_id) VALUES (46, 18);
INSERT INTO recipe_cook(recipe_id, cook_id) VALUES (46, 50);
INSERT INTO recipe_cook(recipe_id, cook_id) VALUES (46, 175);
INSERT INTO recipe_cook(recipe_id, cook_id) VALUES (46, 52);
INSERT INTO recipe_cook(recipe_id, cook_id) VALUES (46, 136);
INSERT INTO recipe_cook(recipe_id, cook_id) VALUES (46, 60);
INSERT INTO recipe_cook(recipe_id, cook_id) VALUES (46, 143);
INSERT INTO recipe_cook(recipe_id, cook_id) VALUES (46, 33);
INSERT INTO recipe_cook(recipe_id, cook_id) VALUES (46, 103);
INSERT INTO recipe_cook(recipe_id, cook_id) VALUES (46, 95);
INSERT INTO recipe_cook(recipe_id, cook_id) VALUES (46, 62);
INSERT INTO recipe_cook(recipe_id, cook_id) VALUES (46, 117);
INSERT INTO recipe_cook(recipe_id, cook_id) VALUES (46, 187);
INSERT INTO recipe_cook(recipe_id, cook_id) VALUES (46, 16);
INSERT INTO recipe_cook(recipe_id, cook_id) VALUES (46, 7);
INSERT INTO recipe_cook(recipe_id, cook_id) VALUES (46, 193);
INSERT INTO recipe_cook(recipe_id, cook_id) VALUES (46, 105);
INSERT INTO recipe_cook(recipe_id, cook_id) VALUES (46, 197);
INSERT INTO recipe_cook(recipe_id, cook_id) VALUES (46, 47);
INSERT INTO recipe_cook(recipe_id, cook_id) VALUES (46, 59);
INSERT INTO recipe_cook(recipe_id, cook_id) VALUES (46, 156);
INSERT INTO recipe_cook(recipe_id, cook_id) VALUES (46, 43);
INSERT INTO recipe_cook(recipe_id, cook_id) VALUES (46, 199);
INSERT INTO recipe_cook(recipe_id, cook_id) VALUES (46, 73);
INSERT INTO recipe_cook(recipe_id, cook_id) VALUES (46, 71);
INSERT INTO recipe_cook(recipe_id, cook_id) VALUES (46, 77);
INSERT INTO recipe_cook(recipe_id, cook_id) VALUES (46, 30);
INSERT INTO recipe_cook(recipe_id, cook_id) VALUES (46, 191);
INSERT INTO recipe_cook(recipe_id, cook_id) VALUES (46, 41);
INSERT INTO recipe_cook(recipe_id, cook_id) VALUES (46, 17);
INSERT INTO recipe_cook(recipe_id, cook_id) VALUES (46, 86);
INSERT INTO recipe_cook(recipe_id, cook_id) VALUES (46, 128);
INSERT INTO recipe_cook(recipe_id, cook_id) VALUES (46, 148);
INSERT INTO recipe_cook(recipe_id, cook_id) VALUES (46, 100);
INSERT INTO recipe_cook(recipe_id, cook_id) VALUES (46, 68);
INSERT INTO recipe_cook(recipe_id, cook_id) VALUES (46, 167);
INSERT INTO recipe_cook(recipe_id, cook_id) VALUES (46, 178);
INSERT INTO recipe_cook(recipe_id, cook_id) VALUES (46, 28);
INSERT INTO recipe_cook(recipe_id, cook_id) VALUES (46, 110);
INSERT INTO recipe_cook(recipe_id, cook_id) VALUES (46, 113);
INSERT INTO recipe_cook(recipe_id, cook_id) VALUES (46, 24);
INSERT INTO recipe_cook(recipe_id, cook_id) VALUES (46, 57);
INSERT INTO recipe_cook(recipe_id, cook_id) VALUES (46, 90);
INSERT INTO recipe_cook(recipe_id, cook_id) VALUES (46, 64);
INSERT INTO recipe_cook(recipe_id, cook_id) VALUES (46, 132);
INSERT INTO recipe_cook(recipe_id, cook_id) VALUES (46, 8);
INSERT INTO recipe_cook(recipe_id, cook_id) VALUES (46, 35);
INSERT INTO recipe_cook(recipe_id, cook_id) VALUES (46, 63);
INSERT INTO recipe_cook(recipe_id, cook_id) VALUES (46, 141);
INSERT INTO recipe_cook(recipe_id, cook_id) VALUES (46, 27);
INSERT INTO recipe_cook(recipe_id, cook_id) VALUES (46, 149);
INSERT INTO recipe_cook(recipe_id, cook_id) VALUES (46, 21);
INSERT INTO recipe_cook(recipe_id, cook_id) VALUES (46, 61);
INSERT INTO recipe_cook(recipe_id, cook_id) VALUES (46, 151);
INSERT INTO recipe_cook(recipe_id, cook_id) VALUES (46, 180);
INSERT INTO recipe_cook(recipe_id, cook_id) VALUES (46, 124);
INSERT INTO recipe_cook(recipe_id, cook_id) VALUES (46, 75);
INSERT INTO recipe_cook(recipe_id, cook_id) VALUES (46, 122);
INSERT INTO recipe_cook(recipe_id, cook_id) VALUES (46, 189);
INSERT INTO recipe_cook(recipe_id, cook_id) VALUES (46, 49);
INSERT INTO recipe_cook(recipe_id, cook_id) VALUES (46, 120);
INSERT INTO recipe_cook(recipe_id, cook_id) VALUES (46, 182);
INSERT INTO recipe_cook(recipe_id, cook_id) VALUES (46, 170);
INSERT INTO recipe_cook(recipe_id, cook_id) VALUES (46, 129);
INSERT INTO recipe_cook(recipe_id, cook_id) VALUES (46, 161);
INSERT INTO recipe_cook(recipe_id, cook_id) VALUES (46, 163);
INSERT INTO recipe_cook(recipe_id, cook_id) VALUES (46, 155);
INSERT INTO recipe_cook(recipe_id, cook_id) VALUES (46, 4);
INSERT INTO recipe_cook(recipe_id, cook_id) VALUES (46, 184);
INSERT INTO recipe_theme(recipe_id, theme_id) VALUES (46, 7);
INSERT INTO recipe_tip(recipe_id, tip_id) VALUES (46, 4);

INSERT INTO recipe(baking, cuisine_id, difficulty, title, recipe_description, prep_time, cook_time, portions, fat_portion, protein_portion, carbo_portion, picture, picture_description) VALUES(1, 29, 5,'Spinach and Feta Quiche', 'Mean past degree still. Bank son provide serve military he bar. Anyone team detail society evidence information fact. Right number three ago tough difference police movement.', 35, 100, 1, 45, 45,25, 'https://dummyimage.com/910x51', 'Remember wind you.');
INSERT INTO recipe_meal_type(recipe_id, meal_type_id) VALUES (47, 2);
INSERT INTO recipe_tag(recipe_id, tag_id) VALUES (47, 36);
INSERT INTO recipe_tag(recipe_id, tag_id) VALUES (47, 80);
INSERT INTO recipe_tag(recipe_id, tag_id) VALUES (47, 15);
INSERT INTO recipe_tag(recipe_id, tag_id) VALUES (47, 75);
INSERT INTO recipe_equipment(recipe_id, equipment_id, num) VALUES (47, 16, 4);
INSERT INTO recipe_equipment(recipe_id, equipment_id, num) VALUES (47, 4, 3);
INSERT INTO recipe_equipment(recipe_id, equipment_id, num) VALUES (47, 17, 1);
INSERT INTO recipe_cook(recipe_id, cook_id) VALUES (47, 157);
INSERT INTO recipe_cook(recipe_id, cook_id) VALUES (47, 141);
INSERT INTO recipe_cook(recipe_id, cook_id) VALUES (47, 188);
INSERT INTO recipe_cook(recipe_id, cook_id) VALUES (47, 2);
INSERT INTO recipe_cook(recipe_id, cook_id) VALUES (47, 118);
INSERT INTO recipe_cook(recipe_id, cook_id) VALUES (47, 86);
INSERT INTO recipe_cook(recipe_id, cook_id) VALUES (47, 10);
INSERT INTO recipe_cook(recipe_id, cook_id) VALUES (47, 166);
INSERT INTO recipe_cook(recipe_id, cook_id) VALUES (47, 66);
INSERT INTO recipe_cook(recipe_id, cook_id) VALUES (47, 31);
INSERT INTO recipe_cook(recipe_id, cook_id) VALUES (47, 69);
INSERT INTO recipe_cook(recipe_id, cook_id) VALUES (47, 11);
INSERT INTO recipe_cook(recipe_id, cook_id) VALUES (47, 50);
INSERT INTO recipe_cook(recipe_id, cook_id) VALUES (47, 135);
INSERT INTO recipe_cook(recipe_id, cook_id) VALUES (47, 177);
INSERT INTO recipe_cook(recipe_id, cook_id) VALUES (47, 29);
INSERT INTO recipe_cook(recipe_id, cook_id) VALUES (47, 34);
INSERT INTO recipe_cook(recipe_id, cook_id) VALUES (47, 12);
INSERT INTO recipe_cook(recipe_id, cook_id) VALUES (47, 43);
INSERT INTO recipe_cook(recipe_id, cook_id) VALUES (47, 153);
INSERT INTO recipe_cook(recipe_id, cook_id) VALUES (47, 103);
INSERT INTO recipe_cook(recipe_id, cook_id) VALUES (47, 163);
INSERT INTO recipe_cook(recipe_id, cook_id) VALUES (47, 125);
INSERT INTO recipe_cook(recipe_id, cook_id) VALUES (47, 140);
INSERT INTO recipe_cook(recipe_id, cook_id) VALUES (47, 134);
INSERT INTO recipe_cook(recipe_id, cook_id) VALUES (47, 91);
INSERT INTO recipe_cook(recipe_id, cook_id) VALUES (47, 54);
INSERT INTO recipe_cook(recipe_id, cook_id) VALUES (47, 56);
INSERT INTO recipe_cook(recipe_id, cook_id) VALUES (47, 39);
INSERT INTO recipe_cook(recipe_id, cook_id) VALUES (47, 60);
INSERT INTO recipe_cook(recipe_id, cook_id) VALUES (47, 116);
INSERT INTO recipe_cook(recipe_id, cook_id) VALUES (47, 30);
INSERT INTO recipe_cook(recipe_id, cook_id) VALUES (47, 78);
INSERT INTO recipe_cook(recipe_id, cook_id) VALUES (47, 42);
INSERT INTO recipe_cook(recipe_id, cook_id) VALUES (47, 57);
INSERT INTO recipe_cook(recipe_id, cook_id) VALUES (47, 67);
INSERT INTO recipe_cook(recipe_id, cook_id) VALUES (47, 41);
INSERT INTO recipe_cook(recipe_id, cook_id) VALUES (47, 160);
INSERT INTO recipe_cook(recipe_id, cook_id) VALUES (47, 127);
INSERT INTO recipe_cook(recipe_id, cook_id) VALUES (47, 184);
INSERT INTO recipe_cook(recipe_id, cook_id) VALUES (47, 51);
INSERT INTO recipe_cook(recipe_id, cook_id) VALUES (47, 48);
INSERT INTO recipe_cook(recipe_id, cook_id) VALUES (47, 162);
INSERT INTO recipe_cook(recipe_id, cook_id) VALUES (47, 155);
INSERT INTO recipe_cook(recipe_id, cook_id) VALUES (47, 44);
INSERT INTO recipe_cook(recipe_id, cook_id) VALUES (47, 191);
INSERT INTO recipe_cook(recipe_id, cook_id) VALUES (47, 174);
INSERT INTO recipe_cook(recipe_id, cook_id) VALUES (47, 96);
INSERT INTO recipe_cook(recipe_id, cook_id) VALUES (47, 95);
INSERT INTO recipe_cook(recipe_id, cook_id) VALUES (47, 9);
INSERT INTO recipe_cook(recipe_id, cook_id) VALUES (47, 164);
INSERT INTO recipe_cook(recipe_id, cook_id) VALUES (47, 25);
INSERT INTO recipe_cook(recipe_id, cook_id) VALUES (47, 26);
INSERT INTO recipe_cook(recipe_id, cook_id) VALUES (47, 143);
INSERT INTO recipe_cook(recipe_id, cook_id) VALUES (47, 180);
INSERT INTO recipe_cook(recipe_id, cook_id) VALUES (47, 195);
INSERT INTO recipe_cook(recipe_id, cook_id) VALUES (47, 128);
INSERT INTO recipe_cook(recipe_id, cook_id) VALUES (47, 149);
INSERT INTO recipe_cook(recipe_id, cook_id) VALUES (47, 197);
INSERT INTO recipe_cook(recipe_id, cook_id) VALUES (47, 83);
INSERT INTO recipe_cook(recipe_id, cook_id) VALUES (47, 81);
INSERT INTO recipe_cook(recipe_id, cook_id) VALUES (47, 179);
INSERT INTO recipe_cook(recipe_id, cook_id) VALUES (47, 187);
INSERT INTO recipe_cook(recipe_id, cook_id) VALUES (47, 75);
INSERT INTO recipe_cook(recipe_id, cook_id) VALUES (47, 172);
INSERT INTO recipe_cook(recipe_id, cook_id) VALUES (47, 20);
INSERT INTO recipe_cook(recipe_id, cook_id) VALUES (47, 158);
INSERT INTO recipe_cook(recipe_id, cook_id) VALUES (47, 126);
INSERT INTO recipe_cook(recipe_id, cook_id) VALUES (47, 40);
INSERT INTO recipe_cook(recipe_id, cook_id) VALUES (47, 52);
INSERT INTO recipe_cook(recipe_id, cook_id) VALUES (47, 7);
INSERT INTO recipe_cook(recipe_id, cook_id) VALUES (47, 178);
INSERT INTO recipe_cook(recipe_id, cook_id) VALUES (47, 15);
INSERT INTO recipe_cook(recipe_id, cook_id) VALUES (47, 122);
INSERT INTO recipe_cook(recipe_id, cook_id) VALUES (47, 105);
INSERT INTO recipe_cook(recipe_id, cook_id) VALUES (47, 192);
INSERT INTO recipe_cook(recipe_id, cook_id) VALUES (47, 120);
INSERT INTO recipe_cook(recipe_id, cook_id) VALUES (47, 130);
INSERT INTO recipe_cook(recipe_id, cook_id) VALUES (47, 47);
INSERT INTO recipe_cook(recipe_id, cook_id) VALUES (47, 8);
INSERT INTO recipe_cook(recipe_id, cook_id) VALUES (47, 77);
INSERT INTO recipe_cook(recipe_id, cook_id) VALUES (47, 4);
INSERT INTO recipe_cook(recipe_id, cook_id) VALUES (47, 198);
INSERT INTO recipe_cook(recipe_id, cook_id) VALUES (47, 65);
INSERT INTO recipe_cook(recipe_id, cook_id) VALUES (47, 13);
INSERT INTO recipe_cook(recipe_id, cook_id) VALUES (47, 55);
INSERT INTO recipe_cook(recipe_id, cook_id) VALUES (47, 189);
INSERT INTO recipe_cook(recipe_id, cook_id) VALUES (47, 173);
INSERT INTO recipe_cook(recipe_id, cook_id) VALUES (47, 138);
INSERT INTO recipe_cook(recipe_id, cook_id) VALUES (47, 17);
INSERT INTO recipe_cook(recipe_id, cook_id) VALUES (47, 171);
INSERT INTO recipe_cook(recipe_id, cook_id) VALUES (47, 70);
INSERT INTO recipe_cook(recipe_id, cook_id) VALUES (47, 193);
INSERT INTO recipe_cook(recipe_id, cook_id) VALUES (47, 6);
INSERT INTO recipe_cook(recipe_id, cook_id) VALUES (47, 89);
INSERT INTO recipe_cook(recipe_id, cook_id) VALUES (47, 119);
INSERT INTO recipe_cook(recipe_id, cook_id) VALUES (47, 186);
INSERT INTO recipe_cook(recipe_id, cook_id) VALUES (47, 100);
INSERT INTO recipe_cook(recipe_id, cook_id) VALUES (47, 98);
INSERT INTO recipe_cook(recipe_id, cook_id) VALUES (47, 185);
INSERT INTO recipe_cook(recipe_id, cook_id) VALUES (47, 27);
INSERT INTO recipe_cook(recipe_id, cook_id) VALUES (47, 106);
INSERT INTO recipe_cook(recipe_id, cook_id) VALUES (47, 190);
INSERT INTO recipe_cook(recipe_id, cook_id) VALUES (47, 104);
INSERT INTO recipe_cook(recipe_id, cook_id) VALUES (47, 167);
INSERT INTO recipe_cook(recipe_id, cook_id) VALUES (47, 64);
INSERT INTO recipe_cook(recipe_id, cook_id) VALUES (47, 45);
INSERT INTO recipe_cook(recipe_id, cook_id) VALUES (47, 123);
INSERT INTO recipe_cook(recipe_id, cook_id) VALUES (47, 1);
INSERT INTO recipe_cook(recipe_id, cook_id) VALUES (47, 129);
INSERT INTO recipe_cook(recipe_id, cook_id) VALUES (47, 182);
INSERT INTO recipe_cook(recipe_id, cook_id) VALUES (47, 28);
INSERT INTO recipe_cook(recipe_id, cook_id) VALUES (47, 68);
INSERT INTO recipe_cook(recipe_id, cook_id) VALUES (47, 87);
INSERT INTO recipe_cook(recipe_id, cook_id) VALUES (47, 18);
INSERT INTO recipe_cook(recipe_id, cook_id) VALUES (47, 82);
INSERT INTO recipe_cook(recipe_id, cook_id) VALUES (47, 175);
INSERT INTO recipe_cook(recipe_id, cook_id) VALUES (47, 49);
INSERT INTO recipe_cook(recipe_id, cook_id) VALUES (47, 71);
INSERT INTO recipe_cook(recipe_id, cook_id) VALUES (47, 21);
INSERT INTO recipe_cook(recipe_id, cook_id) VALUES (47, 115);
INSERT INTO recipe_cook(recipe_id, cook_id) VALUES (47, 24);
INSERT INTO recipe_cook(recipe_id, cook_id) VALUES (47, 22);
INSERT INTO recipe_cook(recipe_id, cook_id) VALUES (47, 199);
INSERT INTO recipe_cook(recipe_id, cook_id) VALUES (47, 90);
INSERT INTO recipe_cook(recipe_id, cook_id) VALUES (47, 63);
INSERT INTO recipe_cook(recipe_id, cook_id) VALUES (47, 23);
INSERT INTO recipe_cook(recipe_id, cook_id) VALUES (47, 165);
INSERT INTO recipe_cook(recipe_id, cook_id) VALUES (47, 176);
INSERT INTO recipe_cook(recipe_id, cook_id) VALUES (47, 181);
INSERT INTO recipe_cook(recipe_id, cook_id) VALUES (47, 62);
INSERT INTO recipe_cook(recipe_id, cook_id) VALUES (47, 94);
INSERT INTO recipe_cook(recipe_id, cook_id) VALUES (47, 101);
INSERT INTO recipe_cook(recipe_id, cook_id) VALUES (47, 33);
INSERT INTO recipe_cook(recipe_id, cook_id) VALUES (47, 152);
INSERT INTO recipe_cook(recipe_id, cook_id) VALUES (47, 73);
INSERT INTO recipe_cook(recipe_id, cook_id) VALUES (47, 170);
INSERT INTO recipe_cook(recipe_id, cook_id) VALUES (47, 200);
INSERT INTO recipe_cook(recipe_id, cook_id) VALUES (47, 61);
INSERT INTO recipe_cook(recipe_id, cook_id) VALUES (47, 154);
INSERT INTO recipe_cook(recipe_id, cook_id) VALUES (47, 32);
INSERT INTO recipe_cook(recipe_id, cook_id) VALUES (47, 112);
INSERT INTO recipe_cook(recipe_id, cook_id) VALUES (47, 124);
INSERT INTO recipe_cook(recipe_id, cook_id) VALUES (47, 147);
INSERT INTO recipe_cook(recipe_id, cook_id) VALUES (47, 84);
INSERT INTO recipe_cook(recipe_id, cook_id) VALUES (47, 92);
INSERT INTO recipe_cook(recipe_id, cook_id) VALUES (47, 58);
INSERT INTO recipe_cook(recipe_id, cook_id) VALUES (47, 196);
INSERT INTO recipe_cook(recipe_id, cook_id) VALUES (47, 74);
INSERT INTO recipe_cook(recipe_id, cook_id) VALUES (47, 108);
INSERT INTO recipe_cook(recipe_id, cook_id) VALUES (47, 114);
INSERT INTO recipe_cook(recipe_id, cook_id) VALUES (47, 109);
INSERT INTO recipe_cook(recipe_id, cook_id) VALUES (47, 133);
INSERT INTO recipe_cook(recipe_id, cook_id) VALUES (47, 161);
INSERT INTO recipe_cook(recipe_id, cook_id) VALUES (47, 131);
INSERT INTO recipe_cook(recipe_id, cook_id) VALUES (47, 168);
INSERT INTO recipe_cook(recipe_id, cook_id) VALUES (47, 111);
INSERT INTO recipe_cook(recipe_id, cook_id) VALUES (47, 121);
INSERT INTO recipe_cook(recipe_id, cook_id) VALUES (47, 36);
INSERT INTO recipe_cook(recipe_id, cook_id) VALUES (47, 79);
INSERT INTO recipe_cook(recipe_id, cook_id) VALUES (47, 137);
INSERT INTO recipe_cook(recipe_id, cook_id) VALUES (47, 139);
INSERT INTO recipe_cook(recipe_id, cook_id) VALUES (47, 169);
INSERT INTO recipe_cook(recipe_id, cook_id) VALUES (47, 146);
INSERT INTO recipe_cook(recipe_id, cook_id) VALUES (47, 37);
INSERT INTO recipe_cook(recipe_id, cook_id) VALUES (47, 156);
INSERT INTO recipe_cook(recipe_id, cook_id) VALUES (47, 72);
INSERT INTO recipe_cook(recipe_id, cook_id) VALUES (47, 53);
INSERT INTO recipe_cook(recipe_id, cook_id) VALUES (47, 99);
INSERT INTO recipe_cook(recipe_id, cook_id) VALUES (47, 93);
INSERT INTO recipe_cook(recipe_id, cook_id) VALUES (47, 144);
INSERT INTO recipe_cook(recipe_id, cook_id) VALUES (47, 102);
INSERT INTO recipe_cook(recipe_id, cook_id) VALUES (47, 136);
INSERT INTO recipe_cook(recipe_id, cook_id) VALUES (47, 46);
INSERT INTO recipe_cook(recipe_id, cook_id) VALUES (47, 80);
INSERT INTO recipe_cook(recipe_id, cook_id) VALUES (47, 38);
INSERT INTO recipe_cook(recipe_id, cook_id) VALUES (47, 117);
INSERT INTO recipe_cook(recipe_id, cook_id) VALUES (47, 85);
INSERT INTO recipe_cook(recipe_id, cook_id) VALUES (47, 151);
INSERT INTO recipe_cook(recipe_id, cook_id) VALUES (47, 97);
INSERT INTO recipe_cook(recipe_id, cook_id) VALUES (47, 59);
INSERT INTO recipe_cook(recipe_id, cook_id) VALUES (47, 35);
INSERT INTO recipe_cook(recipe_id, cook_id) VALUES (47, 183);
INSERT INTO recipe_cook(recipe_id, cook_id) VALUES (47, 5);
INSERT INTO recipe_cook(recipe_id, cook_id) VALUES (47, 142);
INSERT INTO recipe_cook(recipe_id, cook_id) VALUES (47, 110);
INSERT INTO recipe_cook(recipe_id, cook_id) VALUES (47, 107);
INSERT INTO recipe_cook(recipe_id, cook_id) VALUES (47, 88);
INSERT INTO recipe_cook(recipe_id, cook_id) VALUES (47, 145);
INSERT INTO recipe_cook(recipe_id, cook_id) VALUES (47, 148);
INSERT INTO recipe_cook(recipe_id, cook_id) VALUES (47, 16);
INSERT INTO recipe_cook(recipe_id, cook_id) VALUES (47, 132);
INSERT INTO recipe_cook(recipe_id, cook_id) VALUES (47, 76);
INSERT INTO recipe_cook(recipe_id, cook_id) VALUES (47, 159);
INSERT INTO recipe_cook(recipe_id, cook_id) VALUES (47, 19);
INSERT INTO recipe_cook(recipe_id, cook_id) VALUES (47, 3);
INSERT INTO recipe_cook(recipe_id, cook_id) VALUES (47, 194);
INSERT INTO recipe_cook(recipe_id, cook_id) VALUES (47, 113);
INSERT INTO recipe_cook(recipe_id, cook_id) VALUES (47, 150);
INSERT INTO recipe_cook(recipe_id, cook_id) VALUES (47, 14);
INSERT INTO recipe_theme(recipe_id, theme_id) VALUES (47, 38);
INSERT INTO recipe_tip(recipe_id, tip_id) VALUES (47, 14);
INSERT INTO recipe_tip(recipe_id, tip_id) VALUES (47, 6);
INSERT INTO recipe_tip(recipe_id, tip_id) VALUES (47, 12);

INSERT INTO recipe(baking, cuisine_id, difficulty, title, recipe_description, prep_time, cook_time, portions, fat_portion, protein_portion, carbo_portion, picture, picture_description) VALUES(1, 26, 2,'Minestrone Soup', 'Identify future meeting benefit sure color. Still recently wide wife full. This red week morning. Seat soldier focus nice very majority almost technology.', 115, 10, 4, 15, 5,20, 'https://dummyimage.com/929x714', 'Scene begin who sense there.');
INSERT INTO recipe_meal_type(recipe_id, meal_type_id) VALUES (48, 1);
INSERT INTO recipe_tag(recipe_id, tag_id) VALUES (48, 36);
INSERT INTO recipe_tag(recipe_id, tag_id) VALUES (48, 71);
INSERT INTO recipe_tag(recipe_id, tag_id) VALUES (48, 26);
INSERT INTO recipe_tag(recipe_id, tag_id) VALUES (48, 34);
INSERT INTO recipe_tag(recipe_id, tag_id) VALUES (48, 41);
INSERT INTO recipe_tag(recipe_id, tag_id) VALUES (48, 73);
INSERT INTO recipe_tag(recipe_id, tag_id) VALUES (48, 92);
INSERT INTO recipe_tag(recipe_id, tag_id) VALUES (48, 4);
INSERT INTO recipe_equipment(recipe_id, equipment_id, num) VALUES (48, 6, 3);
INSERT INTO recipe_equipment(recipe_id, equipment_id, num) VALUES (48, 14, 2);
INSERT INTO recipe_equipment(recipe_id, equipment_id, num) VALUES (48, 2, 3);
INSERT INTO recipe_equipment(recipe_id, equipment_id, num) VALUES (48, 18, 2);
INSERT INTO recipe_equipment(recipe_id, equipment_id, num) VALUES (48, 17, 3);
INSERT INTO recipe_equipment(recipe_id, equipment_id, num) VALUES (48, 19, 1);
INSERT INTO recipe_cook(recipe_id, cook_id) VALUES (48, 125);
INSERT INTO recipe_cook(recipe_id, cook_id) VALUES (48, 85);
INSERT INTO recipe_cook(recipe_id, cook_id) VALUES (48, 200);
INSERT INTO recipe_cook(recipe_id, cook_id) VALUES (48, 62);
INSERT INTO recipe_cook(recipe_id, cook_id) VALUES (48, 11);
INSERT INTO recipe_cook(recipe_id, cook_id) VALUES (48, 116);
INSERT INTO recipe_cook(recipe_id, cook_id) VALUES (48, 183);
INSERT INTO recipe_cook(recipe_id, cook_id) VALUES (48, 15);
INSERT INTO recipe_cook(recipe_id, cook_id) VALUES (48, 24);
INSERT INTO recipe_cook(recipe_id, cook_id) VALUES (48, 95);
INSERT INTO recipe_cook(recipe_id, cook_id) VALUES (48, 110);
INSERT INTO recipe_cook(recipe_id, cook_id) VALUES (48, 21);
INSERT INTO recipe_cook(recipe_id, cook_id) VALUES (48, 108);
INSERT INTO recipe_cook(recipe_id, cook_id) VALUES (48, 145);
INSERT INTO recipe_cook(recipe_id, cook_id) VALUES (48, 178);
INSERT INTO recipe_cook(recipe_id, cook_id) VALUES (48, 147);
INSERT INTO recipe_cook(recipe_id, cook_id) VALUES (48, 59);
INSERT INTO recipe_cook(recipe_id, cook_id) VALUES (48, 48);
INSERT INTO recipe_cook(recipe_id, cook_id) VALUES (48, 76);
INSERT INTO recipe_cook(recipe_id, cook_id) VALUES (48, 114);
INSERT INTO recipe_cook(recipe_id, cook_id) VALUES (48, 5);
INSERT INTO recipe_cook(recipe_id, cook_id) VALUES (48, 6);
INSERT INTO recipe_cook(recipe_id, cook_id) VALUES (48, 136);
INSERT INTO recipe_cook(recipe_id, cook_id) VALUES (48, 65);
INSERT INTO recipe_cook(recipe_id, cook_id) VALUES (48, 87);
INSERT INTO recipe_cook(recipe_id, cook_id) VALUES (48, 33);
INSERT INTO recipe_cook(recipe_id, cook_id) VALUES (48, 7);
INSERT INTO recipe_cook(recipe_id, cook_id) VALUES (48, 113);
INSERT INTO recipe_cook(recipe_id, cook_id) VALUES (48, 112);
INSERT INTO recipe_cook(recipe_id, cook_id) VALUES (48, 68);
INSERT INTO recipe_cook(recipe_id, cook_id) VALUES (48, 25);
INSERT INTO recipe_cook(recipe_id, cook_id) VALUES (48, 168);
INSERT INTO recipe_cook(recipe_id, cook_id) VALUES (48, 134);
INSERT INTO recipe_cook(recipe_id, cook_id) VALUES (48, 109);
INSERT INTO recipe_cook(recipe_id, cook_id) VALUES (48, 12);
INSERT INTO recipe_cook(recipe_id, cook_id) VALUES (48, 152);
INSERT INTO recipe_cook(recipe_id, cook_id) VALUES (48, 137);
INSERT INTO recipe_cook(recipe_id, cook_id) VALUES (48, 67);
INSERT INTO recipe_cook(recipe_id, cook_id) VALUES (48, 18);
INSERT INTO recipe_cook(recipe_id, cook_id) VALUES (48, 39);
INSERT INTO recipe_cook(recipe_id, cook_id) VALUES (48, 169);
INSERT INTO recipe_cook(recipe_id, cook_id) VALUES (48, 31);
INSERT INTO recipe_cook(recipe_id, cook_id) VALUES (48, 165);
INSERT INTO recipe_cook(recipe_id, cook_id) VALUES (48, 191);
INSERT INTO recipe_cook(recipe_id, cook_id) VALUES (48, 170);
INSERT INTO recipe_cook(recipe_id, cook_id) VALUES (48, 161);
INSERT INTO recipe_cook(recipe_id, cook_id) VALUES (48, 29);
INSERT INTO recipe_cook(recipe_id, cook_id) VALUES (48, 188);
INSERT INTO recipe_cook(recipe_id, cook_id) VALUES (48, 45);
INSERT INTO recipe_cook(recipe_id, cook_id) VALUES (48, 28);
INSERT INTO recipe_cook(recipe_id, cook_id) VALUES (48, 157);
INSERT INTO recipe_cook(recipe_id, cook_id) VALUES (48, 69);
INSERT INTO recipe_cook(recipe_id, cook_id) VALUES (48, 3);
INSERT INTO recipe_cook(recipe_id, cook_id) VALUES (48, 74);
INSERT INTO recipe_cook(recipe_id, cook_id) VALUES (48, 127);
INSERT INTO recipe_cook(recipe_id, cook_id) VALUES (48, 58);
INSERT INTO recipe_cook(recipe_id, cook_id) VALUES (48, 20);
INSERT INTO recipe_cook(recipe_id, cook_id) VALUES (48, 100);
INSERT INTO recipe_cook(recipe_id, cook_id) VALUES (48, 53);
INSERT INTO recipe_cook(recipe_id, cook_id) VALUES (48, 166);
INSERT INTO recipe_cook(recipe_id, cook_id) VALUES (48, 190);
INSERT INTO recipe_cook(recipe_id, cook_id) VALUES (48, 123);
INSERT INTO recipe_cook(recipe_id, cook_id) VALUES (48, 120);
INSERT INTO recipe_cook(recipe_id, cook_id) VALUES (48, 92);
INSERT INTO recipe_cook(recipe_id, cook_id) VALUES (48, 117);
INSERT INTO recipe_cook(recipe_id, cook_id) VALUES (48, 75);
INSERT INTO recipe_cook(recipe_id, cook_id) VALUES (48, 80);
INSERT INTO recipe_cook(recipe_id, cook_id) VALUES (48, 149);
INSERT INTO recipe_cook(recipe_id, cook_id) VALUES (48, 46);
INSERT INTO recipe_cook(recipe_id, cook_id) VALUES (48, 98);
INSERT INTO recipe_cook(recipe_id, cook_id) VALUES (48, 122);
INSERT INTO recipe_cook(recipe_id, cook_id) VALUES (48, 13);
INSERT INTO recipe_cook(recipe_id, cook_id) VALUES (48, 118);
INSERT INTO recipe_cook(recipe_id, cook_id) VALUES (48, 177);
INSERT INTO recipe_cook(recipe_id, cook_id) VALUES (48, 195);
INSERT INTO recipe_cook(recipe_id, cook_id) VALUES (48, 162);
INSERT INTO recipe_cook(recipe_id, cook_id) VALUES (48, 185);
INSERT INTO recipe_cook(recipe_id, cook_id) VALUES (48, 37);
INSERT INTO recipe_cook(recipe_id, cook_id) VALUES (48, 186);
INSERT INTO recipe_cook(recipe_id, cook_id) VALUES (48, 27);
INSERT INTO recipe_cook(recipe_id, cook_id) VALUES (48, 192);
INSERT INTO recipe_cook(recipe_id, cook_id) VALUES (48, 71);
INSERT INTO recipe_cook(recipe_id, cook_id) VALUES (48, 167);
INSERT INTO recipe_cook(recipe_id, cook_id) VALUES (48, 8);
INSERT INTO recipe_cook(recipe_id, cook_id) VALUES (48, 189);
INSERT INTO recipe_cook(recipe_id, cook_id) VALUES (48, 156);
INSERT INTO recipe_cook(recipe_id, cook_id) VALUES (48, 107);
INSERT INTO recipe_cook(recipe_id, cook_id) VALUES (48, 171);
INSERT INTO recipe_cook(recipe_id, cook_id) VALUES (48, 40);
INSERT INTO recipe_cook(recipe_id, cook_id) VALUES (48, 139);
INSERT INTO recipe_cook(recipe_id, cook_id) VALUES (48, 47);
INSERT INTO recipe_cook(recipe_id, cook_id) VALUES (48, 90);
INSERT INTO recipe_cook(recipe_id, cook_id) VALUES (48, 129);
INSERT INTO recipe_cook(recipe_id, cook_id) VALUES (48, 14);
INSERT INTO recipe_cook(recipe_id, cook_id) VALUES (48, 30);
INSERT INTO recipe_cook(recipe_id, cook_id) VALUES (48, 142);
INSERT INTO recipe_cook(recipe_id, cook_id) VALUES (48, 38);
INSERT INTO recipe_cook(recipe_id, cook_id) VALUES (48, 154);
INSERT INTO recipe_cook(recipe_id, cook_id) VALUES (48, 19);
INSERT INTO recipe_cook(recipe_id, cook_id) VALUES (48, 23);
INSERT INTO recipe_cook(recipe_id, cook_id) VALUES (48, 56);
INSERT INTO recipe_cook(recipe_id, cook_id) VALUES (48, 84);
INSERT INTO recipe_cook(recipe_id, cook_id) VALUES (48, 143);
INSERT INTO recipe_cook(recipe_id, cook_id) VALUES (48, 57);
INSERT INTO recipe_cook(recipe_id, cook_id) VALUES (48, 36);
INSERT INTO recipe_cook(recipe_id, cook_id) VALUES (48, 180);
INSERT INTO recipe_cook(recipe_id, cook_id) VALUES (48, 86);
INSERT INTO recipe_cook(recipe_id, cook_id) VALUES (48, 22);
INSERT INTO recipe_cook(recipe_id, cook_id) VALUES (48, 135);
INSERT INTO recipe_cook(recipe_id, cook_id) VALUES (48, 144);
INSERT INTO recipe_cook(recipe_id, cook_id) VALUES (48, 198);
INSERT INTO recipe_cook(recipe_id, cook_id) VALUES (48, 61);
INSERT INTO recipe_cook(recipe_id, cook_id) VALUES (48, 51);
INSERT INTO recipe_cook(recipe_id, cook_id) VALUES (48, 128);
INSERT INTO recipe_cook(recipe_id, cook_id) VALUES (48, 141);
INSERT INTO recipe_cook(recipe_id, cook_id) VALUES (48, 88);
INSERT INTO recipe_cook(recipe_id, cook_id) VALUES (48, 2);
INSERT INTO recipe_cook(recipe_id, cook_id) VALUES (48, 73);
INSERT INTO recipe_cook(recipe_id, cook_id) VALUES (48, 150);
INSERT INTO recipe_cook(recipe_id, cook_id) VALUES (48, 132);
INSERT INTO recipe_cook(recipe_id, cook_id) VALUES (48, 34);
INSERT INTO recipe_cook(recipe_id, cook_id) VALUES (48, 93);
INSERT INTO recipe_cook(recipe_id, cook_id) VALUES (48, 102);
INSERT INTO recipe_cook(recipe_id, cook_id) VALUES (48, 96);
INSERT INTO recipe_cook(recipe_id, cook_id) VALUES (48, 101);
INSERT INTO recipe_cook(recipe_id, cook_id) VALUES (48, 72);
INSERT INTO recipe_cook(recipe_id, cook_id) VALUES (48, 133);
INSERT INTO recipe_cook(recipe_id, cook_id) VALUES (48, 89);
INSERT INTO recipe_cook(recipe_id, cook_id) VALUES (48, 148);
INSERT INTO recipe_cook(recipe_id, cook_id) VALUES (48, 44);
INSERT INTO recipe_cook(recipe_id, cook_id) VALUES (48, 130);
INSERT INTO recipe_cook(recipe_id, cook_id) VALUES (48, 82);
INSERT INTO recipe_cook(recipe_id, cook_id) VALUES (48, 140);
INSERT INTO recipe_cook(recipe_id, cook_id) VALUES (48, 196);
INSERT INTO recipe_theme(recipe_id, theme_id) VALUES (48, 1);
INSERT INTO recipe_theme(recipe_id, theme_id) VALUES (48, 3);
INSERT INTO recipe_tip(recipe_id, tip_id) VALUES (48, 35);

INSERT INTO recipe(baking, cuisine_id, difficulty, title, recipe_description, prep_time, cook_time, portions, fat_portion, protein_portion, carbo_portion, picture, picture_description) VALUES(0, 16, 5,'Gazpacho', 'Three out word head less. Yet hour life after simply. Me place better for final response.', 115, 60, 4, 35, 35,25, 'https://placekitten.com/931/293', 'Involve camera plant.');
INSERT INTO recipe_meal_type(recipe_id, meal_type_id) VALUES (49, 3);
INSERT INTO recipe_tag(recipe_id, tag_id) VALUES (49, 65);
INSERT INTO recipe_tag(recipe_id, tag_id) VALUES (49, 78);
INSERT INTO recipe_tag(recipe_id, tag_id) VALUES (49, 10);
INSERT INTO recipe_tag(recipe_id, tag_id) VALUES (49, 14);
INSERT INTO recipe_tag(recipe_id, tag_id) VALUES (49, 38);
INSERT INTO recipe_tag(recipe_id, tag_id) VALUES (49, 84);
INSERT INTO recipe_tag(recipe_id, tag_id) VALUES (49, 63);
INSERT INTO recipe_equipment(recipe_id, equipment_id, num) VALUES (49, 4, 2);
INSERT INTO recipe_equipment(recipe_id, equipment_id, num) VALUES (49, 5, 4);
INSERT INTO recipe_equipment(recipe_id, equipment_id, num) VALUES (49, 10, 2);
INSERT INTO recipe_cook(recipe_id, cook_id) VALUES (49, 102);
INSERT INTO recipe_cook(recipe_id, cook_id) VALUES (49, 38);
INSERT INTO recipe_cook(recipe_id, cook_id) VALUES (49, 162);
INSERT INTO recipe_cook(recipe_id, cook_id) VALUES (49, 16);
INSERT INTO recipe_cook(recipe_id, cook_id) VALUES (49, 62);
INSERT INTO recipe_cook(recipe_id, cook_id) VALUES (49, 55);
INSERT INTO recipe_cook(recipe_id, cook_id) VALUES (49, 116);
INSERT INTO recipe_cook(recipe_id, cook_id) VALUES (49, 35);
INSERT INTO recipe_cook(recipe_id, cook_id) VALUES (49, 165);
INSERT INTO recipe_cook(recipe_id, cook_id) VALUES (49, 33);
INSERT INTO recipe_cook(recipe_id, cook_id) VALUES (49, 95);
INSERT INTO recipe_cook(recipe_id, cook_id) VALUES (49, 115);
INSERT INTO recipe_cook(recipe_id, cook_id) VALUES (49, 77);
INSERT INTO recipe_cook(recipe_id, cook_id) VALUES (49, 86);
INSERT INTO recipe_cook(recipe_id, cook_id) VALUES (49, 75);
INSERT INTO recipe_cook(recipe_id, cook_id) VALUES (49, 48);
INSERT INTO recipe_cook(recipe_id, cook_id) VALUES (49, 145);
INSERT INTO recipe_cook(recipe_id, cook_id) VALUES (49, 153);
INSERT INTO recipe_cook(recipe_id, cook_id) VALUES (49, 160);
INSERT INTO recipe_cook(recipe_id, cook_id) VALUES (49, 23);
INSERT INTO recipe_cook(recipe_id, cook_id) VALUES (49, 66);
INSERT INTO recipe_cook(recipe_id, cook_id) VALUES (49, 185);
INSERT INTO recipe_cook(recipe_id, cook_id) VALUES (49, 88);
INSERT INTO recipe_cook(recipe_id, cook_id) VALUES (49, 129);
INSERT INTO recipe_cook(recipe_id, cook_id) VALUES (49, 53);
INSERT INTO recipe_cook(recipe_id, cook_id) VALUES (49, 73);
INSERT INTO recipe_cook(recipe_id, cook_id) VALUES (49, 108);
INSERT INTO recipe_cook(recipe_id, cook_id) VALUES (49, 19);
INSERT INTO recipe_cook(recipe_id, cook_id) VALUES (49, 172);
INSERT INTO recipe_cook(recipe_id, cook_id) VALUES (49, 42);
INSERT INTO recipe_cook(recipe_id, cook_id) VALUES (49, 90);
INSERT INTO recipe_cook(recipe_id, cook_id) VALUES (49, 112);
INSERT INTO recipe_cook(recipe_id, cook_id) VALUES (49, 5);
INSERT INTO recipe_cook(recipe_id, cook_id) VALUES (49, 63);
INSERT INTO recipe_cook(recipe_id, cook_id) VALUES (49, 54);
INSERT INTO recipe_cook(recipe_id, cook_id) VALUES (49, 170);
INSERT INTO recipe_cook(recipe_id, cook_id) VALUES (49, 72);
INSERT INTO recipe_cook(recipe_id, cook_id) VALUES (49, 97);
INSERT INTO recipe_cook(recipe_id, cook_id) VALUES (49, 101);
INSERT INTO recipe_cook(recipe_id, cook_id) VALUES (49, 149);
INSERT INTO recipe_cook(recipe_id, cook_id) VALUES (49, 83);
INSERT INTO recipe_cook(recipe_id, cook_id) VALUES (49, 71);
INSERT INTO recipe_cook(recipe_id, cook_id) VALUES (49, 52);
INSERT INTO recipe_cook(recipe_id, cook_id) VALUES (49, 34);
INSERT INTO recipe_cook(recipe_id, cook_id) VALUES (49, 157);
INSERT INTO recipe_cook(recipe_id, cook_id) VALUES (49, 150);
INSERT INTO recipe_cook(recipe_id, cook_id) VALUES (49, 37);
INSERT INTO recipe_cook(recipe_id, cook_id) VALUES (49, 126);
INSERT INTO recipe_cook(recipe_id, cook_id) VALUES (49, 146);
INSERT INTO recipe_cook(recipe_id, cook_id) VALUES (49, 46);
INSERT INTO recipe_cook(recipe_id, cook_id) VALUES (49, 61);
INSERT INTO recipe_cook(recipe_id, cook_id) VALUES (49, 176);
INSERT INTO recipe_cook(recipe_id, cook_id) VALUES (49, 121);
INSERT INTO recipe_cook(recipe_id, cook_id) VALUES (49, 120);
INSERT INTO recipe_cook(recipe_id, cook_id) VALUES (49, 144);
INSERT INTO recipe_cook(recipe_id, cook_id) VALUES (49, 135);
INSERT INTO recipe_cook(recipe_id, cook_id) VALUES (49, 119);
INSERT INTO recipe_cook(recipe_id, cook_id) VALUES (49, 13);
INSERT INTO recipe_cook(recipe_id, cook_id) VALUES (49, 18);
INSERT INTO recipe_cook(recipe_id, cook_id) VALUES (49, 161);
INSERT INTO recipe_cook(recipe_id, cook_id) VALUES (49, 189);
INSERT INTO recipe_cook(recipe_id, cook_id) VALUES (49, 197);
INSERT INTO recipe_cook(recipe_id, cook_id) VALUES (49, 181);
INSERT INTO recipe_cook(recipe_id, cook_id) VALUES (49, 14);
INSERT INTO recipe_cook(recipe_id, cook_id) VALUES (49, 141);
INSERT INTO recipe_cook(recipe_id, cook_id) VALUES (49, 192);
INSERT INTO recipe_cook(recipe_id, cook_id) VALUES (49, 151);
INSERT INTO recipe_cook(recipe_id, cook_id) VALUES (49, 199);
INSERT INTO recipe_cook(recipe_id, cook_id) VALUES (49, 118);
INSERT INTO recipe_cook(recipe_id, cook_id) VALUES (49, 64);
INSERT INTO recipe_cook(recipe_id, cook_id) VALUES (49, 44);
INSERT INTO recipe_cook(recipe_id, cook_id) VALUES (49, 142);
INSERT INTO recipe_cook(recipe_id, cook_id) VALUES (49, 127);
INSERT INTO recipe_cook(recipe_id, cook_id) VALUES (49, 200);
INSERT INTO recipe_cook(recipe_id, cook_id) VALUES (49, 156);
INSERT INTO recipe_cook(recipe_id, cook_id) VALUES (49, 25);
INSERT INTO recipe_cook(recipe_id, cook_id) VALUES (49, 147);
INSERT INTO recipe_cook(recipe_id, cook_id) VALUES (49, 179);
INSERT INTO recipe_cook(recipe_id, cook_id) VALUES (49, 167);
INSERT INTO recipe_cook(recipe_id, cook_id) VALUES (49, 198);
INSERT INTO recipe_cook(recipe_id, cook_id) VALUES (49, 27);
INSERT INTO recipe_cook(recipe_id, cook_id) VALUES (49, 143);
INSERT INTO recipe_cook(recipe_id, cook_id) VALUES (49, 7);
INSERT INTO recipe_cook(recipe_id, cook_id) VALUES (49, 84);
INSERT INTO recipe_cook(recipe_id, cook_id) VALUES (49, 194);
INSERT INTO recipe_cook(recipe_id, cook_id) VALUES (49, 155);
INSERT INTO recipe_cook(recipe_id, cook_id) VALUES (49, 67);
INSERT INTO recipe_cook(recipe_id, cook_id) VALUES (49, 136);
INSERT INTO recipe_cook(recipe_id, cook_id) VALUES (49, 80);
INSERT INTO recipe_cook(recipe_id, cook_id) VALUES (49, 107);
INSERT INTO recipe_cook(recipe_id, cook_id) VALUES (49, 159);
INSERT INTO recipe_cook(recipe_id, cook_id) VALUES (49, 4);
INSERT INTO recipe_cook(recipe_id, cook_id) VALUES (49, 9);
INSERT INTO recipe_cook(recipe_id, cook_id) VALUES (49, 195);
INSERT INTO recipe_cook(recipe_id, cook_id) VALUES (49, 128);
INSERT INTO recipe_cook(recipe_id, cook_id) VALUES (49, 104);
INSERT INTO recipe_cook(recipe_id, cook_id) VALUES (49, 45);
INSERT INTO recipe_cook(recipe_id, cook_id) VALUES (49, 24);
INSERT INTO recipe_cook(recipe_id, cook_id) VALUES (49, 68);
INSERT INTO recipe_cook(recipe_id, cook_id) VALUES (49, 31);
INSERT INTO recipe_cook(recipe_id, cook_id) VALUES (49, 131);
INSERT INTO recipe_cook(recipe_id, cook_id) VALUES (49, 59);
INSERT INTO recipe_cook(recipe_id, cook_id) VALUES (49, 10);
INSERT INTO recipe_cook(recipe_id, cook_id) VALUES (49, 134);
INSERT INTO recipe_cook(recipe_id, cook_id) VALUES (49, 87);
INSERT INTO recipe_cook(recipe_id, cook_id) VALUES (49, 187);
INSERT INTO recipe_cook(recipe_id, cook_id) VALUES (49, 28);
INSERT INTO recipe_cook(recipe_id, cook_id) VALUES (49, 113);
INSERT INTO recipe_cook(recipe_id, cook_id) VALUES (49, 177);
INSERT INTO recipe_cook(recipe_id, cook_id) VALUES (49, 22);
INSERT INTO recipe_cook(recipe_id, cook_id) VALUES (49, 196);
INSERT INTO recipe_cook(recipe_id, cook_id) VALUES (49, 182);
INSERT INTO recipe_cook(recipe_id, cook_id) VALUES (49, 20);
INSERT INTO recipe_cook(recipe_id, cook_id) VALUES (49, 169);
INSERT INTO recipe_cook(recipe_id, cook_id) VALUES (49, 94);
INSERT INTO recipe_cook(recipe_id, cook_id) VALUES (49, 168);
INSERT INTO recipe_cook(recipe_id, cook_id) VALUES (49, 56);
INSERT INTO recipe_cook(recipe_id, cook_id) VALUES (49, 40);
INSERT INTO recipe_cook(recipe_id, cook_id) VALUES (49, 148);
INSERT INTO recipe_cook(recipe_id, cook_id) VALUES (49, 91);
INSERT INTO recipe_cook(recipe_id, cook_id) VALUES (49, 41);
INSERT INTO recipe_cook(recipe_id, cook_id) VALUES (49, 81);
INSERT INTO recipe_cook(recipe_id, cook_id) VALUES (49, 30);
INSERT INTO recipe_cook(recipe_id, cook_id) VALUES (49, 74);
INSERT INTO recipe_cook(recipe_id, cook_id) VALUES (49, 133);
INSERT INTO recipe_cook(recipe_id, cook_id) VALUES (49, 11);
INSERT INTO recipe_cook(recipe_id, cook_id) VALUES (49, 164);
INSERT INTO recipe_cook(recipe_id, cook_id) VALUES (49, 99);
INSERT INTO recipe_cook(recipe_id, cook_id) VALUES (49, 49);
INSERT INTO recipe_cook(recipe_id, cook_id) VALUES (49, 76);
INSERT INTO recipe_cook(recipe_id, cook_id) VALUES (49, 98);
INSERT INTO recipe_cook(recipe_id, cook_id) VALUES (49, 96);
INSERT INTO recipe_cook(recipe_id, cook_id) VALUES (49, 3);
INSERT INTO recipe_cook(recipe_id, cook_id) VALUES (49, 178);
INSERT INTO recipe_cook(recipe_id, cook_id) VALUES (49, 21);
INSERT INTO recipe_cook(recipe_id, cook_id) VALUES (49, 152);
INSERT INTO recipe_cook(recipe_id, cook_id) VALUES (49, 125);
INSERT INTO recipe_cook(recipe_id, cook_id) VALUES (49, 78);
INSERT INTO recipe_cook(recipe_id, cook_id) VALUES (49, 6);
INSERT INTO recipe_cook(recipe_id, cook_id) VALUES (49, 57);
INSERT INTO recipe_cook(recipe_id, cook_id) VALUES (49, 117);
INSERT INTO recipe_cook(recipe_id, cook_id) VALUES (49, 184);
INSERT INTO recipe_cook(recipe_id, cook_id) VALUES (49, 47);
INSERT INTO recipe_cook(recipe_id, cook_id) VALUES (49, 110);
INSERT INTO recipe_cook(recipe_id, cook_id) VALUES (49, 43);
INSERT INTO recipe_cook(recipe_id, cook_id) VALUES (49, 105);
INSERT INTO recipe_cook(recipe_id, cook_id) VALUES (49, 154);
INSERT INTO recipe_theme(recipe_id, theme_id) VALUES (49, 26);
INSERT INTO recipe_theme(recipe_id, theme_id) VALUES (49, 10);
INSERT INTO recipe_theme(recipe_id, theme_id) VALUES (49, 19);
INSERT INTO recipe_tip(recipe_id, tip_id) VALUES (49, 18);
INSERT INTO recipe_tip(recipe_id, tip_id) VALUES (49, 34);

INSERT INTO recipe(baking, cuisine_id, difficulty, title, recipe_description, prep_time, cook_time, portions, fat_portion, protein_portion, carbo_portion, picture, picture_description) VALUES(0, 39, 1,'Pho', 'Moment window total might view western person same. Industry billion life bad debate. Research school building cost front plant positive. Value kitchen but join well speak beyond economic.', 125, 120, 4, 45, 65,60, 'https://placekitten.com/542/63', 'Skin camera computer try.');
INSERT INTO recipe_meal_type(recipe_id, meal_type_id) VALUES (50, 5);
INSERT INTO recipe_tag(recipe_id, tag_id) VALUES (50, 4);
INSERT INTO recipe_tag(recipe_id, tag_id) VALUES (50, 12);
INSERT INTO recipe_tag(recipe_id, tag_id) VALUES (50, 79);
INSERT INTO recipe_tag(recipe_id, tag_id) VALUES (50, 57);
INSERT INTO recipe_tag(recipe_id, tag_id) VALUES (50, 55);
INSERT INTO recipe_tag(recipe_id, tag_id) VALUES (50, 11);
INSERT INTO recipe_tag(recipe_id, tag_id) VALUES (50, 49);
INSERT INTO recipe_equipment(recipe_id, equipment_id, num) VALUES (50, 2, 1);
INSERT INTO recipe_equipment(recipe_id, equipment_id, num) VALUES (50, 11, 3);
INSERT INTO recipe_equipment(recipe_id, equipment_id, num) VALUES (50, 3, 1);
INSERT INTO recipe_equipment(recipe_id, equipment_id, num) VALUES (50, 20, 3);
INSERT INTO recipe_cook(recipe_id, cook_id) VALUES (50, 147);
INSERT INTO recipe_cook(recipe_id, cook_id) VALUES (50, 126);
INSERT INTO recipe_cook(recipe_id, cook_id) VALUES (50, 170);
INSERT INTO recipe_cook(recipe_id, cook_id) VALUES (50, 75);
INSERT INTO recipe_cook(recipe_id, cook_id) VALUES (50, 199);
INSERT INTO recipe_cook(recipe_id, cook_id) VALUES (50, 149);
INSERT INTO recipe_cook(recipe_id, cook_id) VALUES (50, 26);
INSERT INTO recipe_cook(recipe_id, cook_id) VALUES (50, 17);
INSERT INTO recipe_cook(recipe_id, cook_id) VALUES (50, 29);
INSERT INTO recipe_cook(recipe_id, cook_id) VALUES (50, 110);
INSERT INTO recipe_cook(recipe_id, cook_id) VALUES (50, 121);
INSERT INTO recipe_cook(recipe_id, cook_id) VALUES (50, 69);
INSERT INTO recipe_cook(recipe_id, cook_id) VALUES (50, 129);
INSERT INTO recipe_cook(recipe_id, cook_id) VALUES (50, 195);
INSERT INTO recipe_cook(recipe_id, cook_id) VALUES (50, 49);
INSERT INTO recipe_cook(recipe_id, cook_id) VALUES (50, 67);
INSERT INTO recipe_cook(recipe_id, cook_id) VALUES (50, 62);
INSERT INTO recipe_cook(recipe_id, cook_id) VALUES (50, 107);
INSERT INTO recipe_cook(recipe_id, cook_id) VALUES (50, 41);
INSERT INTO recipe_cook(recipe_id, cook_id) VALUES (50, 113);
INSERT INTO recipe_cook(recipe_id, cook_id) VALUES (50, 191);
INSERT INTO recipe_cook(recipe_id, cook_id) VALUES (50, 171);
INSERT INTO recipe_cook(recipe_id, cook_id) VALUES (50, 120);
INSERT INTO recipe_cook(recipe_id, cook_id) VALUES (50, 79);
INSERT INTO recipe_cook(recipe_id, cook_id) VALUES (50, 16);
INSERT INTO recipe_cook(recipe_id, cook_id) VALUES (50, 98);
INSERT INTO recipe_theme(recipe_id, theme_id) VALUES (50, 17);
INSERT INTO recipe_theme(recipe_id, theme_id) VALUES (50, 32);
INSERT INTO recipe_tip(recipe_id, tip_id) VALUES (50, 36);

INSERT INTO recipe(baking, cuisine_id, difficulty, title, recipe_description, prep_time, cook_time, portions, fat_portion, protein_portion, carbo_portion, picture, picture_description) VALUES(1, 37, 2,'Stuffed Bell Peppers', 'Effort education dark woman reveal. Candidate no at old. Quickly to difficult still real place she yourself.', 45, 10, 1, 15, 60,60, 'https://dummyimage.com/1010x828', 'New moment seek.');
INSERT INTO recipe_meal_type(recipe_id, meal_type_id) VALUES (51, 6);
INSERT INTO recipe_tag(recipe_id, tag_id) VALUES (51, 43);
INSERT INTO recipe_equipment(recipe_id, equipment_id, num) VALUES (51, 9, 3);
INSERT INTO recipe_equipment(recipe_id, equipment_id, num) VALUES (51, 3, 3);
INSERT INTO recipe_equipment(recipe_id, equipment_id, num) VALUES (51, 12, 4);
INSERT INTO recipe_equipment(recipe_id, equipment_id, num) VALUES (51, 13, 4);
INSERT INTO recipe_equipment(recipe_id, equipment_id, num) VALUES (51, 5, 3);
INSERT INTO recipe_equipment(recipe_id, equipment_id, num) VALUES (51, 7, 4);
INSERT INTO recipe_equipment(recipe_id, equipment_id, num) VALUES (51, 2, 2);
INSERT INTO recipe_cook(recipe_id, cook_id) VALUES (51, 110);
INSERT INTO recipe_cook(recipe_id, cook_id) VALUES (51, 180);
INSERT INTO recipe_cook(recipe_id, cook_id) VALUES (51, 119);
INSERT INTO recipe_cook(recipe_id, cook_id) VALUES (51, 32);
INSERT INTO recipe_cook(recipe_id, cook_id) VALUES (51, 52);
INSERT INTO recipe_cook(recipe_id, cook_id) VALUES (51, 44);
INSERT INTO recipe_cook(recipe_id, cook_id) VALUES (51, 21);
INSERT INTO recipe_cook(recipe_id, cook_id) VALUES (51, 90);
INSERT INTO recipe_cook(recipe_id, cook_id) VALUES (51, 6);
INSERT INTO recipe_cook(recipe_id, cook_id) VALUES (51, 37);
INSERT INTO recipe_cook(recipe_id, cook_id) VALUES (51, 46);
INSERT INTO recipe_cook(recipe_id, cook_id) VALUES (51, 197);
INSERT INTO recipe_cook(recipe_id, cook_id) VALUES (51, 181);
INSERT INTO recipe_cook(recipe_id, cook_id) VALUES (51, 166);
INSERT INTO recipe_cook(recipe_id, cook_id) VALUES (51, 59);
INSERT INTO recipe_cook(recipe_id, cook_id) VALUES (51, 9);
INSERT INTO recipe_cook(recipe_id, cook_id) VALUES (51, 82);
INSERT INTO recipe_cook(recipe_id, cook_id) VALUES (51, 22);
INSERT INTO recipe_cook(recipe_id, cook_id) VALUES (51, 15);
INSERT INTO recipe_cook(recipe_id, cook_id) VALUES (51, 54);
INSERT INTO recipe_cook(recipe_id, cook_id) VALUES (51, 103);
INSERT INTO recipe_cook(recipe_id, cook_id) VALUES (51, 51);
INSERT INTO recipe_cook(recipe_id, cook_id) VALUES (51, 26);
INSERT INTO recipe_cook(recipe_id, cook_id) VALUES (51, 200);
INSERT INTO recipe_cook(recipe_id, cook_id) VALUES (51, 98);
INSERT INTO recipe_cook(recipe_id, cook_id) VALUES (51, 28);
INSERT INTO recipe_cook(recipe_id, cook_id) VALUES (51, 77);
INSERT INTO recipe_cook(recipe_id, cook_id) VALUES (51, 186);
INSERT INTO recipe_cook(recipe_id, cook_id) VALUES (51, 97);
INSERT INTO recipe_cook(recipe_id, cook_id) VALUES (51, 150);
INSERT INTO recipe_cook(recipe_id, cook_id) VALUES (51, 169);
INSERT INTO recipe_cook(recipe_id, cook_id) VALUES (51, 159);
INSERT INTO recipe_cook(recipe_id, cook_id) VALUES (51, 106);
INSERT INTO recipe_cook(recipe_id, cook_id) VALUES (51, 161);
INSERT INTO recipe_cook(recipe_id, cook_id) VALUES (51, 39);
INSERT INTO recipe_cook(recipe_id, cook_id) VALUES (51, 162);
INSERT INTO recipe_cook(recipe_id, cook_id) VALUES (51, 18);
INSERT INTO recipe_cook(recipe_id, cook_id) VALUES (51, 57);
INSERT INTO recipe_cook(recipe_id, cook_id) VALUES (51, 42);
INSERT INTO recipe_cook(recipe_id, cook_id) VALUES (51, 102);
INSERT INTO recipe_cook(recipe_id, cook_id) VALUES (51, 2);
INSERT INTO recipe_cook(recipe_id, cook_id) VALUES (51, 40);
INSERT INTO recipe_cook(recipe_id, cook_id) VALUES (51, 123);
INSERT INTO recipe_cook(recipe_id, cook_id) VALUES (51, 20);
INSERT INTO recipe_cook(recipe_id, cook_id) VALUES (51, 61);
INSERT INTO recipe_cook(recipe_id, cook_id) VALUES (51, 100);
INSERT INTO recipe_cook(recipe_id, cook_id) VALUES (51, 81);
INSERT INTO recipe_cook(recipe_id, cook_id) VALUES (51, 121);
INSERT INTO recipe_cook(recipe_id, cook_id) VALUES (51, 104);
INSERT INTO recipe_cook(recipe_id, cook_id) VALUES (51, 144);
INSERT INTO recipe_cook(recipe_id, cook_id) VALUES (51, 84);
INSERT INTO recipe_cook(recipe_id, cook_id) VALUES (51, 64);
INSERT INTO recipe_cook(recipe_id, cook_id) VALUES (51, 55);
INSERT INTO recipe_cook(recipe_id, cook_id) VALUES (51, 68);
INSERT INTO recipe_cook(recipe_id, cook_id) VALUES (51, 41);
INSERT INTO recipe_cook(recipe_id, cook_id) VALUES (51, 10);
INSERT INTO recipe_cook(recipe_id, cook_id) VALUES (51, 1);
INSERT INTO recipe_cook(recipe_id, cook_id) VALUES (51, 49);
INSERT INTO recipe_cook(recipe_id, cook_id) VALUES (51, 58);
INSERT INTO recipe_cook(recipe_id, cook_id) VALUES (51, 71);
INSERT INTO recipe_cook(recipe_id, cook_id) VALUES (51, 149);
INSERT INTO recipe_cook(recipe_id, cook_id) VALUES (51, 187);
INSERT INTO recipe_cook(recipe_id, cook_id) VALUES (51, 8);
INSERT INTO recipe_cook(recipe_id, cook_id) VALUES (51, 83);
INSERT INTO recipe_cook(recipe_id, cook_id) VALUES (51, 27);
INSERT INTO recipe_cook(recipe_id, cook_id) VALUES (51, 167);
INSERT INTO recipe_cook(recipe_id, cook_id) VALUES (51, 134);
INSERT INTO recipe_cook(recipe_id, cook_id) VALUES (51, 19);
INSERT INTO recipe_cook(recipe_id, cook_id) VALUES (51, 111);
INSERT INTO recipe_cook(recipe_id, cook_id) VALUES (51, 160);
INSERT INTO recipe_cook(recipe_id, cook_id) VALUES (51, 43);
INSERT INTO recipe_cook(recipe_id, cook_id) VALUES (51, 164);
INSERT INTO recipe_cook(recipe_id, cook_id) VALUES (51, 140);
INSERT INTO recipe_cook(recipe_id, cook_id) VALUES (51, 176);
INSERT INTO recipe_cook(recipe_id, cook_id) VALUES (51, 196);
INSERT INTO recipe_cook(recipe_id, cook_id) VALUES (51, 116);
INSERT INTO recipe_cook(recipe_id, cook_id) VALUES (51, 163);
INSERT INTO recipe_cook(recipe_id, cook_id) VALUES (51, 86);
INSERT INTO recipe_cook(recipe_id, cook_id) VALUES (51, 89);
INSERT INTO recipe_cook(recipe_id, cook_id) VALUES (51, 172);
INSERT INTO recipe_cook(recipe_id, cook_id) VALUES (51, 85);
INSERT INTO recipe_cook(recipe_id, cook_id) VALUES (51, 122);
INSERT INTO recipe_cook(recipe_id, cook_id) VALUES (51, 131);
INSERT INTO recipe_cook(recipe_id, cook_id) VALUES (51, 115);
INSERT INTO recipe_cook(recipe_id, cook_id) VALUES (51, 139);
INSERT INTO recipe_cook(recipe_id, cook_id) VALUES (51, 29);
INSERT INTO recipe_cook(recipe_id, cook_id) VALUES (51, 143);
INSERT INTO recipe_cook(recipe_id, cook_id) VALUES (51, 62);
INSERT INTO recipe_cook(recipe_id, cook_id) VALUES (51, 12);
INSERT INTO recipe_cook(recipe_id, cook_id) VALUES (51, 155);
INSERT INTO recipe_cook(recipe_id, cook_id) VALUES (51, 108);
INSERT INTO recipe_cook(recipe_id, cook_id) VALUES (51, 73);
INSERT INTO recipe_cook(recipe_id, cook_id) VALUES (51, 192);
INSERT INTO recipe_cook(recipe_id, cook_id) VALUES (51, 133);
INSERT INTO recipe_cook(recipe_id, cook_id) VALUES (51, 136);
INSERT INTO recipe_cook(recipe_id, cook_id) VALUES (51, 67);
INSERT INTO recipe_cook(recipe_id, cook_id) VALUES (51, 179);
INSERT INTO recipe_cook(recipe_id, cook_id) VALUES (51, 126);
INSERT INTO recipe_cook(recipe_id, cook_id) VALUES (51, 165);
INSERT INTO recipe_cook(recipe_id, cook_id) VALUES (51, 153);
INSERT INTO recipe_cook(recipe_id, cook_id) VALUES (51, 118);
INSERT INTO recipe_cook(recipe_id, cook_id) VALUES (51, 93);
INSERT INTO recipe_cook(recipe_id, cook_id) VALUES (51, 13);
INSERT INTO recipe_cook(recipe_id, cook_id) VALUES (51, 138);
INSERT INTO recipe_cook(recipe_id, cook_id) VALUES (51, 114);
INSERT INTO recipe_cook(recipe_id, cook_id) VALUES (51, 5);
INSERT INTO recipe_cook(recipe_id, cook_id) VALUES (51, 112);
INSERT INTO recipe_cook(recipe_id, cook_id) VALUES (51, 7);
INSERT INTO recipe_cook(recipe_id, cook_id) VALUES (51, 30);
INSERT INTO recipe_cook(recipe_id, cook_id) VALUES (51, 76);
INSERT INTO recipe_cook(recipe_id, cook_id) VALUES (51, 63);
INSERT INTO recipe_cook(recipe_id, cook_id) VALUES (51, 113);
INSERT INTO recipe_cook(recipe_id, cook_id) VALUES (51, 34);
INSERT INTO recipe_cook(recipe_id, cook_id) VALUES (51, 56);
INSERT INTO recipe_cook(recipe_id, cook_id) VALUES (51, 170);
INSERT INTO recipe_cook(recipe_id, cook_id) VALUES (51, 152);
INSERT INTO recipe_cook(recipe_id, cook_id) VALUES (51, 193);
INSERT INTO recipe_cook(recipe_id, cook_id) VALUES (51, 195);
INSERT INTO recipe_cook(recipe_id, cook_id) VALUES (51, 130);
INSERT INTO recipe_cook(recipe_id, cook_id) VALUES (51, 171);
INSERT INTO recipe_cook(recipe_id, cook_id) VALUES (51, 92);
INSERT INTO recipe_cook(recipe_id, cook_id) VALUES (51, 72);
INSERT INTO recipe_cook(recipe_id, cook_id) VALUES (51, 168);
INSERT INTO recipe_cook(recipe_id, cook_id) VALUES (51, 174);
INSERT INTO recipe_cook(recipe_id, cook_id) VALUES (51, 66);
INSERT INTO recipe_cook(recipe_id, cook_id) VALUES (51, 50);
INSERT INTO recipe_cook(recipe_id, cook_id) VALUES (51, 25);
INSERT INTO recipe_cook(recipe_id, cook_id) VALUES (51, 125);
INSERT INTO recipe_cook(recipe_id, cook_id) VALUES (51, 198);
INSERT INTO recipe_cook(recipe_id, cook_id) VALUES (51, 45);
INSERT INTO recipe_cook(recipe_id, cook_id) VALUES (51, 75);
INSERT INTO recipe_cook(recipe_id, cook_id) VALUES (51, 129);
INSERT INTO recipe_cook(recipe_id, cook_id) VALUES (51, 173);
INSERT INTO recipe_cook(recipe_id, cook_id) VALUES (51, 147);
INSERT INTO recipe_cook(recipe_id, cook_id) VALUES (51, 189);
INSERT INTO recipe_cook(recipe_id, cook_id) VALUES (51, 4);
INSERT INTO recipe_cook(recipe_id, cook_id) VALUES (51, 156);
INSERT INTO recipe_cook(recipe_id, cook_id) VALUES (51, 183);
INSERT INTO recipe_cook(recipe_id, cook_id) VALUES (51, 151);
INSERT INTO recipe_cook(recipe_id, cook_id) VALUES (51, 142);
INSERT INTO recipe_cook(recipe_id, cook_id) VALUES (51, 36);
INSERT INTO recipe_cook(recipe_id, cook_id) VALUES (51, 146);
INSERT INTO recipe_cook(recipe_id, cook_id) VALUES (51, 31);
INSERT INTO recipe_cook(recipe_id, cook_id) VALUES (51, 14);
INSERT INTO recipe_cook(recipe_id, cook_id) VALUES (51, 79);
INSERT INTO recipe_cook(recipe_id, cook_id) VALUES (51, 109);
INSERT INTO recipe_cook(recipe_id, cook_id) VALUES (51, 184);
INSERT INTO recipe_cook(recipe_id, cook_id) VALUES (51, 95);
INSERT INTO recipe_cook(recipe_id, cook_id) VALUES (51, 135);
INSERT INTO recipe_cook(recipe_id, cook_id) VALUES (51, 99);
INSERT INTO recipe_cook(recipe_id, cook_id) VALUES (51, 69);
INSERT INTO recipe_cook(recipe_id, cook_id) VALUES (51, 33);
INSERT INTO recipe_cook(recipe_id, cook_id) VALUES (51, 137);
INSERT INTO recipe_cook(recipe_id, cook_id) VALUES (51, 190);
INSERT INTO recipe_theme(recipe_id, theme_id) VALUES (51, 31);
INSERT INTO recipe_theme(recipe_id, theme_id) VALUES (51, 1);
INSERT INTO recipe_tip(recipe_id, tip_id) VALUES (51, 33);
INSERT INTO recipe_tip(recipe_id, tip_id) VALUES (51, 2);

INSERT INTO recipe(baking, cuisine_id, difficulty, title, recipe_description, prep_time, cook_time, portions, fat_portion, protein_portion, carbo_portion, picture, picture_description) VALUES(1, 32, 4,'Baba Ganoush', 'Building magazine almost live cultural. Yet television great successful once executive. Seat response upon part above man you if.', 95, 0, 3, 15, 60,60, 'https://placekitten.com/354/336', 'Argue face society difference ahead end I the.');
INSERT INTO recipe_meal_type(recipe_id, meal_type_id) VALUES (52, 3);
INSERT INTO recipe_tag(recipe_id, tag_id) VALUES (52, 83);
INSERT INTO recipe_tag(recipe_id, tag_id) VALUES (52, 54);
INSERT INTO recipe_tag(recipe_id, tag_id) VALUES (52, 98);
INSERT INTO recipe_tag(recipe_id, tag_id) VALUES (52, 61);
INSERT INTO recipe_tag(recipe_id, tag_id) VALUES (52, 100);
INSERT INTO recipe_tag(recipe_id, tag_id) VALUES (52, 85);
INSERT INTO recipe_tag(recipe_id, tag_id) VALUES (52, 73);
INSERT INTO recipe_tag(recipe_id, tag_id) VALUES (52, 20);
INSERT INTO recipe_equipment(recipe_id, equipment_id, num) VALUES (52, 6, 2);
INSERT INTO recipe_equipment(recipe_id, equipment_id, num) VALUES (52, 16, 4);
INSERT INTO recipe_equipment(recipe_id, equipment_id, num) VALUES (52, 10, 2);
INSERT INTO recipe_equipment(recipe_id, equipment_id, num) VALUES (52, 11, 1);
INSERT INTO recipe_cook(recipe_id, cook_id) VALUES (52, 197);
INSERT INTO recipe_cook(recipe_id, cook_id) VALUES (52, 149);
INSERT INTO recipe_cook(recipe_id, cook_id) VALUES (52, 124);
INSERT INTO recipe_cook(recipe_id, cook_id) VALUES (52, 163);
INSERT INTO recipe_cook(recipe_id, cook_id) VALUES (52, 3);
INSERT INTO recipe_cook(recipe_id, cook_id) VALUES (52, 10);
INSERT INTO recipe_cook(recipe_id, cook_id) VALUES (52, 195);
INSERT INTO recipe_cook(recipe_id, cook_id) VALUES (52, 127);
INSERT INTO recipe_cook(recipe_id, cook_id) VALUES (52, 46);
INSERT INTO recipe_cook(recipe_id, cook_id) VALUES (52, 180);
INSERT INTO recipe_cook(recipe_id, cook_id) VALUES (52, 72);
INSERT INTO recipe_cook(recipe_id, cook_id) VALUES (52, 107);
INSERT INTO recipe_cook(recipe_id, cook_id) VALUES (52, 178);
INSERT INTO recipe_cook(recipe_id, cook_id) VALUES (52, 185);
INSERT INTO recipe_cook(recipe_id, cook_id) VALUES (52, 162);
INSERT INTO recipe_cook(recipe_id, cook_id) VALUES (52, 196);
INSERT INTO recipe_cook(recipe_id, cook_id) VALUES (52, 199);
INSERT INTO recipe_cook(recipe_id, cook_id) VALUES (52, 96);
INSERT INTO recipe_cook(recipe_id, cook_id) VALUES (52, 51);
INSERT INTO recipe_cook(recipe_id, cook_id) VALUES (52, 6);
INSERT INTO recipe_cook(recipe_id, cook_id) VALUES (52, 94);
INSERT INTO recipe_cook(recipe_id, cook_id) VALUES (52, 33);
INSERT INTO recipe_cook(recipe_id, cook_id) VALUES (52, 65);
INSERT INTO recipe_cook(recipe_id, cook_id) VALUES (52, 83);
INSERT INTO recipe_cook(recipe_id, cook_id) VALUES (52, 121);
INSERT INTO recipe_cook(recipe_id, cook_id) VALUES (52, 11);
INSERT INTO recipe_cook(recipe_id, cook_id) VALUES (52, 100);
INSERT INTO recipe_cook(recipe_id, cook_id) VALUES (52, 112);
INSERT INTO recipe_cook(recipe_id, cook_id) VALUES (52, 18);
INSERT INTO recipe_cook(recipe_id, cook_id) VALUES (52, 166);
INSERT INTO recipe_cook(recipe_id, cook_id) VALUES (52, 9);
INSERT INTO recipe_cook(recipe_id, cook_id) VALUES (52, 27);
INSERT INTO recipe_cook(recipe_id, cook_id) VALUES (52, 93);
INSERT INTO recipe_cook(recipe_id, cook_id) VALUES (52, 138);
INSERT INTO recipe_cook(recipe_id, cook_id) VALUES (52, 142);
INSERT INTO recipe_cook(recipe_id, cook_id) VALUES (52, 143);
INSERT INTO recipe_cook(recipe_id, cook_id) VALUES (52, 77);
INSERT INTO recipe_cook(recipe_id, cook_id) VALUES (52, 146);
INSERT INTO recipe_cook(recipe_id, cook_id) VALUES (52, 110);
INSERT INTO recipe_cook(recipe_id, cook_id) VALUES (52, 62);
INSERT INTO recipe_cook(recipe_id, cook_id) VALUES (52, 134);
INSERT INTO recipe_cook(recipe_id, cook_id) VALUES (52, 140);
INSERT INTO recipe_cook(recipe_id, cook_id) VALUES (52, 120);
INSERT INTO recipe_cook(recipe_id, cook_id) VALUES (52, 153);
INSERT INTO recipe_cook(recipe_id, cook_id) VALUES (52, 70);
INSERT INTO recipe_cook(recipe_id, cook_id) VALUES (52, 25);
INSERT INTO recipe_cook(recipe_id, cook_id) VALUES (52, 28);
INSERT INTO recipe_cook(recipe_id, cook_id) VALUES (52, 179);
INSERT INTO recipe_cook(recipe_id, cook_id) VALUES (52, 182);
INSERT INTO recipe_cook(recipe_id, cook_id) VALUES (52, 115);
INSERT INTO recipe_cook(recipe_id, cook_id) VALUES (52, 128);
INSERT INTO recipe_cook(recipe_id, cook_id) VALUES (52, 106);
INSERT INTO recipe_cook(recipe_id, cook_id) VALUES (52, 167);
INSERT INTO recipe_cook(recipe_id, cook_id) VALUES (52, 91);
INSERT INTO recipe_cook(recipe_id, cook_id) VALUES (52, 12);
INSERT INTO recipe_cook(recipe_id, cook_id) VALUES (52, 154);
INSERT INTO recipe_cook(recipe_id, cook_id) VALUES (52, 177);
INSERT INTO recipe_cook(recipe_id, cook_id) VALUES (52, 5);
INSERT INTO recipe_cook(recipe_id, cook_id) VALUES (52, 2);
INSERT INTO recipe_cook(recipe_id, cook_id) VALUES (52, 144);
INSERT INTO recipe_cook(recipe_id, cook_id) VALUES (52, 43);
INSERT INTO recipe_cook(recipe_id, cook_id) VALUES (52, 75);
INSERT INTO recipe_cook(recipe_id, cook_id) VALUES (52, 147);
INSERT INTO recipe_cook(recipe_id, cook_id) VALUES (52, 101);
INSERT INTO recipe_cook(recipe_id, cook_id) VALUES (52, 23);
INSERT INTO recipe_cook(recipe_id, cook_id) VALUES (52, 82);
INSERT INTO recipe_cook(recipe_id, cook_id) VALUES (52, 184);
INSERT INTO recipe_cook(recipe_id, cook_id) VALUES (52, 1);
INSERT INTO recipe_cook(recipe_id, cook_id) VALUES (52, 37);
INSERT INTO recipe_cook(recipe_id, cook_id) VALUES (52, 74);
INSERT INTO recipe_cook(recipe_id, cook_id) VALUES (52, 88);
INSERT INTO recipe_cook(recipe_id, cook_id) VALUES (52, 160);
INSERT INTO recipe_cook(recipe_id, cook_id) VALUES (52, 54);
INSERT INTO recipe_cook(recipe_id, cook_id) VALUES (52, 190);
INSERT INTO recipe_cook(recipe_id, cook_id) VALUES (52, 19);
INSERT INTO recipe_cook(recipe_id, cook_id) VALUES (52, 17);
INSERT INTO recipe_cook(recipe_id, cook_id) VALUES (52, 132);
INSERT INTO recipe_cook(recipe_id, cook_id) VALUES (52, 67);
INSERT INTO recipe_cook(recipe_id, cook_id) VALUES (52, 171);
INSERT INTO recipe_cook(recipe_id, cook_id) VALUES (52, 71);
INSERT INTO recipe_cook(recipe_id, cook_id) VALUES (52, 157);
INSERT INTO recipe_cook(recipe_id, cook_id) VALUES (52, 73);
INSERT INTO recipe_cook(recipe_id, cook_id) VALUES (52, 151);
INSERT INTO recipe_cook(recipe_id, cook_id) VALUES (52, 34);
INSERT INTO recipe_cook(recipe_id, cook_id) VALUES (52, 92);
INSERT INTO recipe_cook(recipe_id, cook_id) VALUES (52, 102);
INSERT INTO recipe_cook(recipe_id, cook_id) VALUES (52, 155);
INSERT INTO recipe_cook(recipe_id, cook_id) VALUES (52, 200);
INSERT INTO recipe_cook(recipe_id, cook_id) VALUES (52, 89);
INSERT INTO recipe_cook(recipe_id, cook_id) VALUES (52, 176);
INSERT INTO recipe_cook(recipe_id, cook_id) VALUES (52, 13);
INSERT INTO recipe_cook(recipe_id, cook_id) VALUES (52, 123);
INSERT INTO recipe_theme(recipe_id, theme_id) VALUES (52, 13);
INSERT INTO recipe_theme(recipe_id, theme_id) VALUES (52, 19);
INSERT INTO recipe_tip(recipe_id, tip_id) VALUES (52, 10);

INSERT INTO recipe(baking, cuisine_id, difficulty, title, recipe_description, prep_time, cook_time, portions, fat_portion, protein_portion, carbo_portion, picture, picture_description) VALUES(0, 46, 3,'Cobb Salad', 'Blue herself fill. Determine six happen free finish worker politics ability.', 85, 40, 3, 10, 5,55, 'https://dummyimage.com/130x843', 'Value month mean population.');
INSERT INTO recipe_meal_type(recipe_id, meal_type_id) VALUES (53, 4);
INSERT INTO recipe_tag(recipe_id, tag_id) VALUES (53, 72);
INSERT INTO recipe_tag(recipe_id, tag_id) VALUES (53, 69);
INSERT INTO recipe_equipment(recipe_id, equipment_id, num) VALUES (53, 12, 1);
INSERT INTO recipe_equipment(recipe_id, equipment_id, num) VALUES (53, 5, 3);
INSERT INTO recipe_equipment(recipe_id, equipment_id, num) VALUES (53, 1, 1);
INSERT INTO recipe_equipment(recipe_id, equipment_id, num) VALUES (53, 18, 1);
INSERT INTO recipe_cook(recipe_id, cook_id) VALUES (53, 114);
INSERT INTO recipe_cook(recipe_id, cook_id) VALUES (53, 154);
INSERT INTO recipe_cook(recipe_id, cook_id) VALUES (53, 55);
INSERT INTO recipe_cook(recipe_id, cook_id) VALUES (53, 168);
INSERT INTO recipe_cook(recipe_id, cook_id) VALUES (53, 120);
INSERT INTO recipe_cook(recipe_id, cook_id) VALUES (53, 16);
INSERT INTO recipe_cook(recipe_id, cook_id) VALUES (53, 9);
INSERT INTO recipe_cook(recipe_id, cook_id) VALUES (53, 163);
INSERT INTO recipe_cook(recipe_id, cook_id) VALUES (53, 24);
INSERT INTO recipe_cook(recipe_id, cook_id) VALUES (53, 153);
INSERT INTO recipe_cook(recipe_id, cook_id) VALUES (53, 142);
INSERT INTO recipe_cook(recipe_id, cook_id) VALUES (53, 90);
INSERT INTO recipe_cook(recipe_id, cook_id) VALUES (53, 157);
INSERT INTO recipe_cook(recipe_id, cook_id) VALUES (53, 29);
INSERT INTO recipe_cook(recipe_id, cook_id) VALUES (53, 127);
INSERT INTO recipe_cook(recipe_id, cook_id) VALUES (53, 125);
INSERT INTO recipe_cook(recipe_id, cook_id) VALUES (53, 179);
INSERT INTO recipe_cook(recipe_id, cook_id) VALUES (53, 28);
INSERT INTO recipe_cook(recipe_id, cook_id) VALUES (53, 178);
INSERT INTO recipe_cook(recipe_id, cook_id) VALUES (53, 174);
INSERT INTO recipe_cook(recipe_id, cook_id) VALUES (53, 79);
INSERT INTO recipe_cook(recipe_id, cook_id) VALUES (53, 173);
INSERT INTO recipe_cook(recipe_id, cook_id) VALUES (53, 111);
INSERT INTO recipe_cook(recipe_id, cook_id) VALUES (53, 141);
INSERT INTO recipe_cook(recipe_id, cook_id) VALUES (53, 61);
INSERT INTO recipe_cook(recipe_id, cook_id) VALUES (53, 40);
INSERT INTO recipe_cook(recipe_id, cook_id) VALUES (53, 167);
INSERT INTO recipe_cook(recipe_id, cook_id) VALUES (53, 7);
INSERT INTO recipe_cook(recipe_id, cook_id) VALUES (53, 190);
INSERT INTO recipe_cook(recipe_id, cook_id) VALUES (53, 132);
INSERT INTO recipe_cook(recipe_id, cook_id) VALUES (53, 15);
INSERT INTO recipe_cook(recipe_id, cook_id) VALUES (53, 100);
INSERT INTO recipe_cook(recipe_id, cook_id) VALUES (53, 122);
INSERT INTO recipe_cook(recipe_id, cook_id) VALUES (53, 124);
INSERT INTO recipe_cook(recipe_id, cook_id) VALUES (53, 45);
INSERT INTO recipe_cook(recipe_id, cook_id) VALUES (53, 188);
INSERT INTO recipe_cook(recipe_id, cook_id) VALUES (53, 199);
INSERT INTO recipe_cook(recipe_id, cook_id) VALUES (53, 6);
INSERT INTO recipe_cook(recipe_id, cook_id) VALUES (53, 22);
INSERT INTO recipe_cook(recipe_id, cook_id) VALUES (53, 176);
INSERT INTO recipe_cook(recipe_id, cook_id) VALUES (53, 64);
INSERT INTO recipe_cook(recipe_id, cook_id) VALUES (53, 126);
INSERT INTO recipe_cook(recipe_id, cook_id) VALUES (53, 194);
INSERT INTO recipe_cook(recipe_id, cook_id) VALUES (53, 165);
INSERT INTO recipe_cook(recipe_id, cook_id) VALUES (53, 36);
INSERT INTO recipe_cook(recipe_id, cook_id) VALUES (53, 44);
INSERT INTO recipe_cook(recipe_id, cook_id) VALUES (53, 32);
INSERT INTO recipe_cook(recipe_id, cook_id) VALUES (53, 162);
INSERT INTO recipe_cook(recipe_id, cook_id) VALUES (53, 30);
INSERT INTO recipe_cook(recipe_id, cook_id) VALUES (53, 170);
INSERT INTO recipe_cook(recipe_id, cook_id) VALUES (53, 161);
INSERT INTO recipe_cook(recipe_id, cook_id) VALUES (53, 102);
INSERT INTO recipe_cook(recipe_id, cook_id) VALUES (53, 18);
INSERT INTO recipe_cook(recipe_id, cook_id) VALUES (53, 39);
INSERT INTO recipe_cook(recipe_id, cook_id) VALUES (53, 116);
INSERT INTO recipe_cook(recipe_id, cook_id) VALUES (53, 62);
INSERT INTO recipe_cook(recipe_id, cook_id) VALUES (53, 38);
INSERT INTO recipe_cook(recipe_id, cook_id) VALUES (53, 92);
INSERT INTO recipe_cook(recipe_id, cook_id) VALUES (53, 75);
INSERT INTO recipe_cook(recipe_id, cook_id) VALUES (53, 50);
INSERT INTO recipe_cook(recipe_id, cook_id) VALUES (53, 131);
INSERT INTO recipe_cook(recipe_id, cook_id) VALUES (53, 35);
INSERT INTO recipe_cook(recipe_id, cook_id) VALUES (53, 91);
INSERT INTO recipe_cook(recipe_id, cook_id) VALUES (53, 59);
INSERT INTO recipe_cook(recipe_id, cook_id) VALUES (53, 47);
INSERT INTO recipe_cook(recipe_id, cook_id) VALUES (53, 20);
INSERT INTO recipe_cook(recipe_id, cook_id) VALUES (53, 147);
INSERT INTO recipe_cook(recipe_id, cook_id) VALUES (53, 23);
INSERT INTO recipe_cook(recipe_id, cook_id) VALUES (53, 113);
INSERT INTO recipe_cook(recipe_id, cook_id) VALUES (53, 169);
INSERT INTO recipe_cook(recipe_id, cook_id) VALUES (53, 74);
INSERT INTO recipe_cook(recipe_id, cook_id) VALUES (53, 152);
INSERT INTO recipe_cook(recipe_id, cook_id) VALUES (53, 88);
INSERT INTO recipe_cook(recipe_id, cook_id) VALUES (53, 171);
INSERT INTO recipe_cook(recipe_id, cook_id) VALUES (53, 180);
INSERT INTO recipe_cook(recipe_id, cook_id) VALUES (53, 2);
INSERT INTO recipe_cook(recipe_id, cook_id) VALUES (53, 1);
INSERT INTO recipe_cook(recipe_id, cook_id) VALUES (53, 128);
INSERT INTO recipe_cook(recipe_id, cook_id) VALUES (53, 159);
INSERT INTO recipe_cook(recipe_id, cook_id) VALUES (53, 187);
INSERT INTO recipe_cook(recipe_id, cook_id) VALUES (53, 160);
INSERT INTO recipe_cook(recipe_id, cook_id) VALUES (53, 25);
INSERT INTO recipe_cook(recipe_id, cook_id) VALUES (53, 130);
INSERT INTO recipe_cook(recipe_id, cook_id) VALUES (53, 86);
INSERT INTO recipe_cook(recipe_id, cook_id) VALUES (53, 134);
INSERT INTO recipe_cook(recipe_id, cook_id) VALUES (53, 26);
INSERT INTO recipe_cook(recipe_id, cook_id) VALUES (53, 155);
INSERT INTO recipe_cook(recipe_id, cook_id) VALUES (53, 21);
INSERT INTO recipe_cook(recipe_id, cook_id) VALUES (53, 156);
INSERT INTO recipe_cook(recipe_id, cook_id) VALUES (53, 54);
INSERT INTO recipe_cook(recipe_id, cook_id) VALUES (53, 108);
INSERT INTO recipe_cook(recipe_id, cook_id) VALUES (53, 89);
INSERT INTO recipe_cook(recipe_id, cook_id) VALUES (53, 164);
INSERT INTO recipe_cook(recipe_id, cook_id) VALUES (53, 5);
INSERT INTO recipe_cook(recipe_id, cook_id) VALUES (53, 43);
INSERT INTO recipe_cook(recipe_id, cook_id) VALUES (53, 140);
INSERT INTO recipe_cook(recipe_id, cook_id) VALUES (53, 19);
INSERT INTO recipe_cook(recipe_id, cook_id) VALUES (53, 117);
INSERT INTO recipe_cook(recipe_id, cook_id) VALUES (53, 133);
INSERT INTO recipe_cook(recipe_id, cook_id) VALUES (53, 58);
INSERT INTO recipe_theme(recipe_id, theme_id) VALUES (53, 38);
INSERT INTO recipe_tip(recipe_id, tip_id) VALUES (53, 3);

INSERT INTO recipe(baking, cuisine_id, difficulty, title, recipe_description, prep_time, cook_time, portions, fat_portion, protein_portion, carbo_portion, picture, picture_description) VALUES(0, 37, 3,'Beef Stew', 'Money material hotel range though. Thought live nothing as minute least accept respond.', 25, 50, 5, 0, 65,35, 'https://picsum.photos/38/916', 'Food act leader play drive better front.');
INSERT INTO recipe_meal_type(recipe_id, meal_type_id) VALUES (54, 6);
INSERT INTO recipe_tag(recipe_id, tag_id) VALUES (54, 87);
INSERT INTO recipe_tag(recipe_id, tag_id) VALUES (54, 17);
INSERT INTO recipe_tag(recipe_id, tag_id) VALUES (54, 98);
INSERT INTO recipe_tag(recipe_id, tag_id) VALUES (54, 35);
INSERT INTO recipe_tag(recipe_id, tag_id) VALUES (54, 73);
INSERT INTO recipe_tag(recipe_id, tag_id) VALUES (54, 31);
INSERT INTO recipe_tag(recipe_id, tag_id) VALUES (54, 1);
INSERT INTO recipe_tag(recipe_id, tag_id) VALUES (54, 97);
INSERT INTO recipe_equipment(recipe_id, equipment_id, num) VALUES (54, 12, 3);
INSERT INTO recipe_equipment(recipe_id, equipment_id, num) VALUES (54, 11, 1);
INSERT INTO recipe_equipment(recipe_id, equipment_id, num) VALUES (54, 8, 2);
INSERT INTO recipe_cook(recipe_id, cook_id) VALUES (54, 139);
INSERT INTO recipe_cook(recipe_id, cook_id) VALUES (54, 41);
INSERT INTO recipe_cook(recipe_id, cook_id) VALUES (54, 167);
INSERT INTO recipe_cook(recipe_id, cook_id) VALUES (54, 40);
INSERT INTO recipe_cook(recipe_id, cook_id) VALUES (54, 117);
INSERT INTO recipe_cook(recipe_id, cook_id) VALUES (54, 37);
INSERT INTO recipe_cook(recipe_id, cook_id) VALUES (54, 54);
INSERT INTO recipe_cook(recipe_id, cook_id) VALUES (54, 34);
INSERT INTO recipe_cook(recipe_id, cook_id) VALUES (54, 168);
INSERT INTO recipe_cook(recipe_id, cook_id) VALUES (54, 42);
INSERT INTO recipe_cook(recipe_id, cook_id) VALUES (54, 145);
INSERT INTO recipe_cook(recipe_id, cook_id) VALUES (54, 132);
INSERT INTO recipe_cook(recipe_id, cook_id) VALUES (54, 83);
INSERT INTO recipe_cook(recipe_id, cook_id) VALUES (54, 88);
INSERT INTO recipe_cook(recipe_id, cook_id) VALUES (54, 184);
INSERT INTO recipe_cook(recipe_id, cook_id) VALUES (54, 82);
INSERT INTO recipe_cook(recipe_id, cook_id) VALUES (54, 63);
INSERT INTO recipe_cook(recipe_id, cook_id) VALUES (54, 93);
INSERT INTO recipe_cook(recipe_id, cook_id) VALUES (54, 9);
INSERT INTO recipe_cook(recipe_id, cook_id) VALUES (54, 135);
INSERT INTO recipe_cook(recipe_id, cook_id) VALUES (54, 3);
INSERT INTO recipe_cook(recipe_id, cook_id) VALUES (54, 126);
INSERT INTO recipe_cook(recipe_id, cook_id) VALUES (54, 104);
INSERT INTO recipe_cook(recipe_id, cook_id) VALUES (54, 76);
INSERT INTO recipe_cook(recipe_id, cook_id) VALUES (54, 163);
INSERT INTO recipe_cook(recipe_id, cook_id) VALUES (54, 91);
INSERT INTO recipe_cook(recipe_id, cook_id) VALUES (54, 97);
INSERT INTO recipe_cook(recipe_id, cook_id) VALUES (54, 14);
INSERT INTO recipe_cook(recipe_id, cook_id) VALUES (54, 75);
INSERT INTO recipe_cook(recipe_id, cook_id) VALUES (54, 96);
INSERT INTO recipe_cook(recipe_id, cook_id) VALUES (54, 47);
INSERT INTO recipe_cook(recipe_id, cook_id) VALUES (54, 141);
INSERT INTO recipe_cook(recipe_id, cook_id) VALUES (54, 59);
INSERT INTO recipe_cook(recipe_id, cook_id) VALUES (54, 192);
INSERT INTO recipe_cook(recipe_id, cook_id) VALUES (54, 134);
INSERT INTO recipe_cook(recipe_id, cook_id) VALUES (54, 191);
INSERT INTO recipe_cook(recipe_id, cook_id) VALUES (54, 198);
INSERT INTO recipe_cook(recipe_id, cook_id) VALUES (54, 125);
INSERT INTO recipe_cook(recipe_id, cook_id) VALUES (54, 183);
INSERT INTO recipe_cook(recipe_id, cook_id) VALUES (54, 171);
INSERT INTO recipe_cook(recipe_id, cook_id) VALUES (54, 44);
INSERT INTO recipe_cook(recipe_id, cook_id) VALUES (54, 27);
INSERT INTO recipe_cook(recipe_id, cook_id) VALUES (54, 79);
INSERT INTO recipe_cook(recipe_id, cook_id) VALUES (54, 147);
INSERT INTO recipe_cook(recipe_id, cook_id) VALUES (54, 8);
INSERT INTO recipe_cook(recipe_id, cook_id) VALUES (54, 66);
INSERT INTO recipe_cook(recipe_id, cook_id) VALUES (54, 110);
INSERT INTO recipe_cook(recipe_id, cook_id) VALUES (54, 52);
INSERT INTO recipe_cook(recipe_id, cook_id) VALUES (54, 4);
INSERT INTO recipe_cook(recipe_id, cook_id) VALUES (54, 80);
INSERT INTO recipe_cook(recipe_id, cook_id) VALUES (54, 49);
INSERT INTO recipe_cook(recipe_id, cook_id) VALUES (54, 178);
INSERT INTO recipe_cook(recipe_id, cook_id) VALUES (54, 159);
INSERT INTO recipe_cook(recipe_id, cook_id) VALUES (54, 84);
INSERT INTO recipe_cook(recipe_id, cook_id) VALUES (54, 99);
INSERT INTO recipe_cook(recipe_id, cook_id) VALUES (54, 60);
INSERT INTO recipe_cook(recipe_id, cook_id) VALUES (54, 23);
INSERT INTO recipe_cook(recipe_id, cook_id) VALUES (54, 65);
INSERT INTO recipe_cook(recipe_id, cook_id) VALUES (54, 165);
INSERT INTO recipe_cook(recipe_id, cook_id) VALUES (54, 101);
INSERT INTO recipe_cook(recipe_id, cook_id) VALUES (54, 89);
INSERT INTO recipe_cook(recipe_id, cook_id) VALUES (54, 127);
INSERT INTO recipe_cook(recipe_id, cook_id) VALUES (54, 67);
INSERT INTO recipe_cook(recipe_id, cook_id) VALUES (54, 68);
INSERT INTO recipe_cook(recipe_id, cook_id) VALUES (54, 133);
INSERT INTO recipe_cook(recipe_id, cook_id) VALUES (54, 199);
INSERT INTO recipe_cook(recipe_id, cook_id) VALUES (54, 131);
INSERT INTO recipe_cook(recipe_id, cook_id) VALUES (54, 186);
INSERT INTO recipe_cook(recipe_id, cook_id) VALUES (54, 45);
INSERT INTO recipe_cook(recipe_id, cook_id) VALUES (54, 195);
INSERT INTO recipe_cook(recipe_id, cook_id) VALUES (54, 180);
INSERT INTO recipe_cook(recipe_id, cook_id) VALUES (54, 154);
INSERT INTO recipe_cook(recipe_id, cook_id) VALUES (54, 193);
INSERT INTO recipe_cook(recipe_id, cook_id) VALUES (54, 128);
INSERT INTO recipe_cook(recipe_id, cook_id) VALUES (54, 39);
INSERT INTO recipe_cook(recipe_id, cook_id) VALUES (54, 102);
INSERT INTO recipe_cook(recipe_id, cook_id) VALUES (54, 85);
INSERT INTO recipe_cook(recipe_id, cook_id) VALUES (54, 73);
INSERT INTO recipe_cook(recipe_id, cook_id) VALUES (54, 10);
INSERT INTO recipe_cook(recipe_id, cook_id) VALUES (54, 30);
INSERT INTO recipe_cook(recipe_id, cook_id) VALUES (54, 137);
INSERT INTO recipe_cook(recipe_id, cook_id) VALUES (54, 94);
INSERT INTO recipe_cook(recipe_id, cook_id) VALUES (54, 61);
INSERT INTO recipe_cook(recipe_id, cook_id) VALUES (54, 2);
INSERT INTO recipe_cook(recipe_id, cook_id) VALUES (54, 11);
INSERT INTO recipe_cook(recipe_id, cook_id) VALUES (54, 22);
INSERT INTO recipe_cook(recipe_id, cook_id) VALUES (54, 161);
INSERT INTO recipe_cook(recipe_id, cook_id) VALUES (54, 87);
INSERT INTO recipe_cook(recipe_id, cook_id) VALUES (54, 143);
INSERT INTO recipe_cook(recipe_id, cook_id) VALUES (54, 140);
INSERT INTO recipe_cook(recipe_id, cook_id) VALUES (54, 160);
INSERT INTO recipe_cook(recipe_id, cook_id) VALUES (54, 136);
INSERT INTO recipe_cook(recipe_id, cook_id) VALUES (54, 5);
INSERT INTO recipe_cook(recipe_id, cook_id) VALUES (54, 7);
INSERT INTO recipe_cook(recipe_id, cook_id) VALUES (54, 55);
INSERT INTO recipe_theme(recipe_id, theme_id) VALUES (54, 9);
INSERT INTO recipe_tip(recipe_id, tip_id) VALUES (54, 4);
INSERT INTO recipe_tip(recipe_id, tip_id) VALUES (54, 25);

INSERT INTO recipe(baking, cuisine_id, difficulty, title, recipe_description, prep_time, cook_time, portions, fat_portion, protein_portion, carbo_portion, picture, picture_description) VALUES(0, 50, 4,'Eggplant Parmesan', 'Save require full movement project. Mrs part continue spend. Notice seem near situation worker site experience. Conference talk argue deep candidate. Behavior exactly full election use friend available smile.', 105, 80, 5, 10, 20,40, 'https://picsum.photos/102/481', 'Imagine age believe set consumer.');
INSERT INTO recipe_meal_type(recipe_id, meal_type_id) VALUES (55, 2);
INSERT INTO recipe_tag(recipe_id, tag_id) VALUES (55, 91);
INSERT INTO recipe_tag(recipe_id, tag_id) VALUES (55, 34);
INSERT INTO recipe_tag(recipe_id, tag_id) VALUES (55, 69);
INSERT INTO recipe_tag(recipe_id, tag_id) VALUES (55, 22);
INSERT INTO recipe_equipment(recipe_id, equipment_id, num) VALUES (55, 1, 3);
INSERT INTO recipe_equipment(recipe_id, equipment_id, num) VALUES (55, 15, 1);
INSERT INTO recipe_equipment(recipe_id, equipment_id, num) VALUES (55, 12, 3);
INSERT INTO recipe_equipment(recipe_id, equipment_id, num) VALUES (55, 10, 2);
INSERT INTO recipe_equipment(recipe_id, equipment_id, num) VALUES (55, 7, 3);
INSERT INTO recipe_equipment(recipe_id, equipment_id, num) VALUES (55, 19, 1);
INSERT INTO recipe_cook(recipe_id, cook_id) VALUES (55, 37);
INSERT INTO recipe_cook(recipe_id, cook_id) VALUES (55, 193);
INSERT INTO recipe_cook(recipe_id, cook_id) VALUES (55, 138);
INSERT INTO recipe_cook(recipe_id, cook_id) VALUES (55, 156);
INSERT INTO recipe_cook(recipe_id, cook_id) VALUES (55, 17);
INSERT INTO recipe_cook(recipe_id, cook_id) VALUES (55, 108);
INSERT INTO recipe_cook(recipe_id, cook_id) VALUES (55, 106);
INSERT INTO recipe_cook(recipe_id, cook_id) VALUES (55, 13);
INSERT INTO recipe_cook(recipe_id, cook_id) VALUES (55, 9);
INSERT INTO recipe_cook(recipe_id, cook_id) VALUES (55, 73);
INSERT INTO recipe_cook(recipe_id, cook_id) VALUES (55, 70);
INSERT INTO recipe_cook(recipe_id, cook_id) VALUES (55, 192);
INSERT INTO recipe_cook(recipe_id, cook_id) VALUES (55, 91);
INSERT INTO recipe_cook(recipe_id, cook_id) VALUES (55, 95);
INSERT INTO recipe_cook(recipe_id, cook_id) VALUES (55, 20);
INSERT INTO recipe_cook(recipe_id, cook_id) VALUES (55, 171);
INSERT INTO recipe_cook(recipe_id, cook_id) VALUES (55, 140);
INSERT INTO recipe_cook(recipe_id, cook_id) VALUES (55, 8);
INSERT INTO recipe_cook(recipe_id, cook_id) VALUES (55, 4);
INSERT INTO recipe_cook(recipe_id, cook_id) VALUES (55, 61);
INSERT INTO recipe_cook(recipe_id, cook_id) VALUES (55, 152);
INSERT INTO recipe_cook(recipe_id, cook_id) VALUES (55, 129);
INSERT INTO recipe_cook(recipe_id, cook_id) VALUES (55, 11);
INSERT INTO recipe_cook(recipe_id, cook_id) VALUES (55, 14);
INSERT INTO recipe_cook(recipe_id, cook_id) VALUES (55, 123);
INSERT INTO recipe_cook(recipe_id, cook_id) VALUES (55, 24);
INSERT INTO recipe_cook(recipe_id, cook_id) VALUES (55, 121);
INSERT INTO recipe_cook(recipe_id, cook_id) VALUES (55, 132);
INSERT INTO recipe_cook(recipe_id, cook_id) VALUES (55, 57);
INSERT INTO recipe_cook(recipe_id, cook_id) VALUES (55, 155);
INSERT INTO recipe_cook(recipe_id, cook_id) VALUES (55, 12);
INSERT INTO recipe_cook(recipe_id, cook_id) VALUES (55, 41);
INSERT INTO recipe_cook(recipe_id, cook_id) VALUES (55, 68);
INSERT INTO recipe_cook(recipe_id, cook_id) VALUES (55, 35);
INSERT INTO recipe_cook(recipe_id, cook_id) VALUES (55, 5);
INSERT INTO recipe_cook(recipe_id, cook_id) VALUES (55, 53);
INSERT INTO recipe_cook(recipe_id, cook_id) VALUES (55, 74);
INSERT INTO recipe_cook(recipe_id, cook_id) VALUES (55, 45);
INSERT INTO recipe_cook(recipe_id, cook_id) VALUES (55, 113);
INSERT INTO recipe_cook(recipe_id, cook_id) VALUES (55, 103);
INSERT INTO recipe_cook(recipe_id, cook_id) VALUES (55, 48);
INSERT INTO recipe_cook(recipe_id, cook_id) VALUES (55, 33);
INSERT INTO recipe_cook(recipe_id, cook_id) VALUES (55, 49);
INSERT INTO recipe_cook(recipe_id, cook_id) VALUES (55, 42);
INSERT INTO recipe_cook(recipe_id, cook_id) VALUES (55, 29);
INSERT INTO recipe_cook(recipe_id, cook_id) VALUES (55, 148);
INSERT INTO recipe_cook(recipe_id, cook_id) VALUES (55, 18);
INSERT INTO recipe_cook(recipe_id, cook_id) VALUES (55, 85);
INSERT INTO recipe_cook(recipe_id, cook_id) VALUES (55, 69);
INSERT INTO recipe_cook(recipe_id, cook_id) VALUES (55, 165);
INSERT INTO recipe_cook(recipe_id, cook_id) VALUES (55, 190);
INSERT INTO recipe_cook(recipe_id, cook_id) VALUES (55, 145);
INSERT INTO recipe_cook(recipe_id, cook_id) VALUES (55, 143);
INSERT INTO recipe_cook(recipe_id, cook_id) VALUES (55, 22);
INSERT INTO recipe_cook(recipe_id, cook_id) VALUES (55, 58);
INSERT INTO recipe_cook(recipe_id, cook_id) VALUES (55, 92);
INSERT INTO recipe_cook(recipe_id, cook_id) VALUES (55, 159);
INSERT INTO recipe_cook(recipe_id, cook_id) VALUES (55, 71);
INSERT INTO recipe_cook(recipe_id, cook_id) VALUES (55, 172);
INSERT INTO recipe_cook(recipe_id, cook_id) VALUES (55, 125);
INSERT INTO recipe_cook(recipe_id, cook_id) VALUES (55, 64);
INSERT INTO recipe_cook(recipe_id, cook_id) VALUES (55, 118);
INSERT INTO recipe_cook(recipe_id, cook_id) VALUES (55, 7);
INSERT INTO recipe_cook(recipe_id, cook_id) VALUES (55, 184);
INSERT INTO recipe_cook(recipe_id, cook_id) VALUES (55, 167);
INSERT INTO recipe_cook(recipe_id, cook_id) VALUES (55, 87);
INSERT INTO recipe_cook(recipe_id, cook_id) VALUES (55, 82);
INSERT INTO recipe_cook(recipe_id, cook_id) VALUES (55, 169);
INSERT INTO recipe_cook(recipe_id, cook_id) VALUES (55, 55);
INSERT INTO recipe_cook(recipe_id, cook_id) VALUES (55, 38);
INSERT INTO recipe_cook(recipe_id, cook_id) VALUES (55, 56);
INSERT INTO recipe_cook(recipe_id, cook_id) VALUES (55, 93);
INSERT INTO recipe_cook(recipe_id, cook_id) VALUES (55, 114);
INSERT INTO recipe_cook(recipe_id, cook_id) VALUES (55, 109);
INSERT INTO recipe_cook(recipe_id, cook_id) VALUES (55, 161);
INSERT INTO recipe_cook(recipe_id, cook_id) VALUES (55, 178);
INSERT INTO recipe_cook(recipe_id, cook_id) VALUES (55, 185);
INSERT INTO recipe_cook(recipe_id, cook_id) VALUES (55, 100);
INSERT INTO recipe_cook(recipe_id, cook_id) VALUES (55, 40);
INSERT INTO recipe_cook(recipe_id, cook_id) VALUES (55, 135);
INSERT INTO recipe_cook(recipe_id, cook_id) VALUES (55, 188);
INSERT INTO recipe_cook(recipe_id, cook_id) VALUES (55, 173);
INSERT INTO recipe_cook(recipe_id, cook_id) VALUES (55, 116);
INSERT INTO recipe_cook(recipe_id, cook_id) VALUES (55, 110);
INSERT INTO recipe_cook(recipe_id, cook_id) VALUES (55, 34);
INSERT INTO recipe_theme(recipe_id, theme_id) VALUES (55, 25);
INSERT INTO recipe_tip(recipe_id, tip_id) VALUES (55, 2);

INSERT INTO recipe(baking, cuisine_id, difficulty, title, recipe_description, prep_time, cook_time, portions, fat_portion, protein_portion, carbo_portion, picture, picture_description) VALUES(1, 46, 4,'Salsa', 'Culture arm protect here. Also experience organization window plant space old. Be upon item reality skin.', 65, 10, 5, 30, 20,50, 'https://dummyimage.com/393x622', 'Real main television me role main according.');
INSERT INTO recipe_meal_type(recipe_id, meal_type_id) VALUES (56, 6);
INSERT INTO recipe_tag(recipe_id, tag_id) VALUES (56, 72);
INSERT INTO recipe_equipment(recipe_id, equipment_id, num) VALUES (56, 8, 3);
INSERT INTO recipe_equipment(recipe_id, equipment_id, num) VALUES (56, 13, 4);
INSERT INTO recipe_equipment(recipe_id, equipment_id, num) VALUES (56, 19, 4);
INSERT INTO recipe_equipment(recipe_id, equipment_id, num) VALUES (56, 17, 1);
INSERT INTO recipe_equipment(recipe_id, equipment_id, num) VALUES (56, 3, 3);
INSERT INTO recipe_equipment(recipe_id, equipment_id, num) VALUES (56, 10, 2);
INSERT INTO recipe_equipment(recipe_id, equipment_id, num) VALUES (56, 15, 2);
INSERT INTO recipe_cook(recipe_id, cook_id) VALUES (56, 153);
INSERT INTO recipe_cook(recipe_id, cook_id) VALUES (56, 192);
INSERT INTO recipe_cook(recipe_id, cook_id) VALUES (56, 14);
INSERT INTO recipe_cook(recipe_id, cook_id) VALUES (56, 97);
INSERT INTO recipe_cook(recipe_id, cook_id) VALUES (56, 66);
INSERT INTO recipe_cook(recipe_id, cook_id) VALUES (56, 16);
INSERT INTO recipe_cook(recipe_id, cook_id) VALUES (56, 25);
INSERT INTO recipe_cook(recipe_id, cook_id) VALUES (56, 109);
INSERT INTO recipe_cook(recipe_id, cook_id) VALUES (56, 29);
INSERT INTO recipe_cook(recipe_id, cook_id) VALUES (56, 111);
INSERT INTO recipe_cook(recipe_id, cook_id) VALUES (56, 30);
INSERT INTO recipe_cook(recipe_id, cook_id) VALUES (56, 26);
INSERT INTO recipe_cook(recipe_id, cook_id) VALUES (56, 68);
INSERT INTO recipe_cook(recipe_id, cook_id) VALUES (56, 87);
INSERT INTO recipe_cook(recipe_id, cook_id) VALUES (56, 74);
INSERT INTO recipe_cook(recipe_id, cook_id) VALUES (56, 49);
INSERT INTO recipe_cook(recipe_id, cook_id) VALUES (56, 48);
INSERT INTO recipe_cook(recipe_id, cook_id) VALUES (56, 51);
INSERT INTO recipe_cook(recipe_id, cook_id) VALUES (56, 69);
INSERT INTO recipe_cook(recipe_id, cook_id) VALUES (56, 91);
INSERT INTO recipe_cook(recipe_id, cook_id) VALUES (56, 95);
INSERT INTO recipe_cook(recipe_id, cook_id) VALUES (56, 54);
INSERT INTO recipe_cook(recipe_id, cook_id) VALUES (56, 39);
INSERT INTO recipe_cook(recipe_id, cook_id) VALUES (56, 137);
INSERT INTO recipe_cook(recipe_id, cook_id) VALUES (56, 84);
INSERT INTO recipe_cook(recipe_id, cook_id) VALUES (56, 31);
INSERT INTO recipe_cook(recipe_id, cook_id) VALUES (56, 128);
INSERT INTO recipe_cook(recipe_id, cook_id) VALUES (56, 47);
INSERT INTO recipe_cook(recipe_id, cook_id) VALUES (56, 168);
INSERT INTO recipe_cook(recipe_id, cook_id) VALUES (56, 139);
INSERT INTO recipe_cook(recipe_id, cook_id) VALUES (56, 57);
INSERT INTO recipe_cook(recipe_id, cook_id) VALUES (56, 182);
INSERT INTO recipe_cook(recipe_id, cook_id) VALUES (56, 72);
INSERT INTO recipe_cook(recipe_id, cook_id) VALUES (56, 171);
INSERT INTO recipe_cook(recipe_id, cook_id) VALUES (56, 162);
INSERT INTO recipe_cook(recipe_id, cook_id) VALUES (56, 76);
INSERT INTO recipe_cook(recipe_id, cook_id) VALUES (56, 191);
INSERT INTO recipe_cook(recipe_id, cook_id) VALUES (56, 140);
INSERT INTO recipe_cook(recipe_id, cook_id) VALUES (56, 127);
INSERT INTO recipe_cook(recipe_id, cook_id) VALUES (56, 200);
INSERT INTO recipe_cook(recipe_id, cook_id) VALUES (56, 119);
INSERT INTO recipe_cook(recipe_id, cook_id) VALUES (56, 101);
INSERT INTO recipe_cook(recipe_id, cook_id) VALUES (56, 193);
INSERT INTO recipe_cook(recipe_id, cook_id) VALUES (56, 3);
INSERT INTO recipe_cook(recipe_id, cook_id) VALUES (56, 85);
INSERT INTO recipe_cook(recipe_id, cook_id) VALUES (56, 173);
INSERT INTO recipe_cook(recipe_id, cook_id) VALUES (56, 178);
INSERT INTO recipe_cook(recipe_id, cook_id) VALUES (56, 122);
INSERT INTO recipe_cook(recipe_id, cook_id) VALUES (56, 10);
INSERT INTO recipe_cook(recipe_id, cook_id) VALUES (56, 195);
INSERT INTO recipe_cook(recipe_id, cook_id) VALUES (56, 59);
INSERT INTO recipe_cook(recipe_id, cook_id) VALUES (56, 79);
INSERT INTO recipe_cook(recipe_id, cook_id) VALUES (56, 163);
INSERT INTO recipe_cook(recipe_id, cook_id) VALUES (56, 129);
INSERT INTO recipe_cook(recipe_id, cook_id) VALUES (56, 35);
INSERT INTO recipe_cook(recipe_id, cook_id) VALUES (56, 156);
INSERT INTO recipe_cook(recipe_id, cook_id) VALUES (56, 165);
INSERT INTO recipe_cook(recipe_id, cook_id) VALUES (56, 170);
INSERT INTO recipe_cook(recipe_id, cook_id) VALUES (56, 8);
INSERT INTO recipe_cook(recipe_id, cook_id) VALUES (56, 4);
INSERT INTO recipe_cook(recipe_id, cook_id) VALUES (56, 60);
INSERT INTO recipe_cook(recipe_id, cook_id) VALUES (56, 175);
INSERT INTO recipe_cook(recipe_id, cook_id) VALUES (56, 75);
INSERT INTO recipe_cook(recipe_id, cook_id) VALUES (56, 157);
INSERT INTO recipe_cook(recipe_id, cook_id) VALUES (56, 196);
INSERT INTO recipe_cook(recipe_id, cook_id) VALUES (56, 63);
INSERT INTO recipe_cook(recipe_id, cook_id) VALUES (56, 80);
INSERT INTO recipe_cook(recipe_id, cook_id) VALUES (56, 172);
INSERT INTO recipe_cook(recipe_id, cook_id) VALUES (56, 184);
INSERT INTO recipe_cook(recipe_id, cook_id) VALUES (56, 88);
INSERT INTO recipe_cook(recipe_id, cook_id) VALUES (56, 13);
INSERT INTO recipe_cook(recipe_id, cook_id) VALUES (56, 138);
INSERT INTO recipe_cook(recipe_id, cook_id) VALUES (56, 113);
INSERT INTO recipe_cook(recipe_id, cook_id) VALUES (56, 83);
INSERT INTO recipe_cook(recipe_id, cook_id) VALUES (56, 55);
INSERT INTO recipe_cook(recipe_id, cook_id) VALUES (56, 46);
INSERT INTO recipe_cook(recipe_id, cook_id) VALUES (56, 114);
INSERT INTO recipe_cook(recipe_id, cook_id) VALUES (56, 185);
INSERT INTO recipe_cook(recipe_id, cook_id) VALUES (56, 92);
INSERT INTO recipe_cook(recipe_id, cook_id) VALUES (56, 136);
INSERT INTO recipe_cook(recipe_id, cook_id) VALUES (56, 124);
INSERT INTO recipe_cook(recipe_id, cook_id) VALUES (56, 78);
INSERT INTO recipe_cook(recipe_id, cook_id) VALUES (56, 125);
INSERT INTO recipe_cook(recipe_id, cook_id) VALUES (56, 144);
INSERT INTO recipe_cook(recipe_id, cook_id) VALUES (56, 107);
INSERT INTO recipe_cook(recipe_id, cook_id) VALUES (56, 37);
INSERT INTO recipe_cook(recipe_id, cook_id) VALUES (56, 98);
INSERT INTO recipe_cook(recipe_id, cook_id) VALUES (56, 199);
INSERT INTO recipe_cook(recipe_id, cook_id) VALUES (56, 181);
INSERT INTO recipe_cook(recipe_id, cook_id) VALUES (56, 61);
INSERT INTO recipe_theme(recipe_id, theme_id) VALUES (56, 3);
INSERT INTO recipe_tip(recipe_id, tip_id) VALUES (56, 14);
INSERT INTO recipe_tip(recipe_id, tip_id) VALUES (56, 6);

INSERT INTO recipe(baking, cuisine_id, difficulty, title, recipe_description, prep_time, cook_time, portions, fat_portion, protein_portion, carbo_portion, picture, picture_description) VALUES(1, 39, 3,'Apple Pie', 'Seven term hundred performance ahead even. Former factor price better always direction. When investment carry cause. Establish young case.', 55, 120, 4, 55, 55,65, 'https://picsum.photos/425/927', 'Then force executive become exist recent.');
INSERT INTO recipe_meal_type(recipe_id, meal_type_id) VALUES (57, 6);
INSERT INTO recipe_tag(recipe_id, tag_id) VALUES (57, 36);
INSERT INTO recipe_tag(recipe_id, tag_id) VALUES (57, 64);
INSERT INTO recipe_tag(recipe_id, tag_id) VALUES (57, 28);
INSERT INTO recipe_tag(recipe_id, tag_id) VALUES (57, 57);
INSERT INTO recipe_tag(recipe_id, tag_id) VALUES (57, 58);
INSERT INTO recipe_equipment(recipe_id, equipment_id, num) VALUES (57, 4, 4);
INSERT INTO recipe_equipment(recipe_id, equipment_id, num) VALUES (57, 7, 1);
INSERT INTO recipe_equipment(recipe_id, equipment_id, num) VALUES (57, 19, 2);
INSERT INTO recipe_equipment(recipe_id, equipment_id, num) VALUES (57, 17, 4);
INSERT INTO recipe_equipment(recipe_id, equipment_id, num) VALUES (57, 8, 4);
INSERT INTO recipe_equipment(recipe_id, equipment_id, num) VALUES (57, 15, 4);
INSERT INTO recipe_cook(recipe_id, cook_id) VALUES (57, 115);
INSERT INTO recipe_cook(recipe_id, cook_id) VALUES (57, 168);
INSERT INTO recipe_cook(recipe_id, cook_id) VALUES (57, 164);
INSERT INTO recipe_cook(recipe_id, cook_id) VALUES (57, 9);
INSERT INTO recipe_cook(recipe_id, cook_id) VALUES (57, 153);
INSERT INTO recipe_cook(recipe_id, cook_id) VALUES (57, 194);
INSERT INTO recipe_cook(recipe_id, cook_id) VALUES (57, 125);
INSERT INTO recipe_cook(recipe_id, cook_id) VALUES (57, 59);
INSERT INTO recipe_cook(recipe_id, cook_id) VALUES (57, 178);
INSERT INTO recipe_cook(recipe_id, cook_id) VALUES (57, 141);
INSERT INTO recipe_cook(recipe_id, cook_id) VALUES (57, 89);
INSERT INTO recipe_cook(recipe_id, cook_id) VALUES (57, 81);
INSERT INTO recipe_cook(recipe_id, cook_id) VALUES (57, 93);
INSERT INTO recipe_cook(recipe_id, cook_id) VALUES (57, 116);
INSERT INTO recipe_cook(recipe_id, cook_id) VALUES (57, 189);
INSERT INTO recipe_cook(recipe_id, cook_id) VALUES (57, 46);
INSERT INTO recipe_cook(recipe_id, cook_id) VALUES (57, 11);
INSERT INTO recipe_cook(recipe_id, cook_id) VALUES (57, 22);
INSERT INTO recipe_cook(recipe_id, cook_id) VALUES (57, 27);
INSERT INTO recipe_cook(recipe_id, cook_id) VALUES (57, 174);
INSERT INTO recipe_cook(recipe_id, cook_id) VALUES (57, 157);
INSERT INTO recipe_cook(recipe_id, cook_id) VALUES (57, 48);
INSERT INTO recipe_cook(recipe_id, cook_id) VALUES (57, 68);
INSERT INTO recipe_cook(recipe_id, cook_id) VALUES (57, 147);
INSERT INTO recipe_cook(recipe_id, cook_id) VALUES (57, 62);
INSERT INTO recipe_cook(recipe_id, cook_id) VALUES (57, 145);
INSERT INTO recipe_cook(recipe_id, cook_id) VALUES (57, 186);
INSERT INTO recipe_cook(recipe_id, cook_id) VALUES (57, 96);
INSERT INTO recipe_cook(recipe_id, cook_id) VALUES (57, 42);
INSERT INTO recipe_cook(recipe_id, cook_id) VALUES (57, 21);
INSERT INTO recipe_cook(recipe_id, cook_id) VALUES (57, 41);
INSERT INTO recipe_cook(recipe_id, cook_id) VALUES (57, 43);
INSERT INTO recipe_cook(recipe_id, cook_id) VALUES (57, 110);
INSERT INTO recipe_cook(recipe_id, cook_id) VALUES (57, 200);
INSERT INTO recipe_cook(recipe_id, cook_id) VALUES (57, 12);
INSERT INTO recipe_cook(recipe_id, cook_id) VALUES (57, 142);
INSERT INTO recipe_cook(recipe_id, cook_id) VALUES (57, 7);
INSERT INTO recipe_cook(recipe_id, cook_id) VALUES (57, 176);
INSERT INTO recipe_cook(recipe_id, cook_id) VALUES (57, 127);
INSERT INTO recipe_cook(recipe_id, cook_id) VALUES (57, 150);
INSERT INTO recipe_cook(recipe_id, cook_id) VALUES (57, 122);
INSERT INTO recipe_cook(recipe_id, cook_id) VALUES (57, 70);
INSERT INTO recipe_cook(recipe_id, cook_id) VALUES (57, 8);
INSERT INTO recipe_cook(recipe_id, cook_id) VALUES (57, 78);
INSERT INTO recipe_cook(recipe_id, cook_id) VALUES (57, 80);
INSERT INTO recipe_cook(recipe_id, cook_id) VALUES (57, 6);
INSERT INTO recipe_cook(recipe_id, cook_id) VALUES (57, 10);
INSERT INTO recipe_cook(recipe_id, cook_id) VALUES (57, 129);
INSERT INTO recipe_cook(recipe_id, cook_id) VALUES (57, 52);
INSERT INTO recipe_cook(recipe_id, cook_id) VALUES (57, 39);
INSERT INTO recipe_cook(recipe_id, cook_id) VALUES (57, 26);
INSERT INTO recipe_cook(recipe_id, cook_id) VALUES (57, 44);
INSERT INTO recipe_cook(recipe_id, cook_id) VALUES (57, 106);
INSERT INTO recipe_cook(recipe_id, cook_id) VALUES (57, 111);
INSERT INTO recipe_cook(recipe_id, cook_id) VALUES (57, 24);
INSERT INTO recipe_cook(recipe_id, cook_id) VALUES (57, 57);
INSERT INTO recipe_cook(recipe_id, cook_id) VALUES (57, 159);
INSERT INTO recipe_cook(recipe_id, cook_id) VALUES (57, 172);
INSERT INTO recipe_cook(recipe_id, cook_id) VALUES (57, 117);
INSERT INTO recipe_cook(recipe_id, cook_id) VALUES (57, 45);
INSERT INTO recipe_cook(recipe_id, cook_id) VALUES (57, 36);
INSERT INTO recipe_cook(recipe_id, cook_id) VALUES (57, 114);
INSERT INTO recipe_cook(recipe_id, cook_id) VALUES (57, 19);
INSERT INTO recipe_cook(recipe_id, cook_id) VALUES (57, 104);
INSERT INTO recipe_cook(recipe_id, cook_id) VALUES (57, 108);
INSERT INTO recipe_cook(recipe_id, cook_id) VALUES (57, 4);
INSERT INTO recipe_cook(recipe_id, cook_id) VALUES (57, 130);
INSERT INTO recipe_cook(recipe_id, cook_id) VALUES (57, 94);
INSERT INTO recipe_cook(recipe_id, cook_id) VALUES (57, 85);
INSERT INTO recipe_cook(recipe_id, cook_id) VALUES (57, 121);
INSERT INTO recipe_cook(recipe_id, cook_id) VALUES (57, 179);
INSERT INTO recipe_cook(recipe_id, cook_id) VALUES (57, 124);
INSERT INTO recipe_cook(recipe_id, cook_id) VALUES (57, 87);
INSERT INTO recipe_cook(recipe_id, cook_id) VALUES (57, 49);
INSERT INTO recipe_cook(recipe_id, cook_id) VALUES (57, 84);
INSERT INTO recipe_cook(recipe_id, cook_id) VALUES (57, 61);
INSERT INTO recipe_cook(recipe_id, cook_id) VALUES (57, 119);
INSERT INTO recipe_cook(recipe_id, cook_id) VALUES (57, 105);
INSERT INTO recipe_cook(recipe_id, cook_id) VALUES (57, 190);
INSERT INTO recipe_cook(recipe_id, cook_id) VALUES (57, 56);
INSERT INTO recipe_cook(recipe_id, cook_id) VALUES (57, 14);
INSERT INTO recipe_cook(recipe_id, cook_id) VALUES (57, 149);
INSERT INTO recipe_cook(recipe_id, cook_id) VALUES (57, 123);
INSERT INTO recipe_cook(recipe_id, cook_id) VALUES (57, 155);
INSERT INTO recipe_cook(recipe_id, cook_id) VALUES (57, 29);
INSERT INTO recipe_cook(recipe_id, cook_id) VALUES (57, 101);
INSERT INTO recipe_cook(recipe_id, cook_id) VALUES (57, 192);
INSERT INTO recipe_cook(recipe_id, cook_id) VALUES (57, 137);
INSERT INTO recipe_cook(recipe_id, cook_id) VALUES (57, 146);
INSERT INTO recipe_cook(recipe_id, cook_id) VALUES (57, 135);
INSERT INTO recipe_cook(recipe_id, cook_id) VALUES (57, 66);
INSERT INTO recipe_cook(recipe_id, cook_id) VALUES (57, 53);
INSERT INTO recipe_cook(recipe_id, cook_id) VALUES (57, 170);
INSERT INTO recipe_cook(recipe_id, cook_id) VALUES (57, 51);
INSERT INTO recipe_cook(recipe_id, cook_id) VALUES (57, 34);
INSERT INTO recipe_cook(recipe_id, cook_id) VALUES (57, 181);
INSERT INTO recipe_cook(recipe_id, cook_id) VALUES (57, 160);
INSERT INTO recipe_cook(recipe_id, cook_id) VALUES (57, 100);
INSERT INTO recipe_cook(recipe_id, cook_id) VALUES (57, 90);
INSERT INTO recipe_cook(recipe_id, cook_id) VALUES (57, 15);
INSERT INTO recipe_cook(recipe_id, cook_id) VALUES (57, 158);
INSERT INTO recipe_cook(recipe_id, cook_id) VALUES (57, 67);
INSERT INTO recipe_cook(recipe_id, cook_id) VALUES (57, 83);
INSERT INTO recipe_cook(recipe_id, cook_id) VALUES (57, 118);
INSERT INTO recipe_cook(recipe_id, cook_id) VALUES (57, 92);
INSERT INTO recipe_cook(recipe_id, cook_id) VALUES (57, 187);
INSERT INTO recipe_cook(recipe_id, cook_id) VALUES (57, 3);
INSERT INTO recipe_cook(recipe_id, cook_id) VALUES (57, 183);
INSERT INTO recipe_cook(recipe_id, cook_id) VALUES (57, 72);
INSERT INTO recipe_cook(recipe_id, cook_id) VALUES (57, 195);
INSERT INTO recipe_cook(recipe_id, cook_id) VALUES (57, 35);
INSERT INTO recipe_cook(recipe_id, cook_id) VALUES (57, 167);
INSERT INTO recipe_cook(recipe_id, cook_id) VALUES (57, 156);
INSERT INTO recipe_cook(recipe_id, cook_id) VALUES (57, 193);
INSERT INTO recipe_cook(recipe_id, cook_id) VALUES (57, 38);
INSERT INTO recipe_cook(recipe_id, cook_id) VALUES (57, 175);
INSERT INTO recipe_cook(recipe_id, cook_id) VALUES (57, 112);
INSERT INTO recipe_cook(recipe_id, cook_id) VALUES (57, 18);
INSERT INTO recipe_cook(recipe_id, cook_id) VALUES (57, 97);
INSERT INTO recipe_cook(recipe_id, cook_id) VALUES (57, 13);
INSERT INTO recipe_cook(recipe_id, cook_id) VALUES (57, 91);
INSERT INTO recipe_cook(recipe_id, cook_id) VALUES (57, 16);
INSERT INTO recipe_cook(recipe_id, cook_id) VALUES (57, 140);
INSERT INTO recipe_cook(recipe_id, cook_id) VALUES (57, 73);
INSERT INTO recipe_cook(recipe_id, cook_id) VALUES (57, 139);
INSERT INTO recipe_cook(recipe_id, cook_id) VALUES (57, 25);
INSERT INTO recipe_cook(recipe_id, cook_id) VALUES (57, 86);
INSERT INTO recipe_cook(recipe_id, cook_id) VALUES (57, 131);
INSERT INTO recipe_cook(recipe_id, cook_id) VALUES (57, 182);
INSERT INTO recipe_cook(recipe_id, cook_id) VALUES (57, 154);
INSERT INTO recipe_cook(recipe_id, cook_id) VALUES (57, 28);
INSERT INTO recipe_cook(recipe_id, cook_id) VALUES (57, 113);
INSERT INTO recipe_cook(recipe_id, cook_id) VALUES (57, 102);
INSERT INTO recipe_cook(recipe_id, cook_id) VALUES (57, 144);
INSERT INTO recipe_cook(recipe_id, cook_id) VALUES (57, 71);
INSERT INTO recipe_cook(recipe_id, cook_id) VALUES (57, 148);
INSERT INTO recipe_cook(recipe_id, cook_id) VALUES (57, 196);
INSERT INTO recipe_cook(recipe_id, cook_id) VALUES (57, 162);
INSERT INTO recipe_cook(recipe_id, cook_id) VALUES (57, 64);
INSERT INTO recipe_cook(recipe_id, cook_id) VALUES (57, 120);
INSERT INTO recipe_cook(recipe_id, cook_id) VALUES (57, 1);
INSERT INTO recipe_cook(recipe_id, cook_id) VALUES (57, 37);
INSERT INTO recipe_cook(recipe_id, cook_id) VALUES (57, 177);
INSERT INTO recipe_cook(recipe_id, cook_id) VALUES (57, 40);
INSERT INTO recipe_cook(recipe_id, cook_id) VALUES (57, 74);
INSERT INTO recipe_cook(recipe_id, cook_id) VALUES (57, 171);
INSERT INTO recipe_cook(recipe_id, cook_id) VALUES (57, 47);
INSERT INTO recipe_cook(recipe_id, cook_id) VALUES (57, 60);
INSERT INTO recipe_cook(recipe_id, cook_id) VALUES (57, 166);
INSERT INTO recipe_cook(recipe_id, cook_id) VALUES (57, 132);
INSERT INTO recipe_cook(recipe_id, cook_id) VALUES (57, 109);
INSERT INTO recipe_cook(recipe_id, cook_id) VALUES (57, 54);
INSERT INTO recipe_cook(recipe_id, cook_id) VALUES (57, 77);
INSERT INTO recipe_cook(recipe_id, cook_id) VALUES (57, 50);
INSERT INTO recipe_cook(recipe_id, cook_id) VALUES (57, 169);
INSERT INTO recipe_cook(recipe_id, cook_id) VALUES (57, 197);
INSERT INTO recipe_cook(recipe_id, cook_id) VALUES (57, 199);
INSERT INTO recipe_cook(recipe_id, cook_id) VALUES (57, 128);
INSERT INTO recipe_cook(recipe_id, cook_id) VALUES (57, 79);
INSERT INTO recipe_cook(recipe_id, cook_id) VALUES (57, 32);
INSERT INTO recipe_cook(recipe_id, cook_id) VALUES (57, 126);
INSERT INTO recipe_cook(recipe_id, cook_id) VALUES (57, 65);
INSERT INTO recipe_cook(recipe_id, cook_id) VALUES (57, 58);
INSERT INTO recipe_cook(recipe_id, cook_id) VALUES (57, 95);
INSERT INTO recipe_cook(recipe_id, cook_id) VALUES (57, 31);
INSERT INTO recipe_cook(recipe_id, cook_id) VALUES (57, 161);
INSERT INTO recipe_cook(recipe_id, cook_id) VALUES (57, 2);
INSERT INTO recipe_cook(recipe_id, cook_id) VALUES (57, 17);
INSERT INTO recipe_cook(recipe_id, cook_id) VALUES (57, 20);
INSERT INTO recipe_cook(recipe_id, cook_id) VALUES (57, 133);
INSERT INTO recipe_cook(recipe_id, cook_id) VALUES (57, 107);
INSERT INTO recipe_cook(recipe_id, cook_id) VALUES (57, 98);
INSERT INTO recipe_cook(recipe_id, cook_id) VALUES (57, 163);
INSERT INTO recipe_cook(recipe_id, cook_id) VALUES (57, 138);
INSERT INTO recipe_cook(recipe_id, cook_id) VALUES (57, 76);
INSERT INTO recipe_cook(recipe_id, cook_id) VALUES (57, 63);
INSERT INTO recipe_cook(recipe_id, cook_id) VALUES (57, 165);
INSERT INTO recipe_cook(recipe_id, cook_id) VALUES (57, 88);
INSERT INTO recipe_theme(recipe_id, theme_id) VALUES (57, 27);
INSERT INTO recipe_theme(recipe_id, theme_id) VALUES (57, 22);
INSERT INTO recipe_tip(recipe_id, tip_id) VALUES (57, 13);
INSERT INTO recipe_tip(recipe_id, tip_id) VALUES (57, 10);
INSERT INTO recipe_tip(recipe_id, tip_id) VALUES (57, 6);

INSERT INTO recipe(baking, cuisine_id, difficulty, title, recipe_description, prep_time, cook_time, portions, fat_portion, protein_portion, carbo_portion, picture, picture_description) VALUES(0, 30, 5,'Dumplings', 'Place develop order where along energy. Air response account best public federal decision. Now able money protect property and. Part sound scene hit sign outside.', 115, 30, 1, 30, 60,25, 'https://dummyimage.com/10x373', 'Scientist pick keep cover ask.');
INSERT INTO recipe_meal_type(recipe_id, meal_type_id) VALUES (58, 4);
INSERT INTO recipe_tag(recipe_id, tag_id) VALUES (58, 65);
INSERT INTO recipe_tag(recipe_id, tag_id) VALUES (58, 39);
INSERT INTO recipe_tag(recipe_id, tag_id) VALUES (58, 98);
INSERT INTO recipe_tag(recipe_id, tag_id) VALUES (58, 46);
INSERT INTO recipe_tag(recipe_id, tag_id) VALUES (58, 11);
INSERT INTO recipe_tag(recipe_id, tag_id) VALUES (58, 31);
INSERT INTO recipe_equipment(recipe_id, equipment_id, num) VALUES (58, 3, 2);
INSERT INTO recipe_equipment(recipe_id, equipment_id, num) VALUES (58, 16, 1);
INSERT INTO recipe_equipment(recipe_id, equipment_id, num) VALUES (58, 7, 2);
INSERT INTO recipe_equipment(recipe_id, equipment_id, num) VALUES (58, 17, 1);
INSERT INTO recipe_equipment(recipe_id, equipment_id, num) VALUES (58, 8, 2);
INSERT INTO recipe_equipment(recipe_id, equipment_id, num) VALUES (58, 6, 3);
INSERT INTO recipe_cook(recipe_id, cook_id) VALUES (58, 155);
INSERT INTO recipe_cook(recipe_id, cook_id) VALUES (58, 38);
INSERT INTO recipe_cook(recipe_id, cook_id) VALUES (58, 128);
INSERT INTO recipe_cook(recipe_id, cook_id) VALUES (58, 107);
INSERT INTO recipe_cook(recipe_id, cook_id) VALUES (58, 190);
INSERT INTO recipe_cook(recipe_id, cook_id) VALUES (58, 18);
INSERT INTO recipe_cook(recipe_id, cook_id) VALUES (58, 167);
INSERT INTO recipe_cook(recipe_id, cook_id) VALUES (58, 4);
INSERT INTO recipe_cook(recipe_id, cook_id) VALUES (58, 147);
INSERT INTO recipe_cook(recipe_id, cook_id) VALUES (58, 81);
INSERT INTO recipe_cook(recipe_id, cook_id) VALUES (58, 69);
INSERT INTO recipe_cook(recipe_id, cook_id) VALUES (58, 3);
INSERT INTO recipe_cook(recipe_id, cook_id) VALUES (58, 186);
INSERT INTO recipe_cook(recipe_id, cook_id) VALUES (58, 12);
INSERT INTO recipe_cook(recipe_id, cook_id) VALUES (58, 177);
INSERT INTO recipe_cook(recipe_id, cook_id) VALUES (58, 9);
INSERT INTO recipe_cook(recipe_id, cook_id) VALUES (58, 37);
INSERT INTO recipe_cook(recipe_id, cook_id) VALUES (58, 125);
INSERT INTO recipe_cook(recipe_id, cook_id) VALUES (58, 20);
INSERT INTO recipe_cook(recipe_id, cook_id) VALUES (58, 22);
INSERT INTO recipe_cook(recipe_id, cook_id) VALUES (58, 124);
INSERT INTO recipe_cook(recipe_id, cook_id) VALUES (58, 72);
INSERT INTO recipe_cook(recipe_id, cook_id) VALUES (58, 27);
INSERT INTO recipe_cook(recipe_id, cook_id) VALUES (58, 126);
INSERT INTO recipe_cook(recipe_id, cook_id) VALUES (58, 93);
INSERT INTO recipe_cook(recipe_id, cook_id) VALUES (58, 64);
INSERT INTO recipe_cook(recipe_id, cook_id) VALUES (58, 168);
INSERT INTO recipe_cook(recipe_id, cook_id) VALUES (58, 152);
INSERT INTO recipe_cook(recipe_id, cook_id) VALUES (58, 122);
INSERT INTO recipe_cook(recipe_id, cook_id) VALUES (58, 110);
INSERT INTO recipe_cook(recipe_id, cook_id) VALUES (58, 29);
INSERT INTO recipe_cook(recipe_id, cook_id) VALUES (58, 178);
INSERT INTO recipe_cook(recipe_id, cook_id) VALUES (58, 183);
INSERT INTO recipe_cook(recipe_id, cook_id) VALUES (58, 45);
INSERT INTO recipe_cook(recipe_id, cook_id) VALUES (58, 26);
INSERT INTO recipe_cook(recipe_id, cook_id) VALUES (58, 10);
INSERT INTO recipe_cook(recipe_id, cook_id) VALUES (58, 36);
INSERT INTO recipe_cook(recipe_id, cook_id) VALUES (58, 78);
INSERT INTO recipe_cook(recipe_id, cook_id) VALUES (58, 84);
INSERT INTO recipe_cook(recipe_id, cook_id) VALUES (58, 54);
INSERT INTO recipe_cook(recipe_id, cook_id) VALUES (58, 121);
INSERT INTO recipe_cook(recipe_id, cook_id) VALUES (58, 61);
INSERT INTO recipe_cook(recipe_id, cook_id) VALUES (58, 16);
INSERT INTO recipe_cook(recipe_id, cook_id) VALUES (58, 65);
INSERT INTO recipe_cook(recipe_id, cook_id) VALUES (58, 171);
INSERT INTO recipe_theme(recipe_id, theme_id) VALUES (58, 13);
INSERT INTO recipe_theme(recipe_id, theme_id) VALUES (58, 12);
INSERT INTO recipe_tip(recipe_id, tip_id) VALUES (58, 26);
INSERT INTO recipe_tip(recipe_id, tip_id) VALUES (58, 5);
INSERT INTO recipe_tip(recipe_id, tip_id) VALUES (58, 19);

INSERT INTO recipe(baking, cuisine_id, difficulty, title, recipe_description, prep_time, cook_time, portions, fat_portion, protein_portion, carbo_portion, picture, picture_description) VALUES(0, 14, 4,'Lamb Rogan Josh', 'Approach big address edge next. Minute author very exactly rise. Stop attack arm class part. And thought system seat spend medical picture. Best evening step none.', 55, 50, 5, 55, 25,75, 'https://placekitten.com/29/141', 'Something responsibility address view build.');
INSERT INTO recipe_meal_type(recipe_id, meal_type_id) VALUES (59, 4);
INSERT INTO recipe_tag(recipe_id, tag_id) VALUES (59, 56);
INSERT INTO recipe_equipment(recipe_id, equipment_id, num) VALUES (59, 3, 4);
INSERT INTO recipe_equipment(recipe_id, equipment_id, num) VALUES (59, 2, 4);
INSERT INTO recipe_equipment(recipe_id, equipment_id, num) VALUES (59, 8, 1);
INSERT INTO recipe_cook(recipe_id, cook_id) VALUES (59, 8);
INSERT INTO recipe_cook(recipe_id, cook_id) VALUES (59, 47);
INSERT INTO recipe_cook(recipe_id, cook_id) VALUES (59, 78);
INSERT INTO recipe_cook(recipe_id, cook_id) VALUES (59, 194);
INSERT INTO recipe_cook(recipe_id, cook_id) VALUES (59, 108);
INSERT INTO recipe_cook(recipe_id, cook_id) VALUES (59, 52);
INSERT INTO recipe_cook(recipe_id, cook_id) VALUES (59, 166);
INSERT INTO recipe_cook(recipe_id, cook_id) VALUES (59, 187);
INSERT INTO recipe_cook(recipe_id, cook_id) VALUES (59, 174);
INSERT INTO recipe_cook(recipe_id, cook_id) VALUES (59, 101);
INSERT INTO recipe_cook(recipe_id, cook_id) VALUES (59, 3);
INSERT INTO recipe_cook(recipe_id, cook_id) VALUES (59, 132);
INSERT INTO recipe_cook(recipe_id, cook_id) VALUES (59, 50);
INSERT INTO recipe_cook(recipe_id, cook_id) VALUES (59, 191);
INSERT INTO recipe_cook(recipe_id, cook_id) VALUES (59, 35);
INSERT INTO recipe_cook(recipe_id, cook_id) VALUES (59, 91);
INSERT INTO recipe_cook(recipe_id, cook_id) VALUES (59, 17);
INSERT INTO recipe_cook(recipe_id, cook_id) VALUES (59, 141);
INSERT INTO recipe_cook(recipe_id, cook_id) VALUES (59, 83);
INSERT INTO recipe_cook(recipe_id, cook_id) VALUES (59, 164);
INSERT INTO recipe_cook(recipe_id, cook_id) VALUES (59, 99);
INSERT INTO recipe_cook(recipe_id, cook_id) VALUES (59, 22);
INSERT INTO recipe_cook(recipe_id, cook_id) VALUES (59, 48);
INSERT INTO recipe_cook(recipe_id, cook_id) VALUES (59, 119);
INSERT INTO recipe_cook(recipe_id, cook_id) VALUES (59, 9);
INSERT INTO recipe_cook(recipe_id, cook_id) VALUES (59, 127);
INSERT INTO recipe_cook(recipe_id, cook_id) VALUES (59, 76);
INSERT INTO recipe_cook(recipe_id, cook_id) VALUES (59, 118);
INSERT INTO recipe_cook(recipe_id, cook_id) VALUES (59, 158);
INSERT INTO recipe_cook(recipe_id, cook_id) VALUES (59, 151);
INSERT INTO recipe_cook(recipe_id, cook_id) VALUES (59, 142);
INSERT INTO recipe_cook(recipe_id, cook_id) VALUES (59, 21);
INSERT INTO recipe_cook(recipe_id, cook_id) VALUES (59, 152);
INSERT INTO recipe_cook(recipe_id, cook_id) VALUES (59, 74);
INSERT INTO recipe_cook(recipe_id, cook_id) VALUES (59, 190);
INSERT INTO recipe_cook(recipe_id, cook_id) VALUES (59, 129);
INSERT INTO recipe_cook(recipe_id, cook_id) VALUES (59, 130);
INSERT INTO recipe_cook(recipe_id, cook_id) VALUES (59, 199);
INSERT INTO recipe_cook(recipe_id, cook_id) VALUES (59, 54);
INSERT INTO recipe_cook(recipe_id, cook_id) VALUES (59, 183);
INSERT INTO recipe_cook(recipe_id, cook_id) VALUES (59, 113);
INSERT INTO recipe_cook(recipe_id, cook_id) VALUES (59, 23);
INSERT INTO recipe_cook(recipe_id, cook_id) VALUES (59, 111);
INSERT INTO recipe_cook(recipe_id, cook_id) VALUES (59, 64);
INSERT INTO recipe_theme(recipe_id, theme_id) VALUES (59, 6);
INSERT INTO recipe_theme(recipe_id, theme_id) VALUES (59, 37);
INSERT INTO recipe_tip(recipe_id, tip_id) VALUES (59, 10);
INSERT INTO recipe_tip(recipe_id, tip_id) VALUES (59, 12);
INSERT INTO recipe_tip(recipe_id, tip_id) VALUES (59, 5);

INSERT INTO recipe(baking, cuisine_id, difficulty, title, recipe_description, prep_time, cook_time, portions, fat_portion, protein_portion, carbo_portion, picture, picture_description) VALUES(1, 39, 3,'Chicken Fajitas', 'You than save total. College worry and ahead upon economy.', 75, 110, 4, 5, 35,30, 'https://picsum.photos/683/401', 'Data walk would control herself.');
INSERT INTO recipe_meal_type(recipe_id, meal_type_id) VALUES (60, 2);
INSERT INTO recipe_tag(recipe_id, tag_id) VALUES (60, 30);
INSERT INTO recipe_tag(recipe_id, tag_id) VALUES (60, 69);
INSERT INTO recipe_tag(recipe_id, tag_id) VALUES (60, 1);
INSERT INTO recipe_tag(recipe_id, tag_id) VALUES (60, 58);
INSERT INTO recipe_tag(recipe_id, tag_id) VALUES (60, 96);
INSERT INTO recipe_equipment(recipe_id, equipment_id, num) VALUES (60, 5, 1);
INSERT INTO recipe_equipment(recipe_id, equipment_id, num) VALUES (60, 18, 3);
INSERT INTO recipe_equipment(recipe_id, equipment_id, num) VALUES (60, 2, 1);
INSERT INTO recipe_equipment(recipe_id, equipment_id, num) VALUES (60, 20, 2);
INSERT INTO recipe_equipment(recipe_id, equipment_id, num) VALUES (60, 6, 1);
INSERT INTO recipe_equipment(recipe_id, equipment_id, num) VALUES (60, 17, 4);
INSERT INTO recipe_equipment(recipe_id, equipment_id, num) VALUES (60, 13, 3);
INSERT INTO recipe_cook(recipe_id, cook_id) VALUES (60, 199);
INSERT INTO recipe_cook(recipe_id, cook_id) VALUES (60, 93);
INSERT INTO recipe_cook(recipe_id, cook_id) VALUES (60, 61);
INSERT INTO recipe_cook(recipe_id, cook_id) VALUES (60, 38);
INSERT INTO recipe_cook(recipe_id, cook_id) VALUES (60, 97);
INSERT INTO recipe_cook(recipe_id, cook_id) VALUES (60, 35);
INSERT INTO recipe_cook(recipe_id, cook_id) VALUES (60, 28);
INSERT INTO recipe_cook(recipe_id, cook_id) VALUES (60, 34);
INSERT INTO recipe_cook(recipe_id, cook_id) VALUES (60, 167);
INSERT INTO recipe_cook(recipe_id, cook_id) VALUES (60, 154);
INSERT INTO recipe_cook(recipe_id, cook_id) VALUES (60, 142);
INSERT INTO recipe_cook(recipe_id, cook_id) VALUES (60, 191);
INSERT INTO recipe_cook(recipe_id, cook_id) VALUES (60, 21);
INSERT INTO recipe_cook(recipe_id, cook_id) VALUES (60, 161);
INSERT INTO recipe_cook(recipe_id, cook_id) VALUES (60, 162);
INSERT INTO recipe_cook(recipe_id, cook_id) VALUES (60, 140);
INSERT INTO recipe_cook(recipe_id, cook_id) VALUES (60, 151);
INSERT INTO recipe_cook(recipe_id, cook_id) VALUES (60, 130);
INSERT INTO recipe_cook(recipe_id, cook_id) VALUES (60, 19);
INSERT INTO recipe_cook(recipe_id, cook_id) VALUES (60, 22);
INSERT INTO recipe_cook(recipe_id, cook_id) VALUES (60, 178);
INSERT INTO recipe_cook(recipe_id, cook_id) VALUES (60, 54);
INSERT INTO recipe_cook(recipe_id, cook_id) VALUES (60, 147);
INSERT INTO recipe_cook(recipe_id, cook_id) VALUES (60, 91);
INSERT INTO recipe_cook(recipe_id, cook_id) VALUES (60, 157);
INSERT INTO recipe_cook(recipe_id, cook_id) VALUES (60, 135);
INSERT INTO recipe_cook(recipe_id, cook_id) VALUES (60, 114);
INSERT INTO recipe_cook(recipe_id, cook_id) VALUES (60, 121);
INSERT INTO recipe_cook(recipe_id, cook_id) VALUES (60, 138);
INSERT INTO recipe_cook(recipe_id, cook_id) VALUES (60, 137);
INSERT INTO recipe_cook(recipe_id, cook_id) VALUES (60, 192);
INSERT INTO recipe_cook(recipe_id, cook_id) VALUES (60, 60);
INSERT INTO recipe_cook(recipe_id, cook_id) VALUES (60, 33);
INSERT INTO recipe_cook(recipe_id, cook_id) VALUES (60, 74);
INSERT INTO recipe_cook(recipe_id, cook_id) VALUES (60, 132);
INSERT INTO recipe_cook(recipe_id, cook_id) VALUES (60, 168);
INSERT INTO recipe_cook(recipe_id, cook_id) VALUES (60, 165);
INSERT INTO recipe_cook(recipe_id, cook_id) VALUES (60, 175);
INSERT INTO recipe_cook(recipe_id, cook_id) VALUES (60, 13);
INSERT INTO recipe_cook(recipe_id, cook_id) VALUES (60, 78);
INSERT INTO recipe_cook(recipe_id, cook_id) VALUES (60, 73);
INSERT INTO recipe_cook(recipe_id, cook_id) VALUES (60, 71);
INSERT INTO recipe_cook(recipe_id, cook_id) VALUES (60, 23);
INSERT INTO recipe_cook(recipe_id, cook_id) VALUES (60, 64);
INSERT INTO recipe_cook(recipe_id, cook_id) VALUES (60, 131);
INSERT INTO recipe_cook(recipe_id, cook_id) VALUES (60, 40);
INSERT INTO recipe_cook(recipe_id, cook_id) VALUES (60, 188);
INSERT INTO recipe_cook(recipe_id, cook_id) VALUES (60, 85);
INSERT INTO recipe_cook(recipe_id, cook_id) VALUES (60, 24);
INSERT INTO recipe_cook(recipe_id, cook_id) VALUES (60, 18);
INSERT INTO recipe_cook(recipe_id, cook_id) VALUES (60, 107);
INSERT INTO recipe_cook(recipe_id, cook_id) VALUES (60, 172);
INSERT INTO recipe_cook(recipe_id, cook_id) VALUES (60, 163);
INSERT INTO recipe_cook(recipe_id, cook_id) VALUES (60, 126);
INSERT INTO recipe_cook(recipe_id, cook_id) VALUES (60, 102);
INSERT INTO recipe_cook(recipe_id, cook_id) VALUES (60, 75);
INSERT INTO recipe_cook(recipe_id, cook_id) VALUES (60, 84);
INSERT INTO recipe_cook(recipe_id, cook_id) VALUES (60, 89);
INSERT INTO recipe_cook(recipe_id, cook_id) VALUES (60, 150);
INSERT INTO recipe_cook(recipe_id, cook_id) VALUES (60, 36);
INSERT INTO recipe_cook(recipe_id, cook_id) VALUES (60, 55);
INSERT INTO recipe_cook(recipe_id, cook_id) VALUES (60, 124);
INSERT INTO recipe_cook(recipe_id, cook_id) VALUES (60, 118);
INSERT INTO recipe_cook(recipe_id, cook_id) VALUES (60, 145);
INSERT INTO recipe_cook(recipe_id, cook_id) VALUES (60, 58);
INSERT INTO recipe_cook(recipe_id, cook_id) VALUES (60, 32);
INSERT INTO recipe_cook(recipe_id, cook_id) VALUES (60, 181);
INSERT INTO recipe_cook(recipe_id, cook_id) VALUES (60, 127);
INSERT INTO recipe_cook(recipe_id, cook_id) VALUES (60, 39);
INSERT INTO recipe_cook(recipe_id, cook_id) VALUES (60, 63);
INSERT INTO recipe_cook(recipe_id, cook_id) VALUES (60, 68);
INSERT INTO recipe_cook(recipe_id, cook_id) VALUES (60, 12);
INSERT INTO recipe_cook(recipe_id, cook_id) VALUES (60, 152);
INSERT INTO recipe_cook(recipe_id, cook_id) VALUES (60, 17);
INSERT INTO recipe_cook(recipe_id, cook_id) VALUES (60, 20);
INSERT INTO recipe_cook(recipe_id, cook_id) VALUES (60, 159);
INSERT INTO recipe_cook(recipe_id, cook_id) VALUES (60, 81);
INSERT INTO recipe_cook(recipe_id, cook_id) VALUES (60, 65);
INSERT INTO recipe_cook(recipe_id, cook_id) VALUES (60, 9);
INSERT INTO recipe_cook(recipe_id, cook_id) VALUES (60, 7);
INSERT INTO recipe_cook(recipe_id, cook_id) VALUES (60, 83);
INSERT INTO recipe_cook(recipe_id, cook_id) VALUES (60, 51);
INSERT INTO recipe_cook(recipe_id, cook_id) VALUES (60, 184);
INSERT INTO recipe_cook(recipe_id, cook_id) VALUES (60, 117);
INSERT INTO recipe_cook(recipe_id, cook_id) VALUES (60, 198);
INSERT INTO recipe_cook(recipe_id, cook_id) VALUES (60, 166);
INSERT INTO recipe_cook(recipe_id, cook_id) VALUES (60, 182);
INSERT INTO recipe_cook(recipe_id, cook_id) VALUES (60, 31);
INSERT INTO recipe_cook(recipe_id, cook_id) VALUES (60, 72);
INSERT INTO recipe_cook(recipe_id, cook_id) VALUES (60, 30);
INSERT INTO recipe_cook(recipe_id, cook_id) VALUES (60, 50);
INSERT INTO recipe_cook(recipe_id, cook_id) VALUES (60, 174);
INSERT INTO recipe_cook(recipe_id, cook_id) VALUES (60, 119);
INSERT INTO recipe_cook(recipe_id, cook_id) VALUES (60, 6);
INSERT INTO recipe_cook(recipe_id, cook_id) VALUES (60, 148);
INSERT INTO recipe_cook(recipe_id, cook_id) VALUES (60, 111);
INSERT INTO recipe_cook(recipe_id, cook_id) VALUES (60, 115);
INSERT INTO recipe_cook(recipe_id, cook_id) VALUES (60, 67);
INSERT INTO recipe_cook(recipe_id, cook_id) VALUES (60, 14);
INSERT INTO recipe_cook(recipe_id, cook_id) VALUES (60, 52);
INSERT INTO recipe_cook(recipe_id, cook_id) VALUES (60, 176);
INSERT INTO recipe_cook(recipe_id, cook_id) VALUES (60, 195);
INSERT INTO recipe_cook(recipe_id, cook_id) VALUES (60, 155);
INSERT INTO recipe_cook(recipe_id, cook_id) VALUES (60, 88);
INSERT INTO recipe_cook(recipe_id, cook_id) VALUES (60, 3);
INSERT INTO recipe_cook(recipe_id, cook_id) VALUES (60, 149);
INSERT INTO recipe_cook(recipe_id, cook_id) VALUES (60, 76);
INSERT INTO recipe_cook(recipe_id, cook_id) VALUES (60, 128);
INSERT INTO recipe_cook(recipe_id, cook_id) VALUES (60, 101);
INSERT INTO recipe_cook(recipe_id, cook_id) VALUES (60, 139);
INSERT INTO recipe_cook(recipe_id, cook_id) VALUES (60, 8);
INSERT INTO recipe_cook(recipe_id, cook_id) VALUES (60, 95);
INSERT INTO recipe_cook(recipe_id, cook_id) VALUES (60, 70);
INSERT INTO recipe_cook(recipe_id, cook_id) VALUES (60, 99);
INSERT INTO recipe_cook(recipe_id, cook_id) VALUES (60, 43);
INSERT INTO recipe_cook(recipe_id, cook_id) VALUES (60, 86);
INSERT INTO recipe_cook(recipe_id, cook_id) VALUES (60, 59);
INSERT INTO recipe_cook(recipe_id, cook_id) VALUES (60, 113);
INSERT INTO recipe_cook(recipe_id, cook_id) VALUES (60, 4);
INSERT INTO recipe_cook(recipe_id, cook_id) VALUES (60, 79);
INSERT INTO recipe_cook(recipe_id, cook_id) VALUES (60, 44);
INSERT INTO recipe_theme(recipe_id, theme_id) VALUES (60, 8);
INSERT INTO recipe_theme(recipe_id, theme_id) VALUES (60, 2);
INSERT INTO recipe_theme(recipe_id, theme_id) VALUES (60, 34);
INSERT INTO recipe_tip(recipe_id, tip_id) VALUES (60, 36);
INSERT INTO recipe_tip(recipe_id, tip_id) VALUES (60, 21);
INSERT INTO recipe_tip(recipe_id, tip_id) VALUES (60, 5);

INSERT INTO recipe(baking, cuisine_id, difficulty, title, recipe_description, prep_time, cook_time, portions, fat_portion, protein_portion, carbo_portion, picture, picture_description) VALUES(0, 5, 4,'Butternut Squash Soup', 'Law participant player face. As cover laugh account see nor. Occur agree class collection Congress consider week southern. Determine vote lawyer last cut. Society several with third song believe grow work.', 85, 70, 5, 45, 40,30, 'https://dummyimage.com/52x163', 'Including explain conference.');
INSERT INTO recipe_meal_type(recipe_id, meal_type_id) VALUES (61, 2);
INSERT INTO recipe_tag(recipe_id, tag_id) VALUES (61, 86);
INSERT INTO recipe_equipment(recipe_id, equipment_id, num) VALUES (61, 11, 4);
INSERT INTO recipe_equipment(recipe_id, equipment_id, num) VALUES (61, 2, 2);
INSERT INTO recipe_equipment(recipe_id, equipment_id, num) VALUES (61, 8, 4);
INSERT INTO recipe_equipment(recipe_id, equipment_id, num) VALUES (61, 14, 3);
INSERT INTO recipe_equipment(recipe_id, equipment_id, num) VALUES (61, 9, 3);
INSERT INTO recipe_equipment(recipe_id, equipment_id, num) VALUES (61, 17, 4);
INSERT INTO recipe_equipment(recipe_id, equipment_id, num) VALUES (61, 19, 1);
INSERT INTO recipe_cook(recipe_id, cook_id) VALUES (61, 35);
INSERT INTO recipe_cook(recipe_id, cook_id) VALUES (61, 121);
INSERT INTO recipe_cook(recipe_id, cook_id) VALUES (61, 178);
INSERT INTO recipe_cook(recipe_id, cook_id) VALUES (61, 31);
INSERT INTO recipe_cook(recipe_id, cook_id) VALUES (61, 139);
INSERT INTO recipe_cook(recipe_id, cook_id) VALUES (61, 152);
INSERT INTO recipe_cook(recipe_id, cook_id) VALUES (61, 196);
INSERT INTO recipe_cook(recipe_id, cook_id) VALUES (61, 19);
INSERT INTO recipe_cook(recipe_id, cook_id) VALUES (61, 75);
INSERT INTO recipe_cook(recipe_id, cook_id) VALUES (61, 184);
INSERT INTO recipe_cook(recipe_id, cook_id) VALUES (61, 90);
INSERT INTO recipe_cook(recipe_id, cook_id) VALUES (61, 20);
INSERT INTO recipe_cook(recipe_id, cook_id) VALUES (61, 146);
INSERT INTO recipe_cook(recipe_id, cook_id) VALUES (61, 128);
INSERT INTO recipe_cook(recipe_id, cook_id) VALUES (61, 122);
INSERT INTO recipe_cook(recipe_id, cook_id) VALUES (61, 115);
INSERT INTO recipe_cook(recipe_id, cook_id) VALUES (61, 48);
INSERT INTO recipe_cook(recipe_id, cook_id) VALUES (61, 145);
INSERT INTO recipe_cook(recipe_id, cook_id) VALUES (61, 6);
INSERT INTO recipe_cook(recipe_id, cook_id) VALUES (61, 8);
INSERT INTO recipe_cook(recipe_id, cook_id) VALUES (61, 138);
INSERT INTO recipe_cook(recipe_id, cook_id) VALUES (61, 105);
INSERT INTO recipe_cook(recipe_id, cook_id) VALUES (61, 158);
INSERT INTO recipe_cook(recipe_id, cook_id) VALUES (61, 117);
INSERT INTO recipe_cook(recipe_id, cook_id) VALUES (61, 162);
INSERT INTO recipe_cook(recipe_id, cook_id) VALUES (61, 123);
INSERT INTO recipe_cook(recipe_id, cook_id) VALUES (61, 174);
INSERT INTO recipe_cook(recipe_id, cook_id) VALUES (61, 194);
INSERT INTO recipe_cook(recipe_id, cook_id) VALUES (61, 148);
INSERT INTO recipe_cook(recipe_id, cook_id) VALUES (61, 80);
INSERT INTO recipe_cook(recipe_id, cook_id) VALUES (61, 141);
INSERT INTO recipe_cook(recipe_id, cook_id) VALUES (61, 149);
INSERT INTO recipe_cook(recipe_id, cook_id) VALUES (61, 47);
INSERT INTO recipe_cook(recipe_id, cook_id) VALUES (61, 83);
INSERT INTO recipe_cook(recipe_id, cook_id) VALUES (61, 118);
INSERT INTO recipe_cook(recipe_id, cook_id) VALUES (61, 191);
INSERT INTO recipe_cook(recipe_id, cook_id) VALUES (61, 108);
INSERT INTO recipe_cook(recipe_id, cook_id) VALUES (61, 170);
INSERT INTO recipe_cook(recipe_id, cook_id) VALUES (61, 44);
INSERT INTO recipe_cook(recipe_id, cook_id) VALUES (61, 175);
INSERT INTO recipe_cook(recipe_id, cook_id) VALUES (61, 104);
INSERT INTO recipe_cook(recipe_id, cook_id) VALUES (61, 116);
INSERT INTO recipe_cook(recipe_id, cook_id) VALUES (61, 74);
INSERT INTO recipe_cook(recipe_id, cook_id) VALUES (61, 29);
INSERT INTO recipe_cook(recipe_id, cook_id) VALUES (61, 185);
INSERT INTO recipe_cook(recipe_id, cook_id) VALUES (61, 165);
INSERT INTO recipe_cook(recipe_id, cook_id) VALUES (61, 176);
INSERT INTO recipe_cook(recipe_id, cook_id) VALUES (61, 11);
INSERT INTO recipe_cook(recipe_id, cook_id) VALUES (61, 51);
INSERT INTO recipe_cook(recipe_id, cook_id) VALUES (61, 24);
INSERT INTO recipe_cook(recipe_id, cook_id) VALUES (61, 143);
INSERT INTO recipe_cook(recipe_id, cook_id) VALUES (61, 86);
INSERT INTO recipe_cook(recipe_id, cook_id) VALUES (61, 34);
INSERT INTO recipe_cook(recipe_id, cook_id) VALUES (61, 53);
INSERT INTO recipe_cook(recipe_id, cook_id) VALUES (61, 114);
INSERT INTO recipe_cook(recipe_id, cook_id) VALUES (61, 63);
INSERT INTO recipe_cook(recipe_id, cook_id) VALUES (61, 99);
INSERT INTO recipe_cook(recipe_id, cook_id) VALUES (61, 49);
INSERT INTO recipe_cook(recipe_id, cook_id) VALUES (61, 132);
INSERT INTO recipe_cook(recipe_id, cook_id) VALUES (61, 43);
INSERT INTO recipe_cook(recipe_id, cook_id) VALUES (61, 66);
INSERT INTO recipe_cook(recipe_id, cook_id) VALUES (61, 109);
INSERT INTO recipe_cook(recipe_id, cook_id) VALUES (61, 85);
INSERT INTO recipe_cook(recipe_id, cook_id) VALUES (61, 195);
INSERT INTO recipe_cook(recipe_id, cook_id) VALUES (61, 168);
INSERT INTO recipe_cook(recipe_id, cook_id) VALUES (61, 154);
INSERT INTO recipe_cook(recipe_id, cook_id) VALUES (61, 16);
INSERT INTO recipe_cook(recipe_id, cook_id) VALUES (61, 179);
INSERT INTO recipe_cook(recipe_id, cook_id) VALUES (61, 4);
INSERT INTO recipe_cook(recipe_id, cook_id) VALUES (61, 189);
INSERT INTO recipe_cook(recipe_id, cook_id) VALUES (61, 98);
INSERT INTO recipe_cook(recipe_id, cook_id) VALUES (61, 127);
INSERT INTO recipe_cook(recipe_id, cook_id) VALUES (61, 164);
INSERT INTO recipe_cook(recipe_id, cook_id) VALUES (61, 3);
INSERT INTO recipe_cook(recipe_id, cook_id) VALUES (61, 42);
INSERT INTO recipe_cook(recipe_id, cook_id) VALUES (61, 199);
INSERT INTO recipe_cook(recipe_id, cook_id) VALUES (61, 67);
INSERT INTO recipe_cook(recipe_id, cook_id) VALUES (61, 38);
INSERT INTO recipe_cook(recipe_id, cook_id) VALUES (61, 198);
INSERT INTO recipe_cook(recipe_id, cook_id) VALUES (61, 14);
INSERT INTO recipe_cook(recipe_id, cook_id) VALUES (61, 2);
INSERT INTO recipe_cook(recipe_id, cook_id) VALUES (61, 157);
INSERT INTO recipe_cook(recipe_id, cook_id) VALUES (61, 101);
INSERT INTO recipe_cook(recipe_id, cook_id) VALUES (61, 173);
INSERT INTO recipe_cook(recipe_id, cook_id) VALUES (61, 124);
INSERT INTO recipe_cook(recipe_id, cook_id) VALUES (61, 57);
INSERT INTO recipe_cook(recipe_id, cook_id) VALUES (61, 50);
INSERT INTO recipe_cook(recipe_id, cook_id) VALUES (61, 125);
INSERT INTO recipe_cook(recipe_id, cook_id) VALUES (61, 169);
INSERT INTO recipe_cook(recipe_id, cook_id) VALUES (61, 96);
INSERT INTO recipe_cook(recipe_id, cook_id) VALUES (61, 84);
INSERT INTO recipe_cook(recipe_id, cook_id) VALUES (61, 197);
INSERT INTO recipe_cook(recipe_id, cook_id) VALUES (61, 93);
INSERT INTO recipe_cook(recipe_id, cook_id) VALUES (61, 133);
INSERT INTO recipe_cook(recipe_id, cook_id) VALUES (61, 89);
INSERT INTO recipe_cook(recipe_id, cook_id) VALUES (61, 26);
INSERT INTO recipe_cook(recipe_id, cook_id) VALUES (61, 37);
INSERT INTO recipe_cook(recipe_id, cook_id) VALUES (61, 186);
INSERT INTO recipe_cook(recipe_id, cook_id) VALUES (61, 46);
INSERT INTO recipe_cook(recipe_id, cook_id) VALUES (61, 59);
INSERT INTO recipe_cook(recipe_id, cook_id) VALUES (61, 187);
INSERT INTO recipe_cook(recipe_id, cook_id) VALUES (61, 100);
INSERT INTO recipe_cook(recipe_id, cook_id) VALUES (61, 25);
INSERT INTO recipe_cook(recipe_id, cook_id) VALUES (61, 81);
INSERT INTO recipe_cook(recipe_id, cook_id) VALUES (61, 144);
INSERT INTO recipe_cook(recipe_id, cook_id) VALUES (61, 151);
INSERT INTO recipe_cook(recipe_id, cook_id) VALUES (61, 73);
INSERT INTO recipe_cook(recipe_id, cook_id) VALUES (61, 52);
INSERT INTO recipe_cook(recipe_id, cook_id) VALUES (61, 177);
INSERT INTO recipe_cook(recipe_id, cook_id) VALUES (61, 135);
INSERT INTO recipe_cook(recipe_id, cook_id) VALUES (61, 153);
INSERT INTO recipe_cook(recipe_id, cook_id) VALUES (61, 17);
INSERT INTO recipe_cook(recipe_id, cook_id) VALUES (61, 183);
INSERT INTO recipe_cook(recipe_id, cook_id) VALUES (61, 65);
INSERT INTO recipe_cook(recipe_id, cook_id) VALUES (61, 77);
INSERT INTO recipe_cook(recipe_id, cook_id) VALUES (61, 140);
INSERT INTO recipe_cook(recipe_id, cook_id) VALUES (61, 60);
INSERT INTO recipe_theme(recipe_id, theme_id) VALUES (61, 39);
INSERT INTO recipe_theme(recipe_id, theme_id) VALUES (61, 3);
INSERT INTO recipe_theme(recipe_id, theme_id) VALUES (61, 8);
INSERT INTO recipe_tip(recipe_id, tip_id) VALUES (61, 7);

INSERT INTO recipe(baking, cuisine_id, difficulty, title, recipe_description, prep_time, cook_time, portions, fat_portion, protein_portion, carbo_portion, picture, picture_description) VALUES(0, 24, 4,'Waldorf Salad', 'Any partner southern not pick enter. Lot design us will. Middle voice generation. Training determine morning brother. House chair anything may who car.', 95, 20, 5, 55, 45,85, 'https://dummyimage.com/196x516', 'Economic run everybody subject life them list site.');
INSERT INTO recipe_meal_type(recipe_id, meal_type_id) VALUES (62, 6);
INSERT INTO recipe_tag(recipe_id, tag_id) VALUES (62, 4);
INSERT INTO recipe_tag(recipe_id, tag_id) VALUES (62, 84);
INSERT INTO recipe_tag(recipe_id, tag_id) VALUES (62, 44);
INSERT INTO recipe_tag(recipe_id, tag_id) VALUES (62, 37);
INSERT INTO recipe_equipment(recipe_id, equipment_id, num) VALUES (62, 19, 3);
INSERT INTO recipe_equipment(recipe_id, equipment_id, num) VALUES (62, 1, 1);
INSERT INTO recipe_equipment(recipe_id, equipment_id, num) VALUES (62, 9, 1);
INSERT INTO recipe_cook(recipe_id, cook_id) VALUES (62, 83);
INSERT INTO recipe_cook(recipe_id, cook_id) VALUES (62, 58);
INSERT INTO recipe_cook(recipe_id, cook_id) VALUES (62, 194);
INSERT INTO recipe_cook(recipe_id, cook_id) VALUES (62, 3);
INSERT INTO recipe_cook(recipe_id, cook_id) VALUES (62, 124);
INSERT INTO recipe_cook(recipe_id, cook_id) VALUES (62, 49);
INSERT INTO recipe_cook(recipe_id, cook_id) VALUES (62, 41);
INSERT INTO recipe_cook(recipe_id, cook_id) VALUES (62, 17);
INSERT INTO recipe_cook(recipe_id, cook_id) VALUES (62, 122);
INSERT INTO recipe_cook(recipe_id, cook_id) VALUES (62, 135);
INSERT INTO recipe_cook(recipe_id, cook_id) VALUES (62, 16);
INSERT INTO recipe_cook(recipe_id, cook_id) VALUES (62, 166);
INSERT INTO recipe_cook(recipe_id, cook_id) VALUES (62, 44);
INSERT INTO recipe_cook(recipe_id, cook_id) VALUES (62, 76);
INSERT INTO recipe_cook(recipe_id, cook_id) VALUES (62, 195);
INSERT INTO recipe_cook(recipe_id, cook_id) VALUES (62, 55);
INSERT INTO recipe_cook(recipe_id, cook_id) VALUES (62, 126);
INSERT INTO recipe_cook(recipe_id, cook_id) VALUES (62, 130);
INSERT INTO recipe_cook(recipe_id, cook_id) VALUES (62, 158);
INSERT INTO recipe_cook(recipe_id, cook_id) VALUES (62, 68);
INSERT INTO recipe_cook(recipe_id, cook_id) VALUES (62, 145);
INSERT INTO recipe_cook(recipe_id, cook_id) VALUES (62, 131);
INSERT INTO recipe_cook(recipe_id, cook_id) VALUES (62, 62);
INSERT INTO recipe_cook(recipe_id, cook_id) VALUES (62, 46);
INSERT INTO recipe_cook(recipe_id, cook_id) VALUES (62, 90);
INSERT INTO recipe_cook(recipe_id, cook_id) VALUES (62, 88);
INSERT INTO recipe_cook(recipe_id, cook_id) VALUES (62, 190);
INSERT INTO recipe_cook(recipe_id, cook_id) VALUES (62, 43);
INSERT INTO recipe_cook(recipe_id, cook_id) VALUES (62, 141);
INSERT INTO recipe_cook(recipe_id, cook_id) VALUES (62, 1);
INSERT INTO recipe_cook(recipe_id, cook_id) VALUES (62, 153);
INSERT INTO recipe_cook(recipe_id, cook_id) VALUES (62, 82);
INSERT INTO recipe_cook(recipe_id, cook_id) VALUES (62, 61);
INSERT INTO recipe_cook(recipe_id, cook_id) VALUES (62, 174);
INSERT INTO recipe_cook(recipe_id, cook_id) VALUES (62, 143);
INSERT INTO recipe_cook(recipe_id, cook_id) VALUES (62, 178);
INSERT INTO recipe_cook(recipe_id, cook_id) VALUES (62, 26);
INSERT INTO recipe_cook(recipe_id, cook_id) VALUES (62, 14);
INSERT INTO recipe_cook(recipe_id, cook_id) VALUES (62, 100);
INSERT INTO recipe_cook(recipe_id, cook_id) VALUES (62, 156);
INSERT INTO recipe_cook(recipe_id, cook_id) VALUES (62, 117);
INSERT INTO recipe_cook(recipe_id, cook_id) VALUES (62, 152);
INSERT INTO recipe_cook(recipe_id, cook_id) VALUES (62, 105);
INSERT INTO recipe_cook(recipe_id, cook_id) VALUES (62, 163);
INSERT INTO recipe_cook(recipe_id, cook_id) VALUES (62, 189);
INSERT INTO recipe_cook(recipe_id, cook_id) VALUES (62, 182);
INSERT INTO recipe_cook(recipe_id, cook_id) VALUES (62, 107);
INSERT INTO recipe_cook(recipe_id, cook_id) VALUES (62, 134);
INSERT INTO recipe_cook(recipe_id, cook_id) VALUES (62, 52);
INSERT INTO recipe_cook(recipe_id, cook_id) VALUES (62, 86);
INSERT INTO recipe_cook(recipe_id, cook_id) VALUES (62, 168);
INSERT INTO recipe_cook(recipe_id, cook_id) VALUES (62, 98);
INSERT INTO recipe_cook(recipe_id, cook_id) VALUES (62, 102);
INSERT INTO recipe_cook(recipe_id, cook_id) VALUES (62, 70);
INSERT INTO recipe_cook(recipe_id, cook_id) VALUES (62, 148);
INSERT INTO recipe_cook(recipe_id, cook_id) VALUES (62, 181);
INSERT INTO recipe_cook(recipe_id, cook_id) VALUES (62, 36);
INSERT INTO recipe_cook(recipe_id, cook_id) VALUES (62, 138);
INSERT INTO recipe_cook(recipe_id, cook_id) VALUES (62, 185);
INSERT INTO recipe_cook(recipe_id, cook_id) VALUES (62, 96);
INSERT INTO recipe_cook(recipe_id, cook_id) VALUES (62, 192);
INSERT INTO recipe_cook(recipe_id, cook_id) VALUES (62, 157);
INSERT INTO recipe_cook(recipe_id, cook_id) VALUES (62, 50);
INSERT INTO recipe_cook(recipe_id, cook_id) VALUES (62, 85);
INSERT INTO recipe_cook(recipe_id, cook_id) VALUES (62, 150);
INSERT INTO recipe_cook(recipe_id, cook_id) VALUES (62, 112);
INSERT INTO recipe_cook(recipe_id, cook_id) VALUES (62, 18);
INSERT INTO recipe_cook(recipe_id, cook_id) VALUES (62, 97);
INSERT INTO recipe_cook(recipe_id, cook_id) VALUES (62, 200);
INSERT INTO recipe_cook(recipe_id, cook_id) VALUES (62, 146);
INSERT INTO recipe_cook(recipe_id, cook_id) VALUES (62, 113);
INSERT INTO recipe_cook(recipe_id, cook_id) VALUES (62, 28);
INSERT INTO recipe_cook(recipe_id, cook_id) VALUES (62, 199);
INSERT INTO recipe_cook(recipe_id, cook_id) VALUES (62, 104);
INSERT INTO recipe_cook(recipe_id, cook_id) VALUES (62, 106);
INSERT INTO recipe_cook(recipe_id, cook_id) VALUES (62, 54);
INSERT INTO recipe_cook(recipe_id, cook_id) VALUES (62, 6);
INSERT INTO recipe_cook(recipe_id, cook_id) VALUES (62, 159);
INSERT INTO recipe_cook(recipe_id, cook_id) VALUES (62, 170);
INSERT INTO recipe_cook(recipe_id, cook_id) VALUES (62, 91);
INSERT INTO recipe_cook(recipe_id, cook_id) VALUES (62, 7);
INSERT INTO recipe_cook(recipe_id, cook_id) VALUES (62, 180);
INSERT INTO recipe_cook(recipe_id, cook_id) VALUES (62, 56);
INSERT INTO recipe_cook(recipe_id, cook_id) VALUES (62, 144);
INSERT INTO recipe_cook(recipe_id, cook_id) VALUES (62, 116);
INSERT INTO recipe_cook(recipe_id, cook_id) VALUES (62, 77);
INSERT INTO recipe_cook(recipe_id, cook_id) VALUES (62, 35);
INSERT INTO recipe_cook(recipe_id, cook_id) VALUES (62, 103);
INSERT INTO recipe_cook(recipe_id, cook_id) VALUES (62, 123);
INSERT INTO recipe_cook(recipe_id, cook_id) VALUES (62, 75);
INSERT INTO recipe_cook(recipe_id, cook_id) VALUES (62, 51);
INSERT INTO recipe_cook(recipe_id, cook_id) VALUES (62, 125);
INSERT INTO recipe_cook(recipe_id, cook_id) VALUES (62, 99);
INSERT INTO recipe_cook(recipe_id, cook_id) VALUES (62, 9);
INSERT INTO recipe_cook(recipe_id, cook_id) VALUES (62, 8);
INSERT INTO recipe_cook(recipe_id, cook_id) VALUES (62, 94);
INSERT INTO recipe_cook(recipe_id, cook_id) VALUES (62, 169);
INSERT INTO recipe_cook(recipe_id, cook_id) VALUES (62, 81);
INSERT INTO recipe_cook(recipe_id, cook_id) VALUES (62, 42);
INSERT INTO recipe_cook(recipe_id, cook_id) VALUES (62, 167);
INSERT INTO recipe_cook(recipe_id, cook_id) VALUES (62, 95);
INSERT INTO recipe_cook(recipe_id, cook_id) VALUES (62, 2);
INSERT INTO recipe_cook(recipe_id, cook_id) VALUES (62, 5);
INSERT INTO recipe_cook(recipe_id, cook_id) VALUES (62, 32);
INSERT INTO recipe_cook(recipe_id, cook_id) VALUES (62, 87);
INSERT INTO recipe_cook(recipe_id, cook_id) VALUES (62, 4);
INSERT INTO recipe_cook(recipe_id, cook_id) VALUES (62, 31);
INSERT INTO recipe_cook(recipe_id, cook_id) VALUES (62, 71);
INSERT INTO recipe_cook(recipe_id, cook_id) VALUES (62, 179);
INSERT INTO recipe_cook(recipe_id, cook_id) VALUES (62, 175);
INSERT INTO recipe_cook(recipe_id, cook_id) VALUES (62, 147);
INSERT INTO recipe_cook(recipe_id, cook_id) VALUES (62, 198);
INSERT INTO recipe_cook(recipe_id, cook_id) VALUES (62, 12);
INSERT INTO recipe_cook(recipe_id, cook_id) VALUES (62, 149);
INSERT INTO recipe_cook(recipe_id, cook_id) VALUES (62, 57);
INSERT INTO recipe_cook(recipe_id, cook_id) VALUES (62, 171);
INSERT INTO recipe_cook(recipe_id, cook_id) VALUES (62, 74);
INSERT INTO recipe_cook(recipe_id, cook_id) VALUES (62, 33);
INSERT INTO recipe_cook(recipe_id, cook_id) VALUES (62, 197);
INSERT INTO recipe_cook(recipe_id, cook_id) VALUES (62, 13);
INSERT INTO recipe_cook(recipe_id, cook_id) VALUES (62, 155);
INSERT INTO recipe_cook(recipe_id, cook_id) VALUES (62, 151);
INSERT INTO recipe_cook(recipe_id, cook_id) VALUES (62, 160);
INSERT INTO recipe_cook(recipe_id, cook_id) VALUES (62, 111);
INSERT INTO recipe_cook(recipe_id, cook_id) VALUES (62, 25);
INSERT INTO recipe_cook(recipe_id, cook_id) VALUES (62, 80);
INSERT INTO recipe_cook(recipe_id, cook_id) VALUES (62, 108);
INSERT INTO recipe_cook(recipe_id, cook_id) VALUES (62, 129);
INSERT INTO recipe_theme(recipe_id, theme_id) VALUES (62, 34);
INSERT INTO recipe_theme(recipe_id, theme_id) VALUES (62, 27);
INSERT INTO recipe_theme(recipe_id, theme_id) VALUES (62, 7);
INSERT INTO recipe_tip(recipe_id, tip_id) VALUES (62, 3);
INSERT INTO recipe_tip(recipe_id, tip_id) VALUES (62, 6);
INSERT INTO recipe_tip(recipe_id, tip_id) VALUES (62, 8);

INSERT INTO recipe(baking, cuisine_id, difficulty, title, recipe_description, prep_time, cook_time, portions, fat_portion, protein_portion, carbo_portion, picture, picture_description) VALUES(0, 9, 4,'Beef Bourguignon', 'Boy decade friend way catch bed some. Interview interest worker account thank.', 25, 80, 2, 55, 45,0, 'https://dummyimage.com/376x435', 'Must program fly shoulder letter early.');
INSERT INTO recipe_meal_type(recipe_id, meal_type_id) VALUES (63, 5);
INSERT INTO recipe_tag(recipe_id, tag_id) VALUES (63, 33);
INSERT INTO recipe_equipment(recipe_id, equipment_id, num) VALUES (63, 6, 3);
INSERT INTO recipe_equipment(recipe_id, equipment_id, num) VALUES (63, 17, 4);
INSERT INTO recipe_equipment(recipe_id, equipment_id, num) VALUES (63, 16, 2);
INSERT INTO recipe_equipment(recipe_id, equipment_id, num) VALUES (63, 7, 1);
INSERT INTO recipe_cook(recipe_id, cook_id) VALUES (63, 62);
INSERT INTO recipe_cook(recipe_id, cook_id) VALUES (63, 61);
INSERT INTO recipe_cook(recipe_id, cook_id) VALUES (63, 3);
INSERT INTO recipe_cook(recipe_id, cook_id) VALUES (63, 42);
INSERT INTO recipe_cook(recipe_id, cook_id) VALUES (63, 2);
INSERT INTO recipe_cook(recipe_id, cook_id) VALUES (63, 110);
INSERT INTO recipe_cook(recipe_id, cook_id) VALUES (63, 106);
INSERT INTO recipe_cook(recipe_id, cook_id) VALUES (63, 183);
INSERT INTO recipe_cook(recipe_id, cook_id) VALUES (63, 182);
INSERT INTO recipe_cook(recipe_id, cook_id) VALUES (63, 140);
INSERT INTO recipe_cook(recipe_id, cook_id) VALUES (63, 102);
INSERT INTO recipe_cook(recipe_id, cook_id) VALUES (63, 181);
INSERT INTO recipe_cook(recipe_id, cook_id) VALUES (63, 80);
INSERT INTO recipe_cook(recipe_id, cook_id) VALUES (63, 34);
INSERT INTO recipe_cook(recipe_id, cook_id) VALUES (63, 13);
INSERT INTO recipe_cook(recipe_id, cook_id) VALUES (63, 168);
INSERT INTO recipe_cook(recipe_id, cook_id) VALUES (63, 149);
INSERT INTO recipe_cook(recipe_id, cook_id) VALUES (63, 104);
INSERT INTO recipe_cook(recipe_id, cook_id) VALUES (63, 97);
INSERT INTO recipe_cook(recipe_id, cook_id) VALUES (63, 176);
INSERT INTO recipe_cook(recipe_id, cook_id) VALUES (63, 148);
INSERT INTO recipe_cook(recipe_id, cook_id) VALUES (63, 98);
INSERT INTO recipe_cook(recipe_id, cook_id) VALUES (63, 68);
INSERT INTO recipe_cook(recipe_id, cook_id) VALUES (63, 152);
INSERT INTO recipe_cook(recipe_id, cook_id) VALUES (63, 112);
INSERT INTO recipe_cook(recipe_id, cook_id) VALUES (63, 179);
INSERT INTO recipe_cook(recipe_id, cook_id) VALUES (63, 5);
INSERT INTO recipe_cook(recipe_id, cook_id) VALUES (63, 162);
INSERT INTO recipe_cook(recipe_id, cook_id) VALUES (63, 29);
INSERT INTO recipe_cook(recipe_id, cook_id) VALUES (63, 137);
INSERT INTO recipe_cook(recipe_id, cook_id) VALUES (63, 91);
INSERT INTO recipe_cook(recipe_id, cook_id) VALUES (63, 28);
INSERT INTO recipe_cook(recipe_id, cook_id) VALUES (63, 25);
INSERT INTO recipe_cook(recipe_id, cook_id) VALUES (63, 108);
INSERT INTO recipe_cook(recipe_id, cook_id) VALUES (63, 52);
INSERT INTO recipe_cook(recipe_id, cook_id) VALUES (63, 70);
INSERT INTO recipe_cook(recipe_id, cook_id) VALUES (63, 105);
INSERT INTO recipe_cook(recipe_id, cook_id) VALUES (63, 111);
INSERT INTO recipe_cook(recipe_id, cook_id) VALUES (63, 185);
INSERT INTO recipe_cook(recipe_id, cook_id) VALUES (63, 96);
INSERT INTO recipe_cook(recipe_id, cook_id) VALUES (63, 163);
INSERT INTO recipe_cook(recipe_id, cook_id) VALUES (63, 139);
INSERT INTO recipe_cook(recipe_id, cook_id) VALUES (63, 135);
INSERT INTO recipe_cook(recipe_id, cook_id) VALUES (63, 88);
INSERT INTO recipe_cook(recipe_id, cook_id) VALUES (63, 133);
INSERT INTO recipe_cook(recipe_id, cook_id) VALUES (63, 24);
INSERT INTO recipe_cook(recipe_id, cook_id) VALUES (63, 41);
INSERT INTO recipe_cook(recipe_id, cook_id) VALUES (63, 147);
INSERT INTO recipe_cook(recipe_id, cook_id) VALUES (63, 43);
INSERT INTO recipe_cook(recipe_id, cook_id) VALUES (63, 154);
INSERT INTO recipe_cook(recipe_id, cook_id) VALUES (63, 164);
INSERT INTO recipe_cook(recipe_id, cook_id) VALUES (63, 170);
INSERT INTO recipe_cook(recipe_id, cook_id) VALUES (63, 54);
INSERT INTO recipe_cook(recipe_id, cook_id) VALUES (63, 174);
INSERT INTO recipe_cook(recipe_id, cook_id) VALUES (63, 77);
INSERT INTO recipe_cook(recipe_id, cook_id) VALUES (63, 45);
INSERT INTO recipe_cook(recipe_id, cook_id) VALUES (63, 82);
INSERT INTO recipe_cook(recipe_id, cook_id) VALUES (63, 175);
INSERT INTO recipe_cook(recipe_id, cook_id) VALUES (63, 55);
INSERT INTO recipe_cook(recipe_id, cook_id) VALUES (63, 193);
INSERT INTO recipe_cook(recipe_id, cook_id) VALUES (63, 86);
INSERT INTO recipe_cook(recipe_id, cook_id) VALUES (63, 27);
INSERT INTO recipe_cook(recipe_id, cook_id) VALUES (63, 119);
INSERT INTO recipe_cook(recipe_id, cook_id) VALUES (63, 196);
INSERT INTO recipe_cook(recipe_id, cook_id) VALUES (63, 198);
INSERT INTO recipe_cook(recipe_id, cook_id) VALUES (63, 130);
INSERT INTO recipe_cook(recipe_id, cook_id) VALUES (63, 126);
INSERT INTO recipe_cook(recipe_id, cook_id) VALUES (63, 83);
INSERT INTO recipe_cook(recipe_id, cook_id) VALUES (63, 20);
INSERT INTO recipe_cook(recipe_id, cook_id) VALUES (63, 74);
INSERT INTO recipe_cook(recipe_id, cook_id) VALUES (63, 178);
INSERT INTO recipe_cook(recipe_id, cook_id) VALUES (63, 67);
INSERT INTO recipe_cook(recipe_id, cook_id) VALUES (63, 19);
INSERT INTO recipe_cook(recipe_id, cook_id) VALUES (63, 180);
INSERT INTO recipe_cook(recipe_id, cook_id) VALUES (63, 7);
INSERT INTO recipe_cook(recipe_id, cook_id) VALUES (63, 129);
INSERT INTO recipe_cook(recipe_id, cook_id) VALUES (63, 146);
INSERT INTO recipe_cook(recipe_id, cook_id) VALUES (63, 144);
INSERT INTO recipe_cook(recipe_id, cook_id) VALUES (63, 145);
INSERT INTO recipe_cook(recipe_id, cook_id) VALUES (63, 156);
INSERT INTO recipe_cook(recipe_id, cook_id) VALUES (63, 141);
INSERT INTO recipe_cook(recipe_id, cook_id) VALUES (63, 76);
INSERT INTO recipe_cook(recipe_id, cook_id) VALUES (63, 11);
INSERT INTO recipe_cook(recipe_id, cook_id) VALUES (63, 14);
INSERT INTO recipe_cook(recipe_id, cook_id) VALUES (63, 40);
INSERT INTO recipe_cook(recipe_id, cook_id) VALUES (63, 124);
INSERT INTO recipe_cook(recipe_id, cook_id) VALUES (63, 127);
INSERT INTO recipe_cook(recipe_id, cook_id) VALUES (63, 46);
INSERT INTO recipe_cook(recipe_id, cook_id) VALUES (63, 122);
INSERT INTO recipe_cook(recipe_id, cook_id) VALUES (63, 158);
INSERT INTO recipe_cook(recipe_id, cook_id) VALUES (63, 187);
INSERT INTO recipe_cook(recipe_id, cook_id) VALUES (63, 100);
INSERT INTO recipe_cook(recipe_id, cook_id) VALUES (63, 115);
INSERT INTO recipe_cook(recipe_id, cook_id) VALUES (63, 177);
INSERT INTO recipe_cook(recipe_id, cook_id) VALUES (63, 172);
INSERT INTO recipe_cook(recipe_id, cook_id) VALUES (63, 30);
INSERT INTO recipe_cook(recipe_id, cook_id) VALUES (63, 190);
INSERT INTO recipe_cook(recipe_id, cook_id) VALUES (63, 103);
INSERT INTO recipe_cook(recipe_id, cook_id) VALUES (63, 134);
INSERT INTO recipe_cook(recipe_id, cook_id) VALUES (63, 10);
INSERT INTO recipe_cook(recipe_id, cook_id) VALUES (63, 121);
INSERT INTO recipe_cook(recipe_id, cook_id) VALUES (63, 64);
INSERT INTO recipe_cook(recipe_id, cook_id) VALUES (63, 63);
INSERT INTO recipe_cook(recipe_id, cook_id) VALUES (63, 69);
INSERT INTO recipe_cook(recipe_id, cook_id) VALUES (63, 120);
INSERT INTO recipe_cook(recipe_id, cook_id) VALUES (63, 35);
INSERT INTO recipe_cook(recipe_id, cook_id) VALUES (63, 33);
INSERT INTO recipe_cook(recipe_id, cook_id) VALUES (63, 199);
INSERT INTO recipe_cook(recipe_id, cook_id) VALUES (63, 50);
INSERT INTO recipe_cook(recipe_id, cook_id) VALUES (63, 113);
INSERT INTO recipe_cook(recipe_id, cook_id) VALUES (63, 12);
INSERT INTO recipe_cook(recipe_id, cook_id) VALUES (63, 87);
INSERT INTO recipe_cook(recipe_id, cook_id) VALUES (63, 39);
INSERT INTO recipe_cook(recipe_id, cook_id) VALUES (63, 171);
INSERT INTO recipe_cook(recipe_id, cook_id) VALUES (63, 58);
INSERT INTO recipe_cook(recipe_id, cook_id) VALUES (63, 197);
INSERT INTO recipe_cook(recipe_id, cook_id) VALUES (63, 173);
INSERT INTO recipe_cook(recipe_id, cook_id) VALUES (63, 92);
INSERT INTO recipe_cook(recipe_id, cook_id) VALUES (63, 4);
INSERT INTO recipe_cook(recipe_id, cook_id) VALUES (63, 191);
INSERT INTO recipe_cook(recipe_id, cook_id) VALUES (63, 159);
INSERT INTO recipe_cook(recipe_id, cook_id) VALUES (63, 116);
INSERT INTO recipe_cook(recipe_id, cook_id) VALUES (63, 21);
INSERT INTO recipe_cook(recipe_id, cook_id) VALUES (63, 93);
INSERT INTO recipe_cook(recipe_id, cook_id) VALUES (63, 142);
INSERT INTO recipe_cook(recipe_id, cook_id) VALUES (63, 109);
INSERT INTO recipe_cook(recipe_id, cook_id) VALUES (63, 65);
INSERT INTO recipe_cook(recipe_id, cook_id) VALUES (63, 1);
INSERT INTO recipe_cook(recipe_id, cook_id) VALUES (63, 47);
INSERT INTO recipe_cook(recipe_id, cook_id) VALUES (63, 101);
INSERT INTO recipe_cook(recipe_id, cook_id) VALUES (63, 166);
INSERT INTO recipe_cook(recipe_id, cook_id) VALUES (63, 73);
INSERT INTO recipe_cook(recipe_id, cook_id) VALUES (63, 15);
INSERT INTO recipe_cook(recipe_id, cook_id) VALUES (63, 90);
INSERT INTO recipe_cook(recipe_id, cook_id) VALUES (63, 66);
INSERT INTO recipe_cook(recipe_id, cook_id) VALUES (63, 81);
INSERT INTO recipe_cook(recipe_id, cook_id) VALUES (63, 114);
INSERT INTO recipe_cook(recipe_id, cook_id) VALUES (63, 186);
INSERT INTO recipe_cook(recipe_id, cook_id) VALUES (63, 16);
INSERT INTO recipe_cook(recipe_id, cook_id) VALUES (63, 57);
INSERT INTO recipe_cook(recipe_id, cook_id) VALUES (63, 161);
INSERT INTO recipe_cook(recipe_id, cook_id) VALUES (63, 169);
INSERT INTO recipe_cook(recipe_id, cook_id) VALUES (63, 59);
INSERT INTO recipe_cook(recipe_id, cook_id) VALUES (63, 85);
INSERT INTO recipe_cook(recipe_id, cook_id) VALUES (63, 18);
INSERT INTO recipe_cook(recipe_id, cook_id) VALUES (63, 138);
INSERT INTO recipe_cook(recipe_id, cook_id) VALUES (63, 60);
INSERT INTO recipe_cook(recipe_id, cook_id) VALUES (63, 165);
INSERT INTO recipe_cook(recipe_id, cook_id) VALUES (63, 194);
INSERT INTO recipe_cook(recipe_id, cook_id) VALUES (63, 89);
INSERT INTO recipe_cook(recipe_id, cook_id) VALUES (63, 107);
INSERT INTO recipe_cook(recipe_id, cook_id) VALUES (63, 157);
INSERT INTO recipe_cook(recipe_id, cook_id) VALUES (63, 53);
INSERT INTO recipe_cook(recipe_id, cook_id) VALUES (63, 84);
INSERT INTO recipe_cook(recipe_id, cook_id) VALUES (63, 6);
INSERT INTO recipe_cook(recipe_id, cook_id) VALUES (63, 49);
INSERT INTO recipe_cook(recipe_id, cook_id) VALUES (63, 188);
INSERT INTO recipe_cook(recipe_id, cook_id) VALUES (63, 32);
INSERT INTO recipe_cook(recipe_id, cook_id) VALUES (63, 9);
INSERT INTO recipe_cook(recipe_id, cook_id) VALUES (63, 123);
INSERT INTO recipe_cook(recipe_id, cook_id) VALUES (63, 192);
INSERT INTO recipe_cook(recipe_id, cook_id) VALUES (63, 128);
INSERT INTO recipe_cook(recipe_id, cook_id) VALUES (63, 22);
INSERT INTO recipe_cook(recipe_id, cook_id) VALUES (63, 184);
INSERT INTO recipe_cook(recipe_id, cook_id) VALUES (63, 31);
INSERT INTO recipe_cook(recipe_id, cook_id) VALUES (63, 99);
INSERT INTO recipe_cook(recipe_id, cook_id) VALUES (63, 79);
INSERT INTO recipe_cook(recipe_id, cook_id) VALUES (63, 189);
INSERT INTO recipe_cook(recipe_id, cook_id) VALUES (63, 23);
INSERT INTO recipe_cook(recipe_id, cook_id) VALUES (63, 78);
INSERT INTO recipe_cook(recipe_id, cook_id) VALUES (63, 118);
INSERT INTO recipe_cook(recipe_id, cook_id) VALUES (63, 36);
INSERT INTO recipe_cook(recipe_id, cook_id) VALUES (63, 38);
INSERT INTO recipe_cook(recipe_id, cook_id) VALUES (63, 26);
INSERT INTO recipe_cook(recipe_id, cook_id) VALUES (63, 125);
INSERT INTO recipe_cook(recipe_id, cook_id) VALUES (63, 95);
INSERT INTO recipe_cook(recipe_id, cook_id) VALUES (63, 8);
INSERT INTO recipe_cook(recipe_id, cook_id) VALUES (63, 48);
INSERT INTO recipe_cook(recipe_id, cook_id) VALUES (63, 131);
INSERT INTO recipe_cook(recipe_id, cook_id) VALUES (63, 37);
INSERT INTO recipe_cook(recipe_id, cook_id) VALUES (63, 160);
INSERT INTO recipe_theme(recipe_id, theme_id) VALUES (63, 17);
INSERT INTO recipe_theme(recipe_id, theme_id) VALUES (63, 33);
INSERT INTO recipe_tip(recipe_id, tip_id) VALUES (63, 21);
INSERT INTO recipe_tip(recipe_id, tip_id) VALUES (63, 20);

INSERT INTO recipe(baking, cuisine_id, difficulty, title, recipe_description, prep_time, cook_time, portions, fat_portion, protein_portion, carbo_portion, picture, picture_description) VALUES(1, 1, 3,'Guacamole', 'Second staff join full believe necessary environment. Finish surface show coach simply simple. Purpose process whose too reach sport. Size staff feel sport worker wind dream.', 65, 120, 3, 5, 50,5, 'https://placekitten.com/1013/361', 'Against somebody pick perform military.');
INSERT INTO recipe_meal_type(recipe_id, meal_type_id) VALUES (64, 1);
INSERT INTO recipe_tag(recipe_id, tag_id) VALUES (64, 74);
INSERT INTO recipe_tag(recipe_id, tag_id) VALUES (64, 65);
INSERT INTO recipe_tag(recipe_id, tag_id) VALUES (64, 47);
INSERT INTO recipe_tag(recipe_id, tag_id) VALUES (64, 85);
INSERT INTO recipe_equipment(recipe_id, equipment_id, num) VALUES (64, 2, 3);
INSERT INTO recipe_equipment(recipe_id, equipment_id, num) VALUES (64, 8, 1);
INSERT INTO recipe_equipment(recipe_id, equipment_id, num) VALUES (64, 7, 1);
INSERT INTO recipe_cook(recipe_id, cook_id) VALUES (64, 31);
INSERT INTO recipe_cook(recipe_id, cook_id) VALUES (64, 68);
INSERT INTO recipe_cook(recipe_id, cook_id) VALUES (64, 187);
INSERT INTO recipe_cook(recipe_id, cook_id) VALUES (64, 126);
INSERT INTO recipe_cook(recipe_id, cook_id) VALUES (64, 113);
INSERT INTO recipe_cook(recipe_id, cook_id) VALUES (64, 177);
INSERT INTO recipe_cook(recipe_id, cook_id) VALUES (64, 74);
INSERT INTO recipe_theme(recipe_id, theme_id) VALUES (64, 10);
INSERT INTO recipe_theme(recipe_id, theme_id) VALUES (64, 30);
INSERT INTO recipe_theme(recipe_id, theme_id) VALUES (64, 3);
INSERT INTO recipe_tip(recipe_id, tip_id) VALUES (64, 2);

INSERT INTO recipe(baking, cuisine_id, difficulty, title, recipe_description, prep_time, cook_time, portions, fat_portion, protein_portion, carbo_portion, picture, picture_description) VALUES(0, 30, 5,'Brownies', 'Although become newspaper. Sort believe prove else call forget star response. There hair my west deep start. Source front including series baby.', 85, 50, 2, 25, 65,50, 'https://dummyimage.com/86x463', 'Leader body bill action.');
INSERT INTO recipe_meal_type(recipe_id, meal_type_id) VALUES (65, 5);
INSERT INTO recipe_tag(recipe_id, tag_id) VALUES (65, 3);
INSERT INTO recipe_tag(recipe_id, tag_id) VALUES (65, 33);
INSERT INTO recipe_equipment(recipe_id, equipment_id, num) VALUES (65, 9, 1);
INSERT INTO recipe_equipment(recipe_id, equipment_id, num) VALUES (65, 7, 3);
INSERT INTO recipe_equipment(recipe_id, equipment_id, num) VALUES (65, 13, 4);
INSERT INTO recipe_equipment(recipe_id, equipment_id, num) VALUES (65, 4, 1);
INSERT INTO recipe_equipment(recipe_id, equipment_id, num) VALUES (65, 2, 3);
INSERT INTO recipe_equipment(recipe_id, equipment_id, num) VALUES (65, 10, 2);
INSERT INTO recipe_cook(recipe_id, cook_id) VALUES (65, 177);
INSERT INTO recipe_cook(recipe_id, cook_id) VALUES (65, 155);
INSERT INTO recipe_cook(recipe_id, cook_id) VALUES (65, 168);
INSERT INTO recipe_cook(recipe_id, cook_id) VALUES (65, 152);
INSERT INTO recipe_cook(recipe_id, cook_id) VALUES (65, 98);
INSERT INTO recipe_cook(recipe_id, cook_id) VALUES (65, 17);
INSERT INTO recipe_cook(recipe_id, cook_id) VALUES (65, 186);
INSERT INTO recipe_cook(recipe_id, cook_id) VALUES (65, 43);
INSERT INTO recipe_cook(recipe_id, cook_id) VALUES (65, 133);
INSERT INTO recipe_cook(recipe_id, cook_id) VALUES (65, 63);
INSERT INTO recipe_cook(recipe_id, cook_id) VALUES (65, 162);
INSERT INTO recipe_theme(recipe_id, theme_id) VALUES (65, 36);
INSERT INTO recipe_tip(recipe_id, tip_id) VALUES (65, 8);

INSERT INTO recipe(baking, cuisine_id, difficulty, title, recipe_description, prep_time, cook_time, portions, fat_portion, protein_portion, carbo_portion, picture, picture_description) VALUES(0, 46, 2,'Quesadillas', 'Against activity card present energy. Left represent national model art compare outside. Several and drop human.', 35, 10, 3, 35, 15,70, 'https://dummyimage.com/880x297', 'Goal say support.');
INSERT INTO recipe_meal_type(recipe_id, meal_type_id) VALUES (66, 3);
INSERT INTO recipe_tag(recipe_id, tag_id) VALUES (66, 65);
INSERT INTO recipe_tag(recipe_id, tag_id) VALUES (66, 34);
INSERT INTO recipe_tag(recipe_id, tag_id) VALUES (66, 74);
INSERT INTO recipe_tag(recipe_id, tag_id) VALUES (66, 86);
INSERT INTO recipe_equipment(recipe_id, equipment_id, num) VALUES (66, 4, 1);
INSERT INTO recipe_equipment(recipe_id, equipment_id, num) VALUES (66, 12, 1);
INSERT INTO recipe_equipment(recipe_id, equipment_id, num) VALUES (66, 6, 2);
INSERT INTO recipe_equipment(recipe_id, equipment_id, num) VALUES (66, 15, 4);
INSERT INTO recipe_equipment(recipe_id, equipment_id, num) VALUES (66, 8, 4);
INSERT INTO recipe_equipment(recipe_id, equipment_id, num) VALUES (66, 2, 2);
INSERT INTO recipe_equipment(recipe_id, equipment_id, num) VALUES (66, 19, 1);
INSERT INTO recipe_cook(recipe_id, cook_id) VALUES (66, 110);
INSERT INTO recipe_cook(recipe_id, cook_id) VALUES (66, 184);
INSERT INTO recipe_cook(recipe_id, cook_id) VALUES (66, 52);
INSERT INTO recipe_cook(recipe_id, cook_id) VALUES (66, 43);
INSERT INTO recipe_cook(recipe_id, cook_id) VALUES (66, 41);
INSERT INTO recipe_cook(recipe_id, cook_id) VALUES (66, 86);
INSERT INTO recipe_cook(recipe_id, cook_id) VALUES (66, 156);
INSERT INTO recipe_cook(recipe_id, cook_id) VALUES (66, 135);
INSERT INTO recipe_cook(recipe_id, cook_id) VALUES (66, 129);
INSERT INTO recipe_cook(recipe_id, cook_id) VALUES (66, 168);
INSERT INTO recipe_cook(recipe_id, cook_id) VALUES (66, 10);
INSERT INTO recipe_cook(recipe_id, cook_id) VALUES (66, 8);
INSERT INTO recipe_cook(recipe_id, cook_id) VALUES (66, 120);
INSERT INTO recipe_cook(recipe_id, cook_id) VALUES (66, 95);
INSERT INTO recipe_cook(recipe_id, cook_id) VALUES (66, 12);
INSERT INTO recipe_cook(recipe_id, cook_id) VALUES (66, 30);
INSERT INTO recipe_cook(recipe_id, cook_id) VALUES (66, 37);
INSERT INTO recipe_cook(recipe_id, cook_id) VALUES (66, 171);
INSERT INTO recipe_cook(recipe_id, cook_id) VALUES (66, 101);
INSERT INTO recipe_cook(recipe_id, cook_id) VALUES (66, 18);
INSERT INTO recipe_cook(recipe_id, cook_id) VALUES (66, 61);
INSERT INTO recipe_cook(recipe_id, cook_id) VALUES (66, 3);
INSERT INTO recipe_cook(recipe_id, cook_id) VALUES (66, 199);
INSERT INTO recipe_cook(recipe_id, cook_id) VALUES (66, 175);
INSERT INTO recipe_cook(recipe_id, cook_id) VALUES (66, 42);
INSERT INTO recipe_cook(recipe_id, cook_id) VALUES (66, 39);
INSERT INTO recipe_cook(recipe_id, cook_id) VALUES (66, 73);
INSERT INTO recipe_cook(recipe_id, cook_id) VALUES (66, 64);
INSERT INTO recipe_cook(recipe_id, cook_id) VALUES (66, 108);
INSERT INTO recipe_cook(recipe_id, cook_id) VALUES (66, 140);
INSERT INTO recipe_cook(recipe_id, cook_id) VALUES (66, 125);
INSERT INTO recipe_cook(recipe_id, cook_id) VALUES (66, 93);
INSERT INTO recipe_cook(recipe_id, cook_id) VALUES (66, 166);
INSERT INTO recipe_cook(recipe_id, cook_id) VALUES (66, 70);
INSERT INTO recipe_cook(recipe_id, cook_id) VALUES (66, 133);
INSERT INTO recipe_cook(recipe_id, cook_id) VALUES (66, 46);
INSERT INTO recipe_cook(recipe_id, cook_id) VALUES (66, 123);
INSERT INTO recipe_cook(recipe_id, cook_id) VALUES (66, 163);
INSERT INTO recipe_cook(recipe_id, cook_id) VALUES (66, 165);
INSERT INTO recipe_cook(recipe_id, cook_id) VALUES (66, 83);
INSERT INTO recipe_cook(recipe_id, cook_id) VALUES (66, 103);
INSERT INTO recipe_cook(recipe_id, cook_id) VALUES (66, 185);
INSERT INTO recipe_cook(recipe_id, cook_id) VALUES (66, 79);
INSERT INTO recipe_cook(recipe_id, cook_id) VALUES (66, 56);
INSERT INTO recipe_cook(recipe_id, cook_id) VALUES (66, 180);
INSERT INTO recipe_cook(recipe_id, cook_id) VALUES (66, 19);
INSERT INTO recipe_cook(recipe_id, cook_id) VALUES (66, 174);
INSERT INTO recipe_cook(recipe_id, cook_id) VALUES (66, 134);
INSERT INTO recipe_cook(recipe_id, cook_id) VALUES (66, 112);
INSERT INTO recipe_cook(recipe_id, cook_id) VALUES (66, 69);
INSERT INTO recipe_cook(recipe_id, cook_id) VALUES (66, 132);
INSERT INTO recipe_cook(recipe_id, cook_id) VALUES (66, 105);
INSERT INTO recipe_cook(recipe_id, cook_id) VALUES (66, 197);
INSERT INTO recipe_cook(recipe_id, cook_id) VALUES (66, 2);
INSERT INTO recipe_cook(recipe_id, cook_id) VALUES (66, 55);
INSERT INTO recipe_cook(recipe_id, cook_id) VALUES (66, 80);
INSERT INTO recipe_cook(recipe_id, cook_id) VALUES (66, 98);
INSERT INTO recipe_cook(recipe_id, cook_id) VALUES (66, 152);
INSERT INTO recipe_cook(recipe_id, cook_id) VALUES (66, 76);
INSERT INTO recipe_cook(recipe_id, cook_id) VALUES (66, 130);
INSERT INTO recipe_cook(recipe_id, cook_id) VALUES (66, 87);
INSERT INTO recipe_cook(recipe_id, cook_id) VALUES (66, 109);
INSERT INTO recipe_cook(recipe_id, cook_id) VALUES (66, 157);
INSERT INTO recipe_cook(recipe_id, cook_id) VALUES (66, 111);
INSERT INTO recipe_cook(recipe_id, cook_id) VALUES (66, 77);
INSERT INTO recipe_cook(recipe_id, cook_id) VALUES (66, 189);
INSERT INTO recipe_cook(recipe_id, cook_id) VALUES (66, 71);
INSERT INTO recipe_cook(recipe_id, cook_id) VALUES (66, 88);
INSERT INTO recipe_cook(recipe_id, cook_id) VALUES (66, 28);
INSERT INTO recipe_cook(recipe_id, cook_id) VALUES (66, 24);
INSERT INTO recipe_cook(recipe_id, cook_id) VALUES (66, 196);
INSERT INTO recipe_cook(recipe_id, cook_id) VALUES (66, 34);
INSERT INTO recipe_cook(recipe_id, cook_id) VALUES (66, 84);
INSERT INTO recipe_cook(recipe_id, cook_id) VALUES (66, 161);
INSERT INTO recipe_cook(recipe_id, cook_id) VALUES (66, 141);
INSERT INTO recipe_cook(recipe_id, cook_id) VALUES (66, 114);
INSERT INTO recipe_cook(recipe_id, cook_id) VALUES (66, 21);
INSERT INTO recipe_cook(recipe_id, cook_id) VALUES (66, 1);
INSERT INTO recipe_cook(recipe_id, cook_id) VALUES (66, 38);
INSERT INTO recipe_cook(recipe_id, cook_id) VALUES (66, 50);
INSERT INTO recipe_cook(recipe_id, cook_id) VALUES (66, 160);
INSERT INTO recipe_cook(recipe_id, cook_id) VALUES (66, 85);
INSERT INTO recipe_cook(recipe_id, cook_id) VALUES (66, 72);
INSERT INTO recipe_cook(recipe_id, cook_id) VALUES (66, 107);
INSERT INTO recipe_cook(recipe_id, cook_id) VALUES (66, 154);
INSERT INTO recipe_cook(recipe_id, cook_id) VALUES (66, 13);
INSERT INTO recipe_cook(recipe_id, cook_id) VALUES (66, 44);
INSERT INTO recipe_cook(recipe_id, cook_id) VALUES (66, 40);
INSERT INTO recipe_cook(recipe_id, cook_id) VALUES (66, 151);
INSERT INTO recipe_cook(recipe_id, cook_id) VALUES (66, 89);
INSERT INTO recipe_cook(recipe_id, cook_id) VALUES (66, 198);
INSERT INTO recipe_cook(recipe_id, cook_id) VALUES (66, 4);
INSERT INTO recipe_cook(recipe_id, cook_id) VALUES (66, 167);
INSERT INTO recipe_cook(recipe_id, cook_id) VALUES (66, 102);
INSERT INTO recipe_cook(recipe_id, cook_id) VALUES (66, 66);
INSERT INTO recipe_cook(recipe_id, cook_id) VALUES (66, 22);
INSERT INTO recipe_cook(recipe_id, cook_id) VALUES (66, 100);
INSERT INTO recipe_cook(recipe_id, cook_id) VALUES (66, 6);
INSERT INTO recipe_cook(recipe_id, cook_id) VALUES (66, 183);
INSERT INTO recipe_cook(recipe_id, cook_id) VALUES (66, 33);
INSERT INTO recipe_cook(recipe_id, cook_id) VALUES (66, 153);
INSERT INTO recipe_cook(recipe_id, cook_id) VALUES (66, 139);
INSERT INTO recipe_cook(recipe_id, cook_id) VALUES (66, 188);
INSERT INTO recipe_cook(recipe_id, cook_id) VALUES (66, 36);
INSERT INTO recipe_cook(recipe_id, cook_id) VALUES (66, 147);
INSERT INTO recipe_cook(recipe_id, cook_id) VALUES (66, 96);
INSERT INTO recipe_cook(recipe_id, cook_id) VALUES (66, 143);
INSERT INTO recipe_cook(recipe_id, cook_id) VALUES (66, 195);
INSERT INTO recipe_cook(recipe_id, cook_id) VALUES (66, 51);
INSERT INTO recipe_cook(recipe_id, cook_id) VALUES (66, 137);
INSERT INTO recipe_cook(recipe_id, cook_id) VALUES (66, 9);
INSERT INTO recipe_cook(recipe_id, cook_id) VALUES (66, 173);
INSERT INTO recipe_cook(recipe_id, cook_id) VALUES (66, 67);
INSERT INTO recipe_cook(recipe_id, cook_id) VALUES (66, 142);
INSERT INTO recipe_cook(recipe_id, cook_id) VALUES (66, 26);
INSERT INTO recipe_cook(recipe_id, cook_id) VALUES (66, 68);
INSERT INTO recipe_cook(recipe_id, cook_id) VALUES (66, 186);
INSERT INTO recipe_cook(recipe_id, cook_id) VALUES (66, 99);
INSERT INTO recipe_cook(recipe_id, cook_id) VALUES (66, 20);
INSERT INTO recipe_cook(recipe_id, cook_id) VALUES (66, 57);
INSERT INTO recipe_cook(recipe_id, cook_id) VALUES (66, 200);
INSERT INTO recipe_cook(recipe_id, cook_id) VALUES (66, 115);
INSERT INTO recipe_cook(recipe_id, cook_id) VALUES (66, 81);
INSERT INTO recipe_cook(recipe_id, cook_id) VALUES (66, 25);
INSERT INTO recipe_cook(recipe_id, cook_id) VALUES (66, 122);
INSERT INTO recipe_cook(recipe_id, cook_id) VALUES (66, 59);
INSERT INTO recipe_cook(recipe_id, cook_id) VALUES (66, 48);
INSERT INTO recipe_cook(recipe_id, cook_id) VALUES (66, 169);
INSERT INTO recipe_cook(recipe_id, cook_id) VALUES (66, 47);
INSERT INTO recipe_cook(recipe_id, cook_id) VALUES (66, 162);
INSERT INTO recipe_cook(recipe_id, cook_id) VALUES (66, 16);
INSERT INTO recipe_cook(recipe_id, cook_id) VALUES (66, 178);
INSERT INTO recipe_cook(recipe_id, cook_id) VALUES (66, 164);
INSERT INTO recipe_cook(recipe_id, cook_id) VALUES (66, 149);
INSERT INTO recipe_cook(recipe_id, cook_id) VALUES (66, 78);
INSERT INTO recipe_cook(recipe_id, cook_id) VALUES (66, 54);
INSERT INTO recipe_cook(recipe_id, cook_id) VALUES (66, 75);
INSERT INTO recipe_cook(recipe_id, cook_id) VALUES (66, 7);
INSERT INTO recipe_cook(recipe_id, cook_id) VALUES (66, 177);
INSERT INTO recipe_cook(recipe_id, cook_id) VALUES (66, 106);
INSERT INTO recipe_cook(recipe_id, cook_id) VALUES (66, 194);
INSERT INTO recipe_cook(recipe_id, cook_id) VALUES (66, 176);
INSERT INTO recipe_cook(recipe_id, cook_id) VALUES (66, 170);
INSERT INTO recipe_cook(recipe_id, cook_id) VALUES (66, 31);
INSERT INTO recipe_cook(recipe_id, cook_id) VALUES (66, 181);
INSERT INTO recipe_cook(recipe_id, cook_id) VALUES (66, 27);
INSERT INTO recipe_cook(recipe_id, cook_id) VALUES (66, 146);
INSERT INTO recipe_cook(recipe_id, cook_id) VALUES (66, 124);
INSERT INTO recipe_cook(recipe_id, cook_id) VALUES (66, 116);
INSERT INTO recipe_cook(recipe_id, cook_id) VALUES (66, 136);
INSERT INTO recipe_cook(recipe_id, cook_id) VALUES (66, 94);
INSERT INTO recipe_cook(recipe_id, cook_id) VALUES (66, 17);
INSERT INTO recipe_cook(recipe_id, cook_id) VALUES (66, 159);
INSERT INTO recipe_cook(recipe_id, cook_id) VALUES (66, 23);
INSERT INTO recipe_cook(recipe_id, cook_id) VALUES (66, 113);
INSERT INTO recipe_cook(recipe_id, cook_id) VALUES (66, 90);
INSERT INTO recipe_cook(recipe_id, cook_id) VALUES (66, 14);
INSERT INTO recipe_cook(recipe_id, cook_id) VALUES (66, 138);
INSERT INTO recipe_cook(recipe_id, cook_id) VALUES (66, 92);
INSERT INTO recipe_cook(recipe_id, cook_id) VALUES (66, 131);
INSERT INTO recipe_cook(recipe_id, cook_id) VALUES (66, 62);
INSERT INTO recipe_cook(recipe_id, cook_id) VALUES (66, 118);
INSERT INTO recipe_cook(recipe_id, cook_id) VALUES (66, 97);
INSERT INTO recipe_cook(recipe_id, cook_id) VALUES (66, 144);
INSERT INTO recipe_cook(recipe_id, cook_id) VALUES (66, 32);
INSERT INTO recipe_cook(recipe_id, cook_id) VALUES (66, 29);
INSERT INTO recipe_cook(recipe_id, cook_id) VALUES (66, 192);
INSERT INTO recipe_cook(recipe_id, cook_id) VALUES (66, 158);
INSERT INTO recipe_cook(recipe_id, cook_id) VALUES (66, 121);
INSERT INTO recipe_cook(recipe_id, cook_id) VALUES (66, 5);
INSERT INTO recipe_cook(recipe_id, cook_id) VALUES (66, 35);
INSERT INTO recipe_cook(recipe_id, cook_id) VALUES (66, 128);
INSERT INTO recipe_cook(recipe_id, cook_id) VALUES (66, 155);
INSERT INTO recipe_cook(recipe_id, cook_id) VALUES (66, 145);
INSERT INTO recipe_theme(recipe_id, theme_id) VALUES (66, 19);
INSERT INTO recipe_theme(recipe_id, theme_id) VALUES (66, 38);
INSERT INTO recipe_tip(recipe_id, tip_id) VALUES (66, 2);
INSERT INTO recipe_tip(recipe_id, tip_id) VALUES (66, 25);
INSERT INTO recipe_tip(recipe_id, tip_id) VALUES (66, 11);

INSERT INTO recipe(baking, cuisine_id, difficulty, title, recipe_description, prep_time, cook_time, portions, fat_portion, protein_portion, carbo_portion, picture, picture_description) VALUES(0, 47, 5,'Mushroom Risotto', 'Chance box order attention get. Age reason image success trip up decision. Chance difference power firm determine rule.', 85, 120, 3, 30, 30,70, 'https://picsum.photos/859/225', 'Since think gas technology civil near.');
INSERT INTO recipe_meal_type(recipe_id, meal_type_id) VALUES (67, 2);
INSERT INTO recipe_tag(recipe_id, tag_id) VALUES (67, 89);
INSERT INTO recipe_tag(recipe_id, tag_id) VALUES (67, 59);
INSERT INTO recipe_tag(recipe_id, tag_id) VALUES (67, 62);
INSERT INTO recipe_tag(recipe_id, tag_id) VALUES (67, 95);
INSERT INTO recipe_tag(recipe_id, tag_id) VALUES (67, 56);
INSERT INTO recipe_tag(recipe_id, tag_id) VALUES (67, 18);
INSERT INTO recipe_tag(recipe_id, tag_id) VALUES (67, 33);
INSERT INTO recipe_tag(recipe_id, tag_id) VALUES (67, 63);
INSERT INTO recipe_equipment(recipe_id, equipment_id, num) VALUES (67, 13, 1);
INSERT INTO recipe_equipment(recipe_id, equipment_id, num) VALUES (67, 15, 1);
INSERT INTO recipe_equipment(recipe_id, equipment_id, num) VALUES (67, 6, 4);
INSERT INTO recipe_equipment(recipe_id, equipment_id, num) VALUES (67, 11, 2);
INSERT INTO recipe_cook(recipe_id, cook_id) VALUES (67, 83);
INSERT INTO recipe_cook(recipe_id, cook_id) VALUES (67, 16);
INSERT INTO recipe_cook(recipe_id, cook_id) VALUES (67, 147);
INSERT INTO recipe_cook(recipe_id, cook_id) VALUES (67, 4);
INSERT INTO recipe_cook(recipe_id, cook_id) VALUES (67, 63);
INSERT INTO recipe_cook(recipe_id, cook_id) VALUES (67, 183);
INSERT INTO recipe_cook(recipe_id, cook_id) VALUES (67, 25);
INSERT INTO recipe_cook(recipe_id, cook_id) VALUES (67, 24);
INSERT INTO recipe_cook(recipe_id, cook_id) VALUES (67, 143);
INSERT INTO recipe_cook(recipe_id, cook_id) VALUES (67, 55);
INSERT INTO recipe_cook(recipe_id, cook_id) VALUES (67, 193);
INSERT INTO recipe_cook(recipe_id, cook_id) VALUES (67, 97);
INSERT INTO recipe_cook(recipe_id, cook_id) VALUES (67, 184);
INSERT INTO recipe_cook(recipe_id, cook_id) VALUES (67, 88);
INSERT INTO recipe_cook(recipe_id, cook_id) VALUES (67, 150);
INSERT INTO recipe_cook(recipe_id, cook_id) VALUES (67, 192);
INSERT INTO recipe_cook(recipe_id, cook_id) VALUES (67, 30);
INSERT INTO recipe_cook(recipe_id, cook_id) VALUES (67, 99);
INSERT INTO recipe_cook(recipe_id, cook_id) VALUES (67, 168);
INSERT INTO recipe_cook(recipe_id, cook_id) VALUES (67, 77);
INSERT INTO recipe_cook(recipe_id, cook_id) VALUES (67, 144);
INSERT INTO recipe_cook(recipe_id, cook_id) VALUES (67, 117);
INSERT INTO recipe_cook(recipe_id, cook_id) VALUES (67, 93);
INSERT INTO recipe_cook(recipe_id, cook_id) VALUES (67, 111);
INSERT INTO recipe_cook(recipe_id, cook_id) VALUES (67, 94);
INSERT INTO recipe_cook(recipe_id, cook_id) VALUES (67, 57);
INSERT INTO recipe_cook(recipe_id, cook_id) VALUES (67, 108);
INSERT INTO recipe_cook(recipe_id, cook_id) VALUES (67, 106);
INSERT INTO recipe_cook(recipe_id, cook_id) VALUES (67, 76);
INSERT INTO recipe_cook(recipe_id, cook_id) VALUES (67, 89);
INSERT INTO recipe_cook(recipe_id, cook_id) VALUES (67, 171);
INSERT INTO recipe_cook(recipe_id, cook_id) VALUES (67, 95);
INSERT INTO recipe_cook(recipe_id, cook_id) VALUES (67, 96);
INSERT INTO recipe_cook(recipe_id, cook_id) VALUES (67, 18);
INSERT INTO recipe_cook(recipe_id, cook_id) VALUES (67, 82);
INSERT INTO recipe_cook(recipe_id, cook_id) VALUES (67, 80);
INSERT INTO recipe_cook(recipe_id, cook_id) VALUES (67, 69);
INSERT INTO recipe_cook(recipe_id, cook_id) VALUES (67, 102);
INSERT INTO recipe_cook(recipe_id, cook_id) VALUES (67, 178);
INSERT INTO recipe_cook(recipe_id, cook_id) VALUES (67, 149);
INSERT INTO recipe_cook(recipe_id, cook_id) VALUES (67, 199);
INSERT INTO recipe_cook(recipe_id, cook_id) VALUES (67, 6);
INSERT INTO recipe_cook(recipe_id, cook_id) VALUES (67, 3);
INSERT INTO recipe_cook(recipe_id, cook_id) VALUES (67, 68);
INSERT INTO recipe_cook(recipe_id, cook_id) VALUES (67, 103);
INSERT INTO recipe_cook(recipe_id, cook_id) VALUES (67, 142);
INSERT INTO recipe_cook(recipe_id, cook_id) VALUES (67, 15);
INSERT INTO recipe_cook(recipe_id, cook_id) VALUES (67, 131);
INSERT INTO recipe_cook(recipe_id, cook_id) VALUES (67, 173);
INSERT INTO recipe_cook(recipe_id, cook_id) VALUES (67, 189);
INSERT INTO recipe_cook(recipe_id, cook_id) VALUES (67, 136);
INSERT INTO recipe_cook(recipe_id, cook_id) VALUES (67, 33);
INSERT INTO recipe_cook(recipe_id, cook_id) VALUES (67, 1);
INSERT INTO recipe_cook(recipe_id, cook_id) VALUES (67, 61);
INSERT INTO recipe_cook(recipe_id, cook_id) VALUES (67, 182);
INSERT INTO recipe_cook(recipe_id, cook_id) VALUES (67, 32);
INSERT INTO recipe_cook(recipe_id, cook_id) VALUES (67, 113);
INSERT INTO recipe_cook(recipe_id, cook_id) VALUES (67, 186);
INSERT INTO recipe_cook(recipe_id, cook_id) VALUES (67, 81);
INSERT INTO recipe_cook(recipe_id, cook_id) VALUES (67, 19);
INSERT INTO recipe_cook(recipe_id, cook_id) VALUES (67, 166);
INSERT INTO recipe_cook(recipe_id, cook_id) VALUES (67, 160);
INSERT INTO recipe_cook(recipe_id, cook_id) VALUES (67, 107);
INSERT INTO recipe_cook(recipe_id, cook_id) VALUES (67, 31);
INSERT INTO recipe_cook(recipe_id, cook_id) VALUES (67, 73);
INSERT INTO recipe_cook(recipe_id, cook_id) VALUES (67, 114);
INSERT INTO recipe_cook(recipe_id, cook_id) VALUES (67, 170);
INSERT INTO recipe_cook(recipe_id, cook_id) VALUES (67, 128);
INSERT INTO recipe_cook(recipe_id, cook_id) VALUES (67, 22);
INSERT INTO recipe_cook(recipe_id, cook_id) VALUES (67, 79);
INSERT INTO recipe_cook(recipe_id, cook_id) VALUES (67, 152);
INSERT INTO recipe_cook(recipe_id, cook_id) VALUES (67, 90);
INSERT INTO recipe_cook(recipe_id, cook_id) VALUES (67, 29);
INSERT INTO recipe_theme(recipe_id, theme_id) VALUES (67, 25);
INSERT INTO recipe_theme(recipe_id, theme_id) VALUES (67, 7);
INSERT INTO recipe_theme(recipe_id, theme_id) VALUES (67, 38);
INSERT INTO recipe_tip(recipe_id, tip_id) VALUES (67, 28);
INSERT INTO recipe_tip(recipe_id, tip_id) VALUES (67, 11);

INSERT INTO recipe(baking, cuisine_id, difficulty, title, recipe_description, prep_time, cook_time, portions, fat_portion, protein_portion, carbo_portion, picture, picture_description) VALUES(1, 16, 1,'Onion Rings', 'Newspaper cold behavior information. Structure yeah improve author. Evening turn government piece authority house recent about. For source difficult answer sea past agent.', 115, 70, 4, 50, 20,10, 'https://dummyimage.com/964x801', 'Surface account resource medical season surface.');
INSERT INTO recipe_meal_type(recipe_id, meal_type_id) VALUES (68, 6);
INSERT INTO recipe_tag(recipe_id, tag_id) VALUES (68, 5);
INSERT INTO recipe_tag(recipe_id, tag_id) VALUES (68, 45);
INSERT INTO recipe_tag(recipe_id, tag_id) VALUES (68, 17);
INSERT INTO recipe_tag(recipe_id, tag_id) VALUES (68, 86);
INSERT INTO recipe_tag(recipe_id, tag_id) VALUES (68, 28);
INSERT INTO recipe_tag(recipe_id, tag_id) VALUES (68, 85);
INSERT INTO recipe_equipment(recipe_id, equipment_id, num) VALUES (68, 19, 2);
INSERT INTO recipe_equipment(recipe_id, equipment_id, num) VALUES (68, 10, 2);
INSERT INTO recipe_equipment(recipe_id, equipment_id, num) VALUES (68, 12, 4);
INSERT INTO recipe_cook(recipe_id, cook_id) VALUES (68, 150);
INSERT INTO recipe_cook(recipe_id, cook_id) VALUES (68, 28);
INSERT INTO recipe_cook(recipe_id, cook_id) VALUES (68, 87);
INSERT INTO recipe_cook(recipe_id, cook_id) VALUES (68, 101);
INSERT INTO recipe_cook(recipe_id, cook_id) VALUES (68, 92);
INSERT INTO recipe_cook(recipe_id, cook_id) VALUES (68, 1);
INSERT INTO recipe_cook(recipe_id, cook_id) VALUES (68, 158);
INSERT INTO recipe_cook(recipe_id, cook_id) VALUES (68, 190);
INSERT INTO recipe_cook(recipe_id, cook_id) VALUES (68, 199);
INSERT INTO recipe_cook(recipe_id, cook_id) VALUES (68, 152);
INSERT INTO recipe_cook(recipe_id, cook_id) VALUES (68, 14);
INSERT INTO recipe_cook(recipe_id, cook_id) VALUES (68, 25);
INSERT INTO recipe_cook(recipe_id, cook_id) VALUES (68, 191);
INSERT INTO recipe_cook(recipe_id, cook_id) VALUES (68, 16);
INSERT INTO recipe_cook(recipe_id, cook_id) VALUES (68, 74);
INSERT INTO recipe_cook(recipe_id, cook_id) VALUES (68, 157);
INSERT INTO recipe_cook(recipe_id, cook_id) VALUES (68, 36);
INSERT INTO recipe_cook(recipe_id, cook_id) VALUES (68, 155);
INSERT INTO recipe_cook(recipe_id, cook_id) VALUES (68, 82);
INSERT INTO recipe_cook(recipe_id, cook_id) VALUES (68, 169);
INSERT INTO recipe_cook(recipe_id, cook_id) VALUES (68, 93);
INSERT INTO recipe_cook(recipe_id, cook_id) VALUES (68, 84);
INSERT INTO recipe_cook(recipe_id, cook_id) VALUES (68, 85);
INSERT INTO recipe_cook(recipe_id, cook_id) VALUES (68, 88);
INSERT INTO recipe_cook(recipe_id, cook_id) VALUES (68, 186);
INSERT INTO recipe_cook(recipe_id, cook_id) VALUES (68, 59);
INSERT INTO recipe_cook(recipe_id, cook_id) VALUES (68, 188);
INSERT INTO recipe_cook(recipe_id, cook_id) VALUES (68, 173);
INSERT INTO recipe_cook(recipe_id, cook_id) VALUES (68, 128);
INSERT INTO recipe_cook(recipe_id, cook_id) VALUES (68, 133);
INSERT INTO recipe_cook(recipe_id, cook_id) VALUES (68, 38);
INSERT INTO recipe_cook(recipe_id, cook_id) VALUES (68, 12);
INSERT INTO recipe_cook(recipe_id, cook_id) VALUES (68, 4);
INSERT INTO recipe_cook(recipe_id, cook_id) VALUES (68, 117);
INSERT INTO recipe_cook(recipe_id, cook_id) VALUES (68, 180);
INSERT INTO recipe_cook(recipe_id, cook_id) VALUES (68, 171);
INSERT INTO recipe_cook(recipe_id, cook_id) VALUES (68, 174);
INSERT INTO recipe_cook(recipe_id, cook_id) VALUES (68, 177);
INSERT INTO recipe_cook(recipe_id, cook_id) VALUES (68, 95);
INSERT INTO recipe_cook(recipe_id, cook_id) VALUES (68, 200);
INSERT INTO recipe_cook(recipe_id, cook_id) VALUES (68, 102);
INSERT INTO recipe_cook(recipe_id, cook_id) VALUES (68, 68);
INSERT INTO recipe_cook(recipe_id, cook_id) VALUES (68, 104);
INSERT INTO recipe_cook(recipe_id, cook_id) VALUES (68, 110);
INSERT INTO recipe_cook(recipe_id, cook_id) VALUES (68, 139);
INSERT INTO recipe_cook(recipe_id, cook_id) VALUES (68, 149);
INSERT INTO recipe_cook(recipe_id, cook_id) VALUES (68, 123);
INSERT INTO recipe_cook(recipe_id, cook_id) VALUES (68, 166);
INSERT INTO recipe_cook(recipe_id, cook_id) VALUES (68, 194);
INSERT INTO recipe_cook(recipe_id, cook_id) VALUES (68, 126);
INSERT INTO recipe_cook(recipe_id, cook_id) VALUES (68, 17);
INSERT INTO recipe_cook(recipe_id, cook_id) VALUES (68, 106);
INSERT INTO recipe_cook(recipe_id, cook_id) VALUES (68, 64);
INSERT INTO recipe_cook(recipe_id, cook_id) VALUES (68, 131);
INSERT INTO recipe_cook(recipe_id, cook_id) VALUES (68, 5);
INSERT INTO recipe_cook(recipe_id, cook_id) VALUES (68, 15);
INSERT INTO recipe_cook(recipe_id, cook_id) VALUES (68, 108);
INSERT INTO recipe_cook(recipe_id, cook_id) VALUES (68, 119);
INSERT INTO recipe_cook(recipe_id, cook_id) VALUES (68, 140);
INSERT INTO recipe_cook(recipe_id, cook_id) VALUES (68, 49);
INSERT INTO recipe_cook(recipe_id, cook_id) VALUES (68, 47);
INSERT INTO recipe_cook(recipe_id, cook_id) VALUES (68, 134);
INSERT INTO recipe_cook(recipe_id, cook_id) VALUES (68, 96);
INSERT INTO recipe_cook(recipe_id, cook_id) VALUES (68, 161);
INSERT INTO recipe_cook(recipe_id, cook_id) VALUES (68, 37);
INSERT INTO recipe_cook(recipe_id, cook_id) VALUES (68, 69);
INSERT INTO recipe_cook(recipe_id, cook_id) VALUES (68, 107);
INSERT INTO recipe_cook(recipe_id, cook_id) VALUES (68, 100);
INSERT INTO recipe_cook(recipe_id, cook_id) VALUES (68, 50);
INSERT INTO recipe_cook(recipe_id, cook_id) VALUES (68, 125);
INSERT INTO recipe_cook(recipe_id, cook_id) VALUES (68, 146);
INSERT INTO recipe_cook(recipe_id, cook_id) VALUES (68, 26);
INSERT INTO recipe_cook(recipe_id, cook_id) VALUES (68, 127);
INSERT INTO recipe_cook(recipe_id, cook_id) VALUES (68, 13);
INSERT INTO recipe_cook(recipe_id, cook_id) VALUES (68, 7);
INSERT INTO recipe_cook(recipe_id, cook_id) VALUES (68, 105);
INSERT INTO recipe_cook(recipe_id, cook_id) VALUES (68, 145);
INSERT INTO recipe_cook(recipe_id, cook_id) VALUES (68, 135);
INSERT INTO recipe_cook(recipe_id, cook_id) VALUES (68, 10);
INSERT INTO recipe_cook(recipe_id, cook_id) VALUES (68, 112);
INSERT INTO recipe_cook(recipe_id, cook_id) VALUES (68, 153);
INSERT INTO recipe_cook(recipe_id, cook_id) VALUES (68, 57);
INSERT INTO recipe_cook(recipe_id, cook_id) VALUES (68, 195);
INSERT INTO recipe_cook(recipe_id, cook_id) VALUES (68, 116);
INSERT INTO recipe_cook(recipe_id, cook_id) VALUES (68, 24);
INSERT INTO recipe_cook(recipe_id, cook_id) VALUES (68, 184);
INSERT INTO recipe_cook(recipe_id, cook_id) VALUES (68, 165);
INSERT INTO recipe_cook(recipe_id, cook_id) VALUES (68, 18);
INSERT INTO recipe_cook(recipe_id, cook_id) VALUES (68, 44);
INSERT INTO recipe_cook(recipe_id, cook_id) VALUES (68, 60);
INSERT INTO recipe_cook(recipe_id, cook_id) VALUES (68, 148);
INSERT INTO recipe_cook(recipe_id, cook_id) VALUES (68, 78);
INSERT INTO recipe_cook(recipe_id, cook_id) VALUES (68, 73);
INSERT INTO recipe_cook(recipe_id, cook_id) VALUES (68, 70);
INSERT INTO recipe_cook(recipe_id, cook_id) VALUES (68, 11);
INSERT INTO recipe_cook(recipe_id, cook_id) VALUES (68, 103);
INSERT INTO recipe_cook(recipe_id, cook_id) VALUES (68, 129);
INSERT INTO recipe_cook(recipe_id, cook_id) VALUES (68, 122);
INSERT INTO recipe_cook(recipe_id, cook_id) VALUES (68, 61);
INSERT INTO recipe_cook(recipe_id, cook_id) VALUES (68, 181);
INSERT INTO recipe_cook(recipe_id, cook_id) VALUES (68, 33);
INSERT INTO recipe_cook(recipe_id, cook_id) VALUES (68, 66);
INSERT INTO recipe_cook(recipe_id, cook_id) VALUES (68, 54);
INSERT INTO recipe_cook(recipe_id, cook_id) VALUES (68, 71);
INSERT INTO recipe_cook(recipe_id, cook_id) VALUES (68, 114);
INSERT INTO recipe_cook(recipe_id, cook_id) VALUES (68, 8);
INSERT INTO recipe_cook(recipe_id, cook_id) VALUES (68, 151);
INSERT INTO recipe_cook(recipe_id, cook_id) VALUES (68, 34);
INSERT INTO recipe_cook(recipe_id, cook_id) VALUES (68, 167);
INSERT INTO recipe_cook(recipe_id, cook_id) VALUES (68, 187);
INSERT INTO recipe_cook(recipe_id, cook_id) VALUES (68, 118);
INSERT INTO recipe_cook(recipe_id, cook_id) VALUES (68, 21);
INSERT INTO recipe_cook(recipe_id, cook_id) VALUES (68, 2);
INSERT INTO recipe_cook(recipe_id, cook_id) VALUES (68, 111);
INSERT INTO recipe_cook(recipe_id, cook_id) VALUES (68, 196);
INSERT INTO recipe_cook(recipe_id, cook_id) VALUES (68, 164);
INSERT INTO recipe_cook(recipe_id, cook_id) VALUES (68, 46);
INSERT INTO recipe_cook(recipe_id, cook_id) VALUES (68, 183);
INSERT INTO recipe_cook(recipe_id, cook_id) VALUES (68, 31);
INSERT INTO recipe_cook(recipe_id, cook_id) VALUES (68, 124);
INSERT INTO recipe_cook(recipe_id, cook_id) VALUES (68, 56);
INSERT INTO recipe_cook(recipe_id, cook_id) VALUES (68, 159);
INSERT INTO recipe_cook(recipe_id, cook_id) VALUES (68, 94);
INSERT INTO recipe_cook(recipe_id, cook_id) VALUES (68, 193);
INSERT INTO recipe_cook(recipe_id, cook_id) VALUES (68, 67);
INSERT INTO recipe_cook(recipe_id, cook_id) VALUES (68, 81);
INSERT INTO recipe_cook(recipe_id, cook_id) VALUES (68, 86);
INSERT INTO recipe_cook(recipe_id, cook_id) VALUES (68, 185);
INSERT INTO recipe_cook(recipe_id, cook_id) VALUES (68, 113);
INSERT INTO recipe_cook(recipe_id, cook_id) VALUES (68, 172);
INSERT INTO recipe_cook(recipe_id, cook_id) VALUES (68, 55);
INSERT INTO recipe_cook(recipe_id, cook_id) VALUES (68, 3);
INSERT INTO recipe_cook(recipe_id, cook_id) VALUES (68, 192);
INSERT INTO recipe_cook(recipe_id, cook_id) VALUES (68, 76);
INSERT INTO recipe_cook(recipe_id, cook_id) VALUES (68, 179);
INSERT INTO recipe_cook(recipe_id, cook_id) VALUES (68, 27);
INSERT INTO recipe_cook(recipe_id, cook_id) VALUES (68, 19);
INSERT INTO recipe_cook(recipe_id, cook_id) VALUES (68, 20);
INSERT INTO recipe_cook(recipe_id, cook_id) VALUES (68, 90);
INSERT INTO recipe_cook(recipe_id, cook_id) VALUES (68, 30);
INSERT INTO recipe_cook(recipe_id, cook_id) VALUES (68, 23);
INSERT INTO recipe_cook(recipe_id, cook_id) VALUES (68, 6);
INSERT INTO recipe_cook(recipe_id, cook_id) VALUES (68, 189);
INSERT INTO recipe_cook(recipe_id, cook_id) VALUES (68, 137);
INSERT INTO recipe_cook(recipe_id, cook_id) VALUES (68, 52);
INSERT INTO recipe_cook(recipe_id, cook_id) VALUES (68, 53);
INSERT INTO recipe_cook(recipe_id, cook_id) VALUES (68, 141);
INSERT INTO recipe_cook(recipe_id, cook_id) VALUES (68, 80);
INSERT INTO recipe_cook(recipe_id, cook_id) VALUES (68, 72);
INSERT INTO recipe_cook(recipe_id, cook_id) VALUES (68, 9);
INSERT INTO recipe_cook(recipe_id, cook_id) VALUES (68, 156);
INSERT INTO recipe_cook(recipe_id, cook_id) VALUES (68, 89);
INSERT INTO recipe_cook(recipe_id, cook_id) VALUES (68, 35);
INSERT INTO recipe_cook(recipe_id, cook_id) VALUES (68, 109);
INSERT INTO recipe_cook(recipe_id, cook_id) VALUES (68, 29);
INSERT INTO recipe_cook(recipe_id, cook_id) VALUES (68, 168);
INSERT INTO recipe_cook(recipe_id, cook_id) VALUES (68, 163);
INSERT INTO recipe_cook(recipe_id, cook_id) VALUES (68, 176);
INSERT INTO recipe_cook(recipe_id, cook_id) VALUES (68, 182);
INSERT INTO recipe_cook(recipe_id, cook_id) VALUES (68, 83);
INSERT INTO recipe_cook(recipe_id, cook_id) VALUES (68, 41);
INSERT INTO recipe_cook(recipe_id, cook_id) VALUES (68, 43);
INSERT INTO recipe_cook(recipe_id, cook_id) VALUES (68, 147);
INSERT INTO recipe_cook(recipe_id, cook_id) VALUES (68, 22);
INSERT INTO recipe_cook(recipe_id, cook_id) VALUES (68, 62);
INSERT INTO recipe_cook(recipe_id, cook_id) VALUES (68, 32);
INSERT INTO recipe_cook(recipe_id, cook_id) VALUES (68, 132);
INSERT INTO recipe_cook(recipe_id, cook_id) VALUES (68, 58);
INSERT INTO recipe_cook(recipe_id, cook_id) VALUES (68, 75);
INSERT INTO recipe_cook(recipe_id, cook_id) VALUES (68, 39);
INSERT INTO recipe_cook(recipe_id, cook_id) VALUES (68, 115);
INSERT INTO recipe_cook(recipe_id, cook_id) VALUES (68, 144);
INSERT INTO recipe_cook(recipe_id, cook_id) VALUES (68, 120);
INSERT INTO recipe_cook(recipe_id, cook_id) VALUES (68, 178);
INSERT INTO recipe_cook(recipe_id, cook_id) VALUES (68, 197);
INSERT INTO recipe_cook(recipe_id, cook_id) VALUES (68, 45);
INSERT INTO recipe_cook(recipe_id, cook_id) VALUES (68, 48);
INSERT INTO recipe_cook(recipe_id, cook_id) VALUES (68, 77);
INSERT INTO recipe_cook(recipe_id, cook_id) VALUES (68, 42);
INSERT INTO recipe_cook(recipe_id, cook_id) VALUES (68, 175);
INSERT INTO recipe_cook(recipe_id, cook_id) VALUES (68, 51);
INSERT INTO recipe_cook(recipe_id, cook_id) VALUES (68, 160);
INSERT INTO recipe_cook(recipe_id, cook_id) VALUES (68, 154);
INSERT INTO recipe_cook(recipe_id, cook_id) VALUES (68, 170);
INSERT INTO recipe_cook(recipe_id, cook_id) VALUES (68, 136);
INSERT INTO recipe_cook(recipe_id, cook_id) VALUES (68, 40);
INSERT INTO recipe_cook(recipe_id, cook_id) VALUES (68, 99);
INSERT INTO recipe_cook(recipe_id, cook_id) VALUES (68, 130);
INSERT INTO recipe_cook(recipe_id, cook_id) VALUES (68, 65);
INSERT INTO recipe_cook(recipe_id, cook_id) VALUES (68, 79);
INSERT INTO recipe_cook(recipe_id, cook_id) VALUES (68, 143);
INSERT INTO recipe_cook(recipe_id, cook_id) VALUES (68, 97);
INSERT INTO recipe_cook(recipe_id, cook_id) VALUES (68, 198);
INSERT INTO recipe_cook(recipe_id, cook_id) VALUES (68, 63);
INSERT INTO recipe_cook(recipe_id, cook_id) VALUES (68, 91);
INSERT INTO recipe_cook(recipe_id, cook_id) VALUES (68, 162);
INSERT INTO recipe_cook(recipe_id, cook_id) VALUES (68, 138);
INSERT INTO recipe_theme(recipe_id, theme_id) VALUES (68, 38);
INSERT INTO recipe_theme(recipe_id, theme_id) VALUES (68, 39);
INSERT INTO recipe_tip(recipe_id, tip_id) VALUES (68, 3);

INSERT INTO recipe(baking, cuisine_id, difficulty, title, recipe_description, prep_time, cook_time, portions, fat_portion, protein_portion, carbo_portion, picture, picture_description) VALUES(0, 31, 1,'Risotto Primavera', 'Yet never this of low. Who drive image serious president page. Activity present boy figure. Bed maybe movie decide site real.', 35, 30, 2, 0, 0,25, 'https://placekitten.com/258/178', 'Affect unit during.');
INSERT INTO recipe_meal_type(recipe_id, meal_type_id) VALUES (69, 5);
INSERT INTO recipe_tag(recipe_id, tag_id) VALUES (69, 84);
INSERT INTO recipe_tag(recipe_id, tag_id) VALUES (69, 9);
INSERT INTO recipe_equipment(recipe_id, equipment_id, num) VALUES (69, 16, 1);
INSERT INTO recipe_equipment(recipe_id, equipment_id, num) VALUES (69, 2, 1);
INSERT INTO recipe_equipment(recipe_id, equipment_id, num) VALUES (69, 7, 3);
INSERT INTO recipe_equipment(recipe_id, equipment_id, num) VALUES (69, 13, 1);
INSERT INTO recipe_equipment(recipe_id, equipment_id, num) VALUES (69, 18, 4);
INSERT INTO recipe_equipment(recipe_id, equipment_id, num) VALUES (69, 20, 4);
INSERT INTO recipe_equipment(recipe_id, equipment_id, num) VALUES (69, 8, 2);
INSERT INTO recipe_cook(recipe_id, cook_id) VALUES (69, 69);
INSERT INTO recipe_cook(recipe_id, cook_id) VALUES (69, 8);
INSERT INTO recipe_cook(recipe_id, cook_id) VALUES (69, 111);
INSERT INTO recipe_cook(recipe_id, cook_id) VALUES (69, 11);
INSERT INTO recipe_cook(recipe_id, cook_id) VALUES (69, 56);
INSERT INTO recipe_cook(recipe_id, cook_id) VALUES (69, 59);
INSERT INTO recipe_cook(recipe_id, cook_id) VALUES (69, 19);
INSERT INTO recipe_cook(recipe_id, cook_id) VALUES (69, 125);
INSERT INTO recipe_cook(recipe_id, cook_id) VALUES (69, 48);
INSERT INTO recipe_cook(recipe_id, cook_id) VALUES (69, 160);
INSERT INTO recipe_cook(recipe_id, cook_id) VALUES (69, 32);
INSERT INTO recipe_cook(recipe_id, cook_id) VALUES (69, 82);
INSERT INTO recipe_cook(recipe_id, cook_id) VALUES (69, 200);
INSERT INTO recipe_cook(recipe_id, cook_id) VALUES (69, 194);
INSERT INTO recipe_cook(recipe_id, cook_id) VALUES (69, 14);
INSERT INTO recipe_cook(recipe_id, cook_id) VALUES (69, 37);
INSERT INTO recipe_cook(recipe_id, cook_id) VALUES (69, 190);
INSERT INTO recipe_cook(recipe_id, cook_id) VALUES (69, 5);
INSERT INTO recipe_cook(recipe_id, cook_id) VALUES (69, 75);
INSERT INTO recipe_cook(recipe_id, cook_id) VALUES (69, 89);
INSERT INTO recipe_cook(recipe_id, cook_id) VALUES (69, 42);
INSERT INTO recipe_cook(recipe_id, cook_id) VALUES (69, 44);
INSERT INTO recipe_cook(recipe_id, cook_id) VALUES (69, 31);
INSERT INTO recipe_cook(recipe_id, cook_id) VALUES (69, 100);
INSERT INTO recipe_cook(recipe_id, cook_id) VALUES (69, 148);
INSERT INTO recipe_cook(recipe_id, cook_id) VALUES (69, 175);
INSERT INTO recipe_cook(recipe_id, cook_id) VALUES (69, 122);
INSERT INTO recipe_cook(recipe_id, cook_id) VALUES (69, 166);
INSERT INTO recipe_cook(recipe_id, cook_id) VALUES (69, 177);
INSERT INTO recipe_cook(recipe_id, cook_id) VALUES (69, 13);
INSERT INTO recipe_cook(recipe_id, cook_id) VALUES (69, 63);
INSERT INTO recipe_cook(recipe_id, cook_id) VALUES (69, 187);
INSERT INTO recipe_cook(recipe_id, cook_id) VALUES (69, 43);
INSERT INTO recipe_cook(recipe_id, cook_id) VALUES (69, 172);
INSERT INTO recipe_cook(recipe_id, cook_id) VALUES (69, 105);
INSERT INTO recipe_cook(recipe_id, cook_id) VALUES (69, 168);
INSERT INTO recipe_cook(recipe_id, cook_id) VALUES (69, 165);
INSERT INTO recipe_cook(recipe_id, cook_id) VALUES (69, 188);
INSERT INTO recipe_cook(recipe_id, cook_id) VALUES (69, 25);
INSERT INTO recipe_cook(recipe_id, cook_id) VALUES (69, 49);
INSERT INTO recipe_cook(recipe_id, cook_id) VALUES (69, 34);
INSERT INTO recipe_cook(recipe_id, cook_id) VALUES (69, 117);
INSERT INTO recipe_cook(recipe_id, cook_id) VALUES (69, 94);
INSERT INTO recipe_cook(recipe_id, cook_id) VALUES (69, 192);
INSERT INTO recipe_cook(recipe_id, cook_id) VALUES (69, 179);
INSERT INTO recipe_cook(recipe_id, cook_id) VALUES (69, 185);
INSERT INTO recipe_cook(recipe_id, cook_id) VALUES (69, 78);
INSERT INTO recipe_cook(recipe_id, cook_id) VALUES (69, 20);
INSERT INTO recipe_cook(recipe_id, cook_id) VALUES (69, 16);
INSERT INTO recipe_cook(recipe_id, cook_id) VALUES (69, 176);
INSERT INTO recipe_cook(recipe_id, cook_id) VALUES (69, 114);
INSERT INTO recipe_cook(recipe_id, cook_id) VALUES (69, 141);
INSERT INTO recipe_cook(recipe_id, cook_id) VALUES (69, 96);
INSERT INTO recipe_cook(recipe_id, cook_id) VALUES (69, 189);
INSERT INTO recipe_cook(recipe_id, cook_id) VALUES (69, 196);
INSERT INTO recipe_cook(recipe_id, cook_id) VALUES (69, 62);
INSERT INTO recipe_cook(recipe_id, cook_id) VALUES (69, 184);
INSERT INTO recipe_cook(recipe_id, cook_id) VALUES (69, 55);
INSERT INTO recipe_cook(recipe_id, cook_id) VALUES (69, 66);
INSERT INTO recipe_cook(recipe_id, cook_id) VALUES (69, 151);
INSERT INTO recipe_cook(recipe_id, cook_id) VALUES (69, 65);
INSERT INTO recipe_cook(recipe_id, cook_id) VALUES (69, 29);
INSERT INTO recipe_cook(recipe_id, cook_id) VALUES (69, 97);
INSERT INTO recipe_cook(recipe_id, cook_id) VALUES (69, 143);
INSERT INTO recipe_cook(recipe_id, cook_id) VALUES (69, 103);
INSERT INTO recipe_cook(recipe_id, cook_id) VALUES (69, 120);
INSERT INTO recipe_cook(recipe_id, cook_id) VALUES (69, 60);
INSERT INTO recipe_cook(recipe_id, cook_id) VALUES (69, 22);
INSERT INTO recipe_cook(recipe_id, cook_id) VALUES (69, 74);
INSERT INTO recipe_cook(recipe_id, cook_id) VALUES (69, 52);
INSERT INTO recipe_cook(recipe_id, cook_id) VALUES (69, 58);
INSERT INTO recipe_cook(recipe_id, cook_id) VALUES (69, 154);
INSERT INTO recipe_cook(recipe_id, cook_id) VALUES (69, 135);
INSERT INTO recipe_cook(recipe_id, cook_id) VALUES (69, 18);
INSERT INTO recipe_cook(recipe_id, cook_id) VALUES (69, 132);
INSERT INTO recipe_cook(recipe_id, cook_id) VALUES (69, 102);
INSERT INTO recipe_cook(recipe_id, cook_id) VALUES (69, 198);
INSERT INTO recipe_cook(recipe_id, cook_id) VALUES (69, 41);
INSERT INTO recipe_cook(recipe_id, cook_id) VALUES (69, 197);
INSERT INTO recipe_cook(recipe_id, cook_id) VALUES (69, 149);
INSERT INTO recipe_cook(recipe_id, cook_id) VALUES (69, 104);
INSERT INTO recipe_cook(recipe_id, cook_id) VALUES (69, 1);
INSERT INTO recipe_cook(recipe_id, cook_id) VALUES (69, 182);
INSERT INTO recipe_cook(recipe_id, cook_id) VALUES (69, 54);
INSERT INTO recipe_cook(recipe_id, cook_id) VALUES (69, 159);
INSERT INTO recipe_cook(recipe_id, cook_id) VALUES (69, 23);
INSERT INTO recipe_cook(recipe_id, cook_id) VALUES (69, 57);
INSERT INTO recipe_cook(recipe_id, cook_id) VALUES (69, 80);
INSERT INTO recipe_cook(recipe_id, cook_id) VALUES (69, 140);
INSERT INTO recipe_cook(recipe_id, cook_id) VALUES (69, 45);
INSERT INTO recipe_cook(recipe_id, cook_id) VALUES (69, 170);
INSERT INTO recipe_theme(recipe_id, theme_id) VALUES (69, 2);
INSERT INTO recipe_theme(recipe_id, theme_id) VALUES (69, 25);
INSERT INTO recipe_theme(recipe_id, theme_id) VALUES (69, 37);
INSERT INTO recipe_tip(recipe_id, tip_id) VALUES (69, 16);
INSERT INTO recipe_tip(recipe_id, tip_id) VALUES (69, 24);

INSERT INTO recipe(baking, cuisine_id, difficulty, title, recipe_description, prep_time, cook_time, portions, fat_portion, protein_portion, carbo_portion, picture, picture_description) VALUES(0, 25, 3,'Tomato Basil Soup', 'Throw test involve. Risk feeling practice recent consumer reflect. Travel law debate improve month PM employee.', 75, 30, 4, 25, 40,85, 'https://picsum.photos/873/524', 'Much approach really whether whom nice answer.');
INSERT INTO recipe_meal_type(recipe_id, meal_type_id) VALUES (70, 5);
INSERT INTO recipe_tag(recipe_id, tag_id) VALUES (70, 71);
INSERT INTO recipe_tag(recipe_id, tag_id) VALUES (70, 89);
INSERT INTO recipe_tag(recipe_id, tag_id) VALUES (70, 70);
INSERT INTO recipe_tag(recipe_id, tag_id) VALUES (70, 58);
INSERT INTO recipe_tag(recipe_id, tag_id) VALUES (70, 60);
INSERT INTO recipe_equipment(recipe_id, equipment_id, num) VALUES (70, 20, 1);
INSERT INTO recipe_equipment(recipe_id, equipment_id, num) VALUES (70, 10, 4);
INSERT INTO recipe_equipment(recipe_id, equipment_id, num) VALUES (70, 3, 4);
INSERT INTO recipe_equipment(recipe_id, equipment_id, num) VALUES (70, 16, 3);
INSERT INTO recipe_cook(recipe_id, cook_id) VALUES (70, 57);
INSERT INTO recipe_cook(recipe_id, cook_id) VALUES (70, 2);
INSERT INTO recipe_cook(recipe_id, cook_id) VALUES (70, 168);
INSERT INTO recipe_cook(recipe_id, cook_id) VALUES (70, 144);
INSERT INTO recipe_cook(recipe_id, cook_id) VALUES (70, 146);
INSERT INTO recipe_cook(recipe_id, cook_id) VALUES (70, 159);
INSERT INTO recipe_cook(recipe_id, cook_id) VALUES (70, 120);
INSERT INTO recipe_cook(recipe_id, cook_id) VALUES (70, 4);
INSERT INTO recipe_cook(recipe_id, cook_id) VALUES (70, 137);
INSERT INTO recipe_cook(recipe_id, cook_id) VALUES (70, 185);
INSERT INTO recipe_cook(recipe_id, cook_id) VALUES (70, 93);
INSERT INTO recipe_cook(recipe_id, cook_id) VALUES (70, 157);
INSERT INTO recipe_cook(recipe_id, cook_id) VALUES (70, 123);
INSERT INTO recipe_cook(recipe_id, cook_id) VALUES (70, 25);
INSERT INTO recipe_cook(recipe_id, cook_id) VALUES (70, 15);
INSERT INTO recipe_cook(recipe_id, cook_id) VALUES (70, 119);
INSERT INTO recipe_cook(recipe_id, cook_id) VALUES (70, 160);
INSERT INTO recipe_cook(recipe_id, cook_id) VALUES (70, 153);
INSERT INTO recipe_cook(recipe_id, cook_id) VALUES (70, 109);
INSERT INTO recipe_cook(recipe_id, cook_id) VALUES (70, 189);
INSERT INTO recipe_cook(recipe_id, cook_id) VALUES (70, 21);
INSERT INTO recipe_cook(recipe_id, cook_id) VALUES (70, 187);
INSERT INTO recipe_cook(recipe_id, cook_id) VALUES (70, 9);
INSERT INTO recipe_cook(recipe_id, cook_id) VALUES (70, 83);
INSERT INTO recipe_cook(recipe_id, cook_id) VALUES (70, 54);
INSERT INTO recipe_cook(recipe_id, cook_id) VALUES (70, 107);
INSERT INTO recipe_cook(recipe_id, cook_id) VALUES (70, 88);
INSERT INTO recipe_cook(recipe_id, cook_id) VALUES (70, 31);
INSERT INTO recipe_cook(recipe_id, cook_id) VALUES (70, 32);
INSERT INTO recipe_cook(recipe_id, cook_id) VALUES (70, 136);
INSERT INTO recipe_cook(recipe_id, cook_id) VALUES (70, 197);
INSERT INTO recipe_cook(recipe_id, cook_id) VALUES (70, 166);
INSERT INTO recipe_cook(recipe_id, cook_id) VALUES (70, 30);
INSERT INTO recipe_cook(recipe_id, cook_id) VALUES (70, 143);
INSERT INTO recipe_cook(recipe_id, cook_id) VALUES (70, 81);
INSERT INTO recipe_cook(recipe_id, cook_id) VALUES (70, 55);
INSERT INTO recipe_cook(recipe_id, cook_id) VALUES (70, 74);
INSERT INTO recipe_cook(recipe_id, cook_id) VALUES (70, 132);
INSERT INTO recipe_cook(recipe_id, cook_id) VALUES (70, 3);
INSERT INTO recipe_cook(recipe_id, cook_id) VALUES (70, 34);
INSERT INTO recipe_cook(recipe_id, cook_id) VALUES (70, 134);
INSERT INTO recipe_cook(recipe_id, cook_id) VALUES (70, 85);
INSERT INTO recipe_cook(recipe_id, cook_id) VALUES (70, 63);
INSERT INTO recipe_cook(recipe_id, cook_id) VALUES (70, 71);
INSERT INTO recipe_cook(recipe_id, cook_id) VALUES (70, 173);
INSERT INTO recipe_cook(recipe_id, cook_id) VALUES (70, 39);
INSERT INTO recipe_cook(recipe_id, cook_id) VALUES (70, 110);
INSERT INTO recipe_cook(recipe_id, cook_id) VALUES (70, 164);
INSERT INTO recipe_cook(recipe_id, cook_id) VALUES (70, 196);
INSERT INTO recipe_cook(recipe_id, cook_id) VALUES (70, 191);
INSERT INTO recipe_cook(recipe_id, cook_id) VALUES (70, 48);
INSERT INTO recipe_cook(recipe_id, cook_id) VALUES (70, 29);
INSERT INTO recipe_cook(recipe_id, cook_id) VALUES (70, 169);
INSERT INTO recipe_cook(recipe_id, cook_id) VALUES (70, 138);
INSERT INTO recipe_cook(recipe_id, cook_id) VALUES (70, 53);
INSERT INTO recipe_cook(recipe_id, cook_id) VALUES (70, 149);
INSERT INTO recipe_cook(recipe_id, cook_id) VALUES (70, 122);
INSERT INTO recipe_cook(recipe_id, cook_id) VALUES (70, 111);
INSERT INTO recipe_cook(recipe_id, cook_id) VALUES (70, 97);
INSERT INTO recipe_cook(recipe_id, cook_id) VALUES (70, 51);
INSERT INTO recipe_cook(recipe_id, cook_id) VALUES (70, 193);
INSERT INTO recipe_cook(recipe_id, cook_id) VALUES (70, 115);
INSERT INTO recipe_cook(recipe_id, cook_id) VALUES (70, 18);
INSERT INTO recipe_cook(recipe_id, cook_id) VALUES (70, 80);
INSERT INTO recipe_cook(recipe_id, cook_id) VALUES (70, 141);
INSERT INTO recipe_cook(recipe_id, cook_id) VALUES (70, 135);
INSERT INTO recipe_cook(recipe_id, cook_id) VALUES (70, 26);
INSERT INTO recipe_cook(recipe_id, cook_id) VALUES (70, 175);
INSERT INTO recipe_cook(recipe_id, cook_id) VALUES (70, 127);
INSERT INTO recipe_cook(recipe_id, cook_id) VALUES (70, 105);
INSERT INTO recipe_cook(recipe_id, cook_id) VALUES (70, 60);
INSERT INTO recipe_cook(recipe_id, cook_id) VALUES (70, 199);
INSERT INTO recipe_cook(recipe_id, cook_id) VALUES (70, 12);
INSERT INTO recipe_cook(recipe_id, cook_id) VALUES (70, 49);
INSERT INTO recipe_cook(recipe_id, cook_id) VALUES (70, 61);
INSERT INTO recipe_cook(recipe_id, cook_id) VALUES (70, 178);
INSERT INTO recipe_cook(recipe_id, cook_id) VALUES (70, 43);
INSERT INTO recipe_cook(recipe_id, cook_id) VALUES (70, 13);
INSERT INTO recipe_cook(recipe_id, cook_id) VALUES (70, 6);
INSERT INTO recipe_cook(recipe_id, cook_id) VALUES (70, 84);
INSERT INTO recipe_cook(recipe_id, cook_id) VALUES (70, 162);
INSERT INTO recipe_cook(recipe_id, cook_id) VALUES (70, 75);
INSERT INTO recipe_cook(recipe_id, cook_id) VALUES (70, 8);
INSERT INTO recipe_cook(recipe_id, cook_id) VALUES (70, 126);
INSERT INTO recipe_cook(recipe_id, cook_id) VALUES (70, 100);
INSERT INTO recipe_cook(recipe_id, cook_id) VALUES (70, 194);
INSERT INTO recipe_cook(recipe_id, cook_id) VALUES (70, 102);
INSERT INTO recipe_cook(recipe_id, cook_id) VALUES (70, 152);
INSERT INTO recipe_cook(recipe_id, cook_id) VALUES (70, 106);
INSERT INTO recipe_cook(recipe_id, cook_id) VALUES (70, 45);
INSERT INTO recipe_cook(recipe_id, cook_id) VALUES (70, 92);
INSERT INTO recipe_cook(recipe_id, cook_id) VALUES (70, 17);
INSERT INTO recipe_cook(recipe_id, cook_id) VALUES (70, 128);
INSERT INTO recipe_cook(recipe_id, cook_id) VALUES (70, 104);
INSERT INTO recipe_cook(recipe_id, cook_id) VALUES (70, 139);
INSERT INTO recipe_cook(recipe_id, cook_id) VALUES (70, 114);
INSERT INTO recipe_cook(recipe_id, cook_id) VALUES (70, 62);
INSERT INTO recipe_cook(recipe_id, cook_id) VALUES (70, 195);
INSERT INTO recipe_cook(recipe_id, cook_id) VALUES (70, 101);
INSERT INTO recipe_cook(recipe_id, cook_id) VALUES (70, 161);
INSERT INTO recipe_cook(recipe_id, cook_id) VALUES (70, 155);
INSERT INTO recipe_cook(recipe_id, cook_id) VALUES (70, 89);
INSERT INTO recipe_cook(recipe_id, cook_id) VALUES (70, 59);
INSERT INTO recipe_cook(recipe_id, cook_id) VALUES (70, 150);
INSERT INTO recipe_cook(recipe_id, cook_id) VALUES (70, 28);
INSERT INTO recipe_cook(recipe_id, cook_id) VALUES (70, 186);
INSERT INTO recipe_cook(recipe_id, cook_id) VALUES (70, 24);
INSERT INTO recipe_cook(recipe_id, cook_id) VALUES (70, 77);
INSERT INTO recipe_cook(recipe_id, cook_id) VALUES (70, 103);
INSERT INTO recipe_cook(recipe_id, cook_id) VALUES (70, 38);
INSERT INTO recipe_cook(recipe_id, cook_id) VALUES (70, 90);
INSERT INTO recipe_cook(recipe_id, cook_id) VALUES (70, 52);
INSERT INTO recipe_cook(recipe_id, cook_id) VALUES (70, 44);
INSERT INTO recipe_cook(recipe_id, cook_id) VALUES (70, 66);
INSERT INTO recipe_cook(recipe_id, cook_id) VALUES (70, 142);
INSERT INTO recipe_cook(recipe_id, cook_id) VALUES (70, 64);
INSERT INTO recipe_cook(recipe_id, cook_id) VALUES (70, 192);
INSERT INTO recipe_cook(recipe_id, cook_id) VALUES (70, 177);
INSERT INTO recipe_cook(recipe_id, cook_id) VALUES (70, 174);
INSERT INTO recipe_cook(recipe_id, cook_id) VALUES (70, 116);
INSERT INTO recipe_cook(recipe_id, cook_id) VALUES (70, 98);
INSERT INTO recipe_cook(recipe_id, cook_id) VALUES (70, 121);
INSERT INTO recipe_cook(recipe_id, cook_id) VALUES (70, 46);
INSERT INTO recipe_cook(recipe_id, cook_id) VALUES (70, 167);
INSERT INTO recipe_cook(recipe_id, cook_id) VALUES (70, 35);
INSERT INTO recipe_cook(recipe_id, cook_id) VALUES (70, 22);
INSERT INTO recipe_cook(recipe_id, cook_id) VALUES (70, 180);
INSERT INTO recipe_cook(recipe_id, cook_id) VALUES (70, 95);
INSERT INTO recipe_cook(recipe_id, cook_id) VALUES (70, 99);
INSERT INTO recipe_cook(recipe_id, cook_id) VALUES (70, 183);
INSERT INTO recipe_cook(recipe_id, cook_id) VALUES (70, 10);
INSERT INTO recipe_cook(recipe_id, cook_id) VALUES (70, 16);
INSERT INTO recipe_cook(recipe_id, cook_id) VALUES (70, 47);
INSERT INTO recipe_cook(recipe_id, cook_id) VALUES (70, 156);
INSERT INTO recipe_cook(recipe_id, cook_id) VALUES (70, 40);
INSERT INTO recipe_cook(recipe_id, cook_id) VALUES (70, 67);
INSERT INTO recipe_cook(recipe_id, cook_id) VALUES (70, 68);
INSERT INTO recipe_cook(recipe_id, cook_id) VALUES (70, 56);
INSERT INTO recipe_cook(recipe_id, cook_id) VALUES (70, 70);
INSERT INTO recipe_cook(recipe_id, cook_id) VALUES (70, 200);
INSERT INTO recipe_theme(recipe_id, theme_id) VALUES (70, 23);
INSERT INTO recipe_tip(recipe_id, tip_id) VALUES (70, 7);
INSERT INTO recipe_tip(recipe_id, tip_id) VALUES (70, 8);
INSERT INTO recipe_tip(recipe_id, tip_id) VALUES (70, 15);

INSERT INTO recipe(baking, cuisine_id, difficulty, title, recipe_description, prep_time, cook_time, portions, fat_portion, protein_portion, carbo_portion, picture, picture_description) VALUES(0, 27, 1,'Fried Rice', 'Begin yard away. Smile what song whole less. Maybe performance candidate turn space color far financial.', 85, 120, 4, 10, 15,60, 'https://dummyimage.com/772x689', 'Include real free according black not eye.');
INSERT INTO recipe_meal_type(recipe_id, meal_type_id) VALUES (71, 2);
INSERT INTO recipe_tag(recipe_id, tag_id) VALUES (71, 66);
INSERT INTO recipe_equipment(recipe_id, equipment_id, num) VALUES (71, 20, 1);
INSERT INTO recipe_equipment(recipe_id, equipment_id, num) VALUES (71, 10, 2);
INSERT INTO recipe_equipment(recipe_id, equipment_id, num) VALUES (71, 14, 4);
INSERT INTO recipe_cook(recipe_id, cook_id) VALUES (71, 19);
INSERT INTO recipe_cook(recipe_id, cook_id) VALUES (71, 136);
INSERT INTO recipe_cook(recipe_id, cook_id) VALUES (71, 191);
INSERT INTO recipe_cook(recipe_id, cook_id) VALUES (71, 83);
INSERT INTO recipe_cook(recipe_id, cook_id) VALUES (71, 185);
INSERT INTO recipe_cook(recipe_id, cook_id) VALUES (71, 199);
INSERT INTO recipe_cook(recipe_id, cook_id) VALUES (71, 151);
INSERT INTO recipe_cook(recipe_id, cook_id) VALUES (71, 190);
INSERT INTO recipe_cook(recipe_id, cook_id) VALUES (71, 30);
INSERT INTO recipe_cook(recipe_id, cook_id) VALUES (71, 182);
INSERT INTO recipe_cook(recipe_id, cook_id) VALUES (71, 119);
INSERT INTO recipe_cook(recipe_id, cook_id) VALUES (71, 55);
INSERT INTO recipe_cook(recipe_id, cook_id) VALUES (71, 184);
INSERT INTO recipe_cook(recipe_id, cook_id) VALUES (71, 6);
INSERT INTO recipe_cook(recipe_id, cook_id) VALUES (71, 179);
INSERT INTO recipe_cook(recipe_id, cook_id) VALUES (71, 2);
INSERT INTO recipe_cook(recipe_id, cook_id) VALUES (71, 128);
INSERT INTO recipe_cook(recipe_id, cook_id) VALUES (71, 16);
INSERT INTO recipe_cook(recipe_id, cook_id) VALUES (71, 99);
INSERT INTO recipe_cook(recipe_id, cook_id) VALUES (71, 180);
INSERT INTO recipe_cook(recipe_id, cook_id) VALUES (71, 74);
INSERT INTO recipe_cook(recipe_id, cook_id) VALUES (71, 71);
INSERT INTO recipe_cook(recipe_id, cook_id) VALUES (71, 18);
INSERT INTO recipe_cook(recipe_id, cook_id) VALUES (71, 106);
INSERT INTO recipe_cook(recipe_id, cook_id) VALUES (71, 44);
INSERT INTO recipe_cook(recipe_id, cook_id) VALUES (71, 57);
INSERT INTO recipe_cook(recipe_id, cook_id) VALUES (71, 166);
INSERT INTO recipe_cook(recipe_id, cook_id) VALUES (71, 101);
INSERT INTO recipe_cook(recipe_id, cook_id) VALUES (71, 113);
INSERT INTO recipe_cook(recipe_id, cook_id) VALUES (71, 102);
INSERT INTO recipe_cook(recipe_id, cook_id) VALUES (71, 147);
INSERT INTO recipe_cook(recipe_id, cook_id) VALUES (71, 189);
INSERT INTO recipe_cook(recipe_id, cook_id) VALUES (71, 168);
INSERT INTO recipe_cook(recipe_id, cook_id) VALUES (71, 188);
INSERT INTO recipe_cook(recipe_id, cook_id) VALUES (71, 75);
INSERT INTO recipe_cook(recipe_id, cook_id) VALUES (71, 68);
INSERT INTO recipe_cook(recipe_id, cook_id) VALUES (71, 61);
INSERT INTO recipe_cook(recipe_id, cook_id) VALUES (71, 58);
INSERT INTO recipe_cook(recipe_id, cook_id) VALUES (71, 183);
INSERT INTO recipe_cook(recipe_id, cook_id) VALUES (71, 14);
INSERT INTO recipe_cook(recipe_id, cook_id) VALUES (71, 115);
INSERT INTO recipe_cook(recipe_id, cook_id) VALUES (71, 3);
INSERT INTO recipe_cook(recipe_id, cook_id) VALUES (71, 118);
INSERT INTO recipe_cook(recipe_id, cook_id) VALUES (71, 142);
INSERT INTO recipe_cook(recipe_id, cook_id) VALUES (71, 20);
INSERT INTO recipe_cook(recipe_id, cook_id) VALUES (71, 194);
INSERT INTO recipe_cook(recipe_id, cook_id) VALUES (71, 62);
INSERT INTO recipe_cook(recipe_id, cook_id) VALUES (71, 100);
INSERT INTO recipe_cook(recipe_id, cook_id) VALUES (71, 195);
INSERT INTO recipe_cook(recipe_id, cook_id) VALUES (71, 26);
INSERT INTO recipe_cook(recipe_id, cook_id) VALUES (71, 127);
INSERT INTO recipe_cook(recipe_id, cook_id) VALUES (71, 155);
INSERT INTO recipe_cook(recipe_id, cook_id) VALUES (71, 181);
INSERT INTO recipe_cook(recipe_id, cook_id) VALUES (71, 34);
INSERT INTO recipe_cook(recipe_id, cook_id) VALUES (71, 200);
INSERT INTO recipe_cook(recipe_id, cook_id) VALUES (71, 79);
INSERT INTO recipe_cook(recipe_id, cook_id) VALUES (71, 196);
INSERT INTO recipe_cook(recipe_id, cook_id) VALUES (71, 172);
INSERT INTO recipe_cook(recipe_id, cook_id) VALUES (71, 64);
INSERT INTO recipe_cook(recipe_id, cook_id) VALUES (71, 160);
INSERT INTO recipe_cook(recipe_id, cook_id) VALUES (71, 46);
INSERT INTO recipe_cook(recipe_id, cook_id) VALUES (71, 93);
INSERT INTO recipe_cook(recipe_id, cook_id) VALUES (71, 80);
INSERT INTO recipe_cook(recipe_id, cook_id) VALUES (71, 70);
INSERT INTO recipe_cook(recipe_id, cook_id) VALUES (71, 187);
INSERT INTO recipe_cook(recipe_id, cook_id) VALUES (71, 87);
INSERT INTO recipe_cook(recipe_id, cook_id) VALUES (71, 33);
INSERT INTO recipe_cook(recipe_id, cook_id) VALUES (71, 13);
INSERT INTO recipe_cook(recipe_id, cook_id) VALUES (71, 37);
INSERT INTO recipe_cook(recipe_id, cook_id) VALUES (71, 192);
INSERT INTO recipe_cook(recipe_id, cook_id) VALUES (71, 24);
INSERT INTO recipe_cook(recipe_id, cook_id) VALUES (71, 107);
INSERT INTO recipe_cook(recipe_id, cook_id) VALUES (71, 156);
INSERT INTO recipe_cook(recipe_id, cook_id) VALUES (71, 76);
INSERT INTO recipe_cook(recipe_id, cook_id) VALUES (71, 117);
INSERT INTO recipe_cook(recipe_id, cook_id) VALUES (71, 125);
INSERT INTO recipe_cook(recipe_id, cook_id) VALUES (71, 9);
INSERT INTO recipe_cook(recipe_id, cook_id) VALUES (71, 43);
INSERT INTO recipe_cook(recipe_id, cook_id) VALUES (71, 88);
INSERT INTO recipe_cook(recipe_id, cook_id) VALUES (71, 69);
INSERT INTO recipe_cook(recipe_id, cook_id) VALUES (71, 84);
INSERT INTO recipe_cook(recipe_id, cook_id) VALUES (71, 40);
INSERT INTO recipe_cook(recipe_id, cook_id) VALUES (71, 198);
INSERT INTO recipe_cook(recipe_id, cook_id) VALUES (71, 25);
INSERT INTO recipe_cook(recipe_id, cook_id) VALUES (71, 96);
INSERT INTO recipe_cook(recipe_id, cook_id) VALUES (71, 121);
INSERT INTO recipe_cook(recipe_id, cook_id) VALUES (71, 47);
INSERT INTO recipe_cook(recipe_id, cook_id) VALUES (71, 22);
INSERT INTO recipe_cook(recipe_id, cook_id) VALUES (71, 54);
INSERT INTO recipe_cook(recipe_id, cook_id) VALUES (71, 132);
INSERT INTO recipe_cook(recipe_id, cook_id) VALUES (71, 90);
INSERT INTO recipe_cook(recipe_id, cook_id) VALUES (71, 138);
INSERT INTO recipe_cook(recipe_id, cook_id) VALUES (71, 122);
INSERT INTO recipe_cook(recipe_id, cook_id) VALUES (71, 169);
INSERT INTO recipe_cook(recipe_id, cook_id) VALUES (71, 12);
INSERT INTO recipe_cook(recipe_id, cook_id) VALUES (71, 161);
INSERT INTO recipe_cook(recipe_id, cook_id) VALUES (71, 72);
INSERT INTO recipe_cook(recipe_id, cook_id) VALUES (71, 10);
INSERT INTO recipe_cook(recipe_id, cook_id) VALUES (71, 133);
INSERT INTO recipe_cook(recipe_id, cook_id) VALUES (71, 95);
INSERT INTO recipe_cook(recipe_id, cook_id) VALUES (71, 77);
INSERT INTO recipe_cook(recipe_id, cook_id) VALUES (71, 27);
INSERT INTO recipe_cook(recipe_id, cook_id) VALUES (71, 65);
INSERT INTO recipe_cook(recipe_id, cook_id) VALUES (71, 42);
INSERT INTO recipe_cook(recipe_id, cook_id) VALUES (71, 60);
INSERT INTO recipe_cook(recipe_id, cook_id) VALUES (71, 171);
INSERT INTO recipe_cook(recipe_id, cook_id) VALUES (71, 35);
INSERT INTO recipe_cook(recipe_id, cook_id) VALUES (71, 143);
INSERT INTO recipe_cook(recipe_id, cook_id) VALUES (71, 148);
INSERT INTO recipe_cook(recipe_id, cook_id) VALUES (71, 23);
INSERT INTO recipe_cook(recipe_id, cook_id) VALUES (71, 140);
INSERT INTO recipe_cook(recipe_id, cook_id) VALUES (71, 97);
INSERT INTO recipe_cook(recipe_id, cook_id) VALUES (71, 41);
INSERT INTO recipe_cook(recipe_id, cook_id) VALUES (71, 139);
INSERT INTO recipe_cook(recipe_id, cook_id) VALUES (71, 50);
INSERT INTO recipe_cook(recipe_id, cook_id) VALUES (71, 28);
INSERT INTO recipe_cook(recipe_id, cook_id) VALUES (71, 154);
INSERT INTO recipe_cook(recipe_id, cook_id) VALUES (71, 29);
INSERT INTO recipe_cook(recipe_id, cook_id) VALUES (71, 21);
INSERT INTO recipe_cook(recipe_id, cook_id) VALUES (71, 36);
INSERT INTO recipe_cook(recipe_id, cook_id) VALUES (71, 123);
INSERT INTO recipe_cook(recipe_id, cook_id) VALUES (71, 51);
INSERT INTO recipe_cook(recipe_id, cook_id) VALUES (71, 1);
INSERT INTO recipe_cook(recipe_id, cook_id) VALUES (71, 186);
INSERT INTO recipe_cook(recipe_id, cook_id) VALUES (71, 124);
INSERT INTO recipe_cook(recipe_id, cook_id) VALUES (71, 104);
INSERT INTO recipe_cook(recipe_id, cook_id) VALUES (71, 8);
INSERT INTO recipe_cook(recipe_id, cook_id) VALUES (71, 49);
INSERT INTO recipe_cook(recipe_id, cook_id) VALUES (71, 164);
INSERT INTO recipe_cook(recipe_id, cook_id) VALUES (71, 177);
INSERT INTO recipe_cook(recipe_id, cook_id) VALUES (71, 144);
INSERT INTO recipe_cook(recipe_id, cook_id) VALUES (71, 11);
INSERT INTO recipe_cook(recipe_id, cook_id) VALUES (71, 146);
INSERT INTO recipe_cook(recipe_id, cook_id) VALUES (71, 129);
INSERT INTO recipe_cook(recipe_id, cook_id) VALUES (71, 114);
INSERT INTO recipe_cook(recipe_id, cook_id) VALUES (71, 66);
INSERT INTO recipe_cook(recipe_id, cook_id) VALUES (71, 193);
INSERT INTO recipe_cook(recipe_id, cook_id) VALUES (71, 59);
INSERT INTO recipe_cook(recipe_id, cook_id) VALUES (71, 153);
INSERT INTO recipe_cook(recipe_id, cook_id) VALUES (71, 82);
INSERT INTO recipe_cook(recipe_id, cook_id) VALUES (71, 149);
INSERT INTO recipe_cook(recipe_id, cook_id) VALUES (71, 145);
INSERT INTO recipe_cook(recipe_id, cook_id) VALUES (71, 116);
INSERT INTO recipe_cook(recipe_id, cook_id) VALUES (71, 110);
INSERT INTO recipe_cook(recipe_id, cook_id) VALUES (71, 157);
INSERT INTO recipe_cook(recipe_id, cook_id) VALUES (71, 89);
INSERT INTO recipe_cook(recipe_id, cook_id) VALUES (71, 81);
INSERT INTO recipe_cook(recipe_id, cook_id) VALUES (71, 131);
INSERT INTO recipe_cook(recipe_id, cook_id) VALUES (71, 39);
INSERT INTO recipe_cook(recipe_id, cook_id) VALUES (71, 109);
INSERT INTO recipe_cook(recipe_id, cook_id) VALUES (71, 130);
INSERT INTO recipe_cook(recipe_id, cook_id) VALUES (71, 85);
INSERT INTO recipe_cook(recipe_id, cook_id) VALUES (71, 73);
INSERT INTO recipe_cook(recipe_id, cook_id) VALUES (71, 98);
INSERT INTO recipe_cook(recipe_id, cook_id) VALUES (71, 197);
INSERT INTO recipe_cook(recipe_id, cook_id) VALUES (71, 141);
INSERT INTO recipe_cook(recipe_id, cook_id) VALUES (71, 170);
INSERT INTO recipe_cook(recipe_id, cook_id) VALUES (71, 103);
INSERT INTO recipe_cook(recipe_id, cook_id) VALUES (71, 150);
INSERT INTO recipe_cook(recipe_id, cook_id) VALUES (71, 165);
INSERT INTO recipe_cook(recipe_id, cook_id) VALUES (71, 137);
INSERT INTO recipe_cook(recipe_id, cook_id) VALUES (71, 108);
INSERT INTO recipe_cook(recipe_id, cook_id) VALUES (71, 120);
INSERT INTO recipe_cook(recipe_id, cook_id) VALUES (71, 7);
INSERT INTO recipe_cook(recipe_id, cook_id) VALUES (71, 163);
INSERT INTO recipe_cook(recipe_id, cook_id) VALUES (71, 4);
INSERT INTO recipe_cook(recipe_id, cook_id) VALUES (71, 126);
INSERT INTO recipe_cook(recipe_id, cook_id) VALUES (71, 15);
INSERT INTO recipe_cook(recipe_id, cook_id) VALUES (71, 5);
INSERT INTO recipe_cook(recipe_id, cook_id) VALUES (71, 111);
INSERT INTO recipe_cook(recipe_id, cook_id) VALUES (71, 52);
INSERT INTO recipe_cook(recipe_id, cook_id) VALUES (71, 175);
INSERT INTO recipe_cook(recipe_id, cook_id) VALUES (71, 94);
INSERT INTO recipe_cook(recipe_id, cook_id) VALUES (71, 38);
INSERT INTO recipe_cook(recipe_id, cook_id) VALUES (71, 135);
INSERT INTO recipe_cook(recipe_id, cook_id) VALUES (71, 91);
INSERT INTO recipe_cook(recipe_id, cook_id) VALUES (71, 86);
INSERT INTO recipe_cook(recipe_id, cook_id) VALUES (71, 45);
INSERT INTO recipe_cook(recipe_id, cook_id) VALUES (71, 31);
INSERT INTO recipe_cook(recipe_id, cook_id) VALUES (71, 17);
INSERT INTO recipe_cook(recipe_id, cook_id) VALUES (71, 174);
INSERT INTO recipe_cook(recipe_id, cook_id) VALUES (71, 112);
INSERT INTO recipe_cook(recipe_id, cook_id) VALUES (71, 176);
INSERT INTO recipe_cook(recipe_id, cook_id) VALUES (71, 78);
INSERT INTO recipe_cook(recipe_id, cook_id) VALUES (71, 152);
INSERT INTO recipe_cook(recipe_id, cook_id) VALUES (71, 63);
INSERT INTO recipe_cook(recipe_id, cook_id) VALUES (71, 162);
INSERT INTO recipe_cook(recipe_id, cook_id) VALUES (71, 92);
INSERT INTO recipe_cook(recipe_id, cook_id) VALUES (71, 167);
INSERT INTO recipe_cook(recipe_id, cook_id) VALUES (71, 105);
INSERT INTO recipe_cook(recipe_id, cook_id) VALUES (71, 134);
INSERT INTO recipe_cook(recipe_id, cook_id) VALUES (71, 32);
INSERT INTO recipe_cook(recipe_id, cook_id) VALUES (71, 48);
INSERT INTO recipe_cook(recipe_id, cook_id) VALUES (71, 53);
INSERT INTO recipe_theme(recipe_id, theme_id) VALUES (71, 33);
INSERT INTO recipe_theme(recipe_id, theme_id) VALUES (71, 18);
INSERT INTO recipe_tip(recipe_id, tip_id) VALUES (71, 23);
INSERT INTO recipe_tip(recipe_id, tip_id) VALUES (71, 15);

INSERT INTO recipe(baking, cuisine_id, difficulty, title, recipe_description, prep_time, cook_time, portions, fat_portion, protein_portion, carbo_portion, picture, picture_description) VALUES(0, 7, 1,'Huevos Rancheros', 'Fish must full store consider. Size piece thing prove recent interview.', 55, 90, 3, 45, 50,50, 'https://dummyimage.com/572x567', 'Act address among report remain score.');
INSERT INTO recipe_meal_type(recipe_id, meal_type_id) VALUES (72, 6);
INSERT INTO recipe_tag(recipe_id, tag_id) VALUES (72, 66);
INSERT INTO recipe_tag(recipe_id, tag_id) VALUES (72, 63);
INSERT INTO recipe_tag(recipe_id, tag_id) VALUES (72, 67);
INSERT INTO recipe_equipment(recipe_id, equipment_id, num) VALUES (72, 9, 2);
INSERT INTO recipe_equipment(recipe_id, equipment_id, num) VALUES (72, 15, 4);
INSERT INTO recipe_equipment(recipe_id, equipment_id, num) VALUES (72, 16, 2);
INSERT INTO recipe_equipment(recipe_id, equipment_id, num) VALUES (72, 10, 1);
INSERT INTO recipe_equipment(recipe_id, equipment_id, num) VALUES (72, 5, 4);
INSERT INTO recipe_equipment(recipe_id, equipment_id, num) VALUES (72, 7, 2);
INSERT INTO recipe_cook(recipe_id, cook_id) VALUES (72, 109);
INSERT INTO recipe_cook(recipe_id, cook_id) VALUES (72, 198);
INSERT INTO recipe_cook(recipe_id, cook_id) VALUES (72, 147);
INSERT INTO recipe_cook(recipe_id, cook_id) VALUES (72, 56);
INSERT INTO recipe_cook(recipe_id, cook_id) VALUES (72, 34);
INSERT INTO recipe_cook(recipe_id, cook_id) VALUES (72, 38);
INSERT INTO recipe_cook(recipe_id, cook_id) VALUES (72, 141);
INSERT INTO recipe_cook(recipe_id, cook_id) VALUES (72, 180);
INSERT INTO recipe_cook(recipe_id, cook_id) VALUES (72, 9);
INSERT INTO recipe_cook(recipe_id, cook_id) VALUES (72, 66);
INSERT INTO recipe_cook(recipe_id, cook_id) VALUES (72, 158);
INSERT INTO recipe_cook(recipe_id, cook_id) VALUES (72, 155);
INSERT INTO recipe_cook(recipe_id, cook_id) VALUES (72, 129);
INSERT INTO recipe_cook(recipe_id, cook_id) VALUES (72, 81);
INSERT INTO recipe_cook(recipe_id, cook_id) VALUES (72, 145);
INSERT INTO recipe_cook(recipe_id, cook_id) VALUES (72, 195);
INSERT INTO recipe_cook(recipe_id, cook_id) VALUES (72, 35);
INSERT INTO recipe_cook(recipe_id, cook_id) VALUES (72, 135);
INSERT INTO recipe_cook(recipe_id, cook_id) VALUES (72, 161);
INSERT INTO recipe_cook(recipe_id, cook_id) VALUES (72, 31);
INSERT INTO recipe_cook(recipe_id, cook_id) VALUES (72, 151);
INSERT INTO recipe_cook(recipe_id, cook_id) VALUES (72, 139);
INSERT INTO recipe_cook(recipe_id, cook_id) VALUES (72, 69);
INSERT INTO recipe_cook(recipe_id, cook_id) VALUES (72, 93);
INSERT INTO recipe_cook(recipe_id, cook_id) VALUES (72, 2);
INSERT INTO recipe_cook(recipe_id, cook_id) VALUES (72, 101);
INSERT INTO recipe_cook(recipe_id, cook_id) VALUES (72, 91);
INSERT INTO recipe_cook(recipe_id, cook_id) VALUES (72, 28);
INSERT INTO recipe_cook(recipe_id, cook_id) VALUES (72, 104);
INSERT INTO recipe_cook(recipe_id, cook_id) VALUES (72, 49);
INSERT INTO recipe_cook(recipe_id, cook_id) VALUES (72, 55);
INSERT INTO recipe_cook(recipe_id, cook_id) VALUES (72, 15);
INSERT INTO recipe_cook(recipe_id, cook_id) VALUES (72, 44);
INSERT INTO recipe_cook(recipe_id, cook_id) VALUES (72, 120);
INSERT INTO recipe_cook(recipe_id, cook_id) VALUES (72, 137);
INSERT INTO recipe_cook(recipe_id, cook_id) VALUES (72, 159);
INSERT INTO recipe_cook(recipe_id, cook_id) VALUES (72, 40);
INSERT INTO recipe_cook(recipe_id, cook_id) VALUES (72, 150);
INSERT INTO recipe_cook(recipe_id, cook_id) VALUES (72, 131);
INSERT INTO recipe_cook(recipe_id, cook_id) VALUES (72, 77);
INSERT INTO recipe_cook(recipe_id, cook_id) VALUES (72, 59);
INSERT INTO recipe_cook(recipe_id, cook_id) VALUES (72, 92);
INSERT INTO recipe_cook(recipe_id, cook_id) VALUES (72, 24);
INSERT INTO recipe_cook(recipe_id, cook_id) VALUES (72, 80);
INSERT INTO recipe_cook(recipe_id, cook_id) VALUES (72, 65);
INSERT INTO recipe_cook(recipe_id, cook_id) VALUES (72, 4);
INSERT INTO recipe_cook(recipe_id, cook_id) VALUES (72, 193);
INSERT INTO recipe_cook(recipe_id, cook_id) VALUES (72, 111);
INSERT INTO recipe_cook(recipe_id, cook_id) VALUES (72, 43);
INSERT INTO recipe_cook(recipe_id, cook_id) VALUES (72, 29);
INSERT INTO recipe_cook(recipe_id, cook_id) VALUES (72, 23);
INSERT INTO recipe_cook(recipe_id, cook_id) VALUES (72, 11);
INSERT INTO recipe_cook(recipe_id, cook_id) VALUES (72, 6);
INSERT INTO recipe_cook(recipe_id, cook_id) VALUES (72, 1);
INSERT INTO recipe_cook(recipe_id, cook_id) VALUES (72, 140);
INSERT INTO recipe_cook(recipe_id, cook_id) VALUES (72, 7);
INSERT INTO recipe_cook(recipe_id, cook_id) VALUES (72, 116);
INSERT INTO recipe_cook(recipe_id, cook_id) VALUES (72, 112);
INSERT INTO recipe_cook(recipe_id, cook_id) VALUES (72, 16);
INSERT INTO recipe_cook(recipe_id, cook_id) VALUES (72, 88);
INSERT INTO recipe_cook(recipe_id, cook_id) VALUES (72, 115);
INSERT INTO recipe_cook(recipe_id, cook_id) VALUES (72, 89);
INSERT INTO recipe_cook(recipe_id, cook_id) VALUES (72, 21);
INSERT INTO recipe_cook(recipe_id, cook_id) VALUES (72, 71);
INSERT INTO recipe_cook(recipe_id, cook_id) VALUES (72, 173);
INSERT INTO recipe_cook(recipe_id, cook_id) VALUES (72, 22);
INSERT INTO recipe_cook(recipe_id, cook_id) VALUES (72, 200);
INSERT INTO recipe_cook(recipe_id, cook_id) VALUES (72, 68);
INSERT INTO recipe_cook(recipe_id, cook_id) VALUES (72, 26);
INSERT INTO recipe_cook(recipe_id, cook_id) VALUES (72, 117);
INSERT INTO recipe_cook(recipe_id, cook_id) VALUES (72, 70);
INSERT INTO recipe_cook(recipe_id, cook_id) VALUES (72, 167);
INSERT INTO recipe_cook(recipe_id, cook_id) VALUES (72, 75);
INSERT INTO recipe_cook(recipe_id, cook_id) VALUES (72, 176);
INSERT INTO recipe_cook(recipe_id, cook_id) VALUES (72, 127);
INSERT INTO recipe_cook(recipe_id, cook_id) VALUES (72, 83);
INSERT INTO recipe_cook(recipe_id, cook_id) VALUES (72, 41);
INSERT INTO recipe_cook(recipe_id, cook_id) VALUES (72, 132);
INSERT INTO recipe_cook(recipe_id, cook_id) VALUES (72, 99);
INSERT INTO recipe_cook(recipe_id, cook_id) VALUES (72, 190);
INSERT INTO recipe_cook(recipe_id, cook_id) VALUES (72, 191);
INSERT INTO recipe_cook(recipe_id, cook_id) VALUES (72, 30);
INSERT INTO recipe_cook(recipe_id, cook_id) VALUES (72, 162);
INSERT INTO recipe_cook(recipe_id, cook_id) VALUES (72, 171);
INSERT INTO recipe_cook(recipe_id, cook_id) VALUES (72, 130);
INSERT INTO recipe_cook(recipe_id, cook_id) VALUES (72, 134);
INSERT INTO recipe_cook(recipe_id, cook_id) VALUES (72, 153);
INSERT INTO recipe_cook(recipe_id, cook_id) VALUES (72, 172);
INSERT INTO recipe_cook(recipe_id, cook_id) VALUES (72, 192);
INSERT INTO recipe_cook(recipe_id, cook_id) VALUES (72, 52);
INSERT INTO recipe_cook(recipe_id, cook_id) VALUES (72, 169);
INSERT INTO recipe_cook(recipe_id, cook_id) VALUES (72, 163);
INSERT INTO recipe_cook(recipe_id, cook_id) VALUES (72, 197);
INSERT INTO recipe_cook(recipe_id, cook_id) VALUES (72, 156);
INSERT INTO recipe_cook(recipe_id, cook_id) VALUES (72, 106);
INSERT INTO recipe_cook(recipe_id, cook_id) VALUES (72, 194);
INSERT INTO recipe_cook(recipe_id, cook_id) VALUES (72, 125);
INSERT INTO recipe_cook(recipe_id, cook_id) VALUES (72, 45);
INSERT INTO recipe_cook(recipe_id, cook_id) VALUES (72, 61);
INSERT INTO recipe_cook(recipe_id, cook_id) VALUES (72, 174);
INSERT INTO recipe_cook(recipe_id, cook_id) VALUES (72, 48);
INSERT INTO recipe_cook(recipe_id, cook_id) VALUES (72, 78);
INSERT INTO recipe_cook(recipe_id, cook_id) VALUES (72, 20);
INSERT INTO recipe_cook(recipe_id, cook_id) VALUES (72, 57);
INSERT INTO recipe_cook(recipe_id, cook_id) VALUES (72, 164);
INSERT INTO recipe_cook(recipe_id, cook_id) VALUES (72, 108);
INSERT INTO recipe_cook(recipe_id, cook_id) VALUES (72, 96);
INSERT INTO recipe_cook(recipe_id, cook_id) VALUES (72, 60);
INSERT INTO recipe_cook(recipe_id, cook_id) VALUES (72, 12);
INSERT INTO recipe_cook(recipe_id, cook_id) VALUES (72, 177);
INSERT INTO recipe_cook(recipe_id, cook_id) VALUES (72, 181);
INSERT INTO recipe_cook(recipe_id, cook_id) VALUES (72, 98);
INSERT INTO recipe_cook(recipe_id, cook_id) VALUES (72, 128);
INSERT INTO recipe_cook(recipe_id, cook_id) VALUES (72, 90);
INSERT INTO recipe_cook(recipe_id, cook_id) VALUES (72, 138);
INSERT INTO recipe_cook(recipe_id, cook_id) VALUES (72, 149);
INSERT INTO recipe_cook(recipe_id, cook_id) VALUES (72, 114);
INSERT INTO recipe_cook(recipe_id, cook_id) VALUES (72, 121);
INSERT INTO recipe_cook(recipe_id, cook_id) VALUES (72, 5);
INSERT INTO recipe_cook(recipe_id, cook_id) VALUES (72, 165);
INSERT INTO recipe_cook(recipe_id, cook_id) VALUES (72, 142);
INSERT INTO recipe_cook(recipe_id, cook_id) VALUES (72, 133);
INSERT INTO recipe_cook(recipe_id, cook_id) VALUES (72, 47);
INSERT INTO recipe_cook(recipe_id, cook_id) VALUES (72, 46);
INSERT INTO recipe_cook(recipe_id, cook_id) VALUES (72, 14);
INSERT INTO recipe_cook(recipe_id, cook_id) VALUES (72, 100);
INSERT INTO recipe_cook(recipe_id, cook_id) VALUES (72, 119);
INSERT INTO recipe_cook(recipe_id, cook_id) VALUES (72, 152);
INSERT INTO recipe_cook(recipe_id, cook_id) VALUES (72, 118);
INSERT INTO recipe_cook(recipe_id, cook_id) VALUES (72, 113);
INSERT INTO recipe_cook(recipe_id, cook_id) VALUES (72, 185);
INSERT INTO recipe_cook(recipe_id, cook_id) VALUES (72, 126);
INSERT INTO recipe_theme(recipe_id, theme_id) VALUES (72, 23);
INSERT INTO recipe_theme(recipe_id, theme_id) VALUES (72, 25);
INSERT INTO recipe_theme(recipe_id, theme_id) VALUES (72, 17);
INSERT INTO recipe_tip(recipe_id, tip_id) VALUES (72, 7);

INSERT INTO recipe(baking, cuisine_id, difficulty, title, recipe_description, prep_time, cook_time, portions, fat_portion, protein_portion, carbo_portion, picture, picture_description) VALUES(0, 43, 5,'Lemon Meringue Pie', 'Whole plan event old attack whose. Form buy church window lawyer yet.', 85, 50, 2, 15, 10,75, 'https://picsum.photos/698/743', 'Wear forget month family newspaper.');
INSERT INTO recipe_meal_type(recipe_id, meal_type_id) VALUES (73, 2);
INSERT INTO recipe_tag(recipe_id, tag_id) VALUES (73, 94);
INSERT INTO recipe_tag(recipe_id, tag_id) VALUES (73, 2);
INSERT INTO recipe_tag(recipe_id, tag_id) VALUES (73, 85);
INSERT INTO recipe_tag(recipe_id, tag_id) VALUES (73, 15);
INSERT INTO recipe_tag(recipe_id, tag_id) VALUES (73, 97);
INSERT INTO recipe_equipment(recipe_id, equipment_id, num) VALUES (73, 12, 2);
INSERT INTO recipe_equipment(recipe_id, equipment_id, num) VALUES (73, 4, 2);
INSERT INTO recipe_equipment(recipe_id, equipment_id, num) VALUES (73, 6, 2);
INSERT INTO recipe_equipment(recipe_id, equipment_id, num) VALUES (73, 19, 4);
INSERT INTO recipe_equipment(recipe_id, equipment_id, num) VALUES (73, 5, 4);
INSERT INTO recipe_equipment(recipe_id, equipment_id, num) VALUES (73, 16, 2);
INSERT INTO recipe_equipment(recipe_id, equipment_id, num) VALUES (73, 15, 4);
INSERT INTO recipe_cook(recipe_id, cook_id) VALUES (73, 78);
INSERT INTO recipe_cook(recipe_id, cook_id) VALUES (73, 149);
INSERT INTO recipe_cook(recipe_id, cook_id) VALUES (73, 180);
INSERT INTO recipe_cook(recipe_id, cook_id) VALUES (73, 41);
INSERT INTO recipe_cook(recipe_id, cook_id) VALUES (73, 59);
INSERT INTO recipe_cook(recipe_id, cook_id) VALUES (73, 37);
INSERT INTO recipe_cook(recipe_id, cook_id) VALUES (73, 67);
INSERT INTO recipe_cook(recipe_id, cook_id) VALUES (73, 127);
INSERT INTO recipe_cook(recipe_id, cook_id) VALUES (73, 13);
INSERT INTO recipe_cook(recipe_id, cook_id) VALUES (73, 45);
INSERT INTO recipe_cook(recipe_id, cook_id) VALUES (73, 138);
INSERT INTO recipe_cook(recipe_id, cook_id) VALUES (73, 49);
INSERT INTO recipe_cook(recipe_id, cook_id) VALUES (73, 60);
INSERT INTO recipe_cook(recipe_id, cook_id) VALUES (73, 95);
INSERT INTO recipe_cook(recipe_id, cook_id) VALUES (73, 68);
INSERT INTO recipe_cook(recipe_id, cook_id) VALUES (73, 160);
INSERT INTO recipe_cook(recipe_id, cook_id) VALUES (73, 197);
INSERT INTO recipe_cook(recipe_id, cook_id) VALUES (73, 64);
INSERT INTO recipe_cook(recipe_id, cook_id) VALUES (73, 133);
INSERT INTO recipe_cook(recipe_id, cook_id) VALUES (73, 151);
INSERT INTO recipe_cook(recipe_id, cook_id) VALUES (73, 93);
INSERT INTO recipe_cook(recipe_id, cook_id) VALUES (73, 42);
INSERT INTO recipe_cook(recipe_id, cook_id) VALUES (73, 108);
INSERT INTO recipe_cook(recipe_id, cook_id) VALUES (73, 155);
INSERT INTO recipe_cook(recipe_id, cook_id) VALUES (73, 32);
INSERT INTO recipe_cook(recipe_id, cook_id) VALUES (73, 178);
INSERT INTO recipe_cook(recipe_id, cook_id) VALUES (73, 173);
INSERT INTO recipe_cook(recipe_id, cook_id) VALUES (73, 17);
INSERT INTO recipe_cook(recipe_id, cook_id) VALUES (73, 38);
INSERT INTO recipe_cook(recipe_id, cook_id) VALUES (73, 199);
INSERT INTO recipe_cook(recipe_id, cook_id) VALUES (73, 104);
INSERT INTO recipe_cook(recipe_id, cook_id) VALUES (73, 84);
INSERT INTO recipe_cook(recipe_id, cook_id) VALUES (73, 7);
INSERT INTO recipe_cook(recipe_id, cook_id) VALUES (73, 140);
INSERT INTO recipe_cook(recipe_id, cook_id) VALUES (73, 80);
INSERT INTO recipe_cook(recipe_id, cook_id) VALUES (73, 65);
INSERT INTO recipe_cook(recipe_id, cook_id) VALUES (73, 24);
INSERT INTO recipe_cook(recipe_id, cook_id) VALUES (73, 109);
INSERT INTO recipe_cook(recipe_id, cook_id) VALUES (73, 72);
INSERT INTO recipe_cook(recipe_id, cook_id) VALUES (73, 123);
INSERT INTO recipe_cook(recipe_id, cook_id) VALUES (73, 82);
INSERT INTO recipe_cook(recipe_id, cook_id) VALUES (73, 8);
INSERT INTO recipe_cook(recipe_id, cook_id) VALUES (73, 18);
INSERT INTO recipe_cook(recipe_id, cook_id) VALUES (73, 198);
INSERT INTO recipe_cook(recipe_id, cook_id) VALUES (73, 150);
INSERT INTO recipe_cook(recipe_id, cook_id) VALUES (73, 188);
INSERT INTO recipe_cook(recipe_id, cook_id) VALUES (73, 12);
INSERT INTO recipe_cook(recipe_id, cook_id) VALUES (73, 85);
INSERT INTO recipe_cook(recipe_id, cook_id) VALUES (73, 147);
INSERT INTO recipe_cook(recipe_id, cook_id) VALUES (73, 81);
INSERT INTO recipe_cook(recipe_id, cook_id) VALUES (73, 43);
INSERT INTO recipe_cook(recipe_id, cook_id) VALUES (73, 51);
INSERT INTO recipe_cook(recipe_id, cook_id) VALUES (73, 92);
INSERT INTO recipe_cook(recipe_id, cook_id) VALUES (73, 86);
INSERT INTO recipe_cook(recipe_id, cook_id) VALUES (73, 88);
INSERT INTO recipe_cook(recipe_id, cook_id) VALUES (73, 99);
INSERT INTO recipe_cook(recipe_id, cook_id) VALUES (73, 66);
INSERT INTO recipe_cook(recipe_id, cook_id) VALUES (73, 116);
INSERT INTO recipe_cook(recipe_id, cook_id) VALUES (73, 102);
INSERT INTO recipe_cook(recipe_id, cook_id) VALUES (73, 111);
INSERT INTO recipe_cook(recipe_id, cook_id) VALUES (73, 28);
INSERT INTO recipe_cook(recipe_id, cook_id) VALUES (73, 118);
INSERT INTO recipe_cook(recipe_id, cook_id) VALUES (73, 71);
INSERT INTO recipe_cook(recipe_id, cook_id) VALUES (73, 187);
INSERT INTO recipe_cook(recipe_id, cook_id) VALUES (73, 22);
INSERT INTO recipe_cook(recipe_id, cook_id) VALUES (73, 120);
INSERT INTO recipe_cook(recipe_id, cook_id) VALUES (73, 1);
INSERT INTO recipe_cook(recipe_id, cook_id) VALUES (73, 195);
INSERT INTO recipe_cook(recipe_id, cook_id) VALUES (73, 185);
INSERT INTO recipe_cook(recipe_id, cook_id) VALUES (73, 50);
INSERT INTO recipe_cook(recipe_id, cook_id) VALUES (73, 89);
INSERT INTO recipe_cook(recipe_id, cook_id) VALUES (73, 83);
INSERT INTO recipe_cook(recipe_id, cook_id) VALUES (73, 174);
INSERT INTO recipe_cook(recipe_id, cook_id) VALUES (73, 196);
INSERT INTO recipe_cook(recipe_id, cook_id) VALUES (73, 112);
INSERT INTO recipe_cook(recipe_id, cook_id) VALUES (73, 135);
INSERT INTO recipe_cook(recipe_id, cook_id) VALUES (73, 106);
INSERT INTO recipe_cook(recipe_id, cook_id) VALUES (73, 10);
INSERT INTO recipe_cook(recipe_id, cook_id) VALUES (73, 167);
INSERT INTO recipe_cook(recipe_id, cook_id) VALUES (73, 40);
INSERT INTO recipe_cook(recipe_id, cook_id) VALUES (73, 56);
INSERT INTO recipe_cook(recipe_id, cook_id) VALUES (73, 75);
INSERT INTO recipe_cook(recipe_id, cook_id) VALUES (73, 146);
INSERT INTO recipe_cook(recipe_id, cook_id) VALUES (73, 152);
INSERT INTO recipe_cook(recipe_id, cook_id) VALUES (73, 126);
INSERT INTO recipe_cook(recipe_id, cook_id) VALUES (73, 170);
INSERT INTO recipe_cook(recipe_id, cook_id) VALUES (73, 5);
INSERT INTO recipe_cook(recipe_id, cook_id) VALUES (73, 29);
INSERT INTO recipe_cook(recipe_id, cook_id) VALUES (73, 122);
INSERT INTO recipe_cook(recipe_id, cook_id) VALUES (73, 44);
INSERT INTO recipe_cook(recipe_id, cook_id) VALUES (73, 69);
INSERT INTO recipe_cook(recipe_id, cook_id) VALUES (73, 128);
INSERT INTO recipe_cook(recipe_id, cook_id) VALUES (73, 20);
INSERT INTO recipe_cook(recipe_id, cook_id) VALUES (73, 113);
INSERT INTO recipe_cook(recipe_id, cook_id) VALUES (73, 184);
INSERT INTO recipe_cook(recipe_id, cook_id) VALUES (73, 136);
INSERT INTO recipe_cook(recipe_id, cook_id) VALUES (73, 181);
INSERT INTO recipe_cook(recipe_id, cook_id) VALUES (73, 130);
INSERT INTO recipe_cook(recipe_id, cook_id) VALUES (73, 172);
INSERT INTO recipe_cook(recipe_id, cook_id) VALUES (73, 119);
INSERT INTO recipe_cook(recipe_id, cook_id) VALUES (73, 176);
INSERT INTO recipe_cook(recipe_id, cook_id) VALUES (73, 166);
INSERT INTO recipe_cook(recipe_id, cook_id) VALUES (73, 194);
INSERT INTO recipe_cook(recipe_id, cook_id) VALUES (73, 73);
INSERT INTO recipe_cook(recipe_id, cook_id) VALUES (73, 63);
INSERT INTO recipe_cook(recipe_id, cook_id) VALUES (73, 193);
INSERT INTO recipe_cook(recipe_id, cook_id) VALUES (73, 27);
INSERT INTO recipe_cook(recipe_id, cook_id) VALUES (73, 182);
INSERT INTO recipe_cook(recipe_id, cook_id) VALUES (73, 200);
INSERT INTO recipe_cook(recipe_id, cook_id) VALUES (73, 6);
INSERT INTO recipe_cook(recipe_id, cook_id) VALUES (73, 48);
INSERT INTO recipe_cook(recipe_id, cook_id) VALUES (73, 183);
INSERT INTO recipe_cook(recipe_id, cook_id) VALUES (73, 11);
INSERT INTO recipe_cook(recipe_id, cook_id) VALUES (73, 171);
INSERT INTO recipe_cook(recipe_id, cook_id) VALUES (73, 159);
INSERT INTO recipe_cook(recipe_id, cook_id) VALUES (73, 53);
INSERT INTO recipe_cook(recipe_id, cook_id) VALUES (73, 97);
INSERT INTO recipe_theme(recipe_id, theme_id) VALUES (73, 39);
INSERT INTO recipe_theme(recipe_id, theme_id) VALUES (73, 30);
INSERT INTO recipe_theme(recipe_id, theme_id) VALUES (73, 24);
INSERT INTO recipe_tip(recipe_id, tip_id) VALUES (73, 17);
INSERT INTO recipe_tip(recipe_id, tip_id) VALUES (73, 13);

INSERT INTO recipe(baking, cuisine_id, difficulty, title, recipe_description, prep_time, cook_time, portions, fat_portion, protein_portion, carbo_portion, picture, picture_description) VALUES(0, 41, 4,'Black Forest Cake', 'Serve company show action huge. War book skin second smile cold agree about. By activity democratic citizen executive.', 95, 30, 5, 45, 35,65, 'https://dummyimage.com/475x1022', 'Defense eight defense guy side.');
INSERT INTO recipe_meal_type(recipe_id, meal_type_id) VALUES (74, 3);
INSERT INTO recipe_tag(recipe_id, tag_id) VALUES (74, 3);
INSERT INTO recipe_tag(recipe_id, tag_id) VALUES (74, 78);
INSERT INTO recipe_tag(recipe_id, tag_id) VALUES (74, 100);
INSERT INTO recipe_equipment(recipe_id, equipment_id, num) VALUES (74, 1, 1);
INSERT INTO recipe_equipment(recipe_id, equipment_id, num) VALUES (74, 19, 4);
INSERT INTO recipe_equipment(recipe_id, equipment_id, num) VALUES (74, 16, 3);
INSERT INTO recipe_equipment(recipe_id, equipment_id, num) VALUES (74, 15, 2);
INSERT INTO recipe_equipment(recipe_id, equipment_id, num) VALUES (74, 9, 1);
INSERT INTO recipe_equipment(recipe_id, equipment_id, num) VALUES (74, 4, 3);
INSERT INTO recipe_cook(recipe_id, cook_id) VALUES (74, 114);
INSERT INTO recipe_cook(recipe_id, cook_id) VALUES (74, 78);
INSERT INTO recipe_cook(recipe_id, cook_id) VALUES (74, 199);
INSERT INTO recipe_cook(recipe_id, cook_id) VALUES (74, 170);
INSERT INTO recipe_cook(recipe_id, cook_id) VALUES (74, 17);
INSERT INTO recipe_cook(recipe_id, cook_id) VALUES (74, 161);
INSERT INTO recipe_cook(recipe_id, cook_id) VALUES (74, 70);
INSERT INTO recipe_cook(recipe_id, cook_id) VALUES (74, 143);
INSERT INTO recipe_cook(recipe_id, cook_id) VALUES (74, 30);
INSERT INTO recipe_cook(recipe_id, cook_id) VALUES (74, 77);
INSERT INTO recipe_cook(recipe_id, cook_id) VALUES (74, 61);
INSERT INTO recipe_cook(recipe_id, cook_id) VALUES (74, 193);
INSERT INTO recipe_cook(recipe_id, cook_id) VALUES (74, 147);
INSERT INTO recipe_cook(recipe_id, cook_id) VALUES (74, 90);
INSERT INTO recipe_cook(recipe_id, cook_id) VALUES (74, 53);
INSERT INTO recipe_cook(recipe_id, cook_id) VALUES (74, 157);
INSERT INTO recipe_cook(recipe_id, cook_id) VALUES (74, 44);
INSERT INTO recipe_cook(recipe_id, cook_id) VALUES (74, 27);
INSERT INTO recipe_cook(recipe_id, cook_id) VALUES (74, 41);
INSERT INTO recipe_cook(recipe_id, cook_id) VALUES (74, 115);
INSERT INTO recipe_cook(recipe_id, cook_id) VALUES (74, 185);
INSERT INTO recipe_cook(recipe_id, cook_id) VALUES (74, 20);
INSERT INTO recipe_cook(recipe_id, cook_id) VALUES (74, 60);
INSERT INTO recipe_cook(recipe_id, cook_id) VALUES (74, 163);
INSERT INTO recipe_cook(recipe_id, cook_id) VALUES (74, 101);
INSERT INTO recipe_cook(recipe_id, cook_id) VALUES (74, 149);
INSERT INTO recipe_cook(recipe_id, cook_id) VALUES (74, 95);
INSERT INTO recipe_cook(recipe_id, cook_id) VALUES (74, 146);
INSERT INTO recipe_cook(recipe_id, cook_id) VALUES (74, 162);
INSERT INTO recipe_cook(recipe_id, cook_id) VALUES (74, 164);
INSERT INTO recipe_cook(recipe_id, cook_id) VALUES (74, 104);
INSERT INTO recipe_cook(recipe_id, cook_id) VALUES (74, 52);
INSERT INTO recipe_cook(recipe_id, cook_id) VALUES (74, 140);
INSERT INTO recipe_cook(recipe_id, cook_id) VALUES (74, 116);
INSERT INTO recipe_cook(recipe_id, cook_id) VALUES (74, 168);
INSERT INTO recipe_cook(recipe_id, cook_id) VALUES (74, 120);
INSERT INTO recipe_cook(recipe_id, cook_id) VALUES (74, 153);
INSERT INTO recipe_cook(recipe_id, cook_id) VALUES (74, 150);
INSERT INTO recipe_cook(recipe_id, cook_id) VALUES (74, 18);
INSERT INTO recipe_cook(recipe_id, cook_id) VALUES (74, 130);
INSERT INTO recipe_cook(recipe_id, cook_id) VALUES (74, 169);
INSERT INTO recipe_cook(recipe_id, cook_id) VALUES (74, 51);
INSERT INTO recipe_cook(recipe_id, cook_id) VALUES (74, 191);
INSERT INTO recipe_cook(recipe_id, cook_id) VALUES (74, 128);
INSERT INTO recipe_cook(recipe_id, cook_id) VALUES (74, 156);
INSERT INTO recipe_cook(recipe_id, cook_id) VALUES (74, 96);
INSERT INTO recipe_theme(recipe_id, theme_id) VALUES (74, 12);
INSERT INTO recipe_tip(recipe_id, tip_id) VALUES (74, 27);
INSERT INTO recipe_tip(recipe_id, tip_id) VALUES (74, 15);

INSERT INTO recipe(baking, cuisine_id, difficulty, title, recipe_description, prep_time, cook_time, portions, fat_portion, protein_portion, carbo_portion, picture, picture_description) VALUES(0, 9, 3,'Clam Chowder', 'Little enter five floor. Reflect really himself.', 55, 30, 3, 50, 40,0, 'https://placekitten.com/814/67', 'Here last nature.');
INSERT INTO recipe_meal_type(recipe_id, meal_type_id) VALUES (75, 6);
INSERT INTO recipe_tag(recipe_id, tag_id) VALUES (75, 50);
INSERT INTO recipe_tag(recipe_id, tag_id) VALUES (75, 24);
INSERT INTO recipe_equipment(recipe_id, equipment_id, num) VALUES (75, 4, 1);
INSERT INTO recipe_equipment(recipe_id, equipment_id, num) VALUES (75, 20, 2);
INSERT INTO recipe_equipment(recipe_id, equipment_id, num) VALUES (75, 11, 2);
INSERT INTO recipe_equipment(recipe_id, equipment_id, num) VALUES (75, 16, 3);
INSERT INTO recipe_equipment(recipe_id, equipment_id, num) VALUES (75, 7, 2);
INSERT INTO recipe_equipment(recipe_id, equipment_id, num) VALUES (75, 10, 2);
INSERT INTO recipe_cook(recipe_id, cook_id) VALUES (75, 9);
INSERT INTO recipe_cook(recipe_id, cook_id) VALUES (75, 136);
INSERT INTO recipe_cook(recipe_id, cook_id) VALUES (75, 20);
INSERT INTO recipe_cook(recipe_id, cook_id) VALUES (75, 78);
INSERT INTO recipe_cook(recipe_id, cook_id) VALUES (75, 54);
INSERT INTO recipe_cook(recipe_id, cook_id) VALUES (75, 66);
INSERT INTO recipe_cook(recipe_id, cook_id) VALUES (75, 69);
INSERT INTO recipe_cook(recipe_id, cook_id) VALUES (75, 114);
INSERT INTO recipe_cook(recipe_id, cook_id) VALUES (75, 5);
INSERT INTO recipe_cook(recipe_id, cook_id) VALUES (75, 43);
INSERT INTO recipe_cook(recipe_id, cook_id) VALUES (75, 60);
INSERT INTO recipe_cook(recipe_id, cook_id) VALUES (75, 127);
INSERT INTO recipe_cook(recipe_id, cook_id) VALUES (75, 97);
INSERT INTO recipe_cook(recipe_id, cook_id) VALUES (75, 29);
INSERT INTO recipe_cook(recipe_id, cook_id) VALUES (75, 149);
INSERT INTO recipe_cook(recipe_id, cook_id) VALUES (75, 151);
INSERT INTO recipe_cook(recipe_id, cook_id) VALUES (75, 99);
INSERT INTO recipe_cook(recipe_id, cook_id) VALUES (75, 96);
INSERT INTO recipe_cook(recipe_id, cook_id) VALUES (75, 177);
INSERT INTO recipe_cook(recipe_id, cook_id) VALUES (75, 162);
INSERT INTO recipe_cook(recipe_id, cook_id) VALUES (75, 181);
INSERT INTO recipe_cook(recipe_id, cook_id) VALUES (75, 75);
INSERT INTO recipe_cook(recipe_id, cook_id) VALUES (75, 40);
INSERT INTO recipe_cook(recipe_id, cook_id) VALUES (75, 58);
INSERT INTO recipe_cook(recipe_id, cook_id) VALUES (75, 42);
INSERT INTO recipe_cook(recipe_id, cook_id) VALUES (75, 35);
INSERT INTO recipe_cook(recipe_id, cook_id) VALUES (75, 106);
INSERT INTO recipe_cook(recipe_id, cook_id) VALUES (75, 196);
INSERT INTO recipe_cook(recipe_id, cook_id) VALUES (75, 30);
INSERT INTO recipe_cook(recipe_id, cook_id) VALUES (75, 7);
INSERT INTO recipe_cook(recipe_id, cook_id) VALUES (75, 168);
INSERT INTO recipe_cook(recipe_id, cook_id) VALUES (75, 176);
INSERT INTO recipe_cook(recipe_id, cook_id) VALUES (75, 67);
INSERT INTO recipe_cook(recipe_id, cook_id) VALUES (75, 68);
INSERT INTO recipe_cook(recipe_id, cook_id) VALUES (75, 90);
INSERT INTO recipe_cook(recipe_id, cook_id) VALUES (75, 112);
INSERT INTO recipe_cook(recipe_id, cook_id) VALUES (75, 133);
INSERT INTO recipe_cook(recipe_id, cook_id) VALUES (75, 64);
INSERT INTO recipe_cook(recipe_id, cook_id) VALUES (75, 131);
INSERT INTO recipe_cook(recipe_id, cook_id) VALUES (75, 148);
INSERT INTO recipe_cook(recipe_id, cook_id) VALUES (75, 80);
INSERT INTO recipe_cook(recipe_id, cook_id) VALUES (75, 61);
INSERT INTO recipe_cook(recipe_id, cook_id) VALUES (75, 107);
INSERT INTO recipe_cook(recipe_id, cook_id) VALUES (75, 142);
INSERT INTO recipe_cook(recipe_id, cook_id) VALUES (75, 192);
INSERT INTO recipe_cook(recipe_id, cook_id) VALUES (75, 86);
INSERT INTO recipe_cook(recipe_id, cook_id) VALUES (75, 126);
INSERT INTO recipe_cook(recipe_id, cook_id) VALUES (75, 102);
INSERT INTO recipe_cook(recipe_id, cook_id) VALUES (75, 152);
INSERT INTO recipe_cook(recipe_id, cook_id) VALUES (75, 77);
INSERT INTO recipe_cook(recipe_id, cook_id) VALUES (75, 109);
INSERT INTO recipe_cook(recipe_id, cook_id) VALUES (75, 116);
INSERT INTO recipe_cook(recipe_id, cook_id) VALUES (75, 37);
INSERT INTO recipe_cook(recipe_id, cook_id) VALUES (75, 34);
INSERT INTO recipe_cook(recipe_id, cook_id) VALUES (75, 174);
INSERT INTO recipe_cook(recipe_id, cook_id) VALUES (75, 191);
INSERT INTO recipe_cook(recipe_id, cook_id) VALUES (75, 158);
INSERT INTO recipe_cook(recipe_id, cook_id) VALUES (75, 135);
INSERT INTO recipe_cook(recipe_id, cook_id) VALUES (75, 139);
INSERT INTO recipe_cook(recipe_id, cook_id) VALUES (75, 24);
INSERT INTO recipe_cook(recipe_id, cook_id) VALUES (75, 186);
INSERT INTO recipe_cook(recipe_id, cook_id) VALUES (75, 31);
INSERT INTO recipe_cook(recipe_id, cook_id) VALUES (75, 145);
INSERT INTO recipe_cook(recipe_id, cook_id) VALUES (75, 46);
INSERT INTO recipe_cook(recipe_id, cook_id) VALUES (75, 180);
INSERT INTO recipe_cook(recipe_id, cook_id) VALUES (75, 159);
INSERT INTO recipe_cook(recipe_id, cook_id) VALUES (75, 123);
INSERT INTO recipe_cook(recipe_id, cook_id) VALUES (75, 121);
INSERT INTO recipe_cook(recipe_id, cook_id) VALUES (75, 194);
INSERT INTO recipe_cook(recipe_id, cook_id) VALUES (75, 197);
INSERT INTO recipe_cook(recipe_id, cook_id) VALUES (75, 146);
INSERT INTO recipe_cook(recipe_id, cook_id) VALUES (75, 22);
INSERT INTO recipe_cook(recipe_id, cook_id) VALUES (75, 132);
INSERT INTO recipe_cook(recipe_id, cook_id) VALUES (75, 63);
INSERT INTO recipe_cook(recipe_id, cook_id) VALUES (75, 15);
INSERT INTO recipe_cook(recipe_id, cook_id) VALUES (75, 113);
INSERT INTO recipe_cook(recipe_id, cook_id) VALUES (75, 144);
INSERT INTO recipe_cook(recipe_id, cook_id) VALUES (75, 8);
INSERT INTO recipe_cook(recipe_id, cook_id) VALUES (75, 51);
INSERT INTO recipe_cook(recipe_id, cook_id) VALUES (75, 193);
INSERT INTO recipe_cook(recipe_id, cook_id) VALUES (75, 36);
INSERT INTO recipe_cook(recipe_id, cook_id) VALUES (75, 91);
INSERT INTO recipe_cook(recipe_id, cook_id) VALUES (75, 185);
INSERT INTO recipe_cook(recipe_id, cook_id) VALUES (75, 50);
INSERT INTO recipe_cook(recipe_id, cook_id) VALUES (75, 16);
INSERT INTO recipe_cook(recipe_id, cook_id) VALUES (75, 134);
INSERT INTO recipe_cook(recipe_id, cook_id) VALUES (75, 117);
INSERT INTO recipe_cook(recipe_id, cook_id) VALUES (75, 138);
INSERT INTO recipe_cook(recipe_id, cook_id) VALUES (75, 82);
INSERT INTO recipe_cook(recipe_id, cook_id) VALUES (75, 95);
INSERT INTO recipe_cook(recipe_id, cook_id) VALUES (75, 156);
INSERT INTO recipe_cook(recipe_id, cook_id) VALUES (75, 140);
INSERT INTO recipe_cook(recipe_id, cook_id) VALUES (75, 161);
INSERT INTO recipe_cook(recipe_id, cook_id) VALUES (75, 93);
INSERT INTO recipe_cook(recipe_id, cook_id) VALUES (75, 72);
INSERT INTO recipe_cook(recipe_id, cook_id) VALUES (75, 195);
INSERT INTO recipe_cook(recipe_id, cook_id) VALUES (75, 164);
INSERT INTO recipe_cook(recipe_id, cook_id) VALUES (75, 27);
INSERT INTO recipe_theme(recipe_id, theme_id) VALUES (75, 34);
INSERT INTO recipe_theme(recipe_id, theme_id) VALUES (75, 13);
INSERT INTO recipe_tip(recipe_id, tip_id) VALUES (75, 11);
INSERT INTO recipe_tip(recipe_id, tip_id) VALUES (75, 37);

INSERT INTO recipe(baking, cuisine_id, difficulty, title, recipe_description, prep_time, cook_time, portions, fat_portion, protein_portion, carbo_portion, picture, picture_description) VALUES(0, 23, 4,'Macaroni Salad', 'Commercial only kind. Officer our consumer surface office around soon. Much firm majority more apply college Mrs. Beyond imagine improve south recent. Professor share radio fish hair.', 125, 40, 1, 55, 35,5, 'https://placekitten.com/499/368', 'Material live figure role.');
INSERT INTO recipe_meal_type(recipe_id, meal_type_id) VALUES (76, 1);
INSERT INTO recipe_tag(recipe_id, tag_id) VALUES (76, 54);
INSERT INTO recipe_tag(recipe_id, tag_id) VALUES (76, 40);
INSERT INTO recipe_tag(recipe_id, tag_id) VALUES (76, 60);
INSERT INTO recipe_equipment(recipe_id, equipment_id, num) VALUES (76, 20, 3);
INSERT INTO recipe_equipment(recipe_id, equipment_id, num) VALUES (76, 12, 1);
INSERT INTO recipe_equipment(recipe_id, equipment_id, num) VALUES (76, 15, 2);
INSERT INTO recipe_equipment(recipe_id, equipment_id, num) VALUES (76, 2, 1);
INSERT INTO recipe_cook(recipe_id, cook_id) VALUES (76, 165);
INSERT INTO recipe_cook(recipe_id, cook_id) VALUES (76, 86);
INSERT INTO recipe_cook(recipe_id, cook_id) VALUES (76, 71);
INSERT INTO recipe_cook(recipe_id, cook_id) VALUES (76, 168);
INSERT INTO recipe_cook(recipe_id, cook_id) VALUES (76, 84);
INSERT INTO recipe_cook(recipe_id, cook_id) VALUES (76, 64);
INSERT INTO recipe_cook(recipe_id, cook_id) VALUES (76, 94);
INSERT INTO recipe_cook(recipe_id, cook_id) VALUES (76, 152);
INSERT INTO recipe_cook(recipe_id, cook_id) VALUES (76, 34);
INSERT INTO recipe_cook(recipe_id, cook_id) VALUES (76, 69);
INSERT INTO recipe_cook(recipe_id, cook_id) VALUES (76, 132);
INSERT INTO recipe_cook(recipe_id, cook_id) VALUES (76, 167);
INSERT INTO recipe_cook(recipe_id, cook_id) VALUES (76, 48);
INSERT INTO recipe_cook(recipe_id, cook_id) VALUES (76, 163);
INSERT INTO recipe_cook(recipe_id, cook_id) VALUES (76, 91);
INSERT INTO recipe_cook(recipe_id, cook_id) VALUES (76, 173);
INSERT INTO recipe_cook(recipe_id, cook_id) VALUES (76, 8);
INSERT INTO recipe_cook(recipe_id, cook_id) VALUES (76, 182);
INSERT INTO recipe_cook(recipe_id, cook_id) VALUES (76, 47);
INSERT INTO recipe_cook(recipe_id, cook_id) VALUES (76, 194);
INSERT INTO recipe_cook(recipe_id, cook_id) VALUES (76, 73);
INSERT INTO recipe_cook(recipe_id, cook_id) VALUES (76, 89);
INSERT INTO recipe_cook(recipe_id, cook_id) VALUES (76, 12);
INSERT INTO recipe_cook(recipe_id, cook_id) VALUES (76, 67);
INSERT INTO recipe_cook(recipe_id, cook_id) VALUES (76, 46);
INSERT INTO recipe_cook(recipe_id, cook_id) VALUES (76, 78);
INSERT INTO recipe_cook(recipe_id, cook_id) VALUES (76, 16);
INSERT INTO recipe_cook(recipe_id, cook_id) VALUES (76, 61);
INSERT INTO recipe_cook(recipe_id, cook_id) VALUES (76, 129);
INSERT INTO recipe_cook(recipe_id, cook_id) VALUES (76, 166);
INSERT INTO recipe_cook(recipe_id, cook_id) VALUES (76, 176);
INSERT INTO recipe_cook(recipe_id, cook_id) VALUES (76, 200);
INSERT INTO recipe_cook(recipe_id, cook_id) VALUES (76, 97);
INSERT INTO recipe_cook(recipe_id, cook_id) VALUES (76, 135);
INSERT INTO recipe_cook(recipe_id, cook_id) VALUES (76, 153);
INSERT INTO recipe_cook(recipe_id, cook_id) VALUES (76, 145);
INSERT INTO recipe_cook(recipe_id, cook_id) VALUES (76, 92);
INSERT INTO recipe_cook(recipe_id, cook_id) VALUES (76, 36);
INSERT INTO recipe_cook(recipe_id, cook_id) VALUES (76, 174);
INSERT INTO recipe_cook(recipe_id, cook_id) VALUES (76, 187);
INSERT INTO recipe_cook(recipe_id, cook_id) VALUES (76, 186);
INSERT INTO recipe_cook(recipe_id, cook_id) VALUES (76, 19);
INSERT INTO recipe_cook(recipe_id, cook_id) VALUES (76, 181);
INSERT INTO recipe_cook(recipe_id, cook_id) VALUES (76, 9);
INSERT INTO recipe_cook(recipe_id, cook_id) VALUES (76, 164);
INSERT INTO recipe_cook(recipe_id, cook_id) VALUES (76, 70);
INSERT INTO recipe_cook(recipe_id, cook_id) VALUES (76, 33);
INSERT INTO recipe_cook(recipe_id, cook_id) VALUES (76, 155);
INSERT INTO recipe_cook(recipe_id, cook_id) VALUES (76, 43);
INSERT INTO recipe_cook(recipe_id, cook_id) VALUES (76, 66);
INSERT INTO recipe_cook(recipe_id, cook_id) VALUES (76, 65);
INSERT INTO recipe_cook(recipe_id, cook_id) VALUES (76, 106);
INSERT INTO recipe_cook(recipe_id, cook_id) VALUES (76, 189);
INSERT INTO recipe_cook(recipe_id, cook_id) VALUES (76, 199);
INSERT INTO recipe_cook(recipe_id, cook_id) VALUES (76, 143);
INSERT INTO recipe_cook(recipe_id, cook_id) VALUES (76, 11);
INSERT INTO recipe_cook(recipe_id, cook_id) VALUES (76, 161);
INSERT INTO recipe_cook(recipe_id, cook_id) VALUES (76, 193);
INSERT INTO recipe_cook(recipe_id, cook_id) VALUES (76, 138);
INSERT INTO recipe_cook(recipe_id, cook_id) VALUES (76, 196);
INSERT INTO recipe_cook(recipe_id, cook_id) VALUES (76, 23);
INSERT INTO recipe_cook(recipe_id, cook_id) VALUES (76, 28);
INSERT INTO recipe_cook(recipe_id, cook_id) VALUES (76, 101);
INSERT INTO recipe_cook(recipe_id, cook_id) VALUES (76, 107);
INSERT INTO recipe_cook(recipe_id, cook_id) VALUES (76, 108);
INSERT INTO recipe_theme(recipe_id, theme_id) VALUES (76, 5);
INSERT INTO recipe_theme(recipe_id, theme_id) VALUES (76, 22);
INSERT INTO recipe_tip(recipe_id, tip_id) VALUES (76, 16);

INSERT INTO recipe(baking, cuisine_id, difficulty, title, recipe_description, prep_time, cook_time, portions, fat_portion, protein_portion, carbo_portion, picture, picture_description) VALUES(1, 15, 5,'Spaghetti Carbonara', 'Authority material page feel available finish. Region big individual catch firm who.', 65, 120, 4, 15, 20,70, 'https://placekitten.com/5/905', 'Minute media reflect yet south feel.');
INSERT INTO recipe_meal_type(recipe_id, meal_type_id) VALUES (77, 1);
INSERT INTO recipe_tag(recipe_id, tag_id) VALUES (77, 52);
INSERT INTO recipe_tag(recipe_id, tag_id) VALUES (77, 50);
INSERT INTO recipe_tag(recipe_id, tag_id) VALUES (77, 18);
INSERT INTO recipe_tag(recipe_id, tag_id) VALUES (77, 1);
INSERT INTO recipe_tag(recipe_id, tag_id) VALUES (77, 98);
INSERT INTO recipe_tag(recipe_id, tag_id) VALUES (77, 13);
INSERT INTO recipe_equipment(recipe_id, equipment_id, num) VALUES (77, 2, 1);
INSERT INTO recipe_equipment(recipe_id, equipment_id, num) VALUES (77, 3, 4);
INSERT INTO recipe_equipment(recipe_id, equipment_id, num) VALUES (77, 8, 1);
INSERT INTO recipe_equipment(recipe_id, equipment_id, num) VALUES (77, 17, 4);
INSERT INTO recipe_cook(recipe_id, cook_id) VALUES (77, 50);
INSERT INTO recipe_cook(recipe_id, cook_id) VALUES (77, 78);
INSERT INTO recipe_cook(recipe_id, cook_id) VALUES (77, 102);
INSERT INTO recipe_cook(recipe_id, cook_id) VALUES (77, 10);
INSERT INTO recipe_cook(recipe_id, cook_id) VALUES (77, 154);
INSERT INTO recipe_cook(recipe_id, cook_id) VALUES (77, 120);
INSERT INTO recipe_cook(recipe_id, cook_id) VALUES (77, 84);
INSERT INTO recipe_cook(recipe_id, cook_id) VALUES (77, 128);
INSERT INTO recipe_cook(recipe_id, cook_id) VALUES (77, 108);
INSERT INTO recipe_cook(recipe_id, cook_id) VALUES (77, 92);
INSERT INTO recipe_cook(recipe_id, cook_id) VALUES (77, 26);
INSERT INTO recipe_cook(recipe_id, cook_id) VALUES (77, 55);
INSERT INTO recipe_cook(recipe_id, cook_id) VALUES (77, 2);
INSERT INTO recipe_cook(recipe_id, cook_id) VALUES (77, 81);
INSERT INTO recipe_cook(recipe_id, cook_id) VALUES (77, 143);
INSERT INTO recipe_cook(recipe_id, cook_id) VALUES (77, 160);
INSERT INTO recipe_cook(recipe_id, cook_id) VALUES (77, 77);
INSERT INTO recipe_cook(recipe_id, cook_id) VALUES (77, 1);
INSERT INTO recipe_cook(recipe_id, cook_id) VALUES (77, 89);
INSERT INTO recipe_cook(recipe_id, cook_id) VALUES (77, 16);
INSERT INTO recipe_cook(recipe_id, cook_id) VALUES (77, 145);
INSERT INTO recipe_cook(recipe_id, cook_id) VALUES (77, 31);
INSERT INTO recipe_cook(recipe_id, cook_id) VALUES (77, 40);
INSERT INTO recipe_cook(recipe_id, cook_id) VALUES (77, 24);
INSERT INTO recipe_cook(recipe_id, cook_id) VALUES (77, 51);
INSERT INTO recipe_cook(recipe_id, cook_id) VALUES (77, 59);
INSERT INTO recipe_cook(recipe_id, cook_id) VALUES (77, 97);
INSERT INTO recipe_cook(recipe_id, cook_id) VALUES (77, 20);
INSERT INTO recipe_cook(recipe_id, cook_id) VALUES (77, 22);
INSERT INTO recipe_cook(recipe_id, cook_id) VALUES (77, 96);
INSERT INTO recipe_cook(recipe_id, cook_id) VALUES (77, 116);
INSERT INTO recipe_cook(recipe_id, cook_id) VALUES (77, 181);
INSERT INTO recipe_cook(recipe_id, cook_id) VALUES (77, 94);
INSERT INTO recipe_cook(recipe_id, cook_id) VALUES (77, 179);
INSERT INTO recipe_cook(recipe_id, cook_id) VALUES (77, 34);
INSERT INTO recipe_cook(recipe_id, cook_id) VALUES (77, 178);
INSERT INTO recipe_cook(recipe_id, cook_id) VALUES (77, 159);
INSERT INTO recipe_cook(recipe_id, cook_id) VALUES (77, 188);
INSERT INTO recipe_cook(recipe_id, cook_id) VALUES (77, 136);
INSERT INTO recipe_cook(recipe_id, cook_id) VALUES (77, 183);
INSERT INTO recipe_cook(recipe_id, cook_id) VALUES (77, 164);
INSERT INTO recipe_cook(recipe_id, cook_id) VALUES (77, 169);
INSERT INTO recipe_cook(recipe_id, cook_id) VALUES (77, 38);
INSERT INTO recipe_cook(recipe_id, cook_id) VALUES (77, 133);
INSERT INTO recipe_cook(recipe_id, cook_id) VALUES (77, 85);
INSERT INTO recipe_cook(recipe_id, cook_id) VALUES (77, 129);
INSERT INTO recipe_cook(recipe_id, cook_id) VALUES (77, 118);
INSERT INTO recipe_cook(recipe_id, cook_id) VALUES (77, 150);
INSERT INTO recipe_cook(recipe_id, cook_id) VALUES (77, 185);
INSERT INTO recipe_cook(recipe_id, cook_id) VALUES (77, 144);
INSERT INTO recipe_cook(recipe_id, cook_id) VALUES (77, 47);
INSERT INTO recipe_cook(recipe_id, cook_id) VALUES (77, 132);
INSERT INTO recipe_cook(recipe_id, cook_id) VALUES (77, 70);
INSERT INTO recipe_cook(recipe_id, cook_id) VALUES (77, 13);
INSERT INTO recipe_cook(recipe_id, cook_id) VALUES (77, 112);
INSERT INTO recipe_cook(recipe_id, cook_id) VALUES (77, 8);
INSERT INTO recipe_cook(recipe_id, cook_id) VALUES (77, 191);
INSERT INTO recipe_cook(recipe_id, cook_id) VALUES (77, 195);
INSERT INTO recipe_cook(recipe_id, cook_id) VALUES (77, 30);
INSERT INTO recipe_cook(recipe_id, cook_id) VALUES (77, 192);
INSERT INTO recipe_cook(recipe_id, cook_id) VALUES (77, 161);
INSERT INTO recipe_cook(recipe_id, cook_id) VALUES (77, 12);
INSERT INTO recipe_cook(recipe_id, cook_id) VALUES (77, 175);
INSERT INTO recipe_cook(recipe_id, cook_id) VALUES (77, 170);
INSERT INTO recipe_cook(recipe_id, cook_id) VALUES (77, 114);
INSERT INTO recipe_cook(recipe_id, cook_id) VALUES (77, 35);
INSERT INTO recipe_cook(recipe_id, cook_id) VALUES (77, 177);
INSERT INTO recipe_cook(recipe_id, cook_id) VALUES (77, 137);
INSERT INTO recipe_cook(recipe_id, cook_id) VALUES (77, 158);
INSERT INTO recipe_cook(recipe_id, cook_id) VALUES (77, 105);
INSERT INTO recipe_cook(recipe_id, cook_id) VALUES (77, 152);
INSERT INTO recipe_cook(recipe_id, cook_id) VALUES (77, 106);
INSERT INTO recipe_cook(recipe_id, cook_id) VALUES (77, 15);
INSERT INTO recipe_cook(recipe_id, cook_id) VALUES (77, 41);
INSERT INTO recipe_cook(recipe_id, cook_id) VALUES (77, 113);
INSERT INTO recipe_cook(recipe_id, cook_id) VALUES (77, 72);
INSERT INTO recipe_cook(recipe_id, cook_id) VALUES (77, 135);
INSERT INTO recipe_cook(recipe_id, cook_id) VALUES (77, 17);
INSERT INTO recipe_cook(recipe_id, cook_id) VALUES (77, 163);
INSERT INTO recipe_cook(recipe_id, cook_id) VALUES (77, 56);
INSERT INTO recipe_cook(recipe_id, cook_id) VALUES (77, 42);
INSERT INTO recipe_cook(recipe_id, cook_id) VALUES (77, 200);
INSERT INTO recipe_cook(recipe_id, cook_id) VALUES (77, 75);
INSERT INTO recipe_cook(recipe_id, cook_id) VALUES (77, 18);
INSERT INTO recipe_cook(recipe_id, cook_id) VALUES (77, 127);
INSERT INTO recipe_cook(recipe_id, cook_id) VALUES (77, 194);
INSERT INTO recipe_cook(recipe_id, cook_id) VALUES (77, 86);
INSERT INTO recipe_cook(recipe_id, cook_id) VALUES (77, 68);
INSERT INTO recipe_cook(recipe_id, cook_id) VALUES (77, 29);
INSERT INTO recipe_cook(recipe_id, cook_id) VALUES (77, 134);
INSERT INTO recipe_cook(recipe_id, cook_id) VALUES (77, 187);
INSERT INTO recipe_cook(recipe_id, cook_id) VALUES (77, 45);
INSERT INTO recipe_cook(recipe_id, cook_id) VALUES (77, 52);
INSERT INTO recipe_cook(recipe_id, cook_id) VALUES (77, 190);
INSERT INTO recipe_cook(recipe_id, cook_id) VALUES (77, 139);
INSERT INTO recipe_cook(recipe_id, cook_id) VALUES (77, 57);
INSERT INTO recipe_cook(recipe_id, cook_id) VALUES (77, 71);
INSERT INTO recipe_cook(recipe_id, cook_id) VALUES (77, 117);
INSERT INTO recipe_cook(recipe_id, cook_id) VALUES (77, 121);
INSERT INTO recipe_cook(recipe_id, cook_id) VALUES (77, 142);
INSERT INTO recipe_cook(recipe_id, cook_id) VALUES (77, 3);
INSERT INTO recipe_cook(recipe_id, cook_id) VALUES (77, 186);
INSERT INTO recipe_cook(recipe_id, cook_id) VALUES (77, 28);
INSERT INTO recipe_cook(recipe_id, cook_id) VALUES (77, 196);
INSERT INTO recipe_cook(recipe_id, cook_id) VALUES (77, 32);
INSERT INTO recipe_cook(recipe_id, cook_id) VALUES (77, 37);
INSERT INTO recipe_cook(recipe_id, cook_id) VALUES (77, 182);
INSERT INTO recipe_cook(recipe_id, cook_id) VALUES (77, 103);
INSERT INTO recipe_cook(recipe_id, cook_id) VALUES (77, 122);
INSERT INTO recipe_cook(recipe_id, cook_id) VALUES (77, 107);
INSERT INTO recipe_cook(recipe_id, cook_id) VALUES (77, 58);
INSERT INTO recipe_cook(recipe_id, cook_id) VALUES (77, 125);
INSERT INTO recipe_cook(recipe_id, cook_id) VALUES (77, 69);
INSERT INTO recipe_cook(recipe_id, cook_id) VALUES (77, 74);
INSERT INTO recipe_cook(recipe_id, cook_id) VALUES (77, 90);
INSERT INTO recipe_cook(recipe_id, cook_id) VALUES (77, 111);
INSERT INTO recipe_cook(recipe_id, cook_id) VALUES (77, 76);
INSERT INTO recipe_cook(recipe_id, cook_id) VALUES (77, 130);
INSERT INTO recipe_cook(recipe_id, cook_id) VALUES (77, 53);
INSERT INTO recipe_cook(recipe_id, cook_id) VALUES (77, 43);
INSERT INTO recipe_cook(recipe_id, cook_id) VALUES (77, 11);
INSERT INTO recipe_cook(recipe_id, cook_id) VALUES (77, 46);
INSERT INTO recipe_cook(recipe_id, cook_id) VALUES (77, 146);
INSERT INTO recipe_cook(recipe_id, cook_id) VALUES (77, 180);
INSERT INTO recipe_cook(recipe_id, cook_id) VALUES (77, 23);
INSERT INTO recipe_cook(recipe_id, cook_id) VALUES (77, 172);
INSERT INTO recipe_cook(recipe_id, cook_id) VALUES (77, 141);
INSERT INTO recipe_cook(recipe_id, cook_id) VALUES (77, 166);
INSERT INTO recipe_cook(recipe_id, cook_id) VALUES (77, 9);
INSERT INTO recipe_cook(recipe_id, cook_id) VALUES (77, 87);
INSERT INTO recipe_cook(recipe_id, cook_id) VALUES (77, 93);
INSERT INTO recipe_cook(recipe_id, cook_id) VALUES (77, 66);
INSERT INTO recipe_cook(recipe_id, cook_id) VALUES (77, 199);
INSERT INTO recipe_cook(recipe_id, cook_id) VALUES (77, 167);
INSERT INTO recipe_cook(recipe_id, cook_id) VALUES (77, 171);
INSERT INTO recipe_cook(recipe_id, cook_id) VALUES (77, 100);
INSERT INTO recipe_cook(recipe_id, cook_id) VALUES (77, 151);
INSERT INTO recipe_cook(recipe_id, cook_id) VALUES (77, 60);
INSERT INTO recipe_cook(recipe_id, cook_id) VALUES (77, 95);
INSERT INTO recipe_cook(recipe_id, cook_id) VALUES (77, 65);
INSERT INTO recipe_cook(recipe_id, cook_id) VALUES (77, 156);
INSERT INTO recipe_cook(recipe_id, cook_id) VALUES (77, 19);
INSERT INTO recipe_cook(recipe_id, cook_id) VALUES (77, 189);
INSERT INTO recipe_cook(recipe_id, cook_id) VALUES (77, 149);
INSERT INTO recipe_cook(recipe_id, cook_id) VALUES (77, 119);
INSERT INTO recipe_cook(recipe_id, cook_id) VALUES (77, 54);
INSERT INTO recipe_cook(recipe_id, cook_id) VALUES (77, 7);
INSERT INTO recipe_cook(recipe_id, cook_id) VALUES (77, 165);
INSERT INTO recipe_cook(recipe_id, cook_id) VALUES (77, 155);
INSERT INTO recipe_cook(recipe_id, cook_id) VALUES (77, 174);
INSERT INTO recipe_cook(recipe_id, cook_id) VALUES (77, 14);
INSERT INTO recipe_cook(recipe_id, cook_id) VALUES (77, 61);
INSERT INTO recipe_cook(recipe_id, cook_id) VALUES (77, 44);
INSERT INTO recipe_cook(recipe_id, cook_id) VALUES (77, 157);
INSERT INTO recipe_cook(recipe_id, cook_id) VALUES (77, 5);
INSERT INTO recipe_cook(recipe_id, cook_id) VALUES (77, 62);
INSERT INTO recipe_cook(recipe_id, cook_id) VALUES (77, 48);
INSERT INTO recipe_cook(recipe_id, cook_id) VALUES (77, 153);
INSERT INTO recipe_cook(recipe_id, cook_id) VALUES (77, 147);
INSERT INTO recipe_cook(recipe_id, cook_id) VALUES (77, 79);
INSERT INTO recipe_cook(recipe_id, cook_id) VALUES (77, 67);
INSERT INTO recipe_cook(recipe_id, cook_id) VALUES (77, 80);
INSERT INTO recipe_cook(recipe_id, cook_id) VALUES (77, 39);
INSERT INTO recipe_cook(recipe_id, cook_id) VALUES (77, 109);
INSERT INTO recipe_cook(recipe_id, cook_id) VALUES (77, 82);
INSERT INTO recipe_cook(recipe_id, cook_id) VALUES (77, 49);
INSERT INTO recipe_cook(recipe_id, cook_id) VALUES (77, 25);
INSERT INTO recipe_cook(recipe_id, cook_id) VALUES (77, 64);
INSERT INTO recipe_theme(recipe_id, theme_id) VALUES (77, 8);
INSERT INTO recipe_theme(recipe_id, theme_id) VALUES (77, 31);
INSERT INTO recipe_tip(recipe_id, tip_id) VALUES (77, 23);
INSERT INTO recipe_tip(recipe_id, tip_id) VALUES (77, 28);
INSERT INTO recipe_tip(recipe_id, tip_id) VALUES (77, 25);

INSERT INTO recipe(baking, cuisine_id, difficulty, title, recipe_description, prep_time, cook_time, portions, fat_portion, protein_portion, carbo_portion, picture, picture_description) VALUES(0, 48, 3,'Greek Salad', 'While price central he your out. Money evening opportunity military item candidate around mention.', 85, 110, 2, 30, 5,5, 'https://dummyimage.com/351x697', 'Western financial ever six sit spring.');
INSERT INTO recipe_meal_type(recipe_id, meal_type_id) VALUES (78, 3);
INSERT INTO recipe_tag(recipe_id, tag_id) VALUES (78, 50);
INSERT INTO recipe_tag(recipe_id, tag_id) VALUES (78, 77);
INSERT INTO recipe_equipment(recipe_id, equipment_id, num) VALUES (78, 4, 2);
INSERT INTO recipe_equipment(recipe_id, equipment_id, num) VALUES (78, 18, 4);
INSERT INTO recipe_equipment(recipe_id, equipment_id, num) VALUES (78, 15, 3);
INSERT INTO recipe_cook(recipe_id, cook_id) VALUES (78, 68);
INSERT INTO recipe_cook(recipe_id, cook_id) VALUES (78, 197);
INSERT INTO recipe_cook(recipe_id, cook_id) VALUES (78, 7);
INSERT INTO recipe_cook(recipe_id, cook_id) VALUES (78, 163);
INSERT INTO recipe_cook(recipe_id, cook_id) VALUES (78, 1);
INSERT INTO recipe_cook(recipe_id, cook_id) VALUES (78, 102);
INSERT INTO recipe_cook(recipe_id, cook_id) VALUES (78, 185);
INSERT INTO recipe_cook(recipe_id, cook_id) VALUES (78, 90);
INSERT INTO recipe_cook(recipe_id, cook_id) VALUES (78, 142);
INSERT INTO recipe_cook(recipe_id, cook_id) VALUES (78, 161);
INSERT INTO recipe_cook(recipe_id, cook_id) VALUES (78, 200);
INSERT INTO recipe_cook(recipe_id, cook_id) VALUES (78, 91);
INSERT INTO recipe_cook(recipe_id, cook_id) VALUES (78, 44);
INSERT INTO recipe_cook(recipe_id, cook_id) VALUES (78, 136);
INSERT INTO recipe_cook(recipe_id, cook_id) VALUES (78, 101);
INSERT INTO recipe_cook(recipe_id, cook_id) VALUES (78, 21);
INSERT INTO recipe_cook(recipe_id, cook_id) VALUES (78, 59);
INSERT INTO recipe_cook(recipe_id, cook_id) VALUES (78, 174);
INSERT INTO recipe_cook(recipe_id, cook_id) VALUES (78, 187);
INSERT INTO recipe_cook(recipe_id, cook_id) VALUES (78, 9);
INSERT INTO recipe_cook(recipe_id, cook_id) VALUES (78, 19);
INSERT INTO recipe_cook(recipe_id, cook_id) VALUES (78, 170);
INSERT INTO recipe_cook(recipe_id, cook_id) VALUES (78, 93);
INSERT INTO recipe_cook(recipe_id, cook_id) VALUES (78, 27);
INSERT INTO recipe_cook(recipe_id, cook_id) VALUES (78, 122);
INSERT INTO recipe_cook(recipe_id, cook_id) VALUES (78, 8);
INSERT INTO recipe_cook(recipe_id, cook_id) VALUES (78, 58);
INSERT INTO recipe_cook(recipe_id, cook_id) VALUES (78, 137);
INSERT INTO recipe_cook(recipe_id, cook_id) VALUES (78, 39);
INSERT INTO recipe_cook(recipe_id, cook_id) VALUES (78, 190);
INSERT INTO recipe_cook(recipe_id, cook_id) VALUES (78, 94);
INSERT INTO recipe_cook(recipe_id, cook_id) VALUES (78, 123);
INSERT INTO recipe_cook(recipe_id, cook_id) VALUES (78, 178);
INSERT INTO recipe_cook(recipe_id, cook_id) VALUES (78, 121);
INSERT INTO recipe_cook(recipe_id, cook_id) VALUES (78, 12);
INSERT INTO recipe_cook(recipe_id, cook_id) VALUES (78, 158);
INSERT INTO recipe_cook(recipe_id, cook_id) VALUES (78, 109);
INSERT INTO recipe_cook(recipe_id, cook_id) VALUES (78, 153);
INSERT INTO recipe_cook(recipe_id, cook_id) VALUES (78, 193);
INSERT INTO recipe_cook(recipe_id, cook_id) VALUES (78, 13);
INSERT INTO recipe_cook(recipe_id, cook_id) VALUES (78, 148);
INSERT INTO recipe_cook(recipe_id, cook_id) VALUES (78, 31);
INSERT INTO recipe_cook(recipe_id, cook_id) VALUES (78, 75);
INSERT INTO recipe_cook(recipe_id, cook_id) VALUES (78, 74);
INSERT INTO recipe_cook(recipe_id, cook_id) VALUES (78, 30);
INSERT INTO recipe_cook(recipe_id, cook_id) VALUES (78, 72);
INSERT INTO recipe_cook(recipe_id, cook_id) VALUES (78, 25);
INSERT INTO recipe_cook(recipe_id, cook_id) VALUES (78, 10);
INSERT INTO recipe_cook(recipe_id, cook_id) VALUES (78, 103);
INSERT INTO recipe_cook(recipe_id, cook_id) VALUES (78, 104);
INSERT INTO recipe_cook(recipe_id, cook_id) VALUES (78, 146);
INSERT INTO recipe_cook(recipe_id, cook_id) VALUES (78, 64);
INSERT INTO recipe_cook(recipe_id, cook_id) VALUES (78, 54);
INSERT INTO recipe_cook(recipe_id, cook_id) VALUES (78, 71);
INSERT INTO recipe_cook(recipe_id, cook_id) VALUES (78, 152);
INSERT INTO recipe_cook(recipe_id, cook_id) VALUES (78, 46);
INSERT INTO recipe_cook(recipe_id, cook_id) VALUES (78, 51);
INSERT INTO recipe_cook(recipe_id, cook_id) VALUES (78, 38);
INSERT INTO recipe_cook(recipe_id, cook_id) VALUES (78, 63);
INSERT INTO recipe_cook(recipe_id, cook_id) VALUES (78, 32);
INSERT INTO recipe_cook(recipe_id, cook_id) VALUES (78, 181);
INSERT INTO recipe_cook(recipe_id, cook_id) VALUES (78, 89);
INSERT INTO recipe_cook(recipe_id, cook_id) VALUES (78, 80);
INSERT INTO recipe_cook(recipe_id, cook_id) VALUES (78, 184);
INSERT INTO recipe_cook(recipe_id, cook_id) VALUES (78, 62);
INSERT INTO recipe_cook(recipe_id, cook_id) VALUES (78, 110);
INSERT INTO recipe_cook(recipe_id, cook_id) VALUES (78, 177);
INSERT INTO recipe_cook(recipe_id, cook_id) VALUES (78, 99);
INSERT INTO recipe_cook(recipe_id, cook_id) VALUES (78, 42);
INSERT INTO recipe_cook(recipe_id, cook_id) VALUES (78, 191);
INSERT INTO recipe_cook(recipe_id, cook_id) VALUES (78, 34);
INSERT INTO recipe_cook(recipe_id, cook_id) VALUES (78, 155);
INSERT INTO recipe_cook(recipe_id, cook_id) VALUES (78, 83);
INSERT INTO recipe_cook(recipe_id, cook_id) VALUES (78, 49);
INSERT INTO recipe_cook(recipe_id, cook_id) VALUES (78, 166);
INSERT INTO recipe_theme(recipe_id, theme_id) VALUES (78, 18);
INSERT INTO recipe_tip(recipe_id, tip_id) VALUES (78, 7);
INSERT INTO recipe_tip(recipe_id, tip_id) VALUES (78, 20);
INSERT INTO recipe_tip(recipe_id, tip_id) VALUES (78, 39);

INSERT INTO recipe(baking, cuisine_id, difficulty, title, recipe_description, prep_time, cook_time, portions, fat_portion, protein_portion, carbo_portion, picture, picture_description) VALUES(1, 10, 2,'Jambalaya', 'Economic gas several card above yet. Evening ability man plan wish type need.', 45, 30, 3, 45, 5,85, 'https://picsum.photos/509/940', 'Most teach seven use plant.');
INSERT INTO recipe_meal_type(recipe_id, meal_type_id) VALUES (79, 2);
INSERT INTO recipe_tag(recipe_id, tag_id) VALUES (79, 94);
INSERT INTO recipe_equipment(recipe_id, equipment_id, num) VALUES (79, 8, 3);
INSERT INTO recipe_equipment(recipe_id, equipment_id, num) VALUES (79, 20, 3);
INSERT INTO recipe_equipment(recipe_id, equipment_id, num) VALUES (79, 18, 4);
INSERT INTO recipe_equipment(recipe_id, equipment_id, num) VALUES (79, 5, 1);
INSERT INTO recipe_equipment(recipe_id, equipment_id, num) VALUES (79, 15, 2);
INSERT INTO recipe_equipment(recipe_id, equipment_id, num) VALUES (79, 16, 3);
INSERT INTO recipe_equipment(recipe_id, equipment_id, num) VALUES (79, 12, 1);
INSERT INTO recipe_cook(recipe_id, cook_id) VALUES (79, 129);
INSERT INTO recipe_cook(recipe_id, cook_id) VALUES (79, 100);
INSERT INTO recipe_cook(recipe_id, cook_id) VALUES (79, 178);
INSERT INTO recipe_cook(recipe_id, cook_id) VALUES (79, 92);
INSERT INTO recipe_cook(recipe_id, cook_id) VALUES (79, 35);
INSERT INTO recipe_cook(recipe_id, cook_id) VALUES (79, 50);
INSERT INTO recipe_cook(recipe_id, cook_id) VALUES (79, 125);
INSERT INTO recipe_cook(recipe_id, cook_id) VALUES (79, 180);
INSERT INTO recipe_cook(recipe_id, cook_id) VALUES (79, 19);
INSERT INTO recipe_cook(recipe_id, cook_id) VALUES (79, 156);
INSERT INTO recipe_cook(recipe_id, cook_id) VALUES (79, 134);
INSERT INTO recipe_cook(recipe_id, cook_id) VALUES (79, 31);
INSERT INTO recipe_cook(recipe_id, cook_id) VALUES (79, 71);
INSERT INTO recipe_cook(recipe_id, cook_id) VALUES (79, 34);
INSERT INTO recipe_cook(recipe_id, cook_id) VALUES (79, 149);
INSERT INTO recipe_cook(recipe_id, cook_id) VALUES (79, 56);
INSERT INTO recipe_cook(recipe_id, cook_id) VALUES (79, 176);
INSERT INTO recipe_cook(recipe_id, cook_id) VALUES (79, 186);
INSERT INTO recipe_cook(recipe_id, cook_id) VALUES (79, 99);
INSERT INTO recipe_cook(recipe_id, cook_id) VALUES (79, 113);
INSERT INTO recipe_cook(recipe_id, cook_id) VALUES (79, 159);
INSERT INTO recipe_cook(recipe_id, cook_id) VALUES (79, 15);
INSERT INTO recipe_cook(recipe_id, cook_id) VALUES (79, 97);
INSERT INTO recipe_cook(recipe_id, cook_id) VALUES (79, 142);
INSERT INTO recipe_cook(recipe_id, cook_id) VALUES (79, 195);
INSERT INTO recipe_cook(recipe_id, cook_id) VALUES (79, 135);
INSERT INTO recipe_cook(recipe_id, cook_id) VALUES (79, 184);
INSERT INTO recipe_cook(recipe_id, cook_id) VALUES (79, 151);
INSERT INTO recipe_cook(recipe_id, cook_id) VALUES (79, 13);
INSERT INTO recipe_cook(recipe_id, cook_id) VALUES (79, 160);
INSERT INTO recipe_cook(recipe_id, cook_id) VALUES (79, 11);
INSERT INTO recipe_cook(recipe_id, cook_id) VALUES (79, 8);
INSERT INTO recipe_cook(recipe_id, cook_id) VALUES (79, 59);
INSERT INTO recipe_cook(recipe_id, cook_id) VALUES (79, 80);
INSERT INTO recipe_cook(recipe_id, cook_id) VALUES (79, 111);
INSERT INTO recipe_cook(recipe_id, cook_id) VALUES (79, 105);
INSERT INTO recipe_cook(recipe_id, cook_id) VALUES (79, 51);
INSERT INTO recipe_cook(recipe_id, cook_id) VALUES (79, 52);
INSERT INTO recipe_cook(recipe_id, cook_id) VALUES (79, 67);
INSERT INTO recipe_cook(recipe_id, cook_id) VALUES (79, 197);
INSERT INTO recipe_cook(recipe_id, cook_id) VALUES (79, 16);
INSERT INTO recipe_cook(recipe_id, cook_id) VALUES (79, 183);
INSERT INTO recipe_cook(recipe_id, cook_id) VALUES (79, 193);
INSERT INTO recipe_cook(recipe_id, cook_id) VALUES (79, 7);
INSERT INTO recipe_cook(recipe_id, cook_id) VALUES (79, 85);
INSERT INTO recipe_cook(recipe_id, cook_id) VALUES (79, 182);
INSERT INTO recipe_cook(recipe_id, cook_id) VALUES (79, 150);
INSERT INTO recipe_cook(recipe_id, cook_id) VALUES (79, 38);
INSERT INTO recipe_cook(recipe_id, cook_id) VALUES (79, 86);
INSERT INTO recipe_cook(recipe_id, cook_id) VALUES (79, 133);
INSERT INTO recipe_cook(recipe_id, cook_id) VALUES (79, 191);
INSERT INTO recipe_cook(recipe_id, cook_id) VALUES (79, 36);
INSERT INTO recipe_cook(recipe_id, cook_id) VALUES (79, 173);
INSERT INTO recipe_cook(recipe_id, cook_id) VALUES (79, 138);
INSERT INTO recipe_cook(recipe_id, cook_id) VALUES (79, 41);
INSERT INTO recipe_cook(recipe_id, cook_id) VALUES (79, 84);
INSERT INTO recipe_cook(recipe_id, cook_id) VALUES (79, 101);
INSERT INTO recipe_cook(recipe_id, cook_id) VALUES (79, 39);
INSERT INTO recipe_cook(recipe_id, cook_id) VALUES (79, 104);
INSERT INTO recipe_cook(recipe_id, cook_id) VALUES (79, 198);
INSERT INTO recipe_cook(recipe_id, cook_id) VALUES (79, 27);
INSERT INTO recipe_cook(recipe_id, cook_id) VALUES (79, 154);
INSERT INTO recipe_cook(recipe_id, cook_id) VALUES (79, 30);
INSERT INTO recipe_cook(recipe_id, cook_id) VALUES (79, 49);
INSERT INTO recipe_cook(recipe_id, cook_id) VALUES (79, 131);
INSERT INTO recipe_cook(recipe_id, cook_id) VALUES (79, 164);
INSERT INTO recipe_cook(recipe_id, cook_id) VALUES (79, 162);
INSERT INTO recipe_cook(recipe_id, cook_id) VALUES (79, 107);
INSERT INTO recipe_cook(recipe_id, cook_id) VALUES (79, 72);
INSERT INTO recipe_cook(recipe_id, cook_id) VALUES (79, 168);
INSERT INTO recipe_cook(recipe_id, cook_id) VALUES (79, 144);
INSERT INTO recipe_cook(recipe_id, cook_id) VALUES (79, 116);
INSERT INTO recipe_cook(recipe_id, cook_id) VALUES (79, 70);
INSERT INTO recipe_cook(recipe_id, cook_id) VALUES (79, 62);
INSERT INTO recipe_cook(recipe_id, cook_id) VALUES (79, 124);
INSERT INTO recipe_cook(recipe_id, cook_id) VALUES (79, 20);
INSERT INTO recipe_cook(recipe_id, cook_id) VALUES (79, 172);
INSERT INTO recipe_cook(recipe_id, cook_id) VALUES (79, 194);
INSERT INTO recipe_cook(recipe_id, cook_id) VALUES (79, 25);
INSERT INTO recipe_cook(recipe_id, cook_id) VALUES (79, 24);
INSERT INTO recipe_cook(recipe_id, cook_id) VALUES (79, 130);
INSERT INTO recipe_cook(recipe_id, cook_id) VALUES (79, 103);
INSERT INTO recipe_cook(recipe_id, cook_id) VALUES (79, 96);
INSERT INTO recipe_cook(recipe_id, cook_id) VALUES (79, 94);
INSERT INTO recipe_cook(recipe_id, cook_id) VALUES (79, 128);
INSERT INTO recipe_cook(recipe_id, cook_id) VALUES (79, 112);
INSERT INTO recipe_cook(recipe_id, cook_id) VALUES (79, 90);
INSERT INTO recipe_cook(recipe_id, cook_id) VALUES (79, 68);
INSERT INTO recipe_cook(recipe_id, cook_id) VALUES (79, 57);
INSERT INTO recipe_cook(recipe_id, cook_id) VALUES (79, 108);
INSERT INTO recipe_cook(recipe_id, cook_id) VALUES (79, 82);
INSERT INTO recipe_cook(recipe_id, cook_id) VALUES (79, 119);
INSERT INTO recipe_cook(recipe_id, cook_id) VALUES (79, 177);
INSERT INTO recipe_cook(recipe_id, cook_id) VALUES (79, 32);
INSERT INTO recipe_cook(recipe_id, cook_id) VALUES (79, 175);
INSERT INTO recipe_cook(recipe_id, cook_id) VALUES (79, 88);
INSERT INTO recipe_cook(recipe_id, cook_id) VALUES (79, 115);
INSERT INTO recipe_theme(recipe_id, theme_id) VALUES (79, 5);
INSERT INTO recipe_theme(recipe_id, theme_id) VALUES (79, 22);
INSERT INTO recipe_tip(recipe_id, tip_id) VALUES (79, 8);
INSERT INTO recipe_tip(recipe_id, tip_id) VALUES (79, 16);
INSERT INTO recipe_tip(recipe_id, tip_id) VALUES (79, 11);

INSERT INTO recipe(baking, cuisine_id, difficulty, title, recipe_description, prep_time, cook_time, portions, fat_portion, protein_portion, carbo_portion, picture, picture_description) VALUES(0, 36, 3,'Empanadas', 'Big part debate. Form hear view bit.', 65, 60, 1, 10, 35,40, 'https://picsum.photos/636/798', 'Short parent small table.');
INSERT INTO recipe_meal_type(recipe_id, meal_type_id) VALUES (80, 5);
INSERT INTO recipe_tag(recipe_id, tag_id) VALUES (80, 22);
INSERT INTO recipe_tag(recipe_id, tag_id) VALUES (80, 19);
INSERT INTO recipe_tag(recipe_id, tag_id) VALUES (80, 42);
INSERT INTO recipe_tag(recipe_id, tag_id) VALUES (80, 86);
INSERT INTO recipe_tag(recipe_id, tag_id) VALUES (80, 45);
INSERT INTO recipe_tag(recipe_id, tag_id) VALUES (80, 59);
INSERT INTO recipe_tag(recipe_id, tag_id) VALUES (80, 35);
INSERT INTO recipe_tag(recipe_id, tag_id) VALUES (80, 73);
INSERT INTO recipe_equipment(recipe_id, equipment_id, num) VALUES (80, 13, 1);
INSERT INTO recipe_equipment(recipe_id, equipment_id, num) VALUES (80, 15, 1);
INSERT INTO recipe_equipment(recipe_id, equipment_id, num) VALUES (80, 11, 1);
INSERT INTO recipe_cook(recipe_id, cook_id) VALUES (80, 173);
INSERT INTO recipe_cook(recipe_id, cook_id) VALUES (80, 100);
INSERT INTO recipe_cook(recipe_id, cook_id) VALUES (80, 72);
INSERT INTO recipe_cook(recipe_id, cook_id) VALUES (80, 108);
INSERT INTO recipe_cook(recipe_id, cook_id) VALUES (80, 168);
INSERT INTO recipe_cook(recipe_id, cook_id) VALUES (80, 41);
INSERT INTO recipe_cook(recipe_id, cook_id) VALUES (80, 114);
INSERT INTO recipe_cook(recipe_id, cook_id) VALUES (80, 197);
INSERT INTO recipe_cook(recipe_id, cook_id) VALUES (80, 148);
INSERT INTO recipe_cook(recipe_id, cook_id) VALUES (80, 54);
INSERT INTO recipe_cook(recipe_id, cook_id) VALUES (80, 126);
INSERT INTO recipe_cook(recipe_id, cook_id) VALUES (80, 74);
INSERT INTO recipe_cook(recipe_id, cook_id) VALUES (80, 161);
INSERT INTO recipe_cook(recipe_id, cook_id) VALUES (80, 99);
INSERT INTO recipe_cook(recipe_id, cook_id) VALUES (80, 180);
INSERT INTO recipe_cook(recipe_id, cook_id) VALUES (80, 139);
INSERT INTO recipe_cook(recipe_id, cook_id) VALUES (80, 18);
INSERT INTO recipe_cook(recipe_id, cook_id) VALUES (80, 183);
INSERT INTO recipe_cook(recipe_id, cook_id) VALUES (80, 7);
INSERT INTO recipe_cook(recipe_id, cook_id) VALUES (80, 23);
INSERT INTO recipe_cook(recipe_id, cook_id) VALUES (80, 182);
INSERT INTO recipe_cook(recipe_id, cook_id) VALUES (80, 156);
INSERT INTO recipe_cook(recipe_id, cook_id) VALUES (80, 128);
INSERT INTO recipe_cook(recipe_id, cook_id) VALUES (80, 119);
INSERT INTO recipe_cook(recipe_id, cook_id) VALUES (80, 17);
INSERT INTO recipe_cook(recipe_id, cook_id) VALUES (80, 45);
INSERT INTO recipe_cook(recipe_id, cook_id) VALUES (80, 199);
INSERT INTO recipe_cook(recipe_id, cook_id) VALUES (80, 176);
INSERT INTO recipe_cook(recipe_id, cook_id) VALUES (80, 184);
INSERT INTO recipe_cook(recipe_id, cook_id) VALUES (80, 29);
INSERT INTO recipe_cook(recipe_id, cook_id) VALUES (80, 170);
INSERT INTO recipe_cook(recipe_id, cook_id) VALUES (80, 116);
INSERT INTO recipe_cook(recipe_id, cook_id) VALUES (80, 110);
INSERT INTO recipe_cook(recipe_id, cook_id) VALUES (80, 106);
INSERT INTO recipe_cook(recipe_id, cook_id) VALUES (80, 196);
INSERT INTO recipe_cook(recipe_id, cook_id) VALUES (80, 160);
INSERT INTO recipe_cook(recipe_id, cook_id) VALUES (80, 175);
INSERT INTO recipe_cook(recipe_id, cook_id) VALUES (80, 61);
INSERT INTO recipe_cook(recipe_id, cook_id) VALUES (80, 200);
INSERT INTO recipe_cook(recipe_id, cook_id) VALUES (80, 42);
INSERT INTO recipe_cook(recipe_id, cook_id) VALUES (80, 80);
INSERT INTO recipe_cook(recipe_id, cook_id) VALUES (80, 46);
INSERT INTO recipe_cook(recipe_id, cook_id) VALUES (80, 121);
INSERT INTO recipe_cook(recipe_id, cook_id) VALUES (80, 97);
INSERT INTO recipe_cook(recipe_id, cook_id) VALUES (80, 96);
INSERT INTO recipe_cook(recipe_id, cook_id) VALUES (80, 103);
INSERT INTO recipe_cook(recipe_id, cook_id) VALUES (80, 115);
INSERT INTO recipe_cook(recipe_id, cook_id) VALUES (80, 191);
INSERT INTO recipe_cook(recipe_id, cook_id) VALUES (80, 102);
INSERT INTO recipe_cook(recipe_id, cook_id) VALUES (80, 137);
INSERT INTO recipe_cook(recipe_id, cook_id) VALUES (80, 91);
INSERT INTO recipe_cook(recipe_id, cook_id) VALUES (80, 101);
INSERT INTO recipe_cook(recipe_id, cook_id) VALUES (80, 190);
INSERT INTO recipe_cook(recipe_id, cook_id) VALUES (80, 153);
INSERT INTO recipe_cook(recipe_id, cook_id) VALUES (80, 52);
INSERT INTO recipe_cook(recipe_id, cook_id) VALUES (80, 24);
INSERT INTO recipe_cook(recipe_id, cook_id) VALUES (80, 10);
INSERT INTO recipe_cook(recipe_id, cook_id) VALUES (80, 95);
INSERT INTO recipe_cook(recipe_id, cook_id) VALUES (80, 129);
INSERT INTO recipe_cook(recipe_id, cook_id) VALUES (80, 111);
INSERT INTO recipe_cook(recipe_id, cook_id) VALUES (80, 86);
INSERT INTO recipe_cook(recipe_id, cook_id) VALUES (80, 159);
INSERT INTO recipe_cook(recipe_id, cook_id) VALUES (80, 14);
INSERT INTO recipe_cook(recipe_id, cook_id) VALUES (80, 171);
INSERT INTO recipe_cook(recipe_id, cook_id) VALUES (80, 65);
INSERT INTO recipe_cook(recipe_id, cook_id) VALUES (80, 83);
INSERT INTO recipe_cook(recipe_id, cook_id) VALUES (80, 132);
INSERT INTO recipe_cook(recipe_id, cook_id) VALUES (80, 89);
INSERT INTO recipe_cook(recipe_id, cook_id) VALUES (80, 142);
INSERT INTO recipe_cook(recipe_id, cook_id) VALUES (80, 63);
INSERT INTO recipe_cook(recipe_id, cook_id) VALUES (80, 69);
INSERT INTO recipe_cook(recipe_id, cook_id) VALUES (80, 134);
INSERT INTO recipe_cook(recipe_id, cook_id) VALUES (80, 67);
INSERT INTO recipe_cook(recipe_id, cook_id) VALUES (80, 9);
INSERT INTO recipe_cook(recipe_id, cook_id) VALUES (80, 123);
INSERT INTO recipe_cook(recipe_id, cook_id) VALUES (80, 192);
INSERT INTO recipe_cook(recipe_id, cook_id) VALUES (80, 5);
INSERT INTO recipe_cook(recipe_id, cook_id) VALUES (80, 27);
INSERT INTO recipe_cook(recipe_id, cook_id) VALUES (80, 117);
INSERT INTO recipe_cook(recipe_id, cook_id) VALUES (80, 37);
INSERT INTO recipe_cook(recipe_id, cook_id) VALUES (80, 43);
INSERT INTO recipe_cook(recipe_id, cook_id) VALUES (80, 38);
INSERT INTO recipe_cook(recipe_id, cook_id) VALUES (80, 64);
INSERT INTO recipe_theme(recipe_id, theme_id) VALUES (80, 12);
INSERT INTO recipe_theme(recipe_id, theme_id) VALUES (80, 37);
INSERT INTO recipe_theme(recipe_id, theme_id) VALUES (80, 9);
INSERT INTO recipe_tip(recipe_id, tip_id) VALUES (80, 20);
INSERT INTO recipe_tip(recipe_id, tip_id) VALUES (80, 17);
INSERT INTO recipe_tip(recipe_id, tip_id) VALUES (80, 11);

INSERT INTO recipe(baking, cuisine_id, difficulty, title, recipe_description, prep_time, cook_time, portions, fat_portion, protein_portion, carbo_portion, picture, picture_description) VALUES(0, 3, 2,'Rice Pudding', 'Which peace their power behavior upon. Education or create member inside how four. Example marriage matter type without business today. Seek my game billion.', 105, 50, 3, 15, 50,75, 'https://placekitten.com/908/285', 'Clear form such type my black.');
INSERT INTO recipe_meal_type(recipe_id, meal_type_id) VALUES (81, 6);
INSERT INTO recipe_tag(recipe_id, tag_id) VALUES (81, 34);
INSERT INTO recipe_tag(recipe_id, tag_id) VALUES (81, 36);
INSERT INTO recipe_tag(recipe_id, tag_id) VALUES (81, 22);
INSERT INTO recipe_tag(recipe_id, tag_id) VALUES (81, 25);
INSERT INTO recipe_equipment(recipe_id, equipment_id, num) VALUES (81, 11, 3);
INSERT INTO recipe_equipment(recipe_id, equipment_id, num) VALUES (81, 1, 3);
INSERT INTO recipe_equipment(recipe_id, equipment_id, num) VALUES (81, 18, 3);
INSERT INTO recipe_equipment(recipe_id, equipment_id, num) VALUES (81, 9, 2);
INSERT INTO recipe_equipment(recipe_id, equipment_id, num) VALUES (81, 13, 2);
INSERT INTO recipe_equipment(recipe_id, equipment_id, num) VALUES (81, 2, 4);
INSERT INTO recipe_equipment(recipe_id, equipment_id, num) VALUES (81, 17, 2);
INSERT INTO recipe_cook(recipe_id, cook_id) VALUES (81, 142);
INSERT INTO recipe_cook(recipe_id, cook_id) VALUES (81, 3);
INSERT INTO recipe_cook(recipe_id, cook_id) VALUES (81, 85);
INSERT INTO recipe_cook(recipe_id, cook_id) VALUES (81, 100);
INSERT INTO recipe_cook(recipe_id, cook_id) VALUES (81, 176);
INSERT INTO recipe_cook(recipe_id, cook_id) VALUES (81, 191);
INSERT INTO recipe_cook(recipe_id, cook_id) VALUES (81, 155);
INSERT INTO recipe_cook(recipe_id, cook_id) VALUES (81, 8);
INSERT INTO recipe_cook(recipe_id, cook_id) VALUES (81, 44);
INSERT INTO recipe_cook(recipe_id, cook_id) VALUES (81, 46);
INSERT INTO recipe_cook(recipe_id, cook_id) VALUES (81, 135);
INSERT INTO recipe_cook(recipe_id, cook_id) VALUES (81, 134);
INSERT INTO recipe_cook(recipe_id, cook_id) VALUES (81, 27);
INSERT INTO recipe_cook(recipe_id, cook_id) VALUES (81, 76);
INSERT INTO recipe_cook(recipe_id, cook_id) VALUES (81, 36);
INSERT INTO recipe_cook(recipe_id, cook_id) VALUES (81, 26);
INSERT INTO recipe_cook(recipe_id, cook_id) VALUES (81, 109);
INSERT INTO recipe_cook(recipe_id, cook_id) VALUES (81, 24);
INSERT INTO recipe_cook(recipe_id, cook_id) VALUES (81, 57);
INSERT INTO recipe_cook(recipe_id, cook_id) VALUES (81, 48);
INSERT INTO recipe_cook(recipe_id, cook_id) VALUES (81, 167);
INSERT INTO recipe_cook(recipe_id, cook_id) VALUES (81, 151);
INSERT INTO recipe_cook(recipe_id, cook_id) VALUES (81, 153);
INSERT INTO recipe_cook(recipe_id, cook_id) VALUES (81, 111);
INSERT INTO recipe_cook(recipe_id, cook_id) VALUES (81, 97);
INSERT INTO recipe_cook(recipe_id, cook_id) VALUES (81, 19);
INSERT INTO recipe_cook(recipe_id, cook_id) VALUES (81, 194);
INSERT INTO recipe_cook(recipe_id, cook_id) VALUES (81, 39);
INSERT INTO recipe_cook(recipe_id, cook_id) VALUES (81, 147);
INSERT INTO recipe_cook(recipe_id, cook_id) VALUES (81, 63);
INSERT INTO recipe_cook(recipe_id, cook_id) VALUES (81, 149);
INSERT INTO recipe_cook(recipe_id, cook_id) VALUES (81, 74);
INSERT INTO recipe_cook(recipe_id, cook_id) VALUES (81, 54);
INSERT INTO recipe_cook(recipe_id, cook_id) VALUES (81, 150);
INSERT INTO recipe_cook(recipe_id, cook_id) VALUES (81, 199);
INSERT INTO recipe_cook(recipe_id, cook_id) VALUES (81, 15);
INSERT INTO recipe_cook(recipe_id, cook_id) VALUES (81, 131);
INSERT INTO recipe_cook(recipe_id, cook_id) VALUES (81, 34);
INSERT INTO recipe_cook(recipe_id, cook_id) VALUES (81, 106);
INSERT INTO recipe_cook(recipe_id, cook_id) VALUES (81, 72);
INSERT INTO recipe_cook(recipe_id, cook_id) VALUES (81, 70);
INSERT INTO recipe_cook(recipe_id, cook_id) VALUES (81, 79);
INSERT INTO recipe_cook(recipe_id, cook_id) VALUES (81, 188);
INSERT INTO recipe_cook(recipe_id, cook_id) VALUES (81, 200);
INSERT INTO recipe_cook(recipe_id, cook_id) VALUES (81, 22);
INSERT INTO recipe_cook(recipe_id, cook_id) VALUES (81, 90);
INSERT INTO recipe_cook(recipe_id, cook_id) VALUES (81, 45);
INSERT INTO recipe_cook(recipe_id, cook_id) VALUES (81, 56);
INSERT INTO recipe_cook(recipe_id, cook_id) VALUES (81, 139);
INSERT INTO recipe_cook(recipe_id, cook_id) VALUES (81, 101);
INSERT INTO recipe_cook(recipe_id, cook_id) VALUES (81, 121);
INSERT INTO recipe_cook(recipe_id, cook_id) VALUES (81, 183);
INSERT INTO recipe_cook(recipe_id, cook_id) VALUES (81, 148);
INSERT INTO recipe_cook(recipe_id, cook_id) VALUES (81, 116);
INSERT INTO recipe_cook(recipe_id, cook_id) VALUES (81, 146);
INSERT INTO recipe_cook(recipe_id, cook_id) VALUES (81, 185);
INSERT INTO recipe_cook(recipe_id, cook_id) VALUES (81, 77);
INSERT INTO recipe_cook(recipe_id, cook_id) VALUES (81, 138);
INSERT INTO recipe_cook(recipe_id, cook_id) VALUES (81, 30);
INSERT INTO recipe_cook(recipe_id, cook_id) VALUES (81, 114);
INSERT INTO recipe_cook(recipe_id, cook_id) VALUES (81, 108);
INSERT INTO recipe_cook(recipe_id, cook_id) VALUES (81, 166);
INSERT INTO recipe_cook(recipe_id, cook_id) VALUES (81, 180);
INSERT INTO recipe_cook(recipe_id, cook_id) VALUES (81, 140);
INSERT INTO recipe_cook(recipe_id, cook_id) VALUES (81, 51);
INSERT INTO recipe_cook(recipe_id, cook_id) VALUES (81, 104);
INSERT INTO recipe_cook(recipe_id, cook_id) VALUES (81, 96);
INSERT INTO recipe_cook(recipe_id, cook_id) VALUES (81, 127);
INSERT INTO recipe_cook(recipe_id, cook_id) VALUES (81, 55);
INSERT INTO recipe_cook(recipe_id, cook_id) VALUES (81, 50);
INSERT INTO recipe_cook(recipe_id, cook_id) VALUES (81, 120);
INSERT INTO recipe_cook(recipe_id, cook_id) VALUES (81, 29);
INSERT INTO recipe_cook(recipe_id, cook_id) VALUES (81, 86);
INSERT INTO recipe_cook(recipe_id, cook_id) VALUES (81, 4);
INSERT INTO recipe_theme(recipe_id, theme_id) VALUES (81, 23);
INSERT INTO recipe_theme(recipe_id, theme_id) VALUES (81, 3);
INSERT INTO recipe_tip(recipe_id, tip_id) VALUES (81, 16);
INSERT INTO recipe_tip(recipe_id, tip_id) VALUES (81, 7);
INSERT INTO recipe_tip(recipe_id, tip_id) VALUES (81, 36);

INSERT INTO recipe(baking, cuisine_id, difficulty, title, recipe_description, prep_time, cook_time, portions, fat_portion, protein_portion, carbo_portion, picture, picture_description) VALUES(0, 35, 5,'Panna Cotta', 'With begin media record. Cell sense lose life threat record. Son body example recognize. Usually air million change upon.', 95, 60, 2, 5, 35,35, 'https://placekitten.com/625/495', 'Positive think yet president.');
INSERT INTO recipe_meal_type(recipe_id, meal_type_id) VALUES (82, 6);
INSERT INTO recipe_tag(recipe_id, tag_id) VALUES (82, 29);
INSERT INTO recipe_tag(recipe_id, tag_id) VALUES (82, 95);
INSERT INTO recipe_tag(recipe_id, tag_id) VALUES (82, 42);
INSERT INTO recipe_tag(recipe_id, tag_id) VALUES (82, 55);
INSERT INTO recipe_tag(recipe_id, tag_id) VALUES (82, 33);
INSERT INTO recipe_equipment(recipe_id, equipment_id, num) VALUES (82, 16, 2);
INSERT INTO recipe_equipment(recipe_id, equipment_id, num) VALUES (82, 17, 2);
INSERT INTO recipe_equipment(recipe_id, equipment_id, num) VALUES (82, 15, 2);
INSERT INTO recipe_cook(recipe_id, cook_id) VALUES (82, 110);
INSERT INTO recipe_cook(recipe_id, cook_id) VALUES (82, 133);
INSERT INTO recipe_cook(recipe_id, cook_id) VALUES (82, 136);
INSERT INTO recipe_cook(recipe_id, cook_id) VALUES (82, 62);
INSERT INTO recipe_cook(recipe_id, cook_id) VALUES (82, 122);
INSERT INTO recipe_cook(recipe_id, cook_id) VALUES (82, 194);
INSERT INTO recipe_cook(recipe_id, cook_id) VALUES (82, 125);
INSERT INTO recipe_cook(recipe_id, cook_id) VALUES (82, 148);
INSERT INTO recipe_cook(recipe_id, cook_id) VALUES (82, 150);
INSERT INTO recipe_cook(recipe_id, cook_id) VALUES (82, 116);
INSERT INTO recipe_cook(recipe_id, cook_id) VALUES (82, 197);
INSERT INTO recipe_cook(recipe_id, cook_id) VALUES (82, 4);
INSERT INTO recipe_cook(recipe_id, cook_id) VALUES (82, 80);
INSERT INTO recipe_cook(recipe_id, cook_id) VALUES (82, 5);
INSERT INTO recipe_cook(recipe_id, cook_id) VALUES (82, 195);
INSERT INTO recipe_cook(recipe_id, cook_id) VALUES (82, 51);
INSERT INTO recipe_cook(recipe_id, cook_id) VALUES (82, 185);
INSERT INTO recipe_cook(recipe_id, cook_id) VALUES (82, 17);
INSERT INTO recipe_cook(recipe_id, cook_id) VALUES (82, 73);
INSERT INTO recipe_cook(recipe_id, cook_id) VALUES (82, 42);
INSERT INTO recipe_cook(recipe_id, cook_id) VALUES (82, 176);
INSERT INTO recipe_cook(recipe_id, cook_id) VALUES (82, 152);
INSERT INTO recipe_cook(recipe_id, cook_id) VALUES (82, 22);
INSERT INTO recipe_cook(recipe_id, cook_id) VALUES (82, 190);
INSERT INTO recipe_cook(recipe_id, cook_id) VALUES (82, 162);
INSERT INTO recipe_cook(recipe_id, cook_id) VALUES (82, 99);
INSERT INTO recipe_cook(recipe_id, cook_id) VALUES (82, 46);
INSERT INTO recipe_cook(recipe_id, cook_id) VALUES (82, 132);
INSERT INTO recipe_cook(recipe_id, cook_id) VALUES (82, 84);
INSERT INTO recipe_cook(recipe_id, cook_id) VALUES (82, 135);
INSERT INTO recipe_cook(recipe_id, cook_id) VALUES (82, 32);
INSERT INTO recipe_cook(recipe_id, cook_id) VALUES (82, 24);
INSERT INTO recipe_cook(recipe_id, cook_id) VALUES (82, 53);
INSERT INTO recipe_cook(recipe_id, cook_id) VALUES (82, 171);
INSERT INTO recipe_cook(recipe_id, cook_id) VALUES (82, 184);
INSERT INTO recipe_cook(recipe_id, cook_id) VALUES (82, 52);
INSERT INTO recipe_cook(recipe_id, cook_id) VALUES (82, 20);
INSERT INTO recipe_cook(recipe_id, cook_id) VALUES (82, 134);
INSERT INTO recipe_cook(recipe_id, cook_id) VALUES (82, 55);
INSERT INTO recipe_cook(recipe_id, cook_id) VALUES (82, 89);
INSERT INTO recipe_cook(recipe_id, cook_id) VALUES (82, 43);
INSERT INTO recipe_cook(recipe_id, cook_id) VALUES (82, 114);
INSERT INTO recipe_cook(recipe_id, cook_id) VALUES (82, 167);
INSERT INTO recipe_cook(recipe_id, cook_id) VALUES (82, 168);
INSERT INTO recipe_cook(recipe_id, cook_id) VALUES (82, 137);
INSERT INTO recipe_cook(recipe_id, cook_id) VALUES (82, 31);
INSERT INTO recipe_cook(recipe_id, cook_id) VALUES (82, 7);
INSERT INTO recipe_cook(recipe_id, cook_id) VALUES (82, 166);
INSERT INTO recipe_cook(recipe_id, cook_id) VALUES (82, 182);
INSERT INTO recipe_cook(recipe_id, cook_id) VALUES (82, 101);
INSERT INTO recipe_cook(recipe_id, cook_id) VALUES (82, 50);
INSERT INTO recipe_cook(recipe_id, cook_id) VALUES (82, 54);
INSERT INTO recipe_cook(recipe_id, cook_id) VALUES (82, 121);
INSERT INTO recipe_cook(recipe_id, cook_id) VALUES (82, 178);
INSERT INTO recipe_cook(recipe_id, cook_id) VALUES (82, 193);
INSERT INTO recipe_cook(recipe_id, cook_id) VALUES (82, 170);
INSERT INTO recipe_cook(recipe_id, cook_id) VALUES (82, 157);
INSERT INTO recipe_cook(recipe_id, cook_id) VALUES (82, 192);
INSERT INTO recipe_cook(recipe_id, cook_id) VALUES (82, 141);
INSERT INTO recipe_cook(recipe_id, cook_id) VALUES (82, 123);
INSERT INTO recipe_cook(recipe_id, cook_id) VALUES (82, 72);
INSERT INTO recipe_cook(recipe_id, cook_id) VALUES (82, 159);
INSERT INTO recipe_cook(recipe_id, cook_id) VALUES (82, 90);
INSERT INTO recipe_cook(recipe_id, cook_id) VALUES (82, 74);
INSERT INTO recipe_cook(recipe_id, cook_id) VALUES (82, 37);
INSERT INTO recipe_cook(recipe_id, cook_id) VALUES (82, 126);
INSERT INTO recipe_cook(recipe_id, cook_id) VALUES (82, 15);
INSERT INTO recipe_cook(recipe_id, cook_id) VALUES (82, 65);
INSERT INTO recipe_cook(recipe_id, cook_id) VALUES (82, 57);
INSERT INTO recipe_theme(recipe_id, theme_id) VALUES (82, 39);
INSERT INTO recipe_theme(recipe_id, theme_id) VALUES (82, 38);
INSERT INTO recipe_theme(recipe_id, theme_id) VALUES (82, 24);
INSERT INTO recipe_tip(recipe_id, tip_id) VALUES (82, 40);

INSERT INTO recipe(baking, cuisine_id, difficulty, title, recipe_description, prep_time, cook_time, portions, fat_portion, protein_portion, carbo_portion, picture, picture_description) VALUES(0, 5, 2,'Beef Stroganoff', 'Step long assume activity home. Step social same arrive network. Lay answer chance determine.', 115, 100, 1, 50, 50,80, 'https://placekitten.com/136/708', 'For camera church present beyond.');
INSERT INTO recipe_meal_type(recipe_id, meal_type_id) VALUES (83, 6);
INSERT INTO recipe_tag(recipe_id, tag_id) VALUES (83, 89);
INSERT INTO recipe_tag(recipe_id, tag_id) VALUES (83, 85);
INSERT INTO recipe_tag(recipe_id, tag_id) VALUES (83, 32);
INSERT INTO recipe_tag(recipe_id, tag_id) VALUES (83, 14);
INSERT INTO recipe_tag(recipe_id, tag_id) VALUES (83, 56);
INSERT INTO recipe_tag(recipe_id, tag_id) VALUES (83, 94);
INSERT INTO recipe_equipment(recipe_id, equipment_id, num) VALUES (83, 11, 4);
INSERT INTO recipe_equipment(recipe_id, equipment_id, num) VALUES (83, 18, 4);
INSERT INTO recipe_equipment(recipe_id, equipment_id, num) VALUES (83, 17, 2);
INSERT INTO recipe_equipment(recipe_id, equipment_id, num) VALUES (83, 20, 3);
INSERT INTO recipe_equipment(recipe_id, equipment_id, num) VALUES (83, 8, 4);
INSERT INTO recipe_cook(recipe_id, cook_id) VALUES (83, 44);
INSERT INTO recipe_theme(recipe_id, theme_id) VALUES (83, 8);
INSERT INTO recipe_theme(recipe_id, theme_id) VALUES (83, 25);
INSERT INTO recipe_theme(recipe_id, theme_id) VALUES (83, 15);
INSERT INTO recipe_tip(recipe_id, tip_id) VALUES (83, 37);

INSERT INTO recipe(baking, cuisine_id, difficulty, title, recipe_description, prep_time, cook_time, portions, fat_portion, protein_portion, carbo_portion, picture, picture_description) VALUES(1, 31, 2,'Blueberry Muffins', 'No subject everything present dog myself. Final learn military certain.', 75, 70, 3, 30, 10,45, 'https://picsum.photos/488/967', 'Girl mouth material study herself.');
INSERT INTO recipe_meal_type(recipe_id, meal_type_id) VALUES (84, 3);
INSERT INTO recipe_tag(recipe_id, tag_id) VALUES (84, 22);
INSERT INTO recipe_tag(recipe_id, tag_id) VALUES (84, 46);
INSERT INTO recipe_tag(recipe_id, tag_id) VALUES (84, 83);
INSERT INTO recipe_tag(recipe_id, tag_id) VALUES (84, 31);
INSERT INTO recipe_tag(recipe_id, tag_id) VALUES (84, 81);
INSERT INTO recipe_equipment(recipe_id, equipment_id, num) VALUES (84, 3, 2);
INSERT INTO recipe_equipment(recipe_id, equipment_id, num) VALUES (84, 18, 1);
INSERT INTO recipe_equipment(recipe_id, equipment_id, num) VALUES (84, 14, 1);
INSERT INTO recipe_equipment(recipe_id, equipment_id, num) VALUES (84, 4, 4);
INSERT INTO recipe_equipment(recipe_id, equipment_id, num) VALUES (84, 16, 4);
INSERT INTO recipe_equipment(recipe_id, equipment_id, num) VALUES (84, 12, 1);
INSERT INTO recipe_equipment(recipe_id, equipment_id, num) VALUES (84, 15, 1);
INSERT INTO recipe_cook(recipe_id, cook_id) VALUES (84, 31);
INSERT INTO recipe_cook(recipe_id, cook_id) VALUES (84, 106);
INSERT INTO recipe_cook(recipe_id, cook_id) VALUES (84, 136);
INSERT INTO recipe_cook(recipe_id, cook_id) VALUES (84, 100);
INSERT INTO recipe_cook(recipe_id, cook_id) VALUES (84, 54);
INSERT INTO recipe_cook(recipe_id, cook_id) VALUES (84, 91);
INSERT INTO recipe_cook(recipe_id, cook_id) VALUES (84, 144);
INSERT INTO recipe_cook(recipe_id, cook_id) VALUES (84, 195);
INSERT INTO recipe_cook(recipe_id, cook_id) VALUES (84, 30);
INSERT INTO recipe_cook(recipe_id, cook_id) VALUES (84, 189);
INSERT INTO recipe_cook(recipe_id, cook_id) VALUES (84, 121);
INSERT INTO recipe_cook(recipe_id, cook_id) VALUES (84, 46);
INSERT INTO recipe_cook(recipe_id, cook_id) VALUES (84, 97);
INSERT INTO recipe_cook(recipe_id, cook_id) VALUES (84, 41);
INSERT INTO recipe_cook(recipe_id, cook_id) VALUES (84, 53);
INSERT INTO recipe_cook(recipe_id, cook_id) VALUES (84, 74);
INSERT INTO recipe_cook(recipe_id, cook_id) VALUES (84, 175);
INSERT INTO recipe_cook(recipe_id, cook_id) VALUES (84, 152);
INSERT INTO recipe_cook(recipe_id, cook_id) VALUES (84, 44);
INSERT INTO recipe_cook(recipe_id, cook_id) VALUES (84, 7);
INSERT INTO recipe_cook(recipe_id, cook_id) VALUES (84, 27);
INSERT INTO recipe_cook(recipe_id, cook_id) VALUES (84, 150);
INSERT INTO recipe_cook(recipe_id, cook_id) VALUES (84, 55);
INSERT INTO recipe_cook(recipe_id, cook_id) VALUES (84, 32);
INSERT INTO recipe_cook(recipe_id, cook_id) VALUES (84, 191);
INSERT INTO recipe_cook(recipe_id, cook_id) VALUES (84, 194);
INSERT INTO recipe_cook(recipe_id, cook_id) VALUES (84, 50);
INSERT INTO recipe_cook(recipe_id, cook_id) VALUES (84, 122);
INSERT INTO recipe_cook(recipe_id, cook_id) VALUES (84, 183);
INSERT INTO recipe_cook(recipe_id, cook_id) VALUES (84, 125);
INSERT INTO recipe_cook(recipe_id, cook_id) VALUES (84, 176);
INSERT INTO recipe_cook(recipe_id, cook_id) VALUES (84, 151);
INSERT INTO recipe_cook(recipe_id, cook_id) VALUES (84, 141);
INSERT INTO recipe_cook(recipe_id, cook_id) VALUES (84, 19);
INSERT INTO recipe_cook(recipe_id, cook_id) VALUES (84, 28);
INSERT INTO recipe_cook(recipe_id, cook_id) VALUES (84, 17);
INSERT INTO recipe_cook(recipe_id, cook_id) VALUES (84, 199);
INSERT INTO recipe_cook(recipe_id, cook_id) VALUES (84, 62);
INSERT INTO recipe_cook(recipe_id, cook_id) VALUES (84, 51);
INSERT INTO recipe_cook(recipe_id, cook_id) VALUES (84, 26);
INSERT INTO recipe_cook(recipe_id, cook_id) VALUES (84, 177);
INSERT INTO recipe_cook(recipe_id, cook_id) VALUES (84, 37);
INSERT INTO recipe_cook(recipe_id, cook_id) VALUES (84, 16);
INSERT INTO recipe_cook(recipe_id, cook_id) VALUES (84, 90);
INSERT INTO recipe_cook(recipe_id, cook_id) VALUES (84, 103);
INSERT INTO recipe_cook(recipe_id, cook_id) VALUES (84, 15);
INSERT INTO recipe_cook(recipe_id, cook_id) VALUES (84, 14);
INSERT INTO recipe_cook(recipe_id, cook_id) VALUES (84, 171);
INSERT INTO recipe_cook(recipe_id, cook_id) VALUES (84, 81);
INSERT INTO recipe_cook(recipe_id, cook_id) VALUES (84, 92);
INSERT INTO recipe_cook(recipe_id, cook_id) VALUES (84, 168);
INSERT INTO recipe_cook(recipe_id, cook_id) VALUES (84, 117);
INSERT INTO recipe_cook(recipe_id, cook_id) VALUES (84, 147);
INSERT INTO recipe_cook(recipe_id, cook_id) VALUES (84, 115);
INSERT INTO recipe_cook(recipe_id, cook_id) VALUES (84, 63);
INSERT INTO recipe_cook(recipe_id, cook_id) VALUES (84, 86);
INSERT INTO recipe_cook(recipe_id, cook_id) VALUES (84, 99);
INSERT INTO recipe_cook(recipe_id, cook_id) VALUES (84, 173);
INSERT INTO recipe_cook(recipe_id, cook_id) VALUES (84, 157);
INSERT INTO recipe_cook(recipe_id, cook_id) VALUES (84, 52);
INSERT INTO recipe_cook(recipe_id, cook_id) VALUES (84, 128);
INSERT INTO recipe_cook(recipe_id, cook_id) VALUES (84, 165);
INSERT INTO recipe_cook(recipe_id, cook_id) VALUES (84, 40);
INSERT INTO recipe_cook(recipe_id, cook_id) VALUES (84, 162);
INSERT INTO recipe_cook(recipe_id, cook_id) VALUES (84, 8);
INSERT INTO recipe_cook(recipe_id, cook_id) VALUES (84, 132);
INSERT INTO recipe_cook(recipe_id, cook_id) VALUES (84, 148);
INSERT INTO recipe_cook(recipe_id, cook_id) VALUES (84, 104);
INSERT INTO recipe_cook(recipe_id, cook_id) VALUES (84, 174);
INSERT INTO recipe_cook(recipe_id, cook_id) VALUES (84, 71);
INSERT INTO recipe_cook(recipe_id, cook_id) VALUES (84, 5);
INSERT INTO recipe_cook(recipe_id, cook_id) VALUES (84, 101);
INSERT INTO recipe_cook(recipe_id, cook_id) VALUES (84, 131);
INSERT INTO recipe_cook(recipe_id, cook_id) VALUES (84, 18);
INSERT INTO recipe_cook(recipe_id, cook_id) VALUES (84, 45);
INSERT INTO recipe_cook(recipe_id, cook_id) VALUES (84, 124);
INSERT INTO recipe_cook(recipe_id, cook_id) VALUES (84, 127);
INSERT INTO recipe_cook(recipe_id, cook_id) VALUES (84, 24);
INSERT INTO recipe_cook(recipe_id, cook_id) VALUES (84, 139);
INSERT INTO recipe_cook(recipe_id, cook_id) VALUES (84, 105);
INSERT INTO recipe_cook(recipe_id, cook_id) VALUES (84, 36);
INSERT INTO recipe_cook(recipe_id, cook_id) VALUES (84, 166);
INSERT INTO recipe_cook(recipe_id, cook_id) VALUES (84, 38);
INSERT INTO recipe_cook(recipe_id, cook_id) VALUES (84, 120);
INSERT INTO recipe_cook(recipe_id, cook_id) VALUES (84, 119);
INSERT INTO recipe_cook(recipe_id, cook_id) VALUES (84, 193);
INSERT INTO recipe_cook(recipe_id, cook_id) VALUES (84, 158);
INSERT INTO recipe_theme(recipe_id, theme_id) VALUES (84, 9);
INSERT INTO recipe_tip(recipe_id, tip_id) VALUES (84, 30);

INSERT INTO recipe(baking, cuisine_id, difficulty, title, recipe_description, prep_time, cook_time, portions, fat_portion, protein_portion, carbo_portion, picture, picture_description) VALUES(0, 11, 2,'Tabbouleh', 'Tax glass involve system large teach. Medical Mrs actually thousand federal blood memory.', 105, 100, 5, 10, 50,55, 'https://placekitten.com/666/1017', 'Yet life side.');
INSERT INTO recipe_meal_type(recipe_id, meal_type_id) VALUES (85, 5);
INSERT INTO recipe_tag(recipe_id, tag_id) VALUES (85, 18);
INSERT INTO recipe_tag(recipe_id, tag_id) VALUES (85, 42);
INSERT INTO recipe_tag(recipe_id, tag_id) VALUES (85, 47);
INSERT INTO recipe_tag(recipe_id, tag_id) VALUES (85, 16);
INSERT INTO recipe_tag(recipe_id, tag_id) VALUES (85, 14);
INSERT INTO recipe_tag(recipe_id, tag_id) VALUES (85, 68);
INSERT INTO recipe_equipment(recipe_id, equipment_id, num) VALUES (85, 20, 1);
INSERT INTO recipe_equipment(recipe_id, equipment_id, num) VALUES (85, 5, 3);
INSERT INTO recipe_equipment(recipe_id, equipment_id, num) VALUES (85, 2, 4);
INSERT INTO recipe_equipment(recipe_id, equipment_id, num) VALUES (85, 15, 4);
INSERT INTO recipe_cook(recipe_id, cook_id) VALUES (85, 176);
INSERT INTO recipe_cook(recipe_id, cook_id) VALUES (85, 155);
INSERT INTO recipe_cook(recipe_id, cook_id) VALUES (85, 148);
INSERT INTO recipe_cook(recipe_id, cook_id) VALUES (85, 8);
INSERT INTO recipe_cook(recipe_id, cook_id) VALUES (85, 69);
INSERT INTO recipe_cook(recipe_id, cook_id) VALUES (85, 116);
INSERT INTO recipe_cook(recipe_id, cook_id) VALUES (85, 10);
INSERT INTO recipe_cook(recipe_id, cook_id) VALUES (85, 119);
INSERT INTO recipe_cook(recipe_id, cook_id) VALUES (85, 18);
INSERT INTO recipe_cook(recipe_id, cook_id) VALUES (85, 117);
INSERT INTO recipe_cook(recipe_id, cook_id) VALUES (85, 109);
INSERT INTO recipe_cook(recipe_id, cook_id) VALUES (85, 112);
INSERT INTO recipe_cook(recipe_id, cook_id) VALUES (85, 32);
INSERT INTO recipe_cook(recipe_id, cook_id) VALUES (85, 111);
INSERT INTO recipe_cook(recipe_id, cook_id) VALUES (85, 138);
INSERT INTO recipe_cook(recipe_id, cook_id) VALUES (85, 130);
INSERT INTO recipe_cook(recipe_id, cook_id) VALUES (85, 27);
INSERT INTO recipe_cook(recipe_id, cook_id) VALUES (85, 173);
INSERT INTO recipe_cook(recipe_id, cook_id) VALUES (85, 167);
INSERT INTO recipe_cook(recipe_id, cook_id) VALUES (85, 118);
INSERT INTO recipe_cook(recipe_id, cook_id) VALUES (85, 46);
INSERT INTO recipe_cook(recipe_id, cook_id) VALUES (85, 85);
INSERT INTO recipe_cook(recipe_id, cook_id) VALUES (85, 82);
INSERT INTO recipe_cook(recipe_id, cook_id) VALUES (85, 36);
INSERT INTO recipe_cook(recipe_id, cook_id) VALUES (85, 163);
INSERT INTO recipe_cook(recipe_id, cook_id) VALUES (85, 75);
INSERT INTO recipe_cook(recipe_id, cook_id) VALUES (85, 98);
INSERT INTO recipe_cook(recipe_id, cook_id) VALUES (85, 9);
INSERT INTO recipe_theme(recipe_id, theme_id) VALUES (85, 20);
INSERT INTO recipe_theme(recipe_id, theme_id) VALUES (85, 3);
INSERT INTO recipe_tip(recipe_id, tip_id) VALUES (85, 23);
INSERT INTO recipe_tip(recipe_id, tip_id) VALUES (85, 11);

INSERT INTO recipe(baking, cuisine_id, difficulty, title, recipe_description, prep_time, cook_time, portions, fat_portion, protein_portion, carbo_portion, picture, picture_description) VALUES(1, 38, 3,'Spring Rolls', 'Table newspaper hot toward. Adult speech somebody civil street vote. Final hand play rather region. Wrong home feeling newspaper.', 95, 40, 4, 20, 10,35, 'https://placekitten.com/643/934', 'Book service same within.');
INSERT INTO recipe_meal_type(recipe_id, meal_type_id) VALUES (86, 2);
INSERT INTO recipe_tag(recipe_id, tag_id) VALUES (86, 70);
INSERT INTO recipe_tag(recipe_id, tag_id) VALUES (86, 80);
INSERT INTO recipe_tag(recipe_id, tag_id) VALUES (86, 2);
INSERT INTO recipe_tag(recipe_id, tag_id) VALUES (86, 64);
INSERT INTO recipe_equipment(recipe_id, equipment_id, num) VALUES (86, 2, 2);
INSERT INTO recipe_equipment(recipe_id, equipment_id, num) VALUES (86, 14, 3);
INSERT INTO recipe_equipment(recipe_id, equipment_id, num) VALUES (86, 19, 4);
INSERT INTO recipe_equipment(recipe_id, equipment_id, num) VALUES (86, 10, 2);
INSERT INTO recipe_cook(recipe_id, cook_id) VALUES (86, 25);
INSERT INTO recipe_cook(recipe_id, cook_id) VALUES (86, 14);
INSERT INTO recipe_cook(recipe_id, cook_id) VALUES (86, 30);
INSERT INTO recipe_cook(recipe_id, cook_id) VALUES (86, 172);
INSERT INTO recipe_cook(recipe_id, cook_id) VALUES (86, 4);
INSERT INTO recipe_cook(recipe_id, cook_id) VALUES (86, 94);
INSERT INTO recipe_cook(recipe_id, cook_id) VALUES (86, 115);
INSERT INTO recipe_cook(recipe_id, cook_id) VALUES (86, 91);
INSERT INTO recipe_cook(recipe_id, cook_id) VALUES (86, 154);
INSERT INTO recipe_cook(recipe_id, cook_id) VALUES (86, 48);
INSERT INTO recipe_cook(recipe_id, cook_id) VALUES (86, 177);
INSERT INTO recipe_cook(recipe_id, cook_id) VALUES (86, 150);
INSERT INTO recipe_cook(recipe_id, cook_id) VALUES (86, 135);
INSERT INTO recipe_cook(recipe_id, cook_id) VALUES (86, 152);
INSERT INTO recipe_cook(recipe_id, cook_id) VALUES (86, 85);
INSERT INTO recipe_cook(recipe_id, cook_id) VALUES (86, 174);
INSERT INTO recipe_cook(recipe_id, cook_id) VALUES (86, 118);
INSERT INTO recipe_cook(recipe_id, cook_id) VALUES (86, 116);
INSERT INTO recipe_cook(recipe_id, cook_id) VALUES (86, 128);
INSERT INTO recipe_cook(recipe_id, cook_id) VALUES (86, 117);
INSERT INTO recipe_cook(recipe_id, cook_id) VALUES (86, 84);
INSERT INTO recipe_cook(recipe_id, cook_id) VALUES (86, 183);
INSERT INTO recipe_cook(recipe_id, cook_id) VALUES (86, 76);
INSERT INTO recipe_cook(recipe_id, cook_id) VALUES (86, 89);
INSERT INTO recipe_cook(recipe_id, cook_id) VALUES (86, 198);
INSERT INTO recipe_cook(recipe_id, cook_id) VALUES (86, 189);
INSERT INTO recipe_cook(recipe_id, cook_id) VALUES (86, 196);
INSERT INTO recipe_cook(recipe_id, cook_id) VALUES (86, 186);
INSERT INTO recipe_cook(recipe_id, cook_id) VALUES (86, 156);
INSERT INTO recipe_cook(recipe_id, cook_id) VALUES (86, 64);
INSERT INTO recipe_cook(recipe_id, cook_id) VALUES (86, 96);
INSERT INTO recipe_cook(recipe_id, cook_id) VALUES (86, 192);
INSERT INTO recipe_cook(recipe_id, cook_id) VALUES (86, 68);
INSERT INTO recipe_cook(recipe_id, cook_id) VALUES (86, 88);
INSERT INTO recipe_cook(recipe_id, cook_id) VALUES (86, 184);
INSERT INTO recipe_cook(recipe_id, cook_id) VALUES (86, 26);
INSERT INTO recipe_cook(recipe_id, cook_id) VALUES (86, 129);
INSERT INTO recipe_cook(recipe_id, cook_id) VALUES (86, 58);
INSERT INTO recipe_cook(recipe_id, cook_id) VALUES (86, 92);
INSERT INTO recipe_cook(recipe_id, cook_id) VALUES (86, 193);
INSERT INTO recipe_cook(recipe_id, cook_id) VALUES (86, 112);
INSERT INTO recipe_cook(recipe_id, cook_id) VALUES (86, 36);
INSERT INTO recipe_cook(recipe_id, cook_id) VALUES (86, 37);
INSERT INTO recipe_cook(recipe_id, cook_id) VALUES (86, 191);
INSERT INTO recipe_cook(recipe_id, cook_id) VALUES (86, 131);
INSERT INTO recipe_cook(recipe_id, cook_id) VALUES (86, 167);
INSERT INTO recipe_cook(recipe_id, cook_id) VALUES (86, 187);
INSERT INTO recipe_cook(recipe_id, cook_id) VALUES (86, 80);
INSERT INTO recipe_cook(recipe_id, cook_id) VALUES (86, 39);
INSERT INTO recipe_cook(recipe_id, cook_id) VALUES (86, 62);
INSERT INTO recipe_cook(recipe_id, cook_id) VALUES (86, 124);
INSERT INTO recipe_cook(recipe_id, cook_id) VALUES (86, 179);
INSERT INTO recipe_cook(recipe_id, cook_id) VALUES (86, 144);
INSERT INTO recipe_cook(recipe_id, cook_id) VALUES (86, 67);
INSERT INTO recipe_cook(recipe_id, cook_id) VALUES (86, 60);
INSERT INTO recipe_cook(recipe_id, cook_id) VALUES (86, 108);
INSERT INTO recipe_cook(recipe_id, cook_id) VALUES (86, 51);
INSERT INTO recipe_cook(recipe_id, cook_id) VALUES (86, 136);
INSERT INTO recipe_cook(recipe_id, cook_id) VALUES (86, 28);
INSERT INTO recipe_cook(recipe_id, cook_id) VALUES (86, 158);
INSERT INTO recipe_cook(recipe_id, cook_id) VALUES (86, 100);
INSERT INTO recipe_cook(recipe_id, cook_id) VALUES (86, 57);
INSERT INTO recipe_cook(recipe_id, cook_id) VALUES (86, 134);
INSERT INTO recipe_cook(recipe_id, cook_id) VALUES (86, 162);
INSERT INTO recipe_cook(recipe_id, cook_id) VALUES (86, 34);
INSERT INTO recipe_cook(recipe_id, cook_id) VALUES (86, 95);
INSERT INTO recipe_cook(recipe_id, cook_id) VALUES (86, 45);
INSERT INTO recipe_cook(recipe_id, cook_id) VALUES (86, 77);
INSERT INTO recipe_cook(recipe_id, cook_id) VALUES (86, 69);
INSERT INTO recipe_cook(recipe_id, cook_id) VALUES (86, 6);
INSERT INTO recipe_cook(recipe_id, cook_id) VALUES (86, 188);
INSERT INTO recipe_cook(recipe_id, cook_id) VALUES (86, 43);
INSERT INTO recipe_cook(recipe_id, cook_id) VALUES (86, 190);
INSERT INTO recipe_cook(recipe_id, cook_id) VALUES (86, 105);
INSERT INTO recipe_cook(recipe_id, cook_id) VALUES (86, 7);
INSERT INTO recipe_cook(recipe_id, cook_id) VALUES (86, 40);
INSERT INTO recipe_cook(recipe_id, cook_id) VALUES (86, 103);
INSERT INTO recipe_cook(recipe_id, cook_id) VALUES (86, 18);
INSERT INTO recipe_cook(recipe_id, cook_id) VALUES (86, 175);
INSERT INTO recipe_cook(recipe_id, cook_id) VALUES (86, 173);
INSERT INTO recipe_cook(recipe_id, cook_id) VALUES (86, 125);
INSERT INTO recipe_cook(recipe_id, cook_id) VALUES (86, 13);
INSERT INTO recipe_cook(recipe_id, cook_id) VALUES (86, 75);
INSERT INTO recipe_cook(recipe_id, cook_id) VALUES (86, 194);
INSERT INTO recipe_cook(recipe_id, cook_id) VALUES (86, 111);
INSERT INTO recipe_cook(recipe_id, cook_id) VALUES (86, 151);
INSERT INTO recipe_cook(recipe_id, cook_id) VALUES (86, 63);
INSERT INTO recipe_cook(recipe_id, cook_id) VALUES (86, 53);
INSERT INTO recipe_cook(recipe_id, cook_id) VALUES (86, 82);
INSERT INTO recipe_cook(recipe_id, cook_id) VALUES (86, 147);
INSERT INTO recipe_cook(recipe_id, cook_id) VALUES (86, 123);
INSERT INTO recipe_cook(recipe_id, cook_id) VALUES (86, 16);
INSERT INTO recipe_cook(recipe_id, cook_id) VALUES (86, 99);
INSERT INTO recipe_cook(recipe_id, cook_id) VALUES (86, 101);
INSERT INTO recipe_cook(recipe_id, cook_id) VALUES (86, 90);
INSERT INTO recipe_cook(recipe_id, cook_id) VALUES (86, 120);
INSERT INTO recipe_cook(recipe_id, cook_id) VALUES (86, 185);
INSERT INTO recipe_cook(recipe_id, cook_id) VALUES (86, 113);
INSERT INTO recipe_cook(recipe_id, cook_id) VALUES (86, 81);
INSERT INTO recipe_cook(recipe_id, cook_id) VALUES (86, 10);
INSERT INTO recipe_cook(recipe_id, cook_id) VALUES (86, 44);
INSERT INTO recipe_cook(recipe_id, cook_id) VALUES (86, 35);
INSERT INTO recipe_cook(recipe_id, cook_id) VALUES (86, 42);
INSERT INTO recipe_cook(recipe_id, cook_id) VALUES (86, 122);
INSERT INTO recipe_cook(recipe_id, cook_id) VALUES (86, 74);
INSERT INTO recipe_cook(recipe_id, cook_id) VALUES (86, 182);
INSERT INTO recipe_cook(recipe_id, cook_id) VALUES (86, 79);
INSERT INTO recipe_cook(recipe_id, cook_id) VALUES (86, 170);
INSERT INTO recipe_cook(recipe_id, cook_id) VALUES (86, 83);
INSERT INTO recipe_cook(recipe_id, cook_id) VALUES (86, 159);
INSERT INTO recipe_cook(recipe_id, cook_id) VALUES (86, 140);
INSERT INTO recipe_cook(recipe_id, cook_id) VALUES (86, 11);
INSERT INTO recipe_cook(recipe_id, cook_id) VALUES (86, 195);
INSERT INTO recipe_cook(recipe_id, cook_id) VALUES (86, 38);
INSERT INTO recipe_cook(recipe_id, cook_id) VALUES (86, 66);
INSERT INTO recipe_cook(recipe_id, cook_id) VALUES (86, 71);
INSERT INTO recipe_cook(recipe_id, cook_id) VALUES (86, 2);
INSERT INTO recipe_cook(recipe_id, cook_id) VALUES (86, 93);
INSERT INTO recipe_cook(recipe_id, cook_id) VALUES (86, 22);
INSERT INTO recipe_cook(recipe_id, cook_id) VALUES (86, 20);
INSERT INTO recipe_cook(recipe_id, cook_id) VALUES (86, 153);
INSERT INTO recipe_cook(recipe_id, cook_id) VALUES (86, 104);
INSERT INTO recipe_cook(recipe_id, cook_id) VALUES (86, 164);
INSERT INTO recipe_cook(recipe_id, cook_id) VALUES (86, 24);
INSERT INTO recipe_cook(recipe_id, cook_id) VALUES (86, 55);
INSERT INTO recipe_cook(recipe_id, cook_id) VALUES (86, 27);
INSERT INTO recipe_cook(recipe_id, cook_id) VALUES (86, 139);
INSERT INTO recipe_cook(recipe_id, cook_id) VALUES (86, 56);
INSERT INTO recipe_cook(recipe_id, cook_id) VALUES (86, 70);
INSERT INTO recipe_cook(recipe_id, cook_id) VALUES (86, 41);
INSERT INTO recipe_cook(recipe_id, cook_id) VALUES (86, 49);
INSERT INTO recipe_cook(recipe_id, cook_id) VALUES (86, 166);
INSERT INTO recipe_cook(recipe_id, cook_id) VALUES (86, 98);
INSERT INTO recipe_cook(recipe_id, cook_id) VALUES (86, 155);
INSERT INTO recipe_cook(recipe_id, cook_id) VALUES (86, 65);
INSERT INTO recipe_cook(recipe_id, cook_id) VALUES (86, 146);
INSERT INTO recipe_cook(recipe_id, cook_id) VALUES (86, 109);
INSERT INTO recipe_cook(recipe_id, cook_id) VALUES (86, 163);
INSERT INTO recipe_cook(recipe_id, cook_id) VALUES (86, 107);
INSERT INTO recipe_cook(recipe_id, cook_id) VALUES (86, 5);
INSERT INTO recipe_cook(recipe_id, cook_id) VALUES (86, 3);
INSERT INTO recipe_cook(recipe_id, cook_id) VALUES (86, 127);
INSERT INTO recipe_cook(recipe_id, cook_id) VALUES (86, 102);
INSERT INTO recipe_cook(recipe_id, cook_id) VALUES (86, 47);
INSERT INTO recipe_cook(recipe_id, cook_id) VALUES (86, 46);
INSERT INTO recipe_cook(recipe_id, cook_id) VALUES (86, 32);
INSERT INTO recipe_cook(recipe_id, cook_id) VALUES (86, 169);
INSERT INTO recipe_cook(recipe_id, cook_id) VALUES (86, 21);
INSERT INTO recipe_cook(recipe_id, cook_id) VALUES (86, 54);
INSERT INTO recipe_cook(recipe_id, cook_id) VALUES (86, 168);
INSERT INTO recipe_cook(recipe_id, cook_id) VALUES (86, 133);
INSERT INTO recipe_cook(recipe_id, cook_id) VALUES (86, 78);
INSERT INTO recipe_cook(recipe_id, cook_id) VALUES (86, 12);
INSERT INTO recipe_cook(recipe_id, cook_id) VALUES (86, 1);
INSERT INTO recipe_cook(recipe_id, cook_id) VALUES (86, 180);
INSERT INTO recipe_cook(recipe_id, cook_id) VALUES (86, 33);
INSERT INTO recipe_cook(recipe_id, cook_id) VALUES (86, 87);
INSERT INTO recipe_cook(recipe_id, cook_id) VALUES (86, 149);
INSERT INTO recipe_cook(recipe_id, cook_id) VALUES (86, 50);
INSERT INTO recipe_cook(recipe_id, cook_id) VALUES (86, 143);
INSERT INTO recipe_cook(recipe_id, cook_id) VALUES (86, 23);
INSERT INTO recipe_cook(recipe_id, cook_id) VALUES (86, 106);
INSERT INTO recipe_cook(recipe_id, cook_id) VALUES (86, 97);
INSERT INTO recipe_cook(recipe_id, cook_id) VALUES (86, 181);
INSERT INTO recipe_cook(recipe_id, cook_id) VALUES (86, 110);
INSERT INTO recipe_cook(recipe_id, cook_id) VALUES (86, 176);
INSERT INTO recipe_cook(recipe_id, cook_id) VALUES (86, 161);
INSERT INTO recipe_cook(recipe_id, cook_id) VALUES (86, 52);
INSERT INTO recipe_cook(recipe_id, cook_id) VALUES (86, 29);
INSERT INTO recipe_cook(recipe_id, cook_id) VALUES (86, 141);
INSERT INTO recipe_cook(recipe_id, cook_id) VALUES (86, 17);
INSERT INTO recipe_cook(recipe_id, cook_id) VALUES (86, 160);
INSERT INTO recipe_cook(recipe_id, cook_id) VALUES (86, 197);
INSERT INTO recipe_cook(recipe_id, cook_id) VALUES (86, 72);
INSERT INTO recipe_cook(recipe_id, cook_id) VALUES (86, 138);
INSERT INTO recipe_cook(recipe_id, cook_id) VALUES (86, 200);
INSERT INTO recipe_cook(recipe_id, cook_id) VALUES (86, 114);
INSERT INTO recipe_cook(recipe_id, cook_id) VALUES (86, 145);
INSERT INTO recipe_cook(recipe_id, cook_id) VALUES (86, 86);
INSERT INTO recipe_cook(recipe_id, cook_id) VALUES (86, 119);
INSERT INTO recipe_cook(recipe_id, cook_id) VALUES (86, 178);
INSERT INTO recipe_theme(recipe_id, theme_id) VALUES (86, 23);
INSERT INTO recipe_theme(recipe_id, theme_id) VALUES (86, 11);
INSERT INTO recipe_theme(recipe_id, theme_id) VALUES (86, 24);
INSERT INTO recipe_tip(recipe_id, tip_id) VALUES (86, 30);
INSERT INTO recipe_tip(recipe_id, tip_id) VALUES (86, 36);

INSERT INTO recipe(baking, cuisine_id, difficulty, title, recipe_description, prep_time, cook_time, portions, fat_portion, protein_portion, carbo_portion, picture, picture_description) VALUES(0, 22, 3,'Chocolate Chip Cookies', 'Explain wait expect. These environment and until. Treat with war risk your method. Usually hit truth author few.', 55, 30, 3, 35, 55,40, 'https://placekitten.com/8/463', 'The thing development call bar economy.');
INSERT INTO recipe_meal_type(recipe_id, meal_type_id) VALUES (87, 6);
INSERT INTO recipe_tag(recipe_id, tag_id) VALUES (87, 10);
INSERT INTO recipe_tag(recipe_id, tag_id) VALUES (87, 89);
INSERT INTO recipe_tag(recipe_id, tag_id) VALUES (87, 90);
INSERT INTO recipe_tag(recipe_id, tag_id) VALUES (87, 38);
INSERT INTO recipe_tag(recipe_id, tag_id) VALUES (87, 87);
INSERT INTO recipe_tag(recipe_id, tag_id) VALUES (87, 11);
INSERT INTO recipe_equipment(recipe_id, equipment_id, num) VALUES (87, 20, 2);
INSERT INTO recipe_equipment(recipe_id, equipment_id, num) VALUES (87, 2, 4);
INSERT INTO recipe_equipment(recipe_id, equipment_id, num) VALUES (87, 11, 3);
INSERT INTO recipe_cook(recipe_id, cook_id) VALUES (87, 5);
INSERT INTO recipe_cook(recipe_id, cook_id) VALUES (87, 40);
INSERT INTO recipe_cook(recipe_id, cook_id) VALUES (87, 44);
INSERT INTO recipe_cook(recipe_id, cook_id) VALUES (87, 55);
INSERT INTO recipe_cook(recipe_id, cook_id) VALUES (87, 157);
INSERT INTO recipe_cook(recipe_id, cook_id) VALUES (87, 111);
INSERT INTO recipe_cook(recipe_id, cook_id) VALUES (87, 200);
INSERT INTO recipe_cook(recipe_id, cook_id) VALUES (87, 24);
INSERT INTO recipe_cook(recipe_id, cook_id) VALUES (87, 32);
INSERT INTO recipe_cook(recipe_id, cook_id) VALUES (87, 152);
INSERT INTO recipe_cook(recipe_id, cook_id) VALUES (87, 85);
INSERT INTO recipe_cook(recipe_id, cook_id) VALUES (87, 41);
INSERT INTO recipe_cook(recipe_id, cook_id) VALUES (87, 50);
INSERT INTO recipe_cook(recipe_id, cook_id) VALUES (87, 186);
INSERT INTO recipe_cook(recipe_id, cook_id) VALUES (87, 108);
INSERT INTO recipe_cook(recipe_id, cook_id) VALUES (87, 151);
INSERT INTO recipe_cook(recipe_id, cook_id) VALUES (87, 62);
INSERT INTO recipe_cook(recipe_id, cook_id) VALUES (87, 164);
INSERT INTO recipe_cook(recipe_id, cook_id) VALUES (87, 190);
INSERT INTO recipe_cook(recipe_id, cook_id) VALUES (87, 154);
INSERT INTO recipe_cook(recipe_id, cook_id) VALUES (87, 172);
INSERT INTO recipe_cook(recipe_id, cook_id) VALUES (87, 97);
INSERT INTO recipe_cook(recipe_id, cook_id) VALUES (87, 47);
INSERT INTO recipe_cook(recipe_id, cook_id) VALUES (87, 74);
INSERT INTO recipe_cook(recipe_id, cook_id) VALUES (87, 11);
INSERT INTO recipe_cook(recipe_id, cook_id) VALUES (87, 192);
INSERT INTO recipe_cook(recipe_id, cook_id) VALUES (87, 68);
INSERT INTO recipe_cook(recipe_id, cook_id) VALUES (87, 75);
INSERT INTO recipe_cook(recipe_id, cook_id) VALUES (87, 27);
INSERT INTO recipe_cook(recipe_id, cook_id) VALUES (87, 187);
INSERT INTO recipe_cook(recipe_id, cook_id) VALUES (87, 28);
INSERT INTO recipe_cook(recipe_id, cook_id) VALUES (87, 179);
INSERT INTO recipe_cook(recipe_id, cook_id) VALUES (87, 51);
INSERT INTO recipe_cook(recipe_id, cook_id) VALUES (87, 37);
INSERT INTO recipe_cook(recipe_id, cook_id) VALUES (87, 116);
INSERT INTO recipe_cook(recipe_id, cook_id) VALUES (87, 14);
INSERT INTO recipe_cook(recipe_id, cook_id) VALUES (87, 173);
INSERT INTO recipe_cook(recipe_id, cook_id) VALUES (87, 77);
INSERT INTO recipe_cook(recipe_id, cook_id) VALUES (87, 87);
INSERT INTO recipe_cook(recipe_id, cook_id) VALUES (87, 1);
INSERT INTO recipe_cook(recipe_id, cook_id) VALUES (87, 10);
INSERT INTO recipe_cook(recipe_id, cook_id) VALUES (87, 42);
INSERT INTO recipe_cook(recipe_id, cook_id) VALUES (87, 36);
INSERT INTO recipe_cook(recipe_id, cook_id) VALUES (87, 178);
INSERT INTO recipe_cook(recipe_id, cook_id) VALUES (87, 34);
INSERT INTO recipe_cook(recipe_id, cook_id) VALUES (87, 133);
INSERT INTO recipe_cook(recipe_id, cook_id) VALUES (87, 146);
INSERT INTO recipe_cook(recipe_id, cook_id) VALUES (87, 130);
INSERT INTO recipe_cook(recipe_id, cook_id) VALUES (87, 114);
INSERT INTO recipe_cook(recipe_id, cook_id) VALUES (87, 78);
INSERT INTO recipe_cook(recipe_id, cook_id) VALUES (87, 33);
INSERT INTO recipe_cook(recipe_id, cook_id) VALUES (87, 61);
INSERT INTO recipe_cook(recipe_id, cook_id) VALUES (87, 138);
INSERT INTO recipe_cook(recipe_id, cook_id) VALUES (87, 4);
INSERT INTO recipe_cook(recipe_id, cook_id) VALUES (87, 171);
INSERT INTO recipe_cook(recipe_id, cook_id) VALUES (87, 194);
INSERT INTO recipe_cook(recipe_id, cook_id) VALUES (87, 118);
INSERT INTO recipe_cook(recipe_id, cook_id) VALUES (87, 35);
INSERT INTO recipe_cook(recipe_id, cook_id) VALUES (87, 53);
INSERT INTO recipe_cook(recipe_id, cook_id) VALUES (87, 23);
INSERT INTO recipe_cook(recipe_id, cook_id) VALUES (87, 45);
INSERT INTO recipe_cook(recipe_id, cook_id) VALUES (87, 168);
INSERT INTO recipe_cook(recipe_id, cook_id) VALUES (87, 64);
INSERT INTO recipe_cook(recipe_id, cook_id) VALUES (87, 165);
INSERT INTO recipe_cook(recipe_id, cook_id) VALUES (87, 109);
INSERT INTO recipe_cook(recipe_id, cook_id) VALUES (87, 110);
INSERT INTO recipe_cook(recipe_id, cook_id) VALUES (87, 197);
INSERT INTO recipe_cook(recipe_id, cook_id) VALUES (87, 38);
INSERT INTO recipe_cook(recipe_id, cook_id) VALUES (87, 115);
INSERT INTO recipe_cook(recipe_id, cook_id) VALUES (87, 58);
INSERT INTO recipe_cook(recipe_id, cook_id) VALUES (87, 89);
INSERT INTO recipe_cook(recipe_id, cook_id) VALUES (87, 16);
INSERT INTO recipe_cook(recipe_id, cook_id) VALUES (87, 21);
INSERT INTO recipe_cook(recipe_id, cook_id) VALUES (87, 15);
INSERT INTO recipe_cook(recipe_id, cook_id) VALUES (87, 94);
INSERT INTO recipe_cook(recipe_id, cook_id) VALUES (87, 163);
INSERT INTO recipe_cook(recipe_id, cook_id) VALUES (87, 176);
INSERT INTO recipe_cook(recipe_id, cook_id) VALUES (87, 126);
INSERT INTO recipe_cook(recipe_id, cook_id) VALUES (87, 153);
INSERT INTO recipe_cook(recipe_id, cook_id) VALUES (87, 99);
INSERT INTO recipe_cook(recipe_id, cook_id) VALUES (87, 144);
INSERT INTO recipe_cook(recipe_id, cook_id) VALUES (87, 39);
INSERT INTO recipe_cook(recipe_id, cook_id) VALUES (87, 46);
INSERT INTO recipe_cook(recipe_id, cook_id) VALUES (87, 180);
INSERT INTO recipe_cook(recipe_id, cook_id) VALUES (87, 84);
INSERT INTO recipe_cook(recipe_id, cook_id) VALUES (87, 71);
INSERT INTO recipe_cook(recipe_id, cook_id) VALUES (87, 143);
INSERT INTO recipe_cook(recipe_id, cook_id) VALUES (87, 90);
INSERT INTO recipe_cook(recipe_id, cook_id) VALUES (87, 121);
INSERT INTO recipe_cook(recipe_id, cook_id) VALUES (87, 191);
INSERT INTO recipe_cook(recipe_id, cook_id) VALUES (87, 181);
INSERT INTO recipe_cook(recipe_id, cook_id) VALUES (87, 65);
INSERT INTO recipe_cook(recipe_id, cook_id) VALUES (87, 117);
INSERT INTO recipe_cook(recipe_id, cook_id) VALUES (87, 72);
INSERT INTO recipe_cook(recipe_id, cook_id) VALUES (87, 25);
INSERT INTO recipe_cook(recipe_id, cook_id) VALUES (87, 141);
INSERT INTO recipe_cook(recipe_id, cook_id) VALUES (87, 56);
INSERT INTO recipe_cook(recipe_id, cook_id) VALUES (87, 175);
INSERT INTO recipe_cook(recipe_id, cook_id) VALUES (87, 52);
INSERT INTO recipe_cook(recipe_id, cook_id) VALUES (87, 8);
INSERT INTO recipe_cook(recipe_id, cook_id) VALUES (87, 182);
INSERT INTO recipe_cook(recipe_id, cook_id) VALUES (87, 177);
INSERT INTO recipe_cook(recipe_id, cook_id) VALUES (87, 139);
INSERT INTO recipe_cook(recipe_id, cook_id) VALUES (87, 198);
INSERT INTO recipe_cook(recipe_id, cook_id) VALUES (87, 193);
INSERT INTO recipe_cook(recipe_id, cook_id) VALUES (87, 137);
INSERT INTO recipe_cook(recipe_id, cook_id) VALUES (87, 174);
INSERT INTO recipe_cook(recipe_id, cook_id) VALUES (87, 66);
INSERT INTO recipe_cook(recipe_id, cook_id) VALUES (87, 26);
INSERT INTO recipe_cook(recipe_id, cook_id) VALUES (87, 150);
INSERT INTO recipe_cook(recipe_id, cook_id) VALUES (87, 183);
INSERT INTO recipe_cook(recipe_id, cook_id) VALUES (87, 7);
INSERT INTO recipe_cook(recipe_id, cook_id) VALUES (87, 69);
INSERT INTO recipe_cook(recipe_id, cook_id) VALUES (87, 103);
INSERT INTO recipe_cook(recipe_id, cook_id) VALUES (87, 136);
INSERT INTO recipe_cook(recipe_id, cook_id) VALUES (87, 54);
INSERT INTO recipe_cook(recipe_id, cook_id) VALUES (87, 57);
INSERT INTO recipe_cook(recipe_id, cook_id) VALUES (87, 107);
INSERT INTO recipe_cook(recipe_id, cook_id) VALUES (87, 82);
INSERT INTO recipe_cook(recipe_id, cook_id) VALUES (87, 155);
INSERT INTO recipe_cook(recipe_id, cook_id) VALUES (87, 129);
INSERT INTO recipe_cook(recipe_id, cook_id) VALUES (87, 30);
INSERT INTO recipe_cook(recipe_id, cook_id) VALUES (87, 83);
INSERT INTO recipe_cook(recipe_id, cook_id) VALUES (87, 148);
INSERT INTO recipe_cook(recipe_id, cook_id) VALUES (87, 98);
INSERT INTO recipe_cook(recipe_id, cook_id) VALUES (87, 127);
INSERT INTO recipe_cook(recipe_id, cook_id) VALUES (87, 93);
INSERT INTO recipe_cook(recipe_id, cook_id) VALUES (87, 199);
INSERT INTO recipe_cook(recipe_id, cook_id) VALUES (87, 119);
INSERT INTO recipe_cook(recipe_id, cook_id) VALUES (87, 196);
INSERT INTO recipe_cook(recipe_id, cook_id) VALUES (87, 124);
INSERT INTO recipe_cook(recipe_id, cook_id) VALUES (87, 184);
INSERT INTO recipe_cook(recipe_id, cook_id) VALUES (87, 76);
INSERT INTO recipe_cook(recipe_id, cook_id) VALUES (87, 81);
INSERT INTO recipe_cook(recipe_id, cook_id) VALUES (87, 88);
INSERT INTO recipe_cook(recipe_id, cook_id) VALUES (87, 112);
INSERT INTO recipe_cook(recipe_id, cook_id) VALUES (87, 142);
INSERT INTO recipe_cook(recipe_id, cook_id) VALUES (87, 95);
INSERT INTO recipe_cook(recipe_id, cook_id) VALUES (87, 162);
INSERT INTO recipe_cook(recipe_id, cook_id) VALUES (87, 160);
INSERT INTO recipe_cook(recipe_id, cook_id) VALUES (87, 59);
INSERT INTO recipe_cook(recipe_id, cook_id) VALUES (87, 60);
INSERT INTO recipe_cook(recipe_id, cook_id) VALUES (87, 92);
INSERT INTO recipe_cook(recipe_id, cook_id) VALUES (87, 140);
INSERT INTO recipe_cook(recipe_id, cook_id) VALUES (87, 63);
INSERT INTO recipe_cook(recipe_id, cook_id) VALUES (87, 105);
INSERT INTO recipe_cook(recipe_id, cook_id) VALUES (87, 96);
INSERT INTO recipe_cook(recipe_id, cook_id) VALUES (87, 158);
INSERT INTO recipe_cook(recipe_id, cook_id) VALUES (87, 79);
INSERT INTO recipe_cook(recipe_id, cook_id) VALUES (87, 3);
INSERT INTO recipe_cook(recipe_id, cook_id) VALUES (87, 161);
INSERT INTO recipe_cook(recipe_id, cook_id) VALUES (87, 49);
INSERT INTO recipe_cook(recipe_id, cook_id) VALUES (87, 156);
INSERT INTO recipe_cook(recipe_id, cook_id) VALUES (87, 86);
INSERT INTO recipe_cook(recipe_id, cook_id) VALUES (87, 17);
INSERT INTO recipe_cook(recipe_id, cook_id) VALUES (87, 102);
INSERT INTO recipe_cook(recipe_id, cook_id) VALUES (87, 29);
INSERT INTO recipe_cook(recipe_id, cook_id) VALUES (87, 170);
INSERT INTO recipe_cook(recipe_id, cook_id) VALUES (87, 159);
INSERT INTO recipe_cook(recipe_id, cook_id) VALUES (87, 48);
INSERT INTO recipe_cook(recipe_id, cook_id) VALUES (87, 101);
INSERT INTO recipe_cook(recipe_id, cook_id) VALUES (87, 13);
INSERT INTO recipe_cook(recipe_id, cook_id) VALUES (87, 67);
INSERT INTO recipe_cook(recipe_id, cook_id) VALUES (87, 43);
INSERT INTO recipe_cook(recipe_id, cook_id) VALUES (87, 185);
INSERT INTO recipe_cook(recipe_id, cook_id) VALUES (87, 106);
INSERT INTO recipe_cook(recipe_id, cook_id) VALUES (87, 167);
INSERT INTO recipe_cook(recipe_id, cook_id) VALUES (87, 6);
INSERT INTO recipe_cook(recipe_id, cook_id) VALUES (87, 123);
INSERT INTO recipe_cook(recipe_id, cook_id) VALUES (87, 91);
INSERT INTO recipe_cook(recipe_id, cook_id) VALUES (87, 2);
INSERT INTO recipe_cook(recipe_id, cook_id) VALUES (87, 100);
INSERT INTO recipe_cook(recipe_id, cook_id) VALUES (87, 145);
INSERT INTO recipe_cook(recipe_id, cook_id) VALUES (87, 195);
INSERT INTO recipe_cook(recipe_id, cook_id) VALUES (87, 131);
INSERT INTO recipe_cook(recipe_id, cook_id) VALUES (87, 169);
INSERT INTO recipe_cook(recipe_id, cook_id) VALUES (87, 166);
INSERT INTO recipe_cook(recipe_id, cook_id) VALUES (87, 120);
INSERT INTO recipe_cook(recipe_id, cook_id) VALUES (87, 9);
INSERT INTO recipe_cook(recipe_id, cook_id) VALUES (87, 18);
INSERT INTO recipe_cook(recipe_id, cook_id) VALUES (87, 73);
INSERT INTO recipe_cook(recipe_id, cook_id) VALUES (87, 31);
INSERT INTO recipe_cook(recipe_id, cook_id) VALUES (87, 70);
INSERT INTO recipe_cook(recipe_id, cook_id) VALUES (87, 147);
INSERT INTO recipe_cook(recipe_id, cook_id) VALUES (87, 128);
INSERT INTO recipe_cook(recipe_id, cook_id) VALUES (87, 149);
INSERT INTO recipe_theme(recipe_id, theme_id) VALUES (87, 18);
INSERT INTO recipe_tip(recipe_id, tip_id) VALUES (87, 23);
INSERT INTO recipe_tip(recipe_id, tip_id) VALUES (87, 33);
INSERT INTO recipe_tip(recipe_id, tip_id) VALUES (87, 30);

INSERT INTO recipe(baking, cuisine_id, difficulty, title, recipe_description, prep_time, cook_time, portions, fat_portion, protein_portion, carbo_portion, picture, picture_description) VALUES(0, 18, 2,'Beef Tacos', 'Off line civil green less building. Yes entire along effect possible stock. Own treat how under imagine him. American bill personal school skin.', 15, 30, 3, 0, 15,60, 'https://picsum.photos/197/656', 'Several report option pay be hot.');
INSERT INTO recipe_meal_type(recipe_id, meal_type_id) VALUES (88, 4);
INSERT INTO recipe_tag(recipe_id, tag_id) VALUES (88, 80);
INSERT INTO recipe_tag(recipe_id, tag_id) VALUES (88, 99);
INSERT INTO recipe_tag(recipe_id, tag_id) VALUES (88, 53);
INSERT INTO recipe_tag(recipe_id, tag_id) VALUES (88, 83);
INSERT INTO recipe_tag(recipe_id, tag_id) VALUES (88, 33);
INSERT INTO recipe_tag(recipe_id, tag_id) VALUES (88, 4);
INSERT INTO recipe_tag(recipe_id, tag_id) VALUES (88, 39);
INSERT INTO recipe_equipment(recipe_id, equipment_id, num) VALUES (88, 4, 3);
INSERT INTO recipe_equipment(recipe_id, equipment_id, num) VALUES (88, 8, 4);
INSERT INTO recipe_equipment(recipe_id, equipment_id, num) VALUES (88, 16, 1);
INSERT INTO recipe_cook(recipe_id, cook_id) VALUES (88, 48);
INSERT INTO recipe_cook(recipe_id, cook_id) VALUES (88, 47);
INSERT INTO recipe_cook(recipe_id, cook_id) VALUES (88, 117);
INSERT INTO recipe_cook(recipe_id, cook_id) VALUES (88, 35);
INSERT INTO recipe_cook(recipe_id, cook_id) VALUES (88, 144);
INSERT INTO recipe_cook(recipe_id, cook_id) VALUES (88, 14);
INSERT INTO recipe_cook(recipe_id, cook_id) VALUES (88, 20);
INSERT INTO recipe_cook(recipe_id, cook_id) VALUES (88, 139);
INSERT INTO recipe_cook(recipe_id, cook_id) VALUES (88, 121);
INSERT INTO recipe_cook(recipe_id, cook_id) VALUES (88, 118);
INSERT INTO recipe_cook(recipe_id, cook_id) VALUES (88, 186);
INSERT INTO recipe_cook(recipe_id, cook_id) VALUES (88, 5);
INSERT INTO recipe_cook(recipe_id, cook_id) VALUES (88, 181);
INSERT INTO recipe_cook(recipe_id, cook_id) VALUES (88, 56);
INSERT INTO recipe_cook(recipe_id, cook_id) VALUES (88, 62);
INSERT INTO recipe_cook(recipe_id, cook_id) VALUES (88, 141);
INSERT INTO recipe_cook(recipe_id, cook_id) VALUES (88, 160);
INSERT INTO recipe_cook(recipe_id, cook_id) VALUES (88, 85);
INSERT INTO recipe_cook(recipe_id, cook_id) VALUES (88, 18);
INSERT INTO recipe_cook(recipe_id, cook_id) VALUES (88, 168);
INSERT INTO recipe_cook(recipe_id, cook_id) VALUES (88, 176);
INSERT INTO recipe_cook(recipe_id, cook_id) VALUES (88, 127);
INSERT INTO recipe_cook(recipe_id, cook_id) VALUES (88, 71);
INSERT INTO recipe_cook(recipe_id, cook_id) VALUES (88, 164);
INSERT INTO recipe_cook(recipe_id, cook_id) VALUES (88, 24);
INSERT INTO recipe_cook(recipe_id, cook_id) VALUES (88, 104);
INSERT INTO recipe_cook(recipe_id, cook_id) VALUES (88, 81);
INSERT INTO recipe_cook(recipe_id, cook_id) VALUES (88, 130);
INSERT INTO recipe_cook(recipe_id, cook_id) VALUES (88, 6);
INSERT INTO recipe_cook(recipe_id, cook_id) VALUES (88, 157);
INSERT INTO recipe_cook(recipe_id, cook_id) VALUES (88, 3);
INSERT INTO recipe_cook(recipe_id, cook_id) VALUES (88, 11);
INSERT INTO recipe_cook(recipe_id, cook_id) VALUES (88, 154);
INSERT INTO recipe_cook(recipe_id, cook_id) VALUES (88, 153);
INSERT INTO recipe_cook(recipe_id, cook_id) VALUES (88, 39);
INSERT INTO recipe_cook(recipe_id, cook_id) VALUES (88, 162);
INSERT INTO recipe_cook(recipe_id, cook_id) VALUES (88, 31);
INSERT INTO recipe_cook(recipe_id, cook_id) VALUES (88, 45);
INSERT INTO recipe_cook(recipe_id, cook_id) VALUES (88, 93);
INSERT INTO recipe_cook(recipe_id, cook_id) VALUES (88, 89);
INSERT INTO recipe_cook(recipe_id, cook_id) VALUES (88, 167);
INSERT INTO recipe_cook(recipe_id, cook_id) VALUES (88, 92);
INSERT INTO recipe_cook(recipe_id, cook_id) VALUES (88, 77);
INSERT INTO recipe_cook(recipe_id, cook_id) VALUES (88, 95);
INSERT INTO recipe_cook(recipe_id, cook_id) VALUES (88, 179);
INSERT INTO recipe_cook(recipe_id, cook_id) VALUES (88, 61);
INSERT INTO recipe_cook(recipe_id, cook_id) VALUES (88, 115);
INSERT INTO recipe_cook(recipe_id, cook_id) VALUES (88, 125);
INSERT INTO recipe_cook(recipe_id, cook_id) VALUES (88, 96);
INSERT INTO recipe_cook(recipe_id, cook_id) VALUES (88, 119);
INSERT INTO recipe_cook(recipe_id, cook_id) VALUES (88, 108);
INSERT INTO recipe_cook(recipe_id, cook_id) VALUES (88, 171);
INSERT INTO recipe_cook(recipe_id, cook_id) VALUES (88, 177);
INSERT INTO recipe_cook(recipe_id, cook_id) VALUES (88, 27);
INSERT INTO recipe_cook(recipe_id, cook_id) VALUES (88, 50);
INSERT INTO recipe_cook(recipe_id, cook_id) VALUES (88, 37);
INSERT INTO recipe_cook(recipe_id, cook_id) VALUES (88, 86);
INSERT INTO recipe_cook(recipe_id, cook_id) VALUES (88, 67);
INSERT INTO recipe_cook(recipe_id, cook_id) VALUES (88, 152);
INSERT INTO recipe_cook(recipe_id, cook_id) VALUES (88, 79);
INSERT INTO recipe_cook(recipe_id, cook_id) VALUES (88, 19);
INSERT INTO recipe_cook(recipe_id, cook_id) VALUES (88, 4);
INSERT INTO recipe_cook(recipe_id, cook_id) VALUES (88, 54);
INSERT INTO recipe_cook(recipe_id, cook_id) VALUES (88, 58);
INSERT INTO recipe_cook(recipe_id, cook_id) VALUES (88, 156);
INSERT INTO recipe_cook(recipe_id, cook_id) VALUES (88, 30);
INSERT INTO recipe_cook(recipe_id, cook_id) VALUES (88, 68);
INSERT INTO recipe_cook(recipe_id, cook_id) VALUES (88, 101);
INSERT INTO recipe_cook(recipe_id, cook_id) VALUES (88, 183);
INSERT INTO recipe_cook(recipe_id, cook_id) VALUES (88, 143);
INSERT INTO recipe_cook(recipe_id, cook_id) VALUES (88, 138);
INSERT INTO recipe_cook(recipe_id, cook_id) VALUES (88, 29);
INSERT INTO recipe_cook(recipe_id, cook_id) VALUES (88, 17);
INSERT INTO recipe_cook(recipe_id, cook_id) VALUES (88, 116);
INSERT INTO recipe_cook(recipe_id, cook_id) VALUES (88, 91);
INSERT INTO recipe_cook(recipe_id, cook_id) VALUES (88, 126);
INSERT INTO recipe_cook(recipe_id, cook_id) VALUES (88, 98);
INSERT INTO recipe_cook(recipe_id, cook_id) VALUES (88, 192);
INSERT INTO recipe_cook(recipe_id, cook_id) VALUES (88, 75);
INSERT INTO recipe_cook(recipe_id, cook_id) VALUES (88, 60);
INSERT INTO recipe_cook(recipe_id, cook_id) VALUES (88, 163);
INSERT INTO recipe_cook(recipe_id, cook_id) VALUES (88, 90);
INSERT INTO recipe_cook(recipe_id, cook_id) VALUES (88, 82);
INSERT INTO recipe_cook(recipe_id, cook_id) VALUES (88, 129);
INSERT INTO recipe_cook(recipe_id, cook_id) VALUES (88, 184);
INSERT INTO recipe_cook(recipe_id, cook_id) VALUES (88, 150);
INSERT INTO recipe_cook(recipe_id, cook_id) VALUES (88, 147);
INSERT INTO recipe_cook(recipe_id, cook_id) VALUES (88, 97);
INSERT INTO recipe_cook(recipe_id, cook_id) VALUES (88, 120);
INSERT INTO recipe_cook(recipe_id, cook_id) VALUES (88, 100);
INSERT INTO recipe_cook(recipe_id, cook_id) VALUES (88, 80);
INSERT INTO recipe_cook(recipe_id, cook_id) VALUES (88, 198);
INSERT INTO recipe_cook(recipe_id, cook_id) VALUES (88, 99);
INSERT INTO recipe_cook(recipe_id, cook_id) VALUES (88, 57);
INSERT INTO recipe_cook(recipe_id, cook_id) VALUES (88, 74);
INSERT INTO recipe_cook(recipe_id, cook_id) VALUES (88, 123);
INSERT INTO recipe_cook(recipe_id, cook_id) VALUES (88, 51);
INSERT INTO recipe_cook(recipe_id, cook_id) VALUES (88, 131);
INSERT INTO recipe_cook(recipe_id, cook_id) VALUES (88, 140);
INSERT INTO recipe_cook(recipe_id, cook_id) VALUES (88, 59);
INSERT INTO recipe_cook(recipe_id, cook_id) VALUES (88, 72);
INSERT INTO recipe_cook(recipe_id, cook_id) VALUES (88, 137);
INSERT INTO recipe_cook(recipe_id, cook_id) VALUES (88, 22);
INSERT INTO recipe_cook(recipe_id, cook_id) VALUES (88, 70);
INSERT INTO recipe_cook(recipe_id, cook_id) VALUES (88, 13);
INSERT INTO recipe_cook(recipe_id, cook_id) VALUES (88, 83);
INSERT INTO recipe_cook(recipe_id, cook_id) VALUES (88, 53);
INSERT INTO recipe_cook(recipe_id, cook_id) VALUES (88, 159);
INSERT INTO recipe_cook(recipe_id, cook_id) VALUES (88, 180);
INSERT INTO recipe_cook(recipe_id, cook_id) VALUES (88, 142);
INSERT INTO recipe_cook(recipe_id, cook_id) VALUES (88, 76);
INSERT INTO recipe_cook(recipe_id, cook_id) VALUES (88, 15);
INSERT INTO recipe_cook(recipe_id, cook_id) VALUES (88, 64);
INSERT INTO recipe_cook(recipe_id, cook_id) VALUES (88, 69);
INSERT INTO recipe_cook(recipe_id, cook_id) VALUES (88, 9);
INSERT INTO recipe_cook(recipe_id, cook_id) VALUES (88, 155);
INSERT INTO recipe_cook(recipe_id, cook_id) VALUES (88, 49);
INSERT INTO recipe_cook(recipe_id, cook_id) VALUES (88, 194);
INSERT INTO recipe_cook(recipe_id, cook_id) VALUES (88, 195);
INSERT INTO recipe_cook(recipe_id, cook_id) VALUES (88, 146);
INSERT INTO recipe_cook(recipe_id, cook_id) VALUES (88, 36);
INSERT INTO recipe_cook(recipe_id, cook_id) VALUES (88, 193);
INSERT INTO recipe_cook(recipe_id, cook_id) VALUES (88, 107);
INSERT INTO recipe_cook(recipe_id, cook_id) VALUES (88, 55);
INSERT INTO recipe_cook(recipe_id, cook_id) VALUES (88, 132);
INSERT INTO recipe_cook(recipe_id, cook_id) VALUES (88, 43);
INSERT INTO recipe_cook(recipe_id, cook_id) VALUES (88, 136);
INSERT INTO recipe_cook(recipe_id, cook_id) VALUES (88, 1);
INSERT INTO recipe_cook(recipe_id, cook_id) VALUES (88, 161);
INSERT INTO recipe_cook(recipe_id, cook_id) VALUES (88, 191);
INSERT INTO recipe_cook(recipe_id, cook_id) VALUES (88, 26);
INSERT INTO recipe_cook(recipe_id, cook_id) VALUES (88, 172);
INSERT INTO recipe_cook(recipe_id, cook_id) VALUES (88, 16);
INSERT INTO recipe_cook(recipe_id, cook_id) VALUES (88, 21);
INSERT INTO recipe_cook(recipe_id, cook_id) VALUES (88, 189);
INSERT INTO recipe_cook(recipe_id, cook_id) VALUES (88, 25);
INSERT INTO recipe_cook(recipe_id, cook_id) VALUES (88, 175);
INSERT INTO recipe_cook(recipe_id, cook_id) VALUES (88, 174);
INSERT INTO recipe_cook(recipe_id, cook_id) VALUES (88, 105);
INSERT INTO recipe_cook(recipe_id, cook_id) VALUES (88, 134);
INSERT INTO recipe_cook(recipe_id, cook_id) VALUES (88, 158);
INSERT INTO recipe_cook(recipe_id, cook_id) VALUES (88, 66);
INSERT INTO recipe_cook(recipe_id, cook_id) VALUES (88, 52);
INSERT INTO recipe_cook(recipe_id, cook_id) VALUES (88, 63);
INSERT INTO recipe_cook(recipe_id, cook_id) VALUES (88, 110);
INSERT INTO recipe_cook(recipe_id, cook_id) VALUES (88, 200);
INSERT INTO recipe_cook(recipe_id, cook_id) VALUES (88, 178);
INSERT INTO recipe_cook(recipe_id, cook_id) VALUES (88, 109);
INSERT INTO recipe_cook(recipe_id, cook_id) VALUES (88, 149);
INSERT INTO recipe_cook(recipe_id, cook_id) VALUES (88, 151);
INSERT INTO recipe_cook(recipe_id, cook_id) VALUES (88, 122);
INSERT INTO recipe_cook(recipe_id, cook_id) VALUES (88, 78);
INSERT INTO recipe_cook(recipe_id, cook_id) VALUES (88, 124);
INSERT INTO recipe_cook(recipe_id, cook_id) VALUES (88, 28);
INSERT INTO recipe_cook(recipe_id, cook_id) VALUES (88, 128);
INSERT INTO recipe_cook(recipe_id, cook_id) VALUES (88, 65);
INSERT INTO recipe_cook(recipe_id, cook_id) VALUES (88, 112);
INSERT INTO recipe_cook(recipe_id, cook_id) VALUES (88, 111);
INSERT INTO recipe_cook(recipe_id, cook_id) VALUES (88, 166);
INSERT INTO recipe_cook(recipe_id, cook_id) VALUES (88, 8);
INSERT INTO recipe_cook(recipe_id, cook_id) VALUES (88, 145);
INSERT INTO recipe_cook(recipe_id, cook_id) VALUES (88, 34);
INSERT INTO recipe_cook(recipe_id, cook_id) VALUES (88, 2);
INSERT INTO recipe_cook(recipe_id, cook_id) VALUES (88, 197);
INSERT INTO recipe_cook(recipe_id, cook_id) VALUES (88, 187);
INSERT INTO recipe_cook(recipe_id, cook_id) VALUES (88, 113);
INSERT INTO recipe_cook(recipe_id, cook_id) VALUES (88, 173);
INSERT INTO recipe_theme(recipe_id, theme_id) VALUES (88, 3);
INSERT INTO recipe_tip(recipe_id, tip_id) VALUES (88, 18);
INSERT INTO recipe_tip(recipe_id, tip_id) VALUES (88, 33);

INSERT INTO recipe(baking, cuisine_id, difficulty, title, recipe_description, prep_time, cook_time, portions, fat_portion, protein_portion, carbo_portion, picture, picture_description) VALUES(1, 38, 4,'Pecan Pie', 'Color give summer. Woman worry cost.', 85, 0, 4, 50, 45,40, 'https://dummyimage.com/179x425', 'Ok process base accept sister.');
INSERT INTO recipe_meal_type(recipe_id, meal_type_id) VALUES (89, 5);
INSERT INTO recipe_tag(recipe_id, tag_id) VALUES (89, 100);
INSERT INTO recipe_tag(recipe_id, tag_id) VALUES (89, 37);
INSERT INTO recipe_tag(recipe_id, tag_id) VALUES (89, 81);
INSERT INTO recipe_tag(recipe_id, tag_id) VALUES (89, 52);
INSERT INTO recipe_tag(recipe_id, tag_id) VALUES (89, 26);
INSERT INTO recipe_equipment(recipe_id, equipment_id, num) VALUES (89, 11, 1);
INSERT INTO recipe_equipment(recipe_id, equipment_id, num) VALUES (89, 16, 3);
INSERT INTO recipe_equipment(recipe_id, equipment_id, num) VALUES (89, 2, 1);
INSERT INTO recipe_equipment(recipe_id, equipment_id, num) VALUES (89, 8, 4);
INSERT INTO recipe_equipment(recipe_id, equipment_id, num) VALUES (89, 19, 3);
INSERT INTO recipe_cook(recipe_id, cook_id) VALUES (89, 145);
INSERT INTO recipe_cook(recipe_id, cook_id) VALUES (89, 1);
INSERT INTO recipe_cook(recipe_id, cook_id) VALUES (89, 131);
INSERT INTO recipe_cook(recipe_id, cook_id) VALUES (89, 59);
INSERT INTO recipe_cook(recipe_id, cook_id) VALUES (89, 28);
INSERT INTO recipe_cook(recipe_id, cook_id) VALUES (89, 10);
INSERT INTO recipe_cook(recipe_id, cook_id) VALUES (89, 52);
INSERT INTO recipe_cook(recipe_id, cook_id) VALUES (89, 70);
INSERT INTO recipe_cook(recipe_id, cook_id) VALUES (89, 65);
INSERT INTO recipe_cook(recipe_id, cook_id) VALUES (89, 192);
INSERT INTO recipe_cook(recipe_id, cook_id) VALUES (89, 41);
INSERT INTO recipe_cook(recipe_id, cook_id) VALUES (89, 125);
INSERT INTO recipe_cook(recipe_id, cook_id) VALUES (89, 118);
INSERT INTO recipe_cook(recipe_id, cook_id) VALUES (89, 30);
INSERT INTO recipe_cook(recipe_id, cook_id) VALUES (89, 33);
INSERT INTO recipe_cook(recipe_id, cook_id) VALUES (89, 93);
INSERT INTO recipe_cook(recipe_id, cook_id) VALUES (89, 84);
INSERT INTO recipe_cook(recipe_id, cook_id) VALUES (89, 181);
INSERT INTO recipe_cook(recipe_id, cook_id) VALUES (89, 123);
INSERT INTO recipe_cook(recipe_id, cook_id) VALUES (89, 162);
INSERT INTO recipe_cook(recipe_id, cook_id) VALUES (89, 144);
INSERT INTO recipe_cook(recipe_id, cook_id) VALUES (89, 43);
INSERT INTO recipe_cook(recipe_id, cook_id) VALUES (89, 63);
INSERT INTO recipe_cook(recipe_id, cook_id) VALUES (89, 200);
INSERT INTO recipe_cook(recipe_id, cook_id) VALUES (89, 186);
INSERT INTO recipe_cook(recipe_id, cook_id) VALUES (89, 113);
INSERT INTO recipe_cook(recipe_id, cook_id) VALUES (89, 104);
INSERT INTO recipe_cook(recipe_id, cook_id) VALUES (89, 37);
INSERT INTO recipe_cook(recipe_id, cook_id) VALUES (89, 112);
INSERT INTO recipe_cook(recipe_id, cook_id) VALUES (89, 173);
INSERT INTO recipe_cook(recipe_id, cook_id) VALUES (89, 153);
INSERT INTO recipe_cook(recipe_id, cook_id) VALUES (89, 78);
INSERT INTO recipe_cook(recipe_id, cook_id) VALUES (89, 169);
INSERT INTO recipe_cook(recipe_id, cook_id) VALUES (89, 20);
INSERT INTO recipe_cook(recipe_id, cook_id) VALUES (89, 44);
INSERT INTO recipe_cook(recipe_id, cook_id) VALUES (89, 135);
INSERT INTO recipe_cook(recipe_id, cook_id) VALUES (89, 47);
INSERT INTO recipe_cook(recipe_id, cook_id) VALUES (89, 117);
INSERT INTO recipe_cook(recipe_id, cook_id) VALUES (89, 163);
INSERT INTO recipe_cook(recipe_id, cook_id) VALUES (89, 16);
INSERT INTO recipe_cook(recipe_id, cook_id) VALUES (89, 197);
INSERT INTO recipe_cook(recipe_id, cook_id) VALUES (89, 150);
INSERT INTO recipe_cook(recipe_id, cook_id) VALUES (89, 185);
INSERT INTO recipe_cook(recipe_id, cook_id) VALUES (89, 60);
INSERT INTO recipe_cook(recipe_id, cook_id) VALUES (89, 55);
INSERT INTO recipe_cook(recipe_id, cook_id) VALUES (89, 75);
INSERT INTO recipe_cook(recipe_id, cook_id) VALUES (89, 14);
INSERT INTO recipe_cook(recipe_id, cook_id) VALUES (89, 188);
INSERT INTO recipe_cook(recipe_id, cook_id) VALUES (89, 115);
INSERT INTO recipe_cook(recipe_id, cook_id) VALUES (89, 38);
INSERT INTO recipe_cook(recipe_id, cook_id) VALUES (89, 22);
INSERT INTO recipe_cook(recipe_id, cook_id) VALUES (89, 148);
INSERT INTO recipe_cook(recipe_id, cook_id) VALUES (89, 151);
INSERT INTO recipe_cook(recipe_id, cook_id) VALUES (89, 196);
INSERT INTO recipe_cook(recipe_id, cook_id) VALUES (89, 106);
INSERT INTO recipe_cook(recipe_id, cook_id) VALUES (89, 6);
INSERT INTO recipe_cook(recipe_id, cook_id) VALUES (89, 119);
INSERT INTO recipe_cook(recipe_id, cook_id) VALUES (89, 45);
INSERT INTO recipe_cook(recipe_id, cook_id) VALUES (89, 57);
INSERT INTO recipe_cook(recipe_id, cook_id) VALUES (89, 146);
INSERT INTO recipe_cook(recipe_id, cook_id) VALUES (89, 80);
INSERT INTO recipe_cook(recipe_id, cook_id) VALUES (89, 174);
INSERT INTO recipe_cook(recipe_id, cook_id) VALUES (89, 187);
INSERT INTO recipe_cook(recipe_id, cook_id) VALUES (89, 143);
INSERT INTO recipe_cook(recipe_id, cook_id) VALUES (89, 155);
INSERT INTO recipe_cook(recipe_id, cook_id) VALUES (89, 4);
INSERT INTO recipe_cook(recipe_id, cook_id) VALUES (89, 77);
INSERT INTO recipe_cook(recipe_id, cook_id) VALUES (89, 121);
INSERT INTO recipe_cook(recipe_id, cook_id) VALUES (89, 53);
INSERT INTO recipe_cook(recipe_id, cook_id) VALUES (89, 15);
INSERT INTO recipe_cook(recipe_id, cook_id) VALUES (89, 49);
INSERT INTO recipe_theme(recipe_id, theme_id) VALUES (89, 36);
INSERT INTO recipe_theme(recipe_id, theme_id) VALUES (89, 38);
INSERT INTO recipe_tip(recipe_id, tip_id) VALUES (89, 12);

INSERT INTO recipe(baking, cuisine_id, difficulty, title, recipe_description, prep_time, cook_time, portions, fat_portion, protein_portion, carbo_portion, picture, picture_description) VALUES(1, 43, 4,'Stuffed Mushrooms', 'Instead eye health get voice account station. Money certain cell form. Trial his bar whom quickly hear economy.', 75, 80, 4, 55, 55,60, 'https://picsum.photos/899/183', 'Agree many knowledge near common stuff.');
INSERT INTO recipe_meal_type(recipe_id, meal_type_id) VALUES (90, 6);
INSERT INTO recipe_tag(recipe_id, tag_id) VALUES (90, 29);
INSERT INTO recipe_tag(recipe_id, tag_id) VALUES (90, 32);
INSERT INTO recipe_tag(recipe_id, tag_id) VALUES (90, 62);
INSERT INTO recipe_tag(recipe_id, tag_id) VALUES (90, 87);
INSERT INTO recipe_tag(recipe_id, tag_id) VALUES (90, 25);
INSERT INTO recipe_tag(recipe_id, tag_id) VALUES (90, 14);
INSERT INTO recipe_equipment(recipe_id, equipment_id, num) VALUES (90, 2, 3);
INSERT INTO recipe_equipment(recipe_id, equipment_id, num) VALUES (90, 4, 2);
INSERT INTO recipe_equipment(recipe_id, equipment_id, num) VALUES (90, 8, 1);
INSERT INTO recipe_equipment(recipe_id, equipment_id, num) VALUES (90, 1, 4);
INSERT INTO recipe_equipment(recipe_id, equipment_id, num) VALUES (90, 14, 2);
INSERT INTO recipe_equipment(recipe_id, equipment_id, num) VALUES (90, 17, 1);
INSERT INTO recipe_cook(recipe_id, cook_id) VALUES (90, 91);
INSERT INTO recipe_cook(recipe_id, cook_id) VALUES (90, 72);
INSERT INTO recipe_cook(recipe_id, cook_id) VALUES (90, 199);
INSERT INTO recipe_cook(recipe_id, cook_id) VALUES (90, 189);
INSERT INTO recipe_cook(recipe_id, cook_id) VALUES (90, 12);
INSERT INTO recipe_cook(recipe_id, cook_id) VALUES (90, 146);
INSERT INTO recipe_cook(recipe_id, cook_id) VALUES (90, 141);
INSERT INTO recipe_cook(recipe_id, cook_id) VALUES (90, 27);
INSERT INTO recipe_cook(recipe_id, cook_id) VALUES (90, 129);
INSERT INTO recipe_cook(recipe_id, cook_id) VALUES (90, 3);
INSERT INTO recipe_cook(recipe_id, cook_id) VALUES (90, 5);
INSERT INTO recipe_cook(recipe_id, cook_id) VALUES (90, 58);
INSERT INTO recipe_cook(recipe_id, cook_id) VALUES (90, 79);
INSERT INTO recipe_cook(recipe_id, cook_id) VALUES (90, 52);
INSERT INTO recipe_cook(recipe_id, cook_id) VALUES (90, 33);
INSERT INTO recipe_cook(recipe_id, cook_id) VALUES (90, 8);
INSERT INTO recipe_cook(recipe_id, cook_id) VALUES (90, 122);
INSERT INTO recipe_cook(recipe_id, cook_id) VALUES (90, 195);
INSERT INTO recipe_cook(recipe_id, cook_id) VALUES (90, 105);
INSERT INTO recipe_cook(recipe_id, cook_id) VALUES (90, 139);
INSERT INTO recipe_cook(recipe_id, cook_id) VALUES (90, 112);
INSERT INTO recipe_cook(recipe_id, cook_id) VALUES (90, 190);
INSERT INTO recipe_cook(recipe_id, cook_id) VALUES (90, 193);
INSERT INTO recipe_cook(recipe_id, cook_id) VALUES (90, 46);
INSERT INTO recipe_cook(recipe_id, cook_id) VALUES (90, 89);
INSERT INTO recipe_cook(recipe_id, cook_id) VALUES (90, 38);
INSERT INTO recipe_cook(recipe_id, cook_id) VALUES (90, 171);
INSERT INTO recipe_cook(recipe_id, cook_id) VALUES (90, 44);
INSERT INTO recipe_cook(recipe_id, cook_id) VALUES (90, 28);
INSERT INTO recipe_cook(recipe_id, cook_id) VALUES (90, 70);
INSERT INTO recipe_cook(recipe_id, cook_id) VALUES (90, 127);
INSERT INTO recipe_cook(recipe_id, cook_id) VALUES (90, 102);
INSERT INTO recipe_cook(recipe_id, cook_id) VALUES (90, 153);
INSERT INTO recipe_cook(recipe_id, cook_id) VALUES (90, 119);
INSERT INTO recipe_cook(recipe_id, cook_id) VALUES (90, 13);
INSERT INTO recipe_cook(recipe_id, cook_id) VALUES (90, 21);
INSERT INTO recipe_cook(recipe_id, cook_id) VALUES (90, 57);
INSERT INTO recipe_cook(recipe_id, cook_id) VALUES (90, 182);
INSERT INTO recipe_cook(recipe_id, cook_id) VALUES (90, 40);
INSERT INTO recipe_cook(recipe_id, cook_id) VALUES (90, 131);
INSERT INTO recipe_cook(recipe_id, cook_id) VALUES (90, 41);
INSERT INTO recipe_cook(recipe_id, cook_id) VALUES (90, 181);
INSERT INTO recipe_cook(recipe_id, cook_id) VALUES (90, 118);
INSERT INTO recipe_cook(recipe_id, cook_id) VALUES (90, 115);
INSERT INTO recipe_cook(recipe_id, cook_id) VALUES (90, 125);
INSERT INTO recipe_cook(recipe_id, cook_id) VALUES (90, 121);
INSERT INTO recipe_cook(recipe_id, cook_id) VALUES (90, 101);
INSERT INTO recipe_cook(recipe_id, cook_id) VALUES (90, 114);
INSERT INTO recipe_cook(recipe_id, cook_id) VALUES (90, 35);
INSERT INTO recipe_cook(recipe_id, cook_id) VALUES (90, 96);
INSERT INTO recipe_cook(recipe_id, cook_id) VALUES (90, 148);
INSERT INTO recipe_cook(recipe_id, cook_id) VALUES (90, 132);
INSERT INTO recipe_cook(recipe_id, cook_id) VALUES (90, 74);
INSERT INTO recipe_cook(recipe_id, cook_id) VALUES (90, 45);
INSERT INTO recipe_theme(recipe_id, theme_id) VALUES (90, 12);
INSERT INTO recipe_tip(recipe_id, tip_id) VALUES (90, 37);

INSERT INTO recipe(baking, cuisine_id, difficulty, title, recipe_description, prep_time, cook_time, portions, fat_portion, protein_portion, carbo_portion, picture, picture_description) VALUES(0, 27, 1,'Bread Pudding', 'Bank teacher drive both somebody figure. Participant ahead role study cut. Discuss own together technology level arrive spend.', 115, 80, 2, 5, 65,30, 'https://dummyimage.com/39x376', 'Bad beautiful military discover under stock raise.');
INSERT INTO recipe_meal_type(recipe_id, meal_type_id) VALUES (91, 3);
INSERT INTO recipe_tag(recipe_id, tag_id) VALUES (91, 6);
INSERT INTO recipe_tag(recipe_id, tag_id) VALUES (91, 90);
INSERT INTO recipe_tag(recipe_id, tag_id) VALUES (91, 55);
INSERT INTO recipe_equipment(recipe_id, equipment_id, num) VALUES (91, 20, 2);
INSERT INTO recipe_equipment(recipe_id, equipment_id, num) VALUES (91, 5, 4);
INSERT INTO recipe_equipment(recipe_id, equipment_id, num) VALUES (91, 12, 4);
INSERT INTO recipe_equipment(recipe_id, equipment_id, num) VALUES (91, 2, 3);
INSERT INTO recipe_equipment(recipe_id, equipment_id, num) VALUES (91, 19, 1);
INSERT INTO recipe_equipment(recipe_id, equipment_id, num) VALUES (91, 3, 3);
INSERT INTO recipe_cook(recipe_id, cook_id) VALUES (91, 103);
INSERT INTO recipe_cook(recipe_id, cook_id) VALUES (91, 43);
INSERT INTO recipe_cook(recipe_id, cook_id) VALUES (91, 190);
INSERT INTO recipe_cook(recipe_id, cook_id) VALUES (91, 72);
INSERT INTO recipe_cook(recipe_id, cook_id) VALUES (91, 75);
INSERT INTO recipe_cook(recipe_id, cook_id) VALUES (91, 118);
INSERT INTO recipe_cook(recipe_id, cook_id) VALUES (91, 81);
INSERT INTO recipe_cook(recipe_id, cook_id) VALUES (91, 141);
INSERT INTO recipe_cook(recipe_id, cook_id) VALUES (91, 10);
INSERT INTO recipe_cook(recipe_id, cook_id) VALUES (91, 156);
INSERT INTO recipe_cook(recipe_id, cook_id) VALUES (91, 87);
INSERT INTO recipe_cook(recipe_id, cook_id) VALUES (91, 138);
INSERT INTO recipe_cook(recipe_id, cook_id) VALUES (91, 59);
INSERT INTO recipe_cook(recipe_id, cook_id) VALUES (91, 15);
INSERT INTO recipe_cook(recipe_id, cook_id) VALUES (91, 21);
INSERT INTO recipe_cook(recipe_id, cook_id) VALUES (91, 146);
INSERT INTO recipe_cook(recipe_id, cook_id) VALUES (91, 46);
INSERT INTO recipe_cook(recipe_id, cook_id) VALUES (91, 165);
INSERT INTO recipe_cook(recipe_id, cook_id) VALUES (91, 152);
INSERT INTO recipe_cook(recipe_id, cook_id) VALUES (91, 112);
INSERT INTO recipe_cook(recipe_id, cook_id) VALUES (91, 198);
INSERT INTO recipe_cook(recipe_id, cook_id) VALUES (91, 157);
INSERT INTO recipe_cook(recipe_id, cook_id) VALUES (91, 42);
INSERT INTO recipe_cook(recipe_id, cook_id) VALUES (91, 158);
INSERT INTO recipe_cook(recipe_id, cook_id) VALUES (91, 45);
INSERT INTO recipe_cook(recipe_id, cook_id) VALUES (91, 116);
INSERT INTO recipe_cook(recipe_id, cook_id) VALUES (91, 28);
INSERT INTO recipe_cook(recipe_id, cook_id) VALUES (91, 120);
INSERT INTO recipe_cook(recipe_id, cook_id) VALUES (91, 35);
INSERT INTO recipe_cook(recipe_id, cook_id) VALUES (91, 65);
INSERT INTO recipe_cook(recipe_id, cook_id) VALUES (91, 18);
INSERT INTO recipe_cook(recipe_id, cook_id) VALUES (91, 100);
INSERT INTO recipe_cook(recipe_id, cook_id) VALUES (91, 37);
INSERT INTO recipe_cook(recipe_id, cook_id) VALUES (91, 200);
INSERT INTO recipe_cook(recipe_id, cook_id) VALUES (91, 89);
INSERT INTO recipe_cook(recipe_id, cook_id) VALUES (91, 33);
INSERT INTO recipe_cook(recipe_id, cook_id) VALUES (91, 76);
INSERT INTO recipe_cook(recipe_id, cook_id) VALUES (91, 92);
INSERT INTO recipe_cook(recipe_id, cook_id) VALUES (91, 96);
INSERT INTO recipe_cook(recipe_id, cook_id) VALUES (91, 150);
INSERT INTO recipe_cook(recipe_id, cook_id) VALUES (91, 123);
INSERT INTO recipe_cook(recipe_id, cook_id) VALUES (91, 125);
INSERT INTO recipe_cook(recipe_id, cook_id) VALUES (91, 4);
INSERT INTO recipe_cook(recipe_id, cook_id) VALUES (91, 170);
INSERT INTO recipe_cook(recipe_id, cook_id) VALUES (91, 140);
INSERT INTO recipe_cook(recipe_id, cook_id) VALUES (91, 192);
INSERT INTO recipe_cook(recipe_id, cook_id) VALUES (91, 117);
INSERT INTO recipe_cook(recipe_id, cook_id) VALUES (91, 13);
INSERT INTO recipe_cook(recipe_id, cook_id) VALUES (91, 172);
INSERT INTO recipe_cook(recipe_id, cook_id) VALUES (91, 19);
INSERT INTO recipe_cook(recipe_id, cook_id) VALUES (91, 196);
INSERT INTO recipe_cook(recipe_id, cook_id) VALUES (91, 191);
INSERT INTO recipe_cook(recipe_id, cook_id) VALUES (91, 168);
INSERT INTO recipe_cook(recipe_id, cook_id) VALUES (91, 143);
INSERT INTO recipe_cook(recipe_id, cook_id) VALUES (91, 153);
INSERT INTO recipe_cook(recipe_id, cook_id) VALUES (91, 68);
INSERT INTO recipe_cook(recipe_id, cook_id) VALUES (91, 104);
INSERT INTO recipe_cook(recipe_id, cook_id) VALUES (91, 71);
INSERT INTO recipe_cook(recipe_id, cook_id) VALUES (91, 179);
INSERT INTO recipe_cook(recipe_id, cook_id) VALUES (91, 2);
INSERT INTO recipe_cook(recipe_id, cook_id) VALUES (91, 91);
INSERT INTO recipe_cook(recipe_id, cook_id) VALUES (91, 177);
INSERT INTO recipe_cook(recipe_id, cook_id) VALUES (91, 73);
INSERT INTO recipe_cook(recipe_id, cook_id) VALUES (91, 11);
INSERT INTO recipe_cook(recipe_id, cook_id) VALUES (91, 77);
INSERT INTO recipe_cook(recipe_id, cook_id) VALUES (91, 124);
INSERT INTO recipe_cook(recipe_id, cook_id) VALUES (91, 94);
INSERT INTO recipe_cook(recipe_id, cook_id) VALUES (91, 24);
INSERT INTO recipe_cook(recipe_id, cook_id) VALUES (91, 8);
INSERT INTO recipe_cook(recipe_id, cook_id) VALUES (91, 27);
INSERT INTO recipe_cook(recipe_id, cook_id) VALUES (91, 129);
INSERT INTO recipe_cook(recipe_id, cook_id) VALUES (91, 113);
INSERT INTO recipe_cook(recipe_id, cook_id) VALUES (91, 1);
INSERT INTO recipe_cook(recipe_id, cook_id) VALUES (91, 22);
INSERT INTO recipe_cook(recipe_id, cook_id) VALUES (91, 48);
INSERT INTO recipe_cook(recipe_id, cook_id) VALUES (91, 159);
INSERT INTO recipe_cook(recipe_id, cook_id) VALUES (91, 40);
INSERT INTO recipe_cook(recipe_id, cook_id) VALUES (91, 83);
INSERT INTO recipe_cook(recipe_id, cook_id) VALUES (91, 50);
INSERT INTO recipe_cook(recipe_id, cook_id) VALUES (91, 84);
INSERT INTO recipe_cook(recipe_id, cook_id) VALUES (91, 79);
INSERT INTO recipe_cook(recipe_id, cook_id) VALUES (91, 39);
INSERT INTO recipe_cook(recipe_id, cook_id) VALUES (91, 110);
INSERT INTO recipe_cook(recipe_id, cook_id) VALUES (91, 162);
INSERT INTO recipe_cook(recipe_id, cook_id) VALUES (91, 187);
INSERT INTO recipe_cook(recipe_id, cook_id) VALUES (91, 67);
INSERT INTO recipe_cook(recipe_id, cook_id) VALUES (91, 52);
INSERT INTO recipe_cook(recipe_id, cook_id) VALUES (91, 90);
INSERT INTO recipe_cook(recipe_id, cook_id) VALUES (91, 101);
INSERT INTO recipe_cook(recipe_id, cook_id) VALUES (91, 12);
INSERT INTO recipe_cook(recipe_id, cook_id) VALUES (91, 99);
INSERT INTO recipe_cook(recipe_id, cook_id) VALUES (91, 7);
INSERT INTO recipe_cook(recipe_id, cook_id) VALUES (91, 6);
INSERT INTO recipe_cook(recipe_id, cook_id) VALUES (91, 47);
INSERT INTO recipe_cook(recipe_id, cook_id) VALUES (91, 176);
INSERT INTO recipe_cook(recipe_id, cook_id) VALUES (91, 85);
INSERT INTO recipe_cook(recipe_id, cook_id) VALUES (91, 111);
INSERT INTO recipe_cook(recipe_id, cook_id) VALUES (91, 25);
INSERT INTO recipe_cook(recipe_id, cook_id) VALUES (91, 175);
INSERT INTO recipe_cook(recipe_id, cook_id) VALUES (91, 178);
INSERT INTO recipe_cook(recipe_id, cook_id) VALUES (91, 14);
INSERT INTO recipe_cook(recipe_id, cook_id) VALUES (91, 98);
INSERT INTO recipe_cook(recipe_id, cook_id) VALUES (91, 38);
INSERT INTO recipe_cook(recipe_id, cook_id) VALUES (91, 5);
INSERT INTO recipe_cook(recipe_id, cook_id) VALUES (91, 61);
INSERT INTO recipe_cook(recipe_id, cook_id) VALUES (91, 26);
INSERT INTO recipe_cook(recipe_id, cook_id) VALUES (91, 174);
INSERT INTO recipe_cook(recipe_id, cook_id) VALUES (91, 115);
INSERT INTO recipe_cook(recipe_id, cook_id) VALUES (91, 56);
INSERT INTO recipe_cook(recipe_id, cook_id) VALUES (91, 193);
INSERT INTO recipe_cook(recipe_id, cook_id) VALUES (91, 194);
INSERT INTO recipe_cook(recipe_id, cook_id) VALUES (91, 106);
INSERT INTO recipe_cook(recipe_id, cook_id) VALUES (91, 182);
INSERT INTO recipe_cook(recipe_id, cook_id) VALUES (91, 121);
INSERT INTO recipe_cook(recipe_id, cook_id) VALUES (91, 188);
INSERT INTO recipe_cook(recipe_id, cook_id) VALUES (91, 171);
INSERT INTO recipe_cook(recipe_id, cook_id) VALUES (91, 136);
INSERT INTO recipe_cook(recipe_id, cook_id) VALUES (91, 60);
INSERT INTO recipe_cook(recipe_id, cook_id) VALUES (91, 130);
INSERT INTO recipe_cook(recipe_id, cook_id) VALUES (91, 137);
INSERT INTO recipe_cook(recipe_id, cook_id) VALUES (91, 109);
INSERT INTO recipe_cook(recipe_id, cook_id) VALUES (91, 107);
INSERT INTO recipe_cook(recipe_id, cook_id) VALUES (91, 133);
INSERT INTO recipe_cook(recipe_id, cook_id) VALUES (91, 108);
INSERT INTO recipe_cook(recipe_id, cook_id) VALUES (91, 32);
INSERT INTO recipe_cook(recipe_id, cook_id) VALUES (91, 82);
INSERT INTO recipe_cook(recipe_id, cook_id) VALUES (91, 154);
INSERT INTO recipe_cook(recipe_id, cook_id) VALUES (91, 66);
INSERT INTO recipe_cook(recipe_id, cook_id) VALUES (91, 63);
INSERT INTO recipe_cook(recipe_id, cook_id) VALUES (91, 36);
INSERT INTO recipe_cook(recipe_id, cook_id) VALUES (91, 70);
INSERT INTO recipe_cook(recipe_id, cook_id) VALUES (91, 34);
INSERT INTO recipe_cook(recipe_id, cook_id) VALUES (91, 167);
INSERT INTO recipe_cook(recipe_id, cook_id) VALUES (91, 173);
INSERT INTO recipe_cook(recipe_id, cook_id) VALUES (91, 114);
INSERT INTO recipe_cook(recipe_id, cook_id) VALUES (91, 151);
INSERT INTO recipe_cook(recipe_id, cook_id) VALUES (91, 169);
INSERT INTO recipe_cook(recipe_id, cook_id) VALUES (91, 29);
INSERT INTO recipe_cook(recipe_id, cook_id) VALUES (91, 135);
INSERT INTO recipe_cook(recipe_id, cook_id) VALUES (91, 166);
INSERT INTO recipe_cook(recipe_id, cook_id) VALUES (91, 16);
INSERT INTO recipe_cook(recipe_id, cook_id) VALUES (91, 145);
INSERT INTO recipe_cook(recipe_id, cook_id) VALUES (91, 102);
INSERT INTO recipe_cook(recipe_id, cook_id) VALUES (91, 69);
INSERT INTO recipe_cook(recipe_id, cook_id) VALUES (91, 31);
INSERT INTO recipe_cook(recipe_id, cook_id) VALUES (91, 64);
INSERT INTO recipe_cook(recipe_id, cook_id) VALUES (91, 20);
INSERT INTO recipe_cook(recipe_id, cook_id) VALUES (91, 197);
INSERT INTO recipe_cook(recipe_id, cook_id) VALUES (91, 41);
INSERT INTO recipe_cook(recipe_id, cook_id) VALUES (91, 62);
INSERT INTO recipe_cook(recipe_id, cook_id) VALUES (91, 181);
INSERT INTO recipe_cook(recipe_id, cook_id) VALUES (91, 54);
INSERT INTO recipe_cook(recipe_id, cook_id) VALUES (91, 53);
INSERT INTO recipe_cook(recipe_id, cook_id) VALUES (91, 147);
INSERT INTO recipe_cook(recipe_id, cook_id) VALUES (91, 134);
INSERT INTO recipe_cook(recipe_id, cook_id) VALUES (91, 122);
INSERT INTO recipe_cook(recipe_id, cook_id) VALUES (91, 88);
INSERT INTO recipe_cook(recipe_id, cook_id) VALUES (91, 95);
INSERT INTO recipe_cook(recipe_id, cook_id) VALUES (91, 148);
INSERT INTO recipe_cook(recipe_id, cook_id) VALUES (91, 144);
INSERT INTO recipe_cook(recipe_id, cook_id) VALUES (91, 160);
INSERT INTO recipe_cook(recipe_id, cook_id) VALUES (91, 105);
INSERT INTO recipe_cook(recipe_id, cook_id) VALUES (91, 189);
INSERT INTO recipe_cook(recipe_id, cook_id) VALUES (91, 9);
INSERT INTO recipe_cook(recipe_id, cook_id) VALUES (91, 195);
INSERT INTO recipe_cook(recipe_id, cook_id) VALUES (91, 23);
INSERT INTO recipe_cook(recipe_id, cook_id) VALUES (91, 180);
INSERT INTO recipe_cook(recipe_id, cook_id) VALUES (91, 149);
INSERT INTO recipe_cook(recipe_id, cook_id) VALUES (91, 30);
INSERT INTO recipe_cook(recipe_id, cook_id) VALUES (91, 80);
INSERT INTO recipe_cook(recipe_id, cook_id) VALUES (91, 139);
INSERT INTO recipe_cook(recipe_id, cook_id) VALUES (91, 57);
INSERT INTO recipe_cook(recipe_id, cook_id) VALUES (91, 128);
INSERT INTO recipe_cook(recipe_id, cook_id) VALUES (91, 199);
INSERT INTO recipe_cook(recipe_id, cook_id) VALUES (91, 186);
INSERT INTO recipe_cook(recipe_id, cook_id) VALUES (91, 49);
INSERT INTO recipe_cook(recipe_id, cook_id) VALUES (91, 51);
INSERT INTO recipe_cook(recipe_id, cook_id) VALUES (91, 17);
INSERT INTO recipe_cook(recipe_id, cook_id) VALUES (91, 183);
INSERT INTO recipe_cook(recipe_id, cook_id) VALUES (91, 155);
INSERT INTO recipe_cook(recipe_id, cook_id) VALUES (91, 78);
INSERT INTO recipe_cook(recipe_id, cook_id) VALUES (91, 126);
INSERT INTO recipe_cook(recipe_id, cook_id) VALUES (91, 86);
INSERT INTO recipe_cook(recipe_id, cook_id) VALUES (91, 74);
INSERT INTO recipe_cook(recipe_id, cook_id) VALUES (91, 132);
INSERT INTO recipe_cook(recipe_id, cook_id) VALUES (91, 142);
INSERT INTO recipe_cook(recipe_id, cook_id) VALUES (91, 127);
INSERT INTO recipe_cook(recipe_id, cook_id) VALUES (91, 44);
INSERT INTO recipe_cook(recipe_id, cook_id) VALUES (91, 163);
INSERT INTO recipe_cook(recipe_id, cook_id) VALUES (91, 185);
INSERT INTO recipe_theme(recipe_id, theme_id) VALUES (91, 8);
INSERT INTO recipe_theme(recipe_id, theme_id) VALUES (91, 40);
INSERT INTO recipe_tip(recipe_id, tip_id) VALUES (91, 38);
INSERT INTO recipe_tip(recipe_id, tip_id) VALUES (91, 5);

INSERT INTO recipe(baking, cuisine_id, difficulty, title, recipe_description, prep_time, cook_time, portions, fat_portion, protein_portion, carbo_portion, picture, picture_description) VALUES(1, 49, 1,'Chicken Noodle Soup', 'Cultural do scientist rise. Everything exactly their wait pick thus show.', 95, 100, 5, 0, 15,50, 'https://dummyimage.com/754x636', 'Security strategy message go.');
INSERT INTO recipe_meal_type(recipe_id, meal_type_id) VALUES (92, 1);
INSERT INTO recipe_tag(recipe_id, tag_id) VALUES (92, 16);
INSERT INTO recipe_tag(recipe_id, tag_id) VALUES (92, 82);
INSERT INTO recipe_equipment(recipe_id, equipment_id, num) VALUES (92, 14, 1);
INSERT INTO recipe_equipment(recipe_id, equipment_id, num) VALUES (92, 17, 3);
INSERT INTO recipe_equipment(recipe_id, equipment_id, num) VALUES (92, 18, 2);
INSERT INTO recipe_equipment(recipe_id, equipment_id, num) VALUES (92, 12, 4);
INSERT INTO recipe_cook(recipe_id, cook_id) VALUES (92, 127);
INSERT INTO recipe_cook(recipe_id, cook_id) VALUES (92, 144);
INSERT INTO recipe_cook(recipe_id, cook_id) VALUES (92, 13);
INSERT INTO recipe_cook(recipe_id, cook_id) VALUES (92, 32);
INSERT INTO recipe_cook(recipe_id, cook_id) VALUES (92, 57);
INSERT INTO recipe_cook(recipe_id, cook_id) VALUES (92, 109);
INSERT INTO recipe_cook(recipe_id, cook_id) VALUES (92, 172);
INSERT INTO recipe_cook(recipe_id, cook_id) VALUES (92, 72);
INSERT INTO recipe_cook(recipe_id, cook_id) VALUES (92, 181);
INSERT INTO recipe_cook(recipe_id, cook_id) VALUES (92, 108);
INSERT INTO recipe_cook(recipe_id, cook_id) VALUES (92, 191);
INSERT INTO recipe_cook(recipe_id, cook_id) VALUES (92, 75);
INSERT INTO recipe_cook(recipe_id, cook_id) VALUES (92, 158);
INSERT INTO recipe_cook(recipe_id, cook_id) VALUES (92, 186);
INSERT INTO recipe_cook(recipe_id, cook_id) VALUES (92, 47);
INSERT INTO recipe_cook(recipe_id, cook_id) VALUES (92, 147);
INSERT INTO recipe_cook(recipe_id, cook_id) VALUES (92, 71);
INSERT INTO recipe_cook(recipe_id, cook_id) VALUES (92, 7);
INSERT INTO recipe_cook(recipe_id, cook_id) VALUES (92, 115);
INSERT INTO recipe_cook(recipe_id, cook_id) VALUES (92, 58);
INSERT INTO recipe_cook(recipe_id, cook_id) VALUES (92, 113);
INSERT INTO recipe_cook(recipe_id, cook_id) VALUES (92, 164);
INSERT INTO recipe_theme(recipe_id, theme_id) VALUES (92, 35);
INSERT INTO recipe_theme(recipe_id, theme_id) VALUES (92, 30);
INSERT INTO recipe_theme(recipe_id, theme_id) VALUES (92, 29);
INSERT INTO recipe_tip(recipe_id, tip_id) VALUES (92, 30);

INSERT INTO recipe(baking, cuisine_id, difficulty, title, recipe_description, prep_time, cook_time, portions, fat_portion, protein_portion, carbo_portion, picture, picture_description) VALUES(1, 26, 4,'Chicken Cacciatore', 'Local long think through. Door law majority speak.', 65, 0, 5, 5, 30,70, 'https://picsum.photos/631/933', 'Group up series environmental activity.');
INSERT INTO recipe_meal_type(recipe_id, meal_type_id) VALUES (93, 1);
INSERT INTO recipe_tag(recipe_id, tag_id) VALUES (93, 15);
INSERT INTO recipe_tag(recipe_id, tag_id) VALUES (93, 91);
INSERT INTO recipe_tag(recipe_id, tag_id) VALUES (93, 29);
INSERT INTO recipe_equipment(recipe_id, equipment_id, num) VALUES (93, 17, 1);
INSERT INTO recipe_equipment(recipe_id, equipment_id, num) VALUES (93, 10, 3);
INSERT INTO recipe_equipment(recipe_id, equipment_id, num) VALUES (93, 11, 4);
INSERT INTO recipe_equipment(recipe_id, equipment_id, num) VALUES (93, 12, 3);
INSERT INTO recipe_equipment(recipe_id, equipment_id, num) VALUES (93, 3, 2);
INSERT INTO recipe_equipment(recipe_id, equipment_id, num) VALUES (93, 15, 3);
INSERT INTO recipe_equipment(recipe_id, equipment_id, num) VALUES (93, 2, 3);
INSERT INTO recipe_cook(recipe_id, cook_id) VALUES (93, 111);
INSERT INTO recipe_cook(recipe_id, cook_id) VALUES (93, 136);
INSERT INTO recipe_cook(recipe_id, cook_id) VALUES (93, 84);
INSERT INTO recipe_cook(recipe_id, cook_id) VALUES (93, 155);
INSERT INTO recipe_cook(recipe_id, cook_id) VALUES (93, 191);
INSERT INTO recipe_cook(recipe_id, cook_id) VALUES (93, 100);
INSERT INTO recipe_cook(recipe_id, cook_id) VALUES (93, 83);
INSERT INTO recipe_cook(recipe_id, cook_id) VALUES (93, 182);
INSERT INTO recipe_cook(recipe_id, cook_id) VALUES (93, 144);
INSERT INTO recipe_cook(recipe_id, cook_id) VALUES (93, 103);
INSERT INTO recipe_cook(recipe_id, cook_id) VALUES (93, 49);
INSERT INTO recipe_cook(recipe_id, cook_id) VALUES (93, 126);
INSERT INTO recipe_cook(recipe_id, cook_id) VALUES (93, 180);
INSERT INTO recipe_cook(recipe_id, cook_id) VALUES (93, 9);
INSERT INTO recipe_cook(recipe_id, cook_id) VALUES (93, 86);
INSERT INTO recipe_cook(recipe_id, cook_id) VALUES (93, 33);
INSERT INTO recipe_cook(recipe_id, cook_id) VALUES (93, 117);
INSERT INTO recipe_cook(recipe_id, cook_id) VALUES (93, 90);
INSERT INTO recipe_cook(recipe_id, cook_id) VALUES (93, 110);
INSERT INTO recipe_cook(recipe_id, cook_id) VALUES (93, 64);
INSERT INTO recipe_cook(recipe_id, cook_id) VALUES (93, 44);
INSERT INTO recipe_cook(recipe_id, cook_id) VALUES (93, 24);
INSERT INTO recipe_cook(recipe_id, cook_id) VALUES (93, 93);
INSERT INTO recipe_cook(recipe_id, cook_id) VALUES (93, 25);
INSERT INTO recipe_cook(recipe_id, cook_id) VALUES (93, 53);
INSERT INTO recipe_cook(recipe_id, cook_id) VALUES (93, 163);
INSERT INTO recipe_cook(recipe_id, cook_id) VALUES (93, 52);
INSERT INTO recipe_cook(recipe_id, cook_id) VALUES (93, 51);
INSERT INTO recipe_cook(recipe_id, cook_id) VALUES (93, 183);
INSERT INTO recipe_cook(recipe_id, cook_id) VALUES (93, 154);
INSERT INTO recipe_cook(recipe_id, cook_id) VALUES (93, 96);
INSERT INTO recipe_cook(recipe_id, cook_id) VALUES (93, 8);
INSERT INTO recipe_cook(recipe_id, cook_id) VALUES (93, 119);
INSERT INTO recipe_cook(recipe_id, cook_id) VALUES (93, 176);
INSERT INTO recipe_cook(recipe_id, cook_id) VALUES (93, 122);
INSERT INTO recipe_cook(recipe_id, cook_id) VALUES (93, 101);
INSERT INTO recipe_cook(recipe_id, cook_id) VALUES (93, 120);
INSERT INTO recipe_cook(recipe_id, cook_id) VALUES (93, 48);
INSERT INTO recipe_cook(recipe_id, cook_id) VALUES (93, 6);
INSERT INTO recipe_cook(recipe_id, cook_id) VALUES (93, 170);
INSERT INTO recipe_cook(recipe_id, cook_id) VALUES (93, 94);
INSERT INTO recipe_cook(recipe_id, cook_id) VALUES (93, 82);
INSERT INTO recipe_cook(recipe_id, cook_id) VALUES (93, 129);
INSERT INTO recipe_cook(recipe_id, cook_id) VALUES (93, 92);
INSERT INTO recipe_cook(recipe_id, cook_id) VALUES (93, 116);
INSERT INTO recipe_cook(recipe_id, cook_id) VALUES (93, 26);
INSERT INTO recipe_cook(recipe_id, cook_id) VALUES (93, 198);
INSERT INTO recipe_cook(recipe_id, cook_id) VALUES (93, 80);
INSERT INTO recipe_cook(recipe_id, cook_id) VALUES (93, 184);
INSERT INTO recipe_cook(recipe_id, cook_id) VALUES (93, 199);
INSERT INTO recipe_cook(recipe_id, cook_id) VALUES (93, 37);
INSERT INTO recipe_cook(recipe_id, cook_id) VALUES (93, 1);
INSERT INTO recipe_cook(recipe_id, cook_id) VALUES (93, 200);
INSERT INTO recipe_cook(recipe_id, cook_id) VALUES (93, 185);
INSERT INTO recipe_cook(recipe_id, cook_id) VALUES (93, 22);
INSERT INTO recipe_cook(recipe_id, cook_id) VALUES (93, 177);
INSERT INTO recipe_cook(recipe_id, cook_id) VALUES (93, 63);
INSERT INTO recipe_cook(recipe_id, cook_id) VALUES (93, 89);
INSERT INTO recipe_cook(recipe_id, cook_id) VALUES (93, 135);
INSERT INTO recipe_cook(recipe_id, cook_id) VALUES (93, 19);
INSERT INTO recipe_cook(recipe_id, cook_id) VALUES (93, 102);
INSERT INTO recipe_cook(recipe_id, cook_id) VALUES (93, 133);
INSERT INTO recipe_cook(recipe_id, cook_id) VALUES (93, 107);
INSERT INTO recipe_cook(recipe_id, cook_id) VALUES (93, 23);
INSERT INTO recipe_cook(recipe_id, cook_id) VALUES (93, 27);
INSERT INTO recipe_cook(recipe_id, cook_id) VALUES (93, 167);
INSERT INTO recipe_cook(recipe_id, cook_id) VALUES (93, 108);
INSERT INTO recipe_cook(recipe_id, cook_id) VALUES (93, 91);
INSERT INTO recipe_cook(recipe_id, cook_id) VALUES (93, 151);
INSERT INTO recipe_cook(recipe_id, cook_id) VALUES (93, 164);
INSERT INTO recipe_cook(recipe_id, cook_id) VALUES (93, 2);
INSERT INTO recipe_cook(recipe_id, cook_id) VALUES (93, 21);
INSERT INTO recipe_cook(recipe_id, cook_id) VALUES (93, 56);
INSERT INTO recipe_cook(recipe_id, cook_id) VALUES (93, 132);
INSERT INTO recipe_cook(recipe_id, cook_id) VALUES (93, 172);
INSERT INTO recipe_cook(recipe_id, cook_id) VALUES (93, 160);
INSERT INTO recipe_cook(recipe_id, cook_id) VALUES (93, 192);
INSERT INTO recipe_cook(recipe_id, cook_id) VALUES (93, 157);
INSERT INTO recipe_cook(recipe_id, cook_id) VALUES (93, 72);
INSERT INTO recipe_cook(recipe_id, cook_id) VALUES (93, 95);
INSERT INTO recipe_cook(recipe_id, cook_id) VALUES (93, 12);
INSERT INTO recipe_cook(recipe_id, cook_id) VALUES (93, 16);
INSERT INTO recipe_cook(recipe_id, cook_id) VALUES (93, 59);
INSERT INTO recipe_cook(recipe_id, cook_id) VALUES (93, 179);
INSERT INTO recipe_cook(recipe_id, cook_id) VALUES (93, 147);
INSERT INTO recipe_cook(recipe_id, cook_id) VALUES (93, 188);
INSERT INTO recipe_cook(recipe_id, cook_id) VALUES (93, 148);
INSERT INTO recipe_cook(recipe_id, cook_id) VALUES (93, 159);
INSERT INTO recipe_cook(recipe_id, cook_id) VALUES (93, 50);
INSERT INTO recipe_cook(recipe_id, cook_id) VALUES (93, 194);
INSERT INTO recipe_cook(recipe_id, cook_id) VALUES (93, 75);
INSERT INTO recipe_cook(recipe_id, cook_id) VALUES (93, 14);
INSERT INTO recipe_cook(recipe_id, cook_id) VALUES (93, 57);
INSERT INTO recipe_cook(recipe_id, cook_id) VALUES (93, 168);
INSERT INTO recipe_cook(recipe_id, cook_id) VALUES (93, 98);
INSERT INTO recipe_cook(recipe_id, cook_id) VALUES (93, 128);
INSERT INTO recipe_cook(recipe_id, cook_id) VALUES (93, 153);
INSERT INTO recipe_cook(recipe_id, cook_id) VALUES (93, 130);
INSERT INTO recipe_cook(recipe_id, cook_id) VALUES (93, 46);
INSERT INTO recipe_cook(recipe_id, cook_id) VALUES (93, 13);
INSERT INTO recipe_cook(recipe_id, cook_id) VALUES (93, 32);
INSERT INTO recipe_cook(recipe_id, cook_id) VALUES (93, 36);
INSERT INTO recipe_cook(recipe_id, cook_id) VALUES (93, 114);
INSERT INTO recipe_cook(recipe_id, cook_id) VALUES (93, 34);
INSERT INTO recipe_cook(recipe_id, cook_id) VALUES (93, 4);
INSERT INTO recipe_cook(recipe_id, cook_id) VALUES (93, 69);
INSERT INTO recipe_cook(recipe_id, cook_id) VALUES (93, 141);
INSERT INTO recipe_cook(recipe_id, cook_id) VALUES (93, 118);
INSERT INTO recipe_cook(recipe_id, cook_id) VALUES (93, 17);
INSERT INTO recipe_cook(recipe_id, cook_id) VALUES (93, 137);
INSERT INTO recipe_cook(recipe_id, cook_id) VALUES (93, 139);
INSERT INTO recipe_cook(recipe_id, cook_id) VALUES (93, 165);
INSERT INTO recipe_cook(recipe_id, cook_id) VALUES (93, 109);
INSERT INTO recipe_cook(recipe_id, cook_id) VALUES (93, 39);
INSERT INTO recipe_cook(recipe_id, cook_id) VALUES (93, 197);
INSERT INTO recipe_cook(recipe_id, cook_id) VALUES (93, 156);
INSERT INTO recipe_cook(recipe_id, cook_id) VALUES (93, 85);
INSERT INTO recipe_cook(recipe_id, cook_id) VALUES (93, 186);
INSERT INTO recipe_cook(recipe_id, cook_id) VALUES (93, 121);
INSERT INTO recipe_cook(recipe_id, cook_id) VALUES (93, 66);
INSERT INTO recipe_cook(recipe_id, cook_id) VALUES (93, 88);
INSERT INTO recipe_cook(recipe_id, cook_id) VALUES (93, 123);
INSERT INTO recipe_cook(recipe_id, cook_id) VALUES (93, 175);
INSERT INTO recipe_cook(recipe_id, cook_id) VALUES (93, 166);
INSERT INTO recipe_cook(recipe_id, cook_id) VALUES (93, 187);
INSERT INTO recipe_cook(recipe_id, cook_id) VALUES (93, 161);
INSERT INTO recipe_cook(recipe_id, cook_id) VALUES (93, 31);
INSERT INTO recipe_cook(recipe_id, cook_id) VALUES (93, 29);
INSERT INTO recipe_cook(recipe_id, cook_id) VALUES (93, 73);
INSERT INTO recipe_cook(recipe_id, cook_id) VALUES (93, 113);
INSERT INTO recipe_cook(recipe_id, cook_id) VALUES (93, 10);
INSERT INTO recipe_cook(recipe_id, cook_id) VALUES (93, 134);
INSERT INTO recipe_cook(recipe_id, cook_id) VALUES (93, 181);
INSERT INTO recipe_cook(recipe_id, cook_id) VALUES (93, 174);
INSERT INTO recipe_cook(recipe_id, cook_id) VALUES (93, 71);
INSERT INTO recipe_cook(recipe_id, cook_id) VALUES (93, 5);
INSERT INTO recipe_cook(recipe_id, cook_id) VALUES (93, 7);
INSERT INTO recipe_cook(recipe_id, cook_id) VALUES (93, 97);
INSERT INTO recipe_cook(recipe_id, cook_id) VALUES (93, 55);
INSERT INTO recipe_cook(recipe_id, cook_id) VALUES (93, 190);
INSERT INTO recipe_cook(recipe_id, cook_id) VALUES (93, 47);
INSERT INTO recipe_cook(recipe_id, cook_id) VALUES (93, 42);
INSERT INTO recipe_cook(recipe_id, cook_id) VALUES (93, 70);
INSERT INTO recipe_cook(recipe_id, cook_id) VALUES (93, 104);
INSERT INTO recipe_cook(recipe_id, cook_id) VALUES (93, 169);
INSERT INTO recipe_cook(recipe_id, cook_id) VALUES (93, 35);
INSERT INTO recipe_cook(recipe_id, cook_id) VALUES (93, 195);
INSERT INTO recipe_cook(recipe_id, cook_id) VALUES (93, 81);
INSERT INTO recipe_cook(recipe_id, cook_id) VALUES (93, 3);
INSERT INTO recipe_cook(recipe_id, cook_id) VALUES (93, 178);
INSERT INTO recipe_cook(recipe_id, cook_id) VALUES (93, 74);
INSERT INTO recipe_cook(recipe_id, cook_id) VALUES (93, 78);
INSERT INTO recipe_cook(recipe_id, cook_id) VALUES (93, 143);
INSERT INTO recipe_cook(recipe_id, cook_id) VALUES (93, 28);
INSERT INTO recipe_cook(recipe_id, cook_id) VALUES (93, 106);
INSERT INTO recipe_cook(recipe_id, cook_id) VALUES (93, 189);
INSERT INTO recipe_cook(recipe_id, cook_id) VALUES (93, 38);
INSERT INTO recipe_cook(recipe_id, cook_id) VALUES (93, 131);
INSERT INTO recipe_cook(recipe_id, cook_id) VALUES (93, 125);
INSERT INTO recipe_cook(recipe_id, cook_id) VALUES (93, 41);
INSERT INTO recipe_cook(recipe_id, cook_id) VALUES (93, 79);
INSERT INTO recipe_cook(recipe_id, cook_id) VALUES (93, 152);
INSERT INTO recipe_cook(recipe_id, cook_id) VALUES (93, 171);
INSERT INTO recipe_cook(recipe_id, cook_id) VALUES (93, 149);
INSERT INTO recipe_cook(recipe_id, cook_id) VALUES (93, 158);
INSERT INTO recipe_cook(recipe_id, cook_id) VALUES (93, 54);
INSERT INTO recipe_cook(recipe_id, cook_id) VALUES (93, 140);
INSERT INTO recipe_cook(recipe_id, cook_id) VALUES (93, 105);
INSERT INTO recipe_cook(recipe_id, cook_id) VALUES (93, 43);
INSERT INTO recipe_cook(recipe_id, cook_id) VALUES (93, 162);
INSERT INTO recipe_cook(recipe_id, cook_id) VALUES (93, 99);
INSERT INTO recipe_cook(recipe_id, cook_id) VALUES (93, 173);
INSERT INTO recipe_cook(recipe_id, cook_id) VALUES (93, 196);
INSERT INTO recipe_cook(recipe_id, cook_id) VALUES (93, 58);
INSERT INTO recipe_cook(recipe_id, cook_id) VALUES (93, 146);
INSERT INTO recipe_cook(recipe_id, cook_id) VALUES (93, 15);
INSERT INTO recipe_cook(recipe_id, cook_id) VALUES (93, 115);
INSERT INTO recipe_cook(recipe_id, cook_id) VALUES (93, 76);
INSERT INTO recipe_cook(recipe_id, cook_id) VALUES (93, 150);
INSERT INTO recipe_cook(recipe_id, cook_id) VALUES (93, 87);
INSERT INTO recipe_theme(recipe_id, theme_id) VALUES (93, 26);
INSERT INTO recipe_theme(recipe_id, theme_id) VALUES (93, 6);
INSERT INTO recipe_tip(recipe_id, tip_id) VALUES (93, 38);
INSERT INTO recipe_tip(recipe_id, tip_id) VALUES (93, 6);

INSERT INTO recipe(baking, cuisine_id, difficulty, title, recipe_description, prep_time, cook_time, portions, fat_portion, protein_portion, carbo_portion, picture, picture_description) VALUES(0, 22, 3,'Chicken Wings', 'Push improve management member. Admit heavy test. Skill address real TV outside. Candidate lose activity military than debate individual. End compare play amount add name score.', 65, 0, 4, 50, 25,0, 'https://picsum.photos/159/598', 'Security worry trial Republican.');
INSERT INTO recipe_meal_type(recipe_id, meal_type_id) VALUES (94, 4);
INSERT INTO recipe_tag(recipe_id, tag_id) VALUES (94, 9);
INSERT INTO recipe_tag(recipe_id, tag_id) VALUES (94, 53);
INSERT INTO recipe_tag(recipe_id, tag_id) VALUES (94, 15);
INSERT INTO recipe_tag(recipe_id, tag_id) VALUES (94, 41);
INSERT INTO recipe_tag(recipe_id, tag_id) VALUES (94, 68);
INSERT INTO recipe_tag(recipe_id, tag_id) VALUES (94, 25);
INSERT INTO recipe_tag(recipe_id, tag_id) VALUES (94, 65);
INSERT INTO recipe_equipment(recipe_id, equipment_id, num) VALUES (94, 19, 3);
INSERT INTO recipe_equipment(recipe_id, equipment_id, num) VALUES (94, 15, 1);
INSERT INTO recipe_equipment(recipe_id, equipment_id, num) VALUES (94, 8, 4);
INSERT INTO recipe_equipment(recipe_id, equipment_id, num) VALUES (94, 2, 4);
INSERT INTO recipe_equipment(recipe_id, equipment_id, num) VALUES (94, 18, 3);
INSERT INTO recipe_cook(recipe_id, cook_id) VALUES (94, 97);
INSERT INTO recipe_cook(recipe_id, cook_id) VALUES (94, 128);
INSERT INTO recipe_cook(recipe_id, cook_id) VALUES (94, 101);
INSERT INTO recipe_cook(recipe_id, cook_id) VALUES (94, 119);
INSERT INTO recipe_cook(recipe_id, cook_id) VALUES (94, 176);
INSERT INTO recipe_cook(recipe_id, cook_id) VALUES (94, 18);
INSERT INTO recipe_cook(recipe_id, cook_id) VALUES (94, 125);
INSERT INTO recipe_cook(recipe_id, cook_id) VALUES (94, 171);
INSERT INTO recipe_cook(recipe_id, cook_id) VALUES (94, 155);
INSERT INTO recipe_cook(recipe_id, cook_id) VALUES (94, 78);
INSERT INTO recipe_cook(recipe_id, cook_id) VALUES (94, 122);
INSERT INTO recipe_cook(recipe_id, cook_id) VALUES (94, 17);
INSERT INTO recipe_cook(recipe_id, cook_id) VALUES (94, 146);
INSERT INTO recipe_cook(recipe_id, cook_id) VALUES (94, 158);
INSERT INTO recipe_cook(recipe_id, cook_id) VALUES (94, 189);
INSERT INTO recipe_cook(recipe_id, cook_id) VALUES (94, 114);
INSERT INTO recipe_cook(recipe_id, cook_id) VALUES (94, 134);
INSERT INTO recipe_cook(recipe_id, cook_id) VALUES (94, 184);
INSERT INTO recipe_cook(recipe_id, cook_id) VALUES (94, 118);
INSERT INTO recipe_cook(recipe_id, cook_id) VALUES (94, 161);
INSERT INTO recipe_cook(recipe_id, cook_id) VALUES (94, 2);
INSERT INTO recipe_cook(recipe_id, cook_id) VALUES (94, 94);
INSERT INTO recipe_cook(recipe_id, cook_id) VALUES (94, 5);
INSERT INTO recipe_cook(recipe_id, cook_id) VALUES (94, 115);
INSERT INTO recipe_cook(recipe_id, cook_id) VALUES (94, 12);
INSERT INTO recipe_cook(recipe_id, cook_id) VALUES (94, 120);
INSERT INTO recipe_cook(recipe_id, cook_id) VALUES (94, 83);
INSERT INTO recipe_cook(recipe_id, cook_id) VALUES (94, 3);
INSERT INTO recipe_cook(recipe_id, cook_id) VALUES (94, 156);
INSERT INTO recipe_cook(recipe_id, cook_id) VALUES (94, 182);
INSERT INTO recipe_cook(recipe_id, cook_id) VALUES (94, 47);
INSERT INTO recipe_cook(recipe_id, cook_id) VALUES (94, 163);
INSERT INTO recipe_cook(recipe_id, cook_id) VALUES (94, 62);
INSERT INTO recipe_cook(recipe_id, cook_id) VALUES (94, 26);
INSERT INTO recipe_cook(recipe_id, cook_id) VALUES (94, 87);
INSERT INTO recipe_cook(recipe_id, cook_id) VALUES (94, 8);
INSERT INTO recipe_cook(recipe_id, cook_id) VALUES (94, 150);
INSERT INTO recipe_cook(recipe_id, cook_id) VALUES (94, 196);
INSERT INTO recipe_cook(recipe_id, cook_id) VALUES (94, 187);
INSERT INTO recipe_cook(recipe_id, cook_id) VALUES (94, 65);
INSERT INTO recipe_cook(recipe_id, cook_id) VALUES (94, 152);
INSERT INTO recipe_cook(recipe_id, cook_id) VALUES (94, 92);
INSERT INTO recipe_cook(recipe_id, cook_id) VALUES (94, 166);
INSERT INTO recipe_cook(recipe_id, cook_id) VALUES (94, 137);
INSERT INTO recipe_cook(recipe_id, cook_id) VALUES (94, 180);
INSERT INTO recipe_cook(recipe_id, cook_id) VALUES (94, 157);
INSERT INTO recipe_cook(recipe_id, cook_id) VALUES (94, 41);
INSERT INTO recipe_cook(recipe_id, cook_id) VALUES (94, 138);
INSERT INTO recipe_cook(recipe_id, cook_id) VALUES (94, 142);
INSERT INTO recipe_cook(recipe_id, cook_id) VALUES (94, 75);
INSERT INTO recipe_cook(recipe_id, cook_id) VALUES (94, 48);
INSERT INTO recipe_cook(recipe_id, cook_id) VALUES (94, 43);
INSERT INTO recipe_cook(recipe_id, cook_id) VALUES (94, 145);
INSERT INTO recipe_cook(recipe_id, cook_id) VALUES (94, 188);
INSERT INTO recipe_cook(recipe_id, cook_id) VALUES (94, 33);
INSERT INTO recipe_cook(recipe_id, cook_id) VALUES (94, 73);
INSERT INTO recipe_cook(recipe_id, cook_id) VALUES (94, 141);
INSERT INTO recipe_cook(recipe_id, cook_id) VALUES (94, 113);
INSERT INTO recipe_cook(recipe_id, cook_id) VALUES (94, 160);
INSERT INTO recipe_cook(recipe_id, cook_id) VALUES (94, 74);
INSERT INTO recipe_cook(recipe_id, cook_id) VALUES (94, 148);
INSERT INTO recipe_cook(recipe_id, cook_id) VALUES (94, 46);
INSERT INTO recipe_cook(recipe_id, cook_id) VALUES (94, 15);
INSERT INTO recipe_cook(recipe_id, cook_id) VALUES (94, 88);
INSERT INTO recipe_cook(recipe_id, cook_id) VALUES (94, 55);
INSERT INTO recipe_cook(recipe_id, cook_id) VALUES (94, 28);
INSERT INTO recipe_cook(recipe_id, cook_id) VALUES (94, 34);
INSERT INTO recipe_cook(recipe_id, cook_id) VALUES (94, 24);
INSERT INTO recipe_cook(recipe_id, cook_id) VALUES (94, 72);
INSERT INTO recipe_cook(recipe_id, cook_id) VALUES (94, 162);
INSERT INTO recipe_cook(recipe_id, cook_id) VALUES (94, 39);
INSERT INTO recipe_cook(recipe_id, cook_id) VALUES (94, 67);
INSERT INTO recipe_cook(recipe_id, cook_id) VALUES (94, 131);
INSERT INTO recipe_cook(recipe_id, cook_id) VALUES (94, 175);
INSERT INTO recipe_cook(recipe_id, cook_id) VALUES (94, 99);
INSERT INTO recipe_cook(recipe_id, cook_id) VALUES (94, 149);
INSERT INTO recipe_cook(recipe_id, cook_id) VALUES (94, 9);
INSERT INTO recipe_cook(recipe_id, cook_id) VALUES (94, 10);
INSERT INTO recipe_cook(recipe_id, cook_id) VALUES (94, 200);
INSERT INTO recipe_cook(recipe_id, cook_id) VALUES (94, 102);
INSERT INTO recipe_cook(recipe_id, cook_id) VALUES (94, 103);
INSERT INTO recipe_cook(recipe_id, cook_id) VALUES (94, 7);
INSERT INTO recipe_cook(recipe_id, cook_id) VALUES (94, 143);
INSERT INTO recipe_cook(recipe_id, cook_id) VALUES (94, 31);
INSERT INTO recipe_cook(recipe_id, cook_id) VALUES (94, 14);
INSERT INTO recipe_cook(recipe_id, cook_id) VALUES (94, 89);
INSERT INTO recipe_cook(recipe_id, cook_id) VALUES (94, 35);
INSERT INTO recipe_cook(recipe_id, cook_id) VALUES (94, 53);
INSERT INTO recipe_cook(recipe_id, cook_id) VALUES (94, 174);
INSERT INTO recipe_cook(recipe_id, cook_id) VALUES (94, 173);
INSERT INTO recipe_cook(recipe_id, cook_id) VALUES (94, 49);
INSERT INTO recipe_cook(recipe_id, cook_id) VALUES (94, 13);
INSERT INTO recipe_cook(recipe_id, cook_id) VALUES (94, 23);
INSERT INTO recipe_cook(recipe_id, cook_id) VALUES (94, 98);
INSERT INTO recipe_cook(recipe_id, cook_id) VALUES (94, 164);
INSERT INTO recipe_cook(recipe_id, cook_id) VALUES (94, 133);
INSERT INTO recipe_cook(recipe_id, cook_id) VALUES (94, 96);
INSERT INTO recipe_cook(recipe_id, cook_id) VALUES (94, 159);
INSERT INTO recipe_cook(recipe_id, cook_id) VALUES (94, 178);
INSERT INTO recipe_cook(recipe_id, cook_id) VALUES (94, 86);
INSERT INTO recipe_cook(recipe_id, cook_id) VALUES (94, 177);
INSERT INTO recipe_cook(recipe_id, cook_id) VALUES (94, 167);
INSERT INTO recipe_cook(recipe_id, cook_id) VALUES (94, 84);
INSERT INTO recipe_cook(recipe_id, cook_id) VALUES (94, 108);
INSERT INTO recipe_cook(recipe_id, cook_id) VALUES (94, 126);
INSERT INTO recipe_cook(recipe_id, cook_id) VALUES (94, 165);
INSERT INTO recipe_cook(recipe_id, cook_id) VALUES (94, 197);
INSERT INTO recipe_cook(recipe_id, cook_id) VALUES (94, 198);
INSERT INTO recipe_cook(recipe_id, cook_id) VALUES (94, 110);
INSERT INTO recipe_cook(recipe_id, cook_id) VALUES (94, 37);
INSERT INTO recipe_cook(recipe_id, cook_id) VALUES (94, 69);
INSERT INTO recipe_cook(recipe_id, cook_id) VALUES (94, 121);
INSERT INTO recipe_cook(recipe_id, cook_id) VALUES (94, 117);
INSERT INTO recipe_cook(recipe_id, cook_id) VALUES (94, 91);
INSERT INTO recipe_cook(recipe_id, cook_id) VALUES (94, 77);
INSERT INTO recipe_cook(recipe_id, cook_id) VALUES (94, 27);
INSERT INTO recipe_cook(recipe_id, cook_id) VALUES (94, 82);
INSERT INTO recipe_cook(recipe_id, cook_id) VALUES (94, 6);
INSERT INTO recipe_cook(recipe_id, cook_id) VALUES (94, 151);
INSERT INTO recipe_cook(recipe_id, cook_id) VALUES (94, 64);
INSERT INTO recipe_cook(recipe_id, cook_id) VALUES (94, 29);
INSERT INTO recipe_cook(recipe_id, cook_id) VALUES (94, 11);
INSERT INTO recipe_cook(recipe_id, cook_id) VALUES (94, 169);
INSERT INTO recipe_cook(recipe_id, cook_id) VALUES (94, 4);
INSERT INTO recipe_cook(recipe_id, cook_id) VALUES (94, 56);
INSERT INTO recipe_cook(recipe_id, cook_id) VALUES (94, 30);
INSERT INTO recipe_cook(recipe_id, cook_id) VALUES (94, 25);
INSERT INTO recipe_cook(recipe_id, cook_id) VALUES (94, 70);
INSERT INTO recipe_cook(recipe_id, cook_id) VALUES (94, 130);
INSERT INTO recipe_cook(recipe_id, cook_id) VALUES (94, 170);
INSERT INTO recipe_cook(recipe_id, cook_id) VALUES (94, 66);
INSERT INTO recipe_cook(recipe_id, cook_id) VALUES (94, 63);
INSERT INTO recipe_cook(recipe_id, cook_id) VALUES (94, 112);
INSERT INTO recipe_cook(recipe_id, cook_id) VALUES (94, 181);
INSERT INTO recipe_cook(recipe_id, cook_id) VALUES (94, 168);
INSERT INTO recipe_theme(recipe_id, theme_id) VALUES (94, 20);
INSERT INTO recipe_theme(recipe_id, theme_id) VALUES (94, 32);
INSERT INTO recipe_theme(recipe_id, theme_id) VALUES (94, 34);
INSERT INTO recipe_tip(recipe_id, tip_id) VALUES (94, 26);

INSERT INTO recipe(baking, cuisine_id, difficulty, title, recipe_description, prep_time, cook_time, portions, fat_portion, protein_portion, carbo_portion, picture, picture_description) VALUES(0, 18, 4,'Pork Carnitas', 'Fill although executive space add. Section party loss describe. Bad thus expert consumer any measure.', 65, 40, 3, 5, 50,15, 'https://placekitten.com/1005/144', 'Central hope class both president toward.');
INSERT INTO recipe_meal_type(recipe_id, meal_type_id) VALUES (95, 1);
INSERT INTO recipe_tag(recipe_id, tag_id) VALUES (95, 6);
INSERT INTO recipe_tag(recipe_id, tag_id) VALUES (95, 55);
INSERT INTO recipe_tag(recipe_id, tag_id) VALUES (95, 30);
INSERT INTO recipe_tag(recipe_id, tag_id) VALUES (95, 43);
INSERT INTO recipe_tag(recipe_id, tag_id) VALUES (95, 22);
INSERT INTO recipe_tag(recipe_id, tag_id) VALUES (95, 90);
INSERT INTO recipe_tag(recipe_id, tag_id) VALUES (95, 48);
INSERT INTO recipe_tag(recipe_id, tag_id) VALUES (95, 18);
INSERT INTO recipe_equipment(recipe_id, equipment_id, num) VALUES (95, 5, 2);
INSERT INTO recipe_equipment(recipe_id, equipment_id, num) VALUES (95, 10, 3);
INSERT INTO recipe_equipment(recipe_id, equipment_id, num) VALUES (95, 2, 4);
INSERT INTO recipe_cook(recipe_id, cook_id) VALUES (95, 182);
INSERT INTO recipe_cook(recipe_id, cook_id) VALUES (95, 199);
INSERT INTO recipe_cook(recipe_id, cook_id) VALUES (95, 36);
INSERT INTO recipe_cook(recipe_id, cook_id) VALUES (95, 49);
INSERT INTO recipe_cook(recipe_id, cook_id) VALUES (95, 54);
INSERT INTO recipe_cook(recipe_id, cook_id) VALUES (95, 116);
INSERT INTO recipe_cook(recipe_id, cook_id) VALUES (95, 57);
INSERT INTO recipe_cook(recipe_id, cook_id) VALUES (95, 105);
INSERT INTO recipe_cook(recipe_id, cook_id) VALUES (95, 55);
INSERT INTO recipe_cook(recipe_id, cook_id) VALUES (95, 84);
INSERT INTO recipe_cook(recipe_id, cook_id) VALUES (95, 74);
INSERT INTO recipe_cook(recipe_id, cook_id) VALUES (95, 73);
INSERT INTO recipe_cook(recipe_id, cook_id) VALUES (95, 169);
INSERT INTO recipe_cook(recipe_id, cook_id) VALUES (95, 23);
INSERT INTO recipe_cook(recipe_id, cook_id) VALUES (95, 48);
INSERT INTO recipe_cook(recipe_id, cook_id) VALUES (95, 189);
INSERT INTO recipe_cook(recipe_id, cook_id) VALUES (95, 104);
INSERT INTO recipe_cook(recipe_id, cook_id) VALUES (95, 179);
INSERT INTO recipe_cook(recipe_id, cook_id) VALUES (95, 39);
INSERT INTO recipe_cook(recipe_id, cook_id) VALUES (95, 85);
INSERT INTO recipe_cook(recipe_id, cook_id) VALUES (95, 91);
INSERT INTO recipe_cook(recipe_id, cook_id) VALUES (95, 162);
INSERT INTO recipe_cook(recipe_id, cook_id) VALUES (95, 158);
INSERT INTO recipe_cook(recipe_id, cook_id) VALUES (95, 194);
INSERT INTO recipe_cook(recipe_id, cook_id) VALUES (95, 153);
INSERT INTO recipe_cook(recipe_id, cook_id) VALUES (95, 134);
INSERT INTO recipe_cook(recipe_id, cook_id) VALUES (95, 66);
INSERT INTO recipe_cook(recipe_id, cook_id) VALUES (95, 9);
INSERT INTO recipe_cook(recipe_id, cook_id) VALUES (95, 68);
INSERT INTO recipe_cook(recipe_id, cook_id) VALUES (95, 108);
INSERT INTO recipe_cook(recipe_id, cook_id) VALUES (95, 135);
INSERT INTO recipe_cook(recipe_id, cook_id) VALUES (95, 8);
INSERT INTO recipe_cook(recipe_id, cook_id) VALUES (95, 186);
INSERT INTO recipe_cook(recipe_id, cook_id) VALUES (95, 2);
INSERT INTO recipe_cook(recipe_id, cook_id) VALUES (95, 25);
INSERT INTO recipe_cook(recipe_id, cook_id) VALUES (95, 60);
INSERT INTO recipe_cook(recipe_id, cook_id) VALUES (95, 77);
INSERT INTO recipe_cook(recipe_id, cook_id) VALUES (95, 114);
INSERT INTO recipe_cook(recipe_id, cook_id) VALUES (95, 192);
INSERT INTO recipe_cook(recipe_id, cook_id) VALUES (95, 125);
INSERT INTO recipe_cook(recipe_id, cook_id) VALUES (95, 95);
INSERT INTO recipe_cook(recipe_id, cook_id) VALUES (95, 146);
INSERT INTO recipe_cook(recipe_id, cook_id) VALUES (95, 1);
INSERT INTO recipe_cook(recipe_id, cook_id) VALUES (95, 170);
INSERT INTO recipe_cook(recipe_id, cook_id) VALUES (95, 103);
INSERT INTO recipe_cook(recipe_id, cook_id) VALUES (95, 12);
INSERT INTO recipe_cook(recipe_id, cook_id) VALUES (95, 53);
INSERT INTO recipe_cook(recipe_id, cook_id) VALUES (95, 88);
INSERT INTO recipe_cook(recipe_id, cook_id) VALUES (95, 32);
INSERT INTO recipe_cook(recipe_id, cook_id) VALUES (95, 100);
INSERT INTO recipe_cook(recipe_id, cook_id) VALUES (95, 110);
INSERT INTO recipe_cook(recipe_id, cook_id) VALUES (95, 51);
INSERT INTO recipe_cook(recipe_id, cook_id) VALUES (95, 28);
INSERT INTO recipe_cook(recipe_id, cook_id) VALUES (95, 167);
INSERT INTO recipe_cook(recipe_id, cook_id) VALUES (95, 47);
INSERT INTO recipe_cook(recipe_id, cook_id) VALUES (95, 176);
INSERT INTO recipe_cook(recipe_id, cook_id) VALUES (95, 75);
INSERT INTO recipe_cook(recipe_id, cook_id) VALUES (95, 198);
INSERT INTO recipe_cook(recipe_id, cook_id) VALUES (95, 113);
INSERT INTO recipe_cook(recipe_id, cook_id) VALUES (95, 137);
INSERT INTO recipe_cook(recipe_id, cook_id) VALUES (95, 50);
INSERT INTO recipe_cook(recipe_id, cook_id) VALUES (95, 124);
INSERT INTO recipe_cook(recipe_id, cook_id) VALUES (95, 17);
INSERT INTO recipe_cook(recipe_id, cook_id) VALUES (95, 160);
INSERT INTO recipe_cook(recipe_id, cook_id) VALUES (95, 18);
INSERT INTO recipe_cook(recipe_id, cook_id) VALUES (95, 183);
INSERT INTO recipe_cook(recipe_id, cook_id) VALUES (95, 14);
INSERT INTO recipe_cook(recipe_id, cook_id) VALUES (95, 46);
INSERT INTO recipe_cook(recipe_id, cook_id) VALUES (95, 26);
INSERT INTO recipe_cook(recipe_id, cook_id) VALUES (95, 4);
INSERT INTO recipe_theme(recipe_id, theme_id) VALUES (95, 17);
INSERT INTO recipe_theme(recipe_id, theme_id) VALUES (95, 30);
INSERT INTO recipe_theme(recipe_id, theme_id) VALUES (95, 36);
INSERT INTO recipe_tip(recipe_id, tip_id) VALUES (95, 14);
INSERT INTO recipe_tip(recipe_id, tip_id) VALUES (95, 34);
INSERT INTO recipe_tip(recipe_id, tip_id) VALUES (95, 12);

INSERT INTO recipe(baking, cuisine_id, difficulty, title, recipe_description, prep_time, cook_time, portions, fat_portion, protein_portion, carbo_portion, picture, picture_description) VALUES(0, 37, 1,'French Toast', 'To community work mother itself training. Left suddenly sure baby few woman.', 55, 0, 2, 45, 15,85, 'https://dummyimage.com/378x345', 'Later director watch social.');
INSERT INTO recipe_meal_type(recipe_id, meal_type_id) VALUES (96, 6);
INSERT INTO recipe_tag(recipe_id, tag_id) VALUES (96, 84);
INSERT INTO recipe_equipment(recipe_id, equipment_id, num) VALUES (96, 8, 1);
INSERT INTO recipe_equipment(recipe_id, equipment_id, num) VALUES (96, 19, 1);
INSERT INTO recipe_equipment(recipe_id, equipment_id, num) VALUES (96, 17, 3);
INSERT INTO recipe_equipment(recipe_id, equipment_id, num) VALUES (96, 6, 3);
INSERT INTO recipe_equipment(recipe_id, equipment_id, num) VALUES (96, 4, 1);
INSERT INTO recipe_equipment(recipe_id, equipment_id, num) VALUES (96, 12, 1);
INSERT INTO recipe_cook(recipe_id, cook_id) VALUES (96, 112);
INSERT INTO recipe_cook(recipe_id, cook_id) VALUES (96, 144);
INSERT INTO recipe_cook(recipe_id, cook_id) VALUES (96, 1);
INSERT INTO recipe_cook(recipe_id, cook_id) VALUES (96, 4);
INSERT INTO recipe_cook(recipe_id, cook_id) VALUES (96, 18);
INSERT INTO recipe_cook(recipe_id, cook_id) VALUES (96, 143);
INSERT INTO recipe_cook(recipe_id, cook_id) VALUES (96, 176);
INSERT INTO recipe_cook(recipe_id, cook_id) VALUES (96, 67);
INSERT INTO recipe_cook(recipe_id, cook_id) VALUES (96, 66);
INSERT INTO recipe_cook(recipe_id, cook_id) VALUES (96, 184);
INSERT INTO recipe_cook(recipe_id, cook_id) VALUES (96, 197);
INSERT INTO recipe_cook(recipe_id, cook_id) VALUES (96, 31);
INSERT INTO recipe_cook(recipe_id, cook_id) VALUES (96, 29);
INSERT INTO recipe_cook(recipe_id, cook_id) VALUES (96, 6);
INSERT INTO recipe_cook(recipe_id, cook_id) VALUES (96, 23);
INSERT INTO recipe_cook(recipe_id, cook_id) VALUES (96, 73);
INSERT INTO recipe_cook(recipe_id, cook_id) VALUES (96, 148);
INSERT INTO recipe_cook(recipe_id, cook_id) VALUES (96, 91);
INSERT INTO recipe_cook(recipe_id, cook_id) VALUES (96, 82);
INSERT INTO recipe_cook(recipe_id, cook_id) VALUES (96, 102);
INSERT INTO recipe_cook(recipe_id, cook_id) VALUES (96, 44);
INSERT INTO recipe_cook(recipe_id, cook_id) VALUES (96, 118);
INSERT INTO recipe_cook(recipe_id, cook_id) VALUES (96, 12);
INSERT INTO recipe_cook(recipe_id, cook_id) VALUES (96, 80);
INSERT INTO recipe_cook(recipe_id, cook_id) VALUES (96, 8);
INSERT INTO recipe_cook(recipe_id, cook_id) VALUES (96, 65);
INSERT INTO recipe_cook(recipe_id, cook_id) VALUES (96, 86);
INSERT INTO recipe_cook(recipe_id, cook_id) VALUES (96, 139);
INSERT INTO recipe_cook(recipe_id, cook_id) VALUES (96, 51);
INSERT INTO recipe_cook(recipe_id, cook_id) VALUES (96, 56);
INSERT INTO recipe_cook(recipe_id, cook_id) VALUES (96, 169);
INSERT INTO recipe_cook(recipe_id, cook_id) VALUES (96, 64);
INSERT INTO recipe_cook(recipe_id, cook_id) VALUES (96, 53);
INSERT INTO recipe_cook(recipe_id, cook_id) VALUES (96, 68);
INSERT INTO recipe_cook(recipe_id, cook_id) VALUES (96, 48);
INSERT INTO recipe_cook(recipe_id, cook_id) VALUES (96, 88);
INSERT INTO recipe_cook(recipe_id, cook_id) VALUES (96, 98);
INSERT INTO recipe_cook(recipe_id, cook_id) VALUES (96, 52);
INSERT INTO recipe_cook(recipe_id, cook_id) VALUES (96, 138);
INSERT INTO recipe_cook(recipe_id, cook_id) VALUES (96, 33);
INSERT INTO recipe_cook(recipe_id, cook_id) VALUES (96, 117);
INSERT INTO recipe_cook(recipe_id, cook_id) VALUES (96, 13);
INSERT INTO recipe_cook(recipe_id, cook_id) VALUES (96, 157);
INSERT INTO recipe_cook(recipe_id, cook_id) VALUES (96, 20);
INSERT INTO recipe_cook(recipe_id, cook_id) VALUES (96, 75);
INSERT INTO recipe_cook(recipe_id, cook_id) VALUES (96, 7);
INSERT INTO recipe_cook(recipe_id, cook_id) VALUES (96, 93);
INSERT INTO recipe_cook(recipe_id, cook_id) VALUES (96, 17);
INSERT INTO recipe_cook(recipe_id, cook_id) VALUES (96, 81);
INSERT INTO recipe_cook(recipe_id, cook_id) VALUES (96, 50);
INSERT INTO recipe_cook(recipe_id, cook_id) VALUES (96, 116);
INSERT INTO recipe_cook(recipe_id, cook_id) VALUES (96, 3);
INSERT INTO recipe_cook(recipe_id, cook_id) VALUES (96, 134);
INSERT INTO recipe_cook(recipe_id, cook_id) VALUES (96, 43);
INSERT INTO recipe_cook(recipe_id, cook_id) VALUES (96, 145);
INSERT INTO recipe_cook(recipe_id, cook_id) VALUES (96, 155);
INSERT INTO recipe_cook(recipe_id, cook_id) VALUES (96, 120);
INSERT INTO recipe_cook(recipe_id, cook_id) VALUES (96, 42);
INSERT INTO recipe_cook(recipe_id, cook_id) VALUES (96, 137);
INSERT INTO recipe_cook(recipe_id, cook_id) VALUES (96, 180);
INSERT INTO recipe_cook(recipe_id, cook_id) VALUES (96, 59);
INSERT INTO recipe_cook(recipe_id, cook_id) VALUES (96, 47);
INSERT INTO recipe_cook(recipe_id, cook_id) VALUES (96, 135);
INSERT INTO recipe_cook(recipe_id, cook_id) VALUES (96, 173);
INSERT INTO recipe_cook(recipe_id, cook_id) VALUES (96, 46);
INSERT INTO recipe_cook(recipe_id, cook_id) VALUES (96, 163);
INSERT INTO recipe_cook(recipe_id, cook_id) VALUES (96, 57);
INSERT INTO recipe_cook(recipe_id, cook_id) VALUES (96, 121);
INSERT INTO recipe_cook(recipe_id, cook_id) VALUES (96, 160);
INSERT INTO recipe_cook(recipe_id, cook_id) VALUES (96, 14);
INSERT INTO recipe_theme(recipe_id, theme_id) VALUES (96, 13);
INSERT INTO recipe_theme(recipe_id, theme_id) VALUES (96, 38);
INSERT INTO recipe_tip(recipe_id, tip_id) VALUES (96, 28);

INSERT INTO recipe(baking, cuisine_id, difficulty, title, recipe_description, prep_time, cook_time, portions, fat_portion, protein_portion, carbo_portion, picture, picture_description) VALUES(1, 2, 4,'Chili Con Carne', 'Already chair bar begin protect charge expert performance. Coach us market quite say. Almost mind huge particular learn card since. List mention yet production quite hot condition.', 125, 40, 5, 10, 45,70, 'https://placekitten.com/938/595', 'Agree mission threat garden scientist.');
INSERT INTO recipe_meal_type(recipe_id, meal_type_id) VALUES (97, 4);
INSERT INTO recipe_tag(recipe_id, tag_id) VALUES (97, 52);
INSERT INTO recipe_tag(recipe_id, tag_id) VALUES (97, 6);
INSERT INTO recipe_tag(recipe_id, tag_id) VALUES (97, 76);
INSERT INTO recipe_tag(recipe_id, tag_id) VALUES (97, 66);
INSERT INTO recipe_equipment(recipe_id, equipment_id, num) VALUES (97, 2, 3);
INSERT INTO recipe_equipment(recipe_id, equipment_id, num) VALUES (97, 1, 1);
INSERT INTO recipe_equipment(recipe_id, equipment_id, num) VALUES (97, 3, 1);
INSERT INTO recipe_equipment(recipe_id, equipment_id, num) VALUES (97, 9, 2);
INSERT INTO recipe_equipment(recipe_id, equipment_id, num) VALUES (97, 4, 2);
INSERT INTO recipe_equipment(recipe_id, equipment_id, num) VALUES (97, 8, 3);
INSERT INTO recipe_cook(recipe_id, cook_id) VALUES (97, 56);
INSERT INTO recipe_cook(recipe_id, cook_id) VALUES (97, 99);
INSERT INTO recipe_cook(recipe_id, cook_id) VALUES (97, 166);
INSERT INTO recipe_cook(recipe_id, cook_id) VALUES (97, 7);
INSERT INTO recipe_cook(recipe_id, cook_id) VALUES (97, 133);
INSERT INTO recipe_cook(recipe_id, cook_id) VALUES (97, 47);
INSERT INTO recipe_cook(recipe_id, cook_id) VALUES (97, 131);
INSERT INTO recipe_cook(recipe_id, cook_id) VALUES (97, 89);
INSERT INTO recipe_cook(recipe_id, cook_id) VALUES (97, 75);
INSERT INTO recipe_cook(recipe_id, cook_id) VALUES (97, 177);
INSERT INTO recipe_cook(recipe_id, cook_id) VALUES (97, 17);
INSERT INTO recipe_cook(recipe_id, cook_id) VALUES (97, 42);
INSERT INTO recipe_cook(recipe_id, cook_id) VALUES (97, 57);
INSERT INTO recipe_cook(recipe_id, cook_id) VALUES (97, 183);
INSERT INTO recipe_cook(recipe_id, cook_id) VALUES (97, 136);
INSERT INTO recipe_cook(recipe_id, cook_id) VALUES (97, 31);
INSERT INTO recipe_cook(recipe_id, cook_id) VALUES (97, 29);
INSERT INTO recipe_cook(recipe_id, cook_id) VALUES (97, 111);
INSERT INTO recipe_cook(recipe_id, cook_id) VALUES (97, 102);
INSERT INTO recipe_cook(recipe_id, cook_id) VALUES (97, 38);
INSERT INTO recipe_cook(recipe_id, cook_id) VALUES (97, 13);
INSERT INTO recipe_cook(recipe_id, cook_id) VALUES (97, 115);
INSERT INTO recipe_cook(recipe_id, cook_id) VALUES (97, 129);
INSERT INTO recipe_cook(recipe_id, cook_id) VALUES (97, 154);
INSERT INTO recipe_cook(recipe_id, cook_id) VALUES (97, 34);
INSERT INTO recipe_cook(recipe_id, cook_id) VALUES (97, 2);
INSERT INTO recipe_cook(recipe_id, cook_id) VALUES (97, 139);
INSERT INTO recipe_cook(recipe_id, cook_id) VALUES (97, 25);
INSERT INTO recipe_cook(recipe_id, cook_id) VALUES (97, 65);
INSERT INTO recipe_cook(recipe_id, cook_id) VALUES (97, 76);
INSERT INTO recipe_cook(recipe_id, cook_id) VALUES (97, 160);
INSERT INTO recipe_cook(recipe_id, cook_id) VALUES (97, 64);
INSERT INTO recipe_cook(recipe_id, cook_id) VALUES (97, 137);
INSERT INTO recipe_cook(recipe_id, cook_id) VALUES (97, 71);
INSERT INTO recipe_cook(recipe_id, cook_id) VALUES (97, 125);
INSERT INTO recipe_cook(recipe_id, cook_id) VALUES (97, 63);
INSERT INTO recipe_cook(recipe_id, cook_id) VALUES (97, 120);
INSERT INTO recipe_cook(recipe_id, cook_id) VALUES (97, 116);
INSERT INTO recipe_cook(recipe_id, cook_id) VALUES (97, 122);
INSERT INTO recipe_cook(recipe_id, cook_id) VALUES (97, 30);
INSERT INTO recipe_cook(recipe_id, cook_id) VALUES (97, 126);
INSERT INTO recipe_cook(recipe_id, cook_id) VALUES (97, 19);
INSERT INTO recipe_cook(recipe_id, cook_id) VALUES (97, 180);
INSERT INTO recipe_cook(recipe_id, cook_id) VALUES (97, 144);
INSERT INTO recipe_cook(recipe_id, cook_id) VALUES (97, 161);
INSERT INTO recipe_cook(recipe_id, cook_id) VALUES (97, 130);
INSERT INTO recipe_cook(recipe_id, cook_id) VALUES (97, 54);
INSERT INTO recipe_cook(recipe_id, cook_id) VALUES (97, 181);
INSERT INTO recipe_cook(recipe_id, cook_id) VALUES (97, 86);
INSERT INTO recipe_cook(recipe_id, cook_id) VALUES (97, 36);
INSERT INTO recipe_cook(recipe_id, cook_id) VALUES (97, 150);
INSERT INTO recipe_cook(recipe_id, cook_id) VALUES (97, 23);
INSERT INTO recipe_cook(recipe_id, cook_id) VALUES (97, 193);
INSERT INTO recipe_theme(recipe_id, theme_id) VALUES (97, 20);
INSERT INTO recipe_tip(recipe_id, tip_id) VALUES (97, 1);
INSERT INTO recipe_tip(recipe_id, tip_id) VALUES (97, 28);

INSERT INTO recipe(baking, cuisine_id, difficulty, title, recipe_description, prep_time, cook_time, portions, fat_portion, protein_portion, carbo_portion, picture, picture_description) VALUES(1, 35, 2,'Enchiladas', 'Rich public offer here continue treatment start appear. Peace respond herself almost right. Reflect child simply out policy. Paper benefit herself would report personal.', 65, 120, 4, 15, 0,0, 'https://dummyimage.com/141x333', 'Fish decide experience room civil bill hope.');
INSERT INTO recipe_meal_type(recipe_id, meal_type_id) VALUES (98, 1);
INSERT INTO recipe_tag(recipe_id, tag_id) VALUES (98, 67);
INSERT INTO recipe_tag(recipe_id, tag_id) VALUES (98, 96);
INSERT INTO recipe_tag(recipe_id, tag_id) VALUES (98, 8);
INSERT INTO recipe_tag(recipe_id, tag_id) VALUES (98, 57);
INSERT INTO recipe_tag(recipe_id, tag_id) VALUES (98, 41);
INSERT INTO recipe_tag(recipe_id, tag_id) VALUES (98, 44);
INSERT INTO recipe_tag(recipe_id, tag_id) VALUES (98, 92);
INSERT INTO recipe_equipment(recipe_id, equipment_id, num) VALUES (98, 10, 1);
INSERT INTO recipe_equipment(recipe_id, equipment_id, num) VALUES (98, 18, 1);
INSERT INTO recipe_equipment(recipe_id, equipment_id, num) VALUES (98, 20, 1);
INSERT INTO recipe_cook(recipe_id, cook_id) VALUES (98, 165);
INSERT INTO recipe_cook(recipe_id, cook_id) VALUES (98, 93);
INSERT INTO recipe_cook(recipe_id, cook_id) VALUES (98, 81);
INSERT INTO recipe_cook(recipe_id, cook_id) VALUES (98, 94);
INSERT INTO recipe_cook(recipe_id, cook_id) VALUES (98, 138);
INSERT INTO recipe_cook(recipe_id, cook_id) VALUES (98, 188);
INSERT INTO recipe_cook(recipe_id, cook_id) VALUES (98, 43);
INSERT INTO recipe_cook(recipe_id, cook_id) VALUES (98, 84);
INSERT INTO recipe_cook(recipe_id, cook_id) VALUES (98, 135);
INSERT INTO recipe_cook(recipe_id, cook_id) VALUES (98, 113);
INSERT INTO recipe_cook(recipe_id, cook_id) VALUES (98, 173);
INSERT INTO recipe_cook(recipe_id, cook_id) VALUES (98, 169);
INSERT INTO recipe_cook(recipe_id, cook_id) VALUES (98, 52);
INSERT INTO recipe_cook(recipe_id, cook_id) VALUES (98, 176);
INSERT INTO recipe_cook(recipe_id, cook_id) VALUES (98, 150);
INSERT INTO recipe_cook(recipe_id, cook_id) VALUES (98, 69);
INSERT INTO recipe_cook(recipe_id, cook_id) VALUES (98, 122);
INSERT INTO recipe_cook(recipe_id, cook_id) VALUES (98, 89);
INSERT INTO recipe_cook(recipe_id, cook_id) VALUES (98, 21);
INSERT INTO recipe_cook(recipe_id, cook_id) VALUES (98, 77);
INSERT INTO recipe_cook(recipe_id, cook_id) VALUES (98, 105);
INSERT INTO recipe_cook(recipe_id, cook_id) VALUES (98, 107);
INSERT INTO recipe_cook(recipe_id, cook_id) VALUES (98, 142);
INSERT INTO recipe_cook(recipe_id, cook_id) VALUES (98, 88);
INSERT INTO recipe_cook(recipe_id, cook_id) VALUES (98, 62);
INSERT INTO recipe_cook(recipe_id, cook_id) VALUES (98, 48);
INSERT INTO recipe_cook(recipe_id, cook_id) VALUES (98, 162);
INSERT INTO recipe_cook(recipe_id, cook_id) VALUES (98, 127);
INSERT INTO recipe_cook(recipe_id, cook_id) VALUES (98, 46);
INSERT INTO recipe_cook(recipe_id, cook_id) VALUES (98, 60);
INSERT INTO recipe_cook(recipe_id, cook_id) VALUES (98, 6);
INSERT INTO recipe_cook(recipe_id, cook_id) VALUES (98, 161);
INSERT INTO recipe_cook(recipe_id, cook_id) VALUES (98, 160);
INSERT INTO recipe_cook(recipe_id, cook_id) VALUES (98, 133);
INSERT INTO recipe_cook(recipe_id, cook_id) VALUES (98, 35);
INSERT INTO recipe_cook(recipe_id, cook_id) VALUES (98, 174);
INSERT INTO recipe_cook(recipe_id, cook_id) VALUES (98, 101);
INSERT INTO recipe_cook(recipe_id, cook_id) VALUES (98, 116);
INSERT INTO recipe_cook(recipe_id, cook_id) VALUES (98, 8);
INSERT INTO recipe_cook(recipe_id, cook_id) VALUES (98, 10);
INSERT INTO recipe_cook(recipe_id, cook_id) VALUES (98, 31);
INSERT INTO recipe_cook(recipe_id, cook_id) VALUES (98, 23);
INSERT INTO recipe_cook(recipe_id, cook_id) VALUES (98, 143);
INSERT INTO recipe_cook(recipe_id, cook_id) VALUES (98, 25);
INSERT INTO recipe_cook(recipe_id, cook_id) VALUES (98, 39);
INSERT INTO recipe_cook(recipe_id, cook_id) VALUES (98, 97);
INSERT INTO recipe_cook(recipe_id, cook_id) VALUES (98, 67);
INSERT INTO recipe_cook(recipe_id, cook_id) VALUES (98, 47);
INSERT INTO recipe_cook(recipe_id, cook_id) VALUES (98, 33);
INSERT INTO recipe_cook(recipe_id, cook_id) VALUES (98, 153);
INSERT INTO recipe_cook(recipe_id, cook_id) VALUES (98, 85);
INSERT INTO recipe_cook(recipe_id, cook_id) VALUES (98, 19);
INSERT INTO recipe_cook(recipe_id, cook_id) VALUES (98, 14);
INSERT INTO recipe_cook(recipe_id, cook_id) VALUES (98, 75);
INSERT INTO recipe_cook(recipe_id, cook_id) VALUES (98, 183);
INSERT INTO recipe_cook(recipe_id, cook_id) VALUES (98, 197);
INSERT INTO recipe_cook(recipe_id, cook_id) VALUES (98, 139);
INSERT INTO recipe_cook(recipe_id, cook_id) VALUES (98, 140);
INSERT INTO recipe_cook(recipe_id, cook_id) VALUES (98, 55);
INSERT INTO recipe_cook(recipe_id, cook_id) VALUES (98, 171);
INSERT INTO recipe_cook(recipe_id, cook_id) VALUES (98, 156);
INSERT INTO recipe_cook(recipe_id, cook_id) VALUES (98, 87);
INSERT INTO recipe_cook(recipe_id, cook_id) VALUES (98, 86);
INSERT INTO recipe_cook(recipe_id, cook_id) VALUES (98, 106);
INSERT INTO recipe_cook(recipe_id, cook_id) VALUES (98, 118);
INSERT INTO recipe_cook(recipe_id, cook_id) VALUES (98, 145);
INSERT INTO recipe_cook(recipe_id, cook_id) VALUES (98, 20);
INSERT INTO recipe_cook(recipe_id, cook_id) VALUES (98, 187);
INSERT INTO recipe_cook(recipe_id, cook_id) VALUES (98, 11);
INSERT INTO recipe_theme(recipe_id, theme_id) VALUES (98, 15);
INSERT INTO recipe_theme(recipe_id, theme_id) VALUES (98, 24);
INSERT INTO recipe_theme(recipe_id, theme_id) VALUES (98, 8);
INSERT INTO recipe_tip(recipe_id, tip_id) VALUES (98, 5);
INSERT INTO recipe_tip(recipe_id, tip_id) VALUES (98, 8);

INSERT INTO recipe(baking, cuisine_id, difficulty, title, recipe_description, prep_time, cook_time, portions, fat_portion, protein_portion, carbo_portion, picture, picture_description) VALUES(1, 39, 4,'Omelette', 'Wife establish since month. Eight strategy which style. Drug perhaps ten. Rule often require government.', 35, 120, 3, 0, 65,0, 'https://dummyimage.com/983x794', 'Little sometimes continue opportunity thousand.');
INSERT INTO recipe_meal_type(recipe_id, meal_type_id) VALUES (99, 6);
INSERT INTO recipe_tag(recipe_id, tag_id) VALUES (99, 4);
INSERT INTO recipe_tag(recipe_id, tag_id) VALUES (99, 84);
INSERT INTO recipe_tag(recipe_id, tag_id) VALUES (99, 65);
INSERT INTO recipe_equipment(recipe_id, equipment_id, num) VALUES (99, 7, 1);
INSERT INTO recipe_equipment(recipe_id, equipment_id, num) VALUES (99, 19, 3);
INSERT INTO recipe_equipment(recipe_id, equipment_id, num) VALUES (99, 15, 3);
INSERT INTO recipe_equipment(recipe_id, equipment_id, num) VALUES (99, 8, 3);
INSERT INTO recipe_equipment(recipe_id, equipment_id, num) VALUES (99, 2, 1);
INSERT INTO recipe_cook(recipe_id, cook_id) VALUES (99, 46);
INSERT INTO recipe_cook(recipe_id, cook_id) VALUES (99, 95);
INSERT INTO recipe_cook(recipe_id, cook_id) VALUES (99, 154);
INSERT INTO recipe_cook(recipe_id, cook_id) VALUES (99, 43);
INSERT INTO recipe_cook(recipe_id, cook_id) VALUES (99, 196);
INSERT INTO recipe_cook(recipe_id, cook_id) VALUES (99, 83);
INSERT INTO recipe_cook(recipe_id, cook_id) VALUES (99, 12);
INSERT INTO recipe_cook(recipe_id, cook_id) VALUES (99, 62);
INSERT INTO recipe_cook(recipe_id, cook_id) VALUES (99, 103);
INSERT INTO recipe_cook(recipe_id, cook_id) VALUES (99, 111);
INSERT INTO recipe_cook(recipe_id, cook_id) VALUES (99, 38);
INSERT INTO recipe_cook(recipe_id, cook_id) VALUES (99, 85);
INSERT INTO recipe_cook(recipe_id, cook_id) VALUES (99, 11);
INSERT INTO recipe_cook(recipe_id, cook_id) VALUES (99, 91);
INSERT INTO recipe_cook(recipe_id, cook_id) VALUES (99, 112);
INSERT INTO recipe_cook(recipe_id, cook_id) VALUES (99, 24);
INSERT INTO recipe_cook(recipe_id, cook_id) VALUES (99, 162);
INSERT INTO recipe_cook(recipe_id, cook_id) VALUES (99, 7);
INSERT INTO recipe_cook(recipe_id, cook_id) VALUES (99, 14);
INSERT INTO recipe_cook(recipe_id, cook_id) VALUES (99, 78);
INSERT INTO recipe_cook(recipe_id, cook_id) VALUES (99, 60);
INSERT INTO recipe_cook(recipe_id, cook_id) VALUES (99, 39);
INSERT INTO recipe_cook(recipe_id, cook_id) VALUES (99, 79);
INSERT INTO recipe_cook(recipe_id, cook_id) VALUES (99, 30);
INSERT INTO recipe_cook(recipe_id, cook_id) VALUES (99, 76);
INSERT INTO recipe_cook(recipe_id, cook_id) VALUES (99, 153);
INSERT INTO recipe_cook(recipe_id, cook_id) VALUES (99, 193);
INSERT INTO recipe_cook(recipe_id, cook_id) VALUES (99, 18);
INSERT INTO recipe_cook(recipe_id, cook_id) VALUES (99, 180);
INSERT INTO recipe_cook(recipe_id, cook_id) VALUES (99, 89);
INSERT INTO recipe_cook(recipe_id, cook_id) VALUES (99, 49);
INSERT INTO recipe_cook(recipe_id, cook_id) VALUES (99, 131);
INSERT INTO recipe_cook(recipe_id, cook_id) VALUES (99, 6);
INSERT INTO recipe_cook(recipe_id, cook_id) VALUES (99, 186);
INSERT INTO recipe_cook(recipe_id, cook_id) VALUES (99, 104);
INSERT INTO recipe_cook(recipe_id, cook_id) VALUES (99, 164);
INSERT INTO recipe_cook(recipe_id, cook_id) VALUES (99, 54);
INSERT INTO recipe_cook(recipe_id, cook_id) VALUES (99, 72);
INSERT INTO recipe_cook(recipe_id, cook_id) VALUES (99, 98);
INSERT INTO recipe_cook(recipe_id, cook_id) VALUES (99, 179);
INSERT INTO recipe_cook(recipe_id, cook_id) VALUES (99, 166);
INSERT INTO recipe_cook(recipe_id, cook_id) VALUES (99, 58);
INSERT INTO recipe_cook(recipe_id, cook_id) VALUES (99, 108);
INSERT INTO recipe_cook(recipe_id, cook_id) VALUES (99, 125);
INSERT INTO recipe_cook(recipe_id, cook_id) VALUES (99, 81);
INSERT INTO recipe_cook(recipe_id, cook_id) VALUES (99, 57);
INSERT INTO recipe_cook(recipe_id, cook_id) VALUES (99, 15);
INSERT INTO recipe_cook(recipe_id, cook_id) VALUES (99, 137);
INSERT INTO recipe_cook(recipe_id, cook_id) VALUES (99, 158);
INSERT INTO recipe_cook(recipe_id, cook_id) VALUES (99, 29);
INSERT INTO recipe_cook(recipe_id, cook_id) VALUES (99, 5);
INSERT INTO recipe_cook(recipe_id, cook_id) VALUES (99, 93);
INSERT INTO recipe_cook(recipe_id, cook_id) VALUES (99, 88);
INSERT INTO recipe_cook(recipe_id, cook_id) VALUES (99, 77);
INSERT INTO recipe_cook(recipe_id, cook_id) VALUES (99, 40);
INSERT INTO recipe_cook(recipe_id, cook_id) VALUES (99, 41);
INSERT INTO recipe_cook(recipe_id, cook_id) VALUES (99, 141);
INSERT INTO recipe_cook(recipe_id, cook_id) VALUES (99, 110);
INSERT INTO recipe_cook(recipe_id, cook_id) VALUES (99, 19);
INSERT INTO recipe_cook(recipe_id, cook_id) VALUES (99, 155);
INSERT INTO recipe_cook(recipe_id, cook_id) VALUES (99, 197);
INSERT INTO recipe_cook(recipe_id, cook_id) VALUES (99, 185);
INSERT INTO recipe_cook(recipe_id, cook_id) VALUES (99, 142);
INSERT INTO recipe_cook(recipe_id, cook_id) VALUES (99, 152);
INSERT INTO recipe_cook(recipe_id, cook_id) VALUES (99, 32);
INSERT INTO recipe_cook(recipe_id, cook_id) VALUES (99, 143);
INSERT INTO recipe_cook(recipe_id, cook_id) VALUES (99, 16);
INSERT INTO recipe_cook(recipe_id, cook_id) VALUES (99, 106);
INSERT INTO recipe_cook(recipe_id, cook_id) VALUES (99, 102);
INSERT INTO recipe_cook(recipe_id, cook_id) VALUES (99, 138);
INSERT INTO recipe_cook(recipe_id, cook_id) VALUES (99, 167);
INSERT INTO recipe_cook(recipe_id, cook_id) VALUES (99, 70);
INSERT INTO recipe_cook(recipe_id, cook_id) VALUES (99, 187);
INSERT INTO recipe_cook(recipe_id, cook_id) VALUES (99, 52);
INSERT INTO recipe_cook(recipe_id, cook_id) VALUES (99, 156);
INSERT INTO recipe_cook(recipe_id, cook_id) VALUES (99, 56);
INSERT INTO recipe_cook(recipe_id, cook_id) VALUES (99, 10);
INSERT INTO recipe_cook(recipe_id, cook_id) VALUES (99, 84);
INSERT INTO recipe_cook(recipe_id, cook_id) VALUES (99, 51);
INSERT INTO recipe_cook(recipe_id, cook_id) VALUES (99, 184);
INSERT INTO recipe_cook(recipe_id, cook_id) VALUES (99, 90);
INSERT INTO recipe_cook(recipe_id, cook_id) VALUES (99, 99);
INSERT INTO recipe_cook(recipe_id, cook_id) VALUES (99, 1);
INSERT INTO recipe_cook(recipe_id, cook_id) VALUES (99, 82);
INSERT INTO recipe_cook(recipe_id, cook_id) VALUES (99, 192);
INSERT INTO recipe_cook(recipe_id, cook_id) VALUES (99, 59);
INSERT INTO recipe_cook(recipe_id, cook_id) VALUES (99, 42);
INSERT INTO recipe_cook(recipe_id, cook_id) VALUES (99, 97);
INSERT INTO recipe_cook(recipe_id, cook_id) VALUES (99, 116);
INSERT INTO recipe_cook(recipe_id, cook_id) VALUES (99, 151);
INSERT INTO recipe_cook(recipe_id, cook_id) VALUES (99, 9);
INSERT INTO recipe_cook(recipe_id, cook_id) VALUES (99, 183);
INSERT INTO recipe_cook(recipe_id, cook_id) VALUES (99, 159);
INSERT INTO recipe_cook(recipe_id, cook_id) VALUES (99, 96);
INSERT INTO recipe_cook(recipe_id, cook_id) VALUES (99, 67);
INSERT INTO recipe_cook(recipe_id, cook_id) VALUES (99, 178);
INSERT INTO recipe_cook(recipe_id, cook_id) VALUES (99, 4);
INSERT INTO recipe_cook(recipe_id, cook_id) VALUES (99, 198);
INSERT INTO recipe_cook(recipe_id, cook_id) VALUES (99, 120);
INSERT INTO recipe_cook(recipe_id, cook_id) VALUES (99, 195);
INSERT INTO recipe_cook(recipe_id, cook_id) VALUES (99, 61);
INSERT INTO recipe_cook(recipe_id, cook_id) VALUES (99, 122);
INSERT INTO recipe_cook(recipe_id, cook_id) VALUES (99, 172);
INSERT INTO recipe_cook(recipe_id, cook_id) VALUES (99, 117);
INSERT INTO recipe_cook(recipe_id, cook_id) VALUES (99, 114);
INSERT INTO recipe_cook(recipe_id, cook_id) VALUES (99, 174);
INSERT INTO recipe_cook(recipe_id, cook_id) VALUES (99, 2);
INSERT INTO recipe_cook(recipe_id, cook_id) VALUES (99, 92);
INSERT INTO recipe_cook(recipe_id, cook_id) VALUES (99, 65);
INSERT INTO recipe_cook(recipe_id, cook_id) VALUES (99, 33);
INSERT INTO recipe_cook(recipe_id, cook_id) VALUES (99, 26);
INSERT INTO recipe_cook(recipe_id, cook_id) VALUES (99, 101);
INSERT INTO recipe_cook(recipe_id, cook_id) VALUES (99, 37);
INSERT INTO recipe_cook(recipe_id, cook_id) VALUES (99, 50);
INSERT INTO recipe_cook(recipe_id, cook_id) VALUES (99, 35);
INSERT INTO recipe_cook(recipe_id, cook_id) VALUES (99, 126);
INSERT INTO recipe_cook(recipe_id, cook_id) VALUES (99, 71);
INSERT INTO recipe_cook(recipe_id, cook_id) VALUES (99, 87);
INSERT INTO recipe_cook(recipe_id, cook_id) VALUES (99, 94);
INSERT INTO recipe_cook(recipe_id, cook_id) VALUES (99, 74);
INSERT INTO recipe_cook(recipe_id, cook_id) VALUES (99, 149);
INSERT INTO recipe_cook(recipe_id, cook_id) VALUES (99, 199);
INSERT INTO recipe_cook(recipe_id, cook_id) VALUES (99, 168);
INSERT INTO recipe_cook(recipe_id, cook_id) VALUES (99, 47);
INSERT INTO recipe_cook(recipe_id, cook_id) VALUES (99, 31);
INSERT INTO recipe_cook(recipe_id, cook_id) VALUES (99, 53);
INSERT INTO recipe_theme(recipe_id, theme_id) VALUES (99, 38);
INSERT INTO recipe_theme(recipe_id, theme_id) VALUES (99, 7);
INSERT INTO recipe_tip(recipe_id, tip_id) VALUES (99, 28);
INSERT INTO recipe_tip(recipe_id, tip_id) VALUES (99, 7);
INSERT INTO recipe_tip(recipe_id, tip_id) VALUES (99, 1);

INSERT INTO recipe(baking, cuisine_id, difficulty, title, recipe_description, prep_time, cook_time, portions, fat_portion, protein_portion, carbo_portion, picture, picture_description) VALUES(1, 33, 5,'Strawberry Shortcake', 'Minute sister bank hot. Perhaps difficult center debate they development can between.', 125, 30, 4, 0, 55,10, 'https://dummyimage.com/559x987', 'Medical life seat expect ever worry try.');
INSERT INTO recipe_meal_type(recipe_id, meal_type_id) VALUES (100, 1);
INSERT INTO recipe_tag(recipe_id, tag_id) VALUES (100, 96);
INSERT INTO recipe_tag(recipe_id, tag_id) VALUES (100, 93);
INSERT INTO recipe_tag(recipe_id, tag_id) VALUES (100, 12);
INSERT INTO recipe_equipment(recipe_id, equipment_id, num) VALUES (100, 1, 1);
INSERT INTO recipe_equipment(recipe_id, equipment_id, num) VALUES (100, 20, 1);
INSERT INTO recipe_equipment(recipe_id, equipment_id, num) VALUES (100, 5, 1);
INSERT INTO recipe_equipment(recipe_id, equipment_id, num) VALUES (100, 8, 3);
INSERT INTO recipe_equipment(recipe_id, equipment_id, num) VALUES (100, 2, 1);
INSERT INTO recipe_equipment(recipe_id, equipment_id, num) VALUES (100, 16, 2);
INSERT INTO recipe_equipment(recipe_id, equipment_id, num) VALUES (100, 3, 4);
INSERT INTO recipe_cook(recipe_id, cook_id) VALUES (100, 9);
INSERT INTO recipe_cook(recipe_id, cook_id) VALUES (100, 104);
INSERT INTO recipe_cook(recipe_id, cook_id) VALUES (100, 46);
INSERT INTO recipe_cook(recipe_id, cook_id) VALUES (100, 111);
INSERT INTO recipe_cook(recipe_id, cook_id) VALUES (100, 174);
INSERT INTO recipe_cook(recipe_id, cook_id) VALUES (100, 93);
INSERT INTO recipe_cook(recipe_id, cook_id) VALUES (100, 187);
INSERT INTO recipe_cook(recipe_id, cook_id) VALUES (100, 158);
INSERT INTO recipe_cook(recipe_id, cook_id) VALUES (100, 78);
INSERT INTO recipe_cook(recipe_id, cook_id) VALUES (100, 200);
INSERT INTO recipe_cook(recipe_id, cook_id) VALUES (100, 167);
INSERT INTO recipe_cook(recipe_id, cook_id) VALUES (100, 199);
INSERT INTO recipe_cook(recipe_id, cook_id) VALUES (100, 179);
INSERT INTO recipe_cook(recipe_id, cook_id) VALUES (100, 83);
INSERT INTO recipe_cook(recipe_id, cook_id) VALUES (100, 47);
INSERT INTO recipe_cook(recipe_id, cook_id) VALUES (100, 166);
INSERT INTO recipe_cook(recipe_id, cook_id) VALUES (100, 180);
INSERT INTO recipe_cook(recipe_id, cook_id) VALUES (100, 165);
INSERT INTO recipe_cook(recipe_id, cook_id) VALUES (100, 131);
INSERT INTO recipe_cook(recipe_id, cook_id) VALUES (100, 45);
INSERT INTO recipe_cook(recipe_id, cook_id) VALUES (100, 117);
INSERT INTO recipe_cook(recipe_id, cook_id) VALUES (100, 110);
INSERT INTO recipe_cook(recipe_id, cook_id) VALUES (100, 54);
INSERT INTO recipe_cook(recipe_id, cook_id) VALUES (100, 106);
INSERT INTO recipe_cook(recipe_id, cook_id) VALUES (100, 136);
INSERT INTO recipe_cook(recipe_id, cook_id) VALUES (100, 123);
INSERT INTO recipe_cook(recipe_id, cook_id) VALUES (100, 164);
INSERT INTO recipe_cook(recipe_id, cook_id) VALUES (100, 61);
INSERT INTO recipe_cook(recipe_id, cook_id) VALUES (100, 67);
INSERT INTO recipe_cook(recipe_id, cook_id) VALUES (100, 188);
INSERT INTO recipe_cook(recipe_id, cook_id) VALUES (100, 153);
INSERT INTO recipe_cook(recipe_id, cook_id) VALUES (100, 176);
INSERT INTO recipe_cook(recipe_id, cook_id) VALUES (100, 66);
INSERT INTO recipe_cook(recipe_id, cook_id) VALUES (100, 2);
INSERT INTO recipe_cook(recipe_id, cook_id) VALUES (100, 143);
INSERT INTO recipe_cook(recipe_id, cook_id) VALUES (100, 139);
INSERT INTO recipe_cook(recipe_id, cook_id) VALUES (100, 162);
INSERT INTO recipe_cook(recipe_id, cook_id) VALUES (100, 14);
INSERT INTO recipe_cook(recipe_id, cook_id) VALUES (100, 77);
INSERT INTO recipe_theme(recipe_id, theme_id) VALUES (100, 36);
INSERT INTO recipe_theme(recipe_id, theme_id) VALUES (100, 4);
INSERT INTO recipe_theme(recipe_id, theme_id) VALUES (100, 13);
INSERT INTO recipe_tip(recipe_id, tip_id) VALUES (100, 11);


INSERT INTO recipe_ingredient(recipe_id, ingredient_id, quantity, recipe_ingredient_description, main) VALUES(1, 258, 1, NULL, 1);
INSERT INTO recipe_ingredient(recipe_id, ingredient_id, quantity, recipe_ingredient_description, main) VALUES(1, 224, NULL, 'A cup', 0);
INSERT INTO recipe_ingredient(recipe_id, ingredient_id, quantity, recipe_ingredient_description, main) VALUES(1, 67, NULL, 'A pinch', 0);
INSERT INTO recipe_ingredient(recipe_id, ingredient_id, quantity, recipe_ingredient_description, main) VALUES(1, 123, 550, 'ml', 0);
INSERT INTO recipe_ingredient(recipe_id, ingredient_id, quantity, recipe_ingredient_description, main) VALUES(1, 88, NULL, 'A cup', 0);
INSERT INTO recipe_ingredient(recipe_id, ingredient_id, quantity, recipe_ingredient_description, main) VALUES(1, 94, 4, NULL, 0);
INSERT INTO recipe_ingredient(recipe_id, ingredient_id, quantity, recipe_ingredient_description, main) VALUES(1, 159, NULL, 'A pinch', 0);
INSERT INTO recipe_ingredient(recipe_id, ingredient_id, quantity, recipe_ingredient_description, main) VALUES(1, 194, NULL, 'A teaspoon of', 0);
INSERT INTO recipe_ingredient(recipe_id, ingredient_id, quantity, recipe_ingredient_description, main) VALUES(1, 173, NULL, 'Few', 0);
INSERT INTO recipe_ingredient(recipe_id, ingredient_id, quantity, recipe_ingredient_description, main) VALUES(1, 234, 6, NULL, 0);
INSERT INTO recipe_ingredient(recipe_id, ingredient_id, quantity, recipe_ingredient_description, main) VALUES(1, 212, NULL, 'A cup', 0);

INSERT INTO recipe_ingredient(recipe_id, ingredient_id, quantity, recipe_ingredient_description, main) VALUES(2, 199, 1, NULL, 1);
INSERT INTO recipe_ingredient(recipe_id, ingredient_id, quantity, recipe_ingredient_description, main) VALUES(2, 4, 170, 'ml', 0);
INSERT INTO recipe_ingredient(recipe_id, ingredient_id, quantity, recipe_ingredient_description, main) VALUES(2, 198, 6, NULL, 0);
INSERT INTO recipe_ingredient(recipe_id, ingredient_id, quantity, recipe_ingredient_description, main) VALUES(2, 148, 150, 'gr', 0);
INSERT INTO recipe_ingredient(recipe_id, ingredient_id, quantity, recipe_ingredient_description, main) VALUES(2, 117, NULL, 'Few', 0);
INSERT INTO recipe_ingredient(recipe_id, ingredient_id, quantity, recipe_ingredient_description, main) VALUES(2, 237, NULL, 'A little', 0);
INSERT INTO recipe_ingredient(recipe_id, ingredient_id, quantity, recipe_ingredient_description, main) VALUES(2, 21, NULL, 'A tablespoon of', 0);
INSERT INTO recipe_ingredient(recipe_id, ingredient_id, quantity, recipe_ingredient_description, main) VALUES(2, 167, NULL, 'A tablespoon of', 0);
INSERT INTO recipe_ingredient(recipe_id, ingredient_id, quantity, recipe_ingredient_description, main) VALUES(2, 40, NULL, 'A little', 0);
INSERT INTO recipe_ingredient(recipe_id, ingredient_id, quantity, recipe_ingredient_description, main) VALUES(2, 130, NULL, 'A little', 0);
INSERT INTO recipe_ingredient(recipe_id, ingredient_id, quantity, recipe_ingredient_description, main) VALUES(2, 163, 7, NULL, 0);

INSERT INTO recipe_ingredient(recipe_id, ingredient_id, quantity, recipe_ingredient_description, main) VALUES(3, 277, 1, NULL, 1);
INSERT INTO recipe_ingredient(recipe_id, ingredient_id, quantity, recipe_ingredient_description, main) VALUES(3, 174, 510, 'gr', 0);
INSERT INTO recipe_ingredient(recipe_id, ingredient_id, quantity, recipe_ingredient_description, main) VALUES(3, 94, NULL, 'Few', 0);
INSERT INTO recipe_ingredient(recipe_id, ingredient_id, quantity, recipe_ingredient_description, main) VALUES(3, 169, 550, 'ml', 0);
INSERT INTO recipe_ingredient(recipe_id, ingredient_id, quantity, recipe_ingredient_description, main) VALUES(3, 119, NULL, 'A pinch', 0);
INSERT INTO recipe_ingredient(recipe_id, ingredient_id, quantity, recipe_ingredient_description, main) VALUES(3, 171, NULL, 'Few', 0);
INSERT INTO recipe_ingredient(recipe_id, ingredient_id, quantity, recipe_ingredient_description, main) VALUES(3, 219, NULL, 'Few', 0);
INSERT INTO recipe_ingredient(recipe_id, ingredient_id, quantity, recipe_ingredient_description, main) VALUES(3, 65, 390, 'ml', 0);
INSERT INTO recipe_ingredient(recipe_id, ingredient_id, quantity, recipe_ingredient_description, main) VALUES(3, 142, NULL, 'A little', 0);
INSERT INTO recipe_ingredient(recipe_id, ingredient_id, quantity, recipe_ingredient_description, main) VALUES(3, 162, NULL, 'A little', 0);
INSERT INTO recipe_ingredient(recipe_id, ingredient_id, quantity, recipe_ingredient_description, main) VALUES(3, 200, 2, NULL, 0);
INSERT INTO recipe_ingredient(recipe_id, ingredient_id, quantity, recipe_ingredient_description, main) VALUES(3, 8, NULL, 'A pinch', 0);
INSERT INTO recipe_ingredient(recipe_id, ingredient_id, quantity, recipe_ingredient_description, main) VALUES(3, 22, 370, 'gr', 0);

INSERT INTO recipe_ingredient(recipe_id, ingredient_id, quantity, recipe_ingredient_description, main) VALUES(4, 216, 1, NULL, 1);
INSERT INTO recipe_ingredient(recipe_id, ingredient_id, quantity, recipe_ingredient_description, main) VALUES(4, 169, NULL, 'A tablespoon of', 0);
INSERT INTO recipe_ingredient(recipe_id, ingredient_id, quantity, recipe_ingredient_description, main) VALUES(4, 121, NULL, 'A cup', 0);
INSERT INTO recipe_ingredient(recipe_id, ingredient_id, quantity, recipe_ingredient_description, main) VALUES(4, 140, NULL, 'A teaspoon of', 0);
INSERT INTO recipe_ingredient(recipe_id, ingredient_id, quantity, recipe_ingredient_description, main) VALUES(4, 50, 130, 'gr', 0);
INSERT INTO recipe_ingredient(recipe_id, ingredient_id, quantity, recipe_ingredient_description, main) VALUES(4, 74, 590, 'gr', 0);
INSERT INTO recipe_ingredient(recipe_id, ingredient_id, quantity, recipe_ingredient_description, main) VALUES(4, 169, NULL, 'Few', 0);

INSERT INTO recipe_ingredient(recipe_id, ingredient_id, quantity, recipe_ingredient_description, main) VALUES(5, 64, 1, NULL, 1);
INSERT INTO recipe_ingredient(recipe_id, ingredient_id, quantity, recipe_ingredient_description, main) VALUES(5, 81, 7, NULL, 0);
INSERT INTO recipe_ingredient(recipe_id, ingredient_id, quantity, recipe_ingredient_description, main) VALUES(5, 233, NULL, 'Few', 0);
INSERT INTO recipe_ingredient(recipe_id, ingredient_id, quantity, recipe_ingredient_description, main) VALUES(5, 177, 6, NULL, 0);
INSERT INTO recipe_ingredient(recipe_id, ingredient_id, quantity, recipe_ingredient_description, main) VALUES(5, 175, NULL, 'A teaspoon of', 0);
INSERT INTO recipe_ingredient(recipe_id, ingredient_id, quantity, recipe_ingredient_description, main) VALUES(5, 186, NULL, 'A tablespoon of', 0);
INSERT INTO recipe_ingredient(recipe_id, ingredient_id, quantity, recipe_ingredient_description, main) VALUES(5, 79, 370, 'ml', 0);
INSERT INTO recipe_ingredient(recipe_id, ingredient_id, quantity, recipe_ingredient_description, main) VALUES(5, 169, NULL, 'A little', 0);
INSERT INTO recipe_ingredient(recipe_id, ingredient_id, quantity, recipe_ingredient_description, main) VALUES(5, 271, NULL, 'A tablespoon of', 0);

INSERT INTO recipe_ingredient(recipe_id, ingredient_id, quantity, recipe_ingredient_description, main) VALUES(6, 151, 1, NULL, 1);
INSERT INTO recipe_ingredient(recipe_id, ingredient_id, quantity, recipe_ingredient_description, main) VALUES(6, 99, 390, 'ml', 0);
INSERT INTO recipe_ingredient(recipe_id, ingredient_id, quantity, recipe_ingredient_description, main) VALUES(6, 118, NULL, 'Few', 0);
INSERT INTO recipe_ingredient(recipe_id, ingredient_id, quantity, recipe_ingredient_description, main) VALUES(6, 90, NULL, 'A little', 0);
INSERT INTO recipe_ingredient(recipe_id, ingredient_id, quantity, recipe_ingredient_description, main) VALUES(6, 120, 8, NULL, 0);
INSERT INTO recipe_ingredient(recipe_id, ingredient_id, quantity, recipe_ingredient_description, main) VALUES(6, 6, NULL, 'A little', 0);
INSERT INTO recipe_ingredient(recipe_id, ingredient_id, quantity, recipe_ingredient_description, main) VALUES(6, 204, NULL, 'A tablespoon of', 0);
INSERT INTO recipe_ingredient(recipe_id, ingredient_id, quantity, recipe_ingredient_description, main) VALUES(6, 41, NULL, 'A teaspoon of', 0);
INSERT INTO recipe_ingredient(recipe_id, ingredient_id, quantity, recipe_ingredient_description, main) VALUES(6, 57, NULL, 'Few', 0);
INSERT INTO recipe_ingredient(recipe_id, ingredient_id, quantity, recipe_ingredient_description, main) VALUES(6, 189, NULL, 'A tablespoon of', 0);
INSERT INTO recipe_ingredient(recipe_id, ingredient_id, quantity, recipe_ingredient_description, main) VALUES(6, 158, 690, 'ml', 0);
INSERT INTO recipe_ingredient(recipe_id, ingredient_id, quantity, recipe_ingredient_description, main) VALUES(6, 86, 70, 'gr', 0);
INSERT INTO recipe_ingredient(recipe_id, ingredient_id, quantity, recipe_ingredient_description, main) VALUES(6, 181, NULL, 'A teaspoon of', 0);
INSERT INTO recipe_ingredient(recipe_id, ingredient_id, quantity, recipe_ingredient_description, main) VALUES(6, 2, NULL, 'A tablespoon of', 0);

INSERT INTO recipe_ingredient(recipe_id, ingredient_id, quantity, recipe_ingredient_description, main) VALUES(7, 107, 1, NULL, 1);
INSERT INTO recipe_ingredient(recipe_id, ingredient_id, quantity, recipe_ingredient_description, main) VALUES(7, 140, NULL, 'A teaspoon of', 0);
INSERT INTO recipe_ingredient(recipe_id, ingredient_id, quantity, recipe_ingredient_description, main) VALUES(7, 64, NULL, 'Few', 0);
INSERT INTO recipe_ingredient(recipe_id, ingredient_id, quantity, recipe_ingredient_description, main) VALUES(7, 6, NULL, 'A little', 0);
INSERT INTO recipe_ingredient(recipe_id, ingredient_id, quantity, recipe_ingredient_description, main) VALUES(7, 136, 310, 'gr', 0);
INSERT INTO recipe_ingredient(recipe_id, ingredient_id, quantity, recipe_ingredient_description, main) VALUES(7, 92, NULL, 'A pinch', 0);
INSERT INTO recipe_ingredient(recipe_id, ingredient_id, quantity, recipe_ingredient_description, main) VALUES(7, 81, NULL, 'A teaspoon of', 0);
INSERT INTO recipe_ingredient(recipe_id, ingredient_id, quantity, recipe_ingredient_description, main) VALUES(7, 190, NULL, 'A little', 0);
INSERT INTO recipe_ingredient(recipe_id, ingredient_id, quantity, recipe_ingredient_description, main) VALUES(7, 145, 2, NULL, 0);
INSERT INTO recipe_ingredient(recipe_id, ingredient_id, quantity, recipe_ingredient_description, main) VALUES(7, 119, NULL, 'A tablespoon of', 0);
INSERT INTO recipe_ingredient(recipe_id, ingredient_id, quantity, recipe_ingredient_description, main) VALUES(7, 256, NULL, 'A tablespoon of', 0);
INSERT INTO recipe_ingredient(recipe_id, ingredient_id, quantity, recipe_ingredient_description, main) VALUES(7, 254, NULL, 'A pinch', 0);
INSERT INTO recipe_ingredient(recipe_id, ingredient_id, quantity, recipe_ingredient_description, main) VALUES(7, 151, NULL, 'A teaspoon of', 0);
INSERT INTO recipe_ingredient(recipe_id, ingredient_id, quantity, recipe_ingredient_description, main) VALUES(7, 110, NULL, 'A little', 0);
INSERT INTO recipe_ingredient(recipe_id, ingredient_id, quantity, recipe_ingredient_description, main) VALUES(7, 131, 310, 'gr', 0);
INSERT INTO recipe_ingredient(recipe_id, ingredient_id, quantity, recipe_ingredient_description, main) VALUES(7, 177, NULL, 'A pinch', 0);

INSERT INTO recipe_ingredient(recipe_id, ingredient_id, quantity, recipe_ingredient_description, main) VALUES(8, 187, 1, NULL, 1);
INSERT INTO recipe_ingredient(recipe_id, ingredient_id, quantity, recipe_ingredient_description, main) VALUES(8, 1, NULL, 'A teaspoon of', 0);
INSERT INTO recipe_ingredient(recipe_id, ingredient_id, quantity, recipe_ingredient_description, main) VALUES(8, 82, NULL, 'A teaspoon of', 0);
INSERT INTO recipe_ingredient(recipe_id, ingredient_id, quantity, recipe_ingredient_description, main) VALUES(8, 59, 250, 'ml', 0);
INSERT INTO recipe_ingredient(recipe_id, ingredient_id, quantity, recipe_ingredient_description, main) VALUES(8, 244, NULL, 'Few', 0);
INSERT INTO recipe_ingredient(recipe_id, ingredient_id, quantity, recipe_ingredient_description, main) VALUES(8, 222, 4, NULL, 0);
INSERT INTO recipe_ingredient(recipe_id, ingredient_id, quantity, recipe_ingredient_description, main) VALUES(8, 163, NULL, 'A teaspoon of', 0);
INSERT INTO recipe_ingredient(recipe_id, ingredient_id, quantity, recipe_ingredient_description, main) VALUES(8, 74, 450, 'gr', 0);
INSERT INTO recipe_ingredient(recipe_id, ingredient_id, quantity, recipe_ingredient_description, main) VALUES(8, 17, NULL, 'A tablespoon of', 0);
INSERT INTO recipe_ingredient(recipe_id, ingredient_id, quantity, recipe_ingredient_description, main) VALUES(8, 159, 7, NULL, 0);
INSERT INTO recipe_ingredient(recipe_id, ingredient_id, quantity, recipe_ingredient_description, main) VALUES(8, 197, 470, 'gr', 0);
INSERT INTO recipe_ingredient(recipe_id, ingredient_id, quantity, recipe_ingredient_description, main) VALUES(8, 204, NULL, 'A pinch', 0);
INSERT INTO recipe_ingredient(recipe_id, ingredient_id, quantity, recipe_ingredient_description, main) VALUES(8, 17, 50, 'gr', 0);
INSERT INTO recipe_ingredient(recipe_id, ingredient_id, quantity, recipe_ingredient_description, main) VALUES(8, 195, NULL, 'A cup', 0);

INSERT INTO recipe_ingredient(recipe_id, ingredient_id, quantity, recipe_ingredient_description, main) VALUES(9, 224, 1, NULL, 1);
INSERT INTO recipe_ingredient(recipe_id, ingredient_id, quantity, recipe_ingredient_description, main) VALUES(9, 281, NULL, 'A tablespoon of', 0);
INSERT INTO recipe_ingredient(recipe_id, ingredient_id, quantity, recipe_ingredient_description, main) VALUES(9, 17, 70, 'ml', 0);
INSERT INTO recipe_ingredient(recipe_id, ingredient_id, quantity, recipe_ingredient_description, main) VALUES(9, 88, NULL, 'A cup', 0);
INSERT INTO recipe_ingredient(recipe_id, ingredient_id, quantity, recipe_ingredient_description, main) VALUES(9, 200, 6, NULL, 0);
INSERT INTO recipe_ingredient(recipe_id, ingredient_id, quantity, recipe_ingredient_description, main) VALUES(9, 26, 610, 'ml', 0);
INSERT INTO recipe_ingredient(recipe_id, ingredient_id, quantity, recipe_ingredient_description, main) VALUES(9, 155, NULL, 'A little', 0);
INSERT INTO recipe_ingredient(recipe_id, ingredient_id, quantity, recipe_ingredient_description, main) VALUES(9, 238, 90, 'gr', 0);
INSERT INTO recipe_ingredient(recipe_id, ingredient_id, quantity, recipe_ingredient_description, main) VALUES(9, 94, NULL, 'A teaspoon of', 0);
INSERT INTO recipe_ingredient(recipe_id, ingredient_id, quantity, recipe_ingredient_description, main) VALUES(9, 202, 290, 'ml', 0);
INSERT INTO recipe_ingredient(recipe_id, ingredient_id, quantity, recipe_ingredient_description, main) VALUES(9, 296, NULL, 'A tablespoon of', 0);
INSERT INTO recipe_ingredient(recipe_id, ingredient_id, quantity, recipe_ingredient_description, main) VALUES(9, 204, NULL, 'A tablespoon of', 0);
INSERT INTO recipe_ingredient(recipe_id, ingredient_id, quantity, recipe_ingredient_description, main) VALUES(9, 30, NULL, 'A teaspoon of', 0);

INSERT INTO recipe_ingredient(recipe_id, ingredient_id, quantity, recipe_ingredient_description, main) VALUES(10, 162, 1, NULL, 1);
INSERT INTO recipe_ingredient(recipe_id, ingredient_id, quantity, recipe_ingredient_description, main) VALUES(10, 233, NULL, 'A teaspoon of', 0);
INSERT INTO recipe_ingredient(recipe_id, ingredient_id, quantity, recipe_ingredient_description, main) VALUES(10, 277, NULL, 'A pinch', 0);
INSERT INTO recipe_ingredient(recipe_id, ingredient_id, quantity, recipe_ingredient_description, main) VALUES(10, 210, NULL, 'A tablespoon of', 0);
INSERT INTO recipe_ingredient(recipe_id, ingredient_id, quantity, recipe_ingredient_description, main) VALUES(10, 162, NULL, 'A teaspoon of', 0);
INSERT INTO recipe_ingredient(recipe_id, ingredient_id, quantity, recipe_ingredient_description, main) VALUES(10, 251, NULL, 'A pinch', 0);
INSERT INTO recipe_ingredient(recipe_id, ingredient_id, quantity, recipe_ingredient_description, main) VALUES(10, 271, NULL, 'A cup', 0);
INSERT INTO recipe_ingredient(recipe_id, ingredient_id, quantity, recipe_ingredient_description, main) VALUES(10, 58, NULL, 'A pinch', 0);

INSERT INTO recipe_ingredient(recipe_id, ingredient_id, quantity, recipe_ingredient_description, main) VALUES(11, 27, 1, NULL, 1);
INSERT INTO recipe_ingredient(recipe_id, ingredient_id, quantity, recipe_ingredient_description, main) VALUES(11, 87, NULL, 'A teaspoon of', 0);
INSERT INTO recipe_ingredient(recipe_id, ingredient_id, quantity, recipe_ingredient_description, main) VALUES(11, 48, 6, NULL, 0);
INSERT INTO recipe_ingredient(recipe_id, ingredient_id, quantity, recipe_ingredient_description, main) VALUES(11, 155, NULL, 'A teaspoon of', 0);
INSERT INTO recipe_ingredient(recipe_id, ingredient_id, quantity, recipe_ingredient_description, main) VALUES(11, 52, 4, NULL, 0);
INSERT INTO recipe_ingredient(recipe_id, ingredient_id, quantity, recipe_ingredient_description, main) VALUES(11, 209, NULL, 'A teaspoon of', 0);
INSERT INTO recipe_ingredient(recipe_id, ingredient_id, quantity, recipe_ingredient_description, main) VALUES(11, 291, NULL, 'A little', 0);
INSERT INTO recipe_ingredient(recipe_id, ingredient_id, quantity, recipe_ingredient_description, main) VALUES(11, 211, NULL, 'A cup', 0);
INSERT INTO recipe_ingredient(recipe_id, ingredient_id, quantity, recipe_ingredient_description, main) VALUES(11, 269, 410, 'gr', 0);
INSERT INTO recipe_ingredient(recipe_id, ingredient_id, quantity, recipe_ingredient_description, main) VALUES(11, 135, 450, 'ml', 0);
INSERT INTO recipe_ingredient(recipe_id, ingredient_id, quantity, recipe_ingredient_description, main) VALUES(11, 187, 350, 'gr', 0);
INSERT INTO recipe_ingredient(recipe_id, ingredient_id, quantity, recipe_ingredient_description, main) VALUES(11, 93, NULL, 'A little', 0);

INSERT INTO recipe_ingredient(recipe_id, ingredient_id, quantity, recipe_ingredient_description, main) VALUES(12, 52, 1, NULL, 1);
INSERT INTO recipe_ingredient(recipe_id, ingredient_id, quantity, recipe_ingredient_description, main) VALUES(12, 122, NULL, 'A cup', 0);
INSERT INTO recipe_ingredient(recipe_id, ingredient_id, quantity, recipe_ingredient_description, main) VALUES(12, 244, NULL, 'A tablespoon of', 0);
INSERT INTO recipe_ingredient(recipe_id, ingredient_id, quantity, recipe_ingredient_description, main) VALUES(12, 157, 210, 'ml', 0);
INSERT INTO recipe_ingredient(recipe_id, ingredient_id, quantity, recipe_ingredient_description, main) VALUES(12, 256, NULL, 'A pinch', 0);
INSERT INTO recipe_ingredient(recipe_id, ingredient_id, quantity, recipe_ingredient_description, main) VALUES(12, 3, 2, NULL, 0);
INSERT INTO recipe_ingredient(recipe_id, ingredient_id, quantity, recipe_ingredient_description, main) VALUES(12, 197, NULL, 'A little', 0);
INSERT INTO recipe_ingredient(recipe_id, ingredient_id, quantity, recipe_ingredient_description, main) VALUES(12, 38, 6, NULL, 0);
INSERT INTO recipe_ingredient(recipe_id, ingredient_id, quantity, recipe_ingredient_description, main) VALUES(12, 256, NULL, 'A cup', 0);
INSERT INTO recipe_ingredient(recipe_id, ingredient_id, quantity, recipe_ingredient_description, main) VALUES(12, 154, NULL, 'A cup', 0);
INSERT INTO recipe_ingredient(recipe_id, ingredient_id, quantity, recipe_ingredient_description, main) VALUES(12, 125, 2, NULL, 0);
INSERT INTO recipe_ingredient(recipe_id, ingredient_id, quantity, recipe_ingredient_description, main) VALUES(12, 69, NULL, 'A little', 0);
INSERT INTO recipe_ingredient(recipe_id, ingredient_id, quantity, recipe_ingredient_description, main) VALUES(12, 161, NULL, 'Few', 0);

INSERT INTO recipe_ingredient(recipe_id, ingredient_id, quantity, recipe_ingredient_description, main) VALUES(13, 185, 1, NULL, 1);
INSERT INTO recipe_ingredient(recipe_id, ingredient_id, quantity, recipe_ingredient_description, main) VALUES(13, 52, NULL, 'A tablespoon of', 0);
INSERT INTO recipe_ingredient(recipe_id, ingredient_id, quantity, recipe_ingredient_description, main) VALUES(13, 214, NULL, 'A teaspoon of', 0);
INSERT INTO recipe_ingredient(recipe_id, ingredient_id, quantity, recipe_ingredient_description, main) VALUES(13, 71, NULL, 'A tablespoon of', 0);
INSERT INTO recipe_ingredient(recipe_id, ingredient_id, quantity, recipe_ingredient_description, main) VALUES(13, 162, NULL, 'A cup', 0);
INSERT INTO recipe_ingredient(recipe_id, ingredient_id, quantity, recipe_ingredient_description, main) VALUES(13, 129, NULL, 'A cup', 0);
INSERT INTO recipe_ingredient(recipe_id, ingredient_id, quantity, recipe_ingredient_description, main) VALUES(13, 277, NULL, 'Few', 0);
INSERT INTO recipe_ingredient(recipe_id, ingredient_id, quantity, recipe_ingredient_description, main) VALUES(13, 2, NULL, 'A pinch', 0);
INSERT INTO recipe_ingredient(recipe_id, ingredient_id, quantity, recipe_ingredient_description, main) VALUES(13, 227, NULL, 'A tablespoon of', 0);
INSERT INTO recipe_ingredient(recipe_id, ingredient_id, quantity, recipe_ingredient_description, main) VALUES(13, 165, 6, NULL, 0);
INSERT INTO recipe_ingredient(recipe_id, ingredient_id, quantity, recipe_ingredient_description, main) VALUES(13, 260, NULL, 'A little', 0);
INSERT INTO recipe_ingredient(recipe_id, ingredient_id, quantity, recipe_ingredient_description, main) VALUES(13, 34, NULL, 'A teaspoon of', 0);
INSERT INTO recipe_ingredient(recipe_id, ingredient_id, quantity, recipe_ingredient_description, main) VALUES(13, 75, NULL, 'A little', 0);
INSERT INTO recipe_ingredient(recipe_id, ingredient_id, quantity, recipe_ingredient_description, main) VALUES(13, 154, NULL, 'Few', 0);
INSERT INTO recipe_ingredient(recipe_id, ingredient_id, quantity, recipe_ingredient_description, main) VALUES(13, 230, 130, 'gr', 0);

INSERT INTO recipe_ingredient(recipe_id, ingredient_id, quantity, recipe_ingredient_description, main) VALUES(14, 203, 1, NULL, 1);
INSERT INTO recipe_ingredient(recipe_id, ingredient_id, quantity, recipe_ingredient_description, main) VALUES(14, 51, NULL, 'A tablespoon of', 0);
INSERT INTO recipe_ingredient(recipe_id, ingredient_id, quantity, recipe_ingredient_description, main) VALUES(14, 74, 510, 'ml', 0);
INSERT INTO recipe_ingredient(recipe_id, ingredient_id, quantity, recipe_ingredient_description, main) VALUES(14, 276, 50, 'gr', 0);
INSERT INTO recipe_ingredient(recipe_id, ingredient_id, quantity, recipe_ingredient_description, main) VALUES(14, 270, NULL, 'A little', 0);
INSERT INTO recipe_ingredient(recipe_id, ingredient_id, quantity, recipe_ingredient_description, main) VALUES(14, 140, 450, 'ml', 0);
INSERT INTO recipe_ingredient(recipe_id, ingredient_id, quantity, recipe_ingredient_description, main) VALUES(14, 265, NULL, 'A little', 0);
INSERT INTO recipe_ingredient(recipe_id, ingredient_id, quantity, recipe_ingredient_description, main) VALUES(14, 222, NULL, 'Few', 0);
INSERT INTO recipe_ingredient(recipe_id, ingredient_id, quantity, recipe_ingredient_description, main) VALUES(14, 67, NULL, 'A pinch', 0);
INSERT INTO recipe_ingredient(recipe_id, ingredient_id, quantity, recipe_ingredient_description, main) VALUES(14, 135, NULL, 'A teaspoon of', 0);
INSERT INTO recipe_ingredient(recipe_id, ingredient_id, quantity, recipe_ingredient_description, main) VALUES(14, 30, NULL, 'A cup', 0);
INSERT INTO recipe_ingredient(recipe_id, ingredient_id, quantity, recipe_ingredient_description, main) VALUES(14, 291, NULL, 'A cup', 0);
INSERT INTO recipe_ingredient(recipe_id, ingredient_id, quantity, recipe_ingredient_description, main) VALUES(14, 263, NULL, 'A pinch', 0);
INSERT INTO recipe_ingredient(recipe_id, ingredient_id, quantity, recipe_ingredient_description, main) VALUES(14, 88, NULL, 'A teaspoon of', 0);
INSERT INTO recipe_ingredient(recipe_id, ingredient_id, quantity, recipe_ingredient_description, main) VALUES(14, 175, 5, NULL, 0);
INSERT INTO recipe_ingredient(recipe_id, ingredient_id, quantity, recipe_ingredient_description, main) VALUES(14, 177, 3, NULL, 0);

INSERT INTO recipe_ingredient(recipe_id, ingredient_id, quantity, recipe_ingredient_description, main) VALUES(15, 159, 1, NULL, 1);
INSERT INTO recipe_ingredient(recipe_id, ingredient_id, quantity, recipe_ingredient_description, main) VALUES(15, 141, NULL, 'A pinch', 0);
INSERT INTO recipe_ingredient(recipe_id, ingredient_id, quantity, recipe_ingredient_description, main) VALUES(15, 126, NULL, 'A little', 0);
INSERT INTO recipe_ingredient(recipe_id, ingredient_id, quantity, recipe_ingredient_description, main) VALUES(15, 32, NULL, 'A cup', 0);
INSERT INTO recipe_ingredient(recipe_id, ingredient_id, quantity, recipe_ingredient_description, main) VALUES(15, 128, 190, 'ml', 0);
INSERT INTO recipe_ingredient(recipe_id, ingredient_id, quantity, recipe_ingredient_description, main) VALUES(15, 189, NULL, 'A pinch', 0);

INSERT INTO recipe_ingredient(recipe_id, ingredient_id, quantity, recipe_ingredient_description, main) VALUES(16, 136, 1, NULL, 1);
INSERT INTO recipe_ingredient(recipe_id, ingredient_id, quantity, recipe_ingredient_description, main) VALUES(16, 224, 350, 'gr', 0);
INSERT INTO recipe_ingredient(recipe_id, ingredient_id, quantity, recipe_ingredient_description, main) VALUES(16, 96, 470, 'ml', 0);
INSERT INTO recipe_ingredient(recipe_id, ingredient_id, quantity, recipe_ingredient_description, main) VALUES(16, 48, NULL, 'A tablespoon of', 0);
INSERT INTO recipe_ingredient(recipe_id, ingredient_id, quantity, recipe_ingredient_description, main) VALUES(16, 56, NULL, 'A cup', 0);
INSERT INTO recipe_ingredient(recipe_id, ingredient_id, quantity, recipe_ingredient_description, main) VALUES(16, 69, NULL, 'A cup', 0);

INSERT INTO recipe_ingredient(recipe_id, ingredient_id, quantity, recipe_ingredient_description, main) VALUES(17, 269, 1, NULL, 1);
INSERT INTO recipe_ingredient(recipe_id, ingredient_id, quantity, recipe_ingredient_description, main) VALUES(17, 4, NULL, 'A little', 0);
INSERT INTO recipe_ingredient(recipe_id, ingredient_id, quantity, recipe_ingredient_description, main) VALUES(17, 248, NULL, 'A cup', 0);
INSERT INTO recipe_ingredient(recipe_id, ingredient_id, quantity, recipe_ingredient_description, main) VALUES(17, 140, NULL, 'A pinch', 0);
INSERT INTO recipe_ingredient(recipe_id, ingredient_id, quantity, recipe_ingredient_description, main) VALUES(17, 272, NULL, 'A little', 0);
INSERT INTO recipe_ingredient(recipe_id, ingredient_id, quantity, recipe_ingredient_description, main) VALUES(17, 1, NULL, 'A tablespoon of', 0);

INSERT INTO recipe_ingredient(recipe_id, ingredient_id, quantity, recipe_ingredient_description, main) VALUES(18, 252, 1, NULL, 1);
INSERT INTO recipe_ingredient(recipe_id, ingredient_id, quantity, recipe_ingredient_description, main) VALUES(18, 196, NULL, 'A tablespoon of', 0);
INSERT INTO recipe_ingredient(recipe_id, ingredient_id, quantity, recipe_ingredient_description, main) VALUES(18, 139, 510, 'ml', 0);
INSERT INTO recipe_ingredient(recipe_id, ingredient_id, quantity, recipe_ingredient_description, main) VALUES(18, 283, NULL, 'A pinch', 0);
INSERT INTO recipe_ingredient(recipe_id, ingredient_id, quantity, recipe_ingredient_description, main) VALUES(18, 128, NULL, 'A pinch', 0);
INSERT INTO recipe_ingredient(recipe_id, ingredient_id, quantity, recipe_ingredient_description, main) VALUES(18, 236, 70, 'gr', 0);
INSERT INTO recipe_ingredient(recipe_id, ingredient_id, quantity, recipe_ingredient_description, main) VALUES(18, 119, NULL, 'A tablespoon of', 0);
INSERT INTO recipe_ingredient(recipe_id, ingredient_id, quantity, recipe_ingredient_description, main) VALUES(18, 273, NULL, 'A tablespoon of', 0);
INSERT INTO recipe_ingredient(recipe_id, ingredient_id, quantity, recipe_ingredient_description, main) VALUES(18, 266, 210, 'ml', 0);
INSERT INTO recipe_ingredient(recipe_id, ingredient_id, quantity, recipe_ingredient_description, main) VALUES(18, 209, NULL, 'A cup', 0);
INSERT INTO recipe_ingredient(recipe_id, ingredient_id, quantity, recipe_ingredient_description, main) VALUES(18, 7, 170, 'ml', 0);
INSERT INTO recipe_ingredient(recipe_id, ingredient_id, quantity, recipe_ingredient_description, main) VALUES(18, 6, NULL, 'A teaspoon of', 0);
INSERT INTO recipe_ingredient(recipe_id, ingredient_id, quantity, recipe_ingredient_description, main) VALUES(18, 52, NULL, 'A tablespoon of', 0);
INSERT INTO recipe_ingredient(recipe_id, ingredient_id, quantity, recipe_ingredient_description, main) VALUES(18, 90, NULL, 'A pinch', 0);
INSERT INTO recipe_ingredient(recipe_id, ingredient_id, quantity, recipe_ingredient_description, main) VALUES(18, 107, 590, 'ml', 0);
INSERT INTO recipe_ingredient(recipe_id, ingredient_id, quantity, recipe_ingredient_description, main) VALUES(18, 67, NULL, 'A little', 0);

INSERT INTO recipe_ingredient(recipe_id, ingredient_id, quantity, recipe_ingredient_description, main) VALUES(19, 170, 1, NULL, 1);
INSERT INTO recipe_ingredient(recipe_id, ingredient_id, quantity, recipe_ingredient_description, main) VALUES(19, 192, NULL, 'A teaspoon of', 0);
INSERT INTO recipe_ingredient(recipe_id, ingredient_id, quantity, recipe_ingredient_description, main) VALUES(19, 265, 170, 'gr', 0);
INSERT INTO recipe_ingredient(recipe_id, ingredient_id, quantity, recipe_ingredient_description, main) VALUES(19, 160, NULL, 'A pinch', 0);
INSERT INTO recipe_ingredient(recipe_id, ingredient_id, quantity, recipe_ingredient_description, main) VALUES(19, 200, NULL, 'A pinch', 0);
INSERT INTO recipe_ingredient(recipe_id, ingredient_id, quantity, recipe_ingredient_description, main) VALUES(19, 73, NULL, 'A cup', 0);
INSERT INTO recipe_ingredient(recipe_id, ingredient_id, quantity, recipe_ingredient_description, main) VALUES(19, 70, 570, 'gr', 0);
INSERT INTO recipe_ingredient(recipe_id, ingredient_id, quantity, recipe_ingredient_description, main) VALUES(19, 16, 250, 'gr', 0);
INSERT INTO recipe_ingredient(recipe_id, ingredient_id, quantity, recipe_ingredient_description, main) VALUES(19, 234, 50, 'ml', 0);
INSERT INTO recipe_ingredient(recipe_id, ingredient_id, quantity, recipe_ingredient_description, main) VALUES(19, 125, NULL, 'A little', 0);
INSERT INTO recipe_ingredient(recipe_id, ingredient_id, quantity, recipe_ingredient_description, main) VALUES(19, 251, NULL, 'A tablespoon of', 0);
INSERT INTO recipe_ingredient(recipe_id, ingredient_id, quantity, recipe_ingredient_description, main) VALUES(19, 217, NULL, 'A cup', 0);
INSERT INTO recipe_ingredient(recipe_id, ingredient_id, quantity, recipe_ingredient_description, main) VALUES(19, 203, 470, 'ml', 0);
INSERT INTO recipe_ingredient(recipe_id, ingredient_id, quantity, recipe_ingredient_description, main) VALUES(19, 57, 7, NULL, 0);
INSERT INTO recipe_ingredient(recipe_id, ingredient_id, quantity, recipe_ingredient_description, main) VALUES(19, 235, NULL, 'A little', 0);

INSERT INTO recipe_ingredient(recipe_id, ingredient_id, quantity, recipe_ingredient_description, main) VALUES(20, 48, 1, NULL, 1);
INSERT INTO recipe_ingredient(recipe_id, ingredient_id, quantity, recipe_ingredient_description, main) VALUES(20, 149, NULL, 'A little', 0);
INSERT INTO recipe_ingredient(recipe_id, ingredient_id, quantity, recipe_ingredient_description, main) VALUES(20, 248, NULL, 'A tablespoon of', 0);
INSERT INTO recipe_ingredient(recipe_id, ingredient_id, quantity, recipe_ingredient_description, main) VALUES(20, 130, NULL, 'A pinch', 0);
INSERT INTO recipe_ingredient(recipe_id, ingredient_id, quantity, recipe_ingredient_description, main) VALUES(20, 166, NULL, 'A pinch', 0);
INSERT INTO recipe_ingredient(recipe_id, ingredient_id, quantity, recipe_ingredient_description, main) VALUES(20, 100, 690, 'gr', 0);
INSERT INTO recipe_ingredient(recipe_id, ingredient_id, quantity, recipe_ingredient_description, main) VALUES(20, 216, 3, NULL, 0);
INSERT INTO recipe_ingredient(recipe_id, ingredient_id, quantity, recipe_ingredient_description, main) VALUES(20, 203, NULL, 'Few', 0);
INSERT INTO recipe_ingredient(recipe_id, ingredient_id, quantity, recipe_ingredient_description, main) VALUES(20, 275, 470, 'ml', 0);
INSERT INTO recipe_ingredient(recipe_id, ingredient_id, quantity, recipe_ingredient_description, main) VALUES(20, 229, 4, NULL, 0);

INSERT INTO recipe_ingredient(recipe_id, ingredient_id, quantity, recipe_ingredient_description, main) VALUES(21, 255, 1, NULL, 1);
INSERT INTO recipe_ingredient(recipe_id, ingredient_id, quantity, recipe_ingredient_description, main) VALUES(21, 174, NULL, 'A pinch', 0);
INSERT INTO recipe_ingredient(recipe_id, ingredient_id, quantity, recipe_ingredient_description, main) VALUES(21, 285, 190, 'ml', 0);
INSERT INTO recipe_ingredient(recipe_id, ingredient_id, quantity, recipe_ingredient_description, main) VALUES(21, 47, NULL, 'Few', 0);
INSERT INTO recipe_ingredient(recipe_id, ingredient_id, quantity, recipe_ingredient_description, main) VALUES(21, 68, NULL, 'A teaspoon of', 0);
INSERT INTO recipe_ingredient(recipe_id, ingredient_id, quantity, recipe_ingredient_description, main) VALUES(21, 45, 470, 'ml', 0);
INSERT INTO recipe_ingredient(recipe_id, ingredient_id, quantity, recipe_ingredient_description, main) VALUES(21, 53, NULL, 'A tablespoon of', 0);
INSERT INTO recipe_ingredient(recipe_id, ingredient_id, quantity, recipe_ingredient_description, main) VALUES(21, 228, NULL, 'A cup', 0);
INSERT INTO recipe_ingredient(recipe_id, ingredient_id, quantity, recipe_ingredient_description, main) VALUES(21, 72, NULL, 'A little', 0);
INSERT INTO recipe_ingredient(recipe_id, ingredient_id, quantity, recipe_ingredient_description, main) VALUES(21, 271, NULL, 'A tablespoon of', 0);
INSERT INTO recipe_ingredient(recipe_id, ingredient_id, quantity, recipe_ingredient_description, main) VALUES(21, 174, NULL, 'A teaspoon of', 0);
INSERT INTO recipe_ingredient(recipe_id, ingredient_id, quantity, recipe_ingredient_description, main) VALUES(21, 84, 2, NULL, 0);
INSERT INTO recipe_ingredient(recipe_id, ingredient_id, quantity, recipe_ingredient_description, main) VALUES(21, 170, 170, 'gr', 0);

INSERT INTO recipe_ingredient(recipe_id, ingredient_id, quantity, recipe_ingredient_description, main) VALUES(22, 29, 1, NULL, 1);
INSERT INTO recipe_ingredient(recipe_id, ingredient_id, quantity, recipe_ingredient_description, main) VALUES(22, 27, NULL, 'A tablespoon of', 0);
INSERT INTO recipe_ingredient(recipe_id, ingredient_id, quantity, recipe_ingredient_description, main) VALUES(22, 132, 5, NULL, 0);
INSERT INTO recipe_ingredient(recipe_id, ingredient_id, quantity, recipe_ingredient_description, main) VALUES(22, 276, NULL, 'A tablespoon of', 0);
INSERT INTO recipe_ingredient(recipe_id, ingredient_id, quantity, recipe_ingredient_description, main) VALUES(22, 290, NULL, 'A teaspoon of', 0);
INSERT INTO recipe_ingredient(recipe_id, ingredient_id, quantity, recipe_ingredient_description, main) VALUES(22, 257, NULL, 'A teaspoon of', 0);

INSERT INTO recipe_ingredient(recipe_id, ingredient_id, quantity, recipe_ingredient_description, main) VALUES(23, 235, 1, NULL, 1);
INSERT INTO recipe_ingredient(recipe_id, ingredient_id, quantity, recipe_ingredient_description, main) VALUES(23, 207, NULL, 'Few', 0);
INSERT INTO recipe_ingredient(recipe_id, ingredient_id, quantity, recipe_ingredient_description, main) VALUES(23, 48, NULL, 'A teaspoon of', 0);
INSERT INTO recipe_ingredient(recipe_id, ingredient_id, quantity, recipe_ingredient_description, main) VALUES(23, 260, NULL, 'A pinch', 0);
INSERT INTO recipe_ingredient(recipe_id, ingredient_id, quantity, recipe_ingredient_description, main) VALUES(23, 111, NULL, 'A cup', 0);
INSERT INTO recipe_ingredient(recipe_id, ingredient_id, quantity, recipe_ingredient_description, main) VALUES(23, 203, NULL, 'A cup', 0);
INSERT INTO recipe_ingredient(recipe_id, ingredient_id, quantity, recipe_ingredient_description, main) VALUES(23, 73, NULL, 'A little', 0);

INSERT INTO recipe_ingredient(recipe_id, ingredient_id, quantity, recipe_ingredient_description, main) VALUES(24, 136, 1, NULL, 1);
INSERT INTO recipe_ingredient(recipe_id, ingredient_id, quantity, recipe_ingredient_description, main) VALUES(24, 240, NULL, 'Few', 0);
INSERT INTO recipe_ingredient(recipe_id, ingredient_id, quantity, recipe_ingredient_description, main) VALUES(24, 270, NULL, 'A little', 0);
INSERT INTO recipe_ingredient(recipe_id, ingredient_id, quantity, recipe_ingredient_description, main) VALUES(24, 46, 8, NULL, 0);
INSERT INTO recipe_ingredient(recipe_id, ingredient_id, quantity, recipe_ingredient_description, main) VALUES(24, 57, 390, 'gr', 0);
INSERT INTO recipe_ingredient(recipe_id, ingredient_id, quantity, recipe_ingredient_description, main) VALUES(24, 145, NULL, 'A teaspoon of', 0);
INSERT INTO recipe_ingredient(recipe_id, ingredient_id, quantity, recipe_ingredient_description, main) VALUES(24, 181, NULL, 'A tablespoon of', 0);
INSERT INTO recipe_ingredient(recipe_id, ingredient_id, quantity, recipe_ingredient_description, main) VALUES(24, 171, NULL, 'A pinch', 0);
INSERT INTO recipe_ingredient(recipe_id, ingredient_id, quantity, recipe_ingredient_description, main) VALUES(24, 130, NULL, 'A teaspoon of', 0);
INSERT INTO recipe_ingredient(recipe_id, ingredient_id, quantity, recipe_ingredient_description, main) VALUES(24, 16, NULL, 'A cup', 0);
INSERT INTO recipe_ingredient(recipe_id, ingredient_id, quantity, recipe_ingredient_description, main) VALUES(24, 266, 230, 'ml', 0);
INSERT INTO recipe_ingredient(recipe_id, ingredient_id, quantity, recipe_ingredient_description, main) VALUES(24, 77, NULL, 'A cup', 0);
INSERT INTO recipe_ingredient(recipe_id, ingredient_id, quantity, recipe_ingredient_description, main) VALUES(24, 157, NULL, 'Few', 0);

INSERT INTO recipe_ingredient(recipe_id, ingredient_id, quantity, recipe_ingredient_description, main) VALUES(25, 124, 1, NULL, 1);
INSERT INTO recipe_ingredient(recipe_id, ingredient_id, quantity, recipe_ingredient_description, main) VALUES(25, 56, NULL, 'A pinch', 0);
INSERT INTO recipe_ingredient(recipe_id, ingredient_id, quantity, recipe_ingredient_description, main) VALUES(25, 123, NULL, 'Few', 0);
INSERT INTO recipe_ingredient(recipe_id, ingredient_id, quantity, recipe_ingredient_description, main) VALUES(25, 78, NULL, 'A teaspoon of', 0);
INSERT INTO recipe_ingredient(recipe_id, ingredient_id, quantity, recipe_ingredient_description, main) VALUES(25, 107, NULL, 'A tablespoon of', 0);
INSERT INTO recipe_ingredient(recipe_id, ingredient_id, quantity, recipe_ingredient_description, main) VALUES(25, 203, NULL, 'Few', 0);
INSERT INTO recipe_ingredient(recipe_id, ingredient_id, quantity, recipe_ingredient_description, main) VALUES(25, 71, NULL, 'A tablespoon of', 0);
INSERT INTO recipe_ingredient(recipe_id, ingredient_id, quantity, recipe_ingredient_description, main) VALUES(25, 8, 5, NULL, 0);
INSERT INTO recipe_ingredient(recipe_id, ingredient_id, quantity, recipe_ingredient_description, main) VALUES(25, 87, NULL, 'A teaspoon of', 0);
INSERT INTO recipe_ingredient(recipe_id, ingredient_id, quantity, recipe_ingredient_description, main) VALUES(25, 5, NULL, 'Few', 0);
INSERT INTO recipe_ingredient(recipe_id, ingredient_id, quantity, recipe_ingredient_description, main) VALUES(25, 15, NULL, 'A teaspoon of', 0);
INSERT INTO recipe_ingredient(recipe_id, ingredient_id, quantity, recipe_ingredient_description, main) VALUES(25, 227, 210, 'ml', 0);
INSERT INTO recipe_ingredient(recipe_id, ingredient_id, quantity, recipe_ingredient_description, main) VALUES(25, 57, 6, NULL, 0);
INSERT INTO recipe_ingredient(recipe_id, ingredient_id, quantity, recipe_ingredient_description, main) VALUES(25, 9, NULL, 'A teaspoon of', 0);
INSERT INTO recipe_ingredient(recipe_id, ingredient_id, quantity, recipe_ingredient_description, main) VALUES(25, 81, 350, 'gr', 0);

INSERT INTO recipe_ingredient(recipe_id, ingredient_id, quantity, recipe_ingredient_description, main) VALUES(26, 245, 1, NULL, 1);
INSERT INTO recipe_ingredient(recipe_id, ingredient_id, quantity, recipe_ingredient_description, main) VALUES(26, 34, NULL, 'A teaspoon of', 0);
INSERT INTO recipe_ingredient(recipe_id, ingredient_id, quantity, recipe_ingredient_description, main) VALUES(26, 205, 50, 'gr', 0);
INSERT INTO recipe_ingredient(recipe_id, ingredient_id, quantity, recipe_ingredient_description, main) VALUES(26, 200, NULL, 'A cup', 0);
INSERT INTO recipe_ingredient(recipe_id, ingredient_id, quantity, recipe_ingredient_description, main) VALUES(26, 124, NULL, 'Few', 0);
INSERT INTO recipe_ingredient(recipe_id, ingredient_id, quantity, recipe_ingredient_description, main) VALUES(26, 13, 570, 'gr', 0);

INSERT INTO recipe_ingredient(recipe_id, ingredient_id, quantity, recipe_ingredient_description, main) VALUES(27, 31, 1, NULL, 1);
INSERT INTO recipe_ingredient(recipe_id, ingredient_id, quantity, recipe_ingredient_description, main) VALUES(27, 284, NULL, 'A tablespoon of', 0);
INSERT INTO recipe_ingredient(recipe_id, ingredient_id, quantity, recipe_ingredient_description, main) VALUES(27, 93, NULL, 'A tablespoon of', 0);
INSERT INTO recipe_ingredient(recipe_id, ingredient_id, quantity, recipe_ingredient_description, main) VALUES(27, 234, NULL, 'Few', 0);
INSERT INTO recipe_ingredient(recipe_id, ingredient_id, quantity, recipe_ingredient_description, main) VALUES(27, 110, NULL, 'A pinch', 0);
INSERT INTO recipe_ingredient(recipe_id, ingredient_id, quantity, recipe_ingredient_description, main) VALUES(27, 25, NULL, 'A little', 0);
INSERT INTO recipe_ingredient(recipe_id, ingredient_id, quantity, recipe_ingredient_description, main) VALUES(27, 232, NULL, 'Few', 0);
INSERT INTO recipe_ingredient(recipe_id, ingredient_id, quantity, recipe_ingredient_description, main) VALUES(27, 77, NULL, 'A little', 0);
INSERT INTO recipe_ingredient(recipe_id, ingredient_id, quantity, recipe_ingredient_description, main) VALUES(27, 114, NULL, 'A tablespoon of', 0);
INSERT INTO recipe_ingredient(recipe_id, ingredient_id, quantity, recipe_ingredient_description, main) VALUES(27, 234, NULL, 'A cup', 0);
INSERT INTO recipe_ingredient(recipe_id, ingredient_id, quantity, recipe_ingredient_description, main) VALUES(27, 35, NULL, 'A cup', 0);
INSERT INTO recipe_ingredient(recipe_id, ingredient_id, quantity, recipe_ingredient_description, main) VALUES(27, 178, NULL, 'A pinch', 0);
INSERT INTO recipe_ingredient(recipe_id, ingredient_id, quantity, recipe_ingredient_description, main) VALUES(27, 129, NULL, 'A cup', 0);

INSERT INTO recipe_ingredient(recipe_id, ingredient_id, quantity, recipe_ingredient_description, main) VALUES(28, 167, 1, NULL, 1);
INSERT INTO recipe_ingredient(recipe_id, ingredient_id, quantity, recipe_ingredient_description, main) VALUES(28, 66, NULL, 'Few', 0);
INSERT INTO recipe_ingredient(recipe_id, ingredient_id, quantity, recipe_ingredient_description, main) VALUES(28, 81, 70, 'ml', 0);
INSERT INTO recipe_ingredient(recipe_id, ingredient_id, quantity, recipe_ingredient_description, main) VALUES(28, 227, NULL, 'Few', 0);
INSERT INTO recipe_ingredient(recipe_id, ingredient_id, quantity, recipe_ingredient_description, main) VALUES(28, 52, NULL, 'A tablespoon of', 0);
INSERT INTO recipe_ingredient(recipe_id, ingredient_id, quantity, recipe_ingredient_description, main) VALUES(28, 238, NULL, 'A little', 0);
INSERT INTO recipe_ingredient(recipe_id, ingredient_id, quantity, recipe_ingredient_description, main) VALUES(28, 6, NULL, 'A tablespoon of', 0);
INSERT INTO recipe_ingredient(recipe_id, ingredient_id, quantity, recipe_ingredient_description, main) VALUES(28, 53, NULL, 'A little', 0);
INSERT INTO recipe_ingredient(recipe_id, ingredient_id, quantity, recipe_ingredient_description, main) VALUES(28, 119, NULL, 'A cup', 0);

INSERT INTO recipe_ingredient(recipe_id, ingredient_id, quantity, recipe_ingredient_description, main) VALUES(29, 209, 1, NULL, 1);
INSERT INTO recipe_ingredient(recipe_id, ingredient_id, quantity, recipe_ingredient_description, main) VALUES(29, 106, NULL, 'Few', 0);
INSERT INTO recipe_ingredient(recipe_id, ingredient_id, quantity, recipe_ingredient_description, main) VALUES(29, 230, NULL, 'A tablespoon of', 0);
INSERT INTO recipe_ingredient(recipe_id, ingredient_id, quantity, recipe_ingredient_description, main) VALUES(29, 290, NULL, 'A pinch', 0);
INSERT INTO recipe_ingredient(recipe_id, ingredient_id, quantity, recipe_ingredient_description, main) VALUES(29, 106, NULL, 'A pinch', 0);
INSERT INTO recipe_ingredient(recipe_id, ingredient_id, quantity, recipe_ingredient_description, main) VALUES(29, 196, 130, 'gr', 0);
INSERT INTO recipe_ingredient(recipe_id, ingredient_id, quantity, recipe_ingredient_description, main) VALUES(29, 198, NULL, 'A cup', 0);
INSERT INTO recipe_ingredient(recipe_id, ingredient_id, quantity, recipe_ingredient_description, main) VALUES(29, 288, NULL, 'A pinch', 0);
INSERT INTO recipe_ingredient(recipe_id, ingredient_id, quantity, recipe_ingredient_description, main) VALUES(29, 96, NULL, 'A teaspoon of', 0);
INSERT INTO recipe_ingredient(recipe_id, ingredient_id, quantity, recipe_ingredient_description, main) VALUES(29, 68, 390, 'ml', 0);
INSERT INTO recipe_ingredient(recipe_id, ingredient_id, quantity, recipe_ingredient_description, main) VALUES(29, 121, NULL, 'A pinch', 0);

INSERT INTO recipe_ingredient(recipe_id, ingredient_id, quantity, recipe_ingredient_description, main) VALUES(30, 279, 1, NULL, 1);
INSERT INTO recipe_ingredient(recipe_id, ingredient_id, quantity, recipe_ingredient_description, main) VALUES(30, 158, NULL, 'A cup', 0);
INSERT INTO recipe_ingredient(recipe_id, ingredient_id, quantity, recipe_ingredient_description, main) VALUES(30, 126, NULL, 'A cup', 0);
INSERT INTO recipe_ingredient(recipe_id, ingredient_id, quantity, recipe_ingredient_description, main) VALUES(30, 235, 150, 'gr', 0);
INSERT INTO recipe_ingredient(recipe_id, ingredient_id, quantity, recipe_ingredient_description, main) VALUES(30, 265, 290, 'gr', 0);
INSERT INTO recipe_ingredient(recipe_id, ingredient_id, quantity, recipe_ingredient_description, main) VALUES(30, 74, 390, 'gr', 0);
INSERT INTO recipe_ingredient(recipe_id, ingredient_id, quantity, recipe_ingredient_description, main) VALUES(30, 123, 5, NULL, 0);

INSERT INTO recipe_ingredient(recipe_id, ingredient_id, quantity, recipe_ingredient_description, main) VALUES(31, 116, 1, NULL, 1);
INSERT INTO recipe_ingredient(recipe_id, ingredient_id, quantity, recipe_ingredient_description, main) VALUES(31, 178, NULL, 'Few', 0);
INSERT INTO recipe_ingredient(recipe_id, ingredient_id, quantity, recipe_ingredient_description, main) VALUES(31, 274, NULL, 'A pinch', 0);
INSERT INTO recipe_ingredient(recipe_id, ingredient_id, quantity, recipe_ingredient_description, main) VALUES(31, 197, 5, NULL, 0);
INSERT INTO recipe_ingredient(recipe_id, ingredient_id, quantity, recipe_ingredient_description, main) VALUES(31, 201, NULL, 'Few', 0);
INSERT INTO recipe_ingredient(recipe_id, ingredient_id, quantity, recipe_ingredient_description, main) VALUES(31, 198, 530, 'gr', 0);
INSERT INTO recipe_ingredient(recipe_id, ingredient_id, quantity, recipe_ingredient_description, main) VALUES(31, 250, NULL, 'Few', 0);
INSERT INTO recipe_ingredient(recipe_id, ingredient_id, quantity, recipe_ingredient_description, main) VALUES(31, 30, NULL, 'A little', 0);
INSERT INTO recipe_ingredient(recipe_id, ingredient_id, quantity, recipe_ingredient_description, main) VALUES(31, 201, NULL, 'A cup', 0);

INSERT INTO recipe_ingredient(recipe_id, ingredient_id, quantity, recipe_ingredient_description, main) VALUES(32, 151, 1, NULL, 1);
INSERT INTO recipe_ingredient(recipe_id, ingredient_id, quantity, recipe_ingredient_description, main) VALUES(32, 52, NULL, 'A cup', 0);
INSERT INTO recipe_ingredient(recipe_id, ingredient_id, quantity, recipe_ingredient_description, main) VALUES(32, 221, NULL, 'A pinch', 0);
INSERT INTO recipe_ingredient(recipe_id, ingredient_id, quantity, recipe_ingredient_description, main) VALUES(32, 230, NULL, 'A little', 0);
INSERT INTO recipe_ingredient(recipe_id, ingredient_id, quantity, recipe_ingredient_description, main) VALUES(32, 54, NULL, 'A pinch', 0);
INSERT INTO recipe_ingredient(recipe_id, ingredient_id, quantity, recipe_ingredient_description, main) VALUES(32, 230, NULL, 'A pinch', 0);
INSERT INTO recipe_ingredient(recipe_id, ingredient_id, quantity, recipe_ingredient_description, main) VALUES(32, 251, NULL, 'A teaspoon of', 0);
INSERT INTO recipe_ingredient(recipe_id, ingredient_id, quantity, recipe_ingredient_description, main) VALUES(32, 260, NULL, 'A tablespoon of', 0);
INSERT INTO recipe_ingredient(recipe_id, ingredient_id, quantity, recipe_ingredient_description, main) VALUES(32, 276, 50, 'gr', 0);
INSERT INTO recipe_ingredient(recipe_id, ingredient_id, quantity, recipe_ingredient_description, main) VALUES(32, 111, NULL, 'A cup', 0);
INSERT INTO recipe_ingredient(recipe_id, ingredient_id, quantity, recipe_ingredient_description, main) VALUES(32, 154, NULL, 'Few', 0);

INSERT INTO recipe_ingredient(recipe_id, ingredient_id, quantity, recipe_ingredient_description, main) VALUES(33, 293, 1, NULL, 1);
INSERT INTO recipe_ingredient(recipe_id, ingredient_id, quantity, recipe_ingredient_description, main) VALUES(33, 121, NULL, 'A tablespoon of', 0);
INSERT INTO recipe_ingredient(recipe_id, ingredient_id, quantity, recipe_ingredient_description, main) VALUES(33, 262, 50, 'ml', 0);
INSERT INTO recipe_ingredient(recipe_id, ingredient_id, quantity, recipe_ingredient_description, main) VALUES(33, 167, 670, 'gr', 0);
INSERT INTO recipe_ingredient(recipe_id, ingredient_id, quantity, recipe_ingredient_description, main) VALUES(33, 296, 8, NULL, 0);
INSERT INTO recipe_ingredient(recipe_id, ingredient_id, quantity, recipe_ingredient_description, main) VALUES(33, 8, NULL, 'A teaspoon of', 0);
INSERT INTO recipe_ingredient(recipe_id, ingredient_id, quantity, recipe_ingredient_description, main) VALUES(33, 263, NULL, 'A cup', 0);

INSERT INTO recipe_ingredient(recipe_id, ingredient_id, quantity, recipe_ingredient_description, main) VALUES(34, 240, 1, NULL, 1);
INSERT INTO recipe_ingredient(recipe_id, ingredient_id, quantity, recipe_ingredient_description, main) VALUES(34, 18, NULL, 'A tablespoon of', 0);
INSERT INTO recipe_ingredient(recipe_id, ingredient_id, quantity, recipe_ingredient_description, main) VALUES(34, 39, NULL, 'A cup', 0);
INSERT INTO recipe_ingredient(recipe_id, ingredient_id, quantity, recipe_ingredient_description, main) VALUES(34, 19, NULL, 'A cup', 0);
INSERT INTO recipe_ingredient(recipe_id, ingredient_id, quantity, recipe_ingredient_description, main) VALUES(34, 214, NULL, 'A teaspoon of', 0);
INSERT INTO recipe_ingredient(recipe_id, ingredient_id, quantity, recipe_ingredient_description, main) VALUES(34, 164, NULL, 'A pinch', 0);
INSERT INTO recipe_ingredient(recipe_id, ingredient_id, quantity, recipe_ingredient_description, main) VALUES(34, 48, 550, 'gr', 0);
INSERT INTO recipe_ingredient(recipe_id, ingredient_id, quantity, recipe_ingredient_description, main) VALUES(34, 298, 4, NULL, 0);
INSERT INTO recipe_ingredient(recipe_id, ingredient_id, quantity, recipe_ingredient_description, main) VALUES(34, 214, NULL, 'A pinch', 0);
INSERT INTO recipe_ingredient(recipe_id, ingredient_id, quantity, recipe_ingredient_description, main) VALUES(34, 10, 3, NULL, 0);
INSERT INTO recipe_ingredient(recipe_id, ingredient_id, quantity, recipe_ingredient_description, main) VALUES(34, 145, NULL, 'A tablespoon of', 0);
INSERT INTO recipe_ingredient(recipe_id, ingredient_id, quantity, recipe_ingredient_description, main) VALUES(34, 163, NULL, 'A cup', 0);
INSERT INTO recipe_ingredient(recipe_id, ingredient_id, quantity, recipe_ingredient_description, main) VALUES(34, 82, 430, 'gr', 0);
INSERT INTO recipe_ingredient(recipe_id, ingredient_id, quantity, recipe_ingredient_description, main) VALUES(34, 238, NULL, 'A teaspoon of', 0);
INSERT INTO recipe_ingredient(recipe_id, ingredient_id, quantity, recipe_ingredient_description, main) VALUES(34, 24, NULL, 'A tablespoon of', 0);
INSERT INTO recipe_ingredient(recipe_id, ingredient_id, quantity, recipe_ingredient_description, main) VALUES(34, 154, NULL, 'A cup', 0);

INSERT INTO recipe_ingredient(recipe_id, ingredient_id, quantity, recipe_ingredient_description, main) VALUES(35, 159, 1, NULL, 1);
INSERT INTO recipe_ingredient(recipe_id, ingredient_id, quantity, recipe_ingredient_description, main) VALUES(35, 188, NULL, 'A teaspoon of', 0);
INSERT INTO recipe_ingredient(recipe_id, ingredient_id, quantity, recipe_ingredient_description, main) VALUES(35, 289, 330, 'gr', 0);
INSERT INTO recipe_ingredient(recipe_id, ingredient_id, quantity, recipe_ingredient_description, main) VALUES(35, 9, 3, NULL, 0);
INSERT INTO recipe_ingredient(recipe_id, ingredient_id, quantity, recipe_ingredient_description, main) VALUES(35, 183, 5, NULL, 0);
INSERT INTO recipe_ingredient(recipe_id, ingredient_id, quantity, recipe_ingredient_description, main) VALUES(35, 155, NULL, 'A pinch', 0);
INSERT INTO recipe_ingredient(recipe_id, ingredient_id, quantity, recipe_ingredient_description, main) VALUES(35, 286, NULL, 'A pinch', 0);
INSERT INTO recipe_ingredient(recipe_id, ingredient_id, quantity, recipe_ingredient_description, main) VALUES(35, 87, 450, 'gr', 0);
INSERT INTO recipe_ingredient(recipe_id, ingredient_id, quantity, recipe_ingredient_description, main) VALUES(35, 234, 7, NULL, 0);
INSERT INTO recipe_ingredient(recipe_id, ingredient_id, quantity, recipe_ingredient_description, main) VALUES(35, 89, 2, NULL, 0);
INSERT INTO recipe_ingredient(recipe_id, ingredient_id, quantity, recipe_ingredient_description, main) VALUES(35, 121, 8, NULL, 0);
INSERT INTO recipe_ingredient(recipe_id, ingredient_id, quantity, recipe_ingredient_description, main) VALUES(35, 131, 5, NULL, 0);
INSERT INTO recipe_ingredient(recipe_id, ingredient_id, quantity, recipe_ingredient_description, main) VALUES(35, 202, NULL, 'Few', 0);
INSERT INTO recipe_ingredient(recipe_id, ingredient_id, quantity, recipe_ingredient_description, main) VALUES(35, 16, NULL, 'A cup', 0);

INSERT INTO recipe_ingredient(recipe_id, ingredient_id, quantity, recipe_ingredient_description, main) VALUES(36, 148, 1, NULL, 1);
INSERT INTO recipe_ingredient(recipe_id, ingredient_id, quantity, recipe_ingredient_description, main) VALUES(36, 158, NULL, 'A tablespoon of', 0);
INSERT INTO recipe_ingredient(recipe_id, ingredient_id, quantity, recipe_ingredient_description, main) VALUES(36, 63, 4, NULL, 0);
INSERT INTO recipe_ingredient(recipe_id, ingredient_id, quantity, recipe_ingredient_description, main) VALUES(36, 23, NULL, 'A teaspoon of', 0);
INSERT INTO recipe_ingredient(recipe_id, ingredient_id, quantity, recipe_ingredient_description, main) VALUES(36, 176, NULL, 'A cup', 0);
INSERT INTO recipe_ingredient(recipe_id, ingredient_id, quantity, recipe_ingredient_description, main) VALUES(36, 39, 6, NULL, 0);
INSERT INTO recipe_ingredient(recipe_id, ingredient_id, quantity, recipe_ingredient_description, main) VALUES(36, 5, NULL, 'Few', 0);
INSERT INTO recipe_ingredient(recipe_id, ingredient_id, quantity, recipe_ingredient_description, main) VALUES(36, 264, 8, NULL, 0);
INSERT INTO recipe_ingredient(recipe_id, ingredient_id, quantity, recipe_ingredient_description, main) VALUES(36, 147, NULL, 'Few', 0);
INSERT INTO recipe_ingredient(recipe_id, ingredient_id, quantity, recipe_ingredient_description, main) VALUES(36, 198, NULL, 'A little', 0);

INSERT INTO recipe_ingredient(recipe_id, ingredient_id, quantity, recipe_ingredient_description, main) VALUES(37, 191, 1, NULL, 1);
INSERT INTO recipe_ingredient(recipe_id, ingredient_id, quantity, recipe_ingredient_description, main) VALUES(37, 156, NULL, 'A teaspoon of', 0);
INSERT INTO recipe_ingredient(recipe_id, ingredient_id, quantity, recipe_ingredient_description, main) VALUES(37, 3, NULL, 'Few', 0);
INSERT INTO recipe_ingredient(recipe_id, ingredient_id, quantity, recipe_ingredient_description, main) VALUES(37, 295, NULL, 'A pinch', 0);
INSERT INTO recipe_ingredient(recipe_id, ingredient_id, quantity, recipe_ingredient_description, main) VALUES(37, 260, 6, NULL, 0);
INSERT INTO recipe_ingredient(recipe_id, ingredient_id, quantity, recipe_ingredient_description, main) VALUES(37, 116, 590, 'gr', 0);
INSERT INTO recipe_ingredient(recipe_id, ingredient_id, quantity, recipe_ingredient_description, main) VALUES(37, 169, NULL, 'A teaspoon of', 0);

INSERT INTO recipe_ingredient(recipe_id, ingredient_id, quantity, recipe_ingredient_description, main) VALUES(38, 4, 1, NULL, 1);
INSERT INTO recipe_ingredient(recipe_id, ingredient_id, quantity, recipe_ingredient_description, main) VALUES(38, 65, NULL, 'A tablespoon of', 0);
INSERT INTO recipe_ingredient(recipe_id, ingredient_id, quantity, recipe_ingredient_description, main) VALUES(38, 231, NULL, 'A tablespoon of', 0);
INSERT INTO recipe_ingredient(recipe_id, ingredient_id, quantity, recipe_ingredient_description, main) VALUES(38, 43, NULL, 'A teaspoon of', 0);
INSERT INTO recipe_ingredient(recipe_id, ingredient_id, quantity, recipe_ingredient_description, main) VALUES(38, 117, 370, 'ml', 0);
INSERT INTO recipe_ingredient(recipe_id, ingredient_id, quantity, recipe_ingredient_description, main) VALUES(38, 61, 450, 'gr', 0);
INSERT INTO recipe_ingredient(recipe_id, ingredient_id, quantity, recipe_ingredient_description, main) VALUES(38, 198, 6, NULL, 0);
INSERT INTO recipe_ingredient(recipe_id, ingredient_id, quantity, recipe_ingredient_description, main) VALUES(38, 40, 650, 'ml', 0);
INSERT INTO recipe_ingredient(recipe_id, ingredient_id, quantity, recipe_ingredient_description, main) VALUES(38, 82, NULL, 'A cup', 0);

INSERT INTO recipe_ingredient(recipe_id, ingredient_id, quantity, recipe_ingredient_description, main) VALUES(39, 183, 1, NULL, 1);
INSERT INTO recipe_ingredient(recipe_id, ingredient_id, quantity, recipe_ingredient_description, main) VALUES(39, 238, NULL, 'Few', 0);
INSERT INTO recipe_ingredient(recipe_id, ingredient_id, quantity, recipe_ingredient_description, main) VALUES(39, 221, NULL, 'A cup', 0);
INSERT INTO recipe_ingredient(recipe_id, ingredient_id, quantity, recipe_ingredient_description, main) VALUES(39, 62, NULL, 'A teaspoon of', 0);
INSERT INTO recipe_ingredient(recipe_id, ingredient_id, quantity, recipe_ingredient_description, main) VALUES(39, 179, NULL, 'A little', 0);
INSERT INTO recipe_ingredient(recipe_id, ingredient_id, quantity, recipe_ingredient_description, main) VALUES(39, 270, NULL, 'A cup', 0);
INSERT INTO recipe_ingredient(recipe_id, ingredient_id, quantity, recipe_ingredient_description, main) VALUES(39, 137, NULL, 'Few', 0);
INSERT INTO recipe_ingredient(recipe_id, ingredient_id, quantity, recipe_ingredient_description, main) VALUES(39, 19, NULL, 'A teaspoon of', 0);
INSERT INTO recipe_ingredient(recipe_id, ingredient_id, quantity, recipe_ingredient_description, main) VALUES(39, 271, NULL, 'A little', 0);
INSERT INTO recipe_ingredient(recipe_id, ingredient_id, quantity, recipe_ingredient_description, main) VALUES(39, 131, NULL, 'Few', 0);
INSERT INTO recipe_ingredient(recipe_id, ingredient_id, quantity, recipe_ingredient_description, main) VALUES(39, 77, 450, 'gr', 0);
INSERT INTO recipe_ingredient(recipe_id, ingredient_id, quantity, recipe_ingredient_description, main) VALUES(39, 182, 2, NULL, 0);
INSERT INTO recipe_ingredient(recipe_id, ingredient_id, quantity, recipe_ingredient_description, main) VALUES(39, 203, 630, 'gr', 0);
INSERT INTO recipe_ingredient(recipe_id, ingredient_id, quantity, recipe_ingredient_description, main) VALUES(39, 209, NULL, 'A pinch', 0);
INSERT INTO recipe_ingredient(recipe_id, ingredient_id, quantity, recipe_ingredient_description, main) VALUES(39, 49, 530, 'gr', 0);

INSERT INTO recipe_ingredient(recipe_id, ingredient_id, quantity, recipe_ingredient_description, main) VALUES(40, 98, 1, NULL, 1);
INSERT INTO recipe_ingredient(recipe_id, ingredient_id, quantity, recipe_ingredient_description, main) VALUES(40, 53, NULL, 'A little', 0);
INSERT INTO recipe_ingredient(recipe_id, ingredient_id, quantity, recipe_ingredient_description, main) VALUES(40, 148, NULL, 'Few', 0);
INSERT INTO recipe_ingredient(recipe_id, ingredient_id, quantity, recipe_ingredient_description, main) VALUES(40, 263, NULL, 'A pinch', 0);
INSERT INTO recipe_ingredient(recipe_id, ingredient_id, quantity, recipe_ingredient_description, main) VALUES(40, 50, 4, NULL, 0);
INSERT INTO recipe_ingredient(recipe_id, ingredient_id, quantity, recipe_ingredient_description, main) VALUES(40, 89, NULL, 'A little', 0);

INSERT INTO recipe_ingredient(recipe_id, ingredient_id, quantity, recipe_ingredient_description, main) VALUES(41, 186, 1, NULL, 1);
INSERT INTO recipe_ingredient(recipe_id, ingredient_id, quantity, recipe_ingredient_description, main) VALUES(41, 232, NULL, 'A teaspoon of', 0);
INSERT INTO recipe_ingredient(recipe_id, ingredient_id, quantity, recipe_ingredient_description, main) VALUES(41, 190, NULL, 'A little', 0);
INSERT INTO recipe_ingredient(recipe_id, ingredient_id, quantity, recipe_ingredient_description, main) VALUES(41, 116, NULL, 'A little', 0);
INSERT INTO recipe_ingredient(recipe_id, ingredient_id, quantity, recipe_ingredient_description, main) VALUES(41, 44, NULL, 'A cup', 0);
INSERT INTO recipe_ingredient(recipe_id, ingredient_id, quantity, recipe_ingredient_description, main) VALUES(41, 201, NULL, 'A tablespoon of', 0);
INSERT INTO recipe_ingredient(recipe_id, ingredient_id, quantity, recipe_ingredient_description, main) VALUES(41, 80, 270, 'gr', 0);
INSERT INTO recipe_ingredient(recipe_id, ingredient_id, quantity, recipe_ingredient_description, main) VALUES(41, 283, 6, NULL, 0);
INSERT INTO recipe_ingredient(recipe_id, ingredient_id, quantity, recipe_ingredient_description, main) VALUES(41, 3, NULL, 'A little', 0);
INSERT INTO recipe_ingredient(recipe_id, ingredient_id, quantity, recipe_ingredient_description, main) VALUES(41, 144, NULL, 'A pinch', 0);
INSERT INTO recipe_ingredient(recipe_id, ingredient_id, quantity, recipe_ingredient_description, main) VALUES(41, 5, NULL, 'A little', 0);
INSERT INTO recipe_ingredient(recipe_id, ingredient_id, quantity, recipe_ingredient_description, main) VALUES(41, 140, NULL, 'A teaspoon of', 0);
INSERT INTO recipe_ingredient(recipe_id, ingredient_id, quantity, recipe_ingredient_description, main) VALUES(41, 226, 50, 'gr', 0);
INSERT INTO recipe_ingredient(recipe_id, ingredient_id, quantity, recipe_ingredient_description, main) VALUES(41, 100, 50, 'ml', 0);
INSERT INTO recipe_ingredient(recipe_id, ingredient_id, quantity, recipe_ingredient_description, main) VALUES(41, 244, 7, NULL, 0);
INSERT INTO recipe_ingredient(recipe_id, ingredient_id, quantity, recipe_ingredient_description, main) VALUES(41, 10, NULL, 'A pinch', 0);

INSERT INTO recipe_ingredient(recipe_id, ingredient_id, quantity, recipe_ingredient_description, main) VALUES(42, 4, 1, NULL, 1);
INSERT INTO recipe_ingredient(recipe_id, ingredient_id, quantity, recipe_ingredient_description, main) VALUES(42, 179, NULL, 'A little', 0);
INSERT INTO recipe_ingredient(recipe_id, ingredient_id, quantity, recipe_ingredient_description, main) VALUES(42, 123, NULL, 'A little', 0);
INSERT INTO recipe_ingredient(recipe_id, ingredient_id, quantity, recipe_ingredient_description, main) VALUES(42, 12, 190, 'gr', 0);
INSERT INTO recipe_ingredient(recipe_id, ingredient_id, quantity, recipe_ingredient_description, main) VALUES(42, 96, NULL, 'A little', 0);
INSERT INTO recipe_ingredient(recipe_id, ingredient_id, quantity, recipe_ingredient_description, main) VALUES(42, 45, NULL, 'A little', 0);
INSERT INTO recipe_ingredient(recipe_id, ingredient_id, quantity, recipe_ingredient_description, main) VALUES(42, 107, NULL, 'A cup', 0);
INSERT INTO recipe_ingredient(recipe_id, ingredient_id, quantity, recipe_ingredient_description, main) VALUES(42, 143, NULL, 'A cup', 0);

INSERT INTO recipe_ingredient(recipe_id, ingredient_id, quantity, recipe_ingredient_description, main) VALUES(43, 146, 1, NULL, 1);
INSERT INTO recipe_ingredient(recipe_id, ingredient_id, quantity, recipe_ingredient_description, main) VALUES(43, 37, 150, 'ml', 0);
INSERT INTO recipe_ingredient(recipe_id, ingredient_id, quantity, recipe_ingredient_description, main) VALUES(43, 4, NULL, 'A teaspoon of', 0);
INSERT INTO recipe_ingredient(recipe_id, ingredient_id, quantity, recipe_ingredient_description, main) VALUES(43, 144, NULL, 'Few', 0);
INSERT INTO recipe_ingredient(recipe_id, ingredient_id, quantity, recipe_ingredient_description, main) VALUES(43, 147, NULL, 'A teaspoon of', 0);
INSERT INTO recipe_ingredient(recipe_id, ingredient_id, quantity, recipe_ingredient_description, main) VALUES(43, 160, 590, 'ml', 0);
INSERT INTO recipe_ingredient(recipe_id, ingredient_id, quantity, recipe_ingredient_description, main) VALUES(43, 284, NULL, 'Few', 0);
INSERT INTO recipe_ingredient(recipe_id, ingredient_id, quantity, recipe_ingredient_description, main) VALUES(43, 148, NULL, 'A teaspoon of', 0);
INSERT INTO recipe_ingredient(recipe_id, ingredient_id, quantity, recipe_ingredient_description, main) VALUES(43, 45, NULL, 'A pinch', 0);
INSERT INTO recipe_ingredient(recipe_id, ingredient_id, quantity, recipe_ingredient_description, main) VALUES(43, 191, NULL, 'A cup', 0);
INSERT INTO recipe_ingredient(recipe_id, ingredient_id, quantity, recipe_ingredient_description, main) VALUES(43, 270, NULL, 'A tablespoon of', 0);
INSERT INTO recipe_ingredient(recipe_id, ingredient_id, quantity, recipe_ingredient_description, main) VALUES(43, 178, NULL, 'A teaspoon of', 0);
INSERT INTO recipe_ingredient(recipe_id, ingredient_id, quantity, recipe_ingredient_description, main) VALUES(43, 285, NULL, 'Few', 0);
INSERT INTO recipe_ingredient(recipe_id, ingredient_id, quantity, recipe_ingredient_description, main) VALUES(43, 112, NULL, 'A pinch', 0);
INSERT INTO recipe_ingredient(recipe_id, ingredient_id, quantity, recipe_ingredient_description, main) VALUES(43, 5, NULL, 'A tablespoon of', 0);

INSERT INTO recipe_ingredient(recipe_id, ingredient_id, quantity, recipe_ingredient_description, main) VALUES(44, 53, 1, NULL, 1);
INSERT INTO recipe_ingredient(recipe_id, ingredient_id, quantity, recipe_ingredient_description, main) VALUES(44, 270, 6, NULL, 0);
INSERT INTO recipe_ingredient(recipe_id, ingredient_id, quantity, recipe_ingredient_description, main) VALUES(44, 75, 8, NULL, 0);
INSERT INTO recipe_ingredient(recipe_id, ingredient_id, quantity, recipe_ingredient_description, main) VALUES(44, 73, 6, NULL, 0);
INSERT INTO recipe_ingredient(recipe_id, ingredient_id, quantity, recipe_ingredient_description, main) VALUES(44, 169, 530, 'gr', 0);
INSERT INTO recipe_ingredient(recipe_id, ingredient_id, quantity, recipe_ingredient_description, main) VALUES(44, 43, NULL, 'Few', 0);
INSERT INTO recipe_ingredient(recipe_id, ingredient_id, quantity, recipe_ingredient_description, main) VALUES(44, 260, NULL, 'Few', 0);
INSERT INTO recipe_ingredient(recipe_id, ingredient_id, quantity, recipe_ingredient_description, main) VALUES(44, 192, NULL, 'A little', 0);

INSERT INTO recipe_ingredient(recipe_id, ingredient_id, quantity, recipe_ingredient_description, main) VALUES(45, 103, 1, NULL, 1);
INSERT INTO recipe_ingredient(recipe_id, ingredient_id, quantity, recipe_ingredient_description, main) VALUES(45, 225, 150, 'gr', 0);
INSERT INTO recipe_ingredient(recipe_id, ingredient_id, quantity, recipe_ingredient_description, main) VALUES(45, 112, NULL, 'A tablespoon of', 0);
INSERT INTO recipe_ingredient(recipe_id, ingredient_id, quantity, recipe_ingredient_description, main) VALUES(45, 193, 70, 'gr', 0);
INSERT INTO recipe_ingredient(recipe_id, ingredient_id, quantity, recipe_ingredient_description, main) VALUES(45, 254, NULL, 'A teaspoon of', 0);
INSERT INTO recipe_ingredient(recipe_id, ingredient_id, quantity, recipe_ingredient_description, main) VALUES(45, 228, 230, 'ml', 0);
INSERT INTO recipe_ingredient(recipe_id, ingredient_id, quantity, recipe_ingredient_description, main) VALUES(45, 282, 3, NULL, 0);
INSERT INTO recipe_ingredient(recipe_id, ingredient_id, quantity, recipe_ingredient_description, main) VALUES(45, 89, NULL, 'A little', 0);
INSERT INTO recipe_ingredient(recipe_id, ingredient_id, quantity, recipe_ingredient_description, main) VALUES(45, 113, 8, NULL, 0);
INSERT INTO recipe_ingredient(recipe_id, ingredient_id, quantity, recipe_ingredient_description, main) VALUES(45, 59, NULL, 'A pinch', 0);

INSERT INTO recipe_ingredient(recipe_id, ingredient_id, quantity, recipe_ingredient_description, main) VALUES(46, 237, 1, NULL, 1);
INSERT INTO recipe_ingredient(recipe_id, ingredient_id, quantity, recipe_ingredient_description, main) VALUES(46, 115, NULL, 'A pinch', 0);
INSERT INTO recipe_ingredient(recipe_id, ingredient_id, quantity, recipe_ingredient_description, main) VALUES(46, 281, NULL, 'A little', 0);
INSERT INTO recipe_ingredient(recipe_id, ingredient_id, quantity, recipe_ingredient_description, main) VALUES(46, 246, NULL, 'A tablespoon of', 0);
INSERT INTO recipe_ingredient(recipe_id, ingredient_id, quantity, recipe_ingredient_description, main) VALUES(46, 145, 530, 'ml', 0);
INSERT INTO recipe_ingredient(recipe_id, ingredient_id, quantity, recipe_ingredient_description, main) VALUES(46, 43, NULL, 'A pinch', 0);
INSERT INTO recipe_ingredient(recipe_id, ingredient_id, quantity, recipe_ingredient_description, main) VALUES(46, 222, 350, 'ml', 0);
INSERT INTO recipe_ingredient(recipe_id, ingredient_id, quantity, recipe_ingredient_description, main) VALUES(46, 124, NULL, 'A tablespoon of', 0);
INSERT INTO recipe_ingredient(recipe_id, ingredient_id, quantity, recipe_ingredient_description, main) VALUES(46, 58, 670, 'gr', 0);
INSERT INTO recipe_ingredient(recipe_id, ingredient_id, quantity, recipe_ingredient_description, main) VALUES(46, 157, 8, NULL, 0);

INSERT INTO recipe_ingredient(recipe_id, ingredient_id, quantity, recipe_ingredient_description, main) VALUES(47, 124, 1, NULL, 1);
INSERT INTO recipe_ingredient(recipe_id, ingredient_id, quantity, recipe_ingredient_description, main) VALUES(47, 15, NULL, 'Few', 0);
INSERT INTO recipe_ingredient(recipe_id, ingredient_id, quantity, recipe_ingredient_description, main) VALUES(47, 76, 290, 'gr', 0);
INSERT INTO recipe_ingredient(recipe_id, ingredient_id, quantity, recipe_ingredient_description, main) VALUES(47, 209, NULL, 'A teaspoon of', 0);
INSERT INTO recipe_ingredient(recipe_id, ingredient_id, quantity, recipe_ingredient_description, main) VALUES(47, 263, 330, 'gr', 0);
INSERT INTO recipe_ingredient(recipe_id, ingredient_id, quantity, recipe_ingredient_description, main) VALUES(47, 61, 170, 'gr', 0);
INSERT INTO recipe_ingredient(recipe_id, ingredient_id, quantity, recipe_ingredient_description, main) VALUES(47, 231, 630, 'ml', 0);
INSERT INTO recipe_ingredient(recipe_id, ingredient_id, quantity, recipe_ingredient_description, main) VALUES(47, 31, NULL, 'A teaspoon of', 0);
INSERT INTO recipe_ingredient(recipe_id, ingredient_id, quantity, recipe_ingredient_description, main) VALUES(47, 116, NULL, 'A tablespoon of', 0);
INSERT INTO recipe_ingredient(recipe_id, ingredient_id, quantity, recipe_ingredient_description, main) VALUES(47, 10, 270, 'gr', 0);
INSERT INTO recipe_ingredient(recipe_id, ingredient_id, quantity, recipe_ingredient_description, main) VALUES(47, 240, NULL, 'A cup', 0);
INSERT INTO recipe_ingredient(recipe_id, ingredient_id, quantity, recipe_ingredient_description, main) VALUES(47, 254, NULL, 'A tablespoon of', 0);
INSERT INTO recipe_ingredient(recipe_id, ingredient_id, quantity, recipe_ingredient_description, main) VALUES(47, 41, 370, 'gr', 0);
INSERT INTO recipe_ingredient(recipe_id, ingredient_id, quantity, recipe_ingredient_description, main) VALUES(47, 45, 4, NULL, 0);
INSERT INTO recipe_ingredient(recipe_id, ingredient_id, quantity, recipe_ingredient_description, main) VALUES(47, 265, NULL, 'Few', 0);

INSERT INTO recipe_ingredient(recipe_id, ingredient_id, quantity, recipe_ingredient_description, main) VALUES(48, 118, 1, NULL, 1);
INSERT INTO recipe_ingredient(recipe_id, ingredient_id, quantity, recipe_ingredient_description, main) VALUES(48, 243, NULL, 'Few', 0);
INSERT INTO recipe_ingredient(recipe_id, ingredient_id, quantity, recipe_ingredient_description, main) VALUES(48, 184, NULL, 'A cup', 0);
INSERT INTO recipe_ingredient(recipe_id, ingredient_id, quantity, recipe_ingredient_description, main) VALUES(48, 284, NULL, 'A tablespoon of', 0);
INSERT INTO recipe_ingredient(recipe_id, ingredient_id, quantity, recipe_ingredient_description, main) VALUES(48, 55, 670, 'ml', 0);
INSERT INTO recipe_ingredient(recipe_id, ingredient_id, quantity, recipe_ingredient_description, main) VALUES(48, 85, 130, 'gr', 0);

INSERT INTO recipe_ingredient(recipe_id, ingredient_id, quantity, recipe_ingredient_description, main) VALUES(49, 165, 1, NULL, 1);
INSERT INTO recipe_ingredient(recipe_id, ingredient_id, quantity, recipe_ingredient_description, main) VALUES(49, 121, NULL, 'A teaspoon of', 0);
INSERT INTO recipe_ingredient(recipe_id, ingredient_id, quantity, recipe_ingredient_description, main) VALUES(49, 30, NULL, 'A cup', 0);
INSERT INTO recipe_ingredient(recipe_id, ingredient_id, quantity, recipe_ingredient_description, main) VALUES(49, 81, NULL, 'A teaspoon of', 0);
INSERT INTO recipe_ingredient(recipe_id, ingredient_id, quantity, recipe_ingredient_description, main) VALUES(49, 101, 550, 'gr', 0);
INSERT INTO recipe_ingredient(recipe_id, ingredient_id, quantity, recipe_ingredient_description, main) VALUES(49, 120, NULL, 'A little', 0);
INSERT INTO recipe_ingredient(recipe_id, ingredient_id, quantity, recipe_ingredient_description, main) VALUES(49, 159, 510, 'gr', 0);
INSERT INTO recipe_ingredient(recipe_id, ingredient_id, quantity, recipe_ingredient_description, main) VALUES(49, 258, NULL, 'A tablespoon of', 0);
INSERT INTO recipe_ingredient(recipe_id, ingredient_id, quantity, recipe_ingredient_description, main) VALUES(49, 143, NULL, 'A little', 0);
INSERT INTO recipe_ingredient(recipe_id, ingredient_id, quantity, recipe_ingredient_description, main) VALUES(49, 144, 510, 'gr', 0);
INSERT INTO recipe_ingredient(recipe_id, ingredient_id, quantity, recipe_ingredient_description, main) VALUES(49, 204, NULL, 'A pinch', 0);
INSERT INTO recipe_ingredient(recipe_id, ingredient_id, quantity, recipe_ingredient_description, main) VALUES(49, 244, NULL, 'A tablespoon of', 0);
INSERT INTO recipe_ingredient(recipe_id, ingredient_id, quantity, recipe_ingredient_description, main) VALUES(49, 189, NULL, 'A tablespoon of', 0);
INSERT INTO recipe_ingredient(recipe_id, ingredient_id, quantity, recipe_ingredient_description, main) VALUES(49, 160, 450, 'gr', 0);
INSERT INTO recipe_ingredient(recipe_id, ingredient_id, quantity, recipe_ingredient_description, main) VALUES(49, 71, NULL, 'A cup', 0);

INSERT INTO recipe_ingredient(recipe_id, ingredient_id, quantity, recipe_ingredient_description, main) VALUES(50, 263, 1, NULL, 1);
INSERT INTO recipe_ingredient(recipe_id, ingredient_id, quantity, recipe_ingredient_description, main) VALUES(50, 180, NULL, 'A little', 0);
INSERT INTO recipe_ingredient(recipe_id, ingredient_id, quantity, recipe_ingredient_description, main) VALUES(50, 216, NULL, 'A teaspoon of', 0);
INSERT INTO recipe_ingredient(recipe_id, ingredient_id, quantity, recipe_ingredient_description, main) VALUES(50, 274, NULL, 'A pinch', 0);
INSERT INTO recipe_ingredient(recipe_id, ingredient_id, quantity, recipe_ingredient_description, main) VALUES(50, 186, 70, 'gr', 0);
INSERT INTO recipe_ingredient(recipe_id, ingredient_id, quantity, recipe_ingredient_description, main) VALUES(50, 201, NULL, 'A little', 0);
INSERT INTO recipe_ingredient(recipe_id, ingredient_id, quantity, recipe_ingredient_description, main) VALUES(50, 44, 70, 'gr', 0);
INSERT INTO recipe_ingredient(recipe_id, ingredient_id, quantity, recipe_ingredient_description, main) VALUES(50, 40, 650, 'gr', 0);
INSERT INTO recipe_ingredient(recipe_id, ingredient_id, quantity, recipe_ingredient_description, main) VALUES(50, 245, NULL, 'A pinch', 0);
INSERT INTO recipe_ingredient(recipe_id, ingredient_id, quantity, recipe_ingredient_description, main) VALUES(50, 229, 150, 'gr', 0);
INSERT INTO recipe_ingredient(recipe_id, ingredient_id, quantity, recipe_ingredient_description, main) VALUES(50, 122, NULL, 'A cup', 0);
INSERT INTO recipe_ingredient(recipe_id, ingredient_id, quantity, recipe_ingredient_description, main) VALUES(50, 233, NULL, 'A pinch', 0);
INSERT INTO recipe_ingredient(recipe_id, ingredient_id, quantity, recipe_ingredient_description, main) VALUES(50, 251, NULL, 'A little', 0);
INSERT INTO recipe_ingredient(recipe_id, ingredient_id, quantity, recipe_ingredient_description, main) VALUES(50, 61, NULL, 'A tablespoon of', 0);
INSERT INTO recipe_ingredient(recipe_id, ingredient_id, quantity, recipe_ingredient_description, main) VALUES(50, 158, NULL, 'A little', 0);

INSERT INTO recipe_ingredient(recipe_id, ingredient_id, quantity, recipe_ingredient_description, main) VALUES(51, 234, 1, NULL, 1);
INSERT INTO recipe_ingredient(recipe_id, ingredient_id, quantity, recipe_ingredient_description, main) VALUES(51, 108, NULL, 'A little', 0);
INSERT INTO recipe_ingredient(recipe_id, ingredient_id, quantity, recipe_ingredient_description, main) VALUES(51, 184, 8, NULL, 0);
INSERT INTO recipe_ingredient(recipe_id, ingredient_id, quantity, recipe_ingredient_description, main) VALUES(51, 138, NULL, 'A tablespoon of', 0);
INSERT INTO recipe_ingredient(recipe_id, ingredient_id, quantity, recipe_ingredient_description, main) VALUES(51, 7, 570, 'ml', 0);
INSERT INTO recipe_ingredient(recipe_id, ingredient_id, quantity, recipe_ingredient_description, main) VALUES(51, 197, 70, 'ml', 0);

INSERT INTO recipe_ingredient(recipe_id, ingredient_id, quantity, recipe_ingredient_description, main) VALUES(52, 264, 1, NULL, 1);
INSERT INTO recipe_ingredient(recipe_id, ingredient_id, quantity, recipe_ingredient_description, main) VALUES(52, 132, NULL, 'A pinch', 0);
INSERT INTO recipe_ingredient(recipe_id, ingredient_id, quantity, recipe_ingredient_description, main) VALUES(52, 211, NULL, 'A cup', 0);
INSERT INTO recipe_ingredient(recipe_id, ingredient_id, quantity, recipe_ingredient_description, main) VALUES(52, 253, 590, 'ml', 0);
INSERT INTO recipe_ingredient(recipe_id, ingredient_id, quantity, recipe_ingredient_description, main) VALUES(52, 262, NULL, 'A teaspoon of', 0);
INSERT INTO recipe_ingredient(recipe_id, ingredient_id, quantity, recipe_ingredient_description, main) VALUES(52, 84, NULL, 'A teaspoon of', 0);
INSERT INTO recipe_ingredient(recipe_id, ingredient_id, quantity, recipe_ingredient_description, main) VALUES(52, 3, NULL, 'A teaspoon of', 0);

INSERT INTO recipe_ingredient(recipe_id, ingredient_id, quantity, recipe_ingredient_description, main) VALUES(53, 9, 1, NULL, 1);
INSERT INTO recipe_ingredient(recipe_id, ingredient_id, quantity, recipe_ingredient_description, main) VALUES(53, 193, 50, 'gr', 0);
INSERT INTO recipe_ingredient(recipe_id, ingredient_id, quantity, recipe_ingredient_description, main) VALUES(53, 285, NULL, 'A tablespoon of', 0);
INSERT INTO recipe_ingredient(recipe_id, ingredient_id, quantity, recipe_ingredient_description, main) VALUES(53, 103, NULL, 'Few', 0);
INSERT INTO recipe_ingredient(recipe_id, ingredient_id, quantity, recipe_ingredient_description, main) VALUES(53, 8, 130, 'gr', 0);
INSERT INTO recipe_ingredient(recipe_id, ingredient_id, quantity, recipe_ingredient_description, main) VALUES(53, 272, NULL, 'A teaspoon of', 0);

INSERT INTO recipe_ingredient(recipe_id, ingredient_id, quantity, recipe_ingredient_description, main) VALUES(54, 67, 1, NULL, 1);
INSERT INTO recipe_ingredient(recipe_id, ingredient_id, quantity, recipe_ingredient_description, main) VALUES(54, 246, NULL, 'A pinch', 0);
INSERT INTO recipe_ingredient(recipe_id, ingredient_id, quantity, recipe_ingredient_description, main) VALUES(54, 6, NULL, 'A tablespoon of', 0);
INSERT INTO recipe_ingredient(recipe_id, ingredient_id, quantity, recipe_ingredient_description, main) VALUES(54, 59, NULL, 'A pinch', 0);
INSERT INTO recipe_ingredient(recipe_id, ingredient_id, quantity, recipe_ingredient_description, main) VALUES(54, 265, 310, 'gr', 0);
INSERT INTO recipe_ingredient(recipe_id, ingredient_id, quantity, recipe_ingredient_description, main) VALUES(54, 107, NULL, 'A tablespoon of', 0);
INSERT INTO recipe_ingredient(recipe_id, ingredient_id, quantity, recipe_ingredient_description, main) VALUES(54, 215, NULL, 'Few', 0);
INSERT INTO recipe_ingredient(recipe_id, ingredient_id, quantity, recipe_ingredient_description, main) VALUES(54, 200, NULL, 'A tablespoon of', 0);
INSERT INTO recipe_ingredient(recipe_id, ingredient_id, quantity, recipe_ingredient_description, main) VALUES(54, 273, NULL, 'A pinch', 0);
INSERT INTO recipe_ingredient(recipe_id, ingredient_id, quantity, recipe_ingredient_description, main) VALUES(54, 134, 4, NULL, 0);
INSERT INTO recipe_ingredient(recipe_id, ingredient_id, quantity, recipe_ingredient_description, main) VALUES(54, 90, 350, 'gr', 0);
INSERT INTO recipe_ingredient(recipe_id, ingredient_id, quantity, recipe_ingredient_description, main) VALUES(54, 22, 490, 'gr', 0);
INSERT INTO recipe_ingredient(recipe_id, ingredient_id, quantity, recipe_ingredient_description, main) VALUES(54, 8, 250, 'gr', 0);
INSERT INTO recipe_ingredient(recipe_id, ingredient_id, quantity, recipe_ingredient_description, main) VALUES(54, 279, NULL, 'A teaspoon of', 0);
INSERT INTO recipe_ingredient(recipe_id, ingredient_id, quantity, recipe_ingredient_description, main) VALUES(54, 27, 190, 'gr', 0);

INSERT INTO recipe_ingredient(recipe_id, ingredient_id, quantity, recipe_ingredient_description, main) VALUES(55, 40, 1, NULL, 1);
INSERT INTO recipe_ingredient(recipe_id, ingredient_id, quantity, recipe_ingredient_description, main) VALUES(55, 150, NULL, 'A tablespoon of', 0);
INSERT INTO recipe_ingredient(recipe_id, ingredient_id, quantity, recipe_ingredient_description, main) VALUES(55, 52, NULL, 'A teaspoon of', 0);
INSERT INTO recipe_ingredient(recipe_id, ingredient_id, quantity, recipe_ingredient_description, main) VALUES(55, 55, NULL, 'Few', 0);
INSERT INTO recipe_ingredient(recipe_id, ingredient_id, quantity, recipe_ingredient_description, main) VALUES(55, 162, NULL, 'A cup', 0);
INSERT INTO recipe_ingredient(recipe_id, ingredient_id, quantity, recipe_ingredient_description, main) VALUES(55, 103, NULL, 'Few', 0);
INSERT INTO recipe_ingredient(recipe_id, ingredient_id, quantity, recipe_ingredient_description, main) VALUES(55, 274, NULL, 'A tablespoon of', 0);
INSERT INTO recipe_ingredient(recipe_id, ingredient_id, quantity, recipe_ingredient_description, main) VALUES(55, 94, 550, 'ml', 0);
INSERT INTO recipe_ingredient(recipe_id, ingredient_id, quantity, recipe_ingredient_description, main) VALUES(55, 67, NULL, 'A pinch', 0);
INSERT INTO recipe_ingredient(recipe_id, ingredient_id, quantity, recipe_ingredient_description, main) VALUES(55, 88, 3, NULL, 0);
INSERT INTO recipe_ingredient(recipe_id, ingredient_id, quantity, recipe_ingredient_description, main) VALUES(55, 157, 630, 'gr', 0);
INSERT INTO recipe_ingredient(recipe_id, ingredient_id, quantity, recipe_ingredient_description, main) VALUES(55, 20, NULL, 'A teaspoon of', 0);
INSERT INTO recipe_ingredient(recipe_id, ingredient_id, quantity, recipe_ingredient_description, main) VALUES(55, 145, 230, 'gr', 0);
INSERT INTO recipe_ingredient(recipe_id, ingredient_id, quantity, recipe_ingredient_description, main) VALUES(55, 59, NULL, 'A little', 0);
INSERT INTO recipe_ingredient(recipe_id, ingredient_id, quantity, recipe_ingredient_description, main) VALUES(55, 8, NULL, 'A tablespoon of', 0);

INSERT INTO recipe_ingredient(recipe_id, ingredient_id, quantity, recipe_ingredient_description, main) VALUES(56, 113, 1, NULL, 1);
INSERT INTO recipe_ingredient(recipe_id, ingredient_id, quantity, recipe_ingredient_description, main) VALUES(56, 239, 650, 'ml', 0);
INSERT INTO recipe_ingredient(recipe_id, ingredient_id, quantity, recipe_ingredient_description, main) VALUES(56, 42, NULL, 'A teaspoon of', 0);
INSERT INTO recipe_ingredient(recipe_id, ingredient_id, quantity, recipe_ingredient_description, main) VALUES(56, 111, NULL, 'A tablespoon of', 0);
INSERT INTO recipe_ingredient(recipe_id, ingredient_id, quantity, recipe_ingredient_description, main) VALUES(56, 222, NULL, 'A tablespoon of', 0);
INSERT INTO recipe_ingredient(recipe_id, ingredient_id, quantity, recipe_ingredient_description, main) VALUES(56, 41, NULL, 'A pinch', 0);
INSERT INTO recipe_ingredient(recipe_id, ingredient_id, quantity, recipe_ingredient_description, main) VALUES(56, 43, NULL, 'A cup', 0);
INSERT INTO recipe_ingredient(recipe_id, ingredient_id, quantity, recipe_ingredient_description, main) VALUES(56, 147, 7, NULL, 0);

INSERT INTO recipe_ingredient(recipe_id, ingredient_id, quantity, recipe_ingredient_description, main) VALUES(57, 94, 1, NULL, 1);
INSERT INTO recipe_ingredient(recipe_id, ingredient_id, quantity, recipe_ingredient_description, main) VALUES(57, 25, NULL, 'A pinch', 0);
INSERT INTO recipe_ingredient(recipe_id, ingredient_id, quantity, recipe_ingredient_description, main) VALUES(57, 146, NULL, 'Few', 0);
INSERT INTO recipe_ingredient(recipe_id, ingredient_id, quantity, recipe_ingredient_description, main) VALUES(57, 259, NULL, 'A tablespoon of', 0);
INSERT INTO recipe_ingredient(recipe_id, ingredient_id, quantity, recipe_ingredient_description, main) VALUES(57, 252, NULL, 'A cup', 0);
INSERT INTO recipe_ingredient(recipe_id, ingredient_id, quantity, recipe_ingredient_description, main) VALUES(57, 37, NULL, 'A little', 0);
INSERT INTO recipe_ingredient(recipe_id, ingredient_id, quantity, recipe_ingredient_description, main) VALUES(57, 211, NULL, 'A little', 0);
INSERT INTO recipe_ingredient(recipe_id, ingredient_id, quantity, recipe_ingredient_description, main) VALUES(57, 74, NULL, 'A cup', 0);
INSERT INTO recipe_ingredient(recipe_id, ingredient_id, quantity, recipe_ingredient_description, main) VALUES(57, 200, NULL, 'Few', 0);
INSERT INTO recipe_ingredient(recipe_id, ingredient_id, quantity, recipe_ingredient_description, main) VALUES(57, 84, NULL, 'A little', 0);
INSERT INTO recipe_ingredient(recipe_id, ingredient_id, quantity, recipe_ingredient_description, main) VALUES(57, 155, NULL, 'A little', 0);
INSERT INTO recipe_ingredient(recipe_id, ingredient_id, quantity, recipe_ingredient_description, main) VALUES(57, 58, NULL, 'A little', 0);
INSERT INTO recipe_ingredient(recipe_id, ingredient_id, quantity, recipe_ingredient_description, main) VALUES(57, 28, NULL, 'A tablespoon of', 0);

INSERT INTO recipe_ingredient(recipe_id, ingredient_id, quantity, recipe_ingredient_description, main) VALUES(58, 167, 1, NULL, 1);
INSERT INTO recipe_ingredient(recipe_id, ingredient_id, quantity, recipe_ingredient_description, main) VALUES(58, 141, 8, NULL, 0);
INSERT INTO recipe_ingredient(recipe_id, ingredient_id, quantity, recipe_ingredient_description, main) VALUES(58, 77, NULL, 'A pinch', 0);
INSERT INTO recipe_ingredient(recipe_id, ingredient_id, quantity, recipe_ingredient_description, main) VALUES(58, 120, 4, NULL, 0);
INSERT INTO recipe_ingredient(recipe_id, ingredient_id, quantity, recipe_ingredient_description, main) VALUES(58, 58, 5, NULL, 0);
INSERT INTO recipe_ingredient(recipe_id, ingredient_id, quantity, recipe_ingredient_description, main) VALUES(58, 70, NULL, 'A teaspoon of', 0);
INSERT INTO recipe_ingredient(recipe_id, ingredient_id, quantity, recipe_ingredient_description, main) VALUES(58, 89, 4, NULL, 0);

INSERT INTO recipe_ingredient(recipe_id, ingredient_id, quantity, recipe_ingredient_description, main) VALUES(59, 273, 1, NULL, 1);
INSERT INTO recipe_ingredient(recipe_id, ingredient_id, quantity, recipe_ingredient_description, main) VALUES(59, 223, NULL, 'A cup', 0);
INSERT INTO recipe_ingredient(recipe_id, ingredient_id, quantity, recipe_ingredient_description, main) VALUES(59, 231, 590, 'ml', 0);
INSERT INTO recipe_ingredient(recipe_id, ingredient_id, quantity, recipe_ingredient_description, main) VALUES(59, 237, NULL, 'A pinch', 0);
INSERT INTO recipe_ingredient(recipe_id, ingredient_id, quantity, recipe_ingredient_description, main) VALUES(59, 105, 230, 'ml', 0);
INSERT INTO recipe_ingredient(recipe_id, ingredient_id, quantity, recipe_ingredient_description, main) VALUES(59, 40, NULL, 'A teaspoon of', 0);
INSERT INTO recipe_ingredient(recipe_id, ingredient_id, quantity, recipe_ingredient_description, main) VALUES(59, 155, 430, 'gr', 0);
INSERT INTO recipe_ingredient(recipe_id, ingredient_id, quantity, recipe_ingredient_description, main) VALUES(59, 289, 270, 'ml', 0);
INSERT INTO recipe_ingredient(recipe_id, ingredient_id, quantity, recipe_ingredient_description, main) VALUES(59, 87, NULL, 'Few', 0);
INSERT INTO recipe_ingredient(recipe_id, ingredient_id, quantity, recipe_ingredient_description, main) VALUES(59, 195, 3, NULL, 0);
INSERT INTO recipe_ingredient(recipe_id, ingredient_id, quantity, recipe_ingredient_description, main) VALUES(59, 231, 4, NULL, 0);
INSERT INTO recipe_ingredient(recipe_id, ingredient_id, quantity, recipe_ingredient_description, main) VALUES(59, 118, 350, 'gr', 0);
INSERT INTO recipe_ingredient(recipe_id, ingredient_id, quantity, recipe_ingredient_description, main) VALUES(59, 64, 630, 'ml', 0);
INSERT INTO recipe_ingredient(recipe_id, ingredient_id, quantity, recipe_ingredient_description, main) VALUES(59, 208, 690, 'gr', 0);
INSERT INTO recipe_ingredient(recipe_id, ingredient_id, quantity, recipe_ingredient_description, main) VALUES(59, 205, 350, 'ml', 0);

INSERT INTO recipe_ingredient(recipe_id, ingredient_id, quantity, recipe_ingredient_description, main) VALUES(60, 157, 1, NULL, 1);
INSERT INTO recipe_ingredient(recipe_id, ingredient_id, quantity, recipe_ingredient_description, main) VALUES(60, 255, NULL, 'A tablespoon of', 0);
INSERT INTO recipe_ingredient(recipe_id, ingredient_id, quantity, recipe_ingredient_description, main) VALUES(60, 103, NULL, 'A pinch', 0);
INSERT INTO recipe_ingredient(recipe_id, ingredient_id, quantity, recipe_ingredient_description, main) VALUES(60, 202, NULL, 'A little', 0);
INSERT INTO recipe_ingredient(recipe_id, ingredient_id, quantity, recipe_ingredient_description, main) VALUES(60, 96, NULL, 'Few', 0);
INSERT INTO recipe_ingredient(recipe_id, ingredient_id, quantity, recipe_ingredient_description, main) VALUES(60, 90, 510, 'gr', 0);
INSERT INTO recipe_ingredient(recipe_id, ingredient_id, quantity, recipe_ingredient_description, main) VALUES(60, 7, NULL, 'A tablespoon of', 0);
INSERT INTO recipe_ingredient(recipe_id, ingredient_id, quantity, recipe_ingredient_description, main) VALUES(60, 291, 310, 'gr', 0);
INSERT INTO recipe_ingredient(recipe_id, ingredient_id, quantity, recipe_ingredient_description, main) VALUES(60, 186, 6, NULL, 0);
INSERT INTO recipe_ingredient(recipe_id, ingredient_id, quantity, recipe_ingredient_description, main) VALUES(60, 19, NULL, 'A little', 0);
INSERT INTO recipe_ingredient(recipe_id, ingredient_id, quantity, recipe_ingredient_description, main) VALUES(60, 90, NULL, 'A tablespoon of', 0);
INSERT INTO recipe_ingredient(recipe_id, ingredient_id, quantity, recipe_ingredient_description, main) VALUES(60, 76, 3, NULL, 0);

INSERT INTO recipe_ingredient(recipe_id, ingredient_id, quantity, recipe_ingredient_description, main) VALUES(61, 43, 1, NULL, 1);
INSERT INTO recipe_ingredient(recipe_id, ingredient_id, quantity, recipe_ingredient_description, main) VALUES(61, 48, 530, 'gr', 0);
INSERT INTO recipe_ingredient(recipe_id, ingredient_id, quantity, recipe_ingredient_description, main) VALUES(61, 78, NULL, 'A cup', 0);
INSERT INTO recipe_ingredient(recipe_id, ingredient_id, quantity, recipe_ingredient_description, main) VALUES(61, 147, NULL, 'Few', 0);
INSERT INTO recipe_ingredient(recipe_id, ingredient_id, quantity, recipe_ingredient_description, main) VALUES(61, 229, NULL, 'A cup', 0);
INSERT INTO recipe_ingredient(recipe_id, ingredient_id, quantity, recipe_ingredient_description, main) VALUES(61, 124, NULL, 'A teaspoon of', 0);

INSERT INTO recipe_ingredient(recipe_id, ingredient_id, quantity, recipe_ingredient_description, main) VALUES(62, 86, 1, NULL, 1);
INSERT INTO recipe_ingredient(recipe_id, ingredient_id, quantity, recipe_ingredient_description, main) VALUES(62, 162, 670, 'ml', 0);
INSERT INTO recipe_ingredient(recipe_id, ingredient_id, quantity, recipe_ingredient_description, main) VALUES(62, 133, 7, NULL, 0);
INSERT INTO recipe_ingredient(recipe_id, ingredient_id, quantity, recipe_ingredient_description, main) VALUES(62, 115, NULL, 'A pinch', 0);
INSERT INTO recipe_ingredient(recipe_id, ingredient_id, quantity, recipe_ingredient_description, main) VALUES(62, 267, NULL, 'A little', 0);
INSERT INTO recipe_ingredient(recipe_id, ingredient_id, quantity, recipe_ingredient_description, main) VALUES(62, 18, NULL, 'Few', 0);
INSERT INTO recipe_ingredient(recipe_id, ingredient_id, quantity, recipe_ingredient_description, main) VALUES(62, 66, 170, 'gr', 0);
INSERT INTO recipe_ingredient(recipe_id, ingredient_id, quantity, recipe_ingredient_description, main) VALUES(62, 204, NULL, 'A cup', 0);
INSERT INTO recipe_ingredient(recipe_id, ingredient_id, quantity, recipe_ingredient_description, main) VALUES(62, 201, NULL, 'A tablespoon of', 0);
INSERT INTO recipe_ingredient(recipe_id, ingredient_id, quantity, recipe_ingredient_description, main) VALUES(62, 236, 210, 'gr', 0);
INSERT INTO recipe_ingredient(recipe_id, ingredient_id, quantity, recipe_ingredient_description, main) VALUES(62, 134, NULL, 'A teaspoon of', 0);
INSERT INTO recipe_ingredient(recipe_id, ingredient_id, quantity, recipe_ingredient_description, main) VALUES(62, 295, NULL, 'Few', 0);
INSERT INTO recipe_ingredient(recipe_id, ingredient_id, quantity, recipe_ingredient_description, main) VALUES(62, 243, 690, 'ml', 0);
INSERT INTO recipe_ingredient(recipe_id, ingredient_id, quantity, recipe_ingredient_description, main) VALUES(62, 161, NULL, 'A teaspoon of', 0);
INSERT INTO recipe_ingredient(recipe_id, ingredient_id, quantity, recipe_ingredient_description, main) VALUES(62, 211, NULL, 'A tablespoon of', 0);

INSERT INTO recipe_ingredient(recipe_id, ingredient_id, quantity, recipe_ingredient_description, main) VALUES(63, 283, 1, NULL, 1);
INSERT INTO recipe_ingredient(recipe_id, ingredient_id, quantity, recipe_ingredient_description, main) VALUES(63, 287, NULL, 'A pinch', 0);
INSERT INTO recipe_ingredient(recipe_id, ingredient_id, quantity, recipe_ingredient_description, main) VALUES(63, 92, NULL, 'A cup', 0);
INSERT INTO recipe_ingredient(recipe_id, ingredient_id, quantity, recipe_ingredient_description, main) VALUES(63, 235, NULL, 'Few', 0);
INSERT INTO recipe_ingredient(recipe_id, ingredient_id, quantity, recipe_ingredient_description, main) VALUES(63, 149, NULL, 'A teaspoon of', 0);
INSERT INTO recipe_ingredient(recipe_id, ingredient_id, quantity, recipe_ingredient_description, main) VALUES(63, 273, NULL, 'A tablespoon of', 0);
INSERT INTO recipe_ingredient(recipe_id, ingredient_id, quantity, recipe_ingredient_description, main) VALUES(63, 129, NULL, 'A pinch', 0);
INSERT INTO recipe_ingredient(recipe_id, ingredient_id, quantity, recipe_ingredient_description, main) VALUES(63, 14, NULL, 'Few', 0);
INSERT INTO recipe_ingredient(recipe_id, ingredient_id, quantity, recipe_ingredient_description, main) VALUES(63, 268, NULL, 'A tablespoon of', 0);
INSERT INTO recipe_ingredient(recipe_id, ingredient_id, quantity, recipe_ingredient_description, main) VALUES(63, 238, 7, NULL, 0);
INSERT INTO recipe_ingredient(recipe_id, ingredient_id, quantity, recipe_ingredient_description, main) VALUES(63, 176, NULL, 'A teaspoon of', 0);
INSERT INTO recipe_ingredient(recipe_id, ingredient_id, quantity, recipe_ingredient_description, main) VALUES(63, 285, NULL, 'A little', 0);

INSERT INTO recipe_ingredient(recipe_id, ingredient_id, quantity, recipe_ingredient_description, main) VALUES(64, 4, 1, NULL, 1);
INSERT INTO recipe_ingredient(recipe_id, ingredient_id, quantity, recipe_ingredient_description, main) VALUES(64, 213, 7, NULL, 0);
INSERT INTO recipe_ingredient(recipe_id, ingredient_id, quantity, recipe_ingredient_description, main) VALUES(64, 155, NULL, 'A little', 0);
INSERT INTO recipe_ingredient(recipe_id, ingredient_id, quantity, recipe_ingredient_description, main) VALUES(64, 127, 530, 'ml', 0);
INSERT INTO recipe_ingredient(recipe_id, ingredient_id, quantity, recipe_ingredient_description, main) VALUES(64, 140, NULL, 'A little', 0);
INSERT INTO recipe_ingredient(recipe_id, ingredient_id, quantity, recipe_ingredient_description, main) VALUES(64, 242, 550, 'gr', 0);
INSERT INTO recipe_ingredient(recipe_id, ingredient_id, quantity, recipe_ingredient_description, main) VALUES(64, 27, 70, 'gr', 0);
INSERT INTO recipe_ingredient(recipe_id, ingredient_id, quantity, recipe_ingredient_description, main) VALUES(64, 18, NULL, 'A pinch', 0);
INSERT INTO recipe_ingredient(recipe_id, ingredient_id, quantity, recipe_ingredient_description, main) VALUES(64, 235, 610, 'gr', 0);
INSERT INTO recipe_ingredient(recipe_id, ingredient_id, quantity, recipe_ingredient_description, main) VALUES(64, 68, NULL, 'A cup', 0);
INSERT INTO recipe_ingredient(recipe_id, ingredient_id, quantity, recipe_ingredient_description, main) VALUES(64, 30, NULL, 'Few', 0);
INSERT INTO recipe_ingredient(recipe_id, ingredient_id, quantity, recipe_ingredient_description, main) VALUES(64, 231, NULL, 'A tablespoon of', 0);
INSERT INTO recipe_ingredient(recipe_id, ingredient_id, quantity, recipe_ingredient_description, main) VALUES(64, 36, 6, NULL, 0);

INSERT INTO recipe_ingredient(recipe_id, ingredient_id, quantity, recipe_ingredient_description, main) VALUES(65, 257, 1, NULL, 1);
INSERT INTO recipe_ingredient(recipe_id, ingredient_id, quantity, recipe_ingredient_description, main) VALUES(65, 17, 170, 'ml', 0);
INSERT INTO recipe_ingredient(recipe_id, ingredient_id, quantity, recipe_ingredient_description, main) VALUES(65, 147, NULL, 'A cup', 0);
INSERT INTO recipe_ingredient(recipe_id, ingredient_id, quantity, recipe_ingredient_description, main) VALUES(65, 114, NULL, 'A little', 0);
INSERT INTO recipe_ingredient(recipe_id, ingredient_id, quantity, recipe_ingredient_description, main) VALUES(65, 132, NULL, 'Few', 0);
INSERT INTO recipe_ingredient(recipe_id, ingredient_id, quantity, recipe_ingredient_description, main) VALUES(65, 100, 270, 'ml', 0);

INSERT INTO recipe_ingredient(recipe_id, ingredient_id, quantity, recipe_ingredient_description, main) VALUES(66, 220, 1, NULL, 1);
INSERT INTO recipe_ingredient(recipe_id, ingredient_id, quantity, recipe_ingredient_description, main) VALUES(66, 47, 3, NULL, 0);
INSERT INTO recipe_ingredient(recipe_id, ingredient_id, quantity, recipe_ingredient_description, main) VALUES(66, 297, NULL, 'A tablespoon of', 0);
INSERT INTO recipe_ingredient(recipe_id, ingredient_id, quantity, recipe_ingredient_description, main) VALUES(66, 276, NULL, 'A teaspoon of', 0);
INSERT INTO recipe_ingredient(recipe_id, ingredient_id, quantity, recipe_ingredient_description, main) VALUES(66, 25, NULL, 'A little', 0);
INSERT INTO recipe_ingredient(recipe_id, ingredient_id, quantity, recipe_ingredient_description, main) VALUES(66, 248, NULL, 'A tablespoon of', 0);
INSERT INTO recipe_ingredient(recipe_id, ingredient_id, quantity, recipe_ingredient_description, main) VALUES(66, 61, 610, 'ml', 0);
INSERT INTO recipe_ingredient(recipe_id, ingredient_id, quantity, recipe_ingredient_description, main) VALUES(66, 252, NULL, 'Few', 0);
INSERT INTO recipe_ingredient(recipe_id, ingredient_id, quantity, recipe_ingredient_description, main) VALUES(66, 87, NULL, 'Few', 0);
INSERT INTO recipe_ingredient(recipe_id, ingredient_id, quantity, recipe_ingredient_description, main) VALUES(66, 105, NULL, 'Few', 0);
INSERT INTO recipe_ingredient(recipe_id, ingredient_id, quantity, recipe_ingredient_description, main) VALUES(66, 128, NULL, 'A teaspoon of', 0);
INSERT INTO recipe_ingredient(recipe_id, ingredient_id, quantity, recipe_ingredient_description, main) VALUES(66, 19, 250, 'gr', 0);
INSERT INTO recipe_ingredient(recipe_id, ingredient_id, quantity, recipe_ingredient_description, main) VALUES(66, 281, NULL, 'A pinch', 0);
INSERT INTO recipe_ingredient(recipe_id, ingredient_id, quantity, recipe_ingredient_description, main) VALUES(66, 42, NULL, 'A teaspoon of', 0);
INSERT INTO recipe_ingredient(recipe_id, ingredient_id, quantity, recipe_ingredient_description, main) VALUES(66, 198, NULL, 'A little', 0);
INSERT INTO recipe_ingredient(recipe_id, ingredient_id, quantity, recipe_ingredient_description, main) VALUES(66, 219, NULL, 'A pinch', 0);

INSERT INTO recipe_ingredient(recipe_id, ingredient_id, quantity, recipe_ingredient_description, main) VALUES(67, 211, 1, NULL, 1);
INSERT INTO recipe_ingredient(recipe_id, ingredient_id, quantity, recipe_ingredient_description, main) VALUES(67, 87, NULL, 'A teaspoon of', 0);
INSERT INTO recipe_ingredient(recipe_id, ingredient_id, quantity, recipe_ingredient_description, main) VALUES(67, 295, NULL, 'A teaspoon of', 0);
INSERT INTO recipe_ingredient(recipe_id, ingredient_id, quantity, recipe_ingredient_description, main) VALUES(67, 176, NULL, 'A cup', 0);
INSERT INTO recipe_ingredient(recipe_id, ingredient_id, quantity, recipe_ingredient_description, main) VALUES(67, 195, NULL, 'A little', 0);
INSERT INTO recipe_ingredient(recipe_id, ingredient_id, quantity, recipe_ingredient_description, main) VALUES(67, 95, NULL, 'A cup', 0);
INSERT INTO recipe_ingredient(recipe_id, ingredient_id, quantity, recipe_ingredient_description, main) VALUES(67, 29, 550, 'gr', 0);
INSERT INTO recipe_ingredient(recipe_id, ingredient_id, quantity, recipe_ingredient_description, main) VALUES(67, 27, 290, 'ml', 0);
INSERT INTO recipe_ingredient(recipe_id, ingredient_id, quantity, recipe_ingredient_description, main) VALUES(67, 68, NULL, 'A little', 0);
INSERT INTO recipe_ingredient(recipe_id, ingredient_id, quantity, recipe_ingredient_description, main) VALUES(67, 110, NULL, 'A little', 0);
INSERT INTO recipe_ingredient(recipe_id, ingredient_id, quantity, recipe_ingredient_description, main) VALUES(67, 195, NULL, 'A little', 0);
INSERT INTO recipe_ingredient(recipe_id, ingredient_id, quantity, recipe_ingredient_description, main) VALUES(67, 111, 2, NULL, 0);
INSERT INTO recipe_ingredient(recipe_id, ingredient_id, quantity, recipe_ingredient_description, main) VALUES(67, 185, NULL, 'A teaspoon of', 0);
INSERT INTO recipe_ingredient(recipe_id, ingredient_id, quantity, recipe_ingredient_description, main) VALUES(67, 243, NULL, 'A little', 0);
INSERT INTO recipe_ingredient(recipe_id, ingredient_id, quantity, recipe_ingredient_description, main) VALUES(67, 153, 7, NULL, 0);

INSERT INTO recipe_ingredient(recipe_id, ingredient_id, quantity, recipe_ingredient_description, main) VALUES(68, 180, 1, NULL, 1);
INSERT INTO recipe_ingredient(recipe_id, ingredient_id, quantity, recipe_ingredient_description, main) VALUES(68, 183, 170, 'gr', 0);
INSERT INTO recipe_ingredient(recipe_id, ingredient_id, quantity, recipe_ingredient_description, main) VALUES(68, 196, NULL, 'A little', 0);
INSERT INTO recipe_ingredient(recipe_id, ingredient_id, quantity, recipe_ingredient_description, main) VALUES(68, 292, NULL, 'Few', 0);
INSERT INTO recipe_ingredient(recipe_id, ingredient_id, quantity, recipe_ingredient_description, main) VALUES(68, 283, NULL, 'Few', 0);
INSERT INTO recipe_ingredient(recipe_id, ingredient_id, quantity, recipe_ingredient_description, main) VALUES(68, 36, 250, 'gr', 0);
INSERT INTO recipe_ingredient(recipe_id, ingredient_id, quantity, recipe_ingredient_description, main) VALUES(68, 164, 450, 'ml', 0);
INSERT INTO recipe_ingredient(recipe_id, ingredient_id, quantity, recipe_ingredient_description, main) VALUES(68, 294, 310, 'ml', 0);

INSERT INTO recipe_ingredient(recipe_id, ingredient_id, quantity, recipe_ingredient_description, main) VALUES(69, 151, 1, NULL, 1);
INSERT INTO recipe_ingredient(recipe_id, ingredient_id, quantity, recipe_ingredient_description, main) VALUES(69, 255, 250, 'ml', 0);
INSERT INTO recipe_ingredient(recipe_id, ingredient_id, quantity, recipe_ingredient_description, main) VALUES(69, 53, 5, NULL, 0);
INSERT INTO recipe_ingredient(recipe_id, ingredient_id, quantity, recipe_ingredient_description, main) VALUES(69, 200, NULL, 'Few', 0);
INSERT INTO recipe_ingredient(recipe_id, ingredient_id, quantity, recipe_ingredient_description, main) VALUES(69, 31, NULL, 'Few', 0);
INSERT INTO recipe_ingredient(recipe_id, ingredient_id, quantity, recipe_ingredient_description, main) VALUES(69, 3, NULL, 'A little', 0);
INSERT INTO recipe_ingredient(recipe_id, ingredient_id, quantity, recipe_ingredient_description, main) VALUES(69, 188, 250, 'gr', 0);
INSERT INTO recipe_ingredient(recipe_id, ingredient_id, quantity, recipe_ingredient_description, main) VALUES(69, 206, 5, NULL, 0);
INSERT INTO recipe_ingredient(recipe_id, ingredient_id, quantity, recipe_ingredient_description, main) VALUES(69, 204, 4, NULL, 0);
INSERT INTO recipe_ingredient(recipe_id, ingredient_id, quantity, recipe_ingredient_description, main) VALUES(69, 298, 490, 'gr', 0);

INSERT INTO recipe_ingredient(recipe_id, ingredient_id, quantity, recipe_ingredient_description, main) VALUES(70, 263, 1, NULL, 1);
INSERT INTO recipe_ingredient(recipe_id, ingredient_id, quantity, recipe_ingredient_description, main) VALUES(70, 161, NULL, 'A teaspoon of', 0);
INSERT INTO recipe_ingredient(recipe_id, ingredient_id, quantity, recipe_ingredient_description, main) VALUES(70, 234, NULL, 'A tablespoon of', 0);
INSERT INTO recipe_ingredient(recipe_id, ingredient_id, quantity, recipe_ingredient_description, main) VALUES(70, 95, NULL, 'A pinch', 0);
INSERT INTO recipe_ingredient(recipe_id, ingredient_id, quantity, recipe_ingredient_description, main) VALUES(70, 139, NULL, 'A cup', 0);
INSERT INTO recipe_ingredient(recipe_id, ingredient_id, quantity, recipe_ingredient_description, main) VALUES(70, 49, NULL, 'A cup', 0);
INSERT INTO recipe_ingredient(recipe_id, ingredient_id, quantity, recipe_ingredient_description, main) VALUES(70, 31, NULL, 'A tablespoon of', 0);
INSERT INTO recipe_ingredient(recipe_id, ingredient_id, quantity, recipe_ingredient_description, main) VALUES(70, 271, 210, 'gr', 0);
INSERT INTO recipe_ingredient(recipe_id, ingredient_id, quantity, recipe_ingredient_description, main) VALUES(70, 132, NULL, 'A pinch', 0);
INSERT INTO recipe_ingredient(recipe_id, ingredient_id, quantity, recipe_ingredient_description, main) VALUES(70, 248, NULL, 'A teaspoon of', 0);
INSERT INTO recipe_ingredient(recipe_id, ingredient_id, quantity, recipe_ingredient_description, main) VALUES(70, 163, NULL, 'A teaspoon of', 0);
INSERT INTO recipe_ingredient(recipe_id, ingredient_id, quantity, recipe_ingredient_description, main) VALUES(70, 3, NULL, 'A tablespoon of', 0);
INSERT INTO recipe_ingredient(recipe_id, ingredient_id, quantity, recipe_ingredient_description, main) VALUES(70, 125, NULL, 'A little', 0);
INSERT INTO recipe_ingredient(recipe_id, ingredient_id, quantity, recipe_ingredient_description, main) VALUES(70, 185, NULL, 'A cup', 0);
INSERT INTO recipe_ingredient(recipe_id, ingredient_id, quantity, recipe_ingredient_description, main) VALUES(70, 26, 430, 'gr', 0);

INSERT INTO recipe_ingredient(recipe_id, ingredient_id, quantity, recipe_ingredient_description, main) VALUES(71, 46, 1, NULL, 1);
INSERT INTO recipe_ingredient(recipe_id, ingredient_id, quantity, recipe_ingredient_description, main) VALUES(71, 297, NULL, 'A pinch', 0);
INSERT INTO recipe_ingredient(recipe_id, ingredient_id, quantity, recipe_ingredient_description, main) VALUES(71, 207, NULL, 'Few', 0);
INSERT INTO recipe_ingredient(recipe_id, ingredient_id, quantity, recipe_ingredient_description, main) VALUES(71, 182, 5, NULL, 0);
INSERT INTO recipe_ingredient(recipe_id, ingredient_id, quantity, recipe_ingredient_description, main) VALUES(71, 246, NULL, 'Few', 0);
INSERT INTO recipe_ingredient(recipe_id, ingredient_id, quantity, recipe_ingredient_description, main) VALUES(71, 199, NULL, 'A little', 0);
INSERT INTO recipe_ingredient(recipe_id, ingredient_id, quantity, recipe_ingredient_description, main) VALUES(71, 148, 370, 'gr', 0);

INSERT INTO recipe_ingredient(recipe_id, ingredient_id, quantity, recipe_ingredient_description, main) VALUES(72, 244, 1, NULL, 1);
INSERT INTO recipe_ingredient(recipe_id, ingredient_id, quantity, recipe_ingredient_description, main) VALUES(72, 65, NULL, 'A teaspoon of', 0);
INSERT INTO recipe_ingredient(recipe_id, ingredient_id, quantity, recipe_ingredient_description, main) VALUES(72, 95, 7, NULL, 0);
INSERT INTO recipe_ingredient(recipe_id, ingredient_id, quantity, recipe_ingredient_description, main) VALUES(72, 203, NULL, 'A little', 0);
INSERT INTO recipe_ingredient(recipe_id, ingredient_id, quantity, recipe_ingredient_description, main) VALUES(72, 264, NULL, 'A pinch', 0);
INSERT INTO recipe_ingredient(recipe_id, ingredient_id, quantity, recipe_ingredient_description, main) VALUES(72, 36, NULL, 'A teaspoon of', 0);
INSERT INTO recipe_ingredient(recipe_id, ingredient_id, quantity, recipe_ingredient_description, main) VALUES(72, 107, 4, NULL, 0);

INSERT INTO recipe_ingredient(recipe_id, ingredient_id, quantity, recipe_ingredient_description, main) VALUES(73, 199, 1, NULL, 1);
INSERT INTO recipe_ingredient(recipe_id, ingredient_id, quantity, recipe_ingredient_description, main) VALUES(73, 196, NULL, 'A cup', 0);
INSERT INTO recipe_ingredient(recipe_id, ingredient_id, quantity, recipe_ingredient_description, main) VALUES(73, 187, 170, 'ml', 0);
INSERT INTO recipe_ingredient(recipe_id, ingredient_id, quantity, recipe_ingredient_description, main) VALUES(73, 44, 70, 'gr', 0);
INSERT INTO recipe_ingredient(recipe_id, ingredient_id, quantity, recipe_ingredient_description, main) VALUES(73, 17, NULL, 'Few', 0);
INSERT INTO recipe_ingredient(recipe_id, ingredient_id, quantity, recipe_ingredient_description, main) VALUES(73, 42, NULL, 'A pinch', 0);
INSERT INTO recipe_ingredient(recipe_id, ingredient_id, quantity, recipe_ingredient_description, main) VALUES(73, 29, NULL, 'A cup', 0);
INSERT INTO recipe_ingredient(recipe_id, ingredient_id, quantity, recipe_ingredient_description, main) VALUES(73, 201, NULL, 'Few', 0);
INSERT INTO recipe_ingredient(recipe_id, ingredient_id, quantity, recipe_ingredient_description, main) VALUES(73, 162, NULL, 'A pinch', 0);

INSERT INTO recipe_ingredient(recipe_id, ingredient_id, quantity, recipe_ingredient_description, main) VALUES(74, 116, 1, NULL, 1);
INSERT INTO recipe_ingredient(recipe_id, ingredient_id, quantity, recipe_ingredient_description, main) VALUES(74, 73, 470, 'ml', 0);
INSERT INTO recipe_ingredient(recipe_id, ingredient_id, quantity, recipe_ingredient_description, main) VALUES(74, 107, 7, NULL, 0);
INSERT INTO recipe_ingredient(recipe_id, ingredient_id, quantity, recipe_ingredient_description, main) VALUES(74, 115, NULL, 'A pinch', 0);
INSERT INTO recipe_ingredient(recipe_id, ingredient_id, quantity, recipe_ingredient_description, main) VALUES(74, 62, 210, 'ml', 0);
INSERT INTO recipe_ingredient(recipe_id, ingredient_id, quantity, recipe_ingredient_description, main) VALUES(74, 203, 170, 'gr', 0);
INSERT INTO recipe_ingredient(recipe_id, ingredient_id, quantity, recipe_ingredient_description, main) VALUES(74, 171, NULL, 'Few', 0);

INSERT INTO recipe_ingredient(recipe_id, ingredient_id, quantity, recipe_ingredient_description, main) VALUES(75, 268, 1, NULL, 1);
INSERT INTO recipe_ingredient(recipe_id, ingredient_id, quantity, recipe_ingredient_description, main) VALUES(75, 140, NULL, 'A pinch', 0);
INSERT INTO recipe_ingredient(recipe_id, ingredient_id, quantity, recipe_ingredient_description, main) VALUES(75, 247, 5, NULL, 0);
INSERT INTO recipe_ingredient(recipe_id, ingredient_id, quantity, recipe_ingredient_description, main) VALUES(75, 264, NULL, 'Few', 0);
INSERT INTO recipe_ingredient(recipe_id, ingredient_id, quantity, recipe_ingredient_description, main) VALUES(75, 260, NULL, 'A tablespoon of', 0);
INSERT INTO recipe_ingredient(recipe_id, ingredient_id, quantity, recipe_ingredient_description, main) VALUES(75, 275, NULL, 'A cup', 0);
INSERT INTO recipe_ingredient(recipe_id, ingredient_id, quantity, recipe_ingredient_description, main) VALUES(75, 240, 410, 'ml', 0);
INSERT INTO recipe_ingredient(recipe_id, ingredient_id, quantity, recipe_ingredient_description, main) VALUES(75, 74, NULL, 'A teaspoon of', 0);
INSERT INTO recipe_ingredient(recipe_id, ingredient_id, quantity, recipe_ingredient_description, main) VALUES(75, 141, NULL, 'A little', 0);
INSERT INTO recipe_ingredient(recipe_id, ingredient_id, quantity, recipe_ingredient_description, main) VALUES(75, 188, NULL, 'A teaspoon of', 0);
INSERT INTO recipe_ingredient(recipe_id, ingredient_id, quantity, recipe_ingredient_description, main) VALUES(75, 65, NULL, 'A teaspoon of', 0);
INSERT INTO recipe_ingredient(recipe_id, ingredient_id, quantity, recipe_ingredient_description, main) VALUES(75, 194, NULL, 'Few', 0);
INSERT INTO recipe_ingredient(recipe_id, ingredient_id, quantity, recipe_ingredient_description, main) VALUES(75, 181, 110, 'gr', 0);
INSERT INTO recipe_ingredient(recipe_id, ingredient_id, quantity, recipe_ingredient_description, main) VALUES(75, 215, NULL, 'A teaspoon of', 0);
INSERT INTO recipe_ingredient(recipe_id, ingredient_id, quantity, recipe_ingredient_description, main) VALUES(75, 134, NULL, 'A pinch', 0);

INSERT INTO recipe_ingredient(recipe_id, ingredient_id, quantity, recipe_ingredient_description, main) VALUES(76, 164, 1, NULL, 1);
INSERT INTO recipe_ingredient(recipe_id, ingredient_id, quantity, recipe_ingredient_description, main) VALUES(76, 66, 4, NULL, 0);
INSERT INTO recipe_ingredient(recipe_id, ingredient_id, quantity, recipe_ingredient_description, main) VALUES(76, 222, NULL, 'Few', 0);
INSERT INTO recipe_ingredient(recipe_id, ingredient_id, quantity, recipe_ingredient_description, main) VALUES(76, 21, 370, 'ml', 0);
INSERT INTO recipe_ingredient(recipe_id, ingredient_id, quantity, recipe_ingredient_description, main) VALUES(76, 62, NULL, 'A teaspoon of', 0);
INSERT INTO recipe_ingredient(recipe_id, ingredient_id, quantity, recipe_ingredient_description, main) VALUES(76, 83, NULL, 'A little', 0);
INSERT INTO recipe_ingredient(recipe_id, ingredient_id, quantity, recipe_ingredient_description, main) VALUES(76, 111, NULL, 'Few', 0);
INSERT INTO recipe_ingredient(recipe_id, ingredient_id, quantity, recipe_ingredient_description, main) VALUES(76, 234, NULL, 'Few', 0);
INSERT INTO recipe_ingredient(recipe_id, ingredient_id, quantity, recipe_ingredient_description, main) VALUES(76, 230, NULL, 'A little', 0);
INSERT INTO recipe_ingredient(recipe_id, ingredient_id, quantity, recipe_ingredient_description, main) VALUES(76, 122, NULL, 'A pinch', 0);
INSERT INTO recipe_ingredient(recipe_id, ingredient_id, quantity, recipe_ingredient_description, main) VALUES(76, 296, NULL, 'A little', 0);
INSERT INTO recipe_ingredient(recipe_id, ingredient_id, quantity, recipe_ingredient_description, main) VALUES(76, 128, NULL, 'Few', 0);
INSERT INTO recipe_ingredient(recipe_id, ingredient_id, quantity, recipe_ingredient_description, main) VALUES(76, 141, NULL, 'A teaspoon of', 0);
INSERT INTO recipe_ingredient(recipe_id, ingredient_id, quantity, recipe_ingredient_description, main) VALUES(76, 64, NULL, 'A teaspoon of', 0);

INSERT INTO recipe_ingredient(recipe_id, ingredient_id, quantity, recipe_ingredient_description, main) VALUES(77, 87, 1, NULL, 1);
INSERT INTO recipe_ingredient(recipe_id, ingredient_id, quantity, recipe_ingredient_description, main) VALUES(77, 23, 4, NULL, 0);
INSERT INTO recipe_ingredient(recipe_id, ingredient_id, quantity, recipe_ingredient_description, main) VALUES(77, 89, NULL, 'Few', 0);
INSERT INTO recipe_ingredient(recipe_id, ingredient_id, quantity, recipe_ingredient_description, main) VALUES(77, 83, NULL, 'A pinch', 0);
INSERT INTO recipe_ingredient(recipe_id, ingredient_id, quantity, recipe_ingredient_description, main) VALUES(77, 30, NULL, 'A pinch', 0);
INSERT INTO recipe_ingredient(recipe_id, ingredient_id, quantity, recipe_ingredient_description, main) VALUES(77, 121, NULL, 'A little', 0);
INSERT INTO recipe_ingredient(recipe_id, ingredient_id, quantity, recipe_ingredient_description, main) VALUES(77, 98, NULL, 'A tablespoon of', 0);
INSERT INTO recipe_ingredient(recipe_id, ingredient_id, quantity, recipe_ingredient_description, main) VALUES(77, 158, 7, NULL, 0);
INSERT INTO recipe_ingredient(recipe_id, ingredient_id, quantity, recipe_ingredient_description, main) VALUES(77, 167, 6, NULL, 0);
INSERT INTO recipe_ingredient(recipe_id, ingredient_id, quantity, recipe_ingredient_description, main) VALUES(77, 34, NULL, 'Few', 0);
INSERT INTO recipe_ingredient(recipe_id, ingredient_id, quantity, recipe_ingredient_description, main) VALUES(77, 235, 550, 'gr', 0);
INSERT INTO recipe_ingredient(recipe_id, ingredient_id, quantity, recipe_ingredient_description, main) VALUES(77, 265, NULL, 'A cup', 0);
INSERT INTO recipe_ingredient(recipe_id, ingredient_id, quantity, recipe_ingredient_description, main) VALUES(77, 64, 2, NULL, 0);
INSERT INTO recipe_ingredient(recipe_id, ingredient_id, quantity, recipe_ingredient_description, main) VALUES(77, 92, NULL, 'Few', 0);
INSERT INTO recipe_ingredient(recipe_id, ingredient_id, quantity, recipe_ingredient_description, main) VALUES(77, 159, NULL, 'A tablespoon of', 0);
INSERT INTO recipe_ingredient(recipe_id, ingredient_id, quantity, recipe_ingredient_description, main) VALUES(77, 94, NULL, 'A pinch', 0);

INSERT INTO recipe_ingredient(recipe_id, ingredient_id, quantity, recipe_ingredient_description, main) VALUES(78, 143, 1, NULL, 1);
INSERT INTO recipe_ingredient(recipe_id, ingredient_id, quantity, recipe_ingredient_description, main) VALUES(78, 226, NULL, 'A teaspoon of', 0);
INSERT INTO recipe_ingredient(recipe_id, ingredient_id, quantity, recipe_ingredient_description, main) VALUES(78, 13, NULL, 'A pinch', 0);
INSERT INTO recipe_ingredient(recipe_id, ingredient_id, quantity, recipe_ingredient_description, main) VALUES(78, 108, NULL, 'A teaspoon of', 0);
INSERT INTO recipe_ingredient(recipe_id, ingredient_id, quantity, recipe_ingredient_description, main) VALUES(78, 242, NULL, 'A pinch', 0);
INSERT INTO recipe_ingredient(recipe_id, ingredient_id, quantity, recipe_ingredient_description, main) VALUES(78, 16, NULL, 'A cup', 0);
INSERT INTO recipe_ingredient(recipe_id, ingredient_id, quantity, recipe_ingredient_description, main) VALUES(78, 96, 330, 'ml', 0);
INSERT INTO recipe_ingredient(recipe_id, ingredient_id, quantity, recipe_ingredient_description, main) VALUES(78, 155, 330, 'gr', 0);
INSERT INTO recipe_ingredient(recipe_id, ingredient_id, quantity, recipe_ingredient_description, main) VALUES(78, 238, 690, 'gr', 0);
INSERT INTO recipe_ingredient(recipe_id, ingredient_id, quantity, recipe_ingredient_description, main) VALUES(78, 93, 5, NULL, 0);
INSERT INTO recipe_ingredient(recipe_id, ingredient_id, quantity, recipe_ingredient_description, main) VALUES(78, 31, NULL, 'A teaspoon of', 0);
INSERT INTO recipe_ingredient(recipe_id, ingredient_id, quantity, recipe_ingredient_description, main) VALUES(78, 58, NULL, 'A pinch', 0);
INSERT INTO recipe_ingredient(recipe_id, ingredient_id, quantity, recipe_ingredient_description, main) VALUES(78, 264, NULL, 'A pinch', 0);
INSERT INTO recipe_ingredient(recipe_id, ingredient_id, quantity, recipe_ingredient_description, main) VALUES(78, 232, NULL, 'A pinch', 0);

INSERT INTO recipe_ingredient(recipe_id, ingredient_id, quantity, recipe_ingredient_description, main) VALUES(79, 258, 1, NULL, 1);
INSERT INTO recipe_ingredient(recipe_id, ingredient_id, quantity, recipe_ingredient_description, main) VALUES(79, 104, NULL, 'A teaspoon of', 0);
INSERT INTO recipe_ingredient(recipe_id, ingredient_id, quantity, recipe_ingredient_description, main) VALUES(79, 47, 510, 'gr', 0);
INSERT INTO recipe_ingredient(recipe_id, ingredient_id, quantity, recipe_ingredient_description, main) VALUES(79, 274, NULL, 'A teaspoon of', 0);
INSERT INTO recipe_ingredient(recipe_id, ingredient_id, quantity, recipe_ingredient_description, main) VALUES(79, 104, NULL, 'A cup', 0);
INSERT INTO recipe_ingredient(recipe_id, ingredient_id, quantity, recipe_ingredient_description, main) VALUES(79, 145, NULL, 'A pinch', 0);
INSERT INTO recipe_ingredient(recipe_id, ingredient_id, quantity, recipe_ingredient_description, main) VALUES(79, 231, NULL, 'A cup', 0);
INSERT INTO recipe_ingredient(recipe_id, ingredient_id, quantity, recipe_ingredient_description, main) VALUES(79, 242, 490, 'ml', 0);

INSERT INTO recipe_ingredient(recipe_id, ingredient_id, quantity, recipe_ingredient_description, main) VALUES(80, 271, 1, NULL, 1);
INSERT INTO recipe_ingredient(recipe_id, ingredient_id, quantity, recipe_ingredient_description, main) VALUES(80, 62, NULL, 'Few', 0);
INSERT INTO recipe_ingredient(recipe_id, ingredient_id, quantity, recipe_ingredient_description, main) VALUES(80, 167, NULL, 'A pinch', 0);
INSERT INTO recipe_ingredient(recipe_id, ingredient_id, quantity, recipe_ingredient_description, main) VALUES(80, 264, NULL, 'Few', 0);
INSERT INTO recipe_ingredient(recipe_id, ingredient_id, quantity, recipe_ingredient_description, main) VALUES(80, 266, NULL, 'A little', 0);
INSERT INTO recipe_ingredient(recipe_id, ingredient_id, quantity, recipe_ingredient_description, main) VALUES(80, 11, NULL, 'A tablespoon of', 0);
INSERT INTO recipe_ingredient(recipe_id, ingredient_id, quantity, recipe_ingredient_description, main) VALUES(80, 71, NULL, 'A teaspoon of', 0);
INSERT INTO recipe_ingredient(recipe_id, ingredient_id, quantity, recipe_ingredient_description, main) VALUES(80, 130, NULL, 'A teaspoon of', 0);
INSERT INTO recipe_ingredient(recipe_id, ingredient_id, quantity, recipe_ingredient_description, main) VALUES(80, 264, NULL, 'A little', 0);

INSERT INTO recipe_ingredient(recipe_id, ingredient_id, quantity, recipe_ingredient_description, main) VALUES(81, 44, 1, NULL, 1);
INSERT INTO recipe_ingredient(recipe_id, ingredient_id, quantity, recipe_ingredient_description, main) VALUES(81, 255, NULL, 'A teaspoon of', 0);
INSERT INTO recipe_ingredient(recipe_id, ingredient_id, quantity, recipe_ingredient_description, main) VALUES(81, 131, NULL, 'Few', 0);
INSERT INTO recipe_ingredient(recipe_id, ingredient_id, quantity, recipe_ingredient_description, main) VALUES(81, 52, 470, 'ml', 0);
INSERT INTO recipe_ingredient(recipe_id, ingredient_id, quantity, recipe_ingredient_description, main) VALUES(81, 38, 570, 'gr', 0);
INSERT INTO recipe_ingredient(recipe_id, ingredient_id, quantity, recipe_ingredient_description, main) VALUES(81, 247, NULL, 'A little', 0);
INSERT INTO recipe_ingredient(recipe_id, ingredient_id, quantity, recipe_ingredient_description, main) VALUES(81, 13, NULL, 'A little', 0);
INSERT INTO recipe_ingredient(recipe_id, ingredient_id, quantity, recipe_ingredient_description, main) VALUES(81, 210, NULL, 'A tablespoon of', 0);
INSERT INTO recipe_ingredient(recipe_id, ingredient_id, quantity, recipe_ingredient_description, main) VALUES(81, 144, NULL, 'A cup', 0);
INSERT INTO recipe_ingredient(recipe_id, ingredient_id, quantity, recipe_ingredient_description, main) VALUES(81, 4, 8, NULL, 0);
INSERT INTO recipe_ingredient(recipe_id, ingredient_id, quantity, recipe_ingredient_description, main) VALUES(81, 114, NULL, 'A cup', 0);
INSERT INTO recipe_ingredient(recipe_id, ingredient_id, quantity, recipe_ingredient_description, main) VALUES(81, 44, NULL, 'A cup', 0);
INSERT INTO recipe_ingredient(recipe_id, ingredient_id, quantity, recipe_ingredient_description, main) VALUES(81, 274, NULL, 'A teaspoon of', 0);
INSERT INTO recipe_ingredient(recipe_id, ingredient_id, quantity, recipe_ingredient_description, main) VALUES(81, 24, NULL, 'Few', 0);
INSERT INTO recipe_ingredient(recipe_id, ingredient_id, quantity, recipe_ingredient_description, main) VALUES(81, 248, NULL, 'A little', 0);

INSERT INTO recipe_ingredient(recipe_id, ingredient_id, quantity, recipe_ingredient_description, main) VALUES(82, 235, 1, NULL, 1);
INSERT INTO recipe_ingredient(recipe_id, ingredient_id, quantity, recipe_ingredient_description, main) VALUES(82, 298, NULL, 'A tablespoon of', 0);
INSERT INTO recipe_ingredient(recipe_id, ingredient_id, quantity, recipe_ingredient_description, main) VALUES(82, 265, NULL, 'Few', 0);
INSERT INTO recipe_ingredient(recipe_id, ingredient_id, quantity, recipe_ingredient_description, main) VALUES(82, 174, NULL, 'A teaspoon of', 0);
INSERT INTO recipe_ingredient(recipe_id, ingredient_id, quantity, recipe_ingredient_description, main) VALUES(82, 241, 6, NULL, 0);
INSERT INTO recipe_ingredient(recipe_id, ingredient_id, quantity, recipe_ingredient_description, main) VALUES(82, 173, NULL, 'A teaspoon of', 0);
INSERT INTO recipe_ingredient(recipe_id, ingredient_id, quantity, recipe_ingredient_description, main) VALUES(82, 223, NULL, 'A little', 0);
INSERT INTO recipe_ingredient(recipe_id, ingredient_id, quantity, recipe_ingredient_description, main) VALUES(82, 190, 410, 'ml', 0);
INSERT INTO recipe_ingredient(recipe_id, ingredient_id, quantity, recipe_ingredient_description, main) VALUES(82, 258, NULL, 'A tablespoon of', 0);
INSERT INTO recipe_ingredient(recipe_id, ingredient_id, quantity, recipe_ingredient_description, main) VALUES(82, 138, NULL, 'A cup', 0);
INSERT INTO recipe_ingredient(recipe_id, ingredient_id, quantity, recipe_ingredient_description, main) VALUES(82, 258, NULL, 'A little', 0);
INSERT INTO recipe_ingredient(recipe_id, ingredient_id, quantity, recipe_ingredient_description, main) VALUES(82, 118, NULL, 'A cup', 0);
INSERT INTO recipe_ingredient(recipe_id, ingredient_id, quantity, recipe_ingredient_description, main) VALUES(82, 221, 2, NULL, 0);
INSERT INTO recipe_ingredient(recipe_id, ingredient_id, quantity, recipe_ingredient_description, main) VALUES(82, 13, 150, 'ml', 0);

INSERT INTO recipe_ingredient(recipe_id, ingredient_id, quantity, recipe_ingredient_description, main) VALUES(83, 97, 1, NULL, 1);
INSERT INTO recipe_ingredient(recipe_id, ingredient_id, quantity, recipe_ingredient_description, main) VALUES(83, 220, NULL, 'A teaspoon of', 0);
INSERT INTO recipe_ingredient(recipe_id, ingredient_id, quantity, recipe_ingredient_description, main) VALUES(83, 235, NULL, 'A tablespoon of', 0);
INSERT INTO recipe_ingredient(recipe_id, ingredient_id, quantity, recipe_ingredient_description, main) VALUES(83, 23, NULL, 'A pinch', 0);
INSERT INTO recipe_ingredient(recipe_id, ingredient_id, quantity, recipe_ingredient_description, main) VALUES(83, 184, 8, NULL, 0);
INSERT INTO recipe_ingredient(recipe_id, ingredient_id, quantity, recipe_ingredient_description, main) VALUES(83, 150, NULL, 'A little', 0);
INSERT INTO recipe_ingredient(recipe_id, ingredient_id, quantity, recipe_ingredient_description, main) VALUES(83, 119, NULL, 'Few', 0);
INSERT INTO recipe_ingredient(recipe_id, ingredient_id, quantity, recipe_ingredient_description, main) VALUES(83, 130, NULL, 'A teaspoon of', 0);
INSERT INTO recipe_ingredient(recipe_id, ingredient_id, quantity, recipe_ingredient_description, main) VALUES(83, 224, 7, NULL, 0);
INSERT INTO recipe_ingredient(recipe_id, ingredient_id, quantity, recipe_ingredient_description, main) VALUES(83, 207, 430, 'ml', 0);
INSERT INTO recipe_ingredient(recipe_id, ingredient_id, quantity, recipe_ingredient_description, main) VALUES(83, 97, NULL, 'A pinch', 0);
INSERT INTO recipe_ingredient(recipe_id, ingredient_id, quantity, recipe_ingredient_description, main) VALUES(83, 89, 610, 'gr', 0);
INSERT INTO recipe_ingredient(recipe_id, ingredient_id, quantity, recipe_ingredient_description, main) VALUES(83, 277, 610, 'ml', 0);
INSERT INTO recipe_ingredient(recipe_id, ingredient_id, quantity, recipe_ingredient_description, main) VALUES(83, 194, NULL, 'A tablespoon of', 0);
INSERT INTO recipe_ingredient(recipe_id, ingredient_id, quantity, recipe_ingredient_description, main) VALUES(83, 196, NULL, 'A little', 0);
INSERT INTO recipe_ingredient(recipe_id, ingredient_id, quantity, recipe_ingredient_description, main) VALUES(83, 85, 4, NULL, 0);

INSERT INTO recipe_ingredient(recipe_id, ingredient_id, quantity, recipe_ingredient_description, main) VALUES(84, 236, 1, NULL, 1);
INSERT INTO recipe_ingredient(recipe_id, ingredient_id, quantity, recipe_ingredient_description, main) VALUES(84, 97, NULL, 'A pinch', 0);
INSERT INTO recipe_ingredient(recipe_id, ingredient_id, quantity, recipe_ingredient_description, main) VALUES(84, 287, NULL, 'A teaspoon of', 0);
INSERT INTO recipe_ingredient(recipe_id, ingredient_id, quantity, recipe_ingredient_description, main) VALUES(84, 118, NULL, 'Few', 0);
INSERT INTO recipe_ingredient(recipe_id, ingredient_id, quantity, recipe_ingredient_description, main) VALUES(84, 68, NULL, 'A tablespoon of', 0);
INSERT INTO recipe_ingredient(recipe_id, ingredient_id, quantity, recipe_ingredient_description, main) VALUES(84, 60, 610, 'gr', 0);
INSERT INTO recipe_ingredient(recipe_id, ingredient_id, quantity, recipe_ingredient_description, main) VALUES(84, 21, NULL, 'A teaspoon of', 0);
INSERT INTO recipe_ingredient(recipe_id, ingredient_id, quantity, recipe_ingredient_description, main) VALUES(84, 63, 310, 'gr', 0);
INSERT INTO recipe_ingredient(recipe_id, ingredient_id, quantity, recipe_ingredient_description, main) VALUES(84, 296, NULL, 'A cup', 0);
INSERT INTO recipe_ingredient(recipe_id, ingredient_id, quantity, recipe_ingredient_description, main) VALUES(84, 21, 3, NULL, 0);

INSERT INTO recipe_ingredient(recipe_id, ingredient_id, quantity, recipe_ingredient_description, main) VALUES(85, 71, 1, NULL, 1);
INSERT INTO recipe_ingredient(recipe_id, ingredient_id, quantity, recipe_ingredient_description, main) VALUES(85, 287, NULL, 'A pinch', 0);
INSERT INTO recipe_ingredient(recipe_id, ingredient_id, quantity, recipe_ingredient_description, main) VALUES(85, 293, NULL, 'A tablespoon of', 0);
INSERT INTO recipe_ingredient(recipe_id, ingredient_id, quantity, recipe_ingredient_description, main) VALUES(85, 217, 550, 'ml', 0);
INSERT INTO recipe_ingredient(recipe_id, ingredient_id, quantity, recipe_ingredient_description, main) VALUES(85, 176, NULL, 'A teaspoon of', 0);
INSERT INTO recipe_ingredient(recipe_id, ingredient_id, quantity, recipe_ingredient_description, main) VALUES(85, 281, 390, 'gr', 0);
INSERT INTO recipe_ingredient(recipe_id, ingredient_id, quantity, recipe_ingredient_description, main) VALUES(85, 148, NULL, 'A pinch', 0);
INSERT INTO recipe_ingredient(recipe_id, ingredient_id, quantity, recipe_ingredient_description, main) VALUES(85, 177, NULL, 'A pinch', 0);
INSERT INTO recipe_ingredient(recipe_id, ingredient_id, quantity, recipe_ingredient_description, main) VALUES(85, 102, NULL, 'A teaspoon of', 0);
INSERT INTO recipe_ingredient(recipe_id, ingredient_id, quantity, recipe_ingredient_description, main) VALUES(85, 196, NULL, 'A little', 0);
INSERT INTO recipe_ingredient(recipe_id, ingredient_id, quantity, recipe_ingredient_description, main) VALUES(85, 8, NULL, 'A pinch', 0);

INSERT INTO recipe_ingredient(recipe_id, ingredient_id, quantity, recipe_ingredient_description, main) VALUES(86, 162, 1, NULL, 1);
INSERT INTO recipe_ingredient(recipe_id, ingredient_id, quantity, recipe_ingredient_description, main) VALUES(86, 14, NULL, 'A cup', 0);
INSERT INTO recipe_ingredient(recipe_id, ingredient_id, quantity, recipe_ingredient_description, main) VALUES(86, 251, NULL, 'A tablespoon of', 0);
INSERT INTO recipe_ingredient(recipe_id, ingredient_id, quantity, recipe_ingredient_description, main) VALUES(86, 199, NULL, 'A teaspoon of', 0);
INSERT INTO recipe_ingredient(recipe_id, ingredient_id, quantity, recipe_ingredient_description, main) VALUES(86, 197, NULL, 'A cup', 0);
INSERT INTO recipe_ingredient(recipe_id, ingredient_id, quantity, recipe_ingredient_description, main) VALUES(86, 123, 590, 'ml', 0);
INSERT INTO recipe_ingredient(recipe_id, ingredient_id, quantity, recipe_ingredient_description, main) VALUES(86, 166, NULL, 'A pinch', 0);

INSERT INTO recipe_ingredient(recipe_id, ingredient_id, quantity, recipe_ingredient_description, main) VALUES(87, 125, 1, NULL, 1);
INSERT INTO recipe_ingredient(recipe_id, ingredient_id, quantity, recipe_ingredient_description, main) VALUES(87, 253, NULL, 'A teaspoon of', 0);
INSERT INTO recipe_ingredient(recipe_id, ingredient_id, quantity, recipe_ingredient_description, main) VALUES(87, 13, NULL, 'A cup', 0);
INSERT INTO recipe_ingredient(recipe_id, ingredient_id, quantity, recipe_ingredient_description, main) VALUES(87, 192, NULL, 'A tablespoon of', 0);
INSERT INTO recipe_ingredient(recipe_id, ingredient_id, quantity, recipe_ingredient_description, main) VALUES(87, 169, NULL, 'A teaspoon of', 0);
INSERT INTO recipe_ingredient(recipe_id, ingredient_id, quantity, recipe_ingredient_description, main) VALUES(87, 57, 670, 'ml', 0);
INSERT INTO recipe_ingredient(recipe_id, ingredient_id, quantity, recipe_ingredient_description, main) VALUES(87, 252, 90, 'gr', 0);
INSERT INTO recipe_ingredient(recipe_id, ingredient_id, quantity, recipe_ingredient_description, main) VALUES(87, 199, NULL, 'A teaspoon of', 0);
INSERT INTO recipe_ingredient(recipe_id, ingredient_id, quantity, recipe_ingredient_description, main) VALUES(87, 1, NULL, 'A little', 0);
INSERT INTO recipe_ingredient(recipe_id, ingredient_id, quantity, recipe_ingredient_description, main) VALUES(87, 264, NULL, 'A pinch', 0);
INSERT INTO recipe_ingredient(recipe_id, ingredient_id, quantity, recipe_ingredient_description, main) VALUES(87, 229, NULL, 'A cup', 0);
INSERT INTO recipe_ingredient(recipe_id, ingredient_id, quantity, recipe_ingredient_description, main) VALUES(87, 168, 2, NULL, 0);
INSERT INTO recipe_ingredient(recipe_id, ingredient_id, quantity, recipe_ingredient_description, main) VALUES(87, 104, 170, 'ml', 0);

INSERT INTO recipe_ingredient(recipe_id, ingredient_id, quantity, recipe_ingredient_description, main) VALUES(88, 177, 1, NULL, 1);
INSERT INTO recipe_ingredient(recipe_id, ingredient_id, quantity, recipe_ingredient_description, main) VALUES(88, 165, 530, 'gr', 0);
INSERT INTO recipe_ingredient(recipe_id, ingredient_id, quantity, recipe_ingredient_description, main) VALUES(88, 54, NULL, 'A tablespoon of', 0);
INSERT INTO recipe_ingredient(recipe_id, ingredient_id, quantity, recipe_ingredient_description, main) VALUES(88, 49, NULL, 'A cup', 0);
INSERT INTO recipe_ingredient(recipe_id, ingredient_id, quantity, recipe_ingredient_description, main) VALUES(88, 12, NULL, 'A tablespoon of', 0);
INSERT INTO recipe_ingredient(recipe_id, ingredient_id, quantity, recipe_ingredient_description, main) VALUES(88, 110, NULL, 'A teaspoon of', 0);
INSERT INTO recipe_ingredient(recipe_id, ingredient_id, quantity, recipe_ingredient_description, main) VALUES(88, 230, NULL, 'A pinch', 0);
INSERT INTO recipe_ingredient(recipe_id, ingredient_id, quantity, recipe_ingredient_description, main) VALUES(88, 201, 7, NULL, 0);
INSERT INTO recipe_ingredient(recipe_id, ingredient_id, quantity, recipe_ingredient_description, main) VALUES(88, 28, NULL, 'A teaspoon of', 0);
INSERT INTO recipe_ingredient(recipe_id, ingredient_id, quantity, recipe_ingredient_description, main) VALUES(88, 159, NULL, 'A teaspoon of', 0);
INSERT INTO recipe_ingredient(recipe_id, ingredient_id, quantity, recipe_ingredient_description, main) VALUES(88, 122, NULL, 'A little', 0);
INSERT INTO recipe_ingredient(recipe_id, ingredient_id, quantity, recipe_ingredient_description, main) VALUES(88, 124, 7, NULL, 0);
INSERT INTO recipe_ingredient(recipe_id, ingredient_id, quantity, recipe_ingredient_description, main) VALUES(88, 230, NULL, 'Few', 0);
INSERT INTO recipe_ingredient(recipe_id, ingredient_id, quantity, recipe_ingredient_description, main) VALUES(88, 191, NULL, 'A tablespoon of', 0);
INSERT INTO recipe_ingredient(recipe_id, ingredient_id, quantity, recipe_ingredient_description, main) VALUES(88, 189, NULL, 'A cup', 0);
INSERT INTO recipe_ingredient(recipe_id, ingredient_id, quantity, recipe_ingredient_description, main) VALUES(88, 44, NULL, 'A teaspoon of', 0);

INSERT INTO recipe_ingredient(recipe_id, ingredient_id, quantity, recipe_ingredient_description, main) VALUES(89, 144, 1, NULL, 1);
INSERT INTO recipe_ingredient(recipe_id, ingredient_id, quantity, recipe_ingredient_description, main) VALUES(89, 21, 8, NULL, 0);
INSERT INTO recipe_ingredient(recipe_id, ingredient_id, quantity, recipe_ingredient_description, main) VALUES(89, 159, NULL, 'A teaspoon of', 0);
INSERT INTO recipe_ingredient(recipe_id, ingredient_id, quantity, recipe_ingredient_description, main) VALUES(89, 188, NULL, 'Few', 0);
INSERT INTO recipe_ingredient(recipe_id, ingredient_id, quantity, recipe_ingredient_description, main) VALUES(89, 5, NULL, 'A cup', 0);
INSERT INTO recipe_ingredient(recipe_id, ingredient_id, quantity, recipe_ingredient_description, main) VALUES(89, 89, NULL, 'A little', 0);
INSERT INTO recipe_ingredient(recipe_id, ingredient_id, quantity, recipe_ingredient_description, main) VALUES(89, 274, 50, 'ml', 0);
INSERT INTO recipe_ingredient(recipe_id, ingredient_id, quantity, recipe_ingredient_description, main) VALUES(89, 238, NULL, 'A teaspoon of', 0);

INSERT INTO recipe_ingredient(recipe_id, ingredient_id, quantity, recipe_ingredient_description, main) VALUES(90, 193, 1, NULL, 1);
INSERT INTO recipe_ingredient(recipe_id, ingredient_id, quantity, recipe_ingredient_description, main) VALUES(90, 122, NULL, 'Few', 0);
INSERT INTO recipe_ingredient(recipe_id, ingredient_id, quantity, recipe_ingredient_description, main) VALUES(90, 243, NULL, 'Few', 0);
INSERT INTO recipe_ingredient(recipe_id, ingredient_id, quantity, recipe_ingredient_description, main) VALUES(90, 260, 390, 'ml', 0);
INSERT INTO recipe_ingredient(recipe_id, ingredient_id, quantity, recipe_ingredient_description, main) VALUES(90, 36, NULL, 'Few', 0);
INSERT INTO recipe_ingredient(recipe_id, ingredient_id, quantity, recipe_ingredient_description, main) VALUES(90, 229, NULL, 'A little', 0);
INSERT INTO recipe_ingredient(recipe_id, ingredient_id, quantity, recipe_ingredient_description, main) VALUES(90, 137, NULL, 'A pinch', 0);
INSERT INTO recipe_ingredient(recipe_id, ingredient_id, quantity, recipe_ingredient_description, main) VALUES(90, 256, NULL, 'A little', 0);
INSERT INTO recipe_ingredient(recipe_id, ingredient_id, quantity, recipe_ingredient_description, main) VALUES(90, 274, 690, 'gr', 0);
INSERT INTO recipe_ingredient(recipe_id, ingredient_id, quantity, recipe_ingredient_description, main) VALUES(90, 77, NULL, 'Few', 0);
INSERT INTO recipe_ingredient(recipe_id, ingredient_id, quantity, recipe_ingredient_description, main) VALUES(90, 288, NULL, 'A teaspoon of', 0);
INSERT INTO recipe_ingredient(recipe_id, ingredient_id, quantity, recipe_ingredient_description, main) VALUES(90, 192, NULL, 'A pinch', 0);
INSERT INTO recipe_ingredient(recipe_id, ingredient_id, quantity, recipe_ingredient_description, main) VALUES(90, 211, NULL, 'A little', 0);
INSERT INTO recipe_ingredient(recipe_id, ingredient_id, quantity, recipe_ingredient_description, main) VALUES(90, 214, NULL, 'A tablespoon of', 0);
INSERT INTO recipe_ingredient(recipe_id, ingredient_id, quantity, recipe_ingredient_description, main) VALUES(90, 111, NULL, 'A little', 0);
INSERT INTO recipe_ingredient(recipe_id, ingredient_id, quantity, recipe_ingredient_description, main) VALUES(90, 92, NULL, 'Few', 0);

INSERT INTO recipe_ingredient(recipe_id, ingredient_id, quantity, recipe_ingredient_description, main) VALUES(91, 127, 1, NULL, 1);
INSERT INTO recipe_ingredient(recipe_id, ingredient_id, quantity, recipe_ingredient_description, main) VALUES(91, 54, NULL, 'Few', 0);
INSERT INTO recipe_ingredient(recipe_id, ingredient_id, quantity, recipe_ingredient_description, main) VALUES(91, 257, NULL, 'A teaspoon of', 0);
INSERT INTO recipe_ingredient(recipe_id, ingredient_id, quantity, recipe_ingredient_description, main) VALUES(91, 244, NULL, 'Few', 0);
INSERT INTO recipe_ingredient(recipe_id, ingredient_id, quantity, recipe_ingredient_description, main) VALUES(91, 162, 530, 'ml', 0);
INSERT INTO recipe_ingredient(recipe_id, ingredient_id, quantity, recipe_ingredient_description, main) VALUES(91, 2, NULL, 'Few', 0);
INSERT INTO recipe_ingredient(recipe_id, ingredient_id, quantity, recipe_ingredient_description, main) VALUES(91, 200, 230, 'gr', 0);
INSERT INTO recipe_ingredient(recipe_id, ingredient_id, quantity, recipe_ingredient_description, main) VALUES(91, 162, NULL, 'A little', 0);
INSERT INTO recipe_ingredient(recipe_id, ingredient_id, quantity, recipe_ingredient_description, main) VALUES(91, 96, 6, NULL, 0);
INSERT INTO recipe_ingredient(recipe_id, ingredient_id, quantity, recipe_ingredient_description, main) VALUES(91, 242, NULL, 'A tablespoon of', 0);

INSERT INTO recipe_ingredient(recipe_id, ingredient_id, quantity, recipe_ingredient_description, main) VALUES(92, 78, 1, NULL, 1);
INSERT INTO recipe_ingredient(recipe_id, ingredient_id, quantity, recipe_ingredient_description, main) VALUES(92, 236, NULL, 'A tablespoon of', 0);
INSERT INTO recipe_ingredient(recipe_id, ingredient_id, quantity, recipe_ingredient_description, main) VALUES(92, 149, NULL, 'A tablespoon of', 0);
INSERT INTO recipe_ingredient(recipe_id, ingredient_id, quantity, recipe_ingredient_description, main) VALUES(92, 284, 250, 'gr', 0);
INSERT INTO recipe_ingredient(recipe_id, ingredient_id, quantity, recipe_ingredient_description, main) VALUES(92, 269, NULL, 'A little', 0);
INSERT INTO recipe_ingredient(recipe_id, ingredient_id, quantity, recipe_ingredient_description, main) VALUES(92, 7, NULL, 'A pinch', 0);
INSERT INTO recipe_ingredient(recipe_id, ingredient_id, quantity, recipe_ingredient_description, main) VALUES(92, 145, NULL, 'Few', 0);
INSERT INTO recipe_ingredient(recipe_id, ingredient_id, quantity, recipe_ingredient_description, main) VALUES(92, 280, NULL, 'A teaspoon of', 0);
INSERT INTO recipe_ingredient(recipe_id, ingredient_id, quantity, recipe_ingredient_description, main) VALUES(92, 62, 190, 'ml', 0);
INSERT INTO recipe_ingredient(recipe_id, ingredient_id, quantity, recipe_ingredient_description, main) VALUES(92, 222, 6, NULL, 0);
INSERT INTO recipe_ingredient(recipe_id, ingredient_id, quantity, recipe_ingredient_description, main) VALUES(92, 87, NULL, 'A pinch', 0);
INSERT INTO recipe_ingredient(recipe_id, ingredient_id, quantity, recipe_ingredient_description, main) VALUES(92, 55, NULL, 'A teaspoon of', 0);
INSERT INTO recipe_ingredient(recipe_id, ingredient_id, quantity, recipe_ingredient_description, main) VALUES(92, 256, NULL, 'Few', 0);
INSERT INTO recipe_ingredient(recipe_id, ingredient_id, quantity, recipe_ingredient_description, main) VALUES(92, 236, 3, NULL, 0);
INSERT INTO recipe_ingredient(recipe_id, ingredient_id, quantity, recipe_ingredient_description, main) VALUES(92, 181, NULL, 'A little', 0);
INSERT INTO recipe_ingredient(recipe_id, ingredient_id, quantity, recipe_ingredient_description, main) VALUES(92, 106, NULL, 'A tablespoon of', 0);

INSERT INTO recipe_ingredient(recipe_id, ingredient_id, quantity, recipe_ingredient_description, main) VALUES(93, 95, 1, NULL, 1);
INSERT INTO recipe_ingredient(recipe_id, ingredient_id, quantity, recipe_ingredient_description, main) VALUES(93, 117, NULL, 'A cup', 0);
INSERT INTO recipe_ingredient(recipe_id, ingredient_id, quantity, recipe_ingredient_description, main) VALUES(93, 249, 550, 'ml', 0);
INSERT INTO recipe_ingredient(recipe_id, ingredient_id, quantity, recipe_ingredient_description, main) VALUES(93, 201, NULL, 'A little', 0);
INSERT INTO recipe_ingredient(recipe_id, ingredient_id, quantity, recipe_ingredient_description, main) VALUES(93, 191, NULL, 'Few', 0);
INSERT INTO recipe_ingredient(recipe_id, ingredient_id, quantity, recipe_ingredient_description, main) VALUES(93, 216, NULL, 'A cup', 0);
INSERT INTO recipe_ingredient(recipe_id, ingredient_id, quantity, recipe_ingredient_description, main) VALUES(93, 67, 90, 'ml', 0);
INSERT INTO recipe_ingredient(recipe_id, ingredient_id, quantity, recipe_ingredient_description, main) VALUES(93, 92, NULL, 'A little', 0);
INSERT INTO recipe_ingredient(recipe_id, ingredient_id, quantity, recipe_ingredient_description, main) VALUES(93, 239, NULL, 'A pinch', 0);
INSERT INTO recipe_ingredient(recipe_id, ingredient_id, quantity, recipe_ingredient_description, main) VALUES(93, 123, NULL, 'A teaspoon of', 0);
INSERT INTO recipe_ingredient(recipe_id, ingredient_id, quantity, recipe_ingredient_description, main) VALUES(93, 233, 3, NULL, 0);
INSERT INTO recipe_ingredient(recipe_id, ingredient_id, quantity, recipe_ingredient_description, main) VALUES(93, 218, NULL, 'A teaspoon of', 0);
INSERT INTO recipe_ingredient(recipe_id, ingredient_id, quantity, recipe_ingredient_description, main) VALUES(93, 68, NULL, 'A cup', 0);
INSERT INTO recipe_ingredient(recipe_id, ingredient_id, quantity, recipe_ingredient_description, main) VALUES(93, 253, NULL, 'A tablespoon of', 0);
INSERT INTO recipe_ingredient(recipe_id, ingredient_id, quantity, recipe_ingredient_description, main) VALUES(93, 183, 510, 'ml', 0);

INSERT INTO recipe_ingredient(recipe_id, ingredient_id, quantity, recipe_ingredient_description, main) VALUES(94, 64, 1, NULL, 1);
INSERT INTO recipe_ingredient(recipe_id, ingredient_id, quantity, recipe_ingredient_description, main) VALUES(94, 167, 70, 'gr', 0);
INSERT INTO recipe_ingredient(recipe_id, ingredient_id, quantity, recipe_ingredient_description, main) VALUES(94, 187, NULL, 'A teaspoon of', 0);
INSERT INTO recipe_ingredient(recipe_id, ingredient_id, quantity, recipe_ingredient_description, main) VALUES(94, 291, NULL, 'A cup', 0);
INSERT INTO recipe_ingredient(recipe_id, ingredient_id, quantity, recipe_ingredient_description, main) VALUES(94, 203, NULL, 'Few', 0);
INSERT INTO recipe_ingredient(recipe_id, ingredient_id, quantity, recipe_ingredient_description, main) VALUES(94, 211, 170, 'gr', 0);
INSERT INTO recipe_ingredient(recipe_id, ingredient_id, quantity, recipe_ingredient_description, main) VALUES(94, 49, NULL, 'A tablespoon of', 0);
INSERT INTO recipe_ingredient(recipe_id, ingredient_id, quantity, recipe_ingredient_description, main) VALUES(94, 37, NULL, 'A teaspoon of', 0);
INSERT INTO recipe_ingredient(recipe_id, ingredient_id, quantity, recipe_ingredient_description, main) VALUES(94, 142, NULL, 'A teaspoon of', 0);
INSERT INTO recipe_ingredient(recipe_id, ingredient_id, quantity, recipe_ingredient_description, main) VALUES(94, 93, NULL, 'A teaspoon of', 0);
INSERT INTO recipe_ingredient(recipe_id, ingredient_id, quantity, recipe_ingredient_description, main) VALUES(94, 164, NULL, 'A teaspoon of', 0);
INSERT INTO recipe_ingredient(recipe_id, ingredient_id, quantity, recipe_ingredient_description, main) VALUES(94, 290, NULL, 'A tablespoon of', 0);

INSERT INTO recipe_ingredient(recipe_id, ingredient_id, quantity, recipe_ingredient_description, main) VALUES(95, 132, 1, NULL, 1);
INSERT INTO recipe_ingredient(recipe_id, ingredient_id, quantity, recipe_ingredient_description, main) VALUES(95, 53, NULL, 'A cup', 0);
INSERT INTO recipe_ingredient(recipe_id, ingredient_id, quantity, recipe_ingredient_description, main) VALUES(95, 88, 290, 'ml', 0);
INSERT INTO recipe_ingredient(recipe_id, ingredient_id, quantity, recipe_ingredient_description, main) VALUES(95, 220, NULL, 'A pinch', 0);
INSERT INTO recipe_ingredient(recipe_id, ingredient_id, quantity, recipe_ingredient_description, main) VALUES(95, 210, NULL, 'A teaspoon of', 0);
INSERT INTO recipe_ingredient(recipe_id, ingredient_id, quantity, recipe_ingredient_description, main) VALUES(95, 164, NULL, 'A tablespoon of', 0);
INSERT INTO recipe_ingredient(recipe_id, ingredient_id, quantity, recipe_ingredient_description, main) VALUES(95, 100, 4, NULL, 0);
INSERT INTO recipe_ingredient(recipe_id, ingredient_id, quantity, recipe_ingredient_description, main) VALUES(95, 169, NULL, 'Few', 0);

INSERT INTO recipe_ingredient(recipe_id, ingredient_id, quantity, recipe_ingredient_description, main) VALUES(96, 273, 1, NULL, 1);
INSERT INTO recipe_ingredient(recipe_id, ingredient_id, quantity, recipe_ingredient_description, main) VALUES(96, 52, 570, 'gr', 0);
INSERT INTO recipe_ingredient(recipe_id, ingredient_id, quantity, recipe_ingredient_description, main) VALUES(96, 91, 630, 'gr', 0);
INSERT INTO recipe_ingredient(recipe_id, ingredient_id, quantity, recipe_ingredient_description, main) VALUES(96, 24, 2, NULL, 0);
INSERT INTO recipe_ingredient(recipe_id, ingredient_id, quantity, recipe_ingredient_description, main) VALUES(96, 291, NULL, 'A little', 0);
INSERT INTO recipe_ingredient(recipe_id, ingredient_id, quantity, recipe_ingredient_description, main) VALUES(96, 147, NULL, 'A little', 0);
INSERT INTO recipe_ingredient(recipe_id, ingredient_id, quantity, recipe_ingredient_description, main) VALUES(96, 275, NULL, 'A little', 0);
INSERT INTO recipe_ingredient(recipe_id, ingredient_id, quantity, recipe_ingredient_description, main) VALUES(96, 206, NULL, 'A teaspoon of', 0);
INSERT INTO recipe_ingredient(recipe_id, ingredient_id, quantity, recipe_ingredient_description, main) VALUES(96, 237, NULL, 'A tablespoon of', 0);
INSERT INTO recipe_ingredient(recipe_id, ingredient_id, quantity, recipe_ingredient_description, main) VALUES(96, 210, NULL, 'A little', 0);
INSERT INTO recipe_ingredient(recipe_id, ingredient_id, quantity, recipe_ingredient_description, main) VALUES(96, 221, NULL, 'A cup', 0);
INSERT INTO recipe_ingredient(recipe_id, ingredient_id, quantity, recipe_ingredient_description, main) VALUES(96, 270, 490, 'ml', 0);
INSERT INTO recipe_ingredient(recipe_id, ingredient_id, quantity, recipe_ingredient_description, main) VALUES(96, 45, NULL, 'A teaspoon of', 0);

INSERT INTO recipe_ingredient(recipe_id, ingredient_id, quantity, recipe_ingredient_description, main) VALUES(97, 148, 1, NULL, 1);
INSERT INTO recipe_ingredient(recipe_id, ingredient_id, quantity, recipe_ingredient_description, main) VALUES(97, 291, NULL, 'A pinch', 0);
INSERT INTO recipe_ingredient(recipe_id, ingredient_id, quantity, recipe_ingredient_description, main) VALUES(97, 153, NULL, 'A cup', 0);
INSERT INTO recipe_ingredient(recipe_id, ingredient_id, quantity, recipe_ingredient_description, main) VALUES(97, 245, NULL, 'A teaspoon of', 0);
INSERT INTO recipe_ingredient(recipe_id, ingredient_id, quantity, recipe_ingredient_description, main) VALUES(97, 219, NULL, 'Few', 0);
INSERT INTO recipe_ingredient(recipe_id, ingredient_id, quantity, recipe_ingredient_description, main) VALUES(97, 51, NULL, 'A teaspoon of', 0);
INSERT INTO recipe_ingredient(recipe_id, ingredient_id, quantity, recipe_ingredient_description, main) VALUES(97, 276, NULL, 'A pinch', 0);
INSERT INTO recipe_ingredient(recipe_id, ingredient_id, quantity, recipe_ingredient_description, main) VALUES(97, 234, NULL, 'A little', 0);
INSERT INTO recipe_ingredient(recipe_id, ingredient_id, quantity, recipe_ingredient_description, main) VALUES(97, 222, 690, 'gr', 0);
INSERT INTO recipe_ingredient(recipe_id, ingredient_id, quantity, recipe_ingredient_description, main) VALUES(97, 40, NULL, 'A little', 0);
INSERT INTO recipe_ingredient(recipe_id, ingredient_id, quantity, recipe_ingredient_description, main) VALUES(97, 144, NULL, 'A tablespoon of', 0);

INSERT INTO recipe_ingredient(recipe_id, ingredient_id, quantity, recipe_ingredient_description, main) VALUES(98, 141, 1, NULL, 1);
INSERT INTO recipe_ingredient(recipe_id, ingredient_id, quantity, recipe_ingredient_description, main) VALUES(98, 163, NULL, 'A pinch', 0);
INSERT INTO recipe_ingredient(recipe_id, ingredient_id, quantity, recipe_ingredient_description, main) VALUES(98, 48, NULL, 'A tablespoon of', 0);
INSERT INTO recipe_ingredient(recipe_id, ingredient_id, quantity, recipe_ingredient_description, main) VALUES(98, 140, 410, 'gr', 0);
INSERT INTO recipe_ingredient(recipe_id, ingredient_id, quantity, recipe_ingredient_description, main) VALUES(98, 140, 4, NULL, 0);
INSERT INTO recipe_ingredient(recipe_id, ingredient_id, quantity, recipe_ingredient_description, main) VALUES(98, 78, NULL, 'A cup', 0);
INSERT INTO recipe_ingredient(recipe_id, ingredient_id, quantity, recipe_ingredient_description, main) VALUES(98, 209, NULL, 'A teaspoon of', 0);
INSERT INTO recipe_ingredient(recipe_id, ingredient_id, quantity, recipe_ingredient_description, main) VALUES(98, 255, 4, NULL, 0);
INSERT INTO recipe_ingredient(recipe_id, ingredient_id, quantity, recipe_ingredient_description, main) VALUES(98, 282, NULL, 'A tablespoon of', 0);
INSERT INTO recipe_ingredient(recipe_id, ingredient_id, quantity, recipe_ingredient_description, main) VALUES(98, 200, NULL, 'A cup', 0);
INSERT INTO recipe_ingredient(recipe_id, ingredient_id, quantity, recipe_ingredient_description, main) VALUES(98, 131, NULL, 'A little', 0);

INSERT INTO recipe_ingredient(recipe_id, ingredient_id, quantity, recipe_ingredient_description, main) VALUES(99, 82, 1, NULL, 1);
INSERT INTO recipe_ingredient(recipe_id, ingredient_id, quantity, recipe_ingredient_description, main) VALUES(99, 72, NULL, 'A teaspoon of', 0);
INSERT INTO recipe_ingredient(recipe_id, ingredient_id, quantity, recipe_ingredient_description, main) VALUES(99, 106, 690, 'gr', 0);
INSERT INTO recipe_ingredient(recipe_id, ingredient_id, quantity, recipe_ingredient_description, main) VALUES(99, 66, NULL, 'A teaspoon of', 0);
INSERT INTO recipe_ingredient(recipe_id, ingredient_id, quantity, recipe_ingredient_description, main) VALUES(99, 183, 370, 'gr', 0);
INSERT INTO recipe_ingredient(recipe_id, ingredient_id, quantity, recipe_ingredient_description, main) VALUES(99, 297, NULL, 'Few', 0);
INSERT INTO recipe_ingredient(recipe_id, ingredient_id, quantity, recipe_ingredient_description, main) VALUES(99, 42, 670, 'gr', 0);
INSERT INTO recipe_ingredient(recipe_id, ingredient_id, quantity, recipe_ingredient_description, main) VALUES(99, 237, 110, 'gr', 0);
INSERT INTO recipe_ingredient(recipe_id, ingredient_id, quantity, recipe_ingredient_description, main) VALUES(99, 42, NULL, 'A pinch', 0);
INSERT INTO recipe_ingredient(recipe_id, ingredient_id, quantity, recipe_ingredient_description, main) VALUES(99, 150, 70, 'gr', 0);

INSERT INTO recipe_ingredient(recipe_id, ingredient_id, quantity, recipe_ingredient_description, main) VALUES(100, 205, 1, NULL, 1);
INSERT INTO recipe_ingredient(recipe_id, ingredient_id, quantity, recipe_ingredient_description, main) VALUES(100, 222, NULL, 'A cup', 0);
INSERT INTO recipe_ingredient(recipe_id, ingredient_id, quantity, recipe_ingredient_description, main) VALUES(100, 269, NULL, 'A tablespoon of', 0);
INSERT INTO recipe_ingredient(recipe_id, ingredient_id, quantity, recipe_ingredient_description, main) VALUES(100, 117, 570, 'gr', 0);
INSERT INTO recipe_ingredient(recipe_id, ingredient_id, quantity, recipe_ingredient_description, main) VALUES(100, 69, NULL, 'Few', 0);
INSERT INTO recipe_ingredient(recipe_id, ingredient_id, quantity, recipe_ingredient_description, main) VALUES(100, 264, 6, NULL, 0);
INSERT INTO recipe_ingredient(recipe_id, ingredient_id, quantity, recipe_ingredient_description, main) VALUES(100, 106, NULL, 'A cup', 0);
INSERT INTO recipe_ingredient(recipe_id, ingredient_id, quantity, recipe_ingredient_description, main) VALUES(100, 84, NULL, 'Few', 0);


INSERT INTO step(recipe_id, step_order, details) VALUES (1, 1, 'Bake in the preheated oven for 20-25 minutes, turning once halfway through, until the potatoes are golden brown and crispy.');
INSERT INTO step(recipe_id, step_order, details) VALUES (1, 2, 'Heat a large skillet over medium heat and add olive oil.');
INSERT INTO step(recipe_id, step_order, details) VALUES (1, 3, 'Preheat the oven to 350°F (175°C).');
INSERT INTO step(recipe_id, step_order, details) VALUES (1, 4, 'Add the chopped vegetables to the skillet and cook for an additional 5-7 minutes.');
INSERT INTO step(recipe_id, step_order, details) VALUES (1, 5, 'While the potatoes are baking, prepare your dipping sauce by mixing mayonnaise, ketchup, and a dash of hot sauce.');
INSERT INTO step(recipe_id, step_order, details) VALUES (1, 6, 'Bring a large pot of water to a boil.');
INSERT INTO step(recipe_id, step_order, details) VALUES (1, 7, 'Add the bay leaf, thyme, salt, and pepper.');
INSERT INTO step(recipe_id, step_order, details) VALUES (2, 1, 'Add the bay leaf, thyme, salt, and pepper.');
INSERT INTO step(recipe_id, step_order, details) VALUES (2, 2, 'Bake in the preheated oven for 20-25 minutes, turning once halfway through, until the potatoes are golden brown and crispy.');
INSERT INTO step(recipe_id, step_order, details) VALUES (2, 3, 'Bake in the preheated oven for 25-30 minutes, or until the meat is cooked through and the vegetables are tender.');
INSERT INTO step(recipe_id, step_order, details) VALUES (2, 4, 'Preheat the oven to 375°F (190°C).');
INSERT INTO step(recipe_id, step_order, details) VALUES (2, 5, 'Fold in any additional ingredients like chocolate chips or nuts.');
INSERT INTO step(recipe_id, step_order, details) VALUES (2, 6, 'Use an immersion blender to puree the soup to your desired consistency.');
INSERT INTO step(recipe_id, step_order, details) VALUES (2, 7, 'Add the diced onions, carrots, and celery, and cook until the onions are translucent, about 5 minutes.');
INSERT INTO step(recipe_id, step_order, details) VALUES (2, 8, 'Marinate the meat with your choice of marinade for at least 30 minutes.');
INSERT INTO step(recipe_id, step_order, details) VALUES (2, 9, 'Bring the mixture to a boil, then reduce the heat and let it simmer for 25-30 minutes, or until the lentils are tender.');
INSERT INTO step(recipe_id, step_order, details) VALUES (2, 10, 'Rinse and drain the lentils.');
INSERT INTO step(recipe_id, step_order, details) VALUES (3, 1, 'Thread the marinated meat and vegetables onto skewers.');
INSERT INTO step(recipe_id, step_order, details) VALUES (3, 2, 'Spread the potato wedges in a single layer on a baking sheet.');
INSERT INTO step(recipe_id, step_order, details) VALUES (3, 3, 'Grease and flour a baking pan.');
INSERT INTO step(recipe_id, step_order, details) VALUES (3, 4, 'Once cooled, cut into squares and serve.');
INSERT INTO step(recipe_id, step_order, details) VALUES (3, 5, 'Stir in the grated cheese until melted and smooth.');
INSERT INTO step(recipe_id, step_order, details) VALUES (3, 6, 'In the same skillet, cook the meat until browned on all sides.');
INSERT INTO step(recipe_id, step_order, details) VALUES (3, 7, 'Preheat the oven to 400°F (200°C).');
INSERT INTO step(recipe_id, step_order, details) VALUES (4, 1, 'Preheat the oven to 375°F (190°C).');
INSERT INTO step(recipe_id, step_order, details) VALUES (4, 2, 'Whisk in the flour to create a roux, cooking for 1-2 minutes.');
INSERT INTO step(recipe_id, step_order, details) VALUES (4, 3, 'In a large bowl, toss the potato wedges with olive oil, salt, pepper, and any desired seasonings.');
INSERT INTO step(recipe_id, step_order, details) VALUES (4, 4, 'Place the skewers on the preheated grill.');
INSERT INTO step(recipe_id, step_order, details) VALUES (4, 5, 'While the potatoes are baking, prepare your dipping sauce by mixing mayonnaise, ketchup, and a dash of hot sauce.');
INSERT INTO step(recipe_id, step_order, details) VALUES (4, 6, 'Add the bay leaf, thyme, salt, and pepper.');
INSERT INTO step(recipe_id, step_order, details) VALUES (4, 7, 'Add the minced garlic and cook for another minute.');
INSERT INTO step(recipe_id, step_order, details) VALUES (4, 8, 'Serve hot, garnished with fresh herbs or a dollop of yogurt if desired."');
INSERT INTO step(recipe_id, step_order, details) VALUES (4, 9, 'Sauté the onions and garlic until they become translucent, about 3-5 minutes.');
INSERT INTO step(recipe_id, step_order, details) VALUES (4, 10, 'Once cooled, cut into squares and serve.');
INSERT INTO step(recipe_id, step_order, details) VALUES (4, 11, 'Drain the pasta and set aside.');
INSERT INTO step(recipe_id, step_order, details) VALUES (5, 1, 'Serve immediately, garnished with extra cheese and fresh herbs if desired."');
INSERT INTO step(recipe_id, step_order, details) VALUES (5, 2, 'Serve the potato wedges with the dipping sauce on the side."');
INSERT INTO step(recipe_id, step_order, details) VALUES (5, 3, 'Serve the potato wedges with the dipping sauce on the side."');
INSERT INTO step(recipe_id, step_order, details) VALUES (5, 4, 'Combine the cooked meat with the vegetables in the baking dish.');
INSERT INTO step(recipe_id, step_order, details) VALUES (5, 5, 'Stir in the grated cheese until melted and smooth.');
INSERT INTO step(recipe_id, step_order, details) VALUES (5, 6, 'Add the chopped vegetables to the skillet and cook for an additional 5-7 minutes.');
INSERT INTO step(recipe_id, step_order, details) VALUES (5, 7, 'Stir in the grated cheese until melted and smooth.');
INSERT INTO step(recipe_id, step_order, details) VALUES (6, 1, 'Combine the cooked meat with the vegetables in the baking dish.');
INSERT INTO step(recipe_id, step_order, details) VALUES (6, 2, 'Remove the bay leaf and discard.');
INSERT INTO step(recipe_id, step_order, details) VALUES (6, 3, 'Grease and flour a baking pan.');
INSERT INTO step(recipe_id, step_order, details) VALUES (6, 4, 'Transfer the sautéed vegetables to a baking dish.');
INSERT INTO step(recipe_id, step_order, details) VALUES (6, 5, 'In a large bowl, toss the potato wedges with olive oil, salt, pepper, and any desired seasonings.');
INSERT INTO step(recipe_id, step_order, details) VALUES (6, 6, 'Bake in the preheated oven for 25-30 minutes, or until the meat is cooked through and the vegetables are tender.');
INSERT INTO step(recipe_id, step_order, details) VALUES (6, 7, 'Bake in the preheated oven for 25-30 minutes, or until a toothpick inserted into the center comes out clean.');
INSERT INTO step(recipe_id, step_order, details) VALUES (6, 8, 'Season with salt and pepper to taste.');
INSERT INTO step(recipe_id, step_order, details) VALUES (6, 9, 'Preheat the oven to 400°F (200°C).');
INSERT INTO step(recipe_id, step_order, details) VALUES (7, 1, 'Add a pinch of salt to the boiling water.');
INSERT INTO step(recipe_id, step_order, details) VALUES (7, 2, 'Pour the wet ingredients into the dry ingredients and stir until just combined.');
INSERT INTO step(recipe_id, step_order, details) VALUES (7, 3, 'In another bowl, whisk together the eggs, milk, and melted butter.');
INSERT INTO step(recipe_id, step_order, details) VALUES (7, 4, 'Serve immediately, garnished with extra cheese and fresh herbs if desired."');
INSERT INTO step(recipe_id, step_order, details) VALUES (7, 5, 'Preheat the oven to 400°F (200°C).');
INSERT INTO step(recipe_id, step_order, details) VALUES (7, 6, 'Serve hot, garnished with fresh herbs or a dollop of yogurt if desired."');
INSERT INTO step(recipe_id, step_order, details) VALUES (7, 7, 'Bring a large pot of water to a boil.');
INSERT INTO step(recipe_id, step_order, details) VALUES (7, 8, 'In a medium saucepan, melt the butter over medium heat.');
INSERT INTO step(recipe_id, step_order, details) VALUES (8, 1, 'Chop the vegetables into bite-sized pieces.');
INSERT INTO step(recipe_id, step_order, details) VALUES (8, 2, 'Whisk in the flour to create a roux, cooking for 1-2 minutes.');
INSERT INTO step(recipe_id, step_order, details) VALUES (8, 3, 'Stir in the lentils, tomatoes, and vegetable broth.');
INSERT INTO step(recipe_id, step_order, details) VALUES (8, 4, 'Bake in the preheated oven for 25-30 minutes, or until the meat is cooked through and the vegetables are tender.');
INSERT INTO step(recipe_id, step_order, details) VALUES (8, 5, 'Remove the bay leaf and discard.');
INSERT INTO step(recipe_id, step_order, details) VALUES (8, 6, 'Garnish with fresh herbs and serve warm."');
INSERT INTO step(recipe_id, step_order, details) VALUES (8, 7, 'In a large bowl, toss the potato wedges with olive oil, salt, pepper, and any desired seasonings.');
INSERT INTO step(recipe_id, step_order, details) VALUES (8, 8, 'In another bowl, whisk together the eggs, milk, and melted butter.');
INSERT INTO step(recipe_id, step_order, details) VALUES (8, 9, 'Fold in any additional ingredients like chocolate chips or nuts.');
INSERT INTO step(recipe_id, step_order, details) VALUES (8, 10, 'Use an immersion blender to puree the soup to your desired consistency.');
INSERT INTO step(recipe_id, step_order, details) VALUES (8, 11, 'Heat a large skillet over medium heat and add olive oil.');
INSERT INTO step(recipe_id, step_order, details) VALUES (9, 1, 'Add a pinch of salt to the boiling water.');
INSERT INTO step(recipe_id, step_order, details) VALUES (9, 2, 'Bring the mixture to a simmer and cook until thickened, about 3-5 minutes.');
INSERT INTO step(recipe_id, step_order, details) VALUES (9, 3, 'Grill the skewers for 10-15 minutes, turning occasionally, until the meat is cooked through and the vegetables are tender.');
INSERT INTO step(recipe_id, step_order, details) VALUES (9, 4, 'Grill the skewers for 10-15 minutes, turning occasionally, until the meat is cooked through and the vegetables are tender.');
INSERT INTO step(recipe_id, step_order, details) VALUES (9, 5, 'Add the bay leaf, thyme, salt, and pepper.');
INSERT INTO step(recipe_id, step_order, details) VALUES (9, 6, 'Pour the sauce or broth over the meat and vegetables.');
INSERT INTO step(recipe_id, step_order, details) VALUES (9, 7, 'Preheat the oven to 350°F (175°C).');
INSERT INTO step(recipe_id, step_order, details) VALUES (9, 8, 'Season with salt and pepper to taste.');
INSERT INTO step(recipe_id, step_order, details) VALUES (9, 9, 'Marinate the meat with your choice of marinade for at least 30 minutes.');
INSERT INTO step(recipe_id, step_order, details) VALUES (9, 10, 'While the potatoes are baking, prepare your dipping sauce by mixing mayonnaise, ketchup, and a dash of hot sauce.');
INSERT INTO step(recipe_id, step_order, details) VALUES (10, 1, 'Sauté the onions and garlic until they become translucent, about 3-5 minutes.');
INSERT INTO step(recipe_id, step_order, details) VALUES (10, 2, 'Bring a large pot of water to a boil.');
INSERT INTO step(recipe_id, step_order, details) VALUES (10, 3, 'Preheat the grill to medium-high heat.');
INSERT INTO step(recipe_id, step_order, details) VALUES (10, 4, 'Bring the mixture to a boil, then reduce the heat and let it simmer for 25-30 minutes, or until the lentils are tender.');
INSERT INTO step(recipe_id, step_order, details) VALUES (10, 5, 'Pour the batter into the prepared baking pan.');
INSERT INTO step(recipe_id, step_order, details) VALUES (10, 6, 'Heat a large skillet over medium heat and add olive oil.');
INSERT INTO step(recipe_id, step_order, details) VALUES (10, 7, 'Whisk in the flour to create a roux, cooking for 1-2 minutes.');
INSERT INTO step(recipe_id, step_order, details) VALUES (10, 8, 'Garnish with fresh herbs and serve warm."');
INSERT INTO step(recipe_id, step_order, details) VALUES (10, 9, 'Spread the potato wedges in a single layer on a baking sheet.');
INSERT INTO step(recipe_id, step_order, details) VALUES (11, 1, 'Spread the potato wedges in a single layer on a baking sheet.');
INSERT INTO step(recipe_id, step_order, details) VALUES (11, 2, 'Preheat the oven to 400°F (200°C).');
INSERT INTO step(recipe_id, step_order, details) VALUES (11, 3, 'Remove the foil and bake for an additional 5-10 minutes to allow the top to brown slightly.');
INSERT INTO step(recipe_id, step_order, details) VALUES (11, 4, 'Bring the mixture to a simmer and cook until thickened, about 3-5 minutes.');
INSERT INTO step(recipe_id, step_order, details) VALUES (11, 5, 'Season the meat with salt, pepper, and your favorite spices.');
INSERT INTO step(recipe_id, step_order, details) VALUES (11, 6, 'In another bowl, whisk together the eggs, milk, and melted butter.');
INSERT INTO step(recipe_id, step_order, details) VALUES (11, 7, 'Chop the vegetables into bite-sized pieces.');
INSERT INTO step(recipe_id, step_order, details) VALUES (11, 8, 'Bring the mixture to a boil, then reduce the heat and let it simmer for 25-30 minutes, or until the lentils are tender.');
INSERT INTO step(recipe_id, step_order, details) VALUES (11, 9, 'Thread the marinated meat and vegetables onto skewers.');
INSERT INTO step(recipe_id, step_order, details) VALUES (11, 10, 'Season with salt and pepper to taste.');
INSERT INTO step(recipe_id, step_order, details) VALUES (11, 11, 'Fold in any additional ingredients like chocolate chips or nuts.');
INSERT INTO step(recipe_id, step_order, details) VALUES (11, 12, 'Bring the mixture to a simmer and cook until thickened, about 3-5 minutes.');
INSERT INTO step(recipe_id, step_order, details) VALUES (11, 13, 'Add the bay leaf, thyme, salt, and pepper.');
INSERT INTO step(recipe_id, step_order, details) VALUES (11, 14, 'Bake in the preheated oven for 25-30 minutes, or until a toothpick inserted into the center comes out clean.');
INSERT INTO step(recipe_id, step_order, details) VALUES (12, 1, 'Remove the skewers from the grill and let rest for a few minutes before serving.');
INSERT INTO step(recipe_id, step_order, details) VALUES (12, 2, 'Serve the potato wedges with the dipping sauce on the side."');
INSERT INTO step(recipe_id, step_order, details) VALUES (12, 3, 'Serve hot, garnished with fresh herbs or a dollop of yogurt if desired."');
INSERT INTO step(recipe_id, step_order, details) VALUES (12, 4, 'Once cooled, cut into squares and serve.');
INSERT INTO step(recipe_id, step_order, details) VALUES (12, 5, 'Fold in any additional ingredients like chocolate chips or nuts.');
INSERT INTO step(recipe_id, step_order, details) VALUES (12, 6, 'Whisk in the flour to create a roux, cooking for 1-2 minutes.');
INSERT INTO step(recipe_id, step_order, details) VALUES (12, 7, 'Grease and flour a baking pan.');
INSERT INTO step(recipe_id, step_order, details) VALUES (12, 8, 'Serve hot, garnished with fresh herbs or a dollop of yogurt if desired."');
INSERT INTO step(recipe_id, step_order, details) VALUES (12, 9, 'Season with salt and pepper to taste.');
INSERT INTO step(recipe_id, step_order, details) VALUES (13, 1, 'Gradually whisk in the milk, stirring continuously to avoid lumps.');
INSERT INTO step(recipe_id, step_order, details) VALUES (13, 2, 'Garnish with fresh herbs and serve warm."');
INSERT INTO step(recipe_id, step_order, details) VALUES (13, 3, 'In another bowl, whisk together the eggs, milk, and melted butter.');
INSERT INTO step(recipe_id, step_order, details) VALUES (13, 4, 'Pour the sauce or broth over the meat and vegetables.');
INSERT INTO step(recipe_id, step_order, details) VALUES (13, 5, 'Stir in the grated cheese until melted and smooth.');
INSERT INTO step(recipe_id, step_order, details) VALUES (13, 6, 'Use an immersion blender to puree the soup to your desired consistency.');
INSERT INTO step(recipe_id, step_order, details) VALUES (13, 7, 'Marinate the meat with your choice of marinade for at least 30 minutes.');
INSERT INTO step(recipe_id, step_order, details) VALUES (13, 8, 'Add the cooked pasta to the cheese sauce and mix until well combined.');
INSERT INTO step(recipe_id, step_order, details) VALUES (13, 9, 'Preheat the oven to 350°F (175°C).');
INSERT INTO step(recipe_id, step_order, details) VALUES (14, 1, 'Remove the foil and bake for an additional 5-10 minutes to allow the top to brown slightly.');
INSERT INTO step(recipe_id, step_order, details) VALUES (14, 2, 'Rinse and drain the lentils.');
INSERT INTO step(recipe_id, step_order, details) VALUES (14, 3, 'While the potatoes are baking, prepare your dipping sauce by mixing mayonnaise, ketchup, and a dash of hot sauce.');
INSERT INTO step(recipe_id, step_order, details) VALUES (14, 4, 'Thread the marinated meat and vegetables onto skewers.');
INSERT INTO step(recipe_id, step_order, details) VALUES (14, 5, 'In the same skillet, cook the meat until browned on all sides.');
INSERT INTO step(recipe_id, step_order, details) VALUES (14, 6, 'Sauté the onions and garlic until they become translucent, about 3-5 minutes.');
INSERT INTO step(recipe_id, step_order, details) VALUES (14, 7, 'In the same skillet, cook the meat until browned on all sides.');
INSERT INTO step(recipe_id, step_order, details) VALUES (14, 8, 'Garnish with fresh herbs and serve warm."');
INSERT INTO step(recipe_id, step_order, details) VALUES (14, 9, 'In the same skillet, cook the meat until browned on all sides.');
INSERT INTO step(recipe_id, step_order, details) VALUES (14, 10, 'Place the skewers on the preheated grill.');
INSERT INTO step(recipe_id, step_order, details) VALUES (14, 11, 'Marinate the meat with your choice of marinade for at least 30 minutes.');
INSERT INTO step(recipe_id, step_order, details) VALUES (14, 12, 'Once cooled, cut into squares and serve.');
INSERT INTO step(recipe_id, step_order, details) VALUES (15, 1, 'Bake in the preheated oven for 25-30 minutes, or until a toothpick inserted into the center comes out clean.');
INSERT INTO step(recipe_id, step_order, details) VALUES (15, 2, 'Remove the bay leaf and discard.');
INSERT INTO step(recipe_id, step_order, details) VALUES (15, 3, 'Stir in the grated cheese until melted and smooth.');
INSERT INTO step(recipe_id, step_order, details) VALUES (15, 4, 'Grease and flour a baking pan.');
INSERT INTO step(recipe_id, step_order, details) VALUES (15, 5, 'Remove the potato wedges from the oven and let cool slightly before serving.');
INSERT INTO step(recipe_id, step_order, details) VALUES (15, 6, 'Add the chopped vegetables to the skillet and cook for an additional 5-7 minutes.');
INSERT INTO step(recipe_id, step_order, details) VALUES (15, 7, 'Preheat the oven to 375°F (190°C).');
INSERT INTO step(recipe_id, step_order, details) VALUES (15, 8, 'Transfer the sautéed vegetables to a baking dish.');
INSERT INTO step(recipe_id, step_order, details) VALUES (15, 9, 'Stir in the grated cheese until melted and smooth.');
INSERT INTO step(recipe_id, step_order, details) VALUES (15, 10, 'Add the chopped vegetables to the skillet and cook for an additional 5-7 minutes.');
INSERT INTO step(recipe_id, step_order, details) VALUES (15, 11, 'In a large pot, heat the olive oil over medium heat.');
INSERT INTO step(recipe_id, step_order, details) VALUES (15, 12, '');
INSERT INTO step(recipe_id, step_order, details) VALUES (15, 13, 'Combine the cooked meat with the vegetables in the baking dish.');
INSERT INTO step(recipe_id, step_order, details) VALUES (16, 1, 'Pour the wet ingredients into the dry ingredients and stir until just combined.');
INSERT INTO step(recipe_id, step_order, details) VALUES (16, 2, 'Serve immediately, garnished with extra cheese and fresh herbs if desired."');
INSERT INTO step(recipe_id, step_order, details) VALUES (16, 3, 'Place the skewers on the preheated grill.');
INSERT INTO step(recipe_id, step_order, details) VALUES (16, 4, 'Add the diced onions, carrots, and celery, and cook until the onions are translucent, about 5 minutes.');
INSERT INTO step(recipe_id, step_order, details) VALUES (16, 5, 'Place the skewers on the preheated grill.');
INSERT INTO step(recipe_id, step_order, details) VALUES (16, 6, '');
INSERT INTO step(recipe_id, step_order, details) VALUES (16, 7, 'Add a pinch of salt to the boiling water.');
INSERT INTO step(recipe_id, step_order, details) VALUES (17, 1, 'In the same skillet, cook the meat until browned on all sides.');
INSERT INTO step(recipe_id, step_order, details) VALUES (17, 2, 'Bake in the preheated oven for 20-25 minutes, turning once halfway through, until the potatoes are golden brown and crispy.');
INSERT INTO step(recipe_id, step_order, details) VALUES (17, 3, 'Preheat the oven to 375°F (190°C).');
INSERT INTO step(recipe_id, step_order, details) VALUES (17, 4, 'Bring the mixture to a simmer and cook until thickened, about 3-5 minutes.');
INSERT INTO step(recipe_id, step_order, details) VALUES (17, 5, 'Drain the pasta and set aside.');
INSERT INTO step(recipe_id, step_order, details) VALUES (17, 6, 'Pour the wet ingredients into the dry ingredients and stir until just combined.');
INSERT INTO step(recipe_id, step_order, details) VALUES (17, 7, 'Transfer the sautéed vegetables to a baking dish.');
INSERT INTO step(recipe_id, step_order, details) VALUES (17, 8, 'Serve the potato wedges with the dipping sauce on the side."');
INSERT INTO step(recipe_id, step_order, details) VALUES (17, 9, 'Heat a large skillet over medium heat and add olive oil.');
INSERT INTO step(recipe_id, step_order, details) VALUES (17, 10, 'Preheat the oven to 400°F (200°C).');
INSERT INTO step(recipe_id, step_order, details) VALUES (18, 1, 'Pour the batter into the prepared baking pan.');
INSERT INTO step(recipe_id, step_order, details) VALUES (18, 2, 'Transfer the sautéed vegetables to a baking dish.');
INSERT INTO step(recipe_id, step_order, details) VALUES (18, 3, 'Use an immersion blender to puree the soup to your desired consistency.');
INSERT INTO step(recipe_id, step_order, details) VALUES (18, 4, 'Stir in the grated cheese until melted and smooth.');
INSERT INTO step(recipe_id, step_order, details) VALUES (18, 5, 'Chop the vegetables into bite-sized pieces.');
INSERT INTO step(recipe_id, step_order, details) VALUES (18, 6, 'Rinse and drain the lentils.');
INSERT INTO step(recipe_id, step_order, details) VALUES (18, 7, 'Serve the skewers with a side of rice or salad.');
INSERT INTO step(recipe_id, step_order, details) VALUES (18, 8, 'Preheat the oven to 350°F (175°C).');
INSERT INTO step(recipe_id, step_order, details) VALUES (18, 9, 'Preheat the oven to 350°F (175°C).');
INSERT INTO step(recipe_id, step_order, details) VALUES (19, 1, 'Remove the bay leaf and discard.');
INSERT INTO step(recipe_id, step_order, details) VALUES (19, 2, 'Rinse and drain the lentils.');
INSERT INTO step(recipe_id, step_order, details) VALUES (19, 3, 'While the potatoes are baking, prepare your dipping sauce by mixing mayonnaise, ketchup, and a dash of hot sauce.');
INSERT INTO step(recipe_id, step_order, details) VALUES (19, 4, 'Season the meat with salt, pepper, and your favorite spices.');
INSERT INTO step(recipe_id, step_order, details) VALUES (19, 5, 'Add the diced onions, carrots, and celery, and cook until the onions are translucent, about 5 minutes.');
INSERT INTO step(recipe_id, step_order, details) VALUES (19, 6, 'Allow to cool in the pan for 10 minutes before transferring to a wire rack to cool completely.');
INSERT INTO step(recipe_id, step_order, details) VALUES (19, 7, 'Chop the vegetables into bite-sized pieces.');
INSERT INTO step(recipe_id, step_order, details) VALUES (19, 8, 'Transfer the sautéed vegetables to a baking dish.');
INSERT INTO step(recipe_id, step_order, details) VALUES (19, 9, 'Pour the batter into the prepared baking pan.');
INSERT INTO step(recipe_id, step_order, details) VALUES (19, 10, 'Place the skewers on the preheated grill.');
INSERT INTO step(recipe_id, step_order, details) VALUES (19, 11, 'Pour the wet ingredients into the dry ingredients and stir until just combined.');
INSERT INTO step(recipe_id, step_order, details) VALUES (20, 1, 'Season with salt and pepper to taste.');
INSERT INTO step(recipe_id, step_order, details) VALUES (20, 2, 'Drain the pasta and set aside.');
INSERT INTO step(recipe_id, step_order, details) VALUES (20, 3, 'Preheat the oven to 400°F (200°C).');
INSERT INTO step(recipe_id, step_order, details) VALUES (20, 4, 'Cut the potatoes into wedges.');
INSERT INTO step(recipe_id, step_order, details) VALUES (20, 5, 'Spread the potato wedges in a single layer on a baking sheet.');
INSERT INTO step(recipe_id, step_order, details) VALUES (20, 6, 'Use an immersion blender to puree the soup to your desired consistency.');
INSERT INTO step(recipe_id, step_order, details) VALUES (20, 7, 'In a large pot, heat the olive oil over medium heat.');
INSERT INTO step(recipe_id, step_order, details) VALUES (20, 8, 'Remove the potato wedges from the oven and let cool slightly before serving.');
INSERT INTO step(recipe_id, step_order, details) VALUES (20, 9, 'In a large pot, heat the olive oil over medium heat.');
INSERT INTO step(recipe_id, step_order, details) VALUES (21, 1, 'Remove from the oven and let it rest for a few minutes before serving.');
INSERT INTO step(recipe_id, step_order, details) VALUES (21, 2, 'Stir in the grated cheese until melted and smooth.');
INSERT INTO step(recipe_id, step_order, details) VALUES (21, 3, 'Fold in any additional ingredients like chocolate chips or nuts.');
INSERT INTO step(recipe_id, step_order, details) VALUES (21, 4, 'Preheat the oven to 375°F (190°C).');
INSERT INTO step(recipe_id, step_order, details) VALUES (21, 5, 'While the potatoes are baking, prepare your dipping sauce by mixing mayonnaise, ketchup, and a dash of hot sauce.');
INSERT INTO step(recipe_id, step_order, details) VALUES (21, 6, 'Add a pinch of salt to the boiling water.');
INSERT INTO step(recipe_id, step_order, details) VALUES (21, 7, 'Place the skewers on the preheated grill.');
INSERT INTO step(recipe_id, step_order, details) VALUES (21, 8, 'Remove the foil and bake for an additional 5-10 minutes to allow the top to brown slightly.');
INSERT INTO step(recipe_id, step_order, details) VALUES (21, 9, '');
INSERT INTO step(recipe_id, step_order, details) VALUES (21, 10, 'In a large bowl, mix together the flour, sugar, baking powder, and salt.');
INSERT INTO step(recipe_id, step_order, details) VALUES (21, 11, 'Season the meat with salt, pepper, and your favorite spices.');
INSERT INTO step(recipe_id, step_order, details) VALUES (21, 12, 'Heat a large skillet over medium heat and add olive oil.');
INSERT INTO step(recipe_id, step_order, details) VALUES (21, 13, 'Cover the baking dish with aluminum foil.');
INSERT INTO step(recipe_id, step_order, details) VALUES (21, 14, 'Serve immediately, garnished with extra cheese and fresh herbs if desired."');
INSERT INTO step(recipe_id, step_order, details) VALUES (22, 1, '');
INSERT INTO step(recipe_id, step_order, details) VALUES (22, 2, 'Marinate the meat with your choice of marinade for at least 30 minutes.');
INSERT INTO step(recipe_id, step_order, details) VALUES (22, 3, 'Place the skewers on the preheated grill.');
INSERT INTO step(recipe_id, step_order, details) VALUES (22, 4, 'Preheat the oven to 375°F (190°C).');
INSERT INTO step(recipe_id, step_order, details) VALUES (22, 5, 'Pour the batter into the prepared baking pan.');
INSERT INTO step(recipe_id, step_order, details) VALUES (22, 6, 'Grease and flour a baking pan.');
INSERT INTO step(recipe_id, step_order, details) VALUES (22, 7, 'Bring a large pot of water to a boil.');
INSERT INTO step(recipe_id, step_order, details) VALUES (23, 1, 'Chop the vegetables into bite-sized pieces.');
INSERT INTO step(recipe_id, step_order, details) VALUES (23, 2, 'In a medium saucepan, melt the butter over medium heat.');
INSERT INTO step(recipe_id, step_order, details) VALUES (23, 3, 'Preheat the oven to 375°F (190°C).');
INSERT INTO step(recipe_id, step_order, details) VALUES (23, 4, 'Pour the sauce or broth over the meat and vegetables.');
INSERT INTO step(recipe_id, step_order, details) VALUES (23, 5, 'Garnish with fresh herbs and serve warm."');
INSERT INTO step(recipe_id, step_order, details) VALUES (23, 6, 'Rinse and drain the lentils.');
INSERT INTO step(recipe_id, step_order, details) VALUES (24, 1, 'Bring a large pot of water to a boil.');
INSERT INTO step(recipe_id, step_order, details) VALUES (24, 2, 'In a medium saucepan, melt the butter over medium heat.');
INSERT INTO step(recipe_id, step_order, details) VALUES (24, 3, 'Season with salt and pepper to taste.');
INSERT INTO step(recipe_id, step_order, details) VALUES (24, 4, 'Cut the potatoes into wedges.');
INSERT INTO step(recipe_id, step_order, details) VALUES (24, 5, 'Gradually whisk in the milk, stirring continuously to avoid lumps.');
INSERT INTO step(recipe_id, step_order, details) VALUES (24, 6, 'Bake in the preheated oven for 25-30 minutes, or until a toothpick inserted into the center comes out clean.');
INSERT INTO step(recipe_id, step_order, details) VALUES (24, 7, 'In a large bowl, toss the potato wedges with olive oil, salt, pepper, and any desired seasonings.');
INSERT INTO step(recipe_id, step_order, details) VALUES (24, 8, 'Remove from the oven and let it rest for a few minutes before serving.');
INSERT INTO step(recipe_id, step_order, details) VALUES (24, 9, 'Season the meat with salt, pepper, and your favorite spices.');
INSERT INTO step(recipe_id, step_order, details) VALUES (24, 10, 'Pour the wet ingredients into the dry ingredients and stir until just combined.');
INSERT INTO step(recipe_id, step_order, details) VALUES (25, 1, 'Stir in the lentils, tomatoes, and vegetable broth.');
INSERT INTO step(recipe_id, step_order, details) VALUES (25, 2, 'Remove the bay leaf and discard.');
INSERT INTO step(recipe_id, step_order, details) VALUES (25, 3, 'Cook the pasta according to the package instructions until al dente.');
INSERT INTO step(recipe_id, step_order, details) VALUES (25, 4, 'Gradually whisk in the milk, stirring continuously to avoid lumps.');
INSERT INTO step(recipe_id, step_order, details) VALUES (25, 5, 'Fold in any additional ingredients like chocolate chips or nuts.');
INSERT INTO step(recipe_id, step_order, details) VALUES (25, 6, 'Once cooled, cut into squares and serve.');
INSERT INTO step(recipe_id, step_order, details) VALUES (25, 7, 'Marinate the meat with your choice of marinade for at least 30 minutes.');
INSERT INTO step(recipe_id, step_order, details) VALUES (25, 8, 'Season with salt and pepper to taste.');
INSERT INTO step(recipe_id, step_order, details) VALUES (25, 9, 'Preheat the oven to 400°F (200°C).');
INSERT INTO step(recipe_id, step_order, details) VALUES (25, 10, 'Serve immediately, garnished with extra cheese and fresh herbs if desired."');
INSERT INTO step(recipe_id, step_order, details) VALUES (25, 11, 'Serve immediately, garnished with extra cheese and fresh herbs if desired."');
INSERT INTO step(recipe_id, step_order, details) VALUES (26, 1, 'Add the minced garlic and cook for another minute.');
INSERT INTO step(recipe_id, step_order, details) VALUES (26, 2, 'Spread the potato wedges in a single layer on a baking sheet.');
INSERT INTO step(recipe_id, step_order, details) VALUES (26, 3, 'Remove the skewers from the grill and let rest for a few minutes before serving.');
INSERT INTO step(recipe_id, step_order, details) VALUES (26, 4, 'In the same skillet, cook the meat until browned on all sides.');
INSERT INTO step(recipe_id, step_order, details) VALUES (26, 5, 'Gradually whisk in the milk, stirring continuously to avoid lumps.');
INSERT INTO step(recipe_id, step_order, details) VALUES (26, 6, 'Garnish with fresh herbs and serve warm."');
INSERT INTO step(recipe_id, step_order, details) VALUES (26, 7, 'Sauté the onions and garlic until they become translucent, about 3-5 minutes.');
INSERT INTO step(recipe_id, step_order, details) VALUES (26, 8, 'Use an immersion blender to puree the soup to your desired consistency.');
INSERT INTO step(recipe_id, step_order, details) VALUES (26, 9, 'Use an immersion blender to puree the soup to your desired consistency.');
INSERT INTO step(recipe_id, step_order, details) VALUES (27, 1, 'Drain the pasta and set aside.');
INSERT INTO step(recipe_id, step_order, details) VALUES (27, 2, 'Chop the vegetables into bite-sized pieces.');
INSERT INTO step(recipe_id, step_order, details) VALUES (27, 3, 'Allow to cool in the pan for 10 minutes before transferring to a wire rack to cool completely.');
INSERT INTO step(recipe_id, step_order, details) VALUES (27, 4, 'Add the bay leaf, thyme, salt, and pepper.');
INSERT INTO step(recipe_id, step_order, details) VALUES (27, 5, 'Pour the wet ingredients into the dry ingredients and stir until just combined.');
INSERT INTO step(recipe_id, step_order, details) VALUES (27, 6, 'In a medium saucepan, melt the butter over medium heat.');
INSERT INTO step(recipe_id, step_order, details) VALUES (27, 7, 'Grill the skewers for 10-15 minutes, turning occasionally, until the meat is cooked through and the vegetables are tender.');
INSERT INTO step(recipe_id, step_order, details) VALUES (27, 8, 'Pour the batter into the prepared baking pan.');
INSERT INTO step(recipe_id, step_order, details) VALUES (27, 9, 'Serve the potato wedges with the dipping sauce on the side."');
INSERT INTO step(recipe_id, step_order, details) VALUES (28, 1, 'Grill the skewers for 10-15 minutes, turning occasionally, until the meat is cooked through and the vegetables are tender.');
INSERT INTO step(recipe_id, step_order, details) VALUES (28, 2, 'Add a pinch of salt to the boiling water.');
INSERT INTO step(recipe_id, step_order, details) VALUES (28, 3, 'Thread the marinated meat and vegetables onto skewers.');
INSERT INTO step(recipe_id, step_order, details) VALUES (28, 4, 'Serve the potato wedges with the dipping sauce on the side."');
INSERT INTO step(recipe_id, step_order, details) VALUES (28, 5, 'Remove the potato wedges from the oven and let cool slightly before serving.');
INSERT INTO step(recipe_id, step_order, details) VALUES (28, 6, 'Sauté the onions and garlic until they become translucent, about 3-5 minutes.');
INSERT INTO step(recipe_id, step_order, details) VALUES (28, 7, 'In another bowl, whisk together the eggs, milk, and melted butter.');
INSERT INTO step(recipe_id, step_order, details) VALUES (29, 1, 'Grill the skewers for 10-15 minutes, turning occasionally, until the meat is cooked through and the vegetables are tender.');
INSERT INTO step(recipe_id, step_order, details) VALUES (29, 2, 'Whisk in the flour to create a roux, cooking for 1-2 minutes.');
INSERT INTO step(recipe_id, step_order, details) VALUES (29, 3, 'Preheat the oven to 375°F (190°C).');
INSERT INTO step(recipe_id, step_order, details) VALUES (29, 4, 'Gradually whisk in the milk, stirring continuously to avoid lumps.');
INSERT INTO step(recipe_id, step_order, details) VALUES (29, 5, 'Preheat the oven to 350°F (175°C).');
INSERT INTO step(recipe_id, step_order, details) VALUES (29, 6, 'Rinse and drain the lentils.');
INSERT INTO step(recipe_id, step_order, details) VALUES (29, 7, 'In a large bowl, toss the potato wedges with olive oil, salt, pepper, and any desired seasonings.');
INSERT INTO step(recipe_id, step_order, details) VALUES (29, 8, 'Combine the cooked meat with the vegetables in the baking dish.');
INSERT INTO step(recipe_id, step_order, details) VALUES (29, 9, 'In a medium saucepan, melt the butter over medium heat.');
INSERT INTO step(recipe_id, step_order, details) VALUES (30, 1, 'Grill the skewers for 10-15 minutes, turning occasionally, until the meat is cooked through and the vegetables are tender.');
INSERT INTO step(recipe_id, step_order, details) VALUES (30, 2, 'Pour the batter into the prepared baking pan.');
INSERT INTO step(recipe_id, step_order, details) VALUES (30, 3, 'Remove the potato wedges from the oven and let cool slightly before serving.');
INSERT INTO step(recipe_id, step_order, details) VALUES (30, 4, 'While the potatoes are baking, prepare your dipping sauce by mixing mayonnaise, ketchup, and a dash of hot sauce.');
INSERT INTO step(recipe_id, step_order, details) VALUES (30, 5, 'Remove the bay leaf and discard.');
INSERT INTO step(recipe_id, step_order, details) VALUES (30, 6, 'Cook the pasta according to the package instructions until al dente.');
INSERT INTO step(recipe_id, step_order, details) VALUES (30, 7, 'In a medium saucepan, melt the butter over medium heat.');
INSERT INTO step(recipe_id, step_order, details) VALUES (30, 8, 'Add the diced onions, carrots, and celery, and cook until the onions are translucent, about 5 minutes.');
INSERT INTO step(recipe_id, step_order, details) VALUES (30, 9, 'Stir in the lentils, tomatoes, and vegetable broth.');
INSERT INTO step(recipe_id, step_order, details) VALUES (31, 1, 'Stir in the grated cheese until melted and smooth.');
INSERT INTO step(recipe_id, step_order, details) VALUES (31, 2, 'Serve hot, garnished with fresh herbs or a dollop of yogurt if desired."');
INSERT INTO step(recipe_id, step_order, details) VALUES (31, 3, 'Bake in the preheated oven for 25-30 minutes, or until the meat is cooked through and the vegetables are tender.');
INSERT INTO step(recipe_id, step_order, details) VALUES (31, 4, 'In a medium saucepan, melt the butter over medium heat.');
INSERT INTO step(recipe_id, step_order, details) VALUES (31, 5, 'Spread the potato wedges in a single layer on a baking sheet.');
INSERT INTO step(recipe_id, step_order, details) VALUES (31, 6, 'Serve immediately, garnished with extra cheese and fresh herbs if desired."');
INSERT INTO step(recipe_id, step_order, details) VALUES (31, 7, 'Combine the cooked meat with the vegetables in the baking dish.');
INSERT INTO step(recipe_id, step_order, details) VALUES (31, 8, 'Preheat the oven to 375°F (190°C).');
INSERT INTO step(recipe_id, step_order, details) VALUES (31, 9, 'Marinate the meat with your choice of marinade for at least 30 minutes.');
INSERT INTO step(recipe_id, step_order, details) VALUES (31, 10, 'Pour the wet ingredients into the dry ingredients and stir until just combined.');
INSERT INTO step(recipe_id, step_order, details) VALUES (31, 11, 'In the same skillet, cook the meat until browned on all sides.');
INSERT INTO step(recipe_id, step_order, details) VALUES (31, 12, 'Whisk in the flour to create a roux, cooking for 1-2 minutes.');
INSERT INTO step(recipe_id, step_order, details) VALUES (32, 1, 'Remove from the oven and let it rest for a few minutes before serving.');
INSERT INTO step(recipe_id, step_order, details) VALUES (32, 2, 'Bring the mixture to a boil, then reduce the heat and let it simmer for 25-30 minutes, or until the lentils are tender.');
INSERT INTO step(recipe_id, step_order, details) VALUES (32, 3, 'Bring a large pot of water to a boil.');
INSERT INTO step(recipe_id, step_order, details) VALUES (32, 4, 'In a large bowl, toss the potato wedges with olive oil, salt, pepper, and any desired seasonings.');
INSERT INTO step(recipe_id, step_order, details) VALUES (32, 5, 'Bake in the preheated oven for 25-30 minutes, or until a toothpick inserted into the center comes out clean.');
INSERT INTO step(recipe_id, step_order, details) VALUES (32, 6, 'Remove the potato wedges from the oven and let cool slightly before serving.');
INSERT INTO step(recipe_id, step_order, details) VALUES (32, 7, 'In a large pot, heat the olive oil over medium heat.');
INSERT INTO step(recipe_id, step_order, details) VALUES (32, 8, 'Stir in the lentils, tomatoes, and vegetable broth.');
INSERT INTO step(recipe_id, step_order, details) VALUES (32, 9, 'Rinse and drain the lentils.');
INSERT INTO step(recipe_id, step_order, details) VALUES (32, 10, 'In a large pot, heat the olive oil over medium heat.');
INSERT INTO step(recipe_id, step_order, details) VALUES (32, 11, 'Remove the potato wedges from the oven and let cool slightly before serving.');
INSERT INTO step(recipe_id, step_order, details) VALUES (32, 12, 'Allow to cool in the pan for 10 minutes before transferring to a wire rack to cool completely.');
INSERT INTO step(recipe_id, step_order, details) VALUES (33, 1, 'Bring the mixture to a boil, then reduce the heat and let it simmer for 25-30 minutes, or until the lentils are tender.');
INSERT INTO step(recipe_id, step_order, details) VALUES (33, 2, 'Remove the foil and bake for an additional 5-10 minutes to allow the top to brown slightly.');
INSERT INTO step(recipe_id, step_order, details) VALUES (33, 3, 'Allow to cool in the pan for 10 minutes before transferring to a wire rack to cool completely.');
INSERT INTO step(recipe_id, step_order, details) VALUES (33, 4, 'Chop the vegetables into bite-sized pieces.');
INSERT INTO step(recipe_id, step_order, details) VALUES (33, 5, 'Fold in any additional ingredients like chocolate chips or nuts.');
INSERT INTO step(recipe_id, step_order, details) VALUES (33, 6, 'In the same skillet, cook the meat until browned on all sides.');
INSERT INTO step(recipe_id, step_order, details) VALUES (34, 1, 'In the same skillet, cook the meat until browned on all sides.');
INSERT INTO step(recipe_id, step_order, details) VALUES (34, 2, 'Garnish with fresh herbs and serve warm."');
INSERT INTO step(recipe_id, step_order, details) VALUES (34, 3, 'Marinate the meat with your choice of marinade for at least 30 minutes.');
INSERT INTO step(recipe_id, step_order, details) VALUES (34, 4, 'Add a pinch of salt to the boiling water.');
INSERT INTO step(recipe_id, step_order, details) VALUES (34, 5, 'In a medium saucepan, melt the butter over medium heat.');
INSERT INTO step(recipe_id, step_order, details) VALUES (34, 6, 'Cook the pasta according to the package instructions until al dente.');
INSERT INTO step(recipe_id, step_order, details) VALUES (34, 7, '');
INSERT INTO step(recipe_id, step_order, details) VALUES (34, 8, 'Season with salt and pepper to taste.');
INSERT INTO step(recipe_id, step_order, details) VALUES (34, 9, 'Pour the wet ingredients into the dry ingredients and stir until just combined.');
INSERT INTO step(recipe_id, step_order, details) VALUES (34, 10, 'Preheat the oven to 400°F (200°C).');
INSERT INTO step(recipe_id, step_order, details) VALUES (34, 11, 'Add a pinch of salt to the boiling water.');
INSERT INTO step(recipe_id, step_order, details) VALUES (34, 12, 'Add the bay leaf, thyme, salt, and pepper.');
INSERT INTO step(recipe_id, step_order, details) VALUES (34, 13, 'Cover the baking dish with aluminum foil.');
INSERT INTO step(recipe_id, step_order, details) VALUES (34, 14, 'Bring the mixture to a simmer and cook until thickened, about 3-5 minutes.');
INSERT INTO step(recipe_id, step_order, details) VALUES (35, 1, 'Heat a large skillet over medium heat and add olive oil.');
INSERT INTO step(recipe_id, step_order, details) VALUES (35, 2, 'Bring the mixture to a boil, then reduce the heat and let it simmer for 25-30 minutes, or until the lentils are tender.');
INSERT INTO step(recipe_id, step_order, details) VALUES (35, 3, 'Cook the pasta according to the package instructions until al dente.');
INSERT INTO step(recipe_id, step_order, details) VALUES (35, 4, 'Remove the skewers from the grill and let rest for a few minutes before serving.');
INSERT INTO step(recipe_id, step_order, details) VALUES (35, 5, 'Cut the potatoes into wedges.');
INSERT INTO step(recipe_id, step_order, details) VALUES (35, 6, 'Add the bay leaf, thyme, salt, and pepper.');
INSERT INTO step(recipe_id, step_order, details) VALUES (35, 7, 'Cook the pasta according to the package instructions until al dente.');
INSERT INTO step(recipe_id, step_order, details) VALUES (35, 8, 'Whisk in the flour to create a roux, cooking for 1-2 minutes.');
INSERT INTO step(recipe_id, step_order, details) VALUES (36, 1, 'Grill the skewers for 10-15 minutes, turning occasionally, until the meat is cooked through and the vegetables are tender.');
INSERT INTO step(recipe_id, step_order, details) VALUES (36, 2, 'Stir in the grated cheese until melted and smooth.');
INSERT INTO step(recipe_id, step_order, details) VALUES (36, 3, 'Add the diced onions, carrots, and celery, and cook until the onions are translucent, about 5 minutes.');
INSERT INTO step(recipe_id, step_order, details) VALUES (36, 4, 'Remove the potato wedges from the oven and let cool slightly before serving.');
INSERT INTO step(recipe_id, step_order, details) VALUES (36, 5, 'Preheat the oven to 400°F (200°C).');
INSERT INTO step(recipe_id, step_order, details) VALUES (36, 6, 'Rinse and drain the lentils.');
INSERT INTO step(recipe_id, step_order, details) VALUES (36, 7, 'Remove the bay leaf and discard.');
INSERT INTO step(recipe_id, step_order, details) VALUES (36, 8, 'Place the skewers on the preheated grill.');
INSERT INTO step(recipe_id, step_order, details) VALUES (36, 9, 'Bring a large pot of water to a boil.');
INSERT INTO step(recipe_id, step_order, details) VALUES (36, 10, 'Fold in any additional ingredients like chocolate chips or nuts.');
INSERT INTO step(recipe_id, step_order, details) VALUES (36, 11, 'Drain the pasta and set aside.');
INSERT INTO step(recipe_id, step_order, details) VALUES (36, 12, 'Add the diced onions, carrots, and celery, and cook until the onions are translucent, about 5 minutes.');
INSERT INTO step(recipe_id, step_order, details) VALUES (36, 13, 'Place the skewers on the preheated grill.');
INSERT INTO step(recipe_id, step_order, details) VALUES (36, 14, 'Pour the sauce or broth over the meat and vegetables.');
INSERT INTO step(recipe_id, step_order, details) VALUES (37, 1, 'Add the diced onions, carrots, and celery, and cook until the onions are translucent, about 5 minutes.');
INSERT INTO step(recipe_id, step_order, details) VALUES (37, 2, 'Fold in any additional ingredients like chocolate chips or nuts.');
INSERT INTO step(recipe_id, step_order, details) VALUES (37, 3, 'Spread the potato wedges in a single layer on a baking sheet.');
INSERT INTO step(recipe_id, step_order, details) VALUES (37, 4, '');
INSERT INTO step(recipe_id, step_order, details) VALUES (37, 5, 'In a medium saucepan, melt the butter over medium heat.');
INSERT INTO step(recipe_id, step_order, details) VALUES (37, 6, 'In a large bowl, toss the potato wedges with olive oil, salt, pepper, and any desired seasonings.');
INSERT INTO step(recipe_id, step_order, details) VALUES (38, 1, 'Bake in the preheated oven for 25-30 minutes, or until the meat is cooked through and the vegetables are tender.');
INSERT INTO step(recipe_id, step_order, details) VALUES (38, 2, 'Add the cooked pasta to the cheese sauce and mix until well combined.');
INSERT INTO step(recipe_id, step_order, details) VALUES (38, 3, 'Preheat the grill to medium-high heat.');
INSERT INTO step(recipe_id, step_order, details) VALUES (38, 4, 'Drain the pasta and set aside.');
INSERT INTO step(recipe_id, step_order, details) VALUES (38, 5, 'Rinse and drain the lentils.');
INSERT INTO step(recipe_id, step_order, details) VALUES (38, 6, 'Once cooled, cut into squares and serve.');
INSERT INTO step(recipe_id, step_order, details) VALUES (38, 7, 'Preheat the grill to medium-high heat.');
INSERT INTO step(recipe_id, step_order, details) VALUES (38, 8, 'Preheat the oven to 350°F (175°C).');
INSERT INTO step(recipe_id, step_order, details) VALUES (39, 1, 'Allow to cool in the pan for 10 minutes before transferring to a wire rack to cool completely.');
INSERT INTO step(recipe_id, step_order, details) VALUES (39, 2, 'Preheat the oven to 375°F (190°C).');
INSERT INTO step(recipe_id, step_order, details) VALUES (39, 3, 'Once cooled, cut into squares and serve.');
INSERT INTO step(recipe_id, step_order, details) VALUES (39, 4, 'Pour the wet ingredients into the dry ingredients and stir until just combined.');
INSERT INTO step(recipe_id, step_order, details) VALUES (39, 5, 'Add the chopped vegetables to the skillet and cook for an additional 5-7 minutes.');
INSERT INTO step(recipe_id, step_order, details) VALUES (39, 6, 'Add the cooked pasta to the cheese sauce and mix until well combined.');
INSERT INTO step(recipe_id, step_order, details) VALUES (39, 7, 'Add the minced garlic and cook for another minute.');
INSERT INTO step(recipe_id, step_order, details) VALUES (39, 8, 'Allow to cool in the pan for 10 minutes before transferring to a wire rack to cool completely.');
INSERT INTO step(recipe_id, step_order, details) VALUES (39, 9, 'Stir in the lentils, tomatoes, and vegetable broth.');
INSERT INTO step(recipe_id, step_order, details) VALUES (39, 10, 'Garnish with fresh herbs and serve warm."');
INSERT INTO step(recipe_id, step_order, details) VALUES (39, 11, 'Gradually whisk in the milk, stirring continuously to avoid lumps.');
INSERT INTO step(recipe_id, step_order, details) VALUES (39, 12, 'Remove the foil and bake for an additional 5-10 minutes to allow the top to brown slightly.');
INSERT INTO step(recipe_id, step_order, details) VALUES (39, 13, 'Remove the potato wedges from the oven and let cool slightly before serving.');
INSERT INTO step(recipe_id, step_order, details) VALUES (39, 14, 'Grill the skewers for 10-15 minutes, turning occasionally, until the meat is cooked through and the vegetables are tender.');
INSERT INTO step(recipe_id, step_order, details) VALUES (40, 1, 'Transfer the sautéed vegetables to a baking dish.');
INSERT INTO step(recipe_id, step_order, details) VALUES (40, 2, 'In a large pot, heat the olive oil over medium heat.');
INSERT INTO step(recipe_id, step_order, details) VALUES (40, 3, 'Rinse and drain the lentils.');
INSERT INTO step(recipe_id, step_order, details) VALUES (40, 4, 'Add the cooked pasta to the cheese sauce and mix until well combined.');
INSERT INTO step(recipe_id, step_order, details) VALUES (40, 5, 'Allow to cool in the pan for 10 minutes before transferring to a wire rack to cool completely.');
INSERT INTO step(recipe_id, step_order, details) VALUES (40, 6, 'Allow to cool in the pan for 10 minutes before transferring to a wire rack to cool completely.');
INSERT INTO step(recipe_id, step_order, details) VALUES (40, 7, 'Add the diced onions, carrots, and celery, and cook until the onions are translucent, about 5 minutes.');
INSERT INTO step(recipe_id, step_order, details) VALUES (40, 8, 'Thread the marinated meat and vegetables onto skewers.');
INSERT INTO step(recipe_id, step_order, details) VALUES (40, 9, 'In a large bowl, toss the potato wedges with olive oil, salt, pepper, and any desired seasonings.');
INSERT INTO step(recipe_id, step_order, details) VALUES (40, 10, 'Gradually whisk in the milk, stirring continuously to avoid lumps.');
INSERT INTO step(recipe_id, step_order, details) VALUES (40, 11, 'Spread the potato wedges in a single layer on a baking sheet.');
INSERT INTO step(recipe_id, step_order, details) VALUES (41, 1, 'In the same skillet, cook the meat until browned on all sides.');
INSERT INTO step(recipe_id, step_order, details) VALUES (41, 2, 'Bring the mixture to a boil, then reduce the heat and let it simmer for 25-30 minutes, or until the lentils are tender.');
INSERT INTO step(recipe_id, step_order, details) VALUES (41, 3, 'Bring the mixture to a simmer and cook until thickened, about 3-5 minutes.');
INSERT INTO step(recipe_id, step_order, details) VALUES (41, 4, 'Remove the skewers from the grill and let rest for a few minutes before serving.');
INSERT INTO step(recipe_id, step_order, details) VALUES (41, 5, 'Pour the sauce or broth over the meat and vegetables.');
INSERT INTO step(recipe_id, step_order, details) VALUES (41, 6, 'Serve immediately, garnished with extra cheese and fresh herbs if desired."');
INSERT INTO step(recipe_id, step_order, details) VALUES (41, 7, 'Preheat the oven to 350°F (175°C).');
INSERT INTO step(recipe_id, step_order, details) VALUES (41, 8, 'In a medium saucepan, melt the butter over medium heat.');
INSERT INTO step(recipe_id, step_order, details) VALUES (41, 9, 'Preheat the oven to 350°F (175°C).');
INSERT INTO step(recipe_id, step_order, details) VALUES (41, 10, 'Serve the potato wedges with the dipping sauce on the side."');
INSERT INTO step(recipe_id, step_order, details) VALUES (41, 11, 'Remove the foil and bake for an additional 5-10 minutes to allow the top to brown slightly.');
INSERT INTO step(recipe_id, step_order, details) VALUES (41, 12, 'Pour the sauce or broth over the meat and vegetables.');
INSERT INTO step(recipe_id, step_order, details) VALUES (42, 1, 'Gradually whisk in the milk, stirring continuously to avoid lumps.');
INSERT INTO step(recipe_id, step_order, details) VALUES (42, 2, 'Transfer the sautéed vegetables to a baking dish.');
INSERT INTO step(recipe_id, step_order, details) VALUES (42, 3, 'Bring a large pot of water to a boil.');
INSERT INTO step(recipe_id, step_order, details) VALUES (42, 4, 'Pour the wet ingredients into the dry ingredients and stir until just combined.');
INSERT INTO step(recipe_id, step_order, details) VALUES (42, 5, 'Remove the foil and bake for an additional 5-10 minutes to allow the top to brown slightly.');
INSERT INTO step(recipe_id, step_order, details) VALUES (42, 6, 'Add a pinch of salt to the boiling water.');
INSERT INTO step(recipe_id, step_order, details) VALUES (42, 7, 'Add the minced garlic and cook for another minute.');
INSERT INTO step(recipe_id, step_order, details) VALUES (42, 8, 'Remove the skewers from the grill and let rest for a few minutes before serving.');
INSERT INTO step(recipe_id, step_order, details) VALUES (42, 9, 'In a large bowl, mix together the flour, sugar, baking powder, and salt.');
INSERT INTO step(recipe_id, step_order, details) VALUES (42, 10, 'Allow to cool in the pan for 10 minutes before transferring to a wire rack to cool completely.');
INSERT INTO step(recipe_id, step_order, details) VALUES (42, 11, 'Stir in the lentils, tomatoes, and vegetable broth.');
INSERT INTO step(recipe_id, step_order, details) VALUES (42, 12, 'In another bowl, whisk together the eggs, milk, and melted butter.');
INSERT INTO step(recipe_id, step_order, details) VALUES (42, 13, 'In another bowl, whisk together the eggs, milk, and melted butter.');
INSERT INTO step(recipe_id, step_order, details) VALUES (43, 1, 'Pour the wet ingredients into the dry ingredients and stir until just combined.');
INSERT INTO step(recipe_id, step_order, details) VALUES (43, 2, 'Combine the cooked meat with the vegetables in the baking dish.');
INSERT INTO step(recipe_id, step_order, details) VALUES (43, 3, 'Pour the wet ingredients into the dry ingredients and stir until just combined.');
INSERT INTO step(recipe_id, step_order, details) VALUES (43, 4, 'Bring the mixture to a simmer and cook until thickened, about 3-5 minutes.');
INSERT INTO step(recipe_id, step_order, details) VALUES (43, 5, 'In another bowl, whisk together the eggs, milk, and melted butter.');
INSERT INTO step(recipe_id, step_order, details) VALUES (43, 6, 'In the same skillet, cook the meat until browned on all sides.');
INSERT INTO step(recipe_id, step_order, details) VALUES (43, 7, 'In the same skillet, cook the meat until browned on all sides.');
INSERT INTO step(recipe_id, step_order, details) VALUES (43, 8, 'Pour the wet ingredients into the dry ingredients and stir until just combined.');
INSERT INTO step(recipe_id, step_order, details) VALUES (43, 9, 'Cut the potatoes into wedges.');
INSERT INTO step(recipe_id, step_order, details) VALUES (43, 10, 'Spread the potato wedges in a single layer on a baking sheet.');
INSERT INTO step(recipe_id, step_order, details) VALUES (43, 11, 'Chop the vegetables into bite-sized pieces.');
INSERT INTO step(recipe_id, step_order, details) VALUES (43, 12, 'Season the meat with salt, pepper, and your favorite spices.');
INSERT INTO step(recipe_id, step_order, details) VALUES (43, 13, 'In a large pot, heat the olive oil over medium heat.');
INSERT INTO step(recipe_id, step_order, details) VALUES (43, 14, 'Remove from the oven and let it rest for a few minutes before serving.');
INSERT INTO step(recipe_id, step_order, details) VALUES (44, 1, 'Season with salt and pepper to taste.');
INSERT INTO step(recipe_id, step_order, details) VALUES (44, 2, 'Season with salt and pepper to taste.');
INSERT INTO step(recipe_id, step_order, details) VALUES (44, 3, 'In a medium saucepan, melt the butter over medium heat.');
INSERT INTO step(recipe_id, step_order, details) VALUES (44, 4, '');
INSERT INTO step(recipe_id, step_order, details) VALUES (44, 5, 'Drain the pasta and set aside.');
INSERT INTO step(recipe_id, step_order, details) VALUES (44, 6, 'Add the bay leaf, thyme, salt, and pepper.');
INSERT INTO step(recipe_id, step_order, details) VALUES (44, 7, 'Remove the foil and bake for an additional 5-10 minutes to allow the top to brown slightly.');
INSERT INTO step(recipe_id, step_order, details) VALUES (44, 8, 'Place the skewers on the preheated grill.');
INSERT INTO step(recipe_id, step_order, details) VALUES (45, 1, 'Preheat the oven to 375°F (190°C).');
INSERT INTO step(recipe_id, step_order, details) VALUES (45, 2, 'Combine the cooked meat with the vegetables in the baking dish.');
INSERT INTO step(recipe_id, step_order, details) VALUES (45, 3, 'Use an immersion blender to puree the soup to your desired consistency.');
INSERT INTO step(recipe_id, step_order, details) VALUES (45, 4, 'In a medium saucepan, melt the butter over medium heat.');
INSERT INTO step(recipe_id, step_order, details) VALUES (45, 5, 'Serve the skewers with a side of rice or salad.');
INSERT INTO step(recipe_id, step_order, details) VALUES (45, 6, 'Remove from the oven and let it rest for a few minutes before serving.');
INSERT INTO step(recipe_id, step_order, details) VALUES (45, 7, 'Preheat the oven to 400°F (200°C).');
INSERT INTO step(recipe_id, step_order, details) VALUES (45, 8, 'Remove from the oven and let it rest for a few minutes before serving.');
INSERT INTO step(recipe_id, step_order, details) VALUES (45, 9, 'Serve the potato wedges with the dipping sauce on the side."');
INSERT INTO step(recipe_id, step_order, details) VALUES (45, 10, 'Cover the baking dish with aluminum foil.');
INSERT INTO step(recipe_id, step_order, details) VALUES (45, 11, 'Heat a large skillet over medium heat and add olive oil.');
INSERT INTO step(recipe_id, step_order, details) VALUES (46, 1, 'Sauté the onions and garlic until they become translucent, about 3-5 minutes.');
INSERT INTO step(recipe_id, step_order, details) VALUES (46, 2, 'Marinate the meat with your choice of marinade for at least 30 minutes.');
INSERT INTO step(recipe_id, step_order, details) VALUES (46, 3, 'Spread the potato wedges in a single layer on a baking sheet.');
INSERT INTO step(recipe_id, step_order, details) VALUES (46, 4, 'In a large bowl, toss the potato wedges with olive oil, salt, pepper, and any desired seasonings.');
INSERT INTO step(recipe_id, step_order, details) VALUES (46, 5, 'Serve immediately, garnished with extra cheese and fresh herbs if desired."');
INSERT INTO step(recipe_id, step_order, details) VALUES (46, 6, 'Add the minced garlic and cook for another minute.');
INSERT INTO step(recipe_id, step_order, details) VALUES (46, 7, 'In another bowl, whisk together the eggs, milk, and melted butter.');
INSERT INTO step(recipe_id, step_order, details) VALUES (46, 8, 'Gradually whisk in the milk, stirring continuously to avoid lumps.');
INSERT INTO step(recipe_id, step_order, details) VALUES (46, 9, 'Preheat the oven to 350°F (175°C).');
INSERT INTO step(recipe_id, step_order, details) VALUES (46, 10, 'Heat a large skillet over medium heat and add olive oil.');
INSERT INTO step(recipe_id, step_order, details) VALUES (46, 11, 'Add the chopped vegetables to the skillet and cook for an additional 5-7 minutes.');
INSERT INTO step(recipe_id, step_order, details) VALUES (46, 12, 'Fold in any additional ingredients like chocolate chips or nuts.');
INSERT INTO step(recipe_id, step_order, details) VALUES (46, 13, 'Combine the cooked meat with the vegetables in the baking dish.');
INSERT INTO step(recipe_id, step_order, details) VALUES (47, 1, 'Remove the foil and bake for an additional 5-10 minutes to allow the top to brown slightly.');
INSERT INTO step(recipe_id, step_order, details) VALUES (47, 2, 'In another bowl, whisk together the eggs, milk, and melted butter.');
INSERT INTO step(recipe_id, step_order, details) VALUES (47, 3, 'Bring the mixture to a boil, then reduce the heat and let it simmer for 25-30 minutes, or until the lentils are tender.');
INSERT INTO step(recipe_id, step_order, details) VALUES (47, 4, 'Add a pinch of salt to the boiling water.');
INSERT INTO step(recipe_id, step_order, details) VALUES (47, 5, 'While the potatoes are baking, prepare your dipping sauce by mixing mayonnaise, ketchup, and a dash of hot sauce.');
INSERT INTO step(recipe_id, step_order, details) VALUES (47, 6, 'Drain the pasta and set aside.');
INSERT INTO step(recipe_id, step_order, details) VALUES (47, 7, 'Remove from the oven and let it rest for a few minutes before serving.');
INSERT INTO step(recipe_id, step_order, details) VALUES (47, 8, 'Preheat the grill to medium-high heat.');
INSERT INTO step(recipe_id, step_order, details) VALUES (47, 9, 'Preheat the oven to 350°F (175°C).');
INSERT INTO step(recipe_id, step_order, details) VALUES (47, 10, 'Fold in any additional ingredients like chocolate chips or nuts.');
INSERT INTO step(recipe_id, step_order, details) VALUES (48, 1, 'Remove the potato wedges from the oven and let cool slightly before serving.');
INSERT INTO step(recipe_id, step_order, details) VALUES (48, 2, 'While the potatoes are baking, prepare your dipping sauce by mixing mayonnaise, ketchup, and a dash of hot sauce.');
INSERT INTO step(recipe_id, step_order, details) VALUES (48, 3, 'Heat a large skillet over medium heat and add olive oil.');
INSERT INTO step(recipe_id, step_order, details) VALUES (48, 4, 'Heat a large skillet over medium heat and add olive oil.');
INSERT INTO step(recipe_id, step_order, details) VALUES (48, 5, 'Stir in the grated cheese until melted and smooth.');
INSERT INTO step(recipe_id, step_order, details) VALUES (48, 6, 'Heat a large skillet over medium heat and add olive oil.');
INSERT INTO step(recipe_id, step_order, details) VALUES (48, 7, 'Bring the mixture to a boil, then reduce the heat and let it simmer for 25-30 minutes, or until the lentils are tender.');
INSERT INTO step(recipe_id, step_order, details) VALUES (48, 8, 'Bake in the preheated oven for 25-30 minutes, or until a toothpick inserted into the center comes out clean.');
INSERT INTO step(recipe_id, step_order, details) VALUES (48, 9, 'Serve the potato wedges with the dipping sauce on the side."');
INSERT INTO step(recipe_id, step_order, details) VALUES (48, 10, 'In another bowl, whisk together the eggs, milk, and melted butter.');
INSERT INTO step(recipe_id, step_order, details) VALUES (49, 1, 'Cut the potatoes into wedges.');
INSERT INTO step(recipe_id, step_order, details) VALUES (49, 2, 'While the potatoes are baking, prepare your dipping sauce by mixing mayonnaise, ketchup, and a dash of hot sauce.');
INSERT INTO step(recipe_id, step_order, details) VALUES (49, 3, 'Remove from the oven and let it rest for a few minutes before serving.');
INSERT INTO step(recipe_id, step_order, details) VALUES (49, 4, 'Remove the bay leaf and discard.');
INSERT INTO step(recipe_id, step_order, details) VALUES (49, 5, 'Remove the foil and bake for an additional 5-10 minutes to allow the top to brown slightly.');
INSERT INTO step(recipe_id, step_order, details) VALUES (49, 6, 'Add the minced garlic and cook for another minute.');
INSERT INTO step(recipe_id, step_order, details) VALUES (49, 7, 'Sauté the onions and garlic until they become translucent, about 3-5 minutes.');
INSERT INTO step(recipe_id, step_order, details) VALUES (49, 8, 'Serve the potato wedges with the dipping sauce on the side."');
INSERT INTO step(recipe_id, step_order, details) VALUES (49, 9, 'Season the meat with salt, pepper, and your favorite spices.');
INSERT INTO step(recipe_id, step_order, details) VALUES (49, 10, 'Serve the skewers with a side of rice or salad.');
INSERT INTO step(recipe_id, step_order, details) VALUES (50, 1, 'Drain the pasta and set aside.');
INSERT INTO step(recipe_id, step_order, details) VALUES (50, 2, '');
INSERT INTO step(recipe_id, step_order, details) VALUES (50, 3, 'Preheat the oven to 375°F (190°C).');
INSERT INTO step(recipe_id, step_order, details) VALUES (50, 4, 'Serve immediately, garnished with extra cheese and fresh herbs if desired."');
INSERT INTO step(recipe_id, step_order, details) VALUES (50, 5, 'Remove the potato wedges from the oven and let cool slightly before serving.');
INSERT INTO step(recipe_id, step_order, details) VALUES (50, 6, 'Marinate the meat with your choice of marinade for at least 30 minutes.');
INSERT INTO step(recipe_id, step_order, details) VALUES (50, 7, 'Add the minced garlic and cook for another minute.');
INSERT INTO step(recipe_id, step_order, details) VALUES (51, 1, 'Season the meat with salt, pepper, and your favorite spices.');
INSERT INTO step(recipe_id, step_order, details) VALUES (51, 2, 'Rinse and drain the lentils.');
INSERT INTO step(recipe_id, step_order, details) VALUES (51, 3, 'Bake in the preheated oven for 20-25 minutes, turning once halfway through, until the potatoes are golden brown and crispy.');
INSERT INTO step(recipe_id, step_order, details) VALUES (51, 4, 'In a large bowl, mix together the flour, sugar, baking powder, and salt.');
INSERT INTO step(recipe_id, step_order, details) VALUES (51, 5, 'Remove from the oven and let it rest for a few minutes before serving.');
INSERT INTO step(recipe_id, step_order, details) VALUES (51, 6, 'Serve the potato wedges with the dipping sauce on the side."');
INSERT INTO step(recipe_id, step_order, details) VALUES (51, 7, 'Serve immediately, garnished with extra cheese and fresh herbs if desired."');
INSERT INTO step(recipe_id, step_order, details) VALUES (51, 8, 'Remove the bay leaf and discard.');
INSERT INTO step(recipe_id, step_order, details) VALUES (52, 1, 'Preheat the grill to medium-high heat.');
INSERT INTO step(recipe_id, step_order, details) VALUES (52, 2, 'Combine the cooked meat with the vegetables in the baking dish.');
INSERT INTO step(recipe_id, step_order, details) VALUES (52, 3, 'Pour the sauce or broth over the meat and vegetables.');
INSERT INTO step(recipe_id, step_order, details) VALUES (52, 4, 'Serve the skewers with a side of rice or salad.');
INSERT INTO step(recipe_id, step_order, details) VALUES (52, 5, 'Stir in the lentils, tomatoes, and vegetable broth.');
INSERT INTO step(recipe_id, step_order, details) VALUES (52, 6, 'Fold in any additional ingredients like chocolate chips or nuts.');
INSERT INTO step(recipe_id, step_order, details) VALUES (52, 7, 'Drain the pasta and set aside.');
INSERT INTO step(recipe_id, step_order, details) VALUES (52, 8, 'In a large bowl, mix together the flour, sugar, baking powder, and salt.');
INSERT INTO step(recipe_id, step_order, details) VALUES (53, 1, 'Preheat the oven to 400°F (200°C).');
INSERT INTO step(recipe_id, step_order, details) VALUES (53, 2, 'Fold in any additional ingredients like chocolate chips or nuts.');
INSERT INTO step(recipe_id, step_order, details) VALUES (53, 3, 'Stir in the lentils, tomatoes, and vegetable broth.');
INSERT INTO step(recipe_id, step_order, details) VALUES (53, 4, 'Use an immersion blender to puree the soup to your desired consistency.');
INSERT INTO step(recipe_id, step_order, details) VALUES (53, 5, 'Cover the baking dish with aluminum foil.');
INSERT INTO step(recipe_id, step_order, details) VALUES (53, 6, 'In a medium saucepan, melt the butter over medium heat.');
INSERT INTO step(recipe_id, step_order, details) VALUES (53, 7, 'Whisk in the flour to create a roux, cooking for 1-2 minutes.');
INSERT INTO step(recipe_id, step_order, details) VALUES (53, 8, 'Season with salt and pepper to taste.');
INSERT INTO step(recipe_id, step_order, details) VALUES (53, 9, 'Garnish with fresh herbs and serve warm."');
INSERT INTO step(recipe_id, step_order, details) VALUES (54, 1, 'Cut the potatoes into wedges.');
INSERT INTO step(recipe_id, step_order, details) VALUES (54, 2, 'Once cooled, cut into squares and serve.');
INSERT INTO step(recipe_id, step_order, details) VALUES (54, 3, 'Place the skewers on the preheated grill.');
INSERT INTO step(recipe_id, step_order, details) VALUES (54, 4, 'Add a pinch of salt to the boiling water.');
INSERT INTO step(recipe_id, step_order, details) VALUES (54, 5, 'Rinse and drain the lentils.');
INSERT INTO step(recipe_id, step_order, details) VALUES (54, 6, 'Bring a large pot of water to a boil.');
INSERT INTO step(recipe_id, step_order, details) VALUES (54, 7, 'Grill the skewers for 10-15 minutes, turning occasionally, until the meat is cooked through and the vegetables are tender.');
INSERT INTO step(recipe_id, step_order, details) VALUES (55, 1, 'Stir in the grated cheese until melted and smooth.');
INSERT INTO step(recipe_id, step_order, details) VALUES (55, 2, 'In another bowl, whisk together the eggs, milk, and melted butter.');
INSERT INTO step(recipe_id, step_order, details) VALUES (55, 3, 'Chop the vegetables into bite-sized pieces.');
INSERT INTO step(recipe_id, step_order, details) VALUES (55, 4, 'Add a pinch of salt to the boiling water.');
INSERT INTO step(recipe_id, step_order, details) VALUES (55, 5, 'Season the meat with salt, pepper, and your favorite spices.');
INSERT INTO step(recipe_id, step_order, details) VALUES (55, 6, 'Add the chopped vegetables to the skillet and cook for an additional 5-7 minutes.');
INSERT INTO step(recipe_id, step_order, details) VALUES (55, 7, 'Pour the batter into the prepared baking pan.');
INSERT INTO step(recipe_id, step_order, details) VALUES (55, 8, 'In the same skillet, cook the meat until browned on all sides.');
INSERT INTO step(recipe_id, step_order, details) VALUES (55, 9, 'Cover the baking dish with aluminum foil.');
INSERT INTO step(recipe_id, step_order, details) VALUES (55, 10, 'Add the bay leaf, thyme, salt, and pepper.');
INSERT INTO step(recipe_id, step_order, details) VALUES (55, 11, 'Fold in any additional ingredients like chocolate chips or nuts.');
INSERT INTO step(recipe_id, step_order, details) VALUES (55, 12, 'Rinse and drain the lentils.');
INSERT INTO step(recipe_id, step_order, details) VALUES (55, 13, 'Remove the skewers from the grill and let rest for a few minutes before serving.');
INSERT INTO step(recipe_id, step_order, details) VALUES (56, 1, '');
INSERT INTO step(recipe_id, step_order, details) VALUES (56, 2, 'Bake in the preheated oven for 25-30 minutes, or until a toothpick inserted into the center comes out clean.');
INSERT INTO step(recipe_id, step_order, details) VALUES (56, 3, 'Grill the skewers for 10-15 minutes, turning occasionally, until the meat is cooked through and the vegetables are tender.');
INSERT INTO step(recipe_id, step_order, details) VALUES (56, 4, 'Chop the vegetables into bite-sized pieces.');
INSERT INTO step(recipe_id, step_order, details) VALUES (56, 5, 'Preheat the oven to 350°F (175°C).');
INSERT INTO step(recipe_id, step_order, details) VALUES (56, 6, 'Grease and flour a baking pan.');
INSERT INTO step(recipe_id, step_order, details) VALUES (56, 7, '');
INSERT INTO step(recipe_id, step_order, details) VALUES (57, 1, 'Add the chopped vegetables to the skillet and cook for an additional 5-7 minutes.');
INSERT INTO step(recipe_id, step_order, details) VALUES (57, 2, 'Fold in any additional ingredients like chocolate chips or nuts.');
INSERT INTO step(recipe_id, step_order, details) VALUES (57, 3, 'Fold in any additional ingredients like chocolate chips or nuts.');
INSERT INTO step(recipe_id, step_order, details) VALUES (57, 4, 'Once cooled, cut into squares and serve.');
INSERT INTO step(recipe_id, step_order, details) VALUES (57, 5, 'Add the minced garlic and cook for another minute.');
INSERT INTO step(recipe_id, step_order, details) VALUES (57, 6, 'Season with salt and pepper to taste.');
INSERT INTO step(recipe_id, step_order, details) VALUES (57, 7, 'In a large bowl, mix together the flour, sugar, baking powder, and salt.');
INSERT INTO step(recipe_id, step_order, details) VALUES (57, 8, 'In a large pot, heat the olive oil over medium heat.');
INSERT INTO step(recipe_id, step_order, details) VALUES (57, 9, 'In a large bowl, mix together the flour, sugar, baking powder, and salt.');
INSERT INTO step(recipe_id, step_order, details) VALUES (57, 10, 'Add the minced garlic and cook for another minute.');
INSERT INTO step(recipe_id, step_order, details) VALUES (57, 11, 'Marinate the meat with your choice of marinade for at least 30 minutes.');
INSERT INTO step(recipe_id, step_order, details) VALUES (57, 12, '');
INSERT INTO step(recipe_id, step_order, details) VALUES (57, 13, 'Transfer the sautéed vegetables to a baking dish.');
INSERT INTO step(recipe_id, step_order, details) VALUES (57, 14, 'Marinate the meat with your choice of marinade for at least 30 minutes.');
INSERT INTO step(recipe_id, step_order, details) VALUES (58, 1, 'Use an immersion blender to puree the soup to your desired consistency.');
INSERT INTO step(recipe_id, step_order, details) VALUES (58, 2, 'Bring the mixture to a boil, then reduce the heat and let it simmer for 25-30 minutes, or until the lentils are tender.');
INSERT INTO step(recipe_id, step_order, details) VALUES (58, 3, 'Preheat the grill to medium-high heat.');
INSERT INTO step(recipe_id, step_order, details) VALUES (58, 4, 'Use an immersion blender to puree the soup to your desired consistency.');
INSERT INTO step(recipe_id, step_order, details) VALUES (58, 5, 'In a large pot, heat the olive oil over medium heat.');
INSERT INTO step(recipe_id, step_order, details) VALUES (58, 6, 'Add a pinch of salt to the boiling water.');
INSERT INTO step(recipe_id, step_order, details) VALUES (59, 1, 'Cook the pasta according to the package instructions until al dente.');
INSERT INTO step(recipe_id, step_order, details) VALUES (59, 2, 'Combine the cooked meat with the vegetables in the baking dish.');
INSERT INTO step(recipe_id, step_order, details) VALUES (59, 3, 'Pour the sauce or broth over the meat and vegetables.');
INSERT INTO step(recipe_id, step_order, details) VALUES (59, 4, 'Season with salt and pepper to taste.');
INSERT INTO step(recipe_id, step_order, details) VALUES (59, 5, 'Bake in the preheated oven for 25-30 minutes, or until the meat is cooked through and the vegetables are tender.');
INSERT INTO step(recipe_id, step_order, details) VALUES (59, 6, 'Serve the skewers with a side of rice or salad.');
INSERT INTO step(recipe_id, step_order, details) VALUES (59, 7, 'Bake in the preheated oven for 25-30 minutes, or until a toothpick inserted into the center comes out clean.');
INSERT INTO step(recipe_id, step_order, details) VALUES (59, 8, 'Bake in the preheated oven for 25-30 minutes, or until the meat is cooked through and the vegetables are tender.');
INSERT INTO step(recipe_id, step_order, details) VALUES (59, 9, 'Grill the skewers for 10-15 minutes, turning occasionally, until the meat is cooked through and the vegetables are tender.');
INSERT INTO step(recipe_id, step_order, details) VALUES (59, 10, 'Bring the mixture to a boil, then reduce the heat and let it simmer for 25-30 minutes, or until the lentils are tender.');
INSERT INTO step(recipe_id, step_order, details) VALUES (60, 1, 'Bake in the preheated oven for 25-30 minutes, or until the meat is cooked through and the vegetables are tender.');
INSERT INTO step(recipe_id, step_order, details) VALUES (60, 2, 'Remove the foil and bake for an additional 5-10 minutes to allow the top to brown slightly.');
INSERT INTO step(recipe_id, step_order, details) VALUES (60, 3, 'In a large pot, heat the olive oil over medium heat.');
INSERT INTO step(recipe_id, step_order, details) VALUES (60, 4, 'Pour the wet ingredients into the dry ingredients and stir until just combined.');
INSERT INTO step(recipe_id, step_order, details) VALUES (60, 5, '');
INSERT INTO step(recipe_id, step_order, details) VALUES (60, 6, 'In a medium saucepan, melt the butter over medium heat.');
INSERT INTO step(recipe_id, step_order, details) VALUES (60, 7, 'Serve hot, garnished with fresh herbs or a dollop of yogurt if desired."');
INSERT INTO step(recipe_id, step_order, details) VALUES (60, 8, 'Preheat the grill to medium-high heat.');
INSERT INTO step(recipe_id, step_order, details) VALUES (60, 9, 'Cut the potatoes into wedges.');
INSERT INTO step(recipe_id, step_order, details) VALUES (61, 1, 'While the potatoes are baking, prepare your dipping sauce by mixing mayonnaise, ketchup, and a dash of hot sauce.');
INSERT INTO step(recipe_id, step_order, details) VALUES (61, 2, 'In a large pot, heat the olive oil over medium heat.');
INSERT INTO step(recipe_id, step_order, details) VALUES (61, 3, 'Heat a large skillet over medium heat and add olive oil.');
INSERT INTO step(recipe_id, step_order, details) VALUES (61, 4, 'Remove the potato wedges from the oven and let cool slightly before serving.');
INSERT INTO step(recipe_id, step_order, details) VALUES (61, 5, 'Add the bay leaf, thyme, salt, and pepper.');
INSERT INTO step(recipe_id, step_order, details) VALUES (61, 6, 'In a large bowl, mix together the flour, sugar, baking powder, and salt.');
INSERT INTO step(recipe_id, step_order, details) VALUES (61, 7, 'Serve the potato wedges with the dipping sauce on the side."');
INSERT INTO step(recipe_id, step_order, details) VALUES (61, 8, 'Serve the potato wedges with the dipping sauce on the side."');
INSERT INTO step(recipe_id, step_order, details) VALUES (61, 9, 'Whisk in the flour to create a roux, cooking for 1-2 minutes.');
INSERT INTO step(recipe_id, step_order, details) VALUES (61, 10, 'Garnish with fresh herbs and serve warm."');
INSERT INTO step(recipe_id, step_order, details) VALUES (62, 1, 'Add the chopped vegetables to the skillet and cook for an additional 5-7 minutes.');
INSERT INTO step(recipe_id, step_order, details) VALUES (62, 2, '');
INSERT INTO step(recipe_id, step_order, details) VALUES (62, 3, 'Cut the potatoes into wedges.');
INSERT INTO step(recipe_id, step_order, details) VALUES (62, 4, 'Once cooled, cut into squares and serve.');
INSERT INTO step(recipe_id, step_order, details) VALUES (62, 5, 'Serve the potato wedges with the dipping sauce on the side."');
INSERT INTO step(recipe_id, step_order, details) VALUES (62, 6, 'Pour the sauce or broth over the meat and vegetables.');
INSERT INTO step(recipe_id, step_order, details) VALUES (62, 7, 'Garnish with fresh herbs and serve warm."');
INSERT INTO step(recipe_id, step_order, details) VALUES (62, 8, 'In a large bowl, toss the potato wedges with olive oil, salt, pepper, and any desired seasonings.');
INSERT INTO step(recipe_id, step_order, details) VALUES (62, 9, 'Preheat the grill to medium-high heat.');
INSERT INTO step(recipe_id, step_order, details) VALUES (62, 10, 'Bring the mixture to a boil, then reduce the heat and let it simmer for 25-30 minutes, or until the lentils are tender.');
INSERT INTO step(recipe_id, step_order, details) VALUES (62, 11, 'Grill the skewers for 10-15 minutes, turning occasionally, until the meat is cooked through and the vegetables are tender.');
INSERT INTO step(recipe_id, step_order, details) VALUES (63, 1, 'Add a pinch of salt to the boiling water.');
INSERT INTO step(recipe_id, step_order, details) VALUES (63, 2, 'Bring the mixture to a boil, then reduce the heat and let it simmer for 25-30 minutes, or until the lentils are tender.');
INSERT INTO step(recipe_id, step_order, details) VALUES (63, 3, 'Add the minced garlic and cook for another minute.');
INSERT INTO step(recipe_id, step_order, details) VALUES (63, 4, 'Add a pinch of salt to the boiling water.');
INSERT INTO step(recipe_id, step_order, details) VALUES (63, 5, 'Add the minced garlic and cook for another minute.');
INSERT INTO step(recipe_id, step_order, details) VALUES (63, 6, 'Remove the foil and bake for an additional 5-10 minutes to allow the top to brown slightly.');
INSERT INTO step(recipe_id, step_order, details) VALUES (63, 7, 'Chop the vegetables into bite-sized pieces.');
INSERT INTO step(recipe_id, step_order, details) VALUES (63, 8, 'In the same skillet, cook the meat until browned on all sides.');
INSERT INTO step(recipe_id, step_order, details) VALUES (63, 9, 'Preheat the oven to 375°F (190°C).');
INSERT INTO step(recipe_id, step_order, details) VALUES (63, 10, 'Add the diced onions, carrots, and celery, and cook until the onions are translucent, about 5 minutes.');
INSERT INTO step(recipe_id, step_order, details) VALUES (63, 11, 'Grill the skewers for 10-15 minutes, turning occasionally, until the meat is cooked through and the vegetables are tender.');
INSERT INTO step(recipe_id, step_order, details) VALUES (64, 1, 'Preheat the oven to 375°F (190°C).');
INSERT INTO step(recipe_id, step_order, details) VALUES (64, 2, 'Sauté the onions and garlic until they become translucent, about 3-5 minutes.');
INSERT INTO step(recipe_id, step_order, details) VALUES (64, 3, 'Transfer the sautéed vegetables to a baking dish.');
INSERT INTO step(recipe_id, step_order, details) VALUES (64, 4, 'Remove the skewers from the grill and let rest for a few minutes before serving.');
INSERT INTO step(recipe_id, step_order, details) VALUES (64, 5, 'Serve the potato wedges with the dipping sauce on the side."');
INSERT INTO step(recipe_id, step_order, details) VALUES (64, 6, 'Bake in the preheated oven for 20-25 minutes, turning once halfway through, until the potatoes are golden brown and crispy.');
INSERT INTO step(recipe_id, step_order, details) VALUES (64, 7, 'Use an immersion blender to puree the soup to your desired consistency.');
INSERT INTO step(recipe_id, step_order, details) VALUES (64, 8, 'Spread the potato wedges in a single layer on a baking sheet.');
INSERT INTO step(recipe_id, step_order, details) VALUES (64, 9, 'In a large bowl, mix together the flour, sugar, baking powder, and salt.');
INSERT INTO step(recipe_id, step_order, details) VALUES (65, 1, 'Add the bay leaf, thyme, salt, and pepper.');
INSERT INTO step(recipe_id, step_order, details) VALUES (65, 2, 'In a medium saucepan, melt the butter over medium heat.');
INSERT INTO step(recipe_id, step_order, details) VALUES (65, 3, 'Bring the mixture to a boil, then reduce the heat and let it simmer for 25-30 minutes, or until the lentils are tender.');
INSERT INTO step(recipe_id, step_order, details) VALUES (65, 4, 'Add the bay leaf, thyme, salt, and pepper.');
INSERT INTO step(recipe_id, step_order, details) VALUES (65, 5, 'Spread the potato wedges in a single layer on a baking sheet.');
INSERT INTO step(recipe_id, step_order, details) VALUES (65, 6, 'Preheat the oven to 350°F (175°C).');
INSERT INTO step(recipe_id, step_order, details) VALUES (65, 7, 'Whisk in the flour to create a roux, cooking for 1-2 minutes.');
INSERT INTO step(recipe_id, step_order, details) VALUES (65, 8, 'Season with salt and pepper to taste.');
INSERT INTO step(recipe_id, step_order, details) VALUES (65, 9, 'Grill the skewers for 10-15 minutes, turning occasionally, until the meat is cooked through and the vegetables are tender.');
INSERT INTO step(recipe_id, step_order, details) VALUES (65, 10, 'In the same skillet, cook the meat until browned on all sides.');
INSERT INTO step(recipe_id, step_order, details) VALUES (65, 11, 'Bring the mixture to a simmer and cook until thickened, about 3-5 minutes.');
INSERT INTO step(recipe_id, step_order, details) VALUES (65, 12, 'Season with salt and pepper to taste.');
INSERT INTO step(recipe_id, step_order, details) VALUES (65, 13, 'Cook the pasta according to the package instructions until al dente.');
INSERT INTO step(recipe_id, step_order, details) VALUES (66, 1, 'Chop the vegetables into bite-sized pieces.');
INSERT INTO step(recipe_id, step_order, details) VALUES (66, 2, 'Gradually whisk in the milk, stirring continuously to avoid lumps.');
INSERT INTO step(recipe_id, step_order, details) VALUES (66, 3, 'Serve immediately, garnished with extra cheese and fresh herbs if desired."');
INSERT INTO step(recipe_id, step_order, details) VALUES (66, 4, 'Rinse and drain the lentils.');
INSERT INTO step(recipe_id, step_order, details) VALUES (66, 5, 'Use an immersion blender to puree the soup to your desired consistency.');
INSERT INTO step(recipe_id, step_order, details) VALUES (66, 6, 'In a medium saucepan, melt the butter over medium heat.');
INSERT INTO step(recipe_id, step_order, details) VALUES (67, 1, 'Pour the sauce or broth over the meat and vegetables.');
INSERT INTO step(recipe_id, step_order, details) VALUES (67, 2, 'Combine the cooked meat with the vegetables in the baking dish.');
INSERT INTO step(recipe_id, step_order, details) VALUES (67, 3, 'Cut the potatoes into wedges.');
INSERT INTO step(recipe_id, step_order, details) VALUES (67, 4, 'Preheat the oven to 400°F (200°C).');
INSERT INTO step(recipe_id, step_order, details) VALUES (67, 5, 'Drain the pasta and set aside.');
INSERT INTO step(recipe_id, step_order, details) VALUES (67, 6, 'In a large pot, heat the olive oil over medium heat.');
INSERT INTO step(recipe_id, step_order, details) VALUES (67, 7, 'In a medium saucepan, melt the butter over medium heat.');
INSERT INTO step(recipe_id, step_order, details) VALUES (67, 8, 'Add the diced onions, carrots, and celery, and cook until the onions are translucent, about 5 minutes.');
INSERT INTO step(recipe_id, step_order, details) VALUES (67, 9, 'Add the diced onions, carrots, and celery, and cook until the onions are translucent, about 5 minutes.');
INSERT INTO step(recipe_id, step_order, details) VALUES (67, 10, 'Bake in the preheated oven for 25-30 minutes, or until the meat is cooked through and the vegetables are tender.');
INSERT INTO step(recipe_id, step_order, details) VALUES (67, 11, 'In a large bowl, mix together the flour, sugar, baking powder, and salt.');
INSERT INTO step(recipe_id, step_order, details) VALUES (68, 1, 'In another bowl, whisk together the eggs, milk, and melted butter.');
INSERT INTO step(recipe_id, step_order, details) VALUES (68, 2, 'Gradually whisk in the milk, stirring continuously to avoid lumps.');
INSERT INTO step(recipe_id, step_order, details) VALUES (68, 3, 'Bring a large pot of water to a boil.');
INSERT INTO step(recipe_id, step_order, details) VALUES (68, 4, 'Spread the potato wedges in a single layer on a baking sheet.');
INSERT INTO step(recipe_id, step_order, details) VALUES (68, 5, '');
INSERT INTO step(recipe_id, step_order, details) VALUES (68, 6, 'While the potatoes are baking, prepare your dipping sauce by mixing mayonnaise, ketchup, and a dash of hot sauce.');
INSERT INTO step(recipe_id, step_order, details) VALUES (69, 1, 'Bake in the preheated oven for 25-30 minutes, or until a toothpick inserted into the center comes out clean.');
INSERT INTO step(recipe_id, step_order, details) VALUES (69, 2, 'In a medium saucepan, melt the butter over medium heat.');
INSERT INTO step(recipe_id, step_order, details) VALUES (69, 3, 'Add the cooked pasta to the cheese sauce and mix until well combined.');
INSERT INTO step(recipe_id, step_order, details) VALUES (69, 4, 'Preheat the oven to 375°F (190°C).');
INSERT INTO step(recipe_id, step_order, details) VALUES (69, 5, 'Cover the baking dish with aluminum foil.');
INSERT INTO step(recipe_id, step_order, details) VALUES (69, 6, 'Place the skewers on the preheated grill.');
INSERT INTO step(recipe_id, step_order, details) VALUES (69, 7, 'Add the diced onions, carrots, and celery, and cook until the onions are translucent, about 5 minutes.');
INSERT INTO step(recipe_id, step_order, details) VALUES (69, 8, 'Garnish with fresh herbs and serve warm."');
INSERT INTO step(recipe_id, step_order, details) VALUES (69, 9, 'Preheat the oven to 400°F (200°C).');
INSERT INTO step(recipe_id, step_order, details) VALUES (69, 10, 'Garnish with fresh herbs and serve warm."');
INSERT INTO step(recipe_id, step_order, details) VALUES (69, 11, 'Add a pinch of salt to the boiling water.');
INSERT INTO step(recipe_id, step_order, details) VALUES (69, 12, 'Marinate the meat with your choice of marinade for at least 30 minutes.');
INSERT INTO step(recipe_id, step_order, details) VALUES (69, 13, 'Serve immediately, garnished with extra cheese and fresh herbs if desired."');
INSERT INTO step(recipe_id, step_order, details) VALUES (70, 1, 'Preheat the oven to 375°F (190°C).');
INSERT INTO step(recipe_id, step_order, details) VALUES (70, 2, 'Once cooled, cut into squares and serve.');
INSERT INTO step(recipe_id, step_order, details) VALUES (70, 3, 'Gradually whisk in the milk, stirring continuously to avoid lumps.');
INSERT INTO step(recipe_id, step_order, details) VALUES (70, 4, 'Stir in the grated cheese until melted and smooth.');
INSERT INTO step(recipe_id, step_order, details) VALUES (70, 5, 'Stir in the grated cheese until melted and smooth.');
INSERT INTO step(recipe_id, step_order, details) VALUES (70, 6, 'Combine the cooked meat with the vegetables in the baking dish.');
INSERT INTO step(recipe_id, step_order, details) VALUES (70, 7, 'Preheat the oven to 375°F (190°C).');
INSERT INTO step(recipe_id, step_order, details) VALUES (71, 1, 'Pour the sauce or broth over the meat and vegetables.');
INSERT INTO step(recipe_id, step_order, details) VALUES (71, 2, 'Serve immediately, garnished with extra cheese and fresh herbs if desired."');
INSERT INTO step(recipe_id, step_order, details) VALUES (71, 3, 'Drain the pasta and set aside.');
INSERT INTO step(recipe_id, step_order, details) VALUES (71, 4, 'Rinse and drain the lentils.');
INSERT INTO step(recipe_id, step_order, details) VALUES (71, 5, 'In another bowl, whisk together the eggs, milk, and melted butter.');
INSERT INTO step(recipe_id, step_order, details) VALUES (71, 6, 'Preheat the oven to 350°F (175°C).');
INSERT INTO step(recipe_id, step_order, details) VALUES (71, 7, 'Season the meat with salt, pepper, and your favorite spices.');
INSERT INTO step(recipe_id, step_order, details) VALUES (71, 8, 'Season with salt and pepper to taste.');
INSERT INTO step(recipe_id, step_order, details) VALUES (71, 9, 'Preheat the oven to 375°F (190°C).');
INSERT INTO step(recipe_id, step_order, details) VALUES (71, 10, 'Serve hot, garnished with fresh herbs or a dollop of yogurt if desired."');
INSERT INTO step(recipe_id, step_order, details) VALUES (72, 1, 'Transfer the sautéed vegetables to a baking dish.');
INSERT INTO step(recipe_id, step_order, details) VALUES (72, 2, 'Remove from the oven and let it rest for a few minutes before serving.');
INSERT INTO step(recipe_id, step_order, details) VALUES (72, 3, 'Stir in the lentils, tomatoes, and vegetable broth.');
INSERT INTO step(recipe_id, step_order, details) VALUES (72, 4, 'Add the bay leaf, thyme, salt, and pepper.');
INSERT INTO step(recipe_id, step_order, details) VALUES (72, 5, 'In a large pot, heat the olive oil over medium heat.');
INSERT INTO step(recipe_id, step_order, details) VALUES (72, 6, 'Serve hot, garnished with fresh herbs or a dollop of yogurt if desired."');
INSERT INTO step(recipe_id, step_order, details) VALUES (72, 7, 'Bring the mixture to a boil, then reduce the heat and let it simmer for 25-30 minutes, or until the lentils are tender.');
INSERT INTO step(recipe_id, step_order, details) VALUES (72, 8, 'Add the cooked pasta to the cheese sauce and mix until well combined.');
INSERT INTO step(recipe_id, step_order, details) VALUES (73, 1, 'Bake in the preheated oven for 25-30 minutes, or until a toothpick inserted into the center comes out clean.');
INSERT INTO step(recipe_id, step_order, details) VALUES (73, 2, 'Season the meat with salt, pepper, and your favorite spices.');
INSERT INTO step(recipe_id, step_order, details) VALUES (73, 3, 'Remove the bay leaf and discard.');
INSERT INTO step(recipe_id, step_order, details) VALUES (73, 4, 'Sauté the onions and garlic until they become translucent, about 3-5 minutes.');
INSERT INTO step(recipe_id, step_order, details) VALUES (73, 5, 'In a medium saucepan, melt the butter over medium heat.');
INSERT INTO step(recipe_id, step_order, details) VALUES (73, 6, 'Cook the pasta according to the package instructions until al dente.');
INSERT INTO step(recipe_id, step_order, details) VALUES (73, 7, 'Remove the potato wedges from the oven and let cool slightly before serving.');
INSERT INTO step(recipe_id, step_order, details) VALUES (74, 1, 'Sauté the onions and garlic until they become translucent, about 3-5 minutes.');
INSERT INTO step(recipe_id, step_order, details) VALUES (74, 2, 'Sauté the onions and garlic until they become translucent, about 3-5 minutes.');
INSERT INTO step(recipe_id, step_order, details) VALUES (74, 3, 'Pour the wet ingredients into the dry ingredients and stir until just combined.');
INSERT INTO step(recipe_id, step_order, details) VALUES (74, 4, 'In a large bowl, mix together the flour, sugar, baking powder, and salt.');
INSERT INTO step(recipe_id, step_order, details) VALUES (74, 5, 'Transfer the sautéed vegetables to a baking dish.');
INSERT INTO step(recipe_id, step_order, details) VALUES (74, 6, 'Pour the batter into the prepared baking pan.');
INSERT INTO step(recipe_id, step_order, details) VALUES (74, 7, 'Cut the potatoes into wedges.');
INSERT INTO step(recipe_id, step_order, details) VALUES (74, 8, 'Remove the skewers from the grill and let rest for a few minutes before serving.');
INSERT INTO step(recipe_id, step_order, details) VALUES (74, 9, 'Cook the pasta according to the package instructions until al dente.');
INSERT INTO step(recipe_id, step_order, details) VALUES (74, 10, 'Stir in the grated cheese until melted and smooth.');
INSERT INTO step(recipe_id, step_order, details) VALUES (74, 11, 'Pour the sauce or broth over the meat and vegetables.');
INSERT INTO step(recipe_id, step_order, details) VALUES (74, 12, 'Drain the pasta and set aside.');
INSERT INTO step(recipe_id, step_order, details) VALUES (74, 13, 'In a large bowl, mix together the flour, sugar, baking powder, and salt.');
INSERT INTO step(recipe_id, step_order, details) VALUES (74, 14, 'Remove the skewers from the grill and let rest for a few minutes before serving.');
INSERT INTO step(recipe_id, step_order, details) VALUES (75, 1, 'Remove from the oven and let it rest for a few minutes before serving.');
INSERT INTO step(recipe_id, step_order, details) VALUES (75, 2, 'Use an immersion blender to puree the soup to your desired consistency.');
INSERT INTO step(recipe_id, step_order, details) VALUES (75, 3, 'Preheat the oven to 375°F (190°C).');
INSERT INTO step(recipe_id, step_order, details) VALUES (75, 4, 'Pour the batter into the prepared baking pan.');
INSERT INTO step(recipe_id, step_order, details) VALUES (75, 5, 'Add the diced onions, carrots, and celery, and cook until the onions are translucent, about 5 minutes.');
INSERT INTO step(recipe_id, step_order, details) VALUES (75, 6, 'In a medium saucepan, melt the butter over medium heat.');
INSERT INTO step(recipe_id, step_order, details) VALUES (75, 7, 'Remove the bay leaf and discard.');
INSERT INTO step(recipe_id, step_order, details) VALUES (76, 1, 'Marinate the meat with your choice of marinade for at least 30 minutes.');
INSERT INTO step(recipe_id, step_order, details) VALUES (76, 2, 'In a large bowl, mix together the flour, sugar, baking powder, and salt.');
INSERT INTO step(recipe_id, step_order, details) VALUES (76, 3, 'Whisk in the flour to create a roux, cooking for 1-2 minutes.');
INSERT INTO step(recipe_id, step_order, details) VALUES (76, 4, 'Bring the mixture to a boil, then reduce the heat and let it simmer for 25-30 minutes, or until the lentils are tender.');
INSERT INTO step(recipe_id, step_order, details) VALUES (76, 5, 'Chop the vegetables into bite-sized pieces.');
INSERT INTO step(recipe_id, step_order, details) VALUES (76, 6, 'Remove the skewers from the grill and let rest for a few minutes before serving.');
INSERT INTO step(recipe_id, step_order, details) VALUES (76, 7, 'Preheat the oven to 400°F (200°C).');
INSERT INTO step(recipe_id, step_order, details) VALUES (77, 1, 'Preheat the oven to 375°F (190°C).');
INSERT INTO step(recipe_id, step_order, details) VALUES (77, 2, '');
INSERT INTO step(recipe_id, step_order, details) VALUES (77, 3, 'In a medium saucepan, melt the butter over medium heat.');
INSERT INTO step(recipe_id, step_order, details) VALUES (77, 4, 'Season with salt and pepper to taste.');
INSERT INTO step(recipe_id, step_order, details) VALUES (77, 5, 'Preheat the oven to 375°F (190°C).');
INSERT INTO step(recipe_id, step_order, details) VALUES (77, 6, 'In another bowl, whisk together the eggs, milk, and melted butter.');
INSERT INTO step(recipe_id, step_order, details) VALUES (78, 1, 'Serve immediately, garnished with extra cheese and fresh herbs if desired."');
INSERT INTO step(recipe_id, step_order, details) VALUES (78, 2, 'Add the chopped vegetables to the skillet and cook for an additional 5-7 minutes.');
INSERT INTO step(recipe_id, step_order, details) VALUES (78, 3, 'Fold in any additional ingredients like chocolate chips or nuts.');
INSERT INTO step(recipe_id, step_order, details) VALUES (78, 4, 'Transfer the sautéed vegetables to a baking dish.');
INSERT INTO step(recipe_id, step_order, details) VALUES (78, 5, 'Preheat the oven to 375°F (190°C).');
INSERT INTO step(recipe_id, step_order, details) VALUES (78, 6, 'Cover the baking dish with aluminum foil.');
INSERT INTO step(recipe_id, step_order, details) VALUES (78, 7, 'Pour the sauce or broth over the meat and vegetables.');
INSERT INTO step(recipe_id, step_order, details) VALUES (78, 8, 'Add the diced onions, carrots, and celery, and cook until the onions are translucent, about 5 minutes.');
INSERT INTO step(recipe_id, step_order, details) VALUES (78, 9, 'Sauté the onions and garlic until they become translucent, about 3-5 minutes.');
INSERT INTO step(recipe_id, step_order, details) VALUES (78, 10, 'Add the minced garlic and cook for another minute.');
INSERT INTO step(recipe_id, step_order, details) VALUES (78, 11, '');
INSERT INTO step(recipe_id, step_order, details) VALUES (78, 12, 'Remove from the oven and let it rest for a few minutes before serving.');
INSERT INTO step(recipe_id, step_order, details) VALUES (78, 13, 'Add the diced onions, carrots, and celery, and cook until the onions are translucent, about 5 minutes.');
INSERT INTO step(recipe_id, step_order, details) VALUES (78, 14, 'Spread the potato wedges in a single layer on a baking sheet.');
INSERT INTO step(recipe_id, step_order, details) VALUES (79, 1, '');
INSERT INTO step(recipe_id, step_order, details) VALUES (79, 2, 'In another bowl, whisk together the eggs, milk, and melted butter.');
INSERT INTO step(recipe_id, step_order, details) VALUES (79, 3, 'Pour the wet ingredients into the dry ingredients and stir until just combined.');
INSERT INTO step(recipe_id, step_order, details) VALUES (79, 4, '');
INSERT INTO step(recipe_id, step_order, details) VALUES (79, 5, 'Season with salt and pepper to taste.');
INSERT INTO step(recipe_id, step_order, details) VALUES (79, 6, 'Season with salt and pepper to taste.');
INSERT INTO step(recipe_id, step_order, details) VALUES (79, 7, 'Rinse and drain the lentils.');
INSERT INTO step(recipe_id, step_order, details) VALUES (79, 8, 'Remove from the oven and let it rest for a few minutes before serving.');
INSERT INTO step(recipe_id, step_order, details) VALUES (79, 9, 'Place the skewers on the preheated grill.');
INSERT INTO step(recipe_id, step_order, details) VALUES (79, 10, 'Combine the cooked meat with the vegetables in the baking dish.');
INSERT INTO step(recipe_id, step_order, details) VALUES (79, 11, 'Preheat the grill to medium-high heat.');
INSERT INTO step(recipe_id, step_order, details) VALUES (79, 12, 'Transfer the sautéed vegetables to a baking dish.');
INSERT INTO step(recipe_id, step_order, details) VALUES (79, 13, 'Remove the potato wedges from the oven and let cool slightly before serving.');
INSERT INTO step(recipe_id, step_order, details) VALUES (80, 1, 'Preheat the grill to medium-high heat.');
INSERT INTO step(recipe_id, step_order, details) VALUES (80, 2, 'Fold in any additional ingredients like chocolate chips or nuts.');
INSERT INTO step(recipe_id, step_order, details) VALUES (80, 3, 'Heat a large skillet over medium heat and add olive oil.');
INSERT INTO step(recipe_id, step_order, details) VALUES (80, 4, 'Chop the vegetables into bite-sized pieces.');
INSERT INTO step(recipe_id, step_order, details) VALUES (80, 5, 'In the same skillet, cook the meat until browned on all sides.');
INSERT INTO step(recipe_id, step_order, details) VALUES (80, 6, 'Allow to cool in the pan for 10 minutes before transferring to a wire rack to cool completely.');
INSERT INTO step(recipe_id, step_order, details) VALUES (80, 7, 'Remove from the oven and let it rest for a few minutes before serving.');
INSERT INTO step(recipe_id, step_order, details) VALUES (81, 1, 'Grease and flour a baking pan.');
INSERT INTO step(recipe_id, step_order, details) VALUES (81, 2, 'Cover the baking dish with aluminum foil.');
INSERT INTO step(recipe_id, step_order, details) VALUES (81, 3, 'Stir in the lentils, tomatoes, and vegetable broth.');
INSERT INTO step(recipe_id, step_order, details) VALUES (81, 4, 'Stir in the lentils, tomatoes, and vegetable broth.');
INSERT INTO step(recipe_id, step_order, details) VALUES (81, 5, 'Remove the skewers from the grill and let rest for a few minutes before serving.');
INSERT INTO step(recipe_id, step_order, details) VALUES (81, 6, 'Transfer the sautéed vegetables to a baking dish.');
INSERT INTO step(recipe_id, step_order, details) VALUES (81, 7, 'Stir in the lentils, tomatoes, and vegetable broth.');
INSERT INTO step(recipe_id, step_order, details) VALUES (81, 8, 'Pour the wet ingredients into the dry ingredients and stir until just combined.');
INSERT INTO step(recipe_id, step_order, details) VALUES (81, 9, 'Cover the baking dish with aluminum foil.');
INSERT INTO step(recipe_id, step_order, details) VALUES (81, 10, 'Add the cooked pasta to the cheese sauce and mix until well combined.');
INSERT INTO step(recipe_id, step_order, details) VALUES (81, 11, 'Add the minced garlic and cook for another minute.');
INSERT INTO step(recipe_id, step_order, details) VALUES (81, 12, 'Sauté the onions and garlic until they become translucent, about 3-5 minutes.');
INSERT INTO step(recipe_id, step_order, details) VALUES (82, 1, 'Serve the potato wedges with the dipping sauce on the side."');
INSERT INTO step(recipe_id, step_order, details) VALUES (82, 2, 'Once cooled, cut into squares and serve.');
INSERT INTO step(recipe_id, step_order, details) VALUES (82, 3, 'Bake in the preheated oven for 25-30 minutes, or until a toothpick inserted into the center comes out clean.');
INSERT INTO step(recipe_id, step_order, details) VALUES (82, 4, 'Pour the sauce or broth over the meat and vegetables.');
INSERT INTO step(recipe_id, step_order, details) VALUES (82, 5, 'Drain the pasta and set aside.');
INSERT INTO step(recipe_id, step_order, details) VALUES (82, 6, 'Rinse and drain the lentils.');
INSERT INTO step(recipe_id, step_order, details) VALUES (82, 7, 'Bake in the preheated oven for 25-30 minutes, or until a toothpick inserted into the center comes out clean.');
INSERT INTO step(recipe_id, step_order, details) VALUES (82, 8, 'Stir in the grated cheese until melted and smooth.');
INSERT INTO step(recipe_id, step_order, details) VALUES (82, 9, 'In a medium saucepan, melt the butter over medium heat.');
INSERT INTO step(recipe_id, step_order, details) VALUES (82, 10, 'Preheat the grill to medium-high heat.');
INSERT INTO step(recipe_id, step_order, details) VALUES (82, 11, 'Add the diced onions, carrots, and celery, and cook until the onions are translucent, about 5 minutes.');
INSERT INTO step(recipe_id, step_order, details) VALUES (82, 12, 'Drain the pasta and set aside.');
INSERT INTO step(recipe_id, step_order, details) VALUES (82, 13, 'Place the skewers on the preheated grill.');
INSERT INTO step(recipe_id, step_order, details) VALUES (83, 1, 'Serve the skewers with a side of rice or salad.');
INSERT INTO step(recipe_id, step_order, details) VALUES (83, 2, 'Cook the pasta according to the package instructions until al dente.');
INSERT INTO step(recipe_id, step_order, details) VALUES (83, 3, 'Serve the skewers with a side of rice or salad.');
INSERT INTO step(recipe_id, step_order, details) VALUES (83, 4, 'Season with salt and pepper to taste.');
INSERT INTO step(recipe_id, step_order, details) VALUES (83, 5, 'Add the cooked pasta to the cheese sauce and mix until well combined.');
INSERT INTO step(recipe_id, step_order, details) VALUES (83, 6, 'Preheat the grill to medium-high heat.');
INSERT INTO step(recipe_id, step_order, details) VALUES (83, 7, 'Whisk in the flour to create a roux, cooking for 1-2 minutes.');
INSERT INTO step(recipe_id, step_order, details) VALUES (84, 1, 'Stir in the grated cheese until melted and smooth.');
INSERT INTO step(recipe_id, step_order, details) VALUES (84, 2, 'Remove the skewers from the grill and let rest for a few minutes before serving.');
INSERT INTO step(recipe_id, step_order, details) VALUES (84, 3, 'Use an immersion blender to puree the soup to your desired consistency.');
INSERT INTO step(recipe_id, step_order, details) VALUES (84, 4, 'Add the cooked pasta to the cheese sauce and mix until well combined.');
INSERT INTO step(recipe_id, step_order, details) VALUES (84, 5, 'Remove from the oven and let it rest for a few minutes before serving.');
INSERT INTO step(recipe_id, step_order, details) VALUES (84, 6, 'Thread the marinated meat and vegetables onto skewers.');
INSERT INTO step(recipe_id, step_order, details) VALUES (84, 7, 'In a medium saucepan, melt the butter over medium heat.');
INSERT INTO step(recipe_id, step_order, details) VALUES (84, 8, 'Serve the potato wedges with the dipping sauce on the side."');
INSERT INTO step(recipe_id, step_order, details) VALUES (84, 9, 'Serve the skewers with a side of rice or salad.');
INSERT INTO step(recipe_id, step_order, details) VALUES (84, 10, 'In a large bowl, mix together the flour, sugar, baking powder, and salt.');
INSERT INTO step(recipe_id, step_order, details) VALUES (85, 1, 'In a large bowl, mix together the flour, sugar, baking powder, and salt.');
INSERT INTO step(recipe_id, step_order, details) VALUES (85, 2, 'Chop the vegetables into bite-sized pieces.');
INSERT INTO step(recipe_id, step_order, details) VALUES (85, 3, 'Stir in the grated cheese until melted and smooth.');
INSERT INTO step(recipe_id, step_order, details) VALUES (85, 4, 'In a large bowl, mix together the flour, sugar, baking powder, and salt.');
INSERT INTO step(recipe_id, step_order, details) VALUES (85, 5, 'Bake in the preheated oven for 25-30 minutes, or until the meat is cooked through and the vegetables are tender.');
INSERT INTO step(recipe_id, step_order, details) VALUES (85, 6, 'Transfer the sautéed vegetables to a baking dish.');
INSERT INTO step(recipe_id, step_order, details) VALUES (85, 7, 'Remove the bay leaf and discard.');
INSERT INTO step(recipe_id, step_order, details) VALUES (85, 8, 'Add the minced garlic and cook for another minute.');
INSERT INTO step(recipe_id, step_order, details) VALUES (86, 1, 'In the same skillet, cook the meat until browned on all sides.');
INSERT INTO step(recipe_id, step_order, details) VALUES (86, 2, 'Preheat the oven to 375°F (190°C).');
INSERT INTO step(recipe_id, step_order, details) VALUES (86, 3, 'Combine the cooked meat with the vegetables in the baking dish.');
INSERT INTO step(recipe_id, step_order, details) VALUES (86, 4, 'Allow to cool in the pan for 10 minutes before transferring to a wire rack to cool completely.');
INSERT INTO step(recipe_id, step_order, details) VALUES (86, 5, 'Thread the marinated meat and vegetables onto skewers.');
INSERT INTO step(recipe_id, step_order, details) VALUES (86, 6, 'Transfer the sautéed vegetables to a baking dish.');
INSERT INTO step(recipe_id, step_order, details) VALUES (86, 7, 'Transfer the sautéed vegetables to a baking dish.');
INSERT INTO step(recipe_id, step_order, details) VALUES (86, 8, '');
INSERT INTO step(recipe_id, step_order, details) VALUES (87, 1, 'Transfer the sautéed vegetables to a baking dish.');
INSERT INTO step(recipe_id, step_order, details) VALUES (87, 2, 'Rinse and drain the lentils.');
INSERT INTO step(recipe_id, step_order, details) VALUES (87, 3, 'Grease and flour a baking pan.');
INSERT INTO step(recipe_id, step_order, details) VALUES (87, 4, 'Grease and flour a baking pan.');
INSERT INTO step(recipe_id, step_order, details) VALUES (87, 5, 'Bring the mixture to a boil, then reduce the heat and let it simmer for 25-30 minutes, or until the lentils are tender.');
INSERT INTO step(recipe_id, step_order, details) VALUES (87, 6, 'Add the diced onions, carrots, and celery, and cook until the onions are translucent, about 5 minutes.');
INSERT INTO step(recipe_id, step_order, details) VALUES (87, 7, 'Drain the pasta and set aside.');
INSERT INTO step(recipe_id, step_order, details) VALUES (87, 8, 'In a large bowl, toss the potato wedges with olive oil, salt, pepper, and any desired seasonings.');
INSERT INTO step(recipe_id, step_order, details) VALUES (87, 9, 'Bring a large pot of water to a boil.');
INSERT INTO step(recipe_id, step_order, details) VALUES (87, 10, 'Bake in the preheated oven for 20-25 minutes, turning once halfway through, until the potatoes are golden brown and crispy.');
INSERT INTO step(recipe_id, step_order, details) VALUES (87, 11, 'Allow to cool in the pan for 10 minutes before transferring to a wire rack to cool completely.');
INSERT INTO step(recipe_id, step_order, details) VALUES (87, 12, 'Use an immersion blender to puree the soup to your desired consistency.');
INSERT INTO step(recipe_id, step_order, details) VALUES (88, 1, 'In a large bowl, mix together the flour, sugar, baking powder, and salt.');
INSERT INTO step(recipe_id, step_order, details) VALUES (88, 2, 'Bake in the preheated oven for 25-30 minutes, or until a toothpick inserted into the center comes out clean.');
INSERT INTO step(recipe_id, step_order, details) VALUES (88, 3, 'Stir in the lentils, tomatoes, and vegetable broth.');
INSERT INTO step(recipe_id, step_order, details) VALUES (88, 4, 'In a large bowl, mix together the flour, sugar, baking powder, and salt.');
INSERT INTO step(recipe_id, step_order, details) VALUES (88, 5, 'Sauté the onions and garlic until they become translucent, about 3-5 minutes.');
INSERT INTO step(recipe_id, step_order, details) VALUES (88, 6, 'Bake in the preheated oven for 20-25 minutes, turning once halfway through, until the potatoes are golden brown and crispy.');
INSERT INTO step(recipe_id, step_order, details) VALUES (88, 7, 'Drain the pasta and set aside.');
INSERT INTO step(recipe_id, step_order, details) VALUES (88, 8, 'Add a pinch of salt to the boiling water.');
INSERT INTO step(recipe_id, step_order, details) VALUES (88, 9, '');
INSERT INTO step(recipe_id, step_order, details) VALUES (88, 10, 'Use an immersion blender to puree the soup to your desired consistency.');
INSERT INTO step(recipe_id, step_order, details) VALUES (88, 11, 'Season with salt and pepper to taste.');
INSERT INTO step(recipe_id, step_order, details) VALUES (88, 12, 'Bake in the preheated oven for 25-30 minutes, or until a toothpick inserted into the center comes out clean.');
INSERT INTO step(recipe_id, step_order, details) VALUES (88, 13, 'Preheat the grill to medium-high heat.');
INSERT INTO step(recipe_id, step_order, details) VALUES (89, 1, 'Season the meat with salt, pepper, and your favorite spices.');
INSERT INTO step(recipe_id, step_order, details) VALUES (89, 2, 'Pour the sauce or broth over the meat and vegetables.');
INSERT INTO step(recipe_id, step_order, details) VALUES (89, 3, 'Remove the bay leaf and discard.');
INSERT INTO step(recipe_id, step_order, details) VALUES (89, 4, 'Fold in any additional ingredients like chocolate chips or nuts.');
INSERT INTO step(recipe_id, step_order, details) VALUES (89, 5, 'Remove from the oven and let it rest for a few minutes before serving.');
INSERT INTO step(recipe_id, step_order, details) VALUES (89, 6, 'Serve immediately, garnished with extra cheese and fresh herbs if desired."');
INSERT INTO step(recipe_id, step_order, details) VALUES (90, 1, 'In a large bowl, mix together the flour, sugar, baking powder, and salt.');
INSERT INTO step(recipe_id, step_order, details) VALUES (90, 2, 'Remove the potato wedges from the oven and let cool slightly before serving.');
INSERT INTO step(recipe_id, step_order, details) VALUES (90, 3, 'Transfer the sautéed vegetables to a baking dish.');
INSERT INTO step(recipe_id, step_order, details) VALUES (90, 4, 'Remove the skewers from the grill and let rest for a few minutes before serving.');
INSERT INTO step(recipe_id, step_order, details) VALUES (90, 5, 'In a large bowl, toss the potato wedges with olive oil, salt, pepper, and any desired seasonings.');
INSERT INTO step(recipe_id, step_order, details) VALUES (90, 6, 'In the same skillet, cook the meat until browned on all sides.');
INSERT INTO step(recipe_id, step_order, details) VALUES (90, 7, 'Preheat the grill to medium-high heat.');
INSERT INTO step(recipe_id, step_order, details) VALUES (91, 1, 'Serve immediately, garnished with extra cheese and fresh herbs if desired."');
INSERT INTO step(recipe_id, step_order, details) VALUES (91, 2, 'Transfer the sautéed vegetables to a baking dish.');
INSERT INTO step(recipe_id, step_order, details) VALUES (91, 3, 'Preheat the oven to 400°F (200°C).');
INSERT INTO step(recipe_id, step_order, details) VALUES (91, 4, 'Transfer the sautéed vegetables to a baking dish.');
INSERT INTO step(recipe_id, step_order, details) VALUES (91, 5, 'In a large bowl, toss the potato wedges with olive oil, salt, pepper, and any desired seasonings.');
INSERT INTO step(recipe_id, step_order, details) VALUES (91, 6, 'Gradually whisk in the milk, stirring continuously to avoid lumps.');
INSERT INTO step(recipe_id, step_order, details) VALUES (91, 7, 'Preheat the oven to 400°F (200°C).');
INSERT INTO step(recipe_id, step_order, details) VALUES (91, 8, 'Cook the pasta according to the package instructions until al dente.');
INSERT INTO step(recipe_id, step_order, details) VALUES (91, 9, 'Fold in any additional ingredients like chocolate chips or nuts.');
INSERT INTO step(recipe_id, step_order, details) VALUES (91, 10, 'Bring a large pot of water to a boil.');
INSERT INTO step(recipe_id, step_order, details) VALUES (91, 11, 'Remove the foil and bake for an additional 5-10 minutes to allow the top to brown slightly.');
INSERT INTO step(recipe_id, step_order, details) VALUES (91, 12, 'Add a pinch of salt to the boiling water.');
INSERT INTO step(recipe_id, step_order, details) VALUES (91, 13, 'Cut the potatoes into wedges.');
INSERT INTO step(recipe_id, step_order, details) VALUES (91, 14, 'In a large bowl, toss the potato wedges with olive oil, salt, pepper, and any desired seasonings.');
INSERT INTO step(recipe_id, step_order, details) VALUES (92, 1, 'Cover the baking dish with aluminum foil.');
INSERT INTO step(recipe_id, step_order, details) VALUES (92, 2, 'Season with salt and pepper to taste.');
INSERT INTO step(recipe_id, step_order, details) VALUES (92, 3, 'Season the meat with salt, pepper, and your favorite spices.');
INSERT INTO step(recipe_id, step_order, details) VALUES (92, 4, 'Add the chopped vegetables to the skillet and cook for an additional 5-7 minutes.');
INSERT INTO step(recipe_id, step_order, details) VALUES (92, 5, 'Bake in the preheated oven for 25-30 minutes, or until a toothpick inserted into the center comes out clean.');
INSERT INTO step(recipe_id, step_order, details) VALUES (92, 6, 'Place the skewers on the preheated grill.');
INSERT INTO step(recipe_id, step_order, details) VALUES (92, 7, 'Pour the wet ingredients into the dry ingredients and stir until just combined.');
INSERT INTO step(recipe_id, step_order, details) VALUES (92, 8, 'Serve immediately, garnished with extra cheese and fresh herbs if desired."');
INSERT INTO step(recipe_id, step_order, details) VALUES (92, 9, 'Serve immediately, garnished with extra cheese and fresh herbs if desired."');
INSERT INTO step(recipe_id, step_order, details) VALUES (92, 10, 'Pour the wet ingredients into the dry ingredients and stir until just combined.');
INSERT INTO step(recipe_id, step_order, details) VALUES (92, 11, 'Bring a large pot of water to a boil.');
INSERT INTO step(recipe_id, step_order, details) VALUES (92, 12, 'Preheat the oven to 350°F (175°C).');
INSERT INTO step(recipe_id, step_order, details) VALUES (93, 1, 'Serve the skewers with a side of rice or salad.');
INSERT INTO step(recipe_id, step_order, details) VALUES (93, 2, 'Add the cooked pasta to the cheese sauce and mix until well combined.');
INSERT INTO step(recipe_id, step_order, details) VALUES (93, 3, 'Cover the baking dish with aluminum foil.');
INSERT INTO step(recipe_id, step_order, details) VALUES (93, 4, 'Pour the sauce or broth over the meat and vegetables.');
INSERT INTO step(recipe_id, step_order, details) VALUES (93, 5, 'Remove the skewers from the grill and let rest for a few minutes before serving.');
INSERT INTO step(recipe_id, step_order, details) VALUES (93, 6, 'Use an immersion blender to puree the soup to your desired consistency.');
INSERT INTO step(recipe_id, step_order, details) VALUES (93, 7, 'In the same skillet, cook the meat until browned on all sides.');
INSERT INTO step(recipe_id, step_order, details) VALUES (93, 8, 'Bake in the preheated oven for 25-30 minutes, or until a toothpick inserted into the center comes out clean.');
INSERT INTO step(recipe_id, step_order, details) VALUES (93, 9, 'Thread the marinated meat and vegetables onto skewers.');
INSERT INTO step(recipe_id, step_order, details) VALUES (93, 10, 'Cook the pasta according to the package instructions until al dente.');
INSERT INTO step(recipe_id, step_order, details) VALUES (93, 11, 'Cook the pasta according to the package instructions until al dente.');
INSERT INTO step(recipe_id, step_order, details) VALUES (93, 12, 'Spread the potato wedges in a single layer on a baking sheet.');
INSERT INTO step(recipe_id, step_order, details) VALUES (93, 13, 'Sauté the onions and garlic until they become translucent, about 3-5 minutes.');
INSERT INTO step(recipe_id, step_order, details) VALUES (93, 14, 'Add the chopped vegetables to the skillet and cook for an additional 5-7 minutes.');
INSERT INTO step(recipe_id, step_order, details) VALUES (94, 1, 'Add the minced garlic and cook for another minute.');
INSERT INTO step(recipe_id, step_order, details) VALUES (94, 2, 'In a large bowl, mix together the flour, sugar, baking powder, and salt.');
INSERT INTO step(recipe_id, step_order, details) VALUES (94, 3, 'Stir in the grated cheese until melted and smooth.');
INSERT INTO step(recipe_id, step_order, details) VALUES (94, 4, 'In a large bowl, mix together the flour, sugar, baking powder, and salt.');
INSERT INTO step(recipe_id, step_order, details) VALUES (94, 5, 'Place the skewers on the preheated grill.');
INSERT INTO step(recipe_id, step_order, details) VALUES (94, 6, 'In the same skillet, cook the meat until browned on all sides.');
INSERT INTO step(recipe_id, step_order, details) VALUES (94, 7, 'Bring a large pot of water to a boil.');
INSERT INTO step(recipe_id, step_order, details) VALUES (95, 1, 'Remove the foil and bake for an additional 5-10 minutes to allow the top to brown slightly.');
INSERT INTO step(recipe_id, step_order, details) VALUES (95, 2, 'Add the diced onions, carrots, and celery, and cook until the onions are translucent, about 5 minutes.');
INSERT INTO step(recipe_id, step_order, details) VALUES (95, 3, 'Remove the potato wedges from the oven and let cool slightly before serving.');
INSERT INTO step(recipe_id, step_order, details) VALUES (95, 4, 'Use an immersion blender to puree the soup to your desired consistency.');
INSERT INTO step(recipe_id, step_order, details) VALUES (95, 5, 'Season the meat with salt, pepper, and your favorite spices.');
INSERT INTO step(recipe_id, step_order, details) VALUES (95, 6, 'In a medium saucepan, melt the butter over medium heat.');
INSERT INTO step(recipe_id, step_order, details) VALUES (95, 7, 'Season with salt and pepper to taste.');
INSERT INTO step(recipe_id, step_order, details) VALUES (95, 8, 'Grill the skewers for 10-15 minutes, turning occasionally, until the meat is cooked through and the vegetables are tender.');
INSERT INTO step(recipe_id, step_order, details) VALUES (95, 9, 'Bake in the preheated oven for 20-25 minutes, turning once halfway through, until the potatoes are golden brown and crispy.');
INSERT INTO step(recipe_id, step_order, details) VALUES (96, 1, 'Marinate the meat with your choice of marinade for at least 30 minutes.');
INSERT INTO step(recipe_id, step_order, details) VALUES (96, 2, 'Grease and flour a baking pan.');
INSERT INTO step(recipe_id, step_order, details) VALUES (96, 3, 'Gradually whisk in the milk, stirring continuously to avoid lumps.');
INSERT INTO step(recipe_id, step_order, details) VALUES (96, 4, '');
INSERT INTO step(recipe_id, step_order, details) VALUES (96, 5, 'Preheat the grill to medium-high heat.');
INSERT INTO step(recipe_id, step_order, details) VALUES (96, 6, 'Season with salt and pepper to taste.');
INSERT INTO step(recipe_id, step_order, details) VALUES (96, 7, 'Add the chopped vegetables to the skillet and cook for an additional 5-7 minutes.');
INSERT INTO step(recipe_id, step_order, details) VALUES (97, 1, 'Place the skewers on the preheated grill.');
INSERT INTO step(recipe_id, step_order, details) VALUES (97, 2, 'Transfer the sautéed vegetables to a baking dish.');
INSERT INTO step(recipe_id, step_order, details) VALUES (97, 3, 'In a large pot, heat the olive oil over medium heat.');
INSERT INTO step(recipe_id, step_order, details) VALUES (97, 4, 'Remove the bay leaf and discard.');
INSERT INTO step(recipe_id, step_order, details) VALUES (97, 5, 'Garnish with fresh herbs and serve warm."');
INSERT INTO step(recipe_id, step_order, details) VALUES (97, 6, 'Rinse and drain the lentils.');
INSERT INTO step(recipe_id, step_order, details) VALUES (97, 7, 'In the same skillet, cook the meat until browned on all sides.');
INSERT INTO step(recipe_id, step_order, details) VALUES (97, 8, 'Preheat the oven to 400°F (200°C).');
INSERT INTO step(recipe_id, step_order, details) VALUES (97, 9, 'Heat a large skillet over medium heat and add olive oil.');
INSERT INTO step(recipe_id, step_order, details) VALUES (97, 10, 'Add the minced garlic and cook for another minute.');
INSERT INTO step(recipe_id, step_order, details) VALUES (97, 11, 'Cover the baking dish with aluminum foil.');
INSERT INTO step(recipe_id, step_order, details) VALUES (97, 12, 'Drain the pasta and set aside.');
INSERT INTO step(recipe_id, step_order, details) VALUES (97, 13, 'Bring a large pot of water to a boil.');
INSERT INTO step(recipe_id, step_order, details) VALUES (98, 1, '');
INSERT INTO step(recipe_id, step_order, details) VALUES (98, 2, 'Stir in the lentils, tomatoes, and vegetable broth.');
INSERT INTO step(recipe_id, step_order, details) VALUES (98, 3, 'Serve the skewers with a side of rice or salad.');
INSERT INTO step(recipe_id, step_order, details) VALUES (98, 4, 'Remove the potato wedges from the oven and let cool slightly before serving.');
INSERT INTO step(recipe_id, step_order, details) VALUES (98, 5, 'Transfer the sautéed vegetables to a baking dish.');
INSERT INTO step(recipe_id, step_order, details) VALUES (98, 6, 'Add a pinch of salt to the boiling water.');
INSERT INTO step(recipe_id, step_order, details) VALUES (98, 7, 'Season with salt and pepper to taste.');
INSERT INTO step(recipe_id, step_order, details) VALUES (98, 8, 'Bake in the preheated oven for 25-30 minutes, or until the meat is cooked through and the vegetables are tender.');
INSERT INTO step(recipe_id, step_order, details) VALUES (98, 9, 'Combine the cooked meat with the vegetables in the baking dish.');
INSERT INTO step(recipe_id, step_order, details) VALUES (99, 1, 'Sauté the onions and garlic until they become translucent, about 3-5 minutes.');
INSERT INTO step(recipe_id, step_order, details) VALUES (99, 2, 'Garnish with fresh herbs and serve warm."');
INSERT INTO step(recipe_id, step_order, details) VALUES (99, 3, 'In a large pot, heat the olive oil over medium heat.');
INSERT INTO step(recipe_id, step_order, details) VALUES (99, 4, '');
INSERT INTO step(recipe_id, step_order, details) VALUES (99, 5, 'In a large bowl, mix together the flour, sugar, baking powder, and salt.');
INSERT INTO step(recipe_id, step_order, details) VALUES (99, 6, 'Serve the skewers with a side of rice or salad.');
INSERT INTO step(recipe_id, step_order, details) VALUES (99, 7, 'Chop the vegetables into bite-sized pieces.');
INSERT INTO step(recipe_id, step_order, details) VALUES (100, 1, 'Sauté the onions and garlic until they become translucent, about 3-5 minutes.');
INSERT INTO step(recipe_id, step_order, details) VALUES (100, 2, 'Combine the cooked meat with the vegetables in the baking dish.');
INSERT INTO step(recipe_id, step_order, details) VALUES (100, 3, 'In a large bowl, toss the potato wedges with olive oil, salt, pepper, and any desired seasonings.');
INSERT INTO step(recipe_id, step_order, details) VALUES (100, 4, 'Remove the skewers from the grill and let rest for a few minutes before serving.');
INSERT INTO step(recipe_id, step_order, details) VALUES (100, 5, 'Add the bay leaf, thyme, salt, and pepper.');
INSERT INTO step(recipe_id, step_order, details) VALUES (100, 6, 'Season with salt and pepper to taste.');
INSERT INTO step(recipe_id, step_order, details) VALUES (100, 7, 'Pour the wet ingredients into the dry ingredients and stir until just combined.');
INSERT INTO step(recipe_id, step_order, details) VALUES (100, 8, 'Preheat the oven to 400°F (200°C).');
INSERT INTO step(recipe_id, step_order, details) VALUES (100, 9, 'Remove the bay leaf and discard.');
INSERT INTO step(recipe_id, step_order, details) VALUES (100, 10, 'Gradually whisk in the milk, stirring continuously to avoid lumps.');
INSERT INTO step(recipe_id, step_order, details) VALUES (100, 11, 'Preheat the oven to 350°F (175°C).');

INSERT INTO episode(season, ep_num, picture, picture_description) VALUES (2019, 1, 'https://placekitten.com/413/93', 'Away when opportunity style political law.');

INSERT INTO episode(season, ep_num, picture, picture_description) VALUES (2019, 2, 'https://placekitten.com/533/739', 'Produce consider wrong look send.');

INSERT INTO episode(season, ep_num, picture, picture_description) VALUES (2019, 3, 'https://dummyimage.com/864x353', 'Table eat near food mention.');

INSERT INTO episode(season, ep_num, picture, picture_description) VALUES (2019, 4, 'https://dummyimage.com/185x482', 'Clearly cup heavy.');

INSERT INTO episode(season, ep_num, picture, picture_description) VALUES (2019, 5, 'https://placekitten.com/644/892', 'Especially catch charge season body.');

INSERT INTO episode(season, ep_num, picture, picture_description) VALUES (2019, 6, 'https://dummyimage.com/826x526', 'Generation whose record past she.');

INSERT INTO episode(season, ep_num, picture, picture_description) VALUES (2019, 7, 'https://dummyimage.com/784x321', 'Hour apply situation form today indicate theory.');

INSERT INTO episode(season, ep_num, picture, picture_description) VALUES (2019, 8, 'https://picsum.photos/46/96', 'Collection win everything sign citizen western I.');

INSERT INTO episode(season, ep_num, picture, picture_description) VALUES (2019, 9, 'https://placekitten.com/280/621', 'Society this interest.');

INSERT INTO episode(season, ep_num, picture, picture_description) VALUES (2019, 10, 'https://picsum.photos/1019/34', 'East size somebody spring one.');

INSERT INTO episode(season, ep_num, picture, picture_description) VALUES (2020, 1, 'https://picsum.photos/385/207', 'Spend customer trial role.');

INSERT INTO episode(season, ep_num, picture, picture_description) VALUES (2020, 2, 'https://placekitten.com/324/467', 'Onto foreign quickly if.');

INSERT INTO episode(season, ep_num, picture, picture_description) VALUES (2020, 3, 'https://picsum.photos/693/552', 'Fact walk capital third determine certainly skin.');

INSERT INTO episode(season, ep_num, picture, picture_description) VALUES (2020, 4, 'https://dummyimage.com/659x375', 'Common baby after arrive.');

INSERT INTO episode(season, ep_num, picture, picture_description) VALUES (2020, 5, 'https://picsum.photos/820/574', 'Choose film notice.');

INSERT INTO episode(season, ep_num, picture, picture_description) VALUES (2020, 6, 'https://placekitten.com/591/6', 'Within central hair.');

INSERT INTO episode(season, ep_num, picture, picture_description) VALUES (2020, 7, 'https://placekitten.com/663/288', 'Dog whole mouth travel piece drop per.');

INSERT INTO episode(season, ep_num, picture, picture_description) VALUES (2020, 8, 'https://placekitten.com/197/103', 'Everyone score half us run fly affect include.');

INSERT INTO episode(season, ep_num, picture, picture_description) VALUES (2020, 9, 'https://dummyimage.com/903x292', 'Peace follow get point.');

INSERT INTO episode(season, ep_num, picture, picture_description) VALUES (2020, 10, 'https://picsum.photos/832/692', 'Surface quality through standard its political.');

INSERT INTO episode(season, ep_num, picture, picture_description) VALUES (2021, 1, 'https://dummyimage.com/187x92', 'Head number no.');

INSERT INTO episode(season, ep_num, picture, picture_description) VALUES (2021, 2, 'https://placekitten.com/770/55', 'Lot pattern your somebody daughter fight look exist.');

INSERT INTO episode(season, ep_num, picture, picture_description) VALUES (2021, 3, 'https://picsum.photos/283/912', 'Magazine personal figure herself last source public.');

INSERT INTO episode(season, ep_num, picture, picture_description) VALUES (2021, 4, 'https://placekitten.com/449/523', 'Near six represent answer stock treat resource few.');

INSERT INTO episode(season, ep_num, picture, picture_description) VALUES (2021, 5, 'https://placekitten.com/359/483', 'Theory seem idea stay claim.');

INSERT INTO episode(season, ep_num, picture, picture_description) VALUES (2021, 6, 'https://picsum.photos/118/874', 'American activity first person within gas less.');

INSERT INTO episode(season, ep_num, picture, picture_description) VALUES (2021, 7, 'https://placekitten.com/211/312', 'Question beyond everybody join.');

INSERT INTO episode(season, ep_num, picture, picture_description) VALUES (2021, 8, 'https://picsum.photos/983/699', 'Upon between none employee which.');

INSERT INTO episode(season, ep_num, picture, picture_description) VALUES (2021, 9, 'https://placekitten.com/826/82', 'Yet car real analysis simple season.');

INSERT INTO episode(season, ep_num, picture, picture_description) VALUES (2021, 10, 'https://placekitten.com/144/120', 'Down color party expert sure pull away.');

INSERT INTO episode(season, ep_num, picture, picture_description) VALUES (2022, 1, 'https://dummyimage.com/589x953', 'Economic training early discuss owner long.');

INSERT INTO episode(season, ep_num, picture, picture_description) VALUES (2022, 2, 'https://picsum.photos/342/880', 'Approach season relate east nice pretty.');

INSERT INTO episode(season, ep_num, picture, picture_description) VALUES (2022, 3, 'https://picsum.photos/432/387', 'Yeah cultural so clearly process wait.');

INSERT INTO episode(season, ep_num, picture, picture_description) VALUES (2022, 4, 'https://placekitten.com/115/883', 'Investment half central trip.');

INSERT INTO episode(season, ep_num, picture, picture_description) VALUES (2022, 5, 'https://placekitten.com/643/702', 'Hotel power continue general off.');

INSERT INTO episode(season, ep_num, picture, picture_description) VALUES (2022, 6, 'https://dummyimage.com/171x443', 'Someone yes evidence husband.');

INSERT INTO episode(season, ep_num, picture, picture_description) VALUES (2022, 7, 'https://dummyimage.com/402x279', 'Idea strategy similar purpose trouble.');

INSERT INTO episode(season, ep_num, picture, picture_description) VALUES (2022, 8, 'https://picsum.photos/861/190', 'All ready beat down security.');

INSERT INTO episode(season, ep_num, picture, picture_description) VALUES (2022, 9, 'https://placekitten.com/125/749', 'Pressure church attorney season visit yeah.');

INSERT INTO episode(season, ep_num, picture, picture_description) VALUES (2022, 10, 'https://picsum.photos/205/1020', 'Kitchen evening speak lose.');

INSERT INTO episode(season, ep_num, picture, picture_description) VALUES (2023, 1, 'https://dummyimage.com/73x726', 'Also term different individual traditional street.');

INSERT INTO episode(season, ep_num, picture, picture_description) VALUES (2023, 2, 'https://picsum.photos/872/814', 'Hair force but medical sort.');

INSERT INTO episode(season, ep_num, picture, picture_description) VALUES (2023, 3, 'https://placekitten.com/354/96', 'Memory draw yard away something project.');

INSERT INTO episode(season, ep_num, picture, picture_description) VALUES (2023, 4, 'https://dummyimage.com/583x356', 'Discuss occur personal large receive religious night.');

INSERT INTO episode(season, ep_num, picture, picture_description) VALUES (2023, 5, 'https://placekitten.com/785/589', 'Own federal responsibility nation kind hour.');

INSERT INTO episode(season, ep_num, picture, picture_description) VALUES (2023, 6, 'https://picsum.photos/1/189', 'Possible bag billion film realize purpose no democratic.');

INSERT INTO episode(season, ep_num, picture, picture_description) VALUES (2023, 7, 'https://placekitten.com/836/364', 'Reveal hot million floor whether drive strategy.');

INSERT INTO episode(season, ep_num, picture, picture_description) VALUES (2023, 8, 'https://dummyimage.com/268x137', 'Cold check maintain might.');

INSERT INTO episode(season, ep_num, picture, picture_description) VALUES (2023, 9, 'https://dummyimage.com/783x275', 'Sometimes its young return message.');

INSERT INTO episode(season, ep_num, picture, picture_description) VALUES (2023, 10, 'https://placekitten.com/853/950', 'Yourself newspaper information loss cut money.');

INSERT INTO episode(season, ep_num, picture, picture_description) VALUES (2024, 1, 'https://dummyimage.com/288x152', 'Like right traditional meet.');

INSERT INTO episode(season, ep_num, picture, picture_description) VALUES (2024, 2, 'https://placekitten.com/941/22', 'Piece manage staff clear finally.');

INSERT INTO episode(season, ep_num, picture, picture_description) VALUES (2024, 3, 'https://dummyimage.com/168x1011', 'Tv travel arm skin bring chair.');

INSERT INTO episode(season, ep_num, picture, picture_description) VALUES (2024, 4, 'https://picsum.photos/617/379', 'Apply difference visit choose protect shake from.');

INSERT INTO episode(season, ep_num, picture, picture_description) VALUES (2024, 5, 'https://placekitten.com/357/292', 'Toward build record ok such under bed instead.');

INSERT INTO episode(season, ep_num, picture, picture_description) VALUES (2024, 6, 'https://dummyimage.com/160x610', 'Nice subject message color four job.');

INSERT INTO episode(season, ep_num, picture, picture_description) VALUES (2024, 7, 'https://placekitten.com/643/698', 'Happy history simply rich.');

INSERT INTO episode(season, ep_num, picture, picture_description) VALUES (2024, 8, 'https://dummyimage.com/324x77', 'Enough material either central.');

INSERT INTO episode(season, ep_num, picture, picture_description) VALUES (2024, 9, 'https://picsum.photos/383/891', 'High our bed upon sort condition admit.');

INSERT INTO episode(season, ep_num, picture, picture_description) VALUES (2024, 10, 'https://picsum.photos/165/583', 'Power term eat form seek one central.');

CALL insert_episode_selection;
CALL insert_episode_judge;
CALL insert_judge_rates_cook;


