INSERT INTO cuisine (title) VALUES ('Palau');
INSERT INTO cuisine (title) VALUES ('Sri Lanka');
INSERT INTO cuisine (title) VALUES ('Saint Vincent and the Grenadines');
INSERT INTO cuisine (title) VALUES ('British Indian Ocean Territory (Chagos Archipelago)');
INSERT INTO cuisine (title) VALUES ('Gambia');
INSERT INTO cuisine (title) VALUES ('Mauritius');
INSERT INTO cuisine (title) VALUES ('Svalbard & Jan Mayen Islands');
INSERT INTO cuisine (title) VALUES ('Burundi');
INSERT INTO cuisine (title) VALUES ('Madagascar');
INSERT INTO cuisine (title) VALUES ('Japan');
INSERT INTO cuisine (title) VALUES ('Saint Helena');
INSERT INTO cuisine (title) VALUES ('Saint Barthelemy');
INSERT INTO cuisine (title) VALUES ('Iraq');
INSERT INTO cuisine (title) VALUES ('Israel');
INSERT INTO cuisine (title) VALUES ('Libyan Arab Jamahiriya');
INSERT INTO cuisine (title) VALUES ('Morocco');
INSERT INTO cuisine (title) VALUES ('Heard Island and McDonald Islands');
INSERT INTO cuisine (title) VALUES ('Greece');
INSERT INTO cuisine (title) VALUES ('Haiti');
INSERT INTO cuisine (title) VALUES ('Kyrgyz Republic');
INSERT INTO cuisine (title) VALUES ('Russian Federation');
INSERT INTO cuisine (title) VALUES ('Uganda');
INSERT INTO cuisine (title) VALUES ('San Marino');
INSERT INTO cuisine (title) VALUES ('New Zealand');
INSERT INTO cuisine (title) VALUES ('Guernsey');
INSERT INTO cuisine (title) VALUES ('Nicaragua');
INSERT INTO cuisine (title) VALUES ('Turkey');
INSERT INTO cuisine (title) VALUES ('Mali');
INSERT INTO cuisine (title) VALUES ('American Samoa');
INSERT INTO cuisine (title) VALUES ('Wallis and Futuna');
INSERT INTO cuisine (title) VALUES ('China');
INSERT INTO cuisine (title) VALUES ('Oman');
INSERT INTO cuisine (title) VALUES ('Fiji');
INSERT INTO cuisine (title) VALUES ('Kiribati');
INSERT INTO cuisine (title) VALUES ('Anguilla');
INSERT INTO cuisine (title) VALUES ('Guatemala');
INSERT INTO cuisine (title) VALUES ('Martinique');
INSERT INTO cuisine (title) VALUES ('Malaysia');
INSERT INTO cuisine (title) VALUES ('Saint Lucia');
INSERT INTO cuisine (title) VALUES ('Bulgaria');
INSERT INTO cuisine (title) VALUES ('Slovenia');
INSERT INTO cuisine (title) VALUES ('Zambia');
INSERT INTO cuisine (title) VALUES ('Spain');
INSERT INTO cuisine (title) VALUES ('Central African Republic');
INSERT INTO cuisine (title) VALUES ('Cambodia');
INSERT INTO cuisine (title) VALUES ('Peru');
INSERT INTO cuisine (title) VALUES ('Niger');
INSERT INTO cuisine (title) VALUES ('Saint Pierre and Miquelon');
INSERT INTO cuisine (title) VALUES ('Ghana');
INSERT INTO cuisine (title) VALUES ('Bermuda');

INSERT INTO meal_type (title) VALUES ('Snack');
INSERT INTO meal_type (title) VALUES ('Brunch');
INSERT INTO meal_type (title) VALUES ('Lunch');
INSERT INTO meal_type (title) VALUES ('Dinner');
INSERT INTO meal_type (title) VALUES ('After-noon snack');
INSERT INTO meal_type (title) VALUES ('Breakfast');

INSERT INTO theme (title, theme_description) VALUES ('Pizza Party', 'Smile oil girl happy save none.');
INSERT INTO theme (title, theme_description) VALUES ('Kids Kitchen Creations', 'Tough something today treat.');
INSERT INTO theme (title, theme_description) VALUES ('Smoothie Sensation', 'Smile here better good fine. Man particularly deep out quickly oil author.');
INSERT INTO theme (title, theme_description) VALUES ('Sandwich Sensation', 'Bank forward rather result financial conference. Hand ahead maintain kitchen conference property.');
INSERT INTO theme (title, theme_description) VALUES ('Grilling Galore', 'Draw force want account growth evidence cut. Fast might chair total forward may.');
INSERT INTO theme (title, theme_description) VALUES ('Rice Bowl Revival', 'May relationship least size any sign imagine recognize. Miss key appear blood now fine.');
INSERT INTO theme (title, theme_description) VALUES ('Italian Night', 'Simple time plan color local song.');
INSERT INTO theme (title, theme_description) VALUES ('Pasta Party', 'Manager investment half impact physical.');
INSERT INTO theme (title, theme_description) VALUES ('Stir-Fry Fiesta', 'Spend smile parent challenge else allow.');
INSERT INTO theme (title, theme_description) VALUES ('Game Day Grub', 'Include pay enjoy imagine here his. Spring consumer small structure body environmental.');
INSERT INTO theme (title, theme_description) VALUES ('Homestyle Cooking', 'Woman trip side teacher find their.');
INSERT INTO theme (title, theme_description) VALUES ('Cocktail Hour', 'Final actually commercial clear respond fast couple.');
INSERT INTO theme (title, theme_description) VALUES ('Grill Bonanza', 'National against treat half marriage.');
INSERT INTO theme (title, theme_description) VALUES ('Curry Craze', 'Better according call hotel main fall green.');
INSERT INTO theme (title, theme_description) VALUES ('Seafood Spectacular', 'Throughout agreement suddenly after choice serious. Real what radio interview image part.');
INSERT INTO theme (title, theme_description) VALUES ('Salad Celebration', 'Give discuss institution south.');
INSERT INTO theme (title, theme_description) VALUES ('Weeknight Wonders', 'All rather north type rise.');
INSERT INTO theme (title, theme_description) VALUES ('Mediterranean Delight', 'Direction unit little deal series interest myself firm.');
INSERT INTO theme (title, theme_description) VALUES ('Mocktail Madness', 'Beautiful parent well would she value.');
INSERT INTO theme (title, theme_description) VALUES ('Holiday Feast', 'Fear type outside protect. Culture but job.');
INSERT INTO theme (title, theme_description) VALUES ('Farm-to-Table', 'Serious fund high television writer machine. Threat player people ask game.');
INSERT INTO theme (title, theme_description) VALUES ('Grain Bowl Galore', 'North stuff program key everything gas yard budget.');
INSERT INTO theme (title, theme_description) VALUES ('Burger Bash', 'Manage guy choose perform everybody friend hear trade. Want our author person threat wait.');
INSERT INTO theme (title, theme_description) VALUES ('Plant-Based Paradise', 'Pattern teach center from yard politics. Middle positive available.');
INSERT INTO theme (title, theme_description) VALUES ('Mexican Fiesta', 'Tend clear magazine before. Commercial just executive subject do.');
INSERT INTO theme (title, theme_description) VALUES ('Sushi Night', 'Point PM operation long where.');
INSERT INTO theme (title, theme_description) VALUES ('Comfort Classics', 'View hot let grow. Dream moment risk maybe production.');
INSERT INTO theme (title, theme_description) VALUES ('Healthy Eating', 'Great fill agency three smile hope. Total charge student inside fire.');
INSERT INTO theme (title, theme_description) VALUES ('Juice Bar Delight', 'Including appear anyone bring film citizen.');
INSERT INTO theme (title, theme_description) VALUES ('Soup Supper', 'Here make over usually certainly direction team.');
INSERT INTO theme (title, theme_description) VALUES ('Taco Tuesday', 'Star size call debate such board dream.');
INSERT INTO theme (title, theme_description) VALUES ('Brunch Bonanza', 'National kitchen majority mind who nothing suggest.');
INSERT INTO theme (title, theme_description) VALUES ('Dessert Extravaganza', 'Feeling yard himself success be national.');
INSERT INTO theme (title, theme_description) VALUES ('Street Food Sensation', 'No success to near name suggest head. Agency someone month performance.');
INSERT INTO theme (title, theme_description) VALUES ('Summer BBQ', 'Federal evidence middle hour ball.');
INSERT INTO theme (title, theme_description) VALUES ('Asian Fusion', 'Practice guy expert bank but.');
INSERT INTO theme (title, theme_description) VALUES ('Global Cuisine Adventure', 'Wish cell owner care.');
INSERT INTO theme (title, theme_description) VALUES ('Baking Bonanza', 'Cold nature today good world strategy affect. Executive notice red seem.');
INSERT INTO theme (title, theme_description) VALUES ('Date Night Dinner', 'Experience sense its.');
INSERT INTO theme (title, theme_description) VALUES ('Healthy Snack Attack', 'Use great fall.');

INSERT INTO tag (title) VALUES ('Game Day');
INSERT INTO tag (title) VALUES ('Camping');
INSERT INTO tag (title) VALUES ('Fall');
INSERT INTO tag (title) VALUES ('Vegan');
INSERT INTO tag (title) VALUES ('Salad');
INSERT INTO tag (title) VALUES ('Dairy-Free');
INSERT INTO tag (title) VALUES ('Beach Day');
INSERT INTO tag (title) VALUES ('Appetizer');
INSERT INTO tag (title) VALUES ('Holiday Dinner');
INSERT INTO tag (title) VALUES ('Tailgating');
INSERT INTO tag (title) VALUES ('Soup');
INSERT INTO tag (title) VALUES ('Hangover Cure');
INSERT INTO tag (title) VALUES ('One-Pot');
INSERT INTO tag (title) VALUES ('Girls` Night');
INSERT INTO tag (title) VALUES ('Low-Carb');
INSERT INTO tag (title) VALUES ('Immune Boost');
INSERT INTO tag (title) VALUES ('Mediterranean');
INSERT INTO tag (title) VALUES ('Stew');
INSERT INTO tag (title) VALUES ('Date Night');
INSERT INTO tag (title) VALUES ('Instant Pot');
INSERT INTO tag (title) VALUES ('Paleo');
INSERT INTO tag (title) VALUES ('Low-Calorie');
INSERT INTO tag (title) VALUES ('Fitness');
INSERT INTO tag (title) VALUES ('Sunday Brunch');
INSERT INTO tag (title) VALUES ('Wedding');
INSERT INTO tag (title) VALUES ('Keto-Friendly');
INSERT INTO tag (title) VALUES ('Thanksgiving');
INSERT INTO tag (title) VALUES ('Gluten-Free');
INSERT INTO tag (title) VALUES ('Summer');
INSERT INTO tag (title) VALUES ('Mocktail');
INSERT INTO tag (title) VALUES ('Kid-Friendly');
INSERT INTO tag (title) VALUES ('Halloween');
INSERT INTO tag (title) VALUES ('Comfort Food');
INSERT INTO tag (title) VALUES ('Grilling');
INSERT INTO tag (title) VALUES ('Mexican');
INSERT INTO tag (title) VALUES ('Stress Relief');
INSERT INTO tag (title) VALUES ('Hiking');
INSERT INTO tag (title) VALUES ('Backpacking');
INSERT INTO tag (title) VALUES ('Dessert');
INSERT INTO tag (title) VALUES ('Family-Friendly');
INSERT INTO tag (title) VALUES ('Bachelor Cooking');
INSERT INTO tag (title) VALUES ('Whole30');
INSERT INTO tag (title) VALUES ('Seafood');
INSERT INTO tag (title) VALUES ('Healthy');
INSERT INTO tag (title) VALUES ('Pool Party');
INSERT INTO tag (title) VALUES ('Slow Cooker');
INSERT INTO tag (title) VALUES ('Bread');
INSERT INTO tag (title) VALUES ('Snack');
INSERT INTO tag (title) VALUES ('Quick & Easy');
INSERT INTO tag (title) VALUES ('Pre-Workout');
INSERT INTO tag (title) VALUES ('Italian');
INSERT INTO tag (title) VALUES ('Pasta');
INSERT INTO tag (title) VALUES ('BBQ');
INSERT INTO tag (title) VALUES ('Smoothie');
INSERT INTO tag (title) VALUES ('Bridal Shower');
INSERT INTO tag (title) VALUES ('Grain-Free');
INSERT INTO tag (title) VALUES ('Winter');
INSERT INTO tag (title) VALUES ('Middle Eastern');
INSERT INTO tag (title) VALUES ('Cake');
INSERT INTO tag (title) VALUES ('Juice');
INSERT INTO tag (title) VALUES ('Movie Night');
INSERT INTO tag (title) VALUES ('Beverage');
INSERT INTO tag (title) VALUES ('Digestive Health');
INSERT INTO tag (title) VALUES ('Spring');
INSERT INTO tag (title) VALUES ('Anniversary');
INSERT INTO tag (title) VALUES ('Sunday Meal Prep');
INSERT INTO tag (title) VALUES ('Cocktail');
INSERT INTO tag (title) VALUES ('Energy Boost');
INSERT INTO tag (title) VALUES ('Cookie');
INSERT INTO tag (title) VALUES ('Vegetarian');
INSERT INTO tag (title) VALUES ('Budget-Friendly');
INSERT INTO tag (title) VALUES ('New Year`s Eve');
INSERT INTO tag (title) VALUES ('Brunch');
INSERT INTO tag (title) VALUES ('Detox');
INSERT INTO tag (title) VALUES ('Brain Food');
INSERT INTO tag (title) VALUES ('Nut-Free');
INSERT INTO tag (title) VALUES ('Easter');
INSERT INTO tag (title) VALUES ('Asian');
INSERT INTO tag (title) VALUES ('High-Fiber');
INSERT INTO tag (title) VALUES ('Low-Fat');
INSERT INTO tag (title) VALUES ('Dinner Party');
INSERT INTO tag (title) VALUES ('Weeknight Dinner');
INSERT INTO tag (title) VALUES ('Rice');
INSERT INTO tag (title) VALUES ('High-Protein');
INSERT INTO tag (title) VALUES ('Potluck');
INSERT INTO tag (title) VALUES ('Casserole');
INSERT INTO tag (title) VALUES ('Holiday');
INSERT INTO tag (title) VALUES ('Dorm Cooking');
INSERT INTO tag (title) VALUES ('Christmas');
INSERT INTO tag (title) VALUES ('Bachelorette Cooking');
INSERT INTO tag (title) VALUES ('Indian');
INSERT INTO tag (title) VALUES ('Side Dish');
INSERT INTO tag (title) VALUES ('Post-Workout');
INSERT INTO tag (title) VALUES ('Baby Shower');
INSERT INTO tag (title) VALUES ('Graduation Party');
INSERT INTO tag (title) VALUES ('Picnic');
INSERT INTO tag (title) VALUES ('Valentine`s Day');
INSERT INTO tag (title) VALUES ('Road Trip');
INSERT INTO tag (title) VALUES ('Meal Prep');
INSERT INTO tag (title) VALUES ('Boys` Night');

INSERT INTO tip(title) VALUES ('When cooking grains like rice or quinoa, rinse them under cold water before cooking to remove excess starch and prevent clumping.');
INSERT INTO tip(title) VALUES ('To prevent overcooking, blanch vegetables in boiling water for a few minutes, then immediately transfer them to an ice bath to stop the cooking process."');
INSERT INTO tip(title) VALUES ('Use citrus juice or vinegar to brighten flavors and add acidity to dishes.');
INSERT INTO tip(title) VALUES ('When cooking pasta, reserve some of the pasta cooking water to add to sauces for extra flavor and to adjust consistency.');
INSERT INTO tip(title) VALUES ('Don`t be afraid to experiment with flavors and ingredients to create your own unique dishes.');
INSERT INTO tip(title) VALUES ('Clean as you go to maintain a tidy workspace and make cleanup easier after cooking.');
INSERT INTO tip(title) VALUES ('When making salads, dress the greens just before serving to prevent them from wilting prematurely.');
INSERT INTO tip(title) VALUES ('Use the right size pan for the job to ensure even cooking and prevent overcrowding.');
INSERT INTO tip(title) VALUES ('Read the recipe thoroughly before starting to ensure you have all the ingredients and understand the steps.');
INSERT INTO tip(title) VALUES ('When baking, bring ingredients to room temperature to ensure better incorporation and a smoother texture.');
INSERT INTO tip(title) VALUES ('When cooking with garlic, finely mince or press it for stronger flavor, or slice it for milder flavor.');
INSERT INTO tip(title) VALUES ('Use a timer when baking or cooking to prevent overcooking or burning your food.');
INSERT INTO tip(title) VALUES ('Use high-quality ingredients for better-tasting dishes, especially for simple recipes with few ingredients.');
INSERT INTO tip(title) VALUES ('When frying, use a neutral oil with a high smoke point, such as canola or peanut oil, to prevent burning and imparting off flavors.');
INSERT INTO tip(title) VALUES ('Don`t throw away vegetable scraps; save them to make homemade vegetable stock or broth.');
INSERT INTO tip(title) VALUES ('Don`t be afraid to adjust recipes to suit your taste preferences or dietary restrictions.');
INSERT INTO tip(title) VALUES ('When cooking with wine, use one that you would drink, as the flavor will concentrate as it cooks down.');
INSERT INTO tip(title) VALUES ('Use fresh herbs whenever possible for brighter and more vibrant flavors in your dishes.');
INSERT INTO tip(title) VALUES ('Learn to properly season your food with salt and pepper to enhance flavors without overpowering them.');
INSERT INTO tip(title) VALUES ('Season meat at least 30 minutes before cooking to enhance flavor.');
INSERT INTO tip(title) VALUES ('Keep a kitchen towel or damp cloth under your cutting board to prevent it from slipping while you work.');
INSERT INTO tip(title) VALUES ('Use a kitchen scale to accurately measure ingredients, especially for baking.');
INSERT INTO tip(title) VALUES ('When making sauces or soups, gradually add liquids to thicken sauces and avoid lumps.');
INSERT INTO tip(title) VALUES ('Don`t overcrowd the pan when sautéing or frying to ensure even cooking and browning.');
INSERT INTO tip(title) VALUES ('Keep your knives sharp by regularly honing them with a honing steel and occasionally sharpening them with a whetstone or knife sharpener.');
INSERT INTO tip(title) VALUES ('Use parchment paper or silicone baking mats to line baking sheets for easier cleanup and to prevent sticking.');
INSERT INTO tip(title) VALUES ('When boiling eggs, add a splash of vinegar to the water to help prevent the eggs from cracking.');
INSERT INTO tip(title) VALUES ('Let meat rest after cooking to allow juices to redistribute and ensure juicier results.');
INSERT INTO tip(title) VALUES ('Let doughs rest before rolling or shaping to relax the gluten and make them easier to work with.');
INSERT INTO tip(title) VALUES ('Taste as you cook and adjust seasoning accordingly to achieve the perfect flavor balance.');
INSERT INTO tip(title) VALUES ('Use the correct cooking method for each ingredient to maximize flavor and texture; for example, roast root vegetables for caramelization or steam delicate fish for gentle cooking.');
INSERT INTO tip(title) VALUES ('Store spices in a cool, dark place away from heat and moisture to maintain their freshness and potency.');
INSERT INTO tip(title) VALUES ('Don`t peek while your baked goods are in the oven to avoid fluctuations in temperature and potential deflation.');
INSERT INTO tip(title) VALUES ('Label and date leftovers before storing them in the refrigerator to track freshness and reduce food waste.');
INSERT INTO tip(title) VALUES ('Use a meat thermometer to ensure meat is cooked to the proper internal temperature and avoid overcooking.');
INSERT INTO tip(title) VALUES ('When baking cookies, chill the dough for at least 30 minutes before baking to prevent spreading and ensure chewy texture.');
INSERT INTO tip(title) VALUES ('When working with hot peppers, wear gloves to protect your hands from the oils, and avoid touching your face or eyes.');
INSERT INTO tip(title) VALUES ('Don`t rush caramelization when sautéing onions or vegetables to develop deeper flavor.');
INSERT INTO tip(title) VALUES ('Preheat your pan or oven before cooking to ensure even cooking and proper searing.');
INSERT INTO tip(title) VALUES ('Use a microplane grater to easily grate garlic, ginger, citrus zest, and hard cheeses.');

INSERT INTO equipment (title, details, picture, picture_description) VALUES('Kitchen thermometer', 'Relationship world suffer question opportunity collection. Response worry boy practice degree eight audience.', 'https://dummyimage.com/478x986', 'Especially unit nearly help.');
INSERT INTO equipment (title, details, picture, picture_description) VALUES('Kitchen shears', 'Might its hot customer while trial practice. Century must cold food onto color do.', 'https://picsum.photos/148/424', 'Rather debate each under debate.');
INSERT INTO equipment (title, details, picture, picture_description) VALUES('Can opener', 'City because voice participant. News chance within many training chair every.', 'https://picsum.photos/374/45', 'Owner themselves wind cover city box arrive.');
INSERT INTO equipment (title, details, picture, picture_description) VALUES('Box grater', 'Easy teacher end bad clear even way there. Interview among story.', 'https://picsum.photos/1009/875', 'Chair social side he measure out nearly.');
INSERT INTO equipment (title, details, picture, picture_description) VALUES('Colander', 'Picture shoulder news public public.', 'https://picsum.photos/842/894', 'Protect argue develop entire machine budget watch former.');
INSERT INTO equipment (title, details, picture, picture_description) VALUES('Cutting board', 'Business mouth idea.', 'https://placekitten.com/365/706', 'Day ready information.');
INSERT INTO equipment (title, details, picture, picture_description) VALUES('Microplane', 'Become prepare remember style staff. Compare far soldier trouble agent free whether.', 'https://placekitten.com/1016/652', 'Sport beautiful wife talk method positive fill chance.');
INSERT INTO equipment (title, details, picture, picture_description) VALUES('Peeler', 'Bag entire threat enjoy.', 'https://picsum.photos/352/896', 'Peace street Republican.');
INSERT INTO equipment (title, details, picture, picture_description) VALUES('Slotted spoon', 'True once just something. These job world image.', 'https://picsum.photos/43/211', 'Particularly analysis get plant act everyone song tree.');
INSERT INTO equipment (title, details, picture, picture_description) VALUES('Ladle', 'Your black event receive those either.', 'https://placekitten.com/525/841', 'Make care majority yes order along wait strong.');
INSERT INTO equipment (title, details, picture, picture_description) VALUES('Chef`s knife', 'Future build hundred citizen just material Mr. Those she hit attack three whom.', 'https://dummyimage.com/581x926', 'Fire suggest huge treat soldier information.');
INSERT INTO equipment (title, details, picture, picture_description) VALUES('Mixing bowls', 'Collection wrong suddenly last nearly while door. Them firm hotel.', 'https://placekitten.com/935/888', 'Bring father career strategy how feel.');
INSERT INTO equipment (title, details, picture, picture_description) VALUES('Spatula', 'Two sound including bad. Writer accept left green finally gas.', 'https://picsum.photos/135/11', 'Assume sell at country.');
INSERT INTO equipment (title, details, picture, picture_description) VALUES('Whisk', 'Interest entire arrive care up responsibility.', 'https://placekitten.com/241/1024', 'Shoulder on but system.');
INSERT INTO equipment (title, details, picture, picture_description) VALUES('Measuring spoons', 'School dinner board. Again hard task happy.', 'https://picsum.photos/64/296', 'Receive strategy benefit join.');
INSERT INTO equipment (title, details, picture, picture_description) VALUES('Measuring cups', 'Performance before ball seek goal long.', 'https://picsum.photos/127/54', 'Put position food indicate to respond community.');
INSERT INTO equipment (title, details, picture, picture_description) VALUES('Wooden spoon', 'Condition market into control character know box artist.', 'https://dummyimage.com/885x786', 'System own thus enter.');
INSERT INTO equipment (title, details, picture, picture_description) VALUES('Tongs', 'Anything safe should relate. Close instead increase authority teacher.', 'https://dummyimage.com/61x915', 'Tonight least manager especially their.');
INSERT INTO equipment (title, details, picture, picture_description) VALUES('Blender', 'Work put world art throw white sing.', 'https://dummyimage.com/88x360', 'Cup score culture perform action officer seek.');
INSERT INTO equipment (title, details, picture, picture_description) VALUES('Rolling pin', 'Possible loss table official natural. Car cultural account letter will commercial.', 'https://dummyimage.com/122x408', 'Speak remember least your company list pass.');

INSERT INTO cook_role (title) VALUES ('Chef');
INSERT INTO cook_role (title) VALUES ('Sous-chef');
INSERT INTO cook_role (title) VALUES ('A cook');
INSERT INTO cook_role (title) VALUES ('B cook');
INSERT INTO cook_role (title) VALUES ('C cook');

INSERT INTO food_group(title, food_group_description, char_if_main, picture, picture_description) VALUES('Eggs', 'Positive stuff compare.', 'Vegan', 'https://picsum.photos/837/526', 'Share quite determine kitchen.');
INSERT INTO food_group(title, food_group_description, char_if_main, picture, picture_description) VALUES('Dairy', 'Go specific approach positive.', 'Spicy', 'https://placekitten.com/24/664', 'School attack really heart can traditional enter.');
INSERT INTO food_group(title, food_group_description, char_if_main, picture, picture_description) VALUES('Condiments', 'Clearly relate station president fill.', 'Gluten-Free', 'https://dummyimage.com/311x63', 'Store modern school left.');
INSERT INTO food_group(title, food_group_description, char_if_main, picture, picture_description) VALUES('Herbs and Spices', 'Parent a decide.', 'Pork-based', 'https://placekitten.com/535/829', 'Moment tend western study newspaper.');
INSERT INTO food_group(title, food_group_description, char_if_main, picture, picture_description) VALUES('Nuts and Seeds', 'Amount fight upon officer low challenge newspaper can.', 'Pesceterian', 'https://dummyimage.com/683x754', 'Site nor policy everything hot box.');
INSERT INTO food_group(title, food_group_description, char_if_main, picture, picture_description) VALUES('Seafood', 'Prove from picture treat specific modern.', 'Meat-Lovers', 'https://picsum.photos/801/106', 'Professor capital up series.');
INSERT INTO food_group(title, food_group_description, char_if_main, picture, picture_description) VALUES('Snacks', 'Oil across all people.', 'Vegeterian', 'https://picsum.photos/845/722', 'Cause financial explain before forward this.');
INSERT INTO food_group(title, food_group_description, char_if_main, picture, picture_description) VALUES('Protein Foods', 'Congress cut resource keep relate. Idea little per act hair.', 'Chiken-based', 'https://placekitten.com/315/85', 'Foreign among trial go food.');
INSERT INTO food_group(title, food_group_description, char_if_main, picture, picture_description) VALUES('Breads and Baked Goods', 'Ever determine eight federal court.', 'Spicy', 'https://dummyimage.com/575x892', 'Economic city religious moment teacher less.');
INSERT INTO food_group(title, food_group_description, char_if_main, picture, picture_description) VALUES('Legumes', 'Rate why off anyone growth instead.', 'Spicy', 'https://picsum.photos/384/872', 'Positive five already drop inside pay.');
INSERT INTO food_group(title, food_group_description, char_if_main, picture, picture_description) VALUES('Grains', 'City deal more enter. Purpose become debate statement truth argue better.', 'Vegan', 'https://placekitten.com/740/549', 'Play forward determine as attack television ten.');
INSERT INTO food_group(title, food_group_description, char_if_main, picture, picture_description) VALUES('Desserts', 'Protect clearly rule move suggest. Government current language various when.', 'Spicy', 'https://picsum.photos/771/224', 'Development character however party ok wall.');
INSERT INTO food_group(title, food_group_description, char_if_main, picture, picture_description) VALUES('Sauces', 'Second box certain make light. Growth cover night moment.', 'Vegeterian', 'https://picsum.photos/406/396', 'And term sign western hard.');
INSERT INTO food_group(title, food_group_description, char_if_main, picture, picture_description) VALUES('Vegetables', 'Serious phone kid practice. Low especially place south best.', 'Soy-Based', 'https://dummyimage.com/331x847', 'Attorney statement nice itself test stock.');
INSERT INTO food_group(title, food_group_description, char_if_main, picture, picture_description) VALUES('Beverages', 'Onto do paper between sometimes.', 'Spicy', 'https://picsum.photos/372/43', 'Political national position prevent.');
INSERT INTO food_group(title, food_group_description, char_if_main, picture, picture_description) VALUES('Meat', 'Behavior area generation magazine part address.', 'Pesceterian', 'https://picsum.photos/312/882', 'Matter clear while job.');
INSERT INTO food_group(title, food_group_description, char_if_main, picture, picture_description) VALUES('Fruits', 'Economy part these.', 'Soy-Based', 'https://dummyimage.com/401x295', 'Worker loss condition movement on citizen but.');
INSERT INTO food_group(title, food_group_description, char_if_main, picture, picture_description) VALUES('Poultry', 'Page last energy among. Free century consider sell.', 'Spicy', 'https://dummyimage.com/579x997', 'See black network skin.');
INSERT INTO food_group(title, food_group_description, char_if_main, picture, picture_description) VALUES('Pasta and Noodles', 'Seven artist example wife soon nearly magazine. Trouble responsibility unit suffer organization.', 'Soy-Based', 'https://picsum.photos/855/197', 'Single floor eye whole form.');
INSERT INTO food_group(title, food_group_description, char_if_main, picture, picture_description) VALUES('Oils and Fats', 'Along discussion turn trial major.', 'Vegeterian', 'https://placekitten.com/938/587', 'Financial police yes institution join wrong number.');
INSERT INTO food_group(title, food_group_description, char_if_main, picture, picture_description) VALUES('Candy', 'Along  material turn trial major.', 'Vegeterian', 'https://placekitten.com/918/687', 'Financial  yes join wrong data.');


INSERT INTO cook(first_name, last_name, phone, d_birth, age, exp_years, cook_role_id, picture, picture_description) VALUES('Alex', 'Hansen', 6920492693, '1964-03-29', NULL, 31, 3, 'https://dummyimage.com/117x1000', 'Without bit personal bill probably.');
INSERT INTO cook(first_name, last_name, phone, d_birth, age, exp_years, cook_role_id, picture, picture_description) VALUES('Donna', 'Taylor', 6974885565, '1969-03-13', NULL, 23, 2, 'https://picsum.photos/995/1012', 'Everything here evidence claim nearly research.');
INSERT INTO cook(first_name, last_name, phone, d_birth, age, exp_years, cook_role_id, picture, picture_description) VALUES('Adam', 'Watts', 6932770435, '1963-07-27', NULL, 25, 1, 'https://picsum.photos/627/3', 'Really understand side despite painting.');
INSERT INTO cook(first_name, last_name, phone, d_birth, age, exp_years, cook_role_id, picture, picture_description) VALUES('Cynthia', 'Hill', 6914510532, '1961-12-29', NULL, 24, 4, 'https://picsum.photos/130/411', 'Result positive coach.');
INSERT INTO cook(first_name, last_name, phone, d_birth, age, exp_years, cook_role_id, picture, picture_description) VALUES('Rachel', 'Richardson', 6934433604, '1984-04-18', NULL, 9, 4, 'https://picsum.photos/808/256', 'Wonder meet ok ten majority begin budget.');
INSERT INTO cook(first_name, last_name, phone, d_birth, age, exp_years, cook_role_id, picture, picture_description) VALUES('Christopher', 'Guzman', 6992044916, '1983-08-15', NULL, 8, 5, 'https://placekitten.com/359/796', 'Our resource right employee audience.');
INSERT INTO cook(first_name, last_name, phone, d_birth, age, exp_years, cook_role_id, picture, picture_description) VALUES('Kevin', 'Clark', 6921985730, '1999-10-11', NULL, 1, 5, 'https://picsum.photos/847/817', 'Threat site protect ahead focus four sing.');
INSERT INTO cook(first_name, last_name, phone, d_birth, age, exp_years, cook_role_id, picture, picture_description) VALUES('Anthony', 'Chandler', 6961684314, '1960-03-21', NULL, 10, 4, 'https://placekitten.com/628/813', 'Detail hit friend region.');
INSERT INTO cook(first_name, last_name, phone, d_birth, age, exp_years, cook_role_id, picture, picture_description) VALUES('Kenneth', 'Christian', 6986515644, '1966-03-08', NULL, 24, 2, 'https://picsum.photos/192/475', 'Result three with across.');
INSERT INTO cook(first_name, last_name, phone, d_birth, age, exp_years, cook_role_id, picture, picture_description) VALUES('Joy', 'Macias', 6970752813, '1989-10-21', NULL, 6, 2, 'https://placekitten.com/622/690', 'Despite inside the hard team.');
INSERT INTO cook(first_name, last_name, phone, d_birth, age, exp_years, cook_role_id, picture, picture_description) VALUES('Pamela', 'Rose', 6932116619, '1986-05-07', NULL, 1, 5, 'https://placekitten.com/954/656', 'Appear marriage fly yard finish happen sort second.');
INSERT INTO cook(first_name, last_name, phone, d_birth, age, exp_years, cook_role_id, picture, picture_description) VALUES('Larry', 'Carr', 6983205550, '1996-01-07', NULL, 2, 1, 'https://dummyimage.com/817x589', 'He place though least executive.');
INSERT INTO cook(first_name, last_name, phone, d_birth, age, exp_years, cook_role_id, picture, picture_description) VALUES('Kelsey', 'Perkins', 6910457632, '1971-05-09', NULL, 17, 3, 'https://placekitten.com/643/363', 'Page receive economy million deep.');
INSERT INTO cook(first_name, last_name, phone, d_birth, age, exp_years, cook_role_id, picture, picture_description) VALUES('Elizabeth', 'West', 6993130414, '1987-08-29', NULL, 11, 4, 'https://dummyimage.com/697x836', 'Year condition agency company.');
INSERT INTO cook(first_name, last_name, phone, d_birth, age, exp_years, cook_role_id, picture, picture_description) VALUES('Frank', 'Diaz', 6966019691, '1994-06-24', NULL, 7, 1, 'https://placekitten.com/722/731', 'Ground gas financial mission experience everything leg return.');
INSERT INTO cook(first_name, last_name, phone, d_birth, age, exp_years, cook_role_id, picture, picture_description) VALUES('Miranda', 'Smith', 6964832549, '1986-08-03', NULL, 1, 1, 'https://dummyimage.com/221x230', 'Pretty individual feeling page key.');
INSERT INTO cook(first_name, last_name, phone, d_birth, age, exp_years, cook_role_id, picture, picture_description) VALUES('Wendy', 'Rodriguez', 6971443318, '1997-08-11', NULL, 2, 1, 'https://picsum.photos/432/673', 'Laugh certainly husband certainly.');
INSERT INTO cook(first_name, last_name, phone, d_birth, age, exp_years, cook_role_id, picture, picture_description) VALUES('Yolanda', 'Yang', 6908418944, '1977-12-17', NULL, 14, 4, 'https://placekitten.com/143/770', 'Million alone everything stuff collection.');
INSERT INTO cook(first_name, last_name, phone, d_birth, age, exp_years, cook_role_id, picture, picture_description) VALUES('John', 'Fields', 6947649731, '1979-10-04', NULL, 4, 4, 'https://picsum.photos/400/302', 'Arrive sing sit support TV present again air.');
INSERT INTO cook(first_name, last_name, phone, d_birth, age, exp_years, cook_role_id, picture, picture_description) VALUES('David', 'Murphy', 6999122333, '1997-12-18', NULL, 2, 5, 'https://dummyimage.com/603x945', 'Least dinner window contain read weight.');
INSERT INTO cook(first_name, last_name, phone, d_birth, age, exp_years, cook_role_id, picture, picture_description) VALUES('Michelle', 'Wade', 6937489131, '1995-10-08', NULL, 3, 5, 'https://picsum.photos/591/67', 'Bank enter list news often.');
INSERT INTO cook(first_name, last_name, phone, d_birth, age, exp_years, cook_role_id, picture, picture_description) VALUES('Jody', 'Glover', 6978335579, '1995-04-06', NULL, 5, 2, 'https://dummyimage.com/875x790', 'South thus impact stuff direction outside.');
INSERT INTO cook(first_name, last_name, phone, d_birth, age, exp_years, cook_role_id, picture, picture_description) VALUES('Tammy', 'Roberson', 6920559930, '1989-04-15', NULL, 12, 1, 'https://placekitten.com/576/882', 'Down college cultural recently.');
INSERT INTO cook(first_name, last_name, phone, d_birth, age, exp_years, cook_role_id, picture, picture_description) VALUES('Theresa', 'Wiley', 6934655153, '1973-02-06', NULL, 18, 2, 'https://dummyimage.com/9x501', 'Focus above few forward partner agree land.');
INSERT INTO cook(first_name, last_name, phone, d_birth, age, exp_years, cook_role_id, picture, picture_description) VALUES('Daniel', 'Morgan', 6946263430, '1977-12-13', NULL, 17, 1, 'https://placekitten.com/15/331', 'Cut whatever any particularly important impact staff.');
INSERT INTO cook(first_name, last_name, phone, d_birth, age, exp_years, cook_role_id, picture, picture_description) VALUES('Roy', 'Benson', 6939787423, '1964-10-31', NULL, 26, 5, 'https://placekitten.com/303/432', 'Month major city hundred event around.');
INSERT INTO cook(first_name, last_name, phone, d_birth, age, exp_years, cook_role_id, picture, picture_description) VALUES('Todd', 'Harris', 6959696346, '1984-05-25', NULL, 14, 5, 'https://placekitten.com/57/521', 'World even role not window meet.');
INSERT INTO cook(first_name, last_name, phone, d_birth, age, exp_years, cook_role_id, picture, picture_description) VALUES('Nancy', 'Ellis', 6900861642, '1967-08-11', NULL, 31, 4, 'https://dummyimage.com/829x820', 'Radio win recognize exactly.');
INSERT INTO cook(first_name, last_name, phone, d_birth, age, exp_years, cook_role_id, picture, picture_description) VALUES('Alyssa', 'Yates', 6963280312, '1981-12-08', NULL, 20, 4, 'https://picsum.photos/837/214', 'Billion early better reveal which rest.');
INSERT INTO cook(first_name, last_name, phone, d_birth, age, exp_years, cook_role_id, picture, picture_description) VALUES('Melissa', 'Chen', 6975700724, '1985-08-07', NULL, 1, 1, 'https://dummyimage.com/597x107', 'Join young speak claim production.');
INSERT INTO cook(first_name, last_name, phone, d_birth, age, exp_years, cook_role_id, picture, picture_description) VALUES('Jocelyn', 'Carter', 6918661119, '1965-05-05', NULL, 13, 3, 'https://dummyimage.com/26x357', 'Foreign worker system newspaper director.');
INSERT INTO cook(first_name, last_name, phone, d_birth, age, exp_years, cook_role_id, picture, picture_description) VALUES('Jacqueline', 'House', 6913762159, '1967-06-21', NULL, 23, 3, 'https://dummyimage.com/771x583', 'Tax public run piece financial ask.');
INSERT INTO cook(first_name, last_name, phone, d_birth, age, exp_years, cook_role_id, picture, picture_description) VALUES('Caleb', 'Ortiz', 6900527260, '1973-05-06', NULL, 28, 4, 'https://placekitten.com/782/528', 'Radio black body say.');
INSERT INTO cook(first_name, last_name, phone, d_birth, age, exp_years, cook_role_id, picture, picture_description) VALUES('Shawn', 'Montoya', 6927982199, '1965-09-12', NULL, 20, 1, 'https://dummyimage.com/512x812', 'Stand strategy significant.');
INSERT INTO cook(first_name, last_name, phone, d_birth, age, exp_years, cook_role_id, picture, picture_description) VALUES('Gail', 'Johnson', 6988076817, '1977-06-09', NULL, 9, 2, 'https://picsum.photos/626/1021', 'Share statement partner listen fire.');
INSERT INTO cook(first_name, last_name, phone, d_birth, age, exp_years, cook_role_id, picture, picture_description) VALUES('Rebecca', 'Jones', 6924665508, '1963-10-19', NULL, 22, 3, 'https://placekitten.com/361/647', 'Face wear need ability pattern serve analysis raise.');
INSERT INTO cook(first_name, last_name, phone, d_birth, age, exp_years, cook_role_id, picture, picture_description) VALUES('Nicholas', 'White', 6975977116, '1963-02-05', NULL, 24, 5, 'https://dummyimage.com/575x674', 'Picture religious wall note heart organization woman.');
INSERT INTO cook(first_name, last_name, phone, d_birth, age, exp_years, cook_role_id, picture, picture_description) VALUES('Matthew', 'Smith', 6911972477, '1987-10-02', NULL, 10, 5, 'https://dummyimage.com/982x619', 'Main do just difference thank together.');
INSERT INTO cook(first_name, last_name, phone, d_birth, age, exp_years, cook_role_id, picture, picture_description) VALUES('Elizabeth', 'Woodard', 6968946455, '1984-12-06', NULL, 6, 1, 'https://dummyimage.com/508x672', 'Body light work play full attention.');
INSERT INTO cook(first_name, last_name, phone, d_birth, age, exp_years, cook_role_id, picture, picture_description) VALUES('Brian', 'Rodriguez', 6959097016, '1966-03-21', NULL, 25, 4, 'https://picsum.photos/486/811', 'Although believe quickly throw.');
INSERT INTO cook(first_name, last_name, phone, d_birth, age, exp_years, cook_role_id, picture, picture_description) VALUES('Mark', 'Parker', 6925776049, '1985-07-25', NULL, 2, 5, 'https://picsum.photos/610/891', 'Age environmental attorney south guess.');
INSERT INTO cook(first_name, last_name, phone, d_birth, age, exp_years, cook_role_id, picture, picture_description) VALUES('Kelly', 'Lewis', 6901937507, '1960-07-04', NULL, 2, 2, 'https://placekitten.com/843/582', 'Pull natural else several person situation term.');
INSERT INTO cook(first_name, last_name, phone, d_birth, age, exp_years, cook_role_id, picture, picture_description) VALUES('Rachel', 'Lopez', 6997680100, '1992-02-03', NULL, 7, 1, 'https://placekitten.com/158/716', 'Instead statement stage.');
INSERT INTO cook(first_name, last_name, phone, d_birth, age, exp_years, cook_role_id, picture, picture_description) VALUES('Ronald', 'Santos', 6982024107, '1999-10-08', NULL, 2, 2, 'https://dummyimage.com/56x358', 'Unit watch per tree summer.');
INSERT INTO cook(first_name, last_name, phone, d_birth, age, exp_years, cook_role_id, picture, picture_description) VALUES('Anthony', 'Clark', 6977550071, '1990-10-01', NULL, 10, 1, 'https://picsum.photos/94/19', 'History travel high figure physical each.');
INSERT INTO cook(first_name, last_name, phone, d_birth, age, exp_years, cook_role_id, picture, picture_description) VALUES('Sandra', 'Boyd', 6900131983, '1988-11-17', NULL, 13, 5, 'https://placekitten.com/453/512', 'Treatment maintain citizen rest task rock.');
INSERT INTO cook(first_name, last_name, phone, d_birth, age, exp_years, cook_role_id, picture, picture_description) VALUES('Jasmine', 'Hogan', 6994110874, '1993-06-23', NULL, 4, 2, 'https://placekitten.com/593/737', 'Gun fill move evening wait vote health despite.');
INSERT INTO cook(first_name, last_name, phone, d_birth, age, exp_years, cook_role_id, picture, picture_description) VALUES('Katherine', 'Fisher', 6960079903, '1963-12-16', NULL, 5, 3, 'https://picsum.photos/128/485', 'Eye father beyond executive town account old agency.');
INSERT INTO cook(first_name, last_name, phone, d_birth, age, exp_years, cook_role_id, picture, picture_description) VALUES('Kyle', 'Torres', 6915662649, '1970-07-23', NULL, 2, 4, 'https://placekitten.com/1005/125', 'Ask strong bad itself former statement identify.');
INSERT INTO cook(first_name, last_name, phone, d_birth, age, exp_years, cook_role_id, picture, picture_description) VALUES('Shannon', 'Smith', 6946005836, '1966-02-27', NULL, 18, 4, 'https://dummyimage.com/412x706', 'Data suggest sometimes support join hotel man couple.');
INSERT INTO cook(first_name, last_name, phone, d_birth, age, exp_years, cook_role_id, picture, picture_description) VALUES('Tamara', 'Perez', 6922838479, '1989-06-30', NULL, 6, 5, 'https://dummyimage.com/185x405', 'Head prevent level here water themselves before.');
INSERT INTO cook(first_name, last_name, phone, d_birth, age, exp_years, cook_role_id, picture, picture_description) VALUES('Keith', 'Johnson', 6943022721, '1973-03-21', NULL, 21, 1, 'https://picsum.photos/552/765', 'Character method enough half.');
INSERT INTO cook(first_name, last_name, phone, d_birth, age, exp_years, cook_role_id, picture, picture_description) VALUES('Ryan', 'Castaneda', 6932387245, '1992-11-06', NULL, 9, 4, 'https://picsum.photos/0/407', 'Form tough conference start environmental.');
INSERT INTO cook(first_name, last_name, phone, d_birth, age, exp_years, cook_role_id, picture, picture_description) VALUES('Cynthia', 'Russell', 6982081501, '1972-06-20', NULL, 12, 2, 'https://placekitten.com/379/667', 'Wife follow area senior.');
INSERT INTO cook(first_name, last_name, phone, d_birth, age, exp_years, cook_role_id, picture, picture_description) VALUES('Ronald', 'Whitney', 6981444571, '1970-11-19', NULL, 11, 3, 'https://dummyimage.com/425x990', 'Purpose different occur whose.');
INSERT INTO cook(first_name, last_name, phone, d_birth, age, exp_years, cook_role_id, picture, picture_description) VALUES('Roberto', 'Harris', 6948102039, '1978-05-18', NULL, 15, 4, 'https://placekitten.com/280/580', 'Never drive season speech size wait face.');
INSERT INTO cook(first_name, last_name, phone, d_birth, age, exp_years, cook_role_id, picture, picture_description) VALUES('Catherine', 'Ortiz', 6962645788, '1974-10-04', NULL, 23, 4, 'https://picsum.photos/485/899', 'East base PM effect.');
INSERT INTO cook(first_name, last_name, phone, d_birth, age, exp_years, cook_role_id, picture, picture_description) VALUES('Donald', 'Shepherd', 6992543892, '1984-02-08', NULL, 8, 2, 'https://placekitten.com/892/283', 'Prevent camera theory second discussion find.');
INSERT INTO cook(first_name, last_name, phone, d_birth, age, exp_years, cook_role_id, picture, picture_description) VALUES('Jessica', 'Rodriguez', 6976260777, '1975-08-08', NULL, 15, 5, 'https://placekitten.com/316/751', 'Office while drive control they see animal.');
INSERT INTO cook(first_name, last_name, phone, d_birth, age, exp_years, cook_role_id, picture, picture_description) VALUES('Kathryn', 'Terry', 6971542209, '1960-10-08', NULL, 24, 2, 'https://picsum.photos/721/853', 'Range rest listen peace.');
INSERT INTO cook(first_name, last_name, phone, d_birth, age, exp_years, cook_role_id, picture, picture_description) VALUES('Andrew', 'Melton', 6928166184, '1967-07-16', NULL, 13, 2, 'https://picsum.photos/500/562', 'Magazine public analysis us always continue.');
INSERT INTO cook(first_name, last_name, phone, d_birth, age, exp_years, cook_role_id, picture, picture_description) VALUES('Rebecca', 'Scott', 6965258419, '1991-10-27', NULL, 10, 1, 'https://picsum.photos/63/1019', 'Guess because drive poor.');
INSERT INTO cook(first_name, last_name, phone, d_birth, age, exp_years, cook_role_id, picture, picture_description) VALUES('Jennifer', 'Moore', 6995067524, '1976-10-26', NULL, 9, 3, 'https://picsum.photos/541/425', 'Central find century gas create onto education method.');
INSERT INTO cook(first_name, last_name, phone, d_birth, age, exp_years, cook_role_id, picture, picture_description) VALUES('Sara', 'Harrison', 6922323791, '1979-11-07', NULL, 6, 2, 'https://placekitten.com/790/978', 'Determine crime capital.');
INSERT INTO cook(first_name, last_name, phone, d_birth, age, exp_years, cook_role_id, picture, picture_description) VALUES('Elizabeth', 'Melendez', 6932623836, '1976-12-24', NULL, 1, 5, 'https://placekitten.com/211/560', 'Rise strong after black.');
INSERT INTO cook(first_name, last_name, phone, d_birth, age, exp_years, cook_role_id, picture, picture_description) VALUES('Adam', 'Bryan', 6945624418, '1981-12-15', NULL, 2, 2, 'https://picsum.photos/37/764', 'Fear bad our southern pressure road.');
INSERT INTO cook(first_name, last_name, phone, d_birth, age, exp_years, cook_role_id, picture, picture_description) VALUES('Peter', 'Harrison', 6925248888, '1974-05-18', NULL, 20, 1, 'https://picsum.photos/387/601', 'Sort though gun require war.');
INSERT INTO cook(first_name, last_name, phone, d_birth, age, exp_years, cook_role_id, picture, picture_description) VALUES('Craig', 'Thompson', 6990545009, '1990-02-27', NULL, 6, 5, 'https://placekitten.com/823/730', 'Occur anything market human environmental wear.');
INSERT INTO cook(first_name, last_name, phone, d_birth, age, exp_years, cook_role_id, picture, picture_description) VALUES('Daniel', 'Young', 6941753404, '1994-04-04', NULL, 5, 2, 'https://picsum.photos/894/940', 'Total strong sound without discussion school meeting.');
INSERT INTO cook(first_name, last_name, phone, d_birth, age, exp_years, cook_role_id, picture, picture_description) VALUES('Aaron', 'White', 6982341304, '1963-01-30', NULL, 2, 3, 'https://dummyimage.com/593x322', 'Low herself significant tough ever.');
INSERT INTO cook(first_name, last_name, phone, d_birth, age, exp_years, cook_role_id, picture, picture_description) VALUES('Sharon', 'Reed', 6925004116, '1992-12-07', NULL, 5, 1, 'https://dummyimage.com/513x251', 'Occur between budget media tell.');
INSERT INTO cook(first_name, last_name, phone, d_birth, age, exp_years, cook_role_id, picture, picture_description) VALUES('Jesus', 'Brown', 6981314164, '1993-07-06', NULL, 4, 5, 'https://picsum.photos/335/799', 'Serious discuss reality chair dream majority both.');
INSERT INTO cook(first_name, last_name, phone, d_birth, age, exp_years, cook_role_id, picture, picture_description) VALUES('Katherine', 'Navarro', 6992331424, '1964-12-19', NULL, 33, 4, 'https://placekitten.com/801/1019', 'Everything respond house TV world.');
INSERT INTO cook(first_name, last_name, phone, d_birth, age, exp_years, cook_role_id, picture, picture_description) VALUES('Kimberly', 'Lamb', 6987601131, '1985-02-01', NULL, 16, 3, 'https://placekitten.com/317/390', 'Collection someone indeed mission detail.');
INSERT INTO cook(first_name, last_name, phone, d_birth, age, exp_years, cook_role_id, picture, picture_description) VALUES('Jeremiah', 'Cook', 6915801864, '1963-05-02', NULL, 17, 4, 'https://dummyimage.com/1015x795', 'Our room opportunity response population information.');
INSERT INTO cook(first_name, last_name, phone, d_birth, age, exp_years, cook_role_id, picture, picture_description) VALUES('Jill', 'Andrews', 6981636136, '1960-11-09', NULL, 11, 4, 'https://dummyimage.com/717x373', 'Garden hot by nearly ready.');
INSERT INTO cook(first_name, last_name, phone, d_birth, age, exp_years, cook_role_id, picture, picture_description) VALUES('Reginald', 'Hurley', 6902228549, '1981-01-28', NULL, 10, 5, 'https://picsum.photos/635/330', 'Recognize test provide concern step.');
INSERT INTO cook(first_name, last_name, phone, d_birth, age, exp_years, cook_role_id, picture, picture_description) VALUES('Brian', 'Johnson', 6987803556, '1987-09-17', NULL, 14, 1, 'https://picsum.photos/211/303', 'Key too military realize available science race.');
INSERT INTO cook(first_name, last_name, phone, d_birth, age, exp_years, cook_role_id, picture, picture_description) VALUES('Kimberly', 'Hood', 6932753766, '1986-04-18', NULL, 5, 3, 'https://picsum.photos/315/257', 'Risk toward about wide usually mention society can.');
INSERT INTO cook(first_name, last_name, phone, d_birth, age, exp_years, cook_role_id, picture, picture_description) VALUES('Reginald', 'Matthews', 6946748968, '1969-10-11', NULL, 29, 2, 'https://picsum.photos/16/831', 'Live voice Congress huge memory rock.');
INSERT INTO cook(first_name, last_name, phone, d_birth, age, exp_years, cook_role_id, picture, picture_description) VALUES('Juan', 'Austin', 6900560828, '1987-10-01', NULL, 12, 3, 'https://picsum.photos/751/983', 'Option like form ten.');
INSERT INTO cook(first_name, last_name, phone, d_birth, age, exp_years, cook_role_id, picture, picture_description) VALUES('William', 'Butler', 6956623865, '1998-02-20', NULL, 3, 3, 'https://dummyimage.com/194x70', 'Very something who middle fire else.');
INSERT INTO cook(first_name, last_name, phone, d_birth, age, exp_years, cook_role_id, picture, picture_description) VALUES('Nicholas', 'White', 6928817279, '1990-12-23', NULL, 1, 1, 'https://picsum.photos/688/861', 'His gun off late thing player soon.');
INSERT INTO cook(first_name, last_name, phone, d_birth, age, exp_years, cook_role_id, picture, picture_description) VALUES('Kathy', 'White', 6982407453, '1979-06-29', NULL, 1, 2, 'https://placekitten.com/54/394', 'National certainly network attention product.');
INSERT INTO cook(first_name, last_name, phone, d_birth, age, exp_years, cook_role_id, picture, picture_description) VALUES('Timothy', 'Osborne', 6980968134, '1996-08-02', NULL, 5, 3, 'https://placekitten.com/760/567', 'Set federal require.');
INSERT INTO cook(first_name, last_name, phone, d_birth, age, exp_years, cook_role_id, picture, picture_description) VALUES('Misty', 'Wu', 6993979640, '1966-01-15', NULL, 27, 2, 'https://dummyimage.com/139x632', 'Often animal pressure prove event traditional its.');
INSERT INTO cook(first_name, last_name, phone, d_birth, age, exp_years, cook_role_id, picture, picture_description) VALUES('Jonathan', 'Stewart', 6910488250, '1979-11-19', NULL, 8, 2, 'https://dummyimage.com/250x303', 'Prepare suddenly long.');
INSERT INTO cook(first_name, last_name, phone, d_birth, age, exp_years, cook_role_id, picture, picture_description) VALUES('Deborah', 'Scott', 6966244020, '1968-08-30', NULL, 28, 4, 'https://placekitten.com/629/881', 'Spend identify place own major plant whole answer.');
INSERT INTO cook(first_name, last_name, phone, d_birth, age, exp_years, cook_role_id, picture, picture_description) VALUES('Kelly', 'Brown', 6937493297, '1992-08-24', NULL, 1, 5, 'https://placekitten.com/113/267', 'Capital name political best kid risk.');
INSERT INTO cook(first_name, last_name, phone, d_birth, age, exp_years, cook_role_id, picture, picture_description) VALUES('Thomas', 'Thompson', 6980137386, '1975-10-17', NULL, 19, 5, 'https://placekitten.com/730/79', 'Possible most available six.');
INSERT INTO cook(first_name, last_name, phone, d_birth, age, exp_years, cook_role_id, picture, picture_description) VALUES('David', 'Smith', 6917386961, '1963-12-21', NULL, 17, 1, 'https://picsum.photos/154/846', 'Meeting fire get and manage skill wonder.');
INSERT INTO cook(first_name, last_name, phone, d_birth, age, exp_years, cook_role_id, picture, picture_description) VALUES('Molly', 'Nicholson', 6918543678, '1994-09-22', NULL, 4, 4, 'https://dummyimage.com/900x146', 'Activity sport song news someone media.');
INSERT INTO cook(first_name, last_name, phone, d_birth, age, exp_years, cook_role_id, picture, picture_description) VALUES('Matthew', 'Pollard', 6997919713, '1991-11-25', NULL, 10, 1, 'https://dummyimage.com/894x309', 'Charge attorney actually technology factor stock.');
INSERT INTO cook(first_name, last_name, phone, d_birth, age, exp_years, cook_role_id, picture, picture_description) VALUES('Christina', 'Nichols', 6938511475, '1973-04-25', NULL, 13, 2, 'https://picsum.photos/787/890', 'Reality but later use.');
INSERT INTO cook(first_name, last_name, phone, d_birth, age, exp_years, cook_role_id, picture, picture_description) VALUES('Samantha', 'Lopez', 6958202836, '1988-12-04', NULL, 10, 5, 'https://dummyimage.com/331x215', 'Letter wait nation let wonder.');
INSERT INTO cook(first_name, last_name, phone, d_birth, age, exp_years, cook_role_id, picture, picture_description) VALUES('Kristin', 'Powell', 6935851614, '1982-01-14', NULL, 12, 3, 'https://picsum.photos/588/499', 'Hour third loss down everything although adult.');
INSERT INTO cook(first_name, last_name, phone, d_birth, age, exp_years, cook_role_id, picture, picture_description) VALUES('Matthew', 'Hubbard', 6957770158, '1992-05-04', NULL, 7, 5, 'https://dummyimage.com/154x935', 'Everything yet statement fear class interview themselves.');
INSERT INTO cook(first_name, last_name, phone, d_birth, age, exp_years, cook_role_id, picture, picture_description) VALUES('Stacy', 'Shaffer', 6920853325, '1997-04-13', NULL, 2, 1, 'https://placekitten.com/635/879', 'Close avoid hot choice civil candidate cold.');
INSERT INTO cook(first_name, last_name, phone, d_birth, age, exp_years, cook_role_id, picture, picture_description) VALUES('Trevor', 'Kelly', 6988167813, '1961-09-15', NULL, 10, 1, 'https://dummyimage.com/471x35', 'On focus necessary join.');
INSERT INTO cook(first_name, last_name, phone, d_birth, age, exp_years, cook_role_id, picture, picture_description) VALUES('Samuel', 'Salas', 6993797022, '1962-04-27', NULL, 3, 1, 'https://placekitten.com/317/856', 'Official reality bring oil us have answer.');
INSERT INTO cook(first_name, last_name, phone, d_birth, age, exp_years, cook_role_id, picture, picture_description) VALUES('Jay', 'Jones', 6903144508, '1986-02-13', NULL, 15, 4, 'https://picsum.photos/533/50', 'Least key alone group notice.');
INSERT INTO cook(first_name, last_name, phone, d_birth, age, exp_years, cook_role_id, picture, picture_description) VALUES('Regina', 'Schwartz', 6914797055, '1968-04-01', NULL, 13, 4, 'https://picsum.photos/760/422', 'Century option just understand computer message break.');
INSERT INTO cook(first_name, last_name, phone, d_birth, age, exp_years, cook_role_id, picture, picture_description) VALUES('Sara', 'Harris', 6954502219, '1983-09-24', NULL, 4, 3, 'https://dummyimage.com/170x66', 'Article month war step quality west eat.');
INSERT INTO cook(first_name, last_name, phone, d_birth, age, exp_years, cook_role_id, picture, picture_description) VALUES('Johnny', 'Long', 6978065290, '1967-11-23', NULL, 13, 3, 'https://dummyimage.com/315x718', 'Popular society should thousand help.');
INSERT INTO cook(first_name, last_name, phone, d_birth, age, exp_years, cook_role_id, picture, picture_description) VALUES('Patricia', 'Perry', 6994048449, '1985-10-29', NULL, 9, 5, 'https://dummyimage.com/259x181', 'Public serve main list college more live time.');
INSERT INTO cook(first_name, last_name, phone, d_birth, age, exp_years, cook_role_id, picture, picture_description) VALUES('Eric', 'Hale', 6984446773, '1979-01-02', NULL, 16, 5, 'https://picsum.photos/653/544', 'Natural second hour peace present store protect nature.');
INSERT INTO cook(first_name, last_name, phone, d_birth, age, exp_years, cook_role_id, picture, picture_description) VALUES('Gerald', 'Stone', 6929121980, '1993-05-10', NULL, 2, 2, 'https://picsum.photos/364/720', 'Team station produce big address decide.');
INSERT INTO cook(first_name, last_name, phone, d_birth, age, exp_years, cook_role_id, picture, picture_description) VALUES('Tonya', 'Bryant', 6943680569, '1974-09-19', NULL, 18, 5, 'https://dummyimage.com/264x793', 'Teach reach read.');
INSERT INTO cook(first_name, last_name, phone, d_birth, age, exp_years, cook_role_id, picture, picture_description) VALUES('Lisa', 'Rivers', 6998741532, '1998-11-08', NULL, 3, 4, 'https://placekitten.com/337/914', 'Mrs great door loss apply sell.');
INSERT INTO cook(first_name, last_name, phone, d_birth, age, exp_years, cook_role_id, picture, picture_description) VALUES('Paul', 'Roberts', 6926035550, '1966-01-26', NULL, 16, 1, 'https://placekitten.com/936/559', 'Enter put store.');
INSERT INTO cook(first_name, last_name, phone, d_birth, age, exp_years, cook_role_id, picture, picture_description) VALUES('Taylor', 'Hutchinson', 6928096565, '1967-08-15', NULL, 27, 3, 'https://placekitten.com/140/491', 'Unit concern career sit sound reflect indicate.');
INSERT INTO cook(first_name, last_name, phone, d_birth, age, exp_years, cook_role_id, picture, picture_description) VALUES('Alice', 'Escobar', 6921047800, '1997-05-14', NULL, 3, 1, 'https://picsum.photos/363/887', 'Certain billion pull day guess understand.');
INSERT INTO cook(first_name, last_name, phone, d_birth, age, exp_years, cook_role_id, picture, picture_description) VALUES('Francisco', 'Guzman', 6918073061, '1978-01-06', NULL, 22, 3, 'https://picsum.photos/689/616', 'News study just camera week he attack.');
INSERT INTO cook(first_name, last_name, phone, d_birth, age, exp_years, cook_role_id, picture, picture_description) VALUES('Kelly', 'Hudson', 6982446282, '1987-08-17', NULL, 3, 1, 'https://dummyimage.com/888x489', 'They two behind economic important from.');
INSERT INTO cook(first_name, last_name, phone, d_birth, age, exp_years, cook_role_id, picture, picture_description) VALUES('James', 'Tucker', 6969880471, '1961-08-05', NULL, 20, 3, 'https://picsum.photos/400/235', 'Cultural less international.');
INSERT INTO cook(first_name, last_name, phone, d_birth, age, exp_years, cook_role_id, picture, picture_description) VALUES('Shawn', 'Woodward', 6996086523, '1988-02-29', NULL, 12, 2, 'https://picsum.photos/877/41', 'Half president article six discover establish save.');
INSERT INTO cook(first_name, last_name, phone, d_birth, age, exp_years, cook_role_id, picture, picture_description) VALUES('Christopher', 'Miller', 6915751863, '1973-08-20', NULL, 25, 4, 'https://dummyimage.com/18x56', 'Result group social situation school.');
INSERT INTO cook(first_name, last_name, phone, d_birth, age, exp_years, cook_role_id, picture, picture_description) VALUES('Lisa', 'Garcia', 6946251564, '1984-10-14', NULL, 12, 2, 'https://picsum.photos/398/174', 'Mention conference place set make structure participant.');
INSERT INTO cook(first_name, last_name, phone, d_birth, age, exp_years, cook_role_id, picture, picture_description) VALUES('Richard', 'Rodriguez', 6934508034, '1977-08-24', NULL, 1, 2, 'https://placekitten.com/714/423', 'Figure end answer have than anything full.');
INSERT INTO cook(first_name, last_name, phone, d_birth, age, exp_years, cook_role_id, picture, picture_description) VALUES('Stephanie', 'Sanchez', 6969751135, '1984-10-02', NULL, 16, 5, 'https://dummyimage.com/877x384', 'Without actually sort.');
INSERT INTO cook(first_name, last_name, phone, d_birth, age, exp_years, cook_role_id, picture, picture_description) VALUES('Shawn', 'Walker', 6997364632, '1966-10-26', NULL, 29, 4, 'https://placekitten.com/115/606', 'Successful environment necessary television.');
INSERT INTO cook(first_name, last_name, phone, d_birth, age, exp_years, cook_role_id, picture, picture_description) VALUES('Ronald', 'Travis', 6989120814, '1986-07-04', NULL, 3, 1, 'https://placekitten.com/703/340', 'Film specific one.');
INSERT INTO cook(first_name, last_name, phone, d_birth, age, exp_years, cook_role_id, picture, picture_description) VALUES('Sara', 'Ruiz', 6985381525, '1960-11-26', NULL, 39, 3, 'https://placekitten.com/718/917', 'Just space character around consumer situation series.');
INSERT INTO cook(first_name, last_name, phone, d_birth, age, exp_years, cook_role_id, picture, picture_description) VALUES('John', 'Booth', 6935237752, '1975-05-13', NULL, 15, 2, 'https://dummyimage.com/88x922', 'Expect policy represent pick itself.');
INSERT INTO cook(first_name, last_name, phone, d_birth, age, exp_years, cook_role_id, picture, picture_description) VALUES('Alan', 'Barnes', 6983708052, '1965-04-11', NULL, 21, 1, 'https://placekitten.com/470/433', 'Raise out mother exist.');
INSERT INTO cook(first_name, last_name, phone, d_birth, age, exp_years, cook_role_id, picture, picture_description) VALUES('Robin', 'Reilly', 6923981775, '1990-03-27', NULL, 4, 1, 'https://dummyimage.com/281x356', 'Many hour within radio while theory agency.');
INSERT INTO cook(first_name, last_name, phone, d_birth, age, exp_years, cook_role_id, picture, picture_description) VALUES('Jacqueline', 'Rodriguez', 6951960402, '1960-02-14', NULL, 24, 3, 'https://dummyimage.com/242x630', 'Raise focus morning woman language order.');
INSERT INTO cook(first_name, last_name, phone, d_birth, age, exp_years, cook_role_id, picture, picture_description) VALUES('Dustin', 'Riggs', 6941981175, '1992-03-30', NULL, 5, 2, 'https://picsum.photos/279/449', 'Amount often summer affect show.');
INSERT INTO cook(first_name, last_name, phone, d_birth, age, exp_years, cook_role_id, picture, picture_description) VALUES('Justin', 'Goodman', 6989761686, '1993-08-11', NULL, 7, 3, 'https://dummyimage.com/415x311', 'Trade skin yard shake imagine debate financial piece.');
INSERT INTO cook(first_name, last_name, phone, d_birth, age, exp_years, cook_role_id, picture, picture_description) VALUES('Kurt', 'Robertson', 6988558413, '1990-06-21', NULL, 4, 5, 'https://dummyimage.com/949x495', 'Past discussion style process garden sell.');
INSERT INTO cook(first_name, last_name, phone, d_birth, age, exp_years, cook_role_id, picture, picture_description) VALUES('Brenda', 'Gray', 6988228428, '1998-12-20', NULL, 1, 5, 'https://picsum.photos/411/503', 'Kind someone guy pick.');
INSERT INTO cook(first_name, last_name, phone, d_birth, age, exp_years, cook_role_id, picture, picture_description) VALUES('Jessica', 'Fields', 6983063324, '1992-01-28', NULL, 6, 2, 'https://picsum.photos/418/920', 'Push interesting particular particular wait serve how evidence.');
INSERT INTO cook(first_name, last_name, phone, d_birth, age, exp_years, cook_role_id, picture, picture_description) VALUES('Mike', 'Dominguez', 6907821719, '1962-07-19', NULL, 33, 4, 'https://dummyimage.com/101x624', 'Go challenge food.');
INSERT INTO cook(first_name, last_name, phone, d_birth, age, exp_years, cook_role_id, picture, picture_description) VALUES('Michael', 'Matthews', 6976171225, '1970-03-10', NULL, 13, 5, 'https://dummyimage.com/351x917', 'Cause offer oil happen system lot Republican.');
INSERT INTO cook(first_name, last_name, phone, d_birth, age, exp_years, cook_role_id, picture, picture_description) VALUES('Ashley', 'Gates', 6934993761, '1986-06-19', NULL, 9, 2, 'https://placekitten.com/321/980', 'State a class loss set recent.');
INSERT INTO cook(first_name, last_name, phone, d_birth, age, exp_years, cook_role_id, picture, picture_description) VALUES('Brittany', 'Hayes', 6952592970, '1990-12-04', NULL, 8, 4, 'https://placekitten.com/694/548', 'Politics report themselves fund sign its different.');
INSERT INTO cook(first_name, last_name, phone, d_birth, age, exp_years, cook_role_id, picture, picture_description) VALUES('Linda', 'Francis', 6997350420, '1980-05-23', NULL, 2, 2, 'https://picsum.photos/157/1010', 'Well baby care stuff tough.');
INSERT INTO cook(first_name, last_name, phone, d_birth, age, exp_years, cook_role_id, picture, picture_description) VALUES('Kevin', 'Donaldson', 6958557228, '1984-05-25', NULL, 14, 5, 'https://picsum.photos/216/138', 'Eight form very author bring.');
INSERT INTO cook(first_name, last_name, phone, d_birth, age, exp_years, cook_role_id, picture, picture_description) VALUES('Richard', 'Martin', 6924333213, '1970-09-07', NULL, 23, 4, 'https://dummyimage.com/494x552', 'Professional common third.');
INSERT INTO cook(first_name, last_name, phone, d_birth, age, exp_years, cook_role_id, picture, picture_description) VALUES('Diane', 'Beck', 6922568818, '1991-06-29', NULL, 9, 4, 'https://placekitten.com/303/100', 'Owner table win work nice bag land.');
INSERT INTO cook(first_name, last_name, phone, d_birth, age, exp_years, cook_role_id, picture, picture_description) VALUES('Sally', 'Calderon', 6924736225, '1986-06-21', NULL, 11, 1, 'https://dummyimage.com/952x515', 'Significant control reach kitchen see who.');
INSERT INTO cook(first_name, last_name, phone, d_birth, age, exp_years, cook_role_id, picture, picture_description) VALUES('Ashley', 'Dixon', 6934363875, '1999-02-08', NULL, 1, 5, 'https://dummyimage.com/592x977', 'Minute speech their loss history single pull.');
INSERT INTO cook(first_name, last_name, phone, d_birth, age, exp_years, cook_role_id, picture, picture_description) VALUES('Diane', 'Romero', 6945174999, '1965-10-02', NULL, 20, 3, 'https://picsum.photos/140/561', 'Poor room data series cup box material.');
INSERT INTO cook(first_name, last_name, phone, d_birth, age, exp_years, cook_role_id, picture, picture_description) VALUES('James', 'Hudson', 6945894592, '1978-05-08', NULL, 1, 3, 'https://picsum.photos/365/185', 'Ten go significant ever.');
INSERT INTO cook(first_name, last_name, phone, d_birth, age, exp_years, cook_role_id, picture, picture_description) VALUES('Damon', 'Brown', 6917505862, '1975-09-23', NULL, 25, 4, 'https://dummyimage.com/166x802', 'Your firm other program outside.');
INSERT INTO cook(first_name, last_name, phone, d_birth, age, exp_years, cook_role_id, picture, picture_description) VALUES('Omar', 'Watson', 6906359542, '1967-06-05', NULL, 24, 3, 'https://dummyimage.com/908x984', 'Sea likely onto cut wonder talk common.');
INSERT INTO cook(first_name, last_name, phone, d_birth, age, exp_years, cook_role_id, picture, picture_description) VALUES('Brian', 'Glass', 6993066586, '1972-11-13', NULL, 6, 2, 'https://placekitten.com/474/117', 'Teacher commercial group peace sea side eye.');
INSERT INTO cook(first_name, last_name, phone, d_birth, age, exp_years, cook_role_id, picture, picture_description) VALUES('Leslie', 'Taylor', 6978304706, '1982-08-14', NULL, 16, 2, 'https://dummyimage.com/268x999', 'Whom hour then or economy.');
INSERT INTO cook(first_name, last_name, phone, d_birth, age, exp_years, cook_role_id, picture, picture_description) VALUES('Nicole', 'Donovan', 6997793070, '1971-12-25', NULL, 26, 5, 'https://dummyimage.com/314x549', 'True popular standard better who.');
INSERT INTO cook(first_name, last_name, phone, d_birth, age, exp_years, cook_role_id, picture, picture_description) VALUES('Patricia', 'Nelson', 6999005594, '1977-05-01', NULL, 5, 3, 'https://placekitten.com/561/272', 'Order from rock way it when.');
INSERT INTO cook(first_name, last_name, phone, d_birth, age, exp_years, cook_role_id, picture, picture_description) VALUES('Melissa', 'Juarez', 6936696101, '1997-03-30', NULL, 4, 1, 'https://placekitten.com/652/882', 'Five professional ready worry move political.');
INSERT INTO cook(first_name, last_name, phone, d_birth, age, exp_years, cook_role_id, picture, picture_description) VALUES('Bryan', 'Lawrence', 6956941188, '1989-05-27', NULL, 7, 3, 'https://placekitten.com/789/111', 'Everything actually play community our official machine.');
INSERT INTO cook(first_name, last_name, phone, d_birth, age, exp_years, cook_role_id, picture, picture_description) VALUES('Cory', 'Reed', 6990596127, '1968-05-04', NULL, 19, 4, 'https://dummyimage.com/64x299', 'Yeah director list will either water.');
INSERT INTO cook(first_name, last_name, phone, d_birth, age, exp_years, cook_role_id, picture, picture_description) VALUES('John', 'Bridges', 6988566669, '1975-01-31', NULL, 21, 5, 'https://dummyimage.com/866x347', 'Particularly as who two ask foreign.');
INSERT INTO cook(first_name, last_name, phone, d_birth, age, exp_years, cook_role_id, picture, picture_description) VALUES('Elizabeth', 'Rogers', 6963794542, '1997-01-04', NULL, 3, 4, 'https://dummyimage.com/762x454', 'Think why whom find way dark.');
INSERT INTO cook(first_name, last_name, phone, d_birth, age, exp_years, cook_role_id, picture, picture_description) VALUES('Joanna', 'Hernandez', 6928172686, '1992-09-12', NULL, 6, 2, 'https://placekitten.com/975/860', 'Receive door final teach but.');
INSERT INTO cook(first_name, last_name, phone, d_birth, age, exp_years, cook_role_id, picture, picture_description) VALUES('Mary', 'Moran', 6922183519, '1976-11-16', NULL, 5, 3, 'https://placekitten.com/560/567', 'Property traditional something single indicate include hand.');
INSERT INTO cook(first_name, last_name, phone, d_birth, age, exp_years, cook_role_id, picture, picture_description) VALUES('Amanda', 'Gibson', 6939529104, '1983-12-29', NULL, 2, 5, 'https://picsum.photos/161/284', 'Nearly event half ground.');
INSERT INTO cook(first_name, last_name, phone, d_birth, age, exp_years, cook_role_id, picture, picture_description) VALUES('Curtis', 'Holloway', 6965571781, '1994-04-09', NULL, 7, 4, 'https://placekitten.com/903/177', 'Growth any quickly low sense magazine main alone.');
INSERT INTO cook(first_name, last_name, phone, d_birth, age, exp_years, cook_role_id, picture, picture_description) VALUES('Ashley', 'Brown', 6953286735, '1968-11-10', NULL, 27, 4, 'https://dummyimage.com/954x97', 'Push former population decide.');
INSERT INTO cook(first_name, last_name, phone, d_birth, age, exp_years, cook_role_id, picture, picture_description) VALUES('Sherry', 'Marshall', 6994649762, '1997-02-23', NULL, 3, 3, 'https://dummyimage.com/723x573', 'Affect front action bring condition on light.');
INSERT INTO cook(first_name, last_name, phone, d_birth, age, exp_years, cook_role_id, picture, picture_description) VALUES('Sonya', 'Robinson', 6999457362, '1962-08-15', NULL, 27, 4, 'https://placekitten.com/236/264', 'Off physical list ten side body car.');
INSERT INTO cook(first_name, last_name, phone, d_birth, age, exp_years, cook_role_id, picture, picture_description) VALUES('Billy', 'Hill', 6948585463, '1999-10-28', NULL, 2, 4, 'https://placekitten.com/73/834', 'Couple avoid create another level travel adult.');
INSERT INTO cook(first_name, last_name, phone, d_birth, age, exp_years, cook_role_id, picture, picture_description) VALUES('William', 'Guerrero', 6945469058, '1981-09-08', NULL, 13, 2, 'https://placekitten.com/460/937', 'In five capital staff church none action offer.');
INSERT INTO cook(first_name, last_name, phone, d_birth, age, exp_years, cook_role_id, picture, picture_description) VALUES('Frank', 'Carroll', 6991685146, '1986-01-09', NULL, 3, 2, 'https://placekitten.com/352/631', 'Lose push far reflect pay out nature.');
INSERT INTO cook(first_name, last_name, phone, d_birth, age, exp_years, cook_role_id, picture, picture_description) VALUES('Raymond', 'Johnston', 6960944299, '1987-07-07', NULL, 14, 3, 'https://dummyimage.com/1x23', 'Officer purpose report management bag employee.');
INSERT INTO cook(first_name, last_name, phone, d_birth, age, exp_years, cook_role_id, picture, picture_description) VALUES('Justin', 'Bryan', 6964078023, '1983-11-14', NULL, 4, 3, 'https://picsum.photos/216/331', 'Number Mr government former point degree.');
INSERT INTO cook(first_name, last_name, phone, d_birth, age, exp_years, cook_role_id, picture, picture_description) VALUES('Shelby', 'Parker', 6966237470, '1962-03-07', NULL, 34, 1, 'https://placekitten.com/495/137', 'Draw production speak name executive Republican cold.');
INSERT INTO cook(first_name, last_name, phone, d_birth, age, exp_years, cook_role_id, picture, picture_description) VALUES('Russell', 'Carlson', 6993765607, '1999-03-25', NULL, 2, 3, 'https://dummyimage.com/918x950', 'Sit prevent important against suddenly.');
INSERT INTO cook(first_name, last_name, phone, d_birth, age, exp_years, cook_role_id, picture, picture_description) VALUES('Mario', 'Landry', 6966083438, '1999-09-16', NULL, 1, 3, 'https://picsum.photos/8/780', 'Network degree debate purpose way.');
INSERT INTO cook(first_name, last_name, phone, d_birth, age, exp_years, cook_role_id, picture, picture_description) VALUES('Andrea', 'Hernandez', 6991298261, '1960-03-13', NULL, 14, 1, 'https://placekitten.com/479/804', 'End happy especially establish prepare goal.');
INSERT INTO cook(first_name, last_name, phone, d_birth, age, exp_years, cook_role_id, picture, picture_description) VALUES('Allison', 'Lewis', 6969513917, '1983-06-09', NULL, 18, 3, 'https://picsum.photos/944/820', 'Upon respond wind customer instead what doctor wonder.');
INSERT INTO cook(first_name, last_name, phone, d_birth, age, exp_years, cook_role_id, picture, picture_description) VALUES('Jenny', 'Vaughn', 6991941945, '1993-02-08', NULL, 1, 1, 'https://picsum.photos/701/352', 'Spend anyone summer these.');
INSERT INTO cook(first_name, last_name, phone, d_birth, age, exp_years, cook_role_id, picture, picture_description) VALUES('Linda', 'White', 6983379057, '1982-01-18', NULL, 6, 2, 'https://picsum.photos/458/182', 'Collection possible respond tree against and group.');
INSERT INTO cook(first_name, last_name, phone, d_birth, age, exp_years, cook_role_id, picture, picture_description) VALUES('Cindy', 'Ramirez', 6921244876, '1984-03-07', NULL, 6, 2, 'https://picsum.photos/234/127', 'Perform bad Republican bit run.');
INSERT INTO cook(first_name, last_name, phone, d_birth, age, exp_years, cook_role_id, picture, picture_description) VALUES('Ashley', 'Briggs', 6949447835, '1995-12-26', NULL, 6, 3, 'https://placekitten.com/88/489', 'Bad difficult production here body.');
INSERT INTO cook(first_name, last_name, phone, d_birth, age, exp_years, cook_role_id, picture, picture_description) VALUES('Brian', 'Hall', 6917277068, '1997-01-18', NULL, 2, 2, 'https://dummyimage.com/354x45', 'Memory quickly arrive begin.');
INSERT INTO cook(first_name, last_name, phone, d_birth, age, exp_years, cook_role_id, picture, picture_description) VALUES('Rodney', 'Kirby', 6982920890, '1966-12-27', NULL, 20, 5, 'https://picsum.photos/568/170', 'She message chair find recognize increase.');
INSERT INTO cook(first_name, last_name, phone, d_birth, age, exp_years, cook_role_id, picture, picture_description) VALUES('Ann', 'Montgomery', 6918661134, '1996-09-29', NULL, 1, 5, 'https://picsum.photos/225/38', 'Serious entire statement source surface chance.');
INSERT INTO cook(first_name, last_name, phone, d_birth, age, exp_years, cook_role_id, picture, picture_description) VALUES('Evelyn', 'Fuller', 6954140447, '1990-07-09', NULL, 2, 3, 'https://dummyimage.com/652x993', 'List along second opportunity story others.');
INSERT INTO cook(first_name, last_name, phone, d_birth, age, exp_years, cook_role_id, picture, picture_description) VALUES('Philip', 'Knox', 6965578880, '1989-11-10', NULL, 11, 4, 'https://dummyimage.com/323x559', 'Market inside arm hear actually.');
INSERT INTO cook(first_name, last_name, phone, d_birth, age, exp_years, cook_role_id, picture, picture_description) VALUES('Christopher', 'Charles', 6938347489, '1997-04-17', NULL, 2, 4, 'https://placekitten.com/825/774', 'Expert if my nearly.');
INSERT INTO cook(first_name, last_name, phone, d_birth, age, exp_years, cook_role_id, picture, picture_description) VALUES('Brittney', 'Cameron', 6987110400, '1974-09-22', NULL, 4, 5, 'https://picsum.photos/277/260', 'Seek figure wrong pull.');
INSERT INTO cook(first_name, last_name, phone, d_birth, age, exp_years, cook_role_id, picture, picture_description) VALUES('Jean', 'Lambert', 6973550390, '1989-09-13', NULL, 1, 2, 'https://picsum.photos/742/587', 'None yes common close entire.');
INSERT INTO cook(first_name, last_name, phone, d_birth, age, exp_years, cook_role_id, picture, picture_description) VALUES('Joseph', 'Spencer', 6979058127, '1979-02-20', NULL, 13, 5, 'https://picsum.photos/266/831', 'Few director firm relationship suffer.');
INSERT INTO cook(first_name, last_name, phone, d_birth, age, exp_years, cook_role_id, picture, picture_description) VALUES('Terri', 'Wheeler', 6944913407, '1986-08-28', NULL, 8, 3, 'https://picsum.photos/186/764', 'Film them be without.');
INSERT INTO cook(first_name, last_name, phone, d_birth, age, exp_years, cook_role_id, picture, picture_description) VALUES('Mark', 'Lopez', 6938463344, '1964-10-12', NULL, 30, 3, 'https://placekitten.com/3/128', 'Entire gun your two daughter personal stay.');
INSERT INTO cook(first_name, last_name, phone, d_birth, age, exp_years, cook_role_id, picture, picture_description) VALUES('Anthony', 'Monroe', 6904682272, '1986-06-08', NULL, 11, 4, 'https://placekitten.com/728/365', 'Environmental yard strategy anything industry property.');
INSERT INTO cook(first_name, last_name, phone, d_birth, age, exp_years, cook_role_id, picture, picture_description) VALUES('Charles', 'Hensley', 6930595689, '1966-01-30', NULL, 27, 5, 'https://dummyimage.com/994x501', 'Room marriage too form not environmental.');
INSERT INTO cook(first_name, last_name, phone, d_birth, age, exp_years, cook_role_id, picture, picture_description) VALUES('Christopher', 'Wells', 6984295824, '1981-02-01', NULL, 1, 3, 'https://dummyimage.com/175x400', 'Appear evidence attention us while news campaign.');
INSERT INTO cook(first_name, last_name, phone, d_birth, age, exp_years, cook_role_id, picture, picture_description) VALUES('Christopher', 'Pierce', 6972429380, '1996-07-27', NULL, 1, 2, 'https://dummyimage.com/491x159', 'Part north candidate when.');
INSERT INTO cook(first_name, last_name, phone, d_birth, age, exp_years, cook_role_id, picture, picture_description) VALUES('Ryan', 'Mendoza', 6949936656, '1961-01-17', NULL, 32, 3, 'https://picsum.photos/531/998', 'Crime contain level seem structure after.');
INSERT INTO cook(first_name, last_name, phone, d_birth, age, exp_years, cook_role_id, picture, picture_description) VALUES('Denise', 'Horton', 6997765607, '1999-08-16', NULL, 1, 4, 'https://picsum.photos/995/324', 'Fast heavy official off.');
INSERT INTO cook(first_name, last_name, phone, d_birth, age, exp_years, cook_role_id, picture, picture_description) VALUES('Brandon', 'Carroll', 6914390359, '1978-08-10', NULL, 18, 4, 'https://picsum.photos/847/440', 'Education old speech color physical expert likely.');
INSERT INTO cook(first_name, last_name, phone, d_birth, age, exp_years, cook_role_id, picture, picture_description) VALUES('Robert', 'Hall', 6918110308, '1973-02-02', NULL, 20, 3, 'https://placekitten.com/269/700', 'Clearly enough purpose evening.');
INSERT INTO cook(first_name, last_name, phone, d_birth, age, exp_years, cook_role_id, picture, picture_description) VALUES('Amy', 'Adams', 6902027532, '1978-01-16', NULL, 3, 2, 'https://picsum.photos/352/83', 'Professor computer lawyer move personal before positive.');
INSERT INTO cook(first_name, last_name, phone, d_birth, age, exp_years, cook_role_id, picture, picture_description) VALUES('Jeffrey', 'Nelson', 6953924677, '1998-07-28', NULL, 2, 1, 'https://dummyimage.com/428x830', 'Chance body by much maybe effect.');
INSERT INTO cook(first_name, last_name, phone, d_birth, age, exp_years, cook_role_id, picture, picture_description) VALUES('Kristina', 'Haynes', 6974946758, '1978-05-26', NULL, 8, 1, 'https://dummyimage.com/885x747', 'Might media outside kid turn finish stage participant.');
INSERT INTO cook(first_name, last_name, phone, d_birth, age, exp_years, cook_role_id, picture, picture_description) VALUES('Alexander', 'Mendoza', 6969687441, '1966-10-15', NULL, 28, 1, 'https://dummyimage.com/278x412', 'During example probably remember eight wait something.');
INSERT INTO cook(first_name, last_name, phone, d_birth, age, exp_years, cook_role_id, picture, picture_description) VALUES('Charles', 'Pham', 6956473404, '1967-08-18', NULL, 4, 1, 'https://picsum.photos/681/748', 'Rock require third mean step.');

INSERT INTO ingredient(title, cal_gr, cal_ml, food_group_id, picture, picture_description) VALUES('sorghum flour', 4, 1, 4, 'https://picsum.photos/730/432', 'Against travel theory stop present wide culture player.');
INSERT INTO ingredient(title, cal_gr, cal_ml, food_group_id, picture, picture_description) VALUES('edamame', 10, 10, 1, 'https://placekitten.com/473/23', 'Leader crime usually customer they from.');
INSERT INTO ingredient(title, cal_gr, cal_ml, food_group_id, picture, picture_description) VALUES('wasabi', 10, 4, 19, 'https://placekitten.com/178/380', 'Bar there say table social season street.');
INSERT INTO ingredient(title, cal_gr, cal_ml, food_group_id, picture, picture_description) VALUES('strawberry jam', 8, 4, 15, 'https://placekitten.com/440/42', 'Republican similar Congress fast so.');
INSERT INTO ingredient(title, cal_gr, cal_ml, food_group_id, picture, picture_description) VALUES('lemon balm', 6, 7, 18, 'https://dummyimage.com/585x1', 'Wait piece onto Republican next others director.');
INSERT INTO ingredient(title, cal_gr, cal_ml, food_group_id, picture, picture_description) VALUES('water chestnuts', 6, 4, 13, 'https://placekitten.com/827/365', 'Unit dream goal challenge involve paper likely.');
INSERT INTO ingredient(title, cal_gr, cal_ml, food_group_id, picture, picture_description) VALUES('bamboo shoots', 2, 10, 11, 'https://dummyimage.com/140x4', 'Medical skin join environmental according record about.');
INSERT INTO ingredient(title, cal_gr, cal_ml, food_group_id, picture, picture_description) VALUES('mango', 1, 6, 5, 'https://dummyimage.com/1008x950', 'Fact firm picture majority green doctor.');
INSERT INTO ingredient(title, cal_gr, cal_ml, food_group_id, picture, picture_description) VALUES('quinoa', 5, 2, 16, 'https://picsum.photos/85/160', 'Left far third notice fire allow.');
INSERT INTO ingredient(title, cal_gr, cal_ml, food_group_id, picture, picture_description) VALUES('white wine vinegar', 10, 3, 9, 'https://dummyimage.com/657x236', 'World final nearly customer.');
INSERT INTO ingredient(title, cal_gr, cal_ml, food_group_id, picture, picture_description) VALUES('olive oil', 1, 4, 8, 'https://dummyimage.com/487x295', 'Nice bar couple seek start human close.');
INSERT INTO ingredient(title, cal_gr, cal_ml, food_group_id, picture, picture_description) VALUES('halibut', 2, 8, 14, 'https://picsum.photos/341/133', 'See son friend among computer.');
INSERT INTO ingredient(title, cal_gr, cal_ml, food_group_id, picture, picture_description) VALUES('galangal', 6, 7, 11, 'https://picsum.photos/333/917', 'Trip sign sport ten view.');
INSERT INTO ingredient(title, cal_gr, cal_ml, food_group_id, picture, picture_description) VALUES('parmesan cheese', 6, 10, 13, 'https://placekitten.com/842/297', 'Character business tax finally society wish series.');
INSERT INTO ingredient(title, cal_gr, cal_ml, food_group_id, picture, picture_description) VALUES('agave nectar', 8, 6, 7, 'https://picsum.photos/268/734', 'Which activity so few.');
INSERT INTO ingredient(title, cal_gr, cal_ml, food_group_id, picture, picture_description) VALUES('honey mustard', 10, 9, 20, 'https://placekitten.com/1002/950', 'Huge significant true since.');
INSERT INTO ingredient(title, cal_gr, cal_ml, food_group_id, picture, picture_description) VALUES('basil', 6, 2, 8, 'https://picsum.photos/701/811', 'Building into space pass back wait maintain.');
INSERT INTO ingredient(title, cal_gr, cal_ml, food_group_id, picture, picture_description) VALUES('amaranth', 6, 7, 9, 'https://placekitten.com/52/72', 'Above organization level field.');
INSERT INTO ingredient(title, cal_gr, cal_ml, food_group_id, picture, picture_description) VALUES('broccoli', 10, 10, 5, 'https://picsum.photos/197/715', 'Personal rather everything statement recent.');
INSERT INTO ingredient(title, cal_gr, cal_ml, food_group_id, picture, picture_description) VALUES('beef broth', 9, 8, 9, 'https://placekitten.com/789/768', 'Republican seek light drug majority throw look.');
INSERT INTO ingredient(title, cal_gr, cal_ml, food_group_id, picture, picture_description) VALUES('spinach', 5, 6, 14, 'https://dummyimage.com/665x199', 'Democratic red able gun around.');
INSERT INTO ingredient(title, cal_gr, cal_ml, food_group_id, picture, picture_description) VALUES('flounder', 2, 2, 19, 'https://dummyimage.com/636x227', 'Doctor six defense well.');
INSERT INTO ingredient(title, cal_gr, cal_ml, food_group_id, picture, picture_description) VALUES('fruit jam', 8, 3, 12, 'https://dummyimage.com/767x959', 'Fight believe society matter.');
INSERT INTO ingredient(title, cal_gr, cal_ml, food_group_id, picture, picture_description) VALUES('nutmeg', 9, 3, 20, 'https://picsum.photos/115/355', 'Character practice hour cold car majority between.');
INSERT INTO ingredient(title, cal_gr, cal_ml, food_group_id, picture, picture_description) VALUES('tilapia', 10, 10, 9, 'https://placekitten.com/290/921', 'Language better property task share according watch.');
INSERT INTO ingredient(title, cal_gr, cal_ml, food_group_id, picture, picture_description) VALUES('nigella seeds', 7, 6, 10, 'https://dummyimage.com/816x851', 'Affect central within.');
INSERT INTO ingredient(title, cal_gr, cal_ml, food_group_id, picture, picture_description) VALUES('pumpkin seeds', 6, 6, 11, 'https://picsum.photos/440/330', 'Final account future situation give third including life.');
INSERT INTO ingredient(title, cal_gr, cal_ml, food_group_id, picture, picture_description) VALUES('lettuce', 9, 10, 15, 'https://dummyimage.com/915x199', 'Often capital easy sea American.');
INSERT INTO ingredient(title, cal_gr, cal_ml, food_group_id, picture, picture_description) VALUES('spaghetti squash', 2, 3, 20, 'https://dummyimage.com/586x10', 'Somebody room bit everybody war in too.');
INSERT INTO ingredient(title, cal_gr, cal_ml, food_group_id, picture, picture_description) VALUES('ground turkey', 7, 4, 11, 'https://dummyimage.com/669x16', 'About never heart less ten remain area.');
INSERT INTO ingredient(title, cal_gr, cal_ml, food_group_id, picture, picture_description) VALUES('cornstarch', 10, 6, 20, 'https://placekitten.com/77/667', 'Month name resource born movement beautiful.');
INSERT INTO ingredient(title, cal_gr, cal_ml, food_group_id, picture, picture_description) VALUES('sea urchin', 6, 3, 10, 'https://picsum.photos/931/113', 'Nature parent throw throw.');
INSERT INTO ingredient(title, cal_gr, cal_ml, food_group_id, picture, picture_description) VALUES('black-eyed peas', 6, 6, 13, 'https://picsum.photos/932/397', 'Responsibility already the affect evidence wide myself.');
INSERT INTO ingredient(title, cal_gr, cal_ml, food_group_id, picture, picture_description) VALUES('radish', 1, 9, 11, 'https://picsum.photos/246/751', 'Understand nice method raise.');
INSERT INTO ingredient(title, cal_gr, cal_ml, food_group_id, picture, picture_description) VALUES('shallots', 9, 2, 17, 'https://dummyimage.com/725x627', 'Girl expert fear that how lot.');
INSERT INTO ingredient(title, cal_gr, cal_ml, food_group_id, picture, picture_description) VALUES('limes', 2, 5, 6, 'https://dummyimage.com/316x347', 'Make and southern green argue clear.');
INSERT INTO ingredient(title, cal_gr, cal_ml, food_group_id, picture, picture_description) VALUES('onion powder', 8, 2, 10, 'https://placekitten.com/435/573', 'His much past majority.');
INSERT INTO ingredient(title, cal_gr, cal_ml, food_group_id, picture, picture_description) VALUES('yeast', 3, 8, 8, 'https://picsum.photos/771/644', 'And could add create hour.');
INSERT INTO ingredient(title, cal_gr, cal_ml, food_group_id, picture, picture_description) VALUES('rice vinegar', 5, 2, 8, 'https://picsum.photos/340/225', 'Paper fly entire open themselves him themselves.');
INSERT INTO ingredient(title, cal_gr, cal_ml, food_group_id, picture, picture_description) VALUES('eggs', 4, 4, 9, 'https://placekitten.com/719/706', 'Marriage your onto.');
INSERT INTO ingredient(title, cal_gr, cal_ml, food_group_id, picture, picture_description) VALUES('walnuts', 2, 4, 19, 'https://placekitten.com/111/584', 'Consider north thought list.');
INSERT INTO ingredient(title, cal_gr, cal_ml, food_group_id, picture, picture_description) VALUES('wildflower honey', 3, 8, 10, 'https://placekitten.com/666/205', 'Pass claim miss already cultural admit help.');
INSERT INTO ingredient(title, cal_gr, cal_ml, food_group_id, picture, picture_description) VALUES('sweet potatoes', 8, 3, 16, 'https://placekitten.com/822/899', 'Only still weight church though officer.');
INSERT INTO ingredient(title, cal_gr, cal_ml, food_group_id, picture, picture_description) VALUES('garlic', 7, 8, 15, 'https://placekitten.com/537/707', 'Character somebody middle either only involve vote.');
INSERT INTO ingredient(title, cal_gr, cal_ml, food_group_id, picture, picture_description) VALUES('mint', 7, 6, 9, 'https://placekitten.com/72/232', 'Culture something must view Republican act market among.');
INSERT INTO ingredient(title, cal_gr, cal_ml, food_group_id, picture, picture_description) VALUES('peaches', 4, 4, 19, 'https://dummyimage.com/460x929', 'Whose open list he executive remember together.');
INSERT INTO ingredient(title, cal_gr, cal_ml, food_group_id, picture, picture_description) VALUES('kasha', 9, 8, 17, 'https://placekitten.com/612/152', 'New page particular see five situation day.');
INSERT INTO ingredient(title, cal_gr, cal_ml, food_group_id, picture, picture_description) VALUES('cinnamon', 10, 6, 12, 'https://dummyimage.com/988x17', 'Production white perform billion civil.');
INSERT INTO ingredient(title, cal_gr, cal_ml, food_group_id, picture, picture_description) VALUES('bacon', 7, 5, 5, 'https://dummyimage.com/77x602', 'Young public stay gas focus.');
INSERT INTO ingredient(title, cal_gr, cal_ml, food_group_id, picture, picture_description) VALUES('monkfish', 1, 2, 10, 'https://placekitten.com/155/967', 'Floor trial couple college adult.');
INSERT INTO ingredient(title, cal_gr, cal_ml, food_group_id, picture, picture_description) VALUES('squab', 7, 5, 16, 'https://placekitten.com/482/633', 'His event owner language probably participant deal job.');
INSERT INTO ingredient(title, cal_gr, cal_ml, food_group_id, picture, picture_description) VALUES('hijiki', 3, 9, 14, 'https://picsum.photos/992/707', 'Stage including its policy painting federal analysis.');
INSERT INTO ingredient(title, cal_gr, cal_ml, food_group_id, picture, picture_description) VALUES('peanuts', 10, 6, 6, 'https://placekitten.com/982/158', 'Shake discussion from risk perhaps reflect during.');
INSERT INTO ingredient(title, cal_gr, cal_ml, food_group_id, picture, picture_description) VALUES('fennel', 5, 7, 14, 'https://picsum.photos/407/294', 'Thus question money.');
INSERT INTO ingredient(title, cal_gr, cal_ml, food_group_id, picture, picture_description) VALUES('soybeans', 1, 3, 2, 'https://picsum.photos/715/468', 'No against feeling mention.');
INSERT INTO ingredient(title, cal_gr, cal_ml, food_group_id, picture, picture_description) VALUES('raspberry jam', 8, 2, 17, 'https://placekitten.com/348/938', 'Lose risk amount have town few.');
INSERT INTO ingredient(title, cal_gr, cal_ml, food_group_id, picture, picture_description) VALUES('mackerel', 5, 4, 6, 'https://dummyimage.com/1024x663', 'Pm form five coach.');
INSERT INTO ingredient(title, cal_gr, cal_ml, food_group_id, picture, picture_description) VALUES('grouper', 4, 2, 18, 'https://dummyimage.com/566x153', 'Southern heavy prepare bad experience.');
INSERT INTO ingredient(title, cal_gr, cal_ml, food_group_id, picture, picture_description) VALUES('chili powder', 7, 9, 16, 'https://dummyimage.com/244x710', 'Build color reason.');
INSERT INTO ingredient(title, cal_gr, cal_ml, food_group_id, picture, picture_description) VALUES('brussels sprouts', 5, 10, 3, 'https://placekitten.com/615/317', 'Investment base newspaper culture site suggest.');
INSERT INTO ingredient(title, cal_gr, cal_ml, food_group_id, picture, picture_description) VALUES('acorn squash', 4, 3, 8, 'https://placekitten.com/596/246', 'Almost another office another those trial.');
INSERT INTO ingredient(title, cal_gr, cal_ml, food_group_id, picture, picture_description) VALUES('shrimp', 7, 9, 9, 'https://placekitten.com/917/594', 'Page management college push traditional without range far.');
INSERT INTO ingredient(title, cal_gr, cal_ml, food_group_id, picture, picture_description) VALUES('cloves', 9, 6, 7, 'https://dummyimage.com/795x565', 'My prepare history without activity various dark.');
INSERT INTO ingredient(title, cal_gr, cal_ml, food_group_id, picture, picture_description) VALUES('arrowroot', 3, 4, 18, 'https://picsum.photos/195/722', 'Sort maintain contain explain.');
INSERT INTO ingredient(title, cal_gr, cal_ml, food_group_id, picture, picture_description) VALUES('broad beans', 2, 4, 9, 'https://placekitten.com/716/142', 'Doctor none over much.');
INSERT INTO ingredient(title, cal_gr, cal_ml, food_group_id, picture, picture_description) VALUES('adzuki beans', 1, 9, 18, 'https://placekitten.com/514/413', 'Money happen memory.');
INSERT INTO ingredient(title, cal_gr, cal_ml, food_group_id, picture, picture_description) VALUES('allspice', 8, 2, 16, 'https://dummyimage.com/336x302', 'Son risk television happy.');
INSERT INTO ingredient(title, cal_gr, cal_ml, food_group_id, picture, picture_description) VALUES('oranges', 10, 9, 6, 'https://placekitten.com/849/949', 'Town leader need reason concern.');
INSERT INTO ingredient(title, cal_gr, cal_ml, food_group_id, picture, picture_description) VALUES('sweet paprika', 10, 1, 14, 'https://dummyimage.com/504x451', 'Share already still both.');
INSERT INTO ingredient(title, cal_gr, cal_ml, food_group_id, picture, picture_description) VALUES('herring', 5, 1, 16, 'https://dummyimage.com/412x834', 'Election guy country.');
INSERT INTO ingredient(title, cal_gr, cal_ml, food_group_id, picture, picture_description) VALUES('leeks', 7, 6, 13, 'https://dummyimage.com/979x53', 'Yard girl level arm leader help.');
INSERT INTO ingredient(title, cal_gr, cal_ml, food_group_id, picture, picture_description) VALUES('swiss chard', 2, 2, 18, 'https://dummyimage.com/328x746', 'Three nearly wait argue set include.');
INSERT INTO ingredient(title, cal_gr, cal_ml, food_group_id, picture, picture_description) VALUES('cuttlefish', 9, 8, 18, 'https://picsum.photos/690/735', 'Newspaper use child same kid despite major.');
INSERT INTO ingredient(title, cal_gr, cal_ml, food_group_id, picture, picture_description) VALUES('fruit preserves', 9, 7, 18, 'https://dummyimage.com/638x256', 'Cold artist first child present wish view five.');
INSERT INTO ingredient(title, cal_gr, cal_ml, food_group_id, picture, picture_description) VALUES('chia seeds', 1, 9, 12, 'https://placekitten.com/724/826', 'Stop carry weight military.');
INSERT INTO ingredient(title, cal_gr, cal_ml, food_group_id, picture, picture_description) VALUES('rutabaga', 7, 3, 1, 'https://dummyimage.com/571x611', 'Never hundred line job.');
INSERT INTO ingredient(title, cal_gr, cal_ml, food_group_id, picture, picture_description) VALUES('quick oats', 6, 2, 17, 'https://dummyimage.com/492x24', 'Size speech until finally.');
INSERT INTO ingredient(title, cal_gr, cal_ml, food_group_id, picture, picture_description) VALUES('swordfish', 10, 5, 10, 'https://dummyimage.com/939x259', 'Pattern lead change heart.');
INSERT INTO ingredient(title, cal_gr, cal_ml, food_group_id, picture, picture_description) VALUES('thyme', 4, 5, 14, 'https://picsum.photos/643/791', 'Production statement lot.');
INSERT INTO ingredient(title, cal_gr, cal_ml, food_group_id, picture, picture_description) VALUES('rice flour', 5, 9, 13, 'https://dummyimage.com/948x649', 'Behavior tree science mother serious newspaper.');
INSERT INTO ingredient(title, cal_gr, cal_ml, food_group_id, picture, picture_description) VALUES('blueberries', 9, 2, 2, 'https://placekitten.com/321/39', 'Tv worker thus notice certain laugh will.');
INSERT INTO ingredient(title, cal_gr, cal_ml, food_group_id, picture, picture_description) VALUES('haddock', 5, 6, 10, 'https://picsum.photos/587/703', 'Herself conference special require radio month.');
INSERT INTO ingredient(title, cal_gr, cal_ml, food_group_id, picture, picture_description) VALUES('pasta', 6, 2, 4, 'https://dummyimage.com/1013x873', 'Memory show most suggest PM.');
INSERT INTO ingredient(title, cal_gr, cal_ml, food_group_id, picture, picture_description) VALUES('wakame', 1, 2, 5, 'https://placekitten.com/252/726', 'Part meet create top church clearly too.');
INSERT INTO ingredient(title, cal_gr, cal_ml, food_group_id, picture, picture_description) VALUES('orange blossom honey', 2, 10, 5, 'https://placekitten.com/610/488', 'Production hospital recent this against affect hand.');
INSERT INTO ingredient(title, cal_gr, cal_ml, food_group_id, picture, picture_description) VALUES('lima beans', 3, 9, 18, 'https://placekitten.com/650/959', 'Surface skin foreign bring affect church per.');
INSERT INTO ingredient(title, cal_gr, cal_ml, food_group_id, picture, picture_description) VALUES('cannellini beans', 3, 3, 18, 'https://dummyimage.com/262x566', 'Themselves space total agree finish.');
INSERT INTO ingredient(title, cal_gr, cal_ml, food_group_id, picture, picture_description) VALUES('mace', 6, 4, 13, 'https://dummyimage.com/511x35', 'Lead example avoid owner career site.');
INSERT INTO ingredient(title, cal_gr, cal_ml, food_group_id, picture, picture_description) VALUES('bok choy', 1, 3, 10, 'https://dummyimage.com/70x361', 'Member relate owner full explain.');
INSERT INTO ingredient(title, cal_gr, cal_ml, food_group_id, picture, picture_description) VALUES('golden syrup', 8, 10, 15, 'https://picsum.photos/476/54', 'Quickly around there himself mind represent.');
INSERT INTO ingredient(title, cal_gr, cal_ml, food_group_id, picture, picture_description) VALUES('fenugreek', 6, 3, 9, 'https://picsum.photos/343/639', 'Building all lot fear.');
INSERT INTO ingredient(title, cal_gr, cal_ml, food_group_id, picture, picture_description) VALUES('goose', 1, 5, 14, 'https://dummyimage.com/136x906', 'Your in main task work year.');
INSERT INTO ingredient(title, cal_gr, cal_ml, food_group_id, picture, picture_description) VALUES('cod', 7, 4, 6, 'https://placekitten.com/107/174', 'Politics bar medical rich.');
INSERT INTO ingredient(title, cal_gr, cal_ml, food_group_id, picture, picture_description) VALUES('orange roughy', 1, 10, 12, 'https://placekitten.com/1015/140', 'Forward teach community would.');
INSERT INTO ingredient(title, cal_gr, cal_ml, food_group_id, picture, picture_description) VALUES('scallions', 6, 5, 4, 'https://placekitten.com/24/502', 'Serve forward south example.');
INSERT INTO ingredient(title, cal_gr, cal_ml, food_group_id, picture, picture_description) VALUES('watermelon', 10, 8, 12, 'https://placekitten.com/996/667', 'Organization crime type record feeling.');
INSERT INTO ingredient(title, cal_gr, cal_ml, food_group_id, picture, picture_description) VALUES('veal', 7, 6, 11, 'https://picsum.photos/318/881', 'Score business address you think.');
INSERT INTO ingredient(title, cal_gr, cal_ml, food_group_id, picture, picture_description) VALUES('yams', 1, 10, 10, 'https://picsum.photos/459/98', 'Election next law its.');
INSERT INTO ingredient(title, cal_gr, cal_ml, food_group_id, picture, picture_description) VALUES('turkey', 9, 9, 20, 'https://placekitten.com/119/830', 'Western employee party teach mind know.');
INSERT INTO ingredient(title, cal_gr, cal_ml, food_group_id, picture, picture_description) VALUES('honey', 9, 1, 10, 'https://dummyimage.com/571x442', 'New evening room.');
INSERT INTO ingredient(title, cal_gr, cal_ml, food_group_id, picture, picture_description) VALUES('bananas', 10, 9, 11, 'https://placekitten.com/324/998', 'Season prevent with give fly reality.');
INSERT INTO ingredient(title, cal_gr, cal_ml, food_group_id, picture, picture_description) VALUES('creamed honey', 3, 1, 11, 'https://dummyimage.com/283x703', 'Book president coach newspaper ball letter.');
INSERT INTO ingredient(title, cal_gr, cal_ml, food_group_id, picture, picture_description) VALUES('freekeh', 4, 9, 7, 'https://placekitten.com/7/523', 'Eat and where artist time push I air.');
INSERT INTO ingredient(title, cal_gr, cal_ml, food_group_id, picture, picture_description) VALUES('concord grape jelly', 2, 2, 3, 'https://dummyimage.com/287x86', 'Find conference bit check reveal glass guy.');
INSERT INTO ingredient(title, cal_gr, cal_ml, food_group_id, picture, picture_description) VALUES('molasses', 10, 3, 14, 'https://placekitten.com/198/187', 'Picture time show interview.');
INSERT INTO ingredient(title, cal_gr, cal_ml, food_group_id, picture, picture_description) VALUES('parsley', 6, 5, 2, 'https://placekitten.com/359/268', 'Keep someone daughter cause painting safe.');
INSERT INTO ingredient(title, cal_gr, cal_ml, food_group_id, picture, picture_description) VALUES('anchovies', 7, 4, 12, 'https://dummyimage.com/189x327', 'Hit worry phone side a worker.');
INSERT INTO ingredient(title, cal_gr, cal_ml, food_group_id, picture, picture_description) VALUES('turnips', 6, 6, 2, 'https://picsum.photos/310/873', 'Choose price their have.');
INSERT INTO ingredient(title, cal_gr, cal_ml, food_group_id, picture, picture_description) VALUES('lavender', 6, 8, 7, 'https://placekitten.com/879/1002', 'Hand white right serious feeling.');
INSERT INTO ingredient(title, cal_gr, cal_ml, food_group_id, picture, picture_description) VALUES('black pepper', 4, 10, 3, 'https://placekitten.com/608/323', 'Analysis about trouble couple by play hundred.');
INSERT INTO ingredient(title, cal_gr, cal_ml, food_group_id, picture, picture_description) VALUES('raisins', 2, 8, 16, 'https://placekitten.com/39/702', 'Few force million drop pass action single important.');
INSERT INTO ingredient(title, cal_gr, cal_ml, food_group_id, picture, picture_description) VALUES('cardamom', 3, 9, 7, 'https://picsum.photos/875/345', 'Me exactly painting half street week bar.');
INSERT INTO ingredient(title, cal_gr, cal_ml, food_group_id, picture, picture_description) VALUES('celery', 8, 9, 13, 'https://placekitten.com/866/118', 'Under beat air career.');
INSERT INTO ingredient(title, cal_gr, cal_ml, food_group_id, picture, picture_description) VALUES('chives', 6, 4, 5, 'https://picsum.photos/892/1017', 'Section control important.');
INSERT INTO ingredient(title, cal_gr, cal_ml, food_group_id, picture, picture_description) VALUES('ostrich', 10, 3, 17, 'https://placekitten.com/522/309', 'Vote total serve compare record follow people.');
INSERT INTO ingredient(title, cal_gr, cal_ml, food_group_id, picture, picture_description) VALUES('bass', 8, 8, 5, 'https://picsum.photos/581/495', 'Offer hundred situation.');
INSERT INTO ingredient(title, cal_gr, cal_ml, food_group_id, picture, picture_description) VALUES('scallops', 2, 4, 14, 'https://dummyimage.com/47x240', 'Food fish break crime kitchen.');
INSERT INTO ingredient(title, cal_gr, cal_ml, food_group_id, picture, picture_description) VALUES('raw honey', 4, 3, 9, 'https://placekitten.com/29/586', 'Protect decision notice standard baby appear star.');
INSERT INTO ingredient(title, cal_gr, cal_ml, food_group_id, picture, picture_description) VALUES('kale', 10, 2, 11, 'https://placekitten.com/635/866', 'Range evening care growth house.');
INSERT INTO ingredient(title, cal_gr, cal_ml, food_group_id, picture, picture_description) VALUES('peach butter', 8, 8, 17, 'https://dummyimage.com/20x379', 'Good coach sense second national heart.');
INSERT INTO ingredient(title, cal_gr, cal_ml, food_group_id, picture, picture_description) VALUES('milk', 2, 7, 13, 'https://dummyimage.com/904x680', 'Century process continue into other certain.');
INSERT INTO ingredient(title, cal_gr, cal_ml, food_group_id, picture, picture_description) VALUES('manuka honey', 4, 3, 19, 'https://picsum.photos/439/280', 'Save wear college do citizen important.');
INSERT INTO ingredient(title, cal_gr, cal_ml, food_group_id, picture, picture_description) VALUES('ground chicken', 3, 10, 5, 'https://picsum.photos/432/251', 'Itself mean still medical.');
INSERT INTO ingredient(title, cal_gr, cal_ml, food_group_id, picture, picture_description) VALUES('butter', 2, 9, 6, 'https://dummyimage.com/206x682', 'Someone type above have.');
INSERT INTO ingredient(title, cal_gr, cal_ml, food_group_id, picture, picture_description) VALUES('butterscotch sauce', 6, 10, 6, 'https://picsum.photos/305/95', 'Hospital behavior face.');
INSERT INTO ingredient(title, cal_gr, cal_ml, food_group_id, picture, picture_description) VALUES('pumpkin', 1, 4, 16, 'https://picsum.photos/606/538', 'Establish last individual light similar morning.');
INSERT INTO ingredient(title, cal_gr, cal_ml, food_group_id, picture, picture_description) VALUES('star anise', 8, 3, 6, 'https://dummyimage.com/270x529', 'Now box stand mouth shake month six likely.');
INSERT INTO ingredient(title, cal_gr, cal_ml, food_group_id, picture, picture_description) VALUES('millet flour', 2, 8, 20, 'https://placekitten.com/748/643', 'Food main report dinner letter painting Mr effort.');
INSERT INTO ingredient(title, cal_gr, cal_ml, food_group_id, picture, picture_description) VALUES('fig jam', 9, 9, 8, 'https://dummyimage.com/839x724', 'Human appear point skin.');
INSERT INTO ingredient(title, cal_gr, cal_ml, food_group_id, picture, picture_description) VALUES('smoked paprika', 3, 8, 5, 'https://dummyimage.com/242x374', 'Other toward mother not forget cause represent.');
INSERT INTO ingredient(title, cal_gr, cal_ml, food_group_id, picture, picture_description) VALUES('chipotle powder', 5, 9, 18, 'https://dummyimage.com/209x518', 'Three media site level.');
INSERT INTO ingredient(title, cal_gr, cal_ml, food_group_id, picture, picture_description) VALUES('coconut flour', 10, 4, 17, 'https://placekitten.com/621/989', 'Them political police find admit often.');
INSERT INTO ingredient(title, cal_gr, cal_ml, food_group_id, picture, picture_description) VALUES('rice', 5, 5, 3, 'https://picsum.photos/91/437', 'Score Republican none.');
INSERT INTO ingredient(title, cal_gr, cal_ml, food_group_id, picture, picture_description) VALUES('oats', 7, 3, 18, 'https://picsum.photos/542/438', 'Bank road within today hotel real key.');
INSERT INTO ingredient(title, cal_gr, cal_ml, food_group_id, picture, picture_description) VALUES('mung beans', 5, 9, 19, 'https://dummyimage.com/333x720', 'Audience force country.');
INSERT INTO ingredient(title, cal_gr, cal_ml, food_group_id, picture, picture_description) VALUES('pork', 1, 7, 20, 'https://picsum.photos/505/249', 'Relate recent everyone student agent read list only.');
INSERT INTO ingredient(title, cal_gr, cal_ml, food_group_id, picture, picture_description) VALUES('horseradish mustard', 1, 8, 17, 'https://picsum.photos/745/123', 'Specific store eye leg up model.');
INSERT INTO ingredient(title, cal_gr, cal_ml, food_group_id, picture, picture_description) VALUES('oregano', 3, 4, 14, 'https://placekitten.com/546/747', 'Have born oil firm who floor.');
INSERT INTO ingredient(title, cal_gr, cal_ml, food_group_id, picture, picture_description) VALUES('sesame seeds', 9, 3, 2, 'https://dummyimage.com/150x269', 'Low area necessary election.');
INSERT INTO ingredient(title, cal_gr, cal_ml, food_group_id, picture, picture_description) VALUES('sunflower seeds', 1, 1, 4, 'https://placekitten.com/671/500', 'Join nation lose both around official thus.');
INSERT INTO ingredient(title, cal_gr, cal_ml, food_group_id, picture, picture_description) VALUES('marmalade', 9, 3, 13, 'https://picsum.photos/895/328', 'Set would because prove.');
INSERT INTO ingredient(title, cal_gr, cal_ml, food_group_id, picture, picture_description) VALUES('chayote', 5, 9, 7, 'https://placekitten.com/200/802', 'Your foreign commercial fast.');
INSERT INTO ingredient(title, cal_gr, cal_ml, food_group_id, picture, picture_description) VALUES('brown sugar', 2, 8, 18, 'https://picsum.photos/818/1014', 'Student mother class wonder.');
INSERT INTO ingredient(title, cal_gr, cal_ml, food_group_id, picture, picture_description) VALUES('marjoram', 2, 9, 6, 'https://placekitten.com/41/831', 'You right wall attack experience history evening.');
INSERT INTO ingredient(title, cal_gr, cal_ml, food_group_id, picture, picture_description) VALUES('arame', 5, 2, 6, 'https://placekitten.com/213/852', 'Feel TV first defense.');
INSERT INTO ingredient(title, cal_gr, cal_ml, food_group_id, picture, picture_description) VALUES('split peas', 7, 1, 11, 'https://dummyimage.com/903x485', 'Local ball bad again have respond.');
INSERT INTO ingredient(title, cal_gr, cal_ml, food_group_id, picture, picture_description) VALUES('jicama', 1, 3, 4, 'https://picsum.photos/787/915', 'Artist far ground dinner.');
INSERT INTO ingredient(title, cal_gr, cal_ml, food_group_id, picture, picture_description) VALUES('cayenne pepper', 2, 1, 9, 'https://dummyimage.com/470x337', 'College artist top heavy.');
INSERT INTO ingredient(title, cal_gr, cal_ml, food_group_id, picture, picture_description) VALUES('almond flour', 6, 5, 10, 'https://dummyimage.com/843x817', 'Sport occur go whom value bag.');
INSERT INTO ingredient(title, cal_gr, cal_ml, food_group_id, picture, picture_description) VALUES('flour', 6, 2, 19, 'https://placekitten.com/136/472', 'Child benefit black realize loss article win.');
INSERT INTO ingredient(title, cal_gr, cal_ml, food_group_id, picture, picture_description) VALUES('avocado', 3, 8, 20, 'https://picsum.photos/588/746', 'Its model move listen receive program amount stage.');
INSERT INTO ingredient(title, cal_gr, cal_ml, food_group_id, picture, picture_description) VALUES('date syrup', 2, 7, 14, 'https://placekitten.com/48/181', 'Go also for get various food purpose.');
INSERT INTO ingredient(title, cal_gr, cal_ml, food_group_id, picture, picture_description) VALUES('blackberries', 6, 5, 12, 'https://dummyimage.com/578x154', 'Relationship stay recent church owner effect.');
INSERT INTO ingredient(title, cal_gr, cal_ml, food_group_id, picture, picture_description) VALUES('bell pepper', 2, 2, 11, 'https://placekitten.com/140/483', 'That far provide like thought image theory.');
INSERT INTO ingredient(title, cal_gr, cal_ml, food_group_id, picture, picture_description) VALUES('hot sauce', 5, 4, 11, 'https://placekitten.com/292/935', 'From model ready shake establish.');
INSERT INTO ingredient(title, cal_gr, cal_ml, food_group_id, picture, picture_description) VALUES('chickpeas', 5, 8, 16, 'https://dummyimage.com/817x15', 'Occur away employee should common one.');
INSERT INTO ingredient(title, cal_gr, cal_ml, food_group_id, picture, picture_description) VALUES('teff flour', 6, 1, 4, 'https://dummyimage.com/968x638', 'Weight research affect the.');
INSERT INTO ingredient(title, cal_gr, cal_ml, food_group_id, picture, picture_description) VALUES('hemp seeds', 2, 7, 1, 'https://dummyimage.com/881x595', 'Race continue event well.');
INSERT INTO ingredient(title, cal_gr, cal_ml, food_group_id, picture, picture_description) VALUES('cornmeal', 3, 4, 15, 'https://placekitten.com/896/661', 'Beat standard under remember difficult trade.');
INSERT INTO ingredient(title, cal_gr, cal_ml, food_group_id, picture, picture_description) VALUES('pectin', 8, 9, 13, 'https://picsum.photos/789/140', 'Explain yard now call.');
INSERT INTO ingredient(title, cal_gr, cal_ml, food_group_id, picture, picture_description) VALUES('maple syrup', 7, 2, 3, 'https://dummyimage.com/407x1000', 'Movement short school girl either lay responsibility benefit.');
INSERT INTO ingredient(title, cal_gr, cal_ml, food_group_id, picture, picture_description) VALUES('cucumber', 3, 10, 15, 'https://dummyimage.com/529x645', 'Air remember policy upon style.');
INSERT INTO ingredient(title, cal_gr, cal_ml, food_group_id, picture, picture_description) VALUES('potato starch', 3, 8, 10, 'https://dummyimage.com/184x1004', 'Pattern history form value few.');
INSERT INTO ingredient(title, cal_gr, cal_ml, food_group_id, picture, picture_description) VALUES('beetroot', 9, 5, 8, 'https://picsum.photos/613/409', 'And word drop new one anything.');
INSERT INTO ingredient(title, cal_gr, cal_ml, food_group_id, picture, picture_description) VALUES('pineapple', 1, 1, 7, 'https://picsum.photos/800/386', 'Anything fire military trouble early.');
INSERT INTO ingredient(title, cal_gr, cal_ml, food_group_id, picture, picture_description) VALUES('couscous pearls', 6, 8, 13, 'https://placekitten.com/908/1006', 'Task standard pass.');
INSERT INTO ingredient(title, cal_gr, cal_ml, food_group_id, picture, picture_description) VALUES('poppy seeds', 9, 6, 6, 'https://picsum.photos/338/849', 'Growth give teach everybody according hold lose.');
INSERT INTO ingredient(title, cal_gr, cal_ml, food_group_id, picture, picture_description) VALUES('buckwheat', 3, 2, 14, 'https://picsum.photos/432/448', 'Wish if for cup outside actually could.');
INSERT INTO ingredient(title, cal_gr, cal_ml, food_group_id, picture, picture_description) VALUES('whole grain mustard', 3, 2, 20, 'https://placekitten.com/381/196', 'Science better blue lay.');
INSERT INTO ingredient(title, cal_gr, cal_ml, food_group_id, picture, picture_description) VALUES('sumac', 6, 7, 1, 'https://dummyimage.com/515x465', 'Court event identify.');
INSERT INTO ingredient(title, cal_gr, cal_ml, food_group_id, picture, picture_description) VALUES('dill', 6, 8, 9, 'https://placekitten.com/594/745', 'Suggest instead call.');
INSERT INTO ingredient(title, cal_gr, cal_ml, food_group_id, picture, picture_description) VALUES('buckwheat honey', 6, 2, 10, 'https://dummyimage.com/925x306', 'Score teach street five of style senior however.');
INSERT INTO ingredient(title, cal_gr, cal_ml, food_group_id, picture, picture_description) VALUES('lemongrass', 6, 6, 1, 'https://picsum.photos/186/1009', 'Hundred hold very guess finish.');
INSERT INTO ingredient(title, cal_gr, cal_ml, food_group_id, picture, picture_description) VALUES('lemon juice', 2, 6, 14, 'https://dummyimage.com/396x609', 'Watch finally thank choice have great hospital.');
INSERT INTO ingredient(title, cal_gr, cal_ml, food_group_id, picture, picture_description) VALUES('tapioca', 4, 5, 7, 'https://dummyimage.com/761x858', 'Hour case when leg.');
INSERT INTO ingredient(title, cal_gr, cal_ml, food_group_id, picture, picture_description) VALUES('red wine vinegar', 1, 7, 5, 'https://picsum.photos/293/420', 'Condition example government oil least medical class.');
INSERT INTO ingredient(title, cal_gr, cal_ml, food_group_id, picture, picture_description) VALUES('horseradish', 4, 10, 1, 'https://placekitten.com/838/595', 'Bring indeed still that present cold you.');
INSERT INTO ingredient(title, cal_gr, cal_ml, food_group_id, picture, picture_description) VALUES('coconut milk', 4, 5, 4, 'https://picsum.photos/198/521', 'Want along since crime owner brother.');
INSERT INTO ingredient(title, cal_gr, cal_ml, food_group_id, picture, picture_description) VALUES('saffron', 1, 3, 1, 'https://placekitten.com/730/593', 'Myself job network.');
INSERT INTO ingredient(title, cal_gr, cal_ml, food_group_id, picture, picture_description) VALUES('vital wheat gluten', 6, 9, 3, 'https://dummyimage.com/705x195', 'Reason assume together manager.');
INSERT INTO ingredient(title, cal_gr, cal_ml, food_group_id, picture, picture_description) VALUES('buckwheat flour', 6, 4, 6, 'https://placekitten.com/281/411', 'Positive paper cost property bill.');
INSERT INTO ingredient(title, cal_gr, cal_ml, food_group_id, picture, picture_description) VALUES('bison', 7, 10, 4, 'https://picsum.photos/885/893', 'Image would consider population occur base even.');
INSERT INTO ingredient(title, cal_gr, cal_ml, food_group_id, picture, picture_description) VALUES('arugula', 2, 2, 18, 'https://picsum.photos/232/202', 'Down section then beautiful.');
INSERT INTO ingredient(title, cal_gr, cal_ml, food_group_id, picture, picture_description) VALUES('tuna', 6, 8, 6, 'https://dummyimage.com/946x16', 'White agency two finish than Mr statement the.');
INSERT INTO ingredient(title, cal_gr, cal_ml, food_group_id, picture, picture_description) VALUES('rye flour', 3, 3, 16, 'https://placekitten.com/867/563', 'Part blood area somebody town ever push.');
INSERT INTO ingredient(title, cal_gr, cal_ml, food_group_id, picture, picture_description) VALUES('carrots', 6, 7, 4, 'https://dummyimage.com/660x602', 'Manager growth month appear air growth nor general.');
INSERT INTO ingredient(title, cal_gr, cal_ml, food_group_id, picture, picture_description) VALUES('mahi mahi', 3, 3, 10, 'https://dummyimage.com/144x296', 'Property garden because discover protect place window.');
INSERT INTO ingredient(title, cal_gr, cal_ml, food_group_id, picture, picture_description) VALUES('okra', 8, 2, 2, 'https://picsum.photos/638/199', 'According head book yard view medical concern.');
INSERT INTO ingredient(title, cal_gr, cal_ml, food_group_id, picture, picture_description) VALUES('celery seeds', 1, 8, 2, 'https://dummyimage.com/432x403', 'Father money speak break challenge.');
INSERT INTO ingredient(title, cal_gr, cal_ml, food_group_id, picture, picture_description) VALUES('mushrooms', 1, 9, 8, 'https://picsum.photos/4/746', 'Along race major effort surface experience.');
INSERT INTO ingredient(title, cal_gr, cal_ml, food_group_id, picture, picture_description) VALUES('canned tomatoes', 6, 1, 10, 'https://picsum.photos/584/391', 'Bill food best part report skin only.');
INSERT INTO ingredient(title, cal_gr, cal_ml, food_group_id, picture, picture_description) VALUES('bean sprouts', 3, 9, 14, 'https://picsum.photos/759/399', 'They near smile especially send high yes stand.');
INSERT INTO ingredient(title, cal_gr, cal_ml, food_group_id, picture, picture_description) VALUES('salmon', 7, 2, 11, 'https://placekitten.com/426/461', 'International hold run from city another.');
INSERT INTO ingredient(title, cal_gr, cal_ml, food_group_id, picture, picture_description) VALUES('pollock', 2, 1, 16, 'https://dummyimage.com/10x688', 'Benefit six newspaper attorney social company.');
INSERT INTO ingredient(title, cal_gr, cal_ml, food_group_id, picture, picture_description) VALUES('great northern beans', 2, 1, 16, 'https://placekitten.com/273/430', 'Control civil little total west rise by.');
INSERT INTO ingredient(title, cal_gr, cal_ml, food_group_id, picture, picture_description) VALUES('bulgur', 7, 10, 10, 'https://placekitten.com/503/775', 'Wide operation suffer.');
INSERT INTO ingredient(title, cal_gr, cal_ml, food_group_id, picture, picture_description) VALUES('eggplant', 9, 8, 16, 'https://dummyimage.com/823x374', 'Rather try about we so suddenly.');
INSERT INTO ingredient(title, cal_gr, cal_ml, food_group_id, picture, picture_description) VALUES('peas', 7, 10, 8, 'https://picsum.photos/115/585', 'Alone body better since mother perhaps.');
INSERT INTO ingredient(title, cal_gr, cal_ml, food_group_id, picture, picture_description) VALUES('crab', 9, 8, 13, 'https://picsum.photos/11/525', 'Value age usually.');
INSERT INTO ingredient(title, cal_gr, cal_ml, food_group_id, picture, picture_description) VALUES('pearl barley', 3, 4, 19, 'https://placekitten.com/634/663', 'Child himself voice from firm various window.');
INSERT INTO ingredient(title, cal_gr, cal_ml, food_group_id, picture, picture_description) VALUES('ginger', 1, 8, 11, 'https://dummyimage.com/731x937', 'Lay interest arrive fire.');
INSERT INTO ingredient(title, cal_gr, cal_ml, food_group_id, picture, picture_description) VALUES('semolina', 3, 4, 16, 'https://placekitten.com/325/309', 'Western because walk fill chance.');
INSERT INTO ingredient(title, cal_gr, cal_ml, food_group_id, picture, picture_description) VALUES('bread crumbs', 5, 9, 20, 'https://dummyimage.com/724x908', 'Minute industry past international cost too.');
INSERT INTO ingredient(title, cal_gr, cal_ml, food_group_id, picture, picture_description) VALUES('sausage', 2, 4, 5, 'https://picsum.photos/105/76', 'Mention pass serious movie.');
INSERT INTO ingredient(title, cal_gr, cal_ml, food_group_id, picture, picture_description) VALUES('five-spice powder', 3, 10, 1, 'https://dummyimage.com/598x966', 'Tv start ok red idea.');
INSERT INTO ingredient(title, cal_gr, cal_ml, food_group_id, picture, picture_description) VALUES('coconut vinegar', 3, 8, 18, 'https://dummyimage.com/365x257', 'Strategy provide see yeah available single.');
INSERT INTO ingredient(title, cal_gr, cal_ml, food_group_id, picture, picture_description) VALUES('baharat', 7, 4, 20, 'https://dummyimage.com/940x988', 'Focus improve book.');
INSERT INTO ingredient(title, cal_gr, cal_ml, food_group_id, picture, picture_description) VALUES('mayonnaise', 7, 7, 6, 'https://dummyimage.com/848x345', 'Economy effect notice issue seven leave time.');
INSERT INTO ingredient(title, cal_gr, cal_ml, food_group_id, picture, picture_description) VALUES('farro', 3, 6, 18, 'https://dummyimage.com/282x91', 'Hand sell main source ready.');
INSERT INTO ingredient(title, cal_gr, cal_ml, food_group_id, picture, picture_description) VALUES('nori', 8, 6, 6, 'https://picsum.photos/252/296', 'Remain someone state.');
INSERT INTO ingredient(title, cal_gr, cal_ml, food_group_id, picture, picture_description) VALUES('navy beans', 8, 3, 1, 'https://placekitten.com/823/257', 'Avoid tell citizen gun speak consider.');
INSERT INTO ingredient(title, cal_gr, cal_ml, food_group_id, picture, picture_description) VALUES('clover honey', 9, 2, 8, 'https://dummyimage.com/369x693', 'Night tonight performance front under.');
INSERT INTO ingredient(title, cal_gr, cal_ml, food_group_id, picture, picture_description) VALUES('chocolate syrup', 10, 5, 14, 'https://placekitten.com/677/424', 'Although people degree agency memory several career.');
INSERT INTO ingredient(title, cal_gr, cal_ml, food_group_id, picture, picture_description) VALUES('prepared mustard', 10, 5, 15, 'https://placekitten.com/64/185', 'Civil time sense audience almost do.');
INSERT INTO ingredient(title, cal_gr, cal_ml, food_group_id, picture, picture_description) VALUES('spelt', 6, 8, 14, 'https://picsum.photos/530/665', 'Attorney staff may.');
INSERT INTO ingredient(title, cal_gr, cal_ml, food_group_id, picture, picture_description) VALUES('dry mustard', 2, 10, 1, 'https://placekitten.com/58/227', 'Federal than remain well not region also.');
INSERT INTO ingredient(title, cal_gr, cal_ml, food_group_id, picture, picture_description) VALUES('collard greens', 2, 9, 4, 'https://placekitten.com/102/684', 'Whom stuff could Congress democratic do star.');
INSERT INTO ingredient(title, cal_gr, cal_ml, food_group_id, picture, picture_description) VALUES('pasta sauce', 9, 9, 18, 'https://placekitten.com/735/326', 'Them water range than since painting.');
INSERT INTO ingredient(title, cal_gr, cal_ml, food_group_id, picture, picture_description) VALUES('rosemary', 1, 3, 7, 'https://dummyimage.com/836x99', 'Consider third every plant our prevent statement talk.');
INSERT INTO ingredient(title, cal_gr, cal_ml, food_group_id, picture, picture_description) VALUES('fennel seeds', 9, 1, 1, 'https://placekitten.com/770/515', 'Face fire wear yet try tax sometimes.');
INSERT INTO ingredient(title, cal_gr, cal_ml, food_group_id, picture, picture_description) VALUES('apple cider vinegar', 2, 7, 13, 'https://placekitten.com/589/295', 'Me brother for material front black side area.');
INSERT INTO ingredient(title, cal_gr, cal_ml, food_group_id, picture, picture_description) VALUES('butternut squash', 8, 10, 1, 'https://dummyimage.com/115x239', 'Training ten life message price both.');
INSERT INTO ingredient(title, cal_gr, cal_ml, food_group_id, picture, picture_description) VALUES('paprika', 10, 8, 13, 'https://dummyimage.com/31x341', 'During these success staff help pattern town.');
INSERT INTO ingredient(title, cal_gr, cal_ml, food_group_id, picture, picture_description) VALUES('mussel', 1, 3, 12, 'https://picsum.photos/805/776', 'Strategy statement must finally finally mouth.');
INSERT INTO ingredient(title, cal_gr, cal_ml, food_group_id, picture, picture_description) VALUES('pomegranate molasses', 1, 4, 13, 'https://placekitten.com/882/16', 'Act country relationship after author finally.');
INSERT INTO ingredient(title, cal_gr, cal_ml, food_group_id, picture, picture_description) VALUES('peanut butter', 2, 5, 18, 'https://picsum.photos/948/450', 'Of actually simply others.');
INSERT INTO ingredient(title, cal_gr, cal_ml, food_group_id, picture, picture_description) VALUES('caraway seeds', 5, 7, 18, 'https://picsum.photos/307/942', 'Woman feeling young brother same.');
INSERT INTO ingredient(title, cal_gr, cal_ml, food_group_id, picture, picture_description) VALUES('garlic powder', 4, 7, 7, 'https://dummyimage.com/171x425', 'Song American employee real person.');
INSERT INTO ingredient(title, cal_gr, cal_ml, food_group_id, picture, picture_description) VALUES('balsamic vinegar', 6, 4, 4, 'https://picsum.photos/217/552', 'Significant past world would ask arm break power.');
INSERT INTO ingredient(title, cal_gr, cal_ml, food_group_id, picture, picture_description) VALUES('almonds', 3, 4, 16, 'https://dummyimage.com/959x128', 'Candidate two list care begin laugh staff.');
INSERT INTO ingredient(title, cal_gr, cal_ml, food_group_id, picture, picture_description) VALUES('caramel sauce', 10, 8, 7, 'https://placekitten.com/813/208', 'Himself politics TV even their.');
INSERT INTO ingredient(title, cal_gr, cal_ml, food_group_id, picture, picture_description) VALUES('grapes', 3, 2, 18, 'https://picsum.photos/652/884', 'Husband charge them floor environment serve television.');
INSERT INTO ingredient(title, cal_gr, cal_ml, food_group_id, picture, picture_description) VALUES('lobster', 1, 2, 19, 'https://placekitten.com/6/800', 'Career mother back body career marriage.');
INSERT INTO ingredient(title, cal_gr, cal_ml, food_group_id, picture, picture_description) VALUES('ground beef', 3, 7, 13, 'https://dummyimage.com/786x919', 'Religious born general newspaper organization prepare avoid.');
INSERT INTO ingredient(title, cal_gr, cal_ml, food_group_id, picture, picture_description) VALUES('octopus', 6, 2, 17, 'https://placekitten.com/907/322', 'Able matter space only.');
INSERT INTO ingredient(title, cal_gr, cal_ml, food_group_id, picture, picture_description) VALUES('polenta', 7, 10, 18, 'https://dummyimage.com/309x41', 'Send music probably several day specific floor.');
INSERT INTO ingredient(title, cal_gr, cal_ml, food_group_id, picture, picture_description) VALUES('cherries', 8, 10, 14, 'https://picsum.photos/0/425', 'Share law because exactly create.');
INSERT INTO ingredient(title, cal_gr, cal_ml, food_group_id, picture, picture_description) VALUES('sea cucumber', 1, 4, 5, 'https://placekitten.com/980/198', 'Land land among receive since bank draw.');
INSERT INTO ingredient(title, cal_gr, cal_ml, food_group_id, picture, picture_description) VALUES('quail', 5, 8, 15, 'https://picsum.photos/918/898', 'Officer find speech job.');
INSERT INTO ingredient(title, cal_gr, cal_ml, food_group_id, picture, picture_description) VALUES('couscous', 2, 6, 10, 'https://placekitten.com/968/311', 'Month win turn sure over natural air.');
INSERT INTO ingredient(title, cal_gr, cal_ml, food_group_id, picture, picture_description) VALUES('rolled oats', 1, 4, 8, 'https://placekitten.com/722/840', 'All use dream business customer wait might.');
INSERT INTO ingredient(title, cal_gr, cal_ml, food_group_id, picture, picture_description) VALUES('spanish paprika', 9, 7, 20, 'https://picsum.photos/991/844', 'Within speak never charge drug skill.');
INSERT INTO ingredient(title, cal_gr, cal_ml, food_group_id, picture, picture_description) VALUES('tomato', 10, 3, 3, 'https://picsum.photos/874/379', 'Third arrive second front daughter music.');
INSERT INTO ingredient(title, cal_gr, cal_ml, food_group_id, picture, picture_description) VALUES('teff', 1, 7, 1, 'https://picsum.photos/561/915', 'National ability east candidate over ability.');
INSERT INTO ingredient(title, cal_gr, cal_ml, food_group_id, picture, picture_description) VALUES('strawberries', 9, 5, 10, 'https://placekitten.com/159/115', 'Even performance occur us democratic example main.');
INSERT INTO ingredient(title, cal_gr, cal_ml, food_group_id, picture, picture_description) VALUES('baking soda', 4, 3, 2, 'https://picsum.photos/727/844', 'Thus can certainly.');
INSERT INTO ingredient(title, cal_gr, cal_ml, food_group_id, picture, picture_description) VALUES('sage', 1, 10, 15, 'https://picsum.photos/135/249', 'Speech federal political opportunity.');
INSERT INTO ingredient(title, cal_gr, cal_ml, food_group_id, picture, picture_description) VALUES('guajillo powder', 10, 10, 16, 'https://placekitten.com/932/217', 'Company hand thousand list position.');
INSERT INTO ingredient(title, cal_gr, cal_ml, food_group_id, picture, picture_description) VALUES('grits', 1, 6, 4, 'https://picsum.photos/684/745', 'Responsibility condition move leader.');
INSERT INTO ingredient(title, cal_gr, cal_ml, food_group_id, picture, picture_description) VALUES('trout', 1, 3, 9, 'https://placekitten.com/429/280', 'Woman give certainly because.');
INSERT INTO ingredient(title, cal_gr, cal_ml, food_group_id, picture, picture_description) VALUES('chervil', 10, 10, 20, 'https://placekitten.com/203/1013', 'Staff image if yet interview.');
INSERT INTO ingredient(title, cal_gr, cal_ml, food_group_id, picture, picture_description) VALUES('millet', 8, 3, 5, 'https://dummyimage.com/571x383', 'Charge world result.');
INSERT INTO ingredient(title, cal_gr, cal_ml, food_group_id, picture, picture_description) VALUES('cauliflower', 8, 6, 19, 'https://picsum.photos/930/956', 'Call night friend chance hear.');
INSERT INTO ingredient(title, cal_gr, cal_ml, food_group_id, picture, picture_description) VALUES('green beans', 10, 1, 4, 'https://dummyimage.com/474x789', 'Between follow majority federal.');
INSERT INTO ingredient(title, cal_gr, cal_ml, food_group_id, picture, picture_description) VALUES('malt vinegar', 8, 6, 11, 'https://picsum.photos/841/341', 'Bag nature a language rock sea.');
INSERT INTO ingredient(title, cal_gr, cal_ml, food_group_id, picture, picture_description) VALUES('dulse', 7, 4, 19, 'https://placekitten.com/418/463', 'Green war human think role whose.');
INSERT INTO ingredient(title, cal_gr, cal_ml, food_group_id, picture, picture_description) VALUES('chicken breast', 7, 6, 4, 'https://picsum.photos/902/445', 'Learn society member.');
INSERT INTO ingredient(title, cal_gr, cal_ml, food_group_id, picture, picture_description) VALUES('za`atar', 4, 5, 16, 'https://placekitten.com/739/1021', 'Idea in national choice.');
INSERT INTO ingredient(title, cal_gr, cal_ml, food_group_id, picture, picture_description) VALUES('mustard', 3, 7, 10, 'https://dummyimage.com/295x354', 'Reality site gun different picture.');
INSERT INTO ingredient(title, cal_gr, cal_ml, food_group_id, picture, picture_description) VALUES('lentils', 3, 2, 8, 'https://dummyimage.com/832x94', 'Word teacher manager view professional room.');
INSERT INTO ingredient(title, cal_gr, cal_ml, food_group_id, picture, picture_description) VALUES('whiting', 2, 4, 5, 'https://picsum.photos/55/574', 'Less like reason these none.');
INSERT INTO ingredient(title, cal_gr, cal_ml, food_group_id, picture, picture_description) VALUES('rabbit', 10, 7, 4, 'https://picsum.photos/216/679', 'When improve data deep.');
INSERT INTO ingredient(title, cal_gr, cal_ml, food_group_id, picture, picture_description) VALUES('gluten', 5, 2, 19, 'https://picsum.photos/226/218', 'Worry begin class.');
INSERT INTO ingredient(title, cal_gr, cal_ml, food_group_id, picture, picture_description) VALUES('lamb', 2, 5, 14, 'https://dummyimage.com/440x451', 'Head individual big on.');
INSERT INTO ingredient(title, cal_gr, cal_ml, food_group_id, picture, picture_description) VALUES('sugar', 8, 9, 5, 'https://dummyimage.com/481x116', 'Run sort group question.');
INSERT INTO ingredient(title, cal_gr, cal_ml, food_group_id, picture, picture_description) VALUES('wheat germ', 4, 6, 14, 'https://picsum.photos/60/925', 'Writer build body civil task current.');
INSERT INTO ingredient(title, cal_gr, cal_ml, food_group_id, picture, picture_description) VALUES('cabbage', 4, 7, 6, 'https://picsum.photos/847/686', 'Manage western everyone art nature material.');
INSERT INTO ingredient(title, cal_gr, cal_ml, food_group_id, picture, picture_description) VALUES('curry powder', 3, 9, 20, 'https://picsum.photos/577/660', 'Practice play one world rich.');
INSERT INTO ingredient(title, cal_gr, cal_ml, food_group_id, picture, picture_description) VALUES('tarragon', 4, 5, 10, 'https://dummyimage.com/257x51', 'Industry them process.');
INSERT INTO ingredient(title, cal_gr, cal_ml, food_group_id, picture, picture_description) VALUES('black beans', 5, 8, 9, 'https://dummyimage.com/195x107', 'Rate family plant.');
INSERT INTO ingredient(title, cal_gr, cal_ml, food_group_id, picture, picture_description) VALUES('sorghum syrup', 8, 3, 9, 'https://picsum.photos/209/253', 'Create performance box light feeling fact edge.');
INSERT INTO ingredient(title, cal_gr, cal_ml, food_group_id, picture, picture_description) VALUES('perch', 3, 9, 7, 'https://placekitten.com/206/833', 'It Congress production.');
INSERT INTO ingredient(title, cal_gr, cal_ml, food_group_id, picture, picture_description) VALUES('clam', 9, 4, 7, 'https://dummyimage.com/957x31', 'Among feel director a method want notice.');
INSERT INTO ingredient(title, cal_gr, cal_ml, food_group_id, picture, picture_description) VALUES('sriracha', 10, 10, 11, 'https://picsum.photos/433/940', 'When born may raise toward.');
INSERT INTO ingredient(title, cal_gr, cal_ml, food_group_id, picture, picture_description) VALUES('vinegar', 1, 1, 19, 'https://dummyimage.com/691x313', 'Size recently charge personal consider.');
INSERT INTO ingredient(title, cal_gr, cal_ml, food_group_id, picture, picture_description) VALUES('corn', 10, 9, 4, 'https://placekitten.com/371/963', 'Dream forward himself computer part act tell name.');
INSERT INTO ingredient(title, cal_gr, cal_ml, food_group_id, picture, picture_description) VALUES('kaffir lime leaves', 8, 8, 6, 'https://dummyimage.com/588x697', 'Idea history officer anything he.');
INSERT INTO ingredient(title, cal_gr, cal_ml, food_group_id, picture, picture_description) VALUES('zucchini', 6, 8, 20, 'https://dummyimage.com/500x340', 'Table number relationship.');
INSERT INTO ingredient(title, cal_gr, cal_ml, food_group_id, picture, picture_description) VALUES('snapper', 10, 2, 10, 'https://placekitten.com/59/736', 'Along question assume successful brother.');
INSERT INTO ingredient(title, cal_gr, cal_ml, food_group_id, picture, picture_description) VALUES('parsnips', 9, 3, 17, 'https://dummyimage.com/0x270', 'Glass force watch particularly feel best perform.');
INSERT INTO ingredient(title, cal_gr, cal_ml, food_group_id, picture, picture_description) VALUES('apricot jam', 7, 7, 14, 'https://picsum.photos/327/780', 'Relate huge pretty article national station.');
INSERT INTO ingredient(title, cal_gr, cal_ml, food_group_id, picture, picture_description) VALUES('asparagus', 8, 10, 12, 'https://picsum.photos/798/854', 'Energy including yes son into fast go clear.');
INSERT INTO ingredient(title, cal_gr, cal_ml, food_group_id, picture, picture_description) VALUES('gelatin', 6, 6, 15, 'https://picsum.photos/723/707', 'Yourself kid car however Mrs heart position.');
INSERT INTO ingredient(title, cal_gr, cal_ml, food_group_id, picture, picture_description) VALUES('tandoori masala', 5, 10, 12, 'https://dummyimage.com/487x797', 'Political PM enjoy but white end sense.');
INSERT INTO ingredient(title, cal_gr, cal_ml, food_group_id, picture, picture_description) VALUES('chicken broth', 10, 9, 1, 'https://dummyimage.com/350x266', 'Body laugh wall official boy east.');
INSERT INTO ingredient(title, cal_gr, cal_ml, food_group_id, picture, picture_description) VALUES('raspberries', 8, 3, 19, 'https://placekitten.com/953/846', 'Skill rate spring card.');
INSERT INTO ingredient(title, cal_gr, cal_ml, food_group_id, picture, picture_description) VALUES('grape jelly', 5, 8, 1, 'https://placekitten.com/120/527', 'Social when become black dinner example.');
INSERT INTO ingredient(title, cal_gr, cal_ml, food_group_id, picture, picture_description) VALUES('kombu', 6, 9, 17, 'https://dummyimage.com/902x398', 'Significant wife choose establish.');
INSERT INTO ingredient(title, cal_gr, cal_ml, food_group_id, picture, picture_description) VALUES('jelly', 3, 7, 18, 'https://placekitten.com/438/972', 'Window cut hundred place which cause.');
INSERT INTO ingredient(title, cal_gr, cal_ml, food_group_id, picture, picture_description) VALUES('chili flakes', 6, 3, 5, 'https://dummyimage.com/910x833', 'Not medical check.');
INSERT INTO ingredient(title, cal_gr, cal_ml, food_group_id, picture, picture_description) VALUES('salt', 10, 6, 3, 'https://dummyimage.com/19x450', 'Common father page card simply station.');
INSERT INTO ingredient(title, cal_gr, cal_ml, food_group_id, picture, picture_description) VALUES('duck', 9, 10, 14, 'https://picsum.photos/333/230', 'Unit together shake we though society feel wall.');
INSERT INTO ingredient(title, cal_gr, cal_ml, food_group_id, picture, picture_description) VALUES('blackberry jam', 4, 3, 10, 'https://dummyimage.com/545x486', 'Believe both time pull less down recently nor.');
INSERT INTO ingredient(title, cal_gr, cal_ml, food_group_id, picture, picture_description) VALUES('lotus root', 10, 5, 17, 'https://dummyimage.com/61x287', 'Early soon lose type consider turn.');
INSERT INTO ingredient(title, cal_gr, cal_ml, food_group_id, picture, picture_description) VALUES('lemons', 7, 1, 3, 'https://dummyimage.com/849x472', 'Get type computer wear Democrat.');
INSERT INTO ingredient(title, cal_gr, cal_ml, food_group_id, picture, picture_description) VALUES('flavored honey', 4, 9, 14, 'https://placekitten.com/915/739', 'Speak across color interesting close coach much movie.');
INSERT INTO ingredient(title, cal_gr, cal_ml, food_group_id, picture, picture_description) VALUES('mustard seeds', 8, 5, 4, 'https://placekitten.com/1001/145', 'Development section pick turn.');
INSERT INTO ingredient(title, cal_gr, cal_ml, food_group_id, picture, picture_description) VALUES('bay leaves', 4, 7, 16, 'https://picsum.photos/151/652', 'Difference foot detail child TV former success.');
INSERT INTO ingredient(title, cal_gr, cal_ml, food_group_id, picture, picture_description) VALUES('chickpea flour', 5, 8, 12, 'https://picsum.photos/460/194', 'Perform win beautiful individual may large half yeah.');

INSERT INTO recipe(baking, cuisine_id, difficulty, title, recipe_description, prep_time, cook_time, portions, fat_portion, protein_portion, carbo_portion, picture, picture_description) VALUES(0, 34, 1,'Greek Salad', 'Which in son career maintain. Though civil television radio very environmental. Military personal green bank kitchen approach.', 105, 90, 3, 40, 5,25, 'https://dummyimage.com/127x743', 'Nature politics poor girl pressure must.');
INSERT INTO recipe_meal_type(recipe_id, meal_type_id) VALUES (1, 5);
INSERT INTO recipe_tag(recipe_id, tag_id) VALUES (1, 16);
INSERT INTO recipe_tag(recipe_id, tag_id) VALUES (1, 56);
INSERT INTO recipe_tag(recipe_id, tag_id) VALUES (1, 62);
INSERT INTO recipe_tag(recipe_id, tag_id) VALUES (1, 70);
INSERT INTO recipe_tag(recipe_id, tag_id) VALUES (1, 5);
INSERT INTO recipe_tag(recipe_id, tag_id) VALUES (1, 66);
INSERT INTO recipe_tag(recipe_id, tag_id) VALUES (1, 18);
INSERT INTO recipe_tag(recipe_id, tag_id) VALUES (1, 61);
INSERT INTO recipe_equipment(recipe_id, equipment_id, num) VALUES (1, 14, 4);
INSERT INTO recipe_equipment(recipe_id, equipment_id, num) VALUES (1, 19, 3);
INSERT INTO recipe_equipment(recipe_id, equipment_id, num) VALUES (1, 13, 4);
INSERT INTO recipe_equipment(recipe_id, equipment_id, num) VALUES (1, 8, 4);
INSERT INTO recipe_equipment(recipe_id, equipment_id, num) VALUES (1, 17, 2);
INSERT INTO recipe_equipment(recipe_id, equipment_id, num) VALUES (1, 15, 3);
INSERT INTO recipe_cook(recipe_id, cook_id) VALUES (1, 187);
INSERT INTO recipe_cook(recipe_id, cook_id) VALUES (1, 143);
INSERT INTO recipe_cook(recipe_id, cook_id) VALUES (1, 120);
INSERT INTO recipe_cook(recipe_id, cook_id) VALUES (1, 77);
INSERT INTO recipe_cook(recipe_id, cook_id) VALUES (1, 200);
INSERT INTO recipe_cook(recipe_id, cook_id) VALUES (1, 156);
INSERT INTO recipe_cook(recipe_id, cook_id) VALUES (1, 196);
INSERT INTO recipe_cook(recipe_id, cook_id) VALUES (1, 174);
INSERT INTO recipe_cook(recipe_id, cook_id) VALUES (1, 105);
INSERT INTO recipe_cook(recipe_id, cook_id) VALUES (1, 194);
INSERT INTO recipe_cook(recipe_id, cook_id) VALUES (1, 68);
INSERT INTO recipe_cook(recipe_id, cook_id) VALUES (1, 147);
INSERT INTO recipe_cook(recipe_id, cook_id) VALUES (1, 173);
INSERT INTO recipe_cook(recipe_id, cook_id) VALUES (1, 150);
INSERT INTO recipe_cook(recipe_id, cook_id) VALUES (1, 132);
INSERT INTO recipe_cook(recipe_id, cook_id) VALUES (1, 32);
INSERT INTO recipe_cook(recipe_id, cook_id) VALUES (1, 178);
INSERT INTO recipe_cook(recipe_id, cook_id) VALUES (1, 104);
INSERT INTO recipe_cook(recipe_id, cook_id) VALUES (1, 100);
INSERT INTO recipe_cook(recipe_id, cook_id) VALUES (1, 88);
INSERT INTO recipe_cook(recipe_id, cook_id) VALUES (1, 161);
INSERT INTO recipe_cook(recipe_id, cook_id) VALUES (1, 9);
INSERT INTO recipe_cook(recipe_id, cook_id) VALUES (1, 53);
INSERT INTO recipe_cook(recipe_id, cook_id) VALUES (1, 21);
INSERT INTO recipe_cook(recipe_id, cook_id) VALUES (1, 3);
INSERT INTO recipe_cook(recipe_id, cook_id) VALUES (1, 67);
INSERT INTO recipe_cook(recipe_id, cook_id) VALUES (1, 23);
INSERT INTO recipe_cook(recipe_id, cook_id) VALUES (1, 43);
INSERT INTO recipe_cook(recipe_id, cook_id) VALUES (1, 186);
INSERT INTO recipe_cook(recipe_id, cook_id) VALUES (1, 59);
INSERT INTO recipe_cook(recipe_id, cook_id) VALUES (1, 131);
INSERT INTO recipe_cook(recipe_id, cook_id) VALUES (1, 27);
INSERT INTO recipe_cook(recipe_id, cook_id) VALUES (1, 11);
INSERT INTO recipe_cook(recipe_id, cook_id) VALUES (1, 124);
INSERT INTO recipe_cook(recipe_id, cook_id) VALUES (1, 158);
INSERT INTO recipe_cook(recipe_id, cook_id) VALUES (1, 171);
INSERT INTO recipe_cook(recipe_id, cook_id) VALUES (1, 142);
INSERT INTO recipe_cook(recipe_id, cook_id) VALUES (1, 72);
INSERT INTO recipe_cook(recipe_id, cook_id) VALUES (1, 141);
INSERT INTO recipe_cook(recipe_id, cook_id) VALUES (1, 6);
INSERT INTO recipe_cook(recipe_id, cook_id) VALUES (1, 70);
INSERT INTO recipe_cook(recipe_id, cook_id) VALUES (1, 2);
INSERT INTO recipe_cook(recipe_id, cook_id) VALUES (1, 109);
INSERT INTO recipe_cook(recipe_id, cook_id) VALUES (1, 93);
INSERT INTO recipe_cook(recipe_id, cook_id) VALUES (1, 146);
INSERT INTO recipe_cook(recipe_id, cook_id) VALUES (1, 49);
INSERT INTO recipe_cook(recipe_id, cook_id) VALUES (1, 170);
INSERT INTO recipe_cook(recipe_id, cook_id) VALUES (1, 176);
INSERT INTO recipe_cook(recipe_id, cook_id) VALUES (1, 87);
INSERT INTO recipe_cook(recipe_id, cook_id) VALUES (1, 154);
INSERT INTO recipe_cook(recipe_id, cook_id) VALUES (1, 81);
INSERT INTO recipe_cook(recipe_id, cook_id) VALUES (1, 12);
INSERT INTO recipe_cook(recipe_id, cook_id) VALUES (1, 8);
INSERT INTO recipe_cook(recipe_id, cook_id) VALUES (1, 89);
INSERT INTO recipe_cook(recipe_id, cook_id) VALUES (1, 107);
INSERT INTO recipe_cook(recipe_id, cook_id) VALUES (1, 117);
INSERT INTO recipe_cook(recipe_id, cook_id) VALUES (1, 127);
INSERT INTO recipe_cook(recipe_id, cook_id) VALUES (1, 180);
INSERT INTO recipe_cook(recipe_id, cook_id) VALUES (1, 118);
INSERT INTO recipe_theme(recipe_id, theme_id) VALUES (1, 34);
INSERT INTO recipe_theme(recipe_id, theme_id) VALUES (1, 17);
INSERT INTO recipe_tip(recipe_id, tip_id) VALUES (1, 10);
INSERT INTO recipe_tip(recipe_id, tip_id) VALUES (1, 2);

INSERT INTO recipe(baking, cuisine_id, difficulty, title, recipe_description, prep_time, cook_time, portions, fat_portion, protein_portion, carbo_portion, picture, picture_description) VALUES(1, 40, 5,'Chicken Pad Thai', 'New play because nature. Send rather son need instead decision impact serve. Business expect away draw sport whose. Show large its movement. Second turn popular relationship your.', 105, 20, 5, 45, 0,55, 'https://picsum.photos/415/129', 'Full describe appear able talk.');
INSERT INTO recipe_meal_type(recipe_id, meal_type_id) VALUES (2, 2);
INSERT INTO recipe_tag(recipe_id, tag_id) VALUES (2, 8);
INSERT INTO recipe_tag(recipe_id, tag_id) VALUES (2, 34);
INSERT INTO recipe_tag(recipe_id, tag_id) VALUES (2, 68);
INSERT INTO recipe_tag(recipe_id, tag_id) VALUES (2, 39);
INSERT INTO recipe_equipment(recipe_id, equipment_id, num) VALUES (2, 4, 4);
INSERT INTO recipe_equipment(recipe_id, equipment_id, num) VALUES (2, 9, 3);
INSERT INTO recipe_equipment(recipe_id, equipment_id, num) VALUES (2, 6, 4);
INSERT INTO recipe_equipment(recipe_id, equipment_id, num) VALUES (2, 1, 4);
INSERT INTO recipe_cook(recipe_id, cook_id) VALUES (2, 13);
INSERT INTO recipe_cook(recipe_id, cook_id) VALUES (2, 198);
INSERT INTO recipe_cook(recipe_id, cook_id) VALUES (2, 135);
INSERT INTO recipe_cook(recipe_id, cook_id) VALUES (2, 149);
INSERT INTO recipe_cook(recipe_id, cook_id) VALUES (2, 18);
INSERT INTO recipe_cook(recipe_id, cook_id) VALUES (2, 35);
INSERT INTO recipe_cook(recipe_id, cook_id) VALUES (2, 65);
INSERT INTO recipe_cook(recipe_id, cook_id) VALUES (2, 98);
INSERT INTO recipe_cook(recipe_id, cook_id) VALUES (2, 6);
INSERT INTO recipe_cook(recipe_id, cook_id) VALUES (2, 20);
INSERT INTO recipe_cook(recipe_id, cook_id) VALUES (2, 106);
INSERT INTO recipe_cook(recipe_id, cook_id) VALUES (2, 94);
INSERT INTO recipe_cook(recipe_id, cook_id) VALUES (2, 183);
INSERT INTO recipe_cook(recipe_id, cook_id) VALUES (2, 172);
INSERT INTO recipe_cook(recipe_id, cook_id) VALUES (2, 197);
INSERT INTO recipe_cook(recipe_id, cook_id) VALUES (2, 152);
INSERT INTO recipe_cook(recipe_id, cook_id) VALUES (2, 168);
INSERT INTO recipe_cook(recipe_id, cook_id) VALUES (2, 194);
INSERT INTO recipe_cook(recipe_id, cook_id) VALUES (2, 25);
INSERT INTO recipe_cook(recipe_id, cook_id) VALUES (2, 131);
INSERT INTO recipe_cook(recipe_id, cook_id) VALUES (2, 57);
INSERT INTO recipe_cook(recipe_id, cook_id) VALUES (2, 188);
INSERT INTO recipe_cook(recipe_id, cook_id) VALUES (2, 154);
INSERT INTO recipe_cook(recipe_id, cook_id) VALUES (2, 136);
INSERT INTO recipe_cook(recipe_id, cook_id) VALUES (2, 119);
INSERT INTO recipe_cook(recipe_id, cook_id) VALUES (2, 167);
INSERT INTO recipe_cook(recipe_id, cook_id) VALUES (2, 162);
INSERT INTO recipe_cook(recipe_id, cook_id) VALUES (2, 132);
INSERT INTO recipe_cook(recipe_id, cook_id) VALUES (2, 19);
INSERT INTO recipe_cook(recipe_id, cook_id) VALUES (2, 129);
INSERT INTO recipe_cook(recipe_id, cook_id) VALUES (2, 159);
INSERT INTO recipe_cook(recipe_id, cook_id) VALUES (2, 109);
INSERT INTO recipe_cook(recipe_id, cook_id) VALUES (2, 189);
INSERT INTO recipe_cook(recipe_id, cook_id) VALUES (2, 143);
INSERT INTO recipe_cook(recipe_id, cook_id) VALUES (2, 145);
INSERT INTO recipe_cook(recipe_id, cook_id) VALUES (2, 44);
INSERT INTO recipe_cook(recipe_id, cook_id) VALUES (2, 83);
INSERT INTO recipe_cook(recipe_id, cook_id) VALUES (2, 100);
INSERT INTO recipe_cook(recipe_id, cook_id) VALUES (2, 14);
INSERT INTO recipe_cook(recipe_id, cook_id) VALUES (2, 128);
INSERT INTO recipe_cook(recipe_id, cook_id) VALUES (2, 10);
INSERT INTO recipe_cook(recipe_id, cook_id) VALUES (2, 137);
INSERT INTO recipe_cook(recipe_id, cook_id) VALUES (2, 111);
INSERT INTO recipe_cook(recipe_id, cook_id) VALUES (2, 170);
INSERT INTO recipe_cook(recipe_id, cook_id) VALUES (2, 76);
INSERT INTO recipe_cook(recipe_id, cook_id) VALUES (2, 29);
INSERT INTO recipe_cook(recipe_id, cook_id) VALUES (2, 3);
INSERT INTO recipe_cook(recipe_id, cook_id) VALUES (2, 92);
INSERT INTO recipe_cook(recipe_id, cook_id) VALUES (2, 166);
INSERT INTO recipe_cook(recipe_id, cook_id) VALUES (2, 26);
INSERT INTO recipe_cook(recipe_id, cook_id) VALUES (2, 153);
INSERT INTO recipe_cook(recipe_id, cook_id) VALUES (2, 80);
INSERT INTO recipe_cook(recipe_id, cook_id) VALUES (2, 67);
INSERT INTO recipe_cook(recipe_id, cook_id) VALUES (2, 174);
INSERT INTO recipe_cook(recipe_id, cook_id) VALUES (2, 75);
INSERT INTO recipe_cook(recipe_id, cook_id) VALUES (2, 59);
INSERT INTO recipe_cook(recipe_id, cook_id) VALUES (2, 144);
INSERT INTO recipe_cook(recipe_id, cook_id) VALUES (2, 88);
INSERT INTO recipe_cook(recipe_id, cook_id) VALUES (2, 142);
INSERT INTO recipe_cook(recipe_id, cook_id) VALUES (2, 77);
INSERT INTO recipe_cook(recipe_id, cook_id) VALUES (2, 108);
INSERT INTO recipe_cook(recipe_id, cook_id) VALUES (2, 23);
INSERT INTO recipe_cook(recipe_id, cook_id) VALUES (2, 103);
INSERT INTO recipe_cook(recipe_id, cook_id) VALUES (2, 71);
INSERT INTO recipe_cook(recipe_id, cook_id) VALUES (2, 89);
INSERT INTO recipe_cook(recipe_id, cook_id) VALUES (2, 151);
INSERT INTO recipe_cook(recipe_id, cook_id) VALUES (2, 66);
INSERT INTO recipe_cook(recipe_id, cook_id) VALUES (2, 21);
INSERT INTO recipe_cook(recipe_id, cook_id) VALUES (2, 127);
INSERT INTO recipe_cook(recipe_id, cook_id) VALUES (2, 28);
INSERT INTO recipe_cook(recipe_id, cook_id) VALUES (2, 133);
INSERT INTO recipe_cook(recipe_id, cook_id) VALUES (2, 2);
INSERT INTO recipe_cook(recipe_id, cook_id) VALUES (2, 175);
INSERT INTO recipe_cook(recipe_id, cook_id) VALUES (2, 60);
INSERT INTO recipe_cook(recipe_id, cook_id) VALUES (2, 107);
INSERT INTO recipe_cook(recipe_id, cook_id) VALUES (2, 86);
INSERT INTO recipe_cook(recipe_id, cook_id) VALUES (2, 102);
INSERT INTO recipe_cook(recipe_id, cook_id) VALUES (2, 5);
INSERT INTO recipe_cook(recipe_id, cook_id) VALUES (2, 9);
INSERT INTO recipe_cook(recipe_id, cook_id) VALUES (2, 179);
INSERT INTO recipe_cook(recipe_id, cook_id) VALUES (2, 58);
INSERT INTO recipe_cook(recipe_id, cook_id) VALUES (2, 193);
INSERT INTO recipe_cook(recipe_id, cook_id) VALUES (2, 1);
INSERT INTO recipe_cook(recipe_id, cook_id) VALUES (2, 157);
INSERT INTO recipe_theme(recipe_id, theme_id) VALUES (2, 13);
INSERT INTO recipe_theme(recipe_id, theme_id) VALUES (2, 22);
INSERT INTO recipe_tip(recipe_id, tip_id) VALUES (2, 5);
INSERT INTO recipe_tip(recipe_id, tip_id) VALUES (2, 9);
INSERT INTO recipe_tip(recipe_id, tip_id) VALUES (2, 31);

INSERT INTO recipe(baking, cuisine_id, difficulty, title, recipe_description, prep_time, cook_time, portions, fat_portion, protein_portion, carbo_portion, picture, picture_description) VALUES(1, 12, 4,'Mozzarella Sticks', 'Herself old quality near season knowledge pick. As enough technology message positive finally. Writer leg have item generation. Window collection time born tell within me today.', 15, 90, 2, 45, 55,15, 'https://dummyimage.com/205x85', 'Address future central lot point tend street.');
INSERT INTO recipe_meal_type(recipe_id, meal_type_id) VALUES (3, 3);
INSERT INTO recipe_tag(recipe_id, tag_id) VALUES (3, 10);
INSERT INTO recipe_tag(recipe_id, tag_id) VALUES (3, 47);
INSERT INTO recipe_tag(recipe_id, tag_id) VALUES (3, 49);
INSERT INTO recipe_tag(recipe_id, tag_id) VALUES (3, 89);
INSERT INTO recipe_equipment(recipe_id, equipment_id, num) VALUES (3, 3, 2);
INSERT INTO recipe_equipment(recipe_id, equipment_id, num) VALUES (3, 10, 3);
INSERT INTO recipe_equipment(recipe_id, equipment_id, num) VALUES (3, 15, 1);
INSERT INTO recipe_cook(recipe_id, cook_id) VALUES (3, 113);
INSERT INTO recipe_cook(recipe_id, cook_id) VALUES (3, 59);
INSERT INTO recipe_cook(recipe_id, cook_id) VALUES (3, 29);
INSERT INTO recipe_cook(recipe_id, cook_id) VALUES (3, 67);
INSERT INTO recipe_cook(recipe_id, cook_id) VALUES (3, 117);
INSERT INTO recipe_cook(recipe_id, cook_id) VALUES (3, 94);
INSERT INTO recipe_cook(recipe_id, cook_id) VALUES (3, 197);
INSERT INTO recipe_cook(recipe_id, cook_id) VALUES (3, 104);
INSERT INTO recipe_cook(recipe_id, cook_id) VALUES (3, 13);
INSERT INTO recipe_cook(recipe_id, cook_id) VALUES (3, 47);
INSERT INTO recipe_cook(recipe_id, cook_id) VALUES (3, 75);
INSERT INTO recipe_cook(recipe_id, cook_id) VALUES (3, 25);
INSERT INTO recipe_cook(recipe_id, cook_id) VALUES (3, 184);
INSERT INTO recipe_cook(recipe_id, cook_id) VALUES (3, 52);
INSERT INTO recipe_cook(recipe_id, cook_id) VALUES (3, 143);
INSERT INTO recipe_cook(recipe_id, cook_id) VALUES (3, 149);
INSERT INTO recipe_cook(recipe_id, cook_id) VALUES (3, 66);
INSERT INTO recipe_cook(recipe_id, cook_id) VALUES (3, 132);
INSERT INTO recipe_cook(recipe_id, cook_id) VALUES (3, 172);
INSERT INTO recipe_cook(recipe_id, cook_id) VALUES (3, 80);
INSERT INTO recipe_cook(recipe_id, cook_id) VALUES (3, 176);
INSERT INTO recipe_cook(recipe_id, cook_id) VALUES (3, 38);
INSERT INTO recipe_cook(recipe_id, cook_id) VALUES (3, 155);
INSERT INTO recipe_cook(recipe_id, cook_id) VALUES (3, 50);
INSERT INTO recipe_cook(recipe_id, cook_id) VALUES (3, 182);
INSERT INTO recipe_cook(recipe_id, cook_id) VALUES (3, 91);
INSERT INTO recipe_cook(recipe_id, cook_id) VALUES (3, 57);
INSERT INTO recipe_cook(recipe_id, cook_id) VALUES (3, 145);
INSERT INTO recipe_cook(recipe_id, cook_id) VALUES (3, 63);
INSERT INTO recipe_cook(recipe_id, cook_id) VALUES (3, 93);
INSERT INTO recipe_cook(recipe_id, cook_id) VALUES (3, 14);
INSERT INTO recipe_cook(recipe_id, cook_id) VALUES (3, 107);
INSERT INTO recipe_cook(recipe_id, cook_id) VALUES (3, 136);
INSERT INTO recipe_cook(recipe_id, cook_id) VALUES (3, 27);
INSERT INTO recipe_cook(recipe_id, cook_id) VALUES (3, 10);
INSERT INTO recipe_cook(recipe_id, cook_id) VALUES (3, 30);
INSERT INTO recipe_cook(recipe_id, cook_id) VALUES (3, 40);
INSERT INTO recipe_cook(recipe_id, cook_id) VALUES (3, 127);
INSERT INTO recipe_cook(recipe_id, cook_id) VALUES (3, 183);
INSERT INTO recipe_cook(recipe_id, cook_id) VALUES (3, 123);
INSERT INTO recipe_cook(recipe_id, cook_id) VALUES (3, 65);
INSERT INTO recipe_cook(recipe_id, cook_id) VALUES (3, 173);
INSERT INTO recipe_cook(recipe_id, cook_id) VALUES (3, 83);
INSERT INTO recipe_cook(recipe_id, cook_id) VALUES (3, 126);
INSERT INTO recipe_cook(recipe_id, cook_id) VALUES (3, 129);
INSERT INTO recipe_cook(recipe_id, cook_id) VALUES (3, 188);
INSERT INTO recipe_cook(recipe_id, cook_id) VALUES (3, 60);
INSERT INTO recipe_cook(recipe_id, cook_id) VALUES (3, 133);
INSERT INTO recipe_cook(recipe_id, cook_id) VALUES (3, 68);
INSERT INTO recipe_cook(recipe_id, cook_id) VALUES (3, 61);
INSERT INTO recipe_cook(recipe_id, cook_id) VALUES (3, 167);
INSERT INTO recipe_cook(recipe_id, cook_id) VALUES (3, 19);
INSERT INTO recipe_cook(recipe_id, cook_id) VALUES (3, 55);
INSERT INTO recipe_cook(recipe_id, cook_id) VALUES (3, 168);
INSERT INTO recipe_cook(recipe_id, cook_id) VALUES (3, 48);
INSERT INTO recipe_cook(recipe_id, cook_id) VALUES (3, 140);
INSERT INTO recipe_cook(recipe_id, cook_id) VALUES (3, 158);
INSERT INTO recipe_cook(recipe_id, cook_id) VALUES (3, 89);
INSERT INTO recipe_cook(recipe_id, cook_id) VALUES (3, 88);
INSERT INTO recipe_cook(recipe_id, cook_id) VALUES (3, 109);
INSERT INTO recipe_cook(recipe_id, cook_id) VALUES (3, 2);
INSERT INTO recipe_cook(recipe_id, cook_id) VALUES (3, 100);
INSERT INTO recipe_cook(recipe_id, cook_id) VALUES (3, 34);
INSERT INTO recipe_cook(recipe_id, cook_id) VALUES (3, 9);
INSERT INTO recipe_cook(recipe_id, cook_id) VALUES (3, 128);
INSERT INTO recipe_cook(recipe_id, cook_id) VALUES (3, 195);
INSERT INTO recipe_cook(recipe_id, cook_id) VALUES (3, 187);
INSERT INTO recipe_cook(recipe_id, cook_id) VALUES (3, 115);
INSERT INTO recipe_cook(recipe_id, cook_id) VALUES (3, 70);
INSERT INTO recipe_cook(recipe_id, cook_id) VALUES (3, 101);
INSERT INTO recipe_cook(recipe_id, cook_id) VALUES (3, 36);
INSERT INTO recipe_cook(recipe_id, cook_id) VALUES (3, 130);
INSERT INTO recipe_cook(recipe_id, cook_id) VALUES (3, 161);
INSERT INTO recipe_cook(recipe_id, cook_id) VALUES (3, 99);
INSERT INTO recipe_cook(recipe_id, cook_id) VALUES (3, 186);
INSERT INTO recipe_cook(recipe_id, cook_id) VALUES (3, 199);
INSERT INTO recipe_cook(recipe_id, cook_id) VALUES (3, 24);
INSERT INTO recipe_cook(recipe_id, cook_id) VALUES (3, 81);
INSERT INTO recipe_cook(recipe_id, cook_id) VALUES (3, 190);
INSERT INTO recipe_cook(recipe_id, cook_id) VALUES (3, 157);
INSERT INTO recipe_cook(recipe_id, cook_id) VALUES (3, 23);
INSERT INTO recipe_cook(recipe_id, cook_id) VALUES (3, 90);
INSERT INTO recipe_cook(recipe_id, cook_id) VALUES (3, 41);
INSERT INTO recipe_cook(recipe_id, cook_id) VALUES (3, 164);
INSERT INTO recipe_cook(recipe_id, cook_id) VALUES (3, 144);
INSERT INTO recipe_cook(recipe_id, cook_id) VALUES (3, 170);
INSERT INTO recipe_cook(recipe_id, cook_id) VALUES (3, 15);
INSERT INTO recipe_cook(recipe_id, cook_id) VALUES (3, 153);
INSERT INTO recipe_cook(recipe_id, cook_id) VALUES (3, 162);
INSERT INTO recipe_cook(recipe_id, cook_id) VALUES (3, 193);
INSERT INTO recipe_cook(recipe_id, cook_id) VALUES (3, 175);
INSERT INTO recipe_cook(recipe_id, cook_id) VALUES (3, 179);
INSERT INTO recipe_cook(recipe_id, cook_id) VALUES (3, 181);
INSERT INTO recipe_cook(recipe_id, cook_id) VALUES (3, 62);
INSERT INTO recipe_cook(recipe_id, cook_id) VALUES (3, 72);
INSERT INTO recipe_cook(recipe_id, cook_id) VALUES (3, 114);
INSERT INTO recipe_cook(recipe_id, cook_id) VALUES (3, 45);
INSERT INTO recipe_cook(recipe_id, cook_id) VALUES (3, 142);
INSERT INTO recipe_cook(recipe_id, cook_id) VALUES (3, 200);
INSERT INTO recipe_cook(recipe_id, cook_id) VALUES (3, 178);
INSERT INTO recipe_cook(recipe_id, cook_id) VALUES (3, 3);
INSERT INTO recipe_cook(recipe_id, cook_id) VALUES (3, 124);
INSERT INTO recipe_cook(recipe_id, cook_id) VALUES (3, 95);
INSERT INTO recipe_cook(recipe_id, cook_id) VALUES (3, 43);
INSERT INTO recipe_cook(recipe_id, cook_id) VALUES (3, 92);
INSERT INTO recipe_cook(recipe_id, cook_id) VALUES (3, 111);
INSERT INTO recipe_cook(recipe_id, cook_id) VALUES (3, 141);
INSERT INTO recipe_cook(recipe_id, cook_id) VALUES (3, 79);
INSERT INTO recipe_cook(recipe_id, cook_id) VALUES (3, 37);
INSERT INTO recipe_cook(recipe_id, cook_id) VALUES (3, 74);
INSERT INTO recipe_cook(recipe_id, cook_id) VALUES (3, 82);
INSERT INTO recipe_cook(recipe_id, cook_id) VALUES (3, 108);
INSERT INTO recipe_cook(recipe_id, cook_id) VALUES (3, 150);
INSERT INTO recipe_cook(recipe_id, cook_id) VALUES (3, 26);
INSERT INTO recipe_cook(recipe_id, cook_id) VALUES (3, 21);
INSERT INTO recipe_cook(recipe_id, cook_id) VALUES (3, 56);
INSERT INTO recipe_cook(recipe_id, cook_id) VALUES (3, 196);
INSERT INTO recipe_cook(recipe_id, cook_id) VALUES (3, 105);
INSERT INTO recipe_cook(recipe_id, cook_id) VALUES (3, 185);
INSERT INTO recipe_cook(recipe_id, cook_id) VALUES (3, 122);
INSERT INTO recipe_cook(recipe_id, cook_id) VALUES (3, 54);
INSERT INTO recipe_cook(recipe_id, cook_id) VALUES (3, 163);
INSERT INTO recipe_cook(recipe_id, cook_id) VALUES (3, 131);
INSERT INTO recipe_cook(recipe_id, cook_id) VALUES (3, 147);
INSERT INTO recipe_cook(recipe_id, cook_id) VALUES (3, 120);
INSERT INTO recipe_cook(recipe_id, cook_id) VALUES (3, 78);
INSERT INTO recipe_cook(recipe_id, cook_id) VALUES (3, 177);
INSERT INTO recipe_cook(recipe_id, cook_id) VALUES (3, 125);
INSERT INTO recipe_cook(recipe_id, cook_id) VALUES (3, 51);
INSERT INTO recipe_cook(recipe_id, cook_id) VALUES (3, 17);
INSERT INTO recipe_cook(recipe_id, cook_id) VALUES (3, 169);
INSERT INTO recipe_cook(recipe_id, cook_id) VALUES (3, 119);
INSERT INTO recipe_cook(recipe_id, cook_id) VALUES (3, 159);
INSERT INTO recipe_cook(recipe_id, cook_id) VALUES (3, 118);
INSERT INTO recipe_cook(recipe_id, cook_id) VALUES (3, 4);
INSERT INTO recipe_cook(recipe_id, cook_id) VALUES (3, 18);
INSERT INTO recipe_cook(recipe_id, cook_id) VALUES (3, 7);
INSERT INTO recipe_cook(recipe_id, cook_id) VALUES (3, 194);
INSERT INTO recipe_cook(recipe_id, cook_id) VALUES (3, 151);
INSERT INTO recipe_cook(recipe_id, cook_id) VALUES (3, 171);
INSERT INTO recipe_cook(recipe_id, cook_id) VALUES (3, 102);
INSERT INTO recipe_cook(recipe_id, cook_id) VALUES (3, 20);
INSERT INTO recipe_cook(recipe_id, cook_id) VALUES (3, 110);
INSERT INTO recipe_cook(recipe_id, cook_id) VALUES (3, 148);
INSERT INTO recipe_cook(recipe_id, cook_id) VALUES (3, 87);
INSERT INTO recipe_cook(recipe_id, cook_id) VALUES (3, 146);
INSERT INTO recipe_cook(recipe_id, cook_id) VALUES (3, 106);
INSERT INTO recipe_cook(recipe_id, cook_id) VALUES (3, 198);
INSERT INTO recipe_cook(recipe_id, cook_id) VALUES (3, 11);
INSERT INTO recipe_cook(recipe_id, cook_id) VALUES (3, 71);
INSERT INTO recipe_cook(recipe_id, cook_id) VALUES (3, 73);
INSERT INTO recipe_cook(recipe_id, cook_id) VALUES (3, 33);
INSERT INTO recipe_cook(recipe_id, cook_id) VALUES (3, 5);
INSERT INTO recipe_cook(recipe_id, cook_id) VALUES (3, 42);
INSERT INTO recipe_cook(recipe_id, cook_id) VALUES (3, 96);
INSERT INTO recipe_cook(recipe_id, cook_id) VALUES (3, 69);
INSERT INTO recipe_cook(recipe_id, cook_id) VALUES (3, 97);
INSERT INTO recipe_cook(recipe_id, cook_id) VALUES (3, 64);
INSERT INTO recipe_cook(recipe_id, cook_id) VALUES (3, 1);
INSERT INTO recipe_cook(recipe_id, cook_id) VALUES (3, 58);
INSERT INTO recipe_cook(recipe_id, cook_id) VALUES (3, 134);
INSERT INTO recipe_cook(recipe_id, cook_id) VALUES (3, 44);
INSERT INTO recipe_theme(recipe_id, theme_id) VALUES (3, 35);
INSERT INTO recipe_theme(recipe_id, theme_id) VALUES (3, 37);
INSERT INTO recipe_tip(recipe_id, tip_id) VALUES (3, 8);
INSERT INTO recipe_tip(recipe_id, tip_id) VALUES (3, 32);
INSERT INTO recipe_tip(recipe_id, tip_id) VALUES (3, 25);

INSERT INTO recipe(baking, cuisine_id, difficulty, title, recipe_description, prep_time, cook_time, portions, fat_portion, protein_portion, carbo_portion, picture, picture_description) VALUES(1, 18, 5,'Cheesecake', 'If product claim remember expert end go miss. Remember speech military much or job.', 35, 70, 2, 0, 25,15, 'https://placekitten.com/11/803', 'Foot authority fear individual military.');
INSERT INTO recipe_meal_type(recipe_id, meal_type_id) VALUES (4, 2);
INSERT INTO recipe_tag(recipe_id, tag_id) VALUES (4, 83);
INSERT INTO recipe_tag(recipe_id, tag_id) VALUES (4, 25);
INSERT INTO recipe_tag(recipe_id, tag_id) VALUES (4, 100);
INSERT INTO recipe_tag(recipe_id, tag_id) VALUES (4, 64);
INSERT INTO recipe_equipment(recipe_id, equipment_id, num) VALUES (4, 12, 4);
INSERT INTO recipe_equipment(recipe_id, equipment_id, num) VALUES (4, 5, 4);
INSERT INTO recipe_equipment(recipe_id, equipment_id, num) VALUES (4, 2, 3);
INSERT INTO recipe_equipment(recipe_id, equipment_id, num) VALUES (4, 16, 1);
INSERT INTO recipe_cook(recipe_id, cook_id) VALUES (4, 135);
INSERT INTO recipe_cook(recipe_id, cook_id) VALUES (4, 156);
INSERT INTO recipe_cook(recipe_id, cook_id) VALUES (4, 66);
INSERT INTO recipe_cook(recipe_id, cook_id) VALUES (4, 154);
INSERT INTO recipe_cook(recipe_id, cook_id) VALUES (4, 188);
INSERT INTO recipe_cook(recipe_id, cook_id) VALUES (4, 32);
INSERT INTO recipe_cook(recipe_id, cook_id) VALUES (4, 58);
INSERT INTO recipe_cook(recipe_id, cook_id) VALUES (4, 99);
INSERT INTO recipe_cook(recipe_id, cook_id) VALUES (4, 42);
INSERT INTO recipe_cook(recipe_id, cook_id) VALUES (4, 31);
INSERT INTO recipe_cook(recipe_id, cook_id) VALUES (4, 14);
INSERT INTO recipe_cook(recipe_id, cook_id) VALUES (4, 138);
INSERT INTO recipe_cook(recipe_id, cook_id) VALUES (4, 192);
INSERT INTO recipe_cook(recipe_id, cook_id) VALUES (4, 63);
INSERT INTO recipe_cook(recipe_id, cook_id) VALUES (4, 128);
INSERT INTO recipe_cook(recipe_id, cook_id) VALUES (4, 33);
INSERT INTO recipe_cook(recipe_id, cook_id) VALUES (4, 176);
INSERT INTO recipe_cook(recipe_id, cook_id) VALUES (4, 13);
INSERT INTO recipe_cook(recipe_id, cook_id) VALUES (4, 23);
INSERT INTO recipe_cook(recipe_id, cook_id) VALUES (4, 119);
INSERT INTO recipe_cook(recipe_id, cook_id) VALUES (4, 51);
INSERT INTO recipe_cook(recipe_id, cook_id) VALUES (4, 117);
INSERT INTO recipe_cook(recipe_id, cook_id) VALUES (4, 139);
INSERT INTO recipe_cook(recipe_id, cook_id) VALUES (4, 48);
INSERT INTO recipe_cook(recipe_id, cook_id) VALUES (4, 98);
INSERT INTO recipe_cook(recipe_id, cook_id) VALUES (4, 29);
INSERT INTO recipe_cook(recipe_id, cook_id) VALUES (4, 177);
INSERT INTO recipe_cook(recipe_id, cook_id) VALUES (4, 37);
INSERT INTO recipe_cook(recipe_id, cook_id) VALUES (4, 90);
INSERT INTO recipe_cook(recipe_id, cook_id) VALUES (4, 86);
INSERT INTO recipe_cook(recipe_id, cook_id) VALUES (4, 53);
INSERT INTO recipe_cook(recipe_id, cook_id) VALUES (4, 6);
INSERT INTO recipe_cook(recipe_id, cook_id) VALUES (4, 166);
INSERT INTO recipe_cook(recipe_id, cook_id) VALUES (4, 18);
INSERT INTO recipe_cook(recipe_id, cook_id) VALUES (4, 137);
INSERT INTO recipe_cook(recipe_id, cook_id) VALUES (4, 45);
INSERT INTO recipe_cook(recipe_id, cook_id) VALUES (4, 91);
INSERT INTO recipe_cook(recipe_id, cook_id) VALUES (4, 96);
INSERT INTO recipe_cook(recipe_id, cook_id) VALUES (4, 105);
INSERT INTO recipe_cook(recipe_id, cook_id) VALUES (4, 198);
INSERT INTO recipe_cook(recipe_id, cook_id) VALUES (4, 196);
INSERT INTO recipe_cook(recipe_id, cook_id) VALUES (4, 39);
INSERT INTO recipe_cook(recipe_id, cook_id) VALUES (4, 8);
INSERT INTO recipe_cook(recipe_id, cook_id) VALUES (4, 57);
INSERT INTO recipe_cook(recipe_id, cook_id) VALUES (4, 59);
INSERT INTO recipe_cook(recipe_id, cook_id) VALUES (4, 114);
INSERT INTO recipe_cook(recipe_id, cook_id) VALUES (4, 40);
INSERT INTO recipe_cook(recipe_id, cook_id) VALUES (4, 72);
INSERT INTO recipe_cook(recipe_id, cook_id) VALUES (4, 182);
INSERT INTO recipe_cook(recipe_id, cook_id) VALUES (4, 172);
INSERT INTO recipe_cook(recipe_id, cook_id) VALUES (4, 190);
INSERT INTO recipe_cook(recipe_id, cook_id) VALUES (4, 140);
INSERT INTO recipe_cook(recipe_id, cook_id) VALUES (4, 133);
INSERT INTO recipe_cook(recipe_id, cook_id) VALUES (4, 142);
INSERT INTO recipe_cook(recipe_id, cook_id) VALUES (4, 4);
INSERT INTO recipe_cook(recipe_id, cook_id) VALUES (4, 84);
INSERT INTO recipe_cook(recipe_id, cook_id) VALUES (4, 129);
INSERT INTO recipe_cook(recipe_id, cook_id) VALUES (4, 127);
INSERT INTO recipe_cook(recipe_id, cook_id) VALUES (4, 167);
INSERT INTO recipe_cook(recipe_id, cook_id) VALUES (4, 189);
INSERT INTO recipe_cook(recipe_id, cook_id) VALUES (4, 97);
INSERT INTO recipe_cook(recipe_id, cook_id) VALUES (4, 34);
INSERT INTO recipe_cook(recipe_id, cook_id) VALUES (4, 24);
INSERT INTO recipe_cook(recipe_id, cook_id) VALUES (4, 67);
INSERT INTO recipe_cook(recipe_id, cook_id) VALUES (4, 68);
INSERT INTO recipe_cook(recipe_id, cook_id) VALUES (4, 89);
INSERT INTO recipe_cook(recipe_id, cook_id) VALUES (4, 120);
INSERT INTO recipe_cook(recipe_id, cook_id) VALUES (4, 30);
INSERT INTO recipe_cook(recipe_id, cook_id) VALUES (4, 79);
INSERT INTO recipe_cook(recipe_id, cook_id) VALUES (4, 43);
INSERT INTO recipe_cook(recipe_id, cook_id) VALUES (4, 175);
INSERT INTO recipe_cook(recipe_id, cook_id) VALUES (4, 75);
INSERT INTO recipe_cook(recipe_id, cook_id) VALUES (4, 132);
INSERT INTO recipe_cook(recipe_id, cook_id) VALUES (4, 163);
INSERT INTO recipe_cook(recipe_id, cook_id) VALUES (4, 157);
INSERT INTO recipe_cook(recipe_id, cook_id) VALUES (4, 20);
INSERT INTO recipe_cook(recipe_id, cook_id) VALUES (4, 146);
INSERT INTO recipe_cook(recipe_id, cook_id) VALUES (4, 36);
INSERT INTO recipe_cook(recipe_id, cook_id) VALUES (4, 150);
INSERT INTO recipe_cook(recipe_id, cook_id) VALUES (4, 107);
INSERT INTO recipe_cook(recipe_id, cook_id) VALUES (4, 21);
INSERT INTO recipe_cook(recipe_id, cook_id) VALUES (4, 136);
INSERT INTO recipe_cook(recipe_id, cook_id) VALUES (4, 9);
INSERT INTO recipe_cook(recipe_id, cook_id) VALUES (4, 95);
INSERT INTO recipe_cook(recipe_id, cook_id) VALUES (4, 55);
INSERT INTO recipe_cook(recipe_id, cook_id) VALUES (4, 60);
INSERT INTO recipe_cook(recipe_id, cook_id) VALUES (4, 104);
INSERT INTO recipe_cook(recipe_id, cook_id) VALUES (4, 54);
INSERT INTO recipe_cook(recipe_id, cook_id) VALUES (4, 152);
INSERT INTO recipe_cook(recipe_id, cook_id) VALUES (4, 5);
INSERT INTO recipe_cook(recipe_id, cook_id) VALUES (4, 78);
INSERT INTO recipe_cook(recipe_id, cook_id) VALUES (4, 108);
INSERT INTO recipe_cook(recipe_id, cook_id) VALUES (4, 1);
INSERT INTO recipe_cook(recipe_id, cook_id) VALUES (4, 27);
INSERT INTO recipe_cook(recipe_id, cook_id) VALUES (4, 92);
INSERT INTO recipe_cook(recipe_id, cook_id) VALUES (4, 94);
INSERT INTO recipe_cook(recipe_id, cook_id) VALUES (4, 28);
INSERT INTO recipe_cook(recipe_id, cook_id) VALUES (4, 178);
INSERT INTO recipe_cook(recipe_id, cook_id) VALUES (4, 81);
INSERT INTO recipe_cook(recipe_id, cook_id) VALUES (4, 52);
INSERT INTO recipe_cook(recipe_id, cook_id) VALUES (4, 88);
INSERT INTO recipe_cook(recipe_id, cook_id) VALUES (4, 173);
INSERT INTO recipe_cook(recipe_id, cook_id) VALUES (4, 181);
INSERT INTO recipe_cook(recipe_id, cook_id) VALUES (4, 49);
INSERT INTO recipe_cook(recipe_id, cook_id) VALUES (4, 103);
INSERT INTO recipe_cook(recipe_id, cook_id) VALUES (4, 186);
INSERT INTO recipe_cook(recipe_id, cook_id) VALUES (4, 153);
INSERT INTO recipe_cook(recipe_id, cook_id) VALUES (4, 7);
INSERT INTO recipe_cook(recipe_id, cook_id) VALUES (4, 112);
INSERT INTO recipe_cook(recipe_id, cook_id) VALUES (4, 3);
INSERT INTO recipe_cook(recipe_id, cook_id) VALUES (4, 144);
INSERT INTO recipe_cook(recipe_id, cook_id) VALUES (4, 169);
INSERT INTO recipe_cook(recipe_id, cook_id) VALUES (4, 70);
INSERT INTO recipe_cook(recipe_id, cook_id) VALUES (4, 197);
INSERT INTO recipe_cook(recipe_id, cook_id) VALUES (4, 145);
INSERT INTO recipe_cook(recipe_id, cook_id) VALUES (4, 74);
INSERT INTO recipe_cook(recipe_id, cook_id) VALUES (4, 62);
INSERT INTO recipe_cook(recipe_id, cook_id) VALUES (4, 11);
INSERT INTO recipe_cook(recipe_id, cook_id) VALUES (4, 19);
INSERT INTO recipe_cook(recipe_id, cook_id) VALUES (4, 162);
INSERT INTO recipe_cook(recipe_id, cook_id) VALUES (4, 17);
INSERT INTO recipe_cook(recipe_id, cook_id) VALUES (4, 118);
INSERT INTO recipe_cook(recipe_id, cook_id) VALUES (4, 161);
INSERT INTO recipe_cook(recipe_id, cook_id) VALUES (4, 131);
INSERT INTO recipe_cook(recipe_id, cook_id) VALUES (4, 174);
INSERT INTO recipe_cook(recipe_id, cook_id) VALUES (4, 185);
INSERT INTO recipe_cook(recipe_id, cook_id) VALUES (4, 77);
INSERT INTO recipe_cook(recipe_id, cook_id) VALUES (4, 73);
INSERT INTO recipe_cook(recipe_id, cook_id) VALUES (4, 123);
INSERT INTO recipe_cook(recipe_id, cook_id) VALUES (4, 180);
INSERT INTO recipe_cook(recipe_id, cook_id) VALUES (4, 50);
INSERT INTO recipe_cook(recipe_id, cook_id) VALUES (4, 15);
INSERT INTO recipe_cook(recipe_id, cook_id) VALUES (4, 193);
INSERT INTO recipe_cook(recipe_id, cook_id) VALUES (4, 155);
INSERT INTO recipe_cook(recipe_id, cook_id) VALUES (4, 116);
INSERT INTO recipe_cook(recipe_id, cook_id) VALUES (4, 38);
INSERT INTO recipe_cook(recipe_id, cook_id) VALUES (4, 44);
INSERT INTO recipe_cook(recipe_id, cook_id) VALUES (4, 65);
INSERT INTO recipe_cook(recipe_id, cook_id) VALUES (4, 41);
INSERT INTO recipe_cook(recipe_id, cook_id) VALUES (4, 16);
INSERT INTO recipe_cook(recipe_id, cook_id) VALUES (4, 199);
INSERT INTO recipe_cook(recipe_id, cook_id) VALUES (4, 141);
INSERT INTO recipe_cook(recipe_id, cook_id) VALUES (4, 101);
INSERT INTO recipe_cook(recipe_id, cook_id) VALUES (4, 165);
INSERT INTO recipe_cook(recipe_id, cook_id) VALUES (4, 143);
INSERT INTO recipe_cook(recipe_id, cook_id) VALUES (4, 191);
INSERT INTO recipe_cook(recipe_id, cook_id) VALUES (4, 10);
INSERT INTO recipe_cook(recipe_id, cook_id) VALUES (4, 26);
INSERT INTO recipe_cook(recipe_id, cook_id) VALUES (4, 124);
INSERT INTO recipe_cook(recipe_id, cook_id) VALUES (4, 12);
INSERT INTO recipe_cook(recipe_id, cook_id) VALUES (4, 111);
INSERT INTO recipe_cook(recipe_id, cook_id) VALUES (4, 85);
INSERT INTO recipe_cook(recipe_id, cook_id) VALUES (4, 179);
INSERT INTO recipe_cook(recipe_id, cook_id) VALUES (4, 126);
INSERT INTO recipe_cook(recipe_id, cook_id) VALUES (4, 87);
INSERT INTO recipe_cook(recipe_id, cook_id) VALUES (4, 76);
INSERT INTO recipe_cook(recipe_id, cook_id) VALUES (4, 100);
INSERT INTO recipe_cook(recipe_id, cook_id) VALUES (4, 187);
INSERT INTO recipe_cook(recipe_id, cook_id) VALUES (4, 56);
INSERT INTO recipe_cook(recipe_id, cook_id) VALUES (4, 109);
INSERT INTO recipe_cook(recipe_id, cook_id) VALUES (4, 164);
INSERT INTO recipe_cook(recipe_id, cook_id) VALUES (4, 171);
INSERT INTO recipe_cook(recipe_id, cook_id) VALUES (4, 121);
INSERT INTO recipe_cook(recipe_id, cook_id) VALUES (4, 106);
INSERT INTO recipe_cook(recipe_id, cook_id) VALUES (4, 64);
INSERT INTO recipe_cook(recipe_id, cook_id) VALUES (4, 184);
INSERT INTO recipe_cook(recipe_id, cook_id) VALUES (4, 47);
INSERT INTO recipe_cook(recipe_id, cook_id) VALUES (4, 122);
INSERT INTO recipe_cook(recipe_id, cook_id) VALUES (4, 125);
INSERT INTO recipe_cook(recipe_id, cook_id) VALUES (4, 22);
INSERT INTO recipe_cook(recipe_id, cook_id) VALUES (4, 113);
INSERT INTO recipe_cook(recipe_id, cook_id) VALUES (4, 102);
INSERT INTO recipe_cook(recipe_id, cook_id) VALUES (4, 46);
INSERT INTO recipe_cook(recipe_id, cook_id) VALUES (4, 83);
INSERT INTO recipe_cook(recipe_id, cook_id) VALUES (4, 194);
INSERT INTO recipe_cook(recipe_id, cook_id) VALUES (4, 195);
INSERT INTO recipe_cook(recipe_id, cook_id) VALUES (4, 148);
INSERT INTO recipe_cook(recipe_id, cook_id) VALUES (4, 200);
INSERT INTO recipe_cook(recipe_id, cook_id) VALUES (4, 160);
INSERT INTO recipe_cook(recipe_id, cook_id) VALUES (4, 93);
INSERT INTO recipe_theme(recipe_id, theme_id) VALUES (4, 3);
INSERT INTO recipe_tip(recipe_id, tip_id) VALUES (4, 25);
INSERT INTO recipe_tip(recipe_id, tip_id) VALUES (4, 31);

INSERT INTO recipe(baking, cuisine_id, difficulty, title, recipe_description, prep_time, cook_time, portions, fat_portion, protein_portion, carbo_portion, picture, picture_description) VALUES(1, 10, 3,'Empanadas', 'World particular area interview somebody college think. While often for pay.', 115, 20, 1, 45, 15,50, 'https://dummyimage.com/23x319', 'Each model seven live.');
INSERT INTO recipe_meal_type(recipe_id, meal_type_id) VALUES (5, 5);
INSERT INTO recipe_tag(recipe_id, tag_id) VALUES (5, 6);
INSERT INTO recipe_tag(recipe_id, tag_id) VALUES (5, 26);
INSERT INTO recipe_equipment(recipe_id, equipment_id, num) VALUES (5, 12, 2);
INSERT INTO recipe_equipment(recipe_id, equipment_id, num) VALUES (5, 11, 2);
INSERT INTO recipe_equipment(recipe_id, equipment_id, num) VALUES (5, 16, 3);
INSERT INTO recipe_equipment(recipe_id, equipment_id, num) VALUES (5, 6, 2);
INSERT INTO recipe_equipment(recipe_id, equipment_id, num) VALUES (5, 8, 1);
INSERT INTO recipe_equipment(recipe_id, equipment_id, num) VALUES (5, 5, 2);
INSERT INTO recipe_equipment(recipe_id, equipment_id, num) VALUES (5, 4, 4);
INSERT INTO recipe_cook(recipe_id, cook_id) VALUES (5, 66);
INSERT INTO recipe_cook(recipe_id, cook_id) VALUES (5, 171);
INSERT INTO recipe_cook(recipe_id, cook_id) VALUES (5, 77);
INSERT INTO recipe_cook(recipe_id, cook_id) VALUES (5, 185);
INSERT INTO recipe_cook(recipe_id, cook_id) VALUES (5, 50);
INSERT INTO recipe_cook(recipe_id, cook_id) VALUES (5, 70);
INSERT INTO recipe_cook(recipe_id, cook_id) VALUES (5, 131);
INSERT INTO recipe_cook(recipe_id, cook_id) VALUES (5, 72);
INSERT INTO recipe_cook(recipe_id, cook_id) VALUES (5, 197);
INSERT INTO recipe_cook(recipe_id, cook_id) VALUES (5, 112);
INSERT INTO recipe_cook(recipe_id, cook_id) VALUES (5, 65);
INSERT INTO recipe_cook(recipe_id, cook_id) VALUES (5, 88);
INSERT INTO recipe_cook(recipe_id, cook_id) VALUES (5, 190);
INSERT INTO recipe_cook(recipe_id, cook_id) VALUES (5, 187);
INSERT INTO recipe_cook(recipe_id, cook_id) VALUES (5, 41);
INSERT INTO recipe_cook(recipe_id, cook_id) VALUES (5, 181);
INSERT INTO recipe_cook(recipe_id, cook_id) VALUES (5, 170);
INSERT INTO recipe_cook(recipe_id, cook_id) VALUES (5, 135);
INSERT INTO recipe_cook(recipe_id, cook_id) VALUES (5, 13);
INSERT INTO recipe_cook(recipe_id, cook_id) VALUES (5, 119);
INSERT INTO recipe_cook(recipe_id, cook_id) VALUES (5, 189);
INSERT INTO recipe_cook(recipe_id, cook_id) VALUES (5, 49);
INSERT INTO recipe_cook(recipe_id, cook_id) VALUES (5, 71);
INSERT INTO recipe_cook(recipe_id, cook_id) VALUES (5, 102);
INSERT INTO recipe_cook(recipe_id, cook_id) VALUES (5, 176);
INSERT INTO recipe_cook(recipe_id, cook_id) VALUES (5, 143);
INSERT INTO recipe_cook(recipe_id, cook_id) VALUES (5, 52);
INSERT INTO recipe_cook(recipe_id, cook_id) VALUES (5, 148);
INSERT INTO recipe_cook(recipe_id, cook_id) VALUES (5, 188);
INSERT INTO recipe_cook(recipe_id, cook_id) VALUES (5, 182);
INSERT INTO recipe_cook(recipe_id, cook_id) VALUES (5, 108);
INSERT INTO recipe_cook(recipe_id, cook_id) VALUES (5, 93);
INSERT INTO recipe_cook(recipe_id, cook_id) VALUES (5, 145);
INSERT INTO recipe_cook(recipe_id, cook_id) VALUES (5, 109);
INSERT INTO recipe_cook(recipe_id, cook_id) VALUES (5, 200);
INSERT INTO recipe_cook(recipe_id, cook_id) VALUES (5, 183);
INSERT INTO recipe_cook(recipe_id, cook_id) VALUES (5, 142);
INSERT INTO recipe_cook(recipe_id, cook_id) VALUES (5, 179);
INSERT INTO recipe_cook(recipe_id, cook_id) VALUES (5, 110);
INSERT INTO recipe_cook(recipe_id, cook_id) VALUES (5, 57);
INSERT INTO recipe_cook(recipe_id, cook_id) VALUES (5, 98);
INSERT INTO recipe_cook(recipe_id, cook_id) VALUES (5, 194);
INSERT INTO recipe_cook(recipe_id, cook_id) VALUES (5, 82);
INSERT INTO recipe_cook(recipe_id, cook_id) VALUES (5, 125);
INSERT INTO recipe_cook(recipe_id, cook_id) VALUES (5, 10);
INSERT INTO recipe_cook(recipe_id, cook_id) VALUES (5, 139);
INSERT INTO recipe_cook(recipe_id, cook_id) VALUES (5, 62);
INSERT INTO recipe_cook(recipe_id, cook_id) VALUES (5, 184);
INSERT INTO recipe_cook(recipe_id, cook_id) VALUES (5, 28);
INSERT INTO recipe_cook(recipe_id, cook_id) VALUES (5, 159);
INSERT INTO recipe_cook(recipe_id, cook_id) VALUES (5, 18);
INSERT INTO recipe_cook(recipe_id, cook_id) VALUES (5, 127);
INSERT INTO recipe_cook(recipe_id, cook_id) VALUES (5, 21);
INSERT INTO recipe_cook(recipe_id, cook_id) VALUES (5, 186);
INSERT INTO recipe_cook(recipe_id, cook_id) VALUES (5, 53);
INSERT INTO recipe_cook(recipe_id, cook_id) VALUES (5, 8);
INSERT INTO recipe_cook(recipe_id, cook_id) VALUES (5, 136);
INSERT INTO recipe_cook(recipe_id, cook_id) VALUES (5, 79);
INSERT INTO recipe_cook(recipe_id, cook_id) VALUES (5, 68);
INSERT INTO recipe_cook(recipe_id, cook_id) VALUES (5, 86);
INSERT INTO recipe_cook(recipe_id, cook_id) VALUES (5, 23);
INSERT INTO recipe_cook(recipe_id, cook_id) VALUES (5, 4);
INSERT INTO recipe_cook(recipe_id, cook_id) VALUES (5, 54);
INSERT INTO recipe_cook(recipe_id, cook_id) VALUES (5, 154);
INSERT INTO recipe_cook(recipe_id, cook_id) VALUES (5, 15);
INSERT INTO recipe_cook(recipe_id, cook_id) VALUES (5, 157);
INSERT INTO recipe_cook(recipe_id, cook_id) VALUES (5, 26);
INSERT INTO recipe_cook(recipe_id, cook_id) VALUES (5, 83);
INSERT INTO recipe_cook(recipe_id, cook_id) VALUES (5, 180);
INSERT INTO recipe_cook(recipe_id, cook_id) VALUES (5, 130);
INSERT INTO recipe_cook(recipe_id, cook_id) VALUES (5, 169);
INSERT INTO recipe_cook(recipe_id, cook_id) VALUES (5, 69);
INSERT INTO recipe_cook(recipe_id, cook_id) VALUES (5, 115);
INSERT INTO recipe_cook(recipe_id, cook_id) VALUES (5, 158);
INSERT INTO recipe_cook(recipe_id, cook_id) VALUES (5, 20);
INSERT INTO recipe_cook(recipe_id, cook_id) VALUES (5, 43);
INSERT INTO recipe_cook(recipe_id, cook_id) VALUES (5, 17);
INSERT INTO recipe_cook(recipe_id, cook_id) VALUES (5, 29);
INSERT INTO recipe_cook(recipe_id, cook_id) VALUES (5, 174);
INSERT INTO recipe_cook(recipe_id, cook_id) VALUES (5, 9);
INSERT INTO recipe_cook(recipe_id, cook_id) VALUES (5, 90);
INSERT INTO recipe_cook(recipe_id, cook_id) VALUES (5, 121);
INSERT INTO recipe_cook(recipe_id, cook_id) VALUES (5, 78);
INSERT INTO recipe_cook(recipe_id, cook_id) VALUES (5, 111);
INSERT INTO recipe_cook(recipe_id, cook_id) VALUES (5, 74);
INSERT INTO recipe_cook(recipe_id, cook_id) VALUES (5, 117);
INSERT INTO recipe_cook(recipe_id, cook_id) VALUES (5, 59);
INSERT INTO recipe_cook(recipe_id, cook_id) VALUES (5, 48);
INSERT INTO recipe_cook(recipe_id, cook_id) VALUES (5, 113);
INSERT INTO recipe_cook(recipe_id, cook_id) VALUES (5, 123);
INSERT INTO recipe_cook(recipe_id, cook_id) VALUES (5, 141);
INSERT INTO recipe_cook(recipe_id, cook_id) VALUES (5, 22);
INSERT INTO recipe_cook(recipe_id, cook_id) VALUES (5, 30);
INSERT INTO recipe_cook(recipe_id, cook_id) VALUES (5, 94);
INSERT INTO recipe_cook(recipe_id, cook_id) VALUES (5, 122);
INSERT INTO recipe_cook(recipe_id, cook_id) VALUES (5, 129);
INSERT INTO recipe_cook(recipe_id, cook_id) VALUES (5, 155);
INSERT INTO recipe_cook(recipe_id, cook_id) VALUES (5, 32);
INSERT INTO recipe_cook(recipe_id, cook_id) VALUES (5, 46);
INSERT INTO recipe_cook(recipe_id, cook_id) VALUES (5, 134);
INSERT INTO recipe_cook(recipe_id, cook_id) VALUES (5, 146);
INSERT INTO recipe_cook(recipe_id, cook_id) VALUES (5, 58);
INSERT INTO recipe_cook(recipe_id, cook_id) VALUES (5, 107);
INSERT INTO recipe_cook(recipe_id, cook_id) VALUES (5, 97);
INSERT INTO recipe_cook(recipe_id, cook_id) VALUES (5, 193);
INSERT INTO recipe_cook(recipe_id, cook_id) VALUES (5, 163);
INSERT INTO recipe_cook(recipe_id, cook_id) VALUES (5, 160);
INSERT INTO recipe_cook(recipe_id, cook_id) VALUES (5, 144);
INSERT INTO recipe_cook(recipe_id, cook_id) VALUES (5, 150);
INSERT INTO recipe_cook(recipe_id, cook_id) VALUES (5, 47);
INSERT INTO recipe_theme(recipe_id, theme_id) VALUES (5, 10);
INSERT INTO recipe_tip(recipe_id, tip_id) VALUES (5, 26);

INSERT INTO recipe(baking, cuisine_id, difficulty, title, recipe_description, prep_time, cook_time, portions, fat_portion, protein_portion, carbo_portion, picture, picture_description) VALUES(1, 31, 1,'Gazpacho', 'Never blood purpose relate here itself. Newspaper blue action quite perhaps sort. War might open they professional blood event five. Story form sort involve skin.', 15, 50, 1, 15, 40,80, 'https://picsum.photos/841/449', 'Various list instead poor price.');
INSERT INTO recipe_meal_type(recipe_id, meal_type_id) VALUES (6, 2);
INSERT INTO recipe_tag(recipe_id, tag_id) VALUES (6, 7);
INSERT INTO recipe_tag(recipe_id, tag_id) VALUES (6, 77);
INSERT INTO recipe_tag(recipe_id, tag_id) VALUES (6, 95);
INSERT INTO recipe_tag(recipe_id, tag_id) VALUES (6, 26);
INSERT INTO recipe_tag(recipe_id, tag_id) VALUES (6, 25);
INSERT INTO recipe_equipment(recipe_id, equipment_id, num) VALUES (6, 9, 4);
INSERT INTO recipe_equipment(recipe_id, equipment_id, num) VALUES (6, 2, 4);
INSERT INTO recipe_equipment(recipe_id, equipment_id, num) VALUES (6, 19, 4);
INSERT INTO recipe_equipment(recipe_id, equipment_id, num) VALUES (6, 6, 4);
INSERT INTO recipe_cook(recipe_id, cook_id) VALUES (6, 95);
INSERT INTO recipe_cook(recipe_id, cook_id) VALUES (6, 187);
INSERT INTO recipe_cook(recipe_id, cook_id) VALUES (6, 15);
INSERT INTO recipe_cook(recipe_id, cook_id) VALUES (6, 178);
INSERT INTO recipe_cook(recipe_id, cook_id) VALUES (6, 136);
INSERT INTO recipe_cook(recipe_id, cook_id) VALUES (6, 17);
INSERT INTO recipe_cook(recipe_id, cook_id) VALUES (6, 194);
INSERT INTO recipe_cook(recipe_id, cook_id) VALUES (6, 191);
INSERT INTO recipe_cook(recipe_id, cook_id) VALUES (6, 161);
INSERT INTO recipe_cook(recipe_id, cook_id) VALUES (6, 122);
INSERT INTO recipe_cook(recipe_id, cook_id) VALUES (6, 114);
INSERT INTO recipe_cook(recipe_id, cook_id) VALUES (6, 167);
INSERT INTO recipe_cook(recipe_id, cook_id) VALUES (6, 141);
INSERT INTO recipe_cook(recipe_id, cook_id) VALUES (6, 183);
INSERT INTO recipe_cook(recipe_id, cook_id) VALUES (6, 67);
INSERT INTO recipe_cook(recipe_id, cook_id) VALUES (6, 124);
INSERT INTO recipe_cook(recipe_id, cook_id) VALUES (6, 69);
INSERT INTO recipe_cook(recipe_id, cook_id) VALUES (6, 188);
INSERT INTO recipe_cook(recipe_id, cook_id) VALUES (6, 162);
INSERT INTO recipe_cook(recipe_id, cook_id) VALUES (6, 153);
INSERT INTO recipe_cook(recipe_id, cook_id) VALUES (6, 25);
INSERT INTO recipe_cook(recipe_id, cook_id) VALUES (6, 5);
INSERT INTO recipe_cook(recipe_id, cook_id) VALUES (6, 165);
INSERT INTO recipe_cook(recipe_id, cook_id) VALUES (6, 157);
INSERT INTO recipe_cook(recipe_id, cook_id) VALUES (6, 108);
INSERT INTO recipe_cook(recipe_id, cook_id) VALUES (6, 42);
INSERT INTO recipe_cook(recipe_id, cook_id) VALUES (6, 106);
INSERT INTO recipe_cook(recipe_id, cook_id) VALUES (6, 84);
INSERT INTO recipe_cook(recipe_id, cook_id) VALUES (6, 111);
INSERT INTO recipe_cook(recipe_id, cook_id) VALUES (6, 18);
INSERT INTO recipe_cook(recipe_id, cook_id) VALUES (6, 172);
INSERT INTO recipe_cook(recipe_id, cook_id) VALUES (6, 144);
INSERT INTO recipe_cook(recipe_id, cook_id) VALUES (6, 149);
INSERT INTO recipe_cook(recipe_id, cook_id) VALUES (6, 112);
INSERT INTO recipe_cook(recipe_id, cook_id) VALUES (6, 137);
INSERT INTO recipe_cook(recipe_id, cook_id) VALUES (6, 117);
INSERT INTO recipe_cook(recipe_id, cook_id) VALUES (6, 102);
INSERT INTO recipe_cook(recipe_id, cook_id) VALUES (6, 9);
INSERT INTO recipe_cook(recipe_id, cook_id) VALUES (6, 73);
INSERT INTO recipe_cook(recipe_id, cook_id) VALUES (6, 151);
INSERT INTO recipe_cook(recipe_id, cook_id) VALUES (6, 143);
INSERT INTO recipe_cook(recipe_id, cook_id) VALUES (6, 60);
INSERT INTO recipe_cook(recipe_id, cook_id) VALUES (6, 138);
INSERT INTO recipe_cook(recipe_id, cook_id) VALUES (6, 156);
INSERT INTO recipe_cook(recipe_id, cook_id) VALUES (6, 66);
INSERT INTO recipe_cook(recipe_id, cook_id) VALUES (6, 26);
INSERT INTO recipe_cook(recipe_id, cook_id) VALUES (6, 27);
INSERT INTO recipe_cook(recipe_id, cook_id) VALUES (6, 166);
INSERT INTO recipe_cook(recipe_id, cook_id) VALUES (6, 47);
INSERT INTO recipe_cook(recipe_id, cook_id) VALUES (6, 6);
INSERT INTO recipe_cook(recipe_id, cook_id) VALUES (6, 28);
INSERT INTO recipe_cook(recipe_id, cook_id) VALUES (6, 180);
INSERT INTO recipe_cook(recipe_id, cook_id) VALUES (6, 37);
INSERT INTO recipe_cook(recipe_id, cook_id) VALUES (6, 140);
INSERT INTO recipe_cook(recipe_id, cook_id) VALUES (6, 145);
INSERT INTO recipe_cook(recipe_id, cook_id) VALUES (6, 62);
INSERT INTO recipe_cook(recipe_id, cook_id) VALUES (6, 101);
INSERT INTO recipe_cook(recipe_id, cook_id) VALUES (6, 200);
INSERT INTO recipe_cook(recipe_id, cook_id) VALUES (6, 168);
INSERT INTO recipe_cook(recipe_id, cook_id) VALUES (6, 146);
INSERT INTO recipe_cook(recipe_id, cook_id) VALUES (6, 186);
INSERT INTO recipe_cook(recipe_id, cook_id) VALUES (6, 103);
INSERT INTO recipe_cook(recipe_id, cook_id) VALUES (6, 24);
INSERT INTO recipe_cook(recipe_id, cook_id) VALUES (6, 30);
INSERT INTO recipe_cook(recipe_id, cook_id) VALUES (6, 198);
INSERT INTO recipe_cook(recipe_id, cook_id) VALUES (6, 130);
INSERT INTO recipe_cook(recipe_id, cook_id) VALUES (6, 89);
INSERT INTO recipe_cook(recipe_id, cook_id) VALUES (6, 199);
INSERT INTO recipe_cook(recipe_id, cook_id) VALUES (6, 125);
INSERT INTO recipe_cook(recipe_id, cook_id) VALUES (6, 104);
INSERT INTO recipe_cook(recipe_id, cook_id) VALUES (6, 4);
INSERT INTO recipe_cook(recipe_id, cook_id) VALUES (6, 175);
INSERT INTO recipe_cook(recipe_id, cook_id) VALUES (6, 22);
INSERT INTO recipe_cook(recipe_id, cook_id) VALUES (6, 115);
INSERT INTO recipe_cook(recipe_id, cook_id) VALUES (6, 123);
INSERT INTO recipe_cook(recipe_id, cook_id) VALUES (6, 20);
INSERT INTO recipe_cook(recipe_id, cook_id) VALUES (6, 56);
INSERT INTO recipe_cook(recipe_id, cook_id) VALUES (6, 150);
INSERT INTO recipe_cook(recipe_id, cook_id) VALUES (6, 132);
INSERT INTO recipe_cook(recipe_id, cook_id) VALUES (6, 64);
INSERT INTO recipe_cook(recipe_id, cook_id) VALUES (6, 53);
INSERT INTO recipe_cook(recipe_id, cook_id) VALUES (6, 21);
INSERT INTO recipe_cook(recipe_id, cook_id) VALUES (6, 76);
INSERT INTO recipe_cook(recipe_id, cook_id) VALUES (6, 19);
INSERT INTO recipe_cook(recipe_id, cook_id) VALUES (6, 185);
INSERT INTO recipe_cook(recipe_id, cook_id) VALUES (6, 189);
INSERT INTO recipe_cook(recipe_id, cook_id) VALUES (6, 10);
INSERT INTO recipe_cook(recipe_id, cook_id) VALUES (6, 155);
INSERT INTO recipe_cook(recipe_id, cook_id) VALUES (6, 1);
INSERT INTO recipe_cook(recipe_id, cook_id) VALUES (6, 126);
INSERT INTO recipe_cook(recipe_id, cook_id) VALUES (6, 3);
INSERT INTO recipe_cook(recipe_id, cook_id) VALUES (6, 33);
INSERT INTO recipe_cook(recipe_id, cook_id) VALUES (6, 197);
INSERT INTO recipe_cook(recipe_id, cook_id) VALUES (6, 78);
INSERT INTO recipe_theme(recipe_id, theme_id) VALUES (6, 20);
INSERT INTO recipe_tip(recipe_id, tip_id) VALUES (6, 13);
INSERT INTO recipe_tip(recipe_id, tip_id) VALUES (6, 36);

INSERT INTO recipe(baking, cuisine_id, difficulty, title, recipe_description, prep_time, cook_time, portions, fat_portion, protein_portion, carbo_portion, picture, picture_description) VALUES(0, 44, 5,'Samosas', 'Leg including discuss produce. Nor music general region price. Second teach attack instead evidence life service play. Avoid common both number major rather none future.', 75, 90, 2, 15, 5,15, 'https://placekitten.com/209/581', 'Hour check half nice.');
INSERT INTO recipe_meal_type(recipe_id, meal_type_id) VALUES (7, 1);
INSERT INTO recipe_tag(recipe_id, tag_id) VALUES (7, 43);
INSERT INTO recipe_tag(recipe_id, tag_id) VALUES (7, 9);
INSERT INTO recipe_tag(recipe_id, tag_id) VALUES (7, 40);
INSERT INTO recipe_tag(recipe_id, tag_id) VALUES (7, 33);
INSERT INTO recipe_equipment(recipe_id, equipment_id, num) VALUES (7, 3, 2);
INSERT INTO recipe_equipment(recipe_id, equipment_id, num) VALUES (7, 4, 1);
INSERT INTO recipe_equipment(recipe_id, equipment_id, num) VALUES (7, 15, 4);
INSERT INTO recipe_equipment(recipe_id, equipment_id, num) VALUES (7, 9, 2);
INSERT INTO recipe_equipment(recipe_id, equipment_id, num) VALUES (7, 2, 4);
INSERT INTO recipe_equipment(recipe_id, equipment_id, num) VALUES (7, 16, 1);
INSERT INTO recipe_cook(recipe_id, cook_id) VALUES (7, 168);
INSERT INTO recipe_cook(recipe_id, cook_id) VALUES (7, 37);
INSERT INTO recipe_cook(recipe_id, cook_id) VALUES (7, 129);
INSERT INTO recipe_cook(recipe_id, cook_id) VALUES (7, 47);
INSERT INTO recipe_cook(recipe_id, cook_id) VALUES (7, 103);
INSERT INTO recipe_cook(recipe_id, cook_id) VALUES (7, 193);
INSERT INTO recipe_cook(recipe_id, cook_id) VALUES (7, 83);
INSERT INTO recipe_cook(recipe_id, cook_id) VALUES (7, 198);
INSERT INTO recipe_cook(recipe_id, cook_id) VALUES (7, 73);
INSERT INTO recipe_cook(recipe_id, cook_id) VALUES (7, 133);
INSERT INTO recipe_cook(recipe_id, cook_id) VALUES (7, 125);
INSERT INTO recipe_cook(recipe_id, cook_id) VALUES (7, 85);
INSERT INTO recipe_cook(recipe_id, cook_id) VALUES (7, 24);
INSERT INTO recipe_cook(recipe_id, cook_id) VALUES (7, 28);
INSERT INTO recipe_cook(recipe_id, cook_id) VALUES (7, 142);
INSERT INTO recipe_cook(recipe_id, cook_id) VALUES (7, 148);
INSERT INTO recipe_cook(recipe_id, cook_id) VALUES (7, 137);
INSERT INTO recipe_cook(recipe_id, cook_id) VALUES (7, 76);
INSERT INTO recipe_cook(recipe_id, cook_id) VALUES (7, 92);
INSERT INTO recipe_cook(recipe_id, cook_id) VALUES (7, 6);
INSERT INTO recipe_cook(recipe_id, cook_id) VALUES (7, 194);
INSERT INTO recipe_cook(recipe_id, cook_id) VALUES (7, 176);
INSERT INTO recipe_cook(recipe_id, cook_id) VALUES (7, 120);
INSERT INTO recipe_cook(recipe_id, cook_id) VALUES (7, 32);
INSERT INTO recipe_cook(recipe_id, cook_id) VALUES (7, 87);
INSERT INTO recipe_cook(recipe_id, cook_id) VALUES (7, 64);
INSERT INTO recipe_cook(recipe_id, cook_id) VALUES (7, 113);
INSERT INTO recipe_cook(recipe_id, cook_id) VALUES (7, 57);
INSERT INTO recipe_cook(recipe_id, cook_id) VALUES (7, 191);
INSERT INTO recipe_cook(recipe_id, cook_id) VALUES (7, 158);
INSERT INTO recipe_cook(recipe_id, cook_id) VALUES (7, 130);
INSERT INTO recipe_cook(recipe_id, cook_id) VALUES (7, 16);
INSERT INTO recipe_cook(recipe_id, cook_id) VALUES (7, 35);
INSERT INTO recipe_cook(recipe_id, cook_id) VALUES (7, 192);
INSERT INTO recipe_cook(recipe_id, cook_id) VALUES (7, 53);
INSERT INTO recipe_cook(recipe_id, cook_id) VALUES (7, 180);
INSERT INTO recipe_cook(recipe_id, cook_id) VALUES (7, 141);
INSERT INTO recipe_cook(recipe_id, cook_id) VALUES (7, 190);
INSERT INTO recipe_cook(recipe_id, cook_id) VALUES (7, 20);
INSERT INTO recipe_cook(recipe_id, cook_id) VALUES (7, 79);
INSERT INTO recipe_cook(recipe_id, cook_id) VALUES (7, 97);
INSERT INTO recipe_cook(recipe_id, cook_id) VALUES (7, 27);
INSERT INTO recipe_cook(recipe_id, cook_id) VALUES (7, 153);
INSERT INTO recipe_cook(recipe_id, cook_id) VALUES (7, 43);
INSERT INTO recipe_cook(recipe_id, cook_id) VALUES (7, 196);
INSERT INTO recipe_cook(recipe_id, cook_id) VALUES (7, 107);
INSERT INTO recipe_cook(recipe_id, cook_id) VALUES (7, 25);
INSERT INTO recipe_cook(recipe_id, cook_id) VALUES (7, 19);
INSERT INTO recipe_cook(recipe_id, cook_id) VALUES (7, 166);
INSERT INTO recipe_cook(recipe_id, cook_id) VALUES (7, 71);
INSERT INTO recipe_cook(recipe_id, cook_id) VALUES (7, 82);
INSERT INTO recipe_cook(recipe_id, cook_id) VALUES (7, 74);
INSERT INTO recipe_cook(recipe_id, cook_id) VALUES (7, 122);
INSERT INTO recipe_cook(recipe_id, cook_id) VALUES (7, 124);
INSERT INTO recipe_cook(recipe_id, cook_id) VALUES (7, 189);
INSERT INTO recipe_cook(recipe_id, cook_id) VALUES (7, 108);
INSERT INTO recipe_cook(recipe_id, cook_id) VALUES (7, 44);
INSERT INTO recipe_cook(recipe_id, cook_id) VALUES (7, 59);
INSERT INTO recipe_cook(recipe_id, cook_id) VALUES (7, 175);
INSERT INTO recipe_cook(recipe_id, cook_id) VALUES (7, 179);
INSERT INTO recipe_cook(recipe_id, cook_id) VALUES (7, 69);
INSERT INTO recipe_cook(recipe_id, cook_id) VALUES (7, 7);
INSERT INTO recipe_cook(recipe_id, cook_id) VALUES (7, 94);
INSERT INTO recipe_cook(recipe_id, cook_id) VALUES (7, 109);
INSERT INTO recipe_cook(recipe_id, cook_id) VALUES (7, 42);
INSERT INTO recipe_cook(recipe_id, cook_id) VALUES (7, 55);
INSERT INTO recipe_cook(recipe_id, cook_id) VALUES (7, 159);
INSERT INTO recipe_cook(recipe_id, cook_id) VALUES (7, 144);
INSERT INTO recipe_cook(recipe_id, cook_id) VALUES (7, 134);
INSERT INTO recipe_cook(recipe_id, cook_id) VALUES (7, 54);
INSERT INTO recipe_cook(recipe_id, cook_id) VALUES (7, 66);
INSERT INTO recipe_cook(recipe_id, cook_id) VALUES (7, 68);
INSERT INTO recipe_cook(recipe_id, cook_id) VALUES (7, 143);
INSERT INTO recipe_cook(recipe_id, cook_id) VALUES (7, 145);
INSERT INTO recipe_cook(recipe_id, cook_id) VALUES (7, 1);
INSERT INTO recipe_cook(recipe_id, cook_id) VALUES (7, 171);
INSERT INTO recipe_cook(recipe_id, cook_id) VALUES (7, 199);
INSERT INTO recipe_cook(recipe_id, cook_id) VALUES (7, 182);
INSERT INTO recipe_cook(recipe_id, cook_id) VALUES (7, 58);
INSERT INTO recipe_cook(recipe_id, cook_id) VALUES (7, 65);
INSERT INTO recipe_cook(recipe_id, cook_id) VALUES (7, 70);
INSERT INTO recipe_cook(recipe_id, cook_id) VALUES (7, 12);
INSERT INTO recipe_cook(recipe_id, cook_id) VALUES (7, 60);
INSERT INTO recipe_cook(recipe_id, cook_id) VALUES (7, 50);
INSERT INTO recipe_cook(recipe_id, cook_id) VALUES (7, 115);
INSERT INTO recipe_cook(recipe_id, cook_id) VALUES (7, 81);
INSERT INTO recipe_theme(recipe_id, theme_id) VALUES (7, 14);
INSERT INTO recipe_theme(recipe_id, theme_id) VALUES (7, 33);
INSERT INTO recipe_theme(recipe_id, theme_id) VALUES (7, 37);
INSERT INTO recipe_tip(recipe_id, tip_id) VALUES (7, 19);

INSERT INTO recipe(baking, cuisine_id, difficulty, title, recipe_description, prep_time, cook_time, portions, fat_portion, protein_portion, carbo_portion, picture, picture_description) VALUES(1, 19, 5,'Minestrone Soup', 'Hotel partner his want really physical. Up them left board. Possible blue personal crime dark political hand risk.', 95, 40, 4, 45, 30,55, 'https://picsum.photos/539/458', 'Finally feeling police.');
INSERT INTO recipe_meal_type(recipe_id, meal_type_id) VALUES (8, 3);
INSERT INTO recipe_tag(recipe_id, tag_id) VALUES (8, 74);
INSERT INTO recipe_equipment(recipe_id, equipment_id, num) VALUES (8, 17, 2);
INSERT INTO recipe_equipment(recipe_id, equipment_id, num) VALUES (8, 18, 4);
INSERT INTO recipe_equipment(recipe_id, equipment_id, num) VALUES (8, 1, 3);
INSERT INTO recipe_cook(recipe_id, cook_id) VALUES (8, 170);
INSERT INTO recipe_cook(recipe_id, cook_id) VALUES (8, 10);
INSERT INTO recipe_cook(recipe_id, cook_id) VALUES (8, 73);
INSERT INTO recipe_cook(recipe_id, cook_id) VALUES (8, 147);
INSERT INTO recipe_cook(recipe_id, cook_id) VALUES (8, 194);
INSERT INTO recipe_cook(recipe_id, cook_id) VALUES (8, 44);
INSERT INTO recipe_cook(recipe_id, cook_id) VALUES (8, 103);
INSERT INTO recipe_cook(recipe_id, cook_id) VALUES (8, 197);
INSERT INTO recipe_cook(recipe_id, cook_id) VALUES (8, 57);
INSERT INTO recipe_cook(recipe_id, cook_id) VALUES (8, 28);
INSERT INTO recipe_cook(recipe_id, cook_id) VALUES (8, 13);
INSERT INTO recipe_cook(recipe_id, cook_id) VALUES (8, 177);
INSERT INTO recipe_cook(recipe_id, cook_id) VALUES (8, 15);
INSERT INTO recipe_cook(recipe_id, cook_id) VALUES (8, 200);
INSERT INTO recipe_cook(recipe_id, cook_id) VALUES (8, 126);
INSERT INTO recipe_cook(recipe_id, cook_id) VALUES (8, 122);
INSERT INTO recipe_cook(recipe_id, cook_id) VALUES (8, 66);
INSERT INTO recipe_cook(recipe_id, cook_id) VALUES (8, 187);
INSERT INTO recipe_cook(recipe_id, cook_id) VALUES (8, 27);
INSERT INTO recipe_cook(recipe_id, cook_id) VALUES (8, 161);
INSERT INTO recipe_cook(recipe_id, cook_id) VALUES (8, 185);
INSERT INTO recipe_cook(recipe_id, cook_id) VALUES (8, 182);
INSERT INTO recipe_cook(recipe_id, cook_id) VALUES (8, 169);
INSERT INTO recipe_cook(recipe_id, cook_id) VALUES (8, 30);
INSERT INTO recipe_cook(recipe_id, cook_id) VALUES (8, 183);
INSERT INTO recipe_cook(recipe_id, cook_id) VALUES (8, 36);
INSERT INTO recipe_cook(recipe_id, cook_id) VALUES (8, 54);
INSERT INTO recipe_cook(recipe_id, cook_id) VALUES (8, 123);
INSERT INTO recipe_cook(recipe_id, cook_id) VALUES (8, 65);
INSERT INTO recipe_cook(recipe_id, cook_id) VALUES (8, 140);
INSERT INTO recipe_cook(recipe_id, cook_id) VALUES (8, 135);
INSERT INTO recipe_cook(recipe_id, cook_id) VALUES (8, 93);
INSERT INTO recipe_cook(recipe_id, cook_id) VALUES (8, 94);
INSERT INTO recipe_cook(recipe_id, cook_id) VALUES (8, 100);
INSERT INTO recipe_theme(recipe_id, theme_id) VALUES (8, 15);
INSERT INTO recipe_theme(recipe_id, theme_id) VALUES (8, 32);
INSERT INTO recipe_tip(recipe_id, tip_id) VALUES (8, 10);
INSERT INTO recipe_tip(recipe_id, tip_id) VALUES (8, 27);

INSERT INTO recipe(baking, cuisine_id, difficulty, title, recipe_description, prep_time, cook_time, portions, fat_portion, protein_portion, carbo_portion, picture, picture_description) VALUES(0, 11, 1,'Salsa', 'Republican skill along rule coach. Store change exist Mrs become foreign. Case simple Democrat attack natural board. Picture society north.', 95, 10, 1, 35, 55,10, 'https://picsum.photos/171/221', 'Past different always building it never.');
INSERT INTO recipe_meal_type(recipe_id, meal_type_id) VALUES (9, 5);
INSERT INTO recipe_tag(recipe_id, tag_id) VALUES (9, 23);
INSERT INTO recipe_tag(recipe_id, tag_id) VALUES (9, 64);
INSERT INTO recipe_tag(recipe_id, tag_id) VALUES (9, 62);
INSERT INTO recipe_tag(recipe_id, tag_id) VALUES (9, 2);
INSERT INTO recipe_equipment(recipe_id, equipment_id, num) VALUES (9, 7, 1);
INSERT INTO recipe_equipment(recipe_id, equipment_id, num) VALUES (9, 11, 3);
INSERT INTO recipe_equipment(recipe_id, equipment_id, num) VALUES (9, 3, 1);
INSERT INTO recipe_equipment(recipe_id, equipment_id, num) VALUES (9, 1, 1);
INSERT INTO recipe_equipment(recipe_id, equipment_id, num) VALUES (9, 10, 3);
INSERT INTO recipe_cook(recipe_id, cook_id) VALUES (9, 40);
INSERT INTO recipe_theme(recipe_id, theme_id) VALUES (9, 6);
INSERT INTO recipe_theme(recipe_id, theme_id) VALUES (9, 36);
INSERT INTO recipe_tip(recipe_id, tip_id) VALUES (9, 1);

INSERT INTO recipe(baking, cuisine_id, difficulty, title, recipe_description, prep_time, cook_time, portions, fat_portion, protein_portion, carbo_portion, picture, picture_description) VALUES(1, 7, 1,'Black Forest Cake', 'Eat those effort child. Deep cold tough real. Film people read time change. Analysis yet manager along up.', 65, 30, 2, 0, 10,10, 'https://placekitten.com/49/796', 'Attention amount picture training wear on film.');
INSERT INTO recipe_meal_type(recipe_id, meal_type_id) VALUES (10, 1);
INSERT INTO recipe_tag(recipe_id, tag_id) VALUES (10, 31);
INSERT INTO recipe_tag(recipe_id, tag_id) VALUES (10, 85);
INSERT INTO recipe_tag(recipe_id, tag_id) VALUES (10, 4);
INSERT INTO recipe_tag(recipe_id, tag_id) VALUES (10, 93);
INSERT INTO recipe_equipment(recipe_id, equipment_id, num) VALUES (10, 11, 4);
INSERT INTO recipe_equipment(recipe_id, equipment_id, num) VALUES (10, 12, 3);
INSERT INTO recipe_equipment(recipe_id, equipment_id, num) VALUES (10, 2, 2);
INSERT INTO recipe_equipment(recipe_id, equipment_id, num) VALUES (10, 7, 1);
INSERT INTO recipe_cook(recipe_id, cook_id) VALUES (10, 75);
INSERT INTO recipe_cook(recipe_id, cook_id) VALUES (10, 59);
INSERT INTO recipe_cook(recipe_id, cook_id) VALUES (10, 49);
INSERT INTO recipe_cook(recipe_id, cook_id) VALUES (10, 109);
INSERT INTO recipe_cook(recipe_id, cook_id) VALUES (10, 14);
INSERT INTO recipe_cook(recipe_id, cook_id) VALUES (10, 68);
INSERT INTO recipe_cook(recipe_id, cook_id) VALUES (10, 156);
INSERT INTO recipe_cook(recipe_id, cook_id) VALUES (10, 122);
INSERT INTO recipe_cook(recipe_id, cook_id) VALUES (10, 152);
INSERT INTO recipe_cook(recipe_id, cook_id) VALUES (10, 102);
INSERT INTO recipe_cook(recipe_id, cook_id) VALUES (10, 33);
INSERT INTO recipe_cook(recipe_id, cook_id) VALUES (10, 198);
INSERT INTO recipe_cook(recipe_id, cook_id) VALUES (10, 129);
INSERT INTO recipe_cook(recipe_id, cook_id) VALUES (10, 131);
INSERT INTO recipe_cook(recipe_id, cook_id) VALUES (10, 116);
INSERT INTO recipe_cook(recipe_id, cook_id) VALUES (10, 149);
INSERT INTO recipe_cook(recipe_id, cook_id) VALUES (10, 96);
INSERT INTO recipe_cook(recipe_id, cook_id) VALUES (10, 145);
INSERT INTO recipe_cook(recipe_id, cook_id) VALUES (10, 126);
INSERT INTO recipe_cook(recipe_id, cook_id) VALUES (10, 19);
INSERT INTO recipe_cook(recipe_id, cook_id) VALUES (10, 24);
INSERT INTO recipe_cook(recipe_id, cook_id) VALUES (10, 52);
INSERT INTO recipe_cook(recipe_id, cook_id) VALUES (10, 31);
INSERT INTO recipe_cook(recipe_id, cook_id) VALUES (10, 178);
INSERT INTO recipe_cook(recipe_id, cook_id) VALUES (10, 180);
INSERT INTO recipe_cook(recipe_id, cook_id) VALUES (10, 46);
INSERT INTO recipe_cook(recipe_id, cook_id) VALUES (10, 155);
INSERT INTO recipe_cook(recipe_id, cook_id) VALUES (10, 69);
INSERT INTO recipe_cook(recipe_id, cook_id) VALUES (10, 146);
INSERT INTO recipe_cook(recipe_id, cook_id) VALUES (10, 44);
INSERT INTO recipe_cook(recipe_id, cook_id) VALUES (10, 164);
INSERT INTO recipe_cook(recipe_id, cook_id) VALUES (10, 12);
INSERT INTO recipe_cook(recipe_id, cook_id) VALUES (10, 70);
INSERT INTO recipe_cook(recipe_id, cook_id) VALUES (10, 66);
INSERT INTO recipe_cook(recipe_id, cook_id) VALUES (10, 153);
INSERT INTO recipe_cook(recipe_id, cook_id) VALUES (10, 17);
INSERT INTO recipe_cook(recipe_id, cook_id) VALUES (10, 197);
INSERT INTO recipe_cook(recipe_id, cook_id) VALUES (10, 192);
INSERT INTO recipe_cook(recipe_id, cook_id) VALUES (10, 195);
INSERT INTO recipe_cook(recipe_id, cook_id) VALUES (10, 45);
INSERT INTO recipe_cook(recipe_id, cook_id) VALUES (10, 141);
INSERT INTO recipe_cook(recipe_id, cook_id) VALUES (10, 142);
INSERT INTO recipe_cook(recipe_id, cook_id) VALUES (10, 100);
INSERT INTO recipe_cook(recipe_id, cook_id) VALUES (10, 137);
INSERT INTO recipe_cook(recipe_id, cook_id) VALUES (10, 54);
INSERT INTO recipe_cook(recipe_id, cook_id) VALUES (10, 154);
INSERT INTO recipe_cook(recipe_id, cook_id) VALUES (10, 151);
INSERT INTO recipe_cook(recipe_id, cook_id) VALUES (10, 39);
INSERT INTO recipe_cook(recipe_id, cook_id) VALUES (10, 67);
INSERT INTO recipe_cook(recipe_id, cook_id) VALUES (10, 181);
INSERT INTO recipe_cook(recipe_id, cook_id) VALUES (10, 77);
INSERT INTO recipe_cook(recipe_id, cook_id) VALUES (10, 167);
INSERT INTO recipe_cook(recipe_id, cook_id) VALUES (10, 194);
INSERT INTO recipe_cook(recipe_id, cook_id) VALUES (10, 171);
INSERT INTO recipe_cook(recipe_id, cook_id) VALUES (10, 165);
INSERT INTO recipe_cook(recipe_id, cook_id) VALUES (10, 138);
INSERT INTO recipe_cook(recipe_id, cook_id) VALUES (10, 82);
INSERT INTO recipe_cook(recipe_id, cook_id) VALUES (10, 115);
INSERT INTO recipe_cook(recipe_id, cook_id) VALUES (10, 62);
INSERT INTO recipe_cook(recipe_id, cook_id) VALUES (10, 15);
INSERT INTO recipe_cook(recipe_id, cook_id) VALUES (10, 30);
INSERT INTO recipe_cook(recipe_id, cook_id) VALUES (10, 106);
INSERT INTO recipe_cook(recipe_id, cook_id) VALUES (10, 103);
INSERT INTO recipe_cook(recipe_id, cook_id) VALUES (10, 34);
INSERT INTO recipe_cook(recipe_id, cook_id) VALUES (10, 125);
INSERT INTO recipe_cook(recipe_id, cook_id) VALUES (10, 101);
INSERT INTO recipe_cook(recipe_id, cook_id) VALUES (10, 176);
INSERT INTO recipe_cook(recipe_id, cook_id) VALUES (10, 8);
INSERT INTO recipe_cook(recipe_id, cook_id) VALUES (10, 83);
INSERT INTO recipe_theme(recipe_id, theme_id) VALUES (10, 22);
INSERT INTO recipe_theme(recipe_id, theme_id) VALUES (10, 27);
INSERT INTO recipe_theme(recipe_id, theme_id) VALUES (10, 3);
INSERT INTO recipe_tip(recipe_id, tip_id) VALUES (10, 17);
INSERT INTO recipe_tip(recipe_id, tip_id) VALUES (10, 27);

INSERT INTO recipe(baking, cuisine_id, difficulty, title, recipe_description, prep_time, cook_time, portions, fat_portion, protein_portion, carbo_portion, picture, picture_description) VALUES(1, 1, 2,'Dumplings', 'Sea check growth. Various notice gun many type. Own test better.', 55, 120, 4, 45, 10,35, 'https://picsum.photos/912/678', 'Successful quickly model detail.');
INSERT INTO recipe_meal_type(recipe_id, meal_type_id) VALUES (11, 3);
INSERT INTO recipe_tag(recipe_id, tag_id) VALUES (11, 50);
INSERT INTO recipe_tag(recipe_id, tag_id) VALUES (11, 23);
INSERT INTO recipe_tag(recipe_id, tag_id) VALUES (11, 43);
INSERT INTO recipe_tag(recipe_id, tag_id) VALUES (11, 32);
INSERT INTO recipe_tag(recipe_id, tag_id) VALUES (11, 91);
INSERT INTO recipe_tag(recipe_id, tag_id) VALUES (11, 65);
INSERT INTO recipe_tag(recipe_id, tag_id) VALUES (11, 38);
INSERT INTO recipe_equipment(recipe_id, equipment_id, num) VALUES (11, 18, 2);
INSERT INTO recipe_equipment(recipe_id, equipment_id, num) VALUES (11, 14, 1);
INSERT INTO recipe_equipment(recipe_id, equipment_id, num) VALUES (11, 11, 1);
INSERT INTO recipe_equipment(recipe_id, equipment_id, num) VALUES (11, 3, 3);
INSERT INTO recipe_equipment(recipe_id, equipment_id, num) VALUES (11, 20, 3);
INSERT INTO recipe_equipment(recipe_id, equipment_id, num) VALUES (11, 19, 4);
INSERT INTO recipe_equipment(recipe_id, equipment_id, num) VALUES (11, 7, 4);
INSERT INTO recipe_cook(recipe_id, cook_id) VALUES (11, 164);
INSERT INTO recipe_cook(recipe_id, cook_id) VALUES (11, 76);
INSERT INTO recipe_cook(recipe_id, cook_id) VALUES (11, 40);
INSERT INTO recipe_cook(recipe_id, cook_id) VALUES (11, 175);
INSERT INTO recipe_cook(recipe_id, cook_id) VALUES (11, 193);
INSERT INTO recipe_cook(recipe_id, cook_id) VALUES (11, 25);
INSERT INTO recipe_cook(recipe_id, cook_id) VALUES (11, 137);
INSERT INTO recipe_cook(recipe_id, cook_id) VALUES (11, 168);
INSERT INTO recipe_cook(recipe_id, cook_id) VALUES (11, 132);
INSERT INTO recipe_cook(recipe_id, cook_id) VALUES (11, 192);
INSERT INTO recipe_cook(recipe_id, cook_id) VALUES (11, 60);
INSERT INTO recipe_cook(recipe_id, cook_id) VALUES (11, 31);
INSERT INTO recipe_cook(recipe_id, cook_id) VALUES (11, 17);
INSERT INTO recipe_cook(recipe_id, cook_id) VALUES (11, 185);
INSERT INTO recipe_cook(recipe_id, cook_id) VALUES (11, 92);
INSERT INTO recipe_cook(recipe_id, cook_id) VALUES (11, 55);
INSERT INTO recipe_cook(recipe_id, cook_id) VALUES (11, 139);
INSERT INTO recipe_cook(recipe_id, cook_id) VALUES (11, 3);
INSERT INTO recipe_cook(recipe_id, cook_id) VALUES (11, 34);
INSERT INTO recipe_cook(recipe_id, cook_id) VALUES (11, 66);
INSERT INTO recipe_cook(recipe_id, cook_id) VALUES (11, 71);
INSERT INTO recipe_cook(recipe_id, cook_id) VALUES (11, 115);
INSERT INTO recipe_cook(recipe_id, cook_id) VALUES (11, 7);
INSERT INTO recipe_cook(recipe_id, cook_id) VALUES (11, 113);
INSERT INTO recipe_cook(recipe_id, cook_id) VALUES (11, 186);
INSERT INTO recipe_cook(recipe_id, cook_id) VALUES (11, 36);
INSERT INTO recipe_cook(recipe_id, cook_id) VALUES (11, 134);
INSERT INTO recipe_cook(recipe_id, cook_id) VALUES (11, 18);
INSERT INTO recipe_cook(recipe_id, cook_id) VALUES (11, 51);
INSERT INTO recipe_cook(recipe_id, cook_id) VALUES (11, 156);
INSERT INTO recipe_cook(recipe_id, cook_id) VALUES (11, 78);
INSERT INTO recipe_cook(recipe_id, cook_id) VALUES (11, 87);
INSERT INTO recipe_cook(recipe_id, cook_id) VALUES (11, 130);
INSERT INTO recipe_cook(recipe_id, cook_id) VALUES (11, 69);
INSERT INTO recipe_cook(recipe_id, cook_id) VALUES (11, 56);
INSERT INTO recipe_cook(recipe_id, cook_id) VALUES (11, 108);
INSERT INTO recipe_cook(recipe_id, cook_id) VALUES (11, 95);
INSERT INTO recipe_cook(recipe_id, cook_id) VALUES (11, 171);
INSERT INTO recipe_cook(recipe_id, cook_id) VALUES (11, 135);
INSERT INTO recipe_cook(recipe_id, cook_id) VALUES (11, 161);
INSERT INTO recipe_cook(recipe_id, cook_id) VALUES (11, 172);
INSERT INTO recipe_cook(recipe_id, cook_id) VALUES (11, 48);
INSERT INTO recipe_cook(recipe_id, cook_id) VALUES (11, 32);
INSERT INTO recipe_cook(recipe_id, cook_id) VALUES (11, 24);
INSERT INTO recipe_cook(recipe_id, cook_id) VALUES (11, 101);
INSERT INTO recipe_cook(recipe_id, cook_id) VALUES (11, 163);
INSERT INTO recipe_cook(recipe_id, cook_id) VALUES (11, 19);
INSERT INTO recipe_cook(recipe_id, cook_id) VALUES (11, 146);
INSERT INTO recipe_cook(recipe_id, cook_id) VALUES (11, 73);
INSERT INTO recipe_cook(recipe_id, cook_id) VALUES (11, 120);
INSERT INTO recipe_cook(recipe_id, cook_id) VALUES (11, 83);
INSERT INTO recipe_cook(recipe_id, cook_id) VALUES (11, 14);
INSERT INTO recipe_cook(recipe_id, cook_id) VALUES (11, 128);
INSERT INTO recipe_cook(recipe_id, cook_id) VALUES (11, 150);
INSERT INTO recipe_cook(recipe_id, cook_id) VALUES (11, 105);
INSERT INTO recipe_cook(recipe_id, cook_id) VALUES (11, 81);
INSERT INTO recipe_cook(recipe_id, cook_id) VALUES (11, 46);
INSERT INTO recipe_cook(recipe_id, cook_id) VALUES (11, 200);
INSERT INTO recipe_cook(recipe_id, cook_id) VALUES (11, 23);
INSERT INTO recipe_cook(recipe_id, cook_id) VALUES (11, 26);
INSERT INTO recipe_cook(recipe_id, cook_id) VALUES (11, 176);
INSERT INTO recipe_cook(recipe_id, cook_id) VALUES (11, 80);
INSERT INTO recipe_cook(recipe_id, cook_id) VALUES (11, 196);
INSERT INTO recipe_cook(recipe_id, cook_id) VALUES (11, 160);
INSERT INTO recipe_cook(recipe_id, cook_id) VALUES (11, 38);
INSERT INTO recipe_cook(recipe_id, cook_id) VALUES (11, 15);
INSERT INTO recipe_cook(recipe_id, cook_id) VALUES (11, 143);
INSERT INTO recipe_cook(recipe_id, cook_id) VALUES (11, 140);
INSERT INTO recipe_cook(recipe_id, cook_id) VALUES (11, 96);
INSERT INTO recipe_cook(recipe_id, cook_id) VALUES (11, 6);
INSERT INTO recipe_cook(recipe_id, cook_id) VALUES (11, 180);
INSERT INTO recipe_cook(recipe_id, cook_id) VALUES (11, 103);
INSERT INTO recipe_cook(recipe_id, cook_id) VALUES (11, 74);
INSERT INTO recipe_cook(recipe_id, cook_id) VALUES (11, 37);
INSERT INTO recipe_cook(recipe_id, cook_id) VALUES (11, 97);
INSERT INTO recipe_theme(recipe_id, theme_id) VALUES (11, 24);
INSERT INTO recipe_theme(recipe_id, theme_id) VALUES (11, 8);
INSERT INTO recipe_tip(recipe_id, tip_id) VALUES (11, 19);
INSERT INTO recipe_tip(recipe_id, tip_id) VALUES (11, 30);
INSERT INTO recipe_tip(recipe_id, tip_id) VALUES (11, 5);

INSERT INTO recipe(baking, cuisine_id, difficulty, title, recipe_description, prep_time, cook_time, portions, fat_portion, protein_portion, carbo_portion, picture, picture_description) VALUES(0, 43, 2,'Chicken Cacciatore', 'Treat ahead nothing win picture. Last much agreement mention thought. Leg prevent computer wide bad beyond age.', 55, 90, 3, 55, 10,35, 'https://placekitten.com/627/368', 'Professional kitchen where audience conference.');
INSERT INTO recipe_meal_type(recipe_id, meal_type_id) VALUES (12, 4);
INSERT INTO recipe_tag(recipe_id, tag_id) VALUES (12, 90);
INSERT INTO recipe_tag(recipe_id, tag_id) VALUES (12, 22);
INSERT INTO recipe_tag(recipe_id, tag_id) VALUES (12, 33);
INSERT INTO recipe_tag(recipe_id, tag_id) VALUES (12, 67);
INSERT INTO recipe_tag(recipe_id, tag_id) VALUES (12, 31);
INSERT INTO recipe_tag(recipe_id, tag_id) VALUES (12, 28);
INSERT INTO recipe_equipment(recipe_id, equipment_id, num) VALUES (12, 16, 2);
INSERT INTO recipe_equipment(recipe_id, equipment_id, num) VALUES (12, 15, 4);
INSERT INTO recipe_equipment(recipe_id, equipment_id, num) VALUES (12, 8, 2);
INSERT INTO recipe_equipment(recipe_id, equipment_id, num) VALUES (12, 4, 3);
INSERT INTO recipe_equipment(recipe_id, equipment_id, num) VALUES (12, 18, 3);
INSERT INTO recipe_cook(recipe_id, cook_id) VALUES (12, 9);
INSERT INTO recipe_cook(recipe_id, cook_id) VALUES (12, 65);
INSERT INTO recipe_cook(recipe_id, cook_id) VALUES (12, 20);
INSERT INTO recipe_cook(recipe_id, cook_id) VALUES (12, 176);
INSERT INTO recipe_cook(recipe_id, cook_id) VALUES (12, 69);
INSERT INTO recipe_cook(recipe_id, cook_id) VALUES (12, 178);
INSERT INTO recipe_cook(recipe_id, cook_id) VALUES (12, 88);
INSERT INTO recipe_cook(recipe_id, cook_id) VALUES (12, 105);
INSERT INTO recipe_cook(recipe_id, cook_id) VALUES (12, 75);
INSERT INTO recipe_cook(recipe_id, cook_id) VALUES (12, 22);
INSERT INTO recipe_cook(recipe_id, cook_id) VALUES (12, 33);
INSERT INTO recipe_cook(recipe_id, cook_id) VALUES (12, 46);
INSERT INTO recipe_cook(recipe_id, cook_id) VALUES (12, 89);
INSERT INTO recipe_cook(recipe_id, cook_id) VALUES (12, 7);
INSERT INTO recipe_cook(recipe_id, cook_id) VALUES (12, 71);
INSERT INTO recipe_cook(recipe_id, cook_id) VALUES (12, 45);
INSERT INTO recipe_cook(recipe_id, cook_id) VALUES (12, 52);
INSERT INTO recipe_cook(recipe_id, cook_id) VALUES (12, 42);
INSERT INTO recipe_cook(recipe_id, cook_id) VALUES (12, 94);
INSERT INTO recipe_cook(recipe_id, cook_id) VALUES (12, 53);
INSERT INTO recipe_cook(recipe_id, cook_id) VALUES (12, 103);
INSERT INTO recipe_cook(recipe_id, cook_id) VALUES (12, 100);
INSERT INTO recipe_cook(recipe_id, cook_id) VALUES (12, 2);
INSERT INTO recipe_cook(recipe_id, cook_id) VALUES (12, 29);
INSERT INTO recipe_cook(recipe_id, cook_id) VALUES (12, 153);
INSERT INTO recipe_cook(recipe_id, cook_id) VALUES (12, 106);
INSERT INTO recipe_cook(recipe_id, cook_id) VALUES (12, 148);
INSERT INTO recipe_cook(recipe_id, cook_id) VALUES (12, 17);
INSERT INTO recipe_cook(recipe_id, cook_id) VALUES (12, 50);
INSERT INTO recipe_cook(recipe_id, cook_id) VALUES (12, 91);
INSERT INTO recipe_cook(recipe_id, cook_id) VALUES (12, 92);
INSERT INTO recipe_cook(recipe_id, cook_id) VALUES (12, 151);
INSERT INTO recipe_cook(recipe_id, cook_id) VALUES (12, 161);
INSERT INTO recipe_cook(recipe_id, cook_id) VALUES (12, 170);
INSERT INTO recipe_cook(recipe_id, cook_id) VALUES (12, 136);
INSERT INTO recipe_cook(recipe_id, cook_id) VALUES (12, 194);
INSERT INTO recipe_cook(recipe_id, cook_id) VALUES (12, 154);
INSERT INTO recipe_cook(recipe_id, cook_id) VALUES (12, 80);
INSERT INTO recipe_cook(recipe_id, cook_id) VALUES (12, 41);
INSERT INTO recipe_cook(recipe_id, cook_id) VALUES (12, 134);
INSERT INTO recipe_cook(recipe_id, cook_id) VALUES (12, 11);
INSERT INTO recipe_cook(recipe_id, cook_id) VALUES (12, 74);
INSERT INTO recipe_cook(recipe_id, cook_id) VALUES (12, 144);
INSERT INTO recipe_cook(recipe_id, cook_id) VALUES (12, 72);
INSERT INTO recipe_cook(recipe_id, cook_id) VALUES (12, 59);
INSERT INTO recipe_cook(recipe_id, cook_id) VALUES (12, 119);
INSERT INTO recipe_cook(recipe_id, cook_id) VALUES (12, 5);
INSERT INTO recipe_cook(recipe_id, cook_id) VALUES (12, 3);
INSERT INTO recipe_cook(recipe_id, cook_id) VALUES (12, 107);
INSERT INTO recipe_cook(recipe_id, cook_id) VALUES (12, 192);
INSERT INTO recipe_cook(recipe_id, cook_id) VALUES (12, 140);
INSERT INTO recipe_cook(recipe_id, cook_id) VALUES (12, 172);
INSERT INTO recipe_cook(recipe_id, cook_id) VALUES (12, 48);
INSERT INTO recipe_cook(recipe_id, cook_id) VALUES (12, 96);
INSERT INTO recipe_cook(recipe_id, cook_id) VALUES (12, 169);
INSERT INTO recipe_cook(recipe_id, cook_id) VALUES (12, 28);
INSERT INTO recipe_cook(recipe_id, cook_id) VALUES (12, 133);
INSERT INTO recipe_cook(recipe_id, cook_id) VALUES (12, 177);
INSERT INTO recipe_cook(recipe_id, cook_id) VALUES (12, 165);
INSERT INTO recipe_cook(recipe_id, cook_id) VALUES (12, 199);
INSERT INTO recipe_cook(recipe_id, cook_id) VALUES (12, 108);
INSERT INTO recipe_cook(recipe_id, cook_id) VALUES (12, 78);
INSERT INTO recipe_cook(recipe_id, cook_id) VALUES (12, 145);
INSERT INTO recipe_cook(recipe_id, cook_id) VALUES (12, 166);
INSERT INTO recipe_cook(recipe_id, cook_id) VALUES (12, 113);
INSERT INTO recipe_cook(recipe_id, cook_id) VALUES (12, 14);
INSERT INTO recipe_cook(recipe_id, cook_id) VALUES (12, 121);
INSERT INTO recipe_cook(recipe_id, cook_id) VALUES (12, 138);
INSERT INTO recipe_cook(recipe_id, cook_id) VALUES (12, 115);
INSERT INTO recipe_cook(recipe_id, cook_id) VALUES (12, 30);
INSERT INTO recipe_cook(recipe_id, cook_id) VALUES (12, 68);
INSERT INTO recipe_cook(recipe_id, cook_id) VALUES (12, 157);
INSERT INTO recipe_cook(recipe_id, cook_id) VALUES (12, 49);
INSERT INTO recipe_cook(recipe_id, cook_id) VALUES (12, 143);
INSERT INTO recipe_cook(recipe_id, cook_id) VALUES (12, 179);
INSERT INTO recipe_cook(recipe_id, cook_id) VALUES (12, 135);
INSERT INTO recipe_cook(recipe_id, cook_id) VALUES (12, 67);
INSERT INTO recipe_cook(recipe_id, cook_id) VALUES (12, 168);
INSERT INTO recipe_cook(recipe_id, cook_id) VALUES (12, 4);
INSERT INTO recipe_cook(recipe_id, cook_id) VALUES (12, 98);
INSERT INTO recipe_cook(recipe_id, cook_id) VALUES (12, 158);
INSERT INTO recipe_cook(recipe_id, cook_id) VALUES (12, 43);
INSERT INTO recipe_cook(recipe_id, cook_id) VALUES (12, 12);
INSERT INTO recipe_cook(recipe_id, cook_id) VALUES (12, 18);
INSERT INTO recipe_cook(recipe_id, cook_id) VALUES (12, 58);
INSERT INTO recipe_cook(recipe_id, cook_id) VALUES (12, 6);
INSERT INTO recipe_cook(recipe_id, cook_id) VALUES (12, 19);
INSERT INTO recipe_cook(recipe_id, cook_id) VALUES (12, 54);
INSERT INTO recipe_cook(recipe_id, cook_id) VALUES (12, 184);
INSERT INTO recipe_cook(recipe_id, cook_id) VALUES (12, 114);
INSERT INTO recipe_cook(recipe_id, cook_id) VALUES (12, 185);
INSERT INTO recipe_cook(recipe_id, cook_id) VALUES (12, 95);
INSERT INTO recipe_cook(recipe_id, cook_id) VALUES (12, 62);
INSERT INTO recipe_cook(recipe_id, cook_id) VALUES (12, 132);
INSERT INTO recipe_cook(recipe_id, cook_id) VALUES (12, 129);
INSERT INTO recipe_cook(recipe_id, cook_id) VALUES (12, 171);
INSERT INTO recipe_cook(recipe_id, cook_id) VALUES (12, 34);
INSERT INTO recipe_cook(recipe_id, cook_id) VALUES (12, 125);
INSERT INTO recipe_cook(recipe_id, cook_id) VALUES (12, 175);
INSERT INTO recipe_cook(recipe_id, cook_id) VALUES (12, 101);
INSERT INTO recipe_cook(recipe_id, cook_id) VALUES (12, 73);
INSERT INTO recipe_cook(recipe_id, cook_id) VALUES (12, 38);
INSERT INTO recipe_cook(recipe_id, cook_id) VALUES (12, 123);
INSERT INTO recipe_cook(recipe_id, cook_id) VALUES (12, 190);
INSERT INTO recipe_cook(recipe_id, cook_id) VALUES (12, 116);
INSERT INTO recipe_cook(recipe_id, cook_id) VALUES (12, 8);
INSERT INTO recipe_cook(recipe_id, cook_id) VALUES (12, 182);
INSERT INTO recipe_cook(recipe_id, cook_id) VALUES (12, 200);
INSERT INTO recipe_cook(recipe_id, cook_id) VALUES (12, 128);
INSERT INTO recipe_cook(recipe_id, cook_id) VALUES (12, 85);
INSERT INTO recipe_cook(recipe_id, cook_id) VALUES (12, 35);
INSERT INTO recipe_cook(recipe_id, cook_id) VALUES (12, 124);
INSERT INTO recipe_cook(recipe_id, cook_id) VALUES (12, 117);
INSERT INTO recipe_cook(recipe_id, cook_id) VALUES (12, 164);
INSERT INTO recipe_cook(recipe_id, cook_id) VALUES (12, 36);
INSERT INTO recipe_cook(recipe_id, cook_id) VALUES (12, 79);
INSERT INTO recipe_cook(recipe_id, cook_id) VALUES (12, 191);
INSERT INTO recipe_cook(recipe_id, cook_id) VALUES (12, 127);
INSERT INTO recipe_cook(recipe_id, cook_id) VALUES (12, 32);
INSERT INTO recipe_cook(recipe_id, cook_id) VALUES (12, 27);
INSERT INTO recipe_cook(recipe_id, cook_id) VALUES (12, 120);
INSERT INTO recipe_cook(recipe_id, cook_id) VALUES (12, 99);
INSERT INTO recipe_cook(recipe_id, cook_id) VALUES (12, 147);
INSERT INTO recipe_cook(recipe_id, cook_id) VALUES (12, 149);
INSERT INTO recipe_cook(recipe_id, cook_id) VALUES (12, 40);
INSERT INTO recipe_cook(recipe_id, cook_id) VALUES (12, 139);
INSERT INTO recipe_cook(recipe_id, cook_id) VALUES (12, 81);
INSERT INTO recipe_cook(recipe_id, cook_id) VALUES (12, 160);
INSERT INTO recipe_cook(recipe_id, cook_id) VALUES (12, 64);
INSERT INTO recipe_cook(recipe_id, cook_id) VALUES (12, 26);
INSERT INTO recipe_cook(recipe_id, cook_id) VALUES (12, 111);
INSERT INTO recipe_cook(recipe_id, cook_id) VALUES (12, 70);
INSERT INTO recipe_cook(recipe_id, cook_id) VALUES (12, 109);
INSERT INTO recipe_cook(recipe_id, cook_id) VALUES (12, 15);
INSERT INTO recipe_cook(recipe_id, cook_id) VALUES (12, 51);
INSERT INTO recipe_cook(recipe_id, cook_id) VALUES (12, 162);
INSERT INTO recipe_cook(recipe_id, cook_id) VALUES (12, 198);
INSERT INTO recipe_cook(recipe_id, cook_id) VALUES (12, 183);
INSERT INTO recipe_cook(recipe_id, cook_id) VALUES (12, 57);
INSERT INTO recipe_cook(recipe_id, cook_id) VALUES (12, 195);
INSERT INTO recipe_cook(recipe_id, cook_id) VALUES (12, 21);
INSERT INTO recipe_cook(recipe_id, cook_id) VALUES (12, 61);
INSERT INTO recipe_cook(recipe_id, cook_id) VALUES (12, 180);
INSERT INTO recipe_cook(recipe_id, cook_id) VALUES (12, 130);
INSERT INTO recipe_cook(recipe_id, cook_id) VALUES (12, 82);
INSERT INTO recipe_cook(recipe_id, cook_id) VALUES (12, 84);
INSERT INTO recipe_cook(recipe_id, cook_id) VALUES (12, 37);
INSERT INTO recipe_cook(recipe_id, cook_id) VALUES (12, 137);
INSERT INTO recipe_cook(recipe_id, cook_id) VALUES (12, 150);
INSERT INTO recipe_cook(recipe_id, cook_id) VALUES (12, 118);
INSERT INTO recipe_cook(recipe_id, cook_id) VALUES (12, 93);
INSERT INTO recipe_cook(recipe_id, cook_id) VALUES (12, 13);
INSERT INTO recipe_cook(recipe_id, cook_id) VALUES (12, 146);
INSERT INTO recipe_cook(recipe_id, cook_id) VALUES (12, 16);
INSERT INTO recipe_cook(recipe_id, cook_id) VALUES (12, 163);
INSERT INTO recipe_cook(recipe_id, cook_id) VALUES (12, 181);
INSERT INTO recipe_cook(recipe_id, cook_id) VALUES (12, 63);
INSERT INTO recipe_cook(recipe_id, cook_id) VALUES (12, 196);
INSERT INTO recipe_cook(recipe_id, cook_id) VALUES (12, 110);
INSERT INTO recipe_cook(recipe_id, cook_id) VALUES (12, 131);
INSERT INTO recipe_cook(recipe_id, cook_id) VALUES (12, 159);
INSERT INTO recipe_cook(recipe_id, cook_id) VALUES (12, 60);
INSERT INTO recipe_cook(recipe_id, cook_id) VALUES (12, 141);
INSERT INTO recipe_cook(recipe_id, cook_id) VALUES (12, 188);
INSERT INTO recipe_cook(recipe_id, cook_id) VALUES (12, 66);
INSERT INTO recipe_cook(recipe_id, cook_id) VALUES (12, 24);
INSERT INTO recipe_cook(recipe_id, cook_id) VALUES (12, 189);
INSERT INTO recipe_cook(recipe_id, cook_id) VALUES (12, 47);
INSERT INTO recipe_cook(recipe_id, cook_id) VALUES (12, 97);
INSERT INTO recipe_cook(recipe_id, cook_id) VALUES (12, 23);
INSERT INTO recipe_cook(recipe_id, cook_id) VALUES (12, 44);
INSERT INTO recipe_cook(recipe_id, cook_id) VALUES (12, 10);
INSERT INTO recipe_cook(recipe_id, cook_id) VALUES (12, 104);
INSERT INTO recipe_cook(recipe_id, cook_id) VALUES (12, 173);
INSERT INTO recipe_cook(recipe_id, cook_id) VALUES (12, 31);
INSERT INTO recipe_cook(recipe_id, cook_id) VALUES (12, 155);
INSERT INTO recipe_cook(recipe_id, cook_id) VALUES (12, 197);
INSERT INTO recipe_cook(recipe_id, cook_id) VALUES (12, 187);
INSERT INTO recipe_cook(recipe_id, cook_id) VALUES (12, 90);
INSERT INTO recipe_cook(recipe_id, cook_id) VALUES (12, 112);
INSERT INTO recipe_cook(recipe_id, cook_id) VALUES (12, 83);
INSERT INTO recipe_cook(recipe_id, cook_id) VALUES (12, 156);
INSERT INTO recipe_cook(recipe_id, cook_id) VALUES (12, 186);
INSERT INTO recipe_cook(recipe_id, cook_id) VALUES (12, 102);
INSERT INTO recipe_cook(recipe_id, cook_id) VALUES (12, 55);
INSERT INTO recipe_cook(recipe_id, cook_id) VALUES (12, 25);
INSERT INTO recipe_cook(recipe_id, cook_id) VALUES (12, 87);
INSERT INTO recipe_cook(recipe_id, cook_id) VALUES (12, 152);
INSERT INTO recipe_cook(recipe_id, cook_id) VALUES (12, 39);
INSERT INTO recipe_cook(recipe_id, cook_id) VALUES (12, 126);
INSERT INTO recipe_cook(recipe_id, cook_id) VALUES (12, 77);
INSERT INTO recipe_cook(recipe_id, cook_id) VALUES (12, 167);
INSERT INTO recipe_cook(recipe_id, cook_id) VALUES (12, 1);
INSERT INTO recipe_cook(recipe_id, cook_id) VALUES (12, 76);
INSERT INTO recipe_cook(recipe_id, cook_id) VALUES (12, 56);
INSERT INTO recipe_cook(recipe_id, cook_id) VALUES (12, 122);
INSERT INTO recipe_cook(recipe_id, cook_id) VALUES (12, 193);
INSERT INTO recipe_cook(recipe_id, cook_id) VALUES (12, 86);
INSERT INTO recipe_theme(recipe_id, theme_id) VALUES (12, 23);
INSERT INTO recipe_theme(recipe_id, theme_id) VALUES (12, 30);
INSERT INTO recipe_tip(recipe_id, tip_id) VALUES (12, 28);
INSERT INTO recipe_tip(recipe_id, tip_id) VALUES (12, 25);
INSERT INTO recipe_tip(recipe_id, tip_id) VALUES (12, 22);

INSERT INTO recipe(baking, cuisine_id, difficulty, title, recipe_description, prep_time, cook_time, portions, fat_portion, protein_portion, carbo_portion, picture, picture_description) VALUES(0, 11, 1,'Clam Chowder', 'Training message pull. Who their local. Government now poor condition southern fish. The discussion brother.', 115, 50, 3, 45, 65,35, 'https://picsum.photos/240/919', 'Kid range production interesting take agree.');
INSERT INTO recipe_meal_type(recipe_id, meal_type_id) VALUES (13, 4);
INSERT INTO recipe_tag(recipe_id, tag_id) VALUES (13, 94);
INSERT INTO recipe_equipment(recipe_id, equipment_id, num) VALUES (13, 14, 1);
INSERT INTO recipe_equipment(recipe_id, equipment_id, num) VALUES (13, 17, 3);
INSERT INTO recipe_equipment(recipe_id, equipment_id, num) VALUES (13, 4, 2);
INSERT INTO recipe_equipment(recipe_id, equipment_id, num) VALUES (13, 8, 4);
INSERT INTO recipe_equipment(recipe_id, equipment_id, num) VALUES (13, 3, 4);
INSERT INTO recipe_cook(recipe_id, cook_id) VALUES (13, 51);
INSERT INTO recipe_cook(recipe_id, cook_id) VALUES (13, 115);
INSERT INTO recipe_cook(recipe_id, cook_id) VALUES (13, 179);
INSERT INTO recipe_cook(recipe_id, cook_id) VALUES (13, 15);
INSERT INTO recipe_cook(recipe_id, cook_id) VALUES (13, 40);
INSERT INTO recipe_cook(recipe_id, cook_id) VALUES (13, 55);
INSERT INTO recipe_cook(recipe_id, cook_id) VALUES (13, 69);
INSERT INTO recipe_cook(recipe_id, cook_id) VALUES (13, 110);
INSERT INTO recipe_cook(recipe_id, cook_id) VALUES (13, 90);
INSERT INTO recipe_cook(recipe_id, cook_id) VALUES (13, 86);
INSERT INTO recipe_cook(recipe_id, cook_id) VALUES (13, 32);
INSERT INTO recipe_cook(recipe_id, cook_id) VALUES (13, 84);
INSERT INTO recipe_cook(recipe_id, cook_id) VALUES (13, 200);
INSERT INTO recipe_cook(recipe_id, cook_id) VALUES (13, 189);
INSERT INTO recipe_cook(recipe_id, cook_id) VALUES (13, 2);
INSERT INTO recipe_cook(recipe_id, cook_id) VALUES (13, 63);
INSERT INTO recipe_cook(recipe_id, cook_id) VALUES (13, 109);
INSERT INTO recipe_cook(recipe_id, cook_id) VALUES (13, 121);
INSERT INTO recipe_cook(recipe_id, cook_id) VALUES (13, 83);
INSERT INTO recipe_cook(recipe_id, cook_id) VALUES (13, 177);
INSERT INTO recipe_cook(recipe_id, cook_id) VALUES (13, 186);
INSERT INTO recipe_cook(recipe_id, cook_id) VALUES (13, 78);
INSERT INTO recipe_cook(recipe_id, cook_id) VALUES (13, 60);
INSERT INTO recipe_cook(recipe_id, cook_id) VALUES (13, 191);
INSERT INTO recipe_cook(recipe_id, cook_id) VALUES (13, 162);
INSERT INTO recipe_cook(recipe_id, cook_id) VALUES (13, 157);
INSERT INTO recipe_cook(recipe_id, cook_id) VALUES (13, 198);
INSERT INTO recipe_cook(recipe_id, cook_id) VALUES (13, 7);
INSERT INTO recipe_cook(recipe_id, cook_id) VALUES (13, 18);
INSERT INTO recipe_cook(recipe_id, cook_id) VALUES (13, 199);
INSERT INTO recipe_cook(recipe_id, cook_id) VALUES (13, 21);
INSERT INTO recipe_cook(recipe_id, cook_id) VALUES (13, 29);
INSERT INTO recipe_cook(recipe_id, cook_id) VALUES (13, 141);
INSERT INTO recipe_cook(recipe_id, cook_id) VALUES (13, 87);
INSERT INTO recipe_cook(recipe_id, cook_id) VALUES (13, 169);
INSERT INTO recipe_cook(recipe_id, cook_id) VALUES (13, 72);
INSERT INTO recipe_cook(recipe_id, cook_id) VALUES (13, 184);
INSERT INTO recipe_cook(recipe_id, cook_id) VALUES (13, 39);
INSERT INTO recipe_cook(recipe_id, cook_id) VALUES (13, 97);
INSERT INTO recipe_cook(recipe_id, cook_id) VALUES (13, 53);
INSERT INTO recipe_cook(recipe_id, cook_id) VALUES (13, 74);
INSERT INTO recipe_cook(recipe_id, cook_id) VALUES (13, 161);
INSERT INTO recipe_cook(recipe_id, cook_id) VALUES (13, 14);
INSERT INTO recipe_cook(recipe_id, cook_id) VALUES (13, 171);
INSERT INTO recipe_theme(recipe_id, theme_id) VALUES (13, 1);
INSERT INTO recipe_theme(recipe_id, theme_id) VALUES (13, 11);
INSERT INTO recipe_theme(recipe_id, theme_id) VALUES (13, 30);
INSERT INTO recipe_tip(recipe_id, tip_id) VALUES (13, 4);

INSERT INTO recipe(baking, cuisine_id, difficulty, title, recipe_description, prep_time, cook_time, portions, fat_portion, protein_portion, carbo_portion, picture, picture_description) VALUES(0, 28, 4,'Paella', 'Imagine knowledge try green throughout effect perhaps. Professor head project win. Society son yeah.', 45, 90, 4, 40, 35,45, 'https://placekitten.com/319/681', 'Great between example issue walk.');
INSERT INTO recipe_meal_type(recipe_id, meal_type_id) VALUES (14, 2);
INSERT INTO recipe_tag(recipe_id, tag_id) VALUES (14, 28);
INSERT INTO recipe_tag(recipe_id, tag_id) VALUES (14, 16);
INSERT INTO recipe_tag(recipe_id, tag_id) VALUES (14, 19);
INSERT INTO recipe_equipment(recipe_id, equipment_id, num) VALUES (14, 12, 2);
INSERT INTO recipe_equipment(recipe_id, equipment_id, num) VALUES (14, 17, 4);
INSERT INTO recipe_equipment(recipe_id, equipment_id, num) VALUES (14, 5, 1);
INSERT INTO recipe_equipment(recipe_id, equipment_id, num) VALUES (14, 16, 1);
INSERT INTO recipe_cook(recipe_id, cook_id) VALUES (14, 41);
INSERT INTO recipe_cook(recipe_id, cook_id) VALUES (14, 103);
INSERT INTO recipe_cook(recipe_id, cook_id) VALUES (14, 125);
INSERT INTO recipe_cook(recipe_id, cook_id) VALUES (14, 70);
INSERT INTO recipe_cook(recipe_id, cook_id) VALUES (14, 15);
INSERT INTO recipe_cook(recipe_id, cook_id) VALUES (14, 98);
INSERT INTO recipe_cook(recipe_id, cook_id) VALUES (14, 53);
INSERT INTO recipe_cook(recipe_id, cook_id) VALUES (14, 86);
INSERT INTO recipe_cook(recipe_id, cook_id) VALUES (14, 148);
INSERT INTO recipe_cook(recipe_id, cook_id) VALUES (14, 112);
INSERT INTO recipe_cook(recipe_id, cook_id) VALUES (14, 155);
INSERT INTO recipe_cook(recipe_id, cook_id) VALUES (14, 104);
INSERT INTO recipe_cook(recipe_id, cook_id) VALUES (14, 165);
INSERT INTO recipe_cook(recipe_id, cook_id) VALUES (14, 56);
INSERT INTO recipe_cook(recipe_id, cook_id) VALUES (14, 192);
INSERT INTO recipe_cook(recipe_id, cook_id) VALUES (14, 69);
INSERT INTO recipe_cook(recipe_id, cook_id) VALUES (14, 110);
INSERT INTO recipe_cook(recipe_id, cook_id) VALUES (14, 157);
INSERT INTO recipe_cook(recipe_id, cook_id) VALUES (14, 87);
INSERT INTO recipe_cook(recipe_id, cook_id) VALUES (14, 8);
INSERT INTO recipe_theme(recipe_id, theme_id) VALUES (14, 27);
INSERT INTO recipe_theme(recipe_id, theme_id) VALUES (14, 18);
INSERT INTO recipe_tip(recipe_id, tip_id) VALUES (14, 29);
INSERT INTO recipe_tip(recipe_id, tip_id) VALUES (14, 37);
INSERT INTO recipe_tip(recipe_id, tip_id) VALUES (14, 32);

INSERT INTO recipe(baking, cuisine_id, difficulty, title, recipe_description, prep_time, cook_time, portions, fat_portion, protein_portion, carbo_portion, picture, picture_description) VALUES(0, 34, 4,'Chicken Noodle Soup', 'Parent discussion meeting second because hit. Religious economic budget easy unit. Big performance decade assume agreement. Chance second opportunity detail clear Democrat.', 25, 60, 3, 10, 15,70, 'https://placekitten.com/890/529', 'Room conference together attack cover.');
INSERT INTO recipe_meal_type(recipe_id, meal_type_id) VALUES (15, 4);
INSERT INTO recipe_tag(recipe_id, tag_id) VALUES (15, 69);
INSERT INTO recipe_tag(recipe_id, tag_id) VALUES (15, 52);
INSERT INTO recipe_tag(recipe_id, tag_id) VALUES (15, 85);
INSERT INTO recipe_tag(recipe_id, tag_id) VALUES (15, 24);
INSERT INTO recipe_tag(recipe_id, tag_id) VALUES (15, 88);
INSERT INTO recipe_tag(recipe_id, tag_id) VALUES (15, 81);
INSERT INTO recipe_tag(recipe_id, tag_id) VALUES (15, 90);
INSERT INTO recipe_equipment(recipe_id, equipment_id, num) VALUES (15, 9, 1);
INSERT INTO recipe_equipment(recipe_id, equipment_id, num) VALUES (15, 17, 3);
INSERT INTO recipe_equipment(recipe_id, equipment_id, num) VALUES (15, 13, 4);
INSERT INTO recipe_equipment(recipe_id, equipment_id, num) VALUES (15, 8, 1);
INSERT INTO recipe_equipment(recipe_id, equipment_id, num) VALUES (15, 6, 4);
INSERT INTO recipe_cook(recipe_id, cook_id) VALUES (15, 195);
INSERT INTO recipe_cook(recipe_id, cook_id) VALUES (15, 15);
INSERT INTO recipe_cook(recipe_id, cook_id) VALUES (15, 54);
INSERT INTO recipe_cook(recipe_id, cook_id) VALUES (15, 28);
INSERT INTO recipe_cook(recipe_id, cook_id) VALUES (15, 43);
INSERT INTO recipe_cook(recipe_id, cook_id) VALUES (15, 141);
INSERT INTO recipe_cook(recipe_id, cook_id) VALUES (15, 116);
INSERT INTO recipe_cook(recipe_id, cook_id) VALUES (15, 105);
INSERT INTO recipe_cook(recipe_id, cook_id) VALUES (15, 27);
INSERT INTO recipe_cook(recipe_id, cook_id) VALUES (15, 56);
INSERT INTO recipe_cook(recipe_id, cook_id) VALUES (15, 101);
INSERT INTO recipe_cook(recipe_id, cook_id) VALUES (15, 192);
INSERT INTO recipe_cook(recipe_id, cook_id) VALUES (15, 197);
INSERT INTO recipe_cook(recipe_id, cook_id) VALUES (15, 63);
INSERT INTO recipe_cook(recipe_id, cook_id) VALUES (15, 26);
INSERT INTO recipe_cook(recipe_id, cook_id) VALUES (15, 185);
INSERT INTO recipe_cook(recipe_id, cook_id) VALUES (15, 21);
INSERT INTO recipe_cook(recipe_id, cook_id) VALUES (15, 162);
INSERT INTO recipe_cook(recipe_id, cook_id) VALUES (15, 127);
INSERT INTO recipe_cook(recipe_id, cook_id) VALUES (15, 84);
INSERT INTO recipe_cook(recipe_id, cook_id) VALUES (15, 114);
INSERT INTO recipe_cook(recipe_id, cook_id) VALUES (15, 6);
INSERT INTO recipe_cook(recipe_id, cook_id) VALUES (15, 9);
INSERT INTO recipe_cook(recipe_id, cook_id) VALUES (15, 125);
INSERT INTO recipe_cook(recipe_id, cook_id) VALUES (15, 176);
INSERT INTO recipe_cook(recipe_id, cook_id) VALUES (15, 35);
INSERT INTO recipe_cook(recipe_id, cook_id) VALUES (15, 68);
INSERT INTO recipe_cook(recipe_id, cook_id) VALUES (15, 164);
INSERT INTO recipe_cook(recipe_id, cook_id) VALUES (15, 120);
INSERT INTO recipe_cook(recipe_id, cook_id) VALUES (15, 75);
INSERT INTO recipe_cook(recipe_id, cook_id) VALUES (15, 161);
INSERT INTO recipe_cook(recipe_id, cook_id) VALUES (15, 14);
INSERT INTO recipe_cook(recipe_id, cook_id) VALUES (15, 115);
INSERT INTO recipe_cook(recipe_id, cook_id) VALUES (15, 74);
INSERT INTO recipe_cook(recipe_id, cook_id) VALUES (15, 112);
INSERT INTO recipe_cook(recipe_id, cook_id) VALUES (15, 19);
INSERT INTO recipe_cook(recipe_id, cook_id) VALUES (15, 169);
INSERT INTO recipe_cook(recipe_id, cook_id) VALUES (15, 93);
INSERT INTO recipe_cook(recipe_id, cook_id) VALUES (15, 42);
INSERT INTO recipe_cook(recipe_id, cook_id) VALUES (15, 135);
INSERT INTO recipe_cook(recipe_id, cook_id) VALUES (15, 148);
INSERT INTO recipe_cook(recipe_id, cook_id) VALUES (15, 92);
INSERT INTO recipe_cook(recipe_id, cook_id) VALUES (15, 171);
INSERT INTO recipe_cook(recipe_id, cook_id) VALUES (15, 177);
INSERT INTO recipe_cook(recipe_id, cook_id) VALUES (15, 29);
INSERT INTO recipe_cook(recipe_id, cook_id) VALUES (15, 139);
INSERT INTO recipe_cook(recipe_id, cook_id) VALUES (15, 99);
INSERT INTO recipe_cook(recipe_id, cook_id) VALUES (15, 111);
INSERT INTO recipe_cook(recipe_id, cook_id) VALUES (15, 22);
INSERT INTO recipe_cook(recipe_id, cook_id) VALUES (15, 23);
INSERT INTO recipe_cook(recipe_id, cook_id) VALUES (15, 20);
INSERT INTO recipe_cook(recipe_id, cook_id) VALUES (15, 175);
INSERT INTO recipe_cook(recipe_id, cook_id) VALUES (15, 4);
INSERT INTO recipe_cook(recipe_id, cook_id) VALUES (15, 45);
INSERT INTO recipe_cook(recipe_id, cook_id) VALUES (15, 81);
INSERT INTO recipe_cook(recipe_id, cook_id) VALUES (15, 167);
INSERT INTO recipe_cook(recipe_id, cook_id) VALUES (15, 181);
INSERT INTO recipe_cook(recipe_id, cook_id) VALUES (15, 153);
INSERT INTO recipe_cook(recipe_id, cook_id) VALUES (15, 46);
INSERT INTO recipe_cook(recipe_id, cook_id) VALUES (15, 117);
INSERT INTO recipe_cook(recipe_id, cook_id) VALUES (15, 59);
INSERT INTO recipe_cook(recipe_id, cook_id) VALUES (15, 140);
INSERT INTO recipe_cook(recipe_id, cook_id) VALUES (15, 151);
INSERT INTO recipe_cook(recipe_id, cook_id) VALUES (15, 64);
INSERT INTO recipe_cook(recipe_id, cook_id) VALUES (15, 172);
INSERT INTO recipe_cook(recipe_id, cook_id) VALUES (15, 102);
INSERT INTO recipe_cook(recipe_id, cook_id) VALUES (15, 39);
INSERT INTO recipe_cook(recipe_id, cook_id) VALUES (15, 17);
INSERT INTO recipe_cook(recipe_id, cook_id) VALUES (15, 90);
INSERT INTO recipe_cook(recipe_id, cook_id) VALUES (15, 48);
INSERT INTO recipe_cook(recipe_id, cook_id) VALUES (15, 88);
INSERT INTO recipe_cook(recipe_id, cook_id) VALUES (15, 97);
INSERT INTO recipe_cook(recipe_id, cook_id) VALUES (15, 73);
INSERT INTO recipe_cook(recipe_id, cook_id) VALUES (15, 193);
INSERT INTO recipe_cook(recipe_id, cook_id) VALUES (15, 196);
INSERT INTO recipe_cook(recipe_id, cook_id) VALUES (15, 57);
INSERT INTO recipe_cook(recipe_id, cook_id) VALUES (15, 110);
INSERT INTO recipe_cook(recipe_id, cook_id) VALUES (15, 154);
INSERT INTO recipe_cook(recipe_id, cook_id) VALUES (15, 87);
INSERT INTO recipe_cook(recipe_id, cook_id) VALUES (15, 91);
INSERT INTO recipe_cook(recipe_id, cook_id) VALUES (15, 94);
INSERT INTO recipe_cook(recipe_id, cook_id) VALUES (15, 118);
INSERT INTO recipe_cook(recipe_id, cook_id) VALUES (15, 146);
INSERT INTO recipe_cook(recipe_id, cook_id) VALUES (15, 198);
INSERT INTO recipe_cook(recipe_id, cook_id) VALUES (15, 40);
INSERT INTO recipe_cook(recipe_id, cook_id) VALUES (15, 178);
INSERT INTO recipe_cook(recipe_id, cook_id) VALUES (15, 188);
INSERT INTO recipe_cook(recipe_id, cook_id) VALUES (15, 168);
INSERT INTO recipe_cook(recipe_id, cook_id) VALUES (15, 67);
INSERT INTO recipe_cook(recipe_id, cook_id) VALUES (15, 53);
INSERT INTO recipe_cook(recipe_id, cook_id) VALUES (15, 65);
INSERT INTO recipe_cook(recipe_id, cook_id) VALUES (15, 179);
INSERT INTO recipe_cook(recipe_id, cook_id) VALUES (15, 2);
INSERT INTO recipe_cook(recipe_id, cook_id) VALUES (15, 86);
INSERT INTO recipe_cook(recipe_id, cook_id) VALUES (15, 98);
INSERT INTO recipe_cook(recipe_id, cook_id) VALUES (15, 183);
INSERT INTO recipe_cook(recipe_id, cook_id) VALUES (15, 152);
INSERT INTO recipe_cook(recipe_id, cook_id) VALUES (15, 187);
INSERT INTO recipe_cook(recipe_id, cook_id) VALUES (15, 184);
INSERT INTO recipe_cook(recipe_id, cook_id) VALUES (15, 49);
INSERT INTO recipe_cook(recipe_id, cook_id) VALUES (15, 160);
INSERT INTO recipe_cook(recipe_id, cook_id) VALUES (15, 126);
INSERT INTO recipe_cook(recipe_id, cook_id) VALUES (15, 190);
INSERT INTO recipe_cook(recipe_id, cook_id) VALUES (15, 34);
INSERT INTO recipe_cook(recipe_id, cook_id) VALUES (15, 80);
INSERT INTO recipe_cook(recipe_id, cook_id) VALUES (15, 170);
INSERT INTO recipe_cook(recipe_id, cook_id) VALUES (15, 130);
INSERT INTO recipe_cook(recipe_id, cook_id) VALUES (15, 173);
INSERT INTO recipe_cook(recipe_id, cook_id) VALUES (15, 18);
INSERT INTO recipe_cook(recipe_id, cook_id) VALUES (15, 199);
INSERT INTO recipe_cook(recipe_id, cook_id) VALUES (15, 144);
INSERT INTO recipe_cook(recipe_id, cook_id) VALUES (15, 44);
INSERT INTO recipe_cook(recipe_id, cook_id) VALUES (15, 155);
INSERT INTO recipe_cook(recipe_id, cook_id) VALUES (15, 31);
INSERT INTO recipe_cook(recipe_id, cook_id) VALUES (15, 138);
INSERT INTO recipe_cook(recipe_id, cook_id) VALUES (15, 103);
INSERT INTO recipe_cook(recipe_id, cook_id) VALUES (15, 96);
INSERT INTO recipe_cook(recipe_id, cook_id) VALUES (15, 66);
INSERT INTO recipe_cook(recipe_id, cook_id) VALUES (15, 104);
INSERT INTO recipe_cook(recipe_id, cook_id) VALUES (15, 11);
INSERT INTO recipe_cook(recipe_id, cook_id) VALUES (15, 158);
INSERT INTO recipe_cook(recipe_id, cook_id) VALUES (15, 132);
INSERT INTO recipe_cook(recipe_id, cook_id) VALUES (15, 165);
INSERT INTO recipe_cook(recipe_id, cook_id) VALUES (15, 182);
INSERT INTO recipe_cook(recipe_id, cook_id) VALUES (15, 33);
INSERT INTO recipe_cook(recipe_id, cook_id) VALUES (15, 51);
INSERT INTO recipe_cook(recipe_id, cook_id) VALUES (15, 76);
INSERT INTO recipe_cook(recipe_id, cook_id) VALUES (15, 1);
INSERT INTO recipe_cook(recipe_id, cook_id) VALUES (15, 121);
INSERT INTO recipe_cook(recipe_id, cook_id) VALUES (15, 134);
INSERT INTO recipe_cook(recipe_id, cook_id) VALUES (15, 3);
INSERT INTO recipe_cook(recipe_id, cook_id) VALUES (15, 109);
INSERT INTO recipe_cook(recipe_id, cook_id) VALUES (15, 137);
INSERT INTO recipe_cook(recipe_id, cook_id) VALUES (15, 143);
INSERT INTO recipe_cook(recipe_id, cook_id) VALUES (15, 163);
INSERT INTO recipe_cook(recipe_id, cook_id) VALUES (15, 61);
INSERT INTO recipe_cook(recipe_id, cook_id) VALUES (15, 191);
INSERT INTO recipe_theme(recipe_id, theme_id) VALUES (15, 32);
INSERT INTO recipe_theme(recipe_id, theme_id) VALUES (15, 14);
INSERT INTO recipe_tip(recipe_id, tip_id) VALUES (15, 17);
INSERT INTO recipe_tip(recipe_id, tip_id) VALUES (15, 40);

INSERT INTO recipe(baking, cuisine_id, difficulty, title, recipe_description, prep_time, cook_time, portions, fat_portion, protein_portion, carbo_portion, picture, picture_description) VALUES(0, 45, 3,'Vegetarian Chili', 'Ten necessary entire peace senior win. Shoulder American west bar bit. Mother free outside purpose election behavior describe husband. Fine a response baby section. Culture religious million red after else modern.', 75, 60, 3, 25, 0,80, 'https://picsum.photos/795/69', 'Once ball discuss paper raise yourself receive.');
INSERT INTO recipe_meal_type(recipe_id, meal_type_id) VALUES (16, 4);
INSERT INTO recipe_tag(recipe_id, tag_id) VALUES (16, 27);
INSERT INTO recipe_tag(recipe_id, tag_id) VALUES (16, 71);
INSERT INTO recipe_equipment(recipe_id, equipment_id, num) VALUES (16, 11, 2);
INSERT INTO recipe_equipment(recipe_id, equipment_id, num) VALUES (16, 10, 4);
INSERT INTO recipe_equipment(recipe_id, equipment_id, num) VALUES (16, 18, 4);
INSERT INTO recipe_equipment(recipe_id, equipment_id, num) VALUES (16, 16, 3);
INSERT INTO recipe_cook(recipe_id, cook_id) VALUES (16, 158);
INSERT INTO recipe_theme(recipe_id, theme_id) VALUES (16, 2);
INSERT INTO recipe_tip(recipe_id, tip_id) VALUES (16, 6);

INSERT INTO recipe(baking, cuisine_id, difficulty, title, recipe_description, prep_time, cook_time, portions, fat_portion, protein_portion, carbo_portion, picture, picture_description) VALUES(1, 32, 1,'Vegetable Stir-Fry', 'Future identify town compare rich. Similar realize out wonder. Meeting be evidence. Cell them bring measure necessary.', 25, 110, 4, 5, 50,40, 'https://dummyimage.com/222x365', 'Somebody go by Mr heart model.');
INSERT INTO recipe_meal_type(recipe_id, meal_type_id) VALUES (17, 6);
INSERT INTO recipe_tag(recipe_id, tag_id) VALUES (17, 62);
INSERT INTO recipe_tag(recipe_id, tag_id) VALUES (17, 68);
INSERT INTO recipe_tag(recipe_id, tag_id) VALUES (17, 81);
INSERT INTO recipe_tag(recipe_id, tag_id) VALUES (17, 87);
INSERT INTO recipe_tag(recipe_id, tag_id) VALUES (17, 91);
INSERT INTO recipe_tag(recipe_id, tag_id) VALUES (17, 15);
INSERT INTO recipe_equipment(recipe_id, equipment_id, num) VALUES (17, 13, 4);
INSERT INTO recipe_equipment(recipe_id, equipment_id, num) VALUES (17, 12, 1);
INSERT INTO recipe_equipment(recipe_id, equipment_id, num) VALUES (17, 11, 1);
INSERT INTO recipe_equipment(recipe_id, equipment_id, num) VALUES (17, 1, 2);
INSERT INTO recipe_equipment(recipe_id, equipment_id, num) VALUES (17, 17, 4);
INSERT INTO recipe_equipment(recipe_id, equipment_id, num) VALUES (17, 2, 4);
INSERT INTO recipe_equipment(recipe_id, equipment_id, num) VALUES (17, 15, 3);
INSERT INTO recipe_cook(recipe_id, cook_id) VALUES (17, 117);
INSERT INTO recipe_cook(recipe_id, cook_id) VALUES (17, 35);
INSERT INTO recipe_cook(recipe_id, cook_id) VALUES (17, 189);
INSERT INTO recipe_cook(recipe_id, cook_id) VALUES (17, 70);
INSERT INTO recipe_cook(recipe_id, cook_id) VALUES (17, 123);
INSERT INTO recipe_cook(recipe_id, cook_id) VALUES (17, 126);
INSERT INTO recipe_cook(recipe_id, cook_id) VALUES (17, 178);
INSERT INTO recipe_cook(recipe_id, cook_id) VALUES (17, 196);
INSERT INTO recipe_cook(recipe_id, cook_id) VALUES (17, 156);
INSERT INTO recipe_cook(recipe_id, cook_id) VALUES (17, 141);
INSERT INTO recipe_cook(recipe_id, cook_id) VALUES (17, 78);
INSERT INTO recipe_cook(recipe_id, cook_id) VALUES (17, 80);
INSERT INTO recipe_cook(recipe_id, cook_id) VALUES (17, 82);
INSERT INTO recipe_cook(recipe_id, cook_id) VALUES (17, 125);
INSERT INTO recipe_cook(recipe_id, cook_id) VALUES (17, 92);
INSERT INTO recipe_cook(recipe_id, cook_id) VALUES (17, 60);
INSERT INTO recipe_cook(recipe_id, cook_id) VALUES (17, 18);
INSERT INTO recipe_cook(recipe_id, cook_id) VALUES (17, 113);
INSERT INTO recipe_cook(recipe_id, cook_id) VALUES (17, 58);
INSERT INTO recipe_cook(recipe_id, cook_id) VALUES (17, 100);
INSERT INTO recipe_cook(recipe_id, cook_id) VALUES (17, 172);
INSERT INTO recipe_cook(recipe_id, cook_id) VALUES (17, 107);
INSERT INTO recipe_cook(recipe_id, cook_id) VALUES (17, 194);
INSERT INTO recipe_cook(recipe_id, cook_id) VALUES (17, 142);
INSERT INTO recipe_cook(recipe_id, cook_id) VALUES (17, 146);
INSERT INTO recipe_cook(recipe_id, cook_id) VALUES (17, 66);
INSERT INTO recipe_cook(recipe_id, cook_id) VALUES (17, 179);
INSERT INTO recipe_cook(recipe_id, cook_id) VALUES (17, 71);
INSERT INTO recipe_cook(recipe_id, cook_id) VALUES (17, 84);
INSERT INTO recipe_cook(recipe_id, cook_id) VALUES (17, 93);
INSERT INTO recipe_cook(recipe_id, cook_id) VALUES (17, 160);
INSERT INTO recipe_cook(recipe_id, cook_id) VALUES (17, 166);
INSERT INTO recipe_cook(recipe_id, cook_id) VALUES (17, 64);
INSERT INTO recipe_cook(recipe_id, cook_id) VALUES (17, 85);
INSERT INTO recipe_cook(recipe_id, cook_id) VALUES (17, 96);
INSERT INTO recipe_cook(recipe_id, cook_id) VALUES (17, 188);
INSERT INTO recipe_cook(recipe_id, cook_id) VALUES (17, 29);
INSERT INTO recipe_cook(recipe_id, cook_id) VALUES (17, 108);
INSERT INTO recipe_cook(recipe_id, cook_id) VALUES (17, 120);
INSERT INTO recipe_cook(recipe_id, cook_id) VALUES (17, 130);
INSERT INTO recipe_cook(recipe_id, cook_id) VALUES (17, 15);
INSERT INTO recipe_cook(recipe_id, cook_id) VALUES (17, 65);
INSERT INTO recipe_cook(recipe_id, cook_id) VALUES (17, 87);
INSERT INTO recipe_cook(recipe_id, cook_id) VALUES (17, 91);
INSERT INTO recipe_cook(recipe_id, cook_id) VALUES (17, 184);
INSERT INTO recipe_cook(recipe_id, cook_id) VALUES (17, 119);
INSERT INTO recipe_cook(recipe_id, cook_id) VALUES (17, 170);
INSERT INTO recipe_cook(recipe_id, cook_id) VALUES (17, 164);
INSERT INTO recipe_cook(recipe_id, cook_id) VALUES (17, 94);
INSERT INTO recipe_cook(recipe_id, cook_id) VALUES (17, 10);
INSERT INTO recipe_cook(recipe_id, cook_id) VALUES (17, 116);
INSERT INTO recipe_cook(recipe_id, cook_id) VALUES (17, 7);
INSERT INTO recipe_cook(recipe_id, cook_id) VALUES (17, 26);
INSERT INTO recipe_cook(recipe_id, cook_id) VALUES (17, 106);
INSERT INTO recipe_cook(recipe_id, cook_id) VALUES (17, 40);
INSERT INTO recipe_cook(recipe_id, cook_id) VALUES (17, 159);
INSERT INTO recipe_cook(recipe_id, cook_id) VALUES (17, 61);
INSERT INTO recipe_cook(recipe_id, cook_id) VALUES (17, 102);
INSERT INTO recipe_cook(recipe_id, cook_id) VALUES (17, 62);
INSERT INTO recipe_cook(recipe_id, cook_id) VALUES (17, 30);
INSERT INTO recipe_cook(recipe_id, cook_id) VALUES (17, 151);
INSERT INTO recipe_cook(recipe_id, cook_id) VALUES (17, 150);
INSERT INTO recipe_cook(recipe_id, cook_id) VALUES (17, 25);
INSERT INTO recipe_cook(recipe_id, cook_id) VALUES (17, 43);
INSERT INTO recipe_cook(recipe_id, cook_id) VALUES (17, 46);
INSERT INTO recipe_cook(recipe_id, cook_id) VALUES (17, 180);
INSERT INTO recipe_cook(recipe_id, cook_id) VALUES (17, 79);
INSERT INTO recipe_cook(recipe_id, cook_id) VALUES (17, 4);
INSERT INTO recipe_cook(recipe_id, cook_id) VALUES (17, 44);
INSERT INTO recipe_cook(recipe_id, cook_id) VALUES (17, 88);
INSERT INTO recipe_cook(recipe_id, cook_id) VALUES (17, 118);
INSERT INTO recipe_cook(recipe_id, cook_id) VALUES (17, 183);
INSERT INTO recipe_cook(recipe_id, cook_id) VALUES (17, 112);
INSERT INTO recipe_cook(recipe_id, cook_id) VALUES (17, 89);
INSERT INTO recipe_cook(recipe_id, cook_id) VALUES (17, 2);
INSERT INTO recipe_cook(recipe_id, cook_id) VALUES (17, 97);
INSERT INTO recipe_cook(recipe_id, cook_id) VALUES (17, 176);
INSERT INTO recipe_cook(recipe_id, cook_id) VALUES (17, 134);
INSERT INTO recipe_cook(recipe_id, cook_id) VALUES (17, 165);
INSERT INTO recipe_cook(recipe_id, cook_id) VALUES (17, 99);
INSERT INTO recipe_cook(recipe_id, cook_id) VALUES (17, 39);
INSERT INTO recipe_cook(recipe_id, cook_id) VALUES (17, 139);
INSERT INTO recipe_cook(recipe_id, cook_id) VALUES (17, 127);
INSERT INTO recipe_cook(recipe_id, cook_id) VALUES (17, 186);
INSERT INTO recipe_cook(recipe_id, cook_id) VALUES (17, 74);
INSERT INTO recipe_cook(recipe_id, cook_id) VALUES (17, 56);
INSERT INTO recipe_cook(recipe_id, cook_id) VALUES (17, 195);
INSERT INTO recipe_cook(recipe_id, cook_id) VALUES (17, 148);
INSERT INTO recipe_cook(recipe_id, cook_id) VALUES (17, 3);
INSERT INTO recipe_cook(recipe_id, cook_id) VALUES (17, 185);
INSERT INTO recipe_cook(recipe_id, cook_id) VALUES (17, 199);
INSERT INTO recipe_cook(recipe_id, cook_id) VALUES (17, 9);
INSERT INTO recipe_cook(recipe_id, cook_id) VALUES (17, 51);
INSERT INTO recipe_cook(recipe_id, cook_id) VALUES (17, 104);
INSERT INTO recipe_cook(recipe_id, cook_id) VALUES (17, 47);
INSERT INTO recipe_cook(recipe_id, cook_id) VALUES (17, 5);
INSERT INTO recipe_cook(recipe_id, cook_id) VALUES (17, 38);
INSERT INTO recipe_cook(recipe_id, cook_id) VALUES (17, 28);
INSERT INTO recipe_cook(recipe_id, cook_id) VALUES (17, 168);
INSERT INTO recipe_cook(recipe_id, cook_id) VALUES (17, 95);
INSERT INTO recipe_cook(recipe_id, cook_id) VALUES (17, 114);
INSERT INTO recipe_cook(recipe_id, cook_id) VALUES (17, 90);
INSERT INTO recipe_cook(recipe_id, cook_id) VALUES (17, 11);
INSERT INTO recipe_cook(recipe_id, cook_id) VALUES (17, 187);
INSERT INTO recipe_cook(recipe_id, cook_id) VALUES (17, 101);
INSERT INTO recipe_cook(recipe_id, cook_id) VALUES (17, 198);
INSERT INTO recipe_cook(recipe_id, cook_id) VALUES (17, 103);
INSERT INTO recipe_cook(recipe_id, cook_id) VALUES (17, 144);
INSERT INTO recipe_cook(recipe_id, cook_id) VALUES (17, 41);
INSERT INTO recipe_cook(recipe_id, cook_id) VALUES (17, 6);
INSERT INTO recipe_cook(recipe_id, cook_id) VALUES (17, 182);
INSERT INTO recipe_cook(recipe_id, cook_id) VALUES (17, 181);
INSERT INTO recipe_cook(recipe_id, cook_id) VALUES (17, 37);
INSERT INTO recipe_cook(recipe_id, cook_id) VALUES (17, 53);
INSERT INTO recipe_cook(recipe_id, cook_id) VALUES (17, 131);
INSERT INTO recipe_cook(recipe_id, cook_id) VALUES (17, 73);
INSERT INTO recipe_cook(recipe_id, cook_id) VALUES (17, 14);
INSERT INTO recipe_cook(recipe_id, cook_id) VALUES (17, 173);
INSERT INTO recipe_cook(recipe_id, cook_id) VALUES (17, 135);
INSERT INTO recipe_cook(recipe_id, cook_id) VALUES (17, 34);
INSERT INTO recipe_cook(recipe_id, cook_id) VALUES (17, 67);
INSERT INTO recipe_cook(recipe_id, cook_id) VALUES (17, 17);
INSERT INTO recipe_cook(recipe_id, cook_id) VALUES (17, 33);
INSERT INTO recipe_cook(recipe_id, cook_id) VALUES (17, 21);
INSERT INTO recipe_cook(recipe_id, cook_id) VALUES (17, 138);
INSERT INTO recipe_cook(recipe_id, cook_id) VALUES (17, 110);
INSERT INTO recipe_cook(recipe_id, cook_id) VALUES (17, 171);
INSERT INTO recipe_cook(recipe_id, cook_id) VALUES (17, 158);
INSERT INTO recipe_cook(recipe_id, cook_id) VALUES (17, 197);
INSERT INTO recipe_cook(recipe_id, cook_id) VALUES (17, 133);
INSERT INTO recipe_cook(recipe_id, cook_id) VALUES (17, 98);
INSERT INTO recipe_cook(recipe_id, cook_id) VALUES (17, 149);
INSERT INTO recipe_cook(recipe_id, cook_id) VALUES (17, 83);
INSERT INTO recipe_cook(recipe_id, cook_id) VALUES (17, 12);
INSERT INTO recipe_cook(recipe_id, cook_id) VALUES (17, 140);
INSERT INTO recipe_cook(recipe_id, cook_id) VALUES (17, 45);
INSERT INTO recipe_cook(recipe_id, cook_id) VALUES (17, 161);
INSERT INTO recipe_cook(recipe_id, cook_id) VALUES (17, 152);
INSERT INTO recipe_cook(recipe_id, cook_id) VALUES (17, 167);
INSERT INTO recipe_cook(recipe_id, cook_id) VALUES (17, 16);
INSERT INTO recipe_cook(recipe_id, cook_id) VALUES (17, 177);
INSERT INTO recipe_cook(recipe_id, cook_id) VALUES (17, 121);
INSERT INTO recipe_cook(recipe_id, cook_id) VALUES (17, 63);
INSERT INTO recipe_cook(recipe_id, cook_id) VALUES (17, 69);
INSERT INTO recipe_cook(recipe_id, cook_id) VALUES (17, 42);
INSERT INTO recipe_cook(recipe_id, cook_id) VALUES (17, 20);
INSERT INTO recipe_cook(recipe_id, cook_id) VALUES (17, 36);
INSERT INTO recipe_cook(recipe_id, cook_id) VALUES (17, 72);
INSERT INTO recipe_cook(recipe_id, cook_id) VALUES (17, 1);
INSERT INTO recipe_cook(recipe_id, cook_id) VALUES (17, 48);
INSERT INTO recipe_cook(recipe_id, cook_id) VALUES (17, 175);
INSERT INTO recipe_cook(recipe_id, cook_id) VALUES (17, 55);
INSERT INTO recipe_cook(recipe_id, cook_id) VALUES (17, 137);
INSERT INTO recipe_cook(recipe_id, cook_id) VALUES (17, 57);
INSERT INTO recipe_cook(recipe_id, cook_id) VALUES (17, 143);
INSERT INTO recipe_cook(recipe_id, cook_id) VALUES (17, 163);
INSERT INTO recipe_cook(recipe_id, cook_id) VALUES (17, 32);
INSERT INTO recipe_cook(recipe_id, cook_id) VALUES (17, 129);
INSERT INTO recipe_theme(recipe_id, theme_id) VALUES (17, 2);
INSERT INTO recipe_theme(recipe_id, theme_id) VALUES (17, 12);
INSERT INTO recipe_theme(recipe_id, theme_id) VALUES (17, 28);
INSERT INTO recipe_tip(recipe_id, tip_id) VALUES (17, 16);
INSERT INTO recipe_tip(recipe_id, tip_id) VALUES (17, 13);
INSERT INTO recipe_tip(recipe_id, tip_id) VALUES (17, 40);

INSERT INTO recipe(baking, cuisine_id, difficulty, title, recipe_description, prep_time, cook_time, portions, fat_portion, protein_portion, carbo_portion, picture, picture_description) VALUES(1, 4, 1,'Lemon Meringue Pie', 'Mouth official they author. Force imagine reduce career sense.', 85, 100, 1, 40, 0,80, 'https://dummyimage.com/29x374', 'Successful theory find trade like.');
INSERT INTO recipe_meal_type(recipe_id, meal_type_id) VALUES (18, 2);
INSERT INTO recipe_tag(recipe_id, tag_id) VALUES (18, 26);
INSERT INTO recipe_equipment(recipe_id, equipment_id, num) VALUES (18, 13, 1);
INSERT INTO recipe_equipment(recipe_id, equipment_id, num) VALUES (18, 20, 1);
INSERT INTO recipe_equipment(recipe_id, equipment_id, num) VALUES (18, 19, 2);
INSERT INTO recipe_equipment(recipe_id, equipment_id, num) VALUES (18, 18, 2);
INSERT INTO recipe_equipment(recipe_id, equipment_id, num) VALUES (18, 10, 3);
INSERT INTO recipe_equipment(recipe_id, equipment_id, num) VALUES (18, 11, 3);
INSERT INTO recipe_cook(recipe_id, cook_id) VALUES (18, 63);
INSERT INTO recipe_cook(recipe_id, cook_id) VALUES (18, 145);
INSERT INTO recipe_cook(recipe_id, cook_id) VALUES (18, 134);
INSERT INTO recipe_cook(recipe_id, cook_id) VALUES (18, 136);
INSERT INTO recipe_cook(recipe_id, cook_id) VALUES (18, 2);
INSERT INTO recipe_cook(recipe_id, cook_id) VALUES (18, 11);
INSERT INTO recipe_cook(recipe_id, cook_id) VALUES (18, 21);
INSERT INTO recipe_cook(recipe_id, cook_id) VALUES (18, 62);
INSERT INTO recipe_cook(recipe_id, cook_id) VALUES (18, 194);
INSERT INTO recipe_cook(recipe_id, cook_id) VALUES (18, 186);
INSERT INTO recipe_cook(recipe_id, cook_id) VALUES (18, 199);
INSERT INTO recipe_cook(recipe_id, cook_id) VALUES (18, 131);
INSERT INTO recipe_cook(recipe_id, cook_id) VALUES (18, 200);
INSERT INTO recipe_cook(recipe_id, cook_id) VALUES (18, 185);
INSERT INTO recipe_cook(recipe_id, cook_id) VALUES (18, 182);
INSERT INTO recipe_cook(recipe_id, cook_id) VALUES (18, 57);
INSERT INTO recipe_cook(recipe_id, cook_id) VALUES (18, 65);
INSERT INTO recipe_cook(recipe_id, cook_id) VALUES (18, 181);
INSERT INTO recipe_cook(recipe_id, cook_id) VALUES (18, 96);
INSERT INTO recipe_cook(recipe_id, cook_id) VALUES (18, 112);
INSERT INTO recipe_cook(recipe_id, cook_id) VALUES (18, 125);
INSERT INTO recipe_cook(recipe_id, cook_id) VALUES (18, 188);
INSERT INTO recipe_cook(recipe_id, cook_id) VALUES (18, 41);
INSERT INTO recipe_cook(recipe_id, cook_id) VALUES (18, 4);
INSERT INTO recipe_cook(recipe_id, cook_id) VALUES (18, 36);
INSERT INTO recipe_cook(recipe_id, cook_id) VALUES (18, 5);
INSERT INTO recipe_cook(recipe_id, cook_id) VALUES (18, 71);
INSERT INTO recipe_cook(recipe_id, cook_id) VALUES (18, 159);
INSERT INTO recipe_cook(recipe_id, cook_id) VALUES (18, 184);
INSERT INTO recipe_cook(recipe_id, cook_id) VALUES (18, 31);
INSERT INTO recipe_cook(recipe_id, cook_id) VALUES (18, 171);
INSERT INTO recipe_cook(recipe_id, cook_id) VALUES (18, 3);
INSERT INTO recipe_cook(recipe_id, cook_id) VALUES (18, 132);
INSERT INTO recipe_cook(recipe_id, cook_id) VALUES (18, 113);
INSERT INTO recipe_cook(recipe_id, cook_id) VALUES (18, 78);
INSERT INTO recipe_cook(recipe_id, cook_id) VALUES (18, 140);
INSERT INTO recipe_cook(recipe_id, cook_id) VALUES (18, 75);
INSERT INTO recipe_cook(recipe_id, cook_id) VALUES (18, 93);
INSERT INTO recipe_cook(recipe_id, cook_id) VALUES (18, 153);
INSERT INTO recipe_cook(recipe_id, cook_id) VALUES (18, 158);
INSERT INTO recipe_cook(recipe_id, cook_id) VALUES (18, 163);
INSERT INTO recipe_cook(recipe_id, cook_id) VALUES (18, 16);
INSERT INTO recipe_cook(recipe_id, cook_id) VALUES (18, 79);
INSERT INTO recipe_cook(recipe_id, cook_id) VALUES (18, 137);
INSERT INTO recipe_cook(recipe_id, cook_id) VALUES (18, 13);
INSERT INTO recipe_cook(recipe_id, cook_id) VALUES (18, 70);
INSERT INTO recipe_cook(recipe_id, cook_id) VALUES (18, 123);
INSERT INTO recipe_cook(recipe_id, cook_id) VALUES (18, 55);
INSERT INTO recipe_cook(recipe_id, cook_id) VALUES (18, 149);
INSERT INTO recipe_cook(recipe_id, cook_id) VALUES (18, 191);
INSERT INTO recipe_cook(recipe_id, cook_id) VALUES (18, 133);
INSERT INTO recipe_cook(recipe_id, cook_id) VALUES (18, 187);
INSERT INTO recipe_theme(recipe_id, theme_id) VALUES (18, 27);
INSERT INTO recipe_theme(recipe_id, theme_id) VALUES (18, 2);
INSERT INTO recipe_theme(recipe_id, theme_id) VALUES (18, 1);
INSERT INTO recipe_tip(recipe_id, tip_id) VALUES (18, 40);
INSERT INTO recipe_tip(recipe_id, tip_id) VALUES (18, 3);

INSERT INTO recipe(baking, cuisine_id, difficulty, title, recipe_description, prep_time, cook_time, portions, fat_portion, protein_portion, carbo_portion, picture, picture_description) VALUES(1, 7, 3,'Brownies', 'Staff use military probably. Law prepare sometimes focus various control.', 25, 10, 1, 45, 40,0, 'https://picsum.photos/278/305', 'Trouble consumer side.');
INSERT INTO recipe_meal_type(recipe_id, meal_type_id) VALUES (19, 5);
INSERT INTO recipe_tag(recipe_id, tag_id) VALUES (19, 40);
INSERT INTO recipe_equipment(recipe_id, equipment_id, num) VALUES (19, 10, 4);
INSERT INTO recipe_equipment(recipe_id, equipment_id, num) VALUES (19, 3, 2);
INSERT INTO recipe_equipment(recipe_id, equipment_id, num) VALUES (19, 19, 3);
INSERT INTO recipe_equipment(recipe_id, equipment_id, num) VALUES (19, 12, 3);
INSERT INTO recipe_cook(recipe_id, cook_id) VALUES (19, 97);
INSERT INTO recipe_cook(recipe_id, cook_id) VALUES (19, 44);
INSERT INTO recipe_cook(recipe_id, cook_id) VALUES (19, 98);
INSERT INTO recipe_cook(recipe_id, cook_id) VALUES (19, 78);
INSERT INTO recipe_cook(recipe_id, cook_id) VALUES (19, 150);
INSERT INTO recipe_cook(recipe_id, cook_id) VALUES (19, 68);
INSERT INTO recipe_cook(recipe_id, cook_id) VALUES (19, 126);
INSERT INTO recipe_cook(recipe_id, cook_id) VALUES (19, 16);
INSERT INTO recipe_cook(recipe_id, cook_id) VALUES (19, 149);
INSERT INTO recipe_cook(recipe_id, cook_id) VALUES (19, 137);
INSERT INTO recipe_cook(recipe_id, cook_id) VALUES (19, 17);
INSERT INTO recipe_cook(recipe_id, cook_id) VALUES (19, 156);
INSERT INTO recipe_cook(recipe_id, cook_id) VALUES (19, 123);
INSERT INTO recipe_cook(recipe_id, cook_id) VALUES (19, 21);
INSERT INTO recipe_cook(recipe_id, cook_id) VALUES (19, 112);
INSERT INTO recipe_cook(recipe_id, cook_id) VALUES (19, 85);
INSERT INTO recipe_cook(recipe_id, cook_id) VALUES (19, 129);
INSERT INTO recipe_cook(recipe_id, cook_id) VALUES (19, 104);
INSERT INTO recipe_cook(recipe_id, cook_id) VALUES (19, 116);
INSERT INTO recipe_cook(recipe_id, cook_id) VALUES (19, 90);
INSERT INTO recipe_cook(recipe_id, cook_id) VALUES (19, 1);
INSERT INTO recipe_cook(recipe_id, cook_id) VALUES (19, 87);
INSERT INTO recipe_cook(recipe_id, cook_id) VALUES (19, 195);
INSERT INTO recipe_cook(recipe_id, cook_id) VALUES (19, 198);
INSERT INTO recipe_cook(recipe_id, cook_id) VALUES (19, 10);
INSERT INTO recipe_cook(recipe_id, cook_id) VALUES (19, 15);
INSERT INTO recipe_cook(recipe_id, cook_id) VALUES (19, 88);
INSERT INTO recipe_cook(recipe_id, cook_id) VALUES (19, 162);
INSERT INTO recipe_cook(recipe_id, cook_id) VALUES (19, 144);
INSERT INTO recipe_cook(recipe_id, cook_id) VALUES (19, 53);
INSERT INTO recipe_cook(recipe_id, cook_id) VALUES (19, 109);
INSERT INTO recipe_cook(recipe_id, cook_id) VALUES (19, 40);
INSERT INTO recipe_cook(recipe_id, cook_id) VALUES (19, 67);
INSERT INTO recipe_cook(recipe_id, cook_id) VALUES (19, 189);
INSERT INTO recipe_cook(recipe_id, cook_id) VALUES (19, 52);
INSERT INTO recipe_cook(recipe_id, cook_id) VALUES (19, 89);
INSERT INTO recipe_cook(recipe_id, cook_id) VALUES (19, 179);
INSERT INTO recipe_cook(recipe_id, cook_id) VALUES (19, 158);
INSERT INTO recipe_cook(recipe_id, cook_id) VALUES (19, 171);
INSERT INTO recipe_cook(recipe_id, cook_id) VALUES (19, 75);
INSERT INTO recipe_cook(recipe_id, cook_id) VALUES (19, 79);
INSERT INTO recipe_cook(recipe_id, cook_id) VALUES (19, 130);
INSERT INTO recipe_cook(recipe_id, cook_id) VALUES (19, 180);
INSERT INTO recipe_cook(recipe_id, cook_id) VALUES (19, 186);
INSERT INTO recipe_cook(recipe_id, cook_id) VALUES (19, 185);
INSERT INTO recipe_cook(recipe_id, cook_id) VALUES (19, 101);
INSERT INTO recipe_cook(recipe_id, cook_id) VALUES (19, 117);
INSERT INTO recipe_cook(recipe_id, cook_id) VALUES (19, 194);
INSERT INTO recipe_cook(recipe_id, cook_id) VALUES (19, 24);
INSERT INTO recipe_cook(recipe_id, cook_id) VALUES (19, 49);
INSERT INTO recipe_cook(recipe_id, cook_id) VALUES (19, 165);
INSERT INTO recipe_cook(recipe_id, cook_id) VALUES (19, 59);
INSERT INTO recipe_cook(recipe_id, cook_id) VALUES (19, 107);
INSERT INTO recipe_cook(recipe_id, cook_id) VALUES (19, 37);
INSERT INTO recipe_cook(recipe_id, cook_id) VALUES (19, 38);
INSERT INTO recipe_cook(recipe_id, cook_id) VALUES (19, 131);
INSERT INTO recipe_cook(recipe_id, cook_id) VALUES (19, 56);
INSERT INTO recipe_cook(recipe_id, cook_id) VALUES (19, 136);
INSERT INTO recipe_cook(recipe_id, cook_id) VALUES (19, 178);
INSERT INTO recipe_cook(recipe_id, cook_id) VALUES (19, 121);
INSERT INTO recipe_cook(recipe_id, cook_id) VALUES (19, 147);
INSERT INTO recipe_cook(recipe_id, cook_id) VALUES (19, 152);
INSERT INTO recipe_cook(recipe_id, cook_id) VALUES (19, 51);
INSERT INTO recipe_cook(recipe_id, cook_id) VALUES (19, 148);
INSERT INTO recipe_cook(recipe_id, cook_id) VALUES (19, 128);
INSERT INTO recipe_cook(recipe_id, cook_id) VALUES (19, 96);
INSERT INTO recipe_cook(recipe_id, cook_id) VALUES (19, 166);
INSERT INTO recipe_cook(recipe_id, cook_id) VALUES (19, 93);
INSERT INTO recipe_cook(recipe_id, cook_id) VALUES (19, 120);
INSERT INTO recipe_cook(recipe_id, cook_id) VALUES (19, 177);
INSERT INTO recipe_cook(recipe_id, cook_id) VALUES (19, 145);
INSERT INTO recipe_cook(recipe_id, cook_id) VALUES (19, 122);
INSERT INTO recipe_cook(recipe_id, cook_id) VALUES (19, 139);
INSERT INTO recipe_cook(recipe_id, cook_id) VALUES (19, 77);
INSERT INTO recipe_cook(recipe_id, cook_id) VALUES (19, 140);
INSERT INTO recipe_cook(recipe_id, cook_id) VALUES (19, 163);
INSERT INTO recipe_cook(recipe_id, cook_id) VALUES (19, 4);
INSERT INTO recipe_cook(recipe_id, cook_id) VALUES (19, 70);
INSERT INTO recipe_cook(recipe_id, cook_id) VALUES (19, 146);
INSERT INTO recipe_cook(recipe_id, cook_id) VALUES (19, 32);
INSERT INTO recipe_cook(recipe_id, cook_id) VALUES (19, 7);
INSERT INTO recipe_cook(recipe_id, cook_id) VALUES (19, 19);
INSERT INTO recipe_cook(recipe_id, cook_id) VALUES (19, 154);
INSERT INTO recipe_cook(recipe_id, cook_id) VALUES (19, 23);
INSERT INTO recipe_cook(recipe_id, cook_id) VALUES (19, 57);
INSERT INTO recipe_cook(recipe_id, cook_id) VALUES (19, 91);
INSERT INTO recipe_cook(recipe_id, cook_id) VALUES (19, 143);
INSERT INTO recipe_cook(recipe_id, cook_id) VALUES (19, 175);
INSERT INTO recipe_cook(recipe_id, cook_id) VALUES (19, 43);
INSERT INTO recipe_cook(recipe_id, cook_id) VALUES (19, 63);
INSERT INTO recipe_cook(recipe_id, cook_id) VALUES (19, 81);
INSERT INTO recipe_cook(recipe_id, cook_id) VALUES (19, 35);
INSERT INTO recipe_cook(recipe_id, cook_id) VALUES (19, 48);
INSERT INTO recipe_cook(recipe_id, cook_id) VALUES (19, 9);
INSERT INTO recipe_cook(recipe_id, cook_id) VALUES (19, 187);
INSERT INTO recipe_cook(recipe_id, cook_id) VALUES (19, 20);
INSERT INTO recipe_cook(recipe_id, cook_id) VALUES (19, 27);
INSERT INTO recipe_cook(recipe_id, cook_id) VALUES (19, 66);
INSERT INTO recipe_cook(recipe_id, cook_id) VALUES (19, 135);
INSERT INTO recipe_cook(recipe_id, cook_id) VALUES (19, 34);
INSERT INTO recipe_cook(recipe_id, cook_id) VALUES (19, 76);
INSERT INTO recipe_cook(recipe_id, cook_id) VALUES (19, 47);
INSERT INTO recipe_cook(recipe_id, cook_id) VALUES (19, 118);
INSERT INTO recipe_cook(recipe_id, cook_id) VALUES (19, 172);
INSERT INTO recipe_theme(recipe_id, theme_id) VALUES (19, 15);
INSERT INTO recipe_tip(recipe_id, tip_id) VALUES (19, 13);

INSERT INTO recipe(baking, cuisine_id, difficulty, title, recipe_description, prep_time, cook_time, portions, fat_portion, protein_portion, carbo_portion, picture, picture_description) VALUES(0, 1, 2,'Waffles', 'Beat research allow institution. Fight current see instead security he material wonder. Hit spend kind data. Store finish happen himself agent.', 45, 30, 3, 5, 10,60, 'https://placekitten.com/711/616', 'Avoid perhaps four score cover close focus only.');
INSERT INTO recipe_meal_type(recipe_id, meal_type_id) VALUES (20, 1);
INSERT INTO recipe_tag(recipe_id, tag_id) VALUES (20, 82);
INSERT INTO recipe_tag(recipe_id, tag_id) VALUES (20, 44);
INSERT INTO recipe_tag(recipe_id, tag_id) VALUES (20, 53);
INSERT INTO recipe_tag(recipe_id, tag_id) VALUES (20, 65);
INSERT INTO recipe_tag(recipe_id, tag_id) VALUES (20, 23);
INSERT INTO recipe_equipment(recipe_id, equipment_id, num) VALUES (20, 17, 1);
INSERT INTO recipe_equipment(recipe_id, equipment_id, num) VALUES (20, 4, 3);
INSERT INTO recipe_equipment(recipe_id, equipment_id, num) VALUES (20, 11, 2);
INSERT INTO recipe_cook(recipe_id, cook_id) VALUES (20, 197);
INSERT INTO recipe_cook(recipe_id, cook_id) VALUES (20, 7);
INSERT INTO recipe_cook(recipe_id, cook_id) VALUES (20, 26);
INSERT INTO recipe_cook(recipe_id, cook_id) VALUES (20, 80);
INSERT INTO recipe_cook(recipe_id, cook_id) VALUES (20, 113);
INSERT INTO recipe_cook(recipe_id, cook_id) VALUES (20, 48);
INSERT INTO recipe_cook(recipe_id, cook_id) VALUES (20, 181);
INSERT INTO recipe_cook(recipe_id, cook_id) VALUES (20, 173);
INSERT INTO recipe_cook(recipe_id, cook_id) VALUES (20, 84);
INSERT INTO recipe_cook(recipe_id, cook_id) VALUES (20, 179);
INSERT INTO recipe_cook(recipe_id, cook_id) VALUES (20, 27);
INSERT INTO recipe_cook(recipe_id, cook_id) VALUES (20, 180);
INSERT INTO recipe_cook(recipe_id, cook_id) VALUES (20, 83);
INSERT INTO recipe_cook(recipe_id, cook_id) VALUES (20, 69);
INSERT INTO recipe_cook(recipe_id, cook_id) VALUES (20, 15);
INSERT INTO recipe_cook(recipe_id, cook_id) VALUES (20, 150);
INSERT INTO recipe_cook(recipe_id, cook_id) VALUES (20, 109);
INSERT INTO recipe_cook(recipe_id, cook_id) VALUES (20, 92);
INSERT INTO recipe_cook(recipe_id, cook_id) VALUES (20, 140);
INSERT INTO recipe_cook(recipe_id, cook_id) VALUES (20, 24);
INSERT INTO recipe_cook(recipe_id, cook_id) VALUES (20, 68);
INSERT INTO recipe_cook(recipe_id, cook_id) VALUES (20, 79);
INSERT INTO recipe_cook(recipe_id, cook_id) VALUES (20, 78);
INSERT INTO recipe_cook(recipe_id, cook_id) VALUES (20, 85);
INSERT INTO recipe_cook(recipe_id, cook_id) VALUES (20, 124);
INSERT INTO recipe_cook(recipe_id, cook_id) VALUES (20, 32);
INSERT INTO recipe_cook(recipe_id, cook_id) VALUES (20, 70);
INSERT INTO recipe_cook(recipe_id, cook_id) VALUES (20, 39);
INSERT INTO recipe_cook(recipe_id, cook_id) VALUES (20, 142);
INSERT INTO recipe_cook(recipe_id, cook_id) VALUES (20, 144);
INSERT INTO recipe_cook(recipe_id, cook_id) VALUES (20, 54);
INSERT INTO recipe_cook(recipe_id, cook_id) VALUES (20, 176);
INSERT INTO recipe_cook(recipe_id, cook_id) VALUES (20, 77);
INSERT INTO recipe_cook(recipe_id, cook_id) VALUES (20, 44);
INSERT INTO recipe_cook(recipe_id, cook_id) VALUES (20, 186);
INSERT INTO recipe_cook(recipe_id, cook_id) VALUES (20, 58);
INSERT INTO recipe_cook(recipe_id, cook_id) VALUES (20, 147);
INSERT INTO recipe_cook(recipe_id, cook_id) VALUES (20, 102);
INSERT INTO recipe_cook(recipe_id, cook_id) VALUES (20, 184);
INSERT INTO recipe_cook(recipe_id, cook_id) VALUES (20, 28);
INSERT INTO recipe_cook(recipe_id, cook_id) VALUES (20, 52);
INSERT INTO recipe_cook(recipe_id, cook_id) VALUES (20, 56);
INSERT INTO recipe_cook(recipe_id, cook_id) VALUES (20, 65);
INSERT INTO recipe_cook(recipe_id, cook_id) VALUES (20, 141);
INSERT INTO recipe_cook(recipe_id, cook_id) VALUES (20, 161);
INSERT INTO recipe_cook(recipe_id, cook_id) VALUES (20, 16);
INSERT INTO recipe_cook(recipe_id, cook_id) VALUES (20, 43);
INSERT INTO recipe_cook(recipe_id, cook_id) VALUES (20, 13);
INSERT INTO recipe_cook(recipe_id, cook_id) VALUES (20, 51);
INSERT INTO recipe_cook(recipe_id, cook_id) VALUES (20, 185);
INSERT INTO recipe_cook(recipe_id, cook_id) VALUES (20, 118);
INSERT INTO recipe_cook(recipe_id, cook_id) VALUES (20, 37);
INSERT INTO recipe_cook(recipe_id, cook_id) VALUES (20, 36);
INSERT INTO recipe_cook(recipe_id, cook_id) VALUES (20, 73);
INSERT INTO recipe_cook(recipe_id, cook_id) VALUES (20, 128);
INSERT INTO recipe_cook(recipe_id, cook_id) VALUES (20, 172);
INSERT INTO recipe_cook(recipe_id, cook_id) VALUES (20, 64);
INSERT INTO recipe_cook(recipe_id, cook_id) VALUES (20, 62);
INSERT INTO recipe_cook(recipe_id, cook_id) VALUES (20, 76);
INSERT INTO recipe_cook(recipe_id, cook_id) VALUES (20, 67);
INSERT INTO recipe_cook(recipe_id, cook_id) VALUES (20, 129);
INSERT INTO recipe_cook(recipe_id, cook_id) VALUES (20, 75);
INSERT INTO recipe_cook(recipe_id, cook_id) VALUES (20, 105);
INSERT INTO recipe_cook(recipe_id, cook_id) VALUES (20, 61);
INSERT INTO recipe_cook(recipe_id, cook_id) VALUES (20, 111);
INSERT INTO recipe_cook(recipe_id, cook_id) VALUES (20, 148);
INSERT INTO recipe_cook(recipe_id, cook_id) VALUES (20, 97);
INSERT INTO recipe_cook(recipe_id, cook_id) VALUES (20, 174);
INSERT INTO recipe_cook(recipe_id, cook_id) VALUES (20, 91);
INSERT INTO recipe_cook(recipe_id, cook_id) VALUES (20, 127);
INSERT INTO recipe_cook(recipe_id, cook_id) VALUES (20, 95);
INSERT INTO recipe_cook(recipe_id, cook_id) VALUES (20, 137);
INSERT INTO recipe_cook(recipe_id, cook_id) VALUES (20, 196);
INSERT INTO recipe_cook(recipe_id, cook_id) VALUES (20, 156);
INSERT INTO recipe_cook(recipe_id, cook_id) VALUES (20, 155);
INSERT INTO recipe_cook(recipe_id, cook_id) VALUES (20, 175);
INSERT INTO recipe_cook(recipe_id, cook_id) VALUES (20, 119);
INSERT INTO recipe_cook(recipe_id, cook_id) VALUES (20, 11);
INSERT INTO recipe_cook(recipe_id, cook_id) VALUES (20, 82);
INSERT INTO recipe_cook(recipe_id, cook_id) VALUES (20, 122);
INSERT INTO recipe_cook(recipe_id, cook_id) VALUES (20, 169);
INSERT INTO recipe_cook(recipe_id, cook_id) VALUES (20, 33);
INSERT INTO recipe_cook(recipe_id, cook_id) VALUES (20, 100);
INSERT INTO recipe_cook(recipe_id, cook_id) VALUES (20, 18);
INSERT INTO recipe_cook(recipe_id, cook_id) VALUES (20, 29);
INSERT INTO recipe_cook(recipe_id, cook_id) VALUES (20, 104);
INSERT INTO recipe_cook(recipe_id, cook_id) VALUES (20, 131);
INSERT INTO recipe_cook(recipe_id, cook_id) VALUES (20, 74);
INSERT INTO recipe_cook(recipe_id, cook_id) VALUES (20, 22);
INSERT INTO recipe_cook(recipe_id, cook_id) VALUES (20, 195);
INSERT INTO recipe_cook(recipe_id, cook_id) VALUES (20, 38);
INSERT INTO recipe_cook(recipe_id, cook_id) VALUES (20, 88);
INSERT INTO recipe_cook(recipe_id, cook_id) VALUES (20, 31);
INSERT INTO recipe_cook(recipe_id, cook_id) VALUES (20, 66);
INSERT INTO recipe_cook(recipe_id, cook_id) VALUES (20, 146);
INSERT INTO recipe_cook(recipe_id, cook_id) VALUES (20, 23);
INSERT INTO recipe_cook(recipe_id, cook_id) VALUES (20, 178);
INSERT INTO recipe_cook(recipe_id, cook_id) VALUES (20, 60);
INSERT INTO recipe_cook(recipe_id, cook_id) VALUES (20, 151);
INSERT INTO recipe_cook(recipe_id, cook_id) VALUES (20, 132);
INSERT INTO recipe_cook(recipe_id, cook_id) VALUES (20, 133);
INSERT INTO recipe_cook(recipe_id, cook_id) VALUES (20, 159);
INSERT INTO recipe_cook(recipe_id, cook_id) VALUES (20, 117);
INSERT INTO recipe_cook(recipe_id, cook_id) VALUES (20, 187);
INSERT INTO recipe_cook(recipe_id, cook_id) VALUES (20, 45);
INSERT INTO recipe_cook(recipe_id, cook_id) VALUES (20, 177);
INSERT INTO recipe_cook(recipe_id, cook_id) VALUES (20, 17);
INSERT INTO recipe_cook(recipe_id, cook_id) VALUES (20, 134);
INSERT INTO recipe_cook(recipe_id, cook_id) VALUES (20, 30);
INSERT INTO recipe_cook(recipe_id, cook_id) VALUES (20, 40);
INSERT INTO recipe_cook(recipe_id, cook_id) VALUES (20, 149);
INSERT INTO recipe_cook(recipe_id, cook_id) VALUES (20, 14);
INSERT INTO recipe_cook(recipe_id, cook_id) VALUES (20, 103);
INSERT INTO recipe_cook(recipe_id, cook_id) VALUES (20, 49);
INSERT INTO recipe_cook(recipe_id, cook_id) VALUES (20, 194);
INSERT INTO recipe_cook(recipe_id, cook_id) VALUES (20, 55);
INSERT INTO recipe_cook(recipe_id, cook_id) VALUES (20, 2);
INSERT INTO recipe_cook(recipe_id, cook_id) VALUES (20, 162);
INSERT INTO recipe_cook(recipe_id, cook_id) VALUES (20, 188);
INSERT INTO recipe_cook(recipe_id, cook_id) VALUES (20, 63);
INSERT INTO recipe_cook(recipe_id, cook_id) VALUES (20, 50);
INSERT INTO recipe_cook(recipe_id, cook_id) VALUES (20, 163);
INSERT INTO recipe_cook(recipe_id, cook_id) VALUES (20, 20);
INSERT INTO recipe_cook(recipe_id, cook_id) VALUES (20, 47);
INSERT INTO recipe_cook(recipe_id, cook_id) VALUES (20, 93);
INSERT INTO recipe_cook(recipe_id, cook_id) VALUES (20, 106);
INSERT INTO recipe_cook(recipe_id, cook_id) VALUES (20, 34);
INSERT INTO recipe_cook(recipe_id, cook_id) VALUES (20, 164);
INSERT INTO recipe_cook(recipe_id, cook_id) VALUES (20, 108);
INSERT INTO recipe_cook(recipe_id, cook_id) VALUES (20, 123);
INSERT INTO recipe_cook(recipe_id, cook_id) VALUES (20, 86);
INSERT INTO recipe_cook(recipe_id, cook_id) VALUES (20, 96);
INSERT INTO recipe_cook(recipe_id, cook_id) VALUES (20, 35);
INSERT INTO recipe_cook(recipe_id, cook_id) VALUES (20, 6);
INSERT INTO recipe_cook(recipe_id, cook_id) VALUES (20, 8);
INSERT INTO recipe_cook(recipe_id, cook_id) VALUES (20, 182);
INSERT INTO recipe_cook(recipe_id, cook_id) VALUES (20, 166);
INSERT INTO recipe_cook(recipe_id, cook_id) VALUES (20, 21);
INSERT INTO recipe_cook(recipe_id, cook_id) VALUES (20, 130);
INSERT INTO recipe_cook(recipe_id, cook_id) VALUES (20, 98);
INSERT INTO recipe_cook(recipe_id, cook_id) VALUES (20, 10);
INSERT INTO recipe_cook(recipe_id, cook_id) VALUES (20, 121);
INSERT INTO recipe_cook(recipe_id, cook_id) VALUES (20, 192);
INSERT INTO recipe_cook(recipe_id, cook_id) VALUES (20, 53);
INSERT INTO recipe_cook(recipe_id, cook_id) VALUES (20, 110);
INSERT INTO recipe_cook(recipe_id, cook_id) VALUES (20, 165);
INSERT INTO recipe_cook(recipe_id, cook_id) VALUES (20, 153);
INSERT INTO recipe_cook(recipe_id, cook_id) VALUES (20, 138);
INSERT INTO recipe_cook(recipe_id, cook_id) VALUES (20, 190);
INSERT INTO recipe_cook(recipe_id, cook_id) VALUES (20, 143);
INSERT INTO recipe_cook(recipe_id, cook_id) VALUES (20, 12);
INSERT INTO recipe_cook(recipe_id, cook_id) VALUES (20, 167);
INSERT INTO recipe_cook(recipe_id, cook_id) VALUES (20, 116);
INSERT INTO recipe_cook(recipe_id, cook_id) VALUES (20, 168);
INSERT INTO recipe_cook(recipe_id, cook_id) VALUES (20, 136);
INSERT INTO recipe_cook(recipe_id, cook_id) VALUES (20, 72);
INSERT INTO recipe_cook(recipe_id, cook_id) VALUES (20, 101);
INSERT INTO recipe_cook(recipe_id, cook_id) VALUES (20, 152);
INSERT INTO recipe_cook(recipe_id, cook_id) VALUES (20, 171);
INSERT INTO recipe_cook(recipe_id, cook_id) VALUES (20, 126);
INSERT INTO recipe_cook(recipe_id, cook_id) VALUES (20, 200);
INSERT INTO recipe_cook(recipe_id, cook_id) VALUES (20, 135);
INSERT INTO recipe_cook(recipe_id, cook_id) VALUES (20, 5);
INSERT INTO recipe_cook(recipe_id, cook_id) VALUES (20, 160);
INSERT INTO recipe_cook(recipe_id, cook_id) VALUES (20, 198);
INSERT INTO recipe_cook(recipe_id, cook_id) VALUES (20, 99);
INSERT INTO recipe_cook(recipe_id, cook_id) VALUES (20, 120);
INSERT INTO recipe_cook(recipe_id, cook_id) VALUES (20, 158);
INSERT INTO recipe_cook(recipe_id, cook_id) VALUES (20, 170);
INSERT INTO recipe_cook(recipe_id, cook_id) VALUES (20, 112);
INSERT INTO recipe_cook(recipe_id, cook_id) VALUES (20, 107);
INSERT INTO recipe_cook(recipe_id, cook_id) VALUES (20, 9);
INSERT INTO recipe_cook(recipe_id, cook_id) VALUES (20, 3);
INSERT INTO recipe_cook(recipe_id, cook_id) VALUES (20, 42);
INSERT INTO recipe_cook(recipe_id, cook_id) VALUES (20, 41);
INSERT INTO recipe_cook(recipe_id, cook_id) VALUES (20, 145);
INSERT INTO recipe_cook(recipe_id, cook_id) VALUES (20, 154);
INSERT INTO recipe_cook(recipe_id, cook_id) VALUES (20, 25);
INSERT INTO recipe_cook(recipe_id, cook_id) VALUES (20, 191);
INSERT INTO recipe_cook(recipe_id, cook_id) VALUES (20, 157);
INSERT INTO recipe_cook(recipe_id, cook_id) VALUES (20, 199);
INSERT INTO recipe_cook(recipe_id, cook_id) VALUES (20, 81);
INSERT INTO recipe_cook(recipe_id, cook_id) VALUES (20, 46);
INSERT INTO recipe_cook(recipe_id, cook_id) VALUES (20, 89);
INSERT INTO recipe_cook(recipe_id, cook_id) VALUES (20, 87);
INSERT INTO recipe_cook(recipe_id, cook_id) VALUES (20, 114);
INSERT INTO recipe_cook(recipe_id, cook_id) VALUES (20, 19);
INSERT INTO recipe_cook(recipe_id, cook_id) VALUES (20, 139);
INSERT INTO recipe_cook(recipe_id, cook_id) VALUES (20, 189);
INSERT INTO recipe_cook(recipe_id, cook_id) VALUES (20, 57);
INSERT INTO recipe_cook(recipe_id, cook_id) VALUES (20, 59);
INSERT INTO recipe_cook(recipe_id, cook_id) VALUES (20, 94);
INSERT INTO recipe_cook(recipe_id, cook_id) VALUES (20, 1);
INSERT INTO recipe_cook(recipe_id, cook_id) VALUES (20, 115);
INSERT INTO recipe_cook(recipe_id, cook_id) VALUES (20, 125);
INSERT INTO recipe_theme(recipe_id, theme_id) VALUES (20, 40);
INSERT INTO recipe_theme(recipe_id, theme_id) VALUES (20, 32);
INSERT INTO recipe_theme(recipe_id, theme_id) VALUES (20, 7);
INSERT INTO recipe_tip(recipe_id, tip_id) VALUES (20, 24);

INSERT INTO recipe(baking, cuisine_id, difficulty, title, recipe_description, prep_time, cook_time, portions, fat_portion, protein_portion, carbo_portion, picture, picture_description) VALUES(1, 42, 2,'Guacamole', 'Meeting son town. Bed quite long page risk.', 125, 80, 2, 45, 25,0, 'https://placekitten.com/782/34', 'Country make stay floor may production.');
INSERT INTO recipe_meal_type(recipe_id, meal_type_id) VALUES (21, 2);
INSERT INTO recipe_tag(recipe_id, tag_id) VALUES (21, 91);
INSERT INTO recipe_tag(recipe_id, tag_id) VALUES (21, 60);
INSERT INTO recipe_tag(recipe_id, tag_id) VALUES (21, 98);
INSERT INTO recipe_tag(recipe_id, tag_id) VALUES (21, 42);
INSERT INTO recipe_tag(recipe_id, tag_id) VALUES (21, 92);
INSERT INTO recipe_tag(recipe_id, tag_id) VALUES (21, 21);
INSERT INTO recipe_tag(recipe_id, tag_id) VALUES (21, 40);
INSERT INTO recipe_equipment(recipe_id, equipment_id, num) VALUES (21, 19, 3);
INSERT INTO recipe_equipment(recipe_id, equipment_id, num) VALUES (21, 9, 1);
INSERT INTO recipe_equipment(recipe_id, equipment_id, num) VALUES (21, 7, 3);
INSERT INTO recipe_equipment(recipe_id, equipment_id, num) VALUES (21, 18, 4);
INSERT INTO recipe_equipment(recipe_id, equipment_id, num) VALUES (21, 5, 4);
INSERT INTO recipe_equipment(recipe_id, equipment_id, num) VALUES (21, 11, 3);
INSERT INTO recipe_cook(recipe_id, cook_id) VALUES (21, 63);
INSERT INTO recipe_cook(recipe_id, cook_id) VALUES (21, 37);
INSERT INTO recipe_cook(recipe_id, cook_id) VALUES (21, 166);
INSERT INTO recipe_cook(recipe_id, cook_id) VALUES (21, 88);
INSERT INTO recipe_cook(recipe_id, cook_id) VALUES (21, 75);
INSERT INTO recipe_cook(recipe_id, cook_id) VALUES (21, 50);
INSERT INTO recipe_cook(recipe_id, cook_id) VALUES (21, 76);
INSERT INTO recipe_cook(recipe_id, cook_id) VALUES (21, 151);
INSERT INTO recipe_cook(recipe_id, cook_id) VALUES (21, 65);
INSERT INTO recipe_cook(recipe_id, cook_id) VALUES (21, 132);
INSERT INTO recipe_cook(recipe_id, cook_id) VALUES (21, 121);
INSERT INTO recipe_cook(recipe_id, cook_id) VALUES (21, 8);
INSERT INTO recipe_cook(recipe_id, cook_id) VALUES (21, 36);
INSERT INTO recipe_cook(recipe_id, cook_id) VALUES (21, 188);
INSERT INTO recipe_cook(recipe_id, cook_id) VALUES (21, 55);
INSERT INTO recipe_cook(recipe_id, cook_id) VALUES (21, 35);
INSERT INTO recipe_cook(recipe_id, cook_id) VALUES (21, 179);
INSERT INTO recipe_cook(recipe_id, cook_id) VALUES (21, 49);
INSERT INTO recipe_cook(recipe_id, cook_id) VALUES (21, 127);
INSERT INTO recipe_cook(recipe_id, cook_id) VALUES (21, 161);
INSERT INTO recipe_cook(recipe_id, cook_id) VALUES (21, 153);
INSERT INTO recipe_cook(recipe_id, cook_id) VALUES (21, 28);
INSERT INTO recipe_cook(recipe_id, cook_id) VALUES (21, 128);
INSERT INTO recipe_cook(recipe_id, cook_id) VALUES (21, 95);
INSERT INTO recipe_cook(recipe_id, cook_id) VALUES (21, 99);
INSERT INTO recipe_cook(recipe_id, cook_id) VALUES (21, 123);
INSERT INTO recipe_cook(recipe_id, cook_id) VALUES (21, 160);
INSERT INTO recipe_cook(recipe_id, cook_id) VALUES (21, 9);
INSERT INTO recipe_cook(recipe_id, cook_id) VALUES (21, 57);
INSERT INTO recipe_cook(recipe_id, cook_id) VALUES (21, 129);
INSERT INTO recipe_cook(recipe_id, cook_id) VALUES (21, 195);
INSERT INTO recipe_cook(recipe_id, cook_id) VALUES (21, 34);
INSERT INTO recipe_cook(recipe_id, cook_id) VALUES (21, 86);
INSERT INTO recipe_cook(recipe_id, cook_id) VALUES (21, 141);
INSERT INTO recipe_cook(recipe_id, cook_id) VALUES (21, 58);
INSERT INTO recipe_cook(recipe_id, cook_id) VALUES (21, 43);
INSERT INTO recipe_cook(recipe_id, cook_id) VALUES (21, 112);
INSERT INTO recipe_cook(recipe_id, cook_id) VALUES (21, 41);
INSERT INTO recipe_cook(recipe_id, cook_id) VALUES (21, 59);
INSERT INTO recipe_cook(recipe_id, cook_id) VALUES (21, 138);
INSERT INTO recipe_cook(recipe_id, cook_id) VALUES (21, 62);
INSERT INTO recipe_cook(recipe_id, cook_id) VALUES (21, 97);
INSERT INTO recipe_cook(recipe_id, cook_id) VALUES (21, 109);
INSERT INTO recipe_cook(recipe_id, cook_id) VALUES (21, 168);
INSERT INTO recipe_cook(recipe_id, cook_id) VALUES (21, 27);
INSERT INTO recipe_cook(recipe_id, cook_id) VALUES (21, 71);
INSERT INTO recipe_cook(recipe_id, cook_id) VALUES (21, 20);
INSERT INTO recipe_cook(recipe_id, cook_id) VALUES (21, 147);
INSERT INTO recipe_cook(recipe_id, cook_id) VALUES (21, 48);
INSERT INTO recipe_cook(recipe_id, cook_id) VALUES (21, 6);
INSERT INTO recipe_cook(recipe_id, cook_id) VALUES (21, 184);
INSERT INTO recipe_cook(recipe_id, cook_id) VALUES (21, 2);
INSERT INTO recipe_cook(recipe_id, cook_id) VALUES (21, 68);
INSERT INTO recipe_cook(recipe_id, cook_id) VALUES (21, 157);
INSERT INTO recipe_cook(recipe_id, cook_id) VALUES (21, 176);
INSERT INTO recipe_cook(recipe_id, cook_id) VALUES (21, 39);
INSERT INTO recipe_cook(recipe_id, cook_id) VALUES (21, 192);
INSERT INTO recipe_cook(recipe_id, cook_id) VALUES (21, 155);
INSERT INTO recipe_cook(recipe_id, cook_id) VALUES (21, 21);
INSERT INTO recipe_cook(recipe_id, cook_id) VALUES (21, 134);
INSERT INTO recipe_cook(recipe_id, cook_id) VALUES (21, 111);
INSERT INTO recipe_cook(recipe_id, cook_id) VALUES (21, 5);
INSERT INTO recipe_cook(recipe_id, cook_id) VALUES (21, 96);
INSERT INTO recipe_cook(recipe_id, cook_id) VALUES (21, 42);
INSERT INTO recipe_cook(recipe_id, cook_id) VALUES (21, 83);
INSERT INTO recipe_cook(recipe_id, cook_id) VALUES (21, 77);
INSERT INTO recipe_cook(recipe_id, cook_id) VALUES (21, 38);
INSERT INTO recipe_cook(recipe_id, cook_id) VALUES (21, 142);
INSERT INTO recipe_cook(recipe_id, cook_id) VALUES (21, 139);
INSERT INTO recipe_cook(recipe_id, cook_id) VALUES (21, 93);
INSERT INTO recipe_cook(recipe_id, cook_id) VALUES (21, 60);
INSERT INTO recipe_cook(recipe_id, cook_id) VALUES (21, 101);
INSERT INTO recipe_cook(recipe_id, cook_id) VALUES (21, 64);
INSERT INTO recipe_cook(recipe_id, cook_id) VALUES (21, 61);
INSERT INTO recipe_cook(recipe_id, cook_id) VALUES (21, 200);
INSERT INTO recipe_cook(recipe_id, cook_id) VALUES (21, 24);
INSERT INTO recipe_cook(recipe_id, cook_id) VALUES (21, 159);
INSERT INTO recipe_cook(recipe_id, cook_id) VALUES (21, 98);
INSERT INTO recipe_cook(recipe_id, cook_id) VALUES (21, 44);
INSERT INTO recipe_cook(recipe_id, cook_id) VALUES (21, 19);
INSERT INTO recipe_theme(recipe_id, theme_id) VALUES (21, 35);
INSERT INTO recipe_theme(recipe_id, theme_id) VALUES (21, 36);
INSERT INTO recipe_tip(recipe_id, tip_id) VALUES (21, 34);
INSERT INTO recipe_tip(recipe_id, tip_id) VALUES (21, 24);
INSERT INTO recipe_tip(recipe_id, tip_id) VALUES (21, 21);

INSERT INTO recipe(baking, cuisine_id, difficulty, title, recipe_description, prep_time, cook_time, portions, fat_portion, protein_portion, carbo_portion, picture, picture_description) VALUES(1, 4, 1,'Quiche Lorraine', 'Religious individual theory knowledge Congress garden. Factor minute hour buy network special against. Name ability five professional will forget. Without police ok body remember edge. Child before staff though help move than.', 35, 20, 5, 0, 50,50, 'https://picsum.photos/109/599', 'Husband degree before paper.');
INSERT INTO recipe_meal_type(recipe_id, meal_type_id) VALUES (22, 3);
INSERT INTO recipe_tag(recipe_id, tag_id) VALUES (22, 42);
INSERT INTO recipe_tag(recipe_id, tag_id) VALUES (22, 3);
INSERT INTO recipe_tag(recipe_id, tag_id) VALUES (22, 4);
INSERT INTO recipe_tag(recipe_id, tag_id) VALUES (22, 82);
INSERT INTO recipe_tag(recipe_id, tag_id) VALUES (22, 80);
INSERT INTO recipe_equipment(recipe_id, equipment_id, num) VALUES (22, 20, 1);
INSERT INTO recipe_equipment(recipe_id, equipment_id, num) VALUES (22, 12, 2);
INSERT INTO recipe_equipment(recipe_id, equipment_id, num) VALUES (22, 19, 3);
INSERT INTO recipe_equipment(recipe_id, equipment_id, num) VALUES (22, 2, 2);
INSERT INTO recipe_equipment(recipe_id, equipment_id, num) VALUES (22, 16, 2);
INSERT INTO recipe_equipment(recipe_id, equipment_id, num) VALUES (22, 8, 2);
INSERT INTO recipe_cook(recipe_id, cook_id) VALUES (22, 69);
INSERT INTO recipe_cook(recipe_id, cook_id) VALUES (22, 194);
INSERT INTO recipe_cook(recipe_id, cook_id) VALUES (22, 127);
INSERT INTO recipe_cook(recipe_id, cook_id) VALUES (22, 27);
INSERT INTO recipe_cook(recipe_id, cook_id) VALUES (22, 20);
INSERT INTO recipe_cook(recipe_id, cook_id) VALUES (22, 61);
INSERT INTO recipe_cook(recipe_id, cook_id) VALUES (22, 50);
INSERT INTO recipe_cook(recipe_id, cook_id) VALUES (22, 78);
INSERT INTO recipe_cook(recipe_id, cook_id) VALUES (22, 17);
INSERT INTO recipe_cook(recipe_id, cook_id) VALUES (22, 123);
INSERT INTO recipe_cook(recipe_id, cook_id) VALUES (22, 95);
INSERT INTO recipe_cook(recipe_id, cook_id) VALUES (22, 163);
INSERT INTO recipe_cook(recipe_id, cook_id) VALUES (22, 57);
INSERT INTO recipe_cook(recipe_id, cook_id) VALUES (22, 176);
INSERT INTO recipe_cook(recipe_id, cook_id) VALUES (22, 70);
INSERT INTO recipe_cook(recipe_id, cook_id) VALUES (22, 10);
INSERT INTO recipe_cook(recipe_id, cook_id) VALUES (22, 68);
INSERT INTO recipe_cook(recipe_id, cook_id) VALUES (22, 183);
INSERT INTO recipe_cook(recipe_id, cook_id) VALUES (22, 112);
INSERT INTO recipe_cook(recipe_id, cook_id) VALUES (22, 118);
INSERT INTO recipe_cook(recipe_id, cook_id) VALUES (22, 52);
INSERT INTO recipe_cook(recipe_id, cook_id) VALUES (22, 122);
INSERT INTO recipe_cook(recipe_id, cook_id) VALUES (22, 49);
INSERT INTO recipe_cook(recipe_id, cook_id) VALUES (22, 60);
INSERT INTO recipe_cook(recipe_id, cook_id) VALUES (22, 34);
INSERT INTO recipe_cook(recipe_id, cook_id) VALUES (22, 161);
INSERT INTO recipe_cook(recipe_id, cook_id) VALUES (22, 131);
INSERT INTO recipe_cook(recipe_id, cook_id) VALUES (22, 35);
INSERT INTO recipe_cook(recipe_id, cook_id) VALUES (22, 1);
INSERT INTO recipe_cook(recipe_id, cook_id) VALUES (22, 55);
INSERT INTO recipe_cook(recipe_id, cook_id) VALUES (22, 47);
INSERT INTO recipe_cook(recipe_id, cook_id) VALUES (22, 54);
INSERT INTO recipe_cook(recipe_id, cook_id) VALUES (22, 138);
INSERT INTO recipe_cook(recipe_id, cook_id) VALUES (22, 42);
INSERT INTO recipe_cook(recipe_id, cook_id) VALUES (22, 177);
INSERT INTO recipe_cook(recipe_id, cook_id) VALUES (22, 65);
INSERT INTO recipe_cook(recipe_id, cook_id) VALUES (22, 29);
INSERT INTO recipe_cook(recipe_id, cook_id) VALUES (22, 188);
INSERT INTO recipe_cook(recipe_id, cook_id) VALUES (22, 13);
INSERT INTO recipe_cook(recipe_id, cook_id) VALUES (22, 184);
INSERT INTO recipe_cook(recipe_id, cook_id) VALUES (22, 196);
INSERT INTO recipe_cook(recipe_id, cook_id) VALUES (22, 96);
INSERT INTO recipe_cook(recipe_id, cook_id) VALUES (22, 75);
INSERT INTO recipe_cook(recipe_id, cook_id) VALUES (22, 146);
INSERT INTO recipe_cook(recipe_id, cook_id) VALUES (22, 145);
INSERT INTO recipe_cook(recipe_id, cook_id) VALUES (22, 41);
INSERT INTO recipe_cook(recipe_id, cook_id) VALUES (22, 128);
INSERT INTO recipe_cook(recipe_id, cook_id) VALUES (22, 56);
INSERT INTO recipe_cook(recipe_id, cook_id) VALUES (22, 124);
INSERT INTO recipe_cook(recipe_id, cook_id) VALUES (22, 102);
INSERT INTO recipe_cook(recipe_id, cook_id) VALUES (22, 98);
INSERT INTO recipe_cook(recipe_id, cook_id) VALUES (22, 9);
INSERT INTO recipe_cook(recipe_id, cook_id) VALUES (22, 85);
INSERT INTO recipe_cook(recipe_id, cook_id) VALUES (22, 71);
INSERT INTO recipe_cook(recipe_id, cook_id) VALUES (22, 178);
INSERT INTO recipe_cook(recipe_id, cook_id) VALUES (22, 89);
INSERT INTO recipe_cook(recipe_id, cook_id) VALUES (22, 37);
INSERT INTO recipe_cook(recipe_id, cook_id) VALUES (22, 86);
INSERT INTO recipe_cook(recipe_id, cook_id) VALUES (22, 185);
INSERT INTO recipe_cook(recipe_id, cook_id) VALUES (22, 7);
INSERT INTO recipe_cook(recipe_id, cook_id) VALUES (22, 165);
INSERT INTO recipe_cook(recipe_id, cook_id) VALUES (22, 164);
INSERT INTO recipe_cook(recipe_id, cook_id) VALUES (22, 25);
INSERT INTO recipe_cook(recipe_id, cook_id) VALUES (22, 150);
INSERT INTO recipe_cook(recipe_id, cook_id) VALUES (22, 167);
INSERT INTO recipe_cook(recipe_id, cook_id) VALUES (22, 140);
INSERT INTO recipe_cook(recipe_id, cook_id) VALUES (22, 32);
INSERT INTO recipe_cook(recipe_id, cook_id) VALUES (22, 125);
INSERT INTO recipe_cook(recipe_id, cook_id) VALUES (22, 77);
INSERT INTO recipe_cook(recipe_id, cook_id) VALUES (22, 157);
INSERT INTO recipe_cook(recipe_id, cook_id) VALUES (22, 26);
INSERT INTO recipe_cook(recipe_id, cook_id) VALUES (22, 31);
INSERT INTO recipe_cook(recipe_id, cook_id) VALUES (22, 18);
INSERT INTO recipe_cook(recipe_id, cook_id) VALUES (22, 135);
INSERT INTO recipe_cook(recipe_id, cook_id) VALUES (22, 134);
INSERT INTO recipe_cook(recipe_id, cook_id) VALUES (22, 111);
INSERT INTO recipe_cook(recipe_id, cook_id) VALUES (22, 72);
INSERT INTO recipe_cook(recipe_id, cook_id) VALUES (22, 30);
INSERT INTO recipe_cook(recipe_id, cook_id) VALUES (22, 90);
INSERT INTO recipe_cook(recipe_id, cook_id) VALUES (22, 8);
INSERT INTO recipe_cook(recipe_id, cook_id) VALUES (22, 175);
INSERT INTO recipe_cook(recipe_id, cook_id) VALUES (22, 198);
INSERT INTO recipe_cook(recipe_id, cook_id) VALUES (22, 11);
INSERT INTO recipe_cook(recipe_id, cook_id) VALUES (22, 197);
INSERT INTO recipe_cook(recipe_id, cook_id) VALUES (22, 179);
INSERT INTO recipe_cook(recipe_id, cook_id) VALUES (22, 190);
INSERT INTO recipe_cook(recipe_id, cook_id) VALUES (22, 16);
INSERT INTO recipe_cook(recipe_id, cook_id) VALUES (22, 173);
INSERT INTO recipe_cook(recipe_id, cook_id) VALUES (22, 162);
INSERT INTO recipe_cook(recipe_id, cook_id) VALUES (22, 171);
INSERT INTO recipe_cook(recipe_id, cook_id) VALUES (22, 38);
INSERT INTO recipe_cook(recipe_id, cook_id) VALUES (22, 108);
INSERT INTO recipe_cook(recipe_id, cook_id) VALUES (22, 143);
INSERT INTO recipe_cook(recipe_id, cook_id) VALUES (22, 88);
INSERT INTO recipe_cook(recipe_id, cook_id) VALUES (22, 21);
INSERT INTO recipe_cook(recipe_id, cook_id) VALUES (22, 199);
INSERT INTO recipe_cook(recipe_id, cook_id) VALUES (22, 114);
INSERT INTO recipe_cook(recipe_id, cook_id) VALUES (22, 73);
INSERT INTO recipe_cook(recipe_id, cook_id) VALUES (22, 97);
INSERT INTO recipe_cook(recipe_id, cook_id) VALUES (22, 126);
INSERT INTO recipe_cook(recipe_id, cook_id) VALUES (22, 191);
INSERT INTO recipe_cook(recipe_id, cook_id) VALUES (22, 156);
INSERT INTO recipe_cook(recipe_id, cook_id) VALUES (22, 53);
INSERT INTO recipe_theme(recipe_id, theme_id) VALUES (22, 30);
INSERT INTO recipe_tip(recipe_id, tip_id) VALUES (22, 32);

INSERT INTO recipe(baking, cuisine_id, difficulty, title, recipe_description, prep_time, cook_time, portions, fat_portion, protein_portion, carbo_portion, picture, picture_description) VALUES(0, 19, 2,'Carrot Cake', 'Heart structure far coach our. Office field generation place sport social. Most nothing she tax whose.', 115, 40, 1, 0, 30,75, 'https://picsum.photos/139/404', 'Task work rather south model miss.');
INSERT INTO recipe_meal_type(recipe_id, meal_type_id) VALUES (23, 2);
INSERT INTO recipe_tag(recipe_id, tag_id) VALUES (23, 36);
INSERT INTO recipe_tag(recipe_id, tag_id) VALUES (23, 28);
INSERT INTO recipe_tag(recipe_id, tag_id) VALUES (23, 92);
INSERT INTO recipe_tag(recipe_id, tag_id) VALUES (23, 51);
INSERT INTO recipe_tag(recipe_id, tag_id) VALUES (23, 31);
INSERT INTO recipe_equipment(recipe_id, equipment_id, num) VALUES (23, 19, 2);
INSERT INTO recipe_equipment(recipe_id, equipment_id, num) VALUES (23, 14, 3);
INSERT INTO recipe_equipment(recipe_id, equipment_id, num) VALUES (23, 18, 1);
INSERT INTO recipe_equipment(recipe_id, equipment_id, num) VALUES (23, 16, 3);
INSERT INTO recipe_equipment(recipe_id, equipment_id, num) VALUES (23, 13, 1);
INSERT INTO recipe_equipment(recipe_id, equipment_id, num) VALUES (23, 12, 1);
INSERT INTO recipe_cook(recipe_id, cook_id) VALUES (23, 18);
INSERT INTO recipe_cook(recipe_id, cook_id) VALUES (23, 28);
INSERT INTO recipe_cook(recipe_id, cook_id) VALUES (23, 60);
INSERT INTO recipe_cook(recipe_id, cook_id) VALUES (23, 23);
INSERT INTO recipe_cook(recipe_id, cook_id) VALUES (23, 161);
INSERT INTO recipe_cook(recipe_id, cook_id) VALUES (23, 149);
INSERT INTO recipe_cook(recipe_id, cook_id) VALUES (23, 182);
INSERT INTO recipe_cook(recipe_id, cook_id) VALUES (23, 40);
INSERT INTO recipe_cook(recipe_id, cook_id) VALUES (23, 49);
INSERT INTO recipe_cook(recipe_id, cook_id) VALUES (23, 180);
INSERT INTO recipe_theme(recipe_id, theme_id) VALUES (23, 15);
INSERT INTO recipe_theme(recipe_id, theme_id) VALUES (23, 11);
INSERT INTO recipe_theme(recipe_id, theme_id) VALUES (23, 32);
INSERT INTO recipe_tip(recipe_id, tip_id) VALUES (23, 22);
INSERT INTO recipe_tip(recipe_id, tip_id) VALUES (23, 34);

INSERT INTO recipe(baking, cuisine_id, difficulty, title, recipe_description, prep_time, cook_time, portions, fat_portion, protein_portion, carbo_portion, picture, picture_description) VALUES(1, 18, 1,'Panna Cotta', 'Thus try before gas. Media firm money nothing. Sense voice activity story build song. Popular leave before staff rock.', 15, 110, 4, 30, 35,60, 'https://picsum.photos/60/345', 'Need weight item inside.');
INSERT INTO recipe_meal_type(recipe_id, meal_type_id) VALUES (24, 5);
INSERT INTO recipe_tag(recipe_id, tag_id) VALUES (24, 76);
INSERT INTO recipe_tag(recipe_id, tag_id) VALUES (24, 21);
INSERT INTO recipe_tag(recipe_id, tag_id) VALUES (24, 92);
INSERT INTO recipe_tag(recipe_id, tag_id) VALUES (24, 83);
INSERT INTO recipe_tag(recipe_id, tag_id) VALUES (24, 54);
INSERT INTO recipe_tag(recipe_id, tag_id) VALUES (24, 44);
INSERT INTO recipe_tag(recipe_id, tag_id) VALUES (24, 95);
INSERT INTO recipe_tag(recipe_id, tag_id) VALUES (24, 36);
INSERT INTO recipe_equipment(recipe_id, equipment_id, num) VALUES (24, 15, 3);
INSERT INTO recipe_equipment(recipe_id, equipment_id, num) VALUES (24, 18, 2);
INSERT INTO recipe_equipment(recipe_id, equipment_id, num) VALUES (24, 3, 1);
INSERT INTO recipe_equipment(recipe_id, equipment_id, num) VALUES (24, 13, 3);
INSERT INTO recipe_equipment(recipe_id, equipment_id, num) VALUES (24, 8, 2);
INSERT INTO recipe_equipment(recipe_id, equipment_id, num) VALUES (24, 7, 2);
INSERT INTO recipe_equipment(recipe_id, equipment_id, num) VALUES (24, 14, 2);
INSERT INTO recipe_cook(recipe_id, cook_id) VALUES (24, 49);
INSERT INTO recipe_cook(recipe_id, cook_id) VALUES (24, 103);
INSERT INTO recipe_cook(recipe_id, cook_id) VALUES (24, 6);
INSERT INTO recipe_cook(recipe_id, cook_id) VALUES (24, 71);
INSERT INTO recipe_cook(recipe_id, cook_id) VALUES (24, 90);
INSERT INTO recipe_cook(recipe_id, cook_id) VALUES (24, 47);
INSERT INTO recipe_cook(recipe_id, cook_id) VALUES (24, 66);
INSERT INTO recipe_cook(recipe_id, cook_id) VALUES (24, 181);
INSERT INTO recipe_cook(recipe_id, cook_id) VALUES (24, 183);
INSERT INTO recipe_cook(recipe_id, cook_id) VALUES (24, 74);
INSERT INTO recipe_cook(recipe_id, cook_id) VALUES (24, 88);
INSERT INTO recipe_cook(recipe_id, cook_id) VALUES (24, 101);
INSERT INTO recipe_cook(recipe_id, cook_id) VALUES (24, 32);
INSERT INTO recipe_cook(recipe_id, cook_id) VALUES (24, 155);
INSERT INTO recipe_cook(recipe_id, cook_id) VALUES (24, 141);
INSERT INTO recipe_cook(recipe_id, cook_id) VALUES (24, 177);
INSERT INTO recipe_cook(recipe_id, cook_id) VALUES (24, 171);
INSERT INTO recipe_cook(recipe_id, cook_id) VALUES (24, 199);
INSERT INTO recipe_cook(recipe_id, cook_id) VALUES (24, 13);
INSERT INTO recipe_cook(recipe_id, cook_id) VALUES (24, 93);
INSERT INTO recipe_cook(recipe_id, cook_id) VALUES (24, 4);
INSERT INTO recipe_cook(recipe_id, cook_id) VALUES (24, 37);
INSERT INTO recipe_cook(recipe_id, cook_id) VALUES (24, 165);
INSERT INTO recipe_cook(recipe_id, cook_id) VALUES (24, 167);
INSERT INTO recipe_theme(recipe_id, theme_id) VALUES (24, 11);
INSERT INTO recipe_tip(recipe_id, tip_id) VALUES (24, 23);
INSERT INTO recipe_tip(recipe_id, tip_id) VALUES (24, 17);
INSERT INTO recipe_tip(recipe_id, tip_id) VALUES (24, 39);

INSERT INTO recipe(baking, cuisine_id, difficulty, title, recipe_description, prep_time, cook_time, portions, fat_portion, protein_portion, carbo_portion, picture, picture_description) VALUES(0, 46, 1,'French Toast', 'Agency cost nor each phone company. Would against arrive such two leave ability. Professional you today. Quickly itself idea so firm. Phone care song realize concern.', 95, 70, 5, 50, 55,0, 'https://placekitten.com/503/120', 'Still experience south idea your talk exactly.');
INSERT INTO recipe_meal_type(recipe_id, meal_type_id) VALUES (25, 5);
INSERT INTO recipe_tag(recipe_id, tag_id) VALUES (25, 46);
INSERT INTO recipe_tag(recipe_id, tag_id) VALUES (25, 48);
INSERT INTO recipe_tag(recipe_id, tag_id) VALUES (25, 55);
INSERT INTO recipe_tag(recipe_id, tag_id) VALUES (25, 89);
INSERT INTO recipe_equipment(recipe_id, equipment_id, num) VALUES (25, 18, 2);
INSERT INTO recipe_equipment(recipe_id, equipment_id, num) VALUES (25, 5, 4);
INSERT INTO recipe_equipment(recipe_id, equipment_id, num) VALUES (25, 19, 4);
INSERT INTO recipe_cook(recipe_id, cook_id) VALUES (25, 135);
INSERT INTO recipe_cook(recipe_id, cook_id) VALUES (25, 113);
INSERT INTO recipe_cook(recipe_id, cook_id) VALUES (25, 187);
INSERT INTO recipe_cook(recipe_id, cook_id) VALUES (25, 133);
INSERT INTO recipe_cook(recipe_id, cook_id) VALUES (25, 124);
INSERT INTO recipe_cook(recipe_id, cook_id) VALUES (25, 178);
INSERT INTO recipe_cook(recipe_id, cook_id) VALUES (25, 19);
INSERT INTO recipe_cook(recipe_id, cook_id) VALUES (25, 190);
INSERT INTO recipe_cook(recipe_id, cook_id) VALUES (25, 156);
INSERT INTO recipe_cook(recipe_id, cook_id) VALUES (25, 175);
INSERT INTO recipe_cook(recipe_id, cook_id) VALUES (25, 22);
INSERT INTO recipe_cook(recipe_id, cook_id) VALUES (25, 53);
INSERT INTO recipe_cook(recipe_id, cook_id) VALUES (25, 177);
INSERT INTO recipe_cook(recipe_id, cook_id) VALUES (25, 33);
INSERT INTO recipe_cook(recipe_id, cook_id) VALUES (25, 123);
INSERT INTO recipe_cook(recipe_id, cook_id) VALUES (25, 81);
INSERT INTO recipe_cook(recipe_id, cook_id) VALUES (25, 57);
INSERT INTO recipe_cook(recipe_id, cook_id) VALUES (25, 128);
INSERT INTO recipe_cook(recipe_id, cook_id) VALUES (25, 98);
INSERT INTO recipe_cook(recipe_id, cook_id) VALUES (25, 103);
INSERT INTO recipe_cook(recipe_id, cook_id) VALUES (25, 169);
INSERT INTO recipe_cook(recipe_id, cook_id) VALUES (25, 40);
INSERT INTO recipe_cook(recipe_id, cook_id) VALUES (25, 158);
INSERT INTO recipe_cook(recipe_id, cook_id) VALUES (25, 198);
INSERT INTO recipe_cook(recipe_id, cook_id) VALUES (25, 50);
INSERT INTO recipe_cook(recipe_id, cook_id) VALUES (25, 160);
INSERT INTO recipe_cook(recipe_id, cook_id) VALUES (25, 64);
INSERT INTO recipe_cook(recipe_id, cook_id) VALUES (25, 127);
INSERT INTO recipe_cook(recipe_id, cook_id) VALUES (25, 2);
INSERT INTO recipe_cook(recipe_id, cook_id) VALUES (25, 26);
INSERT INTO recipe_cook(recipe_id, cook_id) VALUES (25, 132);
INSERT INTO recipe_cook(recipe_id, cook_id) VALUES (25, 55);
INSERT INTO recipe_cook(recipe_id, cook_id) VALUES (25, 34);
INSERT INTO recipe_cook(recipe_id, cook_id) VALUES (25, 148);
INSERT INTO recipe_cook(recipe_id, cook_id) VALUES (25, 181);
INSERT INTO recipe_cook(recipe_id, cook_id) VALUES (25, 145);
INSERT INTO recipe_cook(recipe_id, cook_id) VALUES (25, 151);
INSERT INTO recipe_cook(recipe_id, cook_id) VALUES (25, 170);
INSERT INTO recipe_cook(recipe_id, cook_id) VALUES (25, 74);
INSERT INTO recipe_cook(recipe_id, cook_id) VALUES (25, 110);
INSERT INTO recipe_cook(recipe_id, cook_id) VALUES (25, 116);
INSERT INTO recipe_cook(recipe_id, cook_id) VALUES (25, 65);
INSERT INTO recipe_cook(recipe_id, cook_id) VALUES (25, 129);
INSERT INTO recipe_cook(recipe_id, cook_id) VALUES (25, 164);
INSERT INTO recipe_cook(recipe_id, cook_id) VALUES (25, 102);
INSERT INTO recipe_cook(recipe_id, cook_id) VALUES (25, 143);
INSERT INTO recipe_cook(recipe_id, cook_id) VALUES (25, 63);
INSERT INTO recipe_cook(recipe_id, cook_id) VALUES (25, 93);
INSERT INTO recipe_cook(recipe_id, cook_id) VALUES (25, 3);
INSERT INTO recipe_cook(recipe_id, cook_id) VALUES (25, 104);
INSERT INTO recipe_cook(recipe_id, cook_id) VALUES (25, 13);
INSERT INTO recipe_cook(recipe_id, cook_id) VALUES (25, 100);
INSERT INTO recipe_cook(recipe_id, cook_id) VALUES (25, 186);
INSERT INTO recipe_cook(recipe_id, cook_id) VALUES (25, 47);
INSERT INTO recipe_cook(recipe_id, cook_id) VALUES (25, 192);
INSERT INTO recipe_cook(recipe_id, cook_id) VALUES (25, 1);
INSERT INTO recipe_cook(recipe_id, cook_id) VALUES (25, 131);
INSERT INTO recipe_cook(recipe_id, cook_id) VALUES (25, 163);
INSERT INTO recipe_cook(recipe_id, cook_id) VALUES (25, 72);
INSERT INTO recipe_cook(recipe_id, cook_id) VALUES (25, 189);
INSERT INTO recipe_cook(recipe_id, cook_id) VALUES (25, 126);
INSERT INTO recipe_cook(recipe_id, cook_id) VALUES (25, 15);
INSERT INTO recipe_cook(recipe_id, cook_id) VALUES (25, 7);
INSERT INTO recipe_cook(recipe_id, cook_id) VALUES (25, 91);
INSERT INTO recipe_cook(recipe_id, cook_id) VALUES (25, 182);
INSERT INTO recipe_cook(recipe_id, cook_id) VALUES (25, 139);
INSERT INTO recipe_cook(recipe_id, cook_id) VALUES (25, 41);
INSERT INTO recipe_cook(recipe_id, cook_id) VALUES (25, 94);
INSERT INTO recipe_cook(recipe_id, cook_id) VALUES (25, 167);
INSERT INTO recipe_cook(recipe_id, cook_id) VALUES (25, 179);
INSERT INTO recipe_cook(recipe_id, cook_id) VALUES (25, 20);
INSERT INTO recipe_cook(recipe_id, cook_id) VALUES (25, 121);
INSERT INTO recipe_cook(recipe_id, cook_id) VALUES (25, 85);
INSERT INTO recipe_cook(recipe_id, cook_id) VALUES (25, 120);
INSERT INTO recipe_cook(recipe_id, cook_id) VALUES (25, 111);
INSERT INTO recipe_cook(recipe_id, cook_id) VALUES (25, 54);
INSERT INTO recipe_cook(recipe_id, cook_id) VALUES (25, 66);
INSERT INTO recipe_cook(recipe_id, cook_id) VALUES (25, 8);
INSERT INTO recipe_cook(recipe_id, cook_id) VALUES (25, 125);
INSERT INTO recipe_cook(recipe_id, cook_id) VALUES (25, 9);
INSERT INTO recipe_cook(recipe_id, cook_id) VALUES (25, 48);
INSERT INTO recipe_cook(recipe_id, cook_id) VALUES (25, 176);
INSERT INTO recipe_cook(recipe_id, cook_id) VALUES (25, 119);
INSERT INTO recipe_cook(recipe_id, cook_id) VALUES (25, 21);
INSERT INTO recipe_cook(recipe_id, cook_id) VALUES (25, 171);
INSERT INTO recipe_cook(recipe_id, cook_id) VALUES (25, 67);
INSERT INTO recipe_cook(recipe_id, cook_id) VALUES (25, 141);
INSERT INTO recipe_cook(recipe_id, cook_id) VALUES (25, 147);
INSERT INTO recipe_cook(recipe_id, cook_id) VALUES (25, 38);
INSERT INTO recipe_cook(recipe_id, cook_id) VALUES (25, 77);
INSERT INTO recipe_cook(recipe_id, cook_id) VALUES (25, 150);
INSERT INTO recipe_cook(recipe_id, cook_id) VALUES (25, 5);
INSERT INTO recipe_cook(recipe_id, cook_id) VALUES (25, 35);
INSERT INTO recipe_cook(recipe_id, cook_id) VALUES (25, 114);
INSERT INTO recipe_cook(recipe_id, cook_id) VALUES (25, 105);
INSERT INTO recipe_cook(recipe_id, cook_id) VALUES (25, 166);
INSERT INTO recipe_cook(recipe_id, cook_id) VALUES (25, 161);
INSERT INTO recipe_cook(recipe_id, cook_id) VALUES (25, 146);
INSERT INTO recipe_cook(recipe_id, cook_id) VALUES (25, 115);
INSERT INTO recipe_cook(recipe_id, cook_id) VALUES (25, 14);
INSERT INTO recipe_cook(recipe_id, cook_id) VALUES (25, 134);
INSERT INTO recipe_cook(recipe_id, cook_id) VALUES (25, 83);
INSERT INTO recipe_cook(recipe_id, cook_id) VALUES (25, 168);
INSERT INTO recipe_cook(recipe_id, cook_id) VALUES (25, 11);
INSERT INTO recipe_cook(recipe_id, cook_id) VALUES (25, 49);
INSERT INTO recipe_cook(recipe_id, cook_id) VALUES (25, 24);
INSERT INTO recipe_cook(recipe_id, cook_id) VALUES (25, 184);
INSERT INTO recipe_cook(recipe_id, cook_id) VALUES (25, 130);
INSERT INTO recipe_cook(recipe_id, cook_id) VALUES (25, 159);
INSERT INTO recipe_cook(recipe_id, cook_id) VALUES (25, 106);
INSERT INTO recipe_cook(recipe_id, cook_id) VALUES (25, 157);
INSERT INTO recipe_cook(recipe_id, cook_id) VALUES (25, 197);
INSERT INTO recipe_cook(recipe_id, cook_id) VALUES (25, 23);
INSERT INTO recipe_cook(recipe_id, cook_id) VALUES (25, 174);
INSERT INTO recipe_cook(recipe_id, cook_id) VALUES (25, 140);
INSERT INTO recipe_cook(recipe_id, cook_id) VALUES (25, 44);
INSERT INTO recipe_cook(recipe_id, cook_id) VALUES (25, 122);
INSERT INTO recipe_cook(recipe_id, cook_id) VALUES (25, 30);
INSERT INTO recipe_cook(recipe_id, cook_id) VALUES (25, 70);
INSERT INTO recipe_cook(recipe_id, cook_id) VALUES (25, 118);
INSERT INTO recipe_cook(recipe_id, cook_id) VALUES (25, 155);
INSERT INTO recipe_cook(recipe_id, cook_id) VALUES (25, 199);
INSERT INTO recipe_cook(recipe_id, cook_id) VALUES (25, 69);
INSERT INTO recipe_cook(recipe_id, cook_id) VALUES (25, 162);
INSERT INTO recipe_cook(recipe_id, cook_id) VALUES (25, 180);
INSERT INTO recipe_cook(recipe_id, cook_id) VALUES (25, 58);
INSERT INTO recipe_cook(recipe_id, cook_id) VALUES (25, 73);
INSERT INTO recipe_cook(recipe_id, cook_id) VALUES (25, 185);
INSERT INTO recipe_cook(recipe_id, cook_id) VALUES (25, 56);
INSERT INTO recipe_cook(recipe_id, cook_id) VALUES (25, 95);
INSERT INTO recipe_cook(recipe_id, cook_id) VALUES (25, 196);
INSERT INTO recipe_cook(recipe_id, cook_id) VALUES (25, 153);
INSERT INTO recipe_cook(recipe_id, cook_id) VALUES (25, 112);
INSERT INTO recipe_cook(recipe_id, cook_id) VALUES (25, 165);
INSERT INTO recipe_cook(recipe_id, cook_id) VALUES (25, 59);
INSERT INTO recipe_cook(recipe_id, cook_id) VALUES (25, 68);
INSERT INTO recipe_cook(recipe_id, cook_id) VALUES (25, 149);
INSERT INTO recipe_cook(recipe_id, cook_id) VALUES (25, 200);
INSERT INTO recipe_cook(recipe_id, cook_id) VALUES (25, 32);
INSERT INTO recipe_cook(recipe_id, cook_id) VALUES (25, 195);
INSERT INTO recipe_cook(recipe_id, cook_id) VALUES (25, 188);
INSERT INTO recipe_cook(recipe_id, cook_id) VALUES (25, 172);
INSERT INTO recipe_cook(recipe_id, cook_id) VALUES (25, 90);
INSERT INTO recipe_cook(recipe_id, cook_id) VALUES (25, 136);
INSERT INTO recipe_cook(recipe_id, cook_id) VALUES (25, 43);
INSERT INTO recipe_cook(recipe_id, cook_id) VALUES (25, 17);
INSERT INTO recipe_cook(recipe_id, cook_id) VALUES (25, 108);
INSERT INTO recipe_cook(recipe_id, cook_id) VALUES (25, 31);
INSERT INTO recipe_cook(recipe_id, cook_id) VALUES (25, 10);
INSERT INTO recipe_cook(recipe_id, cook_id) VALUES (25, 82);
INSERT INTO recipe_cook(recipe_id, cook_id) VALUES (25, 36);
INSERT INTO recipe_cook(recipe_id, cook_id) VALUES (25, 86);
INSERT INTO recipe_cook(recipe_id, cook_id) VALUES (25, 109);
INSERT INTO recipe_cook(recipe_id, cook_id) VALUES (25, 142);
INSERT INTO recipe_cook(recipe_id, cook_id) VALUES (25, 107);
INSERT INTO recipe_cook(recipe_id, cook_id) VALUES (25, 101);
INSERT INTO recipe_cook(recipe_id, cook_id) VALUES (25, 96);
INSERT INTO recipe_cook(recipe_id, cook_id) VALUES (25, 51);
INSERT INTO recipe_cook(recipe_id, cook_id) VALUES (25, 39);
INSERT INTO recipe_cook(recipe_id, cook_id) VALUES (25, 191);
INSERT INTO recipe_cook(recipe_id, cook_id) VALUES (25, 183);
INSERT INTO recipe_cook(recipe_id, cook_id) VALUES (25, 80);
INSERT INTO recipe_cook(recipe_id, cook_id) VALUES (25, 75);
INSERT INTO recipe_cook(recipe_id, cook_id) VALUES (25, 194);
INSERT INTO recipe_cook(recipe_id, cook_id) VALUES (25, 193);
INSERT INTO recipe_cook(recipe_id, cook_id) VALUES (25, 71);
INSERT INTO recipe_cook(recipe_id, cook_id) VALUES (25, 89);
INSERT INTO recipe_cook(recipe_id, cook_id) VALUES (25, 18);
INSERT INTO recipe_theme(recipe_id, theme_id) VALUES (25, 3);
INSERT INTO recipe_theme(recipe_id, theme_id) VALUES (25, 20);
INSERT INTO recipe_theme(recipe_id, theme_id) VALUES (25, 24);
INSERT INTO recipe_tip(recipe_id, tip_id) VALUES (25, 18);
INSERT INTO recipe_tip(recipe_id, tip_id) VALUES (25, 13);
INSERT INTO recipe_tip(recipe_id, tip_id) VALUES (25, 10);

INSERT INTO recipe(baking, cuisine_id, difficulty, title, recipe_description, prep_time, cook_time, portions, fat_portion, protein_portion, carbo_portion, picture, picture_description) VALUES(1, 2, 2,'Lentil Soup', 'Wait safe also right. Star blood indeed. Imagine conference practice.', 95, 10, 3, 30, 35,50, 'https://dummyimage.com/398x11', 'Particularly morning mother if garden international far talk.');
INSERT INTO recipe_meal_type(recipe_id, meal_type_id) VALUES (26, 1);
INSERT INTO recipe_tag(recipe_id, tag_id) VALUES (26, 7);
INSERT INTO recipe_equipment(recipe_id, equipment_id, num) VALUES (26, 9, 3);
INSERT INTO recipe_equipment(recipe_id, equipment_id, num) VALUES (26, 13, 1);
INSERT INTO recipe_equipment(recipe_id, equipment_id, num) VALUES (26, 14, 1);
INSERT INTO recipe_equipment(recipe_id, equipment_id, num) VALUES (26, 20, 4);
INSERT INTO recipe_equipment(recipe_id, equipment_id, num) VALUES (26, 12, 2);
INSERT INTO recipe_cook(recipe_id, cook_id) VALUES (26, 164);
INSERT INTO recipe_cook(recipe_id, cook_id) VALUES (26, 194);
INSERT INTO recipe_cook(recipe_id, cook_id) VALUES (26, 17);
INSERT INTO recipe_cook(recipe_id, cook_id) VALUES (26, 13);
INSERT INTO recipe_cook(recipe_id, cook_id) VALUES (26, 78);
INSERT INTO recipe_cook(recipe_id, cook_id) VALUES (26, 138);
INSERT INTO recipe_cook(recipe_id, cook_id) VALUES (26, 129);
INSERT INTO recipe_cook(recipe_id, cook_id) VALUES (26, 41);
INSERT INTO recipe_cook(recipe_id, cook_id) VALUES (26, 188);
INSERT INTO recipe_cook(recipe_id, cook_id) VALUES (26, 81);
INSERT INTO recipe_cook(recipe_id, cook_id) VALUES (26, 15);
INSERT INTO recipe_cook(recipe_id, cook_id) VALUES (26, 128);
INSERT INTO recipe_cook(recipe_id, cook_id) VALUES (26, 91);
INSERT INTO recipe_cook(recipe_id, cook_id) VALUES (26, 137);
INSERT INTO recipe_cook(recipe_id, cook_id) VALUES (26, 163);
INSERT INTO recipe_cook(recipe_id, cook_id) VALUES (26, 182);
INSERT INTO recipe_cook(recipe_id, cook_id) VALUES (26, 32);
INSERT INTO recipe_cook(recipe_id, cook_id) VALUES (26, 153);
INSERT INTO recipe_cook(recipe_id, cook_id) VALUES (26, 38);
INSERT INTO recipe_cook(recipe_id, cook_id) VALUES (26, 82);
INSERT INTO recipe_cook(recipe_id, cook_id) VALUES (26, 6);
INSERT INTO recipe_cook(recipe_id, cook_id) VALUES (26, 167);
INSERT INTO recipe_cook(recipe_id, cook_id) VALUES (26, 192);
INSERT INTO recipe_cook(recipe_id, cook_id) VALUES (26, 1);
INSERT INTO recipe_cook(recipe_id, cook_id) VALUES (26, 123);
INSERT INTO recipe_cook(recipe_id, cook_id) VALUES (26, 179);
INSERT INTO recipe_cook(recipe_id, cook_id) VALUES (26, 127);
INSERT INTO recipe_cook(recipe_id, cook_id) VALUES (26, 66);
INSERT INTO recipe_cook(recipe_id, cook_id) VALUES (26, 4);
INSERT INTO recipe_cook(recipe_id, cook_id) VALUES (26, 102);
INSERT INTO recipe_cook(recipe_id, cook_id) VALUES (26, 171);
INSERT INTO recipe_cook(recipe_id, cook_id) VALUES (26, 46);
INSERT INTO recipe_cook(recipe_id, cook_id) VALUES (26, 80);
INSERT INTO recipe_cook(recipe_id, cook_id) VALUES (26, 77);
INSERT INTO recipe_cook(recipe_id, cook_id) VALUES (26, 172);
INSERT INTO recipe_cook(recipe_id, cook_id) VALUES (26, 37);
INSERT INTO recipe_cook(recipe_id, cook_id) VALUES (26, 177);
INSERT INTO recipe_cook(recipe_id, cook_id) VALUES (26, 56);
INSERT INTO recipe_cook(recipe_id, cook_id) VALUES (26, 45);
INSERT INTO recipe_cook(recipe_id, cook_id) VALUES (26, 79);
INSERT INTO recipe_cook(recipe_id, cook_id) VALUES (26, 111);
INSERT INTO recipe_cook(recipe_id, cook_id) VALUES (26, 141);
INSERT INTO recipe_cook(recipe_id, cook_id) VALUES (26, 104);
INSERT INTO recipe_cook(recipe_id, cook_id) VALUES (26, 3);
INSERT INTO recipe_cook(recipe_id, cook_id) VALUES (26, 43);
INSERT INTO recipe_cook(recipe_id, cook_id) VALUES (26, 155);
INSERT INTO recipe_cook(recipe_id, cook_id) VALUES (26, 126);
INSERT INTO recipe_cook(recipe_id, cook_id) VALUES (26, 197);
INSERT INTO recipe_cook(recipe_id, cook_id) VALUES (26, 178);
INSERT INTO recipe_cook(recipe_id, cook_id) VALUES (26, 75);
INSERT INTO recipe_cook(recipe_id, cook_id) VALUES (26, 16);
INSERT INTO recipe_cook(recipe_id, cook_id) VALUES (26, 156);
INSERT INTO recipe_cook(recipe_id, cook_id) VALUES (26, 64);
INSERT INTO recipe_cook(recipe_id, cook_id) VALUES (26, 176);
INSERT INTO recipe_cook(recipe_id, cook_id) VALUES (26, 151);
INSERT INTO recipe_cook(recipe_id, cook_id) VALUES (26, 186);
INSERT INTO recipe_cook(recipe_id, cook_id) VALUES (26, 47);
INSERT INTO recipe_cook(recipe_id, cook_id) VALUES (26, 117);
INSERT INTO recipe_cook(recipe_id, cook_id) VALUES (26, 190);
INSERT INTO recipe_cook(recipe_id, cook_id) VALUES (26, 34);
INSERT INTO recipe_cook(recipe_id, cook_id) VALUES (26, 98);
INSERT INTO recipe_cook(recipe_id, cook_id) VALUES (26, 159);
INSERT INTO recipe_cook(recipe_id, cook_id) VALUES (26, 25);
INSERT INTO recipe_cook(recipe_id, cook_id) VALUES (26, 139);
INSERT INTO recipe_cook(recipe_id, cook_id) VALUES (26, 195);
INSERT INTO recipe_cook(recipe_id, cook_id) VALUES (26, 113);
INSERT INTO recipe_cook(recipe_id, cook_id) VALUES (26, 181);
INSERT INTO recipe_cook(recipe_id, cook_id) VALUES (26, 122);
INSERT INTO recipe_cook(recipe_id, cook_id) VALUES (26, 23);
INSERT INTO recipe_cook(recipe_id, cook_id) VALUES (26, 162);
INSERT INTO recipe_cook(recipe_id, cook_id) VALUES (26, 49);
INSERT INTO recipe_cook(recipe_id, cook_id) VALUES (26, 5);
INSERT INTO recipe_cook(recipe_id, cook_id) VALUES (26, 18);
INSERT INTO recipe_cook(recipe_id, cook_id) VALUES (26, 136);
INSERT INTO recipe_cook(recipe_id, cook_id) VALUES (26, 62);
INSERT INTO recipe_cook(recipe_id, cook_id) VALUES (26, 95);
INSERT INTO recipe_cook(recipe_id, cook_id) VALUES (26, 174);
INSERT INTO recipe_cook(recipe_id, cook_id) VALUES (26, 109);
INSERT INTO recipe_cook(recipe_id, cook_id) VALUES (26, 173);
INSERT INTO recipe_cook(recipe_id, cook_id) VALUES (26, 53);
INSERT INTO recipe_cook(recipe_id, cook_id) VALUES (26, 51);
INSERT INTO recipe_theme(recipe_id, theme_id) VALUES (26, 23);
INSERT INTO recipe_theme(recipe_id, theme_id) VALUES (26, 3);
INSERT INTO recipe_tip(recipe_id, tip_id) VALUES (26, 5);
INSERT INTO recipe_tip(recipe_id, tip_id) VALUES (26, 34);
INSERT INTO recipe_tip(recipe_id, tip_id) VALUES (26, 10);

INSERT INTO recipe(baking, cuisine_id, difficulty, title, recipe_description, prep_time, cook_time, portions, fat_portion, protein_portion, carbo_portion, picture, picture_description) VALUES(1, 37, 4,'Apple Pie', 'Too short might. Film middle role personal.', 25, 10, 2, 5, 30,0, 'https://placekitten.com/353/220', 'Bring fact agree east book after.');
INSERT INTO recipe_meal_type(recipe_id, meal_type_id) VALUES (27, 2);
INSERT INTO recipe_tag(recipe_id, tag_id) VALUES (27, 66);
INSERT INTO recipe_tag(recipe_id, tag_id) VALUES (27, 41);
INSERT INTO recipe_tag(recipe_id, tag_id) VALUES (27, 30);
INSERT INTO recipe_tag(recipe_id, tag_id) VALUES (27, 45);
INSERT INTO recipe_tag(recipe_id, tag_id) VALUES (27, 96);
INSERT INTO recipe_tag(recipe_id, tag_id) VALUES (27, 6);
INSERT INTO recipe_tag(recipe_id, tag_id) VALUES (27, 64);
INSERT INTO recipe_tag(recipe_id, tag_id) VALUES (27, 77);
INSERT INTO recipe_equipment(recipe_id, equipment_id, num) VALUES (27, 8, 1);
INSERT INTO recipe_equipment(recipe_id, equipment_id, num) VALUES (27, 2, 3);
INSERT INTO recipe_equipment(recipe_id, equipment_id, num) VALUES (27, 3, 2);
INSERT INTO recipe_cook(recipe_id, cook_id) VALUES (27, 90);
INSERT INTO recipe_cook(recipe_id, cook_id) VALUES (27, 79);
INSERT INTO recipe_cook(recipe_id, cook_id) VALUES (27, 54);
INSERT INTO recipe_cook(recipe_id, cook_id) VALUES (27, 182);
INSERT INTO recipe_cook(recipe_id, cook_id) VALUES (27, 108);
INSERT INTO recipe_cook(recipe_id, cook_id) VALUES (27, 123);
INSERT INTO recipe_cook(recipe_id, cook_id) VALUES (27, 167);
INSERT INTO recipe_cook(recipe_id, cook_id) VALUES (27, 134);
INSERT INTO recipe_cook(recipe_id, cook_id) VALUES (27, 133);
INSERT INTO recipe_cook(recipe_id, cook_id) VALUES (27, 145);
INSERT INTO recipe_cook(recipe_id, cook_id) VALUES (27, 140);
INSERT INTO recipe_cook(recipe_id, cook_id) VALUES (27, 131);
INSERT INTO recipe_cook(recipe_id, cook_id) VALUES (27, 193);
INSERT INTO recipe_cook(recipe_id, cook_id) VALUES (27, 113);
INSERT INTO recipe_cook(recipe_id, cook_id) VALUES (27, 19);
INSERT INTO recipe_cook(recipe_id, cook_id) VALUES (27, 70);
INSERT INTO recipe_cook(recipe_id, cook_id) VALUES (27, 196);
INSERT INTO recipe_cook(recipe_id, cook_id) VALUES (27, 3);
INSERT INTO recipe_cook(recipe_id, cook_id) VALUES (27, 23);
INSERT INTO recipe_cook(recipe_id, cook_id) VALUES (27, 13);
INSERT INTO recipe_cook(recipe_id, cook_id) VALUES (27, 177);
INSERT INTO recipe_cook(recipe_id, cook_id) VALUES (27, 143);
INSERT INTO recipe_cook(recipe_id, cook_id) VALUES (27, 180);
INSERT INTO recipe_cook(recipe_id, cook_id) VALUES (27, 130);
INSERT INTO recipe_cook(recipe_id, cook_id) VALUES (27, 161);
INSERT INTO recipe_cook(recipe_id, cook_id) VALUES (27, 87);
INSERT INTO recipe_cook(recipe_id, cook_id) VALUES (27, 125);
INSERT INTO recipe_cook(recipe_id, cook_id) VALUES (27, 31);
INSERT INTO recipe_cook(recipe_id, cook_id) VALUES (27, 157);
INSERT INTO recipe_cook(recipe_id, cook_id) VALUES (27, 116);
INSERT INTO recipe_cook(recipe_id, cook_id) VALUES (27, 149);
INSERT INTO recipe_cook(recipe_id, cook_id) VALUES (27, 173);
INSERT INTO recipe_cook(recipe_id, cook_id) VALUES (27, 147);
INSERT INTO recipe_cook(recipe_id, cook_id) VALUES (27, 174);
INSERT INTO recipe_cook(recipe_id, cook_id) VALUES (27, 27);
INSERT INTO recipe_cook(recipe_id, cook_id) VALUES (27, 57);
INSERT INTO recipe_cook(recipe_id, cook_id) VALUES (27, 112);
INSERT INTO recipe_cook(recipe_id, cook_id) VALUES (27, 132);
INSERT INTO recipe_cook(recipe_id, cook_id) VALUES (27, 164);
INSERT INTO recipe_cook(recipe_id, cook_id) VALUES (27, 39);
INSERT INTO recipe_cook(recipe_id, cook_id) VALUES (27, 104);
INSERT INTO recipe_cook(recipe_id, cook_id) VALUES (27, 98);
INSERT INTO recipe_cook(recipe_id, cook_id) VALUES (27, 176);
INSERT INTO recipe_cook(recipe_id, cook_id) VALUES (27, 18);
INSERT INTO recipe_cook(recipe_id, cook_id) VALUES (27, 154);
INSERT INTO recipe_cook(recipe_id, cook_id) VALUES (27, 4);
INSERT INTO recipe_cook(recipe_id, cook_id) VALUES (27, 185);
INSERT INTO recipe_cook(recipe_id, cook_id) VALUES (27, 200);
INSERT INTO recipe_cook(recipe_id, cook_id) VALUES (27, 75);
INSERT INTO recipe_cook(recipe_id, cook_id) VALUES (27, 138);
INSERT INTO recipe_cook(recipe_id, cook_id) VALUES (27, 49);
INSERT INTO recipe_cook(recipe_id, cook_id) VALUES (27, 188);
INSERT INTO recipe_cook(recipe_id, cook_id) VALUES (27, 81);
INSERT INTO recipe_cook(recipe_id, cook_id) VALUES (27, 20);
INSERT INTO recipe_cook(recipe_id, cook_id) VALUES (27, 169);
INSERT INTO recipe_cook(recipe_id, cook_id) VALUES (27, 72);
INSERT INTO recipe_cook(recipe_id, cook_id) VALUES (27, 115);
INSERT INTO recipe_cook(recipe_id, cook_id) VALUES (27, 91);
INSERT INTO recipe_cook(recipe_id, cook_id) VALUES (27, 86);
INSERT INTO recipe_cook(recipe_id, cook_id) VALUES (27, 171);
INSERT INTO recipe_cook(recipe_id, cook_id) VALUES (27, 99);
INSERT INTO recipe_cook(recipe_id, cook_id) VALUES (27, 162);
INSERT INTO recipe_cook(recipe_id, cook_id) VALUES (27, 181);
INSERT INTO recipe_cook(recipe_id, cook_id) VALUES (27, 40);
INSERT INTO recipe_cook(recipe_id, cook_id) VALUES (27, 32);
INSERT INTO recipe_cook(recipe_id, cook_id) VALUES (27, 141);
INSERT INTO recipe_cook(recipe_id, cook_id) VALUES (27, 43);
INSERT INTO recipe_cook(recipe_id, cook_id) VALUES (27, 170);
INSERT INTO recipe_cook(recipe_id, cook_id) VALUES (27, 48);
INSERT INTO recipe_cook(recipe_id, cook_id) VALUES (27, 94);
INSERT INTO recipe_cook(recipe_id, cook_id) VALUES (27, 163);
INSERT INTO recipe_cook(recipe_id, cook_id) VALUES (27, 9);
INSERT INTO recipe_cook(recipe_id, cook_id) VALUES (27, 41);
INSERT INTO recipe_cook(recipe_id, cook_id) VALUES (27, 67);
INSERT INTO recipe_cook(recipe_id, cook_id) VALUES (27, 30);
INSERT INTO recipe_cook(recipe_id, cook_id) VALUES (27, 56);
INSERT INTO recipe_cook(recipe_id, cook_id) VALUES (27, 93);
INSERT INTO recipe_cook(recipe_id, cook_id) VALUES (27, 121);
INSERT INTO recipe_cook(recipe_id, cook_id) VALUES (27, 120);
INSERT INTO recipe_cook(recipe_id, cook_id) VALUES (27, 106);
INSERT INTO recipe_cook(recipe_id, cook_id) VALUES (27, 76);
INSERT INTO recipe_cook(recipe_id, cook_id) VALUES (27, 69);
INSERT INTO recipe_cook(recipe_id, cook_id) VALUES (27, 21);
INSERT INTO recipe_cook(recipe_id, cook_id) VALUES (27, 14);
INSERT INTO recipe_cook(recipe_id, cook_id) VALUES (27, 51);
INSERT INTO recipe_cook(recipe_id, cook_id) VALUES (27, 38);
INSERT INTO recipe_cook(recipe_id, cook_id) VALUES (27, 60);
INSERT INTO recipe_cook(recipe_id, cook_id) VALUES (27, 107);
INSERT INTO recipe_cook(recipe_id, cook_id) VALUES (27, 136);
INSERT INTO recipe_cook(recipe_id, cook_id) VALUES (27, 156);
INSERT INTO recipe_cook(recipe_id, cook_id) VALUES (27, 198);
INSERT INTO recipe_cook(recipe_id, cook_id) VALUES (27, 114);
INSERT INTO recipe_cook(recipe_id, cook_id) VALUES (27, 190);
INSERT INTO recipe_cook(recipe_id, cook_id) VALUES (27, 22);
INSERT INTO recipe_cook(recipe_id, cook_id) VALUES (27, 101);
INSERT INTO recipe_cook(recipe_id, cook_id) VALUES (27, 189);
INSERT INTO recipe_cook(recipe_id, cook_id) VALUES (27, 52);
INSERT INTO recipe_cook(recipe_id, cook_id) VALUES (27, 1);
INSERT INTO recipe_cook(recipe_id, cook_id) VALUES (27, 146);
INSERT INTO recipe_cook(recipe_id, cook_id) VALUES (27, 192);
INSERT INTO recipe_cook(recipe_id, cook_id) VALUES (27, 111);
INSERT INTO recipe_cook(recipe_id, cook_id) VALUES (27, 42);
INSERT INTO recipe_cook(recipe_id, cook_id) VALUES (27, 15);
INSERT INTO recipe_cook(recipe_id, cook_id) VALUES (27, 92);
INSERT INTO recipe_cook(recipe_id, cook_id) VALUES (27, 50);
INSERT INTO recipe_cook(recipe_id, cook_id) VALUES (27, 10);
INSERT INTO recipe_cook(recipe_id, cook_id) VALUES (27, 36);
INSERT INTO recipe_cook(recipe_id, cook_id) VALUES (27, 71);
INSERT INTO recipe_cook(recipe_id, cook_id) VALUES (27, 74);
INSERT INTO recipe_cook(recipe_id, cook_id) VALUES (27, 37);
INSERT INTO recipe_cook(recipe_id, cook_id) VALUES (27, 139);
INSERT INTO recipe_cook(recipe_id, cook_id) VALUES (27, 25);
INSERT INTO recipe_cook(recipe_id, cook_id) VALUES (27, 58);
INSERT INTO recipe_cook(recipe_id, cook_id) VALUES (27, 135);
INSERT INTO recipe_cook(recipe_id, cook_id) VALUES (27, 153);
INSERT INTO recipe_cook(recipe_id, cook_id) VALUES (27, 62);
INSERT INTO recipe_cook(recipe_id, cook_id) VALUES (27, 124);
INSERT INTO recipe_cook(recipe_id, cook_id) VALUES (27, 102);
INSERT INTO recipe_cook(recipe_id, cook_id) VALUES (27, 88);
INSERT INTO recipe_cook(recipe_id, cook_id) VALUES (27, 105);
INSERT INTO recipe_cook(recipe_id, cook_id) VALUES (27, 184);
INSERT INTO recipe_cook(recipe_id, cook_id) VALUES (27, 5);
INSERT INTO recipe_cook(recipe_id, cook_id) VALUES (27, 2);
INSERT INTO recipe_cook(recipe_id, cook_id) VALUES (27, 183);
INSERT INTO recipe_cook(recipe_id, cook_id) VALUES (27, 175);
INSERT INTO recipe_cook(recipe_id, cook_id) VALUES (27, 195);
INSERT INTO recipe_cook(recipe_id, cook_id) VALUES (27, 186);
INSERT INTO recipe_cook(recipe_id, cook_id) VALUES (27, 128);
INSERT INTO recipe_cook(recipe_id, cook_id) VALUES (27, 59);
INSERT INTO recipe_cook(recipe_id, cook_id) VALUES (27, 165);
INSERT INTO recipe_cook(recipe_id, cook_id) VALUES (27, 84);
INSERT INTO recipe_cook(recipe_id, cook_id) VALUES (27, 77);
INSERT INTO recipe_cook(recipe_id, cook_id) VALUES (27, 12);
INSERT INTO recipe_cook(recipe_id, cook_id) VALUES (27, 44);
INSERT INTO recipe_cook(recipe_id, cook_id) VALUES (27, 66);
INSERT INTO recipe_cook(recipe_id, cook_id) VALUES (27, 95);
INSERT INTO recipe_cook(recipe_id, cook_id) VALUES (27, 191);
INSERT INTO recipe_cook(recipe_id, cook_id) VALUES (27, 26);
INSERT INTO recipe_cook(recipe_id, cook_id) VALUES (27, 53);
INSERT INTO recipe_cook(recipe_id, cook_id) VALUES (27, 126);
INSERT INTO recipe_cook(recipe_id, cook_id) VALUES (27, 172);
INSERT INTO recipe_cook(recipe_id, cook_id) VALUES (27, 97);
INSERT INTO recipe_cook(recipe_id, cook_id) VALUES (27, 103);
INSERT INTO recipe_cook(recipe_id, cook_id) VALUES (27, 85);
INSERT INTO recipe_theme(recipe_id, theme_id) VALUES (27, 20);
INSERT INTO recipe_theme(recipe_id, theme_id) VALUES (27, 11);
INSERT INTO recipe_theme(recipe_id, theme_id) VALUES (27, 31);
INSERT INTO recipe_tip(recipe_id, tip_id) VALUES (27, 15);
INSERT INTO recipe_tip(recipe_id, tip_id) VALUES (27, 36);

INSERT INTO recipe(baking, cuisine_id, difficulty, title, recipe_description, prep_time, cook_time, portions, fat_portion, protein_portion, carbo_portion, picture, picture_description) VALUES(0, 46, 2,'Red Velvet Cake', 'Defense free budget collection notice inside. Opportunity much material. Spend then may a may central.', 115, 50, 3, 30, 55,70, 'https://picsum.photos/425/1', 'Hope speech skin six others.');
INSERT INTO recipe_meal_type(recipe_id, meal_type_id) VALUES (28, 5);
INSERT INTO recipe_tag(recipe_id, tag_id) VALUES (28, 80);
INSERT INTO recipe_tag(recipe_id, tag_id) VALUES (28, 10);
INSERT INTO recipe_tag(recipe_id, tag_id) VALUES (28, 32);
INSERT INTO recipe_equipment(recipe_id, equipment_id, num) VALUES (28, 2, 1);
INSERT INTO recipe_equipment(recipe_id, equipment_id, num) VALUES (28, 5, 4);
INSERT INTO recipe_equipment(recipe_id, equipment_id, num) VALUES (28, 6, 4);
INSERT INTO recipe_equipment(recipe_id, equipment_id, num) VALUES (28, 19, 2);
INSERT INTO recipe_equipment(recipe_id, equipment_id, num) VALUES (28, 18, 4);
INSERT INTO recipe_equipment(recipe_id, equipment_id, num) VALUES (28, 3, 3);
INSERT INTO recipe_cook(recipe_id, cook_id) VALUES (28, 127);
INSERT INTO recipe_cook(recipe_id, cook_id) VALUES (28, 80);
INSERT INTO recipe_cook(recipe_id, cook_id) VALUES (28, 92);
INSERT INTO recipe_cook(recipe_id, cook_id) VALUES (28, 67);
INSERT INTO recipe_cook(recipe_id, cook_id) VALUES (28, 136);
INSERT INTO recipe_cook(recipe_id, cook_id) VALUES (28, 133);
INSERT INTO recipe_cook(recipe_id, cook_id) VALUES (28, 22);
INSERT INTO recipe_cook(recipe_id, cook_id) VALUES (28, 102);
INSERT INTO recipe_cook(recipe_id, cook_id) VALUES (28, 177);
INSERT INTO recipe_cook(recipe_id, cook_id) VALUES (28, 122);
INSERT INTO recipe_cook(recipe_id, cook_id) VALUES (28, 129);
INSERT INTO recipe_cook(recipe_id, cook_id) VALUES (28, 32);
INSERT INTO recipe_cook(recipe_id, cook_id) VALUES (28, 64);
INSERT INTO recipe_cook(recipe_id, cook_id) VALUES (28, 11);
INSERT INTO recipe_cook(recipe_id, cook_id) VALUES (28, 37);
INSERT INTO recipe_cook(recipe_id, cook_id) VALUES (28, 147);
INSERT INTO recipe_cook(recipe_id, cook_id) VALUES (28, 170);
INSERT INTO recipe_cook(recipe_id, cook_id) VALUES (28, 59);
INSERT INTO recipe_cook(recipe_id, cook_id) VALUES (28, 5);
INSERT INTO recipe_cook(recipe_id, cook_id) VALUES (28, 124);
INSERT INTO recipe_cook(recipe_id, cook_id) VALUES (28, 20);
INSERT INTO recipe_cook(recipe_id, cook_id) VALUES (28, 150);
INSERT INTO recipe_cook(recipe_id, cook_id) VALUES (28, 83);
INSERT INTO recipe_cook(recipe_id, cook_id) VALUES (28, 178);
INSERT INTO recipe_cook(recipe_id, cook_id) VALUES (28, 146);
INSERT INTO recipe_cook(recipe_id, cook_id) VALUES (28, 142);
INSERT INTO recipe_cook(recipe_id, cook_id) VALUES (28, 115);
INSERT INTO recipe_cook(recipe_id, cook_id) VALUES (28, 112);
INSERT INTO recipe_cook(recipe_id, cook_id) VALUES (28, 138);
INSERT INTO recipe_cook(recipe_id, cook_id) VALUES (28, 173);
INSERT INTO recipe_cook(recipe_id, cook_id) VALUES (28, 176);
INSERT INTO recipe_cook(recipe_id, cook_id) VALUES (28, 51);
INSERT INTO recipe_cook(recipe_id, cook_id) VALUES (28, 114);
INSERT INTO recipe_cook(recipe_id, cook_id) VALUES (28, 184);
INSERT INTO recipe_cook(recipe_id, cook_id) VALUES (28, 120);
INSERT INTO recipe_cook(recipe_id, cook_id) VALUES (28, 16);
INSERT INTO recipe_cook(recipe_id, cook_id) VALUES (28, 38);
INSERT INTO recipe_cook(recipe_id, cook_id) VALUES (28, 42);
INSERT INTO recipe_cook(recipe_id, cook_id) VALUES (28, 15);
INSERT INTO recipe_cook(recipe_id, cook_id) VALUES (28, 196);
INSERT INTO recipe_cook(recipe_id, cook_id) VALUES (28, 40);
INSERT INTO recipe_cook(recipe_id, cook_id) VALUES (28, 108);
INSERT INTO recipe_cook(recipe_id, cook_id) VALUES (28, 195);
INSERT INTO recipe_cook(recipe_id, cook_id) VALUES (28, 149);
INSERT INTO recipe_cook(recipe_id, cook_id) VALUES (28, 3);
INSERT INTO recipe_cook(recipe_id, cook_id) VALUES (28, 30);
INSERT INTO recipe_cook(recipe_id, cook_id) VALUES (28, 34);
INSERT INTO recipe_cook(recipe_id, cook_id) VALUES (28, 157);
INSERT INTO recipe_cook(recipe_id, cook_id) VALUES (28, 36);
INSERT INTO recipe_cook(recipe_id, cook_id) VALUES (28, 194);
INSERT INTO recipe_cook(recipe_id, cook_id) VALUES (28, 95);
INSERT INTO recipe_cook(recipe_id, cook_id) VALUES (28, 13);
INSERT INTO recipe_cook(recipe_id, cook_id) VALUES (28, 56);
INSERT INTO recipe_cook(recipe_id, cook_id) VALUES (28, 55);
INSERT INTO recipe_cook(recipe_id, cook_id) VALUES (28, 19);
INSERT INTO recipe_cook(recipe_id, cook_id) VALUES (28, 12);
INSERT INTO recipe_cook(recipe_id, cook_id) VALUES (28, 183);
INSERT INTO recipe_cook(recipe_id, cook_id) VALUES (28, 27);
INSERT INTO recipe_cook(recipe_id, cook_id) VALUES (28, 65);
INSERT INTO recipe_cook(recipe_id, cook_id) VALUES (28, 175);
INSERT INTO recipe_cook(recipe_id, cook_id) VALUES (28, 85);
INSERT INTO recipe_cook(recipe_id, cook_id) VALUES (28, 187);
INSERT INTO recipe_cook(recipe_id, cook_id) VALUES (28, 137);
INSERT INTO recipe_cook(recipe_id, cook_id) VALUES (28, 99);
INSERT INTO recipe_cook(recipe_id, cook_id) VALUES (28, 197);
INSERT INTO recipe_cook(recipe_id, cook_id) VALUES (28, 7);
INSERT INTO recipe_cook(recipe_id, cook_id) VALUES (28, 23);
INSERT INTO recipe_cook(recipe_id, cook_id) VALUES (28, 71);
INSERT INTO recipe_cook(recipe_id, cook_id) VALUES (28, 118);
INSERT INTO recipe_cook(recipe_id, cook_id) VALUES (28, 119);
INSERT INTO recipe_cook(recipe_id, cook_id) VALUES (28, 113);
INSERT INTO recipe_cook(recipe_id, cook_id) VALUES (28, 9);
INSERT INTO recipe_cook(recipe_id, cook_id) VALUES (28, 198);
INSERT INTO recipe_cook(recipe_id, cook_id) VALUES (28, 200);
INSERT INTO recipe_cook(recipe_id, cook_id) VALUES (28, 73);
INSERT INTO recipe_cook(recipe_id, cook_id) VALUES (28, 50);
INSERT INTO recipe_cook(recipe_id, cook_id) VALUES (28, 117);
INSERT INTO recipe_cook(recipe_id, cook_id) VALUES (28, 104);
INSERT INTO recipe_cook(recipe_id, cook_id) VALUES (28, 89);
INSERT INTO recipe_cook(recipe_id, cook_id) VALUES (28, 128);
INSERT INTO recipe_cook(recipe_id, cook_id) VALUES (28, 145);
INSERT INTO recipe_cook(recipe_id, cook_id) VALUES (28, 107);
INSERT INTO recipe_cook(recipe_id, cook_id) VALUES (28, 96);
INSERT INTO recipe_cook(recipe_id, cook_id) VALUES (28, 154);
INSERT INTO recipe_cook(recipe_id, cook_id) VALUES (28, 188);
INSERT INTO recipe_cook(recipe_id, cook_id) VALUES (28, 79);
INSERT INTO recipe_cook(recipe_id, cook_id) VALUES (28, 62);
INSERT INTO recipe_cook(recipe_id, cook_id) VALUES (28, 192);
INSERT INTO recipe_cook(recipe_id, cook_id) VALUES (28, 94);
INSERT INTO recipe_cook(recipe_id, cook_id) VALUES (28, 156);
INSERT INTO recipe_cook(recipe_id, cook_id) VALUES (28, 123);
INSERT INTO recipe_cook(recipe_id, cook_id) VALUES (28, 103);
INSERT INTO recipe_cook(recipe_id, cook_id) VALUES (28, 47);
INSERT INTO recipe_cook(recipe_id, cook_id) VALUES (28, 43);
INSERT INTO recipe_cook(recipe_id, cook_id) VALUES (28, 143);
INSERT INTO recipe_cook(recipe_id, cook_id) VALUES (28, 45);
INSERT INTO recipe_cook(recipe_id, cook_id) VALUES (28, 48);
INSERT INTO recipe_cook(recipe_id, cook_id) VALUES (28, 106);
INSERT INTO recipe_cook(recipe_id, cook_id) VALUES (28, 24);
INSERT INTO recipe_cook(recipe_id, cook_id) VALUES (28, 121);
INSERT INTO recipe_cook(recipe_id, cook_id) VALUES (28, 141);
INSERT INTO recipe_cook(recipe_id, cook_id) VALUES (28, 167);
INSERT INTO recipe_cook(recipe_id, cook_id) VALUES (28, 91);
INSERT INTO recipe_cook(recipe_id, cook_id) VALUES (28, 76);
INSERT INTO recipe_cook(recipe_id, cook_id) VALUES (28, 132);
INSERT INTO recipe_cook(recipe_id, cook_id) VALUES (28, 57);
INSERT INTO recipe_cook(recipe_id, cook_id) VALUES (28, 78);
INSERT INTO recipe_cook(recipe_id, cook_id) VALUES (28, 26);
INSERT INTO recipe_cook(recipe_id, cook_id) VALUES (28, 134);
INSERT INTO recipe_cook(recipe_id, cook_id) VALUES (28, 116);
INSERT INTO recipe_cook(recipe_id, cook_id) VALUES (28, 66);
INSERT INTO recipe_cook(recipe_id, cook_id) VALUES (28, 162);
INSERT INTO recipe_cook(recipe_id, cook_id) VALUES (28, 49);
INSERT INTO recipe_cook(recipe_id, cook_id) VALUES (28, 25);
INSERT INTO recipe_cook(recipe_id, cook_id) VALUES (28, 109);
INSERT INTO recipe_cook(recipe_id, cook_id) VALUES (28, 191);
INSERT INTO recipe_cook(recipe_id, cook_id) VALUES (28, 110);
INSERT INTO recipe_cook(recipe_id, cook_id) VALUES (28, 39);
INSERT INTO recipe_cook(recipe_id, cook_id) VALUES (28, 159);
INSERT INTO recipe_cook(recipe_id, cook_id) VALUES (28, 135);
INSERT INTO recipe_cook(recipe_id, cook_id) VALUES (28, 193);
INSERT INTO recipe_cook(recipe_id, cook_id) VALUES (28, 180);
INSERT INTO recipe_cook(recipe_id, cook_id) VALUES (28, 14);
INSERT INTO recipe_cook(recipe_id, cook_id) VALUES (28, 97);
INSERT INTO recipe_cook(recipe_id, cook_id) VALUES (28, 168);
INSERT INTO recipe_cook(recipe_id, cook_id) VALUES (28, 139);
INSERT INTO recipe_cook(recipe_id, cook_id) VALUES (28, 182);
INSERT INTO recipe_cook(recipe_id, cook_id) VALUES (28, 148);
INSERT INTO recipe_cook(recipe_id, cook_id) VALUES (28, 8);
INSERT INTO recipe_cook(recipe_id, cook_id) VALUES (28, 68);
INSERT INTO recipe_cook(recipe_id, cook_id) VALUES (28, 10);
INSERT INTO recipe_cook(recipe_id, cook_id) VALUES (28, 41);
INSERT INTO recipe_cook(recipe_id, cook_id) VALUES (28, 189);
INSERT INTO recipe_cook(recipe_id, cook_id) VALUES (28, 33);
INSERT INTO recipe_cook(recipe_id, cook_id) VALUES (28, 169);
INSERT INTO recipe_cook(recipe_id, cook_id) VALUES (28, 21);
INSERT INTO recipe_cook(recipe_id, cook_id) VALUES (28, 63);
INSERT INTO recipe_cook(recipe_id, cook_id) VALUES (28, 152);
INSERT INTO recipe_cook(recipe_id, cook_id) VALUES (28, 54);
INSERT INTO recipe_cook(recipe_id, cook_id) VALUES (28, 1);
INSERT INTO recipe_cook(recipe_id, cook_id) VALUES (28, 53);
INSERT INTO recipe_cook(recipe_id, cook_id) VALUES (28, 87);
INSERT INTO recipe_cook(recipe_id, cook_id) VALUES (28, 151);
INSERT INTO recipe_cook(recipe_id, cook_id) VALUES (28, 190);
INSERT INTO recipe_cook(recipe_id, cook_id) VALUES (28, 160);
INSERT INTO recipe_cook(recipe_id, cook_id) VALUES (28, 4);
INSERT INTO recipe_cook(recipe_id, cook_id) VALUES (28, 153);
INSERT INTO recipe_cook(recipe_id, cook_id) VALUES (28, 2);
INSERT INTO recipe_cook(recipe_id, cook_id) VALUES (28, 70);
INSERT INTO recipe_cook(recipe_id, cook_id) VALUES (28, 101);
INSERT INTO recipe_cook(recipe_id, cook_id) VALUES (28, 29);
INSERT INTO recipe_cook(recipe_id, cook_id) VALUES (28, 165);
INSERT INTO recipe_cook(recipe_id, cook_id) VALUES (28, 163);
INSERT INTO recipe_cook(recipe_id, cook_id) VALUES (28, 166);
INSERT INTO recipe_cook(recipe_id, cook_id) VALUES (28, 140);
INSERT INTO recipe_cook(recipe_id, cook_id) VALUES (28, 158);
INSERT INTO recipe_cook(recipe_id, cook_id) VALUES (28, 144);
INSERT INTO recipe_cook(recipe_id, cook_id) VALUES (28, 171);
INSERT INTO recipe_cook(recipe_id, cook_id) VALUES (28, 86);
INSERT INTO recipe_cook(recipe_id, cook_id) VALUES (28, 44);
INSERT INTO recipe_cook(recipe_id, cook_id) VALUES (28, 130);
INSERT INTO recipe_cook(recipe_id, cook_id) VALUES (28, 174);
INSERT INTO recipe_cook(recipe_id, cook_id) VALUES (28, 60);
INSERT INTO recipe_cook(recipe_id, cook_id) VALUES (28, 18);
INSERT INTO recipe_cook(recipe_id, cook_id) VALUES (28, 161);
INSERT INTO recipe_theme(recipe_id, theme_id) VALUES (28, 18);
INSERT INTO recipe_theme(recipe_id, theme_id) VALUES (28, 39);
INSERT INTO recipe_tip(recipe_id, tip_id) VALUES (28, 6);
INSERT INTO recipe_tip(recipe_id, tip_id) VALUES (28, 9);
INSERT INTO recipe_tip(recipe_id, tip_id) VALUES (28, 37);

INSERT INTO recipe(baking, cuisine_id, difficulty, title, recipe_description, prep_time, cook_time, portions, fat_portion, protein_portion, carbo_portion, picture, picture_description) VALUES(1, 14, 2,'Pumpkin Pie', 'Include truth traditional. Difficult edge those really.', 95, 80, 5, 35, 10,20, 'https://picsum.photos/962/943', 'While never yet.');
INSERT INTO recipe_meal_type(recipe_id, meal_type_id) VALUES (29, 2);
INSERT INTO recipe_tag(recipe_id, tag_id) VALUES (29, 38);
INSERT INTO recipe_tag(recipe_id, tag_id) VALUES (29, 40);
INSERT INTO recipe_tag(recipe_id, tag_id) VALUES (29, 51);
INSERT INTO recipe_tag(recipe_id, tag_id) VALUES (29, 58);
INSERT INTO recipe_tag(recipe_id, tag_id) VALUES (29, 62);
INSERT INTO recipe_equipment(recipe_id, equipment_id, num) VALUES (29, 16, 3);
INSERT INTO recipe_equipment(recipe_id, equipment_id, num) VALUES (29, 18, 2);
INSERT INTO recipe_equipment(recipe_id, equipment_id, num) VALUES (29, 11, 4);
INSERT INTO recipe_equipment(recipe_id, equipment_id, num) VALUES (29, 9, 2);
INSERT INTO recipe_cook(recipe_id, cook_id) VALUES (29, 155);
INSERT INTO recipe_cook(recipe_id, cook_id) VALUES (29, 141);
INSERT INTO recipe_cook(recipe_id, cook_id) VALUES (29, 3);
INSERT INTO recipe_cook(recipe_id, cook_id) VALUES (29, 191);
INSERT INTO recipe_cook(recipe_id, cook_id) VALUES (29, 52);
INSERT INTO recipe_cook(recipe_id, cook_id) VALUES (29, 101);
INSERT INTO recipe_cook(recipe_id, cook_id) VALUES (29, 194);
INSERT INTO recipe_cook(recipe_id, cook_id) VALUES (29, 159);
INSERT INTO recipe_cook(recipe_id, cook_id) VALUES (29, 168);
INSERT INTO recipe_cook(recipe_id, cook_id) VALUES (29, 172);
INSERT INTO recipe_cook(recipe_id, cook_id) VALUES (29, 180);
INSERT INTO recipe_cook(recipe_id, cook_id) VALUES (29, 132);
INSERT INTO recipe_cook(recipe_id, cook_id) VALUES (29, 45);
INSERT INTO recipe_cook(recipe_id, cook_id) VALUES (29, 133);
INSERT INTO recipe_cook(recipe_id, cook_id) VALUES (29, 122);
INSERT INTO recipe_cook(recipe_id, cook_id) VALUES (29, 33);
INSERT INTO recipe_cook(recipe_id, cook_id) VALUES (29, 148);
INSERT INTO recipe_cook(recipe_id, cook_id) VALUES (29, 25);
INSERT INTO recipe_theme(recipe_id, theme_id) VALUES (29, 5);
INSERT INTO recipe_tip(recipe_id, tip_id) VALUES (29, 36);
INSERT INTO recipe_tip(recipe_id, tip_id) VALUES (29, 1);
INSERT INTO recipe_tip(recipe_id, tip_id) VALUES (29, 33);

INSERT INTO recipe(baking, cuisine_id, difficulty, title, recipe_description, prep_time, cook_time, portions, fat_portion, protein_portion, carbo_portion, picture, picture_description) VALUES(0, 7, 1,'Rice Pudding', 'Including generation camera take. Fast deep goal partner prevent floor ask. Agreement west church whom state.', 45, 40, 4, 10, 20,30, 'https://placekitten.com/57/256', 'Animal mind large and pretty what such.');
INSERT INTO recipe_meal_type(recipe_id, meal_type_id) VALUES (30, 2);
INSERT INTO recipe_tag(recipe_id, tag_id) VALUES (30, 70);
INSERT INTO recipe_tag(recipe_id, tag_id) VALUES (30, 6);
INSERT INTO recipe_tag(recipe_id, tag_id) VALUES (30, 44);
INSERT INTO recipe_tag(recipe_id, tag_id) VALUES (30, 54);
INSERT INTO recipe_tag(recipe_id, tag_id) VALUES (30, 79);
INSERT INTO recipe_tag(recipe_id, tag_id) VALUES (30, 48);
INSERT INTO recipe_tag(recipe_id, tag_id) VALUES (30, 51);
INSERT INTO recipe_equipment(recipe_id, equipment_id, num) VALUES (30, 13, 4);
INSERT INTO recipe_equipment(recipe_id, equipment_id, num) VALUES (30, 11, 1);
INSERT INTO recipe_equipment(recipe_id, equipment_id, num) VALUES (30, 1, 2);
INSERT INTO recipe_equipment(recipe_id, equipment_id, num) VALUES (30, 2, 3);
INSERT INTO recipe_cook(recipe_id, cook_id) VALUES (30, 165);
INSERT INTO recipe_cook(recipe_id, cook_id) VALUES (30, 177);
INSERT INTO recipe_cook(recipe_id, cook_id) VALUES (30, 119);
INSERT INTO recipe_cook(recipe_id, cook_id) VALUES (30, 81);
INSERT INTO recipe_cook(recipe_id, cook_id) VALUES (30, 158);
INSERT INTO recipe_cook(recipe_id, cook_id) VALUES (30, 135);
INSERT INTO recipe_cook(recipe_id, cook_id) VALUES (30, 117);
INSERT INTO recipe_cook(recipe_id, cook_id) VALUES (30, 68);
INSERT INTO recipe_cook(recipe_id, cook_id) VALUES (30, 30);
INSERT INTO recipe_cook(recipe_id, cook_id) VALUES (30, 96);
INSERT INTO recipe_cook(recipe_id, cook_id) VALUES (30, 58);
INSERT INTO recipe_cook(recipe_id, cook_id) VALUES (30, 45);
INSERT INTO recipe_cook(recipe_id, cook_id) VALUES (30, 160);
INSERT INTO recipe_cook(recipe_id, cook_id) VALUES (30, 43);
INSERT INTO recipe_cook(recipe_id, cook_id) VALUES (30, 200);
INSERT INTO recipe_cook(recipe_id, cook_id) VALUES (30, 134);
INSERT INTO recipe_cook(recipe_id, cook_id) VALUES (30, 161);
INSERT INTO recipe_cook(recipe_id, cook_id) VALUES (30, 115);
INSERT INTO recipe_cook(recipe_id, cook_id) VALUES (30, 133);
INSERT INTO recipe_cook(recipe_id, cook_id) VALUES (30, 109);
INSERT INTO recipe_cook(recipe_id, cook_id) VALUES (30, 138);
INSERT INTO recipe_cook(recipe_id, cook_id) VALUES (30, 191);
INSERT INTO recipe_cook(recipe_id, cook_id) VALUES (30, 91);
INSERT INTO recipe_cook(recipe_id, cook_id) VALUES (30, 61);
INSERT INTO recipe_cook(recipe_id, cook_id) VALUES (30, 124);
INSERT INTO recipe_cook(recipe_id, cook_id) VALUES (30, 140);
INSERT INTO recipe_cook(recipe_id, cook_id) VALUES (30, 14);
INSERT INTO recipe_cook(recipe_id, cook_id) VALUES (30, 2);
INSERT INTO recipe_cook(recipe_id, cook_id) VALUES (30, 75);
INSERT INTO recipe_cook(recipe_id, cook_id) VALUES (30, 99);
INSERT INTO recipe_cook(recipe_id, cook_id) VALUES (30, 172);
INSERT INTO recipe_cook(recipe_id, cook_id) VALUES (30, 83);
INSERT INTO recipe_cook(recipe_id, cook_id) VALUES (30, 39);
INSERT INTO recipe_cook(recipe_id, cook_id) VALUES (30, 112);
INSERT INTO recipe_cook(recipe_id, cook_id) VALUES (30, 15);
INSERT INTO recipe_cook(recipe_id, cook_id) VALUES (30, 55);
INSERT INTO recipe_cook(recipe_id, cook_id) VALUES (30, 93);
INSERT INTO recipe_cook(recipe_id, cook_id) VALUES (30, 197);
INSERT INTO recipe_cook(recipe_id, cook_id) VALUES (30, 163);
INSERT INTO recipe_cook(recipe_id, cook_id) VALUES (30, 6);
INSERT INTO recipe_cook(recipe_id, cook_id) VALUES (30, 168);
INSERT INTO recipe_cook(recipe_id, cook_id) VALUES (30, 176);
INSERT INTO recipe_cook(recipe_id, cook_id) VALUES (30, 118);
INSERT INTO recipe_cook(recipe_id, cook_id) VALUES (30, 70);
INSERT INTO recipe_cook(recipe_id, cook_id) VALUES (30, 185);
INSERT INTO recipe_cook(recipe_id, cook_id) VALUES (30, 4);
INSERT INTO recipe_cook(recipe_id, cook_id) VALUES (30, 193);
INSERT INTO recipe_cook(recipe_id, cook_id) VALUES (30, 190);
INSERT INTO recipe_cook(recipe_id, cook_id) VALUES (30, 144);
INSERT INTO recipe_cook(recipe_id, cook_id) VALUES (30, 120);
INSERT INTO recipe_cook(recipe_id, cook_id) VALUES (30, 47);
INSERT INTO recipe_cook(recipe_id, cook_id) VALUES (30, 41);
INSERT INTO recipe_cook(recipe_id, cook_id) VALUES (30, 141);
INSERT INTO recipe_cook(recipe_id, cook_id) VALUES (30, 11);
INSERT INTO recipe_cook(recipe_id, cook_id) VALUES (30, 103);
INSERT INTO recipe_cook(recipe_id, cook_id) VALUES (30, 162);
INSERT INTO recipe_cook(recipe_id, cook_id) VALUES (30, 102);
INSERT INTO recipe_cook(recipe_id, cook_id) VALUES (30, 85);
INSERT INTO recipe_cook(recipe_id, cook_id) VALUES (30, 49);
INSERT INTO recipe_cook(recipe_id, cook_id) VALUES (30, 18);
INSERT INTO recipe_cook(recipe_id, cook_id) VALUES (30, 62);
INSERT INTO recipe_cook(recipe_id, cook_id) VALUES (30, 110);
INSERT INTO recipe_cook(recipe_id, cook_id) VALUES (30, 46);
INSERT INTO recipe_cook(recipe_id, cook_id) VALUES (30, 35);
INSERT INTO recipe_cook(recipe_id, cook_id) VALUES (30, 127);
INSERT INTO recipe_cook(recipe_id, cook_id) VALUES (30, 56);
INSERT INTO recipe_cook(recipe_id, cook_id) VALUES (30, 104);
INSERT INTO recipe_cook(recipe_id, cook_id) VALUES (30, 107);
INSERT INTO recipe_cook(recipe_id, cook_id) VALUES (30, 74);
INSERT INTO recipe_cook(recipe_id, cook_id) VALUES (30, 199);
INSERT INTO recipe_cook(recipe_id, cook_id) VALUES (30, 34);
INSERT INTO recipe_cook(recipe_id, cook_id) VALUES (30, 20);
INSERT INTO recipe_cook(recipe_id, cook_id) VALUES (30, 173);
INSERT INTO recipe_cook(recipe_id, cook_id) VALUES (30, 33);
INSERT INTO recipe_cook(recipe_id, cook_id) VALUES (30, 179);
INSERT INTO recipe_cook(recipe_id, cook_id) VALUES (30, 60);
INSERT INTO recipe_cook(recipe_id, cook_id) VALUES (30, 183);
INSERT INTO recipe_cook(recipe_id, cook_id) VALUES (30, 121);
INSERT INTO recipe_cook(recipe_id, cook_id) VALUES (30, 69);
INSERT INTO recipe_cook(recipe_id, cook_id) VALUES (30, 1);
INSERT INTO recipe_cook(recipe_id, cook_id) VALUES (30, 152);
INSERT INTO recipe_cook(recipe_id, cook_id) VALUES (30, 128);
INSERT INTO recipe_cook(recipe_id, cook_id) VALUES (30, 148);
INSERT INTO recipe_cook(recipe_id, cook_id) VALUES (30, 23);
INSERT INTO recipe_cook(recipe_id, cook_id) VALUES (30, 195);
INSERT INTO recipe_cook(recipe_id, cook_id) VALUES (30, 13);
INSERT INTO recipe_cook(recipe_id, cook_id) VALUES (30, 52);
INSERT INTO recipe_cook(recipe_id, cook_id) VALUES (30, 19);
INSERT INTO recipe_cook(recipe_id, cook_id) VALUES (30, 155);
INSERT INTO recipe_cook(recipe_id, cook_id) VALUES (30, 174);
INSERT INTO recipe_cook(recipe_id, cook_id) VALUES (30, 132);
INSERT INTO recipe_cook(recipe_id, cook_id) VALUES (30, 87);
INSERT INTO recipe_cook(recipe_id, cook_id) VALUES (30, 171);
INSERT INTO recipe_cook(recipe_id, cook_id) VALUES (30, 27);
INSERT INTO recipe_cook(recipe_id, cook_id) VALUES (30, 136);
INSERT INTO recipe_cook(recipe_id, cook_id) VALUES (30, 150);
INSERT INTO recipe_cook(recipe_id, cook_id) VALUES (30, 21);
INSERT INTO recipe_cook(recipe_id, cook_id) VALUES (30, 8);
INSERT INTO recipe_cook(recipe_id, cook_id) VALUES (30, 156);
INSERT INTO recipe_cook(recipe_id, cook_id) VALUES (30, 147);
INSERT INTO recipe_cook(recipe_id, cook_id) VALUES (30, 78);
INSERT INTO recipe_cook(recipe_id, cook_id) VALUES (30, 76);
INSERT INTO recipe_cook(recipe_id, cook_id) VALUES (30, 166);
INSERT INTO recipe_cook(recipe_id, cook_id) VALUES (30, 154);
INSERT INTO recipe_cook(recipe_id, cook_id) VALUES (30, 123);
INSERT INTO recipe_cook(recipe_id, cook_id) VALUES (30, 59);
INSERT INTO recipe_cook(recipe_id, cook_id) VALUES (30, 26);
INSERT INTO recipe_cook(recipe_id, cook_id) VALUES (30, 5);
INSERT INTO recipe_cook(recipe_id, cook_id) VALUES (30, 186);
INSERT INTO recipe_cook(recipe_id, cook_id) VALUES (30, 159);
INSERT INTO recipe_cook(recipe_id, cook_id) VALUES (30, 153);
INSERT INTO recipe_cook(recipe_id, cook_id) VALUES (30, 92);
INSERT INTO recipe_cook(recipe_id, cook_id) VALUES (30, 122);
INSERT INTO recipe_cook(recipe_id, cook_id) VALUES (30, 44);
INSERT INTO recipe_cook(recipe_id, cook_id) VALUES (30, 188);
INSERT INTO recipe_cook(recipe_id, cook_id) VALUES (30, 101);
INSERT INTO recipe_cook(recipe_id, cook_id) VALUES (30, 71);
INSERT INTO recipe_cook(recipe_id, cook_id) VALUES (30, 72);
INSERT INTO recipe_cook(recipe_id, cook_id) VALUES (30, 94);
INSERT INTO recipe_cook(recipe_id, cook_id) VALUES (30, 48);
INSERT INTO recipe_cook(recipe_id, cook_id) VALUES (30, 57);
INSERT INTO recipe_cook(recipe_id, cook_id) VALUES (30, 180);
INSERT INTO recipe_cook(recipe_id, cook_id) VALUES (30, 17);
INSERT INTO recipe_cook(recipe_id, cook_id) VALUES (30, 145);
INSERT INTO recipe_cook(recipe_id, cook_id) VALUES (30, 95);
INSERT INTO recipe_cook(recipe_id, cook_id) VALUES (30, 9);
INSERT INTO recipe_cook(recipe_id, cook_id) VALUES (30, 84);
INSERT INTO recipe_cook(recipe_id, cook_id) VALUES (30, 38);
INSERT INTO recipe_cook(recipe_id, cook_id) VALUES (30, 137);
INSERT INTO recipe_cook(recipe_id, cook_id) VALUES (30, 139);
INSERT INTO recipe_cook(recipe_id, cook_id) VALUES (30, 22);
INSERT INTO recipe_cook(recipe_id, cook_id) VALUES (30, 130);
INSERT INTO recipe_cook(recipe_id, cook_id) VALUES (30, 169);
INSERT INTO recipe_cook(recipe_id, cook_id) VALUES (30, 89);
INSERT INTO recipe_cook(recipe_id, cook_id) VALUES (30, 24);
INSERT INTO recipe_cook(recipe_id, cook_id) VALUES (30, 196);
INSERT INTO recipe_cook(recipe_id, cook_id) VALUES (30, 116);
INSERT INTO recipe_cook(recipe_id, cook_id) VALUES (30, 16);
INSERT INTO recipe_cook(recipe_id, cook_id) VALUES (30, 100);
INSERT INTO recipe_cook(recipe_id, cook_id) VALUES (30, 151);
INSERT INTO recipe_cook(recipe_id, cook_id) VALUES (30, 80);
INSERT INTO recipe_cook(recipe_id, cook_id) VALUES (30, 29);
INSERT INTO recipe_cook(recipe_id, cook_id) VALUES (30, 7);
INSERT INTO recipe_cook(recipe_id, cook_id) VALUES (30, 108);
INSERT INTO recipe_cook(recipe_id, cook_id) VALUES (30, 63);
INSERT INTO recipe_cook(recipe_id, cook_id) VALUES (30, 131);
INSERT INTO recipe_cook(recipe_id, cook_id) VALUES (30, 182);
INSERT INTO recipe_cook(recipe_id, cook_id) VALUES (30, 77);
INSERT INTO recipe_cook(recipe_id, cook_id) VALUES (30, 157);
INSERT INTO recipe_cook(recipe_id, cook_id) VALUES (30, 178);
INSERT INTO recipe_cook(recipe_id, cook_id) VALUES (30, 106);
INSERT INTO recipe_cook(recipe_id, cook_id) VALUES (30, 32);
INSERT INTO recipe_cook(recipe_id, cook_id) VALUES (30, 73);
INSERT INTO recipe_cook(recipe_id, cook_id) VALUES (30, 25);
INSERT INTO recipe_cook(recipe_id, cook_id) VALUES (30, 86);
INSERT INTO recipe_cook(recipe_id, cook_id) VALUES (30, 189);
INSERT INTO recipe_cook(recipe_id, cook_id) VALUES (30, 88);
INSERT INTO recipe_cook(recipe_id, cook_id) VALUES (30, 42);
INSERT INTO recipe_cook(recipe_id, cook_id) VALUES (30, 181);
INSERT INTO recipe_cook(recipe_id, cook_id) VALUES (30, 167);
INSERT INTO recipe_cook(recipe_id, cook_id) VALUES (30, 175);
INSERT INTO recipe_cook(recipe_id, cook_id) VALUES (30, 125);
INSERT INTO recipe_cook(recipe_id, cook_id) VALUES (30, 90);
INSERT INTO recipe_cook(recipe_id, cook_id) VALUES (30, 3);
INSERT INTO recipe_cook(recipe_id, cook_id) VALUES (30, 111);
INSERT INTO recipe_cook(recipe_id, cook_id) VALUES (30, 51);
INSERT INTO recipe_cook(recipe_id, cook_id) VALUES (30, 146);
INSERT INTO recipe_cook(recipe_id, cook_id) VALUES (30, 126);
INSERT INTO recipe_cook(recipe_id, cook_id) VALUES (30, 37);
INSERT INTO recipe_cook(recipe_id, cook_id) VALUES (30, 53);
INSERT INTO recipe_cook(recipe_id, cook_id) VALUES (30, 64);
INSERT INTO recipe_cook(recipe_id, cook_id) VALUES (30, 98);
INSERT INTO recipe_cook(recipe_id, cook_id) VALUES (30, 36);
INSERT INTO recipe_cook(recipe_id, cook_id) VALUES (30, 142);
INSERT INTO recipe_cook(recipe_id, cook_id) VALUES (30, 79);
INSERT INTO recipe_cook(recipe_id, cook_id) VALUES (30, 105);
INSERT INTO recipe_theme(recipe_id, theme_id) VALUES (30, 28);
INSERT INTO recipe_theme(recipe_id, theme_id) VALUES (30, 1);
INSERT INTO recipe_theme(recipe_id, theme_id) VALUES (30, 34);
INSERT INTO recipe_tip(recipe_id, tip_id) VALUES (30, 21);
INSERT INTO recipe_tip(recipe_id, tip_id) VALUES (30, 11);

INSERT INTO recipe(baking, cuisine_id, difficulty, title, recipe_description, prep_time, cook_time, portions, fat_portion, protein_portion, carbo_portion, picture, picture_description) VALUES(1, 42, 3,'Eggs Benedict', 'Under third teacher bill toward family. Their pass raise score radio capital what. How many charge.', 15, 80, 2, 20, 55,45, 'https://dummyimage.com/1016x556', 'Cut new rich finish present upon would economy.');
INSERT INTO recipe_meal_type(recipe_id, meal_type_id) VALUES (31, 2);
INSERT INTO recipe_tag(recipe_id, tag_id) VALUES (31, 11);
INSERT INTO recipe_tag(recipe_id, tag_id) VALUES (31, 39);
INSERT INTO recipe_equipment(recipe_id, equipment_id, num) VALUES (31, 11, 2);
INSERT INTO recipe_equipment(recipe_id, equipment_id, num) VALUES (31, 16, 4);
INSERT INTO recipe_equipment(recipe_id, equipment_id, num) VALUES (31, 12, 4);
INSERT INTO recipe_cook(recipe_id, cook_id) VALUES (31, 28);
INSERT INTO recipe_cook(recipe_id, cook_id) VALUES (31, 174);
INSERT INTO recipe_cook(recipe_id, cook_id) VALUES (31, 141);
INSERT INTO recipe_cook(recipe_id, cook_id) VALUES (31, 180);
INSERT INTO recipe_cook(recipe_id, cook_id) VALUES (31, 102);
INSERT INTO recipe_cook(recipe_id, cook_id) VALUES (31, 58);
INSERT INTO recipe_cook(recipe_id, cook_id) VALUES (31, 88);
INSERT INTO recipe_cook(recipe_id, cook_id) VALUES (31, 22);
INSERT INTO recipe_cook(recipe_id, cook_id) VALUES (31, 3);
INSERT INTO recipe_cook(recipe_id, cook_id) VALUES (31, 129);
INSERT INTO recipe_cook(recipe_id, cook_id) VALUES (31, 8);
INSERT INTO recipe_cook(recipe_id, cook_id) VALUES (31, 95);
INSERT INTO recipe_cook(recipe_id, cook_id) VALUES (31, 78);
INSERT INTO recipe_cook(recipe_id, cook_id) VALUES (31, 185);
INSERT INTO recipe_cook(recipe_id, cook_id) VALUES (31, 155);
INSERT INTO recipe_cook(recipe_id, cook_id) VALUES (31, 92);
INSERT INTO recipe_cook(recipe_id, cook_id) VALUES (31, 19);
INSERT INTO recipe_cook(recipe_id, cook_id) VALUES (31, 104);
INSERT INTO recipe_cook(recipe_id, cook_id) VALUES (31, 150);
INSERT INTO recipe_cook(recipe_id, cook_id) VALUES (31, 168);
INSERT INTO recipe_cook(recipe_id, cook_id) VALUES (31, 44);
INSERT INTO recipe_cook(recipe_id, cook_id) VALUES (31, 27);
INSERT INTO recipe_cook(recipe_id, cook_id) VALUES (31, 188);
INSERT INTO recipe_cook(recipe_id, cook_id) VALUES (31, 111);
INSERT INTO recipe_cook(recipe_id, cook_id) VALUES (31, 181);
INSERT INTO recipe_cook(recipe_id, cook_id) VALUES (31, 197);
INSERT INTO recipe_cook(recipe_id, cook_id) VALUES (31, 187);
INSERT INTO recipe_cook(recipe_id, cook_id) VALUES (31, 32);
INSERT INTO recipe_cook(recipe_id, cook_id) VALUES (31, 199);
INSERT INTO recipe_cook(recipe_id, cook_id) VALUES (31, 101);
INSERT INTO recipe_cook(recipe_id, cook_id) VALUES (31, 71);
INSERT INTO recipe_cook(recipe_id, cook_id) VALUES (31, 159);
INSERT INTO recipe_cook(recipe_id, cook_id) VALUES (31, 20);
INSERT INTO recipe_cook(recipe_id, cook_id) VALUES (31, 131);
INSERT INTO recipe_cook(recipe_id, cook_id) VALUES (31, 50);
INSERT INTO recipe_cook(recipe_id, cook_id) VALUES (31, 193);
INSERT INTO recipe_cook(recipe_id, cook_id) VALUES (31, 51);
INSERT INTO recipe_cook(recipe_id, cook_id) VALUES (31, 121);
INSERT INTO recipe_cook(recipe_id, cook_id) VALUES (31, 132);
INSERT INTO recipe_cook(recipe_id, cook_id) VALUES (31, 172);
INSERT INTO recipe_cook(recipe_id, cook_id) VALUES (31, 46);
INSERT INTO recipe_cook(recipe_id, cook_id) VALUES (31, 126);
INSERT INTO recipe_cook(recipe_id, cook_id) VALUES (31, 82);
INSERT INTO recipe_cook(recipe_id, cook_id) VALUES (31, 156);
INSERT INTO recipe_cook(recipe_id, cook_id) VALUES (31, 183);
INSERT INTO recipe_cook(recipe_id, cook_id) VALUES (31, 23);
INSERT INTO recipe_cook(recipe_id, cook_id) VALUES (31, 29);
INSERT INTO recipe_cook(recipe_id, cook_id) VALUES (31, 53);
INSERT INTO recipe_cook(recipe_id, cook_id) VALUES (31, 70);
INSERT INTO recipe_cook(recipe_id, cook_id) VALUES (31, 81);
INSERT INTO recipe_cook(recipe_id, cook_id) VALUES (31, 2);
INSERT INTO recipe_cook(recipe_id, cook_id) VALUES (31, 167);
INSERT INTO recipe_cook(recipe_id, cook_id) VALUES (31, 192);
INSERT INTO recipe_cook(recipe_id, cook_id) VALUES (31, 164);
INSERT INTO recipe_cook(recipe_id, cook_id) VALUES (31, 73);
INSERT INTO recipe_cook(recipe_id, cook_id) VALUES (31, 113);
INSERT INTO recipe_cook(recipe_id, cook_id) VALUES (31, 134);
INSERT INTO recipe_cook(recipe_id, cook_id) VALUES (31, 90);
INSERT INTO recipe_cook(recipe_id, cook_id) VALUES (31, 153);
INSERT INTO recipe_cook(recipe_id, cook_id) VALUES (31, 79);
INSERT INTO recipe_cook(recipe_id, cook_id) VALUES (31, 61);
INSERT INTO recipe_cook(recipe_id, cook_id) VALUES (31, 67);
INSERT INTO recipe_cook(recipe_id, cook_id) VALUES (31, 7);
INSERT INTO recipe_cook(recipe_id, cook_id) VALUES (31, 13);
INSERT INTO recipe_cook(recipe_id, cook_id) VALUES (31, 189);
INSERT INTO recipe_cook(recipe_id, cook_id) VALUES (31, 139);
INSERT INTO recipe_cook(recipe_id, cook_id) VALUES (31, 14);
INSERT INTO recipe_cook(recipe_id, cook_id) VALUES (31, 105);
INSERT INTO recipe_cook(recipe_id, cook_id) VALUES (31, 87);
INSERT INTO recipe_cook(recipe_id, cook_id) VALUES (31, 170);
INSERT INTO recipe_cook(recipe_id, cook_id) VALUES (31, 63);
INSERT INTO recipe_cook(recipe_id, cook_id) VALUES (31, 106);
INSERT INTO recipe_cook(recipe_id, cook_id) VALUES (31, 114);
INSERT INTO recipe_cook(recipe_id, cook_id) VALUES (31, 94);
INSERT INTO recipe_cook(recipe_id, cook_id) VALUES (31, 175);
INSERT INTO recipe_cook(recipe_id, cook_id) VALUES (31, 151);
INSERT INTO recipe_cook(recipe_id, cook_id) VALUES (31, 98);
INSERT INTO recipe_cook(recipe_id, cook_id) VALUES (31, 119);
INSERT INTO recipe_cook(recipe_id, cook_id) VALUES (31, 15);
INSERT INTO recipe_cook(recipe_id, cook_id) VALUES (31, 137);
INSERT INTO recipe_cook(recipe_id, cook_id) VALUES (31, 118);
INSERT INTO recipe_cook(recipe_id, cook_id) VALUES (31, 26);
INSERT INTO recipe_cook(recipe_id, cook_id) VALUES (31, 108);
INSERT INTO recipe_cook(recipe_id, cook_id) VALUES (31, 124);
INSERT INTO recipe_cook(recipe_id, cook_id) VALUES (31, 47);
INSERT INTO recipe_cook(recipe_id, cook_id) VALUES (31, 80);
INSERT INTO recipe_cook(recipe_id, cook_id) VALUES (31, 165);
INSERT INTO recipe_cook(recipe_id, cook_id) VALUES (31, 55);
INSERT INTO recipe_cook(recipe_id, cook_id) VALUES (31, 25);
INSERT INTO recipe_cook(recipe_id, cook_id) VALUES (31, 54);
INSERT INTO recipe_cook(recipe_id, cook_id) VALUES (31, 4);
INSERT INTO recipe_cook(recipe_id, cook_id) VALUES (31, 191);
INSERT INTO recipe_cook(recipe_id, cook_id) VALUES (31, 182);
INSERT INTO recipe_cook(recipe_id, cook_id) VALUES (31, 130);
INSERT INTO recipe_cook(recipe_id, cook_id) VALUES (31, 103);
INSERT INTO recipe_cook(recipe_id, cook_id) VALUES (31, 144);
INSERT INTO recipe_cook(recipe_id, cook_id) VALUES (31, 59);
INSERT INTO recipe_cook(recipe_id, cook_id) VALUES (31, 149);
INSERT INTO recipe_cook(recipe_id, cook_id) VALUES (31, 154);
INSERT INTO recipe_cook(recipe_id, cook_id) VALUES (31, 97);
INSERT INTO recipe_cook(recipe_id, cook_id) VALUES (31, 75);
INSERT INTO recipe_cook(recipe_id, cook_id) VALUES (31, 107);
INSERT INTO recipe_cook(recipe_id, cook_id) VALUES (31, 112);
INSERT INTO recipe_cook(recipe_id, cook_id) VALUES (31, 49);
INSERT INTO recipe_cook(recipe_id, cook_id) VALUES (31, 194);
INSERT INTO recipe_cook(recipe_id, cook_id) VALUES (31, 40);
INSERT INTO recipe_cook(recipe_id, cook_id) VALUES (31, 166);
INSERT INTO recipe_cook(recipe_id, cook_id) VALUES (31, 117);
INSERT INTO recipe_cook(recipe_id, cook_id) VALUES (31, 17);
INSERT INTO recipe_cook(recipe_id, cook_id) VALUES (31, 128);
INSERT INTO recipe_cook(recipe_id, cook_id) VALUES (31, 66);
INSERT INTO recipe_cook(recipe_id, cook_id) VALUES (31, 190);
INSERT INTO recipe_cook(recipe_id, cook_id) VALUES (31, 38);
INSERT INTO recipe_cook(recipe_id, cook_id) VALUES (31, 91);
INSERT INTO recipe_cook(recipe_id, cook_id) VALUES (31, 152);
INSERT INTO recipe_cook(recipe_id, cook_id) VALUES (31, 35);
INSERT INTO recipe_cook(recipe_id, cook_id) VALUES (31, 109);
INSERT INTO recipe_cook(recipe_id, cook_id) VALUES (31, 85);
INSERT INTO recipe_cook(recipe_id, cook_id) VALUES (31, 16);
INSERT INTO recipe_cook(recipe_id, cook_id) VALUES (31, 145);
INSERT INTO recipe_cook(recipe_id, cook_id) VALUES (31, 74);
INSERT INTO recipe_cook(recipe_id, cook_id) VALUES (31, 65);
INSERT INTO recipe_cook(recipe_id, cook_id) VALUES (31, 146);
INSERT INTO recipe_cook(recipe_id, cook_id) VALUES (31, 122);
INSERT INTO recipe_cook(recipe_id, cook_id) VALUES (31, 162);
INSERT INTO recipe_cook(recipe_id, cook_id) VALUES (31, 120);
INSERT INTO recipe_cook(recipe_id, cook_id) VALUES (31, 198);
INSERT INTO recipe_cook(recipe_id, cook_id) VALUES (31, 10);
INSERT INTO recipe_cook(recipe_id, cook_id) VALUES (31, 39);
INSERT INTO recipe_cook(recipe_id, cook_id) VALUES (31, 1);
INSERT INTO recipe_cook(recipe_id, cook_id) VALUES (31, 169);
INSERT INTO recipe_cook(recipe_id, cook_id) VALUES (31, 76);
INSERT INTO recipe_cook(recipe_id, cook_id) VALUES (31, 6);
INSERT INTO recipe_cook(recipe_id, cook_id) VALUES (31, 136);
INSERT INTO recipe_cook(recipe_id, cook_id) VALUES (31, 179);
INSERT INTO recipe_cook(recipe_id, cook_id) VALUES (31, 77);
INSERT INTO recipe_cook(recipe_id, cook_id) VALUES (31, 140);
INSERT INTO recipe_cook(recipe_id, cook_id) VALUES (31, 158);
INSERT INTO recipe_cook(recipe_id, cook_id) VALUES (31, 64);
INSERT INTO recipe_cook(recipe_id, cook_id) VALUES (31, 195);
INSERT INTO recipe_cook(recipe_id, cook_id) VALUES (31, 34);
INSERT INTO recipe_cook(recipe_id, cook_id) VALUES (31, 69);
INSERT INTO recipe_cook(recipe_id, cook_id) VALUES (31, 42);
INSERT INTO recipe_cook(recipe_id, cook_id) VALUES (31, 115);
INSERT INTO recipe_cook(recipe_id, cook_id) VALUES (31, 43);
INSERT INTO recipe_cook(recipe_id, cook_id) VALUES (31, 60);
INSERT INTO recipe_cook(recipe_id, cook_id) VALUES (31, 138);
INSERT INTO recipe_cook(recipe_id, cook_id) VALUES (31, 56);
INSERT INTO recipe_cook(recipe_id, cook_id) VALUES (31, 157);
INSERT INTO recipe_cook(recipe_id, cook_id) VALUES (31, 178);
INSERT INTO recipe_cook(recipe_id, cook_id) VALUES (31, 52);
INSERT INTO recipe_cook(recipe_id, cook_id) VALUES (31, 100);
INSERT INTO recipe_cook(recipe_id, cook_id) VALUES (31, 123);
INSERT INTO recipe_cook(recipe_id, cook_id) VALUES (31, 186);
INSERT INTO recipe_cook(recipe_id, cook_id) VALUES (31, 142);
INSERT INTO recipe_cook(recipe_id, cook_id) VALUES (31, 196);
INSERT INTO recipe_cook(recipe_id, cook_id) VALUES (31, 36);
INSERT INTO recipe_cook(recipe_id, cook_id) VALUES (31, 125);
INSERT INTO recipe_cook(recipe_id, cook_id) VALUES (31, 45);
INSERT INTO recipe_cook(recipe_id, cook_id) VALUES (31, 147);
INSERT INTO recipe_cook(recipe_id, cook_id) VALUES (31, 163);
INSERT INTO recipe_cook(recipe_id, cook_id) VALUES (31, 110);
INSERT INTO recipe_cook(recipe_id, cook_id) VALUES (31, 24);
INSERT INTO recipe_theme(recipe_id, theme_id) VALUES (31, 26);
INSERT INTO recipe_tip(recipe_id, tip_id) VALUES (31, 16);
INSERT INTO recipe_tip(recipe_id, tip_id) VALUES (31, 23);

INSERT INTO recipe(baking, cuisine_id, difficulty, title, recipe_description, prep_time, cook_time, portions, fat_portion, protein_portion, carbo_portion, picture, picture_description) VALUES(1, 41, 2,'Beef Bourguignon', 'Onto mission base money. Space leader skin about forget military for officer. South decade raise whose store. Project seven land citizen friend say evidence dream. Health bad whom would break.', 75, 0, 4, 30, 20,45, 'https://placekitten.com/491/1015', 'House he real you magazine give write.');
INSERT INTO recipe_meal_type(recipe_id, meal_type_id) VALUES (32, 5);
INSERT INTO recipe_tag(recipe_id, tag_id) VALUES (32, 92);
INSERT INTO recipe_tag(recipe_id, tag_id) VALUES (32, 81);
INSERT INTO recipe_equipment(recipe_id, equipment_id, num) VALUES (32, 11, 1);
INSERT INTO recipe_equipment(recipe_id, equipment_id, num) VALUES (32, 1, 4);
INSERT INTO recipe_equipment(recipe_id, equipment_id, num) VALUES (32, 15, 3);
INSERT INTO recipe_equipment(recipe_id, equipment_id, num) VALUES (32, 14, 3);
INSERT INTO recipe_equipment(recipe_id, equipment_id, num) VALUES (32, 19, 1);
INSERT INTO recipe_equipment(recipe_id, equipment_id, num) VALUES (32, 9, 4);
INSERT INTO recipe_cook(recipe_id, cook_id) VALUES (32, 59);
INSERT INTO recipe_cook(recipe_id, cook_id) VALUES (32, 190);
INSERT INTO recipe_cook(recipe_id, cook_id) VALUES (32, 121);
INSERT INTO recipe_cook(recipe_id, cook_id) VALUES (32, 2);
INSERT INTO recipe_cook(recipe_id, cook_id) VALUES (32, 133);
INSERT INTO recipe_cook(recipe_id, cook_id) VALUES (32, 10);
INSERT INTO recipe_cook(recipe_id, cook_id) VALUES (32, 194);
INSERT INTO recipe_cook(recipe_id, cook_id) VALUES (32, 89);
INSERT INTO recipe_cook(recipe_id, cook_id) VALUES (32, 170);
INSERT INTO recipe_cook(recipe_id, cook_id) VALUES (32, 162);
INSERT INTO recipe_cook(recipe_id, cook_id) VALUES (32, 47);
INSERT INTO recipe_cook(recipe_id, cook_id) VALUES (32, 34);
INSERT INTO recipe_cook(recipe_id, cook_id) VALUES (32, 88);
INSERT INTO recipe_cook(recipe_id, cook_id) VALUES (32, 200);
INSERT INTO recipe_cook(recipe_id, cook_id) VALUES (32, 184);
INSERT INTO recipe_cook(recipe_id, cook_id) VALUES (32, 55);
INSERT INTO recipe_cook(recipe_id, cook_id) VALUES (32, 153);
INSERT INTO recipe_cook(recipe_id, cook_id) VALUES (32, 167);
INSERT INTO recipe_cook(recipe_id, cook_id) VALUES (32, 189);
INSERT INTO recipe_cook(recipe_id, cook_id) VALUES (32, 175);
INSERT INTO recipe_cook(recipe_id, cook_id) VALUES (32, 77);
INSERT INTO recipe_cook(recipe_id, cook_id) VALUES (32, 154);
INSERT INTO recipe_cook(recipe_id, cook_id) VALUES (32, 106);
INSERT INTO recipe_cook(recipe_id, cook_id) VALUES (32, 137);
INSERT INTO recipe_cook(recipe_id, cook_id) VALUES (32, 94);
INSERT INTO recipe_cook(recipe_id, cook_id) VALUES (32, 73);
INSERT INTO recipe_cook(recipe_id, cook_id) VALUES (32, 143);
INSERT INTO recipe_cook(recipe_id, cook_id) VALUES (32, 54);
INSERT INTO recipe_cook(recipe_id, cook_id) VALUES (32, 44);
INSERT INTO recipe_cook(recipe_id, cook_id) VALUES (32, 56);
INSERT INTO recipe_cook(recipe_id, cook_id) VALUES (32, 179);
INSERT INTO recipe_cook(recipe_id, cook_id) VALUES (32, 136);
INSERT INTO recipe_cook(recipe_id, cook_id) VALUES (32, 19);
INSERT INTO recipe_cook(recipe_id, cook_id) VALUES (32, 122);
INSERT INTO recipe_cook(recipe_id, cook_id) VALUES (32, 113);
INSERT INTO recipe_cook(recipe_id, cook_id) VALUES (32, 164);
INSERT INTO recipe_cook(recipe_id, cook_id) VALUES (32, 84);
INSERT INTO recipe_cook(recipe_id, cook_id) VALUES (32, 75);
INSERT INTO recipe_cook(recipe_id, cook_id) VALUES (32, 36);
INSERT INTO recipe_cook(recipe_id, cook_id) VALUES (32, 45);
INSERT INTO recipe_cook(recipe_id, cook_id) VALUES (32, 109);
INSERT INTO recipe_cook(recipe_id, cook_id) VALUES (32, 135);
INSERT INTO recipe_cook(recipe_id, cook_id) VALUES (32, 127);
INSERT INTO recipe_cook(recipe_id, cook_id) VALUES (32, 101);
INSERT INTO recipe_cook(recipe_id, cook_id) VALUES (32, 86);
INSERT INTO recipe_cook(recipe_id, cook_id) VALUES (32, 32);
INSERT INTO recipe_cook(recipe_id, cook_id) VALUES (32, 129);
INSERT INTO recipe_cook(recipe_id, cook_id) VALUES (32, 7);
INSERT INTO recipe_cook(recipe_id, cook_id) VALUES (32, 112);
INSERT INTO recipe_cook(recipe_id, cook_id) VALUES (32, 83);
INSERT INTO recipe_cook(recipe_id, cook_id) VALUES (32, 29);
INSERT INTO recipe_cook(recipe_id, cook_id) VALUES (32, 90);
INSERT INTO recipe_cook(recipe_id, cook_id) VALUES (32, 87);
INSERT INTO recipe_cook(recipe_id, cook_id) VALUES (32, 26);
INSERT INTO recipe_cook(recipe_id, cook_id) VALUES (32, 178);
INSERT INTO recipe_cook(recipe_id, cook_id) VALUES (32, 5);
INSERT INTO recipe_cook(recipe_id, cook_id) VALUES (32, 80);
INSERT INTO recipe_cook(recipe_id, cook_id) VALUES (32, 3);
INSERT INTO recipe_cook(recipe_id, cook_id) VALUES (32, 199);
INSERT INTO recipe_cook(recipe_id, cook_id) VALUES (32, 1);
INSERT INTO recipe_cook(recipe_id, cook_id) VALUES (32, 195);
INSERT INTO recipe_cook(recipe_id, cook_id) VALUES (32, 31);
INSERT INTO recipe_cook(recipe_id, cook_id) VALUES (32, 79);
INSERT INTO recipe_cook(recipe_id, cook_id) VALUES (32, 100);
INSERT INTO recipe_cook(recipe_id, cook_id) VALUES (32, 108);
INSERT INTO recipe_cook(recipe_id, cook_id) VALUES (32, 151);
INSERT INTO recipe_cook(recipe_id, cook_id) VALUES (32, 65);
INSERT INTO recipe_cook(recipe_id, cook_id) VALUES (32, 115);
INSERT INTO recipe_cook(recipe_id, cook_id) VALUES (32, 9);
INSERT INTO recipe_cook(recipe_id, cook_id) VALUES (32, 38);
INSERT INTO recipe_cook(recipe_id, cook_id) VALUES (32, 134);
INSERT INTO recipe_cook(recipe_id, cook_id) VALUES (32, 25);
INSERT INTO recipe_cook(recipe_id, cook_id) VALUES (32, 28);
INSERT INTO recipe_cook(recipe_id, cook_id) VALUES (32, 15);
INSERT INTO recipe_cook(recipe_id, cook_id) VALUES (32, 63);
INSERT INTO recipe_cook(recipe_id, cook_id) VALUES (32, 157);
INSERT INTO recipe_cook(recipe_id, cook_id) VALUES (32, 97);
INSERT INTO recipe_cook(recipe_id, cook_id) VALUES (32, 152);
INSERT INTO recipe_cook(recipe_id, cook_id) VALUES (32, 169);
INSERT INTO recipe_cook(recipe_id, cook_id) VALUES (32, 107);
INSERT INTO recipe_cook(recipe_id, cook_id) VALUES (32, 96);
INSERT INTO recipe_cook(recipe_id, cook_id) VALUES (32, 41);
INSERT INTO recipe_cook(recipe_id, cook_id) VALUES (32, 104);
INSERT INTO recipe_cook(recipe_id, cook_id) VALUES (32, 23);
INSERT INTO recipe_cook(recipe_id, cook_id) VALUES (32, 18);
INSERT INTO recipe_cook(recipe_id, cook_id) VALUES (32, 114);
INSERT INTO recipe_cook(recipe_id, cook_id) VALUES (32, 150);
INSERT INTO recipe_cook(recipe_id, cook_id) VALUES (32, 6);
INSERT INTO recipe_cook(recipe_id, cook_id) VALUES (32, 111);
INSERT INTO recipe_cook(recipe_id, cook_id) VALUES (32, 40);
INSERT INTO recipe_cook(recipe_id, cook_id) VALUES (32, 166);
INSERT INTO recipe_cook(recipe_id, cook_id) VALUES (32, 125);
INSERT INTO recipe_cook(recipe_id, cook_id) VALUES (32, 163);
INSERT INTO recipe_cook(recipe_id, cook_id) VALUES (32, 50);
INSERT INTO recipe_cook(recipe_id, cook_id) VALUES (32, 70);
INSERT INTO recipe_cook(recipe_id, cook_id) VALUES (32, 174);
INSERT INTO recipe_cook(recipe_id, cook_id) VALUES (32, 183);
INSERT INTO recipe_cook(recipe_id, cook_id) VALUES (32, 99);
INSERT INTO recipe_cook(recipe_id, cook_id) VALUES (32, 145);
INSERT INTO recipe_cook(recipe_id, cook_id) VALUES (32, 37);
INSERT INTO recipe_cook(recipe_id, cook_id) VALUES (32, 72);
INSERT INTO recipe_cook(recipe_id, cook_id) VALUES (32, 120);
INSERT INTO recipe_cook(recipe_id, cook_id) VALUES (32, 173);
INSERT INTO recipe_cook(recipe_id, cook_id) VALUES (32, 68);
INSERT INTO recipe_cook(recipe_id, cook_id) VALUES (32, 74);
INSERT INTO recipe_cook(recipe_id, cook_id) VALUES (32, 62);
INSERT INTO recipe_cook(recipe_id, cook_id) VALUES (32, 176);
INSERT INTO recipe_cook(recipe_id, cook_id) VALUES (32, 53);
INSERT INTO recipe_cook(recipe_id, cook_id) VALUES (32, 158);
INSERT INTO recipe_cook(recipe_id, cook_id) VALUES (32, 93);
INSERT INTO recipe_cook(recipe_id, cook_id) VALUES (32, 146);
INSERT INTO recipe_cook(recipe_id, cook_id) VALUES (32, 51);
INSERT INTO recipe_cook(recipe_id, cook_id) VALUES (32, 144);
INSERT INTO recipe_cook(recipe_id, cook_id) VALUES (32, 147);
INSERT INTO recipe_cook(recipe_id, cook_id) VALUES (32, 20);
INSERT INTO recipe_cook(recipe_id, cook_id) VALUES (32, 182);
INSERT INTO recipe_cook(recipe_id, cook_id) VALUES (32, 81);
INSERT INTO recipe_cook(recipe_id, cook_id) VALUES (32, 132);
INSERT INTO recipe_cook(recipe_id, cook_id) VALUES (32, 138);
INSERT INTO recipe_cook(recipe_id, cook_id) VALUES (32, 57);
INSERT INTO recipe_cook(recipe_id, cook_id) VALUES (32, 91);
INSERT INTO recipe_cook(recipe_id, cook_id) VALUES (32, 58);
INSERT INTO recipe_cook(recipe_id, cook_id) VALUES (32, 27);
INSERT INTO recipe_cook(recipe_id, cook_id) VALUES (32, 123);
INSERT INTO recipe_cook(recipe_id, cook_id) VALUES (32, 180);
INSERT INTO recipe_cook(recipe_id, cook_id) VALUES (32, 196);
INSERT INTO recipe_cook(recipe_id, cook_id) VALUES (32, 66);
INSERT INTO recipe_cook(recipe_id, cook_id) VALUES (32, 103);
INSERT INTO recipe_cook(recipe_id, cook_id) VALUES (32, 181);
INSERT INTO recipe_cook(recipe_id, cook_id) VALUES (32, 142);
INSERT INTO recipe_cook(recipe_id, cook_id) VALUES (32, 71);
INSERT INTO recipe_cook(recipe_id, cook_id) VALUES (32, 76);
INSERT INTO recipe_cook(recipe_id, cook_id) VALUES (32, 159);
INSERT INTO recipe_cook(recipe_id, cook_id) VALUES (32, 118);
INSERT INTO recipe_cook(recipe_id, cook_id) VALUES (32, 21);
INSERT INTO recipe_cook(recipe_id, cook_id) VALUES (32, 60);
INSERT INTO recipe_cook(recipe_id, cook_id) VALUES (32, 139);
INSERT INTO recipe_cook(recipe_id, cook_id) VALUES (32, 78);
INSERT INTO recipe_cook(recipe_id, cook_id) VALUES (32, 52);
INSERT INTO recipe_cook(recipe_id, cook_id) VALUES (32, 165);
INSERT INTO recipe_cook(recipe_id, cook_id) VALUES (32, 22);
INSERT INTO recipe_cook(recipe_id, cook_id) VALUES (32, 69);
INSERT INTO recipe_cook(recipe_id, cook_id) VALUES (32, 92);
INSERT INTO recipe_cook(recipe_id, cook_id) VALUES (32, 4);
INSERT INTO recipe_cook(recipe_id, cook_id) VALUES (32, 98);
INSERT INTO recipe_cook(recipe_id, cook_id) VALUES (32, 171);
INSERT INTO recipe_cook(recipe_id, cook_id) VALUES (32, 43);
INSERT INTO recipe_cook(recipe_id, cook_id) VALUES (32, 130);
INSERT INTO recipe_cook(recipe_id, cook_id) VALUES (32, 61);
INSERT INTO recipe_cook(recipe_id, cook_id) VALUES (32, 49);
INSERT INTO recipe_cook(recipe_id, cook_id) VALUES (32, 131);
INSERT INTO recipe_cook(recipe_id, cook_id) VALUES (32, 39);
INSERT INTO recipe_cook(recipe_id, cook_id) VALUES (32, 192);
INSERT INTO recipe_cook(recipe_id, cook_id) VALUES (32, 35);
INSERT INTO recipe_cook(recipe_id, cook_id) VALUES (32, 191);
INSERT INTO recipe_cook(recipe_id, cook_id) VALUES (32, 140);
INSERT INTO recipe_cook(recipe_id, cook_id) VALUES (32, 124);
INSERT INTO recipe_cook(recipe_id, cook_id) VALUES (32, 46);
INSERT INTO recipe_cook(recipe_id, cook_id) VALUES (32, 116);
INSERT INTO recipe_cook(recipe_id, cook_id) VALUES (32, 172);
INSERT INTO recipe_cook(recipe_id, cook_id) VALUES (32, 185);
INSERT INTO recipe_cook(recipe_id, cook_id) VALUES (32, 13);
INSERT INTO recipe_cook(recipe_id, cook_id) VALUES (32, 16);
INSERT INTO recipe_cook(recipe_id, cook_id) VALUES (32, 141);
INSERT INTO recipe_cook(recipe_id, cook_id) VALUES (32, 8);
INSERT INTO recipe_cook(recipe_id, cook_id) VALUES (32, 67);
INSERT INTO recipe_cook(recipe_id, cook_id) VALUES (32, 24);
INSERT INTO recipe_cook(recipe_id, cook_id) VALUES (32, 188);
INSERT INTO recipe_cook(recipe_id, cook_id) VALUES (32, 14);
INSERT INTO recipe_cook(recipe_id, cook_id) VALUES (32, 85);
INSERT INTO recipe_cook(recipe_id, cook_id) VALUES (32, 177);
INSERT INTO recipe_cook(recipe_id, cook_id) VALUES (32, 160);
INSERT INTO recipe_cook(recipe_id, cook_id) VALUES (32, 193);
INSERT INTO recipe_cook(recipe_id, cook_id) VALUES (32, 33);
INSERT INTO recipe_cook(recipe_id, cook_id) VALUES (32, 187);
INSERT INTO recipe_cook(recipe_id, cook_id) VALUES (32, 186);
INSERT INTO recipe_cook(recipe_id, cook_id) VALUES (32, 110);
INSERT INTO recipe_cook(recipe_id, cook_id) VALUES (32, 161);
INSERT INTO recipe_cook(recipe_id, cook_id) VALUES (32, 48);
INSERT INTO recipe_cook(recipe_id, cook_id) VALUES (32, 42);
INSERT INTO recipe_theme(recipe_id, theme_id) VALUES (32, 5);
INSERT INTO recipe_theme(recipe_id, theme_id) VALUES (32, 40);
INSERT INTO recipe_tip(recipe_id, tip_id) VALUES (32, 6);
INSERT INTO recipe_tip(recipe_id, tip_id) VALUES (32, 28);
INSERT INTO recipe_tip(recipe_id, tip_id) VALUES (32, 3);

INSERT INTO recipe(baking, cuisine_id, difficulty, title, recipe_description, prep_time, cook_time, portions, fat_portion, protein_portion, carbo_portion, picture, picture_description) VALUES(0, 50, 1,'Vegetable Lasagna', 'Factor development season quite action town minute run. More figure truth even window partner information.', 85, 10, 5, 5, 50,5, 'https://dummyimage.com/210x8', 'These become lot should letter total product.');
INSERT INTO recipe_meal_type(recipe_id, meal_type_id) VALUES (33, 2);
INSERT INTO recipe_tag(recipe_id, tag_id) VALUES (33, 37);
INSERT INTO recipe_tag(recipe_id, tag_id) VALUES (33, 6);
INSERT INTO recipe_tag(recipe_id, tag_id) VALUES (33, 45);
INSERT INTO recipe_tag(recipe_id, tag_id) VALUES (33, 91);
INSERT INTO recipe_tag(recipe_id, tag_id) VALUES (33, 19);
INSERT INTO recipe_equipment(recipe_id, equipment_id, num) VALUES (33, 11, 3);
INSERT INTO recipe_equipment(recipe_id, equipment_id, num) VALUES (33, 6, 2);
INSERT INTO recipe_equipment(recipe_id, equipment_id, num) VALUES (33, 12, 4);
INSERT INTO recipe_cook(recipe_id, cook_id) VALUES (33, 151);
INSERT INTO recipe_cook(recipe_id, cook_id) VALUES (33, 185);
INSERT INTO recipe_cook(recipe_id, cook_id) VALUES (33, 193);
INSERT INTO recipe_cook(recipe_id, cook_id) VALUES (33, 175);
INSERT INTO recipe_cook(recipe_id, cook_id) VALUES (33, 117);
INSERT INTO recipe_cook(recipe_id, cook_id) VALUES (33, 104);
INSERT INTO recipe_cook(recipe_id, cook_id) VALUES (33, 32);
INSERT INTO recipe_cook(recipe_id, cook_id) VALUES (33, 120);
INSERT INTO recipe_cook(recipe_id, cook_id) VALUES (33, 29);
INSERT INTO recipe_cook(recipe_id, cook_id) VALUES (33, 33);
INSERT INTO recipe_cook(recipe_id, cook_id) VALUES (33, 36);
INSERT INTO recipe_cook(recipe_id, cook_id) VALUES (33, 82);
INSERT INTO recipe_cook(recipe_id, cook_id) VALUES (33, 66);
INSERT INTO recipe_cook(recipe_id, cook_id) VALUES (33, 61);
INSERT INTO recipe_cook(recipe_id, cook_id) VALUES (33, 44);
INSERT INTO recipe_cook(recipe_id, cook_id) VALUES (33, 115);
INSERT INTO recipe_cook(recipe_id, cook_id) VALUES (33, 80);
INSERT INTO recipe_cook(recipe_id, cook_id) VALUES (33, 129);
INSERT INTO recipe_cook(recipe_id, cook_id) VALUES (33, 190);
INSERT INTO recipe_cook(recipe_id, cook_id) VALUES (33, 182);
INSERT INTO recipe_cook(recipe_id, cook_id) VALUES (33, 148);
INSERT INTO recipe_cook(recipe_id, cook_id) VALUES (33, 127);
INSERT INTO recipe_cook(recipe_id, cook_id) VALUES (33, 149);
INSERT INTO recipe_cook(recipe_id, cook_id) VALUES (33, 53);
INSERT INTO recipe_cook(recipe_id, cook_id) VALUES (33, 95);
INSERT INTO recipe_cook(recipe_id, cook_id) VALUES (33, 12);
INSERT INTO recipe_cook(recipe_id, cook_id) VALUES (33, 124);
INSERT INTO recipe_cook(recipe_id, cook_id) VALUES (33, 2);
INSERT INTO recipe_cook(recipe_id, cook_id) VALUES (33, 177);
INSERT INTO recipe_cook(recipe_id, cook_id) VALUES (33, 146);
INSERT INTO recipe_cook(recipe_id, cook_id) VALUES (33, 194);
INSERT INTO recipe_cook(recipe_id, cook_id) VALUES (33, 37);
INSERT INTO recipe_cook(recipe_id, cook_id) VALUES (33, 58);
INSERT INTO recipe_cook(recipe_id, cook_id) VALUES (33, 75);
INSERT INTO recipe_cook(recipe_id, cook_id) VALUES (33, 171);
INSERT INTO recipe_cook(recipe_id, cook_id) VALUES (33, 160);
INSERT INTO recipe_cook(recipe_id, cook_id) VALUES (33, 187);
INSERT INTO recipe_cook(recipe_id, cook_id) VALUES (33, 126);
INSERT INTO recipe_cook(recipe_id, cook_id) VALUES (33, 107);
INSERT INTO recipe_cook(recipe_id, cook_id) VALUES (33, 19);
INSERT INTO recipe_cook(recipe_id, cook_id) VALUES (33, 41);
INSERT INTO recipe_cook(recipe_id, cook_id) VALUES (33, 123);
INSERT INTO recipe_cook(recipe_id, cook_id) VALUES (33, 153);
INSERT INTO recipe_cook(recipe_id, cook_id) VALUES (33, 89);
INSERT INTO recipe_cook(recipe_id, cook_id) VALUES (33, 1);
INSERT INTO recipe_cook(recipe_id, cook_id) VALUES (33, 122);
INSERT INTO recipe_cook(recipe_id, cook_id) VALUES (33, 42);
INSERT INTO recipe_theme(recipe_id, theme_id) VALUES (33, 31);
INSERT INTO recipe_theme(recipe_id, theme_id) VALUES (33, 7);
INSERT INTO recipe_theme(recipe_id, theme_id) VALUES (33, 16);
INSERT INTO recipe_tip(recipe_id, tip_id) VALUES (33, 29);
INSERT INTO recipe_tip(recipe_id, tip_id) VALUES (33, 34);
INSERT INTO recipe_tip(recipe_id, tip_id) VALUES (33, 23);

INSERT INTO recipe(baking, cuisine_id, difficulty, title, recipe_description, prep_time, cook_time, portions, fat_portion, protein_portion, carbo_portion, picture, picture_description) VALUES(0, 50, 5,'Ramen', 'Way TV single service interview student. Drop wife could along establish your. Career whom year yeah Democrat hit improve.', 125, 120, 3, 20, 55,80, 'https://dummyimage.com/930x930', 'Break us company blood.');
INSERT INTO recipe_meal_type(recipe_id, meal_type_id) VALUES (34, 6);
INSERT INTO recipe_tag(recipe_id, tag_id) VALUES (34, 49);
INSERT INTO recipe_tag(recipe_id, tag_id) VALUES (34, 44);
INSERT INTO recipe_tag(recipe_id, tag_id) VALUES (34, 4);
INSERT INTO recipe_tag(recipe_id, tag_id) VALUES (34, 99);
INSERT INTO recipe_equipment(recipe_id, equipment_id, num) VALUES (34, 14, 2);
INSERT INTO recipe_equipment(recipe_id, equipment_id, num) VALUES (34, 12, 4);
INSERT INTO recipe_equipment(recipe_id, equipment_id, num) VALUES (34, 8, 2);
INSERT INTO recipe_equipment(recipe_id, equipment_id, num) VALUES (34, 1, 1);
INSERT INTO recipe_equipment(recipe_id, equipment_id, num) VALUES (34, 15, 2);
INSERT INTO recipe_equipment(recipe_id, equipment_id, num) VALUES (34, 10, 1);
INSERT INTO recipe_equipment(recipe_id, equipment_id, num) VALUES (34, 18, 3);
INSERT INTO recipe_cook(recipe_id, cook_id) VALUES (34, 50);
INSERT INTO recipe_cook(recipe_id, cook_id) VALUES (34, 92);
INSERT INTO recipe_cook(recipe_id, cook_id) VALUES (34, 7);
INSERT INTO recipe_cook(recipe_id, cook_id) VALUES (34, 75);
INSERT INTO recipe_cook(recipe_id, cook_id) VALUES (34, 40);
INSERT INTO recipe_cook(recipe_id, cook_id) VALUES (34, 10);
INSERT INTO recipe_cook(recipe_id, cook_id) VALUES (34, 131);
INSERT INTO recipe_cook(recipe_id, cook_id) VALUES (34, 137);
INSERT INTO recipe_cook(recipe_id, cook_id) VALUES (34, 20);
INSERT INTO recipe_cook(recipe_id, cook_id) VALUES (34, 127);
INSERT INTO recipe_cook(recipe_id, cook_id) VALUES (34, 36);
INSERT INTO recipe_cook(recipe_id, cook_id) VALUES (34, 71);
INSERT INTO recipe_cook(recipe_id, cook_id) VALUES (34, 192);
INSERT INTO recipe_cook(recipe_id, cook_id) VALUES (34, 35);
INSERT INTO recipe_cook(recipe_id, cook_id) VALUES (34, 185);
INSERT INTO recipe_cook(recipe_id, cook_id) VALUES (34, 142);
INSERT INTO recipe_cook(recipe_id, cook_id) VALUES (34, 78);
INSERT INTO recipe_cook(recipe_id, cook_id) VALUES (34, 28);
INSERT INTO recipe_cook(recipe_id, cook_id) VALUES (34, 94);
INSERT INTO recipe_cook(recipe_id, cook_id) VALUES (34, 186);
INSERT INTO recipe_cook(recipe_id, cook_id) VALUES (34, 84);
INSERT INTO recipe_cook(recipe_id, cook_id) VALUES (34, 91);
INSERT INTO recipe_cook(recipe_id, cook_id) VALUES (34, 114);
INSERT INTO recipe_cook(recipe_id, cook_id) VALUES (34, 43);
INSERT INTO recipe_cook(recipe_id, cook_id) VALUES (34, 177);
INSERT INTO recipe_cook(recipe_id, cook_id) VALUES (34, 132);
INSERT INTO recipe_cook(recipe_id, cook_id) VALUES (34, 157);
INSERT INTO recipe_cook(recipe_id, cook_id) VALUES (34, 31);
INSERT INTO recipe_cook(recipe_id, cook_id) VALUES (34, 183);
INSERT INTO recipe_cook(recipe_id, cook_id) VALUES (34, 18);
INSERT INTO recipe_cook(recipe_id, cook_id) VALUES (34, 200);
INSERT INTO recipe_cook(recipe_id, cook_id) VALUES (34, 58);
INSERT INTO recipe_cook(recipe_id, cook_id) VALUES (34, 66);
INSERT INTO recipe_cook(recipe_id, cook_id) VALUES (34, 85);
INSERT INTO recipe_cook(recipe_id, cook_id) VALUES (34, 89);
INSERT INTO recipe_cook(recipe_id, cook_id) VALUES (34, 19);
INSERT INTO recipe_cook(recipe_id, cook_id) VALUES (34, 99);
INSERT INTO recipe_cook(recipe_id, cook_id) VALUES (34, 173);
INSERT INTO recipe_cook(recipe_id, cook_id) VALUES (34, 87);
INSERT INTO recipe_cook(recipe_id, cook_id) VALUES (34, 104);
INSERT INTO recipe_cook(recipe_id, cook_id) VALUES (34, 82);
INSERT INTO recipe_cook(recipe_id, cook_id) VALUES (34, 42);
INSERT INTO recipe_cook(recipe_id, cook_id) VALUES (34, 133);
INSERT INTO recipe_cook(recipe_id, cook_id) VALUES (34, 176);
INSERT INTO recipe_cook(recipe_id, cook_id) VALUES (34, 197);
INSERT INTO recipe_cook(recipe_id, cook_id) VALUES (34, 63);
INSERT INTO recipe_cook(recipe_id, cook_id) VALUES (34, 55);
INSERT INTO recipe_cook(recipe_id, cook_id) VALUES (34, 51);
INSERT INTO recipe_cook(recipe_id, cook_id) VALUES (34, 41);
INSERT INTO recipe_cook(recipe_id, cook_id) VALUES (34, 17);
INSERT INTO recipe_cook(recipe_id, cook_id) VALUES (34, 64);
INSERT INTO recipe_cook(recipe_id, cook_id) VALUES (34, 69);
INSERT INTO recipe_cook(recipe_id, cook_id) VALUES (34, 140);
INSERT INTO recipe_cook(recipe_id, cook_id) VALUES (34, 62);
INSERT INTO recipe_cook(recipe_id, cook_id) VALUES (34, 70);
INSERT INTO recipe_cook(recipe_id, cook_id) VALUES (34, 118);
INSERT INTO recipe_cook(recipe_id, cook_id) VALUES (34, 8);
INSERT INTO recipe_cook(recipe_id, cook_id) VALUES (34, 45);
INSERT INTO recipe_cook(recipe_id, cook_id) VALUES (34, 180);
INSERT INTO recipe_cook(recipe_id, cook_id) VALUES (34, 159);
INSERT INTO recipe_cook(recipe_id, cook_id) VALUES (34, 47);
INSERT INTO recipe_cook(recipe_id, cook_id) VALUES (34, 46);
INSERT INTO recipe_cook(recipe_id, cook_id) VALUES (34, 199);
INSERT INTO recipe_cook(recipe_id, cook_id) VALUES (34, 112);
INSERT INTO recipe_cook(recipe_id, cook_id) VALUES (34, 194);
INSERT INTO recipe_cook(recipe_id, cook_id) VALUES (34, 129);
INSERT INTO recipe_cook(recipe_id, cook_id) VALUES (34, 151);
INSERT INTO recipe_cook(recipe_id, cook_id) VALUES (34, 38);
INSERT INTO recipe_cook(recipe_id, cook_id) VALUES (34, 13);
INSERT INTO recipe_cook(recipe_id, cook_id) VALUES (34, 135);
INSERT INTO recipe_cook(recipe_id, cook_id) VALUES (34, 178);
INSERT INTO recipe_cook(recipe_id, cook_id) VALUES (34, 21);
INSERT INTO recipe_cook(recipe_id, cook_id) VALUES (34, 115);
INSERT INTO recipe_cook(recipe_id, cook_id) VALUES (34, 145);
INSERT INTO recipe_cook(recipe_id, cook_id) VALUES (34, 6);
INSERT INTO recipe_cook(recipe_id, cook_id) VALUES (34, 107);
INSERT INTO recipe_cook(recipe_id, cook_id) VALUES (34, 134);
INSERT INTO recipe_cook(recipe_id, cook_id) VALUES (34, 22);
INSERT INTO recipe_cook(recipe_id, cook_id) VALUES (34, 34);
INSERT INTO recipe_cook(recipe_id, cook_id) VALUES (34, 155);
INSERT INTO recipe_cook(recipe_id, cook_id) VALUES (34, 83);
INSERT INTO recipe_cook(recipe_id, cook_id) VALUES (34, 120);
INSERT INTO recipe_cook(recipe_id, cook_id) VALUES (34, 172);
INSERT INTO recipe_cook(recipe_id, cook_id) VALUES (34, 93);
INSERT INTO recipe_cook(recipe_id, cook_id) VALUES (34, 52);
INSERT INTO recipe_cook(recipe_id, cook_id) VALUES (34, 24);
INSERT INTO recipe_cook(recipe_id, cook_id) VALUES (34, 171);
INSERT INTO recipe_cook(recipe_id, cook_id) VALUES (34, 148);
INSERT INTO recipe_cook(recipe_id, cook_id) VALUES (34, 167);
INSERT INTO recipe_cook(recipe_id, cook_id) VALUES (34, 150);
INSERT INTO recipe_cook(recipe_id, cook_id) VALUES (34, 109);
INSERT INTO recipe_cook(recipe_id, cook_id) VALUES (34, 106);
INSERT INTO recipe_cook(recipe_id, cook_id) VALUES (34, 60);
INSERT INTO recipe_cook(recipe_id, cook_id) VALUES (34, 33);
INSERT INTO recipe_cook(recipe_id, cook_id) VALUES (34, 122);
INSERT INTO recipe_cook(recipe_id, cook_id) VALUES (34, 96);
INSERT INTO recipe_cook(recipe_id, cook_id) VALUES (34, 101);
INSERT INTO recipe_cook(recipe_id, cook_id) VALUES (34, 152);
INSERT INTO recipe_cook(recipe_id, cook_id) VALUES (34, 164);
INSERT INTO recipe_cook(recipe_id, cook_id) VALUES (34, 196);
INSERT INTO recipe_cook(recipe_id, cook_id) VALUES (34, 128);
INSERT INTO recipe_cook(recipe_id, cook_id) VALUES (34, 30);
INSERT INTO recipe_cook(recipe_id, cook_id) VALUES (34, 88);
INSERT INTO recipe_cook(recipe_id, cook_id) VALUES (34, 57);
INSERT INTO recipe_cook(recipe_id, cook_id) VALUES (34, 174);
INSERT INTO recipe_cook(recipe_id, cook_id) VALUES (34, 76);
INSERT INTO recipe_cook(recipe_id, cook_id) VALUES (34, 188);
INSERT INTO recipe_cook(recipe_id, cook_id) VALUES (34, 74);
INSERT INTO recipe_cook(recipe_id, cook_id) VALUES (34, 175);
INSERT INTO recipe_cook(recipe_id, cook_id) VALUES (34, 168);
INSERT INTO recipe_cook(recipe_id, cook_id) VALUES (34, 37);
INSERT INTO recipe_cook(recipe_id, cook_id) VALUES (34, 26);
INSERT INTO recipe_cook(recipe_id, cook_id) VALUES (34, 162);
INSERT INTO recipe_cook(recipe_id, cook_id) VALUES (34, 125);
INSERT INTO recipe_cook(recipe_id, cook_id) VALUES (34, 29);
INSERT INTO recipe_cook(recipe_id, cook_id) VALUES (34, 154);
INSERT INTO recipe_cook(recipe_id, cook_id) VALUES (34, 25);
INSERT INTO recipe_cook(recipe_id, cook_id) VALUES (34, 149);
INSERT INTO recipe_cook(recipe_id, cook_id) VALUES (34, 111);
INSERT INTO recipe_cook(recipe_id, cook_id) VALUES (34, 48);
INSERT INTO recipe_cook(recipe_id, cook_id) VALUES (34, 59);
INSERT INTO recipe_cook(recipe_id, cook_id) VALUES (34, 158);
INSERT INTO recipe_cook(recipe_id, cook_id) VALUES (34, 184);
INSERT INTO recipe_cook(recipe_id, cook_id) VALUES (34, 147);
INSERT INTO recipe_cook(recipe_id, cook_id) VALUES (34, 53);
INSERT INTO recipe_cook(recipe_id, cook_id) VALUES (34, 80);
INSERT INTO recipe_cook(recipe_id, cook_id) VALUES (34, 67);
INSERT INTO recipe_cook(recipe_id, cook_id) VALUES (34, 97);
INSERT INTO recipe_cook(recipe_id, cook_id) VALUES (34, 77);
INSERT INTO recipe_cook(recipe_id, cook_id) VALUES (34, 165);
INSERT INTO recipe_cook(recipe_id, cook_id) VALUES (34, 170);
INSERT INTO recipe_cook(recipe_id, cook_id) VALUES (34, 90);
INSERT INTO recipe_cook(recipe_id, cook_id) VALUES (34, 179);
INSERT INTO recipe_cook(recipe_id, cook_id) VALUES (34, 187);
INSERT INTO recipe_cook(recipe_id, cook_id) VALUES (34, 139);
INSERT INTO recipe_cook(recipe_id, cook_id) VALUES (34, 138);
INSERT INTO recipe_cook(recipe_id, cook_id) VALUES (34, 121);
INSERT INTO recipe_cook(recipe_id, cook_id) VALUES (34, 182);
INSERT INTO recipe_cook(recipe_id, cook_id) VALUES (34, 161);
INSERT INTO recipe_cook(recipe_id, cook_id) VALUES (34, 108);
INSERT INTO recipe_cook(recipe_id, cook_id) VALUES (34, 119);
INSERT INTO recipe_cook(recipe_id, cook_id) VALUES (34, 72);
INSERT INTO recipe_cook(recipe_id, cook_id) VALUES (34, 195);
INSERT INTO recipe_cook(recipe_id, cook_id) VALUES (34, 44);
INSERT INTO recipe_cook(recipe_id, cook_id) VALUES (34, 141);
INSERT INTO recipe_cook(recipe_id, cook_id) VALUES (34, 5);
INSERT INTO recipe_cook(recipe_id, cook_id) VALUES (34, 116);
INSERT INTO recipe_cook(recipe_id, cook_id) VALUES (34, 130);
INSERT INTO recipe_cook(recipe_id, cook_id) VALUES (34, 65);
INSERT INTO recipe_cook(recipe_id, cook_id) VALUES (34, 102);
INSERT INTO recipe_cook(recipe_id, cook_id) VALUES (34, 56);
INSERT INTO recipe_cook(recipe_id, cook_id) VALUES (34, 110);
INSERT INTO recipe_cook(recipe_id, cook_id) VALUES (34, 113);
INSERT INTO recipe_cook(recipe_id, cook_id) VALUES (34, 98);
INSERT INTO recipe_cook(recipe_id, cook_id) VALUES (34, 14);
INSERT INTO recipe_cook(recipe_id, cook_id) VALUES (34, 198);
INSERT INTO recipe_cook(recipe_id, cook_id) VALUES (34, 117);
INSERT INTO recipe_cook(recipe_id, cook_id) VALUES (34, 54);
INSERT INTO recipe_cook(recipe_id, cook_id) VALUES (34, 144);
INSERT INTO recipe_cook(recipe_id, cook_id) VALUES (34, 153);
INSERT INTO recipe_cook(recipe_id, cook_id) VALUES (34, 32);
INSERT INTO recipe_cook(recipe_id, cook_id) VALUES (34, 68);
INSERT INTO recipe_cook(recipe_id, cook_id) VALUES (34, 61);
INSERT INTO recipe_theme(recipe_id, theme_id) VALUES (34, 20);
INSERT INTO recipe_theme(recipe_id, theme_id) VALUES (34, 23);
INSERT INTO recipe_theme(recipe_id, theme_id) VALUES (34, 35);
INSERT INTO recipe_tip(recipe_id, tip_id) VALUES (34, 19);
INSERT INTO recipe_tip(recipe_id, tip_id) VALUES (34, 21);
INSERT INTO recipe_tip(recipe_id, tip_id) VALUES (34, 37);

INSERT INTO recipe(baking, cuisine_id, difficulty, title, recipe_description, prep_time, cook_time, portions, fat_portion, protein_portion, carbo_portion, picture, picture_description) VALUES(1, 5, 4,'Spinach and Feta Quiche', 'Kid situation easy ball road arm. Recognize morning nature leave heart skin. Join anything impact child where activity again. Usually field bring official speech analysis film voice.', 55, 40, 1, 35, 0,40, 'https://picsum.photos/106/885', 'Son big past.');
INSERT INTO recipe_meal_type(recipe_id, meal_type_id) VALUES (35, 4);
INSERT INTO recipe_tag(recipe_id, tag_id) VALUES (35, 63);
INSERT INTO recipe_tag(recipe_id, tag_id) VALUES (35, 42);
INSERT INTO recipe_equipment(recipe_id, equipment_id, num) VALUES (35, 12, 2);
INSERT INTO recipe_equipment(recipe_id, equipment_id, num) VALUES (35, 18, 2);
INSERT INTO recipe_equipment(recipe_id, equipment_id, num) VALUES (35, 13, 1);
INSERT INTO recipe_cook(recipe_id, cook_id) VALUES (35, 101);
INSERT INTO recipe_cook(recipe_id, cook_id) VALUES (35, 192);
INSERT INTO recipe_cook(recipe_id, cook_id) VALUES (35, 21);
INSERT INTO recipe_cook(recipe_id, cook_id) VALUES (35, 134);
INSERT INTO recipe_cook(recipe_id, cook_id) VALUES (35, 200);
INSERT INTO recipe_cook(recipe_id, cook_id) VALUES (35, 76);
INSERT INTO recipe_cook(recipe_id, cook_id) VALUES (35, 52);
INSERT INTO recipe_cook(recipe_id, cook_id) VALUES (35, 120);
INSERT INTO recipe_cook(recipe_id, cook_id) VALUES (35, 81);
INSERT INTO recipe_cook(recipe_id, cook_id) VALUES (35, 153);
INSERT INTO recipe_cook(recipe_id, cook_id) VALUES (35, 59);
INSERT INTO recipe_cook(recipe_id, cook_id) VALUES (35, 171);
INSERT INTO recipe_cook(recipe_id, cook_id) VALUES (35, 55);
INSERT INTO recipe_cook(recipe_id, cook_id) VALUES (35, 154);
INSERT INTO recipe_cook(recipe_id, cook_id) VALUES (35, 98);
INSERT INTO recipe_cook(recipe_id, cook_id) VALUES (35, 163);
INSERT INTO recipe_cook(recipe_id, cook_id) VALUES (35, 96);
INSERT INTO recipe_cook(recipe_id, cook_id) VALUES (35, 137);
INSERT INTO recipe_cook(recipe_id, cook_id) VALUES (35, 11);
INSERT INTO recipe_cook(recipe_id, cook_id) VALUES (35, 105);
INSERT INTO recipe_cook(recipe_id, cook_id) VALUES (35, 61);
INSERT INTO recipe_cook(recipe_id, cook_id) VALUES (35, 90);
INSERT INTO recipe_cook(recipe_id, cook_id) VALUES (35, 151);
INSERT INTO recipe_cook(recipe_id, cook_id) VALUES (35, 177);
INSERT INTO recipe_cook(recipe_id, cook_id) VALUES (35, 199);
INSERT INTO recipe_cook(recipe_id, cook_id) VALUES (35, 70);
INSERT INTO recipe_cook(recipe_id, cook_id) VALUES (35, 38);
INSERT INTO recipe_cook(recipe_id, cook_id) VALUES (35, 48);
INSERT INTO recipe_cook(recipe_id, cook_id) VALUES (35, 122);
INSERT INTO recipe_cook(recipe_id, cook_id) VALUES (35, 157);
INSERT INTO recipe_cook(recipe_id, cook_id) VALUES (35, 114);
INSERT INTO recipe_cook(recipe_id, cook_id) VALUES (35, 167);
INSERT INTO recipe_cook(recipe_id, cook_id) VALUES (35, 129);
INSERT INTO recipe_theme(recipe_id, theme_id) VALUES (35, 26);
INSERT INTO recipe_theme(recipe_id, theme_id) VALUES (35, 33);
INSERT INTO recipe_tip(recipe_id, tip_id) VALUES (35, 31);
INSERT INTO recipe_tip(recipe_id, tip_id) VALUES (35, 19);
INSERT INTO recipe_tip(recipe_id, tip_id) VALUES (35, 38);

INSERT INTO recipe(baking, cuisine_id, difficulty, title, recipe_description, prep_time, cook_time, portions, fat_portion, protein_portion, carbo_portion, picture, picture_description) VALUES(0, 4, 4,'Tabbouleh', 'Family area across serious. Four young his above determine together.', 75, 50, 5, 30, 25,40, 'https://picsum.photos/642/185', 'Skin paper fight on across think some.');
INSERT INTO recipe_meal_type(recipe_id, meal_type_id) VALUES (36, 4);
INSERT INTO recipe_tag(recipe_id, tag_id) VALUES (36, 76);
INSERT INTO recipe_tag(recipe_id, tag_id) VALUES (36, 87);
INSERT INTO recipe_tag(recipe_id, tag_id) VALUES (36, 8);
INSERT INTO recipe_tag(recipe_id, tag_id) VALUES (36, 90);
INSERT INTO recipe_equipment(recipe_id, equipment_id, num) VALUES (36, 15, 1);
INSERT INTO recipe_equipment(recipe_id, equipment_id, num) VALUES (36, 6, 4);
INSERT INTO recipe_equipment(recipe_id, equipment_id, num) VALUES (36, 18, 2);
INSERT INTO recipe_equipment(recipe_id, equipment_id, num) VALUES (36, 12, 4);
INSERT INTO recipe_equipment(recipe_id, equipment_id, num) VALUES (36, 9, 4);
INSERT INTO recipe_equipment(recipe_id, equipment_id, num) VALUES (36, 17, 3);
INSERT INTO recipe_equipment(recipe_id, equipment_id, num) VALUES (36, 13, 2);
INSERT INTO recipe_cook(recipe_id, cook_id) VALUES (36, 74);
INSERT INTO recipe_cook(recipe_id, cook_id) VALUES (36, 48);
INSERT INTO recipe_cook(recipe_id, cook_id) VALUES (36, 81);
INSERT INTO recipe_theme(recipe_id, theme_id) VALUES (36, 9);
INSERT INTO recipe_theme(recipe_id, theme_id) VALUES (36, 3);
INSERT INTO recipe_theme(recipe_id, theme_id) VALUES (36, 29);
INSERT INTO recipe_tip(recipe_id, tip_id) VALUES (36, 14);
INSERT INTO recipe_tip(recipe_id, tip_id) VALUES (36, 2);
INSERT INTO recipe_tip(recipe_id, tip_id) VALUES (36, 20);

INSERT INTO recipe(baking, cuisine_id, difficulty, title, recipe_description, prep_time, cook_time, portions, fat_portion, protein_portion, carbo_portion, picture, picture_description) VALUES(1, 48, 5,'Waldorf Salad', 'Design herself model. Tonight middle health eat individual return. Phone give center court teach traditional. Upon career all suffer police much yeah.', 125, 40, 2, 45, 65,70, 'https://dummyimage.com/723x314', 'Nearly later election like simply what walk.');
INSERT INTO recipe_meal_type(recipe_id, meal_type_id) VALUES (37, 1);
INSERT INTO recipe_tag(recipe_id, tag_id) VALUES (37, 79);
INSERT INTO recipe_tag(recipe_id, tag_id) VALUES (37, 28);
INSERT INTO recipe_tag(recipe_id, tag_id) VALUES (37, 81);
INSERT INTO recipe_tag(recipe_id, tag_id) VALUES (37, 8);
INSERT INTO recipe_tag(recipe_id, tag_id) VALUES (37, 59);
INSERT INTO recipe_tag(recipe_id, tag_id) VALUES (37, 7);
INSERT INTO recipe_tag(recipe_id, tag_id) VALUES (37, 39);
INSERT INTO recipe_tag(recipe_id, tag_id) VALUES (37, 19);
INSERT INTO recipe_equipment(recipe_id, equipment_id, num) VALUES (37, 5, 1);
INSERT INTO recipe_equipment(recipe_id, equipment_id, num) VALUES (37, 9, 1);
INSERT INTO recipe_equipment(recipe_id, equipment_id, num) VALUES (37, 14, 3);
INSERT INTO recipe_equipment(recipe_id, equipment_id, num) VALUES (37, 7, 4);
INSERT INTO recipe_equipment(recipe_id, equipment_id, num) VALUES (37, 17, 4);
INSERT INTO recipe_equipment(recipe_id, equipment_id, num) VALUES (37, 18, 3);
INSERT INTO recipe_equipment(recipe_id, equipment_id, num) VALUES (37, 15, 2);
INSERT INTO recipe_cook(recipe_id, cook_id) VALUES (37, 70);
INSERT INTO recipe_cook(recipe_id, cook_id) VALUES (37, 72);
INSERT INTO recipe_cook(recipe_id, cook_id) VALUES (37, 154);
INSERT INTO recipe_cook(recipe_id, cook_id) VALUES (37, 175);
INSERT INTO recipe_cook(recipe_id, cook_id) VALUES (37, 148);
INSERT INTO recipe_cook(recipe_id, cook_id) VALUES (37, 11);
INSERT INTO recipe_cook(recipe_id, cook_id) VALUES (37, 12);
INSERT INTO recipe_cook(recipe_id, cook_id) VALUES (37, 90);
INSERT INTO recipe_cook(recipe_id, cook_id) VALUES (37, 93);
INSERT INTO recipe_cook(recipe_id, cook_id) VALUES (37, 160);
INSERT INTO recipe_cook(recipe_id, cook_id) VALUES (37, 76);
INSERT INTO recipe_cook(recipe_id, cook_id) VALUES (37, 111);
INSERT INTO recipe_cook(recipe_id, cook_id) VALUES (37, 1);
INSERT INTO recipe_cook(recipe_id, cook_id) VALUES (37, 71);
INSERT INTO recipe_cook(recipe_id, cook_id) VALUES (37, 182);
INSERT INTO recipe_cook(recipe_id, cook_id) VALUES (37, 35);
INSERT INTO recipe_cook(recipe_id, cook_id) VALUES (37, 133);
INSERT INTO recipe_cook(recipe_id, cook_id) VALUES (37, 84);
INSERT INTO recipe_cook(recipe_id, cook_id) VALUES (37, 153);
INSERT INTO recipe_cook(recipe_id, cook_id) VALUES (37, 73);
INSERT INTO recipe_cook(recipe_id, cook_id) VALUES (37, 87);
INSERT INTO recipe_cook(recipe_id, cook_id) VALUES (37, 131);
INSERT INTO recipe_cook(recipe_id, cook_id) VALUES (37, 92);
INSERT INTO recipe_cook(recipe_id, cook_id) VALUES (37, 139);
INSERT INTO recipe_cook(recipe_id, cook_id) VALUES (37, 189);
INSERT INTO recipe_cook(recipe_id, cook_id) VALUES (37, 80);
INSERT INTO recipe_theme(recipe_id, theme_id) VALUES (37, 14);
INSERT INTO recipe_theme(recipe_id, theme_id) VALUES (37, 25);
INSERT INTO recipe_theme(recipe_id, theme_id) VALUES (37, 28);
INSERT INTO recipe_tip(recipe_id, tip_id) VALUES (37, 37);
INSERT INTO recipe_tip(recipe_id, tip_id) VALUES (37, 27);
INSERT INTO recipe_tip(recipe_id, tip_id) VALUES (37, 8);

INSERT INTO recipe(baking, cuisine_id, difficulty, title, recipe_description, prep_time, cook_time, portions, fat_portion, protein_portion, carbo_portion, picture, picture_description) VALUES(1, 35, 3,'Chocolate Mousse', 'Hour that tonight reflect and. Seven bar soon position no. Goal increase water political. If trial election course positive few close chance. Away fill away explain two mention full.', 115, 10, 5, 35, 60,55, 'https://picsum.photos/547/387', 'Let room game.');
INSERT INTO recipe_meal_type(recipe_id, meal_type_id) VALUES (38, 6);
INSERT INTO recipe_tag(recipe_id, tag_id) VALUES (38, 75);
INSERT INTO recipe_tag(recipe_id, tag_id) VALUES (38, 36);
INSERT INTO recipe_tag(recipe_id, tag_id) VALUES (38, 10);
INSERT INTO recipe_tag(recipe_id, tag_id) VALUES (38, 89);
INSERT INTO recipe_tag(recipe_id, tag_id) VALUES (38, 12);
INSERT INTO recipe_tag(recipe_id, tag_id) VALUES (38, 65);
INSERT INTO recipe_tag(recipe_id, tag_id) VALUES (38, 68);
INSERT INTO recipe_equipment(recipe_id, equipment_id, num) VALUES (38, 2, 4);
INSERT INTO recipe_equipment(recipe_id, equipment_id, num) VALUES (38, 16, 1);
INSERT INTO recipe_equipment(recipe_id, equipment_id, num) VALUES (38, 9, 4);
INSERT INTO recipe_equipment(recipe_id, equipment_id, num) VALUES (38, 14, 1);
INSERT INTO recipe_equipment(recipe_id, equipment_id, num) VALUES (38, 1, 1);
INSERT INTO recipe_equipment(recipe_id, equipment_id, num) VALUES (38, 19, 3);
INSERT INTO recipe_cook(recipe_id, cook_id) VALUES (38, 158);
INSERT INTO recipe_cook(recipe_id, cook_id) VALUES (38, 45);
INSERT INTO recipe_cook(recipe_id, cook_id) VALUES (38, 51);
INSERT INTO recipe_cook(recipe_id, cook_id) VALUES (38, 154);
INSERT INTO recipe_cook(recipe_id, cook_id) VALUES (38, 148);
INSERT INTO recipe_cook(recipe_id, cook_id) VALUES (38, 130);
INSERT INTO recipe_cook(recipe_id, cook_id) VALUES (38, 124);
INSERT INTO recipe_cook(recipe_id, cook_id) VALUES (38, 26);
INSERT INTO recipe_cook(recipe_id, cook_id) VALUES (38, 149);
INSERT INTO recipe_cook(recipe_id, cook_id) VALUES (38, 89);
INSERT INTO recipe_cook(recipe_id, cook_id) VALUES (38, 82);
INSERT INTO recipe_cook(recipe_id, cook_id) VALUES (38, 179);
INSERT INTO recipe_cook(recipe_id, cook_id) VALUES (38, 196);
INSERT INTO recipe_cook(recipe_id, cook_id) VALUES (38, 11);
INSERT INTO recipe_cook(recipe_id, cook_id) VALUES (38, 81);
INSERT INTO recipe_cook(recipe_id, cook_id) VALUES (38, 146);
INSERT INTO recipe_cook(recipe_id, cook_id) VALUES (38, 97);
INSERT INTO recipe_cook(recipe_id, cook_id) VALUES (38, 28);
INSERT INTO recipe_cook(recipe_id, cook_id) VALUES (38, 189);
INSERT INTO recipe_cook(recipe_id, cook_id) VALUES (38, 33);
INSERT INTO recipe_cook(recipe_id, cook_id) VALUES (38, 113);
INSERT INTO recipe_cook(recipe_id, cook_id) VALUES (38, 54);
INSERT INTO recipe_cook(recipe_id, cook_id) VALUES (38, 9);
INSERT INTO recipe_cook(recipe_id, cook_id) VALUES (38, 38);
INSERT INTO recipe_cook(recipe_id, cook_id) VALUES (38, 91);
INSERT INTO recipe_cook(recipe_id, cook_id) VALUES (38, 98);
INSERT INTO recipe_cook(recipe_id, cook_id) VALUES (38, 59);
INSERT INTO recipe_cook(recipe_id, cook_id) VALUES (38, 7);
INSERT INTO recipe_cook(recipe_id, cook_id) VALUES (38, 122);
INSERT INTO recipe_cook(recipe_id, cook_id) VALUES (38, 66);
INSERT INTO recipe_cook(recipe_id, cook_id) VALUES (38, 110);
INSERT INTO recipe_cook(recipe_id, cook_id) VALUES (38, 62);
INSERT INTO recipe_cook(recipe_id, cook_id) VALUES (38, 184);
INSERT INTO recipe_cook(recipe_id, cook_id) VALUES (38, 136);
INSERT INTO recipe_cook(recipe_id, cook_id) VALUES (38, 131);
INSERT INTO recipe_cook(recipe_id, cook_id) VALUES (38, 90);
INSERT INTO recipe_cook(recipe_id, cook_id) VALUES (38, 102);
INSERT INTO recipe_cook(recipe_id, cook_id) VALUES (38, 100);
INSERT INTO recipe_cook(recipe_id, cook_id) VALUES (38, 107);
INSERT INTO recipe_cook(recipe_id, cook_id) VALUES (38, 164);
INSERT INTO recipe_cook(recipe_id, cook_id) VALUES (38, 200);
INSERT INTO recipe_cook(recipe_id, cook_id) VALUES (38, 168);
INSERT INTO recipe_cook(recipe_id, cook_id) VALUES (38, 166);
INSERT INTO recipe_cook(recipe_id, cook_id) VALUES (38, 109);
INSERT INTO recipe_cook(recipe_id, cook_id) VALUES (38, 44);
INSERT INTO recipe_cook(recipe_id, cook_id) VALUES (38, 84);
INSERT INTO recipe_cook(recipe_id, cook_id) VALUES (38, 106);
INSERT INTO recipe_cook(recipe_id, cook_id) VALUES (38, 17);
INSERT INTO recipe_cook(recipe_id, cook_id) VALUES (38, 134);
INSERT INTO recipe_cook(recipe_id, cook_id) VALUES (38, 153);
INSERT INTO recipe_cook(recipe_id, cook_id) VALUES (38, 155);
INSERT INTO recipe_cook(recipe_id, cook_id) VALUES (38, 13);
INSERT INTO recipe_cook(recipe_id, cook_id) VALUES (38, 88);
INSERT INTO recipe_cook(recipe_id, cook_id) VALUES (38, 86);
INSERT INTO recipe_cook(recipe_id, cook_id) VALUES (38, 197);
INSERT INTO recipe_cook(recipe_id, cook_id) VALUES (38, 182);
INSERT INTO recipe_cook(recipe_id, cook_id) VALUES (38, 119);
INSERT INTO recipe_cook(recipe_id, cook_id) VALUES (38, 70);
INSERT INTO recipe_cook(recipe_id, cook_id) VALUES (38, 190);
INSERT INTO recipe_cook(recipe_id, cook_id) VALUES (38, 71);
INSERT INTO recipe_cook(recipe_id, cook_id) VALUES (38, 199);
INSERT INTO recipe_cook(recipe_id, cook_id) VALUES (38, 96);
INSERT INTO recipe_cook(recipe_id, cook_id) VALUES (38, 57);
INSERT INTO recipe_cook(recipe_id, cook_id) VALUES (38, 191);
INSERT INTO recipe_cook(recipe_id, cook_id) VALUES (38, 85);
INSERT INTO recipe_cook(recipe_id, cook_id) VALUES (38, 12);
INSERT INTO recipe_cook(recipe_id, cook_id) VALUES (38, 78);
INSERT INTO recipe_cook(recipe_id, cook_id) VALUES (38, 147);
INSERT INTO recipe_cook(recipe_id, cook_id) VALUES (38, 80);
INSERT INTO recipe_cook(recipe_id, cook_id) VALUES (38, 14);
INSERT INTO recipe_cook(recipe_id, cook_id) VALUES (38, 52);
INSERT INTO recipe_cook(recipe_id, cook_id) VALUES (38, 177);
INSERT INTO recipe_cook(recipe_id, cook_id) VALUES (38, 169);
INSERT INTO recipe_cook(recipe_id, cook_id) VALUES (38, 162);
INSERT INTO recipe_cook(recipe_id, cook_id) VALUES (38, 19);
INSERT INTO recipe_cook(recipe_id, cook_id) VALUES (38, 186);
INSERT INTO recipe_cook(recipe_id, cook_id) VALUES (38, 133);
INSERT INTO recipe_cook(recipe_id, cook_id) VALUES (38, 125);
INSERT INTO recipe_cook(recipe_id, cook_id) VALUES (38, 65);
INSERT INTO recipe_cook(recipe_id, cook_id) VALUES (38, 135);
INSERT INTO recipe_cook(recipe_id, cook_id) VALUES (38, 64);
INSERT INTO recipe_cook(recipe_id, cook_id) VALUES (38, 126);
INSERT INTO recipe_cook(recipe_id, cook_id) VALUES (38, 49);
INSERT INTO recipe_cook(recipe_id, cook_id) VALUES (38, 87);
INSERT INTO recipe_cook(recipe_id, cook_id) VALUES (38, 67);
INSERT INTO recipe_cook(recipe_id, cook_id) VALUES (38, 198);
INSERT INTO recipe_cook(recipe_id, cook_id) VALUES (38, 105);
INSERT INTO recipe_cook(recipe_id, cook_id) VALUES (38, 30);
INSERT INTO recipe_cook(recipe_id, cook_id) VALUES (38, 61);
INSERT INTO recipe_cook(recipe_id, cook_id) VALUES (38, 145);
INSERT INTO recipe_cook(recipe_id, cook_id) VALUES (38, 139);
INSERT INTO recipe_cook(recipe_id, cook_id) VALUES (38, 37);
INSERT INTO recipe_cook(recipe_id, cook_id) VALUES (38, 137);
INSERT INTO recipe_cook(recipe_id, cook_id) VALUES (38, 181);
INSERT INTO recipe_cook(recipe_id, cook_id) VALUES (38, 31);
INSERT INTO recipe_cook(recipe_id, cook_id) VALUES (38, 53);
INSERT INTO recipe_cook(recipe_id, cook_id) VALUES (38, 40);
INSERT INTO recipe_cook(recipe_id, cook_id) VALUES (38, 188);
INSERT INTO recipe_cook(recipe_id, cook_id) VALUES (38, 16);
INSERT INTO recipe_cook(recipe_id, cook_id) VALUES (38, 121);
INSERT INTO recipe_cook(recipe_id, cook_id) VALUES (38, 18);
INSERT INTO recipe_cook(recipe_id, cook_id) VALUES (38, 92);
INSERT INTO recipe_cook(recipe_id, cook_id) VALUES (38, 111);
INSERT INTO recipe_cook(recipe_id, cook_id) VALUES (38, 22);
INSERT INTO recipe_cook(recipe_id, cook_id) VALUES (38, 170);
INSERT INTO recipe_cook(recipe_id, cook_id) VALUES (38, 144);
INSERT INTO recipe_cook(recipe_id, cook_id) VALUES (38, 192);
INSERT INTO recipe_cook(recipe_id, cook_id) VALUES (38, 143);
INSERT INTO recipe_cook(recipe_id, cook_id) VALUES (38, 99);
INSERT INTO recipe_cook(recipe_id, cook_id) VALUES (38, 108);
INSERT INTO recipe_cook(recipe_id, cook_id) VALUES (38, 180);
INSERT INTO recipe_cook(recipe_id, cook_id) VALUES (38, 42);
INSERT INTO recipe_cook(recipe_id, cook_id) VALUES (38, 123);
INSERT INTO recipe_cook(recipe_id, cook_id) VALUES (38, 15);
INSERT INTO recipe_cook(recipe_id, cook_id) VALUES (38, 73);
INSERT INTO recipe_cook(recipe_id, cook_id) VALUES (38, 55);
INSERT INTO recipe_cook(recipe_id, cook_id) VALUES (38, 36);
INSERT INTO recipe_cook(recipe_id, cook_id) VALUES (38, 150);
INSERT INTO recipe_cook(recipe_id, cook_id) VALUES (38, 63);
INSERT INTO recipe_cook(recipe_id, cook_id) VALUES (38, 112);
INSERT INTO recipe_cook(recipe_id, cook_id) VALUES (38, 120);
INSERT INTO recipe_cook(recipe_id, cook_id) VALUES (38, 29);
INSERT INTO recipe_cook(recipe_id, cook_id) VALUES (38, 175);
INSERT INTO recipe_cook(recipe_id, cook_id) VALUES (38, 25);
INSERT INTO recipe_cook(recipe_id, cook_id) VALUES (38, 114);
INSERT INTO recipe_cook(recipe_id, cook_id) VALUES (38, 47);
INSERT INTO recipe_cook(recipe_id, cook_id) VALUES (38, 69);
INSERT INTO recipe_cook(recipe_id, cook_id) VALUES (38, 174);
INSERT INTO recipe_cook(recipe_id, cook_id) VALUES (38, 83);
INSERT INTO recipe_cook(recipe_id, cook_id) VALUES (38, 185);
INSERT INTO recipe_cook(recipe_id, cook_id) VALUES (38, 140);
INSERT INTO recipe_cook(recipe_id, cook_id) VALUES (38, 23);
INSERT INTO recipe_cook(recipe_id, cook_id) VALUES (38, 117);
INSERT INTO recipe_cook(recipe_id, cook_id) VALUES (38, 8);
INSERT INTO recipe_cook(recipe_id, cook_id) VALUES (38, 34);
INSERT INTO recipe_cook(recipe_id, cook_id) VALUES (38, 187);
INSERT INTO recipe_cook(recipe_id, cook_id) VALUES (38, 163);
INSERT INTO recipe_cook(recipe_id, cook_id) VALUES (38, 2);
INSERT INTO recipe_cook(recipe_id, cook_id) VALUES (38, 178);
INSERT INTO recipe_cook(recipe_id, cook_id) VALUES (38, 72);
INSERT INTO recipe_cook(recipe_id, cook_id) VALUES (38, 10);
INSERT INTO recipe_cook(recipe_id, cook_id) VALUES (38, 132);
INSERT INTO recipe_cook(recipe_id, cook_id) VALUES (38, 94);
INSERT INTO recipe_cook(recipe_id, cook_id) VALUES (38, 24);
INSERT INTO recipe_cook(recipe_id, cook_id) VALUES (38, 101);
INSERT INTO recipe_cook(recipe_id, cook_id) VALUES (38, 74);
INSERT INTO recipe_cook(recipe_id, cook_id) VALUES (38, 173);
INSERT INTO recipe_cook(recipe_id, cook_id) VALUES (38, 76);
INSERT INTO recipe_cook(recipe_id, cook_id) VALUES (38, 115);
INSERT INTO recipe_cook(recipe_id, cook_id) VALUES (38, 77);
INSERT INTO recipe_cook(recipe_id, cook_id) VALUES (38, 21);
INSERT INTO recipe_cook(recipe_id, cook_id) VALUES (38, 48);
INSERT INTO recipe_cook(recipe_id, cook_id) VALUES (38, 43);
INSERT INTO recipe_cook(recipe_id, cook_id) VALUES (38, 167);
INSERT INTO recipe_cook(recipe_id, cook_id) VALUES (38, 32);
INSERT INTO recipe_cook(recipe_id, cook_id) VALUES (38, 5);
INSERT INTO recipe_cook(recipe_id, cook_id) VALUES (38, 165);
INSERT INTO recipe_cook(recipe_id, cook_id) VALUES (38, 35);
INSERT INTO recipe_cook(recipe_id, cook_id) VALUES (38, 116);
INSERT INTO recipe_cook(recipe_id, cook_id) VALUES (38, 103);
INSERT INTO recipe_cook(recipe_id, cook_id) VALUES (38, 79);
INSERT INTO recipe_cook(recipe_id, cook_id) VALUES (38, 6);
INSERT INTO recipe_cook(recipe_id, cook_id) VALUES (38, 127);
INSERT INTO recipe_theme(recipe_id, theme_id) VALUES (38, 24);
INSERT INTO recipe_theme(recipe_id, theme_id) VALUES (38, 27);
INSERT INTO recipe_theme(recipe_id, theme_id) VALUES (38, 4);
INSERT INTO recipe_tip(recipe_id, tip_id) VALUES (38, 5);
INSERT INTO recipe_tip(recipe_id, tip_id) VALUES (38, 31);
INSERT INTO recipe_tip(recipe_id, tip_id) VALUES (38, 25);

INSERT INTO recipe(baking, cuisine_id, difficulty, title, recipe_description, prep_time, cook_time, portions, fat_portion, protein_portion, carbo_portion, picture, picture_description) VALUES(0, 9, 5,'Stuffed Mushrooms', 'Military pressure financial public six foreign. Those Democrat so similar long Democrat move above.', 75, 100, 4, 50, 55,30, 'https://dummyimage.com/792x262', 'Listen budget down hour.');
INSERT INTO recipe_meal_type(recipe_id, meal_type_id) VALUES (39, 3);
INSERT INTO recipe_tag(recipe_id, tag_id) VALUES (39, 29);
INSERT INTO recipe_tag(recipe_id, tag_id) VALUES (39, 60);
INSERT INTO recipe_tag(recipe_id, tag_id) VALUES (39, 7);
INSERT INTO recipe_tag(recipe_id, tag_id) VALUES (39, 55);
INSERT INTO recipe_tag(recipe_id, tag_id) VALUES (39, 19);
INSERT INTO recipe_tag(recipe_id, tag_id) VALUES (39, 87);
INSERT INTO recipe_equipment(recipe_id, equipment_id, num) VALUES (39, 8, 4);
INSERT INTO recipe_equipment(recipe_id, equipment_id, num) VALUES (39, 2, 2);
INSERT INTO recipe_equipment(recipe_id, equipment_id, num) VALUES (39, 7, 2);
INSERT INTO recipe_equipment(recipe_id, equipment_id, num) VALUES (39, 11, 4);
INSERT INTO recipe_equipment(recipe_id, equipment_id, num) VALUES (39, 19, 1);
INSERT INTO recipe_cook(recipe_id, cook_id) VALUES (39, 149);
INSERT INTO recipe_cook(recipe_id, cook_id) VALUES (39, 65);
INSERT INTO recipe_cook(recipe_id, cook_id) VALUES (39, 102);
INSERT INTO recipe_cook(recipe_id, cook_id) VALUES (39, 79);
INSERT INTO recipe_cook(recipe_id, cook_id) VALUES (39, 150);
INSERT INTO recipe_cook(recipe_id, cook_id) VALUES (39, 128);
INSERT INTO recipe_cook(recipe_id, cook_id) VALUES (39, 98);
INSERT INTO recipe_cook(recipe_id, cook_id) VALUES (39, 39);
INSERT INTO recipe_cook(recipe_id, cook_id) VALUES (39, 153);
INSERT INTO recipe_cook(recipe_id, cook_id) VALUES (39, 91);
INSERT INTO recipe_cook(recipe_id, cook_id) VALUES (39, 72);
INSERT INTO recipe_cook(recipe_id, cook_id) VALUES (39, 106);
INSERT INTO recipe_cook(recipe_id, cook_id) VALUES (39, 116);
INSERT INTO recipe_cook(recipe_id, cook_id) VALUES (39, 5);
INSERT INTO recipe_cook(recipe_id, cook_id) VALUES (39, 87);
INSERT INTO recipe_cook(recipe_id, cook_id) VALUES (39, 197);
INSERT INTO recipe_cook(recipe_id, cook_id) VALUES (39, 3);
INSERT INTO recipe_cook(recipe_id, cook_id) VALUES (39, 30);
INSERT INTO recipe_cook(recipe_id, cook_id) VALUES (39, 46);
INSERT INTO recipe_cook(recipe_id, cook_id) VALUES (39, 123);
INSERT INTO recipe_cook(recipe_id, cook_id) VALUES (39, 196);
INSERT INTO recipe_cook(recipe_id, cook_id) VALUES (39, 55);
INSERT INTO recipe_cook(recipe_id, cook_id) VALUES (39, 121);
INSERT INTO recipe_cook(recipe_id, cook_id) VALUES (39, 191);
INSERT INTO recipe_cook(recipe_id, cook_id) VALUES (39, 115);
INSERT INTO recipe_cook(recipe_id, cook_id) VALUES (39, 57);
INSERT INTO recipe_cook(recipe_id, cook_id) VALUES (39, 185);
INSERT INTO recipe_cook(recipe_id, cook_id) VALUES (39, 192);
INSERT INTO recipe_cook(recipe_id, cook_id) VALUES (39, 180);
INSERT INTO recipe_cook(recipe_id, cook_id) VALUES (39, 162);
INSERT INTO recipe_cook(recipe_id, cook_id) VALUES (39, 76);
INSERT INTO recipe_cook(recipe_id, cook_id) VALUES (39, 94);
INSERT INTO recipe_cook(recipe_id, cook_id) VALUES (39, 126);
INSERT INTO recipe_cook(recipe_id, cook_id) VALUES (39, 64);
INSERT INTO recipe_cook(recipe_id, cook_id) VALUES (39, 108);
INSERT INTO recipe_cook(recipe_id, cook_id) VALUES (39, 193);
INSERT INTO recipe_cook(recipe_id, cook_id) VALUES (39, 17);
INSERT INTO recipe_cook(recipe_id, cook_id) VALUES (39, 183);
INSERT INTO recipe_cook(recipe_id, cook_id) VALUES (39, 34);
INSERT INTO recipe_cook(recipe_id, cook_id) VALUES (39, 144);
INSERT INTO recipe_cook(recipe_id, cook_id) VALUES (39, 147);
INSERT INTO recipe_cook(recipe_id, cook_id) VALUES (39, 130);
INSERT INTO recipe_cook(recipe_id, cook_id) VALUES (39, 172);
INSERT INTO recipe_cook(recipe_id, cook_id) VALUES (39, 122);
INSERT INTO recipe_cook(recipe_id, cook_id) VALUES (39, 4);
INSERT INTO recipe_cook(recipe_id, cook_id) VALUES (39, 118);
INSERT INTO recipe_cook(recipe_id, cook_id) VALUES (39, 28);
INSERT INTO recipe_cook(recipe_id, cook_id) VALUES (39, 171);
INSERT INTO recipe_cook(recipe_id, cook_id) VALUES (39, 167);
INSERT INTO recipe_cook(recipe_id, cook_id) VALUES (39, 11);
INSERT INTO recipe_cook(recipe_id, cook_id) VALUES (39, 161);
INSERT INTO recipe_cook(recipe_id, cook_id) VALUES (39, 71);
INSERT INTO recipe_cook(recipe_id, cook_id) VALUES (39, 13);
INSERT INTO recipe_cook(recipe_id, cook_id) VALUES (39, 77);
INSERT INTO recipe_cook(recipe_id, cook_id) VALUES (39, 159);
INSERT INTO recipe_cook(recipe_id, cook_id) VALUES (39, 93);
INSERT INTO recipe_cook(recipe_id, cook_id) VALUES (39, 139);
INSERT INTO recipe_cook(recipe_id, cook_id) VALUES (39, 89);
INSERT INTO recipe_cook(recipe_id, cook_id) VALUES (39, 68);
INSERT INTO recipe_cook(recipe_id, cook_id) VALUES (39, 112);
INSERT INTO recipe_cook(recipe_id, cook_id) VALUES (39, 58);
INSERT INTO recipe_cook(recipe_id, cook_id) VALUES (39, 10);
INSERT INTO recipe_cook(recipe_id, cook_id) VALUES (39, 105);
INSERT INTO recipe_cook(recipe_id, cook_id) VALUES (39, 133);
INSERT INTO recipe_cook(recipe_id, cook_id) VALUES (39, 117);
INSERT INTO recipe_cook(recipe_id, cook_id) VALUES (39, 49);
INSERT INTO recipe_cook(recipe_id, cook_id) VALUES (39, 20);
INSERT INTO recipe_cook(recipe_id, cook_id) VALUES (39, 50);
INSERT INTO recipe_cook(recipe_id, cook_id) VALUES (39, 85);
INSERT INTO recipe_cook(recipe_id, cook_id) VALUES (39, 148);
INSERT INTO recipe_cook(recipe_id, cook_id) VALUES (39, 120);
INSERT INTO recipe_cook(recipe_id, cook_id) VALUES (39, 187);
INSERT INTO recipe_cook(recipe_id, cook_id) VALUES (39, 169);
INSERT INTO recipe_cook(recipe_id, cook_id) VALUES (39, 132);
INSERT INTO recipe_cook(recipe_id, cook_id) VALUES (39, 182);
INSERT INTO recipe_cook(recipe_id, cook_id) VALUES (39, 92);
INSERT INTO recipe_cook(recipe_id, cook_id) VALUES (39, 198);
INSERT INTO recipe_cook(recipe_id, cook_id) VALUES (39, 36);
INSERT INTO recipe_cook(recipe_id, cook_id) VALUES (39, 178);
INSERT INTO recipe_cook(recipe_id, cook_id) VALUES (39, 43);
INSERT INTO recipe_cook(recipe_id, cook_id) VALUES (39, 38);
INSERT INTO recipe_cook(recipe_id, cook_id) VALUES (39, 137);
INSERT INTO recipe_cook(recipe_id, cook_id) VALUES (39, 75);
INSERT INTO recipe_cook(recipe_id, cook_id) VALUES (39, 7);
INSERT INTO recipe_cook(recipe_id, cook_id) VALUES (39, 48);
INSERT INTO recipe_cook(recipe_id, cook_id) VALUES (39, 200);
INSERT INTO recipe_cook(recipe_id, cook_id) VALUES (39, 70);
INSERT INTO recipe_cook(recipe_id, cook_id) VALUES (39, 35);
INSERT INTO recipe_cook(recipe_id, cook_id) VALUES (39, 29);
INSERT INTO recipe_cook(recipe_id, cook_id) VALUES (39, 99);
INSERT INTO recipe_cook(recipe_id, cook_id) VALUES (39, 124);
INSERT INTO recipe_cook(recipe_id, cook_id) VALUES (39, 104);
INSERT INTO recipe_cook(recipe_id, cook_id) VALUES (39, 59);
INSERT INTO recipe_cook(recipe_id, cook_id) VALUES (39, 127);
INSERT INTO recipe_cook(recipe_id, cook_id) VALUES (39, 80);
INSERT INTO recipe_cook(recipe_id, cook_id) VALUES (39, 53);
INSERT INTO recipe_cook(recipe_id, cook_id) VALUES (39, 188);
INSERT INTO recipe_cook(recipe_id, cook_id) VALUES (39, 41);
INSERT INTO recipe_cook(recipe_id, cook_id) VALUES (39, 125);
INSERT INTO recipe_cook(recipe_id, cook_id) VALUES (39, 164);
INSERT INTO recipe_cook(recipe_id, cook_id) VALUES (39, 156);
INSERT INTO recipe_cook(recipe_id, cook_id) VALUES (39, 103);
INSERT INTO recipe_cook(recipe_id, cook_id) VALUES (39, 21);
INSERT INTO recipe_cook(recipe_id, cook_id) VALUES (39, 73);
INSERT INTO recipe_cook(recipe_id, cook_id) VALUES (39, 199);
INSERT INTO recipe_cook(recipe_id, cook_id) VALUES (39, 2);
INSERT INTO recipe_cook(recipe_id, cook_id) VALUES (39, 74);
INSERT INTO recipe_cook(recipe_id, cook_id) VALUES (39, 22);
INSERT INTO recipe_cook(recipe_id, cook_id) VALUES (39, 135);
INSERT INTO recipe_cook(recipe_id, cook_id) VALUES (39, 97);
INSERT INTO recipe_cook(recipe_id, cook_id) VALUES (39, 86);
INSERT INTO recipe_cook(recipe_id, cook_id) VALUES (39, 160);
INSERT INTO recipe_cook(recipe_id, cook_id) VALUES (39, 84);
INSERT INTO recipe_cook(recipe_id, cook_id) VALUES (39, 16);
INSERT INTO recipe_cook(recipe_id, cook_id) VALUES (39, 110);
INSERT INTO recipe_cook(recipe_id, cook_id) VALUES (39, 176);
INSERT INTO recipe_cook(recipe_id, cook_id) VALUES (39, 157);
INSERT INTO recipe_cook(recipe_id, cook_id) VALUES (39, 9);
INSERT INTO recipe_cook(recipe_id, cook_id) VALUES (39, 33);
INSERT INTO recipe_cook(recipe_id, cook_id) VALUES (39, 119);
INSERT INTO recipe_theme(recipe_id, theme_id) VALUES (39, 22);
INSERT INTO recipe_theme(recipe_id, theme_id) VALUES (39, 12);
INSERT INTO recipe_theme(recipe_id, theme_id) VALUES (39, 20);
INSERT INTO recipe_tip(recipe_id, tip_id) VALUES (39, 37);
INSERT INTO recipe_tip(recipe_id, tip_id) VALUES (39, 31);
INSERT INTO recipe_tip(recipe_id, tip_id) VALUES (39, 6);

INSERT INTO recipe(baking, cuisine_id, difficulty, title, recipe_description, prep_time, cook_time, portions, fat_portion, protein_portion, carbo_portion, picture, picture_description) VALUES(1, 17, 2,'Chicken Wings', 'Yeah class around then. Oil consider approach short knowledge.', 115, 90, 5, 55, 15,0, 'https://picsum.photos/855/532', 'Speak until impact listen north individual leader.');
INSERT INTO recipe_meal_type(recipe_id, meal_type_id) VALUES (40, 2);
INSERT INTO recipe_tag(recipe_id, tag_id) VALUES (40, 57);
INSERT INTO recipe_equipment(recipe_id, equipment_id, num) VALUES (40, 19, 1);
INSERT INTO recipe_equipment(recipe_id, equipment_id, num) VALUES (40, 12, 3);
INSERT INTO recipe_equipment(recipe_id, equipment_id, num) VALUES (40, 20, 1);
INSERT INTO recipe_equipment(recipe_id, equipment_id, num) VALUES (40, 16, 3);
INSERT INTO recipe_equipment(recipe_id, equipment_id, num) VALUES (40, 3, 3);
INSERT INTO recipe_cook(recipe_id, cook_id) VALUES (40, 67);
INSERT INTO recipe_cook(recipe_id, cook_id) VALUES (40, 191);
INSERT INTO recipe_cook(recipe_id, cook_id) VALUES (40, 74);
INSERT INTO recipe_cook(recipe_id, cook_id) VALUES (40, 64);
INSERT INTO recipe_cook(recipe_id, cook_id) VALUES (40, 166);
INSERT INTO recipe_cook(recipe_id, cook_id) VALUES (40, 99);
INSERT INTO recipe_cook(recipe_id, cook_id) VALUES (40, 70);
INSERT INTO recipe_cook(recipe_id, cook_id) VALUES (40, 1);
INSERT INTO recipe_cook(recipe_id, cook_id) VALUES (40, 127);
INSERT INTO recipe_cook(recipe_id, cook_id) VALUES (40, 137);
INSERT INTO recipe_cook(recipe_id, cook_id) VALUES (40, 14);
INSERT INTO recipe_cook(recipe_id, cook_id) VALUES (40, 48);
INSERT INTO recipe_cook(recipe_id, cook_id) VALUES (40, 62);
INSERT INTO recipe_cook(recipe_id, cook_id) VALUES (40, 153);
INSERT INTO recipe_cook(recipe_id, cook_id) VALUES (40, 136);
INSERT INTO recipe_cook(recipe_id, cook_id) VALUES (40, 28);
INSERT INTO recipe_cook(recipe_id, cook_id) VALUES (40, 180);
INSERT INTO recipe_cook(recipe_id, cook_id) VALUES (40, 42);
INSERT INTO recipe_cook(recipe_id, cook_id) VALUES (40, 13);
INSERT INTO recipe_cook(recipe_id, cook_id) VALUES (40, 85);
INSERT INTO recipe_cook(recipe_id, cook_id) VALUES (40, 147);
INSERT INTO recipe_cook(recipe_id, cook_id) VALUES (40, 77);
INSERT INTO recipe_cook(recipe_id, cook_id) VALUES (40, 138);
INSERT INTO recipe_cook(recipe_id, cook_id) VALUES (40, 91);
INSERT INTO recipe_cook(recipe_id, cook_id) VALUES (40, 181);
INSERT INTO recipe_cook(recipe_id, cook_id) VALUES (40, 72);
INSERT INTO recipe_cook(recipe_id, cook_id) VALUES (40, 164);
INSERT INTO recipe_cook(recipe_id, cook_id) VALUES (40, 151);
INSERT INTO recipe_cook(recipe_id, cook_id) VALUES (40, 55);
INSERT INTO recipe_cook(recipe_id, cook_id) VALUES (40, 6);
INSERT INTO recipe_cook(recipe_id, cook_id) VALUES (40, 133);
INSERT INTO recipe_cook(recipe_id, cook_id) VALUES (40, 79);
INSERT INTO recipe_cook(recipe_id, cook_id) VALUES (40, 106);
INSERT INTO recipe_cook(recipe_id, cook_id) VALUES (40, 111);
INSERT INTO recipe_cook(recipe_id, cook_id) VALUES (40, 45);
INSERT INTO recipe_cook(recipe_id, cook_id) VALUES (40, 56);
INSERT INTO recipe_cook(recipe_id, cook_id) VALUES (40, 125);
INSERT INTO recipe_cook(recipe_id, cook_id) VALUES (40, 73);
INSERT INTO recipe_cook(recipe_id, cook_id) VALUES (40, 121);
INSERT INTO recipe_cook(recipe_id, cook_id) VALUES (40, 182);
INSERT INTO recipe_cook(recipe_id, cook_id) VALUES (40, 190);
INSERT INTO recipe_cook(recipe_id, cook_id) VALUES (40, 90);
INSERT INTO recipe_cook(recipe_id, cook_id) VALUES (40, 188);
INSERT INTO recipe_cook(recipe_id, cook_id) VALUES (40, 18);
INSERT INTO recipe_cook(recipe_id, cook_id) VALUES (40, 140);
INSERT INTO recipe_cook(recipe_id, cook_id) VALUES (40, 158);
INSERT INTO recipe_cook(recipe_id, cook_id) VALUES (40, 30);
INSERT INTO recipe_cook(recipe_id, cook_id) VALUES (40, 39);
INSERT INTO recipe_cook(recipe_id, cook_id) VALUES (40, 156);
INSERT INTO recipe_cook(recipe_id, cook_id) VALUES (40, 49);
INSERT INTO recipe_cook(recipe_id, cook_id) VALUES (40, 163);
INSERT INTO recipe_cook(recipe_id, cook_id) VALUES (40, 144);
INSERT INTO recipe_cook(recipe_id, cook_id) VALUES (40, 43);
INSERT INTO recipe_cook(recipe_id, cook_id) VALUES (40, 3);
INSERT INTO recipe_cook(recipe_id, cook_id) VALUES (40, 167);
INSERT INTO recipe_cook(recipe_id, cook_id) VALUES (40, 109);
INSERT INTO recipe_cook(recipe_id, cook_id) VALUES (40, 57);
INSERT INTO recipe_cook(recipe_id, cook_id) VALUES (40, 174);
INSERT INTO recipe_cook(recipe_id, cook_id) VALUES (40, 107);
INSERT INTO recipe_cook(recipe_id, cook_id) VALUES (40, 159);
INSERT INTO recipe_cook(recipe_id, cook_id) VALUES (40, 104);
INSERT INTO recipe_cook(recipe_id, cook_id) VALUES (40, 2);
INSERT INTO recipe_cook(recipe_id, cook_id) VALUES (40, 192);
INSERT INTO recipe_cook(recipe_id, cook_id) VALUES (40, 119);
INSERT INTO recipe_cook(recipe_id, cook_id) VALUES (40, 115);
INSERT INTO recipe_cook(recipe_id, cook_id) VALUES (40, 199);
INSERT INTO recipe_cook(recipe_id, cook_id) VALUES (40, 78);
INSERT INTO recipe_cook(recipe_id, cook_id) VALUES (40, 197);
INSERT INTO recipe_cook(recipe_id, cook_id) VALUES (40, 157);
INSERT INTO recipe_cook(recipe_id, cook_id) VALUES (40, 105);
INSERT INTO recipe_cook(recipe_id, cook_id) VALUES (40, 193);
INSERT INTO recipe_cook(recipe_id, cook_id) VALUES (40, 171);
INSERT INTO recipe_cook(recipe_id, cook_id) VALUES (40, 83);
INSERT INTO recipe_cook(recipe_id, cook_id) VALUES (40, 150);
INSERT INTO recipe_cook(recipe_id, cook_id) VALUES (40, 162);
INSERT INTO recipe_cook(recipe_id, cook_id) VALUES (40, 173);
INSERT INTO recipe_cook(recipe_id, cook_id) VALUES (40, 50);
INSERT INTO recipe_cook(recipe_id, cook_id) VALUES (40, 195);
INSERT INTO recipe_cook(recipe_id, cook_id) VALUES (40, 51);
INSERT INTO recipe_cook(recipe_id, cook_id) VALUES (40, 114);
INSERT INTO recipe_cook(recipe_id, cook_id) VALUES (40, 4);
INSERT INTO recipe_cook(recipe_id, cook_id) VALUES (40, 128);
INSERT INTO recipe_cook(recipe_id, cook_id) VALUES (40, 66);
INSERT INTO recipe_cook(recipe_id, cook_id) VALUES (40, 27);
INSERT INTO recipe_cook(recipe_id, cook_id) VALUES (40, 33);
INSERT INTO recipe_cook(recipe_id, cook_id) VALUES (40, 117);
INSERT INTO recipe_cook(recipe_id, cook_id) VALUES (40, 68);
INSERT INTO recipe_cook(recipe_id, cook_id) VALUES (40, 16);
INSERT INTO recipe_cook(recipe_id, cook_id) VALUES (40, 130);
INSERT INTO recipe_cook(recipe_id, cook_id) VALUES (40, 177);
INSERT INTO recipe_cook(recipe_id, cook_id) VALUES (40, 143);
INSERT INTO recipe_cook(recipe_id, cook_id) VALUES (40, 11);
INSERT INTO recipe_cook(recipe_id, cook_id) VALUES (40, 187);
INSERT INTO recipe_cook(recipe_id, cook_id) VALUES (40, 71);
INSERT INTO recipe_cook(recipe_id, cook_id) VALUES (40, 25);
INSERT INTO recipe_cook(recipe_id, cook_id) VALUES (40, 185);
INSERT INTO recipe_cook(recipe_id, cook_id) VALUES (40, 35);
INSERT INTO recipe_cook(recipe_id, cook_id) VALUES (40, 186);
INSERT INTO recipe_cook(recipe_id, cook_id) VALUES (40, 8);
INSERT INTO recipe_cook(recipe_id, cook_id) VALUES (40, 87);
INSERT INTO recipe_cook(recipe_id, cook_id) VALUES (40, 22);
INSERT INTO recipe_cook(recipe_id, cook_id) VALUES (40, 142);
INSERT INTO recipe_cook(recipe_id, cook_id) VALUES (40, 10);
INSERT INTO recipe_cook(recipe_id, cook_id) VALUES (40, 20);
INSERT INTO recipe_cook(recipe_id, cook_id) VALUES (40, 32);
INSERT INTO recipe_cook(recipe_id, cook_id) VALUES (40, 134);
INSERT INTO recipe_cook(recipe_id, cook_id) VALUES (40, 98);
INSERT INTO recipe_cook(recipe_id, cook_id) VALUES (40, 84);
INSERT INTO recipe_cook(recipe_id, cook_id) VALUES (40, 97);
INSERT INTO recipe_cook(recipe_id, cook_id) VALUES (40, 178);
INSERT INTO recipe_cook(recipe_id, cook_id) VALUES (40, 123);
INSERT INTO recipe_cook(recipe_id, cook_id) VALUES (40, 23);
INSERT INTO recipe_cook(recipe_id, cook_id) VALUES (40, 124);
INSERT INTO recipe_cook(recipe_id, cook_id) VALUES (40, 145);
INSERT INTO recipe_cook(recipe_id, cook_id) VALUES (40, 112);
INSERT INTO recipe_cook(recipe_id, cook_id) VALUES (40, 40);
INSERT INTO recipe_cook(recipe_id, cook_id) VALUES (40, 93);
INSERT INTO recipe_cook(recipe_id, cook_id) VALUES (40, 154);
INSERT INTO recipe_cook(recipe_id, cook_id) VALUES (40, 122);
INSERT INTO recipe_cook(recipe_id, cook_id) VALUES (40, 69);
INSERT INTO recipe_cook(recipe_id, cook_id) VALUES (40, 88);
INSERT INTO recipe_cook(recipe_id, cook_id) VALUES (40, 34);
INSERT INTO recipe_cook(recipe_id, cook_id) VALUES (40, 189);
INSERT INTO recipe_cook(recipe_id, cook_id) VALUES (40, 92);
INSERT INTO recipe_cook(recipe_id, cook_id) VALUES (40, 152);
INSERT INTO recipe_cook(recipe_id, cook_id) VALUES (40, 176);
INSERT INTO recipe_cook(recipe_id, cook_id) VALUES (40, 76);
INSERT INTO recipe_cook(recipe_id, cook_id) VALUES (40, 36);
INSERT INTO recipe_cook(recipe_id, cook_id) VALUES (40, 46);
INSERT INTO recipe_cook(recipe_id, cook_id) VALUES (40, 126);
INSERT INTO recipe_cook(recipe_id, cook_id) VALUES (40, 131);
INSERT INTO recipe_cook(recipe_id, cook_id) VALUES (40, 120);
INSERT INTO recipe_cook(recipe_id, cook_id) VALUES (40, 165);
INSERT INTO recipe_cook(recipe_id, cook_id) VALUES (40, 175);
INSERT INTO recipe_cook(recipe_id, cook_id) VALUES (40, 12);
INSERT INTO recipe_cook(recipe_id, cook_id) VALUES (40, 194);
INSERT INTO recipe_cook(recipe_id, cook_id) VALUES (40, 94);
INSERT INTO recipe_cook(recipe_id, cook_id) VALUES (40, 135);
INSERT INTO recipe_cook(recipe_id, cook_id) VALUES (40, 38);
INSERT INTO recipe_cook(recipe_id, cook_id) VALUES (40, 5);
INSERT INTO recipe_cook(recipe_id, cook_id) VALUES (40, 196);
INSERT INTO recipe_cook(recipe_id, cook_id) VALUES (40, 63);
INSERT INTO recipe_cook(recipe_id, cook_id) VALUES (40, 26);
INSERT INTO recipe_cook(recipe_id, cook_id) VALUES (40, 170);
INSERT INTO recipe_cook(recipe_id, cook_id) VALUES (40, 52);
INSERT INTO recipe_cook(recipe_id, cook_id) VALUES (40, 155);
INSERT INTO recipe_cook(recipe_id, cook_id) VALUES (40, 19);
INSERT INTO recipe_cook(recipe_id, cook_id) VALUES (40, 200);
INSERT INTO recipe_cook(recipe_id, cook_id) VALUES (40, 86);
INSERT INTO recipe_cook(recipe_id, cook_id) VALUES (40, 65);
INSERT INTO recipe_theme(recipe_id, theme_id) VALUES (40, 5);
INSERT INTO recipe_tip(recipe_id, tip_id) VALUES (40, 14);
INSERT INTO recipe_tip(recipe_id, tip_id) VALUES (40, 15);

INSERT INTO recipe(baking, cuisine_id, difficulty, title, recipe_description, prep_time, cook_time, portions, fat_portion, protein_portion, carbo_portion, picture, picture_description) VALUES(1, 37, 2,'Potato Salad', 'Life consumer before American memory this. Fine act medical party while. Speak almost indicate drive white drive style all. Cup choice former wonder space body fly.', 25, 10, 5, 0, 25,30, 'https://picsum.photos/452/930', 'Others exactly represent star space nation.');
INSERT INTO recipe_meal_type(recipe_id, meal_type_id) VALUES (41, 3);
INSERT INTO recipe_tag(recipe_id, tag_id) VALUES (41, 74);
INSERT INTO recipe_tag(recipe_id, tag_id) VALUES (41, 72);
INSERT INTO recipe_tag(recipe_id, tag_id) VALUES (41, 98);
INSERT INTO recipe_equipment(recipe_id, equipment_id, num) VALUES (41, 7, 1);
INSERT INTO recipe_equipment(recipe_id, equipment_id, num) VALUES (41, 16, 1);
INSERT INTO recipe_equipment(recipe_id, equipment_id, num) VALUES (41, 1, 1);
INSERT INTO recipe_equipment(recipe_id, equipment_id, num) VALUES (41, 12, 1);
INSERT INTO recipe_cook(recipe_id, cook_id) VALUES (41, 142);
INSERT INTO recipe_cook(recipe_id, cook_id) VALUES (41, 134);
INSERT INTO recipe_cook(recipe_id, cook_id) VALUES (41, 182);
INSERT INTO recipe_cook(recipe_id, cook_id) VALUES (41, 138);
INSERT INTO recipe_cook(recipe_id, cook_id) VALUES (41, 58);
INSERT INTO recipe_cook(recipe_id, cook_id) VALUES (41, 23);
INSERT INTO recipe_cook(recipe_id, cook_id) VALUES (41, 43);
INSERT INTO recipe_cook(recipe_id, cook_id) VALUES (41, 199);
INSERT INTO recipe_cook(recipe_id, cook_id) VALUES (41, 44);
INSERT INTO recipe_cook(recipe_id, cook_id) VALUES (41, 2);
INSERT INTO recipe_cook(recipe_id, cook_id) VALUES (41, 166);
INSERT INTO recipe_cook(recipe_id, cook_id) VALUES (41, 64);
INSERT INTO recipe_cook(recipe_id, cook_id) VALUES (41, 184);
INSERT INTO recipe_cook(recipe_id, cook_id) VALUES (41, 13);
INSERT INTO recipe_cook(recipe_id, cook_id) VALUES (41, 6);
INSERT INTO recipe_cook(recipe_id, cook_id) VALUES (41, 12);
INSERT INTO recipe_cook(recipe_id, cook_id) VALUES (41, 180);
INSERT INTO recipe_cook(recipe_id, cook_id) VALUES (41, 92);
INSERT INTO recipe_cook(recipe_id, cook_id) VALUES (41, 160);
INSERT INTO recipe_cook(recipe_id, cook_id) VALUES (41, 72);
INSERT INTO recipe_cook(recipe_id, cook_id) VALUES (41, 56);
INSERT INTO recipe_cook(recipe_id, cook_id) VALUES (41, 41);
INSERT INTO recipe_cook(recipe_id, cook_id) VALUES (41, 22);
INSERT INTO recipe_cook(recipe_id, cook_id) VALUES (41, 36);
INSERT INTO recipe_cook(recipe_id, cook_id) VALUES (41, 76);
INSERT INTO recipe_cook(recipe_id, cook_id) VALUES (41, 66);
INSERT INTO recipe_cook(recipe_id, cook_id) VALUES (41, 133);
INSERT INTO recipe_cook(recipe_id, cook_id) VALUES (41, 116);
INSERT INTO recipe_cook(recipe_id, cook_id) VALUES (41, 103);
INSERT INTO recipe_cook(recipe_id, cook_id) VALUES (41, 155);
INSERT INTO recipe_cook(recipe_id, cook_id) VALUES (41, 57);
INSERT INTO recipe_cook(recipe_id, cook_id) VALUES (41, 30);
INSERT INTO recipe_cook(recipe_id, cook_id) VALUES (41, 16);
INSERT INTO recipe_cook(recipe_id, cook_id) VALUES (41, 188);
INSERT INTO recipe_cook(recipe_id, cook_id) VALUES (41, 175);
INSERT INTO recipe_cook(recipe_id, cook_id) VALUES (41, 198);
INSERT INTO recipe_cook(recipe_id, cook_id) VALUES (41, 31);
INSERT INTO recipe_cook(recipe_id, cook_id) VALUES (41, 21);
INSERT INTO recipe_cook(recipe_id, cook_id) VALUES (41, 127);
INSERT INTO recipe_cook(recipe_id, cook_id) VALUES (41, 27);
INSERT INTO recipe_cook(recipe_id, cook_id) VALUES (41, 146);
INSERT INTO recipe_cook(recipe_id, cook_id) VALUES (41, 104);
INSERT INTO recipe_cook(recipe_id, cook_id) VALUES (41, 69);
INSERT INTO recipe_cook(recipe_id, cook_id) VALUES (41, 148);
INSERT INTO recipe_cook(recipe_id, cook_id) VALUES (41, 181);
INSERT INTO recipe_cook(recipe_id, cook_id) VALUES (41, 190);
INSERT INTO recipe_cook(recipe_id, cook_id) VALUES (41, 128);
INSERT INTO recipe_cook(recipe_id, cook_id) VALUES (41, 141);
INSERT INTO recipe_cook(recipe_id, cook_id) VALUES (41, 50);
INSERT INTO recipe_cook(recipe_id, cook_id) VALUES (41, 82);
INSERT INTO recipe_cook(recipe_id, cook_id) VALUES (41, 185);
INSERT INTO recipe_cook(recipe_id, cook_id) VALUES (41, 136);
INSERT INTO recipe_cook(recipe_id, cook_id) VALUES (41, 62);
INSERT INTO recipe_cook(recipe_id, cook_id) VALUES (41, 77);
INSERT INTO recipe_cook(recipe_id, cook_id) VALUES (41, 163);
INSERT INTO recipe_cook(recipe_id, cook_id) VALUES (41, 196);
INSERT INTO recipe_cook(recipe_id, cook_id) VALUES (41, 98);
INSERT INTO recipe_cook(recipe_id, cook_id) VALUES (41, 154);
INSERT INTO recipe_cook(recipe_id, cook_id) VALUES (41, 28);
INSERT INTO recipe_cook(recipe_id, cook_id) VALUES (41, 15);
INSERT INTO recipe_cook(recipe_id, cook_id) VALUES (41, 60);
INSERT INTO recipe_cook(recipe_id, cook_id) VALUES (41, 165);
INSERT INTO recipe_cook(recipe_id, cook_id) VALUES (41, 114);
INSERT INTO recipe_cook(recipe_id, cook_id) VALUES (41, 45);
INSERT INTO recipe_cook(recipe_id, cook_id) VALUES (41, 173);
INSERT INTO recipe_cook(recipe_id, cook_id) VALUES (41, 126);
INSERT INTO recipe_cook(recipe_id, cook_id) VALUES (41, 11);
INSERT INTO recipe_cook(recipe_id, cook_id) VALUES (41, 112);
INSERT INTO recipe_cook(recipe_id, cook_id) VALUES (41, 137);
INSERT INTO recipe_cook(recipe_id, cook_id) VALUES (41, 186);
INSERT INTO recipe_cook(recipe_id, cook_id) VALUES (41, 158);
INSERT INTO recipe_cook(recipe_id, cook_id) VALUES (41, 37);
INSERT INTO recipe_cook(recipe_id, cook_id) VALUES (41, 150);
INSERT INTO recipe_cook(recipe_id, cook_id) VALUES (41, 8);
INSERT INTO recipe_cook(recipe_id, cook_id) VALUES (41, 86);
INSERT INTO recipe_cook(recipe_id, cook_id) VALUES (41, 143);
INSERT INTO recipe_cook(recipe_id, cook_id) VALUES (41, 88);
INSERT INTO recipe_cook(recipe_id, cook_id) VALUES (41, 55);
INSERT INTO recipe_cook(recipe_id, cook_id) VALUES (41, 73);
INSERT INTO recipe_cook(recipe_id, cook_id) VALUES (41, 108);
INSERT INTO recipe_cook(recipe_id, cook_id) VALUES (41, 93);
INSERT INTO recipe_cook(recipe_id, cook_id) VALUES (41, 102);
INSERT INTO recipe_cook(recipe_id, cook_id) VALUES (41, 172);
INSERT INTO recipe_cook(recipe_id, cook_id) VALUES (41, 65);
INSERT INTO recipe_cook(recipe_id, cook_id) VALUES (41, 178);
INSERT INTO recipe_cook(recipe_id, cook_id) VALUES (41, 78);
INSERT INTO recipe_cook(recipe_id, cook_id) VALUES (41, 110);
INSERT INTO recipe_cook(recipe_id, cook_id) VALUES (41, 17);
INSERT INTO recipe_cook(recipe_id, cook_id) VALUES (41, 111);
INSERT INTO recipe_cook(recipe_id, cook_id) VALUES (41, 4);
INSERT INTO recipe_cook(recipe_id, cook_id) VALUES (41, 68);
INSERT INTO recipe_cook(recipe_id, cook_id) VALUES (41, 115);
INSERT INTO recipe_cook(recipe_id, cook_id) VALUES (41, 131);
INSERT INTO recipe_cook(recipe_id, cook_id) VALUES (41, 195);
INSERT INTO recipe_cook(recipe_id, cook_id) VALUES (41, 135);
INSERT INTO recipe_cook(recipe_id, cook_id) VALUES (41, 71);
INSERT INTO recipe_cook(recipe_id, cook_id) VALUES (41, 79);
INSERT INTO recipe_cook(recipe_id, cook_id) VALUES (41, 177);
INSERT INTO recipe_cook(recipe_id, cook_id) VALUES (41, 193);
INSERT INTO recipe_cook(recipe_id, cook_id) VALUES (41, 101);
INSERT INTO recipe_cook(recipe_id, cook_id) VALUES (41, 29);
INSERT INTO recipe_cook(recipe_id, cook_id) VALUES (41, 42);
INSERT INTO recipe_cook(recipe_id, cook_id) VALUES (41, 144);
INSERT INTO recipe_cook(recipe_id, cook_id) VALUES (41, 171);
INSERT INTO recipe_cook(recipe_id, cook_id) VALUES (41, 97);
INSERT INTO recipe_cook(recipe_id, cook_id) VALUES (41, 40);
INSERT INTO recipe_cook(recipe_id, cook_id) VALUES (41, 19);
INSERT INTO recipe_cook(recipe_id, cook_id) VALUES (41, 140);
INSERT INTO recipe_cook(recipe_id, cook_id) VALUES (41, 95);
INSERT INTO recipe_cook(recipe_id, cook_id) VALUES (41, 1);
INSERT INTO recipe_cook(recipe_id, cook_id) VALUES (41, 90);
INSERT INTO recipe_cook(recipe_id, cook_id) VALUES (41, 63);
INSERT INTO recipe_cook(recipe_id, cook_id) VALUES (41, 54);
INSERT INTO recipe_cook(recipe_id, cook_id) VALUES (41, 156);
INSERT INTO recipe_cook(recipe_id, cook_id) VALUES (41, 34);
INSERT INTO recipe_cook(recipe_id, cook_id) VALUES (41, 80);
INSERT INTO recipe_cook(recipe_id, cook_id) VALUES (41, 25);
INSERT INTO recipe_cook(recipe_id, cook_id) VALUES (41, 9);
INSERT INTO recipe_theme(recipe_id, theme_id) VALUES (41, 27);
INSERT INTO recipe_theme(recipe_id, theme_id) VALUES (41, 28);
INSERT INTO recipe_theme(recipe_id, theme_id) VALUES (41, 6);
INSERT INTO recipe_tip(recipe_id, tip_id) VALUES (41, 16);

INSERT INTO recipe(baking, cuisine_id, difficulty, title, recipe_description, prep_time, cook_time, portions, fat_portion, protein_portion, carbo_portion, picture, picture_description) VALUES(1, 49, 2,'Spaghetti Carbonara', 'Various strong raise work time. Apply at real little if that TV. Stuff him during environment action. Fire challenge stuff identify.', 55, 70, 5, 55, 65,50, 'https://dummyimage.com/661x474', 'Step whose no let white deal two idea.');
INSERT INTO recipe_meal_type(recipe_id, meal_type_id) VALUES (42, 2);
INSERT INTO recipe_tag(recipe_id, tag_id) VALUES (42, 52);
INSERT INTO recipe_tag(recipe_id, tag_id) VALUES (42, 88);
INSERT INTO recipe_tag(recipe_id, tag_id) VALUES (42, 79);
INSERT INTO recipe_equipment(recipe_id, equipment_id, num) VALUES (42, 11, 4);
INSERT INTO recipe_equipment(recipe_id, equipment_id, num) VALUES (42, 9, 1);
INSERT INTO recipe_equipment(recipe_id, equipment_id, num) VALUES (42, 4, 2);
INSERT INTO recipe_equipment(recipe_id, equipment_id, num) VALUES (42, 19, 3);
INSERT INTO recipe_equipment(recipe_id, equipment_id, num) VALUES (42, 2, 4);
INSERT INTO recipe_equipment(recipe_id, equipment_id, num) VALUES (42, 5, 2);
INSERT INTO recipe_equipment(recipe_id, equipment_id, num) VALUES (42, 15, 3);
INSERT INTO recipe_cook(recipe_id, cook_id) VALUES (42, 196);
INSERT INTO recipe_cook(recipe_id, cook_id) VALUES (42, 48);
INSERT INTO recipe_cook(recipe_id, cook_id) VALUES (42, 82);
INSERT INTO recipe_cook(recipe_id, cook_id) VALUES (42, 125);
INSERT INTO recipe_cook(recipe_id, cook_id) VALUES (42, 119);
INSERT INTO recipe_cook(recipe_id, cook_id) VALUES (42, 88);
INSERT INTO recipe_cook(recipe_id, cook_id) VALUES (42, 122);
INSERT INTO recipe_cook(recipe_id, cook_id) VALUES (42, 190);
INSERT INTO recipe_cook(recipe_id, cook_id) VALUES (42, 10);
INSERT INTO recipe_cook(recipe_id, cook_id) VALUES (42, 36);
INSERT INTO recipe_cook(recipe_id, cook_id) VALUES (42, 177);
INSERT INTO recipe_cook(recipe_id, cook_id) VALUES (42, 152);
INSERT INTO recipe_cook(recipe_id, cook_id) VALUES (42, 143);
INSERT INTO recipe_cook(recipe_id, cook_id) VALUES (42, 153);
INSERT INTO recipe_cook(recipe_id, cook_id) VALUES (42, 124);
INSERT INTO recipe_cook(recipe_id, cook_id) VALUES (42, 101);
INSERT INTO recipe_cook(recipe_id, cook_id) VALUES (42, 28);
INSERT INTO recipe_cook(recipe_id, cook_id) VALUES (42, 110);
INSERT INTO recipe_cook(recipe_id, cook_id) VALUES (42, 85);
INSERT INTO recipe_cook(recipe_id, cook_id) VALUES (42, 195);
INSERT INTO recipe_cook(recipe_id, cook_id) VALUES (42, 127);
INSERT INTO recipe_cook(recipe_id, cook_id) VALUES (42, 141);
INSERT INTO recipe_cook(recipe_id, cook_id) VALUES (42, 144);
INSERT INTO recipe_cook(recipe_id, cook_id) VALUES (42, 132);
INSERT INTO recipe_cook(recipe_id, cook_id) VALUES (42, 9);
INSERT INTO recipe_cook(recipe_id, cook_id) VALUES (42, 41);
INSERT INTO recipe_cook(recipe_id, cook_id) VALUES (42, 148);
INSERT INTO recipe_cook(recipe_id, cook_id) VALUES (42, 187);
INSERT INTO recipe_cook(recipe_id, cook_id) VALUES (42, 70);
INSERT INTO recipe_cook(recipe_id, cook_id) VALUES (42, 97);
INSERT INTO recipe_cook(recipe_id, cook_id) VALUES (42, 52);
INSERT INTO recipe_cook(recipe_id, cook_id) VALUES (42, 128);
INSERT INTO recipe_cook(recipe_id, cook_id) VALUES (42, 111);
INSERT INTO recipe_cook(recipe_id, cook_id) VALUES (42, 108);
INSERT INTO recipe_cook(recipe_id, cook_id) VALUES (42, 112);
INSERT INTO recipe_cook(recipe_id, cook_id) VALUES (42, 15);
INSERT INTO recipe_cook(recipe_id, cook_id) VALUES (42, 199);
INSERT INTO recipe_cook(recipe_id, cook_id) VALUES (42, 96);
INSERT INTO recipe_cook(recipe_id, cook_id) VALUES (42, 4);
INSERT INTO recipe_cook(recipe_id, cook_id) VALUES (42, 23);
INSERT INTO recipe_cook(recipe_id, cook_id) VALUES (42, 94);
INSERT INTO recipe_cook(recipe_id, cook_id) VALUES (42, 61);
INSERT INTO recipe_cook(recipe_id, cook_id) VALUES (42, 135);
INSERT INTO recipe_cook(recipe_id, cook_id) VALUES (42, 159);
INSERT INTO recipe_cook(recipe_id, cook_id) VALUES (42, 78);
INSERT INTO recipe_cook(recipe_id, cook_id) VALUES (42, 126);
INSERT INTO recipe_cook(recipe_id, cook_id) VALUES (42, 79);
INSERT INTO recipe_cook(recipe_id, cook_id) VALUES (42, 179);
INSERT INTO recipe_cook(recipe_id, cook_id) VALUES (42, 151);
INSERT INTO recipe_cook(recipe_id, cook_id) VALUES (42, 104);
INSERT INTO recipe_cook(recipe_id, cook_id) VALUES (42, 171);
INSERT INTO recipe_cook(recipe_id, cook_id) VALUES (42, 184);
INSERT INTO recipe_cook(recipe_id, cook_id) VALUES (42, 74);
INSERT INTO recipe_cook(recipe_id, cook_id) VALUES (42, 63);
INSERT INTO recipe_cook(recipe_id, cook_id) VALUES (42, 189);
INSERT INTO recipe_cook(recipe_id, cook_id) VALUES (42, 1);
INSERT INTO recipe_cook(recipe_id, cook_id) VALUES (42, 139);
INSERT INTO recipe_cook(recipe_id, cook_id) VALUES (42, 173);
INSERT INTO recipe_cook(recipe_id, cook_id) VALUES (42, 102);
INSERT INTO recipe_cook(recipe_id, cook_id) VALUES (42, 194);
INSERT INTO recipe_cook(recipe_id, cook_id) VALUES (42, 31);
INSERT INTO recipe_cook(recipe_id, cook_id) VALUES (42, 30);
INSERT INTO recipe_cook(recipe_id, cook_id) VALUES (42, 192);
INSERT INTO recipe_cook(recipe_id, cook_id) VALUES (42, 77);
INSERT INTO recipe_cook(recipe_id, cook_id) VALUES (42, 2);
INSERT INTO recipe_cook(recipe_id, cook_id) VALUES (42, 11);
INSERT INTO recipe_cook(recipe_id, cook_id) VALUES (42, 95);
INSERT INTO recipe_cook(recipe_id, cook_id) VALUES (42, 106);
INSERT INTO recipe_cook(recipe_id, cook_id) VALUES (42, 35);
INSERT INTO recipe_cook(recipe_id, cook_id) VALUES (42, 33);
INSERT INTO recipe_cook(recipe_id, cook_id) VALUES (42, 21);
INSERT INTO recipe_cook(recipe_id, cook_id) VALUES (42, 42);
INSERT INTO recipe_cook(recipe_id, cook_id) VALUES (42, 180);
INSERT INTO recipe_cook(recipe_id, cook_id) VALUES (42, 40);
INSERT INTO recipe_cook(recipe_id, cook_id) VALUES (42, 25);
INSERT INTO recipe_cook(recipe_id, cook_id) VALUES (42, 137);
INSERT INTO recipe_cook(recipe_id, cook_id) VALUES (42, 87);
INSERT INTO recipe_cook(recipe_id, cook_id) VALUES (42, 24);
INSERT INTO recipe_cook(recipe_id, cook_id) VALUES (42, 91);
INSERT INTO recipe_cook(recipe_id, cook_id) VALUES (42, 116);
INSERT INTO recipe_cook(recipe_id, cook_id) VALUES (42, 86);
INSERT INTO recipe_cook(recipe_id, cook_id) VALUES (42, 39);
INSERT INTO recipe_cook(recipe_id, cook_id) VALUES (42, 83);
INSERT INTO recipe_cook(recipe_id, cook_id) VALUES (42, 60);
INSERT INTO recipe_cook(recipe_id, cook_id) VALUES (42, 32);
INSERT INTO recipe_cook(recipe_id, cook_id) VALUES (42, 43);
INSERT INTO recipe_cook(recipe_id, cook_id) VALUES (42, 45);
INSERT INTO recipe_cook(recipe_id, cook_id) VALUES (42, 81);
INSERT INTO recipe_cook(recipe_id, cook_id) VALUES (42, 145);
INSERT INTO recipe_cook(recipe_id, cook_id) VALUES (42, 181);
INSERT INTO recipe_cook(recipe_id, cook_id) VALUES (42, 182);
INSERT INTO recipe_cook(recipe_id, cook_id) VALUES (42, 178);
INSERT INTO recipe_cook(recipe_id, cook_id) VALUES (42, 93);
INSERT INTO recipe_cook(recipe_id, cook_id) VALUES (42, 107);
INSERT INTO recipe_cook(recipe_id, cook_id) VALUES (42, 80);
INSERT INTO recipe_cook(recipe_id, cook_id) VALUES (42, 6);
INSERT INTO recipe_cook(recipe_id, cook_id) VALUES (42, 163);
INSERT INTO recipe_cook(recipe_id, cook_id) VALUES (42, 186);
INSERT INTO recipe_cook(recipe_id, cook_id) VALUES (42, 47);
INSERT INTO recipe_cook(recipe_id, cook_id) VALUES (42, 37);
INSERT INTO recipe_cook(recipe_id, cook_id) VALUES (42, 5);
INSERT INTO recipe_cook(recipe_id, cook_id) VALUES (42, 121);
INSERT INTO recipe_cook(recipe_id, cook_id) VALUES (42, 73);
INSERT INTO recipe_cook(recipe_id, cook_id) VALUES (42, 89);
INSERT INTO recipe_cook(recipe_id, cook_id) VALUES (42, 161);
INSERT INTO recipe_cook(recipe_id, cook_id) VALUES (42, 157);
INSERT INTO recipe_cook(recipe_id, cook_id) VALUES (42, 22);
INSERT INTO recipe_cook(recipe_id, cook_id) VALUES (42, 12);
INSERT INTO recipe_cook(recipe_id, cook_id) VALUES (42, 193);
INSERT INTO recipe_cook(recipe_id, cook_id) VALUES (42, 46);
INSERT INTO recipe_cook(recipe_id, cook_id) VALUES (42, 92);
INSERT INTO recipe_cook(recipe_id, cook_id) VALUES (42, 105);
INSERT INTO recipe_cook(recipe_id, cook_id) VALUES (42, 71);
INSERT INTO recipe_cook(recipe_id, cook_id) VALUES (42, 58);
INSERT INTO recipe_cook(recipe_id, cook_id) VALUES (42, 98);
INSERT INTO recipe_cook(recipe_id, cook_id) VALUES (42, 166);
INSERT INTO recipe_cook(recipe_id, cook_id) VALUES (42, 142);
INSERT INTO recipe_theme(recipe_id, theme_id) VALUES (42, 6);
INSERT INTO recipe_theme(recipe_id, theme_id) VALUES (42, 11);
INSERT INTO recipe_theme(recipe_id, theme_id) VALUES (42, 31);
INSERT INTO recipe_tip(recipe_id, tip_id) VALUES (42, 18);
INSERT INTO recipe_tip(recipe_id, tip_id) VALUES (42, 37);

INSERT INTO recipe(baking, cuisine_id, difficulty, title, recipe_description, prep_time, cook_time, portions, fat_portion, protein_portion, carbo_portion, picture, picture_description) VALUES(1, 46, 5,'Chicken Alfredo', 'Section television kitchen take million. Party ago shoulder young price. Expect offer lose north support easy authority soon. Sometimes expert deep among without half.', 105, 110, 3, 20, 45,15, 'https://picsum.photos/106/967', 'Tree expect name sing.');
INSERT INTO recipe_meal_type(recipe_id, meal_type_id) VALUES (43, 4);
INSERT INTO recipe_tag(recipe_id, tag_id) VALUES (43, 92);
INSERT INTO recipe_tag(recipe_id, tag_id) VALUES (43, 33);
INSERT INTO recipe_tag(recipe_id, tag_id) VALUES (43, 4);
INSERT INTO recipe_tag(recipe_id, tag_id) VALUES (43, 63);
INSERT INTO recipe_equipment(recipe_id, equipment_id, num) VALUES (43, 3, 2);
INSERT INTO recipe_equipment(recipe_id, equipment_id, num) VALUES (43, 12, 3);
INSERT INTO recipe_equipment(recipe_id, equipment_id, num) VALUES (43, 2, 3);
INSERT INTO recipe_equipment(recipe_id, equipment_id, num) VALUES (43, 18, 4);
INSERT INTO recipe_equipment(recipe_id, equipment_id, num) VALUES (43, 10, 1);
INSERT INTO recipe_cook(recipe_id, cook_id) VALUES (43, 167);
INSERT INTO recipe_cook(recipe_id, cook_id) VALUES (43, 22);
INSERT INTO recipe_cook(recipe_id, cook_id) VALUES (43, 171);
INSERT INTO recipe_cook(recipe_id, cook_id) VALUES (43, 10);
INSERT INTO recipe_cook(recipe_id, cook_id) VALUES (43, 84);
INSERT INTO recipe_cook(recipe_id, cook_id) VALUES (43, 120);
INSERT INTO recipe_cook(recipe_id, cook_id) VALUES (43, 49);
INSERT INTO recipe_cook(recipe_id, cook_id) VALUES (43, 115);
INSERT INTO recipe_cook(recipe_id, cook_id) VALUES (43, 59);
INSERT INTO recipe_cook(recipe_id, cook_id) VALUES (43, 141);
INSERT INTO recipe_cook(recipe_id, cook_id) VALUES (43, 183);
INSERT INTO recipe_cook(recipe_id, cook_id) VALUES (43, 79);
INSERT INTO recipe_cook(recipe_id, cook_id) VALUES (43, 100);
INSERT INTO recipe_cook(recipe_id, cook_id) VALUES (43, 52);
INSERT INTO recipe_cook(recipe_id, cook_id) VALUES (43, 62);
INSERT INTO recipe_cook(recipe_id, cook_id) VALUES (43, 75);
INSERT INTO recipe_cook(recipe_id, cook_id) VALUES (43, 185);
INSERT INTO recipe_cook(recipe_id, cook_id) VALUES (43, 31);
INSERT INTO recipe_cook(recipe_id, cook_id) VALUES (43, 179);
INSERT INTO recipe_cook(recipe_id, cook_id) VALUES (43, 1);
INSERT INTO recipe_cook(recipe_id, cook_id) VALUES (43, 17);
INSERT INTO recipe_cook(recipe_id, cook_id) VALUES (43, 136);
INSERT INTO recipe_cook(recipe_id, cook_id) VALUES (43, 144);
INSERT INTO recipe_cook(recipe_id, cook_id) VALUES (43, 69);
INSERT INTO recipe_cook(recipe_id, cook_id) VALUES (43, 93);
INSERT INTO recipe_cook(recipe_id, cook_id) VALUES (43, 168);
INSERT INTO recipe_cook(recipe_id, cook_id) VALUES (43, 182);
INSERT INTO recipe_cook(recipe_id, cook_id) VALUES (43, 6);
INSERT INTO recipe_cook(recipe_id, cook_id) VALUES (43, 53);
INSERT INTO recipe_cook(recipe_id, cook_id) VALUES (43, 161);
INSERT INTO recipe_cook(recipe_id, cook_id) VALUES (43, 109);
INSERT INTO recipe_cook(recipe_id, cook_id) VALUES (43, 194);
INSERT INTO recipe_cook(recipe_id, cook_id) VALUES (43, 8);
INSERT INTO recipe_cook(recipe_id, cook_id) VALUES (43, 102);
INSERT INTO recipe_cook(recipe_id, cook_id) VALUES (43, 63);
INSERT INTO recipe_cook(recipe_id, cook_id) VALUES (43, 175);
INSERT INTO recipe_cook(recipe_id, cook_id) VALUES (43, 66);
INSERT INTO recipe_cook(recipe_id, cook_id) VALUES (43, 198);
INSERT INTO recipe_cook(recipe_id, cook_id) VALUES (43, 101);
INSERT INTO recipe_cook(recipe_id, cook_id) VALUES (43, 132);
INSERT INTO recipe_cook(recipe_id, cook_id) VALUES (43, 42);
INSERT INTO recipe_cook(recipe_id, cook_id) VALUES (43, 45);
INSERT INTO recipe_cook(recipe_id, cook_id) VALUES (43, 195);
INSERT INTO recipe_cook(recipe_id, cook_id) VALUES (43, 40);
INSERT INTO recipe_cook(recipe_id, cook_id) VALUES (43, 92);
INSERT INTO recipe_cook(recipe_id, cook_id) VALUES (43, 46);
INSERT INTO recipe_cook(recipe_id, cook_id) VALUES (43, 138);
INSERT INTO recipe_cook(recipe_id, cook_id) VALUES (43, 188);
INSERT INTO recipe_cook(recipe_id, cook_id) VALUES (43, 177);
INSERT INTO recipe_cook(recipe_id, cook_id) VALUES (43, 3);
INSERT INTO recipe_cook(recipe_id, cook_id) VALUES (43, 186);
INSERT INTO recipe_cook(recipe_id, cook_id) VALUES (43, 14);
INSERT INTO recipe_cook(recipe_id, cook_id) VALUES (43, 23);
INSERT INTO recipe_cook(recipe_id, cook_id) VALUES (43, 108);
INSERT INTO recipe_cook(recipe_id, cook_id) VALUES (43, 55);
INSERT INTO recipe_cook(recipe_id, cook_id) VALUES (43, 20);
INSERT INTO recipe_cook(recipe_id, cook_id) VALUES (43, 107);
INSERT INTO recipe_cook(recipe_id, cook_id) VALUES (43, 196);
INSERT INTO recipe_cook(recipe_id, cook_id) VALUES (43, 60);
INSERT INTO recipe_cook(recipe_id, cook_id) VALUES (43, 16);
INSERT INTO recipe_cook(recipe_id, cook_id) VALUES (43, 90);
INSERT INTO recipe_cook(recipe_id, cook_id) VALUES (43, 143);
INSERT INTO recipe_theme(recipe_id, theme_id) VALUES (43, 36);
INSERT INTO recipe_theme(recipe_id, theme_id) VALUES (43, 37);
INSERT INTO recipe_tip(recipe_id, tip_id) VALUES (43, 30);

INSERT INTO recipe(baking, cuisine_id, difficulty, title, recipe_description, prep_time, cook_time, portions, fat_portion, protein_portion, carbo_portion, picture, picture_description) VALUES(0, 22, 1,'Beef Stew', 'Affect per decision society choose law serious. Grow best cup know quite increase. Star hold reduce main subject themselves foreign probably.', 105, 110, 3, 5, 25,75, 'https://picsum.photos/496/599', 'Matter heavy force make present.');
INSERT INTO recipe_meal_type(recipe_id, meal_type_id) VALUES (44, 5);
INSERT INTO recipe_tag(recipe_id, tag_id) VALUES (44, 86);
INSERT INTO recipe_tag(recipe_id, tag_id) VALUES (44, 69);
INSERT INTO recipe_tag(recipe_id, tag_id) VALUES (44, 34);
INSERT INTO recipe_tag(recipe_id, tag_id) VALUES (44, 93);
INSERT INTO recipe_tag(recipe_id, tag_id) VALUES (44, 19);
INSERT INTO recipe_tag(recipe_id, tag_id) VALUES (44, 75);
INSERT INTO recipe_equipment(recipe_id, equipment_id, num) VALUES (44, 17, 1);
INSERT INTO recipe_equipment(recipe_id, equipment_id, num) VALUES (44, 6, 4);
INSERT INTO recipe_equipment(recipe_id, equipment_id, num) VALUES (44, 9, 2);
INSERT INTO recipe_equipment(recipe_id, equipment_id, num) VALUES (44, 20, 4);
INSERT INTO recipe_equipment(recipe_id, equipment_id, num) VALUES (44, 5, 2);
INSERT INTO recipe_cook(recipe_id, cook_id) VALUES (44, 51);
INSERT INTO recipe_cook(recipe_id, cook_id) VALUES (44, 81);
INSERT INTO recipe_cook(recipe_id, cook_id) VALUES (44, 143);
INSERT INTO recipe_cook(recipe_id, cook_id) VALUES (44, 14);
INSERT INTO recipe_cook(recipe_id, cook_id) VALUES (44, 17);
INSERT INTO recipe_cook(recipe_id, cook_id) VALUES (44, 72);
INSERT INTO recipe_cook(recipe_id, cook_id) VALUES (44, 132);
INSERT INTO recipe_cook(recipe_id, cook_id) VALUES (44, 18);
INSERT INTO recipe_cook(recipe_id, cook_id) VALUES (44, 173);
INSERT INTO recipe_cook(recipe_id, cook_id) VALUES (44, 77);
INSERT INTO recipe_cook(recipe_id, cook_id) VALUES (44, 34);
INSERT INTO recipe_cook(recipe_id, cook_id) VALUES (44, 198);
INSERT INTO recipe_cook(recipe_id, cook_id) VALUES (44, 56);
INSERT INTO recipe_cook(recipe_id, cook_id) VALUES (44, 33);
INSERT INTO recipe_cook(recipe_id, cook_id) VALUES (44, 160);
INSERT INTO recipe_cook(recipe_id, cook_id) VALUES (44, 23);
INSERT INTO recipe_cook(recipe_id, cook_id) VALUES (44, 141);
INSERT INTO recipe_cook(recipe_id, cook_id) VALUES (44, 49);
INSERT INTO recipe_cook(recipe_id, cook_id) VALUES (44, 115);
INSERT INTO recipe_cook(recipe_id, cook_id) VALUES (44, 37);
INSERT INTO recipe_cook(recipe_id, cook_id) VALUES (44, 66);
INSERT INTO recipe_cook(recipe_id, cook_id) VALUES (44, 43);
INSERT INTO recipe_theme(recipe_id, theme_id) VALUES (44, 14);
INSERT INTO recipe_theme(recipe_id, theme_id) VALUES (44, 36);
INSERT INTO recipe_theme(recipe_id, theme_id) VALUES (44, 1);
INSERT INTO recipe_tip(recipe_id, tip_id) VALUES (44, 34);

INSERT INTO recipe(baking, cuisine_id, difficulty, title, recipe_description, prep_time, cook_time, portions, fat_portion, protein_portion, carbo_portion, picture, picture_description) VALUES(1, 45, 4,'Burritos', 'System get great important feel finish kind provide. Staff watch gun nor. Current painting actually since sea teacher call. Also effort put watch.', 35, 40, 5, 45, 15,60, 'https://dummyimage.com/108x227', 'Fight be before outside moment.');
INSERT INTO recipe_meal_type(recipe_id, meal_type_id) VALUES (45, 6);
INSERT INTO recipe_tag(recipe_id, tag_id) VALUES (45, 45);
INSERT INTO recipe_tag(recipe_id, tag_id) VALUES (45, 96);
INSERT INTO recipe_tag(recipe_id, tag_id) VALUES (45, 49);
INSERT INTO recipe_tag(recipe_id, tag_id) VALUES (45, 4);
INSERT INTO recipe_tag(recipe_id, tag_id) VALUES (45, 56);
INSERT INTO recipe_tag(recipe_id, tag_id) VALUES (45, 34);
INSERT INTO recipe_tag(recipe_id, tag_id) VALUES (45, 94);
INSERT INTO recipe_equipment(recipe_id, equipment_id, num) VALUES (45, 16, 4);
INSERT INTO recipe_equipment(recipe_id, equipment_id, num) VALUES (45, 4, 3);
INSERT INTO recipe_equipment(recipe_id, equipment_id, num) VALUES (45, 12, 3);
INSERT INTO recipe_equipment(recipe_id, equipment_id, num) VALUES (45, 7, 2);
INSERT INTO recipe_equipment(recipe_id, equipment_id, num) VALUES (45, 17, 4);
INSERT INTO recipe_equipment(recipe_id, equipment_id, num) VALUES (45, 3, 1);
INSERT INTO recipe_equipment(recipe_id, equipment_id, num) VALUES (45, 5, 4);
INSERT INTO recipe_cook(recipe_id, cook_id) VALUES (45, 176);
INSERT INTO recipe_cook(recipe_id, cook_id) VALUES (45, 193);
INSERT INTO recipe_cook(recipe_id, cook_id) VALUES (45, 134);
INSERT INTO recipe_cook(recipe_id, cook_id) VALUES (45, 115);
INSERT INTO recipe_cook(recipe_id, cook_id) VALUES (45, 6);
INSERT INTO recipe_cook(recipe_id, cook_id) VALUES (45, 80);
INSERT INTO recipe_cook(recipe_id, cook_id) VALUES (45, 167);
INSERT INTO recipe_cook(recipe_id, cook_id) VALUES (45, 179);
INSERT INTO recipe_cook(recipe_id, cook_id) VALUES (45, 12);
INSERT INTO recipe_cook(recipe_id, cook_id) VALUES (45, 146);
INSERT INTO recipe_cook(recipe_id, cook_id) VALUES (45, 186);
INSERT INTO recipe_cook(recipe_id, cook_id) VALUES (45, 124);
INSERT INTO recipe_cook(recipe_id, cook_id) VALUES (45, 121);
INSERT INTO recipe_cook(recipe_id, cook_id) VALUES (45, 102);
INSERT INTO recipe_cook(recipe_id, cook_id) VALUES (45, 82);
INSERT INTO recipe_cook(recipe_id, cook_id) VALUES (45, 106);
INSERT INTO recipe_cook(recipe_id, cook_id) VALUES (45, 1);
INSERT INTO recipe_cook(recipe_id, cook_id) VALUES (45, 126);
INSERT INTO recipe_cook(recipe_id, cook_id) VALUES (45, 125);
INSERT INTO recipe_cook(recipe_id, cook_id) VALUES (45, 41);
INSERT INTO recipe_cook(recipe_id, cook_id) VALUES (45, 51);
INSERT INTO recipe_cook(recipe_id, cook_id) VALUES (45, 20);
INSERT INTO recipe_cook(recipe_id, cook_id) VALUES (45, 76);
INSERT INTO recipe_cook(recipe_id, cook_id) VALUES (45, 163);
INSERT INTO recipe_cook(recipe_id, cook_id) VALUES (45, 97);
INSERT INTO recipe_cook(recipe_id, cook_id) VALUES (45, 61);
INSERT INTO recipe_cook(recipe_id, cook_id) VALUES (45, 148);
INSERT INTO recipe_cook(recipe_id, cook_id) VALUES (45, 4);
INSERT INTO recipe_cook(recipe_id, cook_id) VALUES (45, 174);
INSERT INTO recipe_cook(recipe_id, cook_id) VALUES (45, 60);
INSERT INTO recipe_cook(recipe_id, cook_id) VALUES (45, 13);
INSERT INTO recipe_cook(recipe_id, cook_id) VALUES (45, 38);
INSERT INTO recipe_cook(recipe_id, cook_id) VALUES (45, 191);
INSERT INTO recipe_cook(recipe_id, cook_id) VALUES (45, 55);
INSERT INTO recipe_cook(recipe_id, cook_id) VALUES (45, 19);
INSERT INTO recipe_cook(recipe_id, cook_id) VALUES (45, 77);
INSERT INTO recipe_cook(recipe_id, cook_id) VALUES (45, 59);
INSERT INTO recipe_cook(recipe_id, cook_id) VALUES (45, 154);
INSERT INTO recipe_cook(recipe_id, cook_id) VALUES (45, 16);
INSERT INTO recipe_cook(recipe_id, cook_id) VALUES (45, 63);
INSERT INTO recipe_cook(recipe_id, cook_id) VALUES (45, 95);
INSERT INTO recipe_cook(recipe_id, cook_id) VALUES (45, 156);
INSERT INTO recipe_cook(recipe_id, cook_id) VALUES (45, 120);
INSERT INTO recipe_cook(recipe_id, cook_id) VALUES (45, 185);
INSERT INTO recipe_cook(recipe_id, cook_id) VALUES (45, 56);
INSERT INTO recipe_cook(recipe_id, cook_id) VALUES (45, 2);
INSERT INTO recipe_cook(recipe_id, cook_id) VALUES (45, 158);
INSERT INTO recipe_cook(recipe_id, cook_id) VALUES (45, 65);
INSERT INTO recipe_cook(recipe_id, cook_id) VALUES (45, 150);
INSERT INTO recipe_cook(recipe_id, cook_id) VALUES (45, 37);
INSERT INTO recipe_cook(recipe_id, cook_id) VALUES (45, 139);
INSERT INTO recipe_cook(recipe_id, cook_id) VALUES (45, 44);
INSERT INTO recipe_cook(recipe_id, cook_id) VALUES (45, 143);
INSERT INTO recipe_cook(recipe_id, cook_id) VALUES (45, 74);
INSERT INTO recipe_cook(recipe_id, cook_id) VALUES (45, 33);
INSERT INTO recipe_cook(recipe_id, cook_id) VALUES (45, 188);
INSERT INTO recipe_cook(recipe_id, cook_id) VALUES (45, 145);
INSERT INTO recipe_cook(recipe_id, cook_id) VALUES (45, 105);
INSERT INTO recipe_cook(recipe_id, cook_id) VALUES (45, 93);
INSERT INTO recipe_cook(recipe_id, cook_id) VALUES (45, 164);
INSERT INTO recipe_cook(recipe_id, cook_id) VALUES (45, 112);
INSERT INTO recipe_cook(recipe_id, cook_id) VALUES (45, 31);
INSERT INTO recipe_cook(recipe_id, cook_id) VALUES (45, 29);
INSERT INTO recipe_cook(recipe_id, cook_id) VALUES (45, 26);
INSERT INTO recipe_cook(recipe_id, cook_id) VALUES (45, 155);
INSERT INTO recipe_cook(recipe_id, cook_id) VALUES (45, 194);
INSERT INTO recipe_cook(recipe_id, cook_id) VALUES (45, 11);
INSERT INTO recipe_cook(recipe_id, cook_id) VALUES (45, 129);
INSERT INTO recipe_cook(recipe_id, cook_id) VALUES (45, 84);
INSERT INTO recipe_cook(recipe_id, cook_id) VALUES (45, 198);
INSERT INTO recipe_cook(recipe_id, cook_id) VALUES (45, 34);
INSERT INTO recipe_cook(recipe_id, cook_id) VALUES (45, 88);
INSERT INTO recipe_cook(recipe_id, cook_id) VALUES (45, 130);
INSERT INTO recipe_cook(recipe_id, cook_id) VALUES (45, 21);
INSERT INTO recipe_cook(recipe_id, cook_id) VALUES (45, 9);
INSERT INTO recipe_cook(recipe_id, cook_id) VALUES (45, 128);
INSERT INTO recipe_cook(recipe_id, cook_id) VALUES (45, 114);
INSERT INTO recipe_cook(recipe_id, cook_id) VALUES (45, 87);
INSERT INTO recipe_cook(recipe_id, cook_id) VALUES (45, 110);
INSERT INTO recipe_cook(recipe_id, cook_id) VALUES (45, 35);
INSERT INTO recipe_cook(recipe_id, cook_id) VALUES (45, 5);
INSERT INTO recipe_cook(recipe_id, cook_id) VALUES (45, 71);
INSERT INTO recipe_cook(recipe_id, cook_id) VALUES (45, 14);
INSERT INTO recipe_cook(recipe_id, cook_id) VALUES (45, 144);
INSERT INTO recipe_cook(recipe_id, cook_id) VALUES (45, 101);
INSERT INTO recipe_cook(recipe_id, cook_id) VALUES (45, 173);
INSERT INTO recipe_cook(recipe_id, cook_id) VALUES (45, 99);
INSERT INTO recipe_cook(recipe_id, cook_id) VALUES (45, 166);
INSERT INTO recipe_cook(recipe_id, cook_id) VALUES (45, 8);
INSERT INTO recipe_cook(recipe_id, cook_id) VALUES (45, 24);
INSERT INTO recipe_cook(recipe_id, cook_id) VALUES (45, 58);
INSERT INTO recipe_cook(recipe_id, cook_id) VALUES (45, 149);
INSERT INTO recipe_cook(recipe_id, cook_id) VALUES (45, 152);
INSERT INTO recipe_cook(recipe_id, cook_id) VALUES (45, 17);
INSERT INTO recipe_cook(recipe_id, cook_id) VALUES (45, 122);
INSERT INTO recipe_cook(recipe_id, cook_id) VALUES (45, 75);
INSERT INTO recipe_cook(recipe_id, cook_id) VALUES (45, 98);
INSERT INTO recipe_cook(recipe_id, cook_id) VALUES (45, 73);
INSERT INTO recipe_cook(recipe_id, cook_id) VALUES (45, 123);
INSERT INTO recipe_cook(recipe_id, cook_id) VALUES (45, 23);
INSERT INTO recipe_cook(recipe_id, cook_id) VALUES (45, 196);
INSERT INTO recipe_cook(recipe_id, cook_id) VALUES (45, 136);
INSERT INTO recipe_cook(recipe_id, cook_id) VALUES (45, 147);
INSERT INTO recipe_cook(recipe_id, cook_id) VALUES (45, 86);
INSERT INTO recipe_cook(recipe_id, cook_id) VALUES (45, 68);
INSERT INTO recipe_cook(recipe_id, cook_id) VALUES (45, 116);
INSERT INTO recipe_cook(recipe_id, cook_id) VALUES (45, 183);
INSERT INTO recipe_cook(recipe_id, cook_id) VALUES (45, 141);
INSERT INTO recipe_cook(recipe_id, cook_id) VALUES (45, 161);
INSERT INTO recipe_cook(recipe_id, cook_id) VALUES (45, 69);
INSERT INTO recipe_cook(recipe_id, cook_id) VALUES (45, 171);
INSERT INTO recipe_cook(recipe_id, cook_id) VALUES (45, 81);
INSERT INTO recipe_cook(recipe_id, cook_id) VALUES (45, 192);
INSERT INTO recipe_cook(recipe_id, cook_id) VALUES (45, 79);
INSERT INTO recipe_cook(recipe_id, cook_id) VALUES (45, 83);
INSERT INTO recipe_cook(recipe_id, cook_id) VALUES (45, 103);
INSERT INTO recipe_cook(recipe_id, cook_id) VALUES (45, 138);
INSERT INTO recipe_cook(recipe_id, cook_id) VALUES (45, 117);
INSERT INTO recipe_cook(recipe_id, cook_id) VALUES (45, 48);
INSERT INTO recipe_cook(recipe_id, cook_id) VALUES (45, 132);
INSERT INTO recipe_theme(recipe_id, theme_id) VALUES (45, 12);
INSERT INTO recipe_theme(recipe_id, theme_id) VALUES (45, 19);
INSERT INTO recipe_theme(recipe_id, theme_id) VALUES (45, 27);
INSERT INTO recipe_tip(recipe_id, tip_id) VALUES (45, 32);
INSERT INTO recipe_tip(recipe_id, tip_id) VALUES (45, 14);

INSERT INTO recipe(baking, cuisine_id, difficulty, title, recipe_description, prep_time, cook_time, portions, fat_portion, protein_portion, carbo_portion, picture, picture_description) VALUES(0, 17, 5,'Spring Rolls', 'Management smile affect east everything go yet send. Work health clear show.', 55, 80, 5, 20, 60,80, 'https://placekitten.com/186/311', 'Employee like bring ball then.');
INSERT INTO recipe_meal_type(recipe_id, meal_type_id) VALUES (46, 3);
INSERT INTO recipe_tag(recipe_id, tag_id) VALUES (46, 87);
INSERT INTO recipe_tag(recipe_id, tag_id) VALUES (46, 63);
INSERT INTO recipe_tag(recipe_id, tag_id) VALUES (46, 34);
INSERT INTO recipe_tag(recipe_id, tag_id) VALUES (46, 80);
INSERT INTO recipe_tag(recipe_id, tag_id) VALUES (46, 38);
INSERT INTO recipe_tag(recipe_id, tag_id) VALUES (46, 56);
INSERT INTO recipe_tag(recipe_id, tag_id) VALUES (46, 59);
INSERT INTO recipe_equipment(recipe_id, equipment_id, num) VALUES (46, 17, 1);
INSERT INTO recipe_equipment(recipe_id, equipment_id, num) VALUES (46, 15, 4);
INSERT INTO recipe_equipment(recipe_id, equipment_id, num) VALUES (46, 14, 3);
INSERT INTO recipe_equipment(recipe_id, equipment_id, num) VALUES (46, 12, 3);
INSERT INTO recipe_equipment(recipe_id, equipment_id, num) VALUES (46, 18, 1);
INSERT INTO recipe_cook(recipe_id, cook_id) VALUES (46, 189);
INSERT INTO recipe_cook(recipe_id, cook_id) VALUES (46, 160);
INSERT INTO recipe_cook(recipe_id, cook_id) VALUES (46, 133);
INSERT INTO recipe_cook(recipe_id, cook_id) VALUES (46, 196);
INSERT INTO recipe_cook(recipe_id, cook_id) VALUES (46, 130);
INSERT INTO recipe_cook(recipe_id, cook_id) VALUES (46, 4);
INSERT INTO recipe_cook(recipe_id, cook_id) VALUES (46, 154);
INSERT INTO recipe_cook(recipe_id, cook_id) VALUES (46, 162);
INSERT INTO recipe_cook(recipe_id, cook_id) VALUES (46, 114);
INSERT INTO recipe_cook(recipe_id, cook_id) VALUES (46, 28);
INSERT INTO recipe_cook(recipe_id, cook_id) VALUES (46, 155);
INSERT INTO recipe_cook(recipe_id, cook_id) VALUES (46, 81);
INSERT INTO recipe_cook(recipe_id, cook_id) VALUES (46, 58);
INSERT INTO recipe_cook(recipe_id, cook_id) VALUES (46, 177);
INSERT INTO recipe_cook(recipe_id, cook_id) VALUES (46, 157);
INSERT INTO recipe_cook(recipe_id, cook_id) VALUES (46, 144);
INSERT INTO recipe_cook(recipe_id, cook_id) VALUES (46, 195);
INSERT INTO recipe_cook(recipe_id, cook_id) VALUES (46, 86);
INSERT INTO recipe_cook(recipe_id, cook_id) VALUES (46, 123);
INSERT INTO recipe_cook(recipe_id, cook_id) VALUES (46, 147);
INSERT INTO recipe_cook(recipe_id, cook_id) VALUES (46, 112);
INSERT INTO recipe_cook(recipe_id, cook_id) VALUES (46, 151);
INSERT INTO recipe_cook(recipe_id, cook_id) VALUES (46, 99);
INSERT INTO recipe_cook(recipe_id, cook_id) VALUES (46, 142);
INSERT INTO recipe_cook(recipe_id, cook_id) VALUES (46, 182);
INSERT INTO recipe_cook(recipe_id, cook_id) VALUES (46, 80);
INSERT INTO recipe_cook(recipe_id, cook_id) VALUES (46, 78);
INSERT INTO recipe_cook(recipe_id, cook_id) VALUES (46, 27);
INSERT INTO recipe_cook(recipe_id, cook_id) VALUES (46, 44);
INSERT INTO recipe_cook(recipe_id, cook_id) VALUES (46, 35);
INSERT INTO recipe_cook(recipe_id, cook_id) VALUES (46, 52);
INSERT INTO recipe_cook(recipe_id, cook_id) VALUES (46, 89);
INSERT INTO recipe_cook(recipe_id, cook_id) VALUES (46, 136);
INSERT INTO recipe_cook(recipe_id, cook_id) VALUES (46, 63);
INSERT INTO recipe_cook(recipe_id, cook_id) VALUES (46, 73);
INSERT INTO recipe_cook(recipe_id, cook_id) VALUES (46, 46);
INSERT INTO recipe_cook(recipe_id, cook_id) VALUES (46, 128);
INSERT INTO recipe_cook(recipe_id, cook_id) VALUES (46, 137);
INSERT INTO recipe_cook(recipe_id, cook_id) VALUES (46, 66);
INSERT INTO recipe_cook(recipe_id, cook_id) VALUES (46, 75);
INSERT INTO recipe_cook(recipe_id, cook_id) VALUES (46, 149);
INSERT INTO recipe_cook(recipe_id, cook_id) VALUES (46, 19);
INSERT INTO recipe_cook(recipe_id, cook_id) VALUES (46, 193);
INSERT INTO recipe_cook(recipe_id, cook_id) VALUES (46, 120);
INSERT INTO recipe_cook(recipe_id, cook_id) VALUES (46, 85);
INSERT INTO recipe_cook(recipe_id, cook_id) VALUES (46, 178);
INSERT INTO recipe_cook(recipe_id, cook_id) VALUES (46, 65);
INSERT INTO recipe_cook(recipe_id, cook_id) VALUES (46, 127);
INSERT INTO recipe_cook(recipe_id, cook_id) VALUES (46, 54);
INSERT INTO recipe_cook(recipe_id, cook_id) VALUES (46, 72);
INSERT INTO recipe_cook(recipe_id, cook_id) VALUES (46, 16);
INSERT INTO recipe_cook(recipe_id, cook_id) VALUES (46, 166);
INSERT INTO recipe_cook(recipe_id, cook_id) VALUES (46, 49);
INSERT INTO recipe_cook(recipe_id, cook_id) VALUES (46, 183);
INSERT INTO recipe_cook(recipe_id, cook_id) VALUES (46, 135);
INSERT INTO recipe_cook(recipe_id, cook_id) VALUES (46, 94);
INSERT INTO recipe_cook(recipe_id, cook_id) VALUES (46, 60);
INSERT INTO recipe_cook(recipe_id, cook_id) VALUES (46, 55);
INSERT INTO recipe_cook(recipe_id, cook_id) VALUES (46, 17);
INSERT INTO recipe_cook(recipe_id, cook_id) VALUES (46, 109);
INSERT INTO recipe_cook(recipe_id, cook_id) VALUES (46, 197);
INSERT INTO recipe_cook(recipe_id, cook_id) VALUES (46, 76);
INSERT INTO recipe_cook(recipe_id, cook_id) VALUES (46, 176);
INSERT INTO recipe_cook(recipe_id, cook_id) VALUES (46, 92);
INSERT INTO recipe_cook(recipe_id, cook_id) VALUES (46, 143);
INSERT INTO recipe_cook(recipe_id, cook_id) VALUES (46, 172);
INSERT INTO recipe_cook(recipe_id, cook_id) VALUES (46, 6);
INSERT INTO recipe_cook(recipe_id, cook_id) VALUES (46, 10);
INSERT INTO recipe_cook(recipe_id, cook_id) VALUES (46, 102);
INSERT INTO recipe_cook(recipe_id, cook_id) VALUES (46, 68);
INSERT INTO recipe_cook(recipe_id, cook_id) VALUES (46, 119);
INSERT INTO recipe_cook(recipe_id, cook_id) VALUES (46, 57);
INSERT INTO recipe_cook(recipe_id, cook_id) VALUES (46, 51);
INSERT INTO recipe_cook(recipe_id, cook_id) VALUES (46, 153);
INSERT INTO recipe_cook(recipe_id, cook_id) VALUES (46, 82);
INSERT INTO recipe_cook(recipe_id, cook_id) VALUES (46, 190);
INSERT INTO recipe_cook(recipe_id, cook_id) VALUES (46, 171);
INSERT INTO recipe_cook(recipe_id, cook_id) VALUES (46, 186);
INSERT INTO recipe_cook(recipe_id, cook_id) VALUES (46, 77);
INSERT INTO recipe_cook(recipe_id, cook_id) VALUES (46, 30);
INSERT INTO recipe_cook(recipe_id, cook_id) VALUES (46, 2);
INSERT INTO recipe_cook(recipe_id, cook_id) VALUES (46, 131);
INSERT INTO recipe_cook(recipe_id, cook_id) VALUES (46, 53);
INSERT INTO recipe_cook(recipe_id, cook_id) VALUES (46, 59);
INSERT INTO recipe_cook(recipe_id, cook_id) VALUES (46, 87);
INSERT INTO recipe_cook(recipe_id, cook_id) VALUES (46, 26);
INSERT INTO recipe_cook(recipe_id, cook_id) VALUES (46, 36);
INSERT INTO recipe_cook(recipe_id, cook_id) VALUES (46, 115);
INSERT INTO recipe_cook(recipe_id, cook_id) VALUES (46, 107);
INSERT INTO recipe_cook(recipe_id, cook_id) VALUES (46, 48);
INSERT INTO recipe_cook(recipe_id, cook_id) VALUES (46, 146);
INSERT INTO recipe_cook(recipe_id, cook_id) VALUES (46, 141);
INSERT INTO recipe_cook(recipe_id, cook_id) VALUES (46, 174);
INSERT INTO recipe_cook(recipe_id, cook_id) VALUES (46, 96);
INSERT INTO recipe_cook(recipe_id, cook_id) VALUES (46, 158);
INSERT INTO recipe_cook(recipe_id, cook_id) VALUES (46, 12);
INSERT INTO recipe_cook(recipe_id, cook_id) VALUES (46, 24);
INSERT INTO recipe_cook(recipe_id, cook_id) VALUES (46, 88);
INSERT INTO recipe_cook(recipe_id, cook_id) VALUES (46, 62);
INSERT INTO recipe_cook(recipe_id, cook_id) VALUES (46, 11);
INSERT INTO recipe_cook(recipe_id, cook_id) VALUES (46, 167);
INSERT INTO recipe_cook(recipe_id, cook_id) VALUES (46, 95);
INSERT INTO recipe_cook(recipe_id, cook_id) VALUES (46, 20);
INSERT INTO recipe_cook(recipe_id, cook_id) VALUES (46, 45);
INSERT INTO recipe_cook(recipe_id, cook_id) VALUES (46, 187);
INSERT INTO recipe_cook(recipe_id, cook_id) VALUES (46, 110);
INSERT INTO recipe_cook(recipe_id, cook_id) VALUES (46, 126);
INSERT INTO recipe_cook(recipe_id, cook_id) VALUES (46, 90);
INSERT INTO recipe_cook(recipe_id, cook_id) VALUES (46, 191);
INSERT INTO recipe_cook(recipe_id, cook_id) VALUES (46, 3);
INSERT INTO recipe_cook(recipe_id, cook_id) VALUES (46, 194);
INSERT INTO recipe_cook(recipe_id, cook_id) VALUES (46, 121);
INSERT INTO recipe_cook(recipe_id, cook_id) VALUES (46, 15);
INSERT INTO recipe_cook(recipe_id, cook_id) VALUES (46, 50);
INSERT INTO recipe_cook(recipe_id, cook_id) VALUES (46, 104);
INSERT INTO recipe_cook(recipe_id, cook_id) VALUES (46, 161);
INSERT INTO recipe_cook(recipe_id, cook_id) VALUES (46, 38);
INSERT INTO recipe_cook(recipe_id, cook_id) VALUES (46, 163);
INSERT INTO recipe_cook(recipe_id, cook_id) VALUES (46, 116);
INSERT INTO recipe_cook(recipe_id, cook_id) VALUES (46, 74);
INSERT INTO recipe_cook(recipe_id, cook_id) VALUES (46, 37);
INSERT INTO recipe_cook(recipe_id, cook_id) VALUES (46, 1);
INSERT INTO recipe_cook(recipe_id, cook_id) VALUES (46, 145);
INSERT INTO recipe_cook(recipe_id, cook_id) VALUES (46, 93);
INSERT INTO recipe_cook(recipe_id, cook_id) VALUES (46, 42);
INSERT INTO recipe_cook(recipe_id, cook_id) VALUES (46, 67);
INSERT INTO recipe_cook(recipe_id, cook_id) VALUES (46, 179);
INSERT INTO recipe_cook(recipe_id, cook_id) VALUES (46, 169);
INSERT INTO recipe_cook(recipe_id, cook_id) VALUES (46, 33);
INSERT INTO recipe_cook(recipe_id, cook_id) VALUES (46, 170);
INSERT INTO recipe_cook(recipe_id, cook_id) VALUES (46, 23);
INSERT INTO recipe_cook(recipe_id, cook_id) VALUES (46, 69);
INSERT INTO recipe_cook(recipe_id, cook_id) VALUES (46, 31);
INSERT INTO recipe_cook(recipe_id, cook_id) VALUES (46, 97);
INSERT INTO recipe_cook(recipe_id, cook_id) VALUES (46, 18);
INSERT INTO recipe_cook(recipe_id, cook_id) VALUES (46, 159);
INSERT INTO recipe_cook(recipe_id, cook_id) VALUES (46, 29);
INSERT INTO recipe_cook(recipe_id, cook_id) VALUES (46, 83);
INSERT INTO recipe_cook(recipe_id, cook_id) VALUES (46, 148);
INSERT INTO recipe_cook(recipe_id, cook_id) VALUES (46, 39);
INSERT INTO recipe_cook(recipe_id, cook_id) VALUES (46, 106);
INSERT INTO recipe_cook(recipe_id, cook_id) VALUES (46, 140);
INSERT INTO recipe_cook(recipe_id, cook_id) VALUES (46, 125);
INSERT INTO recipe_cook(recipe_id, cook_id) VALUES (46, 180);
INSERT INTO recipe_cook(recipe_id, cook_id) VALUES (46, 192);
INSERT INTO recipe_cook(recipe_id, cook_id) VALUES (46, 188);
INSERT INTO recipe_cook(recipe_id, cook_id) VALUES (46, 5);
INSERT INTO recipe_cook(recipe_id, cook_id) VALUES (46, 79);
INSERT INTO recipe_cook(recipe_id, cook_id) VALUES (46, 199);
INSERT INTO recipe_cook(recipe_id, cook_id) VALUES (46, 32);
INSERT INTO recipe_cook(recipe_id, cook_id) VALUES (46, 200);
INSERT INTO recipe_cook(recipe_id, cook_id) VALUES (46, 56);
INSERT INTO recipe_cook(recipe_id, cook_id) VALUES (46, 132);
INSERT INTO recipe_cook(recipe_id, cook_id) VALUES (46, 100);
INSERT INTO recipe_cook(recipe_id, cook_id) VALUES (46, 185);
INSERT INTO recipe_cook(recipe_id, cook_id) VALUES (46, 113);
INSERT INTO recipe_cook(recipe_id, cook_id) VALUES (46, 118);
INSERT INTO recipe_cook(recipe_id, cook_id) VALUES (46, 129);
INSERT INTO recipe_cook(recipe_id, cook_id) VALUES (46, 168);
INSERT INTO recipe_cook(recipe_id, cook_id) VALUES (46, 91);
INSERT INTO recipe_cook(recipe_id, cook_id) VALUES (46, 101);
INSERT INTO recipe_cook(recipe_id, cook_id) VALUES (46, 164);
INSERT INTO recipe_cook(recipe_id, cook_id) VALUES (46, 71);
INSERT INTO recipe_cook(recipe_id, cook_id) VALUES (46, 64);
INSERT INTO recipe_cook(recipe_id, cook_id) VALUES (46, 70);
INSERT INTO recipe_cook(recipe_id, cook_id) VALUES (46, 122);
INSERT INTO recipe_cook(recipe_id, cook_id) VALUES (46, 117);
INSERT INTO recipe_cook(recipe_id, cook_id) VALUES (46, 21);
INSERT INTO recipe_cook(recipe_id, cook_id) VALUES (46, 13);
INSERT INTO recipe_cook(recipe_id, cook_id) VALUES (46, 108);
INSERT INTO recipe_cook(recipe_id, cook_id) VALUES (46, 84);
INSERT INTO recipe_cook(recipe_id, cook_id) VALUES (46, 150);
INSERT INTO recipe_cook(recipe_id, cook_id) VALUES (46, 138);
INSERT INTO recipe_cook(recipe_id, cook_id) VALUES (46, 105);
INSERT INTO recipe_cook(recipe_id, cook_id) VALUES (46, 43);
INSERT INTO recipe_cook(recipe_id, cook_id) VALUES (46, 8);
INSERT INTO recipe_cook(recipe_id, cook_id) VALUES (46, 184);
INSERT INTO recipe_cook(recipe_id, cook_id) VALUES (46, 41);
INSERT INTO recipe_theme(recipe_id, theme_id) VALUES (46, 3);
INSERT INTO recipe_theme(recipe_id, theme_id) VALUES (46, 6);
INSERT INTO recipe_theme(recipe_id, theme_id) VALUES (46, 14);
INSERT INTO recipe_tip(recipe_id, tip_id) VALUES (46, 30);
INSERT INTO recipe_tip(recipe_id, tip_id) VALUES (46, 34);

INSERT INTO recipe(baking, cuisine_id, difficulty, title, recipe_description, prep_time, cook_time, portions, fat_portion, protein_portion, carbo_portion, picture, picture_description) VALUES(1, 8, 3,'Chicken Fajitas', 'Spring current begin free notice main pay. Possible their especially than history better. Success to what about wife live news. Him article great recognize particular scene individual.', 125, 10, 4, 20, 60,85, 'https://dummyimage.com/1011x556', 'Friend indicate low perhaps share home personal.');
INSERT INTO recipe_meal_type(recipe_id, meal_type_id) VALUES (47, 6);
INSERT INTO recipe_tag(recipe_id, tag_id) VALUES (47, 26);
INSERT INTO recipe_tag(recipe_id, tag_id) VALUES (47, 59);
INSERT INTO recipe_tag(recipe_id, tag_id) VALUES (47, 1);
INSERT INTO recipe_tag(recipe_id, tag_id) VALUES (47, 31);
INSERT INTO recipe_tag(recipe_id, tag_id) VALUES (47, 19);
INSERT INTO recipe_equipment(recipe_id, equipment_id, num) VALUES (47, 19, 3);
INSERT INTO recipe_equipment(recipe_id, equipment_id, num) VALUES (47, 18, 2);
INSERT INTO recipe_equipment(recipe_id, equipment_id, num) VALUES (47, 9, 4);
INSERT INTO recipe_equipment(recipe_id, equipment_id, num) VALUES (47, 3, 4);
INSERT INTO recipe_equipment(recipe_id, equipment_id, num) VALUES (47, 20, 2);
INSERT INTO recipe_equipment(recipe_id, equipment_id, num) VALUES (47, 4, 4);
INSERT INTO recipe_cook(recipe_id, cook_id) VALUES (47, 193);
INSERT INTO recipe_cook(recipe_id, cook_id) VALUES (47, 39);
INSERT INTO recipe_cook(recipe_id, cook_id) VALUES (47, 103);
INSERT INTO recipe_cook(recipe_id, cook_id) VALUES (47, 69);
INSERT INTO recipe_cook(recipe_id, cook_id) VALUES (47, 43);
INSERT INTO recipe_cook(recipe_id, cook_id) VALUES (47, 173);
INSERT INTO recipe_cook(recipe_id, cook_id) VALUES (47, 99);
INSERT INTO recipe_cook(recipe_id, cook_id) VALUES (47, 196);
INSERT INTO recipe_cook(recipe_id, cook_id) VALUES (47, 17);
INSERT INTO recipe_cook(recipe_id, cook_id) VALUES (47, 33);
INSERT INTO recipe_cook(recipe_id, cook_id) VALUES (47, 78);
INSERT INTO recipe_cook(recipe_id, cook_id) VALUES (47, 6);
INSERT INTO recipe_cook(recipe_id, cook_id) VALUES (47, 86);
INSERT INTO recipe_cook(recipe_id, cook_id) VALUES (47, 36);
INSERT INTO recipe_cook(recipe_id, cook_id) VALUES (47, 11);
INSERT INTO recipe_cook(recipe_id, cook_id) VALUES (47, 46);
INSERT INTO recipe_cook(recipe_id, cook_id) VALUES (47, 111);
INSERT INTO recipe_cook(recipe_id, cook_id) VALUES (47, 154);
INSERT INTO recipe_cook(recipe_id, cook_id) VALUES (47, 42);
INSERT INTO recipe_cook(recipe_id, cook_id) VALUES (47, 195);
INSERT INTO recipe_cook(recipe_id, cook_id) VALUES (47, 115);
INSERT INTO recipe_cook(recipe_id, cook_id) VALUES (47, 192);
INSERT INTO recipe_cook(recipe_id, cook_id) VALUES (47, 177);
INSERT INTO recipe_cook(recipe_id, cook_id) VALUES (47, 62);
INSERT INTO recipe_cook(recipe_id, cook_id) VALUES (47, 56);
INSERT INTO recipe_cook(recipe_id, cook_id) VALUES (47, 75);
INSERT INTO recipe_cook(recipe_id, cook_id) VALUES (47, 152);
INSERT INTO recipe_cook(recipe_id, cook_id) VALUES (47, 19);
INSERT INTO recipe_cook(recipe_id, cook_id) VALUES (47, 141);
INSERT INTO recipe_cook(recipe_id, cook_id) VALUES (47, 5);
INSERT INTO recipe_cook(recipe_id, cook_id) VALUES (47, 106);
INSERT INTO recipe_cook(recipe_id, cook_id) VALUES (47, 174);
INSERT INTO recipe_cook(recipe_id, cook_id) VALUES (47, 38);
INSERT INTO recipe_cook(recipe_id, cook_id) VALUES (47, 138);
INSERT INTO recipe_cook(recipe_id, cook_id) VALUES (47, 199);
INSERT INTO recipe_cook(recipe_id, cook_id) VALUES (47, 200);
INSERT INTO recipe_cook(recipe_id, cook_id) VALUES (47, 32);
INSERT INTO recipe_cook(recipe_id, cook_id) VALUES (47, 80);
INSERT INTO recipe_cook(recipe_id, cook_id) VALUES (47, 65);
INSERT INTO recipe_cook(recipe_id, cook_id) VALUES (47, 140);
INSERT INTO recipe_cook(recipe_id, cook_id) VALUES (47, 34);
INSERT INTO recipe_cook(recipe_id, cook_id) VALUES (47, 92);
INSERT INTO recipe_cook(recipe_id, cook_id) VALUES (47, 58);
INSERT INTO recipe_cook(recipe_id, cook_id) VALUES (47, 168);
INSERT INTO recipe_cook(recipe_id, cook_id) VALUES (47, 57);
INSERT INTO recipe_cook(recipe_id, cook_id) VALUES (47, 3);
INSERT INTO recipe_cook(recipe_id, cook_id) VALUES (47, 49);
INSERT INTO recipe_cook(recipe_id, cook_id) VALUES (47, 107);
INSERT INTO recipe_cook(recipe_id, cook_id) VALUES (47, 190);
INSERT INTO recipe_cook(recipe_id, cook_id) VALUES (47, 126);
INSERT INTO recipe_cook(recipe_id, cook_id) VALUES (47, 119);
INSERT INTO recipe_cook(recipe_id, cook_id) VALUES (47, 165);
INSERT INTO recipe_cook(recipe_id, cook_id) VALUES (47, 102);
INSERT INTO recipe_cook(recipe_id, cook_id) VALUES (47, 167);
INSERT INTO recipe_cook(recipe_id, cook_id) VALUES (47, 175);
INSERT INTO recipe_cook(recipe_id, cook_id) VALUES (47, 155);
INSERT INTO recipe_cook(recipe_id, cook_id) VALUES (47, 88);
INSERT INTO recipe_cook(recipe_id, cook_id) VALUES (47, 148);
INSERT INTO recipe_cook(recipe_id, cook_id) VALUES (47, 31);
INSERT INTO recipe_cook(recipe_id, cook_id) VALUES (47, 121);
INSERT INTO recipe_cook(recipe_id, cook_id) VALUES (47, 142);
INSERT INTO recipe_cook(recipe_id, cook_id) VALUES (47, 110);
INSERT INTO recipe_cook(recipe_id, cook_id) VALUES (47, 45);
INSERT INTO recipe_cook(recipe_id, cook_id) VALUES (47, 131);
INSERT INTO recipe_cook(recipe_id, cook_id) VALUES (47, 191);
INSERT INTO recipe_cook(recipe_id, cook_id) VALUES (47, 20);
INSERT INTO recipe_cook(recipe_id, cook_id) VALUES (47, 125);
INSERT INTO recipe_cook(recipe_id, cook_id) VALUES (47, 81);
INSERT INTO recipe_cook(recipe_id, cook_id) VALUES (47, 7);
INSERT INTO recipe_cook(recipe_id, cook_id) VALUES (47, 130);
INSERT INTO recipe_cook(recipe_id, cook_id) VALUES (47, 10);
INSERT INTO recipe_cook(recipe_id, cook_id) VALUES (47, 135);
INSERT INTO recipe_cook(recipe_id, cook_id) VALUES (47, 2);
INSERT INTO recipe_cook(recipe_id, cook_id) VALUES (47, 98);
INSERT INTO recipe_cook(recipe_id, cook_id) VALUES (47, 77);
INSERT INTO recipe_cook(recipe_id, cook_id) VALUES (47, 24);
INSERT INTO recipe_cook(recipe_id, cook_id) VALUES (47, 60);
INSERT INTO recipe_cook(recipe_id, cook_id) VALUES (47, 41);
INSERT INTO recipe_cook(recipe_id, cook_id) VALUES (47, 166);
INSERT INTO recipe_cook(recipe_id, cook_id) VALUES (47, 123);
INSERT INTO recipe_cook(recipe_id, cook_id) VALUES (47, 94);
INSERT INTO recipe_cook(recipe_id, cook_id) VALUES (47, 186);
INSERT INTO recipe_cook(recipe_id, cook_id) VALUES (47, 13);
INSERT INTO recipe_cook(recipe_id, cook_id) VALUES (47, 147);
INSERT INTO recipe_cook(recipe_id, cook_id) VALUES (47, 137);
INSERT INTO recipe_cook(recipe_id, cook_id) VALUES (47, 157);
INSERT INTO recipe_theme(recipe_id, theme_id) VALUES (47, 3);
INSERT INTO recipe_theme(recipe_id, theme_id) VALUES (47, 5);
INSERT INTO recipe_theme(recipe_id, theme_id) VALUES (47, 18);
INSERT INTO recipe_tip(recipe_id, tip_id) VALUES (47, 40);

INSERT INTO recipe(baking, cuisine_id, difficulty, title, recipe_description, prep_time, cook_time, portions, fat_portion, protein_portion, carbo_portion, picture, picture_description) VALUES(0, 32, 3,'Chicken Tikka Masala', 'Actually small first another science important especially. Responsibility huge full role miss performance. Help keep at herself threat. Identify debate each loss live character sort. Home assume tonight.', 85, 70, 1, 25, 60,15, 'https://dummyimage.com/307x394', 'Issue situation somebody report everyone ten policy.');
INSERT INTO recipe_meal_type(recipe_id, meal_type_id) VALUES (48, 2);
INSERT INTO recipe_tag(recipe_id, tag_id) VALUES (48, 38);
INSERT INTO recipe_tag(recipe_id, tag_id) VALUES (48, 28);
INSERT INTO recipe_tag(recipe_id, tag_id) VALUES (48, 90);
INSERT INTO recipe_tag(recipe_id, tag_id) VALUES (48, 1);
INSERT INTO recipe_tag(recipe_id, tag_id) VALUES (48, 100);
INSERT INTO recipe_tag(recipe_id, tag_id) VALUES (48, 47);
INSERT INTO recipe_tag(recipe_id, tag_id) VALUES (48, 8);
INSERT INTO recipe_tag(recipe_id, tag_id) VALUES (48, 34);
INSERT INTO recipe_equipment(recipe_id, equipment_id, num) VALUES (48, 10, 2);
INSERT INTO recipe_equipment(recipe_id, equipment_id, num) VALUES (48, 4, 1);
INSERT INTO recipe_equipment(recipe_id, equipment_id, num) VALUES (48, 12, 3);
INSERT INTO recipe_equipment(recipe_id, equipment_id, num) VALUES (48, 19, 1);
INSERT INTO recipe_equipment(recipe_id, equipment_id, num) VALUES (48, 8, 2);
INSERT INTO recipe_equipment(recipe_id, equipment_id, num) VALUES (48, 14, 3);
INSERT INTO recipe_cook(recipe_id, cook_id) VALUES (48, 55);
INSERT INTO recipe_cook(recipe_id, cook_id) VALUES (48, 176);
INSERT INTO recipe_cook(recipe_id, cook_id) VALUES (48, 136);
INSERT INTO recipe_cook(recipe_id, cook_id) VALUES (48, 178);
INSERT INTO recipe_cook(recipe_id, cook_id) VALUES (48, 96);
INSERT INTO recipe_cook(recipe_id, cook_id) VALUES (48, 120);
INSERT INTO recipe_cook(recipe_id, cook_id) VALUES (48, 100);
INSERT INTO recipe_cook(recipe_id, cook_id) VALUES (48, 46);
INSERT INTO recipe_cook(recipe_id, cook_id) VALUES (48, 78);
INSERT INTO recipe_cook(recipe_id, cook_id) VALUES (48, 9);
INSERT INTO recipe_cook(recipe_id, cook_id) VALUES (48, 25);
INSERT INTO recipe_cook(recipe_id, cook_id) VALUES (48, 10);
INSERT INTO recipe_cook(recipe_id, cook_id) VALUES (48, 105);
INSERT INTO recipe_cook(recipe_id, cook_id) VALUES (48, 128);
INSERT INTO recipe_cook(recipe_id, cook_id) VALUES (48, 189);
INSERT INTO recipe_cook(recipe_id, cook_id) VALUES (48, 142);
INSERT INTO recipe_cook(recipe_id, cook_id) VALUES (48, 15);
INSERT INTO recipe_cook(recipe_id, cook_id) VALUES (48, 147);
INSERT INTO recipe_cook(recipe_id, cook_id) VALUES (48, 158);
INSERT INTO recipe_cook(recipe_id, cook_id) VALUES (48, 45);
INSERT INTO recipe_cook(recipe_id, cook_id) VALUES (48, 52);
INSERT INTO recipe_cook(recipe_id, cook_id) VALUES (48, 144);
INSERT INTO recipe_cook(recipe_id, cook_id) VALUES (48, 39);
INSERT INTO recipe_cook(recipe_id, cook_id) VALUES (48, 157);
INSERT INTO recipe_cook(recipe_id, cook_id) VALUES (48, 167);
INSERT INTO recipe_cook(recipe_id, cook_id) VALUES (48, 57);
INSERT INTO recipe_cook(recipe_id, cook_id) VALUES (48, 101);
INSERT INTO recipe_cook(recipe_id, cook_id) VALUES (48, 43);
INSERT INTO recipe_cook(recipe_id, cook_id) VALUES (48, 34);
INSERT INTO recipe_cook(recipe_id, cook_id) VALUES (48, 181);
INSERT INTO recipe_cook(recipe_id, cook_id) VALUES (48, 126);
INSERT INTO recipe_cook(recipe_id, cook_id) VALUES (48, 26);
INSERT INTO recipe_cook(recipe_id, cook_id) VALUES (48, 77);
INSERT INTO recipe_cook(recipe_id, cook_id) VALUES (48, 102);
INSERT INTO recipe_cook(recipe_id, cook_id) VALUES (48, 37);
INSERT INTO recipe_cook(recipe_id, cook_id) VALUES (48, 116);
INSERT INTO recipe_cook(recipe_id, cook_id) VALUES (48, 185);
INSERT INTO recipe_cook(recipe_id, cook_id) VALUES (48, 115);
INSERT INTO recipe_cook(recipe_id, cook_id) VALUES (48, 72);
INSERT INTO recipe_cook(recipe_id, cook_id) VALUES (48, 169);
INSERT INTO recipe_cook(recipe_id, cook_id) VALUES (48, 134);
INSERT INTO recipe_cook(recipe_id, cook_id) VALUES (48, 132);
INSERT INTO recipe_cook(recipe_id, cook_id) VALUES (48, 2);
INSERT INTO recipe_cook(recipe_id, cook_id) VALUES (48, 12);
INSERT INTO recipe_cook(recipe_id, cook_id) VALUES (48, 145);
INSERT INTO recipe_cook(recipe_id, cook_id) VALUES (48, 103);
INSERT INTO recipe_cook(recipe_id, cook_id) VALUES (48, 131);
INSERT INTO recipe_cook(recipe_id, cook_id) VALUES (48, 156);
INSERT INTO recipe_cook(recipe_id, cook_id) VALUES (48, 107);
INSERT INTO recipe_cook(recipe_id, cook_id) VALUES (48, 188);
INSERT INTO recipe_cook(recipe_id, cook_id) VALUES (48, 191);
INSERT INTO recipe_cook(recipe_id, cook_id) VALUES (48, 5);
INSERT INTO recipe_cook(recipe_id, cook_id) VALUES (48, 82);
INSERT INTO recipe_cook(recipe_id, cook_id) VALUES (48, 166);
INSERT INTO recipe_cook(recipe_id, cook_id) VALUES (48, 143);
INSERT INTO recipe_cook(recipe_id, cook_id) VALUES (48, 141);
INSERT INTO recipe_cook(recipe_id, cook_id) VALUES (48, 56);
INSERT INTO recipe_cook(recipe_id, cook_id) VALUES (48, 42);
INSERT INTO recipe_cook(recipe_id, cook_id) VALUES (48, 35);
INSERT INTO recipe_cook(recipe_id, cook_id) VALUES (48, 79);
INSERT INTO recipe_cook(recipe_id, cook_id) VALUES (48, 182);
INSERT INTO recipe_cook(recipe_id, cook_id) VALUES (48, 88);
INSERT INTO recipe_cook(recipe_id, cook_id) VALUES (48, 137);
INSERT INTO recipe_cook(recipe_id, cook_id) VALUES (48, 90);
INSERT INTO recipe_cook(recipe_id, cook_id) VALUES (48, 19);
INSERT INTO recipe_cook(recipe_id, cook_id) VALUES (48, 106);
INSERT INTO recipe_cook(recipe_id, cook_id) VALUES (48, 195);
INSERT INTO recipe_cook(recipe_id, cook_id) VALUES (48, 127);
INSERT INTO recipe_cook(recipe_id, cook_id) VALUES (48, 190);
INSERT INTO recipe_cook(recipe_id, cook_id) VALUES (48, 163);
INSERT INTO recipe_theme(recipe_id, theme_id) VALUES (48, 25);
INSERT INTO recipe_tip(recipe_id, tip_id) VALUES (48, 38);

INSERT INTO recipe(baking, cuisine_id, difficulty, title, recipe_description, prep_time, cook_time, portions, fat_portion, protein_portion, carbo_portion, picture, picture_description) VALUES(0, 32, 5,'Chili Con Carne', 'Question too effort then evidence project mouth. Table represent but country size phone catch standard. Amount tonight be office term provide interesting.', 125, 110, 1, 0, 20,25, 'https://picsum.photos/962/401', 'Head little resource can play.');
INSERT INTO recipe_meal_type(recipe_id, meal_type_id) VALUES (49, 6);
INSERT INTO recipe_tag(recipe_id, tag_id) VALUES (49, 13);
INSERT INTO recipe_tag(recipe_id, tag_id) VALUES (49, 95);
INSERT INTO recipe_tag(recipe_id, tag_id) VALUES (49, 46);
INSERT INTO recipe_tag(recipe_id, tag_id) VALUES (49, 96);
INSERT INTO recipe_tag(recipe_id, tag_id) VALUES (49, 42);
INSERT INTO recipe_tag(recipe_id, tag_id) VALUES (49, 2);
INSERT INTO recipe_tag(recipe_id, tag_id) VALUES (49, 34);
INSERT INTO recipe_equipment(recipe_id, equipment_id, num) VALUES (49, 1, 4);
INSERT INTO recipe_equipment(recipe_id, equipment_id, num) VALUES (49, 15, 1);
INSERT INTO recipe_equipment(recipe_id, equipment_id, num) VALUES (49, 18, 3);
INSERT INTO recipe_equipment(recipe_id, equipment_id, num) VALUES (49, 19, 1);
INSERT INTO recipe_equipment(recipe_id, equipment_id, num) VALUES (49, 13, 3);
INSERT INTO recipe_equipment(recipe_id, equipment_id, num) VALUES (49, 9, 4);
INSERT INTO recipe_equipment(recipe_id, equipment_id, num) VALUES (49, 8, 4);
INSERT INTO recipe_cook(recipe_id, cook_id) VALUES (49, 35);
INSERT INTO recipe_cook(recipe_id, cook_id) VALUES (49, 182);
INSERT INTO recipe_cook(recipe_id, cook_id) VALUES (49, 41);
INSERT INTO recipe_cook(recipe_id, cook_id) VALUES (49, 15);
INSERT INTO recipe_cook(recipe_id, cook_id) VALUES (49, 25);
INSERT INTO recipe_cook(recipe_id, cook_id) VALUES (49, 161);
INSERT INTO recipe_cook(recipe_id, cook_id) VALUES (49, 117);
INSERT INTO recipe_cook(recipe_id, cook_id) VALUES (49, 10);
INSERT INTO recipe_theme(recipe_id, theme_id) VALUES (49, 21);
INSERT INTO recipe_theme(recipe_id, theme_id) VALUES (49, 25);
INSERT INTO recipe_theme(recipe_id, theme_id) VALUES (49, 34);
INSERT INTO recipe_tip(recipe_id, tip_id) VALUES (49, 35);
INSERT INTO recipe_tip(recipe_id, tip_id) VALUES (49, 11);

INSERT INTO recipe(baking, cuisine_id, difficulty, title, recipe_description, prep_time, cook_time, portions, fat_portion, protein_portion, carbo_portion, picture, picture_description) VALUES(0, 9, 2,'Frittata', 'Even form conference least join region. Consumer really range you bill. Past simple our part husband.', 95, 80, 5, 5, 5,65, 'https://placekitten.com/747/347', 'Mouth which side white local.');
INSERT INTO recipe_meal_type(recipe_id, meal_type_id) VALUES (50, 1);
INSERT INTO recipe_tag(recipe_id, tag_id) VALUES (50, 35);
INSERT INTO recipe_tag(recipe_id, tag_id) VALUES (50, 39);
INSERT INTO recipe_tag(recipe_id, tag_id) VALUES (50, 59);
INSERT INTO recipe_tag(recipe_id, tag_id) VALUES (50, 25);
INSERT INTO recipe_tag(recipe_id, tag_id) VALUES (50, 17);
INSERT INTO recipe_tag(recipe_id, tag_id) VALUES (50, 89);
INSERT INTO recipe_tag(recipe_id, tag_id) VALUES (50, 88);
INSERT INTO recipe_equipment(recipe_id, equipment_id, num) VALUES (50, 13, 1);
INSERT INTO recipe_equipment(recipe_id, equipment_id, num) VALUES (50, 2, 2);
INSERT INTO recipe_equipment(recipe_id, equipment_id, num) VALUES (50, 1, 4);
INSERT INTO recipe_equipment(recipe_id, equipment_id, num) VALUES (50, 9, 1);
INSERT INTO recipe_equipment(recipe_id, equipment_id, num) VALUES (50, 12, 1);
INSERT INTO recipe_equipment(recipe_id, equipment_id, num) VALUES (50, 17, 3);
INSERT INTO recipe_equipment(recipe_id, equipment_id, num) VALUES (50, 4, 3);
INSERT INTO recipe_cook(recipe_id, cook_id) VALUES (50, 54);
INSERT INTO recipe_cook(recipe_id, cook_id) VALUES (50, 31);
INSERT INTO recipe_cook(recipe_id, cook_id) VALUES (50, 94);
INSERT INTO recipe_cook(recipe_id, cook_id) VALUES (50, 58);
INSERT INTO recipe_cook(recipe_id, cook_id) VALUES (50, 164);
INSERT INTO recipe_cook(recipe_id, cook_id) VALUES (50, 21);
INSERT INTO recipe_cook(recipe_id, cook_id) VALUES (50, 182);
INSERT INTO recipe_cook(recipe_id, cook_id) VALUES (50, 144);
INSERT INTO recipe_cook(recipe_id, cook_id) VALUES (50, 75);
INSERT INTO recipe_cook(recipe_id, cook_id) VALUES (50, 132);
INSERT INTO recipe_cook(recipe_id, cook_id) VALUES (50, 30);
INSERT INTO recipe_cook(recipe_id, cook_id) VALUES (50, 176);
INSERT INTO recipe_cook(recipe_id, cook_id) VALUES (50, 92);
INSERT INTO recipe_cook(recipe_id, cook_id) VALUES (50, 60);
INSERT INTO recipe_cook(recipe_id, cook_id) VALUES (50, 91);
INSERT INTO recipe_cook(recipe_id, cook_id) VALUES (50, 139);
INSERT INTO recipe_cook(recipe_id, cook_id) VALUES (50, 79);
INSERT INTO recipe_cook(recipe_id, cook_id) VALUES (50, 97);
INSERT INTO recipe_cook(recipe_id, cook_id) VALUES (50, 95);
INSERT INTO recipe_cook(recipe_id, cook_id) VALUES (50, 89);
INSERT INTO recipe_cook(recipe_id, cook_id) VALUES (50, 74);
INSERT INTO recipe_cook(recipe_id, cook_id) VALUES (50, 84);
INSERT INTO recipe_cook(recipe_id, cook_id) VALUES (50, 77);
INSERT INTO recipe_cook(recipe_id, cook_id) VALUES (50, 168);
INSERT INTO recipe_cook(recipe_id, cook_id) VALUES (50, 76);
INSERT INTO recipe_cook(recipe_id, cook_id) VALUES (50, 102);
INSERT INTO recipe_cook(recipe_id, cook_id) VALUES (50, 124);
INSERT INTO recipe_cook(recipe_id, cook_id) VALUES (50, 38);
INSERT INTO recipe_cook(recipe_id, cook_id) VALUES (50, 40);
INSERT INTO recipe_cook(recipe_id, cook_id) VALUES (50, 140);
INSERT INTO recipe_cook(recipe_id, cook_id) VALUES (50, 44);
INSERT INTO recipe_cook(recipe_id, cook_id) VALUES (50, 120);
INSERT INTO recipe_cook(recipe_id, cook_id) VALUES (50, 107);
INSERT INTO recipe_cook(recipe_id, cook_id) VALUES (50, 126);
INSERT INTO recipe_cook(recipe_id, cook_id) VALUES (50, 13);
INSERT INTO recipe_cook(recipe_id, cook_id) VALUES (50, 12);
INSERT INTO recipe_cook(recipe_id, cook_id) VALUES (50, 17);
INSERT INTO recipe_cook(recipe_id, cook_id) VALUES (50, 194);
INSERT INTO recipe_cook(recipe_id, cook_id) VALUES (50, 188);
INSERT INTO recipe_cook(recipe_id, cook_id) VALUES (50, 197);
INSERT INTO recipe_cook(recipe_id, cook_id) VALUES (50, 15);
INSERT INTO recipe_cook(recipe_id, cook_id) VALUES (50, 42);
INSERT INTO recipe_cook(recipe_id, cook_id) VALUES (50, 98);
INSERT INTO recipe_cook(recipe_id, cook_id) VALUES (50, 185);
INSERT INTO recipe_cook(recipe_id, cook_id) VALUES (50, 55);
INSERT INTO recipe_cook(recipe_id, cook_id) VALUES (50, 72);
INSERT INTO recipe_cook(recipe_id, cook_id) VALUES (50, 27);
INSERT INTO recipe_cook(recipe_id, cook_id) VALUES (50, 99);
INSERT INTO recipe_cook(recipe_id, cook_id) VALUES (50, 52);
INSERT INTO recipe_cook(recipe_id, cook_id) VALUES (50, 157);
INSERT INTO recipe_cook(recipe_id, cook_id) VALUES (50, 193);
INSERT INTO recipe_cook(recipe_id, cook_id) VALUES (50, 51);
INSERT INTO recipe_cook(recipe_id, cook_id) VALUES (50, 167);
INSERT INTO recipe_cook(recipe_id, cook_id) VALUES (50, 152);
INSERT INTO recipe_cook(recipe_id, cook_id) VALUES (50, 160);
INSERT INTO recipe_cook(recipe_id, cook_id) VALUES (50, 183);
INSERT INTO recipe_cook(recipe_id, cook_id) VALUES (50, 81);
INSERT INTO recipe_cook(recipe_id, cook_id) VALUES (50, 33);
INSERT INTO recipe_cook(recipe_id, cook_id) VALUES (50, 187);
INSERT INTO recipe_cook(recipe_id, cook_id) VALUES (50, 165);
INSERT INTO recipe_cook(recipe_id, cook_id) VALUES (50, 70);
INSERT INTO recipe_cook(recipe_id, cook_id) VALUES (50, 49);
INSERT INTO recipe_cook(recipe_id, cook_id) VALUES (50, 4);
INSERT INTO recipe_cook(recipe_id, cook_id) VALUES (50, 50);
INSERT INTO recipe_cook(recipe_id, cook_id) VALUES (50, 100);
INSERT INTO recipe_cook(recipe_id, cook_id) VALUES (50, 101);
INSERT INTO recipe_cook(recipe_id, cook_id) VALUES (50, 43);
INSERT INTO recipe_cook(recipe_id, cook_id) VALUES (50, 29);
INSERT INTO recipe_cook(recipe_id, cook_id) VALUES (50, 63);
INSERT INTO recipe_cook(recipe_id, cook_id) VALUES (50, 115);
INSERT INTO recipe_cook(recipe_id, cook_id) VALUES (50, 57);
INSERT INTO recipe_cook(recipe_id, cook_id) VALUES (50, 83);
INSERT INTO recipe_cook(recipe_id, cook_id) VALUES (50, 67);
INSERT INTO recipe_cook(recipe_id, cook_id) VALUES (50, 35);
INSERT INTO recipe_cook(recipe_id, cook_id) VALUES (50, 145);
INSERT INTO recipe_cook(recipe_id, cook_id) VALUES (50, 189);
INSERT INTO recipe_cook(recipe_id, cook_id) VALUES (50, 110);
INSERT INTO recipe_cook(recipe_id, cook_id) VALUES (50, 113);
INSERT INTO recipe_cook(recipe_id, cook_id) VALUES (50, 36);
INSERT INTO recipe_cook(recipe_id, cook_id) VALUES (50, 137);
INSERT INTO recipe_cook(recipe_id, cook_id) VALUES (50, 20);
INSERT INTO recipe_cook(recipe_id, cook_id) VALUES (50, 123);
INSERT INTO recipe_cook(recipe_id, cook_id) VALUES (50, 6);
INSERT INTO recipe_cook(recipe_id, cook_id) VALUES (50, 9);
INSERT INTO recipe_cook(recipe_id, cook_id) VALUES (50, 86);
INSERT INTO recipe_cook(recipe_id, cook_id) VALUES (50, 45);
INSERT INTO recipe_cook(recipe_id, cook_id) VALUES (50, 96);
INSERT INTO recipe_cook(recipe_id, cook_id) VALUES (50, 119);
INSERT INTO recipe_cook(recipe_id, cook_id) VALUES (50, 177);
INSERT INTO recipe_cook(recipe_id, cook_id) VALUES (50, 198);
INSERT INTO recipe_cook(recipe_id, cook_id) VALUES (50, 131);
INSERT INTO recipe_cook(recipe_id, cook_id) VALUES (50, 150);
INSERT INTO recipe_cook(recipe_id, cook_id) VALUES (50, 112);
INSERT INTO recipe_cook(recipe_id, cook_id) VALUES (50, 105);
INSERT INTO recipe_cook(recipe_id, cook_id) VALUES (50, 3);
INSERT INTO recipe_cook(recipe_id, cook_id) VALUES (50, 64);
INSERT INTO recipe_cook(recipe_id, cook_id) VALUES (50, 122);
INSERT INTO recipe_cook(recipe_id, cook_id) VALUES (50, 125);
INSERT INTO recipe_cook(recipe_id, cook_id) VALUES (50, 170);
INSERT INTO recipe_cook(recipe_id, cook_id) VALUES (50, 196);
INSERT INTO recipe_cook(recipe_id, cook_id) VALUES (50, 136);
INSERT INTO recipe_cook(recipe_id, cook_id) VALUES (50, 7);
INSERT INTO recipe_cook(recipe_id, cook_id) VALUES (50, 37);
INSERT INTO recipe_cook(recipe_id, cook_id) VALUES (50, 129);
INSERT INTO recipe_cook(recipe_id, cook_id) VALUES (50, 181);
INSERT INTO recipe_cook(recipe_id, cook_id) VALUES (50, 22);
INSERT INTO recipe_cook(recipe_id, cook_id) VALUES (50, 24);
INSERT INTO recipe_cook(recipe_id, cook_id) VALUES (50, 127);
INSERT INTO recipe_cook(recipe_id, cook_id) VALUES (50, 73);
INSERT INTO recipe_cook(recipe_id, cook_id) VALUES (50, 32);
INSERT INTO recipe_cook(recipe_id, cook_id) VALUES (50, 61);
INSERT INTO recipe_cook(recipe_id, cook_id) VALUES (50, 163);
INSERT INTO recipe_cook(recipe_id, cook_id) VALUES (50, 85);
INSERT INTO recipe_cook(recipe_id, cook_id) VALUES (50, 159);
INSERT INTO recipe_cook(recipe_id, cook_id) VALUES (50, 69);
INSERT INTO recipe_cook(recipe_id, cook_id) VALUES (50, 166);
INSERT INTO recipe_cook(recipe_id, cook_id) VALUES (50, 78);
INSERT INTO recipe_cook(recipe_id, cook_id) VALUES (50, 65);
INSERT INTO recipe_cook(recipe_id, cook_id) VALUES (50, 184);
INSERT INTO recipe_cook(recipe_id, cook_id) VALUES (50, 195);
INSERT INTO recipe_cook(recipe_id, cook_id) VALUES (50, 199);
INSERT INTO recipe_cook(recipe_id, cook_id) VALUES (50, 128);
INSERT INTO recipe_cook(recipe_id, cook_id) VALUES (50, 5);
INSERT INTO recipe_cook(recipe_id, cook_id) VALUES (50, 26);
INSERT INTO recipe_cook(recipe_id, cook_id) VALUES (50, 106);
INSERT INTO recipe_cook(recipe_id, cook_id) VALUES (50, 143);
INSERT INTO recipe_cook(recipe_id, cook_id) VALUES (50, 151);
INSERT INTO recipe_cook(recipe_id, cook_id) VALUES (50, 161);
INSERT INTO recipe_cook(recipe_id, cook_id) VALUES (50, 133);
INSERT INTO recipe_cook(recipe_id, cook_id) VALUES (50, 147);
INSERT INTO recipe_cook(recipe_id, cook_id) VALUES (50, 130);
INSERT INTO recipe_cook(recipe_id, cook_id) VALUES (50, 175);
INSERT INTO recipe_cook(recipe_id, cook_id) VALUES (50, 171);
INSERT INTO recipe_cook(recipe_id, cook_id) VALUES (50, 109);
INSERT INTO recipe_cook(recipe_id, cook_id) VALUES (50, 111);
INSERT INTO recipe_cook(recipe_id, cook_id) VALUES (50, 39);
INSERT INTO recipe_cook(recipe_id, cook_id) VALUES (50, 1);
INSERT INTO recipe_cook(recipe_id, cook_id) VALUES (50, 135);
INSERT INTO recipe_cook(recipe_id, cook_id) VALUES (50, 23);
INSERT INTO recipe_cook(recipe_id, cook_id) VALUES (50, 93);
INSERT INTO recipe_cook(recipe_id, cook_id) VALUES (50, 158);
INSERT INTO recipe_cook(recipe_id, cook_id) VALUES (50, 10);
INSERT INTO recipe_cook(recipe_id, cook_id) VALUES (50, 59);
INSERT INTO recipe_cook(recipe_id, cook_id) VALUES (50, 149);
INSERT INTO recipe_cook(recipe_id, cook_id) VALUES (50, 191);
INSERT INTO recipe_cook(recipe_id, cook_id) VALUES (50, 34);
INSERT INTO recipe_cook(recipe_id, cook_id) VALUES (50, 90);
INSERT INTO recipe_cook(recipe_id, cook_id) VALUES (50, 56);
INSERT INTO recipe_cook(recipe_id, cook_id) VALUES (50, 173);
INSERT INTO recipe_cook(recipe_id, cook_id) VALUES (50, 114);
INSERT INTO recipe_cook(recipe_id, cook_id) VALUES (50, 28);
INSERT INTO recipe_cook(recipe_id, cook_id) VALUES (50, 162);
INSERT INTO recipe_cook(recipe_id, cook_id) VALUES (50, 41);
INSERT INTO recipe_cook(recipe_id, cook_id) VALUES (50, 71);
INSERT INTO recipe_cook(recipe_id, cook_id) VALUES (50, 46);
INSERT INTO recipe_cook(recipe_id, cook_id) VALUES (50, 103);
INSERT INTO recipe_cook(recipe_id, cook_id) VALUES (50, 8);
INSERT INTO recipe_cook(recipe_id, cook_id) VALUES (50, 172);
INSERT INTO recipe_cook(recipe_id, cook_id) VALUES (50, 88);
INSERT INTO recipe_cook(recipe_id, cook_id) VALUES (50, 68);
INSERT INTO recipe_cook(recipe_id, cook_id) VALUES (50, 155);
INSERT INTO recipe_cook(recipe_id, cook_id) VALUES (50, 200);
INSERT INTO recipe_cook(recipe_id, cook_id) VALUES (50, 25);
INSERT INTO recipe_cook(recipe_id, cook_id) VALUES (50, 179);
INSERT INTO recipe_cook(recipe_id, cook_id) VALUES (50, 108);
INSERT INTO recipe_cook(recipe_id, cook_id) VALUES (50, 186);
INSERT INTO recipe_cook(recipe_id, cook_id) VALUES (50, 174);
INSERT INTO recipe_cook(recipe_id, cook_id) VALUES (50, 11);
INSERT INTO recipe_cook(recipe_id, cook_id) VALUES (50, 87);
INSERT INTO recipe_cook(recipe_id, cook_id) VALUES (50, 154);
INSERT INTO recipe_cook(recipe_id, cook_id) VALUES (50, 118);
INSERT INTO recipe_cook(recipe_id, cook_id) VALUES (50, 116);
INSERT INTO recipe_cook(recipe_id, cook_id) VALUES (50, 146);
INSERT INTO recipe_cook(recipe_id, cook_id) VALUES (50, 121);
INSERT INTO recipe_cook(recipe_id, cook_id) VALUES (50, 16);
INSERT INTO recipe_cook(recipe_id, cook_id) VALUES (50, 19);
INSERT INTO recipe_cook(recipe_id, cook_id) VALUES (50, 80);
INSERT INTO recipe_cook(recipe_id, cook_id) VALUES (50, 178);
INSERT INTO recipe_cook(recipe_id, cook_id) VALUES (50, 53);
INSERT INTO recipe_cook(recipe_id, cook_id) VALUES (50, 141);
INSERT INTO recipe_cook(recipe_id, cook_id) VALUES (50, 82);
INSERT INTO recipe_cook(recipe_id, cook_id) VALUES (50, 180);
INSERT INTO recipe_cook(recipe_id, cook_id) VALUES (50, 153);
INSERT INTO recipe_cook(recipe_id, cook_id) VALUES (50, 104);
INSERT INTO recipe_cook(recipe_id, cook_id) VALUES (50, 192);
INSERT INTO recipe_cook(recipe_id, cook_id) VALUES (50, 142);
INSERT INTO recipe_cook(recipe_id, cook_id) VALUES (50, 2);
INSERT INTO recipe_cook(recipe_id, cook_id) VALUES (50, 62);
INSERT INTO recipe_cook(recipe_id, cook_id) VALUES (50, 134);
INSERT INTO recipe_cook(recipe_id, cook_id) VALUES (50, 117);
INSERT INTO recipe_cook(recipe_id, cook_id) VALUES (50, 47);
INSERT INTO recipe_cook(recipe_id, cook_id) VALUES (50, 190);
INSERT INTO recipe_cook(recipe_id, cook_id) VALUES (50, 18);
INSERT INTO recipe_cook(recipe_id, cook_id) VALUES (50, 169);
INSERT INTO recipe_cook(recipe_id, cook_id) VALUES (50, 66);
INSERT INTO recipe_cook(recipe_id, cook_id) VALUES (50, 14);
INSERT INTO recipe_cook(recipe_id, cook_id) VALUES (50, 48);
INSERT INTO recipe_cook(recipe_id, cook_id) VALUES (50, 138);
INSERT INTO recipe_theme(recipe_id, theme_id) VALUES (50, 1);
INSERT INTO recipe_theme(recipe_id, theme_id) VALUES (50, 25);
INSERT INTO recipe_tip(recipe_id, tip_id) VALUES (50, 4);
INSERT INTO recipe_tip(recipe_id, tip_id) VALUES (50, 40);

INSERT INTO recipe(baking, cuisine_id, difficulty, title, recipe_description, prep_time, cook_time, portions, fat_portion, protein_portion, carbo_portion, picture, picture_description) VALUES(0, 46, 1,'Beef Tacos', 'Rather under ask. List exist gas throw high leave there. Development not college white bag box until. Statement as always ground. Before idea administration computer free.', 65, 110, 3, 0, 55,60, 'https://placekitten.com/801/864', 'Federal find else.');
INSERT INTO recipe_meal_type(recipe_id, meal_type_id) VALUES (51, 6);
INSERT INTO recipe_tag(recipe_id, tag_id) VALUES (51, 78);
INSERT INTO recipe_tag(recipe_id, tag_id) VALUES (51, 10);
INSERT INTO recipe_tag(recipe_id, tag_id) VALUES (51, 61);
INSERT INTO recipe_tag(recipe_id, tag_id) VALUES (51, 65);
INSERT INTO recipe_tag(recipe_id, tag_id) VALUES (51, 29);
INSERT INTO recipe_tag(recipe_id, tag_id) VALUES (51, 41);
INSERT INTO recipe_tag(recipe_id, tag_id) VALUES (51, 55);
INSERT INTO recipe_equipment(recipe_id, equipment_id, num) VALUES (51, 7, 4);
INSERT INTO recipe_equipment(recipe_id, equipment_id, num) VALUES (51, 16, 2);
INSERT INTO recipe_equipment(recipe_id, equipment_id, num) VALUES (51, 6, 2);
INSERT INTO recipe_cook(recipe_id, cook_id) VALUES (51, 98);
INSERT INTO recipe_cook(recipe_id, cook_id) VALUES (51, 96);
INSERT INTO recipe_cook(recipe_id, cook_id) VALUES (51, 61);
INSERT INTO recipe_cook(recipe_id, cook_id) VALUES (51, 149);
INSERT INTO recipe_cook(recipe_id, cook_id) VALUES (51, 80);
INSERT INTO recipe_theme(recipe_id, theme_id) VALUES (51, 39);
INSERT INTO recipe_theme(recipe_id, theme_id) VALUES (51, 25);
INSERT INTO recipe_theme(recipe_id, theme_id) VALUES (51, 18);
INSERT INTO recipe_tip(recipe_id, tip_id) VALUES (51, 39);
INSERT INTO recipe_tip(recipe_id, tip_id) VALUES (51, 29);
INSERT INTO recipe_tip(recipe_id, tip_id) VALUES (51, 18);

INSERT INTO recipe(baking, cuisine_id, difficulty, title, recipe_description, prep_time, cook_time, portions, fat_portion, protein_portion, carbo_portion, picture, picture_description) VALUES(1, 46, 4,'Butternut Squash Soup', 'Laugh television service remember resource friend. Several tell great network suddenly.', 85, 50, 1, 35, 65,65, 'https://dummyimage.com/127x14', 'Full reach various democratic soon now.');
INSERT INTO recipe_meal_type(recipe_id, meal_type_id) VALUES (52, 2);
INSERT INTO recipe_tag(recipe_id, tag_id) VALUES (52, 10);
INSERT INTO recipe_tag(recipe_id, tag_id) VALUES (52, 82);
INSERT INTO recipe_tag(recipe_id, tag_id) VALUES (52, 25);
INSERT INTO recipe_tag(recipe_id, tag_id) VALUES (52, 78);
INSERT INTO recipe_tag(recipe_id, tag_id) VALUES (52, 19);
INSERT INTO recipe_tag(recipe_id, tag_id) VALUES (52, 39);
INSERT INTO recipe_tag(recipe_id, tag_id) VALUES (52, 6);
INSERT INTO recipe_equipment(recipe_id, equipment_id, num) VALUES (52, 5, 1);
INSERT INTO recipe_equipment(recipe_id, equipment_id, num) VALUES (52, 16, 3);
INSERT INTO recipe_equipment(recipe_id, equipment_id, num) VALUES (52, 18, 3);
INSERT INTO recipe_cook(recipe_id, cook_id) VALUES (52, 20);
INSERT INTO recipe_cook(recipe_id, cook_id) VALUES (52, 133);
INSERT INTO recipe_cook(recipe_id, cook_id) VALUES (52, 120);
INSERT INTO recipe_cook(recipe_id, cook_id) VALUES (52, 196);
INSERT INTO recipe_cook(recipe_id, cook_id) VALUES (52, 26);
INSERT INTO recipe_cook(recipe_id, cook_id) VALUES (52, 60);
INSERT INTO recipe_cook(recipe_id, cook_id) VALUES (52, 56);
INSERT INTO recipe_cook(recipe_id, cook_id) VALUES (52, 87);
INSERT INTO recipe_cook(recipe_id, cook_id) VALUES (52, 193);
INSERT INTO recipe_cook(recipe_id, cook_id) VALUES (52, 187);
INSERT INTO recipe_cook(recipe_id, cook_id) VALUES (52, 160);
INSERT INTO recipe_cook(recipe_id, cook_id) VALUES (52, 180);
INSERT INTO recipe_cook(recipe_id, cook_id) VALUES (52, 21);
INSERT INTO recipe_cook(recipe_id, cook_id) VALUES (52, 63);
INSERT INTO recipe_cook(recipe_id, cook_id) VALUES (52, 58);
INSERT INTO recipe_cook(recipe_id, cook_id) VALUES (52, 62);
INSERT INTO recipe_cook(recipe_id, cook_id) VALUES (52, 51);
INSERT INTO recipe_cook(recipe_id, cook_id) VALUES (52, 164);
INSERT INTO recipe_cook(recipe_id, cook_id) VALUES (52, 37);
INSERT INTO recipe_cook(recipe_id, cook_id) VALUES (52, 14);
INSERT INTO recipe_cook(recipe_id, cook_id) VALUES (52, 2);
INSERT INTO recipe_cook(recipe_id, cook_id) VALUES (52, 19);
INSERT INTO recipe_cook(recipe_id, cook_id) VALUES (52, 174);
INSERT INTO recipe_cook(recipe_id, cook_id) VALUES (52, 124);
INSERT INTO recipe_cook(recipe_id, cook_id) VALUES (52, 135);
INSERT INTO recipe_cook(recipe_id, cook_id) VALUES (52, 76);
INSERT INTO recipe_cook(recipe_id, cook_id) VALUES (52, 90);
INSERT INTO recipe_cook(recipe_id, cook_id) VALUES (52, 59);
INSERT INTO recipe_cook(recipe_id, cook_id) VALUES (52, 189);
INSERT INTO recipe_cook(recipe_id, cook_id) VALUES (52, 17);
INSERT INTO recipe_cook(recipe_id, cook_id) VALUES (52, 144);
INSERT INTO recipe_cook(recipe_id, cook_id) VALUES (52, 73);
INSERT INTO recipe_cook(recipe_id, cook_id) VALUES (52, 6);
INSERT INTO recipe_cook(recipe_id, cook_id) VALUES (52, 78);
INSERT INTO recipe_cook(recipe_id, cook_id) VALUES (52, 185);
INSERT INTO recipe_cook(recipe_id, cook_id) VALUES (52, 132);
INSERT INTO recipe_cook(recipe_id, cook_id) VALUES (52, 199);
INSERT INTO recipe_cook(recipe_id, cook_id) VALUES (52, 137);
INSERT INTO recipe_cook(recipe_id, cook_id) VALUES (52, 44);
INSERT INTO recipe_cook(recipe_id, cook_id) VALUES (52, 131);
INSERT INTO recipe_cook(recipe_id, cook_id) VALUES (52, 118);
INSERT INTO recipe_cook(recipe_id, cook_id) VALUES (52, 92);
INSERT INTO recipe_cook(recipe_id, cook_id) VALUES (52, 177);
INSERT INTO recipe_cook(recipe_id, cook_id) VALUES (52, 126);
INSERT INTO recipe_cook(recipe_id, cook_id) VALUES (52, 142);
INSERT INTO recipe_cook(recipe_id, cook_id) VALUES (52, 11);
INSERT INTO recipe_cook(recipe_id, cook_id) VALUES (52, 95);
INSERT INTO recipe_cook(recipe_id, cook_id) VALUES (52, 34);
INSERT INTO recipe_cook(recipe_id, cook_id) VALUES (52, 40);
INSERT INTO recipe_cook(recipe_id, cook_id) VALUES (52, 167);
INSERT INTO recipe_cook(recipe_id, cook_id) VALUES (52, 98);
INSERT INTO recipe_cook(recipe_id, cook_id) VALUES (52, 129);
INSERT INTO recipe_cook(recipe_id, cook_id) VALUES (52, 183);
INSERT INTO recipe_cook(recipe_id, cook_id) VALUES (52, 83);
INSERT INTO recipe_cook(recipe_id, cook_id) VALUES (52, 151);
INSERT INTO recipe_cook(recipe_id, cook_id) VALUES (52, 41);
INSERT INTO recipe_cook(recipe_id, cook_id) VALUES (52, 146);
INSERT INTO recipe_cook(recipe_id, cook_id) VALUES (52, 85);
INSERT INTO recipe_cook(recipe_id, cook_id) VALUES (52, 82);
INSERT INTO recipe_cook(recipe_id, cook_id) VALUES (52, 28);
INSERT INTO recipe_cook(recipe_id, cook_id) VALUES (52, 43);
INSERT INTO recipe_cook(recipe_id, cook_id) VALUES (52, 100);
INSERT INTO recipe_cook(recipe_id, cook_id) VALUES (52, 71);
INSERT INTO recipe_cook(recipe_id, cook_id) VALUES (52, 200);
INSERT INTO recipe_cook(recipe_id, cook_id) VALUES (52, 116);
INSERT INTO recipe_cook(recipe_id, cook_id) VALUES (52, 173);
INSERT INTO recipe_cook(recipe_id, cook_id) VALUES (52, 97);
INSERT INTO recipe_cook(recipe_id, cook_id) VALUES (52, 178);
INSERT INTO recipe_cook(recipe_id, cook_id) VALUES (52, 186);
INSERT INTO recipe_cook(recipe_id, cook_id) VALUES (52, 188);
INSERT INTO recipe_cook(recipe_id, cook_id) VALUES (52, 158);
INSERT INTO recipe_cook(recipe_id, cook_id) VALUES (52, 74);
INSERT INTO recipe_cook(recipe_id, cook_id) VALUES (52, 195);
INSERT INTO recipe_cook(recipe_id, cook_id) VALUES (52, 22);
INSERT INTO recipe_cook(recipe_id, cook_id) VALUES (52, 16);
INSERT INTO recipe_cook(recipe_id, cook_id) VALUES (52, 45);
INSERT INTO recipe_cook(recipe_id, cook_id) VALUES (52, 182);
INSERT INTO recipe_cook(recipe_id, cook_id) VALUES (52, 91);
INSERT INTO recipe_cook(recipe_id, cook_id) VALUES (52, 7);
INSERT INTO recipe_cook(recipe_id, cook_id) VALUES (52, 157);
INSERT INTO recipe_cook(recipe_id, cook_id) VALUES (52, 141);
INSERT INTO recipe_cook(recipe_id, cook_id) VALUES (52, 127);
INSERT INTO recipe_cook(recipe_id, cook_id) VALUES (52, 168);
INSERT INTO recipe_cook(recipe_id, cook_id) VALUES (52, 89);
INSERT INTO recipe_cook(recipe_id, cook_id) VALUES (52, 66);
INSERT INTO recipe_cook(recipe_id, cook_id) VALUES (52, 32);
INSERT INTO recipe_cook(recipe_id, cook_id) VALUES (52, 84);
INSERT INTO recipe_cook(recipe_id, cook_id) VALUES (52, 99);
INSERT INTO recipe_cook(recipe_id, cook_id) VALUES (52, 112);
INSERT INTO recipe_cook(recipe_id, cook_id) VALUES (52, 39);
INSERT INTO recipe_cook(recipe_id, cook_id) VALUES (52, 150);
INSERT INTO recipe_cook(recipe_id, cook_id) VALUES (52, 170);
INSERT INTO recipe_cook(recipe_id, cook_id) VALUES (52, 163);
INSERT INTO recipe_cook(recipe_id, cook_id) VALUES (52, 81);
INSERT INTO recipe_cook(recipe_id, cook_id) VALUES (52, 55);
INSERT INTO recipe_cook(recipe_id, cook_id) VALUES (52, 106);
INSERT INTO recipe_cook(recipe_id, cook_id) VALUES (52, 80);
INSERT INTO recipe_cook(recipe_id, cook_id) VALUES (52, 155);
INSERT INTO recipe_cook(recipe_id, cook_id) VALUES (52, 70);
INSERT INTO recipe_cook(recipe_id, cook_id) VALUES (52, 72);
INSERT INTO recipe_cook(recipe_id, cook_id) VALUES (52, 15);
INSERT INTO recipe_cook(recipe_id, cook_id) VALUES (52, 197);
INSERT INTO recipe_cook(recipe_id, cook_id) VALUES (52, 46);
INSERT INTO recipe_cook(recipe_id, cook_id) VALUES (52, 176);
INSERT INTO recipe_cook(recipe_id, cook_id) VALUES (52, 110);
INSERT INTO recipe_cook(recipe_id, cook_id) VALUES (52, 198);
INSERT INTO recipe_cook(recipe_id, cook_id) VALUES (52, 138);
INSERT INTO recipe_cook(recipe_id, cook_id) VALUES (52, 86);
INSERT INTO recipe_cook(recipe_id, cook_id) VALUES (52, 38);
INSERT INTO recipe_cook(recipe_id, cook_id) VALUES (52, 114);
INSERT INTO recipe_cook(recipe_id, cook_id) VALUES (52, 149);
INSERT INTO recipe_cook(recipe_id, cook_id) VALUES (52, 117);
INSERT INTO recipe_cook(recipe_id, cook_id) VALUES (52, 121);
INSERT INTO recipe_cook(recipe_id, cook_id) VALUES (52, 75);
INSERT INTO recipe_cook(recipe_id, cook_id) VALUES (52, 194);
INSERT INTO recipe_cook(recipe_id, cook_id) VALUES (52, 5);
INSERT INTO recipe_cook(recipe_id, cook_id) VALUES (52, 169);
INSERT INTO recipe_cook(recipe_id, cook_id) VALUES (52, 190);
INSERT INTO recipe_cook(recipe_id, cook_id) VALUES (52, 108);
INSERT INTO recipe_cook(recipe_id, cook_id) VALUES (52, 148);
INSERT INTO recipe_cook(recipe_id, cook_id) VALUES (52, 101);
INSERT INTO recipe_cook(recipe_id, cook_id) VALUES (52, 147);
INSERT INTO recipe_cook(recipe_id, cook_id) VALUES (52, 134);
INSERT INTO recipe_cook(recipe_id, cook_id) VALUES (52, 139);
INSERT INTO recipe_cook(recipe_id, cook_id) VALUES (52, 165);
INSERT INTO recipe_cook(recipe_id, cook_id) VALUES (52, 159);
INSERT INTO recipe_cook(recipe_id, cook_id) VALUES (52, 64);
INSERT INTO recipe_cook(recipe_id, cook_id) VALUES (52, 171);
INSERT INTO recipe_cook(recipe_id, cook_id) VALUES (52, 119);
INSERT INTO recipe_cook(recipe_id, cook_id) VALUES (52, 52);
INSERT INTO recipe_cook(recipe_id, cook_id) VALUES (52, 29);
INSERT INTO recipe_cook(recipe_id, cook_id) VALUES (52, 33);
INSERT INTO recipe_cook(recipe_id, cook_id) VALUES (52, 42);
INSERT INTO recipe_cook(recipe_id, cook_id) VALUES (52, 192);
INSERT INTO recipe_cook(recipe_id, cook_id) VALUES (52, 107);
INSERT INTO recipe_cook(recipe_id, cook_id) VALUES (52, 50);
INSERT INTO recipe_cook(recipe_id, cook_id) VALUES (52, 36);
INSERT INTO recipe_cook(recipe_id, cook_id) VALUES (52, 115);
INSERT INTO recipe_cook(recipe_id, cook_id) VALUES (52, 54);
INSERT INTO recipe_cook(recipe_id, cook_id) VALUES (52, 145);
INSERT INTO recipe_cook(recipe_id, cook_id) VALUES (52, 109);
INSERT INTO recipe_cook(recipe_id, cook_id) VALUES (52, 69);
INSERT INTO recipe_cook(recipe_id, cook_id) VALUES (52, 35);
INSERT INTO recipe_cook(recipe_id, cook_id) VALUES (52, 79);
INSERT INTO recipe_cook(recipe_id, cook_id) VALUES (52, 68);
INSERT INTO recipe_cook(recipe_id, cook_id) VALUES (52, 156);
INSERT INTO recipe_cook(recipe_id, cook_id) VALUES (52, 25);
INSERT INTO recipe_cook(recipe_id, cook_id) VALUES (52, 8);
INSERT INTO recipe_cook(recipe_id, cook_id) VALUES (52, 1);
INSERT INTO recipe_cook(recipe_id, cook_id) VALUES (52, 49);
INSERT INTO recipe_cook(recipe_id, cook_id) VALUES (52, 162);
INSERT INTO recipe_cook(recipe_id, cook_id) VALUES (52, 13);
INSERT INTO recipe_cook(recipe_id, cook_id) VALUES (52, 102);
INSERT INTO recipe_cook(recipe_id, cook_id) VALUES (52, 122);
INSERT INTO recipe_cook(recipe_id, cook_id) VALUES (52, 23);
INSERT INTO recipe_cook(recipe_id, cook_id) VALUES (52, 47);
INSERT INTO recipe_cook(recipe_id, cook_id) VALUES (52, 53);
INSERT INTO recipe_cook(recipe_id, cook_id) VALUES (52, 161);
INSERT INTO recipe_cook(recipe_id, cook_id) VALUES (52, 191);
INSERT INTO recipe_cook(recipe_id, cook_id) VALUES (52, 67);
INSERT INTO recipe_cook(recipe_id, cook_id) VALUES (52, 12);
INSERT INTO recipe_cook(recipe_id, cook_id) VALUES (52, 10);
INSERT INTO recipe_cook(recipe_id, cook_id) VALUES (52, 179);
INSERT INTO recipe_cook(recipe_id, cook_id) VALUES (52, 65);
INSERT INTO recipe_cook(recipe_id, cook_id) VALUES (52, 105);
INSERT INTO recipe_cook(recipe_id, cook_id) VALUES (52, 96);
INSERT INTO recipe_cook(recipe_id, cook_id) VALUES (52, 143);
INSERT INTO recipe_cook(recipe_id, cook_id) VALUES (52, 125);
INSERT INTO recipe_cook(recipe_id, cook_id) VALUES (52, 88);
INSERT INTO recipe_cook(recipe_id, cook_id) VALUES (52, 154);
INSERT INTO recipe_theme(recipe_id, theme_id) VALUES (52, 19);
INSERT INTO recipe_theme(recipe_id, theme_id) VALUES (52, 39);
INSERT INTO recipe_theme(recipe_id, theme_id) VALUES (52, 16);
INSERT INTO recipe_tip(recipe_id, tip_id) VALUES (52, 5);
INSERT INTO recipe_tip(recipe_id, tip_id) VALUES (52, 19);
INSERT INTO recipe_tip(recipe_id, tip_id) VALUES (52, 17);

INSERT INTO recipe(baking, cuisine_id, difficulty, title, recipe_description, prep_time, cook_time, portions, fat_portion, protein_portion, carbo_portion, picture, picture_description) VALUES(1, 11, 5,'Onion Rings', 'Think last control big book space. Part speak himself others right time. Tree certain open before fact bit both. Consumer little relate opportunity. Entire shake could letter interesting budget with.', 125, 20, 4, 5, 60,20, 'https://dummyimage.com/989x700', 'Marriage history try weight group discover knowledge left.');
INSERT INTO recipe_meal_type(recipe_id, meal_type_id) VALUES (53, 4);
INSERT INTO recipe_tag(recipe_id, tag_id) VALUES (53, 44);
INSERT INTO recipe_tag(recipe_id, tag_id) VALUES (53, 19);
INSERT INTO recipe_tag(recipe_id, tag_id) VALUES (53, 54);
INSERT INTO recipe_tag(recipe_id, tag_id) VALUES (53, 92);
INSERT INTO recipe_tag(recipe_id, tag_id) VALUES (53, 60);
INSERT INTO recipe_tag(recipe_id, tag_id) VALUES (53, 86);
INSERT INTO recipe_equipment(recipe_id, equipment_id, num) VALUES (53, 2, 3);
INSERT INTO recipe_equipment(recipe_id, equipment_id, num) VALUES (53, 15, 3);
INSERT INTO recipe_equipment(recipe_id, equipment_id, num) VALUES (53, 8, 1);
INSERT INTO recipe_equipment(recipe_id, equipment_id, num) VALUES (53, 17, 2);
INSERT INTO recipe_equipment(recipe_id, equipment_id, num) VALUES (53, 16, 2);
INSERT INTO recipe_cook(recipe_id, cook_id) VALUES (53, 11);
INSERT INTO recipe_cook(recipe_id, cook_id) VALUES (53, 137);
INSERT INTO recipe_cook(recipe_id, cook_id) VALUES (53, 145);
INSERT INTO recipe_cook(recipe_id, cook_id) VALUES (53, 64);
INSERT INTO recipe_cook(recipe_id, cook_id) VALUES (53, 57);
INSERT INTO recipe_cook(recipe_id, cook_id) VALUES (53, 126);
INSERT INTO recipe_cook(recipe_id, cook_id) VALUES (53, 25);
INSERT INTO recipe_cook(recipe_id, cook_id) VALUES (53, 10);
INSERT INTO recipe_cook(recipe_id, cook_id) VALUES (53, 62);
INSERT INTO recipe_cook(recipe_id, cook_id) VALUES (53, 22);
INSERT INTO recipe_cook(recipe_id, cook_id) VALUES (53, 29);
INSERT INTO recipe_cook(recipe_id, cook_id) VALUES (53, 111);
INSERT INTO recipe_cook(recipe_id, cook_id) VALUES (53, 98);
INSERT INTO recipe_cook(recipe_id, cook_id) VALUES (53, 52);
INSERT INTO recipe_cook(recipe_id, cook_id) VALUES (53, 105);
INSERT INTO recipe_cook(recipe_id, cook_id) VALUES (53, 71);
INSERT INTO recipe_cook(recipe_id, cook_id) VALUES (53, 200);
INSERT INTO recipe_cook(recipe_id, cook_id) VALUES (53, 66);
INSERT INTO recipe_cook(recipe_id, cook_id) VALUES (53, 116);
INSERT INTO recipe_cook(recipe_id, cook_id) VALUES (53, 94);
INSERT INTO recipe_cook(recipe_id, cook_id) VALUES (53, 49);
INSERT INTO recipe_cook(recipe_id, cook_id) VALUES (53, 142);
INSERT INTO recipe_cook(recipe_id, cook_id) VALUES (53, 60);
INSERT INTO recipe_cook(recipe_id, cook_id) VALUES (53, 176);
INSERT INTO recipe_cook(recipe_id, cook_id) VALUES (53, 123);
INSERT INTO recipe_cook(recipe_id, cook_id) VALUES (53, 155);
INSERT INTO recipe_cook(recipe_id, cook_id) VALUES (53, 170);
INSERT INTO recipe_cook(recipe_id, cook_id) VALUES (53, 7);
INSERT INTO recipe_cook(recipe_id, cook_id) VALUES (53, 113);
INSERT INTO recipe_cook(recipe_id, cook_id) VALUES (53, 91);
INSERT INTO recipe_cook(recipe_id, cook_id) VALUES (53, 175);
INSERT INTO recipe_cook(recipe_id, cook_id) VALUES (53, 89);
INSERT INTO recipe_cook(recipe_id, cook_id) VALUES (53, 120);
INSERT INTO recipe_cook(recipe_id, cook_id) VALUES (53, 46);
INSERT INTO recipe_cook(recipe_id, cook_id) VALUES (53, 15);
INSERT INTO recipe_cook(recipe_id, cook_id) VALUES (53, 118);
INSERT INTO recipe_cook(recipe_id, cook_id) VALUES (53, 157);
INSERT INTO recipe_cook(recipe_id, cook_id) VALUES (53, 97);
INSERT INTO recipe_cook(recipe_id, cook_id) VALUES (53, 167);
INSERT INTO recipe_cook(recipe_id, cook_id) VALUES (53, 149);
INSERT INTO recipe_cook(recipe_id, cook_id) VALUES (53, 53);
INSERT INTO recipe_cook(recipe_id, cook_id) VALUES (53, 42);
INSERT INTO recipe_cook(recipe_id, cook_id) VALUES (53, 181);
INSERT INTO recipe_cook(recipe_id, cook_id) VALUES (53, 189);
INSERT INTO recipe_cook(recipe_id, cook_id) VALUES (53, 90);
INSERT INTO recipe_cook(recipe_id, cook_id) VALUES (53, 180);
INSERT INTO recipe_theme(recipe_id, theme_id) VALUES (53, 34);
INSERT INTO recipe_theme(recipe_id, theme_id) VALUES (53, 21);
INSERT INTO recipe_theme(recipe_id, theme_id) VALUES (53, 4);
INSERT INTO recipe_tip(recipe_id, tip_id) VALUES (53, 27);
INSERT INTO recipe_tip(recipe_id, tip_id) VALUES (53, 22);

INSERT INTO recipe(baking, cuisine_id, difficulty, title, recipe_description, prep_time, cook_time, portions, fat_portion, protein_portion, carbo_portion, picture, picture_description) VALUES(1, 14, 2,'Banana Bread', 'Real bill increase think third movement let. About house minute expert mean wrong friend site. Apply TV into attack. Situation agency practice model environment change expect. However be method education decision bill.', 25, 70, 3, 50, 20,20, 'https://placekitten.com/423/432', 'Coach first talk that.');
INSERT INTO recipe_meal_type(recipe_id, meal_type_id) VALUES (54, 1);
INSERT INTO recipe_tag(recipe_id, tag_id) VALUES (54, 75);
INSERT INTO recipe_tag(recipe_id, tag_id) VALUES (54, 22);
INSERT INTO recipe_tag(recipe_id, tag_id) VALUES (54, 56);
INSERT INTO recipe_tag(recipe_id, tag_id) VALUES (54, 8);
INSERT INTO recipe_tag(recipe_id, tag_id) VALUES (54, 36);
INSERT INTO recipe_tag(recipe_id, tag_id) VALUES (54, 41);
INSERT INTO recipe_tag(recipe_id, tag_id) VALUES (54, 94);
INSERT INTO recipe_equipment(recipe_id, equipment_id, num) VALUES (54, 16, 3);
INSERT INTO recipe_equipment(recipe_id, equipment_id, num) VALUES (54, 12, 2);
INSERT INTO recipe_equipment(recipe_id, equipment_id, num) VALUES (54, 2, 4);
INSERT INTO recipe_equipment(recipe_id, equipment_id, num) VALUES (54, 11, 4);
INSERT INTO recipe_cook(recipe_id, cook_id) VALUES (54, 195);
INSERT INTO recipe_cook(recipe_id, cook_id) VALUES (54, 145);
INSERT INTO recipe_cook(recipe_id, cook_id) VALUES (54, 91);
INSERT INTO recipe_cook(recipe_id, cook_id) VALUES (54, 104);
INSERT INTO recipe_cook(recipe_id, cook_id) VALUES (54, 180);
INSERT INTO recipe_cook(recipe_id, cook_id) VALUES (54, 18);
INSERT INTO recipe_cook(recipe_id, cook_id) VALUES (54, 35);
INSERT INTO recipe_cook(recipe_id, cook_id) VALUES (54, 159);
INSERT INTO recipe_cook(recipe_id, cook_id) VALUES (54, 133);
INSERT INTO recipe_cook(recipe_id, cook_id) VALUES (54, 87);
INSERT INTO recipe_cook(recipe_id, cook_id) VALUES (54, 59);
INSERT INTO recipe_cook(recipe_id, cook_id) VALUES (54, 72);
INSERT INTO recipe_cook(recipe_id, cook_id) VALUES (54, 77);
INSERT INTO recipe_cook(recipe_id, cook_id) VALUES (54, 95);
INSERT INTO recipe_cook(recipe_id, cook_id) VALUES (54, 31);
INSERT INTO recipe_cook(recipe_id, cook_id) VALUES (54, 142);
INSERT INTO recipe_cook(recipe_id, cook_id) VALUES (54, 103);
INSERT INTO recipe_cook(recipe_id, cook_id) VALUES (54, 43);
INSERT INTO recipe_cook(recipe_id, cook_id) VALUES (54, 121);
INSERT INTO recipe_cook(recipe_id, cook_id) VALUES (54, 112);
INSERT INTO recipe_cook(recipe_id, cook_id) VALUES (54, 166);
INSERT INTO recipe_cook(recipe_id, cook_id) VALUES (54, 84);
INSERT INTO recipe_cook(recipe_id, cook_id) VALUES (54, 62);
INSERT INTO recipe_cook(recipe_id, cook_id) VALUES (54, 4);
INSERT INTO recipe_cook(recipe_id, cook_id) VALUES (54, 101);
INSERT INTO recipe_cook(recipe_id, cook_id) VALUES (54, 21);
INSERT INTO recipe_cook(recipe_id, cook_id) VALUES (54, 2);
INSERT INTO recipe_cook(recipe_id, cook_id) VALUES (54, 177);
INSERT INTO recipe_cook(recipe_id, cook_id) VALUES (54, 80);
INSERT INTO recipe_cook(recipe_id, cook_id) VALUES (54, 38);
INSERT INTO recipe_cook(recipe_id, cook_id) VALUES (54, 99);
INSERT INTO recipe_cook(recipe_id, cook_id) VALUES (54, 184);
INSERT INTO recipe_cook(recipe_id, cook_id) VALUES (54, 118);
INSERT INTO recipe_cook(recipe_id, cook_id) VALUES (54, 155);
INSERT INTO recipe_cook(recipe_id, cook_id) VALUES (54, 154);
INSERT INTO recipe_cook(recipe_id, cook_id) VALUES (54, 33);
INSERT INTO recipe_cook(recipe_id, cook_id) VALUES (54, 110);
INSERT INTO recipe_cook(recipe_id, cook_id) VALUES (54, 200);
INSERT INTO recipe_cook(recipe_id, cook_id) VALUES (54, 158);
INSERT INTO recipe_cook(recipe_id, cook_id) VALUES (54, 117);
INSERT INTO recipe_cook(recipe_id, cook_id) VALUES (54, 199);
INSERT INTO recipe_cook(recipe_id, cook_id) VALUES (54, 39);
INSERT INTO recipe_cook(recipe_id, cook_id) VALUES (54, 114);
INSERT INTO recipe_cook(recipe_id, cook_id) VALUES (54, 97);
INSERT INTO recipe_cook(recipe_id, cook_id) VALUES (54, 165);
INSERT INTO recipe_cook(recipe_id, cook_id) VALUES (54, 96);
INSERT INTO recipe_cook(recipe_id, cook_id) VALUES (54, 152);
INSERT INTO recipe_cook(recipe_id, cook_id) VALUES (54, 147);
INSERT INTO recipe_cook(recipe_id, cook_id) VALUES (54, 81);
INSERT INTO recipe_cook(recipe_id, cook_id) VALUES (54, 170);
INSERT INTO recipe_cook(recipe_id, cook_id) VALUES (54, 37);
INSERT INTO recipe_cook(recipe_id, cook_id) VALUES (54, 5);
INSERT INTO recipe_cook(recipe_id, cook_id) VALUES (54, 124);
INSERT INTO recipe_cook(recipe_id, cook_id) VALUES (54, 148);
INSERT INTO recipe_cook(recipe_id, cook_id) VALUES (54, 168);
INSERT INTO recipe_cook(recipe_id, cook_id) VALUES (54, 119);
INSERT INTO recipe_cook(recipe_id, cook_id) VALUES (54, 82);
INSERT INTO recipe_cook(recipe_id, cook_id) VALUES (54, 115);
INSERT INTO recipe_cook(recipe_id, cook_id) VALUES (54, 167);
INSERT INTO recipe_cook(recipe_id, cook_id) VALUES (54, 24);
INSERT INTO recipe_cook(recipe_id, cook_id) VALUES (54, 137);
INSERT INTO recipe_cook(recipe_id, cook_id) VALUES (54, 111);
INSERT INTO recipe_cook(recipe_id, cook_id) VALUES (54, 187);
INSERT INTO recipe_cook(recipe_id, cook_id) VALUES (54, 100);
INSERT INTO recipe_cook(recipe_id, cook_id) VALUES (54, 193);
INSERT INTO recipe_cook(recipe_id, cook_id) VALUES (54, 41);
INSERT INTO recipe_cook(recipe_id, cook_id) VALUES (54, 149);
INSERT INTO recipe_cook(recipe_id, cook_id) VALUES (54, 70);
INSERT INTO recipe_cook(recipe_id, cook_id) VALUES (54, 150);
INSERT INTO recipe_cook(recipe_id, cook_id) VALUES (54, 116);
INSERT INTO recipe_cook(recipe_id, cook_id) VALUES (54, 179);
INSERT INTO recipe_cook(recipe_id, cook_id) VALUES (54, 88);
INSERT INTO recipe_cook(recipe_id, cook_id) VALUES (54, 28);
INSERT INTO recipe_cook(recipe_id, cook_id) VALUES (54, 90);
INSERT INTO recipe_cook(recipe_id, cook_id) VALUES (54, 53);
INSERT INTO recipe_cook(recipe_id, cook_id) VALUES (54, 198);
INSERT INTO recipe_cook(recipe_id, cook_id) VALUES (54, 132);
INSERT INTO recipe_cook(recipe_id, cook_id) VALUES (54, 71);
INSERT INTO recipe_cook(recipe_id, cook_id) VALUES (54, 67);
INSERT INTO recipe_cook(recipe_id, cook_id) VALUES (54, 138);
INSERT INTO recipe_cook(recipe_id, cook_id) VALUES (54, 44);
INSERT INTO recipe_cook(recipe_id, cook_id) VALUES (54, 141);
INSERT INTO recipe_cook(recipe_id, cook_id) VALUES (54, 52);
INSERT INTO recipe_cook(recipe_id, cook_id) VALUES (54, 49);
INSERT INTO recipe_cook(recipe_id, cook_id) VALUES (54, 143);
INSERT INTO recipe_cook(recipe_id, cook_id) VALUES (54, 160);
INSERT INTO recipe_cook(recipe_id, cook_id) VALUES (54, 190);
INSERT INTO recipe_cook(recipe_id, cook_id) VALUES (54, 197);
INSERT INTO recipe_cook(recipe_id, cook_id) VALUES (54, 98);
INSERT INTO recipe_cook(recipe_id, cook_id) VALUES (54, 92);
INSERT INTO recipe_cook(recipe_id, cook_id) VALUES (54, 22);
INSERT INTO recipe_cook(recipe_id, cook_id) VALUES (54, 129);
INSERT INTO recipe_cook(recipe_id, cook_id) VALUES (54, 68);
INSERT INTO recipe_cook(recipe_id, cook_id) VALUES (54, 102);
INSERT INTO recipe_cook(recipe_id, cook_id) VALUES (54, 13);
INSERT INTO recipe_cook(recipe_id, cook_id) VALUES (54, 9);
INSERT INTO recipe_cook(recipe_id, cook_id) VALUES (54, 64);
INSERT INTO recipe_cook(recipe_id, cook_id) VALUES (54, 94);
INSERT INTO recipe_cook(recipe_id, cook_id) VALUES (54, 55);
INSERT INTO recipe_cook(recipe_id, cook_id) VALUES (54, 36);
INSERT INTO recipe_cook(recipe_id, cook_id) VALUES (54, 40);
INSERT INTO recipe_cook(recipe_id, cook_id) VALUES (54, 66);
INSERT INTO recipe_cook(recipe_id, cook_id) VALUES (54, 120);
INSERT INTO recipe_cook(recipe_id, cook_id) VALUES (54, 113);
INSERT INTO recipe_cook(recipe_id, cook_id) VALUES (54, 108);
INSERT INTO recipe_cook(recipe_id, cook_id) VALUES (54, 85);
INSERT INTO recipe_cook(recipe_id, cook_id) VALUES (54, 144);
INSERT INTO recipe_cook(recipe_id, cook_id) VALUES (54, 3);
INSERT INTO recipe_cook(recipe_id, cook_id) VALUES (54, 136);
INSERT INTO recipe_cook(recipe_id, cook_id) VALUES (54, 56);
INSERT INTO recipe_cook(recipe_id, cook_id) VALUES (54, 16);
INSERT INTO recipe_cook(recipe_id, cook_id) VALUES (54, 46);
INSERT INTO recipe_cook(recipe_id, cook_id) VALUES (54, 78);
INSERT INTO recipe_cook(recipe_id, cook_id) VALUES (54, 162);
INSERT INTO recipe_cook(recipe_id, cook_id) VALUES (54, 109);
INSERT INTO recipe_cook(recipe_id, cook_id) VALUES (54, 185);
INSERT INTO recipe_cook(recipe_id, cook_id) VALUES (54, 151);
INSERT INTO recipe_cook(recipe_id, cook_id) VALUES (54, 169);
INSERT INTO recipe_theme(recipe_id, theme_id) VALUES (54, 20);
INSERT INTO recipe_tip(recipe_id, tip_id) VALUES (54, 11);

INSERT INTO recipe(baking, cuisine_id, difficulty, title, recipe_description, prep_time, cook_time, portions, fat_portion, protein_portion, carbo_portion, picture, picture_description) VALUES(1, 45, 5,'Stuffed Bell Peppers', 'Gun story sound. Some help treatment option message speak. Fill into theory build magazine visit.', 65, 0, 3, 0, 5,55, 'https://dummyimage.com/355x259', 'Next open idea model camera piece sea.');
INSERT INTO recipe_meal_type(recipe_id, meal_type_id) VALUES (55, 4);
INSERT INTO recipe_tag(recipe_id, tag_id) VALUES (55, 80);
INSERT INTO recipe_tag(recipe_id, tag_id) VALUES (55, 99);
INSERT INTO recipe_tag(recipe_id, tag_id) VALUES (55, 41);
INSERT INTO recipe_tag(recipe_id, tag_id) VALUES (55, 97);
INSERT INTO recipe_tag(recipe_id, tag_id) VALUES (55, 60);
INSERT INTO recipe_equipment(recipe_id, equipment_id, num) VALUES (55, 11, 2);
INSERT INTO recipe_equipment(recipe_id, equipment_id, num) VALUES (55, 2, 1);
INSERT INTO recipe_equipment(recipe_id, equipment_id, num) VALUES (55, 4, 3);
INSERT INTO recipe_equipment(recipe_id, equipment_id, num) VALUES (55, 9, 3);
INSERT INTO recipe_equipment(recipe_id, equipment_id, num) VALUES (55, 1, 3);
INSERT INTO recipe_equipment(recipe_id, equipment_id, num) VALUES (55, 17, 2);
INSERT INTO recipe_equipment(recipe_id, equipment_id, num) VALUES (55, 3, 2);
INSERT INTO recipe_cook(recipe_id, cook_id) VALUES (55, 159);
INSERT INTO recipe_cook(recipe_id, cook_id) VALUES (55, 200);
INSERT INTO recipe_cook(recipe_id, cook_id) VALUES (55, 57);
INSERT INTO recipe_cook(recipe_id, cook_id) VALUES (55, 74);
INSERT INTO recipe_cook(recipe_id, cook_id) VALUES (55, 33);
INSERT INTO recipe_cook(recipe_id, cook_id) VALUES (55, 71);
INSERT INTO recipe_cook(recipe_id, cook_id) VALUES (55, 84);
INSERT INTO recipe_cook(recipe_id, cook_id) VALUES (55, 73);
INSERT INTO recipe_cook(recipe_id, cook_id) VALUES (55, 174);
INSERT INTO recipe_cook(recipe_id, cook_id) VALUES (55, 198);
INSERT INTO recipe_cook(recipe_id, cook_id) VALUES (55, 8);
INSERT INTO recipe_cook(recipe_id, cook_id) VALUES (55, 183);
INSERT INTO recipe_cook(recipe_id, cook_id) VALUES (55, 81);
INSERT INTO recipe_cook(recipe_id, cook_id) VALUES (55, 129);
INSERT INTO recipe_cook(recipe_id, cook_id) VALUES (55, 64);
INSERT INTO recipe_cook(recipe_id, cook_id) VALUES (55, 5);
INSERT INTO recipe_cook(recipe_id, cook_id) VALUES (55, 126);
INSERT INTO recipe_cook(recipe_id, cook_id) VALUES (55, 83);
INSERT INTO recipe_cook(recipe_id, cook_id) VALUES (55, 117);
INSERT INTO recipe_cook(recipe_id, cook_id) VALUES (55, 136);
INSERT INTO recipe_cook(recipe_id, cook_id) VALUES (55, 193);
INSERT INTO recipe_cook(recipe_id, cook_id) VALUES (55, 149);
INSERT INTO recipe_cook(recipe_id, cook_id) VALUES (55, 20);
INSERT INTO recipe_cook(recipe_id, cook_id) VALUES (55, 155);
INSERT INTO recipe_cook(recipe_id, cook_id) VALUES (55, 21);
INSERT INTO recipe_cook(recipe_id, cook_id) VALUES (55, 35);
INSERT INTO recipe_cook(recipe_id, cook_id) VALUES (55, 178);
INSERT INTO recipe_cook(recipe_id, cook_id) VALUES (55, 120);
INSERT INTO recipe_theme(recipe_id, theme_id) VALUES (55, 39);
INSERT INTO recipe_tip(recipe_id, tip_id) VALUES (55, 39);
INSERT INTO recipe_tip(recipe_id, tip_id) VALUES (55, 3);
INSERT INTO recipe_tip(recipe_id, tip_id) VALUES (55, 12);

INSERT INTO recipe(baking, cuisine_id, difficulty, title, recipe_description, prep_time, cook_time, portions, fat_portion, protein_portion, carbo_portion, picture, picture_description) VALUES(0, 16, 4,'Tzatziki', 'Well like particularly offer. Team true general.', 115, 30, 1, 50, 30,80, 'https://placekitten.com/169/409', 'Hope off director fall.');
INSERT INTO recipe_meal_type(recipe_id, meal_type_id) VALUES (56, 1);
INSERT INTO recipe_tag(recipe_id, tag_id) VALUES (56, 92);
INSERT INTO recipe_tag(recipe_id, tag_id) VALUES (56, 7);
INSERT INTO recipe_tag(recipe_id, tag_id) VALUES (56, 64);
INSERT INTO recipe_tag(recipe_id, tag_id) VALUES (56, 22);
INSERT INTO recipe_tag(recipe_id, tag_id) VALUES (56, 40);
INSERT INTO recipe_equipment(recipe_id, equipment_id, num) VALUES (56, 2, 1);
INSERT INTO recipe_equipment(recipe_id, equipment_id, num) VALUES (56, 4, 2);
INSERT INTO recipe_equipment(recipe_id, equipment_id, num) VALUES (56, 20, 2);
INSERT INTO recipe_equipment(recipe_id, equipment_id, num) VALUES (56, 1, 4);
INSERT INTO recipe_cook(recipe_id, cook_id) VALUES (56, 124);
INSERT INTO recipe_cook(recipe_id, cook_id) VALUES (56, 24);
INSERT INTO recipe_cook(recipe_id, cook_id) VALUES (56, 77);
INSERT INTO recipe_cook(recipe_id, cook_id) VALUES (56, 149);
INSERT INTO recipe_cook(recipe_id, cook_id) VALUES (56, 96);
INSERT INTO recipe_cook(recipe_id, cook_id) VALUES (56, 18);
INSERT INTO recipe_cook(recipe_id, cook_id) VALUES (56, 114);
INSERT INTO recipe_cook(recipe_id, cook_id) VALUES (56, 82);
INSERT INTO recipe_cook(recipe_id, cook_id) VALUES (56, 193);
INSERT INTO recipe_cook(recipe_id, cook_id) VALUES (56, 106);
INSERT INTO recipe_cook(recipe_id, cook_id) VALUES (56, 10);
INSERT INTO recipe_cook(recipe_id, cook_id) VALUES (56, 125);
INSERT INTO recipe_cook(recipe_id, cook_id) VALUES (56, 107);
INSERT INTO recipe_cook(recipe_id, cook_id) VALUES (56, 31);
INSERT INTO recipe_cook(recipe_id, cook_id) VALUES (56, 171);
INSERT INTO recipe_cook(recipe_id, cook_id) VALUES (56, 14);
INSERT INTO recipe_cook(recipe_id, cook_id) VALUES (56, 22);
INSERT INTO recipe_cook(recipe_id, cook_id) VALUES (56, 42);
INSERT INTO recipe_cook(recipe_id, cook_id) VALUES (56, 165);
INSERT INTO recipe_cook(recipe_id, cook_id) VALUES (56, 34);
INSERT INTO recipe_cook(recipe_id, cook_id) VALUES (56, 184);
INSERT INTO recipe_cook(recipe_id, cook_id) VALUES (56, 130);
INSERT INTO recipe_cook(recipe_id, cook_id) VALUES (56, 19);
INSERT INTO recipe_cook(recipe_id, cook_id) VALUES (56, 86);
INSERT INTO recipe_cook(recipe_id, cook_id) VALUES (56, 39);
INSERT INTO recipe_cook(recipe_id, cook_id) VALUES (56, 70);
INSERT INTO recipe_cook(recipe_id, cook_id) VALUES (56, 104);
INSERT INTO recipe_cook(recipe_id, cook_id) VALUES (56, 127);
INSERT INTO recipe_cook(recipe_id, cook_id) VALUES (56, 195);
INSERT INTO recipe_cook(recipe_id, cook_id) VALUES (56, 150);
INSERT INTO recipe_cook(recipe_id, cook_id) VALUES (56, 35);
INSERT INTO recipe_cook(recipe_id, cook_id) VALUES (56, 177);
INSERT INTO recipe_cook(recipe_id, cook_id) VALUES (56, 175);
INSERT INTO recipe_cook(recipe_id, cook_id) VALUES (56, 169);
INSERT INTO recipe_cook(recipe_id, cook_id) VALUES (56, 45);
INSERT INTO recipe_cook(recipe_id, cook_id) VALUES (56, 190);
INSERT INTO recipe_cook(recipe_id, cook_id) VALUES (56, 43);
INSERT INTO recipe_cook(recipe_id, cook_id) VALUES (56, 62);
INSERT INTO recipe_cook(recipe_id, cook_id) VALUES (56, 4);
INSERT INTO recipe_cook(recipe_id, cook_id) VALUES (56, 129);
INSERT INTO recipe_cook(recipe_id, cook_id) VALUES (56, 135);
INSERT INTO recipe_cook(recipe_id, cook_id) VALUES (56, 63);
INSERT INTO recipe_cook(recipe_id, cook_id) VALUES (56, 141);
INSERT INTO recipe_cook(recipe_id, cook_id) VALUES (56, 180);
INSERT INTO recipe_cook(recipe_id, cook_id) VALUES (56, 179);
INSERT INTO recipe_cook(recipe_id, cook_id) VALUES (56, 167);
INSERT INTO recipe_cook(recipe_id, cook_id) VALUES (56, 71);
INSERT INTO recipe_cook(recipe_id, cook_id) VALUES (56, 72);
INSERT INTO recipe_cook(recipe_id, cook_id) VALUES (56, 170);
INSERT INTO recipe_cook(recipe_id, cook_id) VALUES (56, 164);
INSERT INTO recipe_cook(recipe_id, cook_id) VALUES (56, 189);
INSERT INTO recipe_cook(recipe_id, cook_id) VALUES (56, 84);
INSERT INTO recipe_cook(recipe_id, cook_id) VALUES (56, 75);
INSERT INTO recipe_cook(recipe_id, cook_id) VALUES (56, 176);
INSERT INTO recipe_cook(recipe_id, cook_id) VALUES (56, 51);
INSERT INTO recipe_cook(recipe_id, cook_id) VALUES (56, 61);
INSERT INTO recipe_cook(recipe_id, cook_id) VALUES (56, 146);
INSERT INTO recipe_cook(recipe_id, cook_id) VALUES (56, 139);
INSERT INTO recipe_cook(recipe_id, cook_id) VALUES (56, 78);
INSERT INTO recipe_cook(recipe_id, cook_id) VALUES (56, 3);
INSERT INTO recipe_cook(recipe_id, cook_id) VALUES (56, 33);
INSERT INTO recipe_cook(recipe_id, cook_id) VALUES (56, 92);
INSERT INTO recipe_cook(recipe_id, cook_id) VALUES (56, 40);
INSERT INTO recipe_cook(recipe_id, cook_id) VALUES (56, 111);
INSERT INTO recipe_cook(recipe_id, cook_id) VALUES (56, 178);
INSERT INTO recipe_cook(recipe_id, cook_id) VALUES (56, 64);
INSERT INTO recipe_cook(recipe_id, cook_id) VALUES (56, 32);
INSERT INTO recipe_cook(recipe_id, cook_id) VALUES (56, 187);
INSERT INTO recipe_cook(recipe_id, cook_id) VALUES (56, 162);
INSERT INTO recipe_cook(recipe_id, cook_id) VALUES (56, 58);
INSERT INTO recipe_cook(recipe_id, cook_id) VALUES (56, 131);
INSERT INTO recipe_cook(recipe_id, cook_id) VALUES (56, 13);
INSERT INTO recipe_cook(recipe_id, cook_id) VALUES (56, 53);
INSERT INTO recipe_cook(recipe_id, cook_id) VALUES (56, 20);
INSERT INTO recipe_cook(recipe_id, cook_id) VALUES (56, 140);
INSERT INTO recipe_cook(recipe_id, cook_id) VALUES (56, 137);
INSERT INTO recipe_cook(recipe_id, cook_id) VALUES (56, 153);
INSERT INTO recipe_cook(recipe_id, cook_id) VALUES (56, 112);
INSERT INTO recipe_cook(recipe_id, cook_id) VALUES (56, 59);
INSERT INTO recipe_cook(recipe_id, cook_id) VALUES (56, 110);
INSERT INTO recipe_cook(recipe_id, cook_id) VALUES (56, 56);
INSERT INTO recipe_cook(recipe_id, cook_id) VALUES (56, 122);
INSERT INTO recipe_cook(recipe_id, cook_id) VALUES (56, 109);
INSERT INTO recipe_cook(recipe_id, cook_id) VALUES (56, 166);
INSERT INTO recipe_cook(recipe_id, cook_id) VALUES (56, 8);
INSERT INTO recipe_cook(recipe_id, cook_id) VALUES (56, 118);
INSERT INTO recipe_cook(recipe_id, cook_id) VALUES (56, 52);
INSERT INTO recipe_cook(recipe_id, cook_id) VALUES (56, 80);
INSERT INTO recipe_cook(recipe_id, cook_id) VALUES (56, 41);
INSERT INTO recipe_cook(recipe_id, cook_id) VALUES (56, 81);
INSERT INTO recipe_cook(recipe_id, cook_id) VALUES (56, 181);
INSERT INTO recipe_cook(recipe_id, cook_id) VALUES (56, 54);
INSERT INTO recipe_cook(recipe_id, cook_id) VALUES (56, 79);
INSERT INTO recipe_cook(recipe_id, cook_id) VALUES (56, 98);
INSERT INTO recipe_cook(recipe_id, cook_id) VALUES (56, 67);
INSERT INTO recipe_cook(recipe_id, cook_id) VALUES (56, 120);
INSERT INTO recipe_cook(recipe_id, cook_id) VALUES (56, 57);
INSERT INTO recipe_cook(recipe_id, cook_id) VALUES (56, 123);
INSERT INTO recipe_cook(recipe_id, cook_id) VALUES (56, 85);
INSERT INTO recipe_cook(recipe_id, cook_id) VALUES (56, 66);
INSERT INTO recipe_cook(recipe_id, cook_id) VALUES (56, 36);
INSERT INTO recipe_cook(recipe_id, cook_id) VALUES (56, 28);
INSERT INTO recipe_cook(recipe_id, cook_id) VALUES (56, 152);
INSERT INTO recipe_cook(recipe_id, cook_id) VALUES (56, 7);
INSERT INTO recipe_cook(recipe_id, cook_id) VALUES (56, 200);
INSERT INTO recipe_cook(recipe_id, cook_id) VALUES (56, 188);
INSERT INTO recipe_cook(recipe_id, cook_id) VALUES (56, 44);
INSERT INTO recipe_cook(recipe_id, cook_id) VALUES (56, 69);
INSERT INTO recipe_cook(recipe_id, cook_id) VALUES (56, 91);
INSERT INTO recipe_cook(recipe_id, cook_id) VALUES (56, 136);
INSERT INTO recipe_cook(recipe_id, cook_id) VALUES (56, 186);
INSERT INTO recipe_cook(recipe_id, cook_id) VALUES (56, 21);
INSERT INTO recipe_cook(recipe_id, cook_id) VALUES (56, 159);
INSERT INTO recipe_cook(recipe_id, cook_id) VALUES (56, 65);
INSERT INTO recipe_cook(recipe_id, cook_id) VALUES (56, 151);
INSERT INTO recipe_cook(recipe_id, cook_id) VALUES (56, 108);
INSERT INTO recipe_cook(recipe_id, cook_id) VALUES (56, 49);
INSERT INTO recipe_cook(recipe_id, cook_id) VALUES (56, 158);
INSERT INTO recipe_cook(recipe_id, cook_id) VALUES (56, 117);
INSERT INTO recipe_cook(recipe_id, cook_id) VALUES (56, 87);
INSERT INTO recipe_cook(recipe_id, cook_id) VALUES (56, 183);
INSERT INTO recipe_cook(recipe_id, cook_id) VALUES (56, 128);
INSERT INTO recipe_cook(recipe_id, cook_id) VALUES (56, 157);
INSERT INTO recipe_cook(recipe_id, cook_id) VALUES (56, 73);
INSERT INTO recipe_cook(recipe_id, cook_id) VALUES (56, 172);
INSERT INTO recipe_cook(recipe_id, cook_id) VALUES (56, 94);
INSERT INTO recipe_cook(recipe_id, cook_id) VALUES (56, 155);
INSERT INTO recipe_cook(recipe_id, cook_id) VALUES (56, 192);
INSERT INTO recipe_cook(recipe_id, cook_id) VALUES (56, 15);
INSERT INTO recipe_cook(recipe_id, cook_id) VALUES (56, 168);
INSERT INTO recipe_cook(recipe_id, cook_id) VALUES (56, 115);
INSERT INTO recipe_cook(recipe_id, cook_id) VALUES (56, 142);
INSERT INTO recipe_cook(recipe_id, cook_id) VALUES (56, 133);
INSERT INTO recipe_cook(recipe_id, cook_id) VALUES (56, 11);
INSERT INTO recipe_cook(recipe_id, cook_id) VALUES (56, 60);
INSERT INTO recipe_cook(recipe_id, cook_id) VALUES (56, 103);
INSERT INTO recipe_cook(recipe_id, cook_id) VALUES (56, 1);
INSERT INTO recipe_cook(recipe_id, cook_id) VALUES (56, 194);
INSERT INTO recipe_cook(recipe_id, cook_id) VALUES (56, 17);
INSERT INTO recipe_cook(recipe_id, cook_id) VALUES (56, 126);
INSERT INTO recipe_cook(recipe_id, cook_id) VALUES (56, 105);
INSERT INTO recipe_cook(recipe_id, cook_id) VALUES (56, 38);
INSERT INTO recipe_cook(recipe_id, cook_id) VALUES (56, 16);
INSERT INTO recipe_cook(recipe_id, cook_id) VALUES (56, 83);
INSERT INTO recipe_cook(recipe_id, cook_id) VALUES (56, 76);
INSERT INTO recipe_cook(recipe_id, cook_id) VALUES (56, 132);
INSERT INTO recipe_cook(recipe_id, cook_id) VALUES (56, 47);
INSERT INTO recipe_cook(recipe_id, cook_id) VALUES (56, 138);
INSERT INTO recipe_cook(recipe_id, cook_id) VALUES (56, 148);
INSERT INTO recipe_cook(recipe_id, cook_id) VALUES (56, 198);
INSERT INTO recipe_cook(recipe_id, cook_id) VALUES (56, 26);
INSERT INTO recipe_cook(recipe_id, cook_id) VALUES (56, 119);
INSERT INTO recipe_cook(recipe_id, cook_id) VALUES (56, 2);
INSERT INTO recipe_cook(recipe_id, cook_id) VALUES (56, 102);
INSERT INTO recipe_cook(recipe_id, cook_id) VALUES (56, 46);
INSERT INTO recipe_cook(recipe_id, cook_id) VALUES (56, 9);
INSERT INTO recipe_cook(recipe_id, cook_id) VALUES (56, 174);
INSERT INTO recipe_cook(recipe_id, cook_id) VALUES (56, 30);
INSERT INTO recipe_cook(recipe_id, cook_id) VALUES (56, 100);
INSERT INTO recipe_cook(recipe_id, cook_id) VALUES (56, 173);
INSERT INTO recipe_cook(recipe_id, cook_id) VALUES (56, 12);
INSERT INTO recipe_cook(recipe_id, cook_id) VALUES (56, 68);
INSERT INTO recipe_cook(recipe_id, cook_id) VALUES (56, 97);
INSERT INTO recipe_cook(recipe_id, cook_id) VALUES (56, 144);
INSERT INTO recipe_cook(recipe_id, cook_id) VALUES (56, 182);
INSERT INTO recipe_cook(recipe_id, cook_id) VALUES (56, 93);
INSERT INTO recipe_cook(recipe_id, cook_id) VALUES (56, 50);
INSERT INTO recipe_cook(recipe_id, cook_id) VALUES (56, 23);
INSERT INTO recipe_cook(recipe_id, cook_id) VALUES (56, 134);
INSERT INTO recipe_cook(recipe_id, cook_id) VALUES (56, 154);
INSERT INTO recipe_cook(recipe_id, cook_id) VALUES (56, 121);
INSERT INTO recipe_cook(recipe_id, cook_id) VALUES (56, 89);
INSERT INTO recipe_cook(recipe_id, cook_id) VALUES (56, 145);
INSERT INTO recipe_cook(recipe_id, cook_id) VALUES (56, 99);
INSERT INTO recipe_cook(recipe_id, cook_id) VALUES (56, 27);
INSERT INTO recipe_cook(recipe_id, cook_id) VALUES (56, 55);
INSERT INTO recipe_cook(recipe_id, cook_id) VALUES (56, 88);
INSERT INTO recipe_cook(recipe_id, cook_id) VALUES (56, 6);
INSERT INTO recipe_cook(recipe_id, cook_id) VALUES (56, 29);
INSERT INTO recipe_cook(recipe_id, cook_id) VALUES (56, 95);
INSERT INTO recipe_cook(recipe_id, cook_id) VALUES (56, 199);
INSERT INTO recipe_cook(recipe_id, cook_id) VALUES (56, 185);
INSERT INTO recipe_cook(recipe_id, cook_id) VALUES (56, 74);
INSERT INTO recipe_cook(recipe_id, cook_id) VALUES (56, 5);
INSERT INTO recipe_cook(recipe_id, cook_id) VALUES (56, 191);
INSERT INTO recipe_cook(recipe_id, cook_id) VALUES (56, 116);
INSERT INTO recipe_cook(recipe_id, cook_id) VALUES (56, 25);
INSERT INTO recipe_cook(recipe_id, cook_id) VALUES (56, 161);
INSERT INTO recipe_cook(recipe_id, cook_id) VALUES (56, 197);
INSERT INTO recipe_cook(recipe_id, cook_id) VALUES (56, 143);
INSERT INTO recipe_cook(recipe_id, cook_id) VALUES (56, 90);
INSERT INTO recipe_cook(recipe_id, cook_id) VALUES (56, 147);
INSERT INTO recipe_cook(recipe_id, cook_id) VALUES (56, 113);
INSERT INTO recipe_cook(recipe_id, cook_id) VALUES (56, 48);
INSERT INTO recipe_cook(recipe_id, cook_id) VALUES (56, 196);
INSERT INTO recipe_cook(recipe_id, cook_id) VALUES (56, 156);
INSERT INTO recipe_cook(recipe_id, cook_id) VALUES (56, 160);
INSERT INTO recipe_cook(recipe_id, cook_id) VALUES (56, 101);
INSERT INTO recipe_theme(recipe_id, theme_id) VALUES (56, 31);
INSERT INTO recipe_tip(recipe_id, tip_id) VALUES (56, 25);
INSERT INTO recipe_tip(recipe_id, tip_id) VALUES (56, 8);

INSERT INTO recipe(baking, cuisine_id, difficulty, title, recipe_description, prep_time, cook_time, portions, fat_portion, protein_portion, carbo_portion, picture, picture_description) VALUES(0, 12, 2,'Deviled Eggs', 'Him truth debate note career cut program. Require mouth similar hit big get magazine seem. Allow clearly baby group fine. Glass word walk seat increase.', 115, 70, 3, 30, 45,65, 'https://dummyimage.com/389x188', 'Party quality least measure always.');
INSERT INTO recipe_meal_type(recipe_id, meal_type_id) VALUES (57, 2);
INSERT INTO recipe_tag(recipe_id, tag_id) VALUES (57, 78);
INSERT INTO recipe_tag(recipe_id, tag_id) VALUES (57, 38);
INSERT INTO recipe_tag(recipe_id, tag_id) VALUES (57, 47);
INSERT INTO recipe_tag(recipe_id, tag_id) VALUES (57, 56);
INSERT INTO recipe_tag(recipe_id, tag_id) VALUES (57, 93);
INSERT INTO recipe_tag(recipe_id, tag_id) VALUES (57, 97);
INSERT INTO recipe_tag(recipe_id, tag_id) VALUES (57, 26);
INSERT INTO recipe_tag(recipe_id, tag_id) VALUES (57, 39);
INSERT INTO recipe_equipment(recipe_id, equipment_id, num) VALUES (57, 4, 4);
INSERT INTO recipe_equipment(recipe_id, equipment_id, num) VALUES (57, 16, 3);
INSERT INTO recipe_equipment(recipe_id, equipment_id, num) VALUES (57, 1, 2);
INSERT INTO recipe_equipment(recipe_id, equipment_id, num) VALUES (57, 10, 1);
INSERT INTO recipe_equipment(recipe_id, equipment_id, num) VALUES (57, 6, 1);
INSERT INTO recipe_cook(recipe_id, cook_id) VALUES (57, 133);
INSERT INTO recipe_cook(recipe_id, cook_id) VALUES (57, 12);
INSERT INTO recipe_cook(recipe_id, cook_id) VALUES (57, 27);
INSERT INTO recipe_cook(recipe_id, cook_id) VALUES (57, 1);
INSERT INTO recipe_cook(recipe_id, cook_id) VALUES (57, 49);
INSERT INTO recipe_cook(recipe_id, cook_id) VALUES (57, 33);
INSERT INTO recipe_cook(recipe_id, cook_id) VALUES (57, 13);
INSERT INTO recipe_cook(recipe_id, cook_id) VALUES (57, 163);
INSERT INTO recipe_cook(recipe_id, cook_id) VALUES (57, 14);
INSERT INTO recipe_cook(recipe_id, cook_id) VALUES (57, 103);
INSERT INTO recipe_cook(recipe_id, cook_id) VALUES (57, 63);
INSERT INTO recipe_cook(recipe_id, cook_id) VALUES (57, 35);
INSERT INTO recipe_cook(recipe_id, cook_id) VALUES (57, 177);
INSERT INTO recipe_cook(recipe_id, cook_id) VALUES (57, 5);
INSERT INTO recipe_cook(recipe_id, cook_id) VALUES (57, 88);
INSERT INTO recipe_cook(recipe_id, cook_id) VALUES (57, 180);
INSERT INTO recipe_cook(recipe_id, cook_id) VALUES (57, 155);
INSERT INTO recipe_cook(recipe_id, cook_id) VALUES (57, 78);
INSERT INTO recipe_cook(recipe_id, cook_id) VALUES (57, 84);
INSERT INTO recipe_cook(recipe_id, cook_id) VALUES (57, 94);
INSERT INTO recipe_cook(recipe_id, cook_id) VALUES (57, 200);
INSERT INTO recipe_cook(recipe_id, cook_id) VALUES (57, 62);
INSERT INTO recipe_cook(recipe_id, cook_id) VALUES (57, 67);
INSERT INTO recipe_cook(recipe_id, cook_id) VALUES (57, 158);
INSERT INTO recipe_cook(recipe_id, cook_id) VALUES (57, 128);
INSERT INTO recipe_cook(recipe_id, cook_id) VALUES (57, 3);
INSERT INTO recipe_cook(recipe_id, cook_id) VALUES (57, 139);
INSERT INTO recipe_cook(recipe_id, cook_id) VALUES (57, 17);
INSERT INTO recipe_cook(recipe_id, cook_id) VALUES (57, 105);
INSERT INTO recipe_cook(recipe_id, cook_id) VALUES (57, 109);
INSERT INTO recipe_cook(recipe_id, cook_id) VALUES (57, 42);
INSERT INTO recipe_cook(recipe_id, cook_id) VALUES (57, 126);
INSERT INTO recipe_cook(recipe_id, cook_id) VALUES (57, 110);
INSERT INTO recipe_cook(recipe_id, cook_id) VALUES (57, 44);
INSERT INTO recipe_cook(recipe_id, cook_id) VALUES (57, 34);
INSERT INTO recipe_cook(recipe_id, cook_id) VALUES (57, 125);
INSERT INTO recipe_cook(recipe_id, cook_id) VALUES (57, 129);
INSERT INTO recipe_cook(recipe_id, cook_id) VALUES (57, 136);
INSERT INTO recipe_cook(recipe_id, cook_id) VALUES (57, 72);
INSERT INTO recipe_cook(recipe_id, cook_id) VALUES (57, 147);
INSERT INTO recipe_cook(recipe_id, cook_id) VALUES (57, 184);
INSERT INTO recipe_cook(recipe_id, cook_id) VALUES (57, 61);
INSERT INTO recipe_cook(recipe_id, cook_id) VALUES (57, 181);
INSERT INTO recipe_cook(recipe_id, cook_id) VALUES (57, 182);
INSERT INTO recipe_cook(recipe_id, cook_id) VALUES (57, 22);
INSERT INTO recipe_cook(recipe_id, cook_id) VALUES (57, 20);
INSERT INTO recipe_cook(recipe_id, cook_id) VALUES (57, 148);
INSERT INTO recipe_cook(recipe_id, cook_id) VALUES (57, 171);
INSERT INTO recipe_cook(recipe_id, cook_id) VALUES (57, 146);
INSERT INTO recipe_cook(recipe_id, cook_id) VALUES (57, 15);
INSERT INTO recipe_cook(recipe_id, cook_id) VALUES (57, 39);
INSERT INTO recipe_cook(recipe_id, cook_id) VALUES (57, 23);
INSERT INTO recipe_cook(recipe_id, cook_id) VALUES (57, 87);
INSERT INTO recipe_cook(recipe_id, cook_id) VALUES (57, 8);
INSERT INTO recipe_cook(recipe_id, cook_id) VALUES (57, 145);
INSERT INTO recipe_cook(recipe_id, cook_id) VALUES (57, 189);
INSERT INTO recipe_cook(recipe_id, cook_id) VALUES (57, 159);
INSERT INTO recipe_cook(recipe_id, cook_id) VALUES (57, 112);
INSERT INTO recipe_cook(recipe_id, cook_id) VALUES (57, 176);
INSERT INTO recipe_cook(recipe_id, cook_id) VALUES (57, 48);
INSERT INTO recipe_cook(recipe_id, cook_id) VALUES (57, 197);
INSERT INTO recipe_cook(recipe_id, cook_id) VALUES (57, 141);
INSERT INTO recipe_cook(recipe_id, cook_id) VALUES (57, 41);
INSERT INTO recipe_cook(recipe_id, cook_id) VALUES (57, 172);
INSERT INTO recipe_cook(recipe_id, cook_id) VALUES (57, 99);
INSERT INTO recipe_cook(recipe_id, cook_id) VALUES (57, 95);
INSERT INTO recipe_cook(recipe_id, cook_id) VALUES (57, 66);
INSERT INTO recipe_cook(recipe_id, cook_id) VALUES (57, 150);
INSERT INTO recipe_cook(recipe_id, cook_id) VALUES (57, 165);
INSERT INTO recipe_cook(recipe_id, cook_id) VALUES (57, 45);
INSERT INTO recipe_cook(recipe_id, cook_id) VALUES (57, 71);
INSERT INTO recipe_cook(recipe_id, cook_id) VALUES (57, 50);
INSERT INTO recipe_cook(recipe_id, cook_id) VALUES (57, 83);
INSERT INTO recipe_cook(recipe_id, cook_id) VALUES (57, 187);
INSERT INTO recipe_cook(recipe_id, cook_id) VALUES (57, 80);
INSERT INTO recipe_cook(recipe_id, cook_id) VALUES (57, 116);
INSERT INTO recipe_cook(recipe_id, cook_id) VALUES (57, 51);
INSERT INTO recipe_cook(recipe_id, cook_id) VALUES (57, 37);
INSERT INTO recipe_cook(recipe_id, cook_id) VALUES (57, 120);
INSERT INTO recipe_cook(recipe_id, cook_id) VALUES (57, 31);
INSERT INTO recipe_cook(recipe_id, cook_id) VALUES (57, 21);
INSERT INTO recipe_cook(recipe_id, cook_id) VALUES (57, 140);
INSERT INTO recipe_cook(recipe_id, cook_id) VALUES (57, 74);
INSERT INTO recipe_cook(recipe_id, cook_id) VALUES (57, 52);
INSERT INTO recipe_cook(recipe_id, cook_id) VALUES (57, 32);
INSERT INTO recipe_cook(recipe_id, cook_id) VALUES (57, 101);
INSERT INTO recipe_cook(recipe_id, cook_id) VALUES (57, 60);
INSERT INTO recipe_cook(recipe_id, cook_id) VALUES (57, 16);
INSERT INTO recipe_cook(recipe_id, cook_id) VALUES (57, 118);
INSERT INTO recipe_cook(recipe_id, cook_id) VALUES (57, 157);
INSERT INTO recipe_cook(recipe_id, cook_id) VALUES (57, 175);
INSERT INTO recipe_cook(recipe_id, cook_id) VALUES (57, 91);
INSERT INTO recipe_cook(recipe_id, cook_id) VALUES (57, 154);
INSERT INTO recipe_cook(recipe_id, cook_id) VALUES (57, 93);
INSERT INTO recipe_cook(recipe_id, cook_id) VALUES (57, 113);
INSERT INTO recipe_cook(recipe_id, cook_id) VALUES (57, 104);
INSERT INTO recipe_cook(recipe_id, cook_id) VALUES (57, 174);
INSERT INTO recipe_cook(recipe_id, cook_id) VALUES (57, 29);
INSERT INTO recipe_cook(recipe_id, cook_id) VALUES (57, 170);
INSERT INTO recipe_cook(recipe_id, cook_id) VALUES (57, 102);
INSERT INTO recipe_cook(recipe_id, cook_id) VALUES (57, 138);
INSERT INTO recipe_cook(recipe_id, cook_id) VALUES (57, 168);
INSERT INTO recipe_cook(recipe_id, cook_id) VALUES (57, 151);
INSERT INTO recipe_cook(recipe_id, cook_id) VALUES (57, 25);
INSERT INTO recipe_cook(recipe_id, cook_id) VALUES (57, 57);
INSERT INTO recipe_cook(recipe_id, cook_id) VALUES (57, 86);
INSERT INTO recipe_cook(recipe_id, cook_id) VALUES (57, 108);
INSERT INTO recipe_cook(recipe_id, cook_id) VALUES (57, 2);
INSERT INTO recipe_cook(recipe_id, cook_id) VALUES (57, 135);
INSERT INTO recipe_cook(recipe_id, cook_id) VALUES (57, 123);
INSERT INTO recipe_cook(recipe_id, cook_id) VALUES (57, 81);
INSERT INTO recipe_cook(recipe_id, cook_id) VALUES (57, 58);
INSERT INTO recipe_cook(recipe_id, cook_id) VALUES (57, 92);
INSERT INTO recipe_cook(recipe_id, cook_id) VALUES (57, 121);
INSERT INTO recipe_cook(recipe_id, cook_id) VALUES (57, 28);
INSERT INTO recipe_cook(recipe_id, cook_id) VALUES (57, 160);
INSERT INTO recipe_cook(recipe_id, cook_id) VALUES (57, 73);
INSERT INTO recipe_cook(recipe_id, cook_id) VALUES (57, 153);
INSERT INTO recipe_cook(recipe_id, cook_id) VALUES (57, 173);
INSERT INTO recipe_cook(recipe_id, cook_id) VALUES (57, 10);
INSERT INTO recipe_cook(recipe_id, cook_id) VALUES (57, 7);
INSERT INTO recipe_cook(recipe_id, cook_id) VALUES (57, 46);
INSERT INTO recipe_cook(recipe_id, cook_id) VALUES (57, 149);
INSERT INTO recipe_cook(recipe_id, cook_id) VALUES (57, 26);
INSERT INTO recipe_cook(recipe_id, cook_id) VALUES (57, 134);
INSERT INTO recipe_cook(recipe_id, cook_id) VALUES (57, 40);
INSERT INTO recipe_cook(recipe_id, cook_id) VALUES (57, 55);
INSERT INTO recipe_cook(recipe_id, cook_id) VALUES (57, 188);
INSERT INTO recipe_cook(recipe_id, cook_id) VALUES (57, 9);
INSERT INTO recipe_cook(recipe_id, cook_id) VALUES (57, 152);
INSERT INTO recipe_cook(recipe_id, cook_id) VALUES (57, 18);
INSERT INTO recipe_cook(recipe_id, cook_id) VALUES (57, 47);
INSERT INTO recipe_cook(recipe_id, cook_id) VALUES (57, 143);
INSERT INTO recipe_cook(recipe_id, cook_id) VALUES (57, 124);
INSERT INTO recipe_cook(recipe_id, cook_id) VALUES (57, 107);
INSERT INTO recipe_cook(recipe_id, cook_id) VALUES (57, 24);
INSERT INTO recipe_cook(recipe_id, cook_id) VALUES (57, 131);
INSERT INTO recipe_cook(recipe_id, cook_id) VALUES (57, 65);
INSERT INTO recipe_cook(recipe_id, cook_id) VALUES (57, 183);
INSERT INTO recipe_cook(recipe_id, cook_id) VALUES (57, 178);
INSERT INTO recipe_cook(recipe_id, cook_id) VALUES (57, 11);
INSERT INTO recipe_cook(recipe_id, cook_id) VALUES (57, 19);
INSERT INTO recipe_cook(recipe_id, cook_id) VALUES (57, 196);
INSERT INTO recipe_cook(recipe_id, cook_id) VALUES (57, 137);
INSERT INTO recipe_cook(recipe_id, cook_id) VALUES (57, 82);
INSERT INTO recipe_cook(recipe_id, cook_id) VALUES (57, 130);
INSERT INTO recipe_cook(recipe_id, cook_id) VALUES (57, 119);
INSERT INTO recipe_cook(recipe_id, cook_id) VALUES (57, 97);
INSERT INTO recipe_cook(recipe_id, cook_id) VALUES (57, 43);
INSERT INTO recipe_cook(recipe_id, cook_id) VALUES (57, 4);
INSERT INTO recipe_cook(recipe_id, cook_id) VALUES (57, 191);
INSERT INTO recipe_cook(recipe_id, cook_id) VALUES (57, 156);
INSERT INTO recipe_cook(recipe_id, cook_id) VALUES (57, 164);
INSERT INTO recipe_cook(recipe_id, cook_id) VALUES (57, 53);
INSERT INTO recipe_cook(recipe_id, cook_id) VALUES (57, 90);
INSERT INTO recipe_cook(recipe_id, cook_id) VALUES (57, 117);
INSERT INTO recipe_cook(recipe_id, cook_id) VALUES (57, 199);
INSERT INTO recipe_cook(recipe_id, cook_id) VALUES (57, 68);
INSERT INTO recipe_cook(recipe_id, cook_id) VALUES (57, 186);
INSERT INTO recipe_cook(recipe_id, cook_id) VALUES (57, 6);
INSERT INTO recipe_cook(recipe_id, cook_id) VALUES (57, 185);
INSERT INTO recipe_cook(recipe_id, cook_id) VALUES (57, 79);
INSERT INTO recipe_cook(recipe_id, cook_id) VALUES (57, 192);
INSERT INTO recipe_cook(recipe_id, cook_id) VALUES (57, 162);
INSERT INTO recipe_cook(recipe_id, cook_id) VALUES (57, 194);
INSERT INTO recipe_cook(recipe_id, cook_id) VALUES (57, 69);
INSERT INTO recipe_theme(recipe_id, theme_id) VALUES (57, 39);
INSERT INTO recipe_theme(recipe_id, theme_id) VALUES (57, 11);
INSERT INTO recipe_theme(recipe_id, theme_id) VALUES (57, 24);
INSERT INTO recipe_tip(recipe_id, tip_id) VALUES (57, 11);

INSERT INTO recipe(baking, cuisine_id, difficulty, title, recipe_description, prep_time, cook_time, portions, fat_portion, protein_portion, carbo_portion, picture, picture_description) VALUES(0, 28, 5,'Quesadillas', 'Feel which our nation do. Clear remember price none. Bank set cut his. College test last expect bag bill.', 95, 60, 3, 40, 35,25, 'https://dummyimage.com/745x688', 'Political week executive Democrat against.');
INSERT INTO recipe_meal_type(recipe_id, meal_type_id) VALUES (58, 3);
INSERT INTO recipe_tag(recipe_id, tag_id) VALUES (58, 8);
INSERT INTO recipe_tag(recipe_id, tag_id) VALUES (58, 13);
INSERT INTO recipe_tag(recipe_id, tag_id) VALUES (58, 43);
INSERT INTO recipe_equipment(recipe_id, equipment_id, num) VALUES (58, 6, 3);
INSERT INTO recipe_equipment(recipe_id, equipment_id, num) VALUES (58, 8, 4);
INSERT INTO recipe_equipment(recipe_id, equipment_id, num) VALUES (58, 1, 3);
INSERT INTO recipe_equipment(recipe_id, equipment_id, num) VALUES (58, 12, 1);
INSERT INTO recipe_equipment(recipe_id, equipment_id, num) VALUES (58, 17, 3);
INSERT INTO recipe_cook(recipe_id, cook_id) VALUES (58, 39);
INSERT INTO recipe_cook(recipe_id, cook_id) VALUES (58, 12);
INSERT INTO recipe_cook(recipe_id, cook_id) VALUES (58, 16);
INSERT INTO recipe_cook(recipe_id, cook_id) VALUES (58, 13);
INSERT INTO recipe_cook(recipe_id, cook_id) VALUES (58, 101);
INSERT INTO recipe_cook(recipe_id, cook_id) VALUES (58, 34);
INSERT INTO recipe_cook(recipe_id, cook_id) VALUES (58, 24);
INSERT INTO recipe_cook(recipe_id, cook_id) VALUES (58, 4);
INSERT INTO recipe_cook(recipe_id, cook_id) VALUES (58, 75);
INSERT INTO recipe_cook(recipe_id, cook_id) VALUES (58, 55);
INSERT INTO recipe_cook(recipe_id, cook_id) VALUES (58, 76);
INSERT INTO recipe_cook(recipe_id, cook_id) VALUES (58, 68);
INSERT INTO recipe_cook(recipe_id, cook_id) VALUES (58, 27);
INSERT INTO recipe_cook(recipe_id, cook_id) VALUES (58, 94);
INSERT INTO recipe_cook(recipe_id, cook_id) VALUES (58, 70);
INSERT INTO recipe_cook(recipe_id, cook_id) VALUES (58, 29);
INSERT INTO recipe_cook(recipe_id, cook_id) VALUES (58, 116);
INSERT INTO recipe_cook(recipe_id, cook_id) VALUES (58, 58);
INSERT INTO recipe_cook(recipe_id, cook_id) VALUES (58, 107);
INSERT INTO recipe_cook(recipe_id, cook_id) VALUES (58, 121);
INSERT INTO recipe_cook(recipe_id, cook_id) VALUES (58, 102);
INSERT INTO recipe_cook(recipe_id, cook_id) VALUES (58, 136);
INSERT INTO recipe_cook(recipe_id, cook_id) VALUES (58, 45);
INSERT INTO recipe_cook(recipe_id, cook_id) VALUES (58, 165);
INSERT INTO recipe_cook(recipe_id, cook_id) VALUES (58, 128);
INSERT INTO recipe_cook(recipe_id, cook_id) VALUES (58, 195);
INSERT INTO recipe_cook(recipe_id, cook_id) VALUES (58, 145);
INSERT INTO recipe_cook(recipe_id, cook_id) VALUES (58, 67);
INSERT INTO recipe_cook(recipe_id, cook_id) VALUES (58, 100);
INSERT INTO recipe_cook(recipe_id, cook_id) VALUES (58, 152);
INSERT INTO recipe_cook(recipe_id, cook_id) VALUES (58, 146);
INSERT INTO recipe_cook(recipe_id, cook_id) VALUES (58, 138);
INSERT INTO recipe_cook(recipe_id, cook_id) VALUES (58, 30);
INSERT INTO recipe_cook(recipe_id, cook_id) VALUES (58, 189);
INSERT INTO recipe_cook(recipe_id, cook_id) VALUES (58, 14);
INSERT INTO recipe_cook(recipe_id, cook_id) VALUES (58, 137);
INSERT INTO recipe_cook(recipe_id, cook_id) VALUES (58, 49);
INSERT INTO recipe_cook(recipe_id, cook_id) VALUES (58, 179);
INSERT INTO recipe_cook(recipe_id, cook_id) VALUES (58, 26);
INSERT INTO recipe_cook(recipe_id, cook_id) VALUES (58, 181);
INSERT INTO recipe_cook(recipe_id, cook_id) VALUES (58, 159);
INSERT INTO recipe_cook(recipe_id, cook_id) VALUES (58, 106);
INSERT INTO recipe_cook(recipe_id, cook_id) VALUES (58, 122);
INSERT INTO recipe_cook(recipe_id, cook_id) VALUES (58, 187);
INSERT INTO recipe_cook(recipe_id, cook_id) VALUES (58, 81);
INSERT INTO recipe_cook(recipe_id, cook_id) VALUES (58, 174);
INSERT INTO recipe_cook(recipe_id, cook_id) VALUES (58, 154);
INSERT INTO recipe_cook(recipe_id, cook_id) VALUES (58, 83);
INSERT INTO recipe_cook(recipe_id, cook_id) VALUES (58, 160);
INSERT INTO recipe_cook(recipe_id, cook_id) VALUES (58, 125);
INSERT INTO recipe_cook(recipe_id, cook_id) VALUES (58, 9);
INSERT INTO recipe_cook(recipe_id, cook_id) VALUES (58, 59);
INSERT INTO recipe_cook(recipe_id, cook_id) VALUES (58, 196);
INSERT INTO recipe_cook(recipe_id, cook_id) VALUES (58, 120);
INSERT INTO recipe_cook(recipe_id, cook_id) VALUES (58, 143);
INSERT INTO recipe_cook(recipe_id, cook_id) VALUES (58, 112);
INSERT INTO recipe_cook(recipe_id, cook_id) VALUES (58, 169);
INSERT INTO recipe_cook(recipe_id, cook_id) VALUES (58, 66);
INSERT INTO recipe_cook(recipe_id, cook_id) VALUES (58, 105);
INSERT INTO recipe_cook(recipe_id, cook_id) VALUES (58, 135);
INSERT INTO recipe_cook(recipe_id, cook_id) VALUES (58, 91);
INSERT INTO recipe_cook(recipe_id, cook_id) VALUES (58, 111);
INSERT INTO recipe_cook(recipe_id, cook_id) VALUES (58, 200);
INSERT INTO recipe_cook(recipe_id, cook_id) VALUES (58, 103);
INSERT INTO recipe_cook(recipe_id, cook_id) VALUES (58, 166);
INSERT INTO recipe_cook(recipe_id, cook_id) VALUES (58, 157);
INSERT INTO recipe_cook(recipe_id, cook_id) VALUES (58, 10);
INSERT INTO recipe_cook(recipe_id, cook_id) VALUES (58, 140);
INSERT INTO recipe_cook(recipe_id, cook_id) VALUES (58, 185);
INSERT INTO recipe_cook(recipe_id, cook_id) VALUES (58, 130);
INSERT INTO recipe_cook(recipe_id, cook_id) VALUES (58, 31);
INSERT INTO recipe_cook(recipe_id, cook_id) VALUES (58, 47);
INSERT INTO recipe_cook(recipe_id, cook_id) VALUES (58, 82);
INSERT INTO recipe_cook(recipe_id, cook_id) VALUES (58, 93);
INSERT INTO recipe_cook(recipe_id, cook_id) VALUES (58, 186);
INSERT INTO recipe_cook(recipe_id, cook_id) VALUES (58, 77);
INSERT INTO recipe_cook(recipe_id, cook_id) VALUES (58, 3);
INSERT INTO recipe_cook(recipe_id, cook_id) VALUES (58, 184);
INSERT INTO recipe_cook(recipe_id, cook_id) VALUES (58, 134);
INSERT INTO recipe_cook(recipe_id, cook_id) VALUES (58, 69);
INSERT INTO recipe_cook(recipe_id, cook_id) VALUES (58, 190);
INSERT INTO recipe_cook(recipe_id, cook_id) VALUES (58, 73);
INSERT INTO recipe_cook(recipe_id, cook_id) VALUES (58, 170);
INSERT INTO recipe_cook(recipe_id, cook_id) VALUES (58, 43);
INSERT INTO recipe_cook(recipe_id, cook_id) VALUES (58, 193);
INSERT INTO recipe_cook(recipe_id, cook_id) VALUES (58, 18);
INSERT INTO recipe_cook(recipe_id, cook_id) VALUES (58, 192);
INSERT INTO recipe_cook(recipe_id, cook_id) VALUES (58, 133);
INSERT INTO recipe_cook(recipe_id, cook_id) VALUES (58, 48);
INSERT INTO recipe_cook(recipe_id, cook_id) VALUES (58, 173);
INSERT INTO recipe_cook(recipe_id, cook_id) VALUES (58, 118);
INSERT INTO recipe_cook(recipe_id, cook_id) VALUES (58, 90);
INSERT INTO recipe_cook(recipe_id, cook_id) VALUES (58, 163);
INSERT INTO recipe_cook(recipe_id, cook_id) VALUES (58, 33);
INSERT INTO recipe_cook(recipe_id, cook_id) VALUES (58, 64);
INSERT INTO recipe_cook(recipe_id, cook_id) VALUES (58, 20);
INSERT INTO recipe_cook(recipe_id, cook_id) VALUES (58, 60);
INSERT INTO recipe_cook(recipe_id, cook_id) VALUES (58, 65);
INSERT INTO recipe_cook(recipe_id, cook_id) VALUES (58, 148);
INSERT INTO recipe_cook(recipe_id, cook_id) VALUES (58, 6);
INSERT INTO recipe_cook(recipe_id, cook_id) VALUES (58, 104);
INSERT INTO recipe_cook(recipe_id, cook_id) VALUES (58, 21);
INSERT INTO recipe_cook(recipe_id, cook_id) VALUES (58, 172);
INSERT INTO recipe_cook(recipe_id, cook_id) VALUES (58, 109);
INSERT INTO recipe_cook(recipe_id, cook_id) VALUES (58, 167);
INSERT INTO recipe_cook(recipe_id, cook_id) VALUES (58, 144);
INSERT INTO recipe_cook(recipe_id, cook_id) VALUES (58, 62);
INSERT INTO recipe_cook(recipe_id, cook_id) VALUES (58, 139);
INSERT INTO recipe_cook(recipe_id, cook_id) VALUES (58, 50);
INSERT INTO recipe_cook(recipe_id, cook_id) VALUES (58, 147);
INSERT INTO recipe_cook(recipe_id, cook_id) VALUES (58, 153);
INSERT INTO recipe_cook(recipe_id, cook_id) VALUES (58, 176);
INSERT INTO recipe_cook(recipe_id, cook_id) VALUES (58, 54);
INSERT INTO recipe_cook(recipe_id, cook_id) VALUES (58, 40);
INSERT INTO recipe_cook(recipe_id, cook_id) VALUES (58, 124);
INSERT INTO recipe_cook(recipe_id, cook_id) VALUES (58, 113);
INSERT INTO recipe_cook(recipe_id, cook_id) VALUES (58, 114);
INSERT INTO recipe_cook(recipe_id, cook_id) VALUES (58, 99);
INSERT INTO recipe_cook(recipe_id, cook_id) VALUES (58, 150);
INSERT INTO recipe_cook(recipe_id, cook_id) VALUES (58, 180);
INSERT INTO recipe_cook(recipe_id, cook_id) VALUES (58, 28);
INSERT INTO recipe_cook(recipe_id, cook_id) VALUES (58, 199);
INSERT INTO recipe_cook(recipe_id, cook_id) VALUES (58, 1);
INSERT INTO recipe_cook(recipe_id, cook_id) VALUES (58, 182);
INSERT INTO recipe_cook(recipe_id, cook_id) VALUES (58, 87);
INSERT INTO recipe_cook(recipe_id, cook_id) VALUES (58, 119);
INSERT INTO recipe_cook(recipe_id, cook_id) VALUES (58, 41);
INSERT INTO recipe_cook(recipe_id, cook_id) VALUES (58, 175);
INSERT INTO recipe_cook(recipe_id, cook_id) VALUES (58, 80);
INSERT INTO recipe_cook(recipe_id, cook_id) VALUES (58, 198);
INSERT INTO recipe_cook(recipe_id, cook_id) VALUES (58, 110);
INSERT INTO recipe_cook(recipe_id, cook_id) VALUES (58, 11);
INSERT INTO recipe_cook(recipe_id, cook_id) VALUES (58, 132);
INSERT INTO recipe_cook(recipe_id, cook_id) VALUES (58, 158);
INSERT INTO recipe_cook(recipe_id, cook_id) VALUES (58, 38);
INSERT INTO recipe_cook(recipe_id, cook_id) VALUES (58, 51);
INSERT INTO recipe_cook(recipe_id, cook_id) VALUES (58, 5);
INSERT INTO recipe_cook(recipe_id, cook_id) VALUES (58, 178);
INSERT INTO recipe_cook(recipe_id, cook_id) VALUES (58, 117);
INSERT INTO recipe_cook(recipe_id, cook_id) VALUES (58, 96);
INSERT INTO recipe_cook(recipe_id, cook_id) VALUES (58, 171);
INSERT INTO recipe_cook(recipe_id, cook_id) VALUES (58, 56);
INSERT INTO recipe_cook(recipe_id, cook_id) VALUES (58, 71);
INSERT INTO recipe_cook(recipe_id, cook_id) VALUES (58, 74);
INSERT INTO recipe_cook(recipe_id, cook_id) VALUES (58, 78);
INSERT INTO recipe_cook(recipe_id, cook_id) VALUES (58, 37);
INSERT INTO recipe_cook(recipe_id, cook_id) VALUES (58, 142);
INSERT INTO recipe_cook(recipe_id, cook_id) VALUES (58, 161);
INSERT INTO recipe_cook(recipe_id, cook_id) VALUES (58, 23);
INSERT INTO recipe_cook(recipe_id, cook_id) VALUES (58, 17);
INSERT INTO recipe_cook(recipe_id, cook_id) VALUES (58, 86);
INSERT INTO recipe_cook(recipe_id, cook_id) VALUES (58, 98);
INSERT INTO recipe_cook(recipe_id, cook_id) VALUES (58, 115);
INSERT INTO recipe_cook(recipe_id, cook_id) VALUES (58, 97);
INSERT INTO recipe_cook(recipe_id, cook_id) VALUES (58, 197);
INSERT INTO recipe_cook(recipe_id, cook_id) VALUES (58, 22);
INSERT INTO recipe_cook(recipe_id, cook_id) VALUES (58, 7);
INSERT INTO recipe_cook(recipe_id, cook_id) VALUES (58, 183);
INSERT INTO recipe_cook(recipe_id, cook_id) VALUES (58, 8);
INSERT INTO recipe_cook(recipe_id, cook_id) VALUES (58, 2);
INSERT INTO recipe_cook(recipe_id, cook_id) VALUES (58, 126);
INSERT INTO recipe_cook(recipe_id, cook_id) VALUES (58, 177);
INSERT INTO recipe_cook(recipe_id, cook_id) VALUES (58, 155);
INSERT INTO recipe_cook(recipe_id, cook_id) VALUES (58, 57);
INSERT INTO recipe_cook(recipe_id, cook_id) VALUES (58, 42);
INSERT INTO recipe_cook(recipe_id, cook_id) VALUES (58, 131);
INSERT INTO recipe_cook(recipe_id, cook_id) VALUES (58, 194);
INSERT INTO recipe_cook(recipe_id, cook_id) VALUES (58, 123);
INSERT INTO recipe_cook(recipe_id, cook_id) VALUES (58, 46);
INSERT INTO recipe_cook(recipe_id, cook_id) VALUES (58, 32);
INSERT INTO recipe_cook(recipe_id, cook_id) VALUES (58, 162);
INSERT INTO recipe_cook(recipe_id, cook_id) VALUES (58, 127);
INSERT INTO recipe_cook(recipe_id, cook_id) VALUES (58, 188);
INSERT INTO recipe_cook(recipe_id, cook_id) VALUES (58, 141);
INSERT INTO recipe_cook(recipe_id, cook_id) VALUES (58, 61);
INSERT INTO recipe_theme(recipe_id, theme_id) VALUES (58, 30);
INSERT INTO recipe_theme(recipe_id, theme_id) VALUES (58, 8);
INSERT INTO recipe_theme(recipe_id, theme_id) VALUES (58, 13);
INSERT INTO recipe_tip(recipe_id, tip_id) VALUES (58, 23);
INSERT INTO recipe_tip(recipe_id, tip_id) VALUES (58, 17);
INSERT INTO recipe_tip(recipe_id, tip_id) VALUES (58, 38);

INSERT INTO recipe(baking, cuisine_id, difficulty, title, recipe_description, prep_time, cook_time, portions, fat_portion, protein_portion, carbo_portion, picture, picture_description) VALUES(1, 46, 5,'Pecan Pie', 'Race pay Mr door large offer. Material expert quite since indeed above face. Across eat most address father money mind.', 25, 100, 2, 35, 65,10, 'https://dummyimage.com/845x547', 'Stop who stock consumer race attention.');
INSERT INTO recipe_meal_type(recipe_id, meal_type_id) VALUES (59, 4);
INSERT INTO recipe_tag(recipe_id, tag_id) VALUES (59, 24);
INSERT INTO recipe_tag(recipe_id, tag_id) VALUES (59, 7);
INSERT INTO recipe_tag(recipe_id, tag_id) VALUES (59, 38);
INSERT INTO recipe_tag(recipe_id, tag_id) VALUES (59, 71);
INSERT INTO recipe_tag(recipe_id, tag_id) VALUES (59, 68);
INSERT INTO recipe_tag(recipe_id, tag_id) VALUES (59, 34);
INSERT INTO recipe_tag(recipe_id, tag_id) VALUES (59, 97);
INSERT INTO recipe_tag(recipe_id, tag_id) VALUES (59, 26);
INSERT INTO recipe_equipment(recipe_id, equipment_id, num) VALUES (59, 18, 3);
INSERT INTO recipe_equipment(recipe_id, equipment_id, num) VALUES (59, 20, 3);
INSERT INTO recipe_equipment(recipe_id, equipment_id, num) VALUES (59, 11, 1);
INSERT INTO recipe_equipment(recipe_id, equipment_id, num) VALUES (59, 8, 1);
INSERT INTO recipe_equipment(recipe_id, equipment_id, num) VALUES (59, 15, 1);
INSERT INTO recipe_cook(recipe_id, cook_id) VALUES (59, 44);
INSERT INTO recipe_cook(recipe_id, cook_id) VALUES (59, 140);
INSERT INTO recipe_cook(recipe_id, cook_id) VALUES (59, 123);
INSERT INTO recipe_cook(recipe_id, cook_id) VALUES (59, 125);
INSERT INTO recipe_cook(recipe_id, cook_id) VALUES (59, 29);
INSERT INTO recipe_cook(recipe_id, cook_id) VALUES (59, 21);
INSERT INTO recipe_cook(recipe_id, cook_id) VALUES (59, 15);
INSERT INTO recipe_cook(recipe_id, cook_id) VALUES (59, 164);
INSERT INTO recipe_cook(recipe_id, cook_id) VALUES (59, 148);
INSERT INTO recipe_cook(recipe_id, cook_id) VALUES (59, 25);
INSERT INTO recipe_cook(recipe_id, cook_id) VALUES (59, 177);
INSERT INTO recipe_cook(recipe_id, cook_id) VALUES (59, 172);
INSERT INTO recipe_cook(recipe_id, cook_id) VALUES (59, 133);
INSERT INTO recipe_cook(recipe_id, cook_id) VALUES (59, 112);
INSERT INTO recipe_cook(recipe_id, cook_id) VALUES (59, 146);
INSERT INTO recipe_cook(recipe_id, cook_id) VALUES (59, 135);
INSERT INTO recipe_cook(recipe_id, cook_id) VALUES (59, 42);
INSERT INTO recipe_cook(recipe_id, cook_id) VALUES (59, 61);
INSERT INTO recipe_cook(recipe_id, cook_id) VALUES (59, 47);
INSERT INTO recipe_cook(recipe_id, cook_id) VALUES (59, 93);
INSERT INTO recipe_cook(recipe_id, cook_id) VALUES (59, 23);
INSERT INTO recipe_cook(recipe_id, cook_id) VALUES (59, 14);
INSERT INTO recipe_cook(recipe_id, cook_id) VALUES (59, 189);
INSERT INTO recipe_cook(recipe_id, cook_id) VALUES (59, 192);
INSERT INTO recipe_cook(recipe_id, cook_id) VALUES (59, 69);
INSERT INTO recipe_cook(recipe_id, cook_id) VALUES (59, 26);
INSERT INTO recipe_cook(recipe_id, cook_id) VALUES (59, 159);
INSERT INTO recipe_cook(recipe_id, cook_id) VALUES (59, 129);
INSERT INTO recipe_cook(recipe_id, cook_id) VALUES (59, 101);
INSERT INTO recipe_cook(recipe_id, cook_id) VALUES (59, 136);
INSERT INTO recipe_cook(recipe_id, cook_id) VALUES (59, 39);
INSERT INTO recipe_cook(recipe_id, cook_id) VALUES (59, 124);
INSERT INTO recipe_cook(recipe_id, cook_id) VALUES (59, 84);
INSERT INTO recipe_cook(recipe_id, cook_id) VALUES (59, 200);
INSERT INTO recipe_cook(recipe_id, cook_id) VALUES (59, 76);
INSERT INTO recipe_cook(recipe_id, cook_id) VALUES (59, 67);
INSERT INTO recipe_cook(recipe_id, cook_id) VALUES (59, 13);
INSERT INTO recipe_cook(recipe_id, cook_id) VALUES (59, 103);
INSERT INTO recipe_cook(recipe_id, cook_id) VALUES (59, 127);
INSERT INTO recipe_cook(recipe_id, cook_id) VALUES (59, 36);
INSERT INTO recipe_cook(recipe_id, cook_id) VALUES (59, 167);
INSERT INTO recipe_cook(recipe_id, cook_id) VALUES (59, 151);
INSERT INTO recipe_cook(recipe_id, cook_id) VALUES (59, 137);
INSERT INTO recipe_cook(recipe_id, cook_id) VALUES (59, 184);
INSERT INTO recipe_cook(recipe_id, cook_id) VALUES (59, 56);
INSERT INTO recipe_cook(recipe_id, cook_id) VALUES (59, 52);
INSERT INTO recipe_cook(recipe_id, cook_id) VALUES (59, 186);
INSERT INTO recipe_cook(recipe_id, cook_id) VALUES (59, 6);
INSERT INTO recipe_cook(recipe_id, cook_id) VALUES (59, 104);
INSERT INTO recipe_cook(recipe_id, cook_id) VALUES (59, 130);
INSERT INTO recipe_cook(recipe_id, cook_id) VALUES (59, 118);
INSERT INTO recipe_cook(recipe_id, cook_id) VALUES (59, 82);
INSERT INTO recipe_cook(recipe_id, cook_id) VALUES (59, 54);
INSERT INTO recipe_cook(recipe_id, cook_id) VALUES (59, 18);
INSERT INTO recipe_cook(recipe_id, cook_id) VALUES (59, 22);
INSERT INTO recipe_cook(recipe_id, cook_id) VALUES (59, 74);
INSERT INTO recipe_cook(recipe_id, cook_id) VALUES (59, 27);
INSERT INTO recipe_cook(recipe_id, cook_id) VALUES (59, 99);
INSERT INTO recipe_cook(recipe_id, cook_id) VALUES (59, 119);
INSERT INTO recipe_cook(recipe_id, cook_id) VALUES (59, 70);
INSERT INTO recipe_cook(recipe_id, cook_id) VALUES (59, 81);
INSERT INTO recipe_cook(recipe_id, cook_id) VALUES (59, 41);
INSERT INTO recipe_cook(recipe_id, cook_id) VALUES (59, 114);
INSERT INTO recipe_cook(recipe_id, cook_id) VALUES (59, 144);
INSERT INTO recipe_cook(recipe_id, cook_id) VALUES (59, 107);
INSERT INTO recipe_cook(recipe_id, cook_id) VALUES (59, 139);
INSERT INTO recipe_cook(recipe_id, cook_id) VALUES (59, 77);
INSERT INTO recipe_cook(recipe_id, cook_id) VALUES (59, 53);
INSERT INTO recipe_cook(recipe_id, cook_id) VALUES (59, 149);
INSERT INTO recipe_cook(recipe_id, cook_id) VALUES (59, 55);
INSERT INTO recipe_cook(recipe_id, cook_id) VALUES (59, 73);
INSERT INTO recipe_cook(recipe_id, cook_id) VALUES (59, 113);
INSERT INTO recipe_cook(recipe_id, cook_id) VALUES (59, 183);
INSERT INTO recipe_cook(recipe_id, cook_id) VALUES (59, 57);
INSERT INTO recipe_cook(recipe_id, cook_id) VALUES (59, 98);
INSERT INTO recipe_cook(recipe_id, cook_id) VALUES (59, 111);
INSERT INTO recipe_cook(recipe_id, cook_id) VALUES (59, 156);
INSERT INTO recipe_cook(recipe_id, cook_id) VALUES (59, 62);
INSERT INTO recipe_cook(recipe_id, cook_id) VALUES (59, 7);
INSERT INTO recipe_cook(recipe_id, cook_id) VALUES (59, 11);
INSERT INTO recipe_cook(recipe_id, cook_id) VALUES (59, 5);
INSERT INTO recipe_cook(recipe_id, cook_id) VALUES (59, 121);
INSERT INTO recipe_cook(recipe_id, cook_id) VALUES (59, 141);
INSERT INTO recipe_cook(recipe_id, cook_id) VALUES (59, 3);
INSERT INTO recipe_cook(recipe_id, cook_id) VALUES (59, 9);
INSERT INTO recipe_cook(recipe_id, cook_id) VALUES (59, 48);
INSERT INTO recipe_cook(recipe_id, cook_id) VALUES (59, 191);
INSERT INTO recipe_cook(recipe_id, cook_id) VALUES (59, 92);
INSERT INTO recipe_cook(recipe_id, cook_id) VALUES (59, 12);
INSERT INTO recipe_cook(recipe_id, cook_id) VALUES (59, 34);
INSERT INTO recipe_cook(recipe_id, cook_id) VALUES (59, 50);
INSERT INTO recipe_cook(recipe_id, cook_id) VALUES (59, 58);
INSERT INTO recipe_cook(recipe_id, cook_id) VALUES (59, 117);
INSERT INTO recipe_cook(recipe_id, cook_id) VALUES (59, 16);
INSERT INTO recipe_cook(recipe_id, cook_id) VALUES (59, 8);
INSERT INTO recipe_cook(recipe_id, cook_id) VALUES (59, 87);
INSERT INTO recipe_cook(recipe_id, cook_id) VALUES (59, 38);
INSERT INTO recipe_cook(recipe_id, cook_id) VALUES (59, 46);
INSERT INTO recipe_cook(recipe_id, cook_id) VALUES (59, 30);
INSERT INTO recipe_cook(recipe_id, cook_id) VALUES (59, 91);
INSERT INTO recipe_cook(recipe_id, cook_id) VALUES (59, 64);
INSERT INTO recipe_cook(recipe_id, cook_id) VALUES (59, 17);
INSERT INTO recipe_cook(recipe_id, cook_id) VALUES (59, 165);
INSERT INTO recipe_cook(recipe_id, cook_id) VALUES (59, 102);
INSERT INTO recipe_cook(recipe_id, cook_id) VALUES (59, 154);
INSERT INTO recipe_cook(recipe_id, cook_id) VALUES (59, 162);
INSERT INTO recipe_cook(recipe_id, cook_id) VALUES (59, 171);
INSERT INTO recipe_cook(recipe_id, cook_id) VALUES (59, 96);
INSERT INTO recipe_cook(recipe_id, cook_id) VALUES (59, 106);
INSERT INTO recipe_cook(recipe_id, cook_id) VALUES (59, 152);
INSERT INTO recipe_cook(recipe_id, cook_id) VALUES (59, 176);
INSERT INTO recipe_cook(recipe_id, cook_id) VALUES (59, 49);
INSERT INTO recipe_theme(recipe_id, theme_id) VALUES (59, 16);
INSERT INTO recipe_theme(recipe_id, theme_id) VALUES (59, 30);
INSERT INTO recipe_tip(recipe_id, tip_id) VALUES (59, 37);
INSERT INTO recipe_tip(recipe_id, tip_id) VALUES (59, 26);

INSERT INTO recipe(baking, cuisine_id, difficulty, title, recipe_description, prep_time, cook_time, portions, fat_portion, protein_portion, carbo_portion, picture, picture_description) VALUES(0, 33, 4,'Cobb Salad', 'Economic citizen answer difference star play. Us talk thank big. The sea Republican far president suggest. Grow woman friend risk ever morning fast.', 35, 50, 1, 55, 5,10, 'https://placekitten.com/152/239', 'Hear truth early their.');
INSERT INTO recipe_meal_type(recipe_id, meal_type_id) VALUES (60, 2);
INSERT INTO recipe_tag(recipe_id, tag_id) VALUES (60, 62);
INSERT INTO recipe_tag(recipe_id, tag_id) VALUES (60, 5);
INSERT INTO recipe_equipment(recipe_id, equipment_id, num) VALUES (60, 12, 3);
INSERT INTO recipe_equipment(recipe_id, equipment_id, num) VALUES (60, 4, 1);
INSERT INTO recipe_equipment(recipe_id, equipment_id, num) VALUES (60, 10, 3);
INSERT INTO recipe_cook(recipe_id, cook_id) VALUES (60, 33);
INSERT INTO recipe_cook(recipe_id, cook_id) VALUES (60, 151);
INSERT INTO recipe_cook(recipe_id, cook_id) VALUES (60, 112);
INSERT INTO recipe_cook(recipe_id, cook_id) VALUES (60, 135);
INSERT INTO recipe_cook(recipe_id, cook_id) VALUES (60, 137);
INSERT INTO recipe_cook(recipe_id, cook_id) VALUES (60, 92);
INSERT INTO recipe_cook(recipe_id, cook_id) VALUES (60, 122);
INSERT INTO recipe_cook(recipe_id, cook_id) VALUES (60, 131);
INSERT INTO recipe_cook(recipe_id, cook_id) VALUES (60, 179);
INSERT INTO recipe_cook(recipe_id, cook_id) VALUES (60, 171);
INSERT INTO recipe_cook(recipe_id, cook_id) VALUES (60, 11);
INSERT INTO recipe_cook(recipe_id, cook_id) VALUES (60, 29);
INSERT INTO recipe_cook(recipe_id, cook_id) VALUES (60, 173);
INSERT INTO recipe_cook(recipe_id, cook_id) VALUES (60, 154);
INSERT INTO recipe_cook(recipe_id, cook_id) VALUES (60, 172);
INSERT INTO recipe_cook(recipe_id, cook_id) VALUES (60, 195);
INSERT INTO recipe_cook(recipe_id, cook_id) VALUES (60, 168);
INSERT INTO recipe_cook(recipe_id, cook_id) VALUES (60, 7);
INSERT INTO recipe_cook(recipe_id, cook_id) VALUES (60, 23);
INSERT INTO recipe_cook(recipe_id, cook_id) VALUES (60, 170);
INSERT INTO recipe_cook(recipe_id, cook_id) VALUES (60, 130);
INSERT INTO recipe_cook(recipe_id, cook_id) VALUES (60, 90);
INSERT INTO recipe_cook(recipe_id, cook_id) VALUES (60, 147);
INSERT INTO recipe_cook(recipe_id, cook_id) VALUES (60, 10);
INSERT INTO recipe_cook(recipe_id, cook_id) VALUES (60, 84);
INSERT INTO recipe_cook(recipe_id, cook_id) VALUES (60, 200);
INSERT INTO recipe_cook(recipe_id, cook_id) VALUES (60, 89);
INSERT INTO recipe_cook(recipe_id, cook_id) VALUES (60, 165);
INSERT INTO recipe_cook(recipe_id, cook_id) VALUES (60, 17);
INSERT INTO recipe_cook(recipe_id, cook_id) VALUES (60, 83);
INSERT INTO recipe_cook(recipe_id, cook_id) VALUES (60, 121);
INSERT INTO recipe_cook(recipe_id, cook_id) VALUES (60, 166);
INSERT INTO recipe_cook(recipe_id, cook_id) VALUES (60, 40);
INSERT INTO recipe_cook(recipe_id, cook_id) VALUES (60, 73);
INSERT INTO recipe_cook(recipe_id, cook_id) VALUES (60, 20);
INSERT INTO recipe_cook(recipe_id, cook_id) VALUES (60, 100);
INSERT INTO recipe_cook(recipe_id, cook_id) VALUES (60, 114);
INSERT INTO recipe_cook(recipe_id, cook_id) VALUES (60, 105);
INSERT INTO recipe_cook(recipe_id, cook_id) VALUES (60, 169);
INSERT INTO recipe_cook(recipe_id, cook_id) VALUES (60, 41);
INSERT INTO recipe_cook(recipe_id, cook_id) VALUES (60, 155);
INSERT INTO recipe_cook(recipe_id, cook_id) VALUES (60, 66);
INSERT INTO recipe_cook(recipe_id, cook_id) VALUES (60, 77);
INSERT INTO recipe_cook(recipe_id, cook_id) VALUES (60, 21);
INSERT INTO recipe_cook(recipe_id, cook_id) VALUES (60, 18);
INSERT INTO recipe_cook(recipe_id, cook_id) VALUES (60, 61);
INSERT INTO recipe_cook(recipe_id, cook_id) VALUES (60, 140);
INSERT INTO recipe_cook(recipe_id, cook_id) VALUES (60, 139);
INSERT INTO recipe_cook(recipe_id, cook_id) VALUES (60, 47);
INSERT INTO recipe_cook(recipe_id, cook_id) VALUES (60, 76);
INSERT INTO recipe_cook(recipe_id, cook_id) VALUES (60, 181);
INSERT INTO recipe_cook(recipe_id, cook_id) VALUES (60, 36);
INSERT INTO recipe_cook(recipe_id, cook_id) VALUES (60, 104);
INSERT INTO recipe_cook(recipe_id, cook_id) VALUES (60, 152);
INSERT INTO recipe_cook(recipe_id, cook_id) VALUES (60, 37);
INSERT INTO recipe_cook(recipe_id, cook_id) VALUES (60, 117);
INSERT INTO recipe_cook(recipe_id, cook_id) VALUES (60, 78);
INSERT INTO recipe_cook(recipe_id, cook_id) VALUES (60, 86);
INSERT INTO recipe_cook(recipe_id, cook_id) VALUES (60, 197);
INSERT INTO recipe_cook(recipe_id, cook_id) VALUES (60, 71);
INSERT INTO recipe_cook(recipe_id, cook_id) VALUES (60, 51);
INSERT INTO recipe_cook(recipe_id, cook_id) VALUES (60, 70);
INSERT INTO recipe_cook(recipe_id, cook_id) VALUES (60, 13);
INSERT INTO recipe_cook(recipe_id, cook_id) VALUES (60, 141);
INSERT INTO recipe_cook(recipe_id, cook_id) VALUES (60, 103);
INSERT INTO recipe_cook(recipe_id, cook_id) VALUES (60, 2);
INSERT INTO recipe_cook(recipe_id, cook_id) VALUES (60, 164);
INSERT INTO recipe_cook(recipe_id, cook_id) VALUES (60, 198);
INSERT INTO recipe_cook(recipe_id, cook_id) VALUES (60, 162);
INSERT INTO recipe_cook(recipe_id, cook_id) VALUES (60, 176);
INSERT INTO recipe_cook(recipe_id, cook_id) VALUES (60, 67);
INSERT INTO recipe_cook(recipe_id, cook_id) VALUES (60, 194);
INSERT INTO recipe_cook(recipe_id, cook_id) VALUES (60, 45);
INSERT INTO recipe_cook(recipe_id, cook_id) VALUES (60, 32);
INSERT INTO recipe_cook(recipe_id, cook_id) VALUES (60, 75);
INSERT INTO recipe_cook(recipe_id, cook_id) VALUES (60, 145);
INSERT INTO recipe_cook(recipe_id, cook_id) VALUES (60, 62);
INSERT INTO recipe_cook(recipe_id, cook_id) VALUES (60, 129);
INSERT INTO recipe_cook(recipe_id, cook_id) VALUES (60, 196);
INSERT INTO recipe_cook(recipe_id, cook_id) VALUES (60, 68);
INSERT INTO recipe_cook(recipe_id, cook_id) VALUES (60, 160);
INSERT INTO recipe_cook(recipe_id, cook_id) VALUES (60, 116);
INSERT INTO recipe_cook(recipe_id, cook_id) VALUES (60, 184);
INSERT INTO recipe_cook(recipe_id, cook_id) VALUES (60, 125);
INSERT INTO recipe_cook(recipe_id, cook_id) VALUES (60, 108);
INSERT INTO recipe_cook(recipe_id, cook_id) VALUES (60, 44);
INSERT INTO recipe_cook(recipe_id, cook_id) VALUES (60, 16);
INSERT INTO recipe_cook(recipe_id, cook_id) VALUES (60, 161);
INSERT INTO recipe_cook(recipe_id, cook_id) VALUES (60, 185);
INSERT INTO recipe_cook(recipe_id, cook_id) VALUES (60, 93);
INSERT INTO recipe_cook(recipe_id, cook_id) VALUES (60, 3);
INSERT INTO recipe_cook(recipe_id, cook_id) VALUES (60, 63);
INSERT INTO recipe_cook(recipe_id, cook_id) VALUES (60, 9);
INSERT INTO recipe_cook(recipe_id, cook_id) VALUES (60, 158);
INSERT INTO recipe_theme(recipe_id, theme_id) VALUES (60, 28);
INSERT INTO recipe_theme(recipe_id, theme_id) VALUES (60, 19);
INSERT INTO recipe_theme(recipe_id, theme_id) VALUES (60, 25);
INSERT INTO recipe_tip(recipe_id, tip_id) VALUES (60, 2);

INSERT INTO recipe(baking, cuisine_id, difficulty, title, recipe_description, prep_time, cook_time, portions, fat_portion, protein_portion, carbo_portion, picture, picture_description) VALUES(1, 21, 5,'Gumbo', 'Pm let fine east cause. Billion food positive where parent future. Course TV look threat tree.', 75, 10, 1, 55, 10,35, 'https://dummyimage.com/281x777', 'What themselves doctor understand.');
INSERT INTO recipe_meal_type(recipe_id, meal_type_id) VALUES (61, 1);
INSERT INTO recipe_tag(recipe_id, tag_id) VALUES (61, 56);
INSERT INTO recipe_tag(recipe_id, tag_id) VALUES (61, 58);
INSERT INTO recipe_tag(recipe_id, tag_id) VALUES (61, 50);
INSERT INTO recipe_tag(recipe_id, tag_id) VALUES (61, 9);
INSERT INTO recipe_tag(recipe_id, tag_id) VALUES (61, 32);
INSERT INTO recipe_equipment(recipe_id, equipment_id, num) VALUES (61, 10, 4);
INSERT INTO recipe_equipment(recipe_id, equipment_id, num) VALUES (61, 9, 4);
INSERT INTO recipe_equipment(recipe_id, equipment_id, num) VALUES (61, 15, 3);
INSERT INTO recipe_cook(recipe_id, cook_id) VALUES (61, 126);
INSERT INTO recipe_cook(recipe_id, cook_id) VALUES (61, 52);
INSERT INTO recipe_cook(recipe_id, cook_id) VALUES (61, 96);
INSERT INTO recipe_cook(recipe_id, cook_id) VALUES (61, 188);
INSERT INTO recipe_cook(recipe_id, cook_id) VALUES (61, 97);
INSERT INTO recipe_cook(recipe_id, cook_id) VALUES (61, 158);
INSERT INTO recipe_cook(recipe_id, cook_id) VALUES (61, 60);
INSERT INTO recipe_cook(recipe_id, cook_id) VALUES (61, 12);
INSERT INTO recipe_cook(recipe_id, cook_id) VALUES (61, 176);
INSERT INTO recipe_cook(recipe_id, cook_id) VALUES (61, 98);
INSERT INTO recipe_cook(recipe_id, cook_id) VALUES (61, 164);
INSERT INTO recipe_cook(recipe_id, cook_id) VALUES (61, 177);
INSERT INTO recipe_cook(recipe_id, cook_id) VALUES (61, 51);
INSERT INTO recipe_cook(recipe_id, cook_id) VALUES (61, 160);
INSERT INTO recipe_cook(recipe_id, cook_id) VALUES (61, 192);
INSERT INTO recipe_cook(recipe_id, cook_id) VALUES (61, 200);
INSERT INTO recipe_cook(recipe_id, cook_id) VALUES (61, 112);
INSERT INTO recipe_cook(recipe_id, cook_id) VALUES (61, 150);
INSERT INTO recipe_cook(recipe_id, cook_id) VALUES (61, 138);
INSERT INTO recipe_cook(recipe_id, cook_id) VALUES (61, 122);
INSERT INTO recipe_cook(recipe_id, cook_id) VALUES (61, 89);
INSERT INTO recipe_cook(recipe_id, cook_id) VALUES (61, 66);
INSERT INTO recipe_cook(recipe_id, cook_id) VALUES (61, 113);
INSERT INTO recipe_cook(recipe_id, cook_id) VALUES (61, 117);
INSERT INTO recipe_cook(recipe_id, cook_id) VALUES (61, 183);
INSERT INTO recipe_cook(recipe_id, cook_id) VALUES (61, 140);
INSERT INTO recipe_cook(recipe_id, cook_id) VALUES (61, 25);
INSERT INTO recipe_cook(recipe_id, cook_id) VALUES (61, 1);
INSERT INTO recipe_cook(recipe_id, cook_id) VALUES (61, 26);
INSERT INTO recipe_cook(recipe_id, cook_id) VALUES (61, 67);
INSERT INTO recipe_cook(recipe_id, cook_id) VALUES (61, 81);
INSERT INTO recipe_cook(recipe_id, cook_id) VALUES (61, 80);
INSERT INTO recipe_cook(recipe_id, cook_id) VALUES (61, 64);
INSERT INTO recipe_theme(recipe_id, theme_id) VALUES (61, 40);
INSERT INTO recipe_tip(recipe_id, tip_id) VALUES (61, 37);
INSERT INTO recipe_tip(recipe_id, tip_id) VALUES (61, 9);
INSERT INTO recipe_tip(recipe_id, tip_id) VALUES (61, 30);

INSERT INTO recipe(baking, cuisine_id, difficulty, title, recipe_description, prep_time, cook_time, portions, fat_portion, protein_portion, carbo_portion, picture, picture_description) VALUES(0, 25, 3,'Jambalaya', 'Both work question decide institution parent space. Benefit exist focus. Manage better off information just significant product.', 115, 40, 3, 15, 15,45, 'https://picsum.photos/600/477', 'Difference major age serious.');
INSERT INTO recipe_meal_type(recipe_id, meal_type_id) VALUES (62, 4);
INSERT INTO recipe_tag(recipe_id, tag_id) VALUES (62, 16);
INSERT INTO recipe_tag(recipe_id, tag_id) VALUES (62, 50);
INSERT INTO recipe_tag(recipe_id, tag_id) VALUES (62, 6);
INSERT INTO recipe_tag(recipe_id, tag_id) VALUES (62, 77);
INSERT INTO recipe_equipment(recipe_id, equipment_id, num) VALUES (62, 7, 3);
INSERT INTO recipe_equipment(recipe_id, equipment_id, num) VALUES (62, 18, 3);
INSERT INTO recipe_equipment(recipe_id, equipment_id, num) VALUES (62, 5, 1);
INSERT INTO recipe_equipment(recipe_id, equipment_id, num) VALUES (62, 2, 1);
INSERT INTO recipe_cook(recipe_id, cook_id) VALUES (62, 41);
INSERT INTO recipe_cook(recipe_id, cook_id) VALUES (62, 101);
INSERT INTO recipe_cook(recipe_id, cook_id) VALUES (62, 165);
INSERT INTO recipe_cook(recipe_id, cook_id) VALUES (62, 49);
INSERT INTO recipe_cook(recipe_id, cook_id) VALUES (62, 9);
INSERT INTO recipe_cook(recipe_id, cook_id) VALUES (62, 66);
INSERT INTO recipe_cook(recipe_id, cook_id) VALUES (62, 13);
INSERT INTO recipe_cook(recipe_id, cook_id) VALUES (62, 18);
INSERT INTO recipe_cook(recipe_id, cook_id) VALUES (62, 81);
INSERT INTO recipe_cook(recipe_id, cook_id) VALUES (62, 20);
INSERT INTO recipe_cook(recipe_id, cook_id) VALUES (62, 133);
INSERT INTO recipe_cook(recipe_id, cook_id) VALUES (62, 115);
INSERT INTO recipe_cook(recipe_id, cook_id) VALUES (62, 63);
INSERT INTO recipe_cook(recipe_id, cook_id) VALUES (62, 188);
INSERT INTO recipe_cook(recipe_id, cook_id) VALUES (62, 76);
INSERT INTO recipe_cook(recipe_id, cook_id) VALUES (62, 151);
INSERT INTO recipe_cook(recipe_id, cook_id) VALUES (62, 87);
INSERT INTO recipe_cook(recipe_id, cook_id) VALUES (62, 114);
INSERT INTO recipe_cook(recipe_id, cook_id) VALUES (62, 126);
INSERT INTO recipe_cook(recipe_id, cook_id) VALUES (62, 138);
INSERT INTO recipe_cook(recipe_id, cook_id) VALUES (62, 196);
INSERT INTO recipe_cook(recipe_id, cook_id) VALUES (62, 6);
INSERT INTO recipe_cook(recipe_id, cook_id) VALUES (62, 158);
INSERT INTO recipe_cook(recipe_id, cook_id) VALUES (62, 176);
INSERT INTO recipe_cook(recipe_id, cook_id) VALUES (62, 142);
INSERT INTO recipe_cook(recipe_id, cook_id) VALUES (62, 43);
INSERT INTO recipe_cook(recipe_id, cook_id) VALUES (62, 107);
INSERT INTO recipe_cook(recipe_id, cook_id) VALUES (62, 28);
INSERT INTO recipe_cook(recipe_id, cook_id) VALUES (62, 148);
INSERT INTO recipe_cook(recipe_id, cook_id) VALUES (62, 93);
INSERT INTO recipe_cook(recipe_id, cook_id) VALUES (62, 166);
INSERT INTO recipe_cook(recipe_id, cook_id) VALUES (62, 90);
INSERT INTO recipe_cook(recipe_id, cook_id) VALUES (62, 71);
INSERT INTO recipe_cook(recipe_id, cook_id) VALUES (62, 75);
INSERT INTO recipe_cook(recipe_id, cook_id) VALUES (62, 2);
INSERT INTO recipe_cook(recipe_id, cook_id) VALUES (62, 149);
INSERT INTO recipe_cook(recipe_id, cook_id) VALUES (62, 100);
INSERT INTO recipe_cook(recipe_id, cook_id) VALUES (62, 192);
INSERT INTO recipe_cook(recipe_id, cook_id) VALUES (62, 124);
INSERT INTO recipe_cook(recipe_id, cook_id) VALUES (62, 68);
INSERT INTO recipe_cook(recipe_id, cook_id) VALUES (62, 184);
INSERT INTO recipe_cook(recipe_id, cook_id) VALUES (62, 146);
INSERT INTO recipe_cook(recipe_id, cook_id) VALUES (62, 55);
INSERT INTO recipe_cook(recipe_id, cook_id) VALUES (62, 57);
INSERT INTO recipe_cook(recipe_id, cook_id) VALUES (62, 54);
INSERT INTO recipe_cook(recipe_id, cook_id) VALUES (62, 119);
INSERT INTO recipe_cook(recipe_id, cook_id) VALUES (62, 155);
INSERT INTO recipe_cook(recipe_id, cook_id) VALUES (62, 104);
INSERT INTO recipe_cook(recipe_id, cook_id) VALUES (62, 84);
INSERT INTO recipe_cook(recipe_id, cook_id) VALUES (62, 51);
INSERT INTO recipe_cook(recipe_id, cook_id) VALUES (62, 83);
INSERT INTO recipe_cook(recipe_id, cook_id) VALUES (62, 4);
INSERT INTO recipe_cook(recipe_id, cook_id) VALUES (62, 72);
INSERT INTO recipe_cook(recipe_id, cook_id) VALUES (62, 197);
INSERT INTO recipe_cook(recipe_id, cook_id) VALUES (62, 48);
INSERT INTO recipe_cook(recipe_id, cook_id) VALUES (62, 25);
INSERT INTO recipe_cook(recipe_id, cook_id) VALUES (62, 27);
INSERT INTO recipe_cook(recipe_id, cook_id) VALUES (62, 26);
INSERT INTO recipe_cook(recipe_id, cook_id) VALUES (62, 153);
INSERT INTO recipe_cook(recipe_id, cook_id) VALUES (62, 173);
INSERT INTO recipe_cook(recipe_id, cook_id) VALUES (62, 24);
INSERT INTO recipe_cook(recipe_id, cook_id) VALUES (62, 117);
INSERT INTO recipe_cook(recipe_id, cook_id) VALUES (62, 129);
INSERT INTO recipe_cook(recipe_id, cook_id) VALUES (62, 65);
INSERT INTO recipe_cook(recipe_id, cook_id) VALUES (62, 59);
INSERT INTO recipe_cook(recipe_id, cook_id) VALUES (62, 162);
INSERT INTO recipe_cook(recipe_id, cook_id) VALUES (62, 3);
INSERT INTO recipe_cook(recipe_id, cook_id) VALUES (62, 50);
INSERT INTO recipe_cook(recipe_id, cook_id) VALUES (62, 168);
INSERT INTO recipe_cook(recipe_id, cook_id) VALUES (62, 177);
INSERT INTO recipe_cook(recipe_id, cook_id) VALUES (62, 167);
INSERT INTO recipe_cook(recipe_id, cook_id) VALUES (62, 94);
INSERT INTO recipe_cook(recipe_id, cook_id) VALUES (62, 179);
INSERT INTO recipe_cook(recipe_id, cook_id) VALUES (62, 109);
INSERT INTO recipe_cook(recipe_id, cook_id) VALUES (62, 156);
INSERT INTO recipe_cook(recipe_id, cook_id) VALUES (62, 30);
INSERT INTO recipe_cook(recipe_id, cook_id) VALUES (62, 17);
INSERT INTO recipe_cook(recipe_id, cook_id) VALUES (62, 139);
INSERT INTO recipe_cook(recipe_id, cook_id) VALUES (62, 69);
INSERT INTO recipe_cook(recipe_id, cook_id) VALUES (62, 5);
INSERT INTO recipe_cook(recipe_id, cook_id) VALUES (62, 110);
INSERT INTO recipe_cook(recipe_id, cook_id) VALUES (62, 86);
INSERT INTO recipe_cook(recipe_id, cook_id) VALUES (62, 189);
INSERT INTO recipe_cook(recipe_id, cook_id) VALUES (62, 58);
INSERT INTO recipe_cook(recipe_id, cook_id) VALUES (62, 191);
INSERT INTO recipe_cook(recipe_id, cook_id) VALUES (62, 131);
INSERT INTO recipe_cook(recipe_id, cook_id) VALUES (62, 175);
INSERT INTO recipe_cook(recipe_id, cook_id) VALUES (62, 163);
INSERT INTO recipe_cook(recipe_id, cook_id) VALUES (62, 95);
INSERT INTO recipe_cook(recipe_id, cook_id) VALUES (62, 120);
INSERT INTO recipe_cook(recipe_id, cook_id) VALUES (62, 38);
INSERT INTO recipe_cook(recipe_id, cook_id) VALUES (62, 174);
INSERT INTO recipe_cook(recipe_id, cook_id) VALUES (62, 105);
INSERT INTO recipe_cook(recipe_id, cook_id) VALUES (62, 200);
INSERT INTO recipe_cook(recipe_id, cook_id) VALUES (62, 52);
INSERT INTO recipe_cook(recipe_id, cook_id) VALUES (62, 74);
INSERT INTO recipe_cook(recipe_id, cook_id) VALUES (62, 113);
INSERT INTO recipe_cook(recipe_id, cook_id) VALUES (62, 128);
INSERT INTO recipe_cook(recipe_id, cook_id) VALUES (62, 97);
INSERT INTO recipe_cook(recipe_id, cook_id) VALUES (62, 121);
INSERT INTO recipe_cook(recipe_id, cook_id) VALUES (62, 185);
INSERT INTO recipe_cook(recipe_id, cook_id) VALUES (62, 77);
INSERT INTO recipe_cook(recipe_id, cook_id) VALUES (62, 12);
INSERT INTO recipe_cook(recipe_id, cook_id) VALUES (62, 64);
INSERT INTO recipe_cook(recipe_id, cook_id) VALUES (62, 31);
INSERT INTO recipe_cook(recipe_id, cook_id) VALUES (62, 144);
INSERT INTO recipe_cook(recipe_id, cook_id) VALUES (62, 106);
INSERT INTO recipe_cook(recipe_id, cook_id) VALUES (62, 190);
INSERT INTO recipe_cook(recipe_id, cook_id) VALUES (62, 89);
INSERT INTO recipe_cook(recipe_id, cook_id) VALUES (62, 122);
INSERT INTO recipe_cook(recipe_id, cook_id) VALUES (62, 47);
INSERT INTO recipe_cook(recipe_id, cook_id) VALUES (62, 85);
INSERT INTO recipe_cook(recipe_id, cook_id) VALUES (62, 127);
INSERT INTO recipe_cook(recipe_id, cook_id) VALUES (62, 21);
INSERT INTO recipe_cook(recipe_id, cook_id) VALUES (62, 134);
INSERT INTO recipe_cook(recipe_id, cook_id) VALUES (62, 145);
INSERT INTO recipe_cook(recipe_id, cook_id) VALUES (62, 39);
INSERT INTO recipe_cook(recipe_id, cook_id) VALUES (62, 35);
INSERT INTO recipe_cook(recipe_id, cook_id) VALUES (62, 172);
INSERT INTO recipe_cook(recipe_id, cook_id) VALUES (62, 8);
INSERT INTO recipe_cook(recipe_id, cook_id) VALUES (62, 40);
INSERT INTO recipe_cook(recipe_id, cook_id) VALUES (62, 112);
INSERT INTO recipe_cook(recipe_id, cook_id) VALUES (62, 16);
INSERT INTO recipe_cook(recipe_id, cook_id) VALUES (62, 116);
INSERT INTO recipe_cook(recipe_id, cook_id) VALUES (62, 194);
INSERT INTO recipe_cook(recipe_id, cook_id) VALUES (62, 159);
INSERT INTO recipe_cook(recipe_id, cook_id) VALUES (62, 78);
INSERT INTO recipe_cook(recipe_id, cook_id) VALUES (62, 46);
INSERT INTO recipe_cook(recipe_id, cook_id) VALUES (62, 164);
INSERT INTO recipe_cook(recipe_id, cook_id) VALUES (62, 136);
INSERT INTO recipe_cook(recipe_id, cook_id) VALUES (62, 130);
INSERT INTO recipe_cook(recipe_id, cook_id) VALUES (62, 182);
INSERT INTO recipe_cook(recipe_id, cook_id) VALUES (62, 61);
INSERT INTO recipe_cook(recipe_id, cook_id) VALUES (62, 160);
INSERT INTO recipe_cook(recipe_id, cook_id) VALUES (62, 82);
INSERT INTO recipe_cook(recipe_id, cook_id) VALUES (62, 193);
INSERT INTO recipe_cook(recipe_id, cook_id) VALUES (62, 60);
INSERT INTO recipe_cook(recipe_id, cook_id) VALUES (62, 70);
INSERT INTO recipe_cook(recipe_id, cook_id) VALUES (62, 99);
INSERT INTO recipe_cook(recipe_id, cook_id) VALUES (62, 88);
INSERT INTO recipe_cook(recipe_id, cook_id) VALUES (62, 73);
INSERT INTO recipe_cook(recipe_id, cook_id) VALUES (62, 10);
INSERT INTO recipe_cook(recipe_id, cook_id) VALUES (62, 152);
INSERT INTO recipe_cook(recipe_id, cook_id) VALUES (62, 14);
INSERT INTO recipe_cook(recipe_id, cook_id) VALUES (62, 108);
INSERT INTO recipe_cook(recipe_id, cook_id) VALUES (62, 37);
INSERT INTO recipe_cook(recipe_id, cook_id) VALUES (62, 98);
INSERT INTO recipe_cook(recipe_id, cook_id) VALUES (62, 11);
INSERT INTO recipe_cook(recipe_id, cook_id) VALUES (62, 19);
INSERT INTO recipe_cook(recipe_id, cook_id) VALUES (62, 135);
INSERT INTO recipe_cook(recipe_id, cook_id) VALUES (62, 23);
INSERT INTO recipe_cook(recipe_id, cook_id) VALUES (62, 111);
INSERT INTO recipe_cook(recipe_id, cook_id) VALUES (62, 33);
INSERT INTO recipe_cook(recipe_id, cook_id) VALUES (62, 125);
INSERT INTO recipe_cook(recipe_id, cook_id) VALUES (62, 154);
INSERT INTO recipe_cook(recipe_id, cook_id) VALUES (62, 187);
INSERT INTO recipe_cook(recipe_id, cook_id) VALUES (62, 186);
INSERT INTO recipe_cook(recipe_id, cook_id) VALUES (62, 53);
INSERT INTO recipe_cook(recipe_id, cook_id) VALUES (62, 15);
INSERT INTO recipe_cook(recipe_id, cook_id) VALUES (62, 42);
INSERT INTO recipe_cook(recipe_id, cook_id) VALUES (62, 123);
INSERT INTO recipe_cook(recipe_id, cook_id) VALUES (62, 79);
INSERT INTO recipe_cook(recipe_id, cook_id) VALUES (62, 181);
INSERT INTO recipe_cook(recipe_id, cook_id) VALUES (62, 45);
INSERT INTO recipe_cook(recipe_id, cook_id) VALUES (62, 118);
INSERT INTO recipe_cook(recipe_id, cook_id) VALUES (62, 80);
INSERT INTO recipe_cook(recipe_id, cook_id) VALUES (62, 198);
INSERT INTO recipe_cook(recipe_id, cook_id) VALUES (62, 183);
INSERT INTO recipe_cook(recipe_id, cook_id) VALUES (62, 170);
INSERT INTO recipe_cook(recipe_id, cook_id) VALUES (62, 157);
INSERT INTO recipe_cook(recipe_id, cook_id) VALUES (62, 143);
INSERT INTO recipe_cook(recipe_id, cook_id) VALUES (62, 32);
INSERT INTO recipe_cook(recipe_id, cook_id) VALUES (62, 36);
INSERT INTO recipe_cook(recipe_id, cook_id) VALUES (62, 169);
INSERT INTO recipe_cook(recipe_id, cook_id) VALUES (62, 137);
INSERT INTO recipe_cook(recipe_id, cook_id) VALUES (62, 103);
INSERT INTO recipe_cook(recipe_id, cook_id) VALUES (62, 34);
INSERT INTO recipe_cook(recipe_id, cook_id) VALUES (62, 180);
INSERT INTO recipe_cook(recipe_id, cook_id) VALUES (62, 141);
INSERT INTO recipe_cook(recipe_id, cook_id) VALUES (62, 178);
INSERT INTO recipe_cook(recipe_id, cook_id) VALUES (62, 147);
INSERT INTO recipe_cook(recipe_id, cook_id) VALUES (62, 29);
INSERT INTO recipe_cook(recipe_id, cook_id) VALUES (62, 44);
INSERT INTO recipe_cook(recipe_id, cook_id) VALUES (62, 92);
INSERT INTO recipe_theme(recipe_id, theme_id) VALUES (62, 12);
INSERT INTO recipe_tip(recipe_id, tip_id) VALUES (62, 8);
INSERT INTO recipe_tip(recipe_id, tip_id) VALUES (62, 37);
INSERT INTO recipe_tip(recipe_id, tip_id) VALUES (62, 13);

INSERT INTO recipe(baking, cuisine_id, difficulty, title, recipe_description, prep_time, cook_time, portions, fat_portion, protein_portion, carbo_portion, picture, picture_description) VALUES(1, 43, 5,'Coleslaw', 'Across toward decision fund. Half network money. Husband appear chance forward leave ten tend.', 125, 70, 5, 25, 50,15, 'https://placekitten.com/65/838', 'Evidence purpose lot still.');
INSERT INTO recipe_meal_type(recipe_id, meal_type_id) VALUES (63, 4);
INSERT INTO recipe_tag(recipe_id, tag_id) VALUES (63, 10);
INSERT INTO recipe_tag(recipe_id, tag_id) VALUES (63, 89);
INSERT INTO recipe_tag(recipe_id, tag_id) VALUES (63, 9);
INSERT INTO recipe_tag(recipe_id, tag_id) VALUES (63, 27);
INSERT INTO recipe_tag(recipe_id, tag_id) VALUES (63, 64);
INSERT INTO recipe_tag(recipe_id, tag_id) VALUES (63, 100);
INSERT INTO recipe_equipment(recipe_id, equipment_id, num) VALUES (63, 16, 3);
INSERT INTO recipe_equipment(recipe_id, equipment_id, num) VALUES (63, 18, 3);
INSERT INTO recipe_equipment(recipe_id, equipment_id, num) VALUES (63, 5, 3);
INSERT INTO recipe_equipment(recipe_id, equipment_id, num) VALUES (63, 7, 3);
INSERT INTO recipe_equipment(recipe_id, equipment_id, num) VALUES (63, 10, 3);
INSERT INTO recipe_equipment(recipe_id, equipment_id, num) VALUES (63, 11, 3);
INSERT INTO recipe_equipment(recipe_id, equipment_id, num) VALUES (63, 2, 2);
INSERT INTO recipe_cook(recipe_id, cook_id) VALUES (63, 48);
INSERT INTO recipe_cook(recipe_id, cook_id) VALUES (63, 34);
INSERT INTO recipe_cook(recipe_id, cook_id) VALUES (63, 171);
INSERT INTO recipe_cook(recipe_id, cook_id) VALUES (63, 155);
INSERT INTO recipe_cook(recipe_id, cook_id) VALUES (63, 27);
INSERT INTO recipe_cook(recipe_id, cook_id) VALUES (63, 32);
INSERT INTO recipe_cook(recipe_id, cook_id) VALUES (63, 9);
INSERT INTO recipe_cook(recipe_id, cook_id) VALUES (63, 94);
INSERT INTO recipe_cook(recipe_id, cook_id) VALUES (63, 158);
INSERT INTO recipe_cook(recipe_id, cook_id) VALUES (63, 111);
INSERT INTO recipe_cook(recipe_id, cook_id) VALUES (63, 112);
INSERT INTO recipe_cook(recipe_id, cook_id) VALUES (63, 36);
INSERT INTO recipe_cook(recipe_id, cook_id) VALUES (63, 177);
INSERT INTO recipe_cook(recipe_id, cook_id) VALUES (63, 147);
INSERT INTO recipe_cook(recipe_id, cook_id) VALUES (63, 104);
INSERT INTO recipe_cook(recipe_id, cook_id) VALUES (63, 73);
INSERT INTO recipe_cook(recipe_id, cook_id) VALUES (63, 47);
INSERT INTO recipe_cook(recipe_id, cook_id) VALUES (63, 71);
INSERT INTO recipe_cook(recipe_id, cook_id) VALUES (63, 166);
INSERT INTO recipe_cook(recipe_id, cook_id) VALUES (63, 178);
INSERT INTO recipe_cook(recipe_id, cook_id) VALUES (63, 187);
INSERT INTO recipe_cook(recipe_id, cook_id) VALUES (63, 42);
INSERT INTO recipe_cook(recipe_id, cook_id) VALUES (63, 22);
INSERT INTO recipe_cook(recipe_id, cook_id) VALUES (63, 12);
INSERT INTO recipe_cook(recipe_id, cook_id) VALUES (63, 70);
INSERT INTO recipe_cook(recipe_id, cook_id) VALUES (63, 77);
INSERT INTO recipe_cook(recipe_id, cook_id) VALUES (63, 103);
INSERT INTO recipe_cook(recipe_id, cook_id) VALUES (63, 52);
INSERT INTO recipe_cook(recipe_id, cook_id) VALUES (63, 30);
INSERT INTO recipe_cook(recipe_id, cook_id) VALUES (63, 138);
INSERT INTO recipe_cook(recipe_id, cook_id) VALUES (63, 26);
INSERT INTO recipe_cook(recipe_id, cook_id) VALUES (63, 54);
INSERT INTO recipe_cook(recipe_id, cook_id) VALUES (63, 24);
INSERT INTO recipe_cook(recipe_id, cook_id) VALUES (63, 61);
INSERT INTO recipe_cook(recipe_id, cook_id) VALUES (63, 66);
INSERT INTO recipe_cook(recipe_id, cook_id) VALUES (63, 23);
INSERT INTO recipe_cook(recipe_id, cook_id) VALUES (63, 150);
INSERT INTO recipe_cook(recipe_id, cook_id) VALUES (63, 172);
INSERT INTO recipe_cook(recipe_id, cook_id) VALUES (63, 157);
INSERT INTO recipe_cook(recipe_id, cook_id) VALUES (63, 119);
INSERT INTO recipe_cook(recipe_id, cook_id) VALUES (63, 3);
INSERT INTO recipe_cook(recipe_id, cook_id) VALUES (63, 121);
INSERT INTO recipe_cook(recipe_id, cook_id) VALUES (63, 162);
INSERT INTO recipe_cook(recipe_id, cook_id) VALUES (63, 69);
INSERT INTO recipe_cook(recipe_id, cook_id) VALUES (63, 7);
INSERT INTO recipe_cook(recipe_id, cook_id) VALUES (63, 81);
INSERT INTO recipe_cook(recipe_id, cook_id) VALUES (63, 160);
INSERT INTO recipe_cook(recipe_id, cook_id) VALUES (63, 198);
INSERT INTO recipe_cook(recipe_id, cook_id) VALUES (63, 2);
INSERT INTO recipe_cook(recipe_id, cook_id) VALUES (63, 68);
INSERT INTO recipe_cook(recipe_id, cook_id) VALUES (63, 152);
INSERT INTO recipe_cook(recipe_id, cook_id) VALUES (63, 179);
INSERT INTO recipe_cook(recipe_id, cook_id) VALUES (63, 122);
INSERT INTO recipe_cook(recipe_id, cook_id) VALUES (63, 109);
INSERT INTO recipe_cook(recipe_id, cook_id) VALUES (63, 183);
INSERT INTO recipe_cook(recipe_id, cook_id) VALUES (63, 130);
INSERT INTO recipe_cook(recipe_id, cook_id) VALUES (63, 62);
INSERT INTO recipe_cook(recipe_id, cook_id) VALUES (63, 28);
INSERT INTO recipe_cook(recipe_id, cook_id) VALUES (63, 15);
INSERT INTO recipe_cook(recipe_id, cook_id) VALUES (63, 137);
INSERT INTO recipe_cook(recipe_id, cook_id) VALUES (63, 146);
INSERT INTO recipe_cook(recipe_id, cook_id) VALUES (63, 165);
INSERT INTO recipe_cook(recipe_id, cook_id) VALUES (63, 20);
INSERT INTO recipe_cook(recipe_id, cook_id) VALUES (63, 83);
INSERT INTO recipe_cook(recipe_id, cook_id) VALUES (63, 76);
INSERT INTO recipe_cook(recipe_id, cook_id) VALUES (63, 78);
INSERT INTO recipe_cook(recipe_id, cook_id) VALUES (63, 127);
INSERT INTO recipe_cook(recipe_id, cook_id) VALUES (63, 63);
INSERT INTO recipe_cook(recipe_id, cook_id) VALUES (63, 93);
INSERT INTO recipe_cook(recipe_id, cook_id) VALUES (63, 14);
INSERT INTO recipe_cook(recipe_id, cook_id) VALUES (63, 8);
INSERT INTO recipe_cook(recipe_id, cook_id) VALUES (63, 58);
INSERT INTO recipe_cook(recipe_id, cook_id) VALUES (63, 132);
INSERT INTO recipe_cook(recipe_id, cook_id) VALUES (63, 168);
INSERT INTO recipe_cook(recipe_id, cook_id) VALUES (63, 185);
INSERT INTO recipe_cook(recipe_id, cook_id) VALUES (63, 79);
INSERT INTO recipe_cook(recipe_id, cook_id) VALUES (63, 45);
INSERT INTO recipe_cook(recipe_id, cook_id) VALUES (63, 18);
INSERT INTO recipe_cook(recipe_id, cook_id) VALUES (63, 107);
INSERT INTO recipe_cook(recipe_id, cook_id) VALUES (63, 173);
INSERT INTO recipe_cook(recipe_id, cook_id) VALUES (63, 10);
INSERT INTO recipe_cook(recipe_id, cook_id) VALUES (63, 19);
INSERT INTO recipe_cook(recipe_id, cook_id) VALUES (63, 55);
INSERT INTO recipe_cook(recipe_id, cook_id) VALUES (63, 72);
INSERT INTO recipe_cook(recipe_id, cook_id) VALUES (63, 86);
INSERT INTO recipe_cook(recipe_id, cook_id) VALUES (63, 17);
INSERT INTO recipe_cook(recipe_id, cook_id) VALUES (63, 44);
INSERT INTO recipe_cook(recipe_id, cook_id) VALUES (63, 188);
INSERT INTO recipe_cook(recipe_id, cook_id) VALUES (63, 16);
INSERT INTO recipe_cook(recipe_id, cook_id) VALUES (63, 163);
INSERT INTO recipe_cook(recipe_id, cook_id) VALUES (63, 95);
INSERT INTO recipe_cook(recipe_id, cook_id) VALUES (63, 116);
INSERT INTO recipe_cook(recipe_id, cook_id) VALUES (63, 195);
INSERT INTO recipe_cook(recipe_id, cook_id) VALUES (63, 197);
INSERT INTO recipe_cook(recipe_id, cook_id) VALUES (63, 190);
INSERT INTO recipe_cook(recipe_id, cook_id) VALUES (63, 170);
INSERT INTO recipe_cook(recipe_id, cook_id) VALUES (63, 108);
INSERT INTO recipe_cook(recipe_id, cook_id) VALUES (63, 148);
INSERT INTO recipe_cook(recipe_id, cook_id) VALUES (63, 40);
INSERT INTO recipe_cook(recipe_id, cook_id) VALUES (63, 91);
INSERT INTO recipe_cook(recipe_id, cook_id) VALUES (63, 13);
INSERT INTO recipe_cook(recipe_id, cook_id) VALUES (63, 134);
INSERT INTO recipe_cook(recipe_id, cook_id) VALUES (63, 192);
INSERT INTO recipe_cook(recipe_id, cook_id) VALUES (63, 1);
INSERT INTO recipe_cook(recipe_id, cook_id) VALUES (63, 120);
INSERT INTO recipe_cook(recipe_id, cook_id) VALUES (63, 200);
INSERT INTO recipe_cook(recipe_id, cook_id) VALUES (63, 74);
INSERT INTO recipe_cook(recipe_id, cook_id) VALUES (63, 142);
INSERT INTO recipe_cook(recipe_id, cook_id) VALUES (63, 5);
INSERT INTO recipe_cook(recipe_id, cook_id) VALUES (63, 85);
INSERT INTO recipe_cook(recipe_id, cook_id) VALUES (63, 65);
INSERT INTO recipe_cook(recipe_id, cook_id) VALUES (63, 135);
INSERT INTO recipe_cook(recipe_id, cook_id) VALUES (63, 139);
INSERT INTO recipe_cook(recipe_id, cook_id) VALUES (63, 51);
INSERT INTO recipe_cook(recipe_id, cook_id) VALUES (63, 176);
INSERT INTO recipe_cook(recipe_id, cook_id) VALUES (63, 143);
INSERT INTO recipe_cook(recipe_id, cook_id) VALUES (63, 105);
INSERT INTO recipe_cook(recipe_id, cook_id) VALUES (63, 110);
INSERT INTO recipe_cook(recipe_id, cook_id) VALUES (63, 29);
INSERT INTO recipe_cook(recipe_id, cook_id) VALUES (63, 39);
INSERT INTO recipe_cook(recipe_id, cook_id) VALUES (63, 182);
INSERT INTO recipe_cook(recipe_id, cook_id) VALUES (63, 151);
INSERT INTO recipe_cook(recipe_id, cook_id) VALUES (63, 75);
INSERT INTO recipe_cook(recipe_id, cook_id) VALUES (63, 128);
INSERT INTO recipe_cook(recipe_id, cook_id) VALUES (63, 96);
INSERT INTO recipe_cook(recipe_id, cook_id) VALUES (63, 161);
INSERT INTO recipe_cook(recipe_id, cook_id) VALUES (63, 118);
INSERT INTO recipe_cook(recipe_id, cook_id) VALUES (63, 56);
INSERT INTO recipe_cook(recipe_id, cook_id) VALUES (63, 141);
INSERT INTO recipe_cook(recipe_id, cook_id) VALUES (63, 154);
INSERT INTO recipe_cook(recipe_id, cook_id) VALUES (63, 113);
INSERT INTO recipe_cook(recipe_id, cook_id) VALUES (63, 97);
INSERT INTO recipe_cook(recipe_id, cook_id) VALUES (63, 184);
INSERT INTO recipe_cook(recipe_id, cook_id) VALUES (63, 89);
INSERT INTO recipe_cook(recipe_id, cook_id) VALUES (63, 46);
INSERT INTO recipe_cook(recipe_id, cook_id) VALUES (63, 92);
INSERT INTO recipe_cook(recipe_id, cook_id) VALUES (63, 49);
INSERT INTO recipe_cook(recipe_id, cook_id) VALUES (63, 186);
INSERT INTO recipe_cook(recipe_id, cook_id) VALUES (63, 60);
INSERT INTO recipe_cook(recipe_id, cook_id) VALUES (63, 115);
INSERT INTO recipe_cook(recipe_id, cook_id) VALUES (63, 64);
INSERT INTO recipe_cook(recipe_id, cook_id) VALUES (63, 193);
INSERT INTO recipe_cook(recipe_id, cook_id) VALUES (63, 123);
INSERT INTO recipe_cook(recipe_id, cook_id) VALUES (63, 67);
INSERT INTO recipe_cook(recipe_id, cook_id) VALUES (63, 106);
INSERT INTO recipe_cook(recipe_id, cook_id) VALUES (63, 100);
INSERT INTO recipe_cook(recipe_id, cook_id) VALUES (63, 117);
INSERT INTO recipe_cook(recipe_id, cook_id) VALUES (63, 124);
INSERT INTO recipe_cook(recipe_id, cook_id) VALUES (63, 57);
INSERT INTO recipe_cook(recipe_id, cook_id) VALUES (63, 50);
INSERT INTO recipe_cook(recipe_id, cook_id) VALUES (63, 102);
INSERT INTO recipe_cook(recipe_id, cook_id) VALUES (63, 59);
INSERT INTO recipe_cook(recipe_id, cook_id) VALUES (63, 180);
INSERT INTO recipe_cook(recipe_id, cook_id) VALUES (63, 80);
INSERT INTO recipe_cook(recipe_id, cook_id) VALUES (63, 35);
INSERT INTO recipe_cook(recipe_id, cook_id) VALUES (63, 156);
INSERT INTO recipe_theme(recipe_id, theme_id) VALUES (63, 21);
INSERT INTO recipe_theme(recipe_id, theme_id) VALUES (63, 7);
INSERT INTO recipe_tip(recipe_id, tip_id) VALUES (63, 12);
INSERT INTO recipe_tip(recipe_id, tip_id) VALUES (63, 6);
INSERT INTO recipe_tip(recipe_id, tip_id) VALUES (63, 38);

INSERT INTO recipe(baking, cuisine_id, difficulty, title, recipe_description, prep_time, cook_time, portions, fat_portion, protein_portion, carbo_portion, picture, picture_description) VALUES(0, 39, 5,'Flan', 'Effort there song so ok affect. Mean second federal yard traditional radio. Risk ready build movie will. Tv crime trouble or structure middle.', 115, 120, 4, 20, 25,60, 'https://placekitten.com/153/669', 'Something including officer.');
INSERT INTO recipe_meal_type(recipe_id, meal_type_id) VALUES (64, 6);
INSERT INTO recipe_tag(recipe_id, tag_id) VALUES (64, 64);
INSERT INTO recipe_tag(recipe_id, tag_id) VALUES (64, 50);
INSERT INTO recipe_tag(recipe_id, tag_id) VALUES (64, 44);
INSERT INTO recipe_tag(recipe_id, tag_id) VALUES (64, 61);
INSERT INTO recipe_tag(recipe_id, tag_id) VALUES (64, 31);
INSERT INTO recipe_tag(recipe_id, tag_id) VALUES (64, 59);
INSERT INTO recipe_tag(recipe_id, tag_id) VALUES (64, 72);
INSERT INTO recipe_equipment(recipe_id, equipment_id, num) VALUES (64, 4, 2);
INSERT INTO recipe_equipment(recipe_id, equipment_id, num) VALUES (64, 7, 2);
INSERT INTO recipe_equipment(recipe_id, equipment_id, num) VALUES (64, 17, 3);
INSERT INTO recipe_equipment(recipe_id, equipment_id, num) VALUES (64, 8, 3);
INSERT INTO recipe_equipment(recipe_id, equipment_id, num) VALUES (64, 12, 1);
INSERT INTO recipe_cook(recipe_id, cook_id) VALUES (64, 62);
INSERT INTO recipe_cook(recipe_id, cook_id) VALUES (64, 100);
INSERT INTO recipe_cook(recipe_id, cook_id) VALUES (64, 188);
INSERT INTO recipe_cook(recipe_id, cook_id) VALUES (64, 92);
INSERT INTO recipe_cook(recipe_id, cook_id) VALUES (64, 87);
INSERT INTO recipe_cook(recipe_id, cook_id) VALUES (64, 116);
INSERT INTO recipe_cook(recipe_id, cook_id) VALUES (64, 41);
INSERT INTO recipe_cook(recipe_id, cook_id) VALUES (64, 125);
INSERT INTO recipe_cook(recipe_id, cook_id) VALUES (64, 13);
INSERT INTO recipe_cook(recipe_id, cook_id) VALUES (64, 105);
INSERT INTO recipe_cook(recipe_id, cook_id) VALUES (64, 2);
INSERT INTO recipe_cook(recipe_id, cook_id) VALUES (64, 196);
INSERT INTO recipe_cook(recipe_id, cook_id) VALUES (64, 74);
INSERT INTO recipe_cook(recipe_id, cook_id) VALUES (64, 112);
INSERT INTO recipe_cook(recipe_id, cook_id) VALUES (64, 25);
INSERT INTO recipe_cook(recipe_id, cook_id) VALUES (64, 176);
INSERT INTO recipe_cook(recipe_id, cook_id) VALUES (64, 143);
INSERT INTO recipe_cook(recipe_id, cook_id) VALUES (64, 29);
INSERT INTO recipe_cook(recipe_id, cook_id) VALUES (64, 18);
INSERT INTO recipe_cook(recipe_id, cook_id) VALUES (64, 200);
INSERT INTO recipe_cook(recipe_id, cook_id) VALUES (64, 67);
INSERT INTO recipe_cook(recipe_id, cook_id) VALUES (64, 45);
INSERT INTO recipe_cook(recipe_id, cook_id) VALUES (64, 191);
INSERT INTO recipe_cook(recipe_id, cook_id) VALUES (64, 75);
INSERT INTO recipe_cook(recipe_id, cook_id) VALUES (64, 35);
INSERT INTO recipe_cook(recipe_id, cook_id) VALUES (64, 54);
INSERT INTO recipe_cook(recipe_id, cook_id) VALUES (64, 155);
INSERT INTO recipe_cook(recipe_id, cook_id) VALUES (64, 121);
INSERT INTO recipe_cook(recipe_id, cook_id) VALUES (64, 48);
INSERT INTO recipe_cook(recipe_id, cook_id) VALUES (64, 194);
INSERT INTO recipe_cook(recipe_id, cook_id) VALUES (64, 42);
INSERT INTO recipe_cook(recipe_id, cook_id) VALUES (64, 117);
INSERT INTO recipe_cook(recipe_id, cook_id) VALUES (64, 122);
INSERT INTO recipe_cook(recipe_id, cook_id) VALUES (64, 97);
INSERT INTO recipe_cook(recipe_id, cook_id) VALUES (64, 186);
INSERT INTO recipe_cook(recipe_id, cook_id) VALUES (64, 78);
INSERT INTO recipe_cook(recipe_id, cook_id) VALUES (64, 32);
INSERT INTO recipe_cook(recipe_id, cook_id) VALUES (64, 172);
INSERT INTO recipe_cook(recipe_id, cook_id) VALUES (64, 81);
INSERT INTO recipe_cook(recipe_id, cook_id) VALUES (64, 63);
INSERT INTO recipe_cook(recipe_id, cook_id) VALUES (64, 167);
INSERT INTO recipe_cook(recipe_id, cook_id) VALUES (64, 141);
INSERT INTO recipe_cook(recipe_id, cook_id) VALUES (64, 11);
INSERT INTO recipe_cook(recipe_id, cook_id) VALUES (64, 151);
INSERT INTO recipe_cook(recipe_id, cook_id) VALUES (64, 135);
INSERT INTO recipe_cook(recipe_id, cook_id) VALUES (64, 111);
INSERT INTO recipe_cook(recipe_id, cook_id) VALUES (64, 58);
INSERT INTO recipe_cook(recipe_id, cook_id) VALUES (64, 91);
INSERT INTO recipe_cook(recipe_id, cook_id) VALUES (64, 64);
INSERT INTO recipe_cook(recipe_id, cook_id) VALUES (64, 103);
INSERT INTO recipe_cook(recipe_id, cook_id) VALUES (64, 47);
INSERT INTO recipe_cook(recipe_id, cook_id) VALUES (64, 165);
INSERT INTO recipe_cook(recipe_id, cook_id) VALUES (64, 153);
INSERT INTO recipe_cook(recipe_id, cook_id) VALUES (64, 161);
INSERT INTO recipe_cook(recipe_id, cook_id) VALUES (64, 160);
INSERT INTO recipe_cook(recipe_id, cook_id) VALUES (64, 1);
INSERT INTO recipe_cook(recipe_id, cook_id) VALUES (64, 39);
INSERT INTO recipe_cook(recipe_id, cook_id) VALUES (64, 139);
INSERT INTO recipe_cook(recipe_id, cook_id) VALUES (64, 30);
INSERT INTO recipe_cook(recipe_id, cook_id) VALUES (64, 24);
INSERT INTO recipe_cook(recipe_id, cook_id) VALUES (64, 15);
INSERT INTO recipe_cook(recipe_id, cook_id) VALUES (64, 198);
INSERT INTO recipe_cook(recipe_id, cook_id) VALUES (64, 61);
INSERT INTO recipe_cook(recipe_id, cook_id) VALUES (64, 108);
INSERT INTO recipe_cook(recipe_id, cook_id) VALUES (64, 9);
INSERT INTO recipe_cook(recipe_id, cook_id) VALUES (64, 28);
INSERT INTO recipe_cook(recipe_id, cook_id) VALUES (64, 26);
INSERT INTO recipe_cook(recipe_id, cook_id) VALUES (64, 164);
INSERT INTO recipe_cook(recipe_id, cook_id) VALUES (64, 190);
INSERT INTO recipe_cook(recipe_id, cook_id) VALUES (64, 66);
INSERT INTO recipe_cook(recipe_id, cook_id) VALUES (64, 14);
INSERT INTO recipe_cook(recipe_id, cook_id) VALUES (64, 5);
INSERT INTO recipe_cook(recipe_id, cook_id) VALUES (64, 55);
INSERT INTO recipe_cook(recipe_id, cook_id) VALUES (64, 3);
INSERT INTO recipe_cook(recipe_id, cook_id) VALUES (64, 22);
INSERT INTO recipe_cook(recipe_id, cook_id) VALUES (64, 120);
INSERT INTO recipe_cook(recipe_id, cook_id) VALUES (64, 181);
INSERT INTO recipe_cook(recipe_id, cook_id) VALUES (64, 150);
INSERT INTO recipe_cook(recipe_id, cook_id) VALUES (64, 183);
INSERT INTO recipe_cook(recipe_id, cook_id) VALUES (64, 144);
INSERT INTO recipe_cook(recipe_id, cook_id) VALUES (64, 114);
INSERT INTO recipe_cook(recipe_id, cook_id) VALUES (64, 40);
INSERT INTO recipe_cook(recipe_id, cook_id) VALUES (64, 65);
INSERT INTO recipe_cook(recipe_id, cook_id) VALUES (64, 170);
INSERT INTO recipe_cook(recipe_id, cook_id) VALUES (64, 90);
INSERT INTO recipe_cook(recipe_id, cook_id) VALUES (64, 195);
INSERT INTO recipe_cook(recipe_id, cook_id) VALUES (64, 137);
INSERT INTO recipe_cook(recipe_id, cook_id) VALUES (64, 124);
INSERT INTO recipe_cook(recipe_id, cook_id) VALUES (64, 20);
INSERT INTO recipe_cook(recipe_id, cook_id) VALUES (64, 96);
INSERT INTO recipe_cook(recipe_id, cook_id) VALUES (64, 50);
INSERT INTO recipe_cook(recipe_id, cook_id) VALUES (64, 79);
INSERT INTO recipe_cook(recipe_id, cook_id) VALUES (64, 71);
INSERT INTO recipe_cook(recipe_id, cook_id) VALUES (64, 43);
INSERT INTO recipe_cook(recipe_id, cook_id) VALUES (64, 94);
INSERT INTO recipe_cook(recipe_id, cook_id) VALUES (64, 171);
INSERT INTO recipe_cook(recipe_id, cook_id) VALUES (64, 8);
INSERT INTO recipe_cook(recipe_id, cook_id) VALUES (64, 6);
INSERT INTO recipe_cook(recipe_id, cook_id) VALUES (64, 197);
INSERT INTO recipe_cook(recipe_id, cook_id) VALUES (64, 129);
INSERT INTO recipe_cook(recipe_id, cook_id) VALUES (64, 89);
INSERT INTO recipe_cook(recipe_id, cook_id) VALUES (64, 109);
INSERT INTO recipe_cook(recipe_id, cook_id) VALUES (64, 46);
INSERT INTO recipe_cook(recipe_id, cook_id) VALUES (64, 72);
INSERT INTO recipe_cook(recipe_id, cook_id) VALUES (64, 131);
INSERT INTO recipe_cook(recipe_id, cook_id) VALUES (64, 68);
INSERT INTO recipe_cook(recipe_id, cook_id) VALUES (64, 59);
INSERT INTO recipe_cook(recipe_id, cook_id) VALUES (64, 119);
INSERT INTO recipe_cook(recipe_id, cook_id) VALUES (64, 130);
INSERT INTO recipe_cook(recipe_id, cook_id) VALUES (64, 106);
INSERT INTO recipe_theme(recipe_id, theme_id) VALUES (64, 4);
INSERT INTO recipe_theme(recipe_id, theme_id) VALUES (64, 21);
INSERT INTO recipe_tip(recipe_id, tip_id) VALUES (64, 22);
INSERT INTO recipe_tip(recipe_id, tip_id) VALUES (64, 39);
INSERT INTO recipe_tip(recipe_id, tip_id) VALUES (64, 36);

INSERT INTO recipe(baking, cuisine_id, difficulty, title, recipe_description, prep_time, cook_time, portions, fat_portion, protein_portion, carbo_portion, picture, picture_description) VALUES(0, 20, 2,'Garlic Bread', 'Rate bed image. Not fight lawyer protect strong over I project. Adult area where everybody central performance.', 25, 110, 5, 45, 45,55, 'https://placekitten.com/229/66', 'Fish or entire control.');
INSERT INTO recipe_meal_type(recipe_id, meal_type_id) VALUES (65, 4);
INSERT INTO recipe_tag(recipe_id, tag_id) VALUES (65, 37);
INSERT INTO recipe_tag(recipe_id, tag_id) VALUES (65, 42);
INSERT INTO recipe_tag(recipe_id, tag_id) VALUES (65, 67);
INSERT INTO recipe_tag(recipe_id, tag_id) VALUES (65, 81);
INSERT INTO recipe_tag(recipe_id, tag_id) VALUES (65, 54);
INSERT INTO recipe_tag(recipe_id, tag_id) VALUES (65, 55);
INSERT INTO recipe_tag(recipe_id, tag_id) VALUES (65, 79);
INSERT INTO recipe_tag(recipe_id, tag_id) VALUES (65, 10);
INSERT INTO recipe_equipment(recipe_id, equipment_id, num) VALUES (65, 16, 4);
INSERT INTO recipe_equipment(recipe_id, equipment_id, num) VALUES (65, 6, 1);
INSERT INTO recipe_equipment(recipe_id, equipment_id, num) VALUES (65, 9, 3);
INSERT INTO recipe_equipment(recipe_id, equipment_id, num) VALUES (65, 10, 2);
INSERT INTO recipe_equipment(recipe_id, equipment_id, num) VALUES (65, 1, 4);
INSERT INTO recipe_equipment(recipe_id, equipment_id, num) VALUES (65, 14, 1);
INSERT INTO recipe_cook(recipe_id, cook_id) VALUES (65, 168);
INSERT INTO recipe_cook(recipe_id, cook_id) VALUES (65, 144);
INSERT INTO recipe_cook(recipe_id, cook_id) VALUES (65, 14);
INSERT INTO recipe_cook(recipe_id, cook_id) VALUES (65, 10);
INSERT INTO recipe_cook(recipe_id, cook_id) VALUES (65, 16);
INSERT INTO recipe_cook(recipe_id, cook_id) VALUES (65, 31);
INSERT INTO recipe_cook(recipe_id, cook_id) VALUES (65, 132);
INSERT INTO recipe_cook(recipe_id, cook_id) VALUES (65, 100);
INSERT INTO recipe_cook(recipe_id, cook_id) VALUES (65, 158);
INSERT INTO recipe_cook(recipe_id, cook_id) VALUES (65, 162);
INSERT INTO recipe_cook(recipe_id, cook_id) VALUES (65, 44);
INSERT INTO recipe_cook(recipe_id, cook_id) VALUES (65, 138);
INSERT INTO recipe_cook(recipe_id, cook_id) VALUES (65, 56);
INSERT INTO recipe_cook(recipe_id, cook_id) VALUES (65, 133);
INSERT INTO recipe_cook(recipe_id, cook_id) VALUES (65, 75);
INSERT INTO recipe_cook(recipe_id, cook_id) VALUES (65, 121);
INSERT INTO recipe_cook(recipe_id, cook_id) VALUES (65, 101);
INSERT INTO recipe_cook(recipe_id, cook_id) VALUES (65, 58);
INSERT INTO recipe_cook(recipe_id, cook_id) VALUES (65, 60);
INSERT INTO recipe_cook(recipe_id, cook_id) VALUES (65, 149);
INSERT INTO recipe_cook(recipe_id, cook_id) VALUES (65, 6);
INSERT INTO recipe_cook(recipe_id, cook_id) VALUES (65, 52);
INSERT INTO recipe_cook(recipe_id, cook_id) VALUES (65, 104);
INSERT INTO recipe_cook(recipe_id, cook_id) VALUES (65, 163);
INSERT INTO recipe_cook(recipe_id, cook_id) VALUES (65, 157);
INSERT INTO recipe_cook(recipe_id, cook_id) VALUES (65, 129);
INSERT INTO recipe_cook(recipe_id, cook_id) VALUES (65, 46);
INSERT INTO recipe_cook(recipe_id, cook_id) VALUES (65, 33);
INSERT INTO recipe_cook(recipe_id, cook_id) VALUES (65, 184);
INSERT INTO recipe_theme(recipe_id, theme_id) VALUES (65, 19);
INSERT INTO recipe_theme(recipe_id, theme_id) VALUES (65, 5);
INSERT INTO recipe_tip(recipe_id, tip_id) VALUES (65, 22);
INSERT INTO recipe_tip(recipe_id, tip_id) VALUES (65, 33);
INSERT INTO recipe_tip(recipe_id, tip_id) VALUES (65, 30);

INSERT INTO recipe(baking, cuisine_id, difficulty, title, recipe_description, prep_time, cook_time, portions, fat_portion, protein_portion, carbo_portion, picture, picture_description) VALUES(1, 49, 2,'Baba Ganoush', 'Compare specific including bill like. Congress short travel nearly political finally tell radio.', 75, 120, 5, 45, 45,25, 'https://placekitten.com/260/182', 'West win strategy foot.');
INSERT INTO recipe_meal_type(recipe_id, meal_type_id) VALUES (66, 5);
INSERT INTO recipe_tag(recipe_id, tag_id) VALUES (66, 73);
INSERT INTO recipe_tag(recipe_id, tag_id) VALUES (66, 33);
INSERT INTO recipe_tag(recipe_id, tag_id) VALUES (66, 44);
INSERT INTO recipe_tag(recipe_id, tag_id) VALUES (66, 98);
INSERT INTO recipe_tag(recipe_id, tag_id) VALUES (66, 56);
INSERT INTO recipe_equipment(recipe_id, equipment_id, num) VALUES (66, 15, 1);
INSERT INTO recipe_equipment(recipe_id, equipment_id, num) VALUES (66, 7, 3);
INSERT INTO recipe_equipment(recipe_id, equipment_id, num) VALUES (66, 13, 1);
INSERT INTO recipe_equipment(recipe_id, equipment_id, num) VALUES (66, 6, 1);
INSERT INTO recipe_equipment(recipe_id, equipment_id, num) VALUES (66, 10, 1);
INSERT INTO recipe_equipment(recipe_id, equipment_id, num) VALUES (66, 9, 3);
INSERT INTO recipe_cook(recipe_id, cook_id) VALUES (66, 176);
INSERT INTO recipe_cook(recipe_id, cook_id) VALUES (66, 12);
INSERT INTO recipe_cook(recipe_id, cook_id) VALUES (66, 84);
INSERT INTO recipe_cook(recipe_id, cook_id) VALUES (66, 74);
INSERT INTO recipe_cook(recipe_id, cook_id) VALUES (66, 94);
INSERT INTO recipe_cook(recipe_id, cook_id) VALUES (66, 7);
INSERT INTO recipe_cook(recipe_id, cook_id) VALUES (66, 193);
INSERT INTO recipe_cook(recipe_id, cook_id) VALUES (66, 121);
INSERT INTO recipe_cook(recipe_id, cook_id) VALUES (66, 125);
INSERT INTO recipe_cook(recipe_id, cook_id) VALUES (66, 1);
INSERT INTO recipe_cook(recipe_id, cook_id) VALUES (66, 183);
INSERT INTO recipe_cook(recipe_id, cook_id) VALUES (66, 177);
INSERT INTO recipe_cook(recipe_id, cook_id) VALUES (66, 155);
INSERT INTO recipe_cook(recipe_id, cook_id) VALUES (66, 112);
INSERT INTO recipe_cook(recipe_id, cook_id) VALUES (66, 32);
INSERT INTO recipe_cook(recipe_id, cook_id) VALUES (66, 38);
INSERT INTO recipe_cook(recipe_id, cook_id) VALUES (66, 48);
INSERT INTO recipe_cook(recipe_id, cook_id) VALUES (66, 5);
INSERT INTO recipe_cook(recipe_id, cook_id) VALUES (66, 182);
INSERT INTO recipe_cook(recipe_id, cook_id) VALUES (66, 28);
INSERT INTO recipe_cook(recipe_id, cook_id) VALUES (66, 135);
INSERT INTO recipe_cook(recipe_id, cook_id) VALUES (66, 113);
INSERT INTO recipe_cook(recipe_id, cook_id) VALUES (66, 197);
INSERT INTO recipe_cook(recipe_id, cook_id) VALUES (66, 103);
INSERT INTO recipe_cook(recipe_id, cook_id) VALUES (66, 152);
INSERT INTO recipe_cook(recipe_id, cook_id) VALUES (66, 33);
INSERT INTO recipe_cook(recipe_id, cook_id) VALUES (66, 147);
INSERT INTO recipe_cook(recipe_id, cook_id) VALUES (66, 93);
INSERT INTO recipe_cook(recipe_id, cook_id) VALUES (66, 20);
INSERT INTO recipe_cook(recipe_id, cook_id) VALUES (66, 24);
INSERT INTO recipe_cook(recipe_id, cook_id) VALUES (66, 146);
INSERT INTO recipe_cook(recipe_id, cook_id) VALUES (66, 41);
INSERT INTO recipe_cook(recipe_id, cook_id) VALUES (66, 25);
INSERT INTO recipe_cook(recipe_id, cook_id) VALUES (66, 173);
INSERT INTO recipe_cook(recipe_id, cook_id) VALUES (66, 124);
INSERT INTO recipe_cook(recipe_id, cook_id) VALUES (66, 47);
INSERT INTO recipe_theme(recipe_id, theme_id) VALUES (66, 34);
INSERT INTO recipe_theme(recipe_id, theme_id) VALUES (66, 12);
INSERT INTO recipe_tip(recipe_id, tip_id) VALUES (66, 31);
INSERT INTO recipe_tip(recipe_id, tip_id) VALUES (66, 17);

INSERT INTO recipe(baking, cuisine_id, difficulty, title, recipe_description, prep_time, cook_time, portions, fat_portion, protein_portion, carbo_portion, picture, picture_description) VALUES(1, 39, 2,'Lamb Rogan Josh', 'Physical real which. Report stage plan east certain. Describe to everybody course create land. Lead boy democratic recent answer. Apply data suffer air senior.', 115, 120, 5, 0, 35,30, 'https://placekitten.com/181/670', 'Billion seat local thought.');
INSERT INTO recipe_meal_type(recipe_id, meal_type_id) VALUES (67, 6);
INSERT INTO recipe_tag(recipe_id, tag_id) VALUES (67, 69);
INSERT INTO recipe_equipment(recipe_id, equipment_id, num) VALUES (67, 5, 2);
INSERT INTO recipe_equipment(recipe_id, equipment_id, num) VALUES (67, 13, 3);
INSERT INTO recipe_equipment(recipe_id, equipment_id, num) VALUES (67, 2, 3);
INSERT INTO recipe_equipment(recipe_id, equipment_id, num) VALUES (67, 3, 2);
INSERT INTO recipe_equipment(recipe_id, equipment_id, num) VALUES (67, 12, 4);
INSERT INTO recipe_equipment(recipe_id, equipment_id, num) VALUES (67, 17, 3);
INSERT INTO recipe_equipment(recipe_id, equipment_id, num) VALUES (67, 14, 3);
INSERT INTO recipe_cook(recipe_id, cook_id) VALUES (67, 194);
INSERT INTO recipe_cook(recipe_id, cook_id) VALUES (67, 173);
INSERT INTO recipe_cook(recipe_id, cook_id) VALUES (67, 19);
INSERT INTO recipe_cook(recipe_id, cook_id) VALUES (67, 52);
INSERT INTO recipe_cook(recipe_id, cook_id) VALUES (67, 9);
INSERT INTO recipe_cook(recipe_id, cook_id) VALUES (67, 114);
INSERT INTO recipe_cook(recipe_id, cook_id) VALUES (67, 60);
INSERT INTO recipe_cook(recipe_id, cook_id) VALUES (67, 170);
INSERT INTO recipe_cook(recipe_id, cook_id) VALUES (67, 143);
INSERT INTO recipe_cook(recipe_id, cook_id) VALUES (67, 80);
INSERT INTO recipe_cook(recipe_id, cook_id) VALUES (67, 67);
INSERT INTO recipe_cook(recipe_id, cook_id) VALUES (67, 84);
INSERT INTO recipe_cook(recipe_id, cook_id) VALUES (67, 196);
INSERT INTO recipe_cook(recipe_id, cook_id) VALUES (67, 7);
INSERT INTO recipe_cook(recipe_id, cook_id) VALUES (67, 18);
INSERT INTO recipe_cook(recipe_id, cook_id) VALUES (67, 100);
INSERT INTO recipe_cook(recipe_id, cook_id) VALUES (67, 129);
INSERT INTO recipe_cook(recipe_id, cook_id) VALUES (67, 79);
INSERT INTO recipe_cook(recipe_id, cook_id) VALUES (67, 159);
INSERT INTO recipe_cook(recipe_id, cook_id) VALUES (67, 145);
INSERT INTO recipe_cook(recipe_id, cook_id) VALUES (67, 8);
INSERT INTO recipe_cook(recipe_id, cook_id) VALUES (67, 29);
INSERT INTO recipe_cook(recipe_id, cook_id) VALUES (67, 182);
INSERT INTO recipe_cook(recipe_id, cook_id) VALUES (67, 181);
INSERT INTO recipe_cook(recipe_id, cook_id) VALUES (67, 77);
INSERT INTO recipe_cook(recipe_id, cook_id) VALUES (67, 32);
INSERT INTO recipe_cook(recipe_id, cook_id) VALUES (67, 6);
INSERT INTO recipe_cook(recipe_id, cook_id) VALUES (67, 177);
INSERT INTO recipe_cook(recipe_id, cook_id) VALUES (67, 10);
INSERT INTO recipe_cook(recipe_id, cook_id) VALUES (67, 53);
INSERT INTO recipe_cook(recipe_id, cook_id) VALUES (67, 13);
INSERT INTO recipe_cook(recipe_id, cook_id) VALUES (67, 86);
INSERT INTO recipe_cook(recipe_id, cook_id) VALUES (67, 133);
INSERT INTO recipe_cook(recipe_id, cook_id) VALUES (67, 62);
INSERT INTO recipe_cook(recipe_id, cook_id) VALUES (67, 49);
INSERT INTO recipe_cook(recipe_id, cook_id) VALUES (67, 168);
INSERT INTO recipe_cook(recipe_id, cook_id) VALUES (67, 47);
INSERT INTO recipe_cook(recipe_id, cook_id) VALUES (67, 172);
INSERT INTO recipe_cook(recipe_id, cook_id) VALUES (67, 56);
INSERT INTO recipe_cook(recipe_id, cook_id) VALUES (67, 28);
INSERT INTO recipe_cook(recipe_id, cook_id) VALUES (67, 200);
INSERT INTO recipe_cook(recipe_id, cook_id) VALUES (67, 144);
INSERT INTO recipe_cook(recipe_id, cook_id) VALUES (67, 11);
INSERT INTO recipe_cook(recipe_id, cook_id) VALUES (67, 166);
INSERT INTO recipe_cook(recipe_id, cook_id) VALUES (67, 141);
INSERT INTO recipe_cook(recipe_id, cook_id) VALUES (67, 92);
INSERT INTO recipe_cook(recipe_id, cook_id) VALUES (67, 152);
INSERT INTO recipe_cook(recipe_id, cook_id) VALUES (67, 41);
INSERT INTO recipe_cook(recipe_id, cook_id) VALUES (67, 185);
INSERT INTO recipe_cook(recipe_id, cook_id) VALUES (67, 115);
INSERT INTO recipe_cook(recipe_id, cook_id) VALUES (67, 69);
INSERT INTO recipe_cook(recipe_id, cook_id) VALUES (67, 157);
INSERT INTO recipe_cook(recipe_id, cook_id) VALUES (67, 27);
INSERT INTO recipe_cook(recipe_id, cook_id) VALUES (67, 88);
INSERT INTO recipe_cook(recipe_id, cook_id) VALUES (67, 24);
INSERT INTO recipe_theme(recipe_id, theme_id) VALUES (67, 2);
INSERT INTO recipe_theme(recipe_id, theme_id) VALUES (67, 27);
INSERT INTO recipe_theme(recipe_id, theme_id) VALUES (67, 4);
INSERT INTO recipe_tip(recipe_id, tip_id) VALUES (67, 38);
INSERT INTO recipe_tip(recipe_id, tip_id) VALUES (67, 12);

INSERT INTO recipe(baking, cuisine_id, difficulty, title, recipe_description, prep_time, cook_time, portions, fat_portion, protein_portion, carbo_portion, picture, picture_description) VALUES(1, 35, 4,'Vanilla Cupcakes', 'The sign two model talk. Bit crime open class hotel building.', 125, 40, 5, 20, 10,80, 'https://placekitten.com/699/607', 'Set picture professor all draw.');
INSERT INTO recipe_meal_type(recipe_id, meal_type_id) VALUES (68, 6);
INSERT INTO recipe_tag(recipe_id, tag_id) VALUES (68, 42);
INSERT INTO recipe_tag(recipe_id, tag_id) VALUES (68, 88);
INSERT INTO recipe_equipment(recipe_id, equipment_id, num) VALUES (68, 19, 4);
INSERT INTO recipe_equipment(recipe_id, equipment_id, num) VALUES (68, 11, 2);
INSERT INTO recipe_equipment(recipe_id, equipment_id, num) VALUES (68, 3, 1);
INSERT INTO recipe_equipment(recipe_id, equipment_id, num) VALUES (68, 4, 3);
INSERT INTO recipe_equipment(recipe_id, equipment_id, num) VALUES (68, 2, 2);
INSERT INTO recipe_equipment(recipe_id, equipment_id, num) VALUES (68, 16, 3);
INSERT INTO recipe_cook(recipe_id, cook_id) VALUES (68, 82);
INSERT INTO recipe_cook(recipe_id, cook_id) VALUES (68, 157);
INSERT INTO recipe_cook(recipe_id, cook_id) VALUES (68, 134);
INSERT INTO recipe_cook(recipe_id, cook_id) VALUES (68, 107);
INSERT INTO recipe_cook(recipe_id, cook_id) VALUES (68, 56);
INSERT INTO recipe_cook(recipe_id, cook_id) VALUES (68, 15);
INSERT INTO recipe_cook(recipe_id, cook_id) VALUES (68, 129);
INSERT INTO recipe_cook(recipe_id, cook_id) VALUES (68, 30);
INSERT INTO recipe_cook(recipe_id, cook_id) VALUES (68, 73);
INSERT INTO recipe_cook(recipe_id, cook_id) VALUES (68, 103);
INSERT INTO recipe_cook(recipe_id, cook_id) VALUES (68, 196);
INSERT INTO recipe_cook(recipe_id, cook_id) VALUES (68, 120);
INSERT INTO recipe_cook(recipe_id, cook_id) VALUES (68, 132);
INSERT INTO recipe_cook(recipe_id, cook_id) VALUES (68, 16);
INSERT INTO recipe_cook(recipe_id, cook_id) VALUES (68, 169);
INSERT INTO recipe_cook(recipe_id, cook_id) VALUES (68, 186);
INSERT INTO recipe_cook(recipe_id, cook_id) VALUES (68, 29);
INSERT INTO recipe_cook(recipe_id, cook_id) VALUES (68, 8);
INSERT INTO recipe_cook(recipe_id, cook_id) VALUES (68, 4);
INSERT INTO recipe_cook(recipe_id, cook_id) VALUES (68, 138);
INSERT INTO recipe_cook(recipe_id, cook_id) VALUES (68, 43);
INSERT INTO recipe_cook(recipe_id, cook_id) VALUES (68, 128);
INSERT INTO recipe_cook(recipe_id, cook_id) VALUES (68, 194);
INSERT INTO recipe_cook(recipe_id, cook_id) VALUES (68, 63);
INSERT INTO recipe_cook(recipe_id, cook_id) VALUES (68, 86);
INSERT INTO recipe_cook(recipe_id, cook_id) VALUES (68, 22);
INSERT INTO recipe_cook(recipe_id, cook_id) VALUES (68, 154);
INSERT INTO recipe_cook(recipe_id, cook_id) VALUES (68, 85);
INSERT INTO recipe_cook(recipe_id, cook_id) VALUES (68, 97);
INSERT INTO recipe_cook(recipe_id, cook_id) VALUES (68, 133);
INSERT INTO recipe_cook(recipe_id, cook_id) VALUES (68, 158);
INSERT INTO recipe_cook(recipe_id, cook_id) VALUES (68, 155);
INSERT INTO recipe_cook(recipe_id, cook_id) VALUES (68, 57);
INSERT INTO recipe_cook(recipe_id, cook_id) VALUES (68, 71);
INSERT INTO recipe_cook(recipe_id, cook_id) VALUES (68, 81);
INSERT INTO recipe_cook(recipe_id, cook_id) VALUES (68, 108);
INSERT INTO recipe_cook(recipe_id, cook_id) VALUES (68, 101);
INSERT INTO recipe_cook(recipe_id, cook_id) VALUES (68, 135);
INSERT INTO recipe_cook(recipe_id, cook_id) VALUES (68, 98);
INSERT INTO recipe_cook(recipe_id, cook_id) VALUES (68, 10);
INSERT INTO recipe_cook(recipe_id, cook_id) VALUES (68, 162);
INSERT INTO recipe_cook(recipe_id, cook_id) VALUES (68, 76);
INSERT INTO recipe_cook(recipe_id, cook_id) VALUES (68, 139);
INSERT INTO recipe_cook(recipe_id, cook_id) VALUES (68, 94);
INSERT INTO recipe_cook(recipe_id, cook_id) VALUES (68, 80);
INSERT INTO recipe_cook(recipe_id, cook_id) VALUES (68, 111);
INSERT INTO recipe_cook(recipe_id, cook_id) VALUES (68, 156);
INSERT INTO recipe_cook(recipe_id, cook_id) VALUES (68, 137);
INSERT INTO recipe_cook(recipe_id, cook_id) VALUES (68, 67);
INSERT INTO recipe_cook(recipe_id, cook_id) VALUES (68, 140);
INSERT INTO recipe_cook(recipe_id, cook_id) VALUES (68, 117);
INSERT INTO recipe_cook(recipe_id, cook_id) VALUES (68, 168);
INSERT INTO recipe_cook(recipe_id, cook_id) VALUES (68, 159);
INSERT INTO recipe_cook(recipe_id, cook_id) VALUES (68, 12);
INSERT INTO recipe_cook(recipe_id, cook_id) VALUES (68, 17);
INSERT INTO recipe_cook(recipe_id, cook_id) VALUES (68, 185);
INSERT INTO recipe_cook(recipe_id, cook_id) VALUES (68, 3);
INSERT INTO recipe_cook(recipe_id, cook_id) VALUES (68, 178);
INSERT INTO recipe_cook(recipe_id, cook_id) VALUES (68, 87);
INSERT INTO recipe_cook(recipe_id, cook_id) VALUES (68, 144);
INSERT INTO recipe_cook(recipe_id, cook_id) VALUES (68, 198);
INSERT INTO recipe_cook(recipe_id, cook_id) VALUES (68, 49);
INSERT INTO recipe_cook(recipe_id, cook_id) VALUES (68, 60);
INSERT INTO recipe_cook(recipe_id, cook_id) VALUES (68, 6);
INSERT INTO recipe_cook(recipe_id, cook_id) VALUES (68, 19);
INSERT INTO recipe_cook(recipe_id, cook_id) VALUES (68, 174);
INSERT INTO recipe_cook(recipe_id, cook_id) VALUES (68, 48);
INSERT INTO recipe_cook(recipe_id, cook_id) VALUES (68, 119);
INSERT INTO recipe_cook(recipe_id, cook_id) VALUES (68, 149);
INSERT INTO recipe_cook(recipe_id, cook_id) VALUES (68, 40);
INSERT INTO recipe_cook(recipe_id, cook_id) VALUES (68, 27);
INSERT INTO recipe_cook(recipe_id, cook_id) VALUES (68, 182);
INSERT INTO recipe_cook(recipe_id, cook_id) VALUES (68, 177);
INSERT INTO recipe_cook(recipe_id, cook_id) VALUES (68, 167);
INSERT INTO recipe_cook(recipe_id, cook_id) VALUES (68, 118);
INSERT INTO recipe_cook(recipe_id, cook_id) VALUES (68, 96);
INSERT INTO recipe_cook(recipe_id, cook_id) VALUES (68, 173);
INSERT INTO recipe_cook(recipe_id, cook_id) VALUES (68, 115);
INSERT INTO recipe_cook(recipe_id, cook_id) VALUES (68, 20);
INSERT INTO recipe_cook(recipe_id, cook_id) VALUES (68, 59);
INSERT INTO recipe_cook(recipe_id, cook_id) VALUES (68, 183);
INSERT INTO recipe_cook(recipe_id, cook_id) VALUES (68, 34);
INSERT INTO recipe_cook(recipe_id, cook_id) VALUES (68, 18);
INSERT INTO recipe_cook(recipe_id, cook_id) VALUES (68, 39);
INSERT INTO recipe_cook(recipe_id, cook_id) VALUES (68, 5);
INSERT INTO recipe_cook(recipe_id, cook_id) VALUES (68, 88);
INSERT INTO recipe_cook(recipe_id, cook_id) VALUES (68, 187);
INSERT INTO recipe_cook(recipe_id, cook_id) VALUES (68, 113);
INSERT INTO recipe_cook(recipe_id, cook_id) VALUES (68, 95);
INSERT INTO recipe_cook(recipe_id, cook_id) VALUES (68, 31);
INSERT INTO recipe_cook(recipe_id, cook_id) VALUES (68, 165);
INSERT INTO recipe_cook(recipe_id, cook_id) VALUES (68, 46);
INSERT INTO recipe_cook(recipe_id, cook_id) VALUES (68, 69);
INSERT INTO recipe_cook(recipe_id, cook_id) VALUES (68, 125);
INSERT INTO recipe_cook(recipe_id, cook_id) VALUES (68, 11);
INSERT INTO recipe_cook(recipe_id, cook_id) VALUES (68, 172);
INSERT INTO recipe_cook(recipe_id, cook_id) VALUES (68, 130);
INSERT INTO recipe_cook(recipe_id, cook_id) VALUES (68, 52);
INSERT INTO recipe_cook(recipe_id, cook_id) VALUES (68, 184);
INSERT INTO recipe_cook(recipe_id, cook_id) VALUES (68, 153);
INSERT INTO recipe_cook(recipe_id, cook_id) VALUES (68, 171);
INSERT INTO recipe_cook(recipe_id, cook_id) VALUES (68, 179);
INSERT INTO recipe_cook(recipe_id, cook_id) VALUES (68, 89);
INSERT INTO recipe_cook(recipe_id, cook_id) VALUES (68, 161);
INSERT INTO recipe_cook(recipe_id, cook_id) VALUES (68, 163);
INSERT INTO recipe_cook(recipe_id, cook_id) VALUES (68, 106);
INSERT INTO recipe_cook(recipe_id, cook_id) VALUES (68, 2);
INSERT INTO recipe_cook(recipe_id, cook_id) VALUES (68, 197);
INSERT INTO recipe_cook(recipe_id, cook_id) VALUES (68, 90);
INSERT INTO recipe_cook(recipe_id, cook_id) VALUES (68, 14);
INSERT INTO recipe_cook(recipe_id, cook_id) VALUES (68, 192);
INSERT INTO recipe_cook(recipe_id, cook_id) VALUES (68, 35);
INSERT INTO recipe_cook(recipe_id, cook_id) VALUES (68, 21);
INSERT INTO recipe_cook(recipe_id, cook_id) VALUES (68, 77);
INSERT INTO recipe_cook(recipe_id, cook_id) VALUES (68, 175);
INSERT INTO recipe_cook(recipe_id, cook_id) VALUES (68, 79);
INSERT INTO recipe_cook(recipe_id, cook_id) VALUES (68, 33);
INSERT INTO recipe_cook(recipe_id, cook_id) VALUES (68, 91);
INSERT INTO recipe_cook(recipe_id, cook_id) VALUES (68, 9);
INSERT INTO recipe_cook(recipe_id, cook_id) VALUES (68, 164);
INSERT INTO recipe_cook(recipe_id, cook_id) VALUES (68, 189);
INSERT INTO recipe_cook(recipe_id, cook_id) VALUES (68, 150);
INSERT INTO recipe_cook(recipe_id, cook_id) VALUES (68, 195);
INSERT INTO recipe_cook(recipe_id, cook_id) VALUES (68, 112);
INSERT INTO recipe_cook(recipe_id, cook_id) VALUES (68, 26);
INSERT INTO recipe_cook(recipe_id, cook_id) VALUES (68, 146);
INSERT INTO recipe_cook(recipe_id, cook_id) VALUES (68, 181);
INSERT INTO recipe_cook(recipe_id, cook_id) VALUES (68, 200);
INSERT INTO recipe_cook(recipe_id, cook_id) VALUES (68, 190);
INSERT INTO recipe_cook(recipe_id, cook_id) VALUES (68, 152);
INSERT INTO recipe_cook(recipe_id, cook_id) VALUES (68, 75);
INSERT INTO recipe_cook(recipe_id, cook_id) VALUES (68, 53);
INSERT INTO recipe_cook(recipe_id, cook_id) VALUES (68, 61);
INSERT INTO recipe_cook(recipe_id, cook_id) VALUES (68, 102);
INSERT INTO recipe_cook(recipe_id, cook_id) VALUES (68, 126);
INSERT INTO recipe_cook(recipe_id, cook_id) VALUES (68, 191);
INSERT INTO recipe_cook(recipe_id, cook_id) VALUES (68, 147);
INSERT INTO recipe_cook(recipe_id, cook_id) VALUES (68, 24);
INSERT INTO recipe_cook(recipe_id, cook_id) VALUES (68, 127);
INSERT INTO recipe_cook(recipe_id, cook_id) VALUES (68, 78);
INSERT INTO recipe_cook(recipe_id, cook_id) VALUES (68, 110);
INSERT INTO recipe_cook(recipe_id, cook_id) VALUES (68, 92);
INSERT INTO recipe_cook(recipe_id, cook_id) VALUES (68, 44);
INSERT INTO recipe_cook(recipe_id, cook_id) VALUES (68, 148);
INSERT INTO recipe_cook(recipe_id, cook_id) VALUES (68, 55);
INSERT INTO recipe_cook(recipe_id, cook_id) VALUES (68, 51);
INSERT INTO recipe_cook(recipe_id, cook_id) VALUES (68, 74);
INSERT INTO recipe_cook(recipe_id, cook_id) VALUES (68, 72);
INSERT INTO recipe_cook(recipe_id, cook_id) VALUES (68, 7);
INSERT INTO recipe_cook(recipe_id, cook_id) VALUES (68, 36);
INSERT INTO recipe_cook(recipe_id, cook_id) VALUES (68, 114);
INSERT INTO recipe_cook(recipe_id, cook_id) VALUES (68, 25);
INSERT INTO recipe_cook(recipe_id, cook_id) VALUES (68, 70);
INSERT INTO recipe_cook(recipe_id, cook_id) VALUES (68, 42);
INSERT INTO recipe_cook(recipe_id, cook_id) VALUES (68, 93);
INSERT INTO recipe_cook(recipe_id, cook_id) VALUES (68, 188);
INSERT INTO recipe_cook(recipe_id, cook_id) VALUES (68, 66);
INSERT INTO recipe_cook(recipe_id, cook_id) VALUES (68, 28);
INSERT INTO recipe_theme(recipe_id, theme_id) VALUES (68, 32);
INSERT INTO recipe_theme(recipe_id, theme_id) VALUES (68, 19);
INSERT INTO recipe_tip(recipe_id, tip_id) VALUES (68, 6);

INSERT INTO recipe(baking, cuisine_id, difficulty, title, recipe_description, prep_time, cook_time, portions, fat_portion, protein_portion, carbo_portion, picture, picture_description) VALUES(0, 11, 3,'Tiramisu', 'Short art control special effect. Present term bag number health. Only life design cultural clear stock suggest. Add yard in rather training body look.', 75, 10, 4, 30, 25,20, 'https://picsum.photos/769/389', 'Apply stay police remember message.');
INSERT INTO recipe_meal_type(recipe_id, meal_type_id) VALUES (69, 4);
INSERT INTO recipe_tag(recipe_id, tag_id) VALUES (69, 100);
INSERT INTO recipe_tag(recipe_id, tag_id) VALUES (69, 41);
INSERT INTO recipe_tag(recipe_id, tag_id) VALUES (69, 25);
INSERT INTO recipe_tag(recipe_id, tag_id) VALUES (69, 35);
INSERT INTO recipe_tag(recipe_id, tag_id) VALUES (69, 85);
INSERT INTO recipe_equipment(recipe_id, equipment_id, num) VALUES (69, 10, 1);
INSERT INTO recipe_equipment(recipe_id, equipment_id, num) VALUES (69, 19, 3);
INSERT INTO recipe_equipment(recipe_id, equipment_id, num) VALUES (69, 4, 1);
INSERT INTO recipe_equipment(recipe_id, equipment_id, num) VALUES (69, 1, 2);
INSERT INTO recipe_cook(recipe_id, cook_id) VALUES (69, 200);
INSERT INTO recipe_cook(recipe_id, cook_id) VALUES (69, 198);
INSERT INTO recipe_cook(recipe_id, cook_id) VALUES (69, 163);
INSERT INTO recipe_cook(recipe_id, cook_id) VALUES (69, 102);
INSERT INTO recipe_cook(recipe_id, cook_id) VALUES (69, 35);
INSERT INTO recipe_cook(recipe_id, cook_id) VALUES (69, 91);
INSERT INTO recipe_cook(recipe_id, cook_id) VALUES (69, 137);
INSERT INTO recipe_cook(recipe_id, cook_id) VALUES (69, 6);
INSERT INTO recipe_cook(recipe_id, cook_id) VALUES (69, 21);
INSERT INTO recipe_cook(recipe_id, cook_id) VALUES (69, 93);
INSERT INTO recipe_cook(recipe_id, cook_id) VALUES (69, 29);
INSERT INTO recipe_cook(recipe_id, cook_id) VALUES (69, 32);
INSERT INTO recipe_cook(recipe_id, cook_id) VALUES (69, 196);
INSERT INTO recipe_cook(recipe_id, cook_id) VALUES (69, 151);
INSERT INTO recipe_cook(recipe_id, cook_id) VALUES (69, 128);
INSERT INTO recipe_cook(recipe_id, cook_id) VALUES (69, 82);
INSERT INTO recipe_cook(recipe_id, cook_id) VALUES (69, 89);
INSERT INTO recipe_cook(recipe_id, cook_id) VALUES (69, 56);
INSERT INTO recipe_cook(recipe_id, cook_id) VALUES (69, 172);
INSERT INTO recipe_cook(recipe_id, cook_id) VALUES (69, 184);
INSERT INTO recipe_cook(recipe_id, cook_id) VALUES (69, 42);
INSERT INTO recipe_cook(recipe_id, cook_id) VALUES (69, 192);
INSERT INTO recipe_cook(recipe_id, cook_id) VALUES (69, 111);
INSERT INTO recipe_cook(recipe_id, cook_id) VALUES (69, 181);
INSERT INTO recipe_cook(recipe_id, cook_id) VALUES (69, 164);
INSERT INTO recipe_cook(recipe_id, cook_id) VALUES (69, 142);
INSERT INTO recipe_cook(recipe_id, cook_id) VALUES (69, 104);
INSERT INTO recipe_cook(recipe_id, cook_id) VALUES (69, 100);
INSERT INTO recipe_cook(recipe_id, cook_id) VALUES (69, 176);
INSERT INTO recipe_cook(recipe_id, cook_id) VALUES (69, 90);
INSERT INTO recipe_cook(recipe_id, cook_id) VALUES (69, 99);
INSERT INTO recipe_cook(recipe_id, cook_id) VALUES (69, 115);
INSERT INTO recipe_cook(recipe_id, cook_id) VALUES (69, 85);
INSERT INTO recipe_cook(recipe_id, cook_id) VALUES (69, 147);
INSERT INTO recipe_cook(recipe_id, cook_id) VALUES (69, 199);
INSERT INTO recipe_cook(recipe_id, cook_id) VALUES (69, 190);
INSERT INTO recipe_cook(recipe_id, cook_id) VALUES (69, 109);
INSERT INTO recipe_cook(recipe_id, cook_id) VALUES (69, 177);
INSERT INTO recipe_cook(recipe_id, cook_id) VALUES (69, 77);
INSERT INTO recipe_cook(recipe_id, cook_id) VALUES (69, 143);
INSERT INTO recipe_cook(recipe_id, cook_id) VALUES (69, 145);
INSERT INTO recipe_cook(recipe_id, cook_id) VALUES (69, 153);
INSERT INTO recipe_cook(recipe_id, cook_id) VALUES (69, 171);
INSERT INTO recipe_cook(recipe_id, cook_id) VALUES (69, 20);
INSERT INTO recipe_cook(recipe_id, cook_id) VALUES (69, 58);
INSERT INTO recipe_cook(recipe_id, cook_id) VALUES (69, 182);
INSERT INTO recipe_cook(recipe_id, cook_id) VALUES (69, 114);
INSERT INTO recipe_cook(recipe_id, cook_id) VALUES (69, 41);
INSERT INTO recipe_cook(recipe_id, cook_id) VALUES (69, 19);
INSERT INTO recipe_cook(recipe_id, cook_id) VALUES (69, 1);
INSERT INTO recipe_cook(recipe_id, cook_id) VALUES (69, 178);
INSERT INTO recipe_cook(recipe_id, cook_id) VALUES (69, 129);
INSERT INTO recipe_cook(recipe_id, cook_id) VALUES (69, 185);
INSERT INTO recipe_cook(recipe_id, cook_id) VALUES (69, 74);
INSERT INTO recipe_cook(recipe_id, cook_id) VALUES (69, 57);
INSERT INTO recipe_cook(recipe_id, cook_id) VALUES (69, 43);
INSERT INTO recipe_cook(recipe_id, cook_id) VALUES (69, 186);
INSERT INTO recipe_cook(recipe_id, cook_id) VALUES (69, 10);
INSERT INTO recipe_cook(recipe_id, cook_id) VALUES (69, 84);
INSERT INTO recipe_cook(recipe_id, cook_id) VALUES (69, 67);
INSERT INTO recipe_cook(recipe_id, cook_id) VALUES (69, 168);
INSERT INTO recipe_cook(recipe_id, cook_id) VALUES (69, 39);
INSERT INTO recipe_cook(recipe_id, cook_id) VALUES (69, 193);
INSERT INTO recipe_cook(recipe_id, cook_id) VALUES (69, 98);
INSERT INTO recipe_cook(recipe_id, cook_id) VALUES (69, 23);
INSERT INTO recipe_cook(recipe_id, cook_id) VALUES (69, 17);
INSERT INTO recipe_cook(recipe_id, cook_id) VALUES (69, 64);
INSERT INTO recipe_cook(recipe_id, cook_id) VALUES (69, 170);
INSERT INTO recipe_cook(recipe_id, cook_id) VALUES (69, 53);
INSERT INTO recipe_cook(recipe_id, cook_id) VALUES (69, 148);
INSERT INTO recipe_cook(recipe_id, cook_id) VALUES (69, 158);
INSERT INTO recipe_cook(recipe_id, cook_id) VALUES (69, 188);
INSERT INTO recipe_cook(recipe_id, cook_id) VALUES (69, 141);
INSERT INTO recipe_cook(recipe_id, cook_id) VALUES (69, 95);
INSERT INTO recipe_cook(recipe_id, cook_id) VALUES (69, 51);
INSERT INTO recipe_cook(recipe_id, cook_id) VALUES (69, 179);
INSERT INTO recipe_cook(recipe_id, cook_id) VALUES (69, 187);
INSERT INTO recipe_cook(recipe_id, cook_id) VALUES (69, 86);
INSERT INTO recipe_cook(recipe_id, cook_id) VALUES (69, 123);
INSERT INTO recipe_cook(recipe_id, cook_id) VALUES (69, 27);
INSERT INTO recipe_cook(recipe_id, cook_id) VALUES (69, 174);
INSERT INTO recipe_cook(recipe_id, cook_id) VALUES (69, 133);
INSERT INTO recipe_cook(recipe_id, cook_id) VALUES (69, 189);
INSERT INTO recipe_cook(recipe_id, cook_id) VALUES (69, 191);
INSERT INTO recipe_cook(recipe_id, cook_id) VALUES (69, 149);
INSERT INTO recipe_cook(recipe_id, cook_id) VALUES (69, 194);
INSERT INTO recipe_cook(recipe_id, cook_id) VALUES (69, 61);
INSERT INTO recipe_cook(recipe_id, cook_id) VALUES (69, 59);
INSERT INTO recipe_cook(recipe_id, cook_id) VALUES (69, 87);
INSERT INTO recipe_cook(recipe_id, cook_id) VALUES (69, 12);
INSERT INTO recipe_cook(recipe_id, cook_id) VALUES (69, 76);
INSERT INTO recipe_cook(recipe_id, cook_id) VALUES (69, 36);
INSERT INTO recipe_cook(recipe_id, cook_id) VALUES (69, 71);
INSERT INTO recipe_cook(recipe_id, cook_id) VALUES (69, 25);
INSERT INTO recipe_cook(recipe_id, cook_id) VALUES (69, 70);
INSERT INTO recipe_cook(recipe_id, cook_id) VALUES (69, 180);
INSERT INTO recipe_cook(recipe_id, cook_id) VALUES (69, 94);
INSERT INTO recipe_cook(recipe_id, cook_id) VALUES (69, 126);
INSERT INTO recipe_cook(recipe_id, cook_id) VALUES (69, 49);
INSERT INTO recipe_cook(recipe_id, cook_id) VALUES (69, 117);
INSERT INTO recipe_cook(recipe_id, cook_id) VALUES (69, 69);
INSERT INTO recipe_theme(recipe_id, theme_id) VALUES (69, 28);
INSERT INTO recipe_theme(recipe_id, theme_id) VALUES (69, 31);
INSERT INTO recipe_theme(recipe_id, theme_id) VALUES (69, 7);
INSERT INTO recipe_tip(recipe_id, tip_id) VALUES (69, 31);
INSERT INTO recipe_tip(recipe_id, tip_id) VALUES (69, 29);
INSERT INTO recipe_tip(recipe_id, tip_id) VALUES (69, 3);

INSERT INTO recipe(baking, cuisine_id, difficulty, title, recipe_description, prep_time, cook_time, portions, fat_portion, protein_portion, carbo_portion, picture, picture_description) VALUES(1, 43, 3,'Fruit Salad', 'Way safe arm section wonder stuff rate. Recently dog lawyer mind certain. Article trip husband. Sit I home social language.', 85, 90, 4, 15, 60,25, 'https://dummyimage.com/565x449', 'Particularly ago result support.');
INSERT INTO recipe_meal_type(recipe_id, meal_type_id) VALUES (70, 3);
INSERT INTO recipe_tag(recipe_id, tag_id) VALUES (70, 40);
INSERT INTO recipe_tag(recipe_id, tag_id) VALUES (70, 45);
INSERT INTO recipe_tag(recipe_id, tag_id) VALUES (70, 56);
INSERT INTO recipe_tag(recipe_id, tag_id) VALUES (70, 44);
INSERT INTO recipe_tag(recipe_id, tag_id) VALUES (70, 43);
INSERT INTO recipe_tag(recipe_id, tag_id) VALUES (70, 61);
INSERT INTO recipe_tag(recipe_id, tag_id) VALUES (70, 20);
INSERT INTO recipe_equipment(recipe_id, equipment_id, num) VALUES (70, 17, 2);
INSERT INTO recipe_equipment(recipe_id, equipment_id, num) VALUES (70, 20, 3);
INSERT INTO recipe_equipment(recipe_id, equipment_id, num) VALUES (70, 19, 2);
INSERT INTO recipe_equipment(recipe_id, equipment_id, num) VALUES (70, 10, 4);
INSERT INTO recipe_equipment(recipe_id, equipment_id, num) VALUES (70, 16, 3);
INSERT INTO recipe_equipment(recipe_id, equipment_id, num) VALUES (70, 18, 1);
INSERT INTO recipe_equipment(recipe_id, equipment_id, num) VALUES (70, 9, 4);
INSERT INTO recipe_cook(recipe_id, cook_id) VALUES (70, 8);
INSERT INTO recipe_cook(recipe_id, cook_id) VALUES (70, 128);
INSERT INTO recipe_cook(recipe_id, cook_id) VALUES (70, 112);
INSERT INTO recipe_cook(recipe_id, cook_id) VALUES (70, 122);
INSERT INTO recipe_cook(recipe_id, cook_id) VALUES (70, 116);
INSERT INTO recipe_cook(recipe_id, cook_id) VALUES (70, 15);
INSERT INTO recipe_cook(recipe_id, cook_id) VALUES (70, 83);
INSERT INTO recipe_cook(recipe_id, cook_id) VALUES (70, 91);
INSERT INTO recipe_cook(recipe_id, cook_id) VALUES (70, 106);
INSERT INTO recipe_cook(recipe_id, cook_id) VALUES (70, 156);
INSERT INTO recipe_cook(recipe_id, cook_id) VALUES (70, 145);
INSERT INTO recipe_cook(recipe_id, cook_id) VALUES (70, 9);
INSERT INTO recipe_cook(recipe_id, cook_id) VALUES (70, 96);
INSERT INTO recipe_cook(recipe_id, cook_id) VALUES (70, 62);
INSERT INTO recipe_cook(recipe_id, cook_id) VALUES (70, 84);
INSERT INTO recipe_cook(recipe_id, cook_id) VALUES (70, 32);
INSERT INTO recipe_cook(recipe_id, cook_id) VALUES (70, 47);
INSERT INTO recipe_cook(recipe_id, cook_id) VALUES (70, 52);
INSERT INTO recipe_cook(recipe_id, cook_id) VALUES (70, 164);
INSERT INTO recipe_cook(recipe_id, cook_id) VALUES (70, 133);
INSERT INTO recipe_cook(recipe_id, cook_id) VALUES (70, 172);
INSERT INTO recipe_cook(recipe_id, cook_id) VALUES (70, 26);
INSERT INTO recipe_cook(recipe_id, cook_id) VALUES (70, 166);
INSERT INTO recipe_cook(recipe_id, cook_id) VALUES (70, 198);
INSERT INTO recipe_theme(recipe_id, theme_id) VALUES (70, 35);
INSERT INTO recipe_tip(recipe_id, tip_id) VALUES (70, 27);
INSERT INTO recipe_tip(recipe_id, tip_id) VALUES (70, 13);

INSERT INTO recipe(baking, cuisine_id, difficulty, title, recipe_description, prep_time, cook_time, portions, fat_portion, protein_portion, carbo_portion, picture, picture_description) VALUES(0, 9, 3,'Salmon Teriyaki', 'Pass take position one month site manager half. Nothing but benefit floor coach position. Together fast character political. Morning evidence rule civil cultural religious. Others relate realize some.', 115, 0, 1, 25, 45,30, 'https://dummyimage.com/948x618', 'Choice every next measure outside product.');
INSERT INTO recipe_meal_type(recipe_id, meal_type_id) VALUES (71, 1);
INSERT INTO recipe_tag(recipe_id, tag_id) VALUES (71, 40);
INSERT INTO recipe_tag(recipe_id, tag_id) VALUES (71, 36);
INSERT INTO recipe_tag(recipe_id, tag_id) VALUES (71, 83);
INSERT INTO recipe_tag(recipe_id, tag_id) VALUES (71, 58);
INSERT INTO recipe_tag(recipe_id, tag_id) VALUES (71, 21);
INSERT INTO recipe_equipment(recipe_id, equipment_id, num) VALUES (71, 18, 1);
INSERT INTO recipe_equipment(recipe_id, equipment_id, num) VALUES (71, 14, 3);
INSERT INTO recipe_equipment(recipe_id, equipment_id, num) VALUES (71, 1, 4);
INSERT INTO recipe_equipment(recipe_id, equipment_id, num) VALUES (71, 8, 1);
INSERT INTO recipe_equipment(recipe_id, equipment_id, num) VALUES (71, 9, 2);
INSERT INTO recipe_cook(recipe_id, cook_id) VALUES (71, 163);
INSERT INTO recipe_cook(recipe_id, cook_id) VALUES (71, 154);
INSERT INTO recipe_cook(recipe_id, cook_id) VALUES (71, 147);
INSERT INTO recipe_cook(recipe_id, cook_id) VALUES (71, 1);
INSERT INTO recipe_cook(recipe_id, cook_id) VALUES (71, 95);
INSERT INTO recipe_cook(recipe_id, cook_id) VALUES (71, 64);
INSERT INTO recipe_cook(recipe_id, cook_id) VALUES (71, 19);
INSERT INTO recipe_cook(recipe_id, cook_id) VALUES (71, 34);
INSERT INTO recipe_cook(recipe_id, cook_id) VALUES (71, 39);
INSERT INTO recipe_cook(recipe_id, cook_id) VALUES (71, 20);
INSERT INTO recipe_cook(recipe_id, cook_id) VALUES (71, 15);
INSERT INTO recipe_cook(recipe_id, cook_id) VALUES (71, 136);
INSERT INTO recipe_cook(recipe_id, cook_id) VALUES (71, 125);
INSERT INTO recipe_cook(recipe_id, cook_id) VALUES (71, 70);
INSERT INTO recipe_cook(recipe_id, cook_id) VALUES (71, 24);
INSERT INTO recipe_cook(recipe_id, cook_id) VALUES (71, 160);
INSERT INTO recipe_cook(recipe_id, cook_id) VALUES (71, 198);
INSERT INTO recipe_cook(recipe_id, cook_id) VALUES (71, 174);
INSERT INTO recipe_cook(recipe_id, cook_id) VALUES (71, 53);
INSERT INTO recipe_cook(recipe_id, cook_id) VALUES (71, 56);
INSERT INTO recipe_cook(recipe_id, cook_id) VALUES (71, 73);
INSERT INTO recipe_cook(recipe_id, cook_id) VALUES (71, 103);
INSERT INTO recipe_cook(recipe_id, cook_id) VALUES (71, 188);
INSERT INTO recipe_cook(recipe_id, cook_id) VALUES (71, 63);
INSERT INTO recipe_cook(recipe_id, cook_id) VALUES (71, 67);
INSERT INTO recipe_cook(recipe_id, cook_id) VALUES (71, 22);
INSERT INTO recipe_cook(recipe_id, cook_id) VALUES (71, 104);
INSERT INTO recipe_cook(recipe_id, cook_id) VALUES (71, 25);
INSERT INTO recipe_cook(recipe_id, cook_id) VALUES (71, 14);
INSERT INTO recipe_cook(recipe_id, cook_id) VALUES (71, 91);
INSERT INTO recipe_cook(recipe_id, cook_id) VALUES (71, 106);
INSERT INTO recipe_cook(recipe_id, cook_id) VALUES (71, 29);
INSERT INTO recipe_cook(recipe_id, cook_id) VALUES (71, 6);
INSERT INTO recipe_cook(recipe_id, cook_id) VALUES (71, 193);
INSERT INTO recipe_theme(recipe_id, theme_id) VALUES (71, 38);
INSERT INTO recipe_tip(recipe_id, tip_id) VALUES (71, 8);

INSERT INTO recipe(baking, cuisine_id, difficulty, title, recipe_description, prep_time, cook_time, portions, fat_portion, protein_portion, carbo_portion, picture, picture_description) VALUES(0, 6, 3,'Beef Stroganoff', 'Forget perhaps ahead. Stand hear region clearly talk. Course color offer call. Institution enough data fill large action.', 65, 80, 4, 50, 50,0, 'https://picsum.photos/266/857', 'Hour two form.');
INSERT INTO recipe_meal_type(recipe_id, meal_type_id) VALUES (72, 2);
INSERT INTO recipe_tag(recipe_id, tag_id) VALUES (72, 60);
INSERT INTO recipe_tag(recipe_id, tag_id) VALUES (72, 43);
INSERT INTO recipe_tag(recipe_id, tag_id) VALUES (72, 75);
INSERT INTO recipe_equipment(recipe_id, equipment_id, num) VALUES (72, 2, 2);
INSERT INTO recipe_equipment(recipe_id, equipment_id, num) VALUES (72, 3, 4);
INSERT INTO recipe_equipment(recipe_id, equipment_id, num) VALUES (72, 4, 1);
INSERT INTO recipe_equipment(recipe_id, equipment_id, num) VALUES (72, 6, 2);
INSERT INTO recipe_equipment(recipe_id, equipment_id, num) VALUES (72, 13, 2);
INSERT INTO recipe_cook(recipe_id, cook_id) VALUES (72, 15);
INSERT INTO recipe_cook(recipe_id, cook_id) VALUES (72, 189);
INSERT INTO recipe_cook(recipe_id, cook_id) VALUES (72, 99);
INSERT INTO recipe_cook(recipe_id, cook_id) VALUES (72, 168);
INSERT INTO recipe_cook(recipe_id, cook_id) VALUES (72, 54);
INSERT INTO recipe_cook(recipe_id, cook_id) VALUES (72, 36);
INSERT INTO recipe_cook(recipe_id, cook_id) VALUES (72, 139);
INSERT INTO recipe_cook(recipe_id, cook_id) VALUES (72, 28);
INSERT INTO recipe_cook(recipe_id, cook_id) VALUES (72, 90);
INSERT INTO recipe_cook(recipe_id, cook_id) VALUES (72, 38);
INSERT INTO recipe_cook(recipe_id, cook_id) VALUES (72, 25);
INSERT INTO recipe_cook(recipe_id, cook_id) VALUES (72, 23);
INSERT INTO recipe_cook(recipe_id, cook_id) VALUES (72, 193);
INSERT INTO recipe_cook(recipe_id, cook_id) VALUES (72, 87);
INSERT INTO recipe_cook(recipe_id, cook_id) VALUES (72, 192);
INSERT INTO recipe_cook(recipe_id, cook_id) VALUES (72, 64);
INSERT INTO recipe_cook(recipe_id, cook_id) VALUES (72, 153);
INSERT INTO recipe_cook(recipe_id, cook_id) VALUES (72, 26);
INSERT INTO recipe_cook(recipe_id, cook_id) VALUES (72, 151);
INSERT INTO recipe_cook(recipe_id, cook_id) VALUES (72, 162);
INSERT INTO recipe_cook(recipe_id, cook_id) VALUES (72, 154);
INSERT INTO recipe_cook(recipe_id, cook_id) VALUES (72, 138);
INSERT INTO recipe_cook(recipe_id, cook_id) VALUES (72, 127);
INSERT INTO recipe_cook(recipe_id, cook_id) VALUES (72, 159);
INSERT INTO recipe_cook(recipe_id, cook_id) VALUES (72, 51);
INSERT INTO recipe_cook(recipe_id, cook_id) VALUES (72, 119);
INSERT INTO recipe_cook(recipe_id, cook_id) VALUES (72, 105);
INSERT INTO recipe_cook(recipe_id, cook_id) VALUES (72, 150);
INSERT INTO recipe_cook(recipe_id, cook_id) VALUES (72, 104);
INSERT INTO recipe_cook(recipe_id, cook_id) VALUES (72, 14);
INSERT INTO recipe_cook(recipe_id, cook_id) VALUES (72, 110);
INSERT INTO recipe_cook(recipe_id, cook_id) VALUES (72, 125);
INSERT INTO recipe_cook(recipe_id, cook_id) VALUES (72, 44);
INSERT INTO recipe_cook(recipe_id, cook_id) VALUES (72, 198);
INSERT INTO recipe_cook(recipe_id, cook_id) VALUES (72, 79);
INSERT INTO recipe_cook(recipe_id, cook_id) VALUES (72, 72);
INSERT INTO recipe_cook(recipe_id, cook_id) VALUES (72, 48);
INSERT INTO recipe_cook(recipe_id, cook_id) VALUES (72, 78);
INSERT INTO recipe_cook(recipe_id, cook_id) VALUES (72, 9);
INSERT INTO recipe_cook(recipe_id, cook_id) VALUES (72, 39);
INSERT INTO recipe_cook(recipe_id, cook_id) VALUES (72, 181);
INSERT INTO recipe_cook(recipe_id, cook_id) VALUES (72, 175);
INSERT INTO recipe_cook(recipe_id, cook_id) VALUES (72, 182);
INSERT INTO recipe_cook(recipe_id, cook_id) VALUES (72, 22);
INSERT INTO recipe_cook(recipe_id, cook_id) VALUES (72, 117);
INSERT INTO recipe_cook(recipe_id, cook_id) VALUES (72, 120);
INSERT INTO recipe_cook(recipe_id, cook_id) VALUES (72, 29);
INSERT INTO recipe_cook(recipe_id, cook_id) VALUES (72, 53);
INSERT INTO recipe_cook(recipe_id, cook_id) VALUES (72, 33);
INSERT INTO recipe_cook(recipe_id, cook_id) VALUES (72, 128);
INSERT INTO recipe_cook(recipe_id, cook_id) VALUES (72, 144);
INSERT INTO recipe_cook(recipe_id, cook_id) VALUES (72, 86);
INSERT INTO recipe_cook(recipe_id, cook_id) VALUES (72, 108);
INSERT INTO recipe_cook(recipe_id, cook_id) VALUES (72, 161);
INSERT INTO recipe_cook(recipe_id, cook_id) VALUES (72, 96);
INSERT INTO recipe_cook(recipe_id, cook_id) VALUES (72, 194);
INSERT INTO recipe_cook(recipe_id, cook_id) VALUES (72, 66);
INSERT INTO recipe_cook(recipe_id, cook_id) VALUES (72, 190);
INSERT INTO recipe_cook(recipe_id, cook_id) VALUES (72, 60);
INSERT INTO recipe_cook(recipe_id, cook_id) VALUES (72, 167);
INSERT INTO recipe_cook(recipe_id, cook_id) VALUES (72, 101);
INSERT INTO recipe_cook(recipe_id, cook_id) VALUES (72, 180);
INSERT INTO recipe_cook(recipe_id, cook_id) VALUES (72, 183);
INSERT INTO recipe_cook(recipe_id, cook_id) VALUES (72, 122);
INSERT INTO recipe_cook(recipe_id, cook_id) VALUES (72, 83);
INSERT INTO recipe_cook(recipe_id, cook_id) VALUES (72, 70);
INSERT INTO recipe_cook(recipe_id, cook_id) VALUES (72, 126);
INSERT INTO recipe_cook(recipe_id, cook_id) VALUES (72, 77);
INSERT INTO recipe_cook(recipe_id, cook_id) VALUES (72, 16);
INSERT INTO recipe_cook(recipe_id, cook_id) VALUES (72, 52);
INSERT INTO recipe_cook(recipe_id, cook_id) VALUES (72, 116);
INSERT INTO recipe_cook(recipe_id, cook_id) VALUES (72, 37);
INSERT INTO recipe_cook(recipe_id, cook_id) VALUES (72, 106);
INSERT INTO recipe_cook(recipe_id, cook_id) VALUES (72, 157);
INSERT INTO recipe_cook(recipe_id, cook_id) VALUES (72, 199);
INSERT INTO recipe_cook(recipe_id, cook_id) VALUES (72, 131);
INSERT INTO recipe_cook(recipe_id, cook_id) VALUES (72, 11);
INSERT INTO recipe_cook(recipe_id, cook_id) VALUES (72, 47);
INSERT INTO recipe_cook(recipe_id, cook_id) VALUES (72, 71);
INSERT INTO recipe_cook(recipe_id, cook_id) VALUES (72, 188);
INSERT INTO recipe_cook(recipe_id, cook_id) VALUES (72, 1);
INSERT INTO recipe_cook(recipe_id, cook_id) VALUES (72, 115);
INSERT INTO recipe_cook(recipe_id, cook_id) VALUES (72, 58);
INSERT INTO recipe_cook(recipe_id, cook_id) VALUES (72, 10);
INSERT INTO recipe_cook(recipe_id, cook_id) VALUES (72, 94);
INSERT INTO recipe_cook(recipe_id, cook_id) VALUES (72, 84);
INSERT INTO recipe_cook(recipe_id, cook_id) VALUES (72, 146);
INSERT INTO recipe_cook(recipe_id, cook_id) VALUES (72, 158);
INSERT INTO recipe_cook(recipe_id, cook_id) VALUES (72, 57);
INSERT INTO recipe_cook(recipe_id, cook_id) VALUES (72, 27);
INSERT INTO recipe_cook(recipe_id, cook_id) VALUES (72, 145);
INSERT INTO recipe_cook(recipe_id, cook_id) VALUES (72, 135);
INSERT INTO recipe_cook(recipe_id, cook_id) VALUES (72, 130);
INSERT INTO recipe_cook(recipe_id, cook_id) VALUES (72, 41);
INSERT INTO recipe_cook(recipe_id, cook_id) VALUES (72, 46);
INSERT INTO recipe_cook(recipe_id, cook_id) VALUES (72, 155);
INSERT INTO recipe_cook(recipe_id, cook_id) VALUES (72, 169);
INSERT INTO recipe_cook(recipe_id, cook_id) VALUES (72, 88);
INSERT INTO recipe_cook(recipe_id, cook_id) VALUES (72, 118);
INSERT INTO recipe_cook(recipe_id, cook_id) VALUES (72, 148);
INSERT INTO recipe_cook(recipe_id, cook_id) VALUES (72, 63);
INSERT INTO recipe_cook(recipe_id, cook_id) VALUES (72, 200);
INSERT INTO recipe_cook(recipe_id, cook_id) VALUES (72, 2);
INSERT INTO recipe_cook(recipe_id, cook_id) VALUES (72, 112);
INSERT INTO recipe_cook(recipe_id, cook_id) VALUES (72, 121);
INSERT INTO recipe_cook(recipe_id, cook_id) VALUES (72, 7);
INSERT INTO recipe_cook(recipe_id, cook_id) VALUES (72, 95);
INSERT INTO recipe_cook(recipe_id, cook_id) VALUES (72, 59);
INSERT INTO recipe_cook(recipe_id, cook_id) VALUES (72, 80);
INSERT INTO recipe_cook(recipe_id, cook_id) VALUES (72, 173);
INSERT INTO recipe_cook(recipe_id, cook_id) VALUES (72, 67);
INSERT INTO recipe_cook(recipe_id, cook_id) VALUES (72, 76);
INSERT INTO recipe_cook(recipe_id, cook_id) VALUES (72, 149);
INSERT INTO recipe_cook(recipe_id, cook_id) VALUES (72, 65);
INSERT INTO recipe_cook(recipe_id, cook_id) VALUES (72, 123);
INSERT INTO recipe_cook(recipe_id, cook_id) VALUES (72, 166);
INSERT INTO recipe_cook(recipe_id, cook_id) VALUES (72, 185);
INSERT INTO recipe_cook(recipe_id, cook_id) VALUES (72, 163);
INSERT INTO recipe_theme(recipe_id, theme_id) VALUES (72, 26);
INSERT INTO recipe_tip(recipe_id, tip_id) VALUES (72, 27);

INSERT INTO recipe(baking, cuisine_id, difficulty, title, recipe_description, prep_time, cook_time, portions, fat_portion, protein_portion, carbo_portion, picture, picture_description) VALUES(0, 31, 2,'Risotto Primavera', 'Machine whatever down democratic brother. Behind small right sometimes common state side house. Rest for star could catch. Light activity whether.', 125, 120, 5, 25, 60,35, 'https://placekitten.com/333/214', 'Road other industry own majority leader clear senior.');
INSERT INTO recipe_meal_type(recipe_id, meal_type_id) VALUES (73, 6);
INSERT INTO recipe_tag(recipe_id, tag_id) VALUES (73, 81);
INSERT INTO recipe_tag(recipe_id, tag_id) VALUES (73, 37);
INSERT INTO recipe_tag(recipe_id, tag_id) VALUES (73, 53);
INSERT INTO recipe_tag(recipe_id, tag_id) VALUES (73, 93);
INSERT INTO recipe_equipment(recipe_id, equipment_id, num) VALUES (73, 9, 2);
INSERT INTO recipe_equipment(recipe_id, equipment_id, num) VALUES (73, 12, 2);
INSERT INTO recipe_equipment(recipe_id, equipment_id, num) VALUES (73, 16, 1);
INSERT INTO recipe_cook(recipe_id, cook_id) VALUES (73, 169);
INSERT INTO recipe_cook(recipe_id, cook_id) VALUES (73, 170);
INSERT INTO recipe_cook(recipe_id, cook_id) VALUES (73, 188);
INSERT INTO recipe_cook(recipe_id, cook_id) VALUES (73, 14);
INSERT INTO recipe_cook(recipe_id, cook_id) VALUES (73, 112);
INSERT INTO recipe_cook(recipe_id, cook_id) VALUES (73, 57);
INSERT INTO recipe_cook(recipe_id, cook_id) VALUES (73, 106);
INSERT INTO recipe_cook(recipe_id, cook_id) VALUES (73, 166);
INSERT INTO recipe_cook(recipe_id, cook_id) VALUES (73, 133);
INSERT INTO recipe_cook(recipe_id, cook_id) VALUES (73, 7);
INSERT INTO recipe_cook(recipe_id, cook_id) VALUES (73, 72);
INSERT INTO recipe_cook(recipe_id, cook_id) VALUES (73, 39);
INSERT INTO recipe_cook(recipe_id, cook_id) VALUES (73, 65);
INSERT INTO recipe_cook(recipe_id, cook_id) VALUES (73, 119);
INSERT INTO recipe_cook(recipe_id, cook_id) VALUES (73, 121);
INSERT INTO recipe_cook(recipe_id, cook_id) VALUES (73, 125);
INSERT INTO recipe_cook(recipe_id, cook_id) VALUES (73, 178);
INSERT INTO recipe_cook(recipe_id, cook_id) VALUES (73, 154);
INSERT INTO recipe_cook(recipe_id, cook_id) VALUES (73, 26);
INSERT INTO recipe_cook(recipe_id, cook_id) VALUES (73, 145);
INSERT INTO recipe_cook(recipe_id, cook_id) VALUES (73, 197);
INSERT INTO recipe_cook(recipe_id, cook_id) VALUES (73, 93);
INSERT INTO recipe_theme(recipe_id, theme_id) VALUES (73, 7);
INSERT INTO recipe_theme(recipe_id, theme_id) VALUES (73, 22);
INSERT INTO recipe_theme(recipe_id, theme_id) VALUES (73, 6);
INSERT INTO recipe_tip(recipe_id, tip_id) VALUES (73, 27);
INSERT INTO recipe_tip(recipe_id, tip_id) VALUES (73, 14);

INSERT INTO recipe(baking, cuisine_id, difficulty, title, recipe_description, prep_time, cook_time, portions, fat_portion, protein_portion, carbo_portion, picture, picture_description) VALUES(0, 20, 2,'Tamales', 'Common provide religious. Describe care listen. Spend everything choose alone white bring generation. Any bar finally car approach defense here.', 95, 70, 2, 50, 5,75, 'https://dummyimage.com/855x70', 'Republican point ahead politics military.');
INSERT INTO recipe_meal_type(recipe_id, meal_type_id) VALUES (74, 3);
INSERT INTO recipe_tag(recipe_id, tag_id) VALUES (74, 14);
INSERT INTO recipe_tag(recipe_id, tag_id) VALUES (74, 12);
INSERT INTO recipe_equipment(recipe_id, equipment_id, num) VALUES (74, 19, 1);
INSERT INTO recipe_equipment(recipe_id, equipment_id, num) VALUES (74, 3, 2);
INSERT INTO recipe_equipment(recipe_id, equipment_id, num) VALUES (74, 6, 1);
INSERT INTO recipe_cook(recipe_id, cook_id) VALUES (74, 66);
INSERT INTO recipe_cook(recipe_id, cook_id) VALUES (74, 79);
INSERT INTO recipe_cook(recipe_id, cook_id) VALUES (74, 168);
INSERT INTO recipe_cook(recipe_id, cook_id) VALUES (74, 137);
INSERT INTO recipe_cook(recipe_id, cook_id) VALUES (74, 22);
INSERT INTO recipe_cook(recipe_id, cook_id) VALUES (74, 17);
INSERT INTO recipe_cook(recipe_id, cook_id) VALUES (74, 165);
INSERT INTO recipe_cook(recipe_id, cook_id) VALUES (74, 87);
INSERT INTO recipe_cook(recipe_id, cook_id) VALUES (74, 30);
INSERT INTO recipe_cook(recipe_id, cook_id) VALUES (74, 171);
INSERT INTO recipe_cook(recipe_id, cook_id) VALUES (74, 98);
INSERT INTO recipe_cook(recipe_id, cook_id) VALUES (74, 92);
INSERT INTO recipe_cook(recipe_id, cook_id) VALUES (74, 56);
INSERT INTO recipe_cook(recipe_id, cook_id) VALUES (74, 134);
INSERT INTO recipe_cook(recipe_id, cook_id) VALUES (74, 187);
INSERT INTO recipe_cook(recipe_id, cook_id) VALUES (74, 156);
INSERT INTO recipe_cook(recipe_id, cook_id) VALUES (74, 57);
INSERT INTO recipe_cook(recipe_id, cook_id) VALUES (74, 83);
INSERT INTO recipe_cook(recipe_id, cook_id) VALUES (74, 23);
INSERT INTO recipe_cook(recipe_id, cook_id) VALUES (74, 96);
INSERT INTO recipe_cook(recipe_id, cook_id) VALUES (74, 108);
INSERT INTO recipe_cook(recipe_id, cook_id) VALUES (74, 107);
INSERT INTO recipe_cook(recipe_id, cook_id) VALUES (74, 170);
INSERT INTO recipe_cook(recipe_id, cook_id) VALUES (74, 27);
INSERT INTO recipe_cook(recipe_id, cook_id) VALUES (74, 184);
INSERT INTO recipe_cook(recipe_id, cook_id) VALUES (74, 150);
INSERT INTO recipe_cook(recipe_id, cook_id) VALUES (74, 105);
INSERT INTO recipe_cook(recipe_id, cook_id) VALUES (74, 7);
INSERT INTO recipe_cook(recipe_id, cook_id) VALUES (74, 100);
INSERT INTO recipe_cook(recipe_id, cook_id) VALUES (74, 161);
INSERT INTO recipe_cook(recipe_id, cook_id) VALUES (74, 192);
INSERT INTO recipe_cook(recipe_id, cook_id) VALUES (74, 12);
INSERT INTO recipe_theme(recipe_id, theme_id) VALUES (74, 16);
INSERT INTO recipe_theme(recipe_id, theme_id) VALUES (74, 4);
INSERT INTO recipe_theme(recipe_id, theme_id) VALUES (74, 20);
INSERT INTO recipe_tip(recipe_id, tip_id) VALUES (74, 2);

INSERT INTO recipe(baking, cuisine_id, difficulty, title, recipe_description, prep_time, cook_time, portions, fat_portion, protein_portion, carbo_portion, picture, picture_description) VALUES(1, 31, 1,'Pork Carnitas', 'Over future couple rule. Actually maybe these billion no. Time like along manager thus hotel. Away race hotel organization property others major.', 115, 70, 2, 55, 30,70, 'https://picsum.photos/135/886', 'Save data sell none.');
INSERT INTO recipe_meal_type(recipe_id, meal_type_id) VALUES (75, 6);
INSERT INTO recipe_tag(recipe_id, tag_id) VALUES (75, 76);
INSERT INTO recipe_tag(recipe_id, tag_id) VALUES (75, 15);
INSERT INTO recipe_equipment(recipe_id, equipment_id, num) VALUES (75, 19, 1);
INSERT INTO recipe_equipment(recipe_id, equipment_id, num) VALUES (75, 7, 2);
INSERT INTO recipe_equipment(recipe_id, equipment_id, num) VALUES (75, 13, 1);
INSERT INTO recipe_equipment(recipe_id, equipment_id, num) VALUES (75, 9, 2);
INSERT INTO recipe_cook(recipe_id, cook_id) VALUES (75, 86);
INSERT INTO recipe_cook(recipe_id, cook_id) VALUES (75, 29);
INSERT INTO recipe_cook(recipe_id, cook_id) VALUES (75, 93);
INSERT INTO recipe_cook(recipe_id, cook_id) VALUES (75, 127);
INSERT INTO recipe_cook(recipe_id, cook_id) VALUES (75, 57);
INSERT INTO recipe_cook(recipe_id, cook_id) VALUES (75, 72);
INSERT INTO recipe_cook(recipe_id, cook_id) VALUES (75, 77);
INSERT INTO recipe_cook(recipe_id, cook_id) VALUES (75, 16);
INSERT INTO recipe_cook(recipe_id, cook_id) VALUES (75, 95);
INSERT INTO recipe_cook(recipe_id, cook_id) VALUES (75, 141);
INSERT INTO recipe_cook(recipe_id, cook_id) VALUES (75, 128);
INSERT INTO recipe_cook(recipe_id, cook_id) VALUES (75, 15);
INSERT INTO recipe_cook(recipe_id, cook_id) VALUES (75, 131);
INSERT INTO recipe_cook(recipe_id, cook_id) VALUES (75, 73);
INSERT INTO recipe_cook(recipe_id, cook_id) VALUES (75, 83);
INSERT INTO recipe_cook(recipe_id, cook_id) VALUES (75, 47);
INSERT INTO recipe_cook(recipe_id, cook_id) VALUES (75, 76);
INSERT INTO recipe_cook(recipe_id, cook_id) VALUES (75, 167);
INSERT INTO recipe_cook(recipe_id, cook_id) VALUES (75, 163);
INSERT INTO recipe_cook(recipe_id, cook_id) VALUES (75, 150);
INSERT INTO recipe_cook(recipe_id, cook_id) VALUES (75, 183);
INSERT INTO recipe_cook(recipe_id, cook_id) VALUES (75, 17);
INSERT INTO recipe_cook(recipe_id, cook_id) VALUES (75, 147);
INSERT INTO recipe_cook(recipe_id, cook_id) VALUES (75, 33);
INSERT INTO recipe_cook(recipe_id, cook_id) VALUES (75, 7);
INSERT INTO recipe_cook(recipe_id, cook_id) VALUES (75, 89);
INSERT INTO recipe_cook(recipe_id, cook_id) VALUES (75, 12);
INSERT INTO recipe_cook(recipe_id, cook_id) VALUES (75, 108);
INSERT INTO recipe_cook(recipe_id, cook_id) VALUES (75, 98);
INSERT INTO recipe_cook(recipe_id, cook_id) VALUES (75, 171);
INSERT INTO recipe_cook(recipe_id, cook_id) VALUES (75, 169);
INSERT INTO recipe_cook(recipe_id, cook_id) VALUES (75, 110);
INSERT INTO recipe_cook(recipe_id, cook_id) VALUES (75, 166);
INSERT INTO recipe_cook(recipe_id, cook_id) VALUES (75, 55);
INSERT INTO recipe_cook(recipe_id, cook_id) VALUES (75, 46);
INSERT INTO recipe_cook(recipe_id, cook_id) VALUES (75, 31);
INSERT INTO recipe_cook(recipe_id, cook_id) VALUES (75, 6);
INSERT INTO recipe_cook(recipe_id, cook_id) VALUES (75, 13);
INSERT INTO recipe_cook(recipe_id, cook_id) VALUES (75, 1);
INSERT INTO recipe_cook(recipe_id, cook_id) VALUES (75, 18);
INSERT INTO recipe_cook(recipe_id, cook_id) VALUES (75, 119);
INSERT INTO recipe_cook(recipe_id, cook_id) VALUES (75, 116);
INSERT INTO recipe_cook(recipe_id, cook_id) VALUES (75, 194);
INSERT INTO recipe_cook(recipe_id, cook_id) VALUES (75, 71);
INSERT INTO recipe_cook(recipe_id, cook_id) VALUES (75, 25);
INSERT INTO recipe_cook(recipe_id, cook_id) VALUES (75, 132);
INSERT INTO recipe_cook(recipe_id, cook_id) VALUES (75, 14);
INSERT INTO recipe_cook(recipe_id, cook_id) VALUES (75, 102);
INSERT INTO recipe_cook(recipe_id, cook_id) VALUES (75, 5);
INSERT INTO recipe_cook(recipe_id, cook_id) VALUES (75, 125);
INSERT INTO recipe_cook(recipe_id, cook_id) VALUES (75, 184);
INSERT INTO recipe_cook(recipe_id, cook_id) VALUES (75, 68);
INSERT INTO recipe_cook(recipe_id, cook_id) VALUES (75, 20);
INSERT INTO recipe_cook(recipe_id, cook_id) VALUES (75, 27);
INSERT INTO recipe_cook(recipe_id, cook_id) VALUES (75, 32);
INSERT INTO recipe_cook(recipe_id, cook_id) VALUES (75, 4);
INSERT INTO recipe_cook(recipe_id, cook_id) VALUES (75, 188);
INSERT INTO recipe_cook(recipe_id, cook_id) VALUES (75, 50);
INSERT INTO recipe_cook(recipe_id, cook_id) VALUES (75, 148);
INSERT INTO recipe_cook(recipe_id, cook_id) VALUES (75, 30);
INSERT INTO recipe_cook(recipe_id, cook_id) VALUES (75, 121);
INSERT INTO recipe_cook(recipe_id, cook_id) VALUES (75, 78);
INSERT INTO recipe_cook(recipe_id, cook_id) VALUES (75, 165);
INSERT INTO recipe_cook(recipe_id, cook_id) VALUES (75, 75);
INSERT INTO recipe_cook(recipe_id, cook_id) VALUES (75, 65);
INSERT INTO recipe_cook(recipe_id, cook_id) VALUES (75, 44);
INSERT INTO recipe_cook(recipe_id, cook_id) VALUES (75, 42);
INSERT INTO recipe_cook(recipe_id, cook_id) VALUES (75, 126);
INSERT INTO recipe_cook(recipe_id, cook_id) VALUES (75, 135);
INSERT INTO recipe_cook(recipe_id, cook_id) VALUES (75, 105);
INSERT INTO recipe_cook(recipe_id, cook_id) VALUES (75, 26);
INSERT INTO recipe_cook(recipe_id, cook_id) VALUES (75, 144);
INSERT INTO recipe_cook(recipe_id, cook_id) VALUES (75, 162);
INSERT INTO recipe_cook(recipe_id, cook_id) VALUES (75, 56);
INSERT INTO recipe_cook(recipe_id, cook_id) VALUES (75, 54);
INSERT INTO recipe_cook(recipe_id, cook_id) VALUES (75, 24);
INSERT INTO recipe_cook(recipe_id, cook_id) VALUES (75, 3);
INSERT INTO recipe_cook(recipe_id, cook_id) VALUES (75, 85);
INSERT INTO recipe_cook(recipe_id, cook_id) VALUES (75, 111);
INSERT INTO recipe_cook(recipe_id, cook_id) VALUES (75, 158);
INSERT INTO recipe_cook(recipe_id, cook_id) VALUES (75, 153);
INSERT INTO recipe_cook(recipe_id, cook_id) VALUES (75, 157);
INSERT INTO recipe_cook(recipe_id, cook_id) VALUES (75, 96);
INSERT INTO recipe_cook(recipe_id, cook_id) VALUES (75, 200);
INSERT INTO recipe_cook(recipe_id, cook_id) VALUES (75, 9);
INSERT INTO recipe_cook(recipe_id, cook_id) VALUES (75, 133);
INSERT INTO recipe_cook(recipe_id, cook_id) VALUES (75, 139);
INSERT INTO recipe_cook(recipe_id, cook_id) VALUES (75, 60);
INSERT INTO recipe_cook(recipe_id, cook_id) VALUES (75, 2);
INSERT INTO recipe_cook(recipe_id, cook_id) VALUES (75, 61);
INSERT INTO recipe_cook(recipe_id, cook_id) VALUES (75, 62);
INSERT INTO recipe_cook(recipe_id, cook_id) VALUES (75, 164);
INSERT INTO recipe_cook(recipe_id, cook_id) VALUES (75, 199);
INSERT INTO recipe_cook(recipe_id, cook_id) VALUES (75, 39);
INSERT INTO recipe_cook(recipe_id, cook_id) VALUES (75, 91);
INSERT INTO recipe_cook(recipe_id, cook_id) VALUES (75, 191);
INSERT INTO recipe_cook(recipe_id, cook_id) VALUES (75, 41);
INSERT INTO recipe_cook(recipe_id, cook_id) VALUES (75, 190);
INSERT INTO recipe_cook(recipe_id, cook_id) VALUES (75, 48);
INSERT INTO recipe_cook(recipe_id, cook_id) VALUES (75, 66);
INSERT INTO recipe_cook(recipe_id, cook_id) VALUES (75, 161);
INSERT INTO recipe_cook(recipe_id, cook_id) VALUES (75, 198);
INSERT INTO recipe_cook(recipe_id, cook_id) VALUES (75, 187);
INSERT INTO recipe_cook(recipe_id, cook_id) VALUES (75, 122);
INSERT INTO recipe_cook(recipe_id, cook_id) VALUES (75, 120);
INSERT INTO recipe_cook(recipe_id, cook_id) VALUES (75, 43);
INSERT INTO recipe_theme(recipe_id, theme_id) VALUES (75, 12);
INSERT INTO recipe_theme(recipe_id, theme_id) VALUES (75, 37);
INSERT INTO recipe_theme(recipe_id, theme_id) VALUES (75, 14);
INSERT INTO recipe_tip(recipe_id, tip_id) VALUES (75, 14);
INSERT INTO recipe_tip(recipe_id, tip_id) VALUES (75, 20);

INSERT INTO recipe(baking, cuisine_id, difficulty, title, recipe_description, prep_time, cook_time, portions, fat_portion, protein_portion, carbo_portion, picture, picture_description) VALUES(1, 16, 3,'Vegetable Curry', 'Oil matter service. Decade big black ever. Agree another former firm.', 95, 120, 4, 15, 5,70, 'https://placekitten.com/936/189', 'Organization a class.');
INSERT INTO recipe_meal_type(recipe_id, meal_type_id) VALUES (76, 4);
INSERT INTO recipe_tag(recipe_id, tag_id) VALUES (76, 6);
INSERT INTO recipe_tag(recipe_id, tag_id) VALUES (76, 44);
INSERT INTO recipe_tag(recipe_id, tag_id) VALUES (76, 86);
INSERT INTO recipe_tag(recipe_id, tag_id) VALUES (76, 89);
INSERT INTO recipe_equipment(recipe_id, equipment_id, num) VALUES (76, 11, 4);
INSERT INTO recipe_equipment(recipe_id, equipment_id, num) VALUES (76, 8, 2);
INSERT INTO recipe_equipment(recipe_id, equipment_id, num) VALUES (76, 10, 2);
INSERT INTO recipe_equipment(recipe_id, equipment_id, num) VALUES (76, 5, 4);
INSERT INTO recipe_cook(recipe_id, cook_id) VALUES (76, 161);
INSERT INTO recipe_cook(recipe_id, cook_id) VALUES (76, 46);
INSERT INTO recipe_cook(recipe_id, cook_id) VALUES (76, 47);
INSERT INTO recipe_cook(recipe_id, cook_id) VALUES (76, 139);
INSERT INTO recipe_cook(recipe_id, cook_id) VALUES (76, 24);
INSERT INTO recipe_cook(recipe_id, cook_id) VALUES (76, 198);
INSERT INTO recipe_cook(recipe_id, cook_id) VALUES (76, 194);
INSERT INTO recipe_cook(recipe_id, cook_id) VALUES (76, 121);
INSERT INTO recipe_cook(recipe_id, cook_id) VALUES (76, 136);
INSERT INTO recipe_cook(recipe_id, cook_id) VALUES (76, 174);
INSERT INTO recipe_cook(recipe_id, cook_id) VALUES (76, 171);
INSERT INTO recipe_cook(recipe_id, cook_id) VALUES (76, 183);
INSERT INTO recipe_cook(recipe_id, cook_id) VALUES (76, 157);
INSERT INTO recipe_cook(recipe_id, cook_id) VALUES (76, 62);
INSERT INTO recipe_cook(recipe_id, cook_id) VALUES (76, 9);
INSERT INTO recipe_cook(recipe_id, cook_id) VALUES (76, 85);
INSERT INTO recipe_cook(recipe_id, cook_id) VALUES (76, 23);
INSERT INTO recipe_cook(recipe_id, cook_id) VALUES (76, 99);
INSERT INTO recipe_cook(recipe_id, cook_id) VALUES (76, 186);
INSERT INTO recipe_cook(recipe_id, cook_id) VALUES (76, 199);
INSERT INTO recipe_cook(recipe_id, cook_id) VALUES (76, 142);
INSERT INTO recipe_cook(recipe_id, cook_id) VALUES (76, 156);
INSERT INTO recipe_cook(recipe_id, cook_id) VALUES (76, 123);
INSERT INTO recipe_cook(recipe_id, cook_id) VALUES (76, 3);
INSERT INTO recipe_cook(recipe_id, cook_id) VALUES (76, 20);
INSERT INTO recipe_cook(recipe_id, cook_id) VALUES (76, 5);
INSERT INTO recipe_cook(recipe_id, cook_id) VALUES (76, 140);
INSERT INTO recipe_cook(recipe_id, cook_id) VALUES (76, 133);
INSERT INTO recipe_cook(recipe_id, cook_id) VALUES (76, 45);
INSERT INTO recipe_cook(recipe_id, cook_id) VALUES (76, 184);
INSERT INTO recipe_cook(recipe_id, cook_id) VALUES (76, 16);
INSERT INTO recipe_cook(recipe_id, cook_id) VALUES (76, 154);
INSERT INTO recipe_cook(recipe_id, cook_id) VALUES (76, 151);
INSERT INTO recipe_cook(recipe_id, cook_id) VALUES (76, 74);
INSERT INTO recipe_cook(recipe_id, cook_id) VALUES (76, 88);
INSERT INTO recipe_cook(recipe_id, cook_id) VALUES (76, 96);
INSERT INTO recipe_cook(recipe_id, cook_id) VALUES (76, 52);
INSERT INTO recipe_cook(recipe_id, cook_id) VALUES (76, 104);
INSERT INTO recipe_cook(recipe_id, cook_id) VALUES (76, 31);
INSERT INTO recipe_cook(recipe_id, cook_id) VALUES (76, 189);
INSERT INTO recipe_cook(recipe_id, cook_id) VALUES (76, 148);
INSERT INTO recipe_cook(recipe_id, cook_id) VALUES (76, 181);
INSERT INTO recipe_cook(recipe_id, cook_id) VALUES (76, 13);
INSERT INTO recipe_cook(recipe_id, cook_id) VALUES (76, 197);
INSERT INTO recipe_cook(recipe_id, cook_id) VALUES (76, 165);
INSERT INTO recipe_cook(recipe_id, cook_id) VALUES (76, 37);
INSERT INTO recipe_cook(recipe_id, cook_id) VALUES (76, 176);
INSERT INTO recipe_cook(recipe_id, cook_id) VALUES (76, 180);
INSERT INTO recipe_cook(recipe_id, cook_id) VALUES (76, 118);
INSERT INTO recipe_cook(recipe_id, cook_id) VALUES (76, 196);
INSERT INTO recipe_cook(recipe_id, cook_id) VALUES (76, 190);
INSERT INTO recipe_cook(recipe_id, cook_id) VALUES (76, 63);
INSERT INTO recipe_cook(recipe_id, cook_id) VALUES (76, 43);
INSERT INTO recipe_cook(recipe_id, cook_id) VALUES (76, 112);
INSERT INTO recipe_cook(recipe_id, cook_id) VALUES (76, 1);
INSERT INTO recipe_cook(recipe_id, cook_id) VALUES (76, 54);
INSERT INTO recipe_cook(recipe_id, cook_id) VALUES (76, 60);
INSERT INTO recipe_cook(recipe_id, cook_id) VALUES (76, 101);
INSERT INTO recipe_cook(recipe_id, cook_id) VALUES (76, 8);
INSERT INTO recipe_cook(recipe_id, cook_id) VALUES (76, 93);
INSERT INTO recipe_cook(recipe_id, cook_id) VALUES (76, 73);
INSERT INTO recipe_cook(recipe_id, cook_id) VALUES (76, 182);
INSERT INTO recipe_cook(recipe_id, cook_id) VALUES (76, 17);
INSERT INTO recipe_cook(recipe_id, cook_id) VALUES (76, 113);
INSERT INTO recipe_cook(recipe_id, cook_id) VALUES (76, 55);
INSERT INTO recipe_cook(recipe_id, cook_id) VALUES (76, 162);
INSERT INTO recipe_cook(recipe_id, cook_id) VALUES (76, 145);
INSERT INTO recipe_cook(recipe_id, cook_id) VALUES (76, 167);
INSERT INTO recipe_cook(recipe_id, cook_id) VALUES (76, 100);
INSERT INTO recipe_cook(recipe_id, cook_id) VALUES (76, 117);
INSERT INTO recipe_cook(recipe_id, cook_id) VALUES (76, 59);
INSERT INTO recipe_cook(recipe_id, cook_id) VALUES (76, 146);
INSERT INTO recipe_cook(recipe_id, cook_id) VALUES (76, 34);
INSERT INTO recipe_cook(recipe_id, cook_id) VALUES (76, 39);
INSERT INTO recipe_cook(recipe_id, cook_id) VALUES (76, 61);
INSERT INTO recipe_cook(recipe_id, cook_id) VALUES (76, 172);
INSERT INTO recipe_cook(recipe_id, cook_id) VALUES (76, 53);
INSERT INTO recipe_cook(recipe_id, cook_id) VALUES (76, 42);
INSERT INTO recipe_cook(recipe_id, cook_id) VALUES (76, 137);
INSERT INTO recipe_cook(recipe_id, cook_id) VALUES (76, 138);
INSERT INTO recipe_cook(recipe_id, cook_id) VALUES (76, 79);
INSERT INTO recipe_cook(recipe_id, cook_id) VALUES (76, 75);
INSERT INTO recipe_cook(recipe_id, cook_id) VALUES (76, 127);
INSERT INTO recipe_cook(recipe_id, cook_id) VALUES (76, 158);
INSERT INTO recipe_cook(recipe_id, cook_id) VALUES (76, 91);
INSERT INTO recipe_cook(recipe_id, cook_id) VALUES (76, 80);
INSERT INTO recipe_cook(recipe_id, cook_id) VALUES (76, 193);
INSERT INTO recipe_cook(recipe_id, cook_id) VALUES (76, 36);
INSERT INTO recipe_cook(recipe_id, cook_id) VALUES (76, 18);
INSERT INTO recipe_cook(recipe_id, cook_id) VALUES (76, 159);
INSERT INTO recipe_cook(recipe_id, cook_id) VALUES (76, 90);
INSERT INTO recipe_cook(recipe_id, cook_id) VALUES (76, 83);
INSERT INTO recipe_cook(recipe_id, cook_id) VALUES (76, 66);
INSERT INTO recipe_cook(recipe_id, cook_id) VALUES (76, 21);
INSERT INTO recipe_cook(recipe_id, cook_id) VALUES (76, 49);
INSERT INTO recipe_cook(recipe_id, cook_id) VALUES (76, 30);
INSERT INTO recipe_cook(recipe_id, cook_id) VALUES (76, 50);
INSERT INTO recipe_cook(recipe_id, cook_id) VALUES (76, 116);
INSERT INTO recipe_cook(recipe_id, cook_id) VALUES (76, 150);
INSERT INTO recipe_cook(recipe_id, cook_id) VALUES (76, 51);
INSERT INTO recipe_cook(recipe_id, cook_id) VALUES (76, 29);
INSERT INTO recipe_cook(recipe_id, cook_id) VALUES (76, 84);
INSERT INTO recipe_cook(recipe_id, cook_id) VALUES (76, 111);
INSERT INTO recipe_cook(recipe_id, cook_id) VALUES (76, 153);
INSERT INTO recipe_cook(recipe_id, cook_id) VALUES (76, 70);
INSERT INTO recipe_cook(recipe_id, cook_id) VALUES (76, 169);
INSERT INTO recipe_cook(recipe_id, cook_id) VALUES (76, 177);
INSERT INTO recipe_cook(recipe_id, cook_id) VALUES (76, 14);
INSERT INTO recipe_cook(recipe_id, cook_id) VALUES (76, 163);
INSERT INTO recipe_cook(recipe_id, cook_id) VALUES (76, 87);
INSERT INTO recipe_cook(recipe_id, cook_id) VALUES (76, 115);
INSERT INTO recipe_cook(recipe_id, cook_id) VALUES (76, 134);
INSERT INTO recipe_cook(recipe_id, cook_id) VALUES (76, 129);
INSERT INTO recipe_cook(recipe_id, cook_id) VALUES (76, 86);
INSERT INTO recipe_cook(recipe_id, cook_id) VALUES (76, 103);
INSERT INTO recipe_cook(recipe_id, cook_id) VALUES (76, 81);
INSERT INTO recipe_cook(recipe_id, cook_id) VALUES (76, 128);
INSERT INTO recipe_cook(recipe_id, cook_id) VALUES (76, 41);
INSERT INTO recipe_cook(recipe_id, cook_id) VALUES (76, 124);
INSERT INTO recipe_cook(recipe_id, cook_id) VALUES (76, 164);
INSERT INTO recipe_cook(recipe_id, cook_id) VALUES (76, 192);
INSERT INTO recipe_cook(recipe_id, cook_id) VALUES (76, 38);
INSERT INTO recipe_cook(recipe_id, cook_id) VALUES (76, 125);
INSERT INTO recipe_cook(recipe_id, cook_id) VALUES (76, 108);
INSERT INTO recipe_cook(recipe_id, cook_id) VALUES (76, 107);
INSERT INTO recipe_cook(recipe_id, cook_id) VALUES (76, 68);
INSERT INTO recipe_cook(recipe_id, cook_id) VALUES (76, 119);
INSERT INTO recipe_cook(recipe_id, cook_id) VALUES (76, 58);
INSERT INTO recipe_cook(recipe_id, cook_id) VALUES (76, 98);
INSERT INTO recipe_theme(recipe_id, theme_id) VALUES (76, 23);
INSERT INTO recipe_theme(recipe_id, theme_id) VALUES (76, 15);
INSERT INTO recipe_theme(recipe_id, theme_id) VALUES (76, 31);
INSERT INTO recipe_tip(recipe_id, tip_id) VALUES (76, 29);
INSERT INTO recipe_tip(recipe_id, tip_id) VALUES (76, 9);

INSERT INTO recipe(baking, cuisine_id, difficulty, title, recipe_description, prep_time, cook_time, portions, fat_portion, protein_portion, carbo_portion, picture, picture_description) VALUES(0, 42, 2,'Strawberry Shortcake', 'Wonder strategy type line indicate contain. First up list play father both most.', 95, 80, 5, 40, 15,60, 'https://picsum.photos/592/517', 'Pass country research ability.');
INSERT INTO recipe_meal_type(recipe_id, meal_type_id) VALUES (77, 2);
INSERT INTO recipe_tag(recipe_id, tag_id) VALUES (77, 74);
INSERT INTO recipe_tag(recipe_id, tag_id) VALUES (77, 83);
INSERT INTO recipe_tag(recipe_id, tag_id) VALUES (77, 80);
INSERT INTO recipe_tag(recipe_id, tag_id) VALUES (77, 82);
INSERT INTO recipe_tag(recipe_id, tag_id) VALUES (77, 24);
INSERT INTO recipe_tag(recipe_id, tag_id) VALUES (77, 34);
INSERT INTO recipe_equipment(recipe_id, equipment_id, num) VALUES (77, 9, 1);
INSERT INTO recipe_equipment(recipe_id, equipment_id, num) VALUES (77, 20, 1);
INSERT INTO recipe_equipment(recipe_id, equipment_id, num) VALUES (77, 19, 2);
INSERT INTO recipe_cook(recipe_id, cook_id) VALUES (77, 64);
INSERT INTO recipe_cook(recipe_id, cook_id) VALUES (77, 99);
INSERT INTO recipe_cook(recipe_id, cook_id) VALUES (77, 88);
INSERT INTO recipe_cook(recipe_id, cook_id) VALUES (77, 125);
INSERT INTO recipe_cook(recipe_id, cook_id) VALUES (77, 2);
INSERT INTO recipe_cook(recipe_id, cook_id) VALUES (77, 136);
INSERT INTO recipe_cook(recipe_id, cook_id) VALUES (77, 19);
INSERT INTO recipe_cook(recipe_id, cook_id) VALUES (77, 11);
INSERT INTO recipe_cook(recipe_id, cook_id) VALUES (77, 180);
INSERT INTO recipe_cook(recipe_id, cook_id) VALUES (77, 24);
INSERT INTO recipe_cook(recipe_id, cook_id) VALUES (77, 97);
INSERT INTO recipe_cook(recipe_id, cook_id) VALUES (77, 50);
INSERT INTO recipe_cook(recipe_id, cook_id) VALUES (77, 44);
INSERT INTO recipe_cook(recipe_id, cook_id) VALUES (77, 34);
INSERT INTO recipe_cook(recipe_id, cook_id) VALUES (77, 110);
INSERT INTO recipe_cook(recipe_id, cook_id) VALUES (77, 95);
INSERT INTO recipe_cook(recipe_id, cook_id) VALUES (77, 29);
INSERT INTO recipe_cook(recipe_id, cook_id) VALUES (77, 175);
INSERT INTO recipe_cook(recipe_id, cook_id) VALUES (77, 116);
INSERT INTO recipe_cook(recipe_id, cook_id) VALUES (77, 152);
INSERT INTO recipe_cook(recipe_id, cook_id) VALUES (77, 148);
INSERT INTO recipe_cook(recipe_id, cook_id) VALUES (77, 30);
INSERT INTO recipe_cook(recipe_id, cook_id) VALUES (77, 131);
INSERT INTO recipe_cook(recipe_id, cook_id) VALUES (77, 200);
INSERT INTO recipe_cook(recipe_id, cook_id) VALUES (77, 79);
INSERT INTO recipe_cook(recipe_id, cook_id) VALUES (77, 40);
INSERT INTO recipe_cook(recipe_id, cook_id) VALUES (77, 134);
INSERT INTO recipe_cook(recipe_id, cook_id) VALUES (77, 183);
INSERT INTO recipe_cook(recipe_id, cook_id) VALUES (77, 120);
INSERT INTO recipe_cook(recipe_id, cook_id) VALUES (77, 106);
INSERT INTO recipe_cook(recipe_id, cook_id) VALUES (77, 167);
INSERT INTO recipe_cook(recipe_id, cook_id) VALUES (77, 31);
INSERT INTO recipe_cook(recipe_id, cook_id) VALUES (77, 122);
INSERT INTO recipe_cook(recipe_id, cook_id) VALUES (77, 77);
INSERT INTO recipe_cook(recipe_id, cook_id) VALUES (77, 35);
INSERT INTO recipe_cook(recipe_id, cook_id) VALUES (77, 58);
INSERT INTO recipe_cook(recipe_id, cook_id) VALUES (77, 16);
INSERT INTO recipe_cook(recipe_id, cook_id) VALUES (77, 66);
INSERT INTO recipe_cook(recipe_id, cook_id) VALUES (77, 104);
INSERT INTO recipe_cook(recipe_id, cook_id) VALUES (77, 182);
INSERT INTO recipe_cook(recipe_id, cook_id) VALUES (77, 130);
INSERT INTO recipe_cook(recipe_id, cook_id) VALUES (77, 23);
INSERT INTO recipe_cook(recipe_id, cook_id) VALUES (77, 54);
INSERT INTO recipe_cook(recipe_id, cook_id) VALUES (77, 28);
INSERT INTO recipe_cook(recipe_id, cook_id) VALUES (77, 114);
INSERT INTO recipe_cook(recipe_id, cook_id) VALUES (77, 59);
INSERT INTO recipe_cook(recipe_id, cook_id) VALUES (77, 118);
INSERT INTO recipe_cook(recipe_id, cook_id) VALUES (77, 73);
INSERT INTO recipe_cook(recipe_id, cook_id) VALUES (77, 81);
INSERT INTO recipe_cook(recipe_id, cook_id) VALUES (77, 57);
INSERT INTO recipe_cook(recipe_id, cook_id) VALUES (77, 113);
INSERT INTO recipe_cook(recipe_id, cook_id) VALUES (77, 150);
INSERT INTO recipe_cook(recipe_id, cook_id) VALUES (77, 189);
INSERT INTO recipe_cook(recipe_id, cook_id) VALUES (77, 123);
INSERT INTO recipe_cook(recipe_id, cook_id) VALUES (77, 25);
INSERT INTO recipe_cook(recipe_id, cook_id) VALUES (77, 105);
INSERT INTO recipe_cook(recipe_id, cook_id) VALUES (77, 173);
INSERT INTO recipe_cook(recipe_id, cook_id) VALUES (77, 70);
INSERT INTO recipe_cook(recipe_id, cook_id) VALUES (77, 21);
INSERT INTO recipe_cook(recipe_id, cook_id) VALUES (77, 89);
INSERT INTO recipe_cook(recipe_id, cook_id) VALUES (77, 3);
INSERT INTO recipe_cook(recipe_id, cook_id) VALUES (77, 48);
INSERT INTO recipe_cook(recipe_id, cook_id) VALUES (77, 55);
INSERT INTO recipe_cook(recipe_id, cook_id) VALUES (77, 168);
INSERT INTO recipe_cook(recipe_id, cook_id) VALUES (77, 103);
INSERT INTO recipe_cook(recipe_id, cook_id) VALUES (77, 52);
INSERT INTO recipe_cook(recipe_id, cook_id) VALUES (77, 47);
INSERT INTO recipe_cook(recipe_id, cook_id) VALUES (77, 195);
INSERT INTO recipe_cook(recipe_id, cook_id) VALUES (77, 43);
INSERT INTO recipe_cook(recipe_id, cook_id) VALUES (77, 143);
INSERT INTO recipe_cook(recipe_id, cook_id) VALUES (77, 36);
INSERT INTO recipe_cook(recipe_id, cook_id) VALUES (77, 156);
INSERT INTO recipe_cook(recipe_id, cook_id) VALUES (77, 145);
INSERT INTO recipe_cook(recipe_id, cook_id) VALUES (77, 62);
INSERT INTO recipe_cook(recipe_id, cook_id) VALUES (77, 196);
INSERT INTO recipe_cook(recipe_id, cook_id) VALUES (77, 153);
INSERT INTO recipe_cook(recipe_id, cook_id) VALUES (77, 155);
INSERT INTO recipe_cook(recipe_id, cook_id) VALUES (77, 65);
INSERT INTO recipe_cook(recipe_id, cook_id) VALUES (77, 176);
INSERT INTO recipe_cook(recipe_id, cook_id) VALUES (77, 20);
INSERT INTO recipe_cook(recipe_id, cook_id) VALUES (77, 163);
INSERT INTO recipe_cook(recipe_id, cook_id) VALUES (77, 117);
INSERT INTO recipe_cook(recipe_id, cook_id) VALUES (77, 101);
INSERT INTO recipe_cook(recipe_id, cook_id) VALUES (77, 91);
INSERT INTO recipe_cook(recipe_id, cook_id) VALUES (77, 157);
INSERT INTO recipe_cook(recipe_id, cook_id) VALUES (77, 126);
INSERT INTO recipe_cook(recipe_id, cook_id) VALUES (77, 94);
INSERT INTO recipe_cook(recipe_id, cook_id) VALUES (77, 115);
INSERT INTO recipe_cook(recipe_id, cook_id) VALUES (77, 190);
INSERT INTO recipe_cook(recipe_id, cook_id) VALUES (77, 184);
INSERT INTO recipe_cook(recipe_id, cook_id) VALUES (77, 108);
INSERT INTO recipe_cook(recipe_id, cook_id) VALUES (77, 128);
INSERT INTO recipe_cook(recipe_id, cook_id) VALUES (77, 166);
INSERT INTO recipe_cook(recipe_id, cook_id) VALUES (77, 56);
INSERT INTO recipe_cook(recipe_id, cook_id) VALUES (77, 159);
INSERT INTO recipe_cook(recipe_id, cook_id) VALUES (77, 162);
INSERT INTO recipe_cook(recipe_id, cook_id) VALUES (77, 39);
INSERT INTO recipe_cook(recipe_id, cook_id) VALUES (77, 84);
INSERT INTO recipe_cook(recipe_id, cook_id) VALUES (77, 78);
INSERT INTO recipe_cook(recipe_id, cook_id) VALUES (77, 93);
INSERT INTO recipe_cook(recipe_id, cook_id) VALUES (77, 18);
INSERT INTO recipe_cook(recipe_id, cook_id) VALUES (77, 142);
INSERT INTO recipe_cook(recipe_id, cook_id) VALUES (77, 87);
INSERT INTO recipe_cook(recipe_id, cook_id) VALUES (77, 144);
INSERT INTO recipe_cook(recipe_id, cook_id) VALUES (77, 45);
INSERT INTO recipe_cook(recipe_id, cook_id) VALUES (77, 199);
INSERT INTO recipe_cook(recipe_id, cook_id) VALUES (77, 15);
INSERT INTO recipe_cook(recipe_id, cook_id) VALUES (77, 8);
INSERT INTO recipe_cook(recipe_id, cook_id) VALUES (77, 137);
INSERT INTO recipe_cook(recipe_id, cook_id) VALUES (77, 85);
INSERT INTO recipe_cook(recipe_id, cook_id) VALUES (77, 119);
INSERT INTO recipe_cook(recipe_id, cook_id) VALUES (77, 174);
INSERT INTO recipe_cook(recipe_id, cook_id) VALUES (77, 109);
INSERT INTO recipe_cook(recipe_id, cook_id) VALUES (77, 13);
INSERT INTO recipe_cook(recipe_id, cook_id) VALUES (77, 72);
INSERT INTO recipe_cook(recipe_id, cook_id) VALUES (77, 192);
INSERT INTO recipe_cook(recipe_id, cook_id) VALUES (77, 17);
INSERT INTO recipe_cook(recipe_id, cook_id) VALUES (77, 46);
INSERT INTO recipe_cook(recipe_id, cook_id) VALUES (77, 129);
INSERT INTO recipe_cook(recipe_id, cook_id) VALUES (77, 186);
INSERT INTO recipe_cook(recipe_id, cook_id) VALUES (77, 169);
INSERT INTO recipe_cook(recipe_id, cook_id) VALUES (77, 165);
INSERT INTO recipe_cook(recipe_id, cook_id) VALUES (77, 98);
INSERT INTO recipe_cook(recipe_id, cook_id) VALUES (77, 82);
INSERT INTO recipe_cook(recipe_id, cook_id) VALUES (77, 27);
INSERT INTO recipe_cook(recipe_id, cook_id) VALUES (77, 41);
INSERT INTO recipe_cook(recipe_id, cook_id) VALUES (77, 60);
INSERT INTO recipe_cook(recipe_id, cook_id) VALUES (77, 171);
INSERT INTO recipe_cook(recipe_id, cook_id) VALUES (77, 80);
INSERT INTO recipe_cook(recipe_id, cook_id) VALUES (77, 158);
INSERT INTO recipe_cook(recipe_id, cook_id) VALUES (77, 181);
INSERT INTO recipe_cook(recipe_id, cook_id) VALUES (77, 4);
INSERT INTO recipe_cook(recipe_id, cook_id) VALUES (77, 100);
INSERT INTO recipe_cook(recipe_id, cook_id) VALUES (77, 51);
INSERT INTO recipe_cook(recipe_id, cook_id) VALUES (77, 151);
INSERT INTO recipe_cook(recipe_id, cook_id) VALUES (77, 32);
INSERT INTO recipe_cook(recipe_id, cook_id) VALUES (77, 14);
INSERT INTO recipe_cook(recipe_id, cook_id) VALUES (77, 135);
INSERT INTO recipe_cook(recipe_id, cook_id) VALUES (77, 172);
INSERT INTO recipe_cook(recipe_id, cook_id) VALUES (77, 86);
INSERT INTO recipe_cook(recipe_id, cook_id) VALUES (77, 121);
INSERT INTO recipe_cook(recipe_id, cook_id) VALUES (77, 164);
INSERT INTO recipe_cook(recipe_id, cook_id) VALUES (77, 12);
INSERT INTO recipe_cook(recipe_id, cook_id) VALUES (77, 112);
INSERT INTO recipe_cook(recipe_id, cook_id) VALUES (77, 191);
INSERT INTO recipe_cook(recipe_id, cook_id) VALUES (77, 75);
INSERT INTO recipe_cook(recipe_id, cook_id) VALUES (77, 37);
INSERT INTO recipe_cook(recipe_id, cook_id) VALUES (77, 49);
INSERT INTO recipe_cook(recipe_id, cook_id) VALUES (77, 69);
INSERT INTO recipe_cook(recipe_id, cook_id) VALUES (77, 1);
INSERT INTO recipe_cook(recipe_id, cook_id) VALUES (77, 83);
INSERT INTO recipe_cook(recipe_id, cook_id) VALUES (77, 147);
INSERT INTO recipe_cook(recipe_id, cook_id) VALUES (77, 10);
INSERT INTO recipe_cook(recipe_id, cook_id) VALUES (77, 198);
INSERT INTO recipe_cook(recipe_id, cook_id) VALUES (77, 76);
INSERT INTO recipe_cook(recipe_id, cook_id) VALUES (77, 170);
INSERT INTO recipe_cook(recipe_id, cook_id) VALUES (77, 179);
INSERT INTO recipe_cook(recipe_id, cook_id) VALUES (77, 68);
INSERT INTO recipe_cook(recipe_id, cook_id) VALUES (77, 197);
INSERT INTO recipe_cook(recipe_id, cook_id) VALUES (77, 146);
INSERT INTO recipe_cook(recipe_id, cook_id) VALUES (77, 92);
INSERT INTO recipe_cook(recipe_id, cook_id) VALUES (77, 139);
INSERT INTO recipe_cook(recipe_id, cook_id) VALUES (77, 111);
INSERT INTO recipe_cook(recipe_id, cook_id) VALUES (77, 177);
INSERT INTO recipe_cook(recipe_id, cook_id) VALUES (77, 185);
INSERT INTO recipe_cook(recipe_id, cook_id) VALUES (77, 160);
INSERT INTO recipe_cook(recipe_id, cook_id) VALUES (77, 127);
INSERT INTO recipe_cook(recipe_id, cook_id) VALUES (77, 178);
INSERT INTO recipe_cook(recipe_id, cook_id) VALUES (77, 133);
INSERT INTO recipe_cook(recipe_id, cook_id) VALUES (77, 96);
INSERT INTO recipe_cook(recipe_id, cook_id) VALUES (77, 154);
INSERT INTO recipe_cook(recipe_id, cook_id) VALUES (77, 141);
INSERT INTO recipe_cook(recipe_id, cook_id) VALUES (77, 149);
INSERT INTO recipe_cook(recipe_id, cook_id) VALUES (77, 138);
INSERT INTO recipe_cook(recipe_id, cook_id) VALUES (77, 33);
INSERT INTO recipe_cook(recipe_id, cook_id) VALUES (77, 124);
INSERT INTO recipe_cook(recipe_id, cook_id) VALUES (77, 140);
INSERT INTO recipe_cook(recipe_id, cook_id) VALUES (77, 22);
INSERT INTO recipe_cook(recipe_id, cook_id) VALUES (77, 42);
INSERT INTO recipe_cook(recipe_id, cook_id) VALUES (77, 61);
INSERT INTO recipe_cook(recipe_id, cook_id) VALUES (77, 187);
INSERT INTO recipe_cook(recipe_id, cook_id) VALUES (77, 67);
INSERT INTO recipe_cook(recipe_id, cook_id) VALUES (77, 6);
INSERT INTO recipe_cook(recipe_id, cook_id) VALUES (77, 53);
INSERT INTO recipe_cook(recipe_id, cook_id) VALUES (77, 71);
INSERT INTO recipe_cook(recipe_id, cook_id) VALUES (77, 7);
INSERT INTO recipe_cook(recipe_id, cook_id) VALUES (77, 107);
INSERT INTO recipe_cook(recipe_id, cook_id) VALUES (77, 38);
INSERT INTO recipe_cook(recipe_id, cook_id) VALUES (77, 90);
INSERT INTO recipe_cook(recipe_id, cook_id) VALUES (77, 161);
INSERT INTO recipe_cook(recipe_id, cook_id) VALUES (77, 9);
INSERT INTO recipe_cook(recipe_id, cook_id) VALUES (77, 102);
INSERT INTO recipe_cook(recipe_id, cook_id) VALUES (77, 5);
INSERT INTO recipe_cook(recipe_id, cook_id) VALUES (77, 193);
INSERT INTO recipe_theme(recipe_id, theme_id) VALUES (77, 14);
INSERT INTO recipe_theme(recipe_id, theme_id) VALUES (77, 35);
INSERT INTO recipe_theme(recipe_id, theme_id) VALUES (77, 32);
INSERT INTO recipe_tip(recipe_id, tip_id) VALUES (77, 5);
INSERT INTO recipe_tip(recipe_id, tip_id) VALUES (77, 34);
INSERT INTO recipe_tip(recipe_id, tip_id) VALUES (77, 12);

INSERT INTO recipe(baking, cuisine_id, difficulty, title, recipe_description, prep_time, cook_time, portions, fat_portion, protein_portion, carbo_portion, picture, picture_description) VALUES(0, 2, 5,'Crepes', 'Pressure give carry end management increase Democrat. Partner relationship when give attack clear that. Truth significant mission its he method camera.', 25, 90, 3, 15, 50,75, 'https://picsum.photos/660/691', 'Debate free will can.');
INSERT INTO recipe_meal_type(recipe_id, meal_type_id) VALUES (78, 6);
INSERT INTO recipe_tag(recipe_id, tag_id) VALUES (78, 41);
INSERT INTO recipe_tag(recipe_id, tag_id) VALUES (78, 42);
INSERT INTO recipe_tag(recipe_id, tag_id) VALUES (78, 38);
INSERT INTO recipe_tag(recipe_id, tag_id) VALUES (78, 29);
INSERT INTO recipe_equipment(recipe_id, equipment_id, num) VALUES (78, 8, 3);
INSERT INTO recipe_equipment(recipe_id, equipment_id, num) VALUES (78, 6, 4);
INSERT INTO recipe_equipment(recipe_id, equipment_id, num) VALUES (78, 11, 4);
INSERT INTO recipe_equipment(recipe_id, equipment_id, num) VALUES (78, 13, 3);
INSERT INTO recipe_cook(recipe_id, cook_id) VALUES (78, 80);
INSERT INTO recipe_cook(recipe_id, cook_id) VALUES (78, 10);
INSERT INTO recipe_cook(recipe_id, cook_id) VALUES (78, 200);
INSERT INTO recipe_cook(recipe_id, cook_id) VALUES (78, 120);
INSERT INTO recipe_cook(recipe_id, cook_id) VALUES (78, 148);
INSERT INTO recipe_cook(recipe_id, cook_id) VALUES (78, 58);
INSERT INTO recipe_cook(recipe_id, cook_id) VALUES (78, 25);
INSERT INTO recipe_cook(recipe_id, cook_id) VALUES (78, 23);
INSERT INTO recipe_cook(recipe_id, cook_id) VALUES (78, 162);
INSERT INTO recipe_cook(recipe_id, cook_id) VALUES (78, 160);
INSERT INTO recipe_cook(recipe_id, cook_id) VALUES (78, 127);
INSERT INTO recipe_cook(recipe_id, cook_id) VALUES (78, 193);
INSERT INTO recipe_cook(recipe_id, cook_id) VALUES (78, 21);
INSERT INTO recipe_cook(recipe_id, cook_id) VALUES (78, 107);
INSERT INTO recipe_cook(recipe_id, cook_id) VALUES (78, 70);
INSERT INTO recipe_cook(recipe_id, cook_id) VALUES (78, 129);
INSERT INTO recipe_cook(recipe_id, cook_id) VALUES (78, 8);
INSERT INTO recipe_cook(recipe_id, cook_id) VALUES (78, 115);
INSERT INTO recipe_cook(recipe_id, cook_id) VALUES (78, 94);
INSERT INTO recipe_cook(recipe_id, cook_id) VALUES (78, 145);
INSERT INTO recipe_cook(recipe_id, cook_id) VALUES (78, 132);
INSERT INTO recipe_cook(recipe_id, cook_id) VALUES (78, 146);
INSERT INTO recipe_cook(recipe_id, cook_id) VALUES (78, 57);
INSERT INTO recipe_cook(recipe_id, cook_id) VALUES (78, 54);
INSERT INTO recipe_cook(recipe_id, cook_id) VALUES (78, 106);
INSERT INTO recipe_cook(recipe_id, cook_id) VALUES (78, 19);
INSERT INTO recipe_cook(recipe_id, cook_id) VALUES (78, 35);
INSERT INTO recipe_cook(recipe_id, cook_id) VALUES (78, 125);
INSERT INTO recipe_cook(recipe_id, cook_id) VALUES (78, 90);
INSERT INTO recipe_cook(recipe_id, cook_id) VALUES (78, 114);
INSERT INTO recipe_cook(recipe_id, cook_id) VALUES (78, 141);
INSERT INTO recipe_cook(recipe_id, cook_id) VALUES (78, 41);
INSERT INTO recipe_cook(recipe_id, cook_id) VALUES (78, 62);
INSERT INTO recipe_cook(recipe_id, cook_id) VALUES (78, 28);
INSERT INTO recipe_cook(recipe_id, cook_id) VALUES (78, 69);
INSERT INTO recipe_cook(recipe_id, cook_id) VALUES (78, 182);
INSERT INTO recipe_cook(recipe_id, cook_id) VALUES (78, 133);
INSERT INTO recipe_cook(recipe_id, cook_id) VALUES (78, 161);
INSERT INTO recipe_cook(recipe_id, cook_id) VALUES (78, 92);
INSERT INTO recipe_cook(recipe_id, cook_id) VALUES (78, 188);
INSERT INTO recipe_cook(recipe_id, cook_id) VALUES (78, 117);
INSERT INTO recipe_cook(recipe_id, cook_id) VALUES (78, 171);
INSERT INTO recipe_cook(recipe_id, cook_id) VALUES (78, 110);
INSERT INTO recipe_cook(recipe_id, cook_id) VALUES (78, 14);
INSERT INTO recipe_cook(recipe_id, cook_id) VALUES (78, 16);
INSERT INTO recipe_cook(recipe_id, cook_id) VALUES (78, 93);
INSERT INTO recipe_cook(recipe_id, cook_id) VALUES (78, 183);
INSERT INTO recipe_cook(recipe_id, cook_id) VALUES (78, 98);
INSERT INTO recipe_cook(recipe_id, cook_id) VALUES (78, 170);
INSERT INTO recipe_cook(recipe_id, cook_id) VALUES (78, 89);
INSERT INTO recipe_cook(recipe_id, cook_id) VALUES (78, 52);
INSERT INTO recipe_cook(recipe_id, cook_id) VALUES (78, 139);
INSERT INTO recipe_cook(recipe_id, cook_id) VALUES (78, 37);
INSERT INTO recipe_cook(recipe_id, cook_id) VALUES (78, 175);
INSERT INTO recipe_cook(recipe_id, cook_id) VALUES (78, 143);
INSERT INTO recipe_cook(recipe_id, cook_id) VALUES (78, 112);
INSERT INTO recipe_cook(recipe_id, cook_id) VALUES (78, 51);
INSERT INTO recipe_cook(recipe_id, cook_id) VALUES (78, 189);
INSERT INTO recipe_cook(recipe_id, cook_id) VALUES (78, 12);
INSERT INTO recipe_cook(recipe_id, cook_id) VALUES (78, 152);
INSERT INTO recipe_cook(recipe_id, cook_id) VALUES (78, 36);
INSERT INTO recipe_cook(recipe_id, cook_id) VALUES (78, 176);
INSERT INTO recipe_cook(recipe_id, cook_id) VALUES (78, 66);
INSERT INTO recipe_cook(recipe_id, cook_id) VALUES (78, 108);
INSERT INTO recipe_cook(recipe_id, cook_id) VALUES (78, 177);
INSERT INTO recipe_cook(recipe_id, cook_id) VALUES (78, 105);
INSERT INTO recipe_cook(recipe_id, cook_id) VALUES (78, 43);
INSERT INTO recipe_cook(recipe_id, cook_id) VALUES (78, 111);
INSERT INTO recipe_cook(recipe_id, cook_id) VALUES (78, 32);
INSERT INTO recipe_cook(recipe_id, cook_id) VALUES (78, 73);
INSERT INTO recipe_cook(recipe_id, cook_id) VALUES (78, 155);
INSERT INTO recipe_cook(recipe_id, cook_id) VALUES (78, 20);
INSERT INTO recipe_cook(recipe_id, cook_id) VALUES (78, 135);
INSERT INTO recipe_cook(recipe_id, cook_id) VALUES (78, 31);
INSERT INTO recipe_cook(recipe_id, cook_id) VALUES (78, 38);
INSERT INTO recipe_cook(recipe_id, cook_id) VALUES (78, 128);
INSERT INTO recipe_cook(recipe_id, cook_id) VALUES (78, 79);
INSERT INTO recipe_cook(recipe_id, cook_id) VALUES (78, 136);
INSERT INTO recipe_cook(recipe_id, cook_id) VALUES (78, 18);
INSERT INTO recipe_cook(recipe_id, cook_id) VALUES (78, 99);
INSERT INTO recipe_cook(recipe_id, cook_id) VALUES (78, 196);
INSERT INTO recipe_cook(recipe_id, cook_id) VALUES (78, 195);
INSERT INTO recipe_cook(recipe_id, cook_id) VALUES (78, 178);
INSERT INTO recipe_cook(recipe_id, cook_id) VALUES (78, 56);
INSERT INTO recipe_cook(recipe_id, cook_id) VALUES (78, 60);
INSERT INTO recipe_cook(recipe_id, cook_id) VALUES (78, 166);
INSERT INTO recipe_cook(recipe_id, cook_id) VALUES (78, 113);
INSERT INTO recipe_cook(recipe_id, cook_id) VALUES (78, 174);
INSERT INTO recipe_cook(recipe_id, cook_id) VALUES (78, 96);
INSERT INTO recipe_cook(recipe_id, cook_id) VALUES (78, 124);
INSERT INTO recipe_cook(recipe_id, cook_id) VALUES (78, 83);
INSERT INTO recipe_cook(recipe_id, cook_id) VALUES (78, 26);
INSERT INTO recipe_cook(recipe_id, cook_id) VALUES (78, 91);
INSERT INTO recipe_cook(recipe_id, cook_id) VALUES (78, 71);
INSERT INTO recipe_cook(recipe_id, cook_id) VALUES (78, 184);
INSERT INTO recipe_cook(recipe_id, cook_id) VALUES (78, 109);
INSERT INTO recipe_cook(recipe_id, cook_id) VALUES (78, 9);
INSERT INTO recipe_cook(recipe_id, cook_id) VALUES (78, 156);
INSERT INTO recipe_cook(recipe_id, cook_id) VALUES (78, 190);
INSERT INTO recipe_cook(recipe_id, cook_id) VALUES (78, 44);
INSERT INTO recipe_cook(recipe_id, cook_id) VALUES (78, 138);
INSERT INTO recipe_cook(recipe_id, cook_id) VALUES (78, 167);
INSERT INTO recipe_cook(recipe_id, cook_id) VALUES (78, 24);
INSERT INTO recipe_cook(recipe_id, cook_id) VALUES (78, 7);
INSERT INTO recipe_cook(recipe_id, cook_id) VALUES (78, 186);
INSERT INTO recipe_cook(recipe_id, cook_id) VALUES (78, 1);
INSERT INTO recipe_cook(recipe_id, cook_id) VALUES (78, 33);
INSERT INTO recipe_cook(recipe_id, cook_id) VALUES (78, 192);
INSERT INTO recipe_theme(recipe_id, theme_id) VALUES (78, 30);
INSERT INTO recipe_theme(recipe_id, theme_id) VALUES (78, 25);
INSERT INTO recipe_tip(recipe_id, tip_id) VALUES (78, 38);
INSERT INTO recipe_tip(recipe_id, tip_id) VALUES (78, 4);

INSERT INTO recipe(baking, cuisine_id, difficulty, title, recipe_description, prep_time, cook_time, portions, fat_portion, protein_portion, carbo_portion, picture, picture_description) VALUES(1, 5, 3,'Caprese Salad', 'Response statement attack back list from poor. Top service dream range town five.', 55, 110, 3, 40, 65,0, 'https://placekitten.com/167/524', 'Order author evidence have.');
INSERT INTO recipe_meal_type(recipe_id, meal_type_id) VALUES (79, 4);
INSERT INTO recipe_tag(recipe_id, tag_id) VALUES (79, 39);
INSERT INTO recipe_tag(recipe_id, tag_id) VALUES (79, 33);
INSERT INTO recipe_tag(recipe_id, tag_id) VALUES (79, 27);
INSERT INTO recipe_tag(recipe_id, tag_id) VALUES (79, 60);
INSERT INTO recipe_tag(recipe_id, tag_id) VALUES (79, 23);
INSERT INTO recipe_equipment(recipe_id, equipment_id, num) VALUES (79, 2, 1);
INSERT INTO recipe_equipment(recipe_id, equipment_id, num) VALUES (79, 14, 3);
INSERT INTO recipe_equipment(recipe_id, equipment_id, num) VALUES (79, 16, 3);
INSERT INTO recipe_equipment(recipe_id, equipment_id, num) VALUES (79, 12, 4);
INSERT INTO recipe_equipment(recipe_id, equipment_id, num) VALUES (79, 17, 4);
INSERT INTO recipe_cook(recipe_id, cook_id) VALUES (79, 147);
INSERT INTO recipe_cook(recipe_id, cook_id) VALUES (79, 38);
INSERT INTO recipe_cook(recipe_id, cook_id) VALUES (79, 29);
INSERT INTO recipe_cook(recipe_id, cook_id) VALUES (79, 133);
INSERT INTO recipe_cook(recipe_id, cook_id) VALUES (79, 11);
INSERT INTO recipe_cook(recipe_id, cook_id) VALUES (79, 129);
INSERT INTO recipe_cook(recipe_id, cook_id) VALUES (79, 45);
INSERT INTO recipe_cook(recipe_id, cook_id) VALUES (79, 150);
INSERT INTO recipe_cook(recipe_id, cook_id) VALUES (79, 26);
INSERT INTO recipe_cook(recipe_id, cook_id) VALUES (79, 148);
INSERT INTO recipe_cook(recipe_id, cook_id) VALUES (79, 134);
INSERT INTO recipe_cook(recipe_id, cook_id) VALUES (79, 196);
INSERT INTO recipe_cook(recipe_id, cook_id) VALUES (79, 98);
INSERT INTO recipe_cook(recipe_id, cook_id) VALUES (79, 122);
INSERT INTO recipe_cook(recipe_id, cook_id) VALUES (79, 4);
INSERT INTO recipe_cook(recipe_id, cook_id) VALUES (79, 88);
INSERT INTO recipe_cook(recipe_id, cook_id) VALUES (79, 33);
INSERT INTO recipe_cook(recipe_id, cook_id) VALUES (79, 37);
INSERT INTO recipe_cook(recipe_id, cook_id) VALUES (79, 124);
INSERT INTO recipe_cook(recipe_id, cook_id) VALUES (79, 6);
INSERT INTO recipe_cook(recipe_id, cook_id) VALUES (79, 164);
INSERT INTO recipe_cook(recipe_id, cook_id) VALUES (79, 176);
INSERT INTO recipe_cook(recipe_id, cook_id) VALUES (79, 9);
INSERT INTO recipe_cook(recipe_id, cook_id) VALUES (79, 49);
INSERT INTO recipe_cook(recipe_id, cook_id) VALUES (79, 110);
INSERT INTO recipe_cook(recipe_id, cook_id) VALUES (79, 198);
INSERT INTO recipe_cook(recipe_id, cook_id) VALUES (79, 158);
INSERT INTO recipe_cook(recipe_id, cook_id) VALUES (79, 104);
INSERT INTO recipe_cook(recipe_id, cook_id) VALUES (79, 170);
INSERT INTO recipe_cook(recipe_id, cook_id) VALUES (79, 46);
INSERT INTO recipe_cook(recipe_id, cook_id) VALUES (79, 42);
INSERT INTO recipe_cook(recipe_id, cook_id) VALUES (79, 91);
INSERT INTO recipe_cook(recipe_id, cook_id) VALUES (79, 74);
INSERT INTO recipe_cook(recipe_id, cook_id) VALUES (79, 67);
INSERT INTO recipe_cook(recipe_id, cook_id) VALUES (79, 137);
INSERT INTO recipe_cook(recipe_id, cook_id) VALUES (79, 90);
INSERT INTO recipe_cook(recipe_id, cook_id) VALUES (79, 190);
INSERT INTO recipe_cook(recipe_id, cook_id) VALUES (79, 136);
INSERT INTO recipe_cook(recipe_id, cook_id) VALUES (79, 185);
INSERT INTO recipe_cook(recipe_id, cook_id) VALUES (79, 66);
INSERT INTO recipe_cook(recipe_id, cook_id) VALUES (79, 197);
INSERT INTO recipe_cook(recipe_id, cook_id) VALUES (79, 13);
INSERT INTO recipe_cook(recipe_id, cook_id) VALUES (79, 139);
INSERT INTO recipe_cook(recipe_id, cook_id) VALUES (79, 152);
INSERT INTO recipe_theme(recipe_id, theme_id) VALUES (79, 28);
INSERT INTO recipe_theme(recipe_id, theme_id) VALUES (79, 24);
INSERT INTO recipe_theme(recipe_id, theme_id) VALUES (79, 1);
INSERT INTO recipe_tip(recipe_id, tip_id) VALUES (79, 15);
INSERT INTO recipe_tip(recipe_id, tip_id) VALUES (79, 21);

INSERT INTO recipe(baking, cuisine_id, difficulty, title, recipe_description, prep_time, cook_time, portions, fat_portion, protein_portion, carbo_portion, picture, picture_description) VALUES(1, 48, 1,'Macaroni Salad', 'Available forward stand. Radio much generation measure bring interview whether. Exist middle and treat question beyond impact.', 95, 50, 5, 55, 0,25, 'https://dummyimage.com/2x29', 'Wrong already soldier if still yourself attention.');
INSERT INTO recipe_meal_type(recipe_id, meal_type_id) VALUES (80, 3);
INSERT INTO recipe_tag(recipe_id, tag_id) VALUES (80, 79);
INSERT INTO recipe_tag(recipe_id, tag_id) VALUES (80, 84);
INSERT INTO recipe_tag(recipe_id, tag_id) VALUES (80, 22);
INSERT INTO recipe_tag(recipe_id, tag_id) VALUES (80, 33);
INSERT INTO recipe_tag(recipe_id, tag_id) VALUES (80, 87);
INSERT INTO recipe_tag(recipe_id, tag_id) VALUES (80, 14);
INSERT INTO recipe_tag(recipe_id, tag_id) VALUES (80, 69);
INSERT INTO recipe_equipment(recipe_id, equipment_id, num) VALUES (80, 11, 1);
INSERT INTO recipe_equipment(recipe_id, equipment_id, num) VALUES (80, 1, 1);
INSERT INTO recipe_equipment(recipe_id, equipment_id, num) VALUES (80, 19, 1);
INSERT INTO recipe_equipment(recipe_id, equipment_id, num) VALUES (80, 5, 3);
INSERT INTO recipe_equipment(recipe_id, equipment_id, num) VALUES (80, 15, 3);
INSERT INTO recipe_equipment(recipe_id, equipment_id, num) VALUES (80, 12, 3);
INSERT INTO recipe_equipment(recipe_id, equipment_id, num) VALUES (80, 20, 3);
INSERT INTO recipe_cook(recipe_id, cook_id) VALUES (80, 63);
INSERT INTO recipe_cook(recipe_id, cook_id) VALUES (80, 137);
INSERT INTO recipe_cook(recipe_id, cook_id) VALUES (80, 135);
INSERT INTO recipe_cook(recipe_id, cook_id) VALUES (80, 195);
INSERT INTO recipe_cook(recipe_id, cook_id) VALUES (80, 122);
INSERT INTO recipe_cook(recipe_id, cook_id) VALUES (80, 53);
INSERT INTO recipe_cook(recipe_id, cook_id) VALUES (80, 96);
INSERT INTO recipe_cook(recipe_id, cook_id) VALUES (80, 85);
INSERT INTO recipe_cook(recipe_id, cook_id) VALUES (80, 142);
INSERT INTO recipe_cook(recipe_id, cook_id) VALUES (80, 28);
INSERT INTO recipe_cook(recipe_id, cook_id) VALUES (80, 113);
INSERT INTO recipe_cook(recipe_id, cook_id) VALUES (80, 173);
INSERT INTO recipe_cook(recipe_id, cook_id) VALUES (80, 181);
INSERT INTO recipe_cook(recipe_id, cook_id) VALUES (80, 58);
INSERT INTO recipe_cook(recipe_id, cook_id) VALUES (80, 98);
INSERT INTO recipe_cook(recipe_id, cook_id) VALUES (80, 13);
INSERT INTO recipe_cook(recipe_id, cook_id) VALUES (80, 112);
INSERT INTO recipe_cook(recipe_id, cook_id) VALUES (80, 45);
INSERT INTO recipe_cook(recipe_id, cook_id) VALUES (80, 109);
INSERT INTO recipe_cook(recipe_id, cook_id) VALUES (80, 143);
INSERT INTO recipe_cook(recipe_id, cook_id) VALUES (80, 156);
INSERT INTO recipe_cook(recipe_id, cook_id) VALUES (80, 191);
INSERT INTO recipe_cook(recipe_id, cook_id) VALUES (80, 124);
INSERT INTO recipe_theme(recipe_id, theme_id) VALUES (80, 15);
INSERT INTO recipe_tip(recipe_id, tip_id) VALUES (80, 33);
INSERT INTO recipe_tip(recipe_id, tip_id) VALUES (80, 40);
INSERT INTO recipe_tip(recipe_id, tip_id) VALUES (80, 21);

INSERT INTO recipe(baking, cuisine_id, difficulty, title, recipe_description, prep_time, cook_time, portions, fat_portion, protein_portion, carbo_portion, picture, picture_description) VALUES(1, 49, 4,'Chocolate Chip Cookies', 'Dream manager while very movement gas agency less. Arrive better share increase. Campaign main watch cold name. Keep room nature professional.', 95, 120, 5, 30, 55,35, 'https://placekitten.com/147/321', 'Parent friend join coach.');
INSERT INTO recipe_meal_type(recipe_id, meal_type_id) VALUES (81, 3);
INSERT INTO recipe_tag(recipe_id, tag_id) VALUES (81, 31);
INSERT INTO recipe_tag(recipe_id, tag_id) VALUES (81, 80);
INSERT INTO recipe_tag(recipe_id, tag_id) VALUES (81, 61);
INSERT INTO recipe_equipment(recipe_id, equipment_id, num) VALUES (81, 14, 4);
INSERT INTO recipe_equipment(recipe_id, equipment_id, num) VALUES (81, 5, 4);
INSERT INTO recipe_equipment(recipe_id, equipment_id, num) VALUES (81, 18, 1);
INSERT INTO recipe_equipment(recipe_id, equipment_id, num) VALUES (81, 13, 3);
INSERT INTO recipe_cook(recipe_id, cook_id) VALUES (81, 92);
INSERT INTO recipe_cook(recipe_id, cook_id) VALUES (81, 36);
INSERT INTO recipe_cook(recipe_id, cook_id) VALUES (81, 119);
INSERT INTO recipe_cook(recipe_id, cook_id) VALUES (81, 23);
INSERT INTO recipe_cook(recipe_id, cook_id) VALUES (81, 106);
INSERT INTO recipe_cook(recipe_id, cook_id) VALUES (81, 17);
INSERT INTO recipe_cook(recipe_id, cook_id) VALUES (81, 60);
INSERT INTO recipe_cook(recipe_id, cook_id) VALUES (81, 153);
INSERT INTO recipe_cook(recipe_id, cook_id) VALUES (81, 170);
INSERT INTO recipe_cook(recipe_id, cook_id) VALUES (81, 97);
INSERT INTO recipe_cook(recipe_id, cook_id) VALUES (81, 176);
INSERT INTO recipe_cook(recipe_id, cook_id) VALUES (81, 65);
INSERT INTO recipe_cook(recipe_id, cook_id) VALUES (81, 145);
INSERT INTO recipe_cook(recipe_id, cook_id) VALUES (81, 113);
INSERT INTO recipe_cook(recipe_id, cook_id) VALUES (81, 139);
INSERT INTO recipe_cook(recipe_id, cook_id) VALUES (81, 192);
INSERT INTO recipe_cook(recipe_id, cook_id) VALUES (81, 89);
INSERT INTO recipe_cook(recipe_id, cook_id) VALUES (81, 181);
INSERT INTO recipe_cook(recipe_id, cook_id) VALUES (81, 9);
INSERT INTO recipe_cook(recipe_id, cook_id) VALUES (81, 169);
INSERT INTO recipe_cook(recipe_id, cook_id) VALUES (81, 136);
INSERT INTO recipe_cook(recipe_id, cook_id) VALUES (81, 157);
INSERT INTO recipe_cook(recipe_id, cook_id) VALUES (81, 188);
INSERT INTO recipe_cook(recipe_id, cook_id) VALUES (81, 123);
INSERT INTO recipe_cook(recipe_id, cook_id) VALUES (81, 18);
INSERT INTO recipe_cook(recipe_id, cook_id) VALUES (81, 109);
INSERT INTO recipe_cook(recipe_id, cook_id) VALUES (81, 179);
INSERT INTO recipe_cook(recipe_id, cook_id) VALUES (81, 72);
INSERT INTO recipe_cook(recipe_id, cook_id) VALUES (81, 165);
INSERT INTO recipe_cook(recipe_id, cook_id) VALUES (81, 120);
INSERT INTO recipe_cook(recipe_id, cook_id) VALUES (81, 2);
INSERT INTO recipe_cook(recipe_id, cook_id) VALUES (81, 163);
INSERT INTO recipe_cook(recipe_id, cook_id) VALUES (81, 79);
INSERT INTO recipe_cook(recipe_id, cook_id) VALUES (81, 150);
INSERT INTO recipe_cook(recipe_id, cook_id) VALUES (81, 20);
INSERT INTO recipe_cook(recipe_id, cook_id) VALUES (81, 111);
INSERT INTO recipe_cook(recipe_id, cook_id) VALUES (81, 45);
INSERT INTO recipe_cook(recipe_id, cook_id) VALUES (81, 29);
INSERT INTO recipe_cook(recipe_id, cook_id) VALUES (81, 183);
INSERT INTO recipe_cook(recipe_id, cook_id) VALUES (81, 147);
INSERT INTO recipe_cook(recipe_id, cook_id) VALUES (81, 126);
INSERT INTO recipe_cook(recipe_id, cook_id) VALUES (81, 90);
INSERT INTO recipe_cook(recipe_id, cook_id) VALUES (81, 154);
INSERT INTO recipe_cook(recipe_id, cook_id) VALUES (81, 144);
INSERT INTO recipe_cook(recipe_id, cook_id) VALUES (81, 77);
INSERT INTO recipe_cook(recipe_id, cook_id) VALUES (81, 88);
INSERT INTO recipe_cook(recipe_id, cook_id) VALUES (81, 48);
INSERT INTO recipe_cook(recipe_id, cook_id) VALUES (81, 27);
INSERT INTO recipe_cook(recipe_id, cook_id) VALUES (81, 135);
INSERT INTO recipe_cook(recipe_id, cook_id) VALUES (81, 73);
INSERT INTO recipe_cook(recipe_id, cook_id) VALUES (81, 47);
INSERT INTO recipe_cook(recipe_id, cook_id) VALUES (81, 101);
INSERT INTO recipe_cook(recipe_id, cook_id) VALUES (81, 132);
INSERT INTO recipe_cook(recipe_id, cook_id) VALUES (81, 40);
INSERT INTO recipe_cook(recipe_id, cook_id) VALUES (81, 94);
INSERT INTO recipe_cook(recipe_id, cook_id) VALUES (81, 174);
INSERT INTO recipe_cook(recipe_id, cook_id) VALUES (81, 158);
INSERT INTO recipe_cook(recipe_id, cook_id) VALUES (81, 42);
INSERT INTO recipe_cook(recipe_id, cook_id) VALUES (81, 107);
INSERT INTO recipe_cook(recipe_id, cook_id) VALUES (81, 149);
INSERT INTO recipe_cook(recipe_id, cook_id) VALUES (81, 189);
INSERT INTO recipe_cook(recipe_id, cook_id) VALUES (81, 98);
INSERT INTO recipe_cook(recipe_id, cook_id) VALUES (81, 99);
INSERT INTO recipe_cook(recipe_id, cook_id) VALUES (81, 33);
INSERT INTO recipe_cook(recipe_id, cook_id) VALUES (81, 125);
INSERT INTO recipe_cook(recipe_id, cook_id) VALUES (81, 67);
INSERT INTO recipe_cook(recipe_id, cook_id) VALUES (81, 182);
INSERT INTO recipe_cook(recipe_id, cook_id) VALUES (81, 46);
INSERT INTO recipe_cook(recipe_id, cook_id) VALUES (81, 52);
INSERT INTO recipe_cook(recipe_id, cook_id) VALUES (81, 122);
INSERT INTO recipe_cook(recipe_id, cook_id) VALUES (81, 198);
INSERT INTO recipe_cook(recipe_id, cook_id) VALUES (81, 194);
INSERT INTO recipe_cook(recipe_id, cook_id) VALUES (81, 28);
INSERT INTO recipe_cook(recipe_id, cook_id) VALUES (81, 140);
INSERT INTO recipe_cook(recipe_id, cook_id) VALUES (81, 78);
INSERT INTO recipe_cook(recipe_id, cook_id) VALUES (81, 83);
INSERT INTO recipe_cook(recipe_id, cook_id) VALUES (81, 58);
INSERT INTO recipe_cook(recipe_id, cook_id) VALUES (81, 14);
INSERT INTO recipe_cook(recipe_id, cook_id) VALUES (81, 178);
INSERT INTO recipe_cook(recipe_id, cook_id) VALUES (81, 81);
INSERT INTO recipe_cook(recipe_id, cook_id) VALUES (81, 30);
INSERT INTO recipe_cook(recipe_id, cook_id) VALUES (81, 25);
INSERT INTO recipe_cook(recipe_id, cook_id) VALUES (81, 172);
INSERT INTO recipe_cook(recipe_id, cook_id) VALUES (81, 26);
INSERT INTO recipe_cook(recipe_id, cook_id) VALUES (81, 41);
INSERT INTO recipe_cook(recipe_id, cook_id) VALUES (81, 180);
INSERT INTO recipe_cook(recipe_id, cook_id) VALUES (81, 22);
INSERT INTO recipe_cook(recipe_id, cook_id) VALUES (81, 167);
INSERT INTO recipe_cook(recipe_id, cook_id) VALUES (81, 146);
INSERT INTO recipe_cook(recipe_id, cook_id) VALUES (81, 34);
INSERT INTO recipe_cook(recipe_id, cook_id) VALUES (81, 95);
INSERT INTO recipe_cook(recipe_id, cook_id) VALUES (81, 184);
INSERT INTO recipe_cook(recipe_id, cook_id) VALUES (81, 162);
INSERT INTO recipe_cook(recipe_id, cook_id) VALUES (81, 16);
INSERT INTO recipe_cook(recipe_id, cook_id) VALUES (81, 5);
INSERT INTO recipe_cook(recipe_id, cook_id) VALUES (81, 161);
INSERT INTO recipe_cook(recipe_id, cook_id) VALUES (81, 187);
INSERT INTO recipe_cook(recipe_id, cook_id) VALUES (81, 39);
INSERT INTO recipe_cook(recipe_id, cook_id) VALUES (81, 76);
INSERT INTO recipe_cook(recipe_id, cook_id) VALUES (81, 82);
INSERT INTO recipe_cook(recipe_id, cook_id) VALUES (81, 7);
INSERT INTO recipe_cook(recipe_id, cook_id) VALUES (81, 86);
INSERT INTO recipe_cook(recipe_id, cook_id) VALUES (81, 54);
INSERT INTO recipe_cook(recipe_id, cook_id) VALUES (81, 199);
INSERT INTO recipe_cook(recipe_id, cook_id) VALUES (81, 200);
INSERT INTO recipe_cook(recipe_id, cook_id) VALUES (81, 12);
INSERT INTO recipe_cook(recipe_id, cook_id) VALUES (81, 49);
INSERT INTO recipe_cook(recipe_id, cook_id) VALUES (81, 196);
INSERT INTO recipe_cook(recipe_id, cook_id) VALUES (81, 15);
INSERT INTO recipe_cook(recipe_id, cook_id) VALUES (81, 114);
INSERT INTO recipe_cook(recipe_id, cook_id) VALUES (81, 164);
INSERT INTO recipe_cook(recipe_id, cook_id) VALUES (81, 124);
INSERT INTO recipe_cook(recipe_id, cook_id) VALUES (81, 166);
INSERT INTO recipe_cook(recipe_id, cook_id) VALUES (81, 68);
INSERT INTO recipe_cook(recipe_id, cook_id) VALUES (81, 37);
INSERT INTO recipe_cook(recipe_id, cook_id) VALUES (81, 64);
INSERT INTO recipe_cook(recipe_id, cook_id) VALUES (81, 69);
INSERT INTO recipe_cook(recipe_id, cook_id) VALUES (81, 195);
INSERT INTO recipe_cook(recipe_id, cook_id) VALUES (81, 110);
INSERT INTO recipe_cook(recipe_id, cook_id) VALUES (81, 75);
INSERT INTO recipe_cook(recipe_id, cook_id) VALUES (81, 43);
INSERT INTO recipe_cook(recipe_id, cook_id) VALUES (81, 51);
INSERT INTO recipe_cook(recipe_id, cook_id) VALUES (81, 190);
INSERT INTO recipe_cook(recipe_id, cook_id) VALUES (81, 59);
INSERT INTO recipe_cook(recipe_id, cook_id) VALUES (81, 103);
INSERT INTO recipe_cook(recipe_id, cook_id) VALUES (81, 128);
INSERT INTO recipe_cook(recipe_id, cook_id) VALUES (81, 134);
INSERT INTO recipe_cook(recipe_id, cook_id) VALUES (81, 155);
INSERT INTO recipe_cook(recipe_id, cook_id) VALUES (81, 71);
INSERT INTO recipe_cook(recipe_id, cook_id) VALUES (81, 177);
INSERT INTO recipe_cook(recipe_id, cook_id) VALUES (81, 185);
INSERT INTO recipe_cook(recipe_id, cook_id) VALUES (81, 53);
INSERT INTO recipe_cook(recipe_id, cook_id) VALUES (81, 11);
INSERT INTO recipe_cook(recipe_id, cook_id) VALUES (81, 173);
INSERT INTO recipe_cook(recipe_id, cook_id) VALUES (81, 24);
INSERT INTO recipe_cook(recipe_id, cook_id) VALUES (81, 104);
INSERT INTO recipe_cook(recipe_id, cook_id) VALUES (81, 108);
INSERT INTO recipe_cook(recipe_id, cook_id) VALUES (81, 102);
INSERT INTO recipe_cook(recipe_id, cook_id) VALUES (81, 3);
INSERT INTO recipe_cook(recipe_id, cook_id) VALUES (81, 143);
INSERT INTO recipe_cook(recipe_id, cook_id) VALUES (81, 8);
INSERT INTO recipe_cook(recipe_id, cook_id) VALUES (81, 50);
INSERT INTO recipe_cook(recipe_id, cook_id) VALUES (81, 121);
INSERT INTO recipe_cook(recipe_id, cook_id) VALUES (81, 80);
INSERT INTO recipe_cook(recipe_id, cook_id) VALUES (81, 191);
INSERT INTO recipe_cook(recipe_id, cook_id) VALUES (81, 148);
INSERT INTO recipe_cook(recipe_id, cook_id) VALUES (81, 35);
INSERT INTO recipe_cook(recipe_id, cook_id) VALUES (81, 130);
INSERT INTO recipe_cook(recipe_id, cook_id) VALUES (81, 4);
INSERT INTO recipe_cook(recipe_id, cook_id) VALUES (81, 142);
INSERT INTO recipe_cook(recipe_id, cook_id) VALUES (81, 85);
INSERT INTO recipe_cook(recipe_id, cook_id) VALUES (81, 171);
INSERT INTO recipe_cook(recipe_id, cook_id) VALUES (81, 115);
INSERT INTO recipe_cook(recipe_id, cook_id) VALUES (81, 1);
INSERT INTO recipe_cook(recipe_id, cook_id) VALUES (81, 10);
INSERT INTO recipe_cook(recipe_id, cook_id) VALUES (81, 129);
INSERT INTO recipe_cook(recipe_id, cook_id) VALUES (81, 152);
INSERT INTO recipe_cook(recipe_id, cook_id) VALUES (81, 84);
INSERT INTO recipe_cook(recipe_id, cook_id) VALUES (81, 87);
INSERT INTO recipe_cook(recipe_id, cook_id) VALUES (81, 21);
INSERT INTO recipe_cook(recipe_id, cook_id) VALUES (81, 44);
INSERT INTO recipe_cook(recipe_id, cook_id) VALUES (81, 13);
INSERT INTO recipe_cook(recipe_id, cook_id) VALUES (81, 151);
INSERT INTO recipe_cook(recipe_id, cook_id) VALUES (81, 131);
INSERT INTO recipe_cook(recipe_id, cook_id) VALUES (81, 197);
INSERT INTO recipe_cook(recipe_id, cook_id) VALUES (81, 133);
INSERT INTO recipe_cook(recipe_id, cook_id) VALUES (81, 160);
INSERT INTO recipe_cook(recipe_id, cook_id) VALUES (81, 62);
INSERT INTO recipe_cook(recipe_id, cook_id) VALUES (81, 175);
INSERT INTO recipe_cook(recipe_id, cook_id) VALUES (81, 93);
INSERT INTO recipe_cook(recipe_id, cook_id) VALUES (81, 168);
INSERT INTO recipe_cook(recipe_id, cook_id) VALUES (81, 56);
INSERT INTO recipe_cook(recipe_id, cook_id) VALUES (81, 70);
INSERT INTO recipe_cook(recipe_id, cook_id) VALUES (81, 156);
INSERT INTO recipe_cook(recipe_id, cook_id) VALUES (81, 105);
INSERT INTO recipe_cook(recipe_id, cook_id) VALUES (81, 38);
INSERT INTO recipe_cook(recipe_id, cook_id) VALUES (81, 127);
INSERT INTO recipe_cook(recipe_id, cook_id) VALUES (81, 63);
INSERT INTO recipe_cook(recipe_id, cook_id) VALUES (81, 112);
INSERT INTO recipe_cook(recipe_id, cook_id) VALUES (81, 137);
INSERT INTO recipe_cook(recipe_id, cook_id) VALUES (81, 55);
INSERT INTO recipe_cook(recipe_id, cook_id) VALUES (81, 32);
INSERT INTO recipe_cook(recipe_id, cook_id) VALUES (81, 141);
INSERT INTO recipe_cook(recipe_id, cook_id) VALUES (81, 117);
INSERT INTO recipe_cook(recipe_id, cook_id) VALUES (81, 193);
INSERT INTO recipe_cook(recipe_id, cook_id) VALUES (81, 31);
INSERT INTO recipe_cook(recipe_id, cook_id) VALUES (81, 159);
INSERT INTO recipe_cook(recipe_id, cook_id) VALUES (81, 118);
INSERT INTO recipe_cook(recipe_id, cook_id) VALUES (81, 96);
INSERT INTO recipe_cook(recipe_id, cook_id) VALUES (81, 66);
INSERT INTO recipe_cook(recipe_id, cook_id) VALUES (81, 116);
INSERT INTO recipe_cook(recipe_id, cook_id) VALUES (81, 186);
INSERT INTO recipe_cook(recipe_id, cook_id) VALUES (81, 19);
INSERT INTO recipe_theme(recipe_id, theme_id) VALUES (81, 24);
INSERT INTO recipe_theme(recipe_id, theme_id) VALUES (81, 17);
INSERT INTO recipe_tip(recipe_id, tip_id) VALUES (81, 37);

INSERT INTO recipe(baking, cuisine_id, difficulty, title, recipe_description, prep_time, cook_time, portions, fat_portion, protein_portion, carbo_portion, picture, picture_description) VALUES(0, 25, 4,'Nachos', 'Detail talk accept really difficult perhaps. Box resource serve. On cause situation face wind far service. Season buy among tough include technology she.', 65, 10, 2, 55, 50,75, 'https://picsum.photos/213/701', 'Treatment pass husband break music.');
INSERT INTO recipe_meal_type(recipe_id, meal_type_id) VALUES (82, 5);
INSERT INTO recipe_tag(recipe_id, tag_id) VALUES (82, 29);
INSERT INTO recipe_tag(recipe_id, tag_id) VALUES (82, 97);
INSERT INTO recipe_tag(recipe_id, tag_id) VALUES (82, 11);
INSERT INTO recipe_equipment(recipe_id, equipment_id, num) VALUES (82, 8, 3);
INSERT INTO recipe_equipment(recipe_id, equipment_id, num) VALUES (82, 1, 1);
INSERT INTO recipe_equipment(recipe_id, equipment_id, num) VALUES (82, 6, 1);
INSERT INTO recipe_equipment(recipe_id, equipment_id, num) VALUES (82, 4, 1);
INSERT INTO recipe_cook(recipe_id, cook_id) VALUES (82, 147);
INSERT INTO recipe_cook(recipe_id, cook_id) VALUES (82, 180);
INSERT INTO recipe_cook(recipe_id, cook_id) VALUES (82, 75);
INSERT INTO recipe_cook(recipe_id, cook_id) VALUES (82, 116);
INSERT INTO recipe_cook(recipe_id, cook_id) VALUES (82, 138);
INSERT INTO recipe_cook(recipe_id, cook_id) VALUES (82, 21);
INSERT INTO recipe_cook(recipe_id, cook_id) VALUES (82, 8);
INSERT INTO recipe_cook(recipe_id, cook_id) VALUES (82, 23);
INSERT INTO recipe_cook(recipe_id, cook_id) VALUES (82, 132);
INSERT INTO recipe_cook(recipe_id, cook_id) VALUES (82, 186);
INSERT INTO recipe_cook(recipe_id, cook_id) VALUES (82, 93);
INSERT INTO recipe_cook(recipe_id, cook_id) VALUES (82, 125);
INSERT INTO recipe_cook(recipe_id, cook_id) VALUES (82, 119);
INSERT INTO recipe_cook(recipe_id, cook_id) VALUES (82, 4);
INSERT INTO recipe_cook(recipe_id, cook_id) VALUES (82, 168);
INSERT INTO recipe_cook(recipe_id, cook_id) VALUES (82, 46);
INSERT INTO recipe_cook(recipe_id, cook_id) VALUES (82, 10);
INSERT INTO recipe_cook(recipe_id, cook_id) VALUES (82, 41);
INSERT INTO recipe_cook(recipe_id, cook_id) VALUES (82, 195);
INSERT INTO recipe_cook(recipe_id, cook_id) VALUES (82, 26);
INSERT INTO recipe_cook(recipe_id, cook_id) VALUES (82, 86);
INSERT INTO recipe_cook(recipe_id, cook_id) VALUES (82, 6);
INSERT INTO recipe_cook(recipe_id, cook_id) VALUES (82, 79);
INSERT INTO recipe_cook(recipe_id, cook_id) VALUES (82, 47);
INSERT INTO recipe_cook(recipe_id, cook_id) VALUES (82, 151);
INSERT INTO recipe_cook(recipe_id, cook_id) VALUES (82, 67);
INSERT INTO recipe_cook(recipe_id, cook_id) VALUES (82, 170);
INSERT INTO recipe_cook(recipe_id, cook_id) VALUES (82, 13);
INSERT INTO recipe_cook(recipe_id, cook_id) VALUES (82, 114);
INSERT INTO recipe_cook(recipe_id, cook_id) VALUES (82, 57);
INSERT INTO recipe_cook(recipe_id, cook_id) VALUES (82, 27);
INSERT INTO recipe_cook(recipe_id, cook_id) VALUES (82, 18);
INSERT INTO recipe_cook(recipe_id, cook_id) VALUES (82, 90);
INSERT INTO recipe_cook(recipe_id, cook_id) VALUES (82, 177);
INSERT INTO recipe_cook(recipe_id, cook_id) VALUES (82, 39);
INSERT INTO recipe_cook(recipe_id, cook_id) VALUES (82, 145);
INSERT INTO recipe_cook(recipe_id, cook_id) VALUES (82, 183);
INSERT INTO recipe_cook(recipe_id, cook_id) VALUES (82, 101);
INSERT INTO recipe_cook(recipe_id, cook_id) VALUES (82, 7);
INSERT INTO recipe_cook(recipe_id, cook_id) VALUES (82, 192);
INSERT INTO recipe_cook(recipe_id, cook_id) VALUES (82, 103);
INSERT INTO recipe_cook(recipe_id, cook_id) VALUES (82, 187);
INSERT INTO recipe_cook(recipe_id, cook_id) VALUES (82, 194);
INSERT INTO recipe_cook(recipe_id, cook_id) VALUES (82, 123);
INSERT INTO recipe_cook(recipe_id, cook_id) VALUES (82, 85);
INSERT INTO recipe_cook(recipe_id, cook_id) VALUES (82, 91);
INSERT INTO recipe_cook(recipe_id, cook_id) VALUES (82, 15);
INSERT INTO recipe_cook(recipe_id, cook_id) VALUES (82, 146);
INSERT INTO recipe_cook(recipe_id, cook_id) VALUES (82, 197);
INSERT INTO recipe_cook(recipe_id, cook_id) VALUES (82, 106);
INSERT INTO recipe_cook(recipe_id, cook_id) VALUES (82, 185);
INSERT INTO recipe_cook(recipe_id, cook_id) VALUES (82, 169);
INSERT INTO recipe_cook(recipe_id, cook_id) VALUES (82, 82);
INSERT INTO recipe_cook(recipe_id, cook_id) VALUES (82, 148);
INSERT INTO recipe_cook(recipe_id, cook_id) VALUES (82, 1);
INSERT INTO recipe_cook(recipe_id, cook_id) VALUES (82, 60);
INSERT INTO recipe_cook(recipe_id, cook_id) VALUES (82, 22);
INSERT INTO recipe_cook(recipe_id, cook_id) VALUES (82, 31);
INSERT INTO recipe_cook(recipe_id, cook_id) VALUES (82, 143);
INSERT INTO recipe_cook(recipe_id, cook_id) VALUES (82, 115);
INSERT INTO recipe_cook(recipe_id, cook_id) VALUES (82, 174);
INSERT INTO recipe_cook(recipe_id, cook_id) VALUES (82, 89);
INSERT INTO recipe_cook(recipe_id, cook_id) VALUES (82, 113);
INSERT INTO recipe_cook(recipe_id, cook_id) VALUES (82, 139);
INSERT INTO recipe_cook(recipe_id, cook_id) VALUES (82, 71);
INSERT INTO recipe_cook(recipe_id, cook_id) VALUES (82, 109);
INSERT INTO recipe_cook(recipe_id, cook_id) VALUES (82, 117);
INSERT INTO recipe_cook(recipe_id, cook_id) VALUES (82, 162);
INSERT INTO recipe_cook(recipe_id, cook_id) VALUES (82, 136);
INSERT INTO recipe_cook(recipe_id, cook_id) VALUES (82, 64);
INSERT INTO recipe_cook(recipe_id, cook_id) VALUES (82, 105);
INSERT INTO recipe_cook(recipe_id, cook_id) VALUES (82, 141);
INSERT INTO recipe_cook(recipe_id, cook_id) VALUES (82, 92);
INSERT INTO recipe_cook(recipe_id, cook_id) VALUES (82, 62);
INSERT INTO recipe_cook(recipe_id, cook_id) VALUES (82, 129);
INSERT INTO recipe_cook(recipe_id, cook_id) VALUES (82, 178);
INSERT INTO recipe_cook(recipe_id, cook_id) VALUES (82, 33);
INSERT INTO recipe_cook(recipe_id, cook_id) VALUES (82, 159);
INSERT INTO recipe_cook(recipe_id, cook_id) VALUES (82, 80);
INSERT INTO recipe_cook(recipe_id, cook_id) VALUES (82, 140);
INSERT INTO recipe_cook(recipe_id, cook_id) VALUES (82, 20);
INSERT INTO recipe_cook(recipe_id, cook_id) VALUES (82, 199);
INSERT INTO recipe_cook(recipe_id, cook_id) VALUES (82, 190);
INSERT INTO recipe_cook(recipe_id, cook_id) VALUES (82, 48);
INSERT INTO recipe_cook(recipe_id, cook_id) VALUES (82, 196);
INSERT INTO recipe_cook(recipe_id, cook_id) VALUES (82, 188);
INSERT INTO recipe_cook(recipe_id, cook_id) VALUES (82, 95);
INSERT INTO recipe_cook(recipe_id, cook_id) VALUES (82, 133);
INSERT INTO recipe_cook(recipe_id, cook_id) VALUES (82, 102);
INSERT INTO recipe_cook(recipe_id, cook_id) VALUES (82, 14);
INSERT INTO recipe_cook(recipe_id, cook_id) VALUES (82, 160);
INSERT INTO recipe_cook(recipe_id, cook_id) VALUES (82, 61);
INSERT INTO recipe_cook(recipe_id, cook_id) VALUES (82, 99);
INSERT INTO recipe_cook(recipe_id, cook_id) VALUES (82, 120);
INSERT INTO recipe_cook(recipe_id, cook_id) VALUES (82, 84);
INSERT INTO recipe_cook(recipe_id, cook_id) VALUES (82, 43);
INSERT INTO recipe_cook(recipe_id, cook_id) VALUES (82, 198);
INSERT INTO recipe_cook(recipe_id, cook_id) VALUES (82, 166);
INSERT INTO recipe_cook(recipe_id, cook_id) VALUES (82, 150);
INSERT INTO recipe_cook(recipe_id, cook_id) VALUES (82, 56);
INSERT INTO recipe_cook(recipe_id, cook_id) VALUES (82, 173);
INSERT INTO recipe_cook(recipe_id, cook_id) VALUES (82, 36);
INSERT INTO recipe_cook(recipe_id, cook_id) VALUES (82, 37);
INSERT INTO recipe_cook(recipe_id, cook_id) VALUES (82, 81);
INSERT INTO recipe_cook(recipe_id, cook_id) VALUES (82, 163);
INSERT INTO recipe_cook(recipe_id, cook_id) VALUES (82, 130);
INSERT INTO recipe_cook(recipe_id, cook_id) VALUES (82, 142);
INSERT INTO recipe_cook(recipe_id, cook_id) VALUES (82, 164);
INSERT INTO recipe_cook(recipe_id, cook_id) VALUES (82, 191);
INSERT INTO recipe_cook(recipe_id, cook_id) VALUES (82, 49);
INSERT INTO recipe_cook(recipe_id, cook_id) VALUES (82, 78);
INSERT INTO recipe_cook(recipe_id, cook_id) VALUES (82, 30);
INSERT INTO recipe_cook(recipe_id, cook_id) VALUES (82, 53);
INSERT INTO recipe_cook(recipe_id, cook_id) VALUES (82, 66);
INSERT INTO recipe_cook(recipe_id, cook_id) VALUES (82, 131);
INSERT INTO recipe_cook(recipe_id, cook_id) VALUES (82, 12);
INSERT INTO recipe_cook(recipe_id, cook_id) VALUES (82, 59);
INSERT INTO recipe_cook(recipe_id, cook_id) VALUES (82, 50);
INSERT INTO recipe_cook(recipe_id, cook_id) VALUES (82, 189);
INSERT INTO recipe_cook(recipe_id, cook_id) VALUES (82, 32);
INSERT INTO recipe_cook(recipe_id, cook_id) VALUES (82, 52);
INSERT INTO recipe_cook(recipe_id, cook_id) VALUES (82, 97);
INSERT INTO recipe_cook(recipe_id, cook_id) VALUES (82, 16);
INSERT INTO recipe_cook(recipe_id, cook_id) VALUES (82, 181);
INSERT INTO recipe_cook(recipe_id, cook_id) VALUES (82, 200);
INSERT INTO recipe_cook(recipe_id, cook_id) VALUES (82, 94);
INSERT INTO recipe_cook(recipe_id, cook_id) VALUES (82, 110);
INSERT INTO recipe_cook(recipe_id, cook_id) VALUES (82, 100);
INSERT INTO recipe_cook(recipe_id, cook_id) VALUES (82, 70);
INSERT INTO recipe_cook(recipe_id, cook_id) VALUES (82, 155);
INSERT INTO recipe_cook(recipe_id, cook_id) VALUES (82, 121);
INSERT INTO recipe_cook(recipe_id, cook_id) VALUES (82, 58);
INSERT INTO recipe_cook(recipe_id, cook_id) VALUES (82, 9);
INSERT INTO recipe_cook(recipe_id, cook_id) VALUES (82, 157);
INSERT INTO recipe_cook(recipe_id, cook_id) VALUES (82, 135);
INSERT INTO recipe_cook(recipe_id, cook_id) VALUES (82, 122);
INSERT INTO recipe_cook(recipe_id, cook_id) VALUES (82, 107);
INSERT INTO recipe_cook(recipe_id, cook_id) VALUES (82, 19);
INSERT INTO recipe_cook(recipe_id, cook_id) VALUES (82, 134);
INSERT INTO recipe_cook(recipe_id, cook_id) VALUES (82, 171);
INSERT INTO recipe_cook(recipe_id, cook_id) VALUES (82, 38);
INSERT INTO recipe_cook(recipe_id, cook_id) VALUES (82, 144);
INSERT INTO recipe_cook(recipe_id, cook_id) VALUES (82, 154);
INSERT INTO recipe_cook(recipe_id, cook_id) VALUES (82, 40);
INSERT INTO recipe_cook(recipe_id, cook_id) VALUES (82, 11);
INSERT INTO recipe_cook(recipe_id, cook_id) VALUES (82, 111);
INSERT INTO recipe_cook(recipe_id, cook_id) VALUES (82, 184);
INSERT INTO recipe_cook(recipe_id, cook_id) VALUES (82, 28);
INSERT INTO recipe_cook(recipe_id, cook_id) VALUES (82, 34);
INSERT INTO recipe_cook(recipe_id, cook_id) VALUES (82, 17);
INSERT INTO recipe_cook(recipe_id, cook_id) VALUES (82, 44);
INSERT INTO recipe_cook(recipe_id, cook_id) VALUES (82, 128);
INSERT INTO recipe_cook(recipe_id, cook_id) VALUES (82, 167);
INSERT INTO recipe_cook(recipe_id, cook_id) VALUES (82, 156);
INSERT INTO recipe_cook(recipe_id, cook_id) VALUES (82, 29);
INSERT INTO recipe_cook(recipe_id, cook_id) VALUES (82, 5);
INSERT INTO recipe_cook(recipe_id, cook_id) VALUES (82, 137);
INSERT INTO recipe_cook(recipe_id, cook_id) VALUES (82, 73);
INSERT INTO recipe_cook(recipe_id, cook_id) VALUES (82, 51);
INSERT INTO recipe_cook(recipe_id, cook_id) VALUES (82, 98);
INSERT INTO recipe_cook(recipe_id, cook_id) VALUES (82, 69);
INSERT INTO recipe_cook(recipe_id, cook_id) VALUES (82, 124);
INSERT INTO recipe_theme(recipe_id, theme_id) VALUES (82, 10);
INSERT INTO recipe_theme(recipe_id, theme_id) VALUES (82, 36);
INSERT INTO recipe_tip(recipe_id, tip_id) VALUES (82, 18);
INSERT INTO recipe_tip(recipe_id, tip_id) VALUES (82, 14);
INSERT INTO recipe_tip(recipe_id, tip_id) VALUES (82, 40);

INSERT INTO recipe(baking, cuisine_id, difficulty, title, recipe_description, prep_time, cook_time, portions, fat_portion, protein_portion, carbo_portion, picture, picture_description) VALUES(0, 7, 1,'Shrimp Scampi', 'Want local practice rest yet education right. Listen yeah car soon despite television. Measure election official.', 105, 80, 1, 25, 65,60, 'https://picsum.photos/357/578', 'Bed may remember.');
INSERT INTO recipe_meal_type(recipe_id, meal_type_id) VALUES (83, 3);
INSERT INTO recipe_tag(recipe_id, tag_id) VALUES (83, 34);
INSERT INTO recipe_equipment(recipe_id, equipment_id, num) VALUES (83, 3, 3);
INSERT INTO recipe_equipment(recipe_id, equipment_id, num) VALUES (83, 11, 4);
INSERT INTO recipe_equipment(recipe_id, equipment_id, num) VALUES (83, 7, 4);
INSERT INTO recipe_equipment(recipe_id, equipment_id, num) VALUES (83, 13, 2);
INSERT INTO recipe_cook(recipe_id, cook_id) VALUES (83, 171);
INSERT INTO recipe_cook(recipe_id, cook_id) VALUES (83, 175);
INSERT INTO recipe_cook(recipe_id, cook_id) VALUES (83, 52);
INSERT INTO recipe_cook(recipe_id, cook_id) VALUES (83, 80);
INSERT INTO recipe_cook(recipe_id, cook_id) VALUES (83, 1);
INSERT INTO recipe_cook(recipe_id, cook_id) VALUES (83, 69);
INSERT INTO recipe_cook(recipe_id, cook_id) VALUES (83, 184);
INSERT INTO recipe_cook(recipe_id, cook_id) VALUES (83, 20);
INSERT INTO recipe_cook(recipe_id, cook_id) VALUES (83, 174);
INSERT INTO recipe_cook(recipe_id, cook_id) VALUES (83, 143);
INSERT INTO recipe_cook(recipe_id, cook_id) VALUES (83, 51);
INSERT INTO recipe_cook(recipe_id, cook_id) VALUES (83, 132);
INSERT INTO recipe_cook(recipe_id, cook_id) VALUES (83, 181);
INSERT INTO recipe_cook(recipe_id, cook_id) VALUES (83, 62);
INSERT INTO recipe_cook(recipe_id, cook_id) VALUES (83, 133);
INSERT INTO recipe_cook(recipe_id, cook_id) VALUES (83, 168);
INSERT INTO recipe_cook(recipe_id, cook_id) VALUES (83, 180);
INSERT INTO recipe_cook(recipe_id, cook_id) VALUES (83, 6);
INSERT INTO recipe_cook(recipe_id, cook_id) VALUES (83, 78);
INSERT INTO recipe_cook(recipe_id, cook_id) VALUES (83, 67);
INSERT INTO recipe_cook(recipe_id, cook_id) VALUES (83, 135);
INSERT INTO recipe_cook(recipe_id, cook_id) VALUES (83, 126);
INSERT INTO recipe_cook(recipe_id, cook_id) VALUES (83, 100);
INSERT INTO recipe_cook(recipe_id, cook_id) VALUES (83, 9);
INSERT INTO recipe_cook(recipe_id, cook_id) VALUES (83, 45);
INSERT INTO recipe_cook(recipe_id, cook_id) VALUES (83, 121);
INSERT INTO recipe_cook(recipe_id, cook_id) VALUES (83, 150);
INSERT INTO recipe_cook(recipe_id, cook_id) VALUES (83, 21);
INSERT INTO recipe_cook(recipe_id, cook_id) VALUES (83, 60);
INSERT INTO recipe_cook(recipe_id, cook_id) VALUES (83, 157);
INSERT INTO recipe_cook(recipe_id, cook_id) VALUES (83, 156);
INSERT INTO recipe_cook(recipe_id, cook_id) VALUES (83, 134);
INSERT INTO recipe_cook(recipe_id, cook_id) VALUES (83, 47);
INSERT INTO recipe_cook(recipe_id, cook_id) VALUES (83, 27);
INSERT INTO recipe_cook(recipe_id, cook_id) VALUES (83, 8);
INSERT INTO recipe_cook(recipe_id, cook_id) VALUES (83, 112);
INSERT INTO recipe_cook(recipe_id, cook_id) VALUES (83, 195);
INSERT INTO recipe_cook(recipe_id, cook_id) VALUES (83, 88);
INSERT INTO recipe_cook(recipe_id, cook_id) VALUES (83, 104);
INSERT INTO recipe_cook(recipe_id, cook_id) VALUES (83, 137);
INSERT INTO recipe_cook(recipe_id, cook_id) VALUES (83, 48);
INSERT INTO recipe_cook(recipe_id, cook_id) VALUES (83, 46);
INSERT INTO recipe_cook(recipe_id, cook_id) VALUES (83, 70);
INSERT INTO recipe_cook(recipe_id, cook_id) VALUES (83, 32);
INSERT INTO recipe_cook(recipe_id, cook_id) VALUES (83, 161);
INSERT INTO recipe_cook(recipe_id, cook_id) VALUES (83, 154);
INSERT INTO recipe_cook(recipe_id, cook_id) VALUES (83, 25);
INSERT INTO recipe_cook(recipe_id, cook_id) VALUES (83, 172);
INSERT INTO recipe_cook(recipe_id, cook_id) VALUES (83, 11);
INSERT INTO recipe_cook(recipe_id, cook_id) VALUES (83, 131);
INSERT INTO recipe_cook(recipe_id, cook_id) VALUES (83, 76);
INSERT INTO recipe_cook(recipe_id, cook_id) VALUES (83, 22);
INSERT INTO recipe_cook(recipe_id, cook_id) VALUES (83, 72);
INSERT INTO recipe_cook(recipe_id, cook_id) VALUES (83, 188);
INSERT INTO recipe_cook(recipe_id, cook_id) VALUES (83, 37);
INSERT INTO recipe_cook(recipe_id, cook_id) VALUES (83, 30);
INSERT INTO recipe_cook(recipe_id, cook_id) VALUES (83, 130);
INSERT INTO recipe_cook(recipe_id, cook_id) VALUES (83, 77);
INSERT INTO recipe_cook(recipe_id, cook_id) VALUES (83, 142);
INSERT INTO recipe_cook(recipe_id, cook_id) VALUES (83, 95);
INSERT INTO recipe_cook(recipe_id, cook_id) VALUES (83, 28);
INSERT INTO recipe_cook(recipe_id, cook_id) VALUES (83, 159);
INSERT INTO recipe_cook(recipe_id, cook_id) VALUES (83, 117);
INSERT INTO recipe_cook(recipe_id, cook_id) VALUES (83, 96);
INSERT INTO recipe_cook(recipe_id, cook_id) VALUES (83, 90);
INSERT INTO recipe_cook(recipe_id, cook_id) VALUES (83, 200);
INSERT INTO recipe_cook(recipe_id, cook_id) VALUES (83, 193);
INSERT INTO recipe_cook(recipe_id, cook_id) VALUES (83, 185);
INSERT INTO recipe_cook(recipe_id, cook_id) VALUES (83, 97);
INSERT INTO recipe_cook(recipe_id, cook_id) VALUES (83, 75);
INSERT INTO recipe_cook(recipe_id, cook_id) VALUES (83, 7);
INSERT INTO recipe_cook(recipe_id, cook_id) VALUES (83, 107);
INSERT INTO recipe_cook(recipe_id, cook_id) VALUES (83, 19);
INSERT INTO recipe_cook(recipe_id, cook_id) VALUES (83, 17);
INSERT INTO recipe_cook(recipe_id, cook_id) VALUES (83, 164);
INSERT INTO recipe_cook(recipe_id, cook_id) VALUES (83, 169);
INSERT INTO recipe_cook(recipe_id, cook_id) VALUES (83, 151);
INSERT INTO recipe_theme(recipe_id, theme_id) VALUES (83, 25);
INSERT INTO recipe_tip(recipe_id, tip_id) VALUES (83, 27);

INSERT INTO recipe(baking, cuisine_id, difficulty, title, recipe_description, prep_time, cook_time, portions, fat_portion, protein_portion, carbo_portion, picture, picture_description) VALUES(0, 42, 2,'French Onion Soup', 'Message answer free form walk activity suffer. Career who true listen although college. Pressure within fly commercial remember deep worker operation. After professor as threat. Scene fight watch.', 55, 30, 5, 20, 55,75, 'https://placekitten.com/39/988', 'Next move unit four now kid born.');
INSERT INTO recipe_meal_type(recipe_id, meal_type_id) VALUES (84, 1);
INSERT INTO recipe_tag(recipe_id, tag_id) VALUES (84, 51);
INSERT INTO recipe_tag(recipe_id, tag_id) VALUES (84, 86);
INSERT INTO recipe_tag(recipe_id, tag_id) VALUES (84, 5);
INSERT INTO recipe_tag(recipe_id, tag_id) VALUES (84, 12);
INSERT INTO recipe_tag(recipe_id, tag_id) VALUES (84, 70);
INSERT INTO recipe_equipment(recipe_id, equipment_id, num) VALUES (84, 10, 2);
INSERT INTO recipe_equipment(recipe_id, equipment_id, num) VALUES (84, 14, 1);
INSERT INTO recipe_equipment(recipe_id, equipment_id, num) VALUES (84, 15, 3);
INSERT INTO recipe_equipment(recipe_id, equipment_id, num) VALUES (84, 11, 3);
INSERT INTO recipe_equipment(recipe_id, equipment_id, num) VALUES (84, 12, 2);
INSERT INTO recipe_equipment(recipe_id, equipment_id, num) VALUES (84, 3, 4);
INSERT INTO recipe_equipment(recipe_id, equipment_id, num) VALUES (84, 19, 4);
INSERT INTO recipe_cook(recipe_id, cook_id) VALUES (84, 35);
INSERT INTO recipe_cook(recipe_id, cook_id) VALUES (84, 39);
INSERT INTO recipe_cook(recipe_id, cook_id) VALUES (84, 6);
INSERT INTO recipe_cook(recipe_id, cook_id) VALUES (84, 4);
INSERT INTO recipe_cook(recipe_id, cook_id) VALUES (84, 47);
INSERT INTO recipe_cook(recipe_id, cook_id) VALUES (84, 184);
INSERT INTO recipe_cook(recipe_id, cook_id) VALUES (84, 65);
INSERT INTO recipe_cook(recipe_id, cook_id) VALUES (84, 90);
INSERT INTO recipe_cook(recipe_id, cook_id) VALUES (84, 98);
INSERT INTO recipe_cook(recipe_id, cook_id) VALUES (84, 45);
INSERT INTO recipe_cook(recipe_id, cook_id) VALUES (84, 23);
INSERT INTO recipe_cook(recipe_id, cook_id) VALUES (84, 183);
INSERT INTO recipe_cook(recipe_id, cook_id) VALUES (84, 24);
INSERT INTO recipe_cook(recipe_id, cook_id) VALUES (84, 9);
INSERT INTO recipe_cook(recipe_id, cook_id) VALUES (84, 78);
INSERT INTO recipe_cook(recipe_id, cook_id) VALUES (84, 109);
INSERT INTO recipe_cook(recipe_id, cook_id) VALUES (84, 85);
INSERT INTO recipe_cook(recipe_id, cook_id) VALUES (84, 162);
INSERT INTO recipe_cook(recipe_id, cook_id) VALUES (84, 186);
INSERT INTO recipe_cook(recipe_id, cook_id) VALUES (84, 99);
INSERT INTO recipe_cook(recipe_id, cook_id) VALUES (84, 51);
INSERT INTO recipe_cook(recipe_id, cook_id) VALUES (84, 97);
INSERT INTO recipe_cook(recipe_id, cook_id) VALUES (84, 62);
INSERT INTO recipe_cook(recipe_id, cook_id) VALUES (84, 108);
INSERT INTO recipe_cook(recipe_id, cook_id) VALUES (84, 7);
INSERT INTO recipe_cook(recipe_id, cook_id) VALUES (84, 96);
INSERT INTO recipe_cook(recipe_id, cook_id) VALUES (84, 128);
INSERT INTO recipe_cook(recipe_id, cook_id) VALUES (84, 146);
INSERT INTO recipe_cook(recipe_id, cook_id) VALUES (84, 44);
INSERT INTO recipe_cook(recipe_id, cook_id) VALUES (84, 100);
INSERT INTO recipe_cook(recipe_id, cook_id) VALUES (84, 43);
INSERT INTO recipe_cook(recipe_id, cook_id) VALUES (84, 112);
INSERT INTO recipe_cook(recipe_id, cook_id) VALUES (84, 114);
INSERT INTO recipe_cook(recipe_id, cook_id) VALUES (84, 59);
INSERT INTO recipe_cook(recipe_id, cook_id) VALUES (84, 52);
INSERT INTO recipe_cook(recipe_id, cook_id) VALUES (84, 75);
INSERT INTO recipe_cook(recipe_id, cook_id) VALUES (84, 164);
INSERT INTO recipe_cook(recipe_id, cook_id) VALUES (84, 165);
INSERT INTO recipe_cook(recipe_id, cook_id) VALUES (84, 86);
INSERT INTO recipe_cook(recipe_id, cook_id) VALUES (84, 81);
INSERT INTO recipe_cook(recipe_id, cook_id) VALUES (84, 174);
INSERT INTO recipe_cook(recipe_id, cook_id) VALUES (84, 94);
INSERT INTO recipe_cook(recipe_id, cook_id) VALUES (84, 46);
INSERT INTO recipe_cook(recipe_id, cook_id) VALUES (84, 181);
INSERT INTO recipe_cook(recipe_id, cook_id) VALUES (84, 176);
INSERT INTO recipe_cook(recipe_id, cook_id) VALUES (84, 30);
INSERT INTO recipe_cook(recipe_id, cook_id) VALUES (84, 89);
INSERT INTO recipe_cook(recipe_id, cook_id) VALUES (84, 182);
INSERT INTO recipe_cook(recipe_id, cook_id) VALUES (84, 150);
INSERT INTO recipe_cook(recipe_id, cook_id) VALUES (84, 20);
INSERT INTO recipe_cook(recipe_id, cook_id) VALUES (84, 29);
INSERT INTO recipe_cook(recipe_id, cook_id) VALUES (84, 140);
INSERT INTO recipe_cook(recipe_id, cook_id) VALUES (84, 189);
INSERT INTO recipe_cook(recipe_id, cook_id) VALUES (84, 10);
INSERT INTO recipe_cook(recipe_id, cook_id) VALUES (84, 50);
INSERT INTO recipe_cook(recipe_id, cook_id) VALUES (84, 84);
INSERT INTO recipe_cook(recipe_id, cook_id) VALUES (84, 170);
INSERT INTO recipe_cook(recipe_id, cook_id) VALUES (84, 83);
INSERT INTO recipe_cook(recipe_id, cook_id) VALUES (84, 144);
INSERT INTO recipe_cook(recipe_id, cook_id) VALUES (84, 2);
INSERT INTO recipe_cook(recipe_id, cook_id) VALUES (84, 8);
INSERT INTO recipe_cook(recipe_id, cook_id) VALUES (84, 131);
INSERT INTO recipe_cook(recipe_id, cook_id) VALUES (84, 48);
INSERT INTO recipe_cook(recipe_id, cook_id) VALUES (84, 74);
INSERT INTO recipe_cook(recipe_id, cook_id) VALUES (84, 188);
INSERT INTO recipe_cook(recipe_id, cook_id) VALUES (84, 119);
INSERT INTO recipe_cook(recipe_id, cook_id) VALUES (84, 123);
INSERT INTO recipe_cook(recipe_id, cook_id) VALUES (84, 67);
INSERT INTO recipe_cook(recipe_id, cook_id) VALUES (84, 15);
INSERT INTO recipe_cook(recipe_id, cook_id) VALUES (84, 169);
INSERT INTO recipe_cook(recipe_id, cook_id) VALUES (84, 129);
INSERT INTO recipe_cook(recipe_id, cook_id) VALUES (84, 192);
INSERT INTO recipe_cook(recipe_id, cook_id) VALUES (84, 5);
INSERT INTO recipe_cook(recipe_id, cook_id) VALUES (84, 92);
INSERT INTO recipe_cook(recipe_id, cook_id) VALUES (84, 172);
INSERT INTO recipe_cook(recipe_id, cook_id) VALUES (84, 25);
INSERT INTO recipe_cook(recipe_id, cook_id) VALUES (84, 166);
INSERT INTO recipe_cook(recipe_id, cook_id) VALUES (84, 63);
INSERT INTO recipe_cook(recipe_id, cook_id) VALUES (84, 32);
INSERT INTO recipe_cook(recipe_id, cook_id) VALUES (84, 106);
INSERT INTO recipe_cook(recipe_id, cook_id) VALUES (84, 105);
INSERT INTO recipe_cook(recipe_id, cook_id) VALUES (84, 41);
INSERT INTO recipe_cook(recipe_id, cook_id) VALUES (84, 116);
INSERT INTO recipe_cook(recipe_id, cook_id) VALUES (84, 194);
INSERT INTO recipe_cook(recipe_id, cook_id) VALUES (84, 58);
INSERT INTO recipe_cook(recipe_id, cook_id) VALUES (84, 195);
INSERT INTO recipe_cook(recipe_id, cook_id) VALUES (84, 101);
INSERT INTO recipe_cook(recipe_id, cook_id) VALUES (84, 38);
INSERT INTO recipe_cook(recipe_id, cook_id) VALUES (84, 161);
INSERT INTO recipe_cook(recipe_id, cook_id) VALUES (84, 53);
INSERT INTO recipe_cook(recipe_id, cook_id) VALUES (84, 91);
INSERT INTO recipe_cook(recipe_id, cook_id) VALUES (84, 107);
INSERT INTO recipe_cook(recipe_id, cook_id) VALUES (84, 54);
INSERT INTO recipe_cook(recipe_id, cook_id) VALUES (84, 171);
INSERT INTO recipe_cook(recipe_id, cook_id) VALUES (84, 185);
INSERT INTO recipe_cook(recipe_id, cook_id) VALUES (84, 118);
INSERT INTO recipe_cook(recipe_id, cook_id) VALUES (84, 26);
INSERT INTO recipe_cook(recipe_id, cook_id) VALUES (84, 136);
INSERT INTO recipe_cook(recipe_id, cook_id) VALUES (84, 126);
INSERT INTO recipe_cook(recipe_id, cook_id) VALUES (84, 135);
INSERT INTO recipe_cook(recipe_id, cook_id) VALUES (84, 60);
INSERT INTO recipe_cook(recipe_id, cook_id) VALUES (84, 113);
INSERT INTO recipe_cook(recipe_id, cook_id) VALUES (84, 133);
INSERT INTO recipe_cook(recipe_id, cook_id) VALUES (84, 180);
INSERT INTO recipe_cook(recipe_id, cook_id) VALUES (84, 49);
INSERT INTO recipe_cook(recipe_id, cook_id) VALUES (84, 16);
INSERT INTO recipe_cook(recipe_id, cook_id) VALUES (84, 79);
INSERT INTO recipe_cook(recipe_id, cook_id) VALUES (84, 71);
INSERT INTO recipe_cook(recipe_id, cook_id) VALUES (84, 149);
INSERT INTO recipe_cook(recipe_id, cook_id) VALUES (84, 104);
INSERT INTO recipe_cook(recipe_id, cook_id) VALUES (84, 3);
INSERT INTO recipe_cook(recipe_id, cook_id) VALUES (84, 142);
INSERT INTO recipe_cook(recipe_id, cook_id) VALUES (84, 70);
INSERT INTO recipe_cook(recipe_id, cook_id) VALUES (84, 87);
INSERT INTO recipe_cook(recipe_id, cook_id) VALUES (84, 1);
INSERT INTO recipe_cook(recipe_id, cook_id) VALUES (84, 168);
INSERT INTO recipe_cook(recipe_id, cook_id) VALUES (84, 154);
INSERT INTO recipe_cook(recipe_id, cook_id) VALUES (84, 36);
INSERT INTO recipe_cook(recipe_id, cook_id) VALUES (84, 115);
INSERT INTO recipe_cook(recipe_id, cook_id) VALUES (84, 72);
INSERT INTO recipe_cook(recipe_id, cook_id) VALUES (84, 124);
INSERT INTO recipe_cook(recipe_id, cook_id) VALUES (84, 163);
INSERT INTO recipe_cook(recipe_id, cook_id) VALUES (84, 110);
INSERT INTO recipe_cook(recipe_id, cook_id) VALUES (84, 132);
INSERT INTO recipe_cook(recipe_id, cook_id) VALUES (84, 82);
INSERT INTO recipe_cook(recipe_id, cook_id) VALUES (84, 33);
INSERT INTO recipe_cook(recipe_id, cook_id) VALUES (84, 134);
INSERT INTO recipe_cook(recipe_id, cook_id) VALUES (84, 151);
INSERT INTO recipe_cook(recipe_id, cook_id) VALUES (84, 125);
INSERT INTO recipe_cook(recipe_id, cook_id) VALUES (84, 12);
INSERT INTO recipe_cook(recipe_id, cook_id) VALUES (84, 160);
INSERT INTO recipe_cook(recipe_id, cook_id) VALUES (84, 103);
INSERT INTO recipe_cook(recipe_id, cook_id) VALUES (84, 175);
INSERT INTO recipe_cook(recipe_id, cook_id) VALUES (84, 93);
INSERT INTO recipe_cook(recipe_id, cook_id) VALUES (84, 88);
INSERT INTO recipe_cook(recipe_id, cook_id) VALUES (84, 156);
INSERT INTO recipe_cook(recipe_id, cook_id) VALUES (84, 157);
INSERT INTO recipe_cook(recipe_id, cook_id) VALUES (84, 178);
INSERT INTO recipe_cook(recipe_id, cook_id) VALUES (84, 61);
INSERT INTO recipe_cook(recipe_id, cook_id) VALUES (84, 13);
INSERT INTO recipe_cook(recipe_id, cook_id) VALUES (84, 198);
INSERT INTO recipe_cook(recipe_id, cook_id) VALUES (84, 153);
INSERT INTO recipe_cook(recipe_id, cook_id) VALUES (84, 191);
INSERT INTO recipe_cook(recipe_id, cook_id) VALUES (84, 14);
INSERT INTO recipe_cook(recipe_id, cook_id) VALUES (84, 197);
INSERT INTO recipe_cook(recipe_id, cook_id) VALUES (84, 121);
INSERT INTO recipe_cook(recipe_id, cook_id) VALUES (84, 148);
INSERT INTO recipe_cook(recipe_id, cook_id) VALUES (84, 199);
INSERT INTO recipe_cook(recipe_id, cook_id) VALUES (84, 179);
INSERT INTO recipe_cook(recipe_id, cook_id) VALUES (84, 152);
INSERT INTO recipe_cook(recipe_id, cook_id) VALUES (84, 102);
INSERT INTO recipe_cook(recipe_id, cook_id) VALUES (84, 42);
INSERT INTO recipe_cook(recipe_id, cook_id) VALUES (84, 173);
INSERT INTO recipe_cook(recipe_id, cook_id) VALUES (84, 95);
INSERT INTO recipe_cook(recipe_id, cook_id) VALUES (84, 18);
INSERT INTO recipe_cook(recipe_id, cook_id) VALUES (84, 139);
INSERT INTO recipe_cook(recipe_id, cook_id) VALUES (84, 177);
INSERT INTO recipe_cook(recipe_id, cook_id) VALUES (84, 19);
INSERT INTO recipe_cook(recipe_id, cook_id) VALUES (84, 11);
INSERT INTO recipe_cook(recipe_id, cook_id) VALUES (84, 80);
INSERT INTO recipe_cook(recipe_id, cook_id) VALUES (84, 111);
INSERT INTO recipe_cook(recipe_id, cook_id) VALUES (84, 28);
INSERT INTO recipe_cook(recipe_id, cook_id) VALUES (84, 37);
INSERT INTO recipe_cook(recipe_id, cook_id) VALUES (84, 145);
INSERT INTO recipe_cook(recipe_id, cook_id) VALUES (84, 73);
INSERT INTO recipe_cook(recipe_id, cook_id) VALUES (84, 137);
INSERT INTO recipe_cook(recipe_id, cook_id) VALUES (84, 190);
INSERT INTO recipe_cook(recipe_id, cook_id) VALUES (84, 130);
INSERT INTO recipe_cook(recipe_id, cook_id) VALUES (84, 117);
INSERT INTO recipe_cook(recipe_id, cook_id) VALUES (84, 27);
INSERT INTO recipe_cook(recipe_id, cook_id) VALUES (84, 69);
INSERT INTO recipe_cook(recipe_id, cook_id) VALUES (84, 167);
INSERT INTO recipe_theme(recipe_id, theme_id) VALUES (84, 34);
INSERT INTO recipe_tip(recipe_id, tip_id) VALUES (84, 37);
INSERT INTO recipe_tip(recipe_id, tip_id) VALUES (84, 8);
INSERT INTO recipe_tip(recipe_id, tip_id) VALUES (84, 11);

INSERT INTO recipe(baking, cuisine_id, difficulty, title, recipe_description, prep_time, cook_time, portions, fat_portion, protein_portion, carbo_portion, picture, picture_description) VALUES(0, 49, 5,'Mushroom Risotto', 'Then on under state their. Property image follow method work difficult series idea. Not third oil subject effort.', 25, 90, 3, 15, 10,80, 'https://placekitten.com/743/1006', 'Mission born administration game unit seem indeed.');
INSERT INTO recipe_meal_type(recipe_id, meal_type_id) VALUES (85, 3);
INSERT INTO recipe_tag(recipe_id, tag_id) VALUES (85, 41);
INSERT INTO recipe_tag(recipe_id, tag_id) VALUES (85, 68);
INSERT INTO recipe_equipment(recipe_id, equipment_id, num) VALUES (85, 19, 2);
INSERT INTO recipe_equipment(recipe_id, equipment_id, num) VALUES (85, 12, 2);
INSERT INTO recipe_equipment(recipe_id, equipment_id, num) VALUES (85, 1, 1);
INSERT INTO recipe_equipment(recipe_id, equipment_id, num) VALUES (85, 4, 2);
INSERT INTO recipe_equipment(recipe_id, equipment_id, num) VALUES (85, 17, 1);
INSERT INTO recipe_equipment(recipe_id, equipment_id, num) VALUES (85, 15, 3);
INSERT INTO recipe_cook(recipe_id, cook_id) VALUES (85, 174);
INSERT INTO recipe_cook(recipe_id, cook_id) VALUES (85, 70);
INSERT INTO recipe_cook(recipe_id, cook_id) VALUES (85, 165);
INSERT INTO recipe_cook(recipe_id, cook_id) VALUES (85, 118);
INSERT INTO recipe_cook(recipe_id, cook_id) VALUES (85, 51);
INSERT INTO recipe_cook(recipe_id, cook_id) VALUES (85, 24);
INSERT INTO recipe_cook(recipe_id, cook_id) VALUES (85, 163);
INSERT INTO recipe_cook(recipe_id, cook_id) VALUES (85, 187);
INSERT INTO recipe_cook(recipe_id, cook_id) VALUES (85, 36);
INSERT INTO recipe_cook(recipe_id, cook_id) VALUES (85, 137);
INSERT INTO recipe_cook(recipe_id, cook_id) VALUES (85, 8);
INSERT INTO recipe_cook(recipe_id, cook_id) VALUES (85, 44);
INSERT INTO recipe_cook(recipe_id, cook_id) VALUES (85, 27);
INSERT INTO recipe_cook(recipe_id, cook_id) VALUES (85, 34);
INSERT INTO recipe_cook(recipe_id, cook_id) VALUES (85, 142);
INSERT INTO recipe_cook(recipe_id, cook_id) VALUES (85, 94);
INSERT INTO recipe_cook(recipe_id, cook_id) VALUES (85, 111);
INSERT INTO recipe_cook(recipe_id, cook_id) VALUES (85, 108);
INSERT INTO recipe_cook(recipe_id, cook_id) VALUES (85, 161);
INSERT INTO recipe_cook(recipe_id, cook_id) VALUES (85, 91);
INSERT INTO recipe_cook(recipe_id, cook_id) VALUES (85, 158);
INSERT INTO recipe_cook(recipe_id, cook_id) VALUES (85, 101);
INSERT INTO recipe_cook(recipe_id, cook_id) VALUES (85, 7);
INSERT INTO recipe_cook(recipe_id, cook_id) VALUES (85, 32);
INSERT INTO recipe_cook(recipe_id, cook_id) VALUES (85, 48);
INSERT INTO recipe_cook(recipe_id, cook_id) VALUES (85, 145);
INSERT INTO recipe_cook(recipe_id, cook_id) VALUES (85, 100);
INSERT INTO recipe_cook(recipe_id, cook_id) VALUES (85, 63);
INSERT INTO recipe_cook(recipe_id, cook_id) VALUES (85, 182);
INSERT INTO recipe_cook(recipe_id, cook_id) VALUES (85, 45);
INSERT INTO recipe_cook(recipe_id, cook_id) VALUES (85, 138);
INSERT INTO recipe_cook(recipe_id, cook_id) VALUES (85, 6);
INSERT INTO recipe_cook(recipe_id, cook_id) VALUES (85, 16);
INSERT INTO recipe_cook(recipe_id, cook_id) VALUES (85, 38);
INSERT INTO recipe_cook(recipe_id, cook_id) VALUES (85, 119);
INSERT INTO recipe_cook(recipe_id, cook_id) VALUES (85, 197);
INSERT INTO recipe_cook(recipe_id, cook_id) VALUES (85, 1);
INSERT INTO recipe_cook(recipe_id, cook_id) VALUES (85, 2);
INSERT INTO recipe_cook(recipe_id, cook_id) VALUES (85, 74);
INSERT INTO recipe_cook(recipe_id, cook_id) VALUES (85, 77);
INSERT INTO recipe_cook(recipe_id, cook_id) VALUES (85, 112);
INSERT INTO recipe_cook(recipe_id, cook_id) VALUES (85, 104);
INSERT INTO recipe_cook(recipe_id, cook_id) VALUES (85, 75);
INSERT INTO recipe_cook(recipe_id, cook_id) VALUES (85, 81);
INSERT INTO recipe_cook(recipe_id, cook_id) VALUES (85, 59);
INSERT INTO recipe_cook(recipe_id, cook_id) VALUES (85, 35);
INSERT INTO recipe_cook(recipe_id, cook_id) VALUES (85, 156);
INSERT INTO recipe_cook(recipe_id, cook_id) VALUES (85, 46);
INSERT INTO recipe_cook(recipe_id, cook_id) VALUES (85, 149);
INSERT INTO recipe_cook(recipe_id, cook_id) VALUES (85, 173);
INSERT INTO recipe_cook(recipe_id, cook_id) VALUES (85, 168);
INSERT INTO recipe_cook(recipe_id, cook_id) VALUES (85, 175);
INSERT INTO recipe_cook(recipe_id, cook_id) VALUES (85, 96);
INSERT INTO recipe_cook(recipe_id, cook_id) VALUES (85, 162);
INSERT INTO recipe_theme(recipe_id, theme_id) VALUES (85, 13);
INSERT INTO recipe_tip(recipe_id, tip_id) VALUES (85, 9);
INSERT INTO recipe_tip(recipe_id, tip_id) VALUES (85, 29);

INSERT INTO recipe(baking, cuisine_id, difficulty, title, recipe_description, prep_time, cook_time, portions, fat_portion, protein_portion, carbo_portion, picture, picture_description) VALUES(0, 23, 1,'Omelette', 'Your central job whatever often computer. Condition in white artist letter five. East appear bank citizen action idea black stage. Property such she remain my easy.', 25, 60, 2, 0, 30,0, 'https://dummyimage.com/476x261', 'Mean floor clearly one law almost ago.');
INSERT INTO recipe_meal_type(recipe_id, meal_type_id) VALUES (86, 6);
INSERT INTO recipe_tag(recipe_id, tag_id) VALUES (86, 64);
INSERT INTO recipe_tag(recipe_id, tag_id) VALUES (86, 84);
INSERT INTO recipe_tag(recipe_id, tag_id) VALUES (86, 48);
INSERT INTO recipe_equipment(recipe_id, equipment_id, num) VALUES (86, 17, 3);
INSERT INTO recipe_equipment(recipe_id, equipment_id, num) VALUES (86, 1, 4);
INSERT INTO recipe_equipment(recipe_id, equipment_id, num) VALUES (86, 10, 4);
INSERT INTO recipe_equipment(recipe_id, equipment_id, num) VALUES (86, 20, 1);
INSERT INTO recipe_cook(recipe_id, cook_id) VALUES (86, 137);
INSERT INTO recipe_cook(recipe_id, cook_id) VALUES (86, 3);
INSERT INTO recipe_cook(recipe_id, cook_id) VALUES (86, 104);
INSERT INTO recipe_cook(recipe_id, cook_id) VALUES (86, 88);
INSERT INTO recipe_cook(recipe_id, cook_id) VALUES (86, 27);
INSERT INTO recipe_cook(recipe_id, cook_id) VALUES (86, 110);
INSERT INTO recipe_cook(recipe_id, cook_id) VALUES (86, 11);
INSERT INTO recipe_cook(recipe_id, cook_id) VALUES (86, 76);
INSERT INTO recipe_cook(recipe_id, cook_id) VALUES (86, 67);
INSERT INTO recipe_cook(recipe_id, cook_id) VALUES (86, 74);
INSERT INTO recipe_cook(recipe_id, cook_id) VALUES (86, 103);
INSERT INTO recipe_cook(recipe_id, cook_id) VALUES (86, 17);
INSERT INTO recipe_cook(recipe_id, cook_id) VALUES (86, 199);
INSERT INTO recipe_cook(recipe_id, cook_id) VALUES (86, 133);
INSERT INTO recipe_cook(recipe_id, cook_id) VALUES (86, 30);
INSERT INTO recipe_cook(recipe_id, cook_id) VALUES (86, 79);
INSERT INTO recipe_cook(recipe_id, cook_id) VALUES (86, 163);
INSERT INTO recipe_cook(recipe_id, cook_id) VALUES (86, 132);
INSERT INTO recipe_cook(recipe_id, cook_id) VALUES (86, 175);
INSERT INTO recipe_cook(recipe_id, cook_id) VALUES (86, 161);
INSERT INTO recipe_cook(recipe_id, cook_id) VALUES (86, 63);
INSERT INTO recipe_cook(recipe_id, cook_id) VALUES (86, 45);
INSERT INTO recipe_cook(recipe_id, cook_id) VALUES (86, 28);
INSERT INTO recipe_cook(recipe_id, cook_id) VALUES (86, 177);
INSERT INTO recipe_cook(recipe_id, cook_id) VALUES (86, 83);
INSERT INTO recipe_cook(recipe_id, cook_id) VALUES (86, 186);
INSERT INTO recipe_cook(recipe_id, cook_id) VALUES (86, 145);
INSERT INTO recipe_cook(recipe_id, cook_id) VALUES (86, 75);
INSERT INTO recipe_cook(recipe_id, cook_id) VALUES (86, 7);
INSERT INTO recipe_cook(recipe_id, cook_id) VALUES (86, 22);
INSERT INTO recipe_cook(recipe_id, cook_id) VALUES (86, 64);
INSERT INTO recipe_cook(recipe_id, cook_id) VALUES (86, 29);
INSERT INTO recipe_cook(recipe_id, cook_id) VALUES (86, 158);
INSERT INTO recipe_cook(recipe_id, cook_id) VALUES (86, 6);
INSERT INTO recipe_cook(recipe_id, cook_id) VALUES (86, 146);
INSERT INTO recipe_cook(recipe_id, cook_id) VALUES (86, 72);
INSERT INTO recipe_cook(recipe_id, cook_id) VALUES (86, 117);
INSERT INTO recipe_cook(recipe_id, cook_id) VALUES (86, 66);
INSERT INTO recipe_cook(recipe_id, cook_id) VALUES (86, 96);
INSERT INTO recipe_cook(recipe_id, cook_id) VALUES (86, 55);
INSERT INTO recipe_cook(recipe_id, cook_id) VALUES (86, 20);
INSERT INTO recipe_cook(recipe_id, cook_id) VALUES (86, 86);
INSERT INTO recipe_cook(recipe_id, cook_id) VALUES (86, 31);
INSERT INTO recipe_cook(recipe_id, cook_id) VALUES (86, 125);
INSERT INTO recipe_cook(recipe_id, cook_id) VALUES (86, 44);
INSERT INTO recipe_cook(recipe_id, cook_id) VALUES (86, 136);
INSERT INTO recipe_cook(recipe_id, cook_id) VALUES (86, 166);
INSERT INTO recipe_cook(recipe_id, cook_id) VALUES (86, 165);
INSERT INTO recipe_cook(recipe_id, cook_id) VALUES (86, 108);
INSERT INTO recipe_cook(recipe_id, cook_id) VALUES (86, 102);
INSERT INTO recipe_cook(recipe_id, cook_id) VALUES (86, 2);
INSERT INTO recipe_cook(recipe_id, cook_id) VALUES (86, 179);
INSERT INTO recipe_cook(recipe_id, cook_id) VALUES (86, 139);
INSERT INTO recipe_cook(recipe_id, cook_id) VALUES (86, 128);
INSERT INTO recipe_cook(recipe_id, cook_id) VALUES (86, 105);
INSERT INTO recipe_cook(recipe_id, cook_id) VALUES (86, 109);
INSERT INTO recipe_cook(recipe_id, cook_id) VALUES (86, 129);
INSERT INTO recipe_cook(recipe_id, cook_id) VALUES (86, 1);
INSERT INTO recipe_cook(recipe_id, cook_id) VALUES (86, 144);
INSERT INTO recipe_cook(recipe_id, cook_id) VALUES (86, 156);
INSERT INTO recipe_cook(recipe_id, cook_id) VALUES (86, 37);
INSERT INTO recipe_cook(recipe_id, cook_id) VALUES (86, 54);
INSERT INTO recipe_cook(recipe_id, cook_id) VALUES (86, 143);
INSERT INTO recipe_cook(recipe_id, cook_id) VALUES (86, 172);
INSERT INTO recipe_cook(recipe_id, cook_id) VALUES (86, 50);
INSERT INTO recipe_cook(recipe_id, cook_id) VALUES (86, 100);
INSERT INTO recipe_cook(recipe_id, cook_id) VALUES (86, 192);
INSERT INTO recipe_cook(recipe_id, cook_id) VALUES (86, 154);
INSERT INTO recipe_cook(recipe_id, cook_id) VALUES (86, 10);
INSERT INTO recipe_cook(recipe_id, cook_id) VALUES (86, 138);
INSERT INTO recipe_cook(recipe_id, cook_id) VALUES (86, 106);
INSERT INTO recipe_theme(recipe_id, theme_id) VALUES (86, 26);
INSERT INTO recipe_theme(recipe_id, theme_id) VALUES (86, 6);
INSERT INTO recipe_theme(recipe_id, theme_id) VALUES (86, 15);
INSERT INTO recipe_tip(recipe_id, tip_id) VALUES (86, 17);
INSERT INTO recipe_tip(recipe_id, tip_id) VALUES (86, 13);
INSERT INTO recipe_tip(recipe_id, tip_id) VALUES (86, 18);

INSERT INTO recipe(baking, cuisine_id, difficulty, title, recipe_description, prep_time, cook_time, portions, fat_portion, protein_portion, carbo_portion, picture, picture_description) VALUES(0, 36, 2,'Falafel', 'Degree size magazine decade. Surface sing send with.', 85, 20, 2, 30, 40,55, 'https://dummyimage.com/927x567', 'Carry never current third throughout involve.');
INSERT INTO recipe_meal_type(recipe_id, meal_type_id) VALUES (87, 3);
INSERT INTO recipe_tag(recipe_id, tag_id) VALUES (87, 17);
INSERT INTO recipe_tag(recipe_id, tag_id) VALUES (87, 67);
INSERT INTO recipe_tag(recipe_id, tag_id) VALUES (87, 6);
INSERT INTO recipe_tag(recipe_id, tag_id) VALUES (87, 69);
INSERT INTO recipe_tag(recipe_id, tag_id) VALUES (87, 38);
INSERT INTO recipe_equipment(recipe_id, equipment_id, num) VALUES (87, 18, 2);
INSERT INTO recipe_equipment(recipe_id, equipment_id, num) VALUES (87, 12, 4);
INSERT INTO recipe_equipment(recipe_id, equipment_id, num) VALUES (87, 1, 3);
INSERT INTO recipe_equipment(recipe_id, equipment_id, num) VALUES (87, 9, 3);
INSERT INTO recipe_cook(recipe_id, cook_id) VALUES (87, 156);
INSERT INTO recipe_cook(recipe_id, cook_id) VALUES (87, 82);
INSERT INTO recipe_cook(recipe_id, cook_id) VALUES (87, 192);
INSERT INTO recipe_cook(recipe_id, cook_id) VALUES (87, 17);
INSERT INTO recipe_cook(recipe_id, cook_id) VALUES (87, 51);
INSERT INTO recipe_cook(recipe_id, cook_id) VALUES (87, 8);
INSERT INTO recipe_cook(recipe_id, cook_id) VALUES (87, 16);
INSERT INTO recipe_cook(recipe_id, cook_id) VALUES (87, 41);
INSERT INTO recipe_cook(recipe_id, cook_id) VALUES (87, 184);
INSERT INTO recipe_cook(recipe_id, cook_id) VALUES (87, 63);
INSERT INTO recipe_cook(recipe_id, cook_id) VALUES (87, 28);
INSERT INTO recipe_cook(recipe_id, cook_id) VALUES (87, 189);
INSERT INTO recipe_cook(recipe_id, cook_id) VALUES (87, 195);
INSERT INTO recipe_cook(recipe_id, cook_id) VALUES (87, 157);
INSERT INTO recipe_cook(recipe_id, cook_id) VALUES (87, 33);
INSERT INTO recipe_cook(recipe_id, cook_id) VALUES (87, 146);
INSERT INTO recipe_cook(recipe_id, cook_id) VALUES (87, 136);
INSERT INTO recipe_cook(recipe_id, cook_id) VALUES (87, 12);
INSERT INTO recipe_cook(recipe_id, cook_id) VALUES (87, 133);
INSERT INTO recipe_cook(recipe_id, cook_id) VALUES (87, 115);
INSERT INTO recipe_cook(recipe_id, cook_id) VALUES (87, 183);
INSERT INTO recipe_cook(recipe_id, cook_id) VALUES (87, 22);
INSERT INTO recipe_cook(recipe_id, cook_id) VALUES (87, 168);
INSERT INTO recipe_cook(recipe_id, cook_id) VALUES (87, 6);
INSERT INTO recipe_cook(recipe_id, cook_id) VALUES (87, 103);
INSERT INTO recipe_cook(recipe_id, cook_id) VALUES (87, 86);
INSERT INTO recipe_cook(recipe_id, cook_id) VALUES (87, 54);
INSERT INTO recipe_cook(recipe_id, cook_id) VALUES (87, 84);
INSERT INTO recipe_cook(recipe_id, cook_id) VALUES (87, 117);
INSERT INTO recipe_cook(recipe_id, cook_id) VALUES (87, 43);
INSERT INTO recipe_cook(recipe_id, cook_id) VALUES (87, 27);
INSERT INTO recipe_cook(recipe_id, cook_id) VALUES (87, 39);
INSERT INTO recipe_cook(recipe_id, cook_id) VALUES (87, 89);
INSERT INTO recipe_cook(recipe_id, cook_id) VALUES (87, 76);
INSERT INTO recipe_cook(recipe_id, cook_id) VALUES (87, 7);
INSERT INTO recipe_cook(recipe_id, cook_id) VALUES (87, 122);
INSERT INTO recipe_cook(recipe_id, cook_id) VALUES (87, 64);
INSERT INTO recipe_cook(recipe_id, cook_id) VALUES (87, 158);
INSERT INTO recipe_cook(recipe_id, cook_id) VALUES (87, 127);
INSERT INTO recipe_cook(recipe_id, cook_id) VALUES (87, 42);
INSERT INTO recipe_cook(recipe_id, cook_id) VALUES (87, 68);
INSERT INTO recipe_cook(recipe_id, cook_id) VALUES (87, 34);
INSERT INTO recipe_cook(recipe_id, cook_id) VALUES (87, 71);
INSERT INTO recipe_cook(recipe_id, cook_id) VALUES (87, 48);
INSERT INTO recipe_cook(recipe_id, cook_id) VALUES (87, 3);
INSERT INTO recipe_cook(recipe_id, cook_id) VALUES (87, 102);
INSERT INTO recipe_cook(recipe_id, cook_id) VALUES (87, 88);
INSERT INTO recipe_cook(recipe_id, cook_id) VALUES (87, 162);
INSERT INTO recipe_cook(recipe_id, cook_id) VALUES (87, 138);
INSERT INTO recipe_cook(recipe_id, cook_id) VALUES (87, 169);
INSERT INTO recipe_cook(recipe_id, cook_id) VALUES (87, 128);
INSERT INTO recipe_cook(recipe_id, cook_id) VALUES (87, 70);
INSERT INTO recipe_cook(recipe_id, cook_id) VALUES (87, 149);
INSERT INTO recipe_cook(recipe_id, cook_id) VALUES (87, 52);
INSERT INTO recipe_cook(recipe_id, cook_id) VALUES (87, 171);
INSERT INTO recipe_cook(recipe_id, cook_id) VALUES (87, 143);
INSERT INTO recipe_cook(recipe_id, cook_id) VALUES (87, 182);
INSERT INTO recipe_cook(recipe_id, cook_id) VALUES (87, 81);
INSERT INTO recipe_cook(recipe_id, cook_id) VALUES (87, 132);
INSERT INTO recipe_cook(recipe_id, cook_id) VALUES (87, 106);
INSERT INTO recipe_cook(recipe_id, cook_id) VALUES (87, 80);
INSERT INTO recipe_cook(recipe_id, cook_id) VALUES (87, 175);
INSERT INTO recipe_cook(recipe_id, cook_id) VALUES (87, 65);
INSERT INTO recipe_cook(recipe_id, cook_id) VALUES (87, 196);
INSERT INTO recipe_cook(recipe_id, cook_id) VALUES (87, 20);
INSERT INTO recipe_cook(recipe_id, cook_id) VALUES (87, 26);
INSERT INTO recipe_cook(recipe_id, cook_id) VALUES (87, 134);
INSERT INTO recipe_cook(recipe_id, cook_id) VALUES (87, 150);
INSERT INTO recipe_cook(recipe_id, cook_id) VALUES (87, 179);
INSERT INTO recipe_cook(recipe_id, cook_id) VALUES (87, 116);
INSERT INTO recipe_cook(recipe_id, cook_id) VALUES (87, 62);
INSERT INTO recipe_cook(recipe_id, cook_id) VALUES (87, 72);
INSERT INTO recipe_cook(recipe_id, cook_id) VALUES (87, 118);
INSERT INTO recipe_cook(recipe_id, cook_id) VALUES (87, 79);
INSERT INTO recipe_cook(recipe_id, cook_id) VALUES (87, 101);
INSERT INTO recipe_cook(recipe_id, cook_id) VALUES (87, 15);
INSERT INTO recipe_cook(recipe_id, cook_id) VALUES (87, 1);
INSERT INTO recipe_cook(recipe_id, cook_id) VALUES (87, 170);
INSERT INTO recipe_cook(recipe_id, cook_id) VALUES (87, 185);
INSERT INTO recipe_cook(recipe_id, cook_id) VALUES (87, 66);
INSERT INTO recipe_cook(recipe_id, cook_id) VALUES (87, 67);
INSERT INTO recipe_cook(recipe_id, cook_id) VALUES (87, 178);
INSERT INTO recipe_cook(recipe_id, cook_id) VALUES (87, 161);
INSERT INTO recipe_cook(recipe_id, cook_id) VALUES (87, 140);
INSERT INTO recipe_cook(recipe_id, cook_id) VALUES (87, 74);
INSERT INTO recipe_cook(recipe_id, cook_id) VALUES (87, 164);
INSERT INTO recipe_cook(recipe_id, cook_id) VALUES (87, 100);
INSERT INTO recipe_cook(recipe_id, cook_id) VALUES (87, 186);
INSERT INTO recipe_cook(recipe_id, cook_id) VALUES (87, 104);
INSERT INTO recipe_cook(recipe_id, cook_id) VALUES (87, 105);
INSERT INTO recipe_cook(recipe_id, cook_id) VALUES (87, 123);
INSERT INTO recipe_cook(recipe_id, cook_id) VALUES (87, 148);
INSERT INTO recipe_cook(recipe_id, cook_id) VALUES (87, 154);
INSERT INTO recipe_cook(recipe_id, cook_id) VALUES (87, 198);
INSERT INTO recipe_cook(recipe_id, cook_id) VALUES (87, 173);
INSERT INTO recipe_cook(recipe_id, cook_id) VALUES (87, 121);
INSERT INTO recipe_cook(recipe_id, cook_id) VALUES (87, 96);
INSERT INTO recipe_cook(recipe_id, cook_id) VALUES (87, 119);
INSERT INTO recipe_cook(recipe_id, cook_id) VALUES (87, 145);
INSERT INTO recipe_cook(recipe_id, cook_id) VALUES (87, 139);
INSERT INTO recipe_cook(recipe_id, cook_id) VALUES (87, 78);
INSERT INTO recipe_cook(recipe_id, cook_id) VALUES (87, 98);
INSERT INTO recipe_cook(recipe_id, cook_id) VALUES (87, 144);
INSERT INTO recipe_cook(recipe_id, cook_id) VALUES (87, 58);
INSERT INTO recipe_cook(recipe_id, cook_id) VALUES (87, 142);
INSERT INTO recipe_cook(recipe_id, cook_id) VALUES (87, 21);
INSERT INTO recipe_cook(recipe_id, cook_id) VALUES (87, 32);
INSERT INTO recipe_cook(recipe_id, cook_id) VALUES (87, 165);
INSERT INTO recipe_cook(recipe_id, cook_id) VALUES (87, 11);
INSERT INTO recipe_cook(recipe_id, cook_id) VALUES (87, 36);
INSERT INTO recipe_cook(recipe_id, cook_id) VALUES (87, 31);
INSERT INTO recipe_cook(recipe_id, cook_id) VALUES (87, 47);
INSERT INTO recipe_cook(recipe_id, cook_id) VALUES (87, 90);
INSERT INTO recipe_cook(recipe_id, cook_id) VALUES (87, 187);
INSERT INTO recipe_cook(recipe_id, cook_id) VALUES (87, 40);
INSERT INTO recipe_cook(recipe_id, cook_id) VALUES (87, 92);
INSERT INTO recipe_cook(recipe_id, cook_id) VALUES (87, 94);
INSERT INTO recipe_cook(recipe_id, cook_id) VALUES (87, 19);
INSERT INTO recipe_cook(recipe_id, cook_id) VALUES (87, 125);
INSERT INTO recipe_cook(recipe_id, cook_id) VALUES (87, 49);
INSERT INTO recipe_cook(recipe_id, cook_id) VALUES (87, 108);
INSERT INTO recipe_cook(recipe_id, cook_id) VALUES (87, 181);
INSERT INTO recipe_cook(recipe_id, cook_id) VALUES (87, 69);
INSERT INTO recipe_cook(recipe_id, cook_id) VALUES (87, 137);
INSERT INTO recipe_cook(recipe_id, cook_id) VALUES (87, 56);
INSERT INTO recipe_cook(recipe_id, cook_id) VALUES (87, 87);
INSERT INTO recipe_cook(recipe_id, cook_id) VALUES (87, 5);
INSERT INTO recipe_cook(recipe_id, cook_id) VALUES (87, 191);
INSERT INTO recipe_cook(recipe_id, cook_id) VALUES (87, 38);
INSERT INTO recipe_cook(recipe_id, cook_id) VALUES (87, 45);
INSERT INTO recipe_cook(recipe_id, cook_id) VALUES (87, 14);
INSERT INTO recipe_cook(recipe_id, cook_id) VALUES (87, 174);
INSERT INTO recipe_cook(recipe_id, cook_id) VALUES (87, 13);
INSERT INTO recipe_cook(recipe_id, cook_id) VALUES (87, 85);
INSERT INTO recipe_cook(recipe_id, cook_id) VALUES (87, 129);
INSERT INTO recipe_cook(recipe_id, cook_id) VALUES (87, 29);
INSERT INTO recipe_cook(recipe_id, cook_id) VALUES (87, 120);
INSERT INTO recipe_cook(recipe_id, cook_id) VALUES (87, 75);
INSERT INTO recipe_cook(recipe_id, cook_id) VALUES (87, 57);
INSERT INTO recipe_cook(recipe_id, cook_id) VALUES (87, 44);
INSERT INTO recipe_cook(recipe_id, cook_id) VALUES (87, 159);
INSERT INTO recipe_cook(recipe_id, cook_id) VALUES (87, 124);
INSERT INTO recipe_cook(recipe_id, cook_id) VALUES (87, 97);
INSERT INTO recipe_cook(recipe_id, cook_id) VALUES (87, 4);
INSERT INTO recipe_cook(recipe_id, cook_id) VALUES (87, 60);
INSERT INTO recipe_cook(recipe_id, cook_id) VALUES (87, 180);
INSERT INTO recipe_cook(recipe_id, cook_id) VALUES (87, 176);
INSERT INTO recipe_cook(recipe_id, cook_id) VALUES (87, 113);
INSERT INTO recipe_cook(recipe_id, cook_id) VALUES (87, 147);
INSERT INTO recipe_cook(recipe_id, cook_id) VALUES (87, 53);
INSERT INTO recipe_cook(recipe_id, cook_id) VALUES (87, 167);
INSERT INTO recipe_cook(recipe_id, cook_id) VALUES (87, 130);
INSERT INTO recipe_cook(recipe_id, cook_id) VALUES (87, 107);
INSERT INTO recipe_cook(recipe_id, cook_id) VALUES (87, 112);
INSERT INTO recipe_cook(recipe_id, cook_id) VALUES (87, 35);
INSERT INTO recipe_cook(recipe_id, cook_id) VALUES (87, 18);
INSERT INTO recipe_cook(recipe_id, cook_id) VALUES (87, 83);
INSERT INTO recipe_cook(recipe_id, cook_id) VALUES (87, 190);
INSERT INTO recipe_cook(recipe_id, cook_id) VALUES (87, 126);
INSERT INTO recipe_cook(recipe_id, cook_id) VALUES (87, 110);
INSERT INTO recipe_cook(recipe_id, cook_id) VALUES (87, 55);
INSERT INTO recipe_cook(recipe_id, cook_id) VALUES (87, 77);
INSERT INTO recipe_cook(recipe_id, cook_id) VALUES (87, 166);
INSERT INTO recipe_cook(recipe_id, cook_id) VALUES (87, 59);
INSERT INTO recipe_cook(recipe_id, cook_id) VALUES (87, 163);
INSERT INTO recipe_cook(recipe_id, cook_id) VALUES (87, 152);
INSERT INTO recipe_cook(recipe_id, cook_id) VALUES (87, 193);
INSERT INTO recipe_cook(recipe_id, cook_id) VALUES (87, 177);
INSERT INTO recipe_cook(recipe_id, cook_id) VALUES (87, 111);
INSERT INTO recipe_theme(recipe_id, theme_id) VALUES (87, 26);
INSERT INTO recipe_theme(recipe_id, theme_id) VALUES (87, 30);
INSERT INTO recipe_tip(recipe_id, tip_id) VALUES (87, 19);

INSERT INTO recipe(baking, cuisine_id, difficulty, title, recipe_description, prep_time, cook_time, portions, fat_portion, protein_portion, carbo_portion, picture, picture_description) VALUES(0, 28, 2,'Tomato Basil Soup', 'Wall low party agreement agent agent. Official especially nation thousand note leg.', 65, 60, 2, 15, 0,5, 'https://picsum.photos/353/970', 'Air either anyone any let player.');
INSERT INTO recipe_meal_type(recipe_id, meal_type_id) VALUES (88, 5);
INSERT INTO recipe_tag(recipe_id, tag_id) VALUES (88, 35);
INSERT INTO recipe_tag(recipe_id, tag_id) VALUES (88, 22);
INSERT INTO recipe_tag(recipe_id, tag_id) VALUES (88, 71);
INSERT INTO recipe_tag(recipe_id, tag_id) VALUES (88, 72);
INSERT INTO recipe_equipment(recipe_id, equipment_id, num) VALUES (88, 4, 3);
INSERT INTO recipe_equipment(recipe_id, equipment_id, num) VALUES (88, 16, 2);
INSERT INTO recipe_equipment(recipe_id, equipment_id, num) VALUES (88, 7, 3);
INSERT INTO recipe_equipment(recipe_id, equipment_id, num) VALUES (88, 13, 2);
INSERT INTO recipe_cook(recipe_id, cook_id) VALUES (88, 106);
INSERT INTO recipe_cook(recipe_id, cook_id) VALUES (88, 140);
INSERT INTO recipe_cook(recipe_id, cook_id) VALUES (88, 117);
INSERT INTO recipe_cook(recipe_id, cook_id) VALUES (88, 198);
INSERT INTO recipe_cook(recipe_id, cook_id) VALUES (88, 76);
INSERT INTO recipe_cook(recipe_id, cook_id) VALUES (88, 20);
INSERT INTO recipe_cook(recipe_id, cook_id) VALUES (88, 30);
INSERT INTO recipe_cook(recipe_id, cook_id) VALUES (88, 153);
INSERT INTO recipe_cook(recipe_id, cook_id) VALUES (88, 118);
INSERT INTO recipe_cook(recipe_id, cook_id) VALUES (88, 45);
INSERT INTO recipe_cook(recipe_id, cook_id) VALUES (88, 178);
INSERT INTO recipe_cook(recipe_id, cook_id) VALUES (88, 28);
INSERT INTO recipe_cook(recipe_id, cook_id) VALUES (88, 115);
INSERT INTO recipe_cook(recipe_id, cook_id) VALUES (88, 116);
INSERT INTO recipe_cook(recipe_id, cook_id) VALUES (88, 77);
INSERT INTO recipe_cook(recipe_id, cook_id) VALUES (88, 109);
INSERT INTO recipe_cook(recipe_id, cook_id) VALUES (88, 86);
INSERT INTO recipe_cook(recipe_id, cook_id) VALUES (88, 114);
INSERT INTO recipe_cook(recipe_id, cook_id) VALUES (88, 65);
INSERT INTO recipe_cook(recipe_id, cook_id) VALUES (88, 103);
INSERT INTO recipe_cook(recipe_id, cook_id) VALUES (88, 64);
INSERT INTO recipe_cook(recipe_id, cook_id) VALUES (88, 57);
INSERT INTO recipe_cook(recipe_id, cook_id) VALUES (88, 21);
INSERT INTO recipe_cook(recipe_id, cook_id) VALUES (88, 137);
INSERT INTO recipe_cook(recipe_id, cook_id) VALUES (88, 15);
INSERT INTO recipe_cook(recipe_id, cook_id) VALUES (88, 4);
INSERT INTO recipe_cook(recipe_id, cook_id) VALUES (88, 101);
INSERT INTO recipe_cook(recipe_id, cook_id) VALUES (88, 136);
INSERT INTO recipe_cook(recipe_id, cook_id) VALUES (88, 111);
INSERT INTO recipe_cook(recipe_id, cook_id) VALUES (88, 141);
INSERT INTO recipe_cook(recipe_id, cook_id) VALUES (88, 119);
INSERT INTO recipe_cook(recipe_id, cook_id) VALUES (88, 167);
INSERT INTO recipe_cook(recipe_id, cook_id) VALUES (88, 97);
INSERT INTO recipe_cook(recipe_id, cook_id) VALUES (88, 94);
INSERT INTO recipe_cook(recipe_id, cook_id) VALUES (88, 120);
INSERT INTO recipe_cook(recipe_id, cook_id) VALUES (88, 112);
INSERT INTO recipe_cook(recipe_id, cook_id) VALUES (88, 34);
INSERT INTO recipe_cook(recipe_id, cook_id) VALUES (88, 13);
INSERT INTO recipe_cook(recipe_id, cook_id) VALUES (88, 191);
INSERT INTO recipe_cook(recipe_id, cook_id) VALUES (88, 105);
INSERT INTO recipe_cook(recipe_id, cook_id) VALUES (88, 187);
INSERT INTO recipe_cook(recipe_id, cook_id) VALUES (88, 40);
INSERT INTO recipe_cook(recipe_id, cook_id) VALUES (88, 131);
INSERT INTO recipe_cook(recipe_id, cook_id) VALUES (88, 175);
INSERT INTO recipe_cook(recipe_id, cook_id) VALUES (88, 6);
INSERT INTO recipe_cook(recipe_id, cook_id) VALUES (88, 59);
INSERT INTO recipe_cook(recipe_id, cook_id) VALUES (88, 151);
INSERT INTO recipe_cook(recipe_id, cook_id) VALUES (88, 11);
INSERT INTO recipe_cook(recipe_id, cook_id) VALUES (88, 78);
INSERT INTO recipe_cook(recipe_id, cook_id) VALUES (88, 194);
INSERT INTO recipe_cook(recipe_id, cook_id) VALUES (88, 149);
INSERT INTO recipe_cook(recipe_id, cook_id) VALUES (88, 12);
INSERT INTO recipe_cook(recipe_id, cook_id) VALUES (88, 169);
INSERT INTO recipe_cook(recipe_id, cook_id) VALUES (88, 79);
INSERT INTO recipe_cook(recipe_id, cook_id) VALUES (88, 143);
INSERT INTO recipe_cook(recipe_id, cook_id) VALUES (88, 14);
INSERT INTO recipe_cook(recipe_id, cook_id) VALUES (88, 172);
INSERT INTO recipe_cook(recipe_id, cook_id) VALUES (88, 176);
INSERT INTO recipe_cook(recipe_id, cook_id) VALUES (88, 2);
INSERT INTO recipe_cook(recipe_id, cook_id) VALUES (88, 26);
INSERT INTO recipe_cook(recipe_id, cook_id) VALUES (88, 22);
INSERT INTO recipe_cook(recipe_id, cook_id) VALUES (88, 9);
INSERT INTO recipe_cook(recipe_id, cook_id) VALUES (88, 19);
INSERT INTO recipe_cook(recipe_id, cook_id) VALUES (88, 196);
INSERT INTO recipe_cook(recipe_id, cook_id) VALUES (88, 168);
INSERT INTO recipe_cook(recipe_id, cook_id) VALUES (88, 146);
INSERT INTO recipe_cook(recipe_id, cook_id) VALUES (88, 3);
INSERT INTO recipe_cook(recipe_id, cook_id) VALUES (88, 93);
INSERT INTO recipe_cook(recipe_id, cook_id) VALUES (88, 184);
INSERT INTO recipe_cook(recipe_id, cook_id) VALUES (88, 81);
INSERT INTO recipe_cook(recipe_id, cook_id) VALUES (88, 99);
INSERT INTO recipe_cook(recipe_id, cook_id) VALUES (88, 186);
INSERT INTO recipe_cook(recipe_id, cook_id) VALUES (88, 142);
INSERT INTO recipe_cook(recipe_id, cook_id) VALUES (88, 108);
INSERT INTO recipe_cook(recipe_id, cook_id) VALUES (88, 29);
INSERT INTO recipe_cook(recipe_id, cook_id) VALUES (88, 130);
INSERT INTO recipe_cook(recipe_id, cook_id) VALUES (88, 160);
INSERT INTO recipe_cook(recipe_id, cook_id) VALUES (88, 33);
INSERT INTO recipe_cook(recipe_id, cook_id) VALUES (88, 113);
INSERT INTO recipe_cook(recipe_id, cook_id) VALUES (88, 69);
INSERT INTO recipe_cook(recipe_id, cook_id) VALUES (88, 148);
INSERT INTO recipe_cook(recipe_id, cook_id) VALUES (88, 88);
INSERT INTO recipe_cook(recipe_id, cook_id) VALUES (88, 41);
INSERT INTO recipe_cook(recipe_id, cook_id) VALUES (88, 150);
INSERT INTO recipe_cook(recipe_id, cook_id) VALUES (88, 10);
INSERT INTO recipe_cook(recipe_id, cook_id) VALUES (88, 82);
INSERT INTO recipe_cook(recipe_id, cook_id) VALUES (88, 183);
INSERT INTO recipe_cook(recipe_id, cook_id) VALUES (88, 181);
INSERT INTO recipe_cook(recipe_id, cook_id) VALUES (88, 60);
INSERT INTO recipe_cook(recipe_id, cook_id) VALUES (88, 174);
INSERT INTO recipe_cook(recipe_id, cook_id) VALUES (88, 177);
INSERT INTO recipe_cook(recipe_id, cook_id) VALUES (88, 152);
INSERT INTO recipe_cook(recipe_id, cook_id) VALUES (88, 35);
INSERT INTO recipe_cook(recipe_id, cook_id) VALUES (88, 39);
INSERT INTO recipe_cook(recipe_id, cook_id) VALUES (88, 49);
INSERT INTO recipe_cook(recipe_id, cook_id) VALUES (88, 75);
INSERT INTO recipe_cook(recipe_id, cook_id) VALUES (88, 159);
INSERT INTO recipe_cook(recipe_id, cook_id) VALUES (88, 128);
INSERT INTO recipe_cook(recipe_id, cook_id) VALUES (88, 154);
INSERT INTO recipe_cook(recipe_id, cook_id) VALUES (88, 193);
INSERT INTO recipe_cook(recipe_id, cook_id) VALUES (88, 200);
INSERT INTO recipe_cook(recipe_id, cook_id) VALUES (88, 110);
INSERT INTO recipe_cook(recipe_id, cook_id) VALUES (88, 52);
INSERT INTO recipe_cook(recipe_id, cook_id) VALUES (88, 157);
INSERT INTO recipe_cook(recipe_id, cook_id) VALUES (88, 189);
INSERT INTO recipe_cook(recipe_id, cook_id) VALUES (88, 100);
INSERT INTO recipe_cook(recipe_id, cook_id) VALUES (88, 161);
INSERT INTO recipe_cook(recipe_id, cook_id) VALUES (88, 68);
INSERT INTO recipe_cook(recipe_id, cook_id) VALUES (88, 55);
INSERT INTO recipe_cook(recipe_id, cook_id) VALUES (88, 67);
INSERT INTO recipe_cook(recipe_id, cook_id) VALUES (88, 48);
INSERT INTO recipe_cook(recipe_id, cook_id) VALUES (88, 32);
INSERT INTO recipe_cook(recipe_id, cook_id) VALUES (88, 54);
INSERT INTO recipe_cook(recipe_id, cook_id) VALUES (88, 91);
INSERT INTO recipe_cook(recipe_id, cook_id) VALUES (88, 51);
INSERT INTO recipe_cook(recipe_id, cook_id) VALUES (88, 158);
INSERT INTO recipe_cook(recipe_id, cook_id) VALUES (88, 46);
INSERT INTO recipe_cook(recipe_id, cook_id) VALUES (88, 162);
INSERT INTO recipe_cook(recipe_id, cook_id) VALUES (88, 138);
INSERT INTO recipe_cook(recipe_id, cook_id) VALUES (88, 42);
INSERT INTO recipe_cook(recipe_id, cook_id) VALUES (88, 25);
INSERT INTO recipe_cook(recipe_id, cook_id) VALUES (88, 53);
INSERT INTO recipe_cook(recipe_id, cook_id) VALUES (88, 63);
INSERT INTO recipe_cook(recipe_id, cook_id) VALUES (88, 18);
INSERT INTO recipe_cook(recipe_id, cook_id) VALUES (88, 84);
INSERT INTO recipe_cook(recipe_id, cook_id) VALUES (88, 173);
INSERT INTO recipe_cook(recipe_id, cook_id) VALUES (88, 156);
INSERT INTO recipe_cook(recipe_id, cook_id) VALUES (88, 70);
INSERT INTO recipe_cook(recipe_id, cook_id) VALUES (88, 24);
INSERT INTO recipe_cook(recipe_id, cook_id) VALUES (88, 125);
INSERT INTO recipe_cook(recipe_id, cook_id) VALUES (88, 195);
INSERT INTO recipe_cook(recipe_id, cook_id) VALUES (88, 185);
INSERT INTO recipe_cook(recipe_id, cook_id) VALUES (88, 58);
INSERT INTO recipe_cook(recipe_id, cook_id) VALUES (88, 165);
INSERT INTO recipe_cook(recipe_id, cook_id) VALUES (88, 164);
INSERT INTO recipe_cook(recipe_id, cook_id) VALUES (88, 61);
INSERT INTO recipe_cook(recipe_id, cook_id) VALUES (88, 95);
INSERT INTO recipe_cook(recipe_id, cook_id) VALUES (88, 62);
INSERT INTO recipe_cook(recipe_id, cook_id) VALUES (88, 102);
INSERT INTO recipe_cook(recipe_id, cook_id) VALUES (88, 182);
INSERT INTO recipe_cook(recipe_id, cook_id) VALUES (88, 43);
INSERT INTO recipe_cook(recipe_id, cook_id) VALUES (88, 66);
INSERT INTO recipe_cook(recipe_id, cook_id) VALUES (88, 38);
INSERT INTO recipe_cook(recipe_id, cook_id) VALUES (88, 17);
INSERT INTO recipe_cook(recipe_id, cook_id) VALUES (88, 171);
INSERT INTO recipe_cook(recipe_id, cook_id) VALUES (88, 132);
INSERT INTO recipe_cook(recipe_id, cook_id) VALUES (88, 163);
INSERT INTO recipe_cook(recipe_id, cook_id) VALUES (88, 71);
INSERT INTO recipe_cook(recipe_id, cook_id) VALUES (88, 123);
INSERT INTO recipe_cook(recipe_id, cook_id) VALUES (88, 134);
INSERT INTO recipe_cook(recipe_id, cook_id) VALUES (88, 126);
INSERT INTO recipe_cook(recipe_id, cook_id) VALUES (88, 129);
INSERT INTO recipe_cook(recipe_id, cook_id) VALUES (88, 74);
INSERT INTO recipe_cook(recipe_id, cook_id) VALUES (88, 127);
INSERT INTO recipe_cook(recipe_id, cook_id) VALUES (88, 145);
INSERT INTO recipe_cook(recipe_id, cook_id) VALUES (88, 85);
INSERT INTO recipe_cook(recipe_id, cook_id) VALUES (88, 36);
INSERT INTO recipe_cook(recipe_id, cook_id) VALUES (88, 197);
INSERT INTO recipe_cook(recipe_id, cook_id) VALUES (88, 23);
INSERT INTO recipe_cook(recipe_id, cook_id) VALUES (88, 27);
INSERT INTO recipe_cook(recipe_id, cook_id) VALUES (88, 192);
INSERT INTO recipe_cook(recipe_id, cook_id) VALUES (88, 56);
INSERT INTO recipe_cook(recipe_id, cook_id) VALUES (88, 87);
INSERT INTO recipe_cook(recipe_id, cook_id) VALUES (88, 179);
INSERT INTO recipe_cook(recipe_id, cook_id) VALUES (88, 170);
INSERT INTO recipe_cook(recipe_id, cook_id) VALUES (88, 147);
INSERT INTO recipe_cook(recipe_id, cook_id) VALUES (88, 155);
INSERT INTO recipe_cook(recipe_id, cook_id) VALUES (88, 73);
INSERT INTO recipe_cook(recipe_id, cook_id) VALUES (88, 5);
INSERT INTO recipe_cook(recipe_id, cook_id) VALUES (88, 90);
INSERT INTO recipe_cook(recipe_id, cook_id) VALUES (88, 96);
INSERT INTO recipe_cook(recipe_id, cook_id) VALUES (88, 89);
INSERT INTO recipe_cook(recipe_id, cook_id) VALUES (88, 16);
INSERT INTO recipe_cook(recipe_id, cook_id) VALUES (88, 180);
INSERT INTO recipe_cook(recipe_id, cook_id) VALUES (88, 92);
INSERT INTO recipe_cook(recipe_id, cook_id) VALUES (88, 72);
INSERT INTO recipe_cook(recipe_id, cook_id) VALUES (88, 124);
INSERT INTO recipe_cook(recipe_id, cook_id) VALUES (88, 47);
INSERT INTO recipe_theme(recipe_id, theme_id) VALUES (88, 1);
INSERT INTO recipe_tip(recipe_id, tip_id) VALUES (88, 18);
INSERT INTO recipe_tip(recipe_id, tip_id) VALUES (88, 4);

INSERT INTO recipe(baking, cuisine_id, difficulty, title, recipe_description, prep_time, cook_time, portions, fat_portion, protein_portion, carbo_portion, picture, picture_description) VALUES(0, 2, 4,'Huevos Rancheros', 'System single occur above true rest. Center high they. Hope school picture product fall best. Action important kind writer strategy measure economic.', 25, 110, 5, 25, 40,5, 'https://dummyimage.com/609x391', 'Instead trial direction natural ask answer then.');
INSERT INTO recipe_meal_type(recipe_id, meal_type_id) VALUES (89, 3);
INSERT INTO recipe_tag(recipe_id, tag_id) VALUES (89, 67);
INSERT INTO recipe_tag(recipe_id, tag_id) VALUES (89, 84);
INSERT INTO recipe_tag(recipe_id, tag_id) VALUES (89, 40);
INSERT INTO recipe_tag(recipe_id, tag_id) VALUES (89, 16);
INSERT INTO recipe_tag(recipe_id, tag_id) VALUES (89, 87);
INSERT INTO recipe_tag(recipe_id, tag_id) VALUES (89, 94);
INSERT INTO recipe_equipment(recipe_id, equipment_id, num) VALUES (89, 8, 3);
INSERT INTO recipe_equipment(recipe_id, equipment_id, num) VALUES (89, 7, 2);
INSERT INTO recipe_equipment(recipe_id, equipment_id, num) VALUES (89, 5, 1);
INSERT INTO recipe_equipment(recipe_id, equipment_id, num) VALUES (89, 18, 1);
INSERT INTO recipe_equipment(recipe_id, equipment_id, num) VALUES (89, 16, 3);
INSERT INTO recipe_cook(recipe_id, cook_id) VALUES (89, 56);
INSERT INTO recipe_cook(recipe_id, cook_id) VALUES (89, 72);
INSERT INTO recipe_cook(recipe_id, cook_id) VALUES (89, 137);
INSERT INTO recipe_cook(recipe_id, cook_id) VALUES (89, 110);
INSERT INTO recipe_cook(recipe_id, cook_id) VALUES (89, 2);
INSERT INTO recipe_cook(recipe_id, cook_id) VALUES (89, 65);
INSERT INTO recipe_cook(recipe_id, cook_id) VALUES (89, 140);
INSERT INTO recipe_cook(recipe_id, cook_id) VALUES (89, 145);
INSERT INTO recipe_cook(recipe_id, cook_id) VALUES (89, 100);
INSERT INTO recipe_cook(recipe_id, cook_id) VALUES (89, 33);
INSERT INTO recipe_cook(recipe_id, cook_id) VALUES (89, 199);
INSERT INTO recipe_cook(recipe_id, cook_id) VALUES (89, 45);
INSERT INTO recipe_cook(recipe_id, cook_id) VALUES (89, 122);
INSERT INTO recipe_cook(recipe_id, cook_id) VALUES (89, 31);
INSERT INTO recipe_cook(recipe_id, cook_id) VALUES (89, 82);
INSERT INTO recipe_cook(recipe_id, cook_id) VALUES (89, 61);
INSERT INTO recipe_cook(recipe_id, cook_id) VALUES (89, 26);
INSERT INTO recipe_cook(recipe_id, cook_id) VALUES (89, 101);
INSERT INTO recipe_cook(recipe_id, cook_id) VALUES (89, 46);
INSERT INTO recipe_cook(recipe_id, cook_id) VALUES (89, 181);
INSERT INTO recipe_cook(recipe_id, cook_id) VALUES (89, 22);
INSERT INTO recipe_cook(recipe_id, cook_id) VALUES (89, 27);
INSERT INTO recipe_cook(recipe_id, cook_id) VALUES (89, 86);
INSERT INTO recipe_cook(recipe_id, cook_id) VALUES (89, 42);
INSERT INTO recipe_cook(recipe_id, cook_id) VALUES (89, 15);
INSERT INTO recipe_cook(recipe_id, cook_id) VALUES (89, 40);
INSERT INTO recipe_cook(recipe_id, cook_id) VALUES (89, 14);
INSERT INTO recipe_cook(recipe_id, cook_id) VALUES (89, 68);
INSERT INTO recipe_cook(recipe_id, cook_id) VALUES (89, 149);
INSERT INTO recipe_cook(recipe_id, cook_id) VALUES (89, 157);
INSERT INTO recipe_cook(recipe_id, cook_id) VALUES (89, 47);
INSERT INTO recipe_cook(recipe_id, cook_id) VALUES (89, 70);
INSERT INTO recipe_cook(recipe_id, cook_id) VALUES (89, 174);
INSERT INTO recipe_cook(recipe_id, cook_id) VALUES (89, 114);
INSERT INTO recipe_cook(recipe_id, cook_id) VALUES (89, 107);
INSERT INTO recipe_cook(recipe_id, cook_id) VALUES (89, 67);
INSERT INTO recipe_cook(recipe_id, cook_id) VALUES (89, 10);
INSERT INTO recipe_cook(recipe_id, cook_id) VALUES (89, 121);
INSERT INTO recipe_cook(recipe_id, cook_id) VALUES (89, 190);
INSERT INTO recipe_cook(recipe_id, cook_id) VALUES (89, 105);
INSERT INTO recipe_cook(recipe_id, cook_id) VALUES (89, 48);
INSERT INTO recipe_cook(recipe_id, cook_id) VALUES (89, 188);
INSERT INTO recipe_cook(recipe_id, cook_id) VALUES (89, 152);
INSERT INTO recipe_cook(recipe_id, cook_id) VALUES (89, 193);
INSERT INTO recipe_cook(recipe_id, cook_id) VALUES (89, 166);
INSERT INTO recipe_cook(recipe_id, cook_id) VALUES (89, 195);
INSERT INTO recipe_cook(recipe_id, cook_id) VALUES (89, 118);
INSERT INTO recipe_cook(recipe_id, cook_id) VALUES (89, 133);
INSERT INTO recipe_cook(recipe_id, cook_id) VALUES (89, 159);
INSERT INTO recipe_cook(recipe_id, cook_id) VALUES (89, 106);
INSERT INTO recipe_cook(recipe_id, cook_id) VALUES (89, 120);
INSERT INTO recipe_cook(recipe_id, cook_id) VALUES (89, 170);
INSERT INTO recipe_cook(recipe_id, cook_id) VALUES (89, 24);
INSERT INTO recipe_cook(recipe_id, cook_id) VALUES (89, 163);
INSERT INTO recipe_cook(recipe_id, cook_id) VALUES (89, 11);
INSERT INTO recipe_cook(recipe_id, cook_id) VALUES (89, 131);
INSERT INTO recipe_cook(recipe_id, cook_id) VALUES (89, 180);
INSERT INTO recipe_cook(recipe_id, cook_id) VALUES (89, 69);
INSERT INTO recipe_cook(recipe_id, cook_id) VALUES (89, 81);
INSERT INTO recipe_cook(recipe_id, cook_id) VALUES (89, 3);
INSERT INTO recipe_cook(recipe_id, cook_id) VALUES (89, 130);
INSERT INTO recipe_cook(recipe_id, cook_id) VALUES (89, 192);
INSERT INTO recipe_cook(recipe_id, cook_id) VALUES (89, 115);
INSERT INTO recipe_cook(recipe_id, cook_id) VALUES (89, 9);
INSERT INTO recipe_cook(recipe_id, cook_id) VALUES (89, 156);
INSERT INTO recipe_cook(recipe_id, cook_id) VALUES (89, 191);
INSERT INTO recipe_cook(recipe_id, cook_id) VALUES (89, 62);
INSERT INTO recipe_cook(recipe_id, cook_id) VALUES (89, 134);
INSERT INTO recipe_cook(recipe_id, cook_id) VALUES (89, 49);
INSERT INTO recipe_cook(recipe_id, cook_id) VALUES (89, 28);
INSERT INTO recipe_cook(recipe_id, cook_id) VALUES (89, 198);
INSERT INTO recipe_cook(recipe_id, cook_id) VALUES (89, 51);
INSERT INTO recipe_cook(recipe_id, cook_id) VALUES (89, 175);
INSERT INTO recipe_cook(recipe_id, cook_id) VALUES (89, 184);
INSERT INTO recipe_cook(recipe_id, cook_id) VALUES (89, 43);
INSERT INTO recipe_cook(recipe_id, cook_id) VALUES (89, 58);
INSERT INTO recipe_cook(recipe_id, cook_id) VALUES (89, 79);
INSERT INTO recipe_cook(recipe_id, cook_id) VALUES (89, 104);
INSERT INTO recipe_cook(recipe_id, cook_id) VALUES (89, 186);
INSERT INTO recipe_cook(recipe_id, cook_id) VALUES (89, 176);
INSERT INTO recipe_cook(recipe_id, cook_id) VALUES (89, 90);
INSERT INTO recipe_cook(recipe_id, cook_id) VALUES (89, 177);
INSERT INTO recipe_cook(recipe_id, cook_id) VALUES (89, 34);
INSERT INTO recipe_cook(recipe_id, cook_id) VALUES (89, 29);
INSERT INTO recipe_cook(recipe_id, cook_id) VALUES (89, 59);
INSERT INTO recipe_cook(recipe_id, cook_id) VALUES (89, 146);
INSERT INTO recipe_cook(recipe_id, cook_id) VALUES (89, 160);
INSERT INTO recipe_cook(recipe_id, cook_id) VALUES (89, 77);
INSERT INTO recipe_cook(recipe_id, cook_id) VALUES (89, 13);
INSERT INTO recipe_cook(recipe_id, cook_id) VALUES (89, 36);
INSERT INTO recipe_cook(recipe_id, cook_id) VALUES (89, 132);
INSERT INTO recipe_cook(recipe_id, cook_id) VALUES (89, 92);
INSERT INTO recipe_cook(recipe_id, cook_id) VALUES (89, 87);
INSERT INTO recipe_cook(recipe_id, cook_id) VALUES (89, 151);
INSERT INTO recipe_cook(recipe_id, cook_id) VALUES (89, 123);
INSERT INTO recipe_cook(recipe_id, cook_id) VALUES (89, 148);
INSERT INTO recipe_cook(recipe_id, cook_id) VALUES (89, 169);
INSERT INTO recipe_cook(recipe_id, cook_id) VALUES (89, 30);
INSERT INTO recipe_cook(recipe_id, cook_id) VALUES (89, 179);
INSERT INTO recipe_cook(recipe_id, cook_id) VALUES (89, 76);
INSERT INTO recipe_cook(recipe_id, cook_id) VALUES (89, 1);
INSERT INTO recipe_cook(recipe_id, cook_id) VALUES (89, 41);
INSERT INTO recipe_cook(recipe_id, cook_id) VALUES (89, 35);
INSERT INTO recipe_cook(recipe_id, cook_id) VALUES (89, 74);
INSERT INTO recipe_cook(recipe_id, cook_id) VALUES (89, 112);
INSERT INTO recipe_cook(recipe_id, cook_id) VALUES (89, 88);
INSERT INTO recipe_cook(recipe_id, cook_id) VALUES (89, 95);
INSERT INTO recipe_cook(recipe_id, cook_id) VALUES (89, 136);
INSERT INTO recipe_cook(recipe_id, cook_id) VALUES (89, 183);
INSERT INTO recipe_cook(recipe_id, cook_id) VALUES (89, 165);
INSERT INTO recipe_cook(recipe_id, cook_id) VALUES (89, 7);
INSERT INTO recipe_cook(recipe_id, cook_id) VALUES (89, 194);
INSERT INTO recipe_cook(recipe_id, cook_id) VALUES (89, 38);
INSERT INTO recipe_cook(recipe_id, cook_id) VALUES (89, 93);
INSERT INTO recipe_cook(recipe_id, cook_id) VALUES (89, 185);
INSERT INTO recipe_cook(recipe_id, cook_id) VALUES (89, 196);
INSERT INTO recipe_cook(recipe_id, cook_id) VALUES (89, 52);
INSERT INTO recipe_cook(recipe_id, cook_id) VALUES (89, 128);
INSERT INTO recipe_cook(recipe_id, cook_id) VALUES (89, 99);
INSERT INTO recipe_cook(recipe_id, cook_id) VALUES (89, 182);
INSERT INTO recipe_cook(recipe_id, cook_id) VALUES (89, 171);
INSERT INTO recipe_cook(recipe_id, cook_id) VALUES (89, 178);
INSERT INTO recipe_cook(recipe_id, cook_id) VALUES (89, 50);
INSERT INTO recipe_cook(recipe_id, cook_id) VALUES (89, 32);
INSERT INTO recipe_cook(recipe_id, cook_id) VALUES (89, 154);
INSERT INTO recipe_cook(recipe_id, cook_id) VALUES (89, 98);
INSERT INTO recipe_cook(recipe_id, cook_id) VALUES (89, 19);
INSERT INTO recipe_cook(recipe_id, cook_id) VALUES (89, 85);
INSERT INTO recipe_cook(recipe_id, cook_id) VALUES (89, 147);
INSERT INTO recipe_cook(recipe_id, cook_id) VALUES (89, 158);
INSERT INTO recipe_cook(recipe_id, cook_id) VALUES (89, 97);
INSERT INTO recipe_cook(recipe_id, cook_id) VALUES (89, 168);
INSERT INTO recipe_cook(recipe_id, cook_id) VALUES (89, 54);
INSERT INTO recipe_cook(recipe_id, cook_id) VALUES (89, 84);
INSERT INTO recipe_cook(recipe_id, cook_id) VALUES (89, 8);
INSERT INTO recipe_cook(recipe_id, cook_id) VALUES (89, 119);
INSERT INTO recipe_cook(recipe_id, cook_id) VALUES (89, 103);
INSERT INTO recipe_cook(recipe_id, cook_id) VALUES (89, 200);
INSERT INTO recipe_cook(recipe_id, cook_id) VALUES (89, 113);
INSERT INTO recipe_cook(recipe_id, cook_id) VALUES (89, 172);
INSERT INTO recipe_cook(recipe_id, cook_id) VALUES (89, 71);
INSERT INTO recipe_cook(recipe_id, cook_id) VALUES (89, 53);
INSERT INTO recipe_cook(recipe_id, cook_id) VALUES (89, 16);
INSERT INTO recipe_cook(recipe_id, cook_id) VALUES (89, 111);
INSERT INTO recipe_cook(recipe_id, cook_id) VALUES (89, 64);
INSERT INTO recipe_cook(recipe_id, cook_id) VALUES (89, 108);
INSERT INTO recipe_cook(recipe_id, cook_id) VALUES (89, 189);
INSERT INTO recipe_cook(recipe_id, cook_id) VALUES (89, 143);
INSERT INTO recipe_cook(recipe_id, cook_id) VALUES (89, 144);
INSERT INTO recipe_cook(recipe_id, cook_id) VALUES (89, 127);
INSERT INTO recipe_cook(recipe_id, cook_id) VALUES (89, 117);
INSERT INTO recipe_cook(recipe_id, cook_id) VALUES (89, 197);
INSERT INTO recipe_cook(recipe_id, cook_id) VALUES (89, 139);
INSERT INTO recipe_cook(recipe_id, cook_id) VALUES (89, 21);
INSERT INTO recipe_cook(recipe_id, cook_id) VALUES (89, 116);
INSERT INTO recipe_cook(recipe_id, cook_id) VALUES (89, 187);
INSERT INTO recipe_cook(recipe_id, cook_id) VALUES (89, 78);
INSERT INTO recipe_cook(recipe_id, cook_id) VALUES (89, 150);
INSERT INTO recipe_cook(recipe_id, cook_id) VALUES (89, 109);
INSERT INTO recipe_cook(recipe_id, cook_id) VALUES (89, 142);
INSERT INTO recipe_cook(recipe_id, cook_id) VALUES (89, 83);
INSERT INTO recipe_cook(recipe_id, cook_id) VALUES (89, 73);
INSERT INTO recipe_cook(recipe_id, cook_id) VALUES (89, 63);
INSERT INTO recipe_cook(recipe_id, cook_id) VALUES (89, 60);
INSERT INTO recipe_cook(recipe_id, cook_id) VALUES (89, 91);
INSERT INTO recipe_cook(recipe_id, cook_id) VALUES (89, 55);
INSERT INTO recipe_cook(recipe_id, cook_id) VALUES (89, 124);
INSERT INTO recipe_cook(recipe_id, cook_id) VALUES (89, 5);
INSERT INTO recipe_cook(recipe_id, cook_id) VALUES (89, 173);
INSERT INTO recipe_cook(recipe_id, cook_id) VALUES (89, 138);
INSERT INTO recipe_cook(recipe_id, cook_id) VALUES (89, 75);
INSERT INTO recipe_cook(recipe_id, cook_id) VALUES (89, 39);
INSERT INTO recipe_cook(recipe_id, cook_id) VALUES (89, 80);
INSERT INTO recipe_cook(recipe_id, cook_id) VALUES (89, 23);
INSERT INTO recipe_theme(recipe_id, theme_id) VALUES (89, 8);
INSERT INTO recipe_tip(recipe_id, tip_id) VALUES (89, 7);

INSERT INTO recipe(baking, cuisine_id, difficulty, title, recipe_description, prep_time, cook_time, portions, fat_portion, protein_portion, carbo_portion, picture, picture_description) VALUES(1, 4, 4,'Bruschetta', 'No focus build range risk. Arrive even here great. Green country key stage perform general. Treat time music house develop box.', 15, 120, 1, 20, 40,20, 'https://dummyimage.com/890x24', 'Red control list edge.');
INSERT INTO recipe_meal_type(recipe_id, meal_type_id) VALUES (90, 5);
INSERT INTO recipe_tag(recipe_id, tag_id) VALUES (90, 30);
INSERT INTO recipe_tag(recipe_id, tag_id) VALUES (90, 16);
INSERT INTO recipe_tag(recipe_id, tag_id) VALUES (90, 69);
INSERT INTO recipe_tag(recipe_id, tag_id) VALUES (90, 3);
INSERT INTO recipe_tag(recipe_id, tag_id) VALUES (90, 6);
INSERT INTO recipe_equipment(recipe_id, equipment_id, num) VALUES (90, 7, 1);
INSERT INTO recipe_equipment(recipe_id, equipment_id, num) VALUES (90, 13, 1);
INSERT INTO recipe_equipment(recipe_id, equipment_id, num) VALUES (90, 5, 3);
INSERT INTO recipe_equipment(recipe_id, equipment_id, num) VALUES (90, 16, 1);
INSERT INTO recipe_equipment(recipe_id, equipment_id, num) VALUES (90, 15, 1);
INSERT INTO recipe_equipment(recipe_id, equipment_id, num) VALUES (90, 12, 4);
INSERT INTO recipe_equipment(recipe_id, equipment_id, num) VALUES (90, 19, 4);
INSERT INTO recipe_cook(recipe_id, cook_id) VALUES (90, 95);
INSERT INTO recipe_cook(recipe_id, cook_id) VALUES (90, 92);
INSERT INTO recipe_cook(recipe_id, cook_id) VALUES (90, 166);
INSERT INTO recipe_cook(recipe_id, cook_id) VALUES (90, 25);
INSERT INTO recipe_cook(recipe_id, cook_id) VALUES (90, 69);
INSERT INTO recipe_cook(recipe_id, cook_id) VALUES (90, 51);
INSERT INTO recipe_cook(recipe_id, cook_id) VALUES (90, 66);
INSERT INTO recipe_cook(recipe_id, cook_id) VALUES (90, 114);
INSERT INTO recipe_cook(recipe_id, cook_id) VALUES (90, 103);
INSERT INTO recipe_cook(recipe_id, cook_id) VALUES (90, 175);
INSERT INTO recipe_cook(recipe_id, cook_id) VALUES (90, 171);
INSERT INTO recipe_cook(recipe_id, cook_id) VALUES (90, 107);
INSERT INTO recipe_cook(recipe_id, cook_id) VALUES (90, 155);
INSERT INTO recipe_cook(recipe_id, cook_id) VALUES (90, 158);
INSERT INTO recipe_cook(recipe_id, cook_id) VALUES (90, 134);
INSERT INTO recipe_cook(recipe_id, cook_id) VALUES (90, 100);
INSERT INTO recipe_cook(recipe_id, cook_id) VALUES (90, 162);
INSERT INTO recipe_cook(recipe_id, cook_id) VALUES (90, 180);
INSERT INTO recipe_cook(recipe_id, cook_id) VALUES (90, 40);
INSERT INTO recipe_cook(recipe_id, cook_id) VALUES (90, 125);
INSERT INTO recipe_cook(recipe_id, cook_id) VALUES (90, 13);
INSERT INTO recipe_cook(recipe_id, cook_id) VALUES (90, 99);
INSERT INTO recipe_cook(recipe_id, cook_id) VALUES (90, 85);
INSERT INTO recipe_cook(recipe_id, cook_id) VALUES (90, 182);
INSERT INTO recipe_cook(recipe_id, cook_id) VALUES (90, 169);
INSERT INTO recipe_cook(recipe_id, cook_id) VALUES (90, 63);
INSERT INTO recipe_cook(recipe_id, cook_id) VALUES (90, 187);
INSERT INTO recipe_cook(recipe_id, cook_id) VALUES (90, 139);
INSERT INTO recipe_cook(recipe_id, cook_id) VALUES (90, 75);
INSERT INTO recipe_cook(recipe_id, cook_id) VALUES (90, 20);
INSERT INTO recipe_cook(recipe_id, cook_id) VALUES (90, 67);
INSERT INTO recipe_cook(recipe_id, cook_id) VALUES (90, 129);
INSERT INTO recipe_cook(recipe_id, cook_id) VALUES (90, 112);
INSERT INTO recipe_cook(recipe_id, cook_id) VALUES (90, 97);
INSERT INTO recipe_cook(recipe_id, cook_id) VALUES (90, 2);
INSERT INTO recipe_cook(recipe_id, cook_id) VALUES (90, 84);
INSERT INTO recipe_cook(recipe_id, cook_id) VALUES (90, 55);
INSERT INTO recipe_cook(recipe_id, cook_id) VALUES (90, 126);
INSERT INTO recipe_cook(recipe_id, cook_id) VALUES (90, 136);
INSERT INTO recipe_cook(recipe_id, cook_id) VALUES (90, 83);
INSERT INTO recipe_cook(recipe_id, cook_id) VALUES (90, 156);
INSERT INTO recipe_cook(recipe_id, cook_id) VALUES (90, 59);
INSERT INTO recipe_cook(recipe_id, cook_id) VALUES (90, 89);
INSERT INTO recipe_cook(recipe_id, cook_id) VALUES (90, 56);
INSERT INTO recipe_cook(recipe_id, cook_id) VALUES (90, 91);
INSERT INTO recipe_cook(recipe_id, cook_id) VALUES (90, 58);
INSERT INTO recipe_cook(recipe_id, cook_id) VALUES (90, 105);
INSERT INTO recipe_cook(recipe_id, cook_id) VALUES (90, 77);
INSERT INTO recipe_cook(recipe_id, cook_id) VALUES (90, 93);
INSERT INTO recipe_cook(recipe_id, cook_id) VALUES (90, 81);
INSERT INTO recipe_cook(recipe_id, cook_id) VALUES (90, 176);
INSERT INTO recipe_cook(recipe_id, cook_id) VALUES (90, 193);
INSERT INTO recipe_cook(recipe_id, cook_id) VALUES (90, 48);
INSERT INTO recipe_cook(recipe_id, cook_id) VALUES (90, 152);
INSERT INTO recipe_cook(recipe_id, cook_id) VALUES (90, 19);
INSERT INTO recipe_cook(recipe_id, cook_id) VALUES (90, 145);
INSERT INTO recipe_cook(recipe_id, cook_id) VALUES (90, 116);
INSERT INTO recipe_cook(recipe_id, cook_id) VALUES (90, 52);
INSERT INTO recipe_cook(recipe_id, cook_id) VALUES (90, 4);
INSERT INTO recipe_cook(recipe_id, cook_id) VALUES (90, 27);
INSERT INTO recipe_cook(recipe_id, cook_id) VALUES (90, 7);
INSERT INTO recipe_cook(recipe_id, cook_id) VALUES (90, 33);
INSERT INTO recipe_cook(recipe_id, cook_id) VALUES (90, 24);
INSERT INTO recipe_cook(recipe_id, cook_id) VALUES (90, 10);
INSERT INTO recipe_cook(recipe_id, cook_id) VALUES (90, 50);
INSERT INTO recipe_cook(recipe_id, cook_id) VALUES (90, 194);
INSERT INTO recipe_cook(recipe_id, cook_id) VALUES (90, 131);
INSERT INTO recipe_cook(recipe_id, cook_id) VALUES (90, 14);
INSERT INTO recipe_cook(recipe_id, cook_id) VALUES (90, 29);
INSERT INTO recipe_cook(recipe_id, cook_id) VALUES (90, 123);
INSERT INTO recipe_cook(recipe_id, cook_id) VALUES (90, 54);
INSERT INTO recipe_cook(recipe_id, cook_id) VALUES (90, 79);
INSERT INTO recipe_cook(recipe_id, cook_id) VALUES (90, 141);
INSERT INTO recipe_cook(recipe_id, cook_id) VALUES (90, 11);
INSERT INTO recipe_cook(recipe_id, cook_id) VALUES (90, 165);
INSERT INTO recipe_cook(recipe_id, cook_id) VALUES (90, 12);
INSERT INTO recipe_cook(recipe_id, cook_id) VALUES (90, 61);
INSERT INTO recipe_cook(recipe_id, cook_id) VALUES (90, 153);
INSERT INTO recipe_cook(recipe_id, cook_id) VALUES (90, 30);
INSERT INTO recipe_cook(recipe_id, cook_id) VALUES (90, 68);
INSERT INTO recipe_cook(recipe_id, cook_id) VALUES (90, 3);
INSERT INTO recipe_cook(recipe_id, cook_id) VALUES (90, 1);
INSERT INTO recipe_cook(recipe_id, cook_id) VALUES (90, 94);
INSERT INTO recipe_cook(recipe_id, cook_id) VALUES (90, 142);
INSERT INTO recipe_cook(recipe_id, cook_id) VALUES (90, 160);
INSERT INTO recipe_cook(recipe_id, cook_id) VALUES (90, 86);
INSERT INTO recipe_cook(recipe_id, cook_id) VALUES (90, 163);
INSERT INTO recipe_cook(recipe_id, cook_id) VALUES (90, 186);
INSERT INTO recipe_cook(recipe_id, cook_id) VALUES (90, 64);
INSERT INTO recipe_cook(recipe_id, cook_id) VALUES (90, 102);
INSERT INTO recipe_cook(recipe_id, cook_id) VALUES (90, 115);
INSERT INTO recipe_cook(recipe_id, cook_id) VALUES (90, 120);
INSERT INTO recipe_cook(recipe_id, cook_id) VALUES (90, 130);
INSERT INTO recipe_cook(recipe_id, cook_id) VALUES (90, 32);
INSERT INTO recipe_cook(recipe_id, cook_id) VALUES (90, 9);
INSERT INTO recipe_cook(recipe_id, cook_id) VALUES (90, 36);
INSERT INTO recipe_cook(recipe_id, cook_id) VALUES (90, 143);
INSERT INTO recipe_cook(recipe_id, cook_id) VALUES (90, 45);
INSERT INTO recipe_cook(recipe_id, cook_id) VALUES (90, 113);
INSERT INTO recipe_cook(recipe_id, cook_id) VALUES (90, 121);
INSERT INTO recipe_cook(recipe_id, cook_id) VALUES (90, 167);
INSERT INTO recipe_cook(recipe_id, cook_id) VALUES (90, 192);
INSERT INTO recipe_cook(recipe_id, cook_id) VALUES (90, 183);
INSERT INTO recipe_cook(recipe_id, cook_id) VALUES (90, 151);
INSERT INTO recipe_cook(recipe_id, cook_id) VALUES (90, 148);
INSERT INTO recipe_cook(recipe_id, cook_id) VALUES (90, 72);
INSERT INTO recipe_cook(recipe_id, cook_id) VALUES (90, 21);
INSERT INTO recipe_cook(recipe_id, cook_id) VALUES (90, 42);
INSERT INTO recipe_cook(recipe_id, cook_id) VALUES (90, 101);
INSERT INTO recipe_cook(recipe_id, cook_id) VALUES (90, 181);
INSERT INTO recipe_cook(recipe_id, cook_id) VALUES (90, 174);
INSERT INTO recipe_cook(recipe_id, cook_id) VALUES (90, 82);
INSERT INTO recipe_cook(recipe_id, cook_id) VALUES (90, 190);
INSERT INTO recipe_cook(recipe_id, cook_id) VALUES (90, 132);
INSERT INTO recipe_cook(recipe_id, cook_id) VALUES (90, 34);
INSERT INTO recipe_cook(recipe_id, cook_id) VALUES (90, 178);
INSERT INTO recipe_cook(recipe_id, cook_id) VALUES (90, 124);
INSERT INTO recipe_cook(recipe_id, cook_id) VALUES (90, 119);
INSERT INTO recipe_cook(recipe_id, cook_id) VALUES (90, 16);
INSERT INTO recipe_cook(recipe_id, cook_id) VALUES (90, 185);
INSERT INTO recipe_cook(recipe_id, cook_id) VALUES (90, 127);
INSERT INTO recipe_cook(recipe_id, cook_id) VALUES (90, 179);
INSERT INTO recipe_cook(recipe_id, cook_id) VALUES (90, 118);
INSERT INTO recipe_cook(recipe_id, cook_id) VALUES (90, 15);
INSERT INTO recipe_cook(recipe_id, cook_id) VALUES (90, 47);
INSERT INTO recipe_cook(recipe_id, cook_id) VALUES (90, 188);
INSERT INTO recipe_cook(recipe_id, cook_id) VALUES (90, 111);
INSERT INTO recipe_cook(recipe_id, cook_id) VALUES (90, 26);
INSERT INTO recipe_cook(recipe_id, cook_id) VALUES (90, 144);
INSERT INTO recipe_cook(recipe_id, cook_id) VALUES (90, 43);
INSERT INTO recipe_cook(recipe_id, cook_id) VALUES (90, 138);
INSERT INTO recipe_cook(recipe_id, cook_id) VALUES (90, 104);
INSERT INTO recipe_cook(recipe_id, cook_id) VALUES (90, 191);
INSERT INTO recipe_cook(recipe_id, cook_id) VALUES (90, 108);
INSERT INTO recipe_cook(recipe_id, cook_id) VALUES (90, 106);
INSERT INTO recipe_cook(recipe_id, cook_id) VALUES (90, 35);
INSERT INTO recipe_cook(recipe_id, cook_id) VALUES (90, 196);
INSERT INTO recipe_cook(recipe_id, cook_id) VALUES (90, 157);
INSERT INTO recipe_cook(recipe_id, cook_id) VALUES (90, 17);
INSERT INTO recipe_cook(recipe_id, cook_id) VALUES (90, 197);
INSERT INTO recipe_cook(recipe_id, cook_id) VALUES (90, 184);
INSERT INTO recipe_cook(recipe_id, cook_id) VALUES (90, 140);
INSERT INTO recipe_cook(recipe_id, cook_id) VALUES (90, 170);
INSERT INTO recipe_cook(recipe_id, cook_id) VALUES (90, 199);
INSERT INTO recipe_cook(recipe_id, cook_id) VALUES (90, 60);
INSERT INTO recipe_cook(recipe_id, cook_id) VALUES (90, 110);
INSERT INTO recipe_cook(recipe_id, cook_id) VALUES (90, 172);
INSERT INTO recipe_cook(recipe_id, cook_id) VALUES (90, 98);
INSERT INTO recipe_cook(recipe_id, cook_id) VALUES (90, 76);
INSERT INTO recipe_cook(recipe_id, cook_id) VALUES (90, 189);
INSERT INTO recipe_cook(recipe_id, cook_id) VALUES (90, 161);
INSERT INTO recipe_cook(recipe_id, cook_id) VALUES (90, 71);
INSERT INTO recipe_cook(recipe_id, cook_id) VALUES (90, 70);
INSERT INTO recipe_cook(recipe_id, cook_id) VALUES (90, 31);
INSERT INTO recipe_cook(recipe_id, cook_id) VALUES (90, 8);
INSERT INTO recipe_cook(recipe_id, cook_id) VALUES (90, 154);
INSERT INTO recipe_cook(recipe_id, cook_id) VALUES (90, 44);
INSERT INTO recipe_cook(recipe_id, cook_id) VALUES (90, 122);
INSERT INTO recipe_cook(recipe_id, cook_id) VALUES (90, 149);
INSERT INTO recipe_cook(recipe_id, cook_id) VALUES (90, 96);
INSERT INTO recipe_cook(recipe_id, cook_id) VALUES (90, 117);
INSERT INTO recipe_cook(recipe_id, cook_id) VALUES (90, 128);
INSERT INTO recipe_cook(recipe_id, cook_id) VALUES (90, 23);
INSERT INTO recipe_cook(recipe_id, cook_id) VALUES (90, 150);
INSERT INTO recipe_cook(recipe_id, cook_id) VALUES (90, 74);
INSERT INTO recipe_cook(recipe_id, cook_id) VALUES (90, 39);
INSERT INTO recipe_cook(recipe_id, cook_id) VALUES (90, 195);
INSERT INTO recipe_cook(recipe_id, cook_id) VALUES (90, 18);
INSERT INTO recipe_cook(recipe_id, cook_id) VALUES (90, 78);
INSERT INTO recipe_cook(recipe_id, cook_id) VALUES (90, 146);
INSERT INTO recipe_cook(recipe_id, cook_id) VALUES (90, 80);
INSERT INTO recipe_cook(recipe_id, cook_id) VALUES (90, 177);
INSERT INTO recipe_theme(recipe_id, theme_id) VALUES (90, 31);
INSERT INTO recipe_theme(recipe_id, theme_id) VALUES (90, 30);
INSERT INTO recipe_tip(recipe_id, tip_id) VALUES (90, 25);
INSERT INTO recipe_tip(recipe_id, tip_id) VALUES (90, 35);
INSERT INTO recipe_tip(recipe_id, tip_id) VALUES (90, 4);

INSERT INTO recipe(baking, cuisine_id, difficulty, title, recipe_description, prep_time, cook_time, portions, fat_portion, protein_portion, carbo_portion, picture, picture_description) VALUES(1, 8, 3,'Bread Pudding', 'Buy young environmental stay move statement. Example national air seem.', 125, 20, 4, 45, 25,80, 'https://dummyimage.com/169x188', 'President stop former require world part.');
INSERT INTO recipe_meal_type(recipe_id, meal_type_id) VALUES (91, 6);
INSERT INTO recipe_tag(recipe_id, tag_id) VALUES (91, 80);
INSERT INTO recipe_tag(recipe_id, tag_id) VALUES (91, 25);
INSERT INTO recipe_tag(recipe_id, tag_id) VALUES (91, 49);
INSERT INTO recipe_tag(recipe_id, tag_id) VALUES (91, 54);
INSERT INTO recipe_tag(recipe_id, tag_id) VALUES (91, 57);
INSERT INTO recipe_tag(recipe_id, tag_id) VALUES (91, 83);
INSERT INTO recipe_equipment(recipe_id, equipment_id, num) VALUES (91, 3, 1);
INSERT INTO recipe_equipment(recipe_id, equipment_id, num) VALUES (91, 13, 1);
INSERT INTO recipe_equipment(recipe_id, equipment_id, num) VALUES (91, 7, 1);
INSERT INTO recipe_cook(recipe_id, cook_id) VALUES (91, 134);
INSERT INTO recipe_cook(recipe_id, cook_id) VALUES (91, 104);
INSERT INTO recipe_cook(recipe_id, cook_id) VALUES (91, 106);
INSERT INTO recipe_cook(recipe_id, cook_id) VALUES (91, 54);
INSERT INTO recipe_cook(recipe_id, cook_id) VALUES (91, 63);
INSERT INTO recipe_cook(recipe_id, cook_id) VALUES (91, 50);
INSERT INTO recipe_cook(recipe_id, cook_id) VALUES (91, 124);
INSERT INTO recipe_cook(recipe_id, cook_id) VALUES (91, 122);
INSERT INTO recipe_cook(recipe_id, cook_id) VALUES (91, 39);
INSERT INTO recipe_cook(recipe_id, cook_id) VALUES (91, 19);
INSERT INTO recipe_cook(recipe_id, cook_id) VALUES (91, 9);
INSERT INTO recipe_cook(recipe_id, cook_id) VALUES (91, 100);
INSERT INTO recipe_cook(recipe_id, cook_id) VALUES (91, 38);
INSERT INTO recipe_cook(recipe_id, cook_id) VALUES (91, 17);
INSERT INTO recipe_cook(recipe_id, cook_id) VALUES (91, 76);
INSERT INTO recipe_cook(recipe_id, cook_id) VALUES (91, 172);
INSERT INTO recipe_cook(recipe_id, cook_id) VALUES (91, 192);
INSERT INTO recipe_cook(recipe_id, cook_id) VALUES (91, 195);
INSERT INTO recipe_cook(recipe_id, cook_id) VALUES (91, 71);
INSERT INTO recipe_cook(recipe_id, cook_id) VALUES (91, 117);
INSERT INTO recipe_cook(recipe_id, cook_id) VALUES (91, 111);
INSERT INTO recipe_cook(recipe_id, cook_id) VALUES (91, 89);
INSERT INTO recipe_cook(recipe_id, cook_id) VALUES (91, 126);
INSERT INTO recipe_cook(recipe_id, cook_id) VALUES (91, 164);
INSERT INTO recipe_cook(recipe_id, cook_id) VALUES (91, 118);
INSERT INTO recipe_cook(recipe_id, cook_id) VALUES (91, 72);
INSERT INTO recipe_cook(recipe_id, cook_id) VALUES (91, 140);
INSERT INTO recipe_cook(recipe_id, cook_id) VALUES (91, 168);
INSERT INTO recipe_cook(recipe_id, cook_id) VALUES (91, 177);
INSERT INTO recipe_cook(recipe_id, cook_id) VALUES (91, 23);
INSERT INTO recipe_cook(recipe_id, cook_id) VALUES (91, 56);
INSERT INTO recipe_cook(recipe_id, cook_id) VALUES (91, 77);
INSERT INTO recipe_cook(recipe_id, cook_id) VALUES (91, 176);
INSERT INTO recipe_cook(recipe_id, cook_id) VALUES (91, 66);
INSERT INTO recipe_cook(recipe_id, cook_id) VALUES (91, 95);
INSERT INTO recipe_cook(recipe_id, cook_id) VALUES (91, 175);
INSERT INTO recipe_cook(recipe_id, cook_id) VALUES (91, 183);
INSERT INTO recipe_cook(recipe_id, cook_id) VALUES (91, 137);
INSERT INTO recipe_cook(recipe_id, cook_id) VALUES (91, 31);
INSERT INTO recipe_cook(recipe_id, cook_id) VALUES (91, 154);
INSERT INTO recipe_cook(recipe_id, cook_id) VALUES (91, 32);
INSERT INTO recipe_cook(recipe_id, cook_id) VALUES (91, 178);
INSERT INTO recipe_cook(recipe_id, cook_id) VALUES (91, 49);
INSERT INTO recipe_cook(recipe_id, cook_id) VALUES (91, 198);
INSERT INTO recipe_cook(recipe_id, cook_id) VALUES (91, 18);
INSERT INTO recipe_cook(recipe_id, cook_id) VALUES (91, 29);
INSERT INTO recipe_cook(recipe_id, cook_id) VALUES (91, 36);
INSERT INTO recipe_cook(recipe_id, cook_id) VALUES (91, 101);
INSERT INTO recipe_cook(recipe_id, cook_id) VALUES (91, 167);
INSERT INTO recipe_cook(recipe_id, cook_id) VALUES (91, 138);
INSERT INTO recipe_cook(recipe_id, cook_id) VALUES (91, 12);
INSERT INTO recipe_cook(recipe_id, cook_id) VALUES (91, 41);
INSERT INTO recipe_cook(recipe_id, cook_id) VALUES (91, 22);
INSERT INTO recipe_cook(recipe_id, cook_id) VALUES (91, 190);
INSERT INTO recipe_cook(recipe_id, cook_id) VALUES (91, 109);
INSERT INTO recipe_cook(recipe_id, cook_id) VALUES (91, 180);
INSERT INTO recipe_cook(recipe_id, cook_id) VALUES (91, 121);
INSERT INTO recipe_cook(recipe_id, cook_id) VALUES (91, 51);
INSERT INTO recipe_cook(recipe_id, cook_id) VALUES (91, 42);
INSERT INTO recipe_cook(recipe_id, cook_id) VALUES (91, 60);
INSERT INTO recipe_cook(recipe_id, cook_id) VALUES (91, 96);
INSERT INTO recipe_cook(recipe_id, cook_id) VALUES (91, 193);
INSERT INTO recipe_cook(recipe_id, cook_id) VALUES (91, 34);
INSERT INTO recipe_cook(recipe_id, cook_id) VALUES (91, 61);
INSERT INTO recipe_cook(recipe_id, cook_id) VALUES (91, 79);
INSERT INTO recipe_cook(recipe_id, cook_id) VALUES (91, 163);
INSERT INTO recipe_cook(recipe_id, cook_id) VALUES (91, 94);
INSERT INTO recipe_cook(recipe_id, cook_id) VALUES (91, 70);
INSERT INTO recipe_cook(recipe_id, cook_id) VALUES (91, 169);
INSERT INTO recipe_cook(recipe_id, cook_id) VALUES (91, 85);
INSERT INTO recipe_cook(recipe_id, cook_id) VALUES (91, 155);
INSERT INTO recipe_cook(recipe_id, cook_id) VALUES (91, 46);
INSERT INTO recipe_cook(recipe_id, cook_id) VALUES (91, 14);
INSERT INTO recipe_cook(recipe_id, cook_id) VALUES (91, 59);
INSERT INTO recipe_cook(recipe_id, cook_id) VALUES (91, 21);
INSERT INTO recipe_cook(recipe_id, cook_id) VALUES (91, 170);
INSERT INTO recipe_cook(recipe_id, cook_id) VALUES (91, 33);
INSERT INTO recipe_cook(recipe_id, cook_id) VALUES (91, 91);
INSERT INTO recipe_cook(recipe_id, cook_id) VALUES (91, 144);
INSERT INTO recipe_cook(recipe_id, cook_id) VALUES (91, 37);
INSERT INTO recipe_cook(recipe_id, cook_id) VALUES (91, 24);
INSERT INTO recipe_cook(recipe_id, cook_id) VALUES (91, 45);
INSERT INTO recipe_cook(recipe_id, cook_id) VALUES (91, 179);
INSERT INTO recipe_cook(recipe_id, cook_id) VALUES (91, 194);
INSERT INTO recipe_cook(recipe_id, cook_id) VALUES (91, 88);
INSERT INTO recipe_cook(recipe_id, cook_id) VALUES (91, 80);
INSERT INTO recipe_cook(recipe_id, cook_id) VALUES (91, 97);
INSERT INTO recipe_cook(recipe_id, cook_id) VALUES (91, 128);
INSERT INTO recipe_cook(recipe_id, cook_id) VALUES (91, 20);
INSERT INTO recipe_cook(recipe_id, cook_id) VALUES (91, 151);
INSERT INTO recipe_cook(recipe_id, cook_id) VALUES (91, 136);
INSERT INTO recipe_cook(recipe_id, cook_id) VALUES (91, 139);
INSERT INTO recipe_cook(recipe_id, cook_id) VALUES (91, 189);
INSERT INTO recipe_cook(recipe_id, cook_id) VALUES (91, 142);
INSERT INTO recipe_cook(recipe_id, cook_id) VALUES (91, 132);
INSERT INTO recipe_cook(recipe_id, cook_id) VALUES (91, 74);
INSERT INTO recipe_cook(recipe_id, cook_id) VALUES (91, 78);
INSERT INTO recipe_cook(recipe_id, cook_id) VALUES (91, 197);
INSERT INTO recipe_cook(recipe_id, cook_id) VALUES (91, 52);
INSERT INTO recipe_cook(recipe_id, cook_id) VALUES (91, 123);
INSERT INTO recipe_cook(recipe_id, cook_id) VALUES (91, 73);
INSERT INTO recipe_cook(recipe_id, cook_id) VALUES (91, 47);
INSERT INTO recipe_cook(recipe_id, cook_id) VALUES (91, 69);
INSERT INTO recipe_cook(recipe_id, cook_id) VALUES (91, 148);
INSERT INTO recipe_cook(recipe_id, cook_id) VALUES (91, 105);
INSERT INTO recipe_cook(recipe_id, cook_id) VALUES (91, 145);
INSERT INTO recipe_cook(recipe_id, cook_id) VALUES (91, 98);
INSERT INTO recipe_cook(recipe_id, cook_id) VALUES (91, 157);
INSERT INTO recipe_cook(recipe_id, cook_id) VALUES (91, 62);
INSERT INTO recipe_cook(recipe_id, cook_id) VALUES (91, 187);
INSERT INTO recipe_cook(recipe_id, cook_id) VALUES (91, 16);
INSERT INTO recipe_cook(recipe_id, cook_id) VALUES (91, 182);
INSERT INTO recipe_cook(recipe_id, cook_id) VALUES (91, 84);
INSERT INTO recipe_cook(recipe_id, cook_id) VALUES (91, 1);
INSERT INTO recipe_cook(recipe_id, cook_id) VALUES (91, 143);
INSERT INTO recipe_cook(recipe_id, cook_id) VALUES (91, 133);
INSERT INTO recipe_cook(recipe_id, cook_id) VALUES (91, 147);
INSERT INTO recipe_cook(recipe_id, cook_id) VALUES (91, 125);
INSERT INTO recipe_cook(recipe_id, cook_id) VALUES (91, 174);
INSERT INTO recipe_cook(recipe_id, cook_id) VALUES (91, 135);
INSERT INTO recipe_cook(recipe_id, cook_id) VALUES (91, 146);
INSERT INTO recipe_cook(recipe_id, cook_id) VALUES (91, 86);
INSERT INTO recipe_cook(recipe_id, cook_id) VALUES (91, 119);
INSERT INTO recipe_cook(recipe_id, cook_id) VALUES (91, 185);
INSERT INTO recipe_cook(recipe_id, cook_id) VALUES (91, 158);
INSERT INTO recipe_cook(recipe_id, cook_id) VALUES (91, 156);
INSERT INTO recipe_cook(recipe_id, cook_id) VALUES (91, 141);
INSERT INTO recipe_cook(recipe_id, cook_id) VALUES (91, 166);
INSERT INTO recipe_cook(recipe_id, cook_id) VALUES (91, 149);
INSERT INTO recipe_cook(recipe_id, cook_id) VALUES (91, 64);
INSERT INTO recipe_cook(recipe_id, cook_id) VALUES (91, 130);
INSERT INTO recipe_cook(recipe_id, cook_id) VALUES (91, 114);
INSERT INTO recipe_cook(recipe_id, cook_id) VALUES (91, 200);
INSERT INTO recipe_theme(recipe_id, theme_id) VALUES (91, 6);
INSERT INTO recipe_theme(recipe_id, theme_id) VALUES (91, 17);
INSERT INTO recipe_tip(recipe_id, tip_id) VALUES (91, 15);

INSERT INTO recipe(baking, cuisine_id, difficulty, title, recipe_description, prep_time, cook_time, portions, fat_portion, protein_portion, carbo_portion, picture, picture_description) VALUES(0, 23, 3,'Eggplant Parmesan', 'Arm cell across source. Camera color garden benefit economic move.', 25, 90, 4, 0, 20,25, 'https://dummyimage.com/184x4', 'Country box sister.');
INSERT INTO recipe_meal_type(recipe_id, meal_type_id) VALUES (92, 1);
INSERT INTO recipe_tag(recipe_id, tag_id) VALUES (92, 43);
INSERT INTO recipe_tag(recipe_id, tag_id) VALUES (92, 82);
INSERT INTO recipe_tag(recipe_id, tag_id) VALUES (92, 51);
INSERT INTO recipe_tag(recipe_id, tag_id) VALUES (92, 55);
INSERT INTO recipe_equipment(recipe_id, equipment_id, num) VALUES (92, 1, 2);
INSERT INTO recipe_equipment(recipe_id, equipment_id, num) VALUES (92, 10, 1);
INSERT INTO recipe_equipment(recipe_id, equipment_id, num) VALUES (92, 2, 2);
INSERT INTO recipe_equipment(recipe_id, equipment_id, num) VALUES (92, 19, 1);
INSERT INTO recipe_equipment(recipe_id, equipment_id, num) VALUES (92, 9, 4);
INSERT INTO recipe_equipment(recipe_id, equipment_id, num) VALUES (92, 14, 1);
INSERT INTO recipe_equipment(recipe_id, equipment_id, num) VALUES (92, 4, 4);
INSERT INTO recipe_cook(recipe_id, cook_id) VALUES (92, 164);
INSERT INTO recipe_cook(recipe_id, cook_id) VALUES (92, 105);
INSERT INTO recipe_cook(recipe_id, cook_id) VALUES (92, 116);
INSERT INTO recipe_cook(recipe_id, cook_id) VALUES (92, 103);
INSERT INTO recipe_cook(recipe_id, cook_id) VALUES (92, 195);
INSERT INTO recipe_cook(recipe_id, cook_id) VALUES (92, 55);
INSERT INTO recipe_cook(recipe_id, cook_id) VALUES (92, 182);
INSERT INTO recipe_cook(recipe_id, cook_id) VALUES (92, 26);
INSERT INTO recipe_cook(recipe_id, cook_id) VALUES (92, 184);
INSERT INTO recipe_cook(recipe_id, cook_id) VALUES (92, 90);
INSERT INTO recipe_cook(recipe_id, cook_id) VALUES (92, 86);
INSERT INTO recipe_cook(recipe_id, cook_id) VALUES (92, 190);
INSERT INTO recipe_cook(recipe_id, cook_id) VALUES (92, 60);
INSERT INTO recipe_cook(recipe_id, cook_id) VALUES (92, 196);
INSERT INTO recipe_cook(recipe_id, cook_id) VALUES (92, 136);
INSERT INTO recipe_cook(recipe_id, cook_id) VALUES (92, 35);
INSERT INTO recipe_cook(recipe_id, cook_id) VALUES (92, 91);
INSERT INTO recipe_cook(recipe_id, cook_id) VALUES (92, 142);
INSERT INTO recipe_cook(recipe_id, cook_id) VALUES (92, 111);
INSERT INTO recipe_cook(recipe_id, cook_id) VALUES (92, 125);
INSERT INTO recipe_cook(recipe_id, cook_id) VALUES (92, 157);
INSERT INTO recipe_theme(recipe_id, theme_id) VALUES (92, 33);
INSERT INTO recipe_theme(recipe_id, theme_id) VALUES (92, 4);
INSERT INTO recipe_theme(recipe_id, theme_id) VALUES (92, 1);
INSERT INTO recipe_tip(recipe_id, tip_id) VALUES (92, 21);
INSERT INTO recipe_tip(recipe_id, tip_id) VALUES (92, 22);

INSERT INTO recipe(baking, cuisine_id, difficulty, title, recipe_description, prep_time, cook_time, portions, fat_portion, protein_portion, carbo_portion, picture, picture_description) VALUES(1, 12, 3,'Enchiladas', 'Different effect decide why country. Sure guy away future assume energy recent hear. Quickly consumer maintain.', 25, 120, 1, 30, 60,0, 'https://picsum.photos/679/519', 'Raise seven develop discuss.');
INSERT INTO recipe_meal_type(recipe_id, meal_type_id) VALUES (93, 6);
INSERT INTO recipe_tag(recipe_id, tag_id) VALUES (93, 78);
INSERT INTO recipe_tag(recipe_id, tag_id) VALUES (93, 50);
INSERT INTO recipe_tag(recipe_id, tag_id) VALUES (93, 2);
INSERT INTO recipe_tag(recipe_id, tag_id) VALUES (93, 77);
INSERT INTO recipe_tag(recipe_id, tag_id) VALUES (93, 76);
INSERT INTO recipe_tag(recipe_id, tag_id) VALUES (93, 93);
INSERT INTO recipe_equipment(recipe_id, equipment_id, num) VALUES (93, 14, 1);
INSERT INTO recipe_equipment(recipe_id, equipment_id, num) VALUES (93, 16, 4);
INSERT INTO recipe_equipment(recipe_id, equipment_id, num) VALUES (93, 5, 3);
INSERT INTO recipe_equipment(recipe_id, equipment_id, num) VALUES (93, 18, 2);
INSERT INTO recipe_cook(recipe_id, cook_id) VALUES (93, 151);
INSERT INTO recipe_cook(recipe_id, cook_id) VALUES (93, 24);
INSERT INTO recipe_cook(recipe_id, cook_id) VALUES (93, 17);
INSERT INTO recipe_cook(recipe_id, cook_id) VALUES (93, 75);
INSERT INTO recipe_cook(recipe_id, cook_id) VALUES (93, 84);
INSERT INTO recipe_cook(recipe_id, cook_id) VALUES (93, 27);
INSERT INTO recipe_cook(recipe_id, cook_id) VALUES (93, 163);
INSERT INTO recipe_cook(recipe_id, cook_id) VALUES (93, 29);
INSERT INTO recipe_cook(recipe_id, cook_id) VALUES (93, 134);
INSERT INTO recipe_cook(recipe_id, cook_id) VALUES (93, 178);
INSERT INTO recipe_theme(recipe_id, theme_id) VALUES (93, 12);
INSERT INTO recipe_tip(recipe_id, tip_id) VALUES (93, 31);

INSERT INTO recipe(baking, cuisine_id, difficulty, title, recipe_description, prep_time, cook_time, portions, fat_portion, protein_portion, carbo_portion, picture, picture_description) VALUES(0, 30, 4,'Creme Brulee', 'Size involve affect. Project boy good organization what ever usually. Teacher give expert couple with.', 125, 10, 4, 25, 35,75, 'https://picsum.photos/718/139', 'Happen probably talk one buy stand.');
INSERT INTO recipe_meal_type(recipe_id, meal_type_id) VALUES (94, 1);
INSERT INTO recipe_tag(recipe_id, tag_id) VALUES (94, 91);
INSERT INTO recipe_tag(recipe_id, tag_id) VALUES (94, 35);
INSERT INTO recipe_tag(recipe_id, tag_id) VALUES (94, 46);
INSERT INTO recipe_tag(recipe_id, tag_id) VALUES (94, 26);
INSERT INTO recipe_tag(recipe_id, tag_id) VALUES (94, 30);
INSERT INTO recipe_tag(recipe_id, tag_id) VALUES (94, 15);
INSERT INTO recipe_tag(recipe_id, tag_id) VALUES (94, 57);
INSERT INTO recipe_equipment(recipe_id, equipment_id, num) VALUES (94, 15, 2);
INSERT INTO recipe_equipment(recipe_id, equipment_id, num) VALUES (94, 16, 4);
INSERT INTO recipe_equipment(recipe_id, equipment_id, num) VALUES (94, 12, 2);
INSERT INTO recipe_equipment(recipe_id, equipment_id, num) VALUES (94, 18, 1);
INSERT INTO recipe_equipment(recipe_id, equipment_id, num) VALUES (94, 4, 1);
INSERT INTO recipe_equipment(recipe_id, equipment_id, num) VALUES (94, 5, 1);
INSERT INTO recipe_equipment(recipe_id, equipment_id, num) VALUES (94, 7, 2);
INSERT INTO recipe_cook(recipe_id, cook_id) VALUES (94, 18);
INSERT INTO recipe_cook(recipe_id, cook_id) VALUES (94, 120);
INSERT INTO recipe_cook(recipe_id, cook_id) VALUES (94, 138);
INSERT INTO recipe_cook(recipe_id, cook_id) VALUES (94, 63);
INSERT INTO recipe_cook(recipe_id, cook_id) VALUES (94, 119);
INSERT INTO recipe_cook(recipe_id, cook_id) VALUES (94, 176);
INSERT INTO recipe_cook(recipe_id, cook_id) VALUES (94, 151);
INSERT INTO recipe_cook(recipe_id, cook_id) VALUES (94, 1);
INSERT INTO recipe_cook(recipe_id, cook_id) VALUES (94, 93);
INSERT INTO recipe_cook(recipe_id, cook_id) VALUES (94, 102);
INSERT INTO recipe_cook(recipe_id, cook_id) VALUES (94, 134);
INSERT INTO recipe_cook(recipe_id, cook_id) VALUES (94, 105);
INSERT INTO recipe_cook(recipe_id, cook_id) VALUES (94, 74);
INSERT INTO recipe_cook(recipe_id, cook_id) VALUES (94, 32);
INSERT INTO recipe_cook(recipe_id, cook_id) VALUES (94, 130);
INSERT INTO recipe_cook(recipe_id, cook_id) VALUES (94, 147);
INSERT INTO recipe_cook(recipe_id, cook_id) VALUES (94, 86);
INSERT INTO recipe_cook(recipe_id, cook_id) VALUES (94, 180);
INSERT INTO recipe_cook(recipe_id, cook_id) VALUES (94, 170);
INSERT INTO recipe_cook(recipe_id, cook_id) VALUES (94, 35);
INSERT INTO recipe_cook(recipe_id, cook_id) VALUES (94, 14);
INSERT INTO recipe_cook(recipe_id, cook_id) VALUES (94, 97);
INSERT INTO recipe_cook(recipe_id, cook_id) VALUES (94, 110);
INSERT INTO recipe_cook(recipe_id, cook_id) VALUES (94, 200);
INSERT INTO recipe_cook(recipe_id, cook_id) VALUES (94, 173);
INSERT INTO recipe_cook(recipe_id, cook_id) VALUES (94, 125);
INSERT INTO recipe_cook(recipe_id, cook_id) VALUES (94, 140);
INSERT INTO recipe_cook(recipe_id, cook_id) VALUES (94, 7);
INSERT INTO recipe_cook(recipe_id, cook_id) VALUES (94, 25);
INSERT INTO recipe_cook(recipe_id, cook_id) VALUES (94, 167);
INSERT INTO recipe_cook(recipe_id, cook_id) VALUES (94, 190);
INSERT INTO recipe_cook(recipe_id, cook_id) VALUES (94, 135);
INSERT INTO recipe_cook(recipe_id, cook_id) VALUES (94, 121);
INSERT INTO recipe_cook(recipe_id, cook_id) VALUES (94, 69);
INSERT INTO recipe_cook(recipe_id, cook_id) VALUES (94, 12);
INSERT INTO recipe_cook(recipe_id, cook_id) VALUES (94, 39);
INSERT INTO recipe_cook(recipe_id, cook_id) VALUES (94, 188);
INSERT INTO recipe_cook(recipe_id, cook_id) VALUES (94, 83);
INSERT INTO recipe_cook(recipe_id, cook_id) VALUES (94, 95);
INSERT INTO recipe_cook(recipe_id, cook_id) VALUES (94, 191);
INSERT INTO recipe_cook(recipe_id, cook_id) VALUES (94, 73);
INSERT INTO recipe_cook(recipe_id, cook_id) VALUES (94, 22);
INSERT INTO recipe_cook(recipe_id, cook_id) VALUES (94, 132);
INSERT INTO recipe_cook(recipe_id, cook_id) VALUES (94, 65);
INSERT INTO recipe_cook(recipe_id, cook_id) VALUES (94, 54);
INSERT INTO recipe_cook(recipe_id, cook_id) VALUES (94, 19);
INSERT INTO recipe_cook(recipe_id, cook_id) VALUES (94, 27);
INSERT INTO recipe_cook(recipe_id, cook_id) VALUES (94, 126);
INSERT INTO recipe_cook(recipe_id, cook_id) VALUES (94, 53);
INSERT INTO recipe_cook(recipe_id, cook_id) VALUES (94, 55);
INSERT INTO recipe_cook(recipe_id, cook_id) VALUES (94, 34);
INSERT INTO recipe_cook(recipe_id, cook_id) VALUES (94, 43);
INSERT INTO recipe_cook(recipe_id, cook_id) VALUES (94, 82);
INSERT INTO recipe_cook(recipe_id, cook_id) VALUES (94, 196);
INSERT INTO recipe_cook(recipe_id, cook_id) VALUES (94, 33);
INSERT INTO recipe_cook(recipe_id, cook_id) VALUES (94, 141);
INSERT INTO recipe_cook(recipe_id, cook_id) VALUES (94, 157);
INSERT INTO recipe_cook(recipe_id, cook_id) VALUES (94, 154);
INSERT INTO recipe_cook(recipe_id, cook_id) VALUES (94, 48);
INSERT INTO recipe_cook(recipe_id, cook_id) VALUES (94, 3);
INSERT INTO recipe_cook(recipe_id, cook_id) VALUES (94, 192);
INSERT INTO recipe_cook(recipe_id, cook_id) VALUES (94, 85);
INSERT INTO recipe_cook(recipe_id, cook_id) VALUES (94, 114);
INSERT INTO recipe_cook(recipe_id, cook_id) VALUES (94, 57);
INSERT INTO recipe_cook(recipe_id, cook_id) VALUES (94, 179);
INSERT INTO recipe_cook(recipe_id, cook_id) VALUES (94, 21);
INSERT INTO recipe_cook(recipe_id, cook_id) VALUES (94, 103);
INSERT INTO recipe_cook(recipe_id, cook_id) VALUES (94, 158);
INSERT INTO recipe_cook(recipe_id, cook_id) VALUES (94, 94);
INSERT INTO recipe_cook(recipe_id, cook_id) VALUES (94, 79);
INSERT INTO recipe_cook(recipe_id, cook_id) VALUES (94, 183);
INSERT INTO recipe_cook(recipe_id, cook_id) VALUES (94, 178);
INSERT INTO recipe_cook(recipe_id, cook_id) VALUES (94, 31);
INSERT INTO recipe_cook(recipe_id, cook_id) VALUES (94, 77);
INSERT INTO recipe_cook(recipe_id, cook_id) VALUES (94, 197);
INSERT INTO recipe_cook(recipe_id, cook_id) VALUES (94, 142);
INSERT INTO recipe_cook(recipe_id, cook_id) VALUES (94, 168);
INSERT INTO recipe_cook(recipe_id, cook_id) VALUES (94, 23);
INSERT INTO recipe_cook(recipe_id, cook_id) VALUES (94, 123);
INSERT INTO recipe_cook(recipe_id, cook_id) VALUES (94, 133);
INSERT INTO recipe_cook(recipe_id, cook_id) VALUES (94, 131);
INSERT INTO recipe_cook(recipe_id, cook_id) VALUES (94, 17);
INSERT INTO recipe_cook(recipe_id, cook_id) VALUES (94, 40);
INSERT INTO recipe_cook(recipe_id, cook_id) VALUES (94, 174);
INSERT INTO recipe_cook(recipe_id, cook_id) VALUES (94, 111);
INSERT INTO recipe_cook(recipe_id, cook_id) VALUES (94, 67);
INSERT INTO recipe_cook(recipe_id, cook_id) VALUES (94, 72);
INSERT INTO recipe_cook(recipe_id, cook_id) VALUES (94, 76);
INSERT INTO recipe_cook(recipe_id, cook_id) VALUES (94, 136);
INSERT INTO recipe_cook(recipe_id, cook_id) VALUES (94, 52);
INSERT INTO recipe_cook(recipe_id, cook_id) VALUES (94, 8);
INSERT INTO recipe_cook(recipe_id, cook_id) VALUES (94, 68);
INSERT INTO recipe_cook(recipe_id, cook_id) VALUES (94, 101);
INSERT INTO recipe_cook(recipe_id, cook_id) VALUES (94, 185);
INSERT INTO recipe_cook(recipe_id, cook_id) VALUES (94, 106);
INSERT INTO recipe_cook(recipe_id, cook_id) VALUES (94, 81);
INSERT INTO recipe_cook(recipe_id, cook_id) VALUES (94, 187);
INSERT INTO recipe_cook(recipe_id, cook_id) VALUES (94, 96);
INSERT INTO recipe_cook(recipe_id, cook_id) VALUES (94, 11);
INSERT INTO recipe_cook(recipe_id, cook_id) VALUES (94, 38);
INSERT INTO recipe_cook(recipe_id, cook_id) VALUES (94, 108);
INSERT INTO recipe_cook(recipe_id, cook_id) VALUES (94, 184);
INSERT INTO recipe_cook(recipe_id, cook_id) VALUES (94, 84);
INSERT INTO recipe_cook(recipe_id, cook_id) VALUES (94, 162);
INSERT INTO recipe_cook(recipe_id, cook_id) VALUES (94, 15);
INSERT INTO recipe_cook(recipe_id, cook_id) VALUES (94, 20);
INSERT INTO recipe_cook(recipe_id, cook_id) VALUES (94, 24);
INSERT INTO recipe_cook(recipe_id, cook_id) VALUES (94, 61);
INSERT INTO recipe_cook(recipe_id, cook_id) VALUES (94, 58);
INSERT INTO recipe_cook(recipe_id, cook_id) VALUES (94, 199);
INSERT INTO recipe_cook(recipe_id, cook_id) VALUES (94, 164);
INSERT INTO recipe_cook(recipe_id, cook_id) VALUES (94, 2);
INSERT INTO recipe_cook(recipe_id, cook_id) VALUES (94, 182);
INSERT INTO recipe_cook(recipe_id, cook_id) VALUES (94, 45);
INSERT INTO recipe_cook(recipe_id, cook_id) VALUES (94, 161);
INSERT INTO recipe_cook(recipe_id, cook_id) VALUES (94, 26);
INSERT INTO recipe_cook(recipe_id, cook_id) VALUES (94, 78);
INSERT INTO recipe_cook(recipe_id, cook_id) VALUES (94, 159);
INSERT INTO recipe_cook(recipe_id, cook_id) VALUES (94, 50);
INSERT INTO recipe_cook(recipe_id, cook_id) VALUES (94, 139);
INSERT INTO recipe_cook(recipe_id, cook_id) VALUES (94, 90);
INSERT INTO recipe_cook(recipe_id, cook_id) VALUES (94, 177);
INSERT INTO recipe_cook(recipe_id, cook_id) VALUES (94, 30);
INSERT INTO recipe_cook(recipe_id, cook_id) VALUES (94, 4);
INSERT INTO recipe_cook(recipe_id, cook_id) VALUES (94, 100);
INSERT INTO recipe_cook(recipe_id, cook_id) VALUES (94, 153);
INSERT INTO recipe_cook(recipe_id, cook_id) VALUES (94, 41);
INSERT INTO recipe_cook(recipe_id, cook_id) VALUES (94, 75);
INSERT INTO recipe_cook(recipe_id, cook_id) VALUES (94, 49);
INSERT INTO recipe_cook(recipe_id, cook_id) VALUES (94, 194);
INSERT INTO recipe_cook(recipe_id, cook_id) VALUES (94, 143);
INSERT INTO recipe_cook(recipe_id, cook_id) VALUES (94, 165);
INSERT INTO recipe_cook(recipe_id, cook_id) VALUES (94, 91);
INSERT INTO recipe_cook(recipe_id, cook_id) VALUES (94, 98);
INSERT INTO recipe_cook(recipe_id, cook_id) VALUES (94, 189);
INSERT INTO recipe_cook(recipe_id, cook_id) VALUES (94, 116);
INSERT INTO recipe_cook(recipe_id, cook_id) VALUES (94, 198);
INSERT INTO recipe_cook(recipe_id, cook_id) VALUES (94, 181);
INSERT INTO recipe_cook(recipe_id, cook_id) VALUES (94, 150);
INSERT INTO recipe_cook(recipe_id, cook_id) VALUES (94, 148);
INSERT INTO recipe_cook(recipe_id, cook_id) VALUES (94, 152);
INSERT INTO recipe_cook(recipe_id, cook_id) VALUES (94, 172);
INSERT INTO recipe_cook(recipe_id, cook_id) VALUES (94, 117);
INSERT INTO recipe_cook(recipe_id, cook_id) VALUES (94, 195);
INSERT INTO recipe_cook(recipe_id, cook_id) VALUES (94, 115);
INSERT INTO recipe_cook(recipe_id, cook_id) VALUES (94, 122);
INSERT INTO recipe_cook(recipe_id, cook_id) VALUES (94, 56);
INSERT INTO recipe_cook(recipe_id, cook_id) VALUES (94, 104);
INSERT INTO recipe_cook(recipe_id, cook_id) VALUES (94, 64);
INSERT INTO recipe_cook(recipe_id, cook_id) VALUES (94, 193);
INSERT INTO recipe_cook(recipe_id, cook_id) VALUES (94, 13);
INSERT INTO recipe_cook(recipe_id, cook_id) VALUES (94, 145);
INSERT INTO recipe_cook(recipe_id, cook_id) VALUES (94, 37);
INSERT INTO recipe_cook(recipe_id, cook_id) VALUES (94, 99);
INSERT INTO recipe_cook(recipe_id, cook_id) VALUES (94, 5);
INSERT INTO recipe_cook(recipe_id, cook_id) VALUES (94, 62);
INSERT INTO recipe_cook(recipe_id, cook_id) VALUES (94, 71);
INSERT INTO recipe_cook(recipe_id, cook_id) VALUES (94, 28);
INSERT INTO recipe_cook(recipe_id, cook_id) VALUES (94, 169);
INSERT INTO recipe_cook(recipe_id, cook_id) VALUES (94, 36);
INSERT INTO recipe_cook(recipe_id, cook_id) VALUES (94, 92);
INSERT INTO recipe_cook(recipe_id, cook_id) VALUES (94, 44);
INSERT INTO recipe_cook(recipe_id, cook_id) VALUES (94, 6);
INSERT INTO recipe_cook(recipe_id, cook_id) VALUES (94, 149);
INSERT INTO recipe_cook(recipe_id, cook_id) VALUES (94, 87);
INSERT INTO recipe_cook(recipe_id, cook_id) VALUES (94, 70);
INSERT INTO recipe_cook(recipe_id, cook_id) VALUES (94, 137);
INSERT INTO recipe_cook(recipe_id, cook_id) VALUES (94, 118);
INSERT INTO recipe_cook(recipe_id, cook_id) VALUES (94, 113);
INSERT INTO recipe_cook(recipe_id, cook_id) VALUES (94, 186);
INSERT INTO recipe_cook(recipe_id, cook_id) VALUES (94, 9);
INSERT INTO recipe_cook(recipe_id, cook_id) VALUES (94, 112);
INSERT INTO recipe_cook(recipe_id, cook_id) VALUES (94, 89);
INSERT INTO recipe_cook(recipe_id, cook_id) VALUES (94, 163);
INSERT INTO recipe_cook(recipe_id, cook_id) VALUES (94, 60);
INSERT INTO recipe_cook(recipe_id, cook_id) VALUES (94, 88);
INSERT INTO recipe_cook(recipe_id, cook_id) VALUES (94, 146);
INSERT INTO recipe_cook(recipe_id, cook_id) VALUES (94, 107);
INSERT INTO recipe_cook(recipe_id, cook_id) VALUES (94, 175);
INSERT INTO recipe_cook(recipe_id, cook_id) VALUES (94, 166);
INSERT INTO recipe_cook(recipe_id, cook_id) VALUES (94, 124);
INSERT INTO recipe_cook(recipe_id, cook_id) VALUES (94, 80);
INSERT INTO recipe_cook(recipe_id, cook_id) VALUES (94, 10);
INSERT INTO recipe_theme(recipe_id, theme_id) VALUES (94, 39);
INSERT INTO recipe_tip(recipe_id, tip_id) VALUES (94, 35);
INSERT INTO recipe_tip(recipe_id, tip_id) VALUES (94, 15);
INSERT INTO recipe_tip(recipe_id, tip_id) VALUES (94, 19);

INSERT INTO recipe(baking, cuisine_id, difficulty, title, recipe_description, prep_time, cook_time, portions, fat_portion, protein_portion, carbo_portion, picture, picture_description) VALUES(0, 25, 3,'Baked Alaska', 'Continue but sister analysis seat. Prepare a environmental anything cup including reflect. Language camera fund. Do entire thus they.', 35, 70, 4, 35, 20,30, 'https://picsum.photos/740/543', 'Specific to term prove line.');
INSERT INTO recipe_meal_type(recipe_id, meal_type_id) VALUES (95, 3);
INSERT INTO recipe_tag(recipe_id, tag_id) VALUES (95, 45);
INSERT INTO recipe_tag(recipe_id, tag_id) VALUES (95, 14);
INSERT INTO recipe_equipment(recipe_id, equipment_id, num) VALUES (95, 12, 1);
INSERT INTO recipe_equipment(recipe_id, equipment_id, num) VALUES (95, 11, 2);
INSERT INTO recipe_equipment(recipe_id, equipment_id, num) VALUES (95, 13, 3);
INSERT INTO recipe_cook(recipe_id, cook_id) VALUES (95, 165);
INSERT INTO recipe_cook(recipe_id, cook_id) VALUES (95, 49);
INSERT INTO recipe_cook(recipe_id, cook_id) VALUES (95, 69);
INSERT INTO recipe_cook(recipe_id, cook_id) VALUES (95, 73);
INSERT INTO recipe_cook(recipe_id, cook_id) VALUES (95, 18);
INSERT INTO recipe_cook(recipe_id, cook_id) VALUES (95, 56);
INSERT INTO recipe_cook(recipe_id, cook_id) VALUES (95, 64);
INSERT INTO recipe_cook(recipe_id, cook_id) VALUES (95, 6);
INSERT INTO recipe_cook(recipe_id, cook_id) VALUES (95, 98);
INSERT INTO recipe_cook(recipe_id, cook_id) VALUES (95, 122);
INSERT INTO recipe_cook(recipe_id, cook_id) VALUES (95, 46);
INSERT INTO recipe_cook(recipe_id, cook_id) VALUES (95, 105);
INSERT INTO recipe_cook(recipe_id, cook_id) VALUES (95, 175);
INSERT INTO recipe_cook(recipe_id, cook_id) VALUES (95, 13);
INSERT INTO recipe_cook(recipe_id, cook_id) VALUES (95, 159);
INSERT INTO recipe_cook(recipe_id, cook_id) VALUES (95, 138);
INSERT INTO recipe_cook(recipe_id, cook_id) VALUES (95, 171);
INSERT INTO recipe_cook(recipe_id, cook_id) VALUES (95, 61);
INSERT INTO recipe_cook(recipe_id, cook_id) VALUES (95, 60);
INSERT INTO recipe_cook(recipe_id, cook_id) VALUES (95, 115);
INSERT INTO recipe_cook(recipe_id, cook_id) VALUES (95, 197);
INSERT INTO recipe_cook(recipe_id, cook_id) VALUES (95, 148);
INSERT INTO recipe_cook(recipe_id, cook_id) VALUES (95, 191);
INSERT INTO recipe_cook(recipe_id, cook_id) VALUES (95, 128);
INSERT INTO recipe_cook(recipe_id, cook_id) VALUES (95, 183);
INSERT INTO recipe_cook(recipe_id, cook_id) VALUES (95, 74);
INSERT INTO recipe_cook(recipe_id, cook_id) VALUES (95, 68);
INSERT INTO recipe_cook(recipe_id, cook_id) VALUES (95, 107);
INSERT INTO recipe_cook(recipe_id, cook_id) VALUES (95, 124);
INSERT INTO recipe_cook(recipe_id, cook_id) VALUES (95, 2);
INSERT INTO recipe_cook(recipe_id, cook_id) VALUES (95, 75);
INSERT INTO recipe_cook(recipe_id, cook_id) VALUES (95, 164);
INSERT INTO recipe_cook(recipe_id, cook_id) VALUES (95, 132);
INSERT INTO recipe_cook(recipe_id, cook_id) VALUES (95, 3);
INSERT INTO recipe_cook(recipe_id, cook_id) VALUES (95, 101);
INSERT INTO recipe_cook(recipe_id, cook_id) VALUES (95, 194);
INSERT INTO recipe_cook(recipe_id, cook_id) VALUES (95, 7);
INSERT INTO recipe_cook(recipe_id, cook_id) VALUES (95, 136);
INSERT INTO recipe_cook(recipe_id, cook_id) VALUES (95, 143);
INSERT INTO recipe_cook(recipe_id, cook_id) VALUES (95, 4);
INSERT INTO recipe_cook(recipe_id, cook_id) VALUES (95, 77);
INSERT INTO recipe_cook(recipe_id, cook_id) VALUES (95, 135);
INSERT INTO recipe_cook(recipe_id, cook_id) VALUES (95, 9);
INSERT INTO recipe_cook(recipe_id, cook_id) VALUES (95, 134);
INSERT INTO recipe_cook(recipe_id, cook_id) VALUES (95, 133);
INSERT INTO recipe_cook(recipe_id, cook_id) VALUES (95, 106);
INSERT INTO recipe_cook(recipe_id, cook_id) VALUES (95, 198);
INSERT INTO recipe_cook(recipe_id, cook_id) VALUES (95, 89);
INSERT INTO recipe_cook(recipe_id, cook_id) VALUES (95, 112);
INSERT INTO recipe_cook(recipe_id, cook_id) VALUES (95, 83);
INSERT INTO recipe_cook(recipe_id, cook_id) VALUES (95, 166);
INSERT INTO recipe_cook(recipe_id, cook_id) VALUES (95, 47);
INSERT INTO recipe_cook(recipe_id, cook_id) VALUES (95, 29);
INSERT INTO recipe_cook(recipe_id, cook_id) VALUES (95, 184);
INSERT INTO recipe_cook(recipe_id, cook_id) VALUES (95, 196);
INSERT INTO recipe_theme(recipe_id, theme_id) VALUES (95, 38);
INSERT INTO recipe_theme(recipe_id, theme_id) VALUES (95, 25);
INSERT INTO recipe_theme(recipe_id, theme_id) VALUES (95, 24);
INSERT INTO recipe_tip(recipe_id, tip_id) VALUES (95, 24);
INSERT INTO recipe_tip(recipe_id, tip_id) VALUES (95, 11);

INSERT INTO recipe(baking, cuisine_id, difficulty, title, recipe_description, prep_time, cook_time, portions, fat_portion, protein_portion, carbo_portion, picture, picture_description) VALUES(1, 5, 5,'Hummus', 'Common put mother official ground play city. Board whom building mean. Baby break represent let despite possible say. Office exist magazine seven budget writer.', 65, 70, 1, 50, 30,30, 'https://dummyimage.com/43x789', 'Science sell this interesting provide.');
INSERT INTO recipe_meal_type(recipe_id, meal_type_id) VALUES (96, 6);
INSERT INTO recipe_tag(recipe_id, tag_id) VALUES (96, 38);
INSERT INTO recipe_tag(recipe_id, tag_id) VALUES (96, 11);
INSERT INTO recipe_tag(recipe_id, tag_id) VALUES (96, 84);
INSERT INTO recipe_tag(recipe_id, tag_id) VALUES (96, 70);
INSERT INTO recipe_tag(recipe_id, tag_id) VALUES (96, 85);
INSERT INTO recipe_equipment(recipe_id, equipment_id, num) VALUES (96, 12, 3);
INSERT INTO recipe_equipment(recipe_id, equipment_id, num) VALUES (96, 13, 2);
INSERT INTO recipe_equipment(recipe_id, equipment_id, num) VALUES (96, 15, 1);
INSERT INTO recipe_equipment(recipe_id, equipment_id, num) VALUES (96, 11, 2);
INSERT INTO recipe_equipment(recipe_id, equipment_id, num) VALUES (96, 3, 2);
INSERT INTO recipe_equipment(recipe_id, equipment_id, num) VALUES (96, 20, 4);
INSERT INTO recipe_cook(recipe_id, cook_id) VALUES (96, 192);
INSERT INTO recipe_cook(recipe_id, cook_id) VALUES (96, 136);
INSERT INTO recipe_cook(recipe_id, cook_id) VALUES (96, 88);
INSERT INTO recipe_cook(recipe_id, cook_id) VALUES (96, 76);
INSERT INTO recipe_cook(recipe_id, cook_id) VALUES (96, 175);
INSERT INTO recipe_cook(recipe_id, cook_id) VALUES (96, 20);
INSERT INTO recipe_cook(recipe_id, cook_id) VALUES (96, 30);
INSERT INTO recipe_cook(recipe_id, cook_id) VALUES (96, 166);
INSERT INTO recipe_cook(recipe_id, cook_id) VALUES (96, 36);
INSERT INTO recipe_cook(recipe_id, cook_id) VALUES (96, 96);
INSERT INTO recipe_cook(recipe_id, cook_id) VALUES (96, 197);
INSERT INTO recipe_cook(recipe_id, cook_id) VALUES (96, 199);
INSERT INTO recipe_cook(recipe_id, cook_id) VALUES (96, 63);
INSERT INTO recipe_cook(recipe_id, cook_id) VALUES (96, 10);
INSERT INTO recipe_cook(recipe_id, cook_id) VALUES (96, 142);
INSERT INTO recipe_cook(recipe_id, cook_id) VALUES (96, 69);
INSERT INTO recipe_cook(recipe_id, cook_id) VALUES (96, 67);
INSERT INTO recipe_cook(recipe_id, cook_id) VALUES (96, 65);
INSERT INTO recipe_cook(recipe_id, cook_id) VALUES (96, 163);
INSERT INTO recipe_cook(recipe_id, cook_id) VALUES (96, 141);
INSERT INTO recipe_cook(recipe_id, cook_id) VALUES (96, 120);
INSERT INTO recipe_cook(recipe_id, cook_id) VALUES (96, 93);
INSERT INTO recipe_cook(recipe_id, cook_id) VALUES (96, 80);
INSERT INTO recipe_cook(recipe_id, cook_id) VALUES (96, 64);
INSERT INTO recipe_cook(recipe_id, cook_id) VALUES (96, 180);
INSERT INTO recipe_cook(recipe_id, cook_id) VALUES (96, 200);
INSERT INTO recipe_cook(recipe_id, cook_id) VALUES (96, 168);
INSERT INTO recipe_cook(recipe_id, cook_id) VALUES (96, 106);
INSERT INTO recipe_cook(recipe_id, cook_id) VALUES (96, 27);
INSERT INTO recipe_cook(recipe_id, cook_id) VALUES (96, 55);
INSERT INTO recipe_cook(recipe_id, cook_id) VALUES (96, 84);
INSERT INTO recipe_cook(recipe_id, cook_id) VALUES (96, 182);
INSERT INTO recipe_cook(recipe_id, cook_id) VALUES (96, 193);
INSERT INTO recipe_cook(recipe_id, cook_id) VALUES (96, 148);
INSERT INTO recipe_cook(recipe_id, cook_id) VALUES (96, 194);
INSERT INTO recipe_cook(recipe_id, cook_id) VALUES (96, 156);
INSERT INTO recipe_cook(recipe_id, cook_id) VALUES (96, 198);
INSERT INTO recipe_cook(recipe_id, cook_id) VALUES (96, 2);
INSERT INTO recipe_cook(recipe_id, cook_id) VALUES (96, 52);
INSERT INTO recipe_cook(recipe_id, cook_id) VALUES (96, 49);
INSERT INTO recipe_cook(recipe_id, cook_id) VALUES (96, 44);
INSERT INTO recipe_cook(recipe_id, cook_id) VALUES (96, 123);
INSERT INTO recipe_cook(recipe_id, cook_id) VALUES (96, 19);
INSERT INTO recipe_cook(recipe_id, cook_id) VALUES (96, 196);
INSERT INTO recipe_cook(recipe_id, cook_id) VALUES (96, 181);
INSERT INTO recipe_cook(recipe_id, cook_id) VALUES (96, 98);
INSERT INTO recipe_cook(recipe_id, cook_id) VALUES (96, 68);
INSERT INTO recipe_cook(recipe_id, cook_id) VALUES (96, 34);
INSERT INTO recipe_cook(recipe_id, cook_id) VALUES (96, 158);
INSERT INTO recipe_cook(recipe_id, cook_id) VALUES (96, 167);
INSERT INTO recipe_cook(recipe_id, cook_id) VALUES (96, 61);
INSERT INTO recipe_cook(recipe_id, cook_id) VALUES (96, 86);
INSERT INTO recipe_cook(recipe_id, cook_id) VALUES (96, 138);
INSERT INTO recipe_cook(recipe_id, cook_id) VALUES (96, 154);
INSERT INTO recipe_cook(recipe_id, cook_id) VALUES (96, 190);
INSERT INTO recipe_cook(recipe_id, cook_id) VALUES (96, 124);
INSERT INTO recipe_cook(recipe_id, cook_id) VALUES (96, 29);
INSERT INTO recipe_cook(recipe_id, cook_id) VALUES (96, 3);
INSERT INTO recipe_cook(recipe_id, cook_id) VALUES (96, 57);
INSERT INTO recipe_cook(recipe_id, cook_id) VALUES (96, 54);
INSERT INTO recipe_cook(recipe_id, cook_id) VALUES (96, 122);
INSERT INTO recipe_cook(recipe_id, cook_id) VALUES (96, 109);
INSERT INTO recipe_cook(recipe_id, cook_id) VALUES (96, 87);
INSERT INTO recipe_cook(recipe_id, cook_id) VALUES (96, 45);
INSERT INTO recipe_cook(recipe_id, cook_id) VALUES (96, 143);
INSERT INTO recipe_cook(recipe_id, cook_id) VALUES (96, 25);
INSERT INTO recipe_cook(recipe_id, cook_id) VALUES (96, 73);
INSERT INTO recipe_cook(recipe_id, cook_id) VALUES (96, 83);
INSERT INTO recipe_cook(recipe_id, cook_id) VALUES (96, 4);
INSERT INTO recipe_cook(recipe_id, cook_id) VALUES (96, 127);
INSERT INTO recipe_cook(recipe_id, cook_id) VALUES (96, 21);
INSERT INTO recipe_theme(recipe_id, theme_id) VALUES (96, 24);
INSERT INTO recipe_tip(recipe_id, tip_id) VALUES (96, 27);
INSERT INTO recipe_tip(recipe_id, tip_id) VALUES (96, 29);
INSERT INTO recipe_tip(recipe_id, tip_id) VALUES (96, 8);

INSERT INTO recipe(baking, cuisine_id, difficulty, title, recipe_description, prep_time, cook_time, portions, fat_portion, protein_portion, carbo_portion, picture, picture_description) VALUES(1, 2, 5,'Blueberry Muffins', 'Century half out amount. Resource team TV amount hand here how. Senior down those camera fish. Republican challenge every knowledge yet act.', 55, 10, 1, 10, 35,30, 'https://placekitten.com/503/808', 'Field its quite subject name east.');
INSERT INTO recipe_meal_type(recipe_id, meal_type_id) VALUES (97, 3);
INSERT INTO recipe_tag(recipe_id, tag_id) VALUES (97, 64);
INSERT INTO recipe_tag(recipe_id, tag_id) VALUES (97, 6);
INSERT INTO recipe_tag(recipe_id, tag_id) VALUES (97, 47);
INSERT INTO recipe_tag(recipe_id, tag_id) VALUES (97, 78);
INSERT INTO recipe_tag(recipe_id, tag_id) VALUES (97, 71);
INSERT INTO recipe_tag(recipe_id, tag_id) VALUES (97, 68);
INSERT INTO recipe_equipment(recipe_id, equipment_id, num) VALUES (97, 13, 2);
INSERT INTO recipe_equipment(recipe_id, equipment_id, num) VALUES (97, 20, 1);
INSERT INTO recipe_equipment(recipe_id, equipment_id, num) VALUES (97, 2, 4);
INSERT INTO recipe_equipment(recipe_id, equipment_id, num) VALUES (97, 5, 2);
INSERT INTO recipe_equipment(recipe_id, equipment_id, num) VALUES (97, 17, 1);
INSERT INTO recipe_equipment(recipe_id, equipment_id, num) VALUES (97, 6, 3);
INSERT INTO recipe_cook(recipe_id, cook_id) VALUES (97, 119);
INSERT INTO recipe_cook(recipe_id, cook_id) VALUES (97, 102);
INSERT INTO recipe_cook(recipe_id, cook_id) VALUES (97, 140);
INSERT INTO recipe_cook(recipe_id, cook_id) VALUES (97, 9);
INSERT INTO recipe_cook(recipe_id, cook_id) VALUES (97, 105);
INSERT INTO recipe_cook(recipe_id, cook_id) VALUES (97, 145);
INSERT INTO recipe_cook(recipe_id, cook_id) VALUES (97, 17);
INSERT INTO recipe_cook(recipe_id, cook_id) VALUES (97, 72);
INSERT INTO recipe_cook(recipe_id, cook_id) VALUES (97, 57);
INSERT INTO recipe_cook(recipe_id, cook_id) VALUES (97, 173);
INSERT INTO recipe_cook(recipe_id, cook_id) VALUES (97, 111);
INSERT INTO recipe_cook(recipe_id, cook_id) VALUES (97, 124);
INSERT INTO recipe_cook(recipe_id, cook_id) VALUES (97, 7);
INSERT INTO recipe_cook(recipe_id, cook_id) VALUES (97, 150);
INSERT INTO recipe_cook(recipe_id, cook_id) VALUES (97, 128);
INSERT INTO recipe_cook(recipe_id, cook_id) VALUES (97, 81);
INSERT INTO recipe_cook(recipe_id, cook_id) VALUES (97, 87);
INSERT INTO recipe_cook(recipe_id, cook_id) VALUES (97, 66);
INSERT INTO recipe_cook(recipe_id, cook_id) VALUES (97, 108);
INSERT INTO recipe_cook(recipe_id, cook_id) VALUES (97, 129);
INSERT INTO recipe_cook(recipe_id, cook_id) VALUES (97, 103);
INSERT INTO recipe_cook(recipe_id, cook_id) VALUES (97, 149);
INSERT INTO recipe_cook(recipe_id, cook_id) VALUES (97, 5);
INSERT INTO recipe_cook(recipe_id, cook_id) VALUES (97, 98);
INSERT INTO recipe_cook(recipe_id, cook_id) VALUES (97, 130);
INSERT INTO recipe_cook(recipe_id, cook_id) VALUES (97, 148);
INSERT INTO recipe_cook(recipe_id, cook_id) VALUES (97, 77);
INSERT INTO recipe_cook(recipe_id, cook_id) VALUES (97, 61);
INSERT INTO recipe_cook(recipe_id, cook_id) VALUES (97, 94);
INSERT INTO recipe_cook(recipe_id, cook_id) VALUES (97, 52);
INSERT INTO recipe_cook(recipe_id, cook_id) VALUES (97, 154);
INSERT INTO recipe_cook(recipe_id, cook_id) VALUES (97, 106);
INSERT INTO recipe_cook(recipe_id, cook_id) VALUES (97, 31);
INSERT INTO recipe_cook(recipe_id, cook_id) VALUES (97, 97);
INSERT INTO recipe_cook(recipe_id, cook_id) VALUES (97, 138);
INSERT INTO recipe_cook(recipe_id, cook_id) VALUES (97, 184);
INSERT INTO recipe_cook(recipe_id, cook_id) VALUES (97, 60);
INSERT INTO recipe_cook(recipe_id, cook_id) VALUES (97, 50);
INSERT INTO recipe_cook(recipe_id, cook_id) VALUES (97, 146);
INSERT INTO recipe_cook(recipe_id, cook_id) VALUES (97, 152);
INSERT INTO recipe_cook(recipe_id, cook_id) VALUES (97, 144);
INSERT INTO recipe_cook(recipe_id, cook_id) VALUES (97, 134);
INSERT INTO recipe_cook(recipe_id, cook_id) VALUES (97, 132);
INSERT INTO recipe_cook(recipe_id, cook_id) VALUES (97, 118);
INSERT INTO recipe_cook(recipe_id, cook_id) VALUES (97, 20);
INSERT INTO recipe_cook(recipe_id, cook_id) VALUES (97, 181);
INSERT INTO recipe_cook(recipe_id, cook_id) VALUES (97, 151);
INSERT INTO recipe_cook(recipe_id, cook_id) VALUES (97, 162);
INSERT INTO recipe_cook(recipe_id, cook_id) VALUES (97, 142);
INSERT INTO recipe_cook(recipe_id, cook_id) VALUES (97, 84);
INSERT INTO recipe_cook(recipe_id, cook_id) VALUES (97, 139);
INSERT INTO recipe_cook(recipe_id, cook_id) VALUES (97, 1);
INSERT INTO recipe_cook(recipe_id, cook_id) VALUES (97, 62);
INSERT INTO recipe_cook(recipe_id, cook_id) VALUES (97, 169);
INSERT INTO recipe_cook(recipe_id, cook_id) VALUES (97, 197);
INSERT INTO recipe_cook(recipe_id, cook_id) VALUES (97, 47);
INSERT INTO recipe_cook(recipe_id, cook_id) VALUES (97, 107);
INSERT INTO recipe_cook(recipe_id, cook_id) VALUES (97, 54);
INSERT INTO recipe_cook(recipe_id, cook_id) VALUES (97, 179);
INSERT INTO recipe_cook(recipe_id, cook_id) VALUES (97, 23);
INSERT INTO recipe_cook(recipe_id, cook_id) VALUES (97, 104);
INSERT INTO recipe_cook(recipe_id, cook_id) VALUES (97, 90);
INSERT INTO recipe_cook(recipe_id, cook_id) VALUES (97, 79);
INSERT INTO recipe_cook(recipe_id, cook_id) VALUES (97, 28);
INSERT INTO recipe_cook(recipe_id, cook_id) VALUES (97, 117);
INSERT INTO recipe_cook(recipe_id, cook_id) VALUES (97, 46);
INSERT INTO recipe_cook(recipe_id, cook_id) VALUES (97, 74);
INSERT INTO recipe_cook(recipe_id, cook_id) VALUES (97, 198);
INSERT INTO recipe_cook(recipe_id, cook_id) VALUES (97, 182);
INSERT INTO recipe_cook(recipe_id, cook_id) VALUES (97, 178);
INSERT INTO recipe_cook(recipe_id, cook_id) VALUES (97, 15);
INSERT INTO recipe_cook(recipe_id, cook_id) VALUES (97, 33);
INSERT INTO recipe_cook(recipe_id, cook_id) VALUES (97, 122);
INSERT INTO recipe_cook(recipe_id, cook_id) VALUES (97, 36);
INSERT INTO recipe_cook(recipe_id, cook_id) VALUES (97, 177);
INSERT INTO recipe_cook(recipe_id, cook_id) VALUES (97, 19);
INSERT INTO recipe_cook(recipe_id, cook_id) VALUES (97, 116);
INSERT INTO recipe_cook(recipe_id, cook_id) VALUES (97, 80);
INSERT INTO recipe_cook(recipe_id, cook_id) VALUES (97, 44);
INSERT INTO recipe_cook(recipe_id, cook_id) VALUES (97, 196);
INSERT INTO recipe_cook(recipe_id, cook_id) VALUES (97, 180);
INSERT INTO recipe_cook(recipe_id, cook_id) VALUES (97, 99);
INSERT INTO recipe_cook(recipe_id, cook_id) VALUES (97, 95);
INSERT INTO recipe_cook(recipe_id, cook_id) VALUES (97, 176);
INSERT INTO recipe_theme(recipe_id, theme_id) VALUES (97, 12);
INSERT INTO recipe_tip(recipe_id, tip_id) VALUES (97, 36);
INSERT INTO recipe_tip(recipe_id, tip_id) VALUES (97, 38);

INSERT INTO recipe(baking, cuisine_id, difficulty, title, recipe_description, prep_time, cook_time, portions, fat_portion, protein_portion, carbo_portion, picture, picture_description) VALUES(0, 48, 4,'Fried Rice', 'A policy strategy pretty run. Give quite goal wall. Memory resource more some support camera.', 115, 10, 4, 55, 45,25, 'https://picsum.photos/29/198', 'Product protect base until.');
INSERT INTO recipe_meal_type(recipe_id, meal_type_id) VALUES (98, 4);
INSERT INTO recipe_tag(recipe_id, tag_id) VALUES (98, 99);
INSERT INTO recipe_tag(recipe_id, tag_id) VALUES (98, 100);
INSERT INTO recipe_tag(recipe_id, tag_id) VALUES (98, 78);
INSERT INTO recipe_tag(recipe_id, tag_id) VALUES (98, 71);
INSERT INTO recipe_tag(recipe_id, tag_id) VALUES (98, 83);
INSERT INTO recipe_tag(recipe_id, tag_id) VALUES (98, 20);
INSERT INTO recipe_tag(recipe_id, tag_id) VALUES (98, 40);
INSERT INTO recipe_equipment(recipe_id, equipment_id, num) VALUES (98, 5, 2);
INSERT INTO recipe_equipment(recipe_id, equipment_id, num) VALUES (98, 3, 1);
INSERT INTO recipe_equipment(recipe_id, equipment_id, num) VALUES (98, 19, 3);
INSERT INTO recipe_equipment(recipe_id, equipment_id, num) VALUES (98, 11, 3);
INSERT INTO recipe_equipment(recipe_id, equipment_id, num) VALUES (98, 17, 2);
INSERT INTO recipe_equipment(recipe_id, equipment_id, num) VALUES (98, 2, 1);
INSERT INTO recipe_equipment(recipe_id, equipment_id, num) VALUES (98, 10, 2);
INSERT INTO recipe_cook(recipe_id, cook_id) VALUES (98, 161);
INSERT INTO recipe_cook(recipe_id, cook_id) VALUES (98, 11);
INSERT INTO recipe_cook(recipe_id, cook_id) VALUES (98, 177);
INSERT INTO recipe_cook(recipe_id, cook_id) VALUES (98, 12);
INSERT INTO recipe_theme(recipe_id, theme_id) VALUES (98, 16);
INSERT INTO recipe_tip(recipe_id, tip_id) VALUES (98, 2);

INSERT INTO recipe(baking, cuisine_id, difficulty, title, recipe_description, prep_time, cook_time, portions, fat_portion, protein_portion, carbo_portion, picture, picture_description) VALUES(1, 29, 2,'Caesar Salad', 'Meet pressure white the. Region opportunity boy black early approach war. Kind herself agency media travel. Opportunity control boy at feeling. Get leader do child.', 85, 50, 1, 15, 45,5, 'https://placekitten.com/906/411', 'Special list effort.');
INSERT INTO recipe_meal_type(recipe_id, meal_type_id) VALUES (99, 1);
INSERT INTO recipe_tag(recipe_id, tag_id) VALUES (99, 7);
INSERT INTO recipe_tag(recipe_id, tag_id) VALUES (99, 96);
INSERT INTO recipe_tag(recipe_id, tag_id) VALUES (99, 26);
INSERT INTO recipe_tag(recipe_id, tag_id) VALUES (99, 71);
INSERT INTO recipe_tag(recipe_id, tag_id) VALUES (99, 28);
INSERT INTO recipe_equipment(recipe_id, equipment_id, num) VALUES (99, 20, 3);
INSERT INTO recipe_equipment(recipe_id, equipment_id, num) VALUES (99, 1, 3);
INSERT INTO recipe_equipment(recipe_id, equipment_id, num) VALUES (99, 3, 4);
INSERT INTO recipe_cook(recipe_id, cook_id) VALUES (99, 149);
INSERT INTO recipe_cook(recipe_id, cook_id) VALUES (99, 27);
INSERT INTO recipe_cook(recipe_id, cook_id) VALUES (99, 199);
INSERT INTO recipe_cook(recipe_id, cook_id) VALUES (99, 112);
INSERT INTO recipe_cook(recipe_id, cook_id) VALUES (99, 191);
INSERT INTO recipe_cook(recipe_id, cook_id) VALUES (99, 123);
INSERT INTO recipe_cook(recipe_id, cook_id) VALUES (99, 26);
INSERT INTO recipe_cook(recipe_id, cook_id) VALUES (99, 75);
INSERT INTO recipe_cook(recipe_id, cook_id) VALUES (99, 120);
INSERT INTO recipe_cook(recipe_id, cook_id) VALUES (99, 183);
INSERT INTO recipe_cook(recipe_id, cook_id) VALUES (99, 198);
INSERT INTO recipe_cook(recipe_id, cook_id) VALUES (99, 72);
INSERT INTO recipe_cook(recipe_id, cook_id) VALUES (99, 104);
INSERT INTO recipe_cook(recipe_id, cook_id) VALUES (99, 197);
INSERT INTO recipe_cook(recipe_id, cook_id) VALUES (99, 14);
INSERT INTO recipe_cook(recipe_id, cook_id) VALUES (99, 135);
INSERT INTO recipe_cook(recipe_id, cook_id) VALUES (99, 178);
INSERT INTO recipe_cook(recipe_id, cook_id) VALUES (99, 108);
INSERT INTO recipe_cook(recipe_id, cook_id) VALUES (99, 190);
INSERT INTO recipe_cook(recipe_id, cook_id) VALUES (99, 50);
INSERT INTO recipe_cook(recipe_id, cook_id) VALUES (99, 127);
INSERT INTO recipe_cook(recipe_id, cook_id) VALUES (99, 151);
INSERT INTO recipe_cook(recipe_id, cook_id) VALUES (99, 153);
INSERT INTO recipe_cook(recipe_id, cook_id) VALUES (99, 42);
INSERT INTO recipe_cook(recipe_id, cook_id) VALUES (99, 176);
INSERT INTO recipe_cook(recipe_id, cook_id) VALUES (99, 101);
INSERT INTO recipe_cook(recipe_id, cook_id) VALUES (99, 24);
INSERT INTO recipe_cook(recipe_id, cook_id) VALUES (99, 32);
INSERT INTO recipe_cook(recipe_id, cook_id) VALUES (99, 1);
INSERT INTO recipe_cook(recipe_id, cook_id) VALUES (99, 88);
INSERT INTO recipe_cook(recipe_id, cook_id) VALUES (99, 140);
INSERT INTO recipe_cook(recipe_id, cook_id) VALUES (99, 143);
INSERT INTO recipe_cook(recipe_id, cook_id) VALUES (99, 76);
INSERT INTO recipe_cook(recipe_id, cook_id) VALUES (99, 139);
INSERT INTO recipe_cook(recipe_id, cook_id) VALUES (99, 66);
INSERT INTO recipe_cook(recipe_id, cook_id) VALUES (99, 15);
INSERT INTO recipe_cook(recipe_id, cook_id) VALUES (99, 162);
INSERT INTO recipe_cook(recipe_id, cook_id) VALUES (99, 87);
INSERT INTO recipe_cook(recipe_id, cook_id) VALUES (99, 8);
INSERT INTO recipe_cook(recipe_id, cook_id) VALUES (99, 82);
INSERT INTO recipe_cook(recipe_id, cook_id) VALUES (99, 61);
INSERT INTO recipe_cook(recipe_id, cook_id) VALUES (99, 115);
INSERT INTO recipe_cook(recipe_id, cook_id) VALUES (99, 187);
INSERT INTO recipe_cook(recipe_id, cook_id) VALUES (99, 195);
INSERT INTO recipe_cook(recipe_id, cook_id) VALUES (99, 77);
INSERT INTO recipe_cook(recipe_id, cook_id) VALUES (99, 161);
INSERT INTO recipe_cook(recipe_id, cook_id) VALUES (99, 16);
INSERT INTO recipe_cook(recipe_id, cook_id) VALUES (99, 23);
INSERT INTO recipe_cook(recipe_id, cook_id) VALUES (99, 48);
INSERT INTO recipe_cook(recipe_id, cook_id) VALUES (99, 90);
INSERT INTO recipe_cook(recipe_id, cook_id) VALUES (99, 129);
INSERT INTO recipe_cook(recipe_id, cook_id) VALUES (99, 65);
INSERT INTO recipe_cook(recipe_id, cook_id) VALUES (99, 60);
INSERT INTO recipe_cook(recipe_id, cook_id) VALUES (99, 166);
INSERT INTO recipe_cook(recipe_id, cook_id) VALUES (99, 70);
INSERT INTO recipe_cook(recipe_id, cook_id) VALUES (99, 21);
INSERT INTO recipe_cook(recipe_id, cook_id) VALUES (99, 111);
INSERT INTO recipe_cook(recipe_id, cook_id) VALUES (99, 89);
INSERT INTO recipe_cook(recipe_id, cook_id) VALUES (99, 96);
INSERT INTO recipe_cook(recipe_id, cook_id) VALUES (99, 17);
INSERT INTO recipe_cook(recipe_id, cook_id) VALUES (99, 131);
INSERT INTO recipe_cook(recipe_id, cook_id) VALUES (99, 80);
INSERT INTO recipe_cook(recipe_id, cook_id) VALUES (99, 192);
INSERT INTO recipe_cook(recipe_id, cook_id) VALUES (99, 84);
INSERT INTO recipe_cook(recipe_id, cook_id) VALUES (99, 56);
INSERT INTO recipe_cook(recipe_id, cook_id) VALUES (99, 194);
INSERT INTO recipe_cook(recipe_id, cook_id) VALUES (99, 51);
INSERT INTO recipe_cook(recipe_id, cook_id) VALUES (99, 145);
INSERT INTO recipe_cook(recipe_id, cook_id) VALUES (99, 177);
INSERT INTO recipe_cook(recipe_id, cook_id) VALUES (99, 30);
INSERT INTO recipe_cook(recipe_id, cook_id) VALUES (99, 40);
INSERT INTO recipe_cook(recipe_id, cook_id) VALUES (99, 121);
INSERT INTO recipe_cook(recipe_id, cook_id) VALUES (99, 4);
INSERT INTO recipe_cook(recipe_id, cook_id) VALUES (99, 34);
INSERT INTO recipe_cook(recipe_id, cook_id) VALUES (99, 35);
INSERT INTO recipe_cook(recipe_id, cook_id) VALUES (99, 53);
INSERT INTO recipe_cook(recipe_id, cook_id) VALUES (99, 63);
INSERT INTO recipe_cook(recipe_id, cook_id) VALUES (99, 171);
INSERT INTO recipe_cook(recipe_id, cook_id) VALUES (99, 92);
INSERT INTO recipe_cook(recipe_id, cook_id) VALUES (99, 117);
INSERT INTO recipe_cook(recipe_id, cook_id) VALUES (99, 170);
INSERT INTO recipe_cook(recipe_id, cook_id) VALUES (99, 165);
INSERT INTO recipe_cook(recipe_id, cook_id) VALUES (99, 159);
INSERT INTO recipe_cook(recipe_id, cook_id) VALUES (99, 62);
INSERT INTO recipe_theme(recipe_id, theme_id) VALUES (99, 13);
INSERT INTO recipe_theme(recipe_id, theme_id) VALUES (99, 2);
INSERT INTO recipe_tip(recipe_id, tip_id) VALUES (99, 19);
INSERT INTO recipe_tip(recipe_id, tip_id) VALUES (99, 4);
INSERT INTO recipe_tip(recipe_id, tip_id) VALUES (99, 23);

INSERT INTO recipe(baking, cuisine_id, difficulty, title, recipe_description, prep_time, cook_time, portions, fat_portion, protein_portion, carbo_portion, picture, picture_description) VALUES(1, 4, 3,'Pancakes', 'Continue relationship feel hope value author before. Wide single of simple turn. Realize nothing itself follow stock. Role western follow system worker.', 125, 40, 3, 55, 45,35, 'https://dummyimage.com/891x250', 'Direction itself dinner later.');
INSERT INTO recipe_meal_type(recipe_id, meal_type_id) VALUES (100, 1);
INSERT INTO recipe_tag(recipe_id, tag_id) VALUES (100, 59);
INSERT INTO recipe_tag(recipe_id, tag_id) VALUES (100, 52);
INSERT INTO recipe_tag(recipe_id, tag_id) VALUES (100, 67);
INSERT INTO recipe_tag(recipe_id, tag_id) VALUES (100, 19);
INSERT INTO recipe_equipment(recipe_id, equipment_id, num) VALUES (100, 2, 2);
INSERT INTO recipe_equipment(recipe_id, equipment_id, num) VALUES (100, 20, 3);
INSERT INTO recipe_equipment(recipe_id, equipment_id, num) VALUES (100, 12, 4);
INSERT INTO recipe_equipment(recipe_id, equipment_id, num) VALUES (100, 13, 1);
INSERT INTO recipe_equipment(recipe_id, equipment_id, num) VALUES (100, 9, 3);
INSERT INTO recipe_equipment(recipe_id, equipment_id, num) VALUES (100, 17, 2);
INSERT INTO recipe_cook(recipe_id, cook_id) VALUES (100, 103);
INSERT INTO recipe_cook(recipe_id, cook_id) VALUES (100, 100);
INSERT INTO recipe_cook(recipe_id, cook_id) VALUES (100, 66);
INSERT INTO recipe_cook(recipe_id, cook_id) VALUES (100, 163);
INSERT INTO recipe_cook(recipe_id, cook_id) VALUES (100, 115);
INSERT INTO recipe_cook(recipe_id, cook_id) VALUES (100, 71);
INSERT INTO recipe_cook(recipe_id, cook_id) VALUES (100, 57);
INSERT INTO recipe_cook(recipe_id, cook_id) VALUES (100, 108);
INSERT INTO recipe_cook(recipe_id, cook_id) VALUES (100, 45);
INSERT INTO recipe_cook(recipe_id, cook_id) VALUES (100, 157);
INSERT INTO recipe_cook(recipe_id, cook_id) VALUES (100, 30);
INSERT INTO recipe_cook(recipe_id, cook_id) VALUES (100, 7);
INSERT INTO recipe_cook(recipe_id, cook_id) VALUES (100, 28);
INSERT INTO recipe_cook(recipe_id, cook_id) VALUES (100, 185);
INSERT INTO recipe_cook(recipe_id, cook_id) VALUES (100, 95);
INSERT INTO recipe_cook(recipe_id, cook_id) VALUES (100, 42);
INSERT INTO recipe_cook(recipe_id, cook_id) VALUES (100, 179);
INSERT INTO recipe_cook(recipe_id, cook_id) VALUES (100, 96);
INSERT INTO recipe_cook(recipe_id, cook_id) VALUES (100, 19);
INSERT INTO recipe_cook(recipe_id, cook_id) VALUES (100, 77);
INSERT INTO recipe_cook(recipe_id, cook_id) VALUES (100, 50);
INSERT INTO recipe_cook(recipe_id, cook_id) VALUES (100, 39);
INSERT INTO recipe_cook(recipe_id, cook_id) VALUES (100, 132);
INSERT INTO recipe_cook(recipe_id, cook_id) VALUES (100, 191);
INSERT INTO recipe_cook(recipe_id, cook_id) VALUES (100, 158);
INSERT INTO recipe_cook(recipe_id, cook_id) VALUES (100, 166);
INSERT INTO recipe_cook(recipe_id, cook_id) VALUES (100, 43);
INSERT INTO recipe_cook(recipe_id, cook_id) VALUES (100, 150);
INSERT INTO recipe_cook(recipe_id, cook_id) VALUES (100, 129);
INSERT INTO recipe_cook(recipe_id, cook_id) VALUES (100, 136);
INSERT INTO recipe_cook(recipe_id, cook_id) VALUES (100, 44);
INSERT INTO recipe_cook(recipe_id, cook_id) VALUES (100, 127);
INSERT INTO recipe_cook(recipe_id, cook_id) VALUES (100, 94);
INSERT INTO recipe_cook(recipe_id, cook_id) VALUES (100, 200);
INSERT INTO recipe_cook(recipe_id, cook_id) VALUES (100, 146);
INSERT INTO recipe_cook(recipe_id, cook_id) VALUES (100, 91);
INSERT INTO recipe_cook(recipe_id, cook_id) VALUES (100, 32);
INSERT INTO recipe_cook(recipe_id, cook_id) VALUES (100, 109);
INSERT INTO recipe_cook(recipe_id, cook_id) VALUES (100, 25);
INSERT INTO recipe_cook(recipe_id, cook_id) VALUES (100, 82);
INSERT INTO recipe_cook(recipe_id, cook_id) VALUES (100, 174);
INSERT INTO recipe_cook(recipe_id, cook_id) VALUES (100, 199);
INSERT INTO recipe_cook(recipe_id, cook_id) VALUES (100, 38);
INSERT INTO recipe_cook(recipe_id, cook_id) VALUES (100, 148);
INSERT INTO recipe_cook(recipe_id, cook_id) VALUES (100, 76);
INSERT INTO recipe_cook(recipe_id, cook_id) VALUES (100, 194);
INSERT INTO recipe_cook(recipe_id, cook_id) VALUES (100, 184);
INSERT INTO recipe_cook(recipe_id, cook_id) VALUES (100, 125);
INSERT INTO recipe_cook(recipe_id, cook_id) VALUES (100, 114);
INSERT INTO recipe_cook(recipe_id, cook_id) VALUES (100, 171);
INSERT INTO recipe_cook(recipe_id, cook_id) VALUES (100, 72);
INSERT INTO recipe_cook(recipe_id, cook_id) VALUES (100, 15);
INSERT INTO recipe_cook(recipe_id, cook_id) VALUES (100, 131);
INSERT INTO recipe_cook(recipe_id, cook_id) VALUES (100, 187);
INSERT INTO recipe_cook(recipe_id, cook_id) VALUES (100, 18);
INSERT INTO recipe_cook(recipe_id, cook_id) VALUES (100, 51);
INSERT INTO recipe_cook(recipe_id, cook_id) VALUES (100, 79);
INSERT INTO recipe_cook(recipe_id, cook_id) VALUES (100, 14);
INSERT INTO recipe_cook(recipe_id, cook_id) VALUES (100, 48);
INSERT INTO recipe_cook(recipe_id, cook_id) VALUES (100, 5);
INSERT INTO recipe_cook(recipe_id, cook_id) VALUES (100, 16);
INSERT INTO recipe_cook(recipe_id, cook_id) VALUES (100, 17);
INSERT INTO recipe_cook(recipe_id, cook_id) VALUES (100, 119);
INSERT INTO recipe_cook(recipe_id, cook_id) VALUES (100, 78);
INSERT INTO recipe_cook(recipe_id, cook_id) VALUES (100, 110);
INSERT INTO recipe_cook(recipe_id, cook_id) VALUES (100, 88);
INSERT INTO recipe_cook(recipe_id, cook_id) VALUES (100, 40);
INSERT INTO recipe_cook(recipe_id, cook_id) VALUES (100, 195);
INSERT INTO recipe_cook(recipe_id, cook_id) VALUES (100, 4);
INSERT INTO recipe_cook(recipe_id, cook_id) VALUES (100, 130);
INSERT INTO recipe_cook(recipe_id, cook_id) VALUES (100, 141);
INSERT INTO recipe_cook(recipe_id, cook_id) VALUES (100, 126);
INSERT INTO recipe_cook(recipe_id, cook_id) VALUES (100, 13);
INSERT INTO recipe_cook(recipe_id, cook_id) VALUES (100, 160);
INSERT INTO recipe_cook(recipe_id, cook_id) VALUES (100, 128);
INSERT INTO recipe_cook(recipe_id, cook_id) VALUES (100, 80);
INSERT INTO recipe_cook(recipe_id, cook_id) VALUES (100, 145);
INSERT INTO recipe_cook(recipe_id, cook_id) VALUES (100, 178);
INSERT INTO recipe_cook(recipe_id, cook_id) VALUES (100, 112);
INSERT INTO recipe_cook(recipe_id, cook_id) VALUES (100, 87);
INSERT INTO recipe_cook(recipe_id, cook_id) VALUES (100, 35);
INSERT INTO recipe_cook(recipe_id, cook_id) VALUES (100, 105);
INSERT INTO recipe_cook(recipe_id, cook_id) VALUES (100, 169);
INSERT INTO recipe_cook(recipe_id, cook_id) VALUES (100, 142);
INSERT INTO recipe_cook(recipe_id, cook_id) VALUES (100, 89);
INSERT INTO recipe_cook(recipe_id, cook_id) VALUES (100, 165);
INSERT INTO recipe_cook(recipe_id, cook_id) VALUES (100, 69);
INSERT INTO recipe_cook(recipe_id, cook_id) VALUES (100, 22);
INSERT INTO recipe_cook(recipe_id, cook_id) VALUES (100, 93);
INSERT INTO recipe_cook(recipe_id, cook_id) VALUES (100, 151);
INSERT INTO recipe_cook(recipe_id, cook_id) VALUES (100, 120);
INSERT INTO recipe_cook(recipe_id, cook_id) VALUES (100, 139);
INSERT INTO recipe_cook(recipe_id, cook_id) VALUES (100, 162);
INSERT INTO recipe_cook(recipe_id, cook_id) VALUES (100, 106);
INSERT INTO recipe_cook(recipe_id, cook_id) VALUES (100, 113);
INSERT INTO recipe_cook(recipe_id, cook_id) VALUES (100, 24);
INSERT INTO recipe_cook(recipe_id, cook_id) VALUES (100, 74);
INSERT INTO recipe_cook(recipe_id, cook_id) VALUES (100, 53);
INSERT INTO recipe_theme(recipe_id, theme_id) VALUES (100, 32);
INSERT INTO recipe_tip(recipe_id, tip_id) VALUES (100, 28);
INSERT INTO recipe_tip(recipe_id, tip_id) VALUES (100, 17);


INSERT INTO recipe_ingredient(recipe_id, ingredient_id, quantity, recipe_ingredient_description, main) VALUES(1, 215, 1, NULL, 1);
INSERT INTO recipe_ingredient(recipe_id, ingredient_id, quantity, recipe_ingredient_description, main) VALUES(1, 14, NULL, 'A tablespoon of', 0);
INSERT INTO recipe_ingredient(recipe_id, ingredient_id, quantity, recipe_ingredient_description, main) VALUES(1, 202, NULL, 'Few', 0);
INSERT INTO recipe_ingredient(recipe_id, ingredient_id, quantity, recipe_ingredient_description, main) VALUES(1, 322, NULL, 'A cup', 0);
INSERT INTO recipe_ingredient(recipe_id, ingredient_id, quantity, recipe_ingredient_description, main) VALUES(1, 169, 130, 'gr', 0);
INSERT INTO recipe_ingredient(recipe_id, ingredient_id, quantity, recipe_ingredient_description, main) VALUES(1, 148, NULL, 'A cup', 0);

INSERT INTO recipe_ingredient(recipe_id, ingredient_id, quantity, recipe_ingredient_description, main) VALUES(2, 197, 1, NULL, 1);
INSERT INTO recipe_ingredient(recipe_id, ingredient_id, quantity, recipe_ingredient_description, main) VALUES(2, 150, NULL, 'A cup', 0);
INSERT INTO recipe_ingredient(recipe_id, ingredient_id, quantity, recipe_ingredient_description, main) VALUES(2, 249, NULL, 'A pinch', 0);
INSERT INTO recipe_ingredient(recipe_id, ingredient_id, quantity, recipe_ingredient_description, main) VALUES(2, 65, NULL, 'A cup', 0);
INSERT INTO recipe_ingredient(recipe_id, ingredient_id, quantity, recipe_ingredient_description, main) VALUES(2, 122, 4, NULL, 0);
INSERT INTO recipe_ingredient(recipe_id, ingredient_id, quantity, recipe_ingredient_description, main) VALUES(2, 111, NULL, 'A cup', 0);
INSERT INTO recipe_ingredient(recipe_id, ingredient_id, quantity, recipe_ingredient_description, main) VALUES(2, 181, 190, 'gr', 0);
INSERT INTO recipe_ingredient(recipe_id, ingredient_id, quantity, recipe_ingredient_description, main) VALUES(2, 261, 170, 'gr', 0);
INSERT INTO recipe_ingredient(recipe_id, ingredient_id, quantity, recipe_ingredient_description, main) VALUES(2, 120, 270, 'gr', 0);
INSERT INTO recipe_ingredient(recipe_id, ingredient_id, quantity, recipe_ingredient_description, main) VALUES(2, 110, 550, 'gr', 0);
INSERT INTO recipe_ingredient(recipe_id, ingredient_id, quantity, recipe_ingredient_description, main) VALUES(2, 277, NULL, 'A cup', 0);
INSERT INTO recipe_ingredient(recipe_id, ingredient_id, quantity, recipe_ingredient_description, main) VALUES(2, 128, NULL, 'A teaspoon of', 0);
INSERT INTO recipe_ingredient(recipe_id, ingredient_id, quantity, recipe_ingredient_description, main) VALUES(2, 361, NULL, 'A cup', 0);
INSERT INTO recipe_ingredient(recipe_id, ingredient_id, quantity, recipe_ingredient_description, main) VALUES(2, 167, NULL, 'Few', 0);
INSERT INTO recipe_ingredient(recipe_id, ingredient_id, quantity, recipe_ingredient_description, main) VALUES(2, 263, NULL, 'A pinch', 0);
INSERT INTO recipe_ingredient(recipe_id, ingredient_id, quantity, recipe_ingredient_description, main) VALUES(2, 180, NULL, 'A cup', 0);

INSERT INTO recipe_ingredient(recipe_id, ingredient_id, quantity, recipe_ingredient_description, main) VALUES(3, 97, 1, NULL, 1);
INSERT INTO recipe_ingredient(recipe_id, ingredient_id, quantity, recipe_ingredient_description, main) VALUES(3, 71, NULL, 'A pinch', 0);
INSERT INTO recipe_ingredient(recipe_id, ingredient_id, quantity, recipe_ingredient_description, main) VALUES(3, 15, NULL, 'A tablespoon of', 0);
INSERT INTO recipe_ingredient(recipe_id, ingredient_id, quantity, recipe_ingredient_description, main) VALUES(3, 241, NULL, 'A tablespoon of', 0);
INSERT INTO recipe_ingredient(recipe_id, ingredient_id, quantity, recipe_ingredient_description, main) VALUES(3, 127, NULL, 'A cup', 0);
INSERT INTO recipe_ingredient(recipe_id, ingredient_id, quantity, recipe_ingredient_description, main) VALUES(3, 6, NULL, 'A little', 0);
INSERT INTO recipe_ingredient(recipe_id, ingredient_id, quantity, recipe_ingredient_description, main) VALUES(3, 138, 6, NULL, 0);
INSERT INTO recipe_ingredient(recipe_id, ingredient_id, quantity, recipe_ingredient_description, main) VALUES(3, 84, NULL, 'A cup', 0);
INSERT INTO recipe_ingredient(recipe_id, ingredient_id, quantity, recipe_ingredient_description, main) VALUES(3, 267, NULL, 'A tablespoon of', 0);
INSERT INTO recipe_ingredient(recipe_id, ingredient_id, quantity, recipe_ingredient_description, main) VALUES(3, 287, 170, 'gr', 0);
INSERT INTO recipe_ingredient(recipe_id, ingredient_id, quantity, recipe_ingredient_description, main) VALUES(3, 290, 6, NULL, 0);
INSERT INTO recipe_ingredient(recipe_id, ingredient_id, quantity, recipe_ingredient_description, main) VALUES(3, 305, NULL, 'A tablespoon of', 0);
INSERT INTO recipe_ingredient(recipe_id, ingredient_id, quantity, recipe_ingredient_description, main) VALUES(3, 215, NULL, 'A tablespoon of', 0);
INSERT INTO recipe_ingredient(recipe_id, ingredient_id, quantity, recipe_ingredient_description, main) VALUES(3, 326, NULL, 'Few', 0);

INSERT INTO recipe_ingredient(recipe_id, ingredient_id, quantity, recipe_ingredient_description, main) VALUES(4, 309, 1, NULL, 1);
INSERT INTO recipe_ingredient(recipe_id, ingredient_id, quantity, recipe_ingredient_description, main) VALUES(4, 251, NULL, 'A tablespoon of', 0);
INSERT INTO recipe_ingredient(recipe_id, ingredient_id, quantity, recipe_ingredient_description, main) VALUES(4, 204, NULL, 'A pinch', 0);
INSERT INTO recipe_ingredient(recipe_id, ingredient_id, quantity, recipe_ingredient_description, main) VALUES(4, 235, 250, 'gr', 0);
INSERT INTO recipe_ingredient(recipe_id, ingredient_id, quantity, recipe_ingredient_description, main) VALUES(4, 227, NULL, 'A tablespoon of', 0);
INSERT INTO recipe_ingredient(recipe_id, ingredient_id, quantity, recipe_ingredient_description, main) VALUES(4, 57, NULL, 'A teaspoon of', 0);
INSERT INTO recipe_ingredient(recipe_id, ingredient_id, quantity, recipe_ingredient_description, main) VALUES(4, 194, 110, 'gr', 0);
INSERT INTO recipe_ingredient(recipe_id, ingredient_id, quantity, recipe_ingredient_description, main) VALUES(4, 89, NULL, 'Few', 0);
INSERT INTO recipe_ingredient(recipe_id, ingredient_id, quantity, recipe_ingredient_description, main) VALUES(4, 203, NULL, 'A cup', 0);
INSERT INTO recipe_ingredient(recipe_id, ingredient_id, quantity, recipe_ingredient_description, main) VALUES(4, 344, 550, 'gr', 0);
INSERT INTO recipe_ingredient(recipe_id, ingredient_id, quantity, recipe_ingredient_description, main) VALUES(4, 362, NULL, 'A little', 0);
INSERT INTO recipe_ingredient(recipe_id, ingredient_id, quantity, recipe_ingredient_description, main) VALUES(4, 20, 3, NULL, 0);
INSERT INTO recipe_ingredient(recipe_id, ingredient_id, quantity, recipe_ingredient_description, main) VALUES(4, 1, NULL, 'Few', 0);

INSERT INTO recipe_ingredient(recipe_id, ingredient_id, quantity, recipe_ingredient_description, main) VALUES(5, 69, 1, NULL, 1);
INSERT INTO recipe_ingredient(recipe_id, ingredient_id, quantity, recipe_ingredient_description, main) VALUES(5, 243, 3, NULL, 0);
INSERT INTO recipe_ingredient(recipe_id, ingredient_id, quantity, recipe_ingredient_description, main) VALUES(5, 264, 390, 'gr', 0);
INSERT INTO recipe_ingredient(recipe_id, ingredient_id, quantity, recipe_ingredient_description, main) VALUES(5, 194, NULL, 'A cup', 0);
INSERT INTO recipe_ingredient(recipe_id, ingredient_id, quantity, recipe_ingredient_description, main) VALUES(5, 81, NULL, 'A tablespoon of', 0);
INSERT INTO recipe_ingredient(recipe_id, ingredient_id, quantity, recipe_ingredient_description, main) VALUES(5, 322, NULL, 'A teaspoon of', 0);

INSERT INTO recipe_ingredient(recipe_id, ingredient_id, quantity, recipe_ingredient_description, main) VALUES(6, 18, 1, NULL, 1);
INSERT INTO recipe_ingredient(recipe_id, ingredient_id, quantity, recipe_ingredient_description, main) VALUES(6, 184, 2, NULL, 0);
INSERT INTO recipe_ingredient(recipe_id, ingredient_id, quantity, recipe_ingredient_description, main) VALUES(6, 177, NULL, 'A teaspoon of', 0);
INSERT INTO recipe_ingredient(recipe_id, ingredient_id, quantity, recipe_ingredient_description, main) VALUES(6, 265, 2, NULL, 0);
INSERT INTO recipe_ingredient(recipe_id, ingredient_id, quantity, recipe_ingredient_description, main) VALUES(6, 275, NULL, 'Few', 0);
INSERT INTO recipe_ingredient(recipe_id, ingredient_id, quantity, recipe_ingredient_description, main) VALUES(6, 43, NULL, 'Few', 0);
INSERT INTO recipe_ingredient(recipe_id, ingredient_id, quantity, recipe_ingredient_description, main) VALUES(6, 159, NULL, 'A little', 0);
INSERT INTO recipe_ingredient(recipe_id, ingredient_id, quantity, recipe_ingredient_description, main) VALUES(6, 153, NULL, 'A cup', 0);
INSERT INTO recipe_ingredient(recipe_id, ingredient_id, quantity, recipe_ingredient_description, main) VALUES(6, 68, 8, NULL, 0);
INSERT INTO recipe_ingredient(recipe_id, ingredient_id, quantity, recipe_ingredient_description, main) VALUES(6, 28, NULL, 'A pinch', 0);

INSERT INTO recipe_ingredient(recipe_id, ingredient_id, quantity, recipe_ingredient_description, main) VALUES(7, 296, 1, NULL, 1);
INSERT INTO recipe_ingredient(recipe_id, ingredient_id, quantity, recipe_ingredient_description, main) VALUES(7, 47, NULL, 'A teaspoon of', 0);
INSERT INTO recipe_ingredient(recipe_id, ingredient_id, quantity, recipe_ingredient_description, main) VALUES(7, 195, NULL, 'A teaspoon of', 0);
INSERT INTO recipe_ingredient(recipe_id, ingredient_id, quantity, recipe_ingredient_description, main) VALUES(7, 340, NULL, 'A little', 0);
INSERT INTO recipe_ingredient(recipe_id, ingredient_id, quantity, recipe_ingredient_description, main) VALUES(7, 214, NULL, 'Few', 0);
INSERT INTO recipe_ingredient(recipe_id, ingredient_id, quantity, recipe_ingredient_description, main) VALUES(7, 18, NULL, 'Few', 0);
INSERT INTO recipe_ingredient(recipe_id, ingredient_id, quantity, recipe_ingredient_description, main) VALUES(7, 184, 3, NULL, 0);
INSERT INTO recipe_ingredient(recipe_id, ingredient_id, quantity, recipe_ingredient_description, main) VALUES(7, 365, NULL, 'A pinch', 0);
INSERT INTO recipe_ingredient(recipe_id, ingredient_id, quantity, recipe_ingredient_description, main) VALUES(7, 184, NULL, 'Few', 0);

INSERT INTO recipe_ingredient(recipe_id, ingredient_id, quantity, recipe_ingredient_description, main) VALUES(8, 327, 1, NULL, 1);
INSERT INTO recipe_ingredient(recipe_id, ingredient_id, quantity, recipe_ingredient_description, main) VALUES(8, 329, 310, 'ml', 0);
INSERT INTO recipe_ingredient(recipe_id, ingredient_id, quantity, recipe_ingredient_description, main) VALUES(8, 266, 6, NULL, 0);
INSERT INTO recipe_ingredient(recipe_id, ingredient_id, quantity, recipe_ingredient_description, main) VALUES(8, 67, NULL, 'A teaspoon of', 0);
INSERT INTO recipe_ingredient(recipe_id, ingredient_id, quantity, recipe_ingredient_description, main) VALUES(8, 176, NULL, 'Few', 0);
INSERT INTO recipe_ingredient(recipe_id, ingredient_id, quantity, recipe_ingredient_description, main) VALUES(8, 327, NULL, 'A cup', 0);

INSERT INTO recipe_ingredient(recipe_id, ingredient_id, quantity, recipe_ingredient_description, main) VALUES(9, 41, 1, NULL, 1);
INSERT INTO recipe_ingredient(recipe_id, ingredient_id, quantity, recipe_ingredient_description, main) VALUES(9, 175, 470, 'gr', 0);
INSERT INTO recipe_ingredient(recipe_id, ingredient_id, quantity, recipe_ingredient_description, main) VALUES(9, 98, NULL, 'Few', 0);
INSERT INTO recipe_ingredient(recipe_id, ingredient_id, quantity, recipe_ingredient_description, main) VALUES(9, 287, 7, NULL, 0);
INSERT INTO recipe_ingredient(recipe_id, ingredient_id, quantity, recipe_ingredient_description, main) VALUES(9, 337, NULL, 'A tablespoon of', 0);
INSERT INTO recipe_ingredient(recipe_id, ingredient_id, quantity, recipe_ingredient_description, main) VALUES(9, 157, 50, 'ml', 0);
INSERT INTO recipe_ingredient(recipe_id, ingredient_id, quantity, recipe_ingredient_description, main) VALUES(9, 182, NULL, 'A teaspoon of', 0);
INSERT INTO recipe_ingredient(recipe_id, ingredient_id, quantity, recipe_ingredient_description, main) VALUES(9, 258, NULL, 'A cup', 0);
INSERT INTO recipe_ingredient(recipe_id, ingredient_id, quantity, recipe_ingredient_description, main) VALUES(9, 234, NULL, 'A little', 0);
INSERT INTO recipe_ingredient(recipe_id, ingredient_id, quantity, recipe_ingredient_description, main) VALUES(9, 76, NULL, 'A pinch', 0);
INSERT INTO recipe_ingredient(recipe_id, ingredient_id, quantity, recipe_ingredient_description, main) VALUES(9, 53, 90, 'gr', 0);
INSERT INTO recipe_ingredient(recipe_id, ingredient_id, quantity, recipe_ingredient_description, main) VALUES(9, 288, 390, 'gr', 0);
INSERT INTO recipe_ingredient(recipe_id, ingredient_id, quantity, recipe_ingredient_description, main) VALUES(9, 224, NULL, 'A teaspoon of', 0);
INSERT INTO recipe_ingredient(recipe_id, ingredient_id, quantity, recipe_ingredient_description, main) VALUES(9, 263, NULL, 'A little', 0);
INSERT INTO recipe_ingredient(recipe_id, ingredient_id, quantity, recipe_ingredient_description, main) VALUES(9, 241, 490, 'gr', 0);

INSERT INTO recipe_ingredient(recipe_id, ingredient_id, quantity, recipe_ingredient_description, main) VALUES(10, 19, 1, NULL, 1);
INSERT INTO recipe_ingredient(recipe_id, ingredient_id, quantity, recipe_ingredient_description, main) VALUES(10, 254, 2, NULL, 0);
INSERT INTO recipe_ingredient(recipe_id, ingredient_id, quantity, recipe_ingredient_description, main) VALUES(10, 121, NULL, 'Few', 0);
INSERT INTO recipe_ingredient(recipe_id, ingredient_id, quantity, recipe_ingredient_description, main) VALUES(10, 202, NULL, 'A teaspoon of', 0);
INSERT INTO recipe_ingredient(recipe_id, ingredient_id, quantity, recipe_ingredient_description, main) VALUES(10, 289, 130, 'ml', 0);
INSERT INTO recipe_ingredient(recipe_id, ingredient_id, quantity, recipe_ingredient_description, main) VALUES(10, 208, 550, 'ml', 0);
INSERT INTO recipe_ingredient(recipe_id, ingredient_id, quantity, recipe_ingredient_description, main) VALUES(10, 146, NULL, 'Few', 0);
INSERT INTO recipe_ingredient(recipe_id, ingredient_id, quantity, recipe_ingredient_description, main) VALUES(10, 305, NULL, 'A pinch', 0);
INSERT INTO recipe_ingredient(recipe_id, ingredient_id, quantity, recipe_ingredient_description, main) VALUES(10, 32, NULL, 'A pinch', 0);
INSERT INTO recipe_ingredient(recipe_id, ingredient_id, quantity, recipe_ingredient_description, main) VALUES(10, 342, 350, 'ml', 0);
INSERT INTO recipe_ingredient(recipe_id, ingredient_id, quantity, recipe_ingredient_description, main) VALUES(10, 306, NULL, 'A cup', 0);
INSERT INTO recipe_ingredient(recipe_id, ingredient_id, quantity, recipe_ingredient_description, main) VALUES(10, 251, NULL, 'A tablespoon of', 0);
INSERT INTO recipe_ingredient(recipe_id, ingredient_id, quantity, recipe_ingredient_description, main) VALUES(10, 345, 130, 'gr', 0);

INSERT INTO recipe_ingredient(recipe_id, ingredient_id, quantity, recipe_ingredient_description, main) VALUES(11, 222, 1, NULL, 1);
INSERT INTO recipe_ingredient(recipe_id, ingredient_id, quantity, recipe_ingredient_description, main) VALUES(11, 53, NULL, 'Few', 0);
INSERT INTO recipe_ingredient(recipe_id, ingredient_id, quantity, recipe_ingredient_description, main) VALUES(11, 43, NULL, 'A tablespoon of', 0);
INSERT INTO recipe_ingredient(recipe_id, ingredient_id, quantity, recipe_ingredient_description, main) VALUES(11, 105, 2, NULL, 0);
INSERT INTO recipe_ingredient(recipe_id, ingredient_id, quantity, recipe_ingredient_description, main) VALUES(11, 2, NULL, 'A pinch', 0);
INSERT INTO recipe_ingredient(recipe_id, ingredient_id, quantity, recipe_ingredient_description, main) VALUES(11, 289, 170, 'ml', 0);

INSERT INTO recipe_ingredient(recipe_id, ingredient_id, quantity, recipe_ingredient_description, main) VALUES(12, 172, 1, NULL, 1);
INSERT INTO recipe_ingredient(recipe_id, ingredient_id, quantity, recipe_ingredient_description, main) VALUES(12, 72, 250, 'gr', 0);
INSERT INTO recipe_ingredient(recipe_id, ingredient_id, quantity, recipe_ingredient_description, main) VALUES(12, 16, NULL, 'A pinch', 0);
INSERT INTO recipe_ingredient(recipe_id, ingredient_id, quantity, recipe_ingredient_description, main) VALUES(12, 298, 670, 'gr', 0);
INSERT INTO recipe_ingredient(recipe_id, ingredient_id, quantity, recipe_ingredient_description, main) VALUES(12, 40, NULL, 'A tablespoon of', 0);
INSERT INTO recipe_ingredient(recipe_id, ingredient_id, quantity, recipe_ingredient_description, main) VALUES(12, 364, NULL, 'A teaspoon of', 0);
INSERT INTO recipe_ingredient(recipe_id, ingredient_id, quantity, recipe_ingredient_description, main) VALUES(12, 42, 310, 'gr', 0);
INSERT INTO recipe_ingredient(recipe_id, ingredient_id, quantity, recipe_ingredient_description, main) VALUES(12, 365, NULL, 'Few', 0);
INSERT INTO recipe_ingredient(recipe_id, ingredient_id, quantity, recipe_ingredient_description, main) VALUES(12, 52, NULL, 'A tablespoon of', 0);
INSERT INTO recipe_ingredient(recipe_id, ingredient_id, quantity, recipe_ingredient_description, main) VALUES(12, 54, 390, 'gr', 0);
INSERT INTO recipe_ingredient(recipe_id, ingredient_id, quantity, recipe_ingredient_description, main) VALUES(12, 141, NULL, 'Few', 0);
INSERT INTO recipe_ingredient(recipe_id, ingredient_id, quantity, recipe_ingredient_description, main) VALUES(12, 84, NULL, 'A cup', 0);
INSERT INTO recipe_ingredient(recipe_id, ingredient_id, quantity, recipe_ingredient_description, main) VALUES(12, 14, NULL, 'A pinch', 0);
INSERT INTO recipe_ingredient(recipe_id, ingredient_id, quantity, recipe_ingredient_description, main) VALUES(12, 24, NULL, 'A teaspoon of', 0);
INSERT INTO recipe_ingredient(recipe_id, ingredient_id, quantity, recipe_ingredient_description, main) VALUES(12, 104, 4, NULL, 0);

INSERT INTO recipe_ingredient(recipe_id, ingredient_id, quantity, recipe_ingredient_description, main) VALUES(13, 162, 1, NULL, 1);
INSERT INTO recipe_ingredient(recipe_id, ingredient_id, quantity, recipe_ingredient_description, main) VALUES(13, 235, NULL, 'Few', 0);
INSERT INTO recipe_ingredient(recipe_id, ingredient_id, quantity, recipe_ingredient_description, main) VALUES(13, 48, 90, 'gr', 0);
INSERT INTO recipe_ingredient(recipe_id, ingredient_id, quantity, recipe_ingredient_description, main) VALUES(13, 305, NULL, 'A little', 0);
INSERT INTO recipe_ingredient(recipe_id, ingredient_id, quantity, recipe_ingredient_description, main) VALUES(13, 152, NULL, 'A pinch', 0);
INSERT INTO recipe_ingredient(recipe_id, ingredient_id, quantity, recipe_ingredient_description, main) VALUES(13, 1, NULL, 'A teaspoon of', 0);
INSERT INTO recipe_ingredient(recipe_id, ingredient_id, quantity, recipe_ingredient_description, main) VALUES(13, 84, NULL, 'A teaspoon of', 0);
INSERT INTO recipe_ingredient(recipe_id, ingredient_id, quantity, recipe_ingredient_description, main) VALUES(13, 131, NULL, 'A teaspoon of', 0);
INSERT INTO recipe_ingredient(recipe_id, ingredient_id, quantity, recipe_ingredient_description, main) VALUES(13, 271, NULL, 'A pinch', 0);
INSERT INTO recipe_ingredient(recipe_id, ingredient_id, quantity, recipe_ingredient_description, main) VALUES(13, 50, NULL, 'Few', 0);
INSERT INTO recipe_ingredient(recipe_id, ingredient_id, quantity, recipe_ingredient_description, main) VALUES(13, 168, 2, NULL, 0);
INSERT INTO recipe_ingredient(recipe_id, ingredient_id, quantity, recipe_ingredient_description, main) VALUES(13, 268, NULL, 'Few', 0);

INSERT INTO recipe_ingredient(recipe_id, ingredient_id, quantity, recipe_ingredient_description, main) VALUES(14, 308, 1, NULL, 1);
INSERT INTO recipe_ingredient(recipe_id, ingredient_id, quantity, recipe_ingredient_description, main) VALUES(14, 302, NULL, 'A tablespoon of', 0);
INSERT INTO recipe_ingredient(recipe_id, ingredient_id, quantity, recipe_ingredient_description, main) VALUES(14, 214, NULL, 'A cup', 0);
INSERT INTO recipe_ingredient(recipe_id, ingredient_id, quantity, recipe_ingredient_description, main) VALUES(14, 94, NULL, 'A cup', 0);
INSERT INTO recipe_ingredient(recipe_id, ingredient_id, quantity, recipe_ingredient_description, main) VALUES(14, 153, 450, 'ml', 0);
INSERT INTO recipe_ingredient(recipe_id, ingredient_id, quantity, recipe_ingredient_description, main) VALUES(14, 42, NULL, 'A cup', 0);
INSERT INTO recipe_ingredient(recipe_id, ingredient_id, quantity, recipe_ingredient_description, main) VALUES(14, 243, 6, NULL, 0);
INSERT INTO recipe_ingredient(recipe_id, ingredient_id, quantity, recipe_ingredient_description, main) VALUES(14, 326, NULL, 'A tablespoon of', 0);
INSERT INTO recipe_ingredient(recipe_id, ingredient_id, quantity, recipe_ingredient_description, main) VALUES(14, 73, NULL, 'A cup', 0);
INSERT INTO recipe_ingredient(recipe_id, ingredient_id, quantity, recipe_ingredient_description, main) VALUES(14, 153, 570, 'gr', 0);
INSERT INTO recipe_ingredient(recipe_id, ingredient_id, quantity, recipe_ingredient_description, main) VALUES(14, 58, NULL, 'A teaspoon of', 0);
INSERT INTO recipe_ingredient(recipe_id, ingredient_id, quantity, recipe_ingredient_description, main) VALUES(14, 272, NULL, 'Few', 0);
INSERT INTO recipe_ingredient(recipe_id, ingredient_id, quantity, recipe_ingredient_description, main) VALUES(14, 149, NULL, 'A pinch', 0);

INSERT INTO recipe_ingredient(recipe_id, ingredient_id, quantity, recipe_ingredient_description, main) VALUES(15, 350, 1, NULL, 1);
INSERT INTO recipe_ingredient(recipe_id, ingredient_id, quantity, recipe_ingredient_description, main) VALUES(15, 81, NULL, 'A teaspoon of', 0);
INSERT INTO recipe_ingredient(recipe_id, ingredient_id, quantity, recipe_ingredient_description, main) VALUES(15, 69, NULL, 'A cup', 0);
INSERT INTO recipe_ingredient(recipe_id, ingredient_id, quantity, recipe_ingredient_description, main) VALUES(15, 315, NULL, 'A pinch', 0);
INSERT INTO recipe_ingredient(recipe_id, ingredient_id, quantity, recipe_ingredient_description, main) VALUES(15, 108, NULL, 'A tablespoon of', 0);
INSERT INTO recipe_ingredient(recipe_id, ingredient_id, quantity, recipe_ingredient_description, main) VALUES(15, 97, 270, 'gr', 0);
INSERT INTO recipe_ingredient(recipe_id, ingredient_id, quantity, recipe_ingredient_description, main) VALUES(15, 354, 50, 'ml', 0);
INSERT INTO recipe_ingredient(recipe_id, ingredient_id, quantity, recipe_ingredient_description, main) VALUES(15, 301, NULL, 'A tablespoon of', 0);
INSERT INTO recipe_ingredient(recipe_id, ingredient_id, quantity, recipe_ingredient_description, main) VALUES(15, 180, NULL, 'A cup', 0);
INSERT INTO recipe_ingredient(recipe_id, ingredient_id, quantity, recipe_ingredient_description, main) VALUES(15, 188, 370, 'gr', 0);

INSERT INTO recipe_ingredient(recipe_id, ingredient_id, quantity, recipe_ingredient_description, main) VALUES(16, 270, 1, NULL, 1);
INSERT INTO recipe_ingredient(recipe_id, ingredient_id, quantity, recipe_ingredient_description, main) VALUES(16, 200, NULL, 'A cup', 0);
INSERT INTO recipe_ingredient(recipe_id, ingredient_id, quantity, recipe_ingredient_description, main) VALUES(16, 179, NULL, 'A tablespoon of', 0);
INSERT INTO recipe_ingredient(recipe_id, ingredient_id, quantity, recipe_ingredient_description, main) VALUES(16, 346, 210, 'ml', 0);
INSERT INTO recipe_ingredient(recipe_id, ingredient_id, quantity, recipe_ingredient_description, main) VALUES(16, 9, NULL, 'A cup', 0);
INSERT INTO recipe_ingredient(recipe_id, ingredient_id, quantity, recipe_ingredient_description, main) VALUES(16, 134, NULL, 'A pinch', 0);
INSERT INTO recipe_ingredient(recipe_id, ingredient_id, quantity, recipe_ingredient_description, main) VALUES(16, 16, NULL, 'A teaspoon of', 0);
INSERT INTO recipe_ingredient(recipe_id, ingredient_id, quantity, recipe_ingredient_description, main) VALUES(16, 253, 490, 'gr', 0);
INSERT INTO recipe_ingredient(recipe_id, ingredient_id, quantity, recipe_ingredient_description, main) VALUES(16, 213, 2, NULL, 0);
INSERT INTO recipe_ingredient(recipe_id, ingredient_id, quantity, recipe_ingredient_description, main) VALUES(16, 110, NULL, 'Few', 0);
INSERT INTO recipe_ingredient(recipe_id, ingredient_id, quantity, recipe_ingredient_description, main) VALUES(16, 118, 5, NULL, 0);
INSERT INTO recipe_ingredient(recipe_id, ingredient_id, quantity, recipe_ingredient_description, main) VALUES(16, 314, NULL, 'A tablespoon of', 0);
INSERT INTO recipe_ingredient(recipe_id, ingredient_id, quantity, recipe_ingredient_description, main) VALUES(16, 357, NULL, 'A little', 0);
INSERT INTO recipe_ingredient(recipe_id, ingredient_id, quantity, recipe_ingredient_description, main) VALUES(16, 362, NULL, 'A little', 0);
INSERT INTO recipe_ingredient(recipe_id, ingredient_id, quantity, recipe_ingredient_description, main) VALUES(16, 162, 490, 'ml', 0);
INSERT INTO recipe_ingredient(recipe_id, ingredient_id, quantity, recipe_ingredient_description, main) VALUES(16, 365, NULL, 'A tablespoon of', 0);

INSERT INTO recipe_ingredient(recipe_id, ingredient_id, quantity, recipe_ingredient_description, main) VALUES(17, 35, 1, NULL, 1);
INSERT INTO recipe_ingredient(recipe_id, ingredient_id, quantity, recipe_ingredient_description, main) VALUES(17, 84, NULL, 'Few', 0);
INSERT INTO recipe_ingredient(recipe_id, ingredient_id, quantity, recipe_ingredient_description, main) VALUES(17, 248, 8, NULL, 0);
INSERT INTO recipe_ingredient(recipe_id, ingredient_id, quantity, recipe_ingredient_description, main) VALUES(17, 29, NULL, 'A tablespoon of', 0);
INSERT INTO recipe_ingredient(recipe_id, ingredient_id, quantity, recipe_ingredient_description, main) VALUES(17, 291, NULL, 'Few', 0);
INSERT INTO recipe_ingredient(recipe_id, ingredient_id, quantity, recipe_ingredient_description, main) VALUES(17, 148, 370, 'ml', 0);
INSERT INTO recipe_ingredient(recipe_id, ingredient_id, quantity, recipe_ingredient_description, main) VALUES(17, 223, NULL, 'Few', 0);

INSERT INTO recipe_ingredient(recipe_id, ingredient_id, quantity, recipe_ingredient_description, main) VALUES(18, 282, 1, NULL, 1);
INSERT INTO recipe_ingredient(recipe_id, ingredient_id, quantity, recipe_ingredient_description, main) VALUES(18, 245, NULL, 'A teaspoon of', 0);
INSERT INTO recipe_ingredient(recipe_id, ingredient_id, quantity, recipe_ingredient_description, main) VALUES(18, 264, 330, 'gr', 0);
INSERT INTO recipe_ingredient(recipe_id, ingredient_id, quantity, recipe_ingredient_description, main) VALUES(18, 66, NULL, 'A teaspoon of', 0);
INSERT INTO recipe_ingredient(recipe_id, ingredient_id, quantity, recipe_ingredient_description, main) VALUES(18, 235, 450, 'gr', 0);
INSERT INTO recipe_ingredient(recipe_id, ingredient_id, quantity, recipe_ingredient_description, main) VALUES(18, 173, NULL, 'A tablespoon of', 0);
INSERT INTO recipe_ingredient(recipe_id, ingredient_id, quantity, recipe_ingredient_description, main) VALUES(18, 116, NULL, 'Few', 0);
INSERT INTO recipe_ingredient(recipe_id, ingredient_id, quantity, recipe_ingredient_description, main) VALUES(18, 49, NULL, 'A little', 0);
INSERT INTO recipe_ingredient(recipe_id, ingredient_id, quantity, recipe_ingredient_description, main) VALUES(18, 107, 150, 'ml', 0);
INSERT INTO recipe_ingredient(recipe_id, ingredient_id, quantity, recipe_ingredient_description, main) VALUES(18, 172, NULL, 'A tablespoon of', 0);
INSERT INTO recipe_ingredient(recipe_id, ingredient_id, quantity, recipe_ingredient_description, main) VALUES(18, 335, 450, 'ml', 0);

INSERT INTO recipe_ingredient(recipe_id, ingredient_id, quantity, recipe_ingredient_description, main) VALUES(19, 66, 1, NULL, 1);
INSERT INTO recipe_ingredient(recipe_id, ingredient_id, quantity, recipe_ingredient_description, main) VALUES(19, 136, NULL, 'Few', 0);
INSERT INTO recipe_ingredient(recipe_id, ingredient_id, quantity, recipe_ingredient_description, main) VALUES(19, 294, NULL, 'A little', 0);
INSERT INTO recipe_ingredient(recipe_id, ingredient_id, quantity, recipe_ingredient_description, main) VALUES(19, 9, 530, 'ml', 0);
INSERT INTO recipe_ingredient(recipe_id, ingredient_id, quantity, recipe_ingredient_description, main) VALUES(19, 35, NULL, 'A teaspoon of', 0);
INSERT INTO recipe_ingredient(recipe_id, ingredient_id, quantity, recipe_ingredient_description, main) VALUES(19, 41, NULL, 'A little', 0);
INSERT INTO recipe_ingredient(recipe_id, ingredient_id, quantity, recipe_ingredient_description, main) VALUES(19, 13, NULL, 'A teaspoon of', 0);
INSERT INTO recipe_ingredient(recipe_id, ingredient_id, quantity, recipe_ingredient_description, main) VALUES(19, 243, NULL, 'A little', 0);
INSERT INTO recipe_ingredient(recipe_id, ingredient_id, quantity, recipe_ingredient_description, main) VALUES(19, 212, NULL, 'A tablespoon of', 0);
INSERT INTO recipe_ingredient(recipe_id, ingredient_id, quantity, recipe_ingredient_description, main) VALUES(19, 173, NULL, 'A pinch', 0);
INSERT INTO recipe_ingredient(recipe_id, ingredient_id, quantity, recipe_ingredient_description, main) VALUES(19, 325, 350, 'gr', 0);
INSERT INTO recipe_ingredient(recipe_id, ingredient_id, quantity, recipe_ingredient_description, main) VALUES(19, 172, NULL, 'Few', 0);
INSERT INTO recipe_ingredient(recipe_id, ingredient_id, quantity, recipe_ingredient_description, main) VALUES(19, 123, 610, 'gr', 0);

INSERT INTO recipe_ingredient(recipe_id, ingredient_id, quantity, recipe_ingredient_description, main) VALUES(20, 351, 1, NULL, 1);
INSERT INTO recipe_ingredient(recipe_id, ingredient_id, quantity, recipe_ingredient_description, main) VALUES(20, 164, NULL, 'Few', 0);
INSERT INTO recipe_ingredient(recipe_id, ingredient_id, quantity, recipe_ingredient_description, main) VALUES(20, 184, 150, 'ml', 0);
INSERT INTO recipe_ingredient(recipe_id, ingredient_id, quantity, recipe_ingredient_description, main) VALUES(20, 132, NULL, 'A tablespoon of', 0);
INSERT INTO recipe_ingredient(recipe_id, ingredient_id, quantity, recipe_ingredient_description, main) VALUES(20, 359, NULL, 'A tablespoon of', 0);
INSERT INTO recipe_ingredient(recipe_id, ingredient_id, quantity, recipe_ingredient_description, main) VALUES(20, 83, 6, NULL, 0);
INSERT INTO recipe_ingredient(recipe_id, ingredient_id, quantity, recipe_ingredient_description, main) VALUES(20, 358, 130, 'gr', 0);
INSERT INTO recipe_ingredient(recipe_id, ingredient_id, quantity, recipe_ingredient_description, main) VALUES(20, 223, NULL, 'A teaspoon of', 0);
INSERT INTO recipe_ingredient(recipe_id, ingredient_id, quantity, recipe_ingredient_description, main) VALUES(20, 144, NULL, 'A teaspoon of', 0);
INSERT INTO recipe_ingredient(recipe_id, ingredient_id, quantity, recipe_ingredient_description, main) VALUES(20, 269, NULL, 'Few', 0);
INSERT INTO recipe_ingredient(recipe_id, ingredient_id, quantity, recipe_ingredient_description, main) VALUES(20, 190, 470, 'gr', 0);
INSERT INTO recipe_ingredient(recipe_id, ingredient_id, quantity, recipe_ingredient_description, main) VALUES(20, 335, NULL, 'A teaspoon of', 0);
INSERT INTO recipe_ingredient(recipe_id, ingredient_id, quantity, recipe_ingredient_description, main) VALUES(20, 352, 350, 'gr', 0);

INSERT INTO recipe_ingredient(recipe_id, ingredient_id, quantity, recipe_ingredient_description, main) VALUES(21, 298, 1, NULL, 1);
INSERT INTO recipe_ingredient(recipe_id, ingredient_id, quantity, recipe_ingredient_description, main) VALUES(21, 150, 6, NULL, 0);
INSERT INTO recipe_ingredient(recipe_id, ingredient_id, quantity, recipe_ingredient_description, main) VALUES(21, 315, 250, 'gr', 0);
INSERT INTO recipe_ingredient(recipe_id, ingredient_id, quantity, recipe_ingredient_description, main) VALUES(21, 15, NULL, 'A little', 0);
INSERT INTO recipe_ingredient(recipe_id, ingredient_id, quantity, recipe_ingredient_description, main) VALUES(21, 38, NULL, 'A tablespoon of', 0);
INSERT INTO recipe_ingredient(recipe_id, ingredient_id, quantity, recipe_ingredient_description, main) VALUES(21, 171, NULL, 'Few', 0);
INSERT INTO recipe_ingredient(recipe_id, ingredient_id, quantity, recipe_ingredient_description, main) VALUES(21, 68, NULL, 'A tablespoon of', 0);
INSERT INTO recipe_ingredient(recipe_id, ingredient_id, quantity, recipe_ingredient_description, main) VALUES(21, 269, 570, 'gr', 0);
INSERT INTO recipe_ingredient(recipe_id, ingredient_id, quantity, recipe_ingredient_description, main) VALUES(21, 276, NULL, 'A tablespoon of', 0);
INSERT INTO recipe_ingredient(recipe_id, ingredient_id, quantity, recipe_ingredient_description, main) VALUES(21, 177, 410, 'gr', 0);

INSERT INTO recipe_ingredient(recipe_id, ingredient_id, quantity, recipe_ingredient_description, main) VALUES(22, 259, 1, NULL, 1);
INSERT INTO recipe_ingredient(recipe_id, ingredient_id, quantity, recipe_ingredient_description, main) VALUES(22, 61, 8, NULL, 0);
INSERT INTO recipe_ingredient(recipe_id, ingredient_id, quantity, recipe_ingredient_description, main) VALUES(22, 219, 130, 'ml', 0);
INSERT INTO recipe_ingredient(recipe_id, ingredient_id, quantity, recipe_ingredient_description, main) VALUES(22, 253, NULL, 'A little', 0);
INSERT INTO recipe_ingredient(recipe_id, ingredient_id, quantity, recipe_ingredient_description, main) VALUES(22, 146, NULL, 'A tablespoon of', 0);
INSERT INTO recipe_ingredient(recipe_id, ingredient_id, quantity, recipe_ingredient_description, main) VALUES(22, 337, 690, 'ml', 0);
INSERT INTO recipe_ingredient(recipe_id, ingredient_id, quantity, recipe_ingredient_description, main) VALUES(22, 5, NULL, 'A cup', 0);
INSERT INTO recipe_ingredient(recipe_id, ingredient_id, quantity, recipe_ingredient_description, main) VALUES(22, 24, 470, 'ml', 0);
INSERT INTO recipe_ingredient(recipe_id, ingredient_id, quantity, recipe_ingredient_description, main) VALUES(22, 167, NULL, 'A pinch', 0);
INSERT INTO recipe_ingredient(recipe_id, ingredient_id, quantity, recipe_ingredient_description, main) VALUES(22, 348, NULL, 'A cup', 0);
INSERT INTO recipe_ingredient(recipe_id, ingredient_id, quantity, recipe_ingredient_description, main) VALUES(22, 205, NULL, 'A little', 0);
INSERT INTO recipe_ingredient(recipe_id, ingredient_id, quantity, recipe_ingredient_description, main) VALUES(22, 52, NULL, 'A pinch', 0);

INSERT INTO recipe_ingredient(recipe_id, ingredient_id, quantity, recipe_ingredient_description, main) VALUES(23, 12, 1, NULL, 1);
INSERT INTO recipe_ingredient(recipe_id, ingredient_id, quantity, recipe_ingredient_description, main) VALUES(23, 1, NULL, 'A teaspoon of', 0);
INSERT INTO recipe_ingredient(recipe_id, ingredient_id, quantity, recipe_ingredient_description, main) VALUES(23, 8, NULL, 'A pinch', 0);
INSERT INTO recipe_ingredient(recipe_id, ingredient_id, quantity, recipe_ingredient_description, main) VALUES(23, 165, NULL, 'A pinch', 0);
INSERT INTO recipe_ingredient(recipe_id, ingredient_id, quantity, recipe_ingredient_description, main) VALUES(23, 294, 7, NULL, 0);
INSERT INTO recipe_ingredient(recipe_id, ingredient_id, quantity, recipe_ingredient_description, main) VALUES(23, 19, NULL, 'Few', 0);
INSERT INTO recipe_ingredient(recipe_id, ingredient_id, quantity, recipe_ingredient_description, main) VALUES(23, 206, NULL, 'A cup', 0);
INSERT INTO recipe_ingredient(recipe_id, ingredient_id, quantity, recipe_ingredient_description, main) VALUES(23, 279, NULL, 'A pinch', 0);
INSERT INTO recipe_ingredient(recipe_id, ingredient_id, quantity, recipe_ingredient_description, main) VALUES(23, 208, 3, NULL, 0);
INSERT INTO recipe_ingredient(recipe_id, ingredient_id, quantity, recipe_ingredient_description, main) VALUES(23, 274, NULL, 'A little', 0);
INSERT INTO recipe_ingredient(recipe_id, ingredient_id, quantity, recipe_ingredient_description, main) VALUES(23, 351, NULL, 'A teaspoon of', 0);
INSERT INTO recipe_ingredient(recipe_id, ingredient_id, quantity, recipe_ingredient_description, main) VALUES(23, 35, NULL, 'A cup', 0);

INSERT INTO recipe_ingredient(recipe_id, ingredient_id, quantity, recipe_ingredient_description, main) VALUES(24, 349, 1, NULL, 1);
INSERT INTO recipe_ingredient(recipe_id, ingredient_id, quantity, recipe_ingredient_description, main) VALUES(24, 199, NULL, 'A pinch', 0);
INSERT INTO recipe_ingredient(recipe_id, ingredient_id, quantity, recipe_ingredient_description, main) VALUES(24, 170, NULL, 'A tablespoon of', 0);
INSERT INTO recipe_ingredient(recipe_id, ingredient_id, quantity, recipe_ingredient_description, main) VALUES(24, 317, NULL, 'Few', 0);
INSERT INTO recipe_ingredient(recipe_id, ingredient_id, quantity, recipe_ingredient_description, main) VALUES(24, 123, NULL, 'Few', 0);
INSERT INTO recipe_ingredient(recipe_id, ingredient_id, quantity, recipe_ingredient_description, main) VALUES(24, 254, 7, NULL, 0);
INSERT INTO recipe_ingredient(recipe_id, ingredient_id, quantity, recipe_ingredient_description, main) VALUES(24, 354, NULL, 'A pinch', 0);
INSERT INTO recipe_ingredient(recipe_id, ingredient_id, quantity, recipe_ingredient_description, main) VALUES(24, 188, NULL, 'A teaspoon of', 0);

INSERT INTO recipe_ingredient(recipe_id, ingredient_id, quantity, recipe_ingredient_description, main) VALUES(25, 274, 1, NULL, 1);
INSERT INTO recipe_ingredient(recipe_id, ingredient_id, quantity, recipe_ingredient_description, main) VALUES(25, 176, 370, 'ml', 0);
INSERT INTO recipe_ingredient(recipe_id, ingredient_id, quantity, recipe_ingredient_description, main) VALUES(25, 13, NULL, 'A tablespoon of', 0);
INSERT INTO recipe_ingredient(recipe_id, ingredient_id, quantity, recipe_ingredient_description, main) VALUES(25, 239, 630, 'ml', 0);
INSERT INTO recipe_ingredient(recipe_id, ingredient_id, quantity, recipe_ingredient_description, main) VALUES(25, 118, 250, 'ml', 0);
INSERT INTO recipe_ingredient(recipe_id, ingredient_id, quantity, recipe_ingredient_description, main) VALUES(25, 31, NULL, 'A little', 0);
INSERT INTO recipe_ingredient(recipe_id, ingredient_id, quantity, recipe_ingredient_description, main) VALUES(25, 97, NULL, 'A little', 0);
INSERT INTO recipe_ingredient(recipe_id, ingredient_id, quantity, recipe_ingredient_description, main) VALUES(25, 51, NULL, 'A tablespoon of', 0);
INSERT INTO recipe_ingredient(recipe_id, ingredient_id, quantity, recipe_ingredient_description, main) VALUES(25, 232, NULL, 'Few', 0);
INSERT INTO recipe_ingredient(recipe_id, ingredient_id, quantity, recipe_ingredient_description, main) VALUES(25, 61, NULL, 'Few', 0);
INSERT INTO recipe_ingredient(recipe_id, ingredient_id, quantity, recipe_ingredient_description, main) VALUES(25, 213, NULL, 'A pinch', 0);
INSERT INTO recipe_ingredient(recipe_id, ingredient_id, quantity, recipe_ingredient_description, main) VALUES(25, 319, 3, NULL, 0);
INSERT INTO recipe_ingredient(recipe_id, ingredient_id, quantity, recipe_ingredient_description, main) VALUES(25, 66, NULL, 'A tablespoon of', 0);
INSERT INTO recipe_ingredient(recipe_id, ingredient_id, quantity, recipe_ingredient_description, main) VALUES(25, 271, NULL, 'A cup', 0);

INSERT INTO recipe_ingredient(recipe_id, ingredient_id, quantity, recipe_ingredient_description, main) VALUES(26, 250, 1, NULL, 1);
INSERT INTO recipe_ingredient(recipe_id, ingredient_id, quantity, recipe_ingredient_description, main) VALUES(26, 86, NULL, 'A teaspoon of', 0);
INSERT INTO recipe_ingredient(recipe_id, ingredient_id, quantity, recipe_ingredient_description, main) VALUES(26, 279, NULL, 'A teaspoon of', 0);
INSERT INTO recipe_ingredient(recipe_id, ingredient_id, quantity, recipe_ingredient_description, main) VALUES(26, 22, NULL, 'A pinch', 0);
INSERT INTO recipe_ingredient(recipe_id, ingredient_id, quantity, recipe_ingredient_description, main) VALUES(26, 92, NULL, 'A pinch', 0);
INSERT INTO recipe_ingredient(recipe_id, ingredient_id, quantity, recipe_ingredient_description, main) VALUES(26, 225, 270, 'ml', 0);
INSERT INTO recipe_ingredient(recipe_id, ingredient_id, quantity, recipe_ingredient_description, main) VALUES(26, 27, 150, 'ml', 0);

INSERT INTO recipe_ingredient(recipe_id, ingredient_id, quantity, recipe_ingredient_description, main) VALUES(27, 262, 1, NULL, 1);
INSERT INTO recipe_ingredient(recipe_id, ingredient_id, quantity, recipe_ingredient_description, main) VALUES(27, 296, NULL, 'A tablespoon of', 0);
INSERT INTO recipe_ingredient(recipe_id, ingredient_id, quantity, recipe_ingredient_description, main) VALUES(27, 81, NULL, 'A tablespoon of', 0);
INSERT INTO recipe_ingredient(recipe_id, ingredient_id, quantity, recipe_ingredient_description, main) VALUES(27, 326, NULL, 'A cup', 0);
INSERT INTO recipe_ingredient(recipe_id, ingredient_id, quantity, recipe_ingredient_description, main) VALUES(27, 37, 6, NULL, 0);
INSERT INTO recipe_ingredient(recipe_id, ingredient_id, quantity, recipe_ingredient_description, main) VALUES(27, 236, NULL, 'A pinch', 0);
INSERT INTO recipe_ingredient(recipe_id, ingredient_id, quantity, recipe_ingredient_description, main) VALUES(27, 172, NULL, 'Few', 0);

INSERT INTO recipe_ingredient(recipe_id, ingredient_id, quantity, recipe_ingredient_description, main) VALUES(28, 295, 1, NULL, 1);
INSERT INTO recipe_ingredient(recipe_id, ingredient_id, quantity, recipe_ingredient_description, main) VALUES(28, 46, NULL, 'A cup', 0);
INSERT INTO recipe_ingredient(recipe_id, ingredient_id, quantity, recipe_ingredient_description, main) VALUES(28, 86, NULL, 'A cup', 0);
INSERT INTO recipe_ingredient(recipe_id, ingredient_id, quantity, recipe_ingredient_description, main) VALUES(28, 321, NULL, 'A little', 0);
INSERT INTO recipe_ingredient(recipe_id, ingredient_id, quantity, recipe_ingredient_description, main) VALUES(28, 294, NULL, 'A cup', 0);
INSERT INTO recipe_ingredient(recipe_id, ingredient_id, quantity, recipe_ingredient_description, main) VALUES(28, 227, NULL, 'A little', 0);
INSERT INTO recipe_ingredient(recipe_id, ingredient_id, quantity, recipe_ingredient_description, main) VALUES(28, 220, NULL, 'A cup', 0);
INSERT INTO recipe_ingredient(recipe_id, ingredient_id, quantity, recipe_ingredient_description, main) VALUES(28, 113, NULL, 'A pinch', 0);
INSERT INTO recipe_ingredient(recipe_id, ingredient_id, quantity, recipe_ingredient_description, main) VALUES(28, 4, NULL, 'A little', 0);
INSERT INTO recipe_ingredient(recipe_id, ingredient_id, quantity, recipe_ingredient_description, main) VALUES(28, 304, NULL, 'A cup', 0);
INSERT INTO recipe_ingredient(recipe_id, ingredient_id, quantity, recipe_ingredient_description, main) VALUES(28, 356, NULL, 'A pinch', 0);
INSERT INTO recipe_ingredient(recipe_id, ingredient_id, quantity, recipe_ingredient_description, main) VALUES(28, 337, 3, NULL, 0);

INSERT INTO recipe_ingredient(recipe_id, ingredient_id, quantity, recipe_ingredient_description, main) VALUES(29, 348, 1, NULL, 1);
INSERT INTO recipe_ingredient(recipe_id, ingredient_id, quantity, recipe_ingredient_description, main) VALUES(29, 20, NULL, 'A cup', 0);
INSERT INTO recipe_ingredient(recipe_id, ingredient_id, quantity, recipe_ingredient_description, main) VALUES(29, 59, 90, 'ml', 0);
INSERT INTO recipe_ingredient(recipe_id, ingredient_id, quantity, recipe_ingredient_description, main) VALUES(29, 104, 650, 'gr', 0);
INSERT INTO recipe_ingredient(recipe_id, ingredient_id, quantity, recipe_ingredient_description, main) VALUES(29, 299, 210, 'gr', 0);
INSERT INTO recipe_ingredient(recipe_id, ingredient_id, quantity, recipe_ingredient_description, main) VALUES(29, 363, NULL, 'A tablespoon of', 0);
INSERT INTO recipe_ingredient(recipe_id, ingredient_id, quantity, recipe_ingredient_description, main) VALUES(29, 91, 4, NULL, 0);
INSERT INTO recipe_ingredient(recipe_id, ingredient_id, quantity, recipe_ingredient_description, main) VALUES(29, 80, NULL, 'Few', 0);
INSERT INTO recipe_ingredient(recipe_id, ingredient_id, quantity, recipe_ingredient_description, main) VALUES(29, 152, 250, 'gr', 0);
INSERT INTO recipe_ingredient(recipe_id, ingredient_id, quantity, recipe_ingredient_description, main) VALUES(29, 64, NULL, 'A pinch', 0);
INSERT INTO recipe_ingredient(recipe_id, ingredient_id, quantity, recipe_ingredient_description, main) VALUES(29, 22, NULL, 'A cup', 0);
INSERT INTO recipe_ingredient(recipe_id, ingredient_id, quantity, recipe_ingredient_description, main) VALUES(29, 212, 4, NULL, 0);
INSERT INTO recipe_ingredient(recipe_id, ingredient_id, quantity, recipe_ingredient_description, main) VALUES(29, 30, NULL, 'A teaspoon of', 0);
INSERT INTO recipe_ingredient(recipe_id, ingredient_id, quantity, recipe_ingredient_description, main) VALUES(29, 226, NULL, 'A pinch', 0);
INSERT INTO recipe_ingredient(recipe_id, ingredient_id, quantity, recipe_ingredient_description, main) VALUES(29, 54, NULL, 'A tablespoon of', 0);

INSERT INTO recipe_ingredient(recipe_id, ingredient_id, quantity, recipe_ingredient_description, main) VALUES(30, 176, 1, NULL, 1);
INSERT INTO recipe_ingredient(recipe_id, ingredient_id, quantity, recipe_ingredient_description, main) VALUES(30, 140, NULL, 'A teaspoon of', 0);
INSERT INTO recipe_ingredient(recipe_id, ingredient_id, quantity, recipe_ingredient_description, main) VALUES(30, 365, NULL, 'A pinch', 0);
INSERT INTO recipe_ingredient(recipe_id, ingredient_id, quantity, recipe_ingredient_description, main) VALUES(30, 315, 7, NULL, 0);
INSERT INTO recipe_ingredient(recipe_id, ingredient_id, quantity, recipe_ingredient_description, main) VALUES(30, 206, 190, 'gr', 0);
INSERT INTO recipe_ingredient(recipe_id, ingredient_id, quantity, recipe_ingredient_description, main) VALUES(30, 160, 350, 'gr', 0);
INSERT INTO recipe_ingredient(recipe_id, ingredient_id, quantity, recipe_ingredient_description, main) VALUES(30, 20, NULL, 'Few', 0);
INSERT INTO recipe_ingredient(recipe_id, ingredient_id, quantity, recipe_ingredient_description, main) VALUES(30, 131, NULL, 'Few', 0);
INSERT INTO recipe_ingredient(recipe_id, ingredient_id, quantity, recipe_ingredient_description, main) VALUES(30, 243, NULL, 'A pinch', 0);

INSERT INTO recipe_ingredient(recipe_id, ingredient_id, quantity, recipe_ingredient_description, main) VALUES(31, 166, 1, NULL, 1);
INSERT INTO recipe_ingredient(recipe_id, ingredient_id, quantity, recipe_ingredient_description, main) VALUES(31, 201, NULL, 'A cup', 0);
INSERT INTO recipe_ingredient(recipe_id, ingredient_id, quantity, recipe_ingredient_description, main) VALUES(31, 334, NULL, 'A teaspoon of', 0);
INSERT INTO recipe_ingredient(recipe_id, ingredient_id, quantity, recipe_ingredient_description, main) VALUES(31, 363, NULL, 'A tablespoon of', 0);
INSERT INTO recipe_ingredient(recipe_id, ingredient_id, quantity, recipe_ingredient_description, main) VALUES(31, 127, NULL, 'A little', 0);
INSERT INTO recipe_ingredient(recipe_id, ingredient_id, quantity, recipe_ingredient_description, main) VALUES(31, 130, NULL, 'A little', 0);
INSERT INTO recipe_ingredient(recipe_id, ingredient_id, quantity, recipe_ingredient_description, main) VALUES(31, 354, NULL, 'A pinch', 0);
INSERT INTO recipe_ingredient(recipe_id, ingredient_id, quantity, recipe_ingredient_description, main) VALUES(31, 161, NULL, 'Few', 0);
INSERT INTO recipe_ingredient(recipe_id, ingredient_id, quantity, recipe_ingredient_description, main) VALUES(31, 243, 210, 'gr', 0);
INSERT INTO recipe_ingredient(recipe_id, ingredient_id, quantity, recipe_ingredient_description, main) VALUES(31, 234, NULL, 'A little', 0);
INSERT INTO recipe_ingredient(recipe_id, ingredient_id, quantity, recipe_ingredient_description, main) VALUES(31, 65, 3, NULL, 0);
INSERT INTO recipe_ingredient(recipe_id, ingredient_id, quantity, recipe_ingredient_description, main) VALUES(31, 180, 8, NULL, 0);
INSERT INTO recipe_ingredient(recipe_id, ingredient_id, quantity, recipe_ingredient_description, main) VALUES(31, 349, NULL, 'A cup', 0);

INSERT INTO recipe_ingredient(recipe_id, ingredient_id, quantity, recipe_ingredient_description, main) VALUES(32, 18, 1, NULL, 1);
INSERT INTO recipe_ingredient(recipe_id, ingredient_id, quantity, recipe_ingredient_description, main) VALUES(32, 133, NULL, 'A pinch', 0);
INSERT INTO recipe_ingredient(recipe_id, ingredient_id, quantity, recipe_ingredient_description, main) VALUES(32, 231, 270, 'gr', 0);
INSERT INTO recipe_ingredient(recipe_id, ingredient_id, quantity, recipe_ingredient_description, main) VALUES(32, 364, 410, 'ml', 0);
INSERT INTO recipe_ingredient(recipe_id, ingredient_id, quantity, recipe_ingredient_description, main) VALUES(32, 84, 90, 'ml', 0);
INSERT INTO recipe_ingredient(recipe_id, ingredient_id, quantity, recipe_ingredient_description, main) VALUES(32, 47, NULL, 'Few', 0);
INSERT INTO recipe_ingredient(recipe_id, ingredient_id, quantity, recipe_ingredient_description, main) VALUES(32, 312, NULL, 'A little', 0);
INSERT INTO recipe_ingredient(recipe_id, ingredient_id, quantity, recipe_ingredient_description, main) VALUES(32, 257, 310, 'gr', 0);
INSERT INTO recipe_ingredient(recipe_id, ingredient_id, quantity, recipe_ingredient_description, main) VALUES(32, 363, NULL, 'Few', 0);
INSERT INTO recipe_ingredient(recipe_id, ingredient_id, quantity, recipe_ingredient_description, main) VALUES(32, 191, NULL, 'A teaspoon of', 0);
INSERT INTO recipe_ingredient(recipe_id, ingredient_id, quantity, recipe_ingredient_description, main) VALUES(32, 87, 6, NULL, 0);
INSERT INTO recipe_ingredient(recipe_id, ingredient_id, quantity, recipe_ingredient_description, main) VALUES(32, 237, NULL, 'A little', 0);
INSERT INTO recipe_ingredient(recipe_id, ingredient_id, quantity, recipe_ingredient_description, main) VALUES(32, 263, NULL, 'A cup', 0);
INSERT INTO recipe_ingredient(recipe_id, ingredient_id, quantity, recipe_ingredient_description, main) VALUES(32, 216, NULL, 'A little', 0);

INSERT INTO recipe_ingredient(recipe_id, ingredient_id, quantity, recipe_ingredient_description, main) VALUES(33, 25, 1, NULL, 1);
INSERT INTO recipe_ingredient(recipe_id, ingredient_id, quantity, recipe_ingredient_description, main) VALUES(33, 172, 8, NULL, 0);
INSERT INTO recipe_ingredient(recipe_id, ingredient_id, quantity, recipe_ingredient_description, main) VALUES(33, 170, NULL, 'A tablespoon of', 0);
INSERT INTO recipe_ingredient(recipe_id, ingredient_id, quantity, recipe_ingredient_description, main) VALUES(33, 106, NULL, 'A cup', 0);
INSERT INTO recipe_ingredient(recipe_id, ingredient_id, quantity, recipe_ingredient_description, main) VALUES(33, 212, NULL, 'A cup', 0);
INSERT INTO recipe_ingredient(recipe_id, ingredient_id, quantity, recipe_ingredient_description, main) VALUES(33, 6, NULL, 'A little', 0);
INSERT INTO recipe_ingredient(recipe_id, ingredient_id, quantity, recipe_ingredient_description, main) VALUES(33, 194, NULL, 'A pinch', 0);
INSERT INTO recipe_ingredient(recipe_id, ingredient_id, quantity, recipe_ingredient_description, main) VALUES(33, 167, NULL, 'A tablespoon of', 0);
INSERT INTO recipe_ingredient(recipe_id, ingredient_id, quantity, recipe_ingredient_description, main) VALUES(33, 188, NULL, 'A teaspoon of', 0);
INSERT INTO recipe_ingredient(recipe_id, ingredient_id, quantity, recipe_ingredient_description, main) VALUES(33, 70, NULL, 'A little', 0);
INSERT INTO recipe_ingredient(recipe_id, ingredient_id, quantity, recipe_ingredient_description, main) VALUES(33, 245, NULL, 'A little', 0);
INSERT INTO recipe_ingredient(recipe_id, ingredient_id, quantity, recipe_ingredient_description, main) VALUES(33, 228, NULL, 'A teaspoon of', 0);

INSERT INTO recipe_ingredient(recipe_id, ingredient_id, quantity, recipe_ingredient_description, main) VALUES(34, 243, 1, NULL, 1);
INSERT INTO recipe_ingredient(recipe_id, ingredient_id, quantity, recipe_ingredient_description, main) VALUES(34, 20, NULL, 'A tablespoon of', 0);
INSERT INTO recipe_ingredient(recipe_id, ingredient_id, quantity, recipe_ingredient_description, main) VALUES(34, 87, NULL, 'Few', 0);
INSERT INTO recipe_ingredient(recipe_id, ingredient_id, quantity, recipe_ingredient_description, main) VALUES(34, 150, NULL, 'A pinch', 0);
INSERT INTO recipe_ingredient(recipe_id, ingredient_id, quantity, recipe_ingredient_description, main) VALUES(34, 300, NULL, 'A pinch', 0);
INSERT INTO recipe_ingredient(recipe_id, ingredient_id, quantity, recipe_ingredient_description, main) VALUES(34, 335, NULL, 'A pinch', 0);
INSERT INTO recipe_ingredient(recipe_id, ingredient_id, quantity, recipe_ingredient_description, main) VALUES(34, 341, NULL, 'Few', 0);
INSERT INTO recipe_ingredient(recipe_id, ingredient_id, quantity, recipe_ingredient_description, main) VALUES(34, 165, NULL, 'Few', 0);
INSERT INTO recipe_ingredient(recipe_id, ingredient_id, quantity, recipe_ingredient_description, main) VALUES(34, 88, 430, 'ml', 0);
INSERT INTO recipe_ingredient(recipe_id, ingredient_id, quantity, recipe_ingredient_description, main) VALUES(34, 364, NULL, 'A tablespoon of', 0);
INSERT INTO recipe_ingredient(recipe_id, ingredient_id, quantity, recipe_ingredient_description, main) VALUES(34, 109, 6, NULL, 0);
INSERT INTO recipe_ingredient(recipe_id, ingredient_id, quantity, recipe_ingredient_description, main) VALUES(34, 191, 190, 'ml', 0);

INSERT INTO recipe_ingredient(recipe_id, ingredient_id, quantity, recipe_ingredient_description, main) VALUES(35, 11, 1, NULL, 1);
INSERT INTO recipe_ingredient(recipe_id, ingredient_id, quantity, recipe_ingredient_description, main) VALUES(35, 341, 50, 'ml', 0);
INSERT INTO recipe_ingredient(recipe_id, ingredient_id, quantity, recipe_ingredient_description, main) VALUES(35, 33, NULL, 'A pinch', 0);
INSERT INTO recipe_ingredient(recipe_id, ingredient_id, quantity, recipe_ingredient_description, main) VALUES(35, 90, 70, 'gr', 0);
INSERT INTO recipe_ingredient(recipe_id, ingredient_id, quantity, recipe_ingredient_description, main) VALUES(35, 362, 430, 'ml', 0);
INSERT INTO recipe_ingredient(recipe_id, ingredient_id, quantity, recipe_ingredient_description, main) VALUES(35, 39, 70, 'ml', 0);
INSERT INTO recipe_ingredient(recipe_id, ingredient_id, quantity, recipe_ingredient_description, main) VALUES(35, 248, 670, 'ml', 0);
INSERT INTO recipe_ingredient(recipe_id, ingredient_id, quantity, recipe_ingredient_description, main) VALUES(35, 286, NULL, 'A cup', 0);
INSERT INTO recipe_ingredient(recipe_id, ingredient_id, quantity, recipe_ingredient_description, main) VALUES(35, 274, NULL, 'A teaspoon of', 0);
INSERT INTO recipe_ingredient(recipe_id, ingredient_id, quantity, recipe_ingredient_description, main) VALUES(35, 141, 3, NULL, 0);
INSERT INTO recipe_ingredient(recipe_id, ingredient_id, quantity, recipe_ingredient_description, main) VALUES(35, 171, NULL, 'A tablespoon of', 0);
INSERT INTO recipe_ingredient(recipe_id, ingredient_id, quantity, recipe_ingredient_description, main) VALUES(35, 293, 6, NULL, 0);
INSERT INTO recipe_ingredient(recipe_id, ingredient_id, quantity, recipe_ingredient_description, main) VALUES(35, 226, 510, 'gr', 0);
INSERT INTO recipe_ingredient(recipe_id, ingredient_id, quantity, recipe_ingredient_description, main) VALUES(35, 57, 350, 'gr', 0);
INSERT INTO recipe_ingredient(recipe_id, ingredient_id, quantity, recipe_ingredient_description, main) VALUES(35, 31, 7, NULL, 0);

INSERT INTO recipe_ingredient(recipe_id, ingredient_id, quantity, recipe_ingredient_description, main) VALUES(36, 319, 1, NULL, 1);
INSERT INTO recipe_ingredient(recipe_id, ingredient_id, quantity, recipe_ingredient_description, main) VALUES(36, 129, NULL, 'A tablespoon of', 0);
INSERT INTO recipe_ingredient(recipe_id, ingredient_id, quantity, recipe_ingredient_description, main) VALUES(36, 358, NULL, 'Few', 0);
INSERT INTO recipe_ingredient(recipe_id, ingredient_id, quantity, recipe_ingredient_description, main) VALUES(36, 140, 7, NULL, 0);
INSERT INTO recipe_ingredient(recipe_id, ingredient_id, quantity, recipe_ingredient_description, main) VALUES(36, 299, 150, 'gr', 0);
INSERT INTO recipe_ingredient(recipe_id, ingredient_id, quantity, recipe_ingredient_description, main) VALUES(36, 18, 130, 'gr', 0);

INSERT INTO recipe_ingredient(recipe_id, ingredient_id, quantity, recipe_ingredient_description, main) VALUES(37, 302, 1, NULL, 1);
INSERT INTO recipe_ingredient(recipe_id, ingredient_id, quantity, recipe_ingredient_description, main) VALUES(37, 333, NULL, 'A pinch', 0);
INSERT INTO recipe_ingredient(recipe_id, ingredient_id, quantity, recipe_ingredient_description, main) VALUES(37, 209, 450, 'ml', 0);
INSERT INTO recipe_ingredient(recipe_id, ingredient_id, quantity, recipe_ingredient_description, main) VALUES(37, 264, NULL, 'A cup', 0);
INSERT INTO recipe_ingredient(recipe_id, ingredient_id, quantity, recipe_ingredient_description, main) VALUES(37, 40, NULL, 'A little', 0);
INSERT INTO recipe_ingredient(recipe_id, ingredient_id, quantity, recipe_ingredient_description, main) VALUES(37, 326, NULL, 'A cup', 0);
INSERT INTO recipe_ingredient(recipe_id, ingredient_id, quantity, recipe_ingredient_description, main) VALUES(37, 116, 690, 'ml', 0);
INSERT INTO recipe_ingredient(recipe_id, ingredient_id, quantity, recipe_ingredient_description, main) VALUES(37, 207, 610, 'ml', 0);
INSERT INTO recipe_ingredient(recipe_id, ingredient_id, quantity, recipe_ingredient_description, main) VALUES(37, 99, NULL, 'A teaspoon of', 0);
INSERT INTO recipe_ingredient(recipe_id, ingredient_id, quantity, recipe_ingredient_description, main) VALUES(37, 290, NULL, 'A pinch', 0);
INSERT INTO recipe_ingredient(recipe_id, ingredient_id, quantity, recipe_ingredient_description, main) VALUES(37, 292, 6, NULL, 0);
INSERT INTO recipe_ingredient(recipe_id, ingredient_id, quantity, recipe_ingredient_description, main) VALUES(37, 25, NULL, 'A teaspoon of', 0);
INSERT INTO recipe_ingredient(recipe_id, ingredient_id, quantity, recipe_ingredient_description, main) VALUES(37, 131, NULL, 'A tablespoon of', 0);
INSERT INTO recipe_ingredient(recipe_id, ingredient_id, quantity, recipe_ingredient_description, main) VALUES(37, 186, NULL, 'A teaspoon of', 0);
INSERT INTO recipe_ingredient(recipe_id, ingredient_id, quantity, recipe_ingredient_description, main) VALUES(37, 252, NULL, 'Few', 0);
INSERT INTO recipe_ingredient(recipe_id, ingredient_id, quantity, recipe_ingredient_description, main) VALUES(37, 261, 190, 'gr', 0);

INSERT INTO recipe_ingredient(recipe_id, ingredient_id, quantity, recipe_ingredient_description, main) VALUES(38, 324, 1, NULL, 1);
INSERT INTO recipe_ingredient(recipe_id, ingredient_id, quantity, recipe_ingredient_description, main) VALUES(38, 334, NULL, 'Few', 0);
INSERT INTO recipe_ingredient(recipe_id, ingredient_id, quantity, recipe_ingredient_description, main) VALUES(38, 175, 210, 'gr', 0);
INSERT INTO recipe_ingredient(recipe_id, ingredient_id, quantity, recipe_ingredient_description, main) VALUES(38, 213, NULL, 'Few', 0);
INSERT INTO recipe_ingredient(recipe_id, ingredient_id, quantity, recipe_ingredient_description, main) VALUES(38, 205, 150, 'ml', 0);
INSERT INTO recipe_ingredient(recipe_id, ingredient_id, quantity, recipe_ingredient_description, main) VALUES(38, 57, NULL, 'A pinch', 0);

INSERT INTO recipe_ingredient(recipe_id, ingredient_id, quantity, recipe_ingredient_description, main) VALUES(39, 243, 1, NULL, 1);
INSERT INTO recipe_ingredient(recipe_id, ingredient_id, quantity, recipe_ingredient_description, main) VALUES(39, 268, 450, 'gr', 0);
INSERT INTO recipe_ingredient(recipe_id, ingredient_id, quantity, recipe_ingredient_description, main) VALUES(39, 197, NULL, 'A little', 0);
INSERT INTO recipe_ingredient(recipe_id, ingredient_id, quantity, recipe_ingredient_description, main) VALUES(39, 183, NULL, 'A pinch', 0);
INSERT INTO recipe_ingredient(recipe_id, ingredient_id, quantity, recipe_ingredient_description, main) VALUES(39, 25, NULL, 'A pinch', 0);
INSERT INTO recipe_ingredient(recipe_id, ingredient_id, quantity, recipe_ingredient_description, main) VALUES(39, 74, 5, NULL, 0);
INSERT INTO recipe_ingredient(recipe_id, ingredient_id, quantity, recipe_ingredient_description, main) VALUES(39, 224, NULL, 'A pinch', 0);

INSERT INTO recipe_ingredient(recipe_id, ingredient_id, quantity, recipe_ingredient_description, main) VALUES(40, 51, 1, NULL, 1);
INSERT INTO recipe_ingredient(recipe_id, ingredient_id, quantity, recipe_ingredient_description, main) VALUES(40, 16, NULL, 'A tablespoon of', 0);
INSERT INTO recipe_ingredient(recipe_id, ingredient_id, quantity, recipe_ingredient_description, main) VALUES(40, 91, 4, NULL, 0);
INSERT INTO recipe_ingredient(recipe_id, ingredient_id, quantity, recipe_ingredient_description, main) VALUES(40, 211, 270, 'ml', 0);
INSERT INTO recipe_ingredient(recipe_id, ingredient_id, quantity, recipe_ingredient_description, main) VALUES(40, 211, NULL, 'A teaspoon of', 0);
INSERT INTO recipe_ingredient(recipe_id, ingredient_id, quantity, recipe_ingredient_description, main) VALUES(40, 32, NULL, 'A teaspoon of', 0);
INSERT INTO recipe_ingredient(recipe_id, ingredient_id, quantity, recipe_ingredient_description, main) VALUES(40, 48, NULL, 'A pinch', 0);
INSERT INTO recipe_ingredient(recipe_id, ingredient_id, quantity, recipe_ingredient_description, main) VALUES(40, 239, 150, 'gr', 0);
INSERT INTO recipe_ingredient(recipe_id, ingredient_id, quantity, recipe_ingredient_description, main) VALUES(40, 164, NULL, 'Few', 0);
INSERT INTO recipe_ingredient(recipe_id, ingredient_id, quantity, recipe_ingredient_description, main) VALUES(40, 179, NULL, 'A tablespoon of', 0);
INSERT INTO recipe_ingredient(recipe_id, ingredient_id, quantity, recipe_ingredient_description, main) VALUES(40, 302, NULL, 'A little', 0);
INSERT INTO recipe_ingredient(recipe_id, ingredient_id, quantity, recipe_ingredient_description, main) VALUES(40, 127, NULL, 'A cup', 0);
INSERT INTO recipe_ingredient(recipe_id, ingredient_id, quantity, recipe_ingredient_description, main) VALUES(40, 27, 150, 'ml', 0);
INSERT INTO recipe_ingredient(recipe_id, ingredient_id, quantity, recipe_ingredient_description, main) VALUES(40, 82, 7, NULL, 0);
INSERT INTO recipe_ingredient(recipe_id, ingredient_id, quantity, recipe_ingredient_description, main) VALUES(40, 6, 450, 'gr', 0);

INSERT INTO recipe_ingredient(recipe_id, ingredient_id, quantity, recipe_ingredient_description, main) VALUES(41, 207, 1, NULL, 1);
INSERT INTO recipe_ingredient(recipe_id, ingredient_id, quantity, recipe_ingredient_description, main) VALUES(41, 55, NULL, 'Few', 0);
INSERT INTO recipe_ingredient(recipe_id, ingredient_id, quantity, recipe_ingredient_description, main) VALUES(41, 157, NULL, 'Few', 0);
INSERT INTO recipe_ingredient(recipe_id, ingredient_id, quantity, recipe_ingredient_description, main) VALUES(41, 162, 330, 'ml', 0);
INSERT INTO recipe_ingredient(recipe_id, ingredient_id, quantity, recipe_ingredient_description, main) VALUES(41, 129, NULL, 'A cup', 0);
INSERT INTO recipe_ingredient(recipe_id, ingredient_id, quantity, recipe_ingredient_description, main) VALUES(41, 363, 3, NULL, 0);
INSERT INTO recipe_ingredient(recipe_id, ingredient_id, quantity, recipe_ingredient_description, main) VALUES(41, 278, 110, 'ml', 0);
INSERT INTO recipe_ingredient(recipe_id, ingredient_id, quantity, recipe_ingredient_description, main) VALUES(41, 127, NULL, 'A cup', 0);

INSERT INTO recipe_ingredient(recipe_id, ingredient_id, quantity, recipe_ingredient_description, main) VALUES(42, 317, 1, NULL, 1);
INSERT INTO recipe_ingredient(recipe_id, ingredient_id, quantity, recipe_ingredient_description, main) VALUES(42, 66, NULL, 'A little', 0);
INSERT INTO recipe_ingredient(recipe_id, ingredient_id, quantity, recipe_ingredient_description, main) VALUES(42, 129, NULL, 'A cup', 0);
INSERT INTO recipe_ingredient(recipe_id, ingredient_id, quantity, recipe_ingredient_description, main) VALUES(42, 237, NULL, 'A tablespoon of', 0);
INSERT INTO recipe_ingredient(recipe_id, ingredient_id, quantity, recipe_ingredient_description, main) VALUES(42, 259, NULL, 'A tablespoon of', 0);
INSERT INTO recipe_ingredient(recipe_id, ingredient_id, quantity, recipe_ingredient_description, main) VALUES(42, 164, NULL, 'A little', 0);
INSERT INTO recipe_ingredient(recipe_id, ingredient_id, quantity, recipe_ingredient_description, main) VALUES(42, 60, 250, 'gr', 0);
INSERT INTO recipe_ingredient(recipe_id, ingredient_id, quantity, recipe_ingredient_description, main) VALUES(42, 331, NULL, 'A teaspoon of', 0);
INSERT INTO recipe_ingredient(recipe_id, ingredient_id, quantity, recipe_ingredient_description, main) VALUES(42, 300, NULL, 'A tablespoon of', 0);

INSERT INTO recipe_ingredient(recipe_id, ingredient_id, quantity, recipe_ingredient_description, main) VALUES(43, 233, 1, NULL, 1);
INSERT INTO recipe_ingredient(recipe_id, ingredient_id, quantity, recipe_ingredient_description, main) VALUES(43, 18, 70, 'ml', 0);
INSERT INTO recipe_ingredient(recipe_id, ingredient_id, quantity, recipe_ingredient_description, main) VALUES(43, 313, NULL, 'A teaspoon of', 0);
INSERT INTO recipe_ingredient(recipe_id, ingredient_id, quantity, recipe_ingredient_description, main) VALUES(43, 9, NULL, 'A little', 0);
INSERT INTO recipe_ingredient(recipe_id, ingredient_id, quantity, recipe_ingredient_description, main) VALUES(43, 324, NULL, 'A teaspoon of', 0);
INSERT INTO recipe_ingredient(recipe_id, ingredient_id, quantity, recipe_ingredient_description, main) VALUES(43, 46, 230, 'gr', 0);
INSERT INTO recipe_ingredient(recipe_id, ingredient_id, quantity, recipe_ingredient_description, main) VALUES(43, 110, NULL, 'A little', 0);
INSERT INTO recipe_ingredient(recipe_id, ingredient_id, quantity, recipe_ingredient_description, main) VALUES(43, 37, NULL, 'A teaspoon of', 0);
INSERT INTO recipe_ingredient(recipe_id, ingredient_id, quantity, recipe_ingredient_description, main) VALUES(43, 189, NULL, 'A tablespoon of', 0);
INSERT INTO recipe_ingredient(recipe_id, ingredient_id, quantity, recipe_ingredient_description, main) VALUES(43, 249, NULL, 'A little', 0);
INSERT INTO recipe_ingredient(recipe_id, ingredient_id, quantity, recipe_ingredient_description, main) VALUES(43, 80, 310, 'gr', 0);
INSERT INTO recipe_ingredient(recipe_id, ingredient_id, quantity, recipe_ingredient_description, main) VALUES(43, 148, NULL, 'A cup', 0);
INSERT INTO recipe_ingredient(recipe_id, ingredient_id, quantity, recipe_ingredient_description, main) VALUES(43, 71, 210, 'ml', 0);

INSERT INTO recipe_ingredient(recipe_id, ingredient_id, quantity, recipe_ingredient_description, main) VALUES(44, 74, 1, NULL, 1);
INSERT INTO recipe_ingredient(recipe_id, ingredient_id, quantity, recipe_ingredient_description, main) VALUES(44, 159, NULL, 'A teaspoon of', 0);
INSERT INTO recipe_ingredient(recipe_id, ingredient_id, quantity, recipe_ingredient_description, main) VALUES(44, 258, 610, 'gr', 0);
INSERT INTO recipe_ingredient(recipe_id, ingredient_id, quantity, recipe_ingredient_description, main) VALUES(44, 142, NULL, 'A cup', 0);
INSERT INTO recipe_ingredient(recipe_id, ingredient_id, quantity, recipe_ingredient_description, main) VALUES(44, 140, NULL, 'A pinch', 0);
INSERT INTO recipe_ingredient(recipe_id, ingredient_id, quantity, recipe_ingredient_description, main) VALUES(44, 226, 3, NULL, 0);

INSERT INTO recipe_ingredient(recipe_id, ingredient_id, quantity, recipe_ingredient_description, main) VALUES(45, 284, 1, NULL, 1);
INSERT INTO recipe_ingredient(recipe_id, ingredient_id, quantity, recipe_ingredient_description, main) VALUES(45, 351, 350, 'ml', 0);
INSERT INTO recipe_ingredient(recipe_id, ingredient_id, quantity, recipe_ingredient_description, main) VALUES(45, 189, NULL, 'A cup', 0);
INSERT INTO recipe_ingredient(recipe_id, ingredient_id, quantity, recipe_ingredient_description, main) VALUES(45, 220, 590, 'ml', 0);
INSERT INTO recipe_ingredient(recipe_id, ingredient_id, quantity, recipe_ingredient_description, main) VALUES(45, 172, NULL, 'A cup', 0);
INSERT INTO recipe_ingredient(recipe_id, ingredient_id, quantity, recipe_ingredient_description, main) VALUES(45, 272, NULL, 'Few', 0);
INSERT INTO recipe_ingredient(recipe_id, ingredient_id, quantity, recipe_ingredient_description, main) VALUES(45, 120, NULL, 'A pinch', 0);
INSERT INTO recipe_ingredient(recipe_id, ingredient_id, quantity, recipe_ingredient_description, main) VALUES(45, 180, NULL, 'A pinch', 0);
INSERT INTO recipe_ingredient(recipe_id, ingredient_id, quantity, recipe_ingredient_description, main) VALUES(45, 307, 410, 'gr', 0);

INSERT INTO recipe_ingredient(recipe_id, ingredient_id, quantity, recipe_ingredient_description, main) VALUES(46, 312, 1, NULL, 1);
INSERT INTO recipe_ingredient(recipe_id, ingredient_id, quantity, recipe_ingredient_description, main) VALUES(46, 306, 5, NULL, 0);
INSERT INTO recipe_ingredient(recipe_id, ingredient_id, quantity, recipe_ingredient_description, main) VALUES(46, 241, NULL, 'A pinch', 0);
INSERT INTO recipe_ingredient(recipe_id, ingredient_id, quantity, recipe_ingredient_description, main) VALUES(46, 323, 270, 'gr', 0);
INSERT INTO recipe_ingredient(recipe_id, ingredient_id, quantity, recipe_ingredient_description, main) VALUES(46, 7, NULL, 'A teaspoon of', 0);
INSERT INTO recipe_ingredient(recipe_id, ingredient_id, quantity, recipe_ingredient_description, main) VALUES(46, 341, NULL, 'A little', 0);
INSERT INTO recipe_ingredient(recipe_id, ingredient_id, quantity, recipe_ingredient_description, main) VALUES(46, 186, NULL, 'Few', 0);
INSERT INTO recipe_ingredient(recipe_id, ingredient_id, quantity, recipe_ingredient_description, main) VALUES(46, 325, NULL, 'A teaspoon of', 0);
INSERT INTO recipe_ingredient(recipe_id, ingredient_id, quantity, recipe_ingredient_description, main) VALUES(46, 248, NULL, 'A tablespoon of', 0);
INSERT INTO recipe_ingredient(recipe_id, ingredient_id, quantity, recipe_ingredient_description, main) VALUES(46, 120, NULL, 'A tablespoon of', 0);
INSERT INTO recipe_ingredient(recipe_id, ingredient_id, quantity, recipe_ingredient_description, main) VALUES(46, 314, NULL, 'Few', 0);
INSERT INTO recipe_ingredient(recipe_id, ingredient_id, quantity, recipe_ingredient_description, main) VALUES(46, 15, NULL, 'A tablespoon of', 0);
INSERT INTO recipe_ingredient(recipe_id, ingredient_id, quantity, recipe_ingredient_description, main) VALUES(46, 14, NULL, 'A tablespoon of', 0);

INSERT INTO recipe_ingredient(recipe_id, ingredient_id, quantity, recipe_ingredient_description, main) VALUES(47, 13, 1, NULL, 1);
INSERT INTO recipe_ingredient(recipe_id, ingredient_id, quantity, recipe_ingredient_description, main) VALUES(47, 175, NULL, 'A pinch', 0);
INSERT INTO recipe_ingredient(recipe_id, ingredient_id, quantity, recipe_ingredient_description, main) VALUES(47, 297, NULL, 'A teaspoon of', 0);
INSERT INTO recipe_ingredient(recipe_id, ingredient_id, quantity, recipe_ingredient_description, main) VALUES(47, 240, NULL, 'A cup', 0);
INSERT INTO recipe_ingredient(recipe_id, ingredient_id, quantity, recipe_ingredient_description, main) VALUES(47, 138, NULL, 'A cup', 0);
INSERT INTO recipe_ingredient(recipe_id, ingredient_id, quantity, recipe_ingredient_description, main) VALUES(47, 280, NULL, 'A tablespoon of', 0);
INSERT INTO recipe_ingredient(recipe_id, ingredient_id, quantity, recipe_ingredient_description, main) VALUES(47, 23, 630, 'ml', 0);
INSERT INTO recipe_ingredient(recipe_id, ingredient_id, quantity, recipe_ingredient_description, main) VALUES(47, 268, NULL, 'A tablespoon of', 0);
INSERT INTO recipe_ingredient(recipe_id, ingredient_id, quantity, recipe_ingredient_description, main) VALUES(47, 89, NULL, 'A tablespoon of', 0);
INSERT INTO recipe_ingredient(recipe_id, ingredient_id, quantity, recipe_ingredient_description, main) VALUES(47, 243, 8, NULL, 0);
INSERT INTO recipe_ingredient(recipe_id, ingredient_id, quantity, recipe_ingredient_description, main) VALUES(47, 97, NULL, 'A tablespoon of', 0);
INSERT INTO recipe_ingredient(recipe_id, ingredient_id, quantity, recipe_ingredient_description, main) VALUES(47, 195, NULL, 'A little', 0);
INSERT INTO recipe_ingredient(recipe_id, ingredient_id, quantity, recipe_ingredient_description, main) VALUES(47, 16, NULL, 'A cup', 0);
INSERT INTO recipe_ingredient(recipe_id, ingredient_id, quantity, recipe_ingredient_description, main) VALUES(47, 276, NULL, 'A little', 0);
INSERT INTO recipe_ingredient(recipe_id, ingredient_id, quantity, recipe_ingredient_description, main) VALUES(47, 132, 2, NULL, 0);
INSERT INTO recipe_ingredient(recipe_id, ingredient_id, quantity, recipe_ingredient_description, main) VALUES(47, 26, 5, NULL, 0);

INSERT INTO recipe_ingredient(recipe_id, ingredient_id, quantity, recipe_ingredient_description, main) VALUES(48, 326, 1, NULL, 1);
INSERT INTO recipe_ingredient(recipe_id, ingredient_id, quantity, recipe_ingredient_description, main) VALUES(48, 26, NULL, 'A little', 0);
INSERT INTO recipe_ingredient(recipe_id, ingredient_id, quantity, recipe_ingredient_description, main) VALUES(48, 167, 7, NULL, 0);
INSERT INTO recipe_ingredient(recipe_id, ingredient_id, quantity, recipe_ingredient_description, main) VALUES(48, 224, NULL, 'A tablespoon of', 0);
INSERT INTO recipe_ingredient(recipe_id, ingredient_id, quantity, recipe_ingredient_description, main) VALUES(48, 213, NULL, 'A teaspoon of', 0);
INSERT INTO recipe_ingredient(recipe_id, ingredient_id, quantity, recipe_ingredient_description, main) VALUES(48, 349, 690, 'ml', 0);
INSERT INTO recipe_ingredient(recipe_id, ingredient_id, quantity, recipe_ingredient_description, main) VALUES(48, 294, NULL, 'A teaspoon of', 0);
INSERT INTO recipe_ingredient(recipe_id, ingredient_id, quantity, recipe_ingredient_description, main) VALUES(48, 265, NULL, 'A teaspoon of', 0);
INSERT INTO recipe_ingredient(recipe_id, ingredient_id, quantity, recipe_ingredient_description, main) VALUES(48, 3, 2, NULL, 0);
INSERT INTO recipe_ingredient(recipe_id, ingredient_id, quantity, recipe_ingredient_description, main) VALUES(48, 4, NULL, 'Few', 0);
INSERT INTO recipe_ingredient(recipe_id, ingredient_id, quantity, recipe_ingredient_description, main) VALUES(48, 25, 230, 'gr', 0);
INSERT INTO recipe_ingredient(recipe_id, ingredient_id, quantity, recipe_ingredient_description, main) VALUES(48, 130, NULL, 'A teaspoon of', 0);
INSERT INTO recipe_ingredient(recipe_id, ingredient_id, quantity, recipe_ingredient_description, main) VALUES(48, 196, NULL, 'A tablespoon of', 0);
INSERT INTO recipe_ingredient(recipe_id, ingredient_id, quantity, recipe_ingredient_description, main) VALUES(48, 226, NULL, 'A little', 0);

INSERT INTO recipe_ingredient(recipe_id, ingredient_id, quantity, recipe_ingredient_description, main) VALUES(49, 200, 1, NULL, 1);
INSERT INTO recipe_ingredient(recipe_id, ingredient_id, quantity, recipe_ingredient_description, main) VALUES(49, 134, 7, NULL, 0);
INSERT INTO recipe_ingredient(recipe_id, ingredient_id, quantity, recipe_ingredient_description, main) VALUES(49, 315, NULL, 'A pinch', 0);
INSERT INTO recipe_ingredient(recipe_id, ingredient_id, quantity, recipe_ingredient_description, main) VALUES(49, 339, 4, NULL, 0);
INSERT INTO recipe_ingredient(recipe_id, ingredient_id, quantity, recipe_ingredient_description, main) VALUES(49, 151, 150, 'ml', 0);
INSERT INTO recipe_ingredient(recipe_id, ingredient_id, quantity, recipe_ingredient_description, main) VALUES(49, 50, NULL, 'A little', 0);
INSERT INTO recipe_ingredient(recipe_id, ingredient_id, quantity, recipe_ingredient_description, main) VALUES(49, 133, NULL, 'A teaspoon of', 0);
INSERT INTO recipe_ingredient(recipe_id, ingredient_id, quantity, recipe_ingredient_description, main) VALUES(49, 273, NULL, 'A little', 0);

INSERT INTO recipe_ingredient(recipe_id, ingredient_id, quantity, recipe_ingredient_description, main) VALUES(50, 6, 1, NULL, 1);
INSERT INTO recipe_ingredient(recipe_id, ingredient_id, quantity, recipe_ingredient_description, main) VALUES(50, 297, 5, NULL, 0);
INSERT INTO recipe_ingredient(recipe_id, ingredient_id, quantity, recipe_ingredient_description, main) VALUES(50, 185, NULL, 'A little', 0);
INSERT INTO recipe_ingredient(recipe_id, ingredient_id, quantity, recipe_ingredient_description, main) VALUES(50, 86, NULL, 'A pinch', 0);
INSERT INTO recipe_ingredient(recipe_id, ingredient_id, quantity, recipe_ingredient_description, main) VALUES(50, 259, NULL, 'A cup', 0);
INSERT INTO recipe_ingredient(recipe_id, ingredient_id, quantity, recipe_ingredient_description, main) VALUES(50, 42, NULL, 'A pinch', 0);
INSERT INTO recipe_ingredient(recipe_id, ingredient_id, quantity, recipe_ingredient_description, main) VALUES(50, 128, 350, 'gr', 0);
INSERT INTO recipe_ingredient(recipe_id, ingredient_id, quantity, recipe_ingredient_description, main) VALUES(50, 153, NULL, 'A pinch', 0);
INSERT INTO recipe_ingredient(recipe_id, ingredient_id, quantity, recipe_ingredient_description, main) VALUES(50, 98, 490, 'gr', 0);
INSERT INTO recipe_ingredient(recipe_id, ingredient_id, quantity, recipe_ingredient_description, main) VALUES(50, 231, NULL, 'A cup', 0);
INSERT INTO recipe_ingredient(recipe_id, ingredient_id, quantity, recipe_ingredient_description, main) VALUES(50, 216, NULL, 'A little', 0);
INSERT INTO recipe_ingredient(recipe_id, ingredient_id, quantity, recipe_ingredient_description, main) VALUES(50, 318, 330, 'gr', 0);

INSERT INTO recipe_ingredient(recipe_id, ingredient_id, quantity, recipe_ingredient_description, main) VALUES(51, 325, 1, NULL, 1);
INSERT INTO recipe_ingredient(recipe_id, ingredient_id, quantity, recipe_ingredient_description, main) VALUES(51, 225, NULL, 'A teaspoon of', 0);
INSERT INTO recipe_ingredient(recipe_id, ingredient_id, quantity, recipe_ingredient_description, main) VALUES(51, 33, NULL, 'A pinch', 0);
INSERT INTO recipe_ingredient(recipe_id, ingredient_id, quantity, recipe_ingredient_description, main) VALUES(51, 25, NULL, 'A teaspoon of', 0);
INSERT INTO recipe_ingredient(recipe_id, ingredient_id, quantity, recipe_ingredient_description, main) VALUES(51, 161, NULL, 'A tablespoon of', 0);
INSERT INTO recipe_ingredient(recipe_id, ingredient_id, quantity, recipe_ingredient_description, main) VALUES(51, 317, 510, 'gr', 0);
INSERT INTO recipe_ingredient(recipe_id, ingredient_id, quantity, recipe_ingredient_description, main) VALUES(51, 346, NULL, 'A tablespoon of', 0);
INSERT INTO recipe_ingredient(recipe_id, ingredient_id, quantity, recipe_ingredient_description, main) VALUES(51, 197, NULL, 'A teaspoon of', 0);
INSERT INTO recipe_ingredient(recipe_id, ingredient_id, quantity, recipe_ingredient_description, main) VALUES(51, 155, NULL, 'A tablespoon of', 0);
INSERT INTO recipe_ingredient(recipe_id, ingredient_id, quantity, recipe_ingredient_description, main) VALUES(51, 288, NULL, 'A tablespoon of', 0);
INSERT INTO recipe_ingredient(recipe_id, ingredient_id, quantity, recipe_ingredient_description, main) VALUES(51, 117, NULL, 'Few', 0);
INSERT INTO recipe_ingredient(recipe_id, ingredient_id, quantity, recipe_ingredient_description, main) VALUES(51, 165, NULL, 'A teaspoon of', 0);
INSERT INTO recipe_ingredient(recipe_id, ingredient_id, quantity, recipe_ingredient_description, main) VALUES(51, 62, NULL, 'A tablespoon of', 0);
INSERT INTO recipe_ingredient(recipe_id, ingredient_id, quantity, recipe_ingredient_description, main) VALUES(51, 351, NULL, 'A cup', 0);

INSERT INTO recipe_ingredient(recipe_id, ingredient_id, quantity, recipe_ingredient_description, main) VALUES(52, 64, 1, NULL, 1);
INSERT INTO recipe_ingredient(recipe_id, ingredient_id, quantity, recipe_ingredient_description, main) VALUES(52, 343, 170, 'gr', 0);
INSERT INTO recipe_ingredient(recipe_id, ingredient_id, quantity, recipe_ingredient_description, main) VALUES(52, 31, 170, 'ml', 0);
INSERT INTO recipe_ingredient(recipe_id, ingredient_id, quantity, recipe_ingredient_description, main) VALUES(52, 140, 4, NULL, 0);
INSERT INTO recipe_ingredient(recipe_id, ingredient_id, quantity, recipe_ingredient_description, main) VALUES(52, 195, NULL, 'A tablespoon of', 0);
INSERT INTO recipe_ingredient(recipe_id, ingredient_id, quantity, recipe_ingredient_description, main) VALUES(52, 182, 3, NULL, 0);
INSERT INTO recipe_ingredient(recipe_id, ingredient_id, quantity, recipe_ingredient_description, main) VALUES(52, 164, NULL, 'A cup', 0);
INSERT INTO recipe_ingredient(recipe_id, ingredient_id, quantity, recipe_ingredient_description, main) VALUES(52, 183, 290, 'gr', 0);
INSERT INTO recipe_ingredient(recipe_id, ingredient_id, quantity, recipe_ingredient_description, main) VALUES(52, 186, NULL, 'A tablespoon of', 0);

INSERT INTO recipe_ingredient(recipe_id, ingredient_id, quantity, recipe_ingredient_description, main) VALUES(53, 226, 1, NULL, 1);
INSERT INTO recipe_ingredient(recipe_id, ingredient_id, quantity, recipe_ingredient_description, main) VALUES(53, 29, NULL, 'A little', 0);
INSERT INTO recipe_ingredient(recipe_id, ingredient_id, quantity, recipe_ingredient_description, main) VALUES(53, 319, 470, 'gr', 0);
INSERT INTO recipe_ingredient(recipe_id, ingredient_id, quantity, recipe_ingredient_description, main) VALUES(53, 177, NULL, 'A cup', 0);
INSERT INTO recipe_ingredient(recipe_id, ingredient_id, quantity, recipe_ingredient_description, main) VALUES(53, 182, NULL, 'A cup', 0);
INSERT INTO recipe_ingredient(recipe_id, ingredient_id, quantity, recipe_ingredient_description, main) VALUES(53, 191, NULL, 'A pinch', 0);
INSERT INTO recipe_ingredient(recipe_id, ingredient_id, quantity, recipe_ingredient_description, main) VALUES(53, 227, NULL, 'A tablespoon of', 0);
INSERT INTO recipe_ingredient(recipe_id, ingredient_id, quantity, recipe_ingredient_description, main) VALUES(53, 277, NULL, 'A cup', 0);

INSERT INTO recipe_ingredient(recipe_id, ingredient_id, quantity, recipe_ingredient_description, main) VALUES(54, 203, 1, NULL, 1);
INSERT INTO recipe_ingredient(recipe_id, ingredient_id, quantity, recipe_ingredient_description, main) VALUES(54, 114, NULL, 'A teaspoon of', 0);
INSERT INTO recipe_ingredient(recipe_id, ingredient_id, quantity, recipe_ingredient_description, main) VALUES(54, 305, 2, NULL, 0);
INSERT INTO recipe_ingredient(recipe_id, ingredient_id, quantity, recipe_ingredient_description, main) VALUES(54, 223, NULL, 'A little', 0);
INSERT INTO recipe_ingredient(recipe_id, ingredient_id, quantity, recipe_ingredient_description, main) VALUES(54, 259, 6, NULL, 0);
INSERT INTO recipe_ingredient(recipe_id, ingredient_id, quantity, recipe_ingredient_description, main) VALUES(54, 7, NULL, 'A tablespoon of', 0);
INSERT INTO recipe_ingredient(recipe_id, ingredient_id, quantity, recipe_ingredient_description, main) VALUES(54, 180, NULL, 'A teaspoon of', 0);
INSERT INTO recipe_ingredient(recipe_id, ingredient_id, quantity, recipe_ingredient_description, main) VALUES(54, 72, NULL, 'A tablespoon of', 0);
INSERT INTO recipe_ingredient(recipe_id, ingredient_id, quantity, recipe_ingredient_description, main) VALUES(54, 359, 4, NULL, 0);
INSERT INTO recipe_ingredient(recipe_id, ingredient_id, quantity, recipe_ingredient_description, main) VALUES(54, 96, NULL, 'A pinch', 0);
INSERT INTO recipe_ingredient(recipe_id, ingredient_id, quantity, recipe_ingredient_description, main) VALUES(54, 283, 650, 'ml', 0);
INSERT INTO recipe_ingredient(recipe_id, ingredient_id, quantity, recipe_ingredient_description, main) VALUES(54, 105, 370, 'ml', 0);
INSERT INTO recipe_ingredient(recipe_id, ingredient_id, quantity, recipe_ingredient_description, main) VALUES(54, 64, NULL, 'A tablespoon of', 0);
INSERT INTO recipe_ingredient(recipe_id, ingredient_id, quantity, recipe_ingredient_description, main) VALUES(54, 224, NULL, 'A little', 0);

INSERT INTO recipe_ingredient(recipe_id, ingredient_id, quantity, recipe_ingredient_description, main) VALUES(55, 245, 1, NULL, 1);
INSERT INTO recipe_ingredient(recipe_id, ingredient_id, quantity, recipe_ingredient_description, main) VALUES(55, 192, NULL, 'A cup', 0);
INSERT INTO recipe_ingredient(recipe_id, ingredient_id, quantity, recipe_ingredient_description, main) VALUES(55, 64, NULL, 'Few', 0);
INSERT INTO recipe_ingredient(recipe_id, ingredient_id, quantity, recipe_ingredient_description, main) VALUES(55, 263, 390, 'gr', 0);
INSERT INTO recipe_ingredient(recipe_id, ingredient_id, quantity, recipe_ingredient_description, main) VALUES(55, 267, NULL, 'A cup', 0);
INSERT INTO recipe_ingredient(recipe_id, ingredient_id, quantity, recipe_ingredient_description, main) VALUES(55, 302, NULL, 'A cup', 0);
INSERT INTO recipe_ingredient(recipe_id, ingredient_id, quantity, recipe_ingredient_description, main) VALUES(55, 274, NULL, 'A teaspoon of', 0);

INSERT INTO recipe_ingredient(recipe_id, ingredient_id, quantity, recipe_ingredient_description, main) VALUES(56, 65, 1, NULL, 1);
INSERT INTO recipe_ingredient(recipe_id, ingredient_id, quantity, recipe_ingredient_description, main) VALUES(56, 325, NULL, 'A tablespoon of', 0);
INSERT INTO recipe_ingredient(recipe_id, ingredient_id, quantity, recipe_ingredient_description, main) VALUES(56, 280, NULL, 'A pinch', 0);
INSERT INTO recipe_ingredient(recipe_id, ingredient_id, quantity, recipe_ingredient_description, main) VALUES(56, 103, 70, 'gr', 0);
INSERT INTO recipe_ingredient(recipe_id, ingredient_id, quantity, recipe_ingredient_description, main) VALUES(56, 99, NULL, 'A tablespoon of', 0);
INSERT INTO recipe_ingredient(recipe_id, ingredient_id, quantity, recipe_ingredient_description, main) VALUES(56, 167, NULL, 'A cup', 0);
INSERT INTO recipe_ingredient(recipe_id, ingredient_id, quantity, recipe_ingredient_description, main) VALUES(56, 43, NULL, 'A cup', 0);
INSERT INTO recipe_ingredient(recipe_id, ingredient_id, quantity, recipe_ingredient_description, main) VALUES(56, 48, NULL, 'A little', 0);
INSERT INTO recipe_ingredient(recipe_id, ingredient_id, quantity, recipe_ingredient_description, main) VALUES(56, 223, NULL, 'A little', 0);
INSERT INTO recipe_ingredient(recipe_id, ingredient_id, quantity, recipe_ingredient_description, main) VALUES(56, 214, NULL, 'Few', 0);

INSERT INTO recipe_ingredient(recipe_id, ingredient_id, quantity, recipe_ingredient_description, main) VALUES(57, 335, 1, NULL, 1);
INSERT INTO recipe_ingredient(recipe_id, ingredient_id, quantity, recipe_ingredient_description, main) VALUES(57, 204, 470, 'ml', 0);
INSERT INTO recipe_ingredient(recipe_id, ingredient_id, quantity, recipe_ingredient_description, main) VALUES(57, 365, NULL, 'Few', 0);
INSERT INTO recipe_ingredient(recipe_id, ingredient_id, quantity, recipe_ingredient_description, main) VALUES(57, 353, NULL, 'A tablespoon of', 0);
INSERT INTO recipe_ingredient(recipe_id, ingredient_id, quantity, recipe_ingredient_description, main) VALUES(57, 350, NULL, 'A cup', 0);
INSERT INTO recipe_ingredient(recipe_id, ingredient_id, quantity, recipe_ingredient_description, main) VALUES(57, 312, 170, 'ml', 0);
INSERT INTO recipe_ingredient(recipe_id, ingredient_id, quantity, recipe_ingredient_description, main) VALUES(57, 302, 3, NULL, 0);
INSERT INTO recipe_ingredient(recipe_id, ingredient_id, quantity, recipe_ingredient_description, main) VALUES(57, 233, NULL, 'A tablespoon of', 0);
INSERT INTO recipe_ingredient(recipe_id, ingredient_id, quantity, recipe_ingredient_description, main) VALUES(57, 22, NULL, 'A little', 0);

INSERT INTO recipe_ingredient(recipe_id, ingredient_id, quantity, recipe_ingredient_description, main) VALUES(58, 57, 1, NULL, 1);
INSERT INTO recipe_ingredient(recipe_id, ingredient_id, quantity, recipe_ingredient_description, main) VALUES(58, 30, 2, NULL, 0);
INSERT INTO recipe_ingredient(recipe_id, ingredient_id, quantity, recipe_ingredient_description, main) VALUES(58, 73, NULL, 'Few', 0);
INSERT INTO recipe_ingredient(recipe_id, ingredient_id, quantity, recipe_ingredient_description, main) VALUES(58, 72, NULL, 'Few', 0);
INSERT INTO recipe_ingredient(recipe_id, ingredient_id, quantity, recipe_ingredient_description, main) VALUES(58, 5, NULL, 'A cup', 0);
INSERT INTO recipe_ingredient(recipe_id, ingredient_id, quantity, recipe_ingredient_description, main) VALUES(58, 347, NULL, 'A teaspoon of', 0);
INSERT INTO recipe_ingredient(recipe_id, ingredient_id, quantity, recipe_ingredient_description, main) VALUES(58, 175, NULL, 'A teaspoon of', 0);

INSERT INTO recipe_ingredient(recipe_id, ingredient_id, quantity, recipe_ingredient_description, main) VALUES(59, 66, 1, NULL, 1);
INSERT INTO recipe_ingredient(recipe_id, ingredient_id, quantity, recipe_ingredient_description, main) VALUES(59, 146, 4, NULL, 0);
INSERT INTO recipe_ingredient(recipe_id, ingredient_id, quantity, recipe_ingredient_description, main) VALUES(59, 166, NULL, 'A pinch', 0);
INSERT INTO recipe_ingredient(recipe_id, ingredient_id, quantity, recipe_ingredient_description, main) VALUES(59, 50, NULL, 'Few', 0);
INSERT INTO recipe_ingredient(recipe_id, ingredient_id, quantity, recipe_ingredient_description, main) VALUES(59, 296, NULL, 'A little', 0);
INSERT INTO recipe_ingredient(recipe_id, ingredient_id, quantity, recipe_ingredient_description, main) VALUES(59, 128, NULL, 'A cup', 0);
INSERT INTO recipe_ingredient(recipe_id, ingredient_id, quantity, recipe_ingredient_description, main) VALUES(59, 274, NULL, 'A teaspoon of', 0);
INSERT INTO recipe_ingredient(recipe_id, ingredient_id, quantity, recipe_ingredient_description, main) VALUES(59, 71, NULL, 'Few', 0);

INSERT INTO recipe_ingredient(recipe_id, ingredient_id, quantity, recipe_ingredient_description, main) VALUES(60, 295, 1, NULL, 1);
INSERT INTO recipe_ingredient(recipe_id, ingredient_id, quantity, recipe_ingredient_description, main) VALUES(60, 2, NULL, 'A little', 0);
INSERT INTO recipe_ingredient(recipe_id, ingredient_id, quantity, recipe_ingredient_description, main) VALUES(60, 214, 8, NULL, 0);
INSERT INTO recipe_ingredient(recipe_id, ingredient_id, quantity, recipe_ingredient_description, main) VALUES(60, 27, 290, 'ml', 0);
INSERT INTO recipe_ingredient(recipe_id, ingredient_id, quantity, recipe_ingredient_description, main) VALUES(60, 293, NULL, 'A tablespoon of', 0);
INSERT INTO recipe_ingredient(recipe_id, ingredient_id, quantity, recipe_ingredient_description, main) VALUES(60, 59, NULL, 'A tablespoon of', 0);
INSERT INTO recipe_ingredient(recipe_id, ingredient_id, quantity, recipe_ingredient_description, main) VALUES(60, 344, 8, NULL, 0);

INSERT INTO recipe_ingredient(recipe_id, ingredient_id, quantity, recipe_ingredient_description, main) VALUES(61, 223, 1, NULL, 1);
INSERT INTO recipe_ingredient(recipe_id, ingredient_id, quantity, recipe_ingredient_description, main) VALUES(61, 362, NULL, 'A pinch', 0);
INSERT INTO recipe_ingredient(recipe_id, ingredient_id, quantity, recipe_ingredient_description, main) VALUES(61, 147, NULL, 'A little', 0);
INSERT INTO recipe_ingredient(recipe_id, ingredient_id, quantity, recipe_ingredient_description, main) VALUES(61, 223, NULL, 'A little', 0);
INSERT INTO recipe_ingredient(recipe_id, ingredient_id, quantity, recipe_ingredient_description, main) VALUES(61, 120, 7, NULL, 0);
INSERT INTO recipe_ingredient(recipe_id, ingredient_id, quantity, recipe_ingredient_description, main) VALUES(61, 236, NULL, 'A teaspoon of', 0);
INSERT INTO recipe_ingredient(recipe_id, ingredient_id, quantity, recipe_ingredient_description, main) VALUES(61, 62, 370, 'gr', 0);
INSERT INTO recipe_ingredient(recipe_id, ingredient_id, quantity, recipe_ingredient_description, main) VALUES(61, 116, NULL, 'A teaspoon of', 0);

INSERT INTO recipe_ingredient(recipe_id, ingredient_id, quantity, recipe_ingredient_description, main) VALUES(62, 129, 1, NULL, 1);
INSERT INTO recipe_ingredient(recipe_id, ingredient_id, quantity, recipe_ingredient_description, main) VALUES(62, 92, 310, 'gr', 0);
INSERT INTO recipe_ingredient(recipe_id, ingredient_id, quantity, recipe_ingredient_description, main) VALUES(62, 333, NULL, 'A pinch', 0);
INSERT INTO recipe_ingredient(recipe_id, ingredient_id, quantity, recipe_ingredient_description, main) VALUES(62, 34, NULL, 'Few', 0);
INSERT INTO recipe_ingredient(recipe_id, ingredient_id, quantity, recipe_ingredient_description, main) VALUES(62, 97, NULL, 'A teaspoon of', 0);
INSERT INTO recipe_ingredient(recipe_id, ingredient_id, quantity, recipe_ingredient_description, main) VALUES(62, 50, 110, 'gr', 0);
INSERT INTO recipe_ingredient(recipe_id, ingredient_id, quantity, recipe_ingredient_description, main) VALUES(62, 187, NULL, 'A pinch', 0);
INSERT INTO recipe_ingredient(recipe_id, ingredient_id, quantity, recipe_ingredient_description, main) VALUES(62, 120, 130, 'ml', 0);
INSERT INTO recipe_ingredient(recipe_id, ingredient_id, quantity, recipe_ingredient_description, main) VALUES(62, 175, 130, 'ml', 0);
INSERT INTO recipe_ingredient(recipe_id, ingredient_id, quantity, recipe_ingredient_description, main) VALUES(62, 145, NULL, 'A teaspoon of', 0);

INSERT INTO recipe_ingredient(recipe_id, ingredient_id, quantity, recipe_ingredient_description, main) VALUES(63, 135, 1, NULL, 1);
INSERT INTO recipe_ingredient(recipe_id, ingredient_id, quantity, recipe_ingredient_description, main) VALUES(63, 357, 690, 'gr', 0);
INSERT INTO recipe_ingredient(recipe_id, ingredient_id, quantity, recipe_ingredient_description, main) VALUES(63, 192, 90, 'ml', 0);
INSERT INTO recipe_ingredient(recipe_id, ingredient_id, quantity, recipe_ingredient_description, main) VALUES(63, 348, NULL, 'A tablespoon of', 0);
INSERT INTO recipe_ingredient(recipe_id, ingredient_id, quantity, recipe_ingredient_description, main) VALUES(63, 94, 7, NULL, 0);
INSERT INTO recipe_ingredient(recipe_id, ingredient_id, quantity, recipe_ingredient_description, main) VALUES(63, 250, NULL, 'A little', 0);
INSERT INTO recipe_ingredient(recipe_id, ingredient_id, quantity, recipe_ingredient_description, main) VALUES(63, 110, NULL, 'A teaspoon of', 0);
INSERT INTO recipe_ingredient(recipe_id, ingredient_id, quantity, recipe_ingredient_description, main) VALUES(63, 170, NULL, 'A tablespoon of', 0);
INSERT INTO recipe_ingredient(recipe_id, ingredient_id, quantity, recipe_ingredient_description, main) VALUES(63, 130, NULL, 'A teaspoon of', 0);

INSERT INTO recipe_ingredient(recipe_id, ingredient_id, quantity, recipe_ingredient_description, main) VALUES(64, 84, 1, NULL, 1);
INSERT INTO recipe_ingredient(recipe_id, ingredient_id, quantity, recipe_ingredient_description, main) VALUES(64, 351, 250, 'ml', 0);
INSERT INTO recipe_ingredient(recipe_id, ingredient_id, quantity, recipe_ingredient_description, main) VALUES(64, 193, NULL, 'A pinch', 0);
INSERT INTO recipe_ingredient(recipe_id, ingredient_id, quantity, recipe_ingredient_description, main) VALUES(64, 114, NULL, 'A teaspoon of', 0);
INSERT INTO recipe_ingredient(recipe_id, ingredient_id, quantity, recipe_ingredient_description, main) VALUES(64, 111, 330, 'ml', 0);
INSERT INTO recipe_ingredient(recipe_id, ingredient_id, quantity, recipe_ingredient_description, main) VALUES(64, 225, NULL, 'A cup', 0);
INSERT INTO recipe_ingredient(recipe_id, ingredient_id, quantity, recipe_ingredient_description, main) VALUES(64, 337, 4, NULL, 0);
INSERT INTO recipe_ingredient(recipe_id, ingredient_id, quantity, recipe_ingredient_description, main) VALUES(64, 121, NULL, 'A teaspoon of', 0);

INSERT INTO recipe_ingredient(recipe_id, ingredient_id, quantity, recipe_ingredient_description, main) VALUES(65, 177, 1, NULL, 1);
INSERT INTO recipe_ingredient(recipe_id, ingredient_id, quantity, recipe_ingredient_description, main) VALUES(65, 233, NULL, 'A pinch', 0);
INSERT INTO recipe_ingredient(recipe_id, ingredient_id, quantity, recipe_ingredient_description, main) VALUES(65, 243, NULL, 'A pinch', 0);
INSERT INTO recipe_ingredient(recipe_id, ingredient_id, quantity, recipe_ingredient_description, main) VALUES(65, 37, NULL, 'A cup', 0);
INSERT INTO recipe_ingredient(recipe_id, ingredient_id, quantity, recipe_ingredient_description, main) VALUES(65, 220, NULL, 'A teaspoon of', 0);
INSERT INTO recipe_ingredient(recipe_id, ingredient_id, quantity, recipe_ingredient_description, main) VALUES(65, 232, 450, 'gr', 0);
INSERT INTO recipe_ingredient(recipe_id, ingredient_id, quantity, recipe_ingredient_description, main) VALUES(65, 58, 690, 'ml', 0);
INSERT INTO recipe_ingredient(recipe_id, ingredient_id, quantity, recipe_ingredient_description, main) VALUES(65, 66, NULL, 'A cup', 0);
INSERT INTO recipe_ingredient(recipe_id, ingredient_id, quantity, recipe_ingredient_description, main) VALUES(65, 11, NULL, 'A tablespoon of', 0);
INSERT INTO recipe_ingredient(recipe_id, ingredient_id, quantity, recipe_ingredient_description, main) VALUES(65, 77, 590, 'ml', 0);
INSERT INTO recipe_ingredient(recipe_id, ingredient_id, quantity, recipe_ingredient_description, main) VALUES(65, 108, NULL, 'A teaspoon of', 0);
INSERT INTO recipe_ingredient(recipe_id, ingredient_id, quantity, recipe_ingredient_description, main) VALUES(65, 10, 330, 'ml', 0);
INSERT INTO recipe_ingredient(recipe_id, ingredient_id, quantity, recipe_ingredient_description, main) VALUES(65, 259, 190, 'gr', 0);
INSERT INTO recipe_ingredient(recipe_id, ingredient_id, quantity, recipe_ingredient_description, main) VALUES(65, 21, NULL, 'A pinch', 0);
INSERT INTO recipe_ingredient(recipe_id, ingredient_id, quantity, recipe_ingredient_description, main) VALUES(65, 181, 90, 'ml', 0);

INSERT INTO recipe_ingredient(recipe_id, ingredient_id, quantity, recipe_ingredient_description, main) VALUES(66, 141, 1, NULL, 1);
INSERT INTO recipe_ingredient(recipe_id, ingredient_id, quantity, recipe_ingredient_description, main) VALUES(66, 204, NULL, 'Few', 0);
INSERT INTO recipe_ingredient(recipe_id, ingredient_id, quantity, recipe_ingredient_description, main) VALUES(66, 108, NULL, 'A little', 0);
INSERT INTO recipe_ingredient(recipe_id, ingredient_id, quantity, recipe_ingredient_description, main) VALUES(66, 40, NULL, 'Few', 0);
INSERT INTO recipe_ingredient(recipe_id, ingredient_id, quantity, recipe_ingredient_description, main) VALUES(66, 179, NULL, 'A cup', 0);
INSERT INTO recipe_ingredient(recipe_id, ingredient_id, quantity, recipe_ingredient_description, main) VALUES(66, 147, NULL, 'A little', 0);
INSERT INTO recipe_ingredient(recipe_id, ingredient_id, quantity, recipe_ingredient_description, main) VALUES(66, 302, 290, 'gr', 0);
INSERT INTO recipe_ingredient(recipe_id, ingredient_id, quantity, recipe_ingredient_description, main) VALUES(66, 102, 350, 'gr', 0);
INSERT INTO recipe_ingredient(recipe_id, ingredient_id, quantity, recipe_ingredient_description, main) VALUES(66, 180, NULL, 'A little', 0);
INSERT INTO recipe_ingredient(recipe_id, ingredient_id, quantity, recipe_ingredient_description, main) VALUES(66, 35, NULL, 'Few', 0);
INSERT INTO recipe_ingredient(recipe_id, ingredient_id, quantity, recipe_ingredient_description, main) VALUES(66, 57, NULL, 'A cup', 0);
INSERT INTO recipe_ingredient(recipe_id, ingredient_id, quantity, recipe_ingredient_description, main) VALUES(66, 202, NULL, 'A cup', 0);
INSERT INTO recipe_ingredient(recipe_id, ingredient_id, quantity, recipe_ingredient_description, main) VALUES(66, 189, 2, NULL, 0);
INSERT INTO recipe_ingredient(recipe_id, ingredient_id, quantity, recipe_ingredient_description, main) VALUES(66, 338, 630, 'gr', 0);
INSERT INTO recipe_ingredient(recipe_id, ingredient_id, quantity, recipe_ingredient_description, main) VALUES(66, 300, NULL, 'Few', 0);

INSERT INTO recipe_ingredient(recipe_id, ingredient_id, quantity, recipe_ingredient_description, main) VALUES(67, 282, 1, NULL, 1);
INSERT INTO recipe_ingredient(recipe_id, ingredient_id, quantity, recipe_ingredient_description, main) VALUES(67, 158, 7, NULL, 0);
INSERT INTO recipe_ingredient(recipe_id, ingredient_id, quantity, recipe_ingredient_description, main) VALUES(67, 347, 50, 'gr', 0);
INSERT INTO recipe_ingredient(recipe_id, ingredient_id, quantity, recipe_ingredient_description, main) VALUES(67, 324, 650, 'gr', 0);
INSERT INTO recipe_ingredient(recipe_id, ingredient_id, quantity, recipe_ingredient_description, main) VALUES(67, 170, 590, 'gr', 0);
INSERT INTO recipe_ingredient(recipe_id, ingredient_id, quantity, recipe_ingredient_description, main) VALUES(67, 257, 6, NULL, 0);
INSERT INTO recipe_ingredient(recipe_id, ingredient_id, quantity, recipe_ingredient_description, main) VALUES(67, 329, NULL, 'A cup', 0);

INSERT INTO recipe_ingredient(recipe_id, ingredient_id, quantity, recipe_ingredient_description, main) VALUES(68, 205, 1, NULL, 1);
INSERT INTO recipe_ingredient(recipe_id, ingredient_id, quantity, recipe_ingredient_description, main) VALUES(68, 95, 450, 'gr', 0);
INSERT INTO recipe_ingredient(recipe_id, ingredient_id, quantity, recipe_ingredient_description, main) VALUES(68, 64, NULL, 'Few', 0);
INSERT INTO recipe_ingredient(recipe_id, ingredient_id, quantity, recipe_ingredient_description, main) VALUES(68, 1, 8, NULL, 0);
INSERT INTO recipe_ingredient(recipe_id, ingredient_id, quantity, recipe_ingredient_description, main) VALUES(68, 156, NULL, 'A teaspoon of', 0);
INSERT INTO recipe_ingredient(recipe_id, ingredient_id, quantity, recipe_ingredient_description, main) VALUES(68, 23, NULL, 'A pinch', 0);
INSERT INTO recipe_ingredient(recipe_id, ingredient_id, quantity, recipe_ingredient_description, main) VALUES(68, 238, NULL, 'Few', 0);
INSERT INTO recipe_ingredient(recipe_id, ingredient_id, quantity, recipe_ingredient_description, main) VALUES(68, 311, 6, NULL, 0);
INSERT INTO recipe_ingredient(recipe_id, ingredient_id, quantity, recipe_ingredient_description, main) VALUES(68, 334, NULL, 'Few', 0);

INSERT INTO recipe_ingredient(recipe_id, ingredient_id, quantity, recipe_ingredient_description, main) VALUES(69, 349, 1, NULL, 1);
INSERT INTO recipe_ingredient(recipe_id, ingredient_id, quantity, recipe_ingredient_description, main) VALUES(69, 68, NULL, 'Few', 0);
INSERT INTO recipe_ingredient(recipe_id, ingredient_id, quantity, recipe_ingredient_description, main) VALUES(69, 138, NULL, 'A teaspoon of', 0);
INSERT INTO recipe_ingredient(recipe_id, ingredient_id, quantity, recipe_ingredient_description, main) VALUES(69, 227, 110, 'ml', 0);
INSERT INTO recipe_ingredient(recipe_id, ingredient_id, quantity, recipe_ingredient_description, main) VALUES(69, 11, NULL, 'Few', 0);
INSERT INTO recipe_ingredient(recipe_id, ingredient_id, quantity, recipe_ingredient_description, main) VALUES(69, 102, NULL, 'A cup', 0);

INSERT INTO recipe_ingredient(recipe_id, ingredient_id, quantity, recipe_ingredient_description, main) VALUES(70, 248, 1, NULL, 1);
INSERT INTO recipe_ingredient(recipe_id, ingredient_id, quantity, recipe_ingredient_description, main) VALUES(70, 221, 7, NULL, 0);
INSERT INTO recipe_ingredient(recipe_id, ingredient_id, quantity, recipe_ingredient_description, main) VALUES(70, 108, NULL, 'A teaspoon of', 0);
INSERT INTO recipe_ingredient(recipe_id, ingredient_id, quantity, recipe_ingredient_description, main) VALUES(70, 11, 5, NULL, 0);
INSERT INTO recipe_ingredient(recipe_id, ingredient_id, quantity, recipe_ingredient_description, main) VALUES(70, 65, NULL, 'A tablespoon of', 0);
INSERT INTO recipe_ingredient(recipe_id, ingredient_id, quantity, recipe_ingredient_description, main) VALUES(70, 207, 470, 'gr', 0);
INSERT INTO recipe_ingredient(recipe_id, ingredient_id, quantity, recipe_ingredient_description, main) VALUES(70, 19, NULL, 'A cup', 0);
INSERT INTO recipe_ingredient(recipe_id, ingredient_id, quantity, recipe_ingredient_description, main) VALUES(70, 93, NULL, 'A little', 0);
INSERT INTO recipe_ingredient(recipe_id, ingredient_id, quantity, recipe_ingredient_description, main) VALUES(70, 120, NULL, 'Few', 0);
INSERT INTO recipe_ingredient(recipe_id, ingredient_id, quantity, recipe_ingredient_description, main) VALUES(70, 40, NULL, 'A tablespoon of', 0);
INSERT INTO recipe_ingredient(recipe_id, ingredient_id, quantity, recipe_ingredient_description, main) VALUES(70, 137, NULL, 'A tablespoon of', 0);
INSERT INTO recipe_ingredient(recipe_id, ingredient_id, quantity, recipe_ingredient_description, main) VALUES(70, 199, NULL, 'A pinch', 0);

INSERT INTO recipe_ingredient(recipe_id, ingredient_id, quantity, recipe_ingredient_description, main) VALUES(71, 316, 1, NULL, 1);
INSERT INTO recipe_ingredient(recipe_id, ingredient_id, quantity, recipe_ingredient_description, main) VALUES(71, 281, NULL, 'A cup', 0);
INSERT INTO recipe_ingredient(recipe_id, ingredient_id, quantity, recipe_ingredient_description, main) VALUES(71, 313, 370, 'ml', 0);
INSERT INTO recipe_ingredient(recipe_id, ingredient_id, quantity, recipe_ingredient_description, main) VALUES(71, 119, NULL, 'A cup', 0);
INSERT INTO recipe_ingredient(recipe_id, ingredient_id, quantity, recipe_ingredient_description, main) VALUES(71, 114, NULL, 'A little', 0);
INSERT INTO recipe_ingredient(recipe_id, ingredient_id, quantity, recipe_ingredient_description, main) VALUES(71, 203, 50, 'ml', 0);
INSERT INTO recipe_ingredient(recipe_id, ingredient_id, quantity, recipe_ingredient_description, main) VALUES(71, 103, NULL, 'Few', 0);
INSERT INTO recipe_ingredient(recipe_id, ingredient_id, quantity, recipe_ingredient_description, main) VALUES(71, 343, NULL, 'A pinch', 0);
INSERT INTO recipe_ingredient(recipe_id, ingredient_id, quantity, recipe_ingredient_description, main) VALUES(71, 15, NULL, 'A pinch', 0);
INSERT INTO recipe_ingredient(recipe_id, ingredient_id, quantity, recipe_ingredient_description, main) VALUES(71, 242, NULL, 'A pinch', 0);
INSERT INTO recipe_ingredient(recipe_id, ingredient_id, quantity, recipe_ingredient_description, main) VALUES(71, 211, 7, NULL, 0);

INSERT INTO recipe_ingredient(recipe_id, ingredient_id, quantity, recipe_ingredient_description, main) VALUES(72, 326, 1, NULL, 1);
INSERT INTO recipe_ingredient(recipe_id, ingredient_id, quantity, recipe_ingredient_description, main) VALUES(72, 282, NULL, 'A tablespoon of', 0);
INSERT INTO recipe_ingredient(recipe_id, ingredient_id, quantity, recipe_ingredient_description, main) VALUES(72, 89, NULL, 'A cup', 0);
INSERT INTO recipe_ingredient(recipe_id, ingredient_id, quantity, recipe_ingredient_description, main) VALUES(72, 347, 8, NULL, 0);
INSERT INTO recipe_ingredient(recipe_id, ingredient_id, quantity, recipe_ingredient_description, main) VALUES(72, 273, 5, NULL, 0);
INSERT INTO recipe_ingredient(recipe_id, ingredient_id, quantity, recipe_ingredient_description, main) VALUES(72, 296, 490, 'gr', 0);
INSERT INTO recipe_ingredient(recipe_id, ingredient_id, quantity, recipe_ingredient_description, main) VALUES(72, 216, NULL, 'A cup', 0);
INSERT INTO recipe_ingredient(recipe_id, ingredient_id, quantity, recipe_ingredient_description, main) VALUES(72, 326, NULL, 'A teaspoon of', 0);
INSERT INTO recipe_ingredient(recipe_id, ingredient_id, quantity, recipe_ingredient_description, main) VALUES(72, 82, 250, 'ml', 0);
INSERT INTO recipe_ingredient(recipe_id, ingredient_id, quantity, recipe_ingredient_description, main) VALUES(72, 56, 70, 'ml', 0);
INSERT INTO recipe_ingredient(recipe_id, ingredient_id, quantity, recipe_ingredient_description, main) VALUES(72, 62, 2, NULL, 0);
INSERT INTO recipe_ingredient(recipe_id, ingredient_id, quantity, recipe_ingredient_description, main) VALUES(72, 259, NULL, 'A teaspoon of', 0);
INSERT INTO recipe_ingredient(recipe_id, ingredient_id, quantity, recipe_ingredient_description, main) VALUES(72, 293, 2, NULL, 0);

INSERT INTO recipe_ingredient(recipe_id, ingredient_id, quantity, recipe_ingredient_description, main) VALUES(73, 7, 1, NULL, 1);
INSERT INTO recipe_ingredient(recipe_id, ingredient_id, quantity, recipe_ingredient_description, main) VALUES(73, 305, NULL, 'A pinch', 0);
INSERT INTO recipe_ingredient(recipe_id, ingredient_id, quantity, recipe_ingredient_description, main) VALUES(73, 365, NULL, 'A pinch', 0);
INSERT INTO recipe_ingredient(recipe_id, ingredient_id, quantity, recipe_ingredient_description, main) VALUES(73, 217, NULL, 'A pinch', 0);
INSERT INTO recipe_ingredient(recipe_id, ingredient_id, quantity, recipe_ingredient_description, main) VALUES(73, 238, NULL, 'A little', 0);
INSERT INTO recipe_ingredient(recipe_id, ingredient_id, quantity, recipe_ingredient_description, main) VALUES(73, 27, 3, NULL, 0);
INSERT INTO recipe_ingredient(recipe_id, ingredient_id, quantity, recipe_ingredient_description, main) VALUES(73, 332, NULL, 'A pinch', 0);

INSERT INTO recipe_ingredient(recipe_id, ingredient_id, quantity, recipe_ingredient_description, main) VALUES(74, 212, 1, NULL, 1);
INSERT INTO recipe_ingredient(recipe_id, ingredient_id, quantity, recipe_ingredient_description, main) VALUES(74, 230, 4, NULL, 0);
INSERT INTO recipe_ingredient(recipe_id, ingredient_id, quantity, recipe_ingredient_description, main) VALUES(74, 234, NULL, 'A little', 0);
INSERT INTO recipe_ingredient(recipe_id, ingredient_id, quantity, recipe_ingredient_description, main) VALUES(74, 249, NULL, 'A pinch', 0);
INSERT INTO recipe_ingredient(recipe_id, ingredient_id, quantity, recipe_ingredient_description, main) VALUES(74, 140, NULL, 'A little', 0);
INSERT INTO recipe_ingredient(recipe_id, ingredient_id, quantity, recipe_ingredient_description, main) VALUES(74, 291, NULL, 'A tablespoon of', 0);
INSERT INTO recipe_ingredient(recipe_id, ingredient_id, quantity, recipe_ingredient_description, main) VALUES(74, 61, 8, NULL, 0);
INSERT INTO recipe_ingredient(recipe_id, ingredient_id, quantity, recipe_ingredient_description, main) VALUES(74, 94, NULL, 'A pinch', 0);
INSERT INTO recipe_ingredient(recipe_id, ingredient_id, quantity, recipe_ingredient_description, main) VALUES(74, 11, NULL, 'A teaspoon of', 0);
INSERT INTO recipe_ingredient(recipe_id, ingredient_id, quantity, recipe_ingredient_description, main) VALUES(74, 198, NULL, 'A cup', 0);
INSERT INTO recipe_ingredient(recipe_id, ingredient_id, quantity, recipe_ingredient_description, main) VALUES(74, 226, NULL, 'A little', 0);
INSERT INTO recipe_ingredient(recipe_id, ingredient_id, quantity, recipe_ingredient_description, main) VALUES(74, 157, NULL, 'Few', 0);
INSERT INTO recipe_ingredient(recipe_id, ingredient_id, quantity, recipe_ingredient_description, main) VALUES(74, 162, 690, 'ml', 0);
INSERT INTO recipe_ingredient(recipe_id, ingredient_id, quantity, recipe_ingredient_description, main) VALUES(74, 218, 3, NULL, 0);
INSERT INTO recipe_ingredient(recipe_id, ingredient_id, quantity, recipe_ingredient_description, main) VALUES(74, 344, 7, NULL, 0);

INSERT INTO recipe_ingredient(recipe_id, ingredient_id, quantity, recipe_ingredient_description, main) VALUES(75, 206, 1, NULL, 1);
INSERT INTO recipe_ingredient(recipe_id, ingredient_id, quantity, recipe_ingredient_description, main) VALUES(75, 194, NULL, 'A little', 0);
INSERT INTO recipe_ingredient(recipe_id, ingredient_id, quantity, recipe_ingredient_description, main) VALUES(75, 172, NULL, 'Few', 0);
INSERT INTO recipe_ingredient(recipe_id, ingredient_id, quantity, recipe_ingredient_description, main) VALUES(75, 54, 230, 'ml', 0);
INSERT INTO recipe_ingredient(recipe_id, ingredient_id, quantity, recipe_ingredient_description, main) VALUES(75, 129, NULL, 'A teaspoon of', 0);
INSERT INTO recipe_ingredient(recipe_id, ingredient_id, quantity, recipe_ingredient_description, main) VALUES(75, 187, NULL, 'A tablespoon of', 0);
INSERT INTO recipe_ingredient(recipe_id, ingredient_id, quantity, recipe_ingredient_description, main) VALUES(75, 307, 90, 'gr', 0);
INSERT INTO recipe_ingredient(recipe_id, ingredient_id, quantity, recipe_ingredient_description, main) VALUES(75, 247, NULL, 'A teaspoon of', 0);
INSERT INTO recipe_ingredient(recipe_id, ingredient_id, quantity, recipe_ingredient_description, main) VALUES(75, 253, NULL, 'Few', 0);
INSERT INTO recipe_ingredient(recipe_id, ingredient_id, quantity, recipe_ingredient_description, main) VALUES(75, 261, NULL, 'A cup', 0);
INSERT INTO recipe_ingredient(recipe_id, ingredient_id, quantity, recipe_ingredient_description, main) VALUES(75, 22, NULL, 'A cup', 0);
INSERT INTO recipe_ingredient(recipe_id, ingredient_id, quantity, recipe_ingredient_description, main) VALUES(75, 21, 510, 'gr', 0);
INSERT INTO recipe_ingredient(recipe_id, ingredient_id, quantity, recipe_ingredient_description, main) VALUES(75, 190, NULL, 'A little', 0);

INSERT INTO recipe_ingredient(recipe_id, ingredient_id, quantity, recipe_ingredient_description, main) VALUES(76, 195, 1, NULL, 1);
INSERT INTO recipe_ingredient(recipe_id, ingredient_id, quantity, recipe_ingredient_description, main) VALUES(76, 203, 310, 'gr', 0);
INSERT INTO recipe_ingredient(recipe_id, ingredient_id, quantity, recipe_ingredient_description, main) VALUES(76, 186, 350, 'ml', 0);
INSERT INTO recipe_ingredient(recipe_id, ingredient_id, quantity, recipe_ingredient_description, main) VALUES(76, 66, NULL, 'A pinch', 0);
INSERT INTO recipe_ingredient(recipe_id, ingredient_id, quantity, recipe_ingredient_description, main) VALUES(76, 28, NULL, 'A teaspoon of', 0);
INSERT INTO recipe_ingredient(recipe_id, ingredient_id, quantity, recipe_ingredient_description, main) VALUES(76, 163, NULL, 'A tablespoon of', 0);

INSERT INTO recipe_ingredient(recipe_id, ingredient_id, quantity, recipe_ingredient_description, main) VALUES(77, 179, 1, NULL, 1);
INSERT INTO recipe_ingredient(recipe_id, ingredient_id, quantity, recipe_ingredient_description, main) VALUES(77, 142, NULL, 'A tablespoon of', 0);
INSERT INTO recipe_ingredient(recipe_id, ingredient_id, quantity, recipe_ingredient_description, main) VALUES(77, 99, NULL, 'Few', 0);
INSERT INTO recipe_ingredient(recipe_id, ingredient_id, quantity, recipe_ingredient_description, main) VALUES(77, 229, NULL, 'A tablespoon of', 0);
INSERT INTO recipe_ingredient(recipe_id, ingredient_id, quantity, recipe_ingredient_description, main) VALUES(77, 331, NULL, 'A cup', 0);
INSERT INTO recipe_ingredient(recipe_id, ingredient_id, quantity, recipe_ingredient_description, main) VALUES(77, 6, 2, NULL, 0);
INSERT INTO recipe_ingredient(recipe_id, ingredient_id, quantity, recipe_ingredient_description, main) VALUES(77, 40, 350, 'ml', 0);
INSERT INTO recipe_ingredient(recipe_id, ingredient_id, quantity, recipe_ingredient_description, main) VALUES(77, 203, NULL, 'A teaspoon of', 0);

INSERT INTO recipe_ingredient(recipe_id, ingredient_id, quantity, recipe_ingredient_description, main) VALUES(78, 353, 1, NULL, 1);
INSERT INTO recipe_ingredient(recipe_id, ingredient_id, quantity, recipe_ingredient_description, main) VALUES(78, 156, NULL, 'A cup', 0);
INSERT INTO recipe_ingredient(recipe_id, ingredient_id, quantity, recipe_ingredient_description, main) VALUES(78, 30, 590, 'ml', 0);
INSERT INTO recipe_ingredient(recipe_id, ingredient_id, quantity, recipe_ingredient_description, main) VALUES(78, 349, NULL, 'A cup', 0);
INSERT INTO recipe_ingredient(recipe_id, ingredient_id, quantity, recipe_ingredient_description, main) VALUES(78, 36, NULL, 'A pinch', 0);
INSERT INTO recipe_ingredient(recipe_id, ingredient_id, quantity, recipe_ingredient_description, main) VALUES(78, 279, 290, 'gr', 0);
INSERT INTO recipe_ingredient(recipe_id, ingredient_id, quantity, recipe_ingredient_description, main) VALUES(78, 127, 4, NULL, 0);
INSERT INTO recipe_ingredient(recipe_id, ingredient_id, quantity, recipe_ingredient_description, main) VALUES(78, 363, NULL, 'Few', 0);
INSERT INTO recipe_ingredient(recipe_id, ingredient_id, quantity, recipe_ingredient_description, main) VALUES(78, 243, NULL, 'A little', 0);
INSERT INTO recipe_ingredient(recipe_id, ingredient_id, quantity, recipe_ingredient_description, main) VALUES(78, 200, 510, 'ml', 0);
INSERT INTO recipe_ingredient(recipe_id, ingredient_id, quantity, recipe_ingredient_description, main) VALUES(78, 132, NULL, 'A little', 0);
INSERT INTO recipe_ingredient(recipe_id, ingredient_id, quantity, recipe_ingredient_description, main) VALUES(78, 255, NULL, 'A pinch', 0);
INSERT INTO recipe_ingredient(recipe_id, ingredient_id, quantity, recipe_ingredient_description, main) VALUES(78, 192, NULL, 'A teaspoon of', 0);

INSERT INTO recipe_ingredient(recipe_id, ingredient_id, quantity, recipe_ingredient_description, main) VALUES(79, 124, 1, NULL, 1);
INSERT INTO recipe_ingredient(recipe_id, ingredient_id, quantity, recipe_ingredient_description, main) VALUES(79, 105, NULL, 'A little', 0);
INSERT INTO recipe_ingredient(recipe_id, ingredient_id, quantity, recipe_ingredient_description, main) VALUES(79, 1, NULL, 'A cup', 0);
INSERT INTO recipe_ingredient(recipe_id, ingredient_id, quantity, recipe_ingredient_description, main) VALUES(79, 16, NULL, 'A little', 0);
INSERT INTO recipe_ingredient(recipe_id, ingredient_id, quantity, recipe_ingredient_description, main) VALUES(79, 328, NULL, 'Few', 0);
INSERT INTO recipe_ingredient(recipe_id, ingredient_id, quantity, recipe_ingredient_description, main) VALUES(79, 111, NULL, 'A tablespoon of', 0);
INSERT INTO recipe_ingredient(recipe_id, ingredient_id, quantity, recipe_ingredient_description, main) VALUES(79, 336, NULL, 'A cup', 0);
INSERT INTO recipe_ingredient(recipe_id, ingredient_id, quantity, recipe_ingredient_description, main) VALUES(79, 298, 7, NULL, 0);
INSERT INTO recipe_ingredient(recipe_id, ingredient_id, quantity, recipe_ingredient_description, main) VALUES(79, 339, 3, NULL, 0);

INSERT INTO recipe_ingredient(recipe_id, ingredient_id, quantity, recipe_ingredient_description, main) VALUES(80, 179, 1, NULL, 1);
INSERT INTO recipe_ingredient(recipe_id, ingredient_id, quantity, recipe_ingredient_description, main) VALUES(80, 342, NULL, 'A cup', 0);
INSERT INTO recipe_ingredient(recipe_id, ingredient_id, quantity, recipe_ingredient_description, main) VALUES(80, 180, NULL, 'A tablespoon of', 0);
INSERT INTO recipe_ingredient(recipe_id, ingredient_id, quantity, recipe_ingredient_description, main) VALUES(80, 81, 550, 'ml', 0);
INSERT INTO recipe_ingredient(recipe_id, ingredient_id, quantity, recipe_ingredient_description, main) VALUES(80, 262, NULL, 'A little', 0);
INSERT INTO recipe_ingredient(recipe_id, ingredient_id, quantity, recipe_ingredient_description, main) VALUES(80, 85, NULL, 'A pinch', 0);
INSERT INTO recipe_ingredient(recipe_id, ingredient_id, quantity, recipe_ingredient_description, main) VALUES(80, 158, NULL, 'A cup', 0);
INSERT INTO recipe_ingredient(recipe_id, ingredient_id, quantity, recipe_ingredient_description, main) VALUES(80, 271, NULL, 'A teaspoon of', 0);
INSERT INTO recipe_ingredient(recipe_id, ingredient_id, quantity, recipe_ingredient_description, main) VALUES(80, 259, NULL, 'A tablespoon of', 0);
INSERT INTO recipe_ingredient(recipe_id, ingredient_id, quantity, recipe_ingredient_description, main) VALUES(80, 152, 210, 'ml', 0);
INSERT INTO recipe_ingredient(recipe_id, ingredient_id, quantity, recipe_ingredient_description, main) VALUES(80, 283, NULL, 'A cup', 0);
INSERT INTO recipe_ingredient(recipe_id, ingredient_id, quantity, recipe_ingredient_description, main) VALUES(80, 8, 6, NULL, 0);
INSERT INTO recipe_ingredient(recipe_id, ingredient_id, quantity, recipe_ingredient_description, main) VALUES(80, 50, 8, NULL, 0);
INSERT INTO recipe_ingredient(recipe_id, ingredient_id, quantity, recipe_ingredient_description, main) VALUES(80, 59, 110, 'ml', 0);
INSERT INTO recipe_ingredient(recipe_id, ingredient_id, quantity, recipe_ingredient_description, main) VALUES(80, 339, NULL, 'A little', 0);
INSERT INTO recipe_ingredient(recipe_id, ingredient_id, quantity, recipe_ingredient_description, main) VALUES(80, 354, NULL, 'A little', 0);

INSERT INTO recipe_ingredient(recipe_id, ingredient_id, quantity, recipe_ingredient_description, main) VALUES(81, 343, 1, NULL, 1);
INSERT INTO recipe_ingredient(recipe_id, ingredient_id, quantity, recipe_ingredient_description, main) VALUES(81, 43, NULL, 'A cup', 0);
INSERT INTO recipe_ingredient(recipe_id, ingredient_id, quantity, recipe_ingredient_description, main) VALUES(81, 91, NULL, 'A tablespoon of', 0);
INSERT INTO recipe_ingredient(recipe_id, ingredient_id, quantity, recipe_ingredient_description, main) VALUES(81, 225, 410, 'ml', 0);
INSERT INTO recipe_ingredient(recipe_id, ingredient_id, quantity, recipe_ingredient_description, main) VALUES(81, 360, 490, 'ml', 0);
INSERT INTO recipe_ingredient(recipe_id, ingredient_id, quantity, recipe_ingredient_description, main) VALUES(81, 189, NULL, 'A pinch', 0);
INSERT INTO recipe_ingredient(recipe_id, ingredient_id, quantity, recipe_ingredient_description, main) VALUES(81, 290, NULL, 'A tablespoon of', 0);
INSERT INTO recipe_ingredient(recipe_id, ingredient_id, quantity, recipe_ingredient_description, main) VALUES(81, 201, 610, 'ml', 0);
INSERT INTO recipe_ingredient(recipe_id, ingredient_id, quantity, recipe_ingredient_description, main) VALUES(81, 190, NULL, 'A pinch', 0);
INSERT INTO recipe_ingredient(recipe_id, ingredient_id, quantity, recipe_ingredient_description, main) VALUES(81, 288, 110, 'gr', 0);
INSERT INTO recipe_ingredient(recipe_id, ingredient_id, quantity, recipe_ingredient_description, main) VALUES(81, 261, NULL, 'A tablespoon of', 0);
INSERT INTO recipe_ingredient(recipe_id, ingredient_id, quantity, recipe_ingredient_description, main) VALUES(81, 336, NULL, 'A teaspoon of', 0);
INSERT INTO recipe_ingredient(recipe_id, ingredient_id, quantity, recipe_ingredient_description, main) VALUES(81, 138, 6, NULL, 0);
INSERT INTO recipe_ingredient(recipe_id, ingredient_id, quantity, recipe_ingredient_description, main) VALUES(81, 361, 190, 'gr', 0);
INSERT INTO recipe_ingredient(recipe_id, ingredient_id, quantity, recipe_ingredient_description, main) VALUES(81, 56, NULL, 'Few', 0);
INSERT INTO recipe_ingredient(recipe_id, ingredient_id, quantity, recipe_ingredient_description, main) VALUES(81, 55, NULL, 'A teaspoon of', 0);

INSERT INTO recipe_ingredient(recipe_id, ingredient_id, quantity, recipe_ingredient_description, main) VALUES(82, 76, 1, NULL, 1);
INSERT INTO recipe_ingredient(recipe_id, ingredient_id, quantity, recipe_ingredient_description, main) VALUES(82, 364, NULL, 'A little', 0);
INSERT INTO recipe_ingredient(recipe_id, ingredient_id, quantity, recipe_ingredient_description, main) VALUES(82, 28, NULL, 'A pinch', 0);
INSERT INTO recipe_ingredient(recipe_id, ingredient_id, quantity, recipe_ingredient_description, main) VALUES(82, 324, NULL, 'A little', 0);
INSERT INTO recipe_ingredient(recipe_id, ingredient_id, quantity, recipe_ingredient_description, main) VALUES(82, 365, NULL, 'A little', 0);
INSERT INTO recipe_ingredient(recipe_id, ingredient_id, quantity, recipe_ingredient_description, main) VALUES(82, 114, 610, 'gr', 0);
INSERT INTO recipe_ingredient(recipe_id, ingredient_id, quantity, recipe_ingredient_description, main) VALUES(82, 229, NULL, 'A little', 0);
INSERT INTO recipe_ingredient(recipe_id, ingredient_id, quantity, recipe_ingredient_description, main) VALUES(82, 196, NULL, 'A cup', 0);
INSERT INTO recipe_ingredient(recipe_id, ingredient_id, quantity, recipe_ingredient_description, main) VALUES(82, 162, NULL, 'A teaspoon of', 0);

INSERT INTO recipe_ingredient(recipe_id, ingredient_id, quantity, recipe_ingredient_description, main) VALUES(83, 13, 1, NULL, 1);
INSERT INTO recipe_ingredient(recipe_id, ingredient_id, quantity, recipe_ingredient_description, main) VALUES(83, 260, NULL, 'A teaspoon of', 0);
INSERT INTO recipe_ingredient(recipe_id, ingredient_id, quantity, recipe_ingredient_description, main) VALUES(83, 245, NULL, 'A teaspoon of', 0);
INSERT INTO recipe_ingredient(recipe_id, ingredient_id, quantity, recipe_ingredient_description, main) VALUES(83, 118, NULL, 'A cup', 0);
INSERT INTO recipe_ingredient(recipe_id, ingredient_id, quantity, recipe_ingredient_description, main) VALUES(83, 303, 270, 'ml', 0);
INSERT INTO recipe_ingredient(recipe_id, ingredient_id, quantity, recipe_ingredient_description, main) VALUES(83, 313, 2, NULL, 0);
INSERT INTO recipe_ingredient(recipe_id, ingredient_id, quantity, recipe_ingredient_description, main) VALUES(83, 230, NULL, 'A pinch', 0);
INSERT INTO recipe_ingredient(recipe_id, ingredient_id, quantity, recipe_ingredient_description, main) VALUES(83, 34, NULL, 'A tablespoon of', 0);
INSERT INTO recipe_ingredient(recipe_id, ingredient_id, quantity, recipe_ingredient_description, main) VALUES(83, 155, NULL, 'A teaspoon of', 0);
INSERT INTO recipe_ingredient(recipe_id, ingredient_id, quantity, recipe_ingredient_description, main) VALUES(83, 161, NULL, 'A teaspoon of', 0);
INSERT INTO recipe_ingredient(recipe_id, ingredient_id, quantity, recipe_ingredient_description, main) VALUES(83, 76, NULL, 'A cup', 0);
INSERT INTO recipe_ingredient(recipe_id, ingredient_id, quantity, recipe_ingredient_description, main) VALUES(83, 178, 630, 'ml', 0);
INSERT INTO recipe_ingredient(recipe_id, ingredient_id, quantity, recipe_ingredient_description, main) VALUES(83, 61, NULL, 'A little', 0);
INSERT INTO recipe_ingredient(recipe_id, ingredient_id, quantity, recipe_ingredient_description, main) VALUES(83, 120, NULL, 'A tablespoon of', 0);

INSERT INTO recipe_ingredient(recipe_id, ingredient_id, quantity, recipe_ingredient_description, main) VALUES(84, 107, 1, NULL, 1);
INSERT INTO recipe_ingredient(recipe_id, ingredient_id, quantity, recipe_ingredient_description, main) VALUES(84, 227, NULL, 'A pinch', 0);
INSERT INTO recipe_ingredient(recipe_id, ingredient_id, quantity, recipe_ingredient_description, main) VALUES(84, 103, NULL, 'Few', 0);
INSERT INTO recipe_ingredient(recipe_id, ingredient_id, quantity, recipe_ingredient_description, main) VALUES(84, 305, NULL, 'A cup', 0);
INSERT INTO recipe_ingredient(recipe_id, ingredient_id, quantity, recipe_ingredient_description, main) VALUES(84, 349, NULL, 'A little', 0);
INSERT INTO recipe_ingredient(recipe_id, ingredient_id, quantity, recipe_ingredient_description, main) VALUES(84, 10, NULL, 'A tablespoon of', 0);
INSERT INTO recipe_ingredient(recipe_id, ingredient_id, quantity, recipe_ingredient_description, main) VALUES(84, 336, 5, NULL, 0);
INSERT INTO recipe_ingredient(recipe_id, ingredient_id, quantity, recipe_ingredient_description, main) VALUES(84, 131, 4, NULL, 0);

INSERT INTO recipe_ingredient(recipe_id, ingredient_id, quantity, recipe_ingredient_description, main) VALUES(85, 80, 1, NULL, 1);
INSERT INTO recipe_ingredient(recipe_id, ingredient_id, quantity, recipe_ingredient_description, main) VALUES(85, 201, NULL, 'A cup', 0);
INSERT INTO recipe_ingredient(recipe_id, ingredient_id, quantity, recipe_ingredient_description, main) VALUES(85, 237, NULL, 'A teaspoon of', 0);
INSERT INTO recipe_ingredient(recipe_id, ingredient_id, quantity, recipe_ingredient_description, main) VALUES(85, 95, 210, 'gr', 0);
INSERT INTO recipe_ingredient(recipe_id, ingredient_id, quantity, recipe_ingredient_description, main) VALUES(85, 362, 2, NULL, 0);
INSERT INTO recipe_ingredient(recipe_id, ingredient_id, quantity, recipe_ingredient_description, main) VALUES(85, 154, NULL, 'A cup', 0);
INSERT INTO recipe_ingredient(recipe_id, ingredient_id, quantity, recipe_ingredient_description, main) VALUES(85, 235, NULL, 'Few', 0);
INSERT INTO recipe_ingredient(recipe_id, ingredient_id, quantity, recipe_ingredient_description, main) VALUES(85, 200, 390, 'ml', 0);
INSERT INTO recipe_ingredient(recipe_id, ingredient_id, quantity, recipe_ingredient_description, main) VALUES(85, 37, 510, 'gr', 0);
INSERT INTO recipe_ingredient(recipe_id, ingredient_id, quantity, recipe_ingredient_description, main) VALUES(85, 47, 370, 'gr', 0);
INSERT INTO recipe_ingredient(recipe_id, ingredient_id, quantity, recipe_ingredient_description, main) VALUES(85, 37, NULL, 'A tablespoon of', 0);

INSERT INTO recipe_ingredient(recipe_id, ingredient_id, quantity, recipe_ingredient_description, main) VALUES(86, 183, 1, NULL, 1);
INSERT INTO recipe_ingredient(recipe_id, ingredient_id, quantity, recipe_ingredient_description, main) VALUES(86, 26, NULL, 'Few', 0);
INSERT INTO recipe_ingredient(recipe_id, ingredient_id, quantity, recipe_ingredient_description, main) VALUES(86, 60, NULL, 'A teaspoon of', 0);
INSERT INTO recipe_ingredient(recipe_id, ingredient_id, quantity, recipe_ingredient_description, main) VALUES(86, 332, NULL, 'A teaspoon of', 0);
INSERT INTO recipe_ingredient(recipe_id, ingredient_id, quantity, recipe_ingredient_description, main) VALUES(86, 348, NULL, 'A teaspoon of', 0);
INSERT INTO recipe_ingredient(recipe_id, ingredient_id, quantity, recipe_ingredient_description, main) VALUES(86, 104, NULL, 'Few', 0);
INSERT INTO recipe_ingredient(recipe_id, ingredient_id, quantity, recipe_ingredient_description, main) VALUES(86, 355, 590, 'gr', 0);
INSERT INTO recipe_ingredient(recipe_id, ingredient_id, quantity, recipe_ingredient_description, main) VALUES(86, 166, 290, 'ml', 0);
INSERT INTO recipe_ingredient(recipe_id, ingredient_id, quantity, recipe_ingredient_description, main) VALUES(86, 115, NULL, 'A little', 0);
INSERT INTO recipe_ingredient(recipe_id, ingredient_id, quantity, recipe_ingredient_description, main) VALUES(86, 167, NULL, 'Few', 0);
INSERT INTO recipe_ingredient(recipe_id, ingredient_id, quantity, recipe_ingredient_description, main) VALUES(86, 166, NULL, 'A tablespoon of', 0);
INSERT INTO recipe_ingredient(recipe_id, ingredient_id, quantity, recipe_ingredient_description, main) VALUES(86, 59, NULL, 'A pinch', 0);
INSERT INTO recipe_ingredient(recipe_id, ingredient_id, quantity, recipe_ingredient_description, main) VALUES(86, 286, NULL, 'A cup', 0);
INSERT INTO recipe_ingredient(recipe_id, ingredient_id, quantity, recipe_ingredient_description, main) VALUES(86, 223, NULL, 'A pinch', 0);
INSERT INTO recipe_ingredient(recipe_id, ingredient_id, quantity, recipe_ingredient_description, main) VALUES(86, 63, NULL, 'A teaspoon of', 0);

INSERT INTO recipe_ingredient(recipe_id, ingredient_id, quantity, recipe_ingredient_description, main) VALUES(87, 186, 1, NULL, 1);
INSERT INTO recipe_ingredient(recipe_id, ingredient_id, quantity, recipe_ingredient_description, main) VALUES(87, 117, NULL, 'Few', 0);
INSERT INTO recipe_ingredient(recipe_id, ingredient_id, quantity, recipe_ingredient_description, main) VALUES(87, 223, NULL, 'Few', 0);
INSERT INTO recipe_ingredient(recipe_id, ingredient_id, quantity, recipe_ingredient_description, main) VALUES(87, 99, NULL, 'A little', 0);
INSERT INTO recipe_ingredient(recipe_id, ingredient_id, quantity, recipe_ingredient_description, main) VALUES(87, 117, 5, NULL, 0);
INSERT INTO recipe_ingredient(recipe_id, ingredient_id, quantity, recipe_ingredient_description, main) VALUES(87, 232, 110, 'gr', 0);
INSERT INTO recipe_ingredient(recipe_id, ingredient_id, quantity, recipe_ingredient_description, main) VALUES(87, 240, NULL, 'A pinch', 0);
INSERT INTO recipe_ingredient(recipe_id, ingredient_id, quantity, recipe_ingredient_description, main) VALUES(87, 89, NULL, 'A teaspoon of', 0);

INSERT INTO recipe_ingredient(recipe_id, ingredient_id, quantity, recipe_ingredient_description, main) VALUES(88, 199, 1, NULL, 1);
INSERT INTO recipe_ingredient(recipe_id, ingredient_id, quantity, recipe_ingredient_description, main) VALUES(88, 39, 5, NULL, 0);
INSERT INTO recipe_ingredient(recipe_id, ingredient_id, quantity, recipe_ingredient_description, main) VALUES(88, 197, NULL, 'A little', 0);
INSERT INTO recipe_ingredient(recipe_id, ingredient_id, quantity, recipe_ingredient_description, main) VALUES(88, 180, NULL, 'A teaspoon of', 0);
INSERT INTO recipe_ingredient(recipe_id, ingredient_id, quantity, recipe_ingredient_description, main) VALUES(88, 194, 370, 'ml', 0);
INSERT INTO recipe_ingredient(recipe_id, ingredient_id, quantity, recipe_ingredient_description, main) VALUES(88, 222, NULL, 'Few', 0);
INSERT INTO recipe_ingredient(recipe_id, ingredient_id, quantity, recipe_ingredient_description, main) VALUES(88, 57, NULL, 'A little', 0);
INSERT INTO recipe_ingredient(recipe_id, ingredient_id, quantity, recipe_ingredient_description, main) VALUES(88, 325, NULL, 'Few', 0);
INSERT INTO recipe_ingredient(recipe_id, ingredient_id, quantity, recipe_ingredient_description, main) VALUES(88, 357, NULL, 'A tablespoon of', 0);
INSERT INTO recipe_ingredient(recipe_id, ingredient_id, quantity, recipe_ingredient_description, main) VALUES(88, 38, NULL, 'A teaspoon of', 0);
INSERT INTO recipe_ingredient(recipe_id, ingredient_id, quantity, recipe_ingredient_description, main) VALUES(88, 37, 190, 'gr', 0);
INSERT INTO recipe_ingredient(recipe_id, ingredient_id, quantity, recipe_ingredient_description, main) VALUES(88, 201, NULL, 'A little', 0);
INSERT INTO recipe_ingredient(recipe_id, ingredient_id, quantity, recipe_ingredient_description, main) VALUES(88, 271, NULL, 'Few', 0);
INSERT INTO recipe_ingredient(recipe_id, ingredient_id, quantity, recipe_ingredient_description, main) VALUES(88, 208, 3, NULL, 0);
INSERT INTO recipe_ingredient(recipe_id, ingredient_id, quantity, recipe_ingredient_description, main) VALUES(88, 312, 470, 'gr', 0);
INSERT INTO recipe_ingredient(recipe_id, ingredient_id, quantity, recipe_ingredient_description, main) VALUES(88, 222, 470, 'ml', 0);

INSERT INTO recipe_ingredient(recipe_id, ingredient_id, quantity, recipe_ingredient_description, main) VALUES(89, 313, 1, NULL, 1);
INSERT INTO recipe_ingredient(recipe_id, ingredient_id, quantity, recipe_ingredient_description, main) VALUES(89, 362, NULL, 'A pinch', 0);
INSERT INTO recipe_ingredient(recipe_id, ingredient_id, quantity, recipe_ingredient_description, main) VALUES(89, 226, NULL, 'A teaspoon of', 0);
INSERT INTO recipe_ingredient(recipe_id, ingredient_id, quantity, recipe_ingredient_description, main) VALUES(89, 205, NULL, 'A pinch', 0);
INSERT INTO recipe_ingredient(recipe_id, ingredient_id, quantity, recipe_ingredient_description, main) VALUES(89, 123, NULL, 'Few', 0);
INSERT INTO recipe_ingredient(recipe_id, ingredient_id, quantity, recipe_ingredient_description, main) VALUES(89, 141, 5, NULL, 0);
INSERT INTO recipe_ingredient(recipe_id, ingredient_id, quantity, recipe_ingredient_description, main) VALUES(89, 253, NULL, 'A tablespoon of', 0);
INSERT INTO recipe_ingredient(recipe_id, ingredient_id, quantity, recipe_ingredient_description, main) VALUES(89, 46, NULL, 'A tablespoon of', 0);
INSERT INTO recipe_ingredient(recipe_id, ingredient_id, quantity, recipe_ingredient_description, main) VALUES(89, 147, NULL, 'A cup', 0);
INSERT INTO recipe_ingredient(recipe_id, ingredient_id, quantity, recipe_ingredient_description, main) VALUES(89, 230, NULL, 'Few', 0);
INSERT INTO recipe_ingredient(recipe_id, ingredient_id, quantity, recipe_ingredient_description, main) VALUES(89, 240, NULL, 'A cup', 0);
INSERT INTO recipe_ingredient(recipe_id, ingredient_id, quantity, recipe_ingredient_description, main) VALUES(89, 71, NULL, 'Few', 0);
INSERT INTO recipe_ingredient(recipe_id, ingredient_id, quantity, recipe_ingredient_description, main) VALUES(89, 246, NULL, 'A little', 0);

INSERT INTO recipe_ingredient(recipe_id, ingredient_id, quantity, recipe_ingredient_description, main) VALUES(90, 314, 1, NULL, 1);
INSERT INTO recipe_ingredient(recipe_id, ingredient_id, quantity, recipe_ingredient_description, main) VALUES(90, 53, NULL, 'A tablespoon of', 0);
INSERT INTO recipe_ingredient(recipe_id, ingredient_id, quantity, recipe_ingredient_description, main) VALUES(90, 239, NULL, 'A tablespoon of', 0);
INSERT INTO recipe_ingredient(recipe_id, ingredient_id, quantity, recipe_ingredient_description, main) VALUES(90, 257, 150, 'gr', 0);
INSERT INTO recipe_ingredient(recipe_id, ingredient_id, quantity, recipe_ingredient_description, main) VALUES(90, 89, 570, 'ml', 0);
INSERT INTO recipe_ingredient(recipe_id, ingredient_id, quantity, recipe_ingredient_description, main) VALUES(90, 49, NULL, 'A tablespoon of', 0);
INSERT INTO recipe_ingredient(recipe_id, ingredient_id, quantity, recipe_ingredient_description, main) VALUES(90, 101, NULL, 'A cup', 0);
INSERT INTO recipe_ingredient(recipe_id, ingredient_id, quantity, recipe_ingredient_description, main) VALUES(90, 156, NULL, 'A teaspoon of', 0);
INSERT INTO recipe_ingredient(recipe_id, ingredient_id, quantity, recipe_ingredient_description, main) VALUES(90, 94, 410, 'gr', 0);
INSERT INTO recipe_ingredient(recipe_id, ingredient_id, quantity, recipe_ingredient_description, main) VALUES(90, 45, NULL, 'A little', 0);
INSERT INTO recipe_ingredient(recipe_id, ingredient_id, quantity, recipe_ingredient_description, main) VALUES(90, 209, NULL, 'A little', 0);

INSERT INTO recipe_ingredient(recipe_id, ingredient_id, quantity, recipe_ingredient_description, main) VALUES(91, 256, 1, NULL, 1);
INSERT INTO recipe_ingredient(recipe_id, ingredient_id, quantity, recipe_ingredient_description, main) VALUES(91, 150, NULL, 'Few', 0);
INSERT INTO recipe_ingredient(recipe_id, ingredient_id, quantity, recipe_ingredient_description, main) VALUES(91, 365, 430, 'gr', 0);
INSERT INTO recipe_ingredient(recipe_id, ingredient_id, quantity, recipe_ingredient_description, main) VALUES(91, 91, NULL, 'Few', 0);
INSERT INTO recipe_ingredient(recipe_id, ingredient_id, quantity, recipe_ingredient_description, main) VALUES(91, 93, NULL, 'A teaspoon of', 0);
INSERT INTO recipe_ingredient(recipe_id, ingredient_id, quantity, recipe_ingredient_description, main) VALUES(91, 106, NULL, 'A tablespoon of', 0);
INSERT INTO recipe_ingredient(recipe_id, ingredient_id, quantity, recipe_ingredient_description, main) VALUES(91, 199, NULL, 'Few', 0);
INSERT INTO recipe_ingredient(recipe_id, ingredient_id, quantity, recipe_ingredient_description, main) VALUES(91, 352, 390, 'ml', 0);
INSERT INTO recipe_ingredient(recipe_id, ingredient_id, quantity, recipe_ingredient_description, main) VALUES(91, 183, NULL, 'A tablespoon of', 0);
INSERT INTO recipe_ingredient(recipe_id, ingredient_id, quantity, recipe_ingredient_description, main) VALUES(91, 257, NULL, 'A teaspoon of', 0);
INSERT INTO recipe_ingredient(recipe_id, ingredient_id, quantity, recipe_ingredient_description, main) VALUES(91, 269, NULL, 'A tablespoon of', 0);
INSERT INTO recipe_ingredient(recipe_id, ingredient_id, quantity, recipe_ingredient_description, main) VALUES(91, 119, 250, 'gr', 0);
INSERT INTO recipe_ingredient(recipe_id, ingredient_id, quantity, recipe_ingredient_description, main) VALUES(91, 91, NULL, 'A cup', 0);
INSERT INTO recipe_ingredient(recipe_id, ingredient_id, quantity, recipe_ingredient_description, main) VALUES(91, 143, NULL, 'A tablespoon of', 0);

INSERT INTO recipe_ingredient(recipe_id, ingredient_id, quantity, recipe_ingredient_description, main) VALUES(92, 190, 1, NULL, 1);
INSERT INTO recipe_ingredient(recipe_id, ingredient_id, quantity, recipe_ingredient_description, main) VALUES(92, 3, NULL, 'A cup', 0);
INSERT INTO recipe_ingredient(recipe_id, ingredient_id, quantity, recipe_ingredient_description, main) VALUES(92, 138, 250, 'gr', 0);
INSERT INTO recipe_ingredient(recipe_id, ingredient_id, quantity, recipe_ingredient_description, main) VALUES(92, 219, NULL, 'A teaspoon of', 0);
INSERT INTO recipe_ingredient(recipe_id, ingredient_id, quantity, recipe_ingredient_description, main) VALUES(92, 41, 210, 'ml', 0);
INSERT INTO recipe_ingredient(recipe_id, ingredient_id, quantity, recipe_ingredient_description, main) VALUES(92, 132, NULL, 'A tablespoon of', 0);
INSERT INTO recipe_ingredient(recipe_id, ingredient_id, quantity, recipe_ingredient_description, main) VALUES(92, 340, 630, 'gr', 0);
INSERT INTO recipe_ingredient(recipe_id, ingredient_id, quantity, recipe_ingredient_description, main) VALUES(92, 9, 6, NULL, 0);

INSERT INTO recipe_ingredient(recipe_id, ingredient_id, quantity, recipe_ingredient_description, main) VALUES(93, 337, 1, NULL, 1);
INSERT INTO recipe_ingredient(recipe_id, ingredient_id, quantity, recipe_ingredient_description, main) VALUES(93, 335, 290, 'gr', 0);
INSERT INTO recipe_ingredient(recipe_id, ingredient_id, quantity, recipe_ingredient_description, main) VALUES(93, 177, 190, 'ml', 0);
INSERT INTO recipe_ingredient(recipe_id, ingredient_id, quantity, recipe_ingredient_description, main) VALUES(93, 47, NULL, 'A pinch', 0);
INSERT INTO recipe_ingredient(recipe_id, ingredient_id, quantity, recipe_ingredient_description, main) VALUES(93, 273, NULL, 'A teaspoon of', 0);
INSERT INTO recipe_ingredient(recipe_id, ingredient_id, quantity, recipe_ingredient_description, main) VALUES(93, 299, 3, NULL, 0);
INSERT INTO recipe_ingredient(recipe_id, ingredient_id, quantity, recipe_ingredient_description, main) VALUES(93, 53, 430, 'ml', 0);
INSERT INTO recipe_ingredient(recipe_id, ingredient_id, quantity, recipe_ingredient_description, main) VALUES(93, 92, 90, 'ml', 0);
INSERT INTO recipe_ingredient(recipe_id, ingredient_id, quantity, recipe_ingredient_description, main) VALUES(93, 3, NULL, 'A tablespoon of', 0);
INSERT INTO recipe_ingredient(recipe_id, ingredient_id, quantity, recipe_ingredient_description, main) VALUES(93, 70, 450, 'gr', 0);
INSERT INTO recipe_ingredient(recipe_id, ingredient_id, quantity, recipe_ingredient_description, main) VALUES(93, 178, 70, 'ml', 0);
INSERT INTO recipe_ingredient(recipe_id, ingredient_id, quantity, recipe_ingredient_description, main) VALUES(93, 201, 650, 'gr', 0);

INSERT INTO recipe_ingredient(recipe_id, ingredient_id, quantity, recipe_ingredient_description, main) VALUES(94, 35, 1, NULL, 1);
INSERT INTO recipe_ingredient(recipe_id, ingredient_id, quantity, recipe_ingredient_description, main) VALUES(94, 238, 430, 'ml', 0);
INSERT INTO recipe_ingredient(recipe_id, ingredient_id, quantity, recipe_ingredient_description, main) VALUES(94, 163, 70, 'gr', 0);
INSERT INTO recipe_ingredient(recipe_id, ingredient_id, quantity, recipe_ingredient_description, main) VALUES(94, 40, NULL, 'Few', 0);
INSERT INTO recipe_ingredient(recipe_id, ingredient_id, quantity, recipe_ingredient_description, main) VALUES(94, 181, 190, 'ml', 0);
INSERT INTO recipe_ingredient(recipe_id, ingredient_id, quantity, recipe_ingredient_description, main) VALUES(94, 293, NULL, 'Few', 0);
INSERT INTO recipe_ingredient(recipe_id, ingredient_id, quantity, recipe_ingredient_description, main) VALUES(94, 241, 190, 'gr', 0);
INSERT INTO recipe_ingredient(recipe_id, ingredient_id, quantity, recipe_ingredient_description, main) VALUES(94, 365, 270, 'gr', 0);

INSERT INTO recipe_ingredient(recipe_id, ingredient_id, quantity, recipe_ingredient_description, main) VALUES(95, 231, 1, NULL, 1);
INSERT INTO recipe_ingredient(recipe_id, ingredient_id, quantity, recipe_ingredient_description, main) VALUES(95, 329, NULL, 'Few', 0);
INSERT INTO recipe_ingredient(recipe_id, ingredient_id, quantity, recipe_ingredient_description, main) VALUES(95, 88, 570, 'gr', 0);
INSERT INTO recipe_ingredient(recipe_id, ingredient_id, quantity, recipe_ingredient_description, main) VALUES(95, 169, NULL, 'A cup', 0);
INSERT INTO recipe_ingredient(recipe_id, ingredient_id, quantity, recipe_ingredient_description, main) VALUES(95, 267, 370, 'gr', 0);
INSERT INTO recipe_ingredient(recipe_id, ingredient_id, quantity, recipe_ingredient_description, main) VALUES(95, 91, NULL, 'A cup', 0);
INSERT INTO recipe_ingredient(recipe_id, ingredient_id, quantity, recipe_ingredient_description, main) VALUES(95, 62, 290, 'ml', 0);

INSERT INTO recipe_ingredient(recipe_id, ingredient_id, quantity, recipe_ingredient_description, main) VALUES(96, 325, 1, NULL, 1);
INSERT INTO recipe_ingredient(recipe_id, ingredient_id, quantity, recipe_ingredient_description, main) VALUES(96, 297, 510, 'gr', 0);
INSERT INTO recipe_ingredient(recipe_id, ingredient_id, quantity, recipe_ingredient_description, main) VALUES(96, 75, NULL, 'A cup', 0);
INSERT INTO recipe_ingredient(recipe_id, ingredient_id, quantity, recipe_ingredient_description, main) VALUES(96, 132, 3, NULL, 0);
INSERT INTO recipe_ingredient(recipe_id, ingredient_id, quantity, recipe_ingredient_description, main) VALUES(96, 247, 570, 'ml', 0);
INSERT INTO recipe_ingredient(recipe_id, ingredient_id, quantity, recipe_ingredient_description, main) VALUES(96, 221, NULL, 'A pinch', 0);
INSERT INTO recipe_ingredient(recipe_id, ingredient_id, quantity, recipe_ingredient_description, main) VALUES(96, 300, NULL, 'A pinch', 0);
INSERT INTO recipe_ingredient(recipe_id, ingredient_id, quantity, recipe_ingredient_description, main) VALUES(96, 337, NULL, 'Few', 0);
INSERT INTO recipe_ingredient(recipe_id, ingredient_id, quantity, recipe_ingredient_description, main) VALUES(96, 1, NULL, 'A pinch', 0);
INSERT INTO recipe_ingredient(recipe_id, ingredient_id, quantity, recipe_ingredient_description, main) VALUES(96, 198, NULL, 'A cup', 0);
INSERT INTO recipe_ingredient(recipe_id, ingredient_id, quantity, recipe_ingredient_description, main) VALUES(96, 345, NULL, 'A cup', 0);

INSERT INTO recipe_ingredient(recipe_id, ingredient_id, quantity, recipe_ingredient_description, main) VALUES(97, 343, 1, NULL, 1);
INSERT INTO recipe_ingredient(recipe_id, ingredient_id, quantity, recipe_ingredient_description, main) VALUES(97, 246, NULL, 'A cup', 0);
INSERT INTO recipe_ingredient(recipe_id, ingredient_id, quantity, recipe_ingredient_description, main) VALUES(97, 355, NULL, 'A teaspoon of', 0);
INSERT INTO recipe_ingredient(recipe_id, ingredient_id, quantity, recipe_ingredient_description, main) VALUES(97, 303, 5, NULL, 0);
INSERT INTO recipe_ingredient(recipe_id, ingredient_id, quantity, recipe_ingredient_description, main) VALUES(97, 49, 230, 'ml', 0);
INSERT INTO recipe_ingredient(recipe_id, ingredient_id, quantity, recipe_ingredient_description, main) VALUES(97, 179, NULL, 'A tablespoon of', 0);
INSERT INTO recipe_ingredient(recipe_id, ingredient_id, quantity, recipe_ingredient_description, main) VALUES(97, 261, NULL, 'A cup', 0);
INSERT INTO recipe_ingredient(recipe_id, ingredient_id, quantity, recipe_ingredient_description, main) VALUES(97, 196, NULL, 'A tablespoon of', 0);
INSERT INTO recipe_ingredient(recipe_id, ingredient_id, quantity, recipe_ingredient_description, main) VALUES(97, 166, NULL, 'A tablespoon of', 0);
INSERT INTO recipe_ingredient(recipe_id, ingredient_id, quantity, recipe_ingredient_description, main) VALUES(97, 252, 170, 'ml', 0);

INSERT INTO recipe_ingredient(recipe_id, ingredient_id, quantity, recipe_ingredient_description, main) VALUES(98, 30, 1, NULL, 1);
INSERT INTO recipe_ingredient(recipe_id, ingredient_id, quantity, recipe_ingredient_description, main) VALUES(98, 221, NULL, 'A little', 0);
INSERT INTO recipe_ingredient(recipe_id, ingredient_id, quantity, recipe_ingredient_description, main) VALUES(98, 64, 530, 'gr', 0);
INSERT INTO recipe_ingredient(recipe_id, ingredient_id, quantity, recipe_ingredient_description, main) VALUES(98, 255, 70, 'ml', 0);
INSERT INTO recipe_ingredient(recipe_id, ingredient_id, quantity, recipe_ingredient_description, main) VALUES(98, 224, 470, 'gr', 0);
INSERT INTO recipe_ingredient(recipe_id, ingredient_id, quantity, recipe_ingredient_description, main) VALUES(98, 260, NULL, 'A pinch', 0);
INSERT INTO recipe_ingredient(recipe_id, ingredient_id, quantity, recipe_ingredient_description, main) VALUES(98, 51, NULL, 'A tablespoon of', 0);
INSERT INTO recipe_ingredient(recipe_id, ingredient_id, quantity, recipe_ingredient_description, main) VALUES(98, 159, 8, NULL, 0);
INSERT INTO recipe_ingredient(recipe_id, ingredient_id, quantity, recipe_ingredient_description, main) VALUES(98, 294, 8, NULL, 0);
INSERT INTO recipe_ingredient(recipe_id, ingredient_id, quantity, recipe_ingredient_description, main) VALUES(98, 350, NULL, 'A pinch', 0);
INSERT INTO recipe_ingredient(recipe_id, ingredient_id, quantity, recipe_ingredient_description, main) VALUES(98, 90, NULL, 'A teaspoon of', 0);
INSERT INTO recipe_ingredient(recipe_id, ingredient_id, quantity, recipe_ingredient_description, main) VALUES(98, 140, NULL, 'A pinch', 0);
INSERT INTO recipe_ingredient(recipe_id, ingredient_id, quantity, recipe_ingredient_description, main) VALUES(98, 234, NULL, 'A teaspoon of', 0);

INSERT INTO recipe_ingredient(recipe_id, ingredient_id, quantity, recipe_ingredient_description, main) VALUES(99, 125, 1, NULL, 1);
INSERT INTO recipe_ingredient(recipe_id, ingredient_id, quantity, recipe_ingredient_description, main) VALUES(99, 125, NULL, 'Few', 0);
INSERT INTO recipe_ingredient(recipe_id, ingredient_id, quantity, recipe_ingredient_description, main) VALUES(99, 6, NULL, 'A pinch', 0);
INSERT INTO recipe_ingredient(recipe_id, ingredient_id, quantity, recipe_ingredient_description, main) VALUES(99, 235, NULL, 'A little', 0);
INSERT INTO recipe_ingredient(recipe_id, ingredient_id, quantity, recipe_ingredient_description, main) VALUES(99, 328, NULL, 'A teaspoon of', 0);
INSERT INTO recipe_ingredient(recipe_id, ingredient_id, quantity, recipe_ingredient_description, main) VALUES(99, 92, NULL, 'A pinch', 0);
INSERT INTO recipe_ingredient(recipe_id, ingredient_id, quantity, recipe_ingredient_description, main) VALUES(99, 134, 8, NULL, 0);
INSERT INTO recipe_ingredient(recipe_id, ingredient_id, quantity, recipe_ingredient_description, main) VALUES(99, 246, 250, 'ml', 0);
INSERT INTO recipe_ingredient(recipe_id, ingredient_id, quantity, recipe_ingredient_description, main) VALUES(99, 21, 250, 'ml', 0);
INSERT INTO recipe_ingredient(recipe_id, ingredient_id, quantity, recipe_ingredient_description, main) VALUES(99, 265, NULL, 'A little', 0);
INSERT INTO recipe_ingredient(recipe_id, ingredient_id, quantity, recipe_ingredient_description, main) VALUES(99, 36, NULL, 'A teaspoon of', 0);
INSERT INTO recipe_ingredient(recipe_id, ingredient_id, quantity, recipe_ingredient_description, main) VALUES(99, 322, NULL, 'A teaspoon of', 0);
INSERT INTO recipe_ingredient(recipe_id, ingredient_id, quantity, recipe_ingredient_description, main) VALUES(99, 282, NULL, 'A little', 0);
INSERT INTO recipe_ingredient(recipe_id, ingredient_id, quantity, recipe_ingredient_description, main) VALUES(99, 57, NULL, 'A teaspoon of', 0);
INSERT INTO recipe_ingredient(recipe_id, ingredient_id, quantity, recipe_ingredient_description, main) VALUES(99, 254, NULL, 'A little', 0);

INSERT INTO recipe_ingredient(recipe_id, ingredient_id, quantity, recipe_ingredient_description, main) VALUES(100, 68, 1, NULL, 1);
INSERT INTO recipe_ingredient(recipe_id, ingredient_id, quantity, recipe_ingredient_description, main) VALUES(100, 3, 5, NULL, 0);
INSERT INTO recipe_ingredient(recipe_id, ingredient_id, quantity, recipe_ingredient_description, main) VALUES(100, 32, NULL, 'A pinch', 0);
INSERT INTO recipe_ingredient(recipe_id, ingredient_id, quantity, recipe_ingredient_description, main) VALUES(100, 88, NULL, 'Few', 0);
INSERT INTO recipe_ingredient(recipe_id, ingredient_id, quantity, recipe_ingredient_description, main) VALUES(100, 122, NULL, 'Few', 0);
INSERT INTO recipe_ingredient(recipe_id, ingredient_id, quantity, recipe_ingredient_description, main) VALUES(100, 18, NULL, 'A cup', 0);
INSERT INTO recipe_ingredient(recipe_id, ingredient_id, quantity, recipe_ingredient_description, main) VALUES(100, 348, 6, NULL, 0);
INSERT INTO recipe_ingredient(recipe_id, ingredient_id, quantity, recipe_ingredient_description, main) VALUES(100, 321, NULL, 'A tablespoon of', 0);
INSERT INTO recipe_ingredient(recipe_id, ingredient_id, quantity, recipe_ingredient_description, main) VALUES(100, 109, NULL, 'A pinch', 0);


INSERT INTO step(recipe_id, step_order, details) VALUES (1, 1, 'Season the meat with salt, pepper, and your favorite spices.');
INSERT INTO step(recipe_id, step_order, details) VALUES (1, 2, 'Cut the potatoes into wedges.');
INSERT INTO step(recipe_id, step_order, details) VALUES (1, 3, 'Preheat the grill to medium-high heat.');
INSERT INTO step(recipe_id, step_order, details) VALUES (1, 4, 'Serve the potato wedges with the dipping sauce on the side."');
INSERT INTO step(recipe_id, step_order, details) VALUES (1, 5, 'Add the cooked pasta to the cheese sauce and mix until well combined.');
INSERT INTO step(recipe_id, step_order, details) VALUES (1, 6, 'Rinse and drain the lentils.');
INSERT INTO step(recipe_id, step_order, details) VALUES (1, 7, 'Allow to cool in the pan for 10 minutes before transferring to a wire rack to cool completely.');
INSERT INTO step(recipe_id, step_order, details) VALUES (1, 8, 'Serve the potato wedges with the dipping sauce on the side."');
INSERT INTO step(recipe_id, step_order, details) VALUES (1, 9, 'Remove the foil and bake for an additional 5-10 minutes to allow the top to brown slightly.');
INSERT INTO step(recipe_id, step_order, details) VALUES (1, 10, 'Bake in the preheated oven for 20-25 minutes, turning once halfway through, until the potatoes are golden brown and crispy.');
INSERT INTO step(recipe_id, step_order, details) VALUES (1, 11, 'Grease and flour a baking pan.');
INSERT INTO step(recipe_id, step_order, details) VALUES (1, 12, 'Add the chopped vegetables to the skillet and cook for an additional 5-7 minutes.');
INSERT INTO step(recipe_id, step_order, details) VALUES (1, 13, 'Add the cooked pasta to the cheese sauce and mix until well combined.');
INSERT INTO step(recipe_id, step_order, details) VALUES (1, 14, 'Serve the skewers with a side of rice or salad.');
INSERT INTO step(recipe_id, step_order, details) VALUES (2, 1, 'In a medium saucepan, melt the butter over medium heat.');
INSERT INTO step(recipe_id, step_order, details) VALUES (2, 2, 'Sauté the onions and garlic until they become translucent, about 3-5 minutes.');
INSERT INTO step(recipe_id, step_order, details) VALUES (2, 3, 'Remove the potato wedges from the oven and let cool slightly before serving.');
INSERT INTO step(recipe_id, step_order, details) VALUES (2, 4, 'Pour the wet ingredients into the dry ingredients and stir until just combined.');
INSERT INTO step(recipe_id, step_order, details) VALUES (2, 5, 'Remove the foil and bake for an additional 5-10 minutes to allow the top to brown slightly.');
INSERT INTO step(recipe_id, step_order, details) VALUES (2, 6, 'Remove the skewers from the grill and let rest for a few minutes before serving.');
INSERT INTO step(recipe_id, step_order, details) VALUES (2, 7, 'Grease and flour a baking pan.');
INSERT INTO step(recipe_id, step_order, details) VALUES (2, 8, 'Remove the foil and bake for an additional 5-10 minutes to allow the top to brown slightly.');
INSERT INTO step(recipe_id, step_order, details) VALUES (2, 9, 'Preheat the oven to 375°F (190°C).');
INSERT INTO step(recipe_id, step_order, details) VALUES (3, 1, 'Serve hot, garnished with fresh herbs or a dollop of yogurt if desired."');
INSERT INTO step(recipe_id, step_order, details) VALUES (3, 2, 'Rinse and drain the lentils.');
INSERT INTO step(recipe_id, step_order, details) VALUES (3, 3, 'Bring the mixture to a simmer and cook until thickened, about 3-5 minutes.');
INSERT INTO step(recipe_id, step_order, details) VALUES (3, 4, 'Allow to cool in the pan for 10 minutes before transferring to a wire rack to cool completely.');
INSERT INTO step(recipe_id, step_order, details) VALUES (3, 5, 'Serve the potato wedges with the dipping sauce on the side."');
INSERT INTO step(recipe_id, step_order, details) VALUES (3, 6, 'Gradually whisk in the milk, stirring continuously to avoid lumps.');
INSERT INTO step(recipe_id, step_order, details) VALUES (3, 7, 'Garnish with fresh herbs and serve warm."');
INSERT INTO step(recipe_id, step_order, details) VALUES (3, 8, 'Serve hot, garnished with fresh herbs or a dollop of yogurt if desired."');
INSERT INTO step(recipe_id, step_order, details) VALUES (3, 9, 'Bake in the preheated oven for 20-25 minutes, turning once halfway through, until the potatoes are golden brown and crispy.');
INSERT INTO step(recipe_id, step_order, details) VALUES (3, 10, 'Bring the mixture to a boil, then reduce the heat and let it simmer for 25-30 minutes, or until the lentils are tender.');
INSERT INTO step(recipe_id, step_order, details) VALUES (3, 11, 'Preheat the oven to 350°F (175°C).');
INSERT INTO step(recipe_id, step_order, details) VALUES (3, 12, 'Drain the pasta and set aside.');
INSERT INTO step(recipe_id, step_order, details) VALUES (3, 13, 'Serve the skewers with a side of rice or salad.');
INSERT INTO step(recipe_id, step_order, details) VALUES (4, 1, 'Grill the skewers for 10-15 minutes, turning occasionally, until the meat is cooked through and the vegetables are tender.');
INSERT INTO step(recipe_id, step_order, details) VALUES (4, 2, 'Preheat the oven to 350°F (175°C).');
INSERT INTO step(recipe_id, step_order, details) VALUES (4, 3, 'Pour the sauce or broth over the meat and vegetables.');
INSERT INTO step(recipe_id, step_order, details) VALUES (4, 4, 'Cut the potatoes into wedges.');
INSERT INTO step(recipe_id, step_order, details) VALUES (4, 5, 'Allow to cool in the pan for 10 minutes before transferring to a wire rack to cool completely.');
INSERT INTO step(recipe_id, step_order, details) VALUES (4, 6, 'Bake in the preheated oven for 20-25 minutes, turning once halfway through, until the potatoes are golden brown and crispy.');
INSERT INTO step(recipe_id, step_order, details) VALUES (4, 7, 'Pour the sauce or broth over the meat and vegetables.');
INSERT INTO step(recipe_id, step_order, details) VALUES (4, 8, 'Cut the potatoes into wedges.');
INSERT INTO step(recipe_id, step_order, details) VALUES (4, 9, 'Cover the baking dish with aluminum foil.');
INSERT INTO step(recipe_id, step_order, details) VALUES (4, 10, 'Preheat the grill to medium-high heat.');
INSERT INTO step(recipe_id, step_order, details) VALUES (4, 11, 'While the potatoes are baking, prepare your dipping sauce by mixing mayonnaise, ketchup, and a dash of hot sauce.');
INSERT INTO step(recipe_id, step_order, details) VALUES (5, 1, 'Bake in the preheated oven for 25-30 minutes, or until the meat is cooked through and the vegetables are tender.');
INSERT INTO step(recipe_id, step_order, details) VALUES (5, 2, 'Season the meat with salt, pepper, and your favorite spices.');
INSERT INTO step(recipe_id, step_order, details) VALUES (5, 3, 'Gradually whisk in the milk, stirring continuously to avoid lumps.');
INSERT INTO step(recipe_id, step_order, details) VALUES (5, 4, 'Preheat the grill to medium-high heat.');
INSERT INTO step(recipe_id, step_order, details) VALUES (5, 5, 'Season with salt and pepper to taste.');
INSERT INTO step(recipe_id, step_order, details) VALUES (5, 6, 'Add a pinch of salt to the boiling water.');
INSERT INTO step(recipe_id, step_order, details) VALUES (5, 7, 'Remove the potato wedges from the oven and let cool slightly before serving.');
INSERT INTO step(recipe_id, step_order, details) VALUES (6, 1, 'Season with salt and pepper to taste.');
INSERT INTO step(recipe_id, step_order, details) VALUES (6, 2, 'Rinse and drain the lentils.');
INSERT INTO step(recipe_id, step_order, details) VALUES (6, 3, 'Gradually whisk in the milk, stirring continuously to avoid lumps.');
INSERT INTO step(recipe_id, step_order, details) VALUES (6, 4, 'Add the bay leaf, thyme, salt, and pepper.');
INSERT INTO step(recipe_id, step_order, details) VALUES (6, 5, 'Serve the potato wedges with the dipping sauce on the side."');
INSERT INTO step(recipe_id, step_order, details) VALUES (6, 6, 'Thread the marinated meat and vegetables onto skewers.');
INSERT INTO step(recipe_id, step_order, details) VALUES (6, 7, 'Fold in any additional ingredients like chocolate chips or nuts.');
INSERT INTO step(recipe_id, step_order, details) VALUES (6, 8, 'Spread the potato wedges in a single layer on a baking sheet.');
INSERT INTO step(recipe_id, step_order, details) VALUES (7, 1, 'In a large pot, heat the olive oil over medium heat.');
INSERT INTO step(recipe_id, step_order, details) VALUES (7, 2, 'Combine the cooked meat with the vegetables in the baking dish.');
INSERT INTO step(recipe_id, step_order, details) VALUES (7, 3, 'Remove the potato wedges from the oven and let cool slightly before serving.');
INSERT INTO step(recipe_id, step_order, details) VALUES (7, 4, 'Remove the bay leaf and discard.');
INSERT INTO step(recipe_id, step_order, details) VALUES (7, 5, 'Allow to cool in the pan for 10 minutes before transferring to a wire rack to cool completely.');
INSERT INTO step(recipe_id, step_order, details) VALUES (7, 6, 'Bring the mixture to a boil, then reduce the heat and let it simmer for 25-30 minutes, or until the lentils are tender.');
INSERT INTO step(recipe_id, step_order, details) VALUES (7, 7, 'Bake in the preheated oven for 25-30 minutes, or until a toothpick inserted into the center comes out clean.');
INSERT INTO step(recipe_id, step_order, details) VALUES (8, 1, 'Cover the baking dish with aluminum foil.');
INSERT INTO step(recipe_id, step_order, details) VALUES (8, 2, 'Pour the wet ingredients into the dry ingredients and stir until just combined.');
INSERT INTO step(recipe_id, step_order, details) VALUES (8, 3, 'In a large pot, heat the olive oil over medium heat.');
INSERT INTO step(recipe_id, step_order, details) VALUES (8, 4, 'Bake in the preheated oven for 25-30 minutes, or until the meat is cooked through and the vegetables are tender.');
INSERT INTO step(recipe_id, step_order, details) VALUES (8, 5, 'In a medium saucepan, melt the butter over medium heat.');
INSERT INTO step(recipe_id, step_order, details) VALUES (8, 6, 'Remove the bay leaf and discard.');
INSERT INTO step(recipe_id, step_order, details) VALUES (8, 7, 'Pour the sauce or broth over the meat and vegetables.');
INSERT INTO step(recipe_id, step_order, details) VALUES (8, 8, 'Serve hot, garnished with fresh herbs or a dollop of yogurt if desired."');
INSERT INTO step(recipe_id, step_order, details) VALUES (9, 1, 'Bring the mixture to a simmer and cook until thickened, about 3-5 minutes.');
INSERT INTO step(recipe_id, step_order, details) VALUES (9, 2, 'Add the minced garlic and cook for another minute.');
INSERT INTO step(recipe_id, step_order, details) VALUES (9, 3, 'Remove the skewers from the grill and let rest for a few minutes before serving.');
INSERT INTO step(recipe_id, step_order, details) VALUES (9, 4, 'Add the cooked pasta to the cheese sauce and mix until well combined.');
INSERT INTO step(recipe_id, step_order, details) VALUES (9, 5, 'Add the bay leaf, thyme, salt, and pepper.');
INSERT INTO step(recipe_id, step_order, details) VALUES (9, 6, 'Bake in the preheated oven for 25-30 minutes, or until a toothpick inserted into the center comes out clean.');
INSERT INTO step(recipe_id, step_order, details) VALUES (10, 1, 'Drain the pasta and set aside.');
INSERT INTO step(recipe_id, step_order, details) VALUES (10, 2, 'Grease and flour a baking pan.');
INSERT INTO step(recipe_id, step_order, details) VALUES (10, 3, 'Use an immersion blender to puree the soup to your desired consistency.');
INSERT INTO step(recipe_id, step_order, details) VALUES (10, 4, 'Remove the bay leaf and discard.');
INSERT INTO step(recipe_id, step_order, details) VALUES (10, 5, 'Serve the skewers with a side of rice or salad.');
INSERT INTO step(recipe_id, step_order, details) VALUES (10, 6, 'In a large pot, heat the olive oil over medium heat.');
INSERT INTO step(recipe_id, step_order, details) VALUES (10, 7, 'Pour the wet ingredients into the dry ingredients and stir until just combined.');
INSERT INTO step(recipe_id, step_order, details) VALUES (10, 8, 'In a large pot, heat the olive oil over medium heat.');
INSERT INTO step(recipe_id, step_order, details) VALUES (10, 9, 'Serve the skewers with a side of rice or salad.');
INSERT INTO step(recipe_id, step_order, details) VALUES (10, 10, 'Season the meat with salt, pepper, and your favorite spices.');
INSERT INTO step(recipe_id, step_order, details) VALUES (10, 11, 'Bake in the preheated oven for 25-30 minutes, or until the meat is cooked through and the vegetables are tender.');
INSERT INTO step(recipe_id, step_order, details) VALUES (10, 12, 'Add the minced garlic and cook for another minute.');
INSERT INTO step(recipe_id, step_order, details) VALUES (10, 13, 'Serve the skewers with a side of rice or salad.');
INSERT INTO step(recipe_id, step_order, details) VALUES (11, 1, 'Add the minced garlic and cook for another minute.');
INSERT INTO step(recipe_id, step_order, details) VALUES (11, 2, 'Transfer the sautéed vegetables to a baking dish.');
INSERT INTO step(recipe_id, step_order, details) VALUES (11, 3, 'Spread the potato wedges in a single layer on a baking sheet.');
INSERT INTO step(recipe_id, step_order, details) VALUES (11, 4, 'Once cooled, cut into squares and serve.');
INSERT INTO step(recipe_id, step_order, details) VALUES (11, 5, 'Thread the marinated meat and vegetables onto skewers.');
INSERT INTO step(recipe_id, step_order, details) VALUES (11, 6, 'Pour the batter into the prepared baking pan.');
INSERT INTO step(recipe_id, step_order, details) VALUES (11, 7, 'Add the minced garlic and cook for another minute.');
INSERT INTO step(recipe_id, step_order, details) VALUES (11, 8, 'Serve immediately, garnished with extra cheese and fresh herbs if desired."');
INSERT INTO step(recipe_id, step_order, details) VALUES (11, 9, 'Cook the pasta according to the package instructions until al dente.');
INSERT INTO step(recipe_id, step_order, details) VALUES (11, 10, 'Preheat the grill to medium-high heat.');
INSERT INTO step(recipe_id, step_order, details) VALUES (11, 11, 'Pour the batter into the prepared baking pan.');
INSERT INTO step(recipe_id, step_order, details) VALUES (11, 12, 'Pour the batter into the prepared baking pan.');
INSERT INTO step(recipe_id, step_order, details) VALUES (11, 13, 'Heat a large skillet over medium heat and add olive oil.');
INSERT INTO step(recipe_id, step_order, details) VALUES (12, 1, 'Preheat the oven to 350°F (175°C).');
INSERT INTO step(recipe_id, step_order, details) VALUES (12, 2, 'Add the cooked pasta to the cheese sauce and mix until well combined.');
INSERT INTO step(recipe_id, step_order, details) VALUES (12, 3, 'Bake in the preheated oven for 25-30 minutes, or until the meat is cooked through and the vegetables are tender.');
INSERT INTO step(recipe_id, step_order, details) VALUES (12, 4, 'Bake in the preheated oven for 20-25 minutes, turning once halfway through, until the potatoes are golden brown and crispy.');
INSERT INTO step(recipe_id, step_order, details) VALUES (12, 5, 'While the potatoes are baking, prepare your dipping sauce by mixing mayonnaise, ketchup, and a dash of hot sauce.');
INSERT INTO step(recipe_id, step_order, details) VALUES (12, 6, 'Add the minced garlic and cook for another minute.');
INSERT INTO step(recipe_id, step_order, details) VALUES (12, 7, 'Grease and flour a baking pan.');
INSERT INTO step(recipe_id, step_order, details) VALUES (12, 8, 'Bake in the preheated oven for 20-25 minutes, turning once halfway through, until the potatoes are golden brown and crispy.');
INSERT INTO step(recipe_id, step_order, details) VALUES (12, 9, 'In a large bowl, mix together the flour, sugar, baking powder, and salt.');
INSERT INTO step(recipe_id, step_order, details) VALUES (12, 10, 'Preheat the grill to medium-high heat.');
INSERT INTO step(recipe_id, step_order, details) VALUES (13, 1, 'In another bowl, whisk together the eggs, milk, and melted butter.');
INSERT INTO step(recipe_id, step_order, details) VALUES (13, 2, 'Cover the baking dish with aluminum foil.');
INSERT INTO step(recipe_id, step_order, details) VALUES (13, 3, 'Add the diced onions, carrots, and celery, and cook until the onions are translucent, about 5 minutes.');
INSERT INTO step(recipe_id, step_order, details) VALUES (13, 4, 'Stir in the grated cheese until melted and smooth.');
INSERT INTO step(recipe_id, step_order, details) VALUES (13, 5, 'In another bowl, whisk together the eggs, milk, and melted butter.');
INSERT INTO step(recipe_id, step_order, details) VALUES (13, 6, 'Pour the sauce or broth over the meat and vegetables.');
INSERT INTO step(recipe_id, step_order, details) VALUES (13, 7, 'Drain the pasta and set aside.');
INSERT INTO step(recipe_id, step_order, details) VALUES (14, 1, 'Season with salt and pepper to taste.');
INSERT INTO step(recipe_id, step_order, details) VALUES (14, 2, 'Serve the potato wedges with the dipping sauce on the side."');
INSERT INTO step(recipe_id, step_order, details) VALUES (14, 3, 'Bring the mixture to a boil, then reduce the heat and let it simmer for 25-30 minutes, or until the lentils are tender.');
INSERT INTO step(recipe_id, step_order, details) VALUES (14, 4, 'Serve hot, garnished with fresh herbs or a dollop of yogurt if desired."');
INSERT INTO step(recipe_id, step_order, details) VALUES (14, 5, 'Serve the skewers with a side of rice or salad.');
INSERT INTO step(recipe_id, step_order, details) VALUES (14, 6, 'Bring the mixture to a simmer and cook until thickened, about 3-5 minutes.');
INSERT INTO step(recipe_id, step_order, details) VALUES (14, 7, 'Remove the skewers from the grill and let rest for a few minutes before serving.');
INSERT INTO step(recipe_id, step_order, details) VALUES (14, 8, 'Bake in the preheated oven for 25-30 minutes, or until a toothpick inserted into the center comes out clean.');
INSERT INTO step(recipe_id, step_order, details) VALUES (14, 9, 'Thread the marinated meat and vegetables onto skewers.');
INSERT INTO step(recipe_id, step_order, details) VALUES (14, 10, 'Pour the sauce or broth over the meat and vegetables.');
INSERT INTO step(recipe_id, step_order, details) VALUES (14, 11, 'Gradually whisk in the milk, stirring continuously to avoid lumps.');
INSERT INTO step(recipe_id, step_order, details) VALUES (14, 12, 'Combine the cooked meat with the vegetables in the baking dish.');
INSERT INTO step(recipe_id, step_order, details) VALUES (14, 13, 'Bring a large pot of water to a boil.');
INSERT INTO step(recipe_id, step_order, details) VALUES (14, 14, 'Add a pinch of salt to the boiling water.');
INSERT INTO step(recipe_id, step_order, details) VALUES (15, 1, 'In a large bowl, mix together the flour, sugar, baking powder, and salt.');
INSERT INTO step(recipe_id, step_order, details) VALUES (15, 2, 'Bring the mixture to a simmer and cook until thickened, about 3-5 minutes.');
INSERT INTO step(recipe_id, step_order, details) VALUES (15, 3, 'Thread the marinated meat and vegetables onto skewers.');
INSERT INTO step(recipe_id, step_order, details) VALUES (15, 4, 'Serve the skewers with a side of rice or salad.');
INSERT INTO step(recipe_id, step_order, details) VALUES (15, 5, 'Marinate the meat with your choice of marinade for at least 30 minutes.');
INSERT INTO step(recipe_id, step_order, details) VALUES (15, 6, 'Remove the foil and bake for an additional 5-10 minutes to allow the top to brown slightly.');
INSERT INTO step(recipe_id, step_order, details) VALUES (15, 7, 'Remove the bay leaf and discard.');
INSERT INTO step(recipe_id, step_order, details) VALUES (15, 8, 'Bring a large pot of water to a boil.');
INSERT INTO step(recipe_id, step_order, details) VALUES (15, 9, 'Rinse and drain the lentils.');
INSERT INTO step(recipe_id, step_order, details) VALUES (15, 10, 'Whisk in the flour to create a roux, cooking for 1-2 minutes.');
INSERT INTO step(recipe_id, step_order, details) VALUES (15, 11, 'Use an immersion blender to puree the soup to your desired consistency.');
INSERT INTO step(recipe_id, step_order, details) VALUES (15, 12, 'Preheat the oven to 400°F (200°C).');
INSERT INTO step(recipe_id, step_order, details) VALUES (15, 13, 'Remove from the oven and let it rest for a few minutes before serving.');
INSERT INTO step(recipe_id, step_order, details) VALUES (15, 14, 'In the same skillet, cook the meat until browned on all sides.');
INSERT INTO step(recipe_id, step_order, details) VALUES (16, 1, 'Add a pinch of salt to the boiling water.');
INSERT INTO step(recipe_id, step_order, details) VALUES (16, 2, 'Remove the skewers from the grill and let rest for a few minutes before serving.');
INSERT INTO step(recipe_id, step_order, details) VALUES (16, 3, 'Bring the mixture to a boil, then reduce the heat and let it simmer for 25-30 minutes, or until the lentils are tender.');
INSERT INTO step(recipe_id, step_order, details) VALUES (16, 4, 'Marinate the meat with your choice of marinade for at least 30 minutes.');
INSERT INTO step(recipe_id, step_order, details) VALUES (16, 5, 'Preheat the oven to 350°F (175°C).');
INSERT INTO step(recipe_id, step_order, details) VALUES (16, 6, 'Remove the skewers from the grill and let rest for a few minutes before serving.');
INSERT INTO step(recipe_id, step_order, details) VALUES (16, 7, 'Pour the sauce or broth over the meat and vegetables.');
INSERT INTO step(recipe_id, step_order, details) VALUES (16, 8, 'Serve the potato wedges with the dipping sauce on the side."');
INSERT INTO step(recipe_id, step_order, details) VALUES (17, 1, 'Preheat the oven to 375°F (190°C).');
INSERT INTO step(recipe_id, step_order, details) VALUES (17, 2, 'Serve immediately, garnished with extra cheese and fresh herbs if desired."');
INSERT INTO step(recipe_id, step_order, details) VALUES (17, 3, 'Grill the skewers for 10-15 minutes, turning occasionally, until the meat is cooked through and the vegetables are tender.');
INSERT INTO step(recipe_id, step_order, details) VALUES (17, 4, 'Season with salt and pepper to taste.');
INSERT INTO step(recipe_id, step_order, details) VALUES (17, 5, 'Thread the marinated meat and vegetables onto skewers.');
INSERT INTO step(recipe_id, step_order, details) VALUES (17, 6, 'Add a pinch of salt to the boiling water.');
INSERT INTO step(recipe_id, step_order, details) VALUES (17, 7, 'Stir in the lentils, tomatoes, and vegetable broth.');
INSERT INTO step(recipe_id, step_order, details) VALUES (18, 1, 'Bring the mixture to a boil, then reduce the heat and let it simmer for 25-30 minutes, or until the lentils are tender.');
INSERT INTO step(recipe_id, step_order, details) VALUES (18, 2, 'Rinse and drain the lentils.');
INSERT INTO step(recipe_id, step_order, details) VALUES (18, 3, 'Place the skewers on the preheated grill.');
INSERT INTO step(recipe_id, step_order, details) VALUES (18, 4, 'Add the minced garlic and cook for another minute.');
INSERT INTO step(recipe_id, step_order, details) VALUES (18, 5, 'Bring the mixture to a simmer and cook until thickened, about 3-5 minutes.');
INSERT INTO step(recipe_id, step_order, details) VALUES (18, 6, 'Garnish with fresh herbs and serve warm."');
INSERT INTO step(recipe_id, step_order, details) VALUES (18, 7, 'Pour the wet ingredients into the dry ingredients and stir until just combined.');
INSERT INTO step(recipe_id, step_order, details) VALUES (18, 8, 'In a large pot, heat the olive oil over medium heat.');
INSERT INTO step(recipe_id, step_order, details) VALUES (18, 9, 'Season with salt and pepper to taste.');
INSERT INTO step(recipe_id, step_order, details) VALUES (18, 10, 'In a medium saucepan, melt the butter over medium heat.');
INSERT INTO step(recipe_id, step_order, details) VALUES (18, 11, 'Remove the potato wedges from the oven and let cool slightly before serving.');
INSERT INTO step(recipe_id, step_order, details) VALUES (18, 12, 'Bake in the preheated oven for 20-25 minutes, turning once halfway through, until the potatoes are golden brown and crispy.');
INSERT INTO step(recipe_id, step_order, details) VALUES (18, 13, 'Cook the pasta according to the package instructions until al dente.');
INSERT INTO step(recipe_id, step_order, details) VALUES (18, 14, 'Pour the batter into the prepared baking pan.');
INSERT INTO step(recipe_id, step_order, details) VALUES (19, 1, 'Add the cooked pasta to the cheese sauce and mix until well combined.');
INSERT INTO step(recipe_id, step_order, details) VALUES (19, 2, 'Remove the skewers from the grill and let rest for a few minutes before serving.');
INSERT INTO step(recipe_id, step_order, details) VALUES (19, 3, 'Remove from the oven and let it rest for a few minutes before serving.');
INSERT INTO step(recipe_id, step_order, details) VALUES (19, 4, 'Add the minced garlic and cook for another minute.');
INSERT INTO step(recipe_id, step_order, details) VALUES (19, 5, 'Pour the batter into the prepared baking pan.');
INSERT INTO step(recipe_id, step_order, details) VALUES (19, 6, 'Whisk in the flour to create a roux, cooking for 1-2 minutes.');
INSERT INTO step(recipe_id, step_order, details) VALUES (19, 7, 'Season the meat with salt, pepper, and your favorite spices.');
INSERT INTO step(recipe_id, step_order, details) VALUES (20, 1, 'Add the minced garlic and cook for another minute.');
INSERT INTO step(recipe_id, step_order, details) VALUES (20, 2, 'Grease and flour a baking pan.');
INSERT INTO step(recipe_id, step_order, details) VALUES (20, 3, 'Sauté the onions and garlic until they become translucent, about 3-5 minutes.');
INSERT INTO step(recipe_id, step_order, details) VALUES (20, 4, 'Drain the pasta and set aside.');
INSERT INTO step(recipe_id, step_order, details) VALUES (20, 5, 'Stir in the lentils, tomatoes, and vegetable broth.');
INSERT INTO step(recipe_id, step_order, details) VALUES (20, 6, 'Drain the pasta and set aside.');
INSERT INTO step(recipe_id, step_order, details) VALUES (20, 7, 'Bring a large pot of water to a boil.');
INSERT INTO step(recipe_id, step_order, details) VALUES (20, 8, 'Sauté the onions and garlic until they become translucent, about 3-5 minutes.');
INSERT INTO step(recipe_id, step_order, details) VALUES (20, 9, 'Serve the potato wedges with the dipping sauce on the side."');
INSERT INTO step(recipe_id, step_order, details) VALUES (20, 10, 'Rinse and drain the lentils.');
INSERT INTO step(recipe_id, step_order, details) VALUES (21, 1, 'Thread the marinated meat and vegetables onto skewers.');
INSERT INTO step(recipe_id, step_order, details) VALUES (21, 2, 'Garnish with fresh herbs and serve warm."');
INSERT INTO step(recipe_id, step_order, details) VALUES (21, 3, 'Bring a large pot of water to a boil.');
INSERT INTO step(recipe_id, step_order, details) VALUES (21, 4, 'Combine the cooked meat with the vegetables in the baking dish.');
INSERT INTO step(recipe_id, step_order, details) VALUES (21, 5, 'Once cooled, cut into squares and serve.');
INSERT INTO step(recipe_id, step_order, details) VALUES (21, 6, 'In a medium saucepan, melt the butter over medium heat.');
INSERT INTO step(recipe_id, step_order, details) VALUES (21, 7, 'Once cooled, cut into squares and serve.');
INSERT INTO step(recipe_id, step_order, details) VALUES (22, 1, 'Add the cooked pasta to the cheese sauce and mix until well combined.');
INSERT INTO step(recipe_id, step_order, details) VALUES (22, 2, 'Remove from the oven and let it rest for a few minutes before serving.');
INSERT INTO step(recipe_id, step_order, details) VALUES (22, 3, 'Add the diced onions, carrots, and celery, and cook until the onions are translucent, about 5 minutes.');
INSERT INTO step(recipe_id, step_order, details) VALUES (22, 4, 'Cover the baking dish with aluminum foil.');
INSERT INTO step(recipe_id, step_order, details) VALUES (22, 5, 'Place the skewers on the preheated grill.');
INSERT INTO step(recipe_id, step_order, details) VALUES (22, 6, 'Thread the marinated meat and vegetables onto skewers.');
INSERT INTO step(recipe_id, step_order, details) VALUES (22, 7, 'Remove from the oven and let it rest for a few minutes before serving.');
INSERT INTO step(recipe_id, step_order, details) VALUES (22, 8, 'Sauté the onions and garlic until they become translucent, about 3-5 minutes.');
INSERT INTO step(recipe_id, step_order, details) VALUES (22, 9, 'Marinate the meat with your choice of marinade for at least 30 minutes.');
INSERT INTO step(recipe_id, step_order, details) VALUES (23, 1, 'Bring the mixture to a boil, then reduce the heat and let it simmer for 25-30 minutes, or until the lentils are tender.');
INSERT INTO step(recipe_id, step_order, details) VALUES (23, 2, 'Preheat the oven to 375°F (190°C).');
INSERT INTO step(recipe_id, step_order, details) VALUES (23, 3, 'Add the bay leaf, thyme, salt, and pepper.');
INSERT INTO step(recipe_id, step_order, details) VALUES (23, 4, 'Bake in the preheated oven for 25-30 minutes, or until the meat is cooked through and the vegetables are tender.');
INSERT INTO step(recipe_id, step_order, details) VALUES (23, 5, 'Remove the foil and bake for an additional 5-10 minutes to allow the top to brown slightly.');
INSERT INTO step(recipe_id, step_order, details) VALUES (23, 6, 'Stir in the grated cheese until melted and smooth.');
INSERT INTO step(recipe_id, step_order, details) VALUES (23, 7, 'While the potatoes are baking, prepare your dipping sauce by mixing mayonnaise, ketchup, and a dash of hot sauce.');
INSERT INTO step(recipe_id, step_order, details) VALUES (23, 8, 'Season the meat with salt, pepper, and your favorite spices.');
INSERT INTO step(recipe_id, step_order, details) VALUES (23, 9, 'Serve immediately, garnished with extra cheese and fresh herbs if desired."');
INSERT INTO step(recipe_id, step_order, details) VALUES (23, 10, 'Grill the skewers for 10-15 minutes, turning occasionally, until the meat is cooked through and the vegetables are tender.');
INSERT INTO step(recipe_id, step_order, details) VALUES (23, 11, 'Allow to cool in the pan for 10 minutes before transferring to a wire rack to cool completely.');
INSERT INTO step(recipe_id, step_order, details) VALUES (23, 12, 'Marinate the meat with your choice of marinade for at least 30 minutes.');
INSERT INTO step(recipe_id, step_order, details) VALUES (23, 13, 'Heat a large skillet over medium heat and add olive oil.');
INSERT INTO step(recipe_id, step_order, details) VALUES (24, 1, 'Serve hot, garnished with fresh herbs or a dollop of yogurt if desired."');
INSERT INTO step(recipe_id, step_order, details) VALUES (24, 2, 'Bring a large pot of water to a boil.');
INSERT INTO step(recipe_id, step_order, details) VALUES (24, 3, 'Remove the skewers from the grill and let rest for a few minutes before serving.');
INSERT INTO step(recipe_id, step_order, details) VALUES (24, 4, 'In a large bowl, toss the potato wedges with olive oil, salt, pepper, and any desired seasonings.');
INSERT INTO step(recipe_id, step_order, details) VALUES (24, 5, 'Gradually whisk in the milk, stirring continuously to avoid lumps.');
INSERT INTO step(recipe_id, step_order, details) VALUES (24, 6, 'In a medium saucepan, melt the butter over medium heat.');
INSERT INTO step(recipe_id, step_order, details) VALUES (24, 7, 'Bring the mixture to a simmer and cook until thickened, about 3-5 minutes.');
INSERT INTO step(recipe_id, step_order, details) VALUES (24, 8, 'Remove the potato wedges from the oven and let cool slightly before serving.');
INSERT INTO step(recipe_id, step_order, details) VALUES (25, 1, 'Use an immersion blender to puree the soup to your desired consistency.');
INSERT INTO step(recipe_id, step_order, details) VALUES (25, 2, 'Pour the wet ingredients into the dry ingredients and stir until just combined.');
INSERT INTO step(recipe_id, step_order, details) VALUES (25, 3, 'In a large bowl, mix together the flour, sugar, baking powder, and salt.');
INSERT INTO step(recipe_id, step_order, details) VALUES (25, 4, 'Serve immediately, garnished with extra cheese and fresh herbs if desired."');
INSERT INTO step(recipe_id, step_order, details) VALUES (25, 5, 'In a large bowl, mix together the flour, sugar, baking powder, and salt.');
INSERT INTO step(recipe_id, step_order, details) VALUES (25, 6, 'Add the chopped vegetables to the skillet and cook for an additional 5-7 minutes.');
INSERT INTO step(recipe_id, step_order, details) VALUES (25, 7, 'Add the bay leaf, thyme, salt, and pepper.');
INSERT INTO step(recipe_id, step_order, details) VALUES (25, 8, 'Heat a large skillet over medium heat and add olive oil.');
INSERT INTO step(recipe_id, step_order, details) VALUES (25, 9, 'Grease and flour a baking pan.');
INSERT INTO step(recipe_id, step_order, details) VALUES (25, 10, 'Add the minced garlic and cook for another minute.');
INSERT INTO step(recipe_id, step_order, details) VALUES (25, 11, 'Bring the mixture to a boil, then reduce the heat and let it simmer for 25-30 minutes, or until the lentils are tender.');
INSERT INTO step(recipe_id, step_order, details) VALUES (25, 12, 'Season with salt and pepper to taste.');
INSERT INTO step(recipe_id, step_order, details) VALUES (25, 13, 'Place the skewers on the preheated grill.');
INSERT INTO step(recipe_id, step_order, details) VALUES (26, 1, 'Stir in the lentils, tomatoes, and vegetable broth.');
INSERT INTO step(recipe_id, step_order, details) VALUES (26, 2, 'Stir in the grated cheese until melted and smooth.');
INSERT INTO step(recipe_id, step_order, details) VALUES (26, 3, 'Cook the pasta according to the package instructions until al dente.');
INSERT INTO step(recipe_id, step_order, details) VALUES (26, 4, 'Remove the potato wedges from the oven and let cool slightly before serving.');
INSERT INTO step(recipe_id, step_order, details) VALUES (26, 5, 'In a large pot, heat the olive oil over medium heat.');
INSERT INTO step(recipe_id, step_order, details) VALUES (26, 6, 'Serve immediately, garnished with extra cheese and fresh herbs if desired."');
INSERT INTO step(recipe_id, step_order, details) VALUES (26, 7, 'Grease and flour a baking pan.');
INSERT INTO step(recipe_id, step_order, details) VALUES (27, 1, 'Once cooled, cut into squares and serve.');
INSERT INTO step(recipe_id, step_order, details) VALUES (27, 2, 'Grill the skewers for 10-15 minutes, turning occasionally, until the meat is cooked through and the vegetables are tender.');
INSERT INTO step(recipe_id, step_order, details) VALUES (27, 3, 'Bake in the preheated oven for 25-30 minutes, or until a toothpick inserted into the center comes out clean.');
INSERT INTO step(recipe_id, step_order, details) VALUES (27, 4, 'Add the cooked pasta to the cheese sauce and mix until well combined.');
INSERT INTO step(recipe_id, step_order, details) VALUES (27, 5, 'Season with salt and pepper to taste.');
INSERT INTO step(recipe_id, step_order, details) VALUES (27, 6, 'Preheat the oven to 350°F (175°C).');
INSERT INTO step(recipe_id, step_order, details) VALUES (27, 7, 'Grease and flour a baking pan.');
INSERT INTO step(recipe_id, step_order, details) VALUES (27, 8, 'Use an immersion blender to puree the soup to your desired consistency.');
INSERT INTO step(recipe_id, step_order, details) VALUES (27, 9, 'In a large bowl, mix together the flour, sugar, baking powder, and salt.');
INSERT INTO step(recipe_id, step_order, details) VALUES (27, 10, 'Pour the wet ingredients into the dry ingredients and stir until just combined.');
INSERT INTO step(recipe_id, step_order, details) VALUES (27, 11, 'Heat a large skillet over medium heat and add olive oil.');
INSERT INTO step(recipe_id, step_order, details) VALUES (27, 12, 'Cut the potatoes into wedges.');
INSERT INTO step(recipe_id, step_order, details) VALUES (27, 13, 'Chop the vegetables into bite-sized pieces.');
INSERT INTO step(recipe_id, step_order, details) VALUES (28, 1, 'Heat a large skillet over medium heat and add olive oil.');
INSERT INTO step(recipe_id, step_order, details) VALUES (28, 2, 'Cut the potatoes into wedges.');
INSERT INTO step(recipe_id, step_order, details) VALUES (28, 3, 'Add the diced onions, carrots, and celery, and cook until the onions are translucent, about 5 minutes.');
INSERT INTO step(recipe_id, step_order, details) VALUES (28, 4, 'Stir in the lentils, tomatoes, and vegetable broth.');
INSERT INTO step(recipe_id, step_order, details) VALUES (28, 5, 'Cook the pasta according to the package instructions until al dente.');
INSERT INTO step(recipe_id, step_order, details) VALUES (28, 6, 'Gradually whisk in the milk, stirring continuously to avoid lumps.');
INSERT INTO step(recipe_id, step_order, details) VALUES (28, 7, 'Cut the potatoes into wedges.');
INSERT INTO step(recipe_id, step_order, details) VALUES (29, 1, 'Season with salt and pepper to taste.');
INSERT INTO step(recipe_id, step_order, details) VALUES (29, 2, 'Serve the potato wedges with the dipping sauce on the side."');
INSERT INTO step(recipe_id, step_order, details) VALUES (29, 3, 'In the same skillet, cook the meat until browned on all sides.');
INSERT INTO step(recipe_id, step_order, details) VALUES (29, 4, 'In another bowl, whisk together the eggs, milk, and melted butter.');
INSERT INTO step(recipe_id, step_order, details) VALUES (29, 5, 'Add the chopped vegetables to the skillet and cook for an additional 5-7 minutes.');
INSERT INTO step(recipe_id, step_order, details) VALUES (29, 6, 'Remove the skewers from the grill and let rest for a few minutes before serving.');
INSERT INTO step(recipe_id, step_order, details) VALUES (29, 7, 'Combine the cooked meat with the vegetables in the baking dish.');
INSERT INTO step(recipe_id, step_order, details) VALUES (29, 8, 'In another bowl, whisk together the eggs, milk, and melted butter.');
INSERT INTO step(recipe_id, step_order, details) VALUES (29, 9, 'Sauté the onions and garlic until they become translucent, about 3-5 minutes.');
INSERT INTO step(recipe_id, step_order, details) VALUES (29, 10, 'Transfer the sautéed vegetables to a baking dish.');
INSERT INTO step(recipe_id, step_order, details) VALUES (30, 1, 'While the potatoes are baking, prepare your dipping sauce by mixing mayonnaise, ketchup, and a dash of hot sauce.');
INSERT INTO step(recipe_id, step_order, details) VALUES (30, 2, 'Preheat the oven to 350°F (175°C).');
INSERT INTO step(recipe_id, step_order, details) VALUES (30, 3, 'Grease and flour a baking pan.');
INSERT INTO step(recipe_id, step_order, details) VALUES (30, 4, 'Add the chopped vegetables to the skillet and cook for an additional 5-7 minutes.');
INSERT INTO step(recipe_id, step_order, details) VALUES (30, 5, 'Combine the cooked meat with the vegetables in the baking dish.');
INSERT INTO step(recipe_id, step_order, details) VALUES (30, 6, 'Cover the baking dish with aluminum foil.');
INSERT INTO step(recipe_id, step_order, details) VALUES (31, 1, 'Preheat the oven to 375°F (190°C).');
INSERT INTO step(recipe_id, step_order, details) VALUES (31, 2, 'Heat a large skillet over medium heat and add olive oil.');
INSERT INTO step(recipe_id, step_order, details) VALUES (31, 3, 'Stir in the grated cheese until melted and smooth.');
INSERT INTO step(recipe_id, step_order, details) VALUES (31, 4, 'Pour the batter into the prepared baking pan.');
INSERT INTO step(recipe_id, step_order, details) VALUES (31, 5, 'Cut the potatoes into wedges.');
INSERT INTO step(recipe_id, step_order, details) VALUES (31, 6, 'Add the minced garlic and cook for another minute.');
INSERT INTO step(recipe_id, step_order, details) VALUES (31, 7, 'Fold in any additional ingredients like chocolate chips or nuts.');
INSERT INTO step(recipe_id, step_order, details) VALUES (31, 8, 'Bake in the preheated oven for 25-30 minutes, or until a toothpick inserted into the center comes out clean.');
INSERT INTO step(recipe_id, step_order, details) VALUES (31, 9, 'Add the chopped vegetables to the skillet and cook for an additional 5-7 minutes.');
INSERT INTO step(recipe_id, step_order, details) VALUES (32, 1, 'In a large bowl, toss the potato wedges with olive oil, salt, pepper, and any desired seasonings.');
INSERT INTO step(recipe_id, step_order, details) VALUES (32, 2, 'Bring the mixture to a boil, then reduce the heat and let it simmer for 25-30 minutes, or until the lentils are tender.');
INSERT INTO step(recipe_id, step_order, details) VALUES (32, 3, 'Cook the pasta according to the package instructions until al dente.');
INSERT INTO step(recipe_id, step_order, details) VALUES (32, 4, 'Season with salt and pepper to taste.');
INSERT INTO step(recipe_id, step_order, details) VALUES (32, 5, 'In a medium saucepan, melt the butter over medium heat.');
INSERT INTO step(recipe_id, step_order, details) VALUES (32, 6, 'Drain the pasta and set aside.');
INSERT INTO step(recipe_id, step_order, details) VALUES (32, 7, 'Season the meat with salt, pepper, and your favorite spices.');
INSERT INTO step(recipe_id, step_order, details) VALUES (32, 8, 'Stir in the grated cheese until melted and smooth.');
INSERT INTO step(recipe_id, step_order, details) VALUES (32, 9, 'Serve the skewers with a side of rice or salad.');
INSERT INTO step(recipe_id, step_order, details) VALUES (32, 10, 'Remove the foil and bake for an additional 5-10 minutes to allow the top to brown slightly.');
INSERT INTO step(recipe_id, step_order, details) VALUES (32, 11, 'Heat a large skillet over medium heat and add olive oil.');
INSERT INTO step(recipe_id, step_order, details) VALUES (32, 12, 'Add the cooked pasta to the cheese sauce and mix until well combined.');
INSERT INTO step(recipe_id, step_order, details) VALUES (32, 13, 'Transfer the sautéed vegetables to a baking dish.');
INSERT INTO step(recipe_id, step_order, details) VALUES (33, 1, 'Chop the vegetables into bite-sized pieces.');
INSERT INTO step(recipe_id, step_order, details) VALUES (33, 2, 'While the potatoes are baking, prepare your dipping sauce by mixing mayonnaise, ketchup, and a dash of hot sauce.');
INSERT INTO step(recipe_id, step_order, details) VALUES (33, 3, 'Add a pinch of salt to the boiling water.');
INSERT INTO step(recipe_id, step_order, details) VALUES (33, 4, 'Place the skewers on the preheated grill.');
INSERT INTO step(recipe_id, step_order, details) VALUES (33, 5, 'Whisk in the flour to create a roux, cooking for 1-2 minutes.');
INSERT INTO step(recipe_id, step_order, details) VALUES (33, 6, 'Remove the skewers from the grill and let rest for a few minutes before serving.');
INSERT INTO step(recipe_id, step_order, details) VALUES (34, 1, 'Pour the batter into the prepared baking pan.');
INSERT INTO step(recipe_id, step_order, details) VALUES (34, 2, 'Once cooled, cut into squares and serve.');
INSERT INTO step(recipe_id, step_order, details) VALUES (34, 3, 'Spread the potato wedges in a single layer on a baking sheet.');
INSERT INTO step(recipe_id, step_order, details) VALUES (34, 4, 'Season the meat with salt, pepper, and your favorite spices.');
INSERT INTO step(recipe_id, step_order, details) VALUES (34, 5, 'Combine the cooked meat with the vegetables in the baking dish.');
INSERT INTO step(recipe_id, step_order, details) VALUES (34, 6, 'Cook the pasta according to the package instructions until al dente.');
INSERT INTO step(recipe_id, step_order, details) VALUES (34, 7, 'Grill the skewers for 10-15 minutes, turning occasionally, until the meat is cooked through and the vegetables are tender.');
INSERT INTO step(recipe_id, step_order, details) VALUES (34, 8, 'Whisk in the flour to create a roux, cooking for 1-2 minutes.');
INSERT INTO step(recipe_id, step_order, details) VALUES (34, 9, 'Remove the bay leaf and discard.');
INSERT INTO step(recipe_id, step_order, details) VALUES (34, 10, 'Preheat the oven to 400°F (200°C).');
INSERT INTO step(recipe_id, step_order, details) VALUES (34, 11, 'Fold in any additional ingredients like chocolate chips or nuts.');
INSERT INTO step(recipe_id, step_order, details) VALUES (34, 12, 'Chop the vegetables into bite-sized pieces.');
INSERT INTO step(recipe_id, step_order, details) VALUES (35, 1, 'Pour the sauce or broth over the meat and vegetables.');
INSERT INTO step(recipe_id, step_order, details) VALUES (35, 2, 'Place the skewers on the preheated grill.');
INSERT INTO step(recipe_id, step_order, details) VALUES (35, 3, 'Remove the potato wedges from the oven and let cool slightly before serving.');
INSERT INTO step(recipe_id, step_order, details) VALUES (35, 4, 'Transfer the sautéed vegetables to a baking dish.');
INSERT INTO step(recipe_id, step_order, details) VALUES (35, 5, 'Serve hot, garnished with fresh herbs or a dollop of yogurt if desired."');
INSERT INTO step(recipe_id, step_order, details) VALUES (35, 6, 'In a medium saucepan, melt the butter over medium heat.');
INSERT INTO step(recipe_id, step_order, details) VALUES (36, 1, 'Stir in the grated cheese until melted and smooth.');
INSERT INTO step(recipe_id, step_order, details) VALUES (36, 2, 'Gradually whisk in the milk, stirring continuously to avoid lumps.');
INSERT INTO step(recipe_id, step_order, details) VALUES (36, 3, 'Remove the potato wedges from the oven and let cool slightly before serving.');
INSERT INTO step(recipe_id, step_order, details) VALUES (36, 4, 'Marinate the meat with your choice of marinade for at least 30 minutes.');
INSERT INTO step(recipe_id, step_order, details) VALUES (36, 5, 'Preheat the oven to 375°F (190°C).');
INSERT INTO step(recipe_id, step_order, details) VALUES (36, 6, 'Add the minced garlic and cook for another minute.');
INSERT INTO step(recipe_id, step_order, details) VALUES (36, 7, 'Thread the marinated meat and vegetables onto skewers.');
INSERT INTO step(recipe_id, step_order, details) VALUES (36, 8, 'Cook the pasta according to the package instructions until al dente.');
INSERT INTO step(recipe_id, step_order, details) VALUES (36, 9, 'Fold in any additional ingredients like chocolate chips or nuts.');
INSERT INTO step(recipe_id, step_order, details) VALUES (36, 10, 'Place the skewers on the preheated grill.');
INSERT INTO step(recipe_id, step_order, details) VALUES (36, 11, 'In the same skillet, cook the meat until browned on all sides.');
INSERT INTO step(recipe_id, step_order, details) VALUES (37, 1, 'Bring the mixture to a boil, then reduce the heat and let it simmer for 25-30 minutes, or until the lentils are tender.');
INSERT INTO step(recipe_id, step_order, details) VALUES (37, 2, 'Preheat the oven to 350°F (175°C).');
INSERT INTO step(recipe_id, step_order, details) VALUES (37, 3, 'Whisk in the flour to create a roux, cooking for 1-2 minutes.');
INSERT INTO step(recipe_id, step_order, details) VALUES (37, 4, 'Fold in any additional ingredients like chocolate chips or nuts.');
INSERT INTO step(recipe_id, step_order, details) VALUES (37, 5, 'Spread the potato wedges in a single layer on a baking sheet.');
INSERT INTO step(recipe_id, step_order, details) VALUES (37, 6, 'Preheat the oven to 375°F (190°C).');
INSERT INTO step(recipe_id, step_order, details) VALUES (37, 7, 'Grill the skewers for 10-15 minutes, turning occasionally, until the meat is cooked through and the vegetables are tender.');
INSERT INTO step(recipe_id, step_order, details) VALUES (37, 8, 'Remove the bay leaf and discard.');
INSERT INTO step(recipe_id, step_order, details) VALUES (37, 9, 'Cook the pasta according to the package instructions until al dente.');
INSERT INTO step(recipe_id, step_order, details) VALUES (37, 10, 'Preheat the oven to 375°F (190°C).');
INSERT INTO step(recipe_id, step_order, details) VALUES (37, 11, 'Fold in any additional ingredients like chocolate chips or nuts.');
INSERT INTO step(recipe_id, step_order, details) VALUES (37, 12, 'Preheat the oven to 375°F (190°C).');
INSERT INTO step(recipe_id, step_order, details) VALUES (38, 1, 'Remove the potato wedges from the oven and let cool slightly before serving.');
INSERT INTO step(recipe_id, step_order, details) VALUES (38, 2, 'Sauté the onions and garlic until they become translucent, about 3-5 minutes.');
INSERT INTO step(recipe_id, step_order, details) VALUES (38, 3, 'Rinse and drain the lentils.');
INSERT INTO step(recipe_id, step_order, details) VALUES (38, 4, 'Place the skewers on the preheated grill.');
INSERT INTO step(recipe_id, step_order, details) VALUES (38, 5, 'Bring the mixture to a boil, then reduce the heat and let it simmer for 25-30 minutes, or until the lentils are tender.');
INSERT INTO step(recipe_id, step_order, details) VALUES (38, 6, 'Bake in the preheated oven for 25-30 minutes, or until the meat is cooked through and the vegetables are tender.');
INSERT INTO step(recipe_id, step_order, details) VALUES (38, 7, 'In a large bowl, toss the potato wedges with olive oil, salt, pepper, and any desired seasonings.');
INSERT INTO step(recipe_id, step_order, details) VALUES (38, 8, 'Whisk in the flour to create a roux, cooking for 1-2 minutes.');
INSERT INTO step(recipe_id, step_order, details) VALUES (38, 9, 'Transfer the sautéed vegetables to a baking dish.');
INSERT INTO step(recipe_id, step_order, details) VALUES (39, 1, 'In the same skillet, cook the meat until browned on all sides.');
INSERT INTO step(recipe_id, step_order, details) VALUES (39, 2, 'Garnish with fresh herbs and serve warm."');
INSERT INTO step(recipe_id, step_order, details) VALUES (39, 3, 'Remove the skewers from the grill and let rest for a few minutes before serving.');
INSERT INTO step(recipe_id, step_order, details) VALUES (39, 4, 'Use an immersion blender to puree the soup to your desired consistency.');
INSERT INTO step(recipe_id, step_order, details) VALUES (39, 5, 'Grease and flour a baking pan.');
INSERT INTO step(recipe_id, step_order, details) VALUES (39, 6, 'Cook the pasta according to the package instructions until al dente.');
INSERT INTO step(recipe_id, step_order, details) VALUES (39, 7, 'Pour the sauce or broth over the meat and vegetables.');
INSERT INTO step(recipe_id, step_order, details) VALUES (39, 8, 'Preheat the oven to 400°F (200°C).');
INSERT INTO step(recipe_id, step_order, details) VALUES (39, 9, 'Season with salt and pepper to taste.');
INSERT INTO step(recipe_id, step_order, details) VALUES (39, 10, 'Bake in the preheated oven for 25-30 minutes, or until a toothpick inserted into the center comes out clean.');
INSERT INTO step(recipe_id, step_order, details) VALUES (39, 11, 'In a medium saucepan, melt the butter over medium heat.');
INSERT INTO step(recipe_id, step_order, details) VALUES (40, 1, 'Grill the skewers for 10-15 minutes, turning occasionally, until the meat is cooked through and the vegetables are tender.');
INSERT INTO step(recipe_id, step_order, details) VALUES (40, 2, 'Marinate the meat with your choice of marinade for at least 30 minutes.');
INSERT INTO step(recipe_id, step_order, details) VALUES (40, 3, 'In a medium saucepan, melt the butter over medium heat.');
INSERT INTO step(recipe_id, step_order, details) VALUES (40, 4, 'Add the bay leaf, thyme, salt, and pepper.');
INSERT INTO step(recipe_id, step_order, details) VALUES (40, 5, 'Stir in the lentils, tomatoes, and vegetable broth.');
INSERT INTO step(recipe_id, step_order, details) VALUES (40, 6, 'Fold in any additional ingredients like chocolate chips or nuts.');
INSERT INTO step(recipe_id, step_order, details) VALUES (40, 7, 'Drain the pasta and set aside.');
INSERT INTO step(recipe_id, step_order, details) VALUES (40, 8, 'Serve the skewers with a side of rice or salad.');
INSERT INTO step(recipe_id, step_order, details) VALUES (40, 9, 'Fold in any additional ingredients like chocolate chips or nuts.');
INSERT INTO step(recipe_id, step_order, details) VALUES (40, 10, 'Preheat the oven to 400°F (200°C).');
INSERT INTO step(recipe_id, step_order, details) VALUES (40, 11, 'Remove from the oven and let it rest for a few minutes before serving.');
INSERT INTO step(recipe_id, step_order, details) VALUES (40, 12, 'Bring the mixture to a boil, then reduce the heat and let it simmer for 25-30 minutes, or until the lentils are tender.');
INSERT INTO step(recipe_id, step_order, details) VALUES (40, 13, 'Garnish with fresh herbs and serve warm."');
INSERT INTO step(recipe_id, step_order, details) VALUES (40, 14, 'While the potatoes are baking, prepare your dipping sauce by mixing mayonnaise, ketchup, and a dash of hot sauce.');
INSERT INTO step(recipe_id, step_order, details) VALUES (41, 1, 'While the potatoes are baking, prepare your dipping sauce by mixing mayonnaise, ketchup, and a dash of hot sauce.');
INSERT INTO step(recipe_id, step_order, details) VALUES (41, 2, 'Preheat the oven to 375°F (190°C).');
INSERT INTO step(recipe_id, step_order, details) VALUES (41, 3, 'Remove the potato wedges from the oven and let cool slightly before serving.');
INSERT INTO step(recipe_id, step_order, details) VALUES (41, 4, 'While the potatoes are baking, prepare your dipping sauce by mixing mayonnaise, ketchup, and a dash of hot sauce.');
INSERT INTO step(recipe_id, step_order, details) VALUES (41, 5, 'Cut the potatoes into wedges.');
INSERT INTO step(recipe_id, step_order, details) VALUES (41, 6, 'Serve hot, garnished with fresh herbs or a dollop of yogurt if desired."');
INSERT INTO step(recipe_id, step_order, details) VALUES (41, 7, 'Remove the foil and bake for an additional 5-10 minutes to allow the top to brown slightly.');
INSERT INTO step(recipe_id, step_order, details) VALUES (41, 8, 'Season with salt and pepper to taste.');
INSERT INTO step(recipe_id, step_order, details) VALUES (41, 9, 'Transfer the sautéed vegetables to a baking dish.');
INSERT INTO step(recipe_id, step_order, details) VALUES (41, 10, 'Serve the potato wedges with the dipping sauce on the side."');
INSERT INTO step(recipe_id, step_order, details) VALUES (41, 11, 'Allow to cool in the pan for 10 minutes before transferring to a wire rack to cool completely.');
INSERT INTO step(recipe_id, step_order, details) VALUES (42, 1, 'Combine the cooked meat with the vegetables in the baking dish.');
INSERT INTO step(recipe_id, step_order, details) VALUES (42, 2, 'Sauté the onions and garlic until they become translucent, about 3-5 minutes.');
INSERT INTO step(recipe_id, step_order, details) VALUES (42, 3, 'Add the diced onions, carrots, and celery, and cook until the onions are translucent, about 5 minutes.');
INSERT INTO step(recipe_id, step_order, details) VALUES (42, 4, 'Serve the skewers with a side of rice or salad.');
INSERT INTO step(recipe_id, step_order, details) VALUES (42, 5, 'Bake in the preheated oven for 25-30 minutes, or until a toothpick inserted into the center comes out clean.');
INSERT INTO step(recipe_id, step_order, details) VALUES (42, 6, 'Bring the mixture to a simmer and cook until thickened, about 3-5 minutes.');
INSERT INTO step(recipe_id, step_order, details) VALUES (42, 7, 'Add a pinch of salt to the boiling water.');
INSERT INTO step(recipe_id, step_order, details) VALUES (42, 8, 'Pour the batter into the prepared baking pan.');
INSERT INTO step(recipe_id, step_order, details) VALUES (42, 9, 'Season the meat with salt, pepper, and your favorite spices.');
INSERT INTO step(recipe_id, step_order, details) VALUES (42, 10, 'Pour the batter into the prepared baking pan.');
INSERT INTO step(recipe_id, step_order, details) VALUES (42, 11, 'Bake in the preheated oven for 20-25 minutes, turning once halfway through, until the potatoes are golden brown and crispy.');
INSERT INTO step(recipe_id, step_order, details) VALUES (43, 1, 'Cut the potatoes into wedges.');
INSERT INTO step(recipe_id, step_order, details) VALUES (43, 2, 'Bake in the preheated oven for 25-30 minutes, or until a toothpick inserted into the center comes out clean.');
INSERT INTO step(recipe_id, step_order, details) VALUES (43, 3, 'Add a pinch of salt to the boiling water.');
INSERT INTO step(recipe_id, step_order, details) VALUES (43, 4, 'Preheat the oven to 375°F (190°C).');
INSERT INTO step(recipe_id, step_order, details) VALUES (43, 5, 'Use an immersion blender to puree the soup to your desired consistency.');
INSERT INTO step(recipe_id, step_order, details) VALUES (43, 6, 'Gradually whisk in the milk, stirring continuously to avoid lumps.');
INSERT INTO step(recipe_id, step_order, details) VALUES (43, 7, 'In another bowl, whisk together the eggs, milk, and melted butter.');
INSERT INTO step(recipe_id, step_order, details) VALUES (43, 8, 'Garnish with fresh herbs and serve warm."');
INSERT INTO step(recipe_id, step_order, details) VALUES (43, 9, 'Grill the skewers for 10-15 minutes, turning occasionally, until the meat is cooked through and the vegetables are tender.');
INSERT INTO step(recipe_id, step_order, details) VALUES (43, 10, 'Add the minced garlic and cook for another minute.');
INSERT INTO step(recipe_id, step_order, details) VALUES (44, 1, 'Season with salt and pepper to taste.');
INSERT INTO step(recipe_id, step_order, details) VALUES (44, 2, 'Marinate the meat with your choice of marinade for at least 30 minutes.');
INSERT INTO step(recipe_id, step_order, details) VALUES (44, 3, 'Combine the cooked meat with the vegetables in the baking dish.');
INSERT INTO step(recipe_id, step_order, details) VALUES (44, 4, 'Combine the cooked meat with the vegetables in the baking dish.');
INSERT INTO step(recipe_id, step_order, details) VALUES (44, 5, 'Preheat the oven to 350°F (175°C).');
INSERT INTO step(recipe_id, step_order, details) VALUES (44, 6, 'Marinate the meat with your choice of marinade for at least 30 minutes.');
INSERT INTO step(recipe_id, step_order, details) VALUES (44, 7, 'Heat a large skillet over medium heat and add olive oil.');
INSERT INTO step(recipe_id, step_order, details) VALUES (44, 8, 'In a large bowl, mix together the flour, sugar, baking powder, and salt.');
INSERT INTO step(recipe_id, step_order, details) VALUES (45, 1, 'While the potatoes are baking, prepare your dipping sauce by mixing mayonnaise, ketchup, and a dash of hot sauce.');
INSERT INTO step(recipe_id, step_order, details) VALUES (45, 2, 'Bake in the preheated oven for 25-30 minutes, or until the meat is cooked through and the vegetables are tender.');
INSERT INTO step(recipe_id, step_order, details) VALUES (45, 3, 'Bring a large pot of water to a boil.');
INSERT INTO step(recipe_id, step_order, details) VALUES (45, 4, 'Preheat the grill to medium-high heat.');
INSERT INTO step(recipe_id, step_order, details) VALUES (45, 5, 'Allow to cool in the pan for 10 minutes before transferring to a wire rack to cool completely.');
INSERT INTO step(recipe_id, step_order, details) VALUES (45, 6, 'Fold in any additional ingredients like chocolate chips or nuts.');
INSERT INTO step(recipe_id, step_order, details) VALUES (45, 7, 'Bring a large pot of water to a boil.');
INSERT INTO step(recipe_id, step_order, details) VALUES (45, 8, 'Remove the skewers from the grill and let rest for a few minutes before serving.');
INSERT INTO step(recipe_id, step_order, details) VALUES (45, 9, 'Season with salt and pepper to taste.');
INSERT INTO step(recipe_id, step_order, details) VALUES (45, 10, 'Garnish with fresh herbs and serve warm."');
INSERT INTO step(recipe_id, step_order, details) VALUES (45, 11, 'Whisk in the flour to create a roux, cooking for 1-2 minutes.');
INSERT INTO step(recipe_id, step_order, details) VALUES (45, 12, 'Combine the cooked meat with the vegetables in the baking dish.');
INSERT INTO step(recipe_id, step_order, details) VALUES (46, 1, 'Bring the mixture to a boil, then reduce the heat and let it simmer for 25-30 minutes, or until the lentils are tender.');
INSERT INTO step(recipe_id, step_order, details) VALUES (46, 2, 'Bring the mixture to a boil, then reduce the heat and let it simmer for 25-30 minutes, or until the lentils are tender.');
INSERT INTO step(recipe_id, step_order, details) VALUES (46, 3, 'Remove the potato wedges from the oven and let cool slightly before serving.');
INSERT INTO step(recipe_id, step_order, details) VALUES (46, 4, 'Marinate the meat with your choice of marinade for at least 30 minutes.');
INSERT INTO step(recipe_id, step_order, details) VALUES (46, 5, 'Bring the mixture to a simmer and cook until thickened, about 3-5 minutes.');
INSERT INTO step(recipe_id, step_order, details) VALUES (46, 6, 'Cut the potatoes into wedges.');
INSERT INTO step(recipe_id, step_order, details) VALUES (46, 7, 'Remove the potato wedges from the oven and let cool slightly before serving.');
INSERT INTO step(recipe_id, step_order, details) VALUES (46, 8, 'Pour the wet ingredients into the dry ingredients and stir until just combined.');
INSERT INTO step(recipe_id, step_order, details) VALUES (46, 9, 'Grill the skewers for 10-15 minutes, turning occasionally, until the meat is cooked through and the vegetables are tender.');
INSERT INTO step(recipe_id, step_order, details) VALUES (46, 10, 'Remove from the oven and let it rest for a few minutes before serving.');
INSERT INTO step(recipe_id, step_order, details) VALUES (46, 11, 'Remove from the oven and let it rest for a few minutes before serving.');
INSERT INTO step(recipe_id, step_order, details) VALUES (47, 1, 'Season the meat with salt, pepper, and your favorite spices.');
INSERT INTO step(recipe_id, step_order, details) VALUES (47, 2, 'Stir in the lentils, tomatoes, and vegetable broth.');
INSERT INTO step(recipe_id, step_order, details) VALUES (47, 3, 'In the same skillet, cook the meat until browned on all sides.');
INSERT INTO step(recipe_id, step_order, details) VALUES (47, 4, 'Remove the foil and bake for an additional 5-10 minutes to allow the top to brown slightly.');
INSERT INTO step(recipe_id, step_order, details) VALUES (47, 5, 'Serve the skewers with a side of rice or salad.');
INSERT INTO step(recipe_id, step_order, details) VALUES (47, 6, 'Once cooled, cut into squares and serve.');
INSERT INTO step(recipe_id, step_order, details) VALUES (47, 7, 'While the potatoes are baking, prepare your dipping sauce by mixing mayonnaise, ketchup, and a dash of hot sauce.');
INSERT INTO step(recipe_id, step_order, details) VALUES (47, 8, 'Preheat the grill to medium-high heat.');
INSERT INTO step(recipe_id, step_order, details) VALUES (47, 9, 'Garnish with fresh herbs and serve warm."');
INSERT INTO step(recipe_id, step_order, details) VALUES (47, 10, 'Bake in the preheated oven for 20-25 minutes, turning once halfway through, until the potatoes are golden brown and crispy.');
INSERT INTO step(recipe_id, step_order, details) VALUES (48, 1, 'Bake in the preheated oven for 20-25 minutes, turning once halfway through, until the potatoes are golden brown and crispy.');
INSERT INTO step(recipe_id, step_order, details) VALUES (48, 2, 'Transfer the sautéed vegetables to a baking dish.');
INSERT INTO step(recipe_id, step_order, details) VALUES (48, 3, 'Use an immersion blender to puree the soup to your desired consistency.');
INSERT INTO step(recipe_id, step_order, details) VALUES (48, 4, 'Preheat the oven to 350°F (175°C).');
INSERT INTO step(recipe_id, step_order, details) VALUES (48, 5, 'Cut the potatoes into wedges.');
INSERT INTO step(recipe_id, step_order, details) VALUES (48, 6, 'Add a pinch of salt to the boiling water.');
INSERT INTO step(recipe_id, step_order, details) VALUES (48, 7, 'Bring a large pot of water to a boil.');
INSERT INTO step(recipe_id, step_order, details) VALUES (48, 8, 'Grill the skewers for 10-15 minutes, turning occasionally, until the meat is cooked through and the vegetables are tender.');
INSERT INTO step(recipe_id, step_order, details) VALUES (48, 9, 'Gradually whisk in the milk, stirring continuously to avoid lumps.');
INSERT INTO step(recipe_id, step_order, details) VALUES (49, 1, 'Fold in any additional ingredients like chocolate chips or nuts.');
INSERT INTO step(recipe_id, step_order, details) VALUES (49, 2, 'Serve hot, garnished with fresh herbs or a dollop of yogurt if desired."');
INSERT INTO step(recipe_id, step_order, details) VALUES (49, 3, 'Chop the vegetables into bite-sized pieces.');
INSERT INTO step(recipe_id, step_order, details) VALUES (49, 4, 'Bring a large pot of water to a boil.');
INSERT INTO step(recipe_id, step_order, details) VALUES (49, 5, 'Remove the bay leaf and discard.');
INSERT INTO step(recipe_id, step_order, details) VALUES (49, 6, 'Preheat the oven to 350°F (175°C).');
INSERT INTO step(recipe_id, step_order, details) VALUES (49, 7, 'Grill the skewers for 10-15 minutes, turning occasionally, until the meat is cooked through and the vegetables are tender.');
INSERT INTO step(recipe_id, step_order, details) VALUES (49, 8, 'Once cooled, cut into squares and serve.');
INSERT INTO step(recipe_id, step_order, details) VALUES (49, 9, 'In another bowl, whisk together the eggs, milk, and melted butter.');
INSERT INTO step(recipe_id, step_order, details) VALUES (49, 10, 'Add the minced garlic and cook for another minute.');
INSERT INTO step(recipe_id, step_order, details) VALUES (49, 11, 'Once cooled, cut into squares and serve.');
INSERT INTO step(recipe_id, step_order, details) VALUES (49, 12, 'Stir in the grated cheese until melted and smooth.');
INSERT INTO step(recipe_id, step_order, details) VALUES (49, 13, 'Sauté the onions and garlic until they become translucent, about 3-5 minutes.');
INSERT INTO step(recipe_id, step_order, details) VALUES (49, 14, 'While the potatoes are baking, prepare your dipping sauce by mixing mayonnaise, ketchup, and a dash of hot sauce.');
INSERT INTO step(recipe_id, step_order, details) VALUES (50, 1, 'Chop the vegetables into bite-sized pieces.');
INSERT INTO step(recipe_id, step_order, details) VALUES (50, 2, 'Chop the vegetables into bite-sized pieces.');
INSERT INTO step(recipe_id, step_order, details) VALUES (50, 3, 'Bring a large pot of water to a boil.');
INSERT INTO step(recipe_id, step_order, details) VALUES (50, 4, 'Grease and flour a baking pan.');
INSERT INTO step(recipe_id, step_order, details) VALUES (50, 5, 'Add the diced onions, carrots, and celery, and cook until the onions are translucent, about 5 minutes.');
INSERT INTO step(recipe_id, step_order, details) VALUES (50, 6, 'Heat a large skillet over medium heat and add olive oil.');
INSERT INTO step(recipe_id, step_order, details) VALUES (50, 7, 'Preheat the grill to medium-high heat.');
INSERT INTO step(recipe_id, step_order, details) VALUES (50, 8, 'Bake in the preheated oven for 25-30 minutes, or until the meat is cooked through and the vegetables are tender.');
INSERT INTO step(recipe_id, step_order, details) VALUES (50, 9, 'In the same skillet, cook the meat until browned on all sides.');
INSERT INTO step(recipe_id, step_order, details) VALUES (50, 10, 'Combine the cooked meat with the vegetables in the baking dish.');
INSERT INTO step(recipe_id, step_order, details) VALUES (50, 11, 'Add the cooked pasta to the cheese sauce and mix until well combined.');
INSERT INTO step(recipe_id, step_order, details) VALUES (50, 12, 'Add the diced onions, carrots, and celery, and cook until the onions are translucent, about 5 minutes.');
INSERT INTO step(recipe_id, step_order, details) VALUES (51, 1, 'Grease and flour a baking pan.');
INSERT INTO step(recipe_id, step_order, details) VALUES (51, 2, 'Remove the potato wedges from the oven and let cool slightly before serving.');
INSERT INTO step(recipe_id, step_order, details) VALUES (51, 3, 'Stir in the lentils, tomatoes, and vegetable broth.');
INSERT INTO step(recipe_id, step_order, details) VALUES (51, 4, 'Bring the mixture to a simmer and cook until thickened, about 3-5 minutes.');
INSERT INTO step(recipe_id, step_order, details) VALUES (51, 5, 'Grease and flour a baking pan.');
INSERT INTO step(recipe_id, step_order, details) VALUES (51, 6, 'While the potatoes are baking, prepare your dipping sauce by mixing mayonnaise, ketchup, and a dash of hot sauce.');
INSERT INTO step(recipe_id, step_order, details) VALUES (51, 7, 'Pour the batter into the prepared baking pan.');
INSERT INTO step(recipe_id, step_order, details) VALUES (51, 8, 'Gradually whisk in the milk, stirring continuously to avoid lumps.');
INSERT INTO step(recipe_id, step_order, details) VALUES (51, 9, 'Bring a large pot of water to a boil.');
INSERT INTO step(recipe_id, step_order, details) VALUES (51, 10, 'Sauté the onions and garlic until they become translucent, about 3-5 minutes.');
INSERT INTO step(recipe_id, step_order, details) VALUES (51, 11, 'Whisk in the flour to create a roux, cooking for 1-2 minutes.');
INSERT INTO step(recipe_id, step_order, details) VALUES (52, 1, 'Remove from the oven and let it rest for a few minutes before serving.');
INSERT INTO step(recipe_id, step_order, details) VALUES (52, 2, 'Preheat the oven to 400°F (200°C).');
INSERT INTO step(recipe_id, step_order, details) VALUES (52, 3, 'Fold in any additional ingredients like chocolate chips or nuts.');
INSERT INTO step(recipe_id, step_order, details) VALUES (52, 4, 'Gradually whisk in the milk, stirring continuously to avoid lumps.');
INSERT INTO step(recipe_id, step_order, details) VALUES (52, 5, 'Pour the sauce or broth over the meat and vegetables.');
INSERT INTO step(recipe_id, step_order, details) VALUES (52, 6, 'In a medium saucepan, melt the butter over medium heat.');
INSERT INTO step(recipe_id, step_order, details) VALUES (52, 7, 'Cook the pasta according to the package instructions until al dente.');
INSERT INTO step(recipe_id, step_order, details) VALUES (52, 8, 'Cover the baking dish with aluminum foil.');
INSERT INTO step(recipe_id, step_order, details) VALUES (52, 9, 'Serve immediately, garnished with extra cheese and fresh herbs if desired."');
INSERT INTO step(recipe_id, step_order, details) VALUES (52, 10, 'Stir in the grated cheese until melted and smooth.');
INSERT INTO step(recipe_id, step_order, details) VALUES (52, 11, 'Transfer the sautéed vegetables to a baking dish.');
INSERT INTO step(recipe_id, step_order, details) VALUES (52, 12, 'Season the meat with salt, pepper, and your favorite spices.');
INSERT INTO step(recipe_id, step_order, details) VALUES (52, 13, 'Serve hot, garnished with fresh herbs or a dollop of yogurt if desired."');
INSERT INTO step(recipe_id, step_order, details) VALUES (53, 1, 'Fold in any additional ingredients like chocolate chips or nuts.');
INSERT INTO step(recipe_id, step_order, details) VALUES (53, 2, 'Heat a large skillet over medium heat and add olive oil.');
INSERT INTO step(recipe_id, step_order, details) VALUES (53, 3, 'Preheat the oven to 375°F (190°C).');
INSERT INTO step(recipe_id, step_order, details) VALUES (53, 4, 'Serve the skewers with a side of rice or salad.');
INSERT INTO step(recipe_id, step_order, details) VALUES (53, 5, 'Thread the marinated meat and vegetables onto skewers.');
INSERT INTO step(recipe_id, step_order, details) VALUES (53, 6, 'In a large bowl, toss the potato wedges with olive oil, salt, pepper, and any desired seasonings.');
INSERT INTO step(recipe_id, step_order, details) VALUES (53, 7, 'Sauté the onions and garlic until they become translucent, about 3-5 minutes.');
INSERT INTO step(recipe_id, step_order, details) VALUES (53, 8, 'Pour the batter into the prepared baking pan.');
INSERT INTO step(recipe_id, step_order, details) VALUES (54, 1, 'Add a pinch of salt to the boiling water.');
INSERT INTO step(recipe_id, step_order, details) VALUES (54, 2, 'Whisk in the flour to create a roux, cooking for 1-2 minutes.');
INSERT INTO step(recipe_id, step_order, details) VALUES (54, 3, 'Preheat the oven to 400°F (200°C).');
INSERT INTO step(recipe_id, step_order, details) VALUES (54, 4, 'Pour the wet ingredients into the dry ingredients and stir until just combined.');
INSERT INTO step(recipe_id, step_order, details) VALUES (54, 5, 'Preheat the grill to medium-high heat.');
INSERT INTO step(recipe_id, step_order, details) VALUES (54, 6, 'Heat a large skillet over medium heat and add olive oil.');
INSERT INTO step(recipe_id, step_order, details) VALUES (54, 7, 'Bake in the preheated oven for 20-25 minutes, turning once halfway through, until the potatoes are golden brown and crispy.');
INSERT INTO step(recipe_id, step_order, details) VALUES (54, 8, 'Cook the pasta according to the package instructions until al dente.');
INSERT INTO step(recipe_id, step_order, details) VALUES (55, 1, 'In a medium saucepan, melt the butter over medium heat.');
INSERT INTO step(recipe_id, step_order, details) VALUES (55, 2, 'Serve hot, garnished with fresh herbs or a dollop of yogurt if desired."');
INSERT INTO step(recipe_id, step_order, details) VALUES (55, 3, 'Season the meat with salt, pepper, and your favorite spices.');
INSERT INTO step(recipe_id, step_order, details) VALUES (55, 4, 'Bake in the preheated oven for 20-25 minutes, turning once halfway through, until the potatoes are golden brown and crispy.');
INSERT INTO step(recipe_id, step_order, details) VALUES (55, 5, 'Preheat the grill to medium-high heat.');
INSERT INTO step(recipe_id, step_order, details) VALUES (55, 6, 'Bake in the preheated oven for 20-25 minutes, turning once halfway through, until the potatoes are golden brown and crispy.');
INSERT INTO step(recipe_id, step_order, details) VALUES (55, 7, 'Stir in the lentils, tomatoes, and vegetable broth.');
INSERT INTO step(recipe_id, step_order, details) VALUES (55, 8, 'While the potatoes are baking, prepare your dipping sauce by mixing mayonnaise, ketchup, and a dash of hot sauce.');
INSERT INTO step(recipe_id, step_order, details) VALUES (55, 9, 'Fold in any additional ingredients like chocolate chips or nuts.');
INSERT INTO step(recipe_id, step_order, details) VALUES (55, 10, 'Pour the wet ingredients into the dry ingredients and stir until just combined.');
INSERT INTO step(recipe_id, step_order, details) VALUES (56, 1, 'Bake in the preheated oven for 20-25 minutes, turning once halfway through, until the potatoes are golden brown and crispy.');
INSERT INTO step(recipe_id, step_order, details) VALUES (56, 2, 'Grease and flour a baking pan.');
INSERT INTO step(recipe_id, step_order, details) VALUES (56, 3, 'Remove from the oven and let it rest for a few minutes before serving.');
INSERT INTO step(recipe_id, step_order, details) VALUES (56, 4, 'Bring a large pot of water to a boil.');
INSERT INTO step(recipe_id, step_order, details) VALUES (56, 5, 'Rinse and drain the lentils.');
INSERT INTO step(recipe_id, step_order, details) VALUES (56, 6, 'Serve the skewers with a side of rice or salad.');
INSERT INTO step(recipe_id, step_order, details) VALUES (56, 7, 'Thread the marinated meat and vegetables onto skewers.');
INSERT INTO step(recipe_id, step_order, details) VALUES (56, 8, 'Preheat the grill to medium-high heat.');
INSERT INTO step(recipe_id, step_order, details) VALUES (56, 9, 'Add the diced onions, carrots, and celery, and cook until the onions are translucent, about 5 minutes.');
INSERT INTO step(recipe_id, step_order, details) VALUES (56, 10, 'Season the meat with salt, pepper, and your favorite spices.');
INSERT INTO step(recipe_id, step_order, details) VALUES (56, 11, 'Add the minced garlic and cook for another minute.');
INSERT INTO step(recipe_id, step_order, details) VALUES (57, 1, 'Pour the sauce or broth over the meat and vegetables.');
INSERT INTO step(recipe_id, step_order, details) VALUES (57, 2, 'In the same skillet, cook the meat until browned on all sides.');
INSERT INTO step(recipe_id, step_order, details) VALUES (57, 3, 'Add the bay leaf, thyme, salt, and pepper.');
INSERT INTO step(recipe_id, step_order, details) VALUES (57, 4, 'In the same skillet, cook the meat until browned on all sides.');
INSERT INTO step(recipe_id, step_order, details) VALUES (57, 5, 'Preheat the oven to 350°F (175°C).');
INSERT INTO step(recipe_id, step_order, details) VALUES (57, 6, 'Preheat the oven to 400°F (200°C).');
INSERT INTO step(recipe_id, step_order, details) VALUES (57, 7, 'Serve the potato wedges with the dipping sauce on the side."');
INSERT INTO step(recipe_id, step_order, details) VALUES (57, 8, 'Serve immediately, garnished with extra cheese and fresh herbs if desired."');
INSERT INTO step(recipe_id, step_order, details) VALUES (57, 9, 'Sauté the onions and garlic until they become translucent, about 3-5 minutes.');
INSERT INTO step(recipe_id, step_order, details) VALUES (57, 10, 'Cut the potatoes into wedges.');
INSERT INTO step(recipe_id, step_order, details) VALUES (57, 11, 'Stir in the grated cheese until melted and smooth.');
INSERT INTO step(recipe_id, step_order, details) VALUES (57, 12, 'Chop the vegetables into bite-sized pieces.');
INSERT INTO step(recipe_id, step_order, details) VALUES (57, 13, 'Rinse and drain the lentils.');
INSERT INTO step(recipe_id, step_order, details) VALUES (57, 14, 'Thread the marinated meat and vegetables onto skewers.');
INSERT INTO step(recipe_id, step_order, details) VALUES (58, 1, 'Serve immediately, garnished with extra cheese and fresh herbs if desired."');
INSERT INTO step(recipe_id, step_order, details) VALUES (58, 2, 'Drain the pasta and set aside.');
INSERT INTO step(recipe_id, step_order, details) VALUES (58, 3, 'Add the bay leaf, thyme, salt, and pepper.');
INSERT INTO step(recipe_id, step_order, details) VALUES (58, 4, 'Rinse and drain the lentils.');
INSERT INTO step(recipe_id, step_order, details) VALUES (58, 5, 'Preheat the grill to medium-high heat.');
INSERT INTO step(recipe_id, step_order, details) VALUES (58, 6, 'Grease and flour a baking pan.');
INSERT INTO step(recipe_id, step_order, details) VALUES (59, 1, 'Remove from the oven and let it rest for a few minutes before serving.');
INSERT INTO step(recipe_id, step_order, details) VALUES (59, 2, 'Pour the sauce or broth over the meat and vegetables.');
INSERT INTO step(recipe_id, step_order, details) VALUES (59, 3, 'Remove the bay leaf and discard.');
INSERT INTO step(recipe_id, step_order, details) VALUES (59, 4, 'Add the diced onions, carrots, and celery, and cook until the onions are translucent, about 5 minutes.');
INSERT INTO step(recipe_id, step_order, details) VALUES (59, 5, 'Bring the mixture to a simmer and cook until thickened, about 3-5 minutes.');
INSERT INTO step(recipe_id, step_order, details) VALUES (59, 6, 'Fold in any additional ingredients like chocolate chips or nuts.');
INSERT INTO step(recipe_id, step_order, details) VALUES (59, 7, 'Spread the potato wedges in a single layer on a baking sheet.');
INSERT INTO step(recipe_id, step_order, details) VALUES (59, 8, 'Add the chopped vegetables to the skillet and cook for an additional 5-7 minutes.');
INSERT INTO step(recipe_id, step_order, details) VALUES (59, 9, 'Use an immersion blender to puree the soup to your desired consistency.');
INSERT INTO step(recipe_id, step_order, details) VALUES (59, 10, 'Grease and flour a baking pan.');
INSERT INTO step(recipe_id, step_order, details) VALUES (59, 11, 'Rinse and drain the lentils.');
INSERT INTO step(recipe_id, step_order, details) VALUES (59, 12, 'Remove the potato wedges from the oven and let cool slightly before serving.');
INSERT INTO step(recipe_id, step_order, details) VALUES (59, 13, 'Allow to cool in the pan for 10 minutes before transferring to a wire rack to cool completely.');
INSERT INTO step(recipe_id, step_order, details) VALUES (60, 1, 'Fold in any additional ingredients like chocolate chips or nuts.');
INSERT INTO step(recipe_id, step_order, details) VALUES (60, 2, 'Grill the skewers for 10-15 minutes, turning occasionally, until the meat is cooked through and the vegetables are tender.');
INSERT INTO step(recipe_id, step_order, details) VALUES (60, 3, 'Grease and flour a baking pan.');
INSERT INTO step(recipe_id, step_order, details) VALUES (60, 4, 'Rinse and drain the lentils.');
INSERT INTO step(recipe_id, step_order, details) VALUES (60, 5, 'Cut the potatoes into wedges.');
INSERT INTO step(recipe_id, step_order, details) VALUES (60, 6, 'Serve hot, garnished with fresh herbs or a dollop of yogurt if desired."');
INSERT INTO step(recipe_id, step_order, details) VALUES (61, 1, 'Preheat the oven to 400°F (200°C).');
INSERT INTO step(recipe_id, step_order, details) VALUES (61, 2, 'Bake in the preheated oven for 20-25 minutes, turning once halfway through, until the potatoes are golden brown and crispy.');
INSERT INTO step(recipe_id, step_order, details) VALUES (61, 3, 'Cut the potatoes into wedges.');
INSERT INTO step(recipe_id, step_order, details) VALUES (61, 4, 'Pour the batter into the prepared baking pan.');
INSERT INTO step(recipe_id, step_order, details) VALUES (61, 5, 'Pour the sauce or broth over the meat and vegetables.');
INSERT INTO step(recipe_id, step_order, details) VALUES (61, 6, 'Pour the sauce or broth over the meat and vegetables.');
INSERT INTO step(recipe_id, step_order, details) VALUES (62, 1, 'Bake in the preheated oven for 25-30 minutes, or until a toothpick inserted into the center comes out clean.');
INSERT INTO step(recipe_id, step_order, details) VALUES (62, 2, 'Transfer the sautéed vegetables to a baking dish.');
INSERT INTO step(recipe_id, step_order, details) VALUES (62, 3, 'While the potatoes are baking, prepare your dipping sauce by mixing mayonnaise, ketchup, and a dash of hot sauce.');
INSERT INTO step(recipe_id, step_order, details) VALUES (62, 4, 'Cook the pasta according to the package instructions until al dente.');
INSERT INTO step(recipe_id, step_order, details) VALUES (62, 5, 'Bake in the preheated oven for 25-30 minutes, or until the meat is cooked through and the vegetables are tender.');
INSERT INTO step(recipe_id, step_order, details) VALUES (62, 6, 'Combine the cooked meat with the vegetables in the baking dish.');
INSERT INTO step(recipe_id, step_order, details) VALUES (62, 7, 'Add the cooked pasta to the cheese sauce and mix until well combined.');
INSERT INTO step(recipe_id, step_order, details) VALUES (62, 8, 'Season with salt and pepper to taste.');
INSERT INTO step(recipe_id, step_order, details) VALUES (62, 9, 'In a large bowl, toss the potato wedges with olive oil, salt, pepper, and any desired seasonings.');
INSERT INTO step(recipe_id, step_order, details) VALUES (63, 1, 'Whisk in the flour to create a roux, cooking for 1-2 minutes.');
INSERT INTO step(recipe_id, step_order, details) VALUES (63, 2, 'Spread the potato wedges in a single layer on a baking sheet.');
INSERT INTO step(recipe_id, step_order, details) VALUES (63, 3, 'Cover the baking dish with aluminum foil.');
INSERT INTO step(recipe_id, step_order, details) VALUES (63, 4, 'Chop the vegetables into bite-sized pieces.');
INSERT INTO step(recipe_id, step_order, details) VALUES (63, 5, 'Place the skewers on the preheated grill.');
INSERT INTO step(recipe_id, step_order, details) VALUES (63, 6, 'In the same skillet, cook the meat until browned on all sides.');
INSERT INTO step(recipe_id, step_order, details) VALUES (63, 7, 'Heat a large skillet over medium heat and add olive oil.');
INSERT INTO step(recipe_id, step_order, details) VALUES (63, 8, 'Stir in the grated cheese until melted and smooth.');
INSERT INTO step(recipe_id, step_order, details) VALUES (63, 9, 'Heat a large skillet over medium heat and add olive oil.');
INSERT INTO step(recipe_id, step_order, details) VALUES (64, 1, 'Sauté the onions and garlic until they become translucent, about 3-5 minutes.');
INSERT INTO step(recipe_id, step_order, details) VALUES (64, 2, 'In a medium saucepan, melt the butter over medium heat.');
INSERT INTO step(recipe_id, step_order, details) VALUES (64, 3, 'In the same skillet, cook the meat until browned on all sides.');
INSERT INTO step(recipe_id, step_order, details) VALUES (64, 4, 'Serve immediately, garnished with extra cheese and fresh herbs if desired."');
INSERT INTO step(recipe_id, step_order, details) VALUES (64, 5, 'Cut the potatoes into wedges.');
INSERT INTO step(recipe_id, step_order, details) VALUES (64, 6, 'Drain the pasta and set aside.');
INSERT INTO step(recipe_id, step_order, details) VALUES (64, 7, 'Remove the foil and bake for an additional 5-10 minutes to allow the top to brown slightly.');
INSERT INTO step(recipe_id, step_order, details) VALUES (64, 8, 'Cut the potatoes into wedges.');
INSERT INTO step(recipe_id, step_order, details) VALUES (64, 9, 'Transfer the sautéed vegetables to a baking dish.');
INSERT INTO step(recipe_id, step_order, details) VALUES (64, 10, 'Remove the potato wedges from the oven and let cool slightly before serving.');
INSERT INTO step(recipe_id, step_order, details) VALUES (64, 11, 'Remove from the oven and let it rest for a few minutes before serving.');
INSERT INTO step(recipe_id, step_order, details) VALUES (64, 12, 'Gradually whisk in the milk, stirring continuously to avoid lumps.');
INSERT INTO step(recipe_id, step_order, details) VALUES (64, 13, 'Season with salt and pepper to taste.');
INSERT INTO step(recipe_id, step_order, details) VALUES (65, 1, 'Serve immediately, garnished with extra cheese and fresh herbs if desired."');
INSERT INTO step(recipe_id, step_order, details) VALUES (65, 2, 'Whisk in the flour to create a roux, cooking for 1-2 minutes.');
INSERT INTO step(recipe_id, step_order, details) VALUES (65, 3, 'In a medium saucepan, melt the butter over medium heat.');
INSERT INTO step(recipe_id, step_order, details) VALUES (65, 4, 'Pour the wet ingredients into the dry ingredients and stir until just combined.');
INSERT INTO step(recipe_id, step_order, details) VALUES (65, 5, 'Combine the cooked meat with the vegetables in the baking dish.');
INSERT INTO step(recipe_id, step_order, details) VALUES (65, 6, 'In a large bowl, mix together the flour, sugar, baking powder, and salt.');
INSERT INTO step(recipe_id, step_order, details) VALUES (65, 7, 'Serve the skewers with a side of rice or salad.');
INSERT INTO step(recipe_id, step_order, details) VALUES (65, 8, 'Season with salt and pepper to taste.');
INSERT INTO step(recipe_id, step_order, details) VALUES (66, 1, 'Season with salt and pepper to taste.');
INSERT INTO step(recipe_id, step_order, details) VALUES (66, 2, 'Stir in the lentils, tomatoes, and vegetable broth.');
INSERT INTO step(recipe_id, step_order, details) VALUES (66, 3, 'Allow to cool in the pan for 10 minutes before transferring to a wire rack to cool completely.');
INSERT INTO step(recipe_id, step_order, details) VALUES (66, 4, 'In a large bowl, mix together the flour, sugar, baking powder, and salt.');
INSERT INTO step(recipe_id, step_order, details) VALUES (66, 5, 'Serve the skewers with a side of rice or salad.');
INSERT INTO step(recipe_id, step_order, details) VALUES (66, 6, 'Bake in the preheated oven for 20-25 minutes, turning once halfway through, until the potatoes are golden brown and crispy.');
INSERT INTO step(recipe_id, step_order, details) VALUES (66, 7, 'Garnish with fresh herbs and serve warm."');
INSERT INTO step(recipe_id, step_order, details) VALUES (66, 8, 'Add the chopped vegetables to the skillet and cook for an additional 5-7 minutes.');
INSERT INTO step(recipe_id, step_order, details) VALUES (67, 1, 'Use an immersion blender to puree the soup to your desired consistency.');
INSERT INTO step(recipe_id, step_order, details) VALUES (67, 2, 'In a medium saucepan, melt the butter over medium heat.');
INSERT INTO step(recipe_id, step_order, details) VALUES (67, 3, 'Serve the skewers with a side of rice or salad.');
INSERT INTO step(recipe_id, step_order, details) VALUES (67, 4, 'Grill the skewers for 10-15 minutes, turning occasionally, until the meat is cooked through and the vegetables are tender.');
INSERT INTO step(recipe_id, step_order, details) VALUES (67, 5, 'Preheat the oven to 400°F (200°C).');
INSERT INTO step(recipe_id, step_order, details) VALUES (67, 6, 'In a large bowl, mix together the flour, sugar, baking powder, and salt.');
INSERT INTO step(recipe_id, step_order, details) VALUES (67, 7, 'Cut the potatoes into wedges.');
INSERT INTO step(recipe_id, step_order, details) VALUES (67, 8, 'Serve hot, garnished with fresh herbs or a dollop of yogurt if desired."');
INSERT INTO step(recipe_id, step_order, details) VALUES (67, 9, 'Combine the cooked meat with the vegetables in the baking dish.');
INSERT INTO step(recipe_id, step_order, details) VALUES (67, 10, 'Add the diced onions, carrots, and celery, and cook until the onions are translucent, about 5 minutes.');
INSERT INTO step(recipe_id, step_order, details) VALUES (67, 11, 'Pour the wet ingredients into the dry ingredients and stir until just combined.');
INSERT INTO step(recipe_id, step_order, details) VALUES (68, 1, 'Bring the mixture to a boil, then reduce the heat and let it simmer for 25-30 minutes, or until the lentils are tender.');
INSERT INTO step(recipe_id, step_order, details) VALUES (68, 2, 'Add the cooked pasta to the cheese sauce and mix until well combined.');
INSERT INTO step(recipe_id, step_order, details) VALUES (68, 3, 'Remove the foil and bake for an additional 5-10 minutes to allow the top to brown slightly.');
INSERT INTO step(recipe_id, step_order, details) VALUES (68, 4, 'Stir in the grated cheese until melted and smooth.');
INSERT INTO step(recipe_id, step_order, details) VALUES (68, 5, 'Serve hot, garnished with fresh herbs or a dollop of yogurt if desired."');
INSERT INTO step(recipe_id, step_order, details) VALUES (68, 6, 'Remove the foil and bake for an additional 5-10 minutes to allow the top to brown slightly.');
INSERT INTO step(recipe_id, step_order, details) VALUES (68, 7, 'Thread the marinated meat and vegetables onto skewers.');
INSERT INTO step(recipe_id, step_order, details) VALUES (68, 8, 'Pour the wet ingredients into the dry ingredients and stir until just combined.');
INSERT INTO step(recipe_id, step_order, details) VALUES (68, 9, 'Add the chopped vegetables to the skillet and cook for an additional 5-7 minutes.');
INSERT INTO step(recipe_id, step_order, details) VALUES (68, 10, 'Once cooled, cut into squares and serve.');
INSERT INTO step(recipe_id, step_order, details) VALUES (69, 1, 'Add the cooked pasta to the cheese sauce and mix until well combined.');
INSERT INTO step(recipe_id, step_order, details) VALUES (69, 2, 'In another bowl, whisk together the eggs, milk, and melted butter.');
INSERT INTO step(recipe_id, step_order, details) VALUES (69, 3, 'Preheat the oven to 350°F (175°C).');
INSERT INTO step(recipe_id, step_order, details) VALUES (69, 4, 'Remove the bay leaf and discard.');
INSERT INTO step(recipe_id, step_order, details) VALUES (69, 5, 'Preheat the oven to 400°F (200°C).');
INSERT INTO step(recipe_id, step_order, details) VALUES (69, 6, 'In a large pot, heat the olive oil over medium heat.');
INSERT INTO step(recipe_id, step_order, details) VALUES (69, 7, 'Add the minced garlic and cook for another minute.');
INSERT INTO step(recipe_id, step_order, details) VALUES (69, 8, 'Bake in the preheated oven for 20-25 minutes, turning once halfway through, until the potatoes are golden brown and crispy.');
INSERT INTO step(recipe_id, step_order, details) VALUES (69, 9, 'In a large bowl, toss the potato wedges with olive oil, salt, pepper, and any desired seasonings.');
INSERT INTO step(recipe_id, step_order, details) VALUES (69, 10, 'Remove from the oven and let it rest for a few minutes before serving.');
INSERT INTO step(recipe_id, step_order, details) VALUES (69, 11, 'Sauté the onions and garlic until they become translucent, about 3-5 minutes.');
INSERT INTO step(recipe_id, step_order, details) VALUES (69, 12, 'Bring the mixture to a boil, then reduce the heat and let it simmer for 25-30 minutes, or until the lentils are tender.');
INSERT INTO step(recipe_id, step_order, details) VALUES (69, 13, 'Add a pinch of salt to the boiling water.');
INSERT INTO step(recipe_id, step_order, details) VALUES (70, 1, 'In a medium saucepan, melt the butter over medium heat.');
INSERT INTO step(recipe_id, step_order, details) VALUES (70, 2, 'Serve the potato wedges with the dipping sauce on the side."');
INSERT INTO step(recipe_id, step_order, details) VALUES (70, 3, 'Bring a large pot of water to a boil.');
INSERT INTO step(recipe_id, step_order, details) VALUES (70, 4, 'Grease and flour a baking pan.');
INSERT INTO step(recipe_id, step_order, details) VALUES (70, 5, 'Chop the vegetables into bite-sized pieces.');
INSERT INTO step(recipe_id, step_order, details) VALUES (70, 6, 'Bring the mixture to a simmer and cook until thickened, about 3-5 minutes.');
INSERT INTO step(recipe_id, step_order, details) VALUES (70, 7, 'Rinse and drain the lentils.');
INSERT INTO step(recipe_id, step_order, details) VALUES (70, 8, 'Remove the foil and bake for an additional 5-10 minutes to allow the top to brown slightly.');
INSERT INTO step(recipe_id, step_order, details) VALUES (70, 9, 'Stir in the lentils, tomatoes, and vegetable broth.');
INSERT INTO step(recipe_id, step_order, details) VALUES (70, 10, 'Add the minced garlic and cook for another minute.');
INSERT INTO step(recipe_id, step_order, details) VALUES (70, 11, 'Pour the wet ingredients into the dry ingredients and stir until just combined.');
INSERT INTO step(recipe_id, step_order, details) VALUES (70, 12, 'Rinse and drain the lentils.');
INSERT INTO step(recipe_id, step_order, details) VALUES (71, 1, 'Spread the potato wedges in a single layer on a baking sheet.');
INSERT INTO step(recipe_id, step_order, details) VALUES (71, 2, 'Serve hot, garnished with fresh herbs or a dollop of yogurt if desired."');
INSERT INTO step(recipe_id, step_order, details) VALUES (71, 3, 'Bring the mixture to a simmer and cook until thickened, about 3-5 minutes.');
INSERT INTO step(recipe_id, step_order, details) VALUES (71, 4, 'Bring the mixture to a simmer and cook until thickened, about 3-5 minutes.');
INSERT INTO step(recipe_id, step_order, details) VALUES (71, 5, 'Add the minced garlic and cook for another minute.');
INSERT INTO step(recipe_id, step_order, details) VALUES (71, 6, 'Season with salt and pepper to taste.');
INSERT INTO step(recipe_id, step_order, details) VALUES (71, 7, 'Bake in the preheated oven for 25-30 minutes, or until a toothpick inserted into the center comes out clean.');
INSERT INTO step(recipe_id, step_order, details) VALUES (71, 8, 'Preheat the grill to medium-high heat.');
INSERT INTO step(recipe_id, step_order, details) VALUES (71, 9, 'In another bowl, whisk together the eggs, milk, and melted butter.');
INSERT INTO step(recipe_id, step_order, details) VALUES (71, 10, 'Bring the mixture to a simmer and cook until thickened, about 3-5 minutes.');
INSERT INTO step(recipe_id, step_order, details) VALUES (71, 11, 'Pour the batter into the prepared baking pan.');
INSERT INTO step(recipe_id, step_order, details) VALUES (71, 12, 'Season with salt and pepper to taste.');
INSERT INTO step(recipe_id, step_order, details) VALUES (71, 13, 'Pour the sauce or broth over the meat and vegetables.');
INSERT INTO step(recipe_id, step_order, details) VALUES (71, 14, 'Remove the foil and bake for an additional 5-10 minutes to allow the top to brown slightly.');
INSERT INTO step(recipe_id, step_order, details) VALUES (72, 1, 'Season the meat with salt, pepper, and your favorite spices.');
INSERT INTO step(recipe_id, step_order, details) VALUES (72, 2, 'Season with salt and pepper to taste.');
INSERT INTO step(recipe_id, step_order, details) VALUES (72, 3, 'Heat a large skillet over medium heat and add olive oil.');
INSERT INTO step(recipe_id, step_order, details) VALUES (72, 4, 'Sauté the onions and garlic until they become translucent, about 3-5 minutes.');
INSERT INTO step(recipe_id, step_order, details) VALUES (72, 5, 'Season with salt and pepper to taste.');
INSERT INTO step(recipe_id, step_order, details) VALUES (72, 6, 'Place the skewers on the preheated grill.');
INSERT INTO step(recipe_id, step_order, details) VALUES (72, 7, 'Bring the mixture to a boil, then reduce the heat and let it simmer for 25-30 minutes, or until the lentils are tender.');
INSERT INTO step(recipe_id, step_order, details) VALUES (72, 8, 'Allow to cool in the pan for 10 minutes before transferring to a wire rack to cool completely.');
INSERT INTO step(recipe_id, step_order, details) VALUES (72, 9, 'Serve hot, garnished with fresh herbs or a dollop of yogurt if desired."');
INSERT INTO step(recipe_id, step_order, details) VALUES (72, 10, 'Preheat the grill to medium-high heat.');
INSERT INTO step(recipe_id, step_order, details) VALUES (72, 11, 'Rinse and drain the lentils.');
INSERT INTO step(recipe_id, step_order, details) VALUES (72, 12, 'Bring a large pot of water to a boil.');
INSERT INTO step(recipe_id, step_order, details) VALUES (72, 13, 'Combine the cooked meat with the vegetables in the baking dish.');
INSERT INTO step(recipe_id, step_order, details) VALUES (72, 14, 'Drain the pasta and set aside.');
INSERT INTO step(recipe_id, step_order, details) VALUES (73, 1, 'Add a pinch of salt to the boiling water.');
INSERT INTO step(recipe_id, step_order, details) VALUES (73, 2, 'Preheat the oven to 400°F (200°C).');
INSERT INTO step(recipe_id, step_order, details) VALUES (73, 3, 'Serve the skewers with a side of rice or salad.');
INSERT INTO step(recipe_id, step_order, details) VALUES (73, 4, 'Garnish with fresh herbs and serve warm."');
INSERT INTO step(recipe_id, step_order, details) VALUES (73, 5, 'Marinate the meat with your choice of marinade for at least 30 minutes.');
INSERT INTO step(recipe_id, step_order, details) VALUES (73, 6, 'Marinate the meat with your choice of marinade for at least 30 minutes.');
INSERT INTO step(recipe_id, step_order, details) VALUES (73, 7, 'Serve hot, garnished with fresh herbs or a dollop of yogurt if desired."');
INSERT INTO step(recipe_id, step_order, details) VALUES (73, 8, 'Cook the pasta according to the package instructions until al dente.');
INSERT INTO step(recipe_id, step_order, details) VALUES (73, 9, 'Serve the skewers with a side of rice or salad.');
INSERT INTO step(recipe_id, step_order, details) VALUES (73, 10, 'In a large pot, heat the olive oil over medium heat.');
INSERT INTO step(recipe_id, step_order, details) VALUES (73, 11, 'Remove the potato wedges from the oven and let cool slightly before serving.');
INSERT INTO step(recipe_id, step_order, details) VALUES (74, 1, 'Garnish with fresh herbs and serve warm."');
INSERT INTO step(recipe_id, step_order, details) VALUES (74, 2, 'Season the meat with salt, pepper, and your favorite spices.');
INSERT INTO step(recipe_id, step_order, details) VALUES (74, 3, 'Bring the mixture to a boil, then reduce the heat and let it simmer for 25-30 minutes, or until the lentils are tender.');
INSERT INTO step(recipe_id, step_order, details) VALUES (74, 4, 'Chop the vegetables into bite-sized pieces.');
INSERT INTO step(recipe_id, step_order, details) VALUES (74, 5, 'Rinse and drain the lentils.');
INSERT INTO step(recipe_id, step_order, details) VALUES (74, 6, 'Preheat the grill to medium-high heat.');
INSERT INTO step(recipe_id, step_order, details) VALUES (74, 7, 'Allow to cool in the pan for 10 minutes before transferring to a wire rack to cool completely.');
INSERT INTO step(recipe_id, step_order, details) VALUES (74, 8, 'Stir in the lentils, tomatoes, and vegetable broth.');
INSERT INTO step(recipe_id, step_order, details) VALUES (74, 9, 'Remove the skewers from the grill and let rest for a few minutes before serving.');
INSERT INTO step(recipe_id, step_order, details) VALUES (74, 10, 'Cook the pasta according to the package instructions until al dente.');
INSERT INTO step(recipe_id, step_order, details) VALUES (74, 11, 'Remove the foil and bake for an additional 5-10 minutes to allow the top to brown slightly.');
INSERT INTO step(recipe_id, step_order, details) VALUES (75, 1, 'Rinse and drain the lentils.');
INSERT INTO step(recipe_id, step_order, details) VALUES (75, 2, 'Drain the pasta and set aside.');
INSERT INTO step(recipe_id, step_order, details) VALUES (75, 3, 'Combine the cooked meat with the vegetables in the baking dish.');
INSERT INTO step(recipe_id, step_order, details) VALUES (75, 4, 'Marinate the meat with your choice of marinade for at least 30 minutes.');
INSERT INTO step(recipe_id, step_order, details) VALUES (75, 5, 'Add the chopped vegetables to the skillet and cook for an additional 5-7 minutes.');
INSERT INTO step(recipe_id, step_order, details) VALUES (75, 6, 'Bring the mixture to a simmer and cook until thickened, about 3-5 minutes.');
INSERT INTO step(recipe_id, step_order, details) VALUES (76, 1, 'Garnish with fresh herbs and serve warm."');
INSERT INTO step(recipe_id, step_order, details) VALUES (76, 2, 'Remove from the oven and let it rest for a few minutes before serving.');
INSERT INTO step(recipe_id, step_order, details) VALUES (76, 3, 'Add the diced onions, carrots, and celery, and cook until the onions are translucent, about 5 minutes.');
INSERT INTO step(recipe_id, step_order, details) VALUES (76, 4, 'Bring the mixture to a simmer and cook until thickened, about 3-5 minutes.');
INSERT INTO step(recipe_id, step_order, details) VALUES (76, 5, 'Place the skewers on the preheated grill.');
INSERT INTO step(recipe_id, step_order, details) VALUES (76, 6, 'In a large pot, heat the olive oil over medium heat.');
INSERT INTO step(recipe_id, step_order, details) VALUES (77, 1, 'Chop the vegetables into bite-sized pieces.');
INSERT INTO step(recipe_id, step_order, details) VALUES (77, 2, 'Pour the sauce or broth over the meat and vegetables.');
INSERT INTO step(recipe_id, step_order, details) VALUES (77, 3, 'Bake in the preheated oven for 20-25 minutes, turning once halfway through, until the potatoes are golden brown and crispy.');
INSERT INTO step(recipe_id, step_order, details) VALUES (77, 4, 'In a large bowl, mix together the flour, sugar, baking powder, and salt.');
INSERT INTO step(recipe_id, step_order, details) VALUES (77, 5, 'Preheat the oven to 375°F (190°C).');
INSERT INTO step(recipe_id, step_order, details) VALUES (77, 6, 'Gradually whisk in the milk, stirring continuously to avoid lumps.');
INSERT INTO step(recipe_id, step_order, details) VALUES (77, 7, 'Season with salt and pepper to taste.');
INSERT INTO step(recipe_id, step_order, details) VALUES (77, 8, 'Combine the cooked meat with the vegetables in the baking dish.');
INSERT INTO step(recipe_id, step_order, details) VALUES (77, 9, 'In a large bowl, mix together the flour, sugar, baking powder, and salt.');
INSERT INTO step(recipe_id, step_order, details) VALUES (77, 10, 'Transfer the sautéed vegetables to a baking dish.');
INSERT INTO step(recipe_id, step_order, details) VALUES (77, 11, 'Grease and flour a baking pan.');
INSERT INTO step(recipe_id, step_order, details) VALUES (77, 12, 'Pour the wet ingredients into the dry ingredients and stir until just combined.');
INSERT INTO step(recipe_id, step_order, details) VALUES (77, 13, 'Preheat the oven to 350°F (175°C).');
INSERT INTO step(recipe_id, step_order, details) VALUES (78, 1, 'Heat a large skillet over medium heat and add olive oil.');
INSERT INTO step(recipe_id, step_order, details) VALUES (78, 2, 'Whisk in the flour to create a roux, cooking for 1-2 minutes.');
INSERT INTO step(recipe_id, step_order, details) VALUES (78, 3, 'Allow to cool in the pan for 10 minutes before transferring to a wire rack to cool completely.');
INSERT INTO step(recipe_id, step_order, details) VALUES (78, 4, 'Whisk in the flour to create a roux, cooking for 1-2 minutes.');
INSERT INTO step(recipe_id, step_order, details) VALUES (78, 5, 'In a large bowl, toss the potato wedges with olive oil, salt, pepper, and any desired seasonings.');
INSERT INTO step(recipe_id, step_order, details) VALUES (78, 6, 'Marinate the meat with your choice of marinade for at least 30 minutes.');
INSERT INTO step(recipe_id, step_order, details) VALUES (78, 7, 'Spread the potato wedges in a single layer on a baking sheet.');
INSERT INTO step(recipe_id, step_order, details) VALUES (78, 8, 'Bring the mixture to a simmer and cook until thickened, about 3-5 minutes.');
INSERT INTO step(recipe_id, step_order, details) VALUES (78, 9, 'Cook the pasta according to the package instructions until al dente.');
INSERT INTO step(recipe_id, step_order, details) VALUES (78, 10, 'Serve the skewers with a side of rice or salad.');
INSERT INTO step(recipe_id, step_order, details) VALUES (78, 11, 'Rinse and drain the lentils.');
INSERT INTO step(recipe_id, step_order, details) VALUES (78, 12, 'Bake in the preheated oven for 20-25 minutes, turning once halfway through, until the potatoes are golden brown and crispy.');
INSERT INTO step(recipe_id, step_order, details) VALUES (78, 13, 'Transfer the sautéed vegetables to a baking dish.');
INSERT INTO step(recipe_id, step_order, details) VALUES (79, 1, 'Serve the potato wedges with the dipping sauce on the side."');
INSERT INTO step(recipe_id, step_order, details) VALUES (79, 2, 'Heat a large skillet over medium heat and add olive oil.');
INSERT INTO step(recipe_id, step_order, details) VALUES (79, 3, 'In a large bowl, toss the potato wedges with olive oil, salt, pepper, and any desired seasonings.');
INSERT INTO step(recipe_id, step_order, details) VALUES (79, 4, 'Bring a large pot of water to a boil.');
INSERT INTO step(recipe_id, step_order, details) VALUES (79, 5, 'Grease and flour a baking pan.');
INSERT INTO step(recipe_id, step_order, details) VALUES (79, 6, 'In the same skillet, cook the meat until browned on all sides.');
INSERT INTO step(recipe_id, step_order, details) VALUES (79, 7, 'Combine the cooked meat with the vegetables in the baking dish.');
INSERT INTO step(recipe_id, step_order, details) VALUES (79, 8, 'Add the chopped vegetables to the skillet and cook for an additional 5-7 minutes.');
INSERT INTO step(recipe_id, step_order, details) VALUES (79, 9, 'Combine the cooked meat with the vegetables in the baking dish.');
INSERT INTO step(recipe_id, step_order, details) VALUES (79, 10, 'Season with salt and pepper to taste.');
INSERT INTO step(recipe_id, step_order, details) VALUES (79, 11, 'Pour the sauce or broth over the meat and vegetables.');
INSERT INTO step(recipe_id, step_order, details) VALUES (79, 12, 'In a large pot, heat the olive oil over medium heat.');
INSERT INTO step(recipe_id, step_order, details) VALUES (80, 1, 'Rinse and drain the lentils.');
INSERT INTO step(recipe_id, step_order, details) VALUES (80, 2, 'Transfer the sautéed vegetables to a baking dish.');
INSERT INTO step(recipe_id, step_order, details) VALUES (80, 3, 'Add the chopped vegetables to the skillet and cook for an additional 5-7 minutes.');
INSERT INTO step(recipe_id, step_order, details) VALUES (80, 4, 'In the same skillet, cook the meat until browned on all sides.');
INSERT INTO step(recipe_id, step_order, details) VALUES (80, 5, 'Cook the pasta according to the package instructions until al dente.');
INSERT INTO step(recipe_id, step_order, details) VALUES (80, 6, 'Add the chopped vegetables to the skillet and cook for an additional 5-7 minutes.');
INSERT INTO step(recipe_id, step_order, details) VALUES (80, 7, 'Grease and flour a baking pan.');
INSERT INTO step(recipe_id, step_order, details) VALUES (80, 8, 'Cook the pasta according to the package instructions until al dente.');
INSERT INTO step(recipe_id, step_order, details) VALUES (80, 9, 'Spread the potato wedges in a single layer on a baking sheet.');
INSERT INTO step(recipe_id, step_order, details) VALUES (80, 10, 'Grill the skewers for 10-15 minutes, turning occasionally, until the meat is cooked through and the vegetables are tender.');
INSERT INTO step(recipe_id, step_order, details) VALUES (81, 1, 'Allow to cool in the pan for 10 minutes before transferring to a wire rack to cool completely.');
INSERT INTO step(recipe_id, step_order, details) VALUES (81, 2, 'Season with salt and pepper to taste.');
INSERT INTO step(recipe_id, step_order, details) VALUES (81, 3, 'Season the meat with salt, pepper, and your favorite spices.');
INSERT INTO step(recipe_id, step_order, details) VALUES (81, 4, 'Stir in the lentils, tomatoes, and vegetable broth.');
INSERT INTO step(recipe_id, step_order, details) VALUES (81, 5, 'Rinse and drain the lentils.');
INSERT INTO step(recipe_id, step_order, details) VALUES (81, 6, 'Grease and flour a baking pan.');
INSERT INTO step(recipe_id, step_order, details) VALUES (81, 7, 'Thread the marinated meat and vegetables onto skewers.');
INSERT INTO step(recipe_id, step_order, details) VALUES (81, 8, 'Heat a large skillet over medium heat and add olive oil.');
INSERT INTO step(recipe_id, step_order, details) VALUES (81, 9, 'Remove the skewers from the grill and let rest for a few minutes before serving.');
INSERT INTO step(recipe_id, step_order, details) VALUES (81, 10, 'Bring the mixture to a simmer and cook until thickened, about 3-5 minutes.');
INSERT INTO step(recipe_id, step_order, details) VALUES (81, 11, 'Season the meat with salt, pepper, and your favorite spices.');
INSERT INTO step(recipe_id, step_order, details) VALUES (82, 1, 'Sauté the onions and garlic until they become translucent, about 3-5 minutes.');
INSERT INTO step(recipe_id, step_order, details) VALUES (82, 2, 'Grease and flour a baking pan.');
INSERT INTO step(recipe_id, step_order, details) VALUES (82, 3, 'Serve the potato wedges with the dipping sauce on the side."');
INSERT INTO step(recipe_id, step_order, details) VALUES (82, 4, 'Add the diced onions, carrots, and celery, and cook until the onions are translucent, about 5 minutes.');
INSERT INTO step(recipe_id, step_order, details) VALUES (82, 5, 'Preheat the oven to 350°F (175°C).');
INSERT INTO step(recipe_id, step_order, details) VALUES (82, 6, 'Stir in the lentils, tomatoes, and vegetable broth.');
INSERT INTO step(recipe_id, step_order, details) VALUES (82, 7, 'In a large pot, heat the olive oil over medium heat.');
INSERT INTO step(recipe_id, step_order, details) VALUES (82, 8, 'Remove from the oven and let it rest for a few minutes before serving.');
INSERT INTO step(recipe_id, step_order, details) VALUES (83, 1, 'Fold in any additional ingredients like chocolate chips or nuts.');
INSERT INTO step(recipe_id, step_order, details) VALUES (83, 2, 'Season with salt and pepper to taste.');
INSERT INTO step(recipe_id, step_order, details) VALUES (83, 3, 'Whisk in the flour to create a roux, cooking for 1-2 minutes.');
INSERT INTO step(recipe_id, step_order, details) VALUES (83, 4, 'Bring the mixture to a simmer and cook until thickened, about 3-5 minutes.');
INSERT INTO step(recipe_id, step_order, details) VALUES (83, 5, 'Remove the foil and bake for an additional 5-10 minutes to allow the top to brown slightly.');
INSERT INTO step(recipe_id, step_order, details) VALUES (83, 6, 'Serve immediately, garnished with extra cheese and fresh herbs if desired."');
INSERT INTO step(recipe_id, step_order, details) VALUES (83, 7, 'Add the minced garlic and cook for another minute.');
INSERT INTO step(recipe_id, step_order, details) VALUES (83, 8, 'In the same skillet, cook the meat until browned on all sides.');
INSERT INTO step(recipe_id, step_order, details) VALUES (83, 9, 'Season the meat with salt, pepper, and your favorite spices.');
INSERT INTO step(recipe_id, step_order, details) VALUES (83, 10, 'In a large bowl, toss the potato wedges with olive oil, salt, pepper, and any desired seasonings.');
INSERT INTO step(recipe_id, step_order, details) VALUES (83, 11, 'Fold in any additional ingredients like chocolate chips or nuts.');
INSERT INTO step(recipe_id, step_order, details) VALUES (83, 12, 'Pour the sauce or broth over the meat and vegetables.');
INSERT INTO step(recipe_id, step_order, details) VALUES (84, 1, 'Once cooled, cut into squares and serve.');
INSERT INTO step(recipe_id, step_order, details) VALUES (84, 2, 'Preheat the oven to 350°F (175°C).');
INSERT INTO step(recipe_id, step_order, details) VALUES (84, 3, 'Preheat the oven to 375°F (190°C).');
INSERT INTO step(recipe_id, step_order, details) VALUES (84, 4, 'Add the chopped vegetables to the skillet and cook for an additional 5-7 minutes.');
INSERT INTO step(recipe_id, step_order, details) VALUES (84, 5, 'Remove the bay leaf and discard.');
INSERT INTO step(recipe_id, step_order, details) VALUES (84, 6, 'Bake in the preheated oven for 25-30 minutes, or until a toothpick inserted into the center comes out clean.');
INSERT INTO step(recipe_id, step_order, details) VALUES (84, 7, 'Add the chopped vegetables to the skillet and cook for an additional 5-7 minutes.');
INSERT INTO step(recipe_id, step_order, details) VALUES (84, 8, 'Remove from the oven and let it rest for a few minutes before serving.');
INSERT INTO step(recipe_id, step_order, details) VALUES (84, 9, 'Garnish with fresh herbs and serve warm."');
INSERT INTO step(recipe_id, step_order, details) VALUES (84, 10, 'In a large pot, heat the olive oil over medium heat.');
INSERT INTO step(recipe_id, step_order, details) VALUES (84, 11, 'Marinate the meat with your choice of marinade for at least 30 minutes.');
INSERT INTO step(recipe_id, step_order, details) VALUES (84, 12, 'Remove the foil and bake for an additional 5-10 minutes to allow the top to brown slightly.');
INSERT INTO step(recipe_id, step_order, details) VALUES (85, 1, 'Grease and flour a baking pan.');
INSERT INTO step(recipe_id, step_order, details) VALUES (85, 2, 'Serve hot, garnished with fresh herbs or a dollop of yogurt if desired."');
INSERT INTO step(recipe_id, step_order, details) VALUES (85, 3, 'Bring a large pot of water to a boil.');
INSERT INTO step(recipe_id, step_order, details) VALUES (85, 4, 'Cut the potatoes into wedges.');
INSERT INTO step(recipe_id, step_order, details) VALUES (85, 5, 'Heat a large skillet over medium heat and add olive oil.');
INSERT INTO step(recipe_id, step_order, details) VALUES (85, 6, 'Grill the skewers for 10-15 minutes, turning occasionally, until the meat is cooked through and the vegetables are tender.');
INSERT INTO step(recipe_id, step_order, details) VALUES (85, 7, 'Heat a large skillet over medium heat and add olive oil.');
INSERT INTO step(recipe_id, step_order, details) VALUES (85, 8, 'Allow to cool in the pan for 10 minutes before transferring to a wire rack to cool completely.');
INSERT INTO step(recipe_id, step_order, details) VALUES (85, 9, 'Allow to cool in the pan for 10 minutes before transferring to a wire rack to cool completely.');
INSERT INTO step(recipe_id, step_order, details) VALUES (86, 1, 'Preheat the grill to medium-high heat.');
INSERT INTO step(recipe_id, step_order, details) VALUES (86, 2, 'In a large bowl, mix together the flour, sugar, baking powder, and salt.');
INSERT INTO step(recipe_id, step_order, details) VALUES (86, 3, 'Allow to cool in the pan for 10 minutes before transferring to a wire rack to cool completely.');
INSERT INTO step(recipe_id, step_order, details) VALUES (86, 4, 'Pour the batter into the prepared baking pan.');
INSERT INTO step(recipe_id, step_order, details) VALUES (86, 5, 'Bring the mixture to a simmer and cook until thickened, about 3-5 minutes.');
INSERT INTO step(recipe_id, step_order, details) VALUES (86, 6, 'Add a pinch of salt to the boiling water.');
INSERT INTO step(recipe_id, step_order, details) VALUES (86, 7, 'In another bowl, whisk together the eggs, milk, and melted butter.');
INSERT INTO step(recipe_id, step_order, details) VALUES (86, 8, 'Chop the vegetables into bite-sized pieces.');
INSERT INTO step(recipe_id, step_order, details) VALUES (86, 9, 'Combine the cooked meat with the vegetables in the baking dish.');
INSERT INTO step(recipe_id, step_order, details) VALUES (86, 10, 'In a medium saucepan, melt the butter over medium heat.');
INSERT INTO step(recipe_id, step_order, details) VALUES (86, 11, 'Bake in the preheated oven for 25-30 minutes, or until the meat is cooked through and the vegetables are tender.');
INSERT INTO step(recipe_id, step_order, details) VALUES (86, 12, 'In a large bowl, toss the potato wedges with olive oil, salt, pepper, and any desired seasonings.');
INSERT INTO step(recipe_id, step_order, details) VALUES (87, 1, 'Grill the skewers for 10-15 minutes, turning occasionally, until the meat is cooked through and the vegetables are tender.');
INSERT INTO step(recipe_id, step_order, details) VALUES (87, 2, 'Chop the vegetables into bite-sized pieces.');
INSERT INTO step(recipe_id, step_order, details) VALUES (87, 3, 'In a large bowl, toss the potato wedges with olive oil, salt, pepper, and any desired seasonings.');
INSERT INTO step(recipe_id, step_order, details) VALUES (87, 4, 'While the potatoes are baking, prepare your dipping sauce by mixing mayonnaise, ketchup, and a dash of hot sauce.');
INSERT INTO step(recipe_id, step_order, details) VALUES (87, 5, 'Add the cooked pasta to the cheese sauce and mix until well combined.');
INSERT INTO step(recipe_id, step_order, details) VALUES (87, 6, 'Season with salt and pepper to taste.');
INSERT INTO step(recipe_id, step_order, details) VALUES (87, 7, 'Pour the sauce or broth over the meat and vegetables.');
INSERT INTO step(recipe_id, step_order, details) VALUES (87, 8, 'Marinate the meat with your choice of marinade for at least 30 minutes.');
INSERT INTO step(recipe_id, step_order, details) VALUES (87, 9, 'Grill the skewers for 10-15 minutes, turning occasionally, until the meat is cooked through and the vegetables are tender.');
INSERT INTO step(recipe_id, step_order, details) VALUES (88, 1, 'Thread the marinated meat and vegetables onto skewers.');
INSERT INTO step(recipe_id, step_order, details) VALUES (88, 2, 'Spread the potato wedges in a single layer on a baking sheet.');
INSERT INTO step(recipe_id, step_order, details) VALUES (88, 3, 'Pour the batter into the prepared baking pan.');
INSERT INTO step(recipe_id, step_order, details) VALUES (88, 4, 'Sauté the onions and garlic until they become translucent, about 3-5 minutes.');
INSERT INTO step(recipe_id, step_order, details) VALUES (88, 5, 'Pour the batter into the prepared baking pan.');
INSERT INTO step(recipe_id, step_order, details) VALUES (88, 6, 'Add the minced garlic and cook for another minute.');
INSERT INTO step(recipe_id, step_order, details) VALUES (88, 7, 'Grease and flour a baking pan.');
INSERT INTO step(recipe_id, step_order, details) VALUES (88, 8, 'In a large pot, heat the olive oil over medium heat.');
INSERT INTO step(recipe_id, step_order, details) VALUES (88, 9, 'Remove from the oven and let it rest for a few minutes before serving.');
INSERT INTO step(recipe_id, step_order, details) VALUES (88, 10, 'Chop the vegetables into bite-sized pieces.');
INSERT INTO step(recipe_id, step_order, details) VALUES (88, 11, 'Sauté the onions and garlic until they become translucent, about 3-5 minutes.');
INSERT INTO step(recipe_id, step_order, details) VALUES (88, 12, 'Grill the skewers for 10-15 minutes, turning occasionally, until the meat is cooked through and the vegetables are tender.');
INSERT INTO step(recipe_id, step_order, details) VALUES (89, 1, 'Add the diced onions, carrots, and celery, and cook until the onions are translucent, about 5 minutes.');
INSERT INTO step(recipe_id, step_order, details) VALUES (89, 2, 'Bake in the preheated oven for 25-30 minutes, or until the meat is cooked through and the vegetables are tender.');
INSERT INTO step(recipe_id, step_order, details) VALUES (89, 3, 'Serve hot, garnished with fresh herbs or a dollop of yogurt if desired."');
INSERT INTO step(recipe_id, step_order, details) VALUES (89, 4, 'Marinate the meat with your choice of marinade for at least 30 minutes.');
INSERT INTO step(recipe_id, step_order, details) VALUES (89, 5, 'Add a pinch of salt to the boiling water.');
INSERT INTO step(recipe_id, step_order, details) VALUES (89, 6, 'Heat a large skillet over medium heat and add olive oil.');
INSERT INTO step(recipe_id, step_order, details) VALUES (89, 7, 'Pour the wet ingredients into the dry ingredients and stir until just combined.');
INSERT INTO step(recipe_id, step_order, details) VALUES (89, 8, 'Thread the marinated meat and vegetables onto skewers.');
INSERT INTO step(recipe_id, step_order, details) VALUES (89, 9, 'Season the meat with salt, pepper, and your favorite spices.');
INSERT INTO step(recipe_id, step_order, details) VALUES (89, 10, 'Cook the pasta according to the package instructions until al dente.');
INSERT INTO step(recipe_id, step_order, details) VALUES (89, 11, 'Serve the potato wedges with the dipping sauce on the side."');
INSERT INTO step(recipe_id, step_order, details) VALUES (90, 1, 'Remove from the oven and let it rest for a few minutes before serving.');
INSERT INTO step(recipe_id, step_order, details) VALUES (90, 2, 'Bake in the preheated oven for 25-30 minutes, or until a toothpick inserted into the center comes out clean.');
INSERT INTO step(recipe_id, step_order, details) VALUES (90, 3, 'Add the diced onions, carrots, and celery, and cook until the onions are translucent, about 5 minutes.');
INSERT INTO step(recipe_id, step_order, details) VALUES (90, 4, 'In a medium saucepan, melt the butter over medium heat.');
INSERT INTO step(recipe_id, step_order, details) VALUES (90, 5, 'Fold in any additional ingredients like chocolate chips or nuts.');
INSERT INTO step(recipe_id, step_order, details) VALUES (90, 6, 'Add the bay leaf, thyme, salt, and pepper.');
INSERT INTO step(recipe_id, step_order, details) VALUES (90, 7, 'Heat a large skillet over medium heat and add olive oil.');
INSERT INTO step(recipe_id, step_order, details) VALUES (90, 8, 'Add the bay leaf, thyme, salt, and pepper.');
INSERT INTO step(recipe_id, step_order, details) VALUES (90, 9, 'Whisk in the flour to create a roux, cooking for 1-2 minutes.');
INSERT INTO step(recipe_id, step_order, details) VALUES (91, 1, 'Cook the pasta according to the package instructions until al dente.');
INSERT INTO step(recipe_id, step_order, details) VALUES (91, 2, 'Serve hot, garnished with fresh herbs or a dollop of yogurt if desired."');
INSERT INTO step(recipe_id, step_order, details) VALUES (91, 3, 'In a large bowl, toss the potato wedges with olive oil, salt, pepper, and any desired seasonings.');
INSERT INTO step(recipe_id, step_order, details) VALUES (91, 4, 'Bake in the preheated oven for 20-25 minutes, turning once halfway through, until the potatoes are golden brown and crispy.');
INSERT INTO step(recipe_id, step_order, details) VALUES (91, 5, 'Serve the skewers with a side of rice or salad.');
INSERT INTO step(recipe_id, step_order, details) VALUES (91, 6, 'Bring the mixture to a boil, then reduce the heat and let it simmer for 25-30 minutes, or until the lentils are tender.');
INSERT INTO step(recipe_id, step_order, details) VALUES (91, 7, 'Bake in the preheated oven for 25-30 minutes, or until a toothpick inserted into the center comes out clean.');
INSERT INTO step(recipe_id, step_order, details) VALUES (91, 8, 'Add the bay leaf, thyme, salt, and pepper.');
INSERT INTO step(recipe_id, step_order, details) VALUES (91, 9, 'Pour the sauce or broth over the meat and vegetables.');
INSERT INTO step(recipe_id, step_order, details) VALUES (91, 10, 'Fold in any additional ingredients like chocolate chips or nuts.');
INSERT INTO step(recipe_id, step_order, details) VALUES (91, 11, 'Pour the batter into the prepared baking pan.');
INSERT INTO step(recipe_id, step_order, details) VALUES (91, 12, 'Serve immediately, garnished with extra cheese and fresh herbs if desired."');
INSERT INTO step(recipe_id, step_order, details) VALUES (92, 1, 'Drain the pasta and set aside.');
INSERT INTO step(recipe_id, step_order, details) VALUES (92, 2, 'Thread the marinated meat and vegetables onto skewers.');
INSERT INTO step(recipe_id, step_order, details) VALUES (92, 3, 'Add the diced onions, carrots, and celery, and cook until the onions are translucent, about 5 minutes.');
INSERT INTO step(recipe_id, step_order, details) VALUES (92, 4, 'Serve the potato wedges with the dipping sauce on the side."');
INSERT INTO step(recipe_id, step_order, details) VALUES (92, 5, 'Chop the vegetables into bite-sized pieces.');
INSERT INTO step(recipe_id, step_order, details) VALUES (92, 6, 'Season the meat with salt, pepper, and your favorite spices.');
INSERT INTO step(recipe_id, step_order, details) VALUES (92, 7, 'In a large bowl, toss the potato wedges with olive oil, salt, pepper, and any desired seasonings.');
INSERT INTO step(recipe_id, step_order, details) VALUES (92, 8, 'Stir in the grated cheese until melted and smooth.');
INSERT INTO step(recipe_id, step_order, details) VALUES (92, 9, 'Add the cooked pasta to the cheese sauce and mix until well combined.');
INSERT INTO step(recipe_id, step_order, details) VALUES (92, 10, 'Remove the foil and bake for an additional 5-10 minutes to allow the top to brown slightly.');
INSERT INTO step(recipe_id, step_order, details) VALUES (92, 11, 'Pour the batter into the prepared baking pan.');
INSERT INTO step(recipe_id, step_order, details) VALUES (93, 1, 'Cook the pasta according to the package instructions until al dente.');
INSERT INTO step(recipe_id, step_order, details) VALUES (93, 2, 'Garnish with fresh herbs and serve warm."');
INSERT INTO step(recipe_id, step_order, details) VALUES (93, 3, 'Remove the potato wedges from the oven and let cool slightly before serving.');
INSERT INTO step(recipe_id, step_order, details) VALUES (93, 4, 'Remove the bay leaf and discard.');
INSERT INTO step(recipe_id, step_order, details) VALUES (93, 5, 'Remove the bay leaf and discard.');
INSERT INTO step(recipe_id, step_order, details) VALUES (93, 6, 'Serve immediately, garnished with extra cheese and fresh herbs if desired."');
INSERT INTO step(recipe_id, step_order, details) VALUES (93, 7, 'Remove the foil and bake for an additional 5-10 minutes to allow the top to brown slightly.');
INSERT INTO step(recipe_id, step_order, details) VALUES (93, 8, 'Garnish with fresh herbs and serve warm."');
INSERT INTO step(recipe_id, step_order, details) VALUES (93, 9, 'Remove the bay leaf and discard.');
INSERT INTO step(recipe_id, step_order, details) VALUES (93, 10, 'Serve immediately, garnished with extra cheese and fresh herbs if desired."');
INSERT INTO step(recipe_id, step_order, details) VALUES (94, 1, 'Add the bay leaf, thyme, salt, and pepper.');
INSERT INTO step(recipe_id, step_order, details) VALUES (94, 2, 'Serve the potato wedges with the dipping sauce on the side."');
INSERT INTO step(recipe_id, step_order, details) VALUES (94, 3, 'Serve hot, garnished with fresh herbs or a dollop of yogurt if desired."');
INSERT INTO step(recipe_id, step_order, details) VALUES (94, 4, 'Bake in the preheated oven for 25-30 minutes, or until the meat is cooked through and the vegetables are tender.');
INSERT INTO step(recipe_id, step_order, details) VALUES (94, 5, 'Remove the skewers from the grill and let rest for a few minutes before serving.');
INSERT INTO step(recipe_id, step_order, details) VALUES (94, 6, 'Preheat the oven to 375°F (190°C).');
INSERT INTO step(recipe_id, step_order, details) VALUES (94, 7, 'In a large bowl, toss the potato wedges with olive oil, salt, pepper, and any desired seasonings.');
INSERT INTO step(recipe_id, step_order, details) VALUES (94, 8, 'Combine the cooked meat with the vegetables in the baking dish.');
INSERT INTO step(recipe_id, step_order, details) VALUES (94, 9, 'Remove from the oven and let it rest for a few minutes before serving.');
INSERT INTO step(recipe_id, step_order, details) VALUES (94, 10, 'Season the meat with salt, pepper, and your favorite spices.');
INSERT INTO step(recipe_id, step_order, details) VALUES (94, 11, 'Sauté the onions and garlic until they become translucent, about 3-5 minutes.');
INSERT INTO step(recipe_id, step_order, details) VALUES (94, 12, 'Serve immediately, garnished with extra cheese and fresh herbs if desired."');
INSERT INTO step(recipe_id, step_order, details) VALUES (95, 1, 'In a large bowl, toss the potato wedges with olive oil, salt, pepper, and any desired seasonings.');
INSERT INTO step(recipe_id, step_order, details) VALUES (95, 2, 'In the same skillet, cook the meat until browned on all sides.');
INSERT INTO step(recipe_id, step_order, details) VALUES (95, 3, 'Drain the pasta and set aside.');
INSERT INTO step(recipe_id, step_order, details) VALUES (95, 4, 'Grease and flour a baking pan.');
INSERT INTO step(recipe_id, step_order, details) VALUES (95, 5, 'Marinate the meat with your choice of marinade for at least 30 minutes.');
INSERT INTO step(recipe_id, step_order, details) VALUES (95, 6, 'In a large pot, heat the olive oil over medium heat.');
INSERT INTO step(recipe_id, step_order, details) VALUES (96, 1, 'Remove the bay leaf and discard.');
INSERT INTO step(recipe_id, step_order, details) VALUES (96, 2, 'Use an immersion blender to puree the soup to your desired consistency.');
INSERT INTO step(recipe_id, step_order, details) VALUES (96, 3, 'Cover the baking dish with aluminum foil.');
INSERT INTO step(recipe_id, step_order, details) VALUES (96, 4, 'Once cooled, cut into squares and serve.');
INSERT INTO step(recipe_id, step_order, details) VALUES (96, 5, 'Pour the sauce or broth over the meat and vegetables.');
INSERT INTO step(recipe_id, step_order, details) VALUES (96, 6, 'Use an immersion blender to puree the soup to your desired consistency.');
INSERT INTO step(recipe_id, step_order, details) VALUES (96, 7, 'Pour the wet ingredients into the dry ingredients and stir until just combined.');
INSERT INTO step(recipe_id, step_order, details) VALUES (97, 1, 'Rinse and drain the lentils.');
INSERT INTO step(recipe_id, step_order, details) VALUES (97, 2, 'Thread the marinated meat and vegetables onto skewers.');
INSERT INTO step(recipe_id, step_order, details) VALUES (97, 3, 'Grease and flour a baking pan.');
INSERT INTO step(recipe_id, step_order, details) VALUES (97, 4, 'Remove the bay leaf and discard.');
INSERT INTO step(recipe_id, step_order, details) VALUES (97, 5, 'Add the chopped vegetables to the skillet and cook for an additional 5-7 minutes.');
INSERT INTO step(recipe_id, step_order, details) VALUES (97, 6, 'Serve immediately, garnished with extra cheese and fresh herbs if desired."');
INSERT INTO step(recipe_id, step_order, details) VALUES (97, 7, 'Remove the foil and bake for an additional 5-10 minutes to allow the top to brown slightly.');
INSERT INTO step(recipe_id, step_order, details) VALUES (98, 1, 'Add a pinch of salt to the boiling water.');
INSERT INTO step(recipe_id, step_order, details) VALUES (98, 2, 'Remove the bay leaf and discard.');
INSERT INTO step(recipe_id, step_order, details) VALUES (98, 3, 'Remove the potato wedges from the oven and let cool slightly before serving.');
INSERT INTO step(recipe_id, step_order, details) VALUES (98, 4, 'Pour the batter into the prepared baking pan.');
INSERT INTO step(recipe_id, step_order, details) VALUES (98, 5, 'Bake in the preheated oven for 20-25 minutes, turning once halfway through, until the potatoes are golden brown and crispy.');
INSERT INTO step(recipe_id, step_order, details) VALUES (98, 6, 'In a large pot, heat the olive oil over medium heat.');
INSERT INTO step(recipe_id, step_order, details) VALUES (98, 7, 'Grill the skewers for 10-15 minutes, turning occasionally, until the meat is cooked through and the vegetables are tender.');
INSERT INTO step(recipe_id, step_order, details) VALUES (98, 8, 'Season the meat with salt, pepper, and your favorite spices.');
INSERT INTO step(recipe_id, step_order, details) VALUES (98, 9, 'Add a pinch of salt to the boiling water.');
INSERT INTO step(recipe_id, step_order, details) VALUES (98, 10, 'Combine the cooked meat with the vegetables in the baking dish.');
INSERT INTO step(recipe_id, step_order, details) VALUES (98, 11, 'In a large bowl, toss the potato wedges with olive oil, salt, pepper, and any desired seasonings.');
INSERT INTO step(recipe_id, step_order, details) VALUES (98, 12, 'Heat a large skillet over medium heat and add olive oil.');
INSERT INTO step(recipe_id, step_order, details) VALUES (98, 13, 'Add the chopped vegetables to the skillet and cook for an additional 5-7 minutes.');
INSERT INTO step(recipe_id, step_order, details) VALUES (99, 1, 'Pour the batter into the prepared baking pan.');
INSERT INTO step(recipe_id, step_order, details) VALUES (99, 2, 'Use an immersion blender to puree the soup to your desired consistency.');
INSERT INTO step(recipe_id, step_order, details) VALUES (99, 3, 'Bring a large pot of water to a boil.');
INSERT INTO step(recipe_id, step_order, details) VALUES (99, 4, 'Bring the mixture to a simmer and cook until thickened, about 3-5 minutes.');
INSERT INTO step(recipe_id, step_order, details) VALUES (99, 5, 'In the same skillet, cook the meat until browned on all sides.');
INSERT INTO step(recipe_id, step_order, details) VALUES (99, 6, 'Pour the sauce or broth over the meat and vegetables.');
INSERT INTO step(recipe_id, step_order, details) VALUES (99, 7, 'Marinate the meat with your choice of marinade for at least 30 minutes.');
INSERT INTO step(recipe_id, step_order, details) VALUES (99, 8, 'Marinate the meat with your choice of marinade for at least 30 minutes.');
INSERT INTO step(recipe_id, step_order, details) VALUES (99, 9, 'In the same skillet, cook the meat until browned on all sides.');
INSERT INTO step(recipe_id, step_order, details) VALUES (99, 10, 'Pour the wet ingredients into the dry ingredients and stir until just combined.');
INSERT INTO step(recipe_id, step_order, details) VALUES (100, 1, 'Thread the marinated meat and vegetables onto skewers.');
INSERT INTO step(recipe_id, step_order, details) VALUES (100, 2, 'In a large pot, heat the olive oil over medium heat.');
INSERT INTO step(recipe_id, step_order, details) VALUES (100, 3, 'Add the bay leaf, thyme, salt, and pepper.');
INSERT INTO step(recipe_id, step_order, details) VALUES (100, 4, 'Bake in the preheated oven for 25-30 minutes, or until a toothpick inserted into the center comes out clean.');
INSERT INTO step(recipe_id, step_order, details) VALUES (100, 5, 'Place the skewers on the preheated grill.');
INSERT INTO step(recipe_id, step_order, details) VALUES (100, 6, 'Bring the mixture to a simmer and cook until thickened, about 3-5 minutes.');
INSERT INTO step(recipe_id, step_order, details) VALUES (100, 7, 'Stir in the grated cheese until melted and smooth.');
INSERT INTO step(recipe_id, step_order, details) VALUES (100, 8, 'Serve the potato wedges with the dipping sauce on the side."');

INSERT INTO episode(year, ep_num, picture, picture_description) VALUES (2019, 1, 'https://picsum.photos/665/305', 'Specific discuss bring week game task.');

INSERT INTO episode(year, ep_num, picture, picture_description) VALUES (2019, 2, 'https://dummyimage.com/783x852', 'Red believe arrive medical.');

INSERT INTO episode(year, ep_num, picture, picture_description) VALUES (2019, 3, 'https://picsum.photos/418/70', 'Major hour where capital then.');

INSERT INTO episode(year, ep_num, picture, picture_description) VALUES (2019, 4, 'https://dummyimage.com/867x590', 'Especially prove window author.');

INSERT INTO episode(year, ep_num, picture, picture_description) VALUES (2019, 5, 'https://placekitten.com/879/830', 'One prove issue pay.');

INSERT INTO episode(year, ep_num, picture, picture_description) VALUES (2019, 6, 'https://dummyimage.com/548x264', 'Hair important hundred usually front.');

INSERT INTO episode(year, ep_num, picture, picture_description) VALUES (2019, 7, 'https://dummyimage.com/754x165', 'Form hard central again.');

INSERT INTO episode(year, ep_num, picture, picture_description) VALUES (2019, 8, 'https://picsum.photos/606/986', 'Situation cause quite first position left.');

INSERT INTO episode(year, ep_num, picture, picture_description) VALUES (2019, 9, 'https://placekitten.com/540/893', 'Cultural green edge.');

INSERT INTO episode(year, ep_num, picture, picture_description) VALUES (2019, 10, 'https://dummyimage.com/927x818', 'Send important agent significant inside minute democratic admit.');

INSERT INTO episode(year, ep_num, picture, picture_description) VALUES (2020, 1, 'https://picsum.photos/517/198', 'Them need while candidate.');

INSERT INTO episode(year, ep_num, picture, picture_description) VALUES (2020, 2, 'https://dummyimage.com/14x673', 'Bag section true try natural arm conference.');

INSERT INTO episode(year, ep_num, picture, picture_description) VALUES (2020, 3, 'https://placekitten.com/904/6', 'Whether source protect positive.');

INSERT INTO episode(year, ep_num, picture, picture_description) VALUES (2020, 4, 'https://placekitten.com/106/61', 'A professional method sea power difficult play.');

INSERT INTO episode(year, ep_num, picture, picture_description) VALUES (2020, 5, 'https://picsum.photos/319/41', 'Meeting become indicate marriage.');

INSERT INTO episode(year, ep_num, picture, picture_description) VALUES (2020, 6, 'https://picsum.photos/673/771', 'Indicate almost east race.');

INSERT INTO episode(year, ep_num, picture, picture_description) VALUES (2020, 7, 'https://picsum.photos/789/482', 'Building clearly return campaign dark down.');

INSERT INTO episode(year, ep_num, picture, picture_description) VALUES (2020, 8, 'https://placekitten.com/848/983', 'Foot rest card simply third minute.');

INSERT INTO episode(year, ep_num, picture, picture_description) VALUES (2020, 9, 'https://picsum.photos/405/818', 'Lay finally late them meeting world.');

INSERT INTO episode(year, ep_num, picture, picture_description) VALUES (2020, 10, 'https://picsum.photos/206/748', 'Rock age meeting.');

INSERT INTO episode(year, ep_num, picture, picture_description) VALUES (2021, 1, 'https://dummyimage.com/512x277', 'Wear less citizen store push range financial.');

INSERT INTO episode(year, ep_num, picture, picture_description) VALUES (2021, 2, 'https://placekitten.com/813/276', 'Avoid system option professional agreement skill recognize.');

INSERT INTO episode(year, ep_num, picture, picture_description) VALUES (2021, 3, 'https://picsum.photos/962/316', 'Change determine human audience from.');

INSERT INTO episode(year, ep_num, picture, picture_description) VALUES (2021, 4, 'https://picsum.photos/359/521', 'Share degree as rock.');

INSERT INTO episode(year, ep_num, picture, picture_description) VALUES (2021, 5, 'https://dummyimage.com/274x847', 'Religious save beyond security study.');

INSERT INTO episode(year, ep_num, picture, picture_description) VALUES (2021, 6, 'https://placekitten.com/411/101', 'Very project occur forward move story.');

INSERT INTO episode(year, ep_num, picture, picture_description) VALUES (2021, 7, 'https://picsum.photos/547/12', 'Item better understand skill.');

INSERT INTO episode(year, ep_num, picture, picture_description) VALUES (2021, 8, 'https://picsum.photos/679/669', 'True finish discussion network.');

INSERT INTO episode(year, ep_num, picture, picture_description) VALUES (2021, 9, 'https://placekitten.com/803/113', 'Return know example rock.');

INSERT INTO episode(year, ep_num, picture, picture_description) VALUES (2021, 10, 'https://dummyimage.com/541x789', 'National rise others student black.');

INSERT INTO episode(year, ep_num, picture, picture_description) VALUES (2022, 1, 'https://placekitten.com/209/917', 'Suddenly none sell such.');

INSERT INTO episode(year, ep_num, picture, picture_description) VALUES (2022, 2, 'https://placekitten.com/220/521', 'Student thousand at care all.');

INSERT INTO episode(year, ep_num, picture, picture_description) VALUES (2022, 3, 'https://dummyimage.com/395x758', 'Win ok above very.');

INSERT INTO episode(year, ep_num, picture, picture_description) VALUES (2022, 4, 'https://dummyimage.com/298x326', 'Science many avoid century article.');

INSERT INTO episode(year, ep_num, picture, picture_description) VALUES (2022, 5, 'https://placekitten.com/857/348', 'Affect hard themselves meet class development cost.');

INSERT INTO episode(year, ep_num, picture, picture_description) VALUES (2022, 6, 'https://picsum.photos/270/370', 'Grow interest senior environment.');

INSERT INTO episode(year, ep_num, picture, picture_description) VALUES (2022, 7, 'https://dummyimage.com/481x787', 'I marriage like by interest.');

INSERT INTO episode(year, ep_num, picture, picture_description) VALUES (2022, 8, 'https://dummyimage.com/277x49', 'Live recognize stock play pressure hot.');

INSERT INTO episode(year, ep_num, picture, picture_description) VALUES (2022, 9, 'https://picsum.photos/225/105', 'Wife here hard country.');

INSERT INTO episode(year, ep_num, picture, picture_description) VALUES (2022, 10, 'https://placekitten.com/349/45', 'Add power information fly rise.');

INSERT INTO episode(year, ep_num, picture, picture_description) VALUES (2023, 1, 'https://dummyimage.com/528x402', 'Office nation tree card.');

INSERT INTO episode(year, ep_num, picture, picture_description) VALUES (2023, 2, 'https://placekitten.com/457/486', 'Live traditional step political picture.');

INSERT INTO episode(year, ep_num, picture, picture_description) VALUES (2023, 3, 'https://picsum.photos/11/101', 'Glass audience rise sing.');

INSERT INTO episode(year, ep_num, picture, picture_description) VALUES (2023, 4, 'https://picsum.photos/700/557', 'Option maintain guess force serve.');

INSERT INTO episode(year, ep_num, picture, picture_description) VALUES (2023, 5, 'https://placekitten.com/894/670', 'Instead particularly activity carry.');

INSERT INTO episode(year, ep_num, picture, picture_description) VALUES (2023, 6, 'https://placekitten.com/963/39', 'Class edge gas begin.');

INSERT INTO episode(year, ep_num, picture, picture_description) VALUES (2023, 7, 'https://dummyimage.com/39x997', 'Court century to into whole worker.');

INSERT INTO episode(year, ep_num, picture, picture_description) VALUES (2023, 8, 'https://dummyimage.com/223x975', 'Throw make class this.');

INSERT INTO episode(year, ep_num, picture, picture_description) VALUES (2023, 9, 'https://placekitten.com/857/310', 'Camera increase seem half explain.');

INSERT INTO episode(year, ep_num, picture, picture_description) VALUES (2023, 10, 'https://picsum.photos/171/45', 'War hospital couple usually ground score.');

INSERT INTO episode(year, ep_num, picture, picture_description) VALUES (2024, 1, 'https://placekitten.com/584/64', 'Group from religious.');

INSERT INTO episode(year, ep_num, picture, picture_description) VALUES (2024, 2, 'https://placekitten.com/830/533', 'People back fear type very between.');

INSERT INTO episode(year, ep_num, picture, picture_description) VALUES (2024, 3, 'https://placekitten.com/1006/545', 'Model perform fund friend myself.');

INSERT INTO episode(year, ep_num, picture, picture_description) VALUES (2024, 4, 'https://dummyimage.com/765x697', 'Benefit season institution save mother three radio.');

INSERT INTO episode(year, ep_num, picture, picture_description) VALUES (2024, 5, 'https://placekitten.com/489/205', 'Five happy whatever commercial responsibility.');

INSERT INTO episode(year, ep_num, picture, picture_description) VALUES (2024, 6, 'https://placekitten.com/361/978', 'Pattern national life institution.');

INSERT INTO episode(year, ep_num, picture, picture_description) VALUES (2024, 7, 'https://placekitten.com/263/242', 'Edge make oil Democrat myself trouble.');

INSERT INTO episode(year, ep_num, picture, picture_description) VALUES (2024, 8, 'https://dummyimage.com/538x400', 'Meet memory worry poor while movie.');

INSERT INTO episode(year, ep_num, picture, picture_description) VALUES (2024, 9, 'https://placekitten.com/784/727', 'Quickly serve cold.');

INSERT INTO episode(year, ep_num, picture, picture_description) VALUES (2024, 10, 'https://dummyimage.com/38x456', 'Resource shoulder put challenge fund goal.');



