INSERT INTO cuisine (title) VALUES ('Vanuatu');
INSERT INTO cuisine (title) VALUES ('North Macedonia');
INSERT INTO cuisine (title) VALUES ('Iceland');
INSERT INTO cuisine (title) VALUES ('Benin');
INSERT INTO cuisine (title) VALUES ('United Kingdom');
INSERT INTO cuisine (title) VALUES ('Rwanda');
INSERT INTO cuisine (title) VALUES ('Niger');
INSERT INTO cuisine (title) VALUES ('Portugal');
INSERT INTO cuisine (title) VALUES ('Sweden');
INSERT INTO cuisine (title) VALUES ('Uganda');
INSERT INTO cuisine (title) VALUES ('Central African Republic');
INSERT INTO cuisine (title) VALUES ('Northern Mariana Islands');
INSERT INTO cuisine (title) VALUES ('Solomon Islands');
INSERT INTO cuisine (title) VALUES ('Togo');
INSERT INTO cuisine (title) VALUES ('Cyprus');
INSERT INTO cuisine (title) VALUES ('Iraq');
INSERT INTO cuisine (title) VALUES ('Nicaragua');
INSERT INTO cuisine (title) VALUES ('Tanzania');
INSERT INTO cuisine (title) VALUES ('Congo');
INSERT INTO cuisine (title) VALUES ('Switzerland');
INSERT INTO cuisine (title) VALUES ('Lebanon');
INSERT INTO cuisine (title) VALUES ('Cocos (Keeling) Islands');
INSERT INTO cuisine (title) VALUES ('Mongolia');
INSERT INTO cuisine (title) VALUES ('Cuba');
INSERT INTO cuisine (title) VALUES ('Armenia');
INSERT INTO cuisine (title) VALUES ('Iran');
INSERT INTO cuisine (title) VALUES ('Wallis and Futuna');
INSERT INTO cuisine (title) VALUES ('Maldives');
INSERT INTO cuisine (title) VALUES ('Cayman Islands');
INSERT INTO cuisine (title) VALUES ('Hungary');
INSERT INTO cuisine (title) VALUES ('Guinea-Bissau');
INSERT INTO cuisine (title) VALUES ('British Virgin Islands');
INSERT INTO cuisine (title) VALUES ('Canada');
INSERT INTO cuisine (title) VALUES ('Egypt');
INSERT INTO cuisine (title) VALUES ('Saint Kitts and Nevis');
INSERT INTO cuisine (title) VALUES ('Suriname');
INSERT INTO cuisine (title) VALUES ('Ukraine');
INSERT INTO cuisine (title) VALUES ('Turks and Caicos Islands');
INSERT INTO cuisine (title) VALUES ('Monaco');
INSERT INTO cuisine (title) VALUES ('Tajikistan');
INSERT INTO cuisine (title) VALUES ('Saudi Arabia');
INSERT INTO cuisine (title) VALUES ('Peru');
INSERT INTO cuisine (title) VALUES ('Argentina');
INSERT INTO cuisine (title) VALUES ('Papua New Guinea');
INSERT INTO cuisine (title) VALUES ('Taiwan');
INSERT INTO cuisine (title) VALUES ('Gibraltar');
INSERT INTO cuisine (title) VALUES ('British Indian Ocean Territory (Chagos Archipelago)');
INSERT INTO cuisine (title) VALUES ('Netherlands Antilles');
INSERT INTO cuisine (title) VALUES ('Korea');
INSERT INTO cuisine (title) VALUES ('Mexico');

INSERT INTO meal_type (title) VALUES ('After-noon snack');
INSERT INTO meal_type (title) VALUES ('Dinner');
INSERT INTO meal_type (title) VALUES ('Brunch');
INSERT INTO meal_type (title) VALUES ('Snack');
INSERT INTO meal_type (title) VALUES ('Lunch');
INSERT INTO meal_type (title) VALUES ('Breakfast');

INSERT INTO theme (title, theme_description) VALUES ('Soup Supper', 'Certainly movement particular.');
INSERT INTO theme (title, theme_description) VALUES ('Grilling Galore', 'Real middle pay put. Lead that weight.');
INSERT INTO theme (title, theme_description) VALUES ('Burger Bash', 'Huge hour loss hundred course world. Class future apply a character big.');
INSERT INTO theme (title, theme_description) VALUES ('Mediterranean Delight', 'Agent them pass chance edge girl hair but. Year letter low beat bill garden enter.');
INSERT INTO theme (title, theme_description) VALUES ('Farm-to-Table', 'Age week month chair myself agree month.');
INSERT INTO theme (title, theme_description) VALUES ('Juice Bar Delight', 'Million traditional green development must.');
INSERT INTO theme (title, theme_description) VALUES ('Global Cuisine Adventure', 'Player party small serve crime dream. Science dinner military green ahead agreement.');
INSERT INTO theme (title, theme_description) VALUES ('Pasta Party', 'Else realize what language view write western.');
INSERT INTO theme (title, theme_description) VALUES ('Healthy Snack Attack', 'Determine dinner culture daughter. World particular ability training general poor strong build.');
INSERT INTO theme (title, theme_description) VALUES ('Grain Bowl Galore', 'Long condition smile forward song. Leg sea be city year agree.');
INSERT INTO theme (title, theme_description) VALUES ('Weeknight Wonders', 'Southern certainly step woman price go nature. Again son risk bill.');
INSERT INTO theme (title, theme_description) VALUES ('Asian Fusion', 'Worry crime them agreement defense may.');
INSERT INTO theme (title, theme_description) VALUES ('Plant-Based Paradise', 'Else industry capital travel government leader. Spring might still there candidate charge member their.');
INSERT INTO theme (title, theme_description) VALUES ('Sushi Night', 'About sometimes common list rise news for million.');
INSERT INTO theme (title, theme_description) VALUES ('Taco Tuesday', 'Six blood night eat everybody sign medical. Agreement thus as for wind paper current.');
INSERT INTO theme (title, theme_description) VALUES ('Street Food Sensation', 'Meet southern meet easy model then until.');
INSERT INTO theme (title, theme_description) VALUES ('Cocktail Hour', 'Style case business kind authority. Into defense few business since.');
INSERT INTO theme (title, theme_description) VALUES ('Mocktail Madness', 'Education case life section. Huge maintain wrong strategy.');
INSERT INTO theme (title, theme_description) VALUES ('Comfort Classics', 'Yes identify instead ground begin hand.');
INSERT INTO theme (title, theme_description) VALUES ('Homestyle Cooking', 'Learn reflect his military far whether both. Will bit enter always single.');
INSERT INTO theme (title, theme_description) VALUES ('Healthy Eating', 'Star support put watch.');
INSERT INTO theme (title, theme_description) VALUES ('Date Night Dinner', 'Mr method manager force. Arm read interesting authority voice.');
INSERT INTO theme (title, theme_description) VALUES ('Dessert Extravaganza', 'Base task at television law.');
INSERT INTO theme (title, theme_description) VALUES ('Summer BBQ', 'Individual trip perform amount remember visit wide. Anyone cut find figure service.');
INSERT INTO theme (title, theme_description) VALUES ('Holiday Feast', 'Matter concern get adult economy address run.');
INSERT INTO theme (title, theme_description) VALUES ('Grill Bonanza', 'Method early language probably practice. National thousand wife film Democrat director cup.');
INSERT INTO theme (title, theme_description) VALUES ('Baking Bonanza', 'Writer word student add personal they.');
INSERT INTO theme (title, theme_description) VALUES ('Stir-Fry Fiesta', 'Area professor herself media. Out realize and continue especially.');
INSERT INTO theme (title, theme_description) VALUES ('Smoothie Sensation', 'Hair forget world food alone.');
INSERT INTO theme (title, theme_description) VALUES ('Salad Celebration', 'Ground ability high listen me.');
INSERT INTO theme (title, theme_description) VALUES ('Curry Craze', 'Measure above enough bed human.');
INSERT INTO theme (title, theme_description) VALUES ('Game Day Grub', 'Against fight do one more seek.');
INSERT INTO theme (title, theme_description) VALUES ('Seafood Spectacular', 'Share result management exist peace certain. Physical safe speech cause model mean strong.');
INSERT INTO theme (title, theme_description) VALUES ('Sandwich Sensation', 'Something represent what poor be among PM where.');
INSERT INTO theme (title, theme_description) VALUES ('Kids Kitchen Creations', 'Next physical phone quite majority about something. Today begin moment second listen speak suffer.');
INSERT INTO theme (title, theme_description) VALUES ('Pizza Party', 'Discuss practice least suffer baby.');
INSERT INTO theme (title, theme_description) VALUES ('Rice Bowl Revival', 'Pay poor back.');
INSERT INTO theme (title, theme_description) VALUES ('Mexican Fiesta', 'Effect sea fight nothing actually art.');
INSERT INTO theme (title, theme_description) VALUES ('Italian Night', 'Realize put fact might.');
INSERT INTO theme (title, theme_description) VALUES ('Brunch Bonanza', 'Letter budget throw current within view admit. Baby media yes yes hit trouble us.');

INSERT INTO tag (title) VALUES ('Beverage');
INSERT INTO tag (title) VALUES ('Asian');
INSERT INTO tag (title) VALUES ('Meal Prep');
INSERT INTO tag (title) VALUES ('Family-Friendly');
INSERT INTO tag (title) VALUES ('Hiking');
INSERT INTO tag (title) VALUES ('Keto-Friendly');
INSERT INTO tag (title) VALUES ('Bread');
INSERT INTO tag (title) VALUES ('Asian');
INSERT INTO tag (title) VALUES ('Cookie');
INSERT INTO tag (title) VALUES ('Budget-Friendly');
INSERT INTO tag (title) VALUES ('Baby Shower');
INSERT INTO tag (title) VALUES ('Comfort Food');
INSERT INTO tag (title) VALUES ('Quick & Easy');
INSERT INTO tag (title) VALUES ('Holiday Dinner');
INSERT INTO tag (title) VALUES ('Dinner Party');
INSERT INTO tag (title) VALUES ('Easter');
INSERT INTO tag (title) VALUES ('Immune Boost');
INSERT INTO tag (title) VALUES ('Gluten-Free');
INSERT INTO tag (title) VALUES ('Digestive Health');
INSERT INTO tag (title) VALUES ('Game Day');
INSERT INTO tag (title) VALUES ('Low-Carb');
INSERT INTO tag (title) VALUES ('Nut-Free');
INSERT INTO tag (title) VALUES ('Kid-Friendly');
INSERT INTO tag (title) VALUES ('Low-Calorie');
INSERT INTO tag (title) VALUES ('Grain-Free');
INSERT INTO tag (title) VALUES ('Grain-Free');
INSERT INTO tag (title) VALUES ('Mexican');
INSERT INTO tag (title) VALUES ('Easter');
INSERT INTO tag (title) VALUES ('Sunday Brunch');
INSERT INTO tag (title) VALUES ('Dessert');
INSERT INTO tag (title) VALUES ('Sunday Meal Prep');
INSERT INTO tag (title) VALUES ('Cookie');
INSERT INTO tag (title) VALUES ('Casserole');
INSERT INTO tag (title) VALUES ('Kid-Friendly');
INSERT INTO tag (title) VALUES ('Sunday Brunch');
INSERT INTO tag (title) VALUES ('Low-Fat');
INSERT INTO tag (title) VALUES ('Snack');
INSERT INTO tag (title) VALUES ('Nut-Free');
INSERT INTO tag (title) VALUES ('Hangover Cure');
INSERT INTO tag (title) VALUES ('Middle Eastern');
INSERT INTO tag (title) VALUES ('Halloween');
INSERT INTO tag (title) VALUES ('Cocktail');
INSERT INTO tag (title) VALUES ('Dinner Party');
INSERT INTO tag (title) VALUES ('Mediterranean');
INSERT INTO tag (title) VALUES ('Dessert');
INSERT INTO tag (title) VALUES ('Soup');
INSERT INTO tag (title) VALUES ('Christmas');
INSERT INTO tag (title) VALUES ('Anniversary');
INSERT INTO tag (title) VALUES ('Easter');
INSERT INTO tag (title) VALUES ('Meal Prep');
INSERT INTO tag (title) VALUES ('Boys` Night');
INSERT INTO tag (title) VALUES ('Bridal Shower');
INSERT INTO tag (title) VALUES ('Salad');
INSERT INTO tag (title) VALUES ('Casserole');
INSERT INTO tag (title) VALUES ('Camping');
INSERT INTO tag (title) VALUES ('Dinner Party');
INSERT INTO tag (title) VALUES ('Energy Boost');
INSERT INTO tag (title) VALUES ('Mediterranean');
INSERT INTO tag (title) VALUES ('Snack');
INSERT INTO tag (title) VALUES ('Beach Day');
INSERT INTO tag (title) VALUES ('Wedding');
INSERT INTO tag (title) VALUES ('Fitness');
INSERT INTO tag (title) VALUES ('Mediterranean');
INSERT INTO tag (title) VALUES ('Girls` Night');
INSERT INTO tag (title) VALUES ('Budget-Friendly');
INSERT INTO tag (title) VALUES ('Valentine`s Day');
INSERT INTO tag (title) VALUES ('Beach Day');
INSERT INTO tag (title) VALUES ('Nut-Free');
INSERT INTO tag (title) VALUES ('One-Pot');
INSERT INTO tag (title) VALUES ('BBQ');
INSERT INTO tag (title) VALUES ('Instant Pot');
INSERT INTO tag (title) VALUES ('Pool Party');
INSERT INTO tag (title) VALUES ('Mediterranean');
INSERT INTO tag (title) VALUES ('Nut-Free');
INSERT INTO tag (title) VALUES ('Hiking');
INSERT INTO tag (title) VALUES ('Sunday Meal Prep');
INSERT INTO tag (title) VALUES ('Detox');
INSERT INTO tag (title) VALUES ('Mocktail');
INSERT INTO tag (title) VALUES ('Picnic');
INSERT INTO tag (title) VALUES ('Graduation Party');
INSERT INTO tag (title) VALUES ('Quick & Easy');
INSERT INTO tag (title) VALUES ('Wedding');
INSERT INTO tag (title) VALUES ('Mexican');
INSERT INTO tag (title) VALUES ('Girls` Night');
INSERT INTO tag (title) VALUES ('Seafood');
INSERT INTO tag (title) VALUES ('Fitness');
INSERT INTO tag (title) VALUES ('Hangover Cure');
INSERT INTO tag (title) VALUES ('Bridal Shower');
INSERT INTO tag (title) VALUES ('Pool Party');
INSERT INTO tag (title) VALUES ('Christmas');
INSERT INTO tag (title) VALUES ('Cake');
INSERT INTO tag (title) VALUES ('Brunch');
INSERT INTO tag (title) VALUES ('Low-Fat');
INSERT INTO tag (title) VALUES ('Mexican');
INSERT INTO tag (title) VALUES ('Digestive Health');
INSERT INTO tag (title) VALUES ('Keto-Friendly');
INSERT INTO tag (title) VALUES ('Fall');
INSERT INTO tag (title) VALUES ('Date Night');
INSERT INTO tag (title) VALUES ('Slow Cooker');
INSERT INTO tag (title) VALUES ('Soup');

INSERT INTO tip(title) VALUES ('Taste as you cook and adjust seasoning accordingly to achieve the perfect flavor balance.');
INSERT INTO tip(title) VALUES ('When boiling eggs, add a splash of vinegar to the water to help prevent the eggs from cracking.');
INSERT INTO tip(title) VALUES ('Use the correct cooking method for each ingredient to maximize flavor and texture; for example, roast root vegetables for caramelization or steam delicate fish for gentle cooking.');
INSERT INTO tip(title) VALUES ('To prevent overcooking, blanch vegetables in boiling water for a few minutes, then immediately transfer them to an ice bath to stop the cooking process."');
INSERT INTO tip(title) VALUES ('When cooking with wine, use one that you would drink, as the flavor will concentrate as it cooks down.');
INSERT INTO tip(title) VALUES ('Keep your knives sharp by regularly honing them with a honing steel and occasionally sharpening them with a whetstone or knife sharpener.');
INSERT INTO tip(title) VALUES ('When boiling eggs, add a splash of vinegar to the water to help prevent the eggs from cracking.');
INSERT INTO tip(title) VALUES ('Don`t throw away vegetable scraps; save them to make homemade vegetable stock or broth.');
INSERT INTO tip(title) VALUES ('Keep your knives sharp by regularly honing them with a honing steel and occasionally sharpening them with a whetstone or knife sharpener.');
INSERT INTO tip(title) VALUES ('When cooking grains like rice or quinoa, rinse them under cold water before cooking to remove excess starch and prevent clumping.');
INSERT INTO tip(title) VALUES ('When baking, bring ingredients to room temperature to ensure better incorporation and a smoother texture.');
INSERT INTO tip(title) VALUES ('Keep your knives sharp by regularly honing them with a honing steel and occasionally sharpening them with a whetstone or knife sharpener.');
INSERT INTO tip(title) VALUES ('Label and date leftovers before storing them in the refrigerator to track freshness and reduce food waste.');
INSERT INTO tip(title) VALUES ('Preheat your pan or oven before cooking to ensure even cooking and proper searing.');
INSERT INTO tip(title) VALUES ('Use parchment paper or silicone baking mats to line baking sheets for easier cleanup and to prevent sticking.');
INSERT INTO tip(title) VALUES ('Don`t rush caramelization when sautéing onions or vegetables to develop deeper flavor.');
INSERT INTO tip(title) VALUES ('Use high-quality ingredients for better-tasting dishes, especially for simple recipes with few ingredients.');
INSERT INTO tip(title) VALUES ('Use citrus juice or vinegar to brighten flavors and add acidity to dishes.');
INSERT INTO tip(title) VALUES ('Don`t overcrowd the pan when sautéing or frying to ensure even cooking and browning.');
INSERT INTO tip(title) VALUES ('Let doughs rest before rolling or shaping to relax the gluten and make them easier to work with.');
INSERT INTO tip(title) VALUES ('When baking cookies, chill the dough for at least 30 minutes before baking to prevent spreading and ensure chewy texture.');
INSERT INTO tip(title) VALUES ('When boiling eggs, add a splash of vinegar to the water to help prevent the eggs from cracking.');
INSERT INTO tip(title) VALUES ('Use the right size pan for the job to ensure even cooking and prevent overcrowding.');
INSERT INTO tip(title) VALUES ('To prevent overcooking, blanch vegetables in boiling water for a few minutes, then immediately transfer them to an ice bath to stop the cooking process."');
INSERT INTO tip(title) VALUES ('When cooking with garlic, finely mince or press it for stronger flavor, or slice it for milder flavor.');
INSERT INTO tip(title) VALUES ('Keep a kitchen towel or damp cloth under your cutting board to prevent it from slipping while you work.');
INSERT INTO tip(title) VALUES ('Season meat at least 30 minutes before cooking to enhance flavor.');
INSERT INTO tip(title) VALUES ('Invest in a good set of knives and keep them sharp for safer and more efficient cooking.');
INSERT INTO tip(title) VALUES ('Don`t rush caramelization when sautéing onions or vegetables to develop deeper flavor.');
INSERT INTO tip(title) VALUES ('When baking, bring ingredients to room temperature to ensure better incorporation and a smoother texture.');
INSERT INTO tip(title) VALUES ('Let doughs rest before rolling or shaping to relax the gluten and make them easier to work with.');
INSERT INTO tip(title) VALUES ('Use citrus juice or vinegar to brighten flavors and add acidity to dishes.');
INSERT INTO tip(title) VALUES ('To prevent overcooking, blanch vegetables in boiling water for a few minutes, then immediately transfer them to an ice bath to stop the cooking process."');
INSERT INTO tip(title) VALUES ('When making salads, dress the greens just before serving to prevent them from wilting prematurely.');
INSERT INTO tip(title) VALUES ('Use a timer when baking or cooking to prevent overcooking or burning your food.');
INSERT INTO tip(title) VALUES ('When frying, use a neutral oil with a high smoke point, such as canola or peanut oil, to prevent burning and imparting off flavors.');
INSERT INTO tip(title) VALUES ('Keep your knives sharp by regularly honing them with a honing steel and occasionally sharpening them with a whetstone or knife sharpener.');
INSERT INTO tip(title) VALUES ('Don`t overcrowd the pan when sautéing or frying to ensure even cooking and browning.');
INSERT INTO tip(title) VALUES ('Use fresh herbs whenever possible for brighter and more vibrant flavors in your dishes.');
INSERT INTO tip(title) VALUES ('Store spices in a cool, dark place away from heat and moisture to maintain their freshness and potency.');

INSERT INTO equipment (title, details, picture, picture_description) VALUES('Measuring cups', 'Appear product play chance.', 'https://placekitten.com/557/686', 'Through dog Mrs similar service sister family evidence.');
INSERT INTO equipment (title, details, picture, picture_description) VALUES('Microplane', 'Memory couple health what this speech.', 'https://placekitten.com/89/536', 'Health scene current easy early.');
INSERT INTO equipment (title, details, picture, picture_description) VALUES('Mixing bowls', 'Tree wait near rest anyone run. Past catch thank magazine treatment nearly color.', 'https://dummyimage.com/648x564', 'Example traditional could ask.');
INSERT INTO equipment (title, details, picture, picture_description) VALUES('Ladle', 'Example eight school present image draw. Newspaper hour cold claim debate town market.', 'https://picsum.photos/7/133', 'Yeah medical discuss space president.');
INSERT INTO equipment (title, details, picture, picture_description) VALUES('Tongs', 'Town you last cause court before garden.', 'https://dummyimage.com/478x219', 'Bill listen standard.');
INSERT INTO equipment (title, details, picture, picture_description) VALUES('Can opener', 'Dream election now thought see include.', 'https://dummyimage.com/953x791', 'Trial American family budget couple win on.');
INSERT INTO equipment (title, details, picture, picture_description) VALUES('Kitchen thermometer', 'Decide establish sell marriage off growth rather. Picture television democratic even eat hundred knowledge.', 'https://picsum.photos/880/1010', 'Head term last employee.');
INSERT INTO equipment (title, details, picture, picture_description) VALUES('Blender', 'Camera interesting shake.', 'https://picsum.photos/1016/374', 'Black other people.');
INSERT INTO equipment (title, details, picture, picture_description) VALUES('Measuring spoons', 'Majority available us up month life large situation. Child mission radio walk return.', 'https://placekitten.com/621/309', 'Also future analysis yourself although.');
INSERT INTO equipment (title, details, picture, picture_description) VALUES('Spatula', 'Necessary always site discussion. Population field campaign.', 'https://dummyimage.com/483x671', 'Spring standard important head perform.');
INSERT INTO equipment (title, details, picture, picture_description) VALUES('Kitchen shears', 'Player recognize born audience modern old hold.', 'https://placekitten.com/943/741', 'Data somebody nature as.');
INSERT INTO equipment (title, details, picture, picture_description) VALUES('Garlic press', 'Ability Mr you everything first style drug money.', 'https://dummyimage.com/161x404', 'Somebody professional choice move.');
INSERT INTO equipment (title, details, picture, picture_description) VALUES('Chef`s knife', 'Ahead in power area create. Ball direction interesting have manage receive.', 'https://dummyimage.com/327x506', 'Huge even write property.');
INSERT INTO equipment (title, details, picture, picture_description) VALUES('Wooden spoon', 'Radio cup someone school measure day. Find star discuss develop set.', 'https://dummyimage.com/132x69', 'Well fine note ground indicate ten.');
INSERT INTO equipment (title, details, picture, picture_description) VALUES('Rolling pin', 'Weight many cost development.', 'https://dummyimage.com/667x329', 'Popular hospital if walk its church.');
INSERT INTO equipment (title, details, picture, picture_description) VALUES('Peeler', 'We chair hour defense. Center appear art hotel together third run young.', 'https://dummyimage.com/215x147', 'Star image third leave.');
INSERT INTO equipment (title, details, picture, picture_description) VALUES('Box grater', 'Course present modern life find rise.', 'https://picsum.photos/172/426', 'Candidate appear central southern.');
INSERT INTO equipment (title, details, picture, picture_description) VALUES('Colander', 'Kind board back ball information those. Who debate ground start state it any.', 'https://placekitten.com/862/1020', 'Become performance he mean certainly exist.');
INSERT INTO equipment (title, details, picture, picture_description) VALUES('Whisk', 'Head try cover hair to. Place easy personal.', 'https://picsum.photos/915/354', 'Commercial attack himself send society source feeling.');
INSERT INTO equipment (title, details, picture, picture_description) VALUES('Cutting board', 'Heart less sound. Either section together fund.', 'https://dummyimage.com/272x853', 'Wish lot apply.');

INSERT INTO cook_role (title) VALUES ('Chef');
INSERT INTO cook_role (title) VALUES ('Sous-chef');
INSERT INTO cook_role (title) VALUES ('A cook');
INSERT INTO cook_role (title) VALUES ('B cook');
INSERT INTO cook_role (title) VALUES ('C cook');

INSERT INTO food_group(title, char_if_main, picture, picture_description) VALUES('Meat', 'Vegeterian', 'https://picsum.photos/45/111', 'Great blood ground difference on operation daughter.');
INSERT INTO food_group(title, char_if_main, picture, picture_description) VALUES('Snacks', 'Gluten-Free', 'https://picsum.photos/324/275', 'Religious late as certain program.');
INSERT INTO food_group(title, char_if_main, picture, picture_description) VALUES('Poultry', 'Soy-Based', 'https://picsum.photos/541/23', 'Throughout organization official own military manage close.');
INSERT INTO food_group(title, char_if_main, picture, picture_description) VALUES('Fruits', 'Vegeterian', 'https://dummyimage.com/126x51', 'Down around single activity.');
INSERT INTO food_group(title, char_if_main, picture, picture_description) VALUES('Sauces', 'Pork-based', 'https://picsum.photos/291/846', 'Part medical political spend company finally feel.');
INSERT INTO food_group(title, char_if_main, picture, picture_description) VALUES('Vegetables', 'Gluten-Free', 'https://dummyimage.com/13x768', 'Ball pretty compare you end popular but.');
INSERT INTO food_group(title, char_if_main, picture, picture_description) VALUES('Poultry', 'Vegeterian', 'https://placekitten.com/544/893', 'Will fast up thus be medical college.');
INSERT INTO food_group(title, char_if_main, picture, picture_description) VALUES('Meat', 'Pork-based', 'https://picsum.photos/326/669', 'Forget dream traditional piece realize professor.');
INSERT INTO food_group(title, char_if_main, picture, picture_description) VALUES('Sauces', 'Gluten-Free', 'https://picsum.photos/966/13', 'Western doctor those smile hot one.');
INSERT INTO food_group(title, char_if_main, picture, picture_description) VALUES('Oils and Fats', 'Meat-Lovers', 'https://picsum.photos/296/67', 'Blood upon general center.');
INSERT INTO food_group(title, char_if_main, picture, picture_description) VALUES('Fruits', 'Vegeterian', 'https://placekitten.com/85/283', 'Recent say assume.');
INSERT INTO food_group(title, char_if_main, picture, picture_description) VALUES('Oils and Fats', 'Vegan', 'https://placekitten.com/408/135', 'Blue day born alone summer speech.');
INSERT INTO food_group(title, char_if_main, picture, picture_description) VALUES('Grains', 'Chiken-based', 'https://picsum.photos/977/204', 'Society position family from.');
INSERT INTO food_group(title, char_if_main, picture, picture_description) VALUES('Poultry', 'Vegeterian', 'https://dummyimage.com/718x525', 'Respond happy fly.');
INSERT INTO food_group(title, char_if_main, picture, picture_description) VALUES('Snacks', 'Spicy', 'https://placekitten.com/975/589', 'Smile all million.');
INSERT INTO food_group(title, char_if_main, picture, picture_description) VALUES('Protein Foods', 'Vegan', 'https://placekitten.com/960/98', 'Describe television before star color ability dark.');
INSERT INTO food_group(title, char_if_main, picture, picture_description) VALUES('Vegetables', 'Vegeterian', 'https://picsum.photos/712/1005', 'Receive stay whose or whatever middle official.');
INSERT INTO food_group(title, char_if_main, picture, picture_description) VALUES('Nuts and Seeds', 'Chiken-based', 'https://dummyimage.com/439x474', 'Body PM ball small.');
INSERT INTO food_group(title, char_if_main, picture, picture_description) VALUES('Sauces', 'Pesceterian', 'https://picsum.photos/668/728', 'Up through seat instead position head.');
INSERT INTO food_group(title, char_if_main, picture, picture_description) VALUES('Seafood', 'Chiken-based', 'https://dummyimage.com/876x350', 'Do leave mother senior send position give force.');

INSERT INTO cook(first_name, last_name, phone, d_birth, age, exp_years, cook_role_id, picture, picture_description) VALUES('Eric', 'Cameron', 6985277493, '1965-01-15', 53, 21, 2, 'https://placekitten.com/946/487', 'Environment senior step pay rich.');
INSERT INTO cook(first_name, last_name, phone, d_birth, age, exp_years, cook_role_id, picture, picture_description) VALUES('Theresa', 'Cummings', 6998523534, '1999-01-02', 19, 2, 1, 'https://placekitten.com/208/337', 'Crime character chance few.');
INSERT INTO cook(first_name, last_name, phone, d_birth, age, exp_years, cook_role_id, picture, picture_description) VALUES('Kenneth', 'Hill', 6911436700, '1975-12-17', 43, 3, 5, 'https://placekitten.com/894/455', 'Fast against either scene accept drug table red.');
INSERT INTO cook(first_name, last_name, phone, d_birth, age, exp_years, cook_role_id, picture, picture_description) VALUES('Briana', 'Holland', 6939321765, '1970-05-23', 48, 4, 3, 'https://picsum.photos/200/859', 'Require picture economic interest lawyer perform.');
INSERT INTO cook(first_name, last_name, phone, d_birth, age, exp_years, cook_role_id, picture, picture_description) VALUES('Robert', 'Leonard', 6925067104, '1981-09-25', 37, 19, 1, 'https://placekitten.com/329/409', 'Big off must response mention police.');
INSERT INTO cook(first_name, last_name, phone, d_birth, age, exp_years, cook_role_id, picture, picture_description) VALUES('Maria', 'Boyd', 6967326819, '1974-03-21', 44, 17, 2, 'https://dummyimage.com/115x517', 'Hundred actually industry inside recognize goal.');
INSERT INTO cook(first_name, last_name, phone, d_birth, age, exp_years, cook_role_id, picture, picture_description) VALUES('Joseph', 'Walker', 6968367322, '1997-03-05', 21, 1, 1, 'https://dummyimage.com/141x395', 'Result spring chair program store somebody including.');
INSERT INTO cook(first_name, last_name, phone, d_birth, age, exp_years, cook_role_id, picture, picture_description) VALUES('Wendy', 'Wolf', 6927534646, '1987-02-25', 31, 7, 4, 'https://placekitten.com/986/5', 'Group pressure fly machine perhaps.');
INSERT INTO cook(first_name, last_name, phone, d_birth, age, exp_years, cook_role_id, picture, picture_description) VALUES('Christopher', 'Prince', 6924601952, '1981-03-23', 37, 3, 2, 'https://placekitten.com/706/30', 'Decide author fall.');
INSERT INTO cook(first_name, last_name, phone, d_birth, age, exp_years, cook_role_id, picture, picture_description) VALUES('Charlene', 'Lane', 6932752368, '1966-09-19', 52, 6, 5, 'https://picsum.photos/185/608', 'Realize most score just third never enough.');
INSERT INTO cook(first_name, last_name, phone, d_birth, age, exp_years, cook_role_id, picture, picture_description) VALUES('Jim', 'Taylor', 6978077273, '1979-12-05', 39, 14, 1, 'https://dummyimage.com/13x328', 'Receive marriage father letter international yourself put.');
INSERT INTO cook(first_name, last_name, phone, d_birth, age, exp_years, cook_role_id, picture, picture_description) VALUES('Henry', 'Ward', 6900905187, '1979-05-22', 39, 19, 1, 'https://picsum.photos/295/69', 'Personal full technology hand listen moment.');
INSERT INTO cook(first_name, last_name, phone, d_birth, age, exp_years, cook_role_id, picture, picture_description) VALUES('Kaylee', 'Clark', 6965648044, '1974-03-17', 44, 8, 5, 'https://dummyimage.com/1011x826', 'Worker their general data man brother court.');
INSERT INTO cook(first_name, last_name, phone, d_birth, age, exp_years, cook_role_id, picture, picture_description) VALUES('Jennifer', 'Anderson', 6910686890, '1975-12-09', 43, 2, 5, 'https://picsum.photos/222/12', 'State little she art may.');
INSERT INTO cook(first_name, last_name, phone, d_birth, age, exp_years, cook_role_id, picture, picture_description) VALUES('Amy', 'Bennett', 6929130721, '1986-07-18', 32, 10, 4, 'https://picsum.photos/75/863', 'Hard state skill.');
INSERT INTO cook(first_name, last_name, phone, d_birth, age, exp_years, cook_role_id, picture, picture_description) VALUES('Anna', 'Scott', 6942605069, '1985-09-02', 33, 2, 2, 'https://placekitten.com/111/1019', 'Always budget special offer truth land add.');
INSERT INTO cook(first_name, last_name, phone, d_birth, age, exp_years, cook_role_id, picture, picture_description) VALUES('Paul', 'Vargas', 6927681173, '1995-10-31', 23, 1, 5, 'https://picsum.photos/31/874', 'Raise business whom.');
INSERT INTO cook(first_name, last_name, phone, d_birth, age, exp_years, cook_role_id, picture, picture_description) VALUES('Christopher', 'Kane', 6927049372, '1996-11-29', 22, 2, 3, 'https://placekitten.com/749/296', 'Fall newspaper marriage prove.');
INSERT INTO cook(first_name, last_name, phone, d_birth, age, exp_years, cook_role_id, picture, picture_description) VALUES('Pamela', 'Mcintyre', 6900000916, '1972-06-10', 46, 14, 2, 'https://placekitten.com/339/996', 'First we road like.');
INSERT INTO cook(first_name, last_name, phone, d_birth, age, exp_years, cook_role_id, picture, picture_description) VALUES('Garrett', 'Burch', 6915267674, '1991-05-21', 27, 9, 1, 'https://dummyimage.com/683x598', 'Perform prepare soon outside.');
INSERT INTO cook(first_name, last_name, phone, d_birth, age, exp_years, cook_role_id, picture, picture_description) VALUES('Molly', 'Swanson', 6902949636, '1975-06-30', 43, 19, 3, 'https://dummyimage.com/770x479', 'Read focus environmental church turn.');
INSERT INTO cook(first_name, last_name, phone, d_birth, age, exp_years, cook_role_id, picture, picture_description) VALUES('Kathryn', 'Logan', 6942924875, '1981-05-19', 37, 18, 2, 'https://picsum.photos/992/781', 'Finally arm how remain unit.');
INSERT INTO cook(first_name, last_name, phone, d_birth, age, exp_years, cook_role_id, picture, picture_description) VALUES('Brenda', 'Smith', 6967818513, '1975-12-05', 43, 4, 5, 'https://dummyimage.com/531x657', 'Operation country court Congress red guy north.');
INSERT INTO cook(first_name, last_name, phone, d_birth, age, exp_years, cook_role_id, picture, picture_description) VALUES('Richard', 'Holmes', 6923075157, '1991-06-30', 27, 10, 2, 'https://placekitten.com/319/646', 'General mind after.');
INSERT INTO cook(first_name, last_name, phone, d_birth, age, exp_years, cook_role_id, picture, picture_description) VALUES('Arthur', 'Mooney', 6997993446, '1963-11-19', 55, 24, 1, 'https://dummyimage.com/915x268', 'Fund yes her.');
INSERT INTO cook(first_name, last_name, phone, d_birth, age, exp_years, cook_role_id, picture, picture_description) VALUES('Anthony', 'Johnson', 6957719611, '1970-04-15', 48, 18, 1, 'https://placekitten.com/477/183', 'Hotel large civil whole yard develop although.');
INSERT INTO cook(first_name, last_name, phone, d_birth, age, exp_years, cook_role_id, picture, picture_description) VALUES('Jonathan', 'Bell', 6980048701, '1965-10-16', 53, 4, 5, 'https://placekitten.com/11/407', 'Operation kid present likely he.');
INSERT INTO cook(first_name, last_name, phone, d_birth, age, exp_years, cook_role_id, picture, picture_description) VALUES('Peter', 'Brooks', 6962732073, '1991-12-15', 27, 4, 4, 'https://picsum.photos/321/451', 'Term thousand cause language best up success pick.');
INSERT INTO cook(first_name, last_name, phone, d_birth, age, exp_years, cook_role_id, picture, picture_description) VALUES('Shaun', 'Morgan', 6937152530, '1967-03-18', 51, 28, 3, 'https://dummyimage.com/924x296', 'Entire in choose even.');
INSERT INTO cook(first_name, last_name, phone, d_birth, age, exp_years, cook_role_id, picture, picture_description) VALUES('Mary', 'Cook', 6924715771, '1966-02-18', 52, 30, 5, 'https://placekitten.com/116/432', 'Structure budget senior wife it end draw.');
INSERT INTO cook(first_name, last_name, phone, d_birth, age, exp_years, cook_role_id, picture, picture_description) VALUES('John', 'Price', 6962042078, '1973-08-20', 45, 15, 3, 'https://picsum.photos/287/907', 'Expert growth American important everybody Congress successful.');
INSERT INTO cook(first_name, last_name, phone, d_birth, age, exp_years, cook_role_id, picture, picture_description) VALUES('Aimee', 'Hall', 6923911974, '1967-01-05', 51, 20, 2, 'https://placekitten.com/280/393', 'Dark assume run impact return.');
INSERT INTO cook(first_name, last_name, phone, d_birth, age, exp_years, cook_role_id, picture, picture_description) VALUES('Brian', 'Cochran', 6954710672, '1994-11-18', 24, 7, 2, 'https://picsum.photos/545/508', 'Story happen clear he organization above mind.');
INSERT INTO cook(first_name, last_name, phone, d_birth, age, exp_years, cook_role_id, picture, picture_description) VALUES('Sean', 'Robertson', 6915356904, '1994-11-29', 24, 6, 2, 'https://placekitten.com/1013/914', 'Most Mr again.');
INSERT INTO cook(first_name, last_name, phone, d_birth, age, exp_years, cook_role_id, picture, picture_description) VALUES('Tammy', 'Walker', 6922144800, '1963-11-10', 55, 6, 5, 'https://picsum.photos/399/535', 'Pm less draw know go behind condition event.');
INSERT INTO cook(first_name, last_name, phone, d_birth, age, exp_years, cook_role_id, picture, picture_description) VALUES('Steven', 'Willis', 6941116289, '1969-02-04', 49, 20, 5, 'https://placekitten.com/464/301', 'Left however way adult play really others.');
INSERT INTO cook(first_name, last_name, phone, d_birth, age, exp_years, cook_role_id, picture, picture_description) VALUES('Carrie', 'Johnson', 6905563569, '1992-03-04', 26, 8, 3, 'https://placekitten.com/656/820', 'Foot chair quite.');
INSERT INTO cook(first_name, last_name, phone, d_birth, age, exp_years, cook_role_id, picture, picture_description) VALUES('Michael', 'Harrell', 6905182156, '1968-01-12', 50, 29, 3, 'https://picsum.photos/42/461', 'Wide since view plan speak this.');
INSERT INTO cook(first_name, last_name, phone, d_birth, age, exp_years, cook_role_id, picture, picture_description) VALUES('Nicole', 'Johnson', 6994948091, '1970-01-08', 48, 20, 1, 'https://picsum.photos/27/888', 'Explain figure positive.');
INSERT INTO cook(first_name, last_name, phone, d_birth, age, exp_years, cook_role_id, picture, picture_description) VALUES('David', 'Wheeler', 6984179827, '1964-12-15', 54, 8, 5, 'https://dummyimage.com/269x601', 'Explain during because national style particular now.');
INSERT INTO cook(first_name, last_name, phone, d_birth, age, exp_years, cook_role_id, picture, picture_description) VALUES('Debra', 'Harris', 6957849774, '1961-03-28', 57, 27, 2, 'https://picsum.photos/683/453', 'National wide how under class weight food.');
INSERT INTO cook(first_name, last_name, phone, d_birth, age, exp_years, cook_role_id, picture, picture_description) VALUES('Mark', 'Nelson', 6934002819, '1994-11-07', 24, 7, 3, 'https://placekitten.com/901/127', 'Strong government several minute writer question.');
INSERT INTO cook(first_name, last_name, phone, d_birth, age, exp_years, cook_role_id, picture, picture_description) VALUES('Sarah', 'Butler', 6952399481, '1989-07-20', 29, 3, 4, 'https://placekitten.com/973/550', 'Trip camera that above she one marriage while.');
INSERT INTO cook(first_name, last_name, phone, d_birth, age, exp_years, cook_role_id, picture, picture_description) VALUES('Ashley', 'Butler', 6949916774, '1988-12-02', 30, 7, 1, 'https://dummyimage.com/599x722', 'New his focus skin support matter know.');
INSERT INTO cook(first_name, last_name, phone, d_birth, age, exp_years, cook_role_id, picture, picture_description) VALUES('Jack', 'Torres', 6926969315, '1972-12-14', 46, 22, 1, 'https://picsum.photos/496/667', 'Through what agent either time feel.');
INSERT INTO cook(first_name, last_name, phone, d_birth, age, exp_years, cook_role_id, picture, picture_description) VALUES('Amanda', 'Edwards', 6996886675, '1961-08-17', 57, 36, 5, 'https://picsum.photos/719/927', 'Moment between hear husband.');
INSERT INTO cook(first_name, last_name, phone, d_birth, age, exp_years, cook_role_id, picture, picture_description) VALUES('Anna', 'Andrews', 6936767995, '1987-08-30', 31, 13, 3, 'https://dummyimage.com/188x349', 'Happen avoid financial compare pretty far.');
INSERT INTO cook(first_name, last_name, phone, d_birth, age, exp_years, cook_role_id, picture, picture_description) VALUES('Matthew', 'Mcconnell', 6986284838, '1995-09-22', 23, 3, 3, 'https://picsum.photos/844/373', 'North blood now place reveal reality action able.');
INSERT INTO cook(first_name, last_name, phone, d_birth, age, exp_years, cook_role_id, picture, picture_description) VALUES('Jennifer', 'Tran', 6946190032, '1979-11-30', 39, 20, 4, 'https://placekitten.com/544/294', 'In building church service blood.');
INSERT INTO cook(first_name, last_name, phone, d_birth, age, exp_years, cook_role_id, picture, picture_description) VALUES('Craig', 'Jackson', 6987796009, '1972-11-29', 46, 19, 4, 'https://dummyimage.com/487x724', 'Allow pick teacher way.');
INSERT INTO cook(first_name, last_name, phone, d_birth, age, exp_years, cook_role_id, picture, picture_description) VALUES('Bryan', 'Lee', 6996003690, '1977-08-02', 41, 3, 1, 'https://picsum.photos/488/510', 'City only community.');
INSERT INTO cook(first_name, last_name, phone, d_birth, age, exp_years, cook_role_id, picture, picture_description) VALUES('Adam', 'Camacho', 6974694713, '1987-02-03', 31, 5, 4, 'https://dummyimage.com/453x846', 'Themselves machine society during community grow.');
INSERT INTO cook(first_name, last_name, phone, d_birth, age, exp_years, cook_role_id, picture, picture_description) VALUES('Jacob', 'Mata', 6946851586, '1973-06-08', 45, 23, 1, 'https://dummyimage.com/134x252', 'Network hold level general itself evidence.');
INSERT INTO cook(first_name, last_name, phone, d_birth, age, exp_years, cook_role_id, picture, picture_description) VALUES('Anthony', 'Ballard', 6932134828, '1977-09-24', 41, 2, 3, 'https://dummyimage.com/491x326', 'Describe if picture oil father live.');
INSERT INTO cook(first_name, last_name, phone, d_birth, age, exp_years, cook_role_id, picture, picture_description) VALUES('James', 'Garrison', 6924979583, '1976-03-01', 42, 21, 5, 'https://picsum.photos/435/257', 'Before system save share agreement responsibility certain.');
INSERT INTO cook(first_name, last_name, phone, d_birth, age, exp_years, cook_role_id, picture, picture_description) VALUES('Alexis', 'Page', 6923531185, '1992-03-16', 26, 8, 3, 'https://picsum.photos/608/394', 'Because eye stage human green.');
INSERT INTO cook(first_name, last_name, phone, d_birth, age, exp_years, cook_role_id, picture, picture_description) VALUES('Megan', 'Marshall', 6924205560, '1986-05-12', 32, 12, 4, 'https://dummyimage.com/947x508', 'Town best factor even participant despite.');
INSERT INTO cook(first_name, last_name, phone, d_birth, age, exp_years, cook_role_id, picture, picture_description) VALUES('Erica', 'Sullivan', 6992634260, '1982-02-03', 36, 12, 1, 'https://placekitten.com/367/466', 'Respond effort itself range give a strong.');
INSERT INTO cook(first_name, last_name, phone, d_birth, age, exp_years, cook_role_id, picture, picture_description) VALUES('Kimberly', 'Mitchell', 6909903105, '1968-05-28', 50, 30, 3, 'https://dummyimage.com/707x176', 'Your past determine month give wear.');
INSERT INTO cook(first_name, last_name, phone, d_birth, age, exp_years, cook_role_id, picture, picture_description) VALUES('Scott', 'Peterson', 6987803682, '1979-07-31', 39, 6, 5, 'https://placekitten.com/387/89', 'End national wide point name economic arrive.');
INSERT INTO cook(first_name, last_name, phone, d_birth, age, exp_years, cook_role_id, picture, picture_description) VALUES('Michael', 'Jenkins', 6934227733, '1960-03-26', 58, 8, 4, 'https://placekitten.com/911/272', 'Recently card remain onto drive picture.');
INSERT INTO cook(first_name, last_name, phone, d_birth, age, exp_years, cook_role_id, picture, picture_description) VALUES('David', 'Coleman', 6922976314, '1960-06-29', 58, 4, 2, 'https://picsum.photos/996/422', 'Time fight book final.');
INSERT INTO cook(first_name, last_name, phone, d_birth, age, exp_years, cook_role_id, picture, picture_description) VALUES('Sydney', 'Martin', 6977954281, '1961-10-27', 57, 19, 2, 'https://picsum.photos/959/994', 'Woman nor board major its couple.');
INSERT INTO cook(first_name, last_name, phone, d_birth, age, exp_years, cook_role_id, picture, picture_description) VALUES('Amy', 'Smith', 6914943120, '1961-01-04', 57, 16, 4, 'https://dummyimage.com/809x297', 'Control point suffer unit collection six.');
INSERT INTO cook(first_name, last_name, phone, d_birth, age, exp_years, cook_role_id, picture, picture_description) VALUES('Maria', 'Newton', 6956255352, '1982-01-17', 36, 13, 4, 'https://picsum.photos/756/519', 'Among note physical standard.');
INSERT INTO cook(first_name, last_name, phone, d_birth, age, exp_years, cook_role_id, picture, picture_description) VALUES('Janice', 'Stein', 6937672499, '1985-01-22', 33, 3, 2, 'https://picsum.photos/290/465', 'Kitchen wide bed always.');
INSERT INTO cook(first_name, last_name, phone, d_birth, age, exp_years, cook_role_id, picture, picture_description) VALUES('Scott', 'Lee', 6950098624, '1962-11-17', 56, 29, 4, 'https://dummyimage.com/113x862', 'Just program step tough.');
INSERT INTO cook(first_name, last_name, phone, d_birth, age, exp_years, cook_role_id, picture, picture_description) VALUES('Frank', 'Phillips', 6979593718, '1972-12-12', 46, 18, 3, 'https://placekitten.com/943/877', 'Tend window which people specific art put participant.');
INSERT INTO cook(first_name, last_name, phone, d_birth, age, exp_years, cook_role_id, picture, picture_description) VALUES('Kenneth', 'Duncan', 6957245803, '1968-11-24', 50, 9, 4, 'https://picsum.photos/916/174', 'Head oil indicate morning north how box Congress.');
INSERT INTO cook(first_name, last_name, phone, d_birth, age, exp_years, cook_role_id, picture, picture_description) VALUES('Pamela', 'Kelley', 6913413847, '1969-01-29', 49, 18, 4, 'https://placekitten.com/938/463', 'Recent save training note surface quickly song.');
INSERT INTO cook(first_name, last_name, phone, d_birth, age, exp_years, cook_role_id, picture, picture_description) VALUES('Dennis', 'Gordon', 6981817682, '1998-09-19', 20, 2, 4, 'https://picsum.photos/392/973', 'Health peace identify another.');
INSERT INTO cook(first_name, last_name, phone, d_birth, age, exp_years, cook_role_id, picture, picture_description) VALUES('Bobby', 'Miles', 6937412619, '1999-07-18', 19, 1, 2, 'https://placekitten.com/412/234', 'Collection seat game shake quite stay.');
INSERT INTO cook(first_name, last_name, phone, d_birth, age, exp_years, cook_role_id, picture, picture_description) VALUES('David', 'Watson', 6985709515, '1981-12-14', 37, 3, 2, 'https://placekitten.com/231/69', 'Effort cover land study ok.');
INSERT INTO cook(first_name, last_name, phone, d_birth, age, exp_years, cook_role_id, picture, picture_description) VALUES('Daniel', 'Smith', 6911422846, '1993-06-12', 25, 3, 2, 'https://dummyimage.com/512x550', 'Agent yes maintain.');
INSERT INTO cook(first_name, last_name, phone, d_birth, age, exp_years, cook_role_id, picture, picture_description) VALUES('Timothy', 'Johnson', 6901299672, '1987-09-19', 31, 11, 2, 'https://picsum.photos/918/805', 'Military guess month find capital person deep standard.');
INSERT INTO cook(first_name, last_name, phone, d_birth, age, exp_years, cook_role_id, picture, picture_description) VALUES('Jessica', 'Rivera', 6976550597, '1973-05-08', 45, 1, 4, 'https://dummyimage.com/42x509', 'Animal certainly provide evening event matter energy notice.');
INSERT INTO cook(first_name, last_name, phone, d_birth, age, exp_years, cook_role_id, picture, picture_description) VALUES('Allison', 'Krueger', 6908136915, '1991-09-04', 27, 10, 2, 'https://placekitten.com/487/289', 'Fight shake science meeting.');
INSERT INTO cook(first_name, last_name, phone, d_birth, age, exp_years, cook_role_id, picture, picture_description) VALUES('Cynthia', 'Bell', 6986505578, '1974-09-10', 44, 9, 3, 'https://dummyimage.com/498x480', 'Career account that laugh.');
INSERT INTO cook(first_name, last_name, phone, d_birth, age, exp_years, cook_role_id, picture, picture_description) VALUES('Sean', 'Carroll', 6942912444, '1989-01-24', 29, 1, 2, 'https://picsum.photos/697/150', 'Under once fight government life wife real return.');
INSERT INTO cook(first_name, last_name, phone, d_birth, age, exp_years, cook_role_id, picture, picture_description) VALUES('Sandra', 'Roberson', 6952448024, '1969-06-23', 49, 27, 5, 'https://picsum.photos/41/447', 'Language throughout executive maybe between drop.');
INSERT INTO cook(first_name, last_name, phone, d_birth, age, exp_years, cook_role_id, picture, picture_description) VALUES('Brian', 'Anderson', 6901195203, '1970-10-28', 48, 12, 5, 'https://picsum.photos/30/661', 'Focus test agree main particular.');
INSERT INTO cook(first_name, last_name, phone, d_birth, age, exp_years, cook_role_id, picture, picture_description) VALUES('Lauren', 'Thompson', 6960195796, '1970-04-13', 48, 19, 3, 'https://picsum.photos/948/27', 'Nor would argue pass right forget.');
INSERT INTO cook(first_name, last_name, phone, d_birth, age, exp_years, cook_role_id, picture, picture_description) VALUES('Clarence', 'Moore', 6928155658, '1987-03-16', 31, 3, 5, 'https://picsum.photos/314/677', 'Election represent shake simply finally significant within law.');
INSERT INTO cook(first_name, last_name, phone, d_birth, age, exp_years, cook_role_id, picture, picture_description) VALUES('Joshua', 'Mills', 6942408715, '1966-01-09', 52, 4, 4, 'https://picsum.photos/467/820', 'Person business myself.');
INSERT INTO cook(first_name, last_name, phone, d_birth, age, exp_years, cook_role_id, picture, picture_description) VALUES('Jamie', 'Waters', 6949522280, '1974-01-12', 44, 25, 5, 'https://dummyimage.com/496x904', 'Player general song least food.');
INSERT INTO cook(first_name, last_name, phone, d_birth, age, exp_years, cook_role_id, picture, picture_description) VALUES('Rebecca', 'Rodriguez', 6901650396, '1976-05-25', 42, 13, 4, 'https://picsum.photos/769/458', 'Again remember drop great for.');
INSERT INTO cook(first_name, last_name, phone, d_birth, age, exp_years, cook_role_id, picture, picture_description) VALUES('Ronald', 'Ramirez', 6973927424, '1971-04-21', 47, 13, 4, 'https://dummyimage.com/678x8', 'Claim radio our laugh often.');
INSERT INTO cook(first_name, last_name, phone, d_birth, age, exp_years, cook_role_id, picture, picture_description) VALUES('Nicole', 'Clark', 6950726240, '1992-03-14', 26, 2, 4, 'https://picsum.photos/311/19', 'Character save best collection radio.');
INSERT INTO cook(first_name, last_name, phone, d_birth, age, exp_years, cook_role_id, picture, picture_description) VALUES('Christopher', 'Morgan', 6965093300, '1965-05-23', 53, 26, 1, 'https://placekitten.com/474/881', 'Rock answer thus ask.');
INSERT INTO cook(first_name, last_name, phone, d_birth, age, exp_years, cook_role_id, picture, picture_description) VALUES('Daniel', 'Krueger', 6928602382, '1985-04-30', 33, 7, 1, 'https://dummyimage.com/230x724', 'Glass Democrat whose third.');
INSERT INTO cook(first_name, last_name, phone, d_birth, age, exp_years, cook_role_id, picture, picture_description) VALUES('Jessica', 'Nelson', 6920441038, '1961-11-30', 57, 14, 4, 'https://picsum.photos/742/547', 'Read president name nature real word.');
INSERT INTO cook(first_name, last_name, phone, d_birth, age, exp_years, cook_role_id, picture, picture_description) VALUES('Morgan', 'Robbins', 6966586626, '1990-06-09', 28, 3, 1, 'https://placekitten.com/839/292', 'Dream may write.');
INSERT INTO cook(first_name, last_name, phone, d_birth, age, exp_years, cook_role_id, picture, picture_description) VALUES('Heather', 'Blair', 6933119006, '1987-10-08', 31, 6, 5, 'https://placekitten.com/664/906', 'Lay officer list positive like garden.');
INSERT INTO cook(first_name, last_name, phone, d_birth, age, exp_years, cook_role_id, picture, picture_description) VALUES('Amy', 'James', 6965168495, '1962-11-17', 56, 4, 1, 'https://dummyimage.com/457x542', 'Tax girl operation number yourself assume serious.');
INSERT INTO cook(first_name, last_name, phone, d_birth, age, exp_years, cook_role_id, picture, picture_description) VALUES('Michael', 'Harris', 6925322720, '1972-11-16', 46, 1, 5, 'https://picsum.photos/740/876', 'Child edge bill ground sort miss.');
INSERT INTO cook(first_name, last_name, phone, d_birth, age, exp_years, cook_role_id, picture, picture_description) VALUES('Shawn', 'Miller', 6964717728, '1965-12-29', 53, 10, 5, 'https://dummyimage.com/267x751', 'Produce performance model soon education news a.');
INSERT INTO cook(first_name, last_name, phone, d_birth, age, exp_years, cook_role_id, picture, picture_description) VALUES('Jordan', 'Garza', 6948454347, '1963-08-27', 55, 7, 3, 'https://picsum.photos/1010/181', 'Institution society pay he.');
INSERT INTO cook(first_name, last_name, phone, d_birth, age, exp_years, cook_role_id, picture, picture_description) VALUES('Bradley', 'Ramos', 6950466945, '1969-07-18', 49, 2, 1, 'https://placekitten.com/265/392', 'Head program forget audience series here moment market.');
INSERT INTO cook(first_name, last_name, phone, d_birth, age, exp_years, cook_role_id, picture, picture_description) VALUES('Rachel', 'Sherman', 6901997766, '1999-10-18', 19, 1, 5, 'https://dummyimage.com/360x133', 'Man memory station prove science I.');
INSERT INTO cook(first_name, last_name, phone, d_birth, age, exp_years, cook_role_id, picture, picture_description) VALUES('Billy', 'Frazier', 6985671131, '1982-11-03', 36, 13, 2, 'https://dummyimage.com/31x208', 'Summer democratic lawyer station.');
INSERT INTO cook(first_name, last_name, phone, d_birth, age, exp_years, cook_role_id, picture, picture_description) VALUES('James', 'Rogers', 6908692602, '1972-10-26', 46, 21, 3, 'https://picsum.photos/389/12', 'Ever energy fine effort teach new memory.');
INSERT INTO cook(first_name, last_name, phone, d_birth, age, exp_years, cook_role_id, picture, picture_description) VALUES('Robert', 'Williams', 6943668443, '1965-04-08', 53, 23, 5, 'https://dummyimage.com/424x765', 'Report center us game lead religious professional.');
INSERT INTO cook(first_name, last_name, phone, d_birth, age, exp_years, cook_role_id, picture, picture_description) VALUES('Jessica', 'Smith', 6916950437, '1971-08-30', 47, 12, 4, 'https://dummyimage.com/428x931', 'Data data conference teach buy case.');
INSERT INTO cook(first_name, last_name, phone, d_birth, age, exp_years, cook_role_id, picture, picture_description) VALUES('Nichole', 'Olsen', 6972082734, '1992-01-29', 26, 2, 1, 'https://placekitten.com/325/298', 'Might letter cut before anyone.');
INSERT INTO cook(first_name, last_name, phone, d_birth, age, exp_years, cook_role_id, picture, picture_description) VALUES('Jeffrey', 'Bass', 6976202027, '1971-09-30', 47, 28, 4, 'https://placekitten.com/476/652', 'Rest finally election nature Democrat watch program.');
INSERT INTO cook(first_name, last_name, phone, d_birth, age, exp_years, cook_role_id, picture, picture_description) VALUES('Jerry', 'Mccann', 6956243813, '1978-07-30', 40, 15, 4, 'https://dummyimage.com/376x880', 'Boy stock business type you vote.');
INSERT INTO cook(first_name, last_name, phone, d_birth, age, exp_years, cook_role_id, picture, picture_description) VALUES('Alicia', 'Roberts', 6950713744, '1983-11-29', 35, 16, 3, 'https://picsum.photos/181/412', 'Even throw suddenly dinner under allow out.');
INSERT INTO cook(first_name, last_name, phone, d_birth, age, exp_years, cook_role_id, picture, picture_description) VALUES('Tammy', 'Cooper', 6924025577, '1969-11-23', 49, 6, 2, 'https://picsum.photos/745/366', 'Speak rich lawyer section both.');
INSERT INTO cook(first_name, last_name, phone, d_birth, age, exp_years, cook_role_id, picture, picture_description) VALUES('Evan', 'Long', 6900089162, '1976-08-11', 42, 4, 3, 'https://dummyimage.com/722x156', 'Growth production bed above.');
INSERT INTO cook(first_name, last_name, phone, d_birth, age, exp_years, cook_role_id, picture, picture_description) VALUES('Deanna', 'Copeland', 6942411312, '1979-11-05', 39, 9, 4, 'https://dummyimage.com/240x664', 'Clearly movement medical happen culture.');
INSERT INTO cook(first_name, last_name, phone, d_birth, age, exp_years, cook_role_id, picture, picture_description) VALUES('Richard', 'Harris', 6923883101, '1997-09-24', 21, 2, 5, 'https://placekitten.com/1000/431', 'Beautiful commercial subject your interest.');
INSERT INTO cook(first_name, last_name, phone, d_birth, age, exp_years, cook_role_id, picture, picture_description) VALUES('Claudia', 'Rodriguez', 6991193339, '1990-12-31', 28, 1, 2, 'https://picsum.photos/127/503', 'Front better Democrat significant company field base service.');
INSERT INTO cook(first_name, last_name, phone, d_birth, age, exp_years, cook_role_id, picture, picture_description) VALUES('Brittany', 'White', 6956601328, '1987-02-25', 31, 9, 3, 'https://picsum.photos/309/705', 'Cup detail former wish young.');
INSERT INTO cook(first_name, last_name, phone, d_birth, age, exp_years, cook_role_id, picture, picture_description) VALUES('Latasha', 'Castillo', 6978519130, '1993-10-30', 25, 3, 5, 'https://placekitten.com/842/189', 'Old sound manage sign many else.');
INSERT INTO cook(first_name, last_name, phone, d_birth, age, exp_years, cook_role_id, picture, picture_description) VALUES('Heather', 'Turner', 6907926684, '1989-12-02', 29, 1, 5, 'https://dummyimage.com/237x139', 'Drive onto no there offer.');
INSERT INTO cook(first_name, last_name, phone, d_birth, age, exp_years, cook_role_id, picture, picture_description) VALUES('Sarah', 'Preston', 6906656613, '1986-02-05', 32, 5, 1, 'https://dummyimage.com/695x873', 'Feel page week.');
INSERT INTO cook(first_name, last_name, phone, d_birth, age, exp_years, cook_role_id, picture, picture_description) VALUES('Natalie', 'Alvarez', 6969472583, '1963-04-28', 55, 17, 5, 'https://placekitten.com/806/954', 'Factor because even.');
INSERT INTO cook(first_name, last_name, phone, d_birth, age, exp_years, cook_role_id, picture, picture_description) VALUES('Jacqueline', 'Ramos', 6983130626, '1970-11-10', 48, 12, 2, 'https://picsum.photos/309/742', 'Goal staff think whether final.');
INSERT INTO cook(first_name, last_name, phone, d_birth, age, exp_years, cook_role_id, picture, picture_description) VALUES('Lucas', 'Walter', 6993268002, '1964-02-24', 54, 23, 2, 'https://placekitten.com/503/930', 'Say put worker same send.');
INSERT INTO cook(first_name, last_name, phone, d_birth, age, exp_years, cook_role_id, picture, picture_description) VALUES('Elizabeth', 'Taylor', 6946189574, '1998-04-25', 20, 3, 5, 'https://placekitten.com/741/625', 'Rather visit speak arrive pressure management reality adult.');
INSERT INTO cook(first_name, last_name, phone, d_birth, age, exp_years, cook_role_id, picture, picture_description) VALUES('Nancy', 'Barron', 6918674829, '1989-12-28', 29, 9, 3, 'https://dummyimage.com/71x666', 'According view even could.');
INSERT INTO cook(first_name, last_name, phone, d_birth, age, exp_years, cook_role_id, picture, picture_description) VALUES('Samantha', 'Romero', 6962943480, '1976-10-29', 42, 21, 2, 'https://placekitten.com/834/172', 'Manage window growth total food street.');
INSERT INTO cook(first_name, last_name, phone, d_birth, age, exp_years, cook_role_id, picture, picture_description) VALUES('Tyler', 'Williams', 6985238024, '1989-07-14', 29, 10, 2, 'https://picsum.photos/349/638', 'Fear him whom while cost finally want culture.');
INSERT INTO cook(first_name, last_name, phone, d_birth, age, exp_years, cook_role_id, picture, picture_description) VALUES('Manuel', 'Gonzales', 6914565674, '1964-07-01', 54, 16, 4, 'https://placekitten.com/922/836', 'Single fire charge serious.');
INSERT INTO cook(first_name, last_name, phone, d_birth, age, exp_years, cook_role_id, picture, picture_description) VALUES('Theodore', 'Hansen', 6961465684, '1994-01-21', 24, 6, 2, 'https://dummyimage.com/248x531', 'Among step note.');
INSERT INTO cook(first_name, last_name, phone, d_birth, age, exp_years, cook_role_id, picture, picture_description) VALUES('Michael', 'Case', 6943181961, '1997-03-14', 21, 2, 5, 'https://placekitten.com/339/361', 'Simple house wait score.');
INSERT INTO cook(first_name, last_name, phone, d_birth, age, exp_years, cook_role_id, picture, picture_description) VALUES('Matthew', 'Long', 6955228864, '1965-05-05', 53, 32, 3, 'https://dummyimage.com/693x135', 'Maybe system property official.');
INSERT INTO cook(first_name, last_name, phone, d_birth, age, exp_years, cook_role_id, picture, picture_description) VALUES('Richard', 'Berry', 6942233814, '1995-12-14', 23, 6, 1, 'https://picsum.photos/780/588', 'Partner every attack owner station event.');
INSERT INTO cook(first_name, last_name, phone, d_birth, age, exp_years, cook_role_id, picture, picture_description) VALUES('Jason', 'Walker', 6915915081, '1964-11-14', 54, 2, 3, 'https://picsum.photos/665/447', 'Pick catch every arrive knowledge never southern.');
INSERT INTO cook(first_name, last_name, phone, d_birth, age, exp_years, cook_role_id, picture, picture_description) VALUES('Benjamin', 'Wilcox', 6917345589, '1969-03-18', 49, 31, 3, 'https://placekitten.com/427/576', 'Require development community specific environmental hear west.');
INSERT INTO cook(first_name, last_name, phone, d_birth, age, exp_years, cook_role_id, picture, picture_description) VALUES('Joshua', 'Davis', 6916689630, '1992-03-01', 26, 4, 5, 'https://picsum.photos/674/515', 'Offer issue wide they pay course past.');
INSERT INTO cook(first_name, last_name, phone, d_birth, age, exp_years, cook_role_id, picture, picture_description) VALUES('Daniel', 'Martin', 6931807334, '1968-01-18', 50, 23, 4, 'https://placekitten.com/606/46', 'Rest artist day actually tell reveal picture enough.');
INSERT INTO cook(first_name, last_name, phone, d_birth, age, exp_years, cook_role_id, picture, picture_description) VALUES('Michael', 'Martin', 6955410256, '1995-12-17', 23, 6, 3, 'https://dummyimage.com/931x209', 'Teach hair this magazine.');
INSERT INTO cook(first_name, last_name, phone, d_birth, age, exp_years, cook_role_id, picture, picture_description) VALUES('Christopher', 'Morgan', 6957218948, '1975-07-22', 43, 12, 1, 'https://placekitten.com/724/515', 'Visit cover everything.');
INSERT INTO cook(first_name, last_name, phone, d_birth, age, exp_years, cook_role_id, picture, picture_description) VALUES('Lisa', 'Stone', 6962622013, '1989-02-11', 29, 4, 1, 'https://picsum.photos/776/56', 'Less amount threat move.');
INSERT INTO cook(first_name, last_name, phone, d_birth, age, exp_years, cook_role_id, picture, picture_description) VALUES('Chad', 'Morris', 6998773033, '1996-03-25', 22, 2, 4, 'https://picsum.photos/783/213', 'There war key occur turn rate trial seven.');
INSERT INTO cook(first_name, last_name, phone, d_birth, age, exp_years, cook_role_id, picture, picture_description) VALUES('Ashley', 'Ball', 6972637792, '1964-09-25', 54, 13, 3, 'https://picsum.photos/1019/781', 'Son threat above not seat.');
INSERT INTO cook(first_name, last_name, phone, d_birth, age, exp_years, cook_role_id, picture, picture_description) VALUES('Jeffrey', 'Rodgers', 6903130070, '1976-01-29', 42, 7, 4, 'https://placekitten.com/449/90', 'Try enjoy check adult serious billion win.');
INSERT INTO cook(first_name, last_name, phone, d_birth, age, exp_years, cook_role_id, picture, picture_description) VALUES('Jennifer', 'Lopez', 6982985186, '1996-08-26', 22, 5, 5, 'https://picsum.photos/4/147', 'Possible beat no party social Mr relationship.');
INSERT INTO cook(first_name, last_name, phone, d_birth, age, exp_years, cook_role_id, picture, picture_description) VALUES('Doris', 'Gilbert', 6976083028, '1992-06-17', 26, 1, 4, 'https://picsum.photos/937/427', 'Public work partner beat mind.');
INSERT INTO cook(first_name, last_name, phone, d_birth, age, exp_years, cook_role_id, picture, picture_description) VALUES('Erica', 'Miller', 6931154444, '1965-11-29', 53, 23, 1, 'https://picsum.photos/685/393', 'Avoid box realize out.');
INSERT INTO cook(first_name, last_name, phone, d_birth, age, exp_years, cook_role_id, picture, picture_description) VALUES('Abigail', 'Bryant', 6969931000, '1986-10-21', 32, 14, 1, 'https://picsum.photos/276/882', 'Peace fall eight care.');
INSERT INTO cook(first_name, last_name, phone, d_birth, age, exp_years, cook_role_id, picture, picture_description) VALUES('Kristin', 'Mathis', 6905612727, '1990-06-29', 28, 7, 2, 'https://picsum.photos/667/561', 'Include again discuss.');
INSERT INTO cook(first_name, last_name, phone, d_birth, age, exp_years, cook_role_id, picture, picture_description) VALUES('Olivia', 'Mccall', 6950351821, '1961-05-31', 57, 31, 2, 'https://placekitten.com/642/870', 'Happen Mr whole claim most practice.');
INSERT INTO cook(first_name, last_name, phone, d_birth, age, exp_years, cook_role_id, picture, picture_description) VALUES('Amanda', 'Hurley', 6968133404, '1977-04-03', 41, 14, 3, 'https://placekitten.com/242/361', 'Pass coach way expect hospital game.');
INSERT INTO cook(first_name, last_name, phone, d_birth, age, exp_years, cook_role_id, picture, picture_description) VALUES('Susan', 'Davis', 6934992191, '1987-10-18', 31, 2, 4, 'https://picsum.photos/622/159', 'Movie available avoid newspaper.');
INSERT INTO cook(first_name, last_name, phone, d_birth, age, exp_years, cook_role_id, picture, picture_description) VALUES('Jennifer', 'Wong', 6984721446, '1976-05-10', 42, 15, 4, 'https://placekitten.com/354/911', 'Technology leave follow deal.');
INSERT INTO cook(first_name, last_name, phone, d_birth, age, exp_years, cook_role_id, picture, picture_description) VALUES('Paul', 'Mueller', 6913554903, '1962-11-27', 56, 6, 2, 'https://placekitten.com/183/323', 'Find enjoy animal loss student arm effect become.');
INSERT INTO cook(first_name, last_name, phone, d_birth, age, exp_years, cook_role_id, picture, picture_description) VALUES('Brandy', 'Brown', 6940425582, '1965-07-14', 53, 11, 2, 'https://dummyimage.com/515x758', 'Mission born eat somebody.');
INSERT INTO cook(first_name, last_name, phone, d_birth, age, exp_years, cook_role_id, picture, picture_description) VALUES('Justin', 'James', 6903336537, '1970-07-08', 48, 1, 2, 'https://picsum.photos/15/103', 'Student dog ahead just break least.');
INSERT INTO cook(first_name, last_name, phone, d_birth, age, exp_years, cook_role_id, picture, picture_description) VALUES('Jennifer', 'Davis', 6917723670, '1964-09-24', 54, 30, 2, 'https://dummyimage.com/139x544', 'Light view never author develop season.');
INSERT INTO cook(first_name, last_name, phone, d_birth, age, exp_years, cook_role_id, picture, picture_description) VALUES('Anna', 'Berg', 6961068038, '1966-10-29', 52, 31, 3, 'https://picsum.photos/647/434', 'Local life watch size.');
INSERT INTO cook(first_name, last_name, phone, d_birth, age, exp_years, cook_role_id, picture, picture_description) VALUES('David', 'Roman', 6951345117, '1979-04-06', 39, 5, 5, 'https://placekitten.com/368/22', 'Total poor rather allow possible significant professor.');
INSERT INTO cook(first_name, last_name, phone, d_birth, age, exp_years, cook_role_id, picture, picture_description) VALUES('Donald', 'Diaz', 6965052309, '1978-05-04', 40, 18, 2, 'https://picsum.photos/167/920', 'Expect wish stuff.');
INSERT INTO cook(first_name, last_name, phone, d_birth, age, exp_years, cook_role_id, picture, picture_description) VALUES('Kevin', 'Edwards', 6931602057, '1969-04-28', 49, 2, 1, 'https://placekitten.com/977/765', 'Pull defense town court like finally six.');
INSERT INTO cook(first_name, last_name, phone, d_birth, age, exp_years, cook_role_id, picture, picture_description) VALUES('Joseph', 'Proctor', 6950625609, '1974-12-16', 44, 26, 1, 'https://picsum.photos/331/488', 'Parent election law no.');
INSERT INTO cook(first_name, last_name, phone, d_birth, age, exp_years, cook_role_id, picture, picture_description) VALUES('Jennifer', 'Taylor', 6938146228, '1965-05-30', 53, 34, 2, 'https://picsum.photos/657/116', 'Institution bag standard so education.');
INSERT INTO cook(first_name, last_name, phone, d_birth, age, exp_years, cook_role_id, picture, picture_description) VALUES('Ashley', 'Walker', 6924610610, '1996-02-27', 22, 4, 2, 'https://picsum.photos/144/591', 'Information morning support southern.');
INSERT INTO cook(first_name, last_name, phone, d_birth, age, exp_years, cook_role_id, picture, picture_description) VALUES('Denise', 'Hunt', 6917378958, '1998-06-30', 20, 1, 1, 'https://picsum.photos/394/892', 'Today now consider realize eight door hand model.');
INSERT INTO cook(first_name, last_name, phone, d_birth, age, exp_years, cook_role_id, picture, picture_description) VALUES('Erica', 'Jones', 6909735077, '1973-08-07', 45, 9, 2, 'https://dummyimage.com/369x953', 'Within become wife my husband.');
INSERT INTO cook(first_name, last_name, phone, d_birth, age, exp_years, cook_role_id, picture, picture_description) VALUES('Dennis', 'Burgess', 6955675233, '1995-02-26', 23, 3, 5, 'https://placekitten.com/231/73', 'This pattern position light.');
INSERT INTO cook(first_name, last_name, phone, d_birth, age, exp_years, cook_role_id, picture, picture_description) VALUES('Shawn', 'Rivera', 6985565270, '1987-01-21', 31, 4, 5, 'https://dummyimage.com/329x806', 'While short structure politics.');
INSERT INTO cook(first_name, last_name, phone, d_birth, age, exp_years, cook_role_id, picture, picture_description) VALUES('Cynthia', 'Bush', 6935442197, '1993-12-26', 25, 6, 3, 'https://picsum.photos/93/406', 'Movement rise evening audience above community receive about.');
INSERT INTO cook(first_name, last_name, phone, d_birth, age, exp_years, cook_role_id, picture, picture_description) VALUES('Jerry', 'Baker', 6930011132, '1978-10-17', 40, 18, 4, 'https://dummyimage.com/150x714', 'Individual long else area base.');
INSERT INTO cook(first_name, last_name, phone, d_birth, age, exp_years, cook_role_id, picture, picture_description) VALUES('Francisco', 'Davis', 6990425587, '1965-08-22', 53, 9, 1, 'https://placekitten.com/104/315', 'History response director something soon behind.');
INSERT INTO cook(first_name, last_name, phone, d_birth, age, exp_years, cook_role_id, picture, picture_description) VALUES('Brenda', 'Lee', 6977391796, '1965-07-12', 53, 23, 4, 'https://picsum.photos/394/441', 'Drive else interest mouth right all right.');
INSERT INTO cook(first_name, last_name, phone, d_birth, age, exp_years, cook_role_id, picture, picture_description) VALUES('Jeffrey', 'Carter', 6979323442, '1966-04-17', 52, 34, 4, 'https://dummyimage.com/463x948', 'However mission fill simple firm.');
INSERT INTO cook(first_name, last_name, phone, d_birth, age, exp_years, cook_role_id, picture, picture_description) VALUES('Kelly', 'Nguyen', 6932237035, '1964-10-13', 54, 33, 2, 'https://placekitten.com/743/975', 'Simple blood audience hit low.');
INSERT INTO cook(first_name, last_name, phone, d_birth, age, exp_years, cook_role_id, picture, picture_description) VALUES('Johnny', 'Barnett', 6937576587, '1991-03-11', 27, 9, 2, 'https://picsum.photos/644/104', 'Because two card teach want newspaper as.');
INSERT INTO cook(first_name, last_name, phone, d_birth, age, exp_years, cook_role_id, picture, picture_description) VALUES('Gabriella', 'Johnson', 6915681261, '1988-08-19', 30, 9, 5, 'https://dummyimage.com/104x65', 'Morning record firm stand.');
INSERT INTO cook(first_name, last_name, phone, d_birth, age, exp_years, cook_role_id, picture, picture_description) VALUES('Cassandra', 'Russell', 6932665513, '1978-04-28', 40, 1, 4, 'https://dummyimage.com/239x187', 'List what page eye let respond.');
INSERT INTO cook(first_name, last_name, phone, d_birth, age, exp_years, cook_role_id, picture, picture_description) VALUES('Jessica', 'Anderson', 6937185304, '1980-07-06', 38, 6, 5, 'https://dummyimage.com/304x657', 'Role support radio process.');
INSERT INTO cook(first_name, last_name, phone, d_birth, age, exp_years, cook_role_id, picture, picture_description) VALUES('Brian', 'Smith', 6939504900, '1998-01-30', 20, 1, 2, 'https://dummyimage.com/669x466', 'Wear feeling pay hour exist.');
INSERT INTO cook(first_name, last_name, phone, d_birth, age, exp_years, cook_role_id, picture, picture_description) VALUES('Sherri', 'Smith', 6969302244, '1980-03-07', 38, 6, 2, 'https://dummyimage.com/667x779', 'Card much from star generation.');
INSERT INTO cook(first_name, last_name, phone, d_birth, age, exp_years, cook_role_id, picture, picture_description) VALUES('Megan', 'Abbott', 6928087577, '1991-04-16', 27, 8, 5, 'https://dummyimage.com/438x697', 'Ask brother though total agent.');
INSERT INTO cook(first_name, last_name, phone, d_birth, age, exp_years, cook_role_id, picture, picture_description) VALUES('Mitchell', 'Gilbert', 6970376476, '1972-05-24', 46, 24, 1, 'https://dummyimage.com/963x652', 'School good trip outside young.');
INSERT INTO cook(first_name, last_name, phone, d_birth, age, exp_years, cook_role_id, picture, picture_description) VALUES('Paula', 'Jones', 6976033358, '1974-07-13', 44, 18, 1, 'https://dummyimage.com/255x71', 'Notice age capital your contain fact middle seat.');
INSERT INTO cook(first_name, last_name, phone, d_birth, age, exp_years, cook_role_id, picture, picture_description) VALUES('Craig', 'Bauer', 6990356261, '1997-03-10', 21, 3, 5, 'https://dummyimage.com/413x670', 'Middle win man sell action the.');
INSERT INTO cook(first_name, last_name, phone, d_birth, age, exp_years, cook_role_id, picture, picture_description) VALUES('Cassidy', 'Gray', 6982208195, '1962-02-19', 56, 34, 5, 'https://placekitten.com/113/424', 'Top surface research.');
INSERT INTO cook(first_name, last_name, phone, d_birth, age, exp_years, cook_role_id, picture, picture_description) VALUES('Jennifer', 'Lewis', 6972832270, '1976-12-14', 42, 16, 1, 'https://picsum.photos/530/565', 'Describe pick approach similar sort tough.');
INSERT INTO cook(first_name, last_name, phone, d_birth, age, exp_years, cook_role_id, picture, picture_description) VALUES('Gabriel', 'Patton', 6984382392, '1996-03-01', 22, 5, 1, 'https://placekitten.com/413/224', 'Republican report evening stuff understand apply want.');
INSERT INTO cook(first_name, last_name, phone, d_birth, age, exp_years, cook_role_id, picture, picture_description) VALUES('Scott', 'Miller', 6918625723, '1999-11-27', 19, 1, 2, 'https://placekitten.com/688/836', 'You direction thank ground job.');
INSERT INTO cook(first_name, last_name, phone, d_birth, age, exp_years, cook_role_id, picture, picture_description) VALUES('Kyle', 'Reid', 6971239518, '1971-11-05', 47, 9, 1, 'https://dummyimage.com/855x982', 'Main war likely cup option certain college available.');
INSERT INTO cook(first_name, last_name, phone, d_birth, age, exp_years, cook_role_id, picture, picture_description) VALUES('Jacqueline', 'Rasmussen', 6961565562, '1978-08-11', 40, 4, 5, 'https://placekitten.com/13/85', 'Great picture turn husband item fear never.');
INSERT INTO cook(first_name, last_name, phone, d_birth, age, exp_years, cook_role_id, picture, picture_description) VALUES('Elizabeth', 'Moss', 6925659935, '1992-01-16', 26, 8, 5, 'https://placekitten.com/320/824', 'Experience carry toward wish.');
INSERT INTO cook(first_name, last_name, phone, d_birth, age, exp_years, cook_role_id, picture, picture_description) VALUES('Christina', 'Drake', 6977458058, '1981-04-12', 37, 1, 1, 'https://picsum.photos/665/976', 'Effort particular north tax admit son.');
INSERT INTO cook(first_name, last_name, phone, d_birth, age, exp_years, cook_role_id, picture, picture_description) VALUES('Carlos', 'Cochran', 6980454726, '1960-11-13', 58, 29, 3, 'https://picsum.photos/395/429', 'Chair direction arm enough.');
INSERT INTO cook(first_name, last_name, phone, d_birth, age, exp_years, cook_role_id, picture, picture_description) VALUES('Jessica', 'Cortez', 6912881263, '1961-08-05', 57, 40, 5, 'https://dummyimage.com/1017x790', 'Picture remember conference call.');
INSERT INTO cook(first_name, last_name, phone, d_birth, age, exp_years, cook_role_id, picture, picture_description) VALUES('Kevin', 'Miller', 6921005217, '1966-06-25', 52, 33, 2, 'https://placekitten.com/370/404', 'Public wide guess without its hospital.');
INSERT INTO cook(first_name, last_name, phone, d_birth, age, exp_years, cook_role_id, picture, picture_description) VALUES('Jon', 'Hall', 6902222507, '1981-03-17', 37, 9, 4, 'https://placekitten.com/68/900', 'Add keep age plan produce memory challenge.');
INSERT INTO cook(first_name, last_name, phone, d_birth, age, exp_years, cook_role_id, picture, picture_description) VALUES('Brandon', 'Buchanan', 6982726208, '1992-01-31', 26, 9, 5, 'https://dummyimage.com/11x741', 'Now rock impact whether western.');
INSERT INTO cook(first_name, last_name, phone, d_birth, age, exp_years, cook_role_id, picture, picture_description) VALUES('Sarah', 'Gilbert', 6956343909, '1987-07-09', 31, 13, 4, 'https://placekitten.com/651/537', 'Citizen tax major every type bar.');
INSERT INTO cook(first_name, last_name, phone, d_birth, age, exp_years, cook_role_id, picture, picture_description) VALUES('Sarah', 'Sherman', 6926196498, '1977-02-02', 41, 17, 2, 'https://placekitten.com/8/178', 'Bill everybody box that.');
INSERT INTO cook(first_name, last_name, phone, d_birth, age, exp_years, cook_role_id, picture, picture_description) VALUES('Scott', 'Barber', 6941751074, '1968-07-30', 50, 17, 5, 'https://dummyimage.com/528x569', 'Turn wall young interview occur.');
INSERT INTO cook(first_name, last_name, phone, d_birth, age, exp_years, cook_role_id, picture, picture_description) VALUES('Lindsey', 'Blake', 6975671024, '1962-02-20', 56, 13, 4, 'https://placekitten.com/268/720', 'Teach employee media know agent bank.');
INSERT INTO cook(first_name, last_name, phone, d_birth, age, exp_years, cook_role_id, picture, picture_description) VALUES('Kylie', 'Stephenson', 6937971459, '1967-05-31', 51, 9, 4, 'https://placekitten.com/279/245', 'Stuff employee clearly trade.');
INSERT INTO cook(first_name, last_name, phone, d_birth, age, exp_years, cook_role_id, picture, picture_description) VALUES('Jeffrey', 'Mathews', 6934403294, '1998-11-04', 20, 1, 4, 'https://placekitten.com/129/784', 'Talk kitchen better trial south radio seat discussion.');
INSERT INTO cook(first_name, last_name, phone, d_birth, age, exp_years, cook_role_id, picture, picture_description) VALUES('Steven', 'Morrow', 6934281856, '1995-07-30', 23, 4, 3, 'https://dummyimage.com/280x963', 'Value none between marriage wind foreign garden.');
INSERT INTO cook(first_name, last_name, phone, d_birth, age, exp_years, cook_role_id, picture, picture_description) VALUES('Cody', 'James', 6912794569, '1981-11-24', 37, 3, 2, 'https://dummyimage.com/642x58', 'Learn whatever lay hard sing.');
INSERT INTO cook(first_name, last_name, phone, d_birth, age, exp_years, cook_role_id, picture, picture_description) VALUES('Sharon', 'Dominguez', 6973825393, '1972-01-05', 46, 14, 1, 'https://dummyimage.com/500x131', 'Decide audience method.');

INSERT INTO ingredient(title, cal_gr, cal_ml, food_group_id, picture, picture_description) VALUES('clover honey', 4, 5, 4, 'https://placekitten.com/241/485', 'Range unit yeah question.');
INSERT INTO ingredient(title, cal_gr, cal_ml, food_group_id, picture, picture_description) VALUES('orange blossom honey', 3, 6, 5, 'https://picsum.photos/3/545', 'Because exactly time really middle glass.');
INSERT INTO ingredient(title, cal_gr, cal_ml, food_group_id, picture, picture_description) VALUES('grape jelly', 5, 3, 15, 'https://placekitten.com/370/26', 'Write town difference decision business.');
INSERT INTO ingredient(title, cal_gr, cal_ml, food_group_id, picture, picture_description) VALUES('dill', 4, 2, 13, 'https://dummyimage.com/662x786', 'Attack store wonder.');
INSERT INTO ingredient(title, cal_gr, cal_ml, food_group_id, picture, picture_description) VALUES('sausage', 8, 3, 8, 'https://dummyimage.com/553x302', 'That against agree approach into most.');
INSERT INTO ingredient(title, cal_gr, cal_ml, food_group_id, picture, picture_description) VALUES('halibut', 3, 7, 17, 'https://placekitten.com/329/761', 'Necessary grow tonight effort center citizen.');
INSERT INTO ingredient(title, cal_gr, cal_ml, food_group_id, picture, picture_description) VALUES('strawberries', 7, 6, 14, 'https://picsum.photos/226/255', 'Me off night include myself.');
INSERT INTO ingredient(title, cal_gr, cal_ml, food_group_id, picture, picture_description) VALUES('salt', 4, 6, 11, 'https://dummyimage.com/118x483', 'Door series drop station.');
INSERT INTO ingredient(title, cal_gr, cal_ml, food_group_id, picture, picture_description) VALUES('fennel', 2, 6, 1, 'https://placekitten.com/189/977', 'Investment live among wish yeah any.');
INSERT INTO ingredient(title, cal_gr, cal_ml, food_group_id, picture, picture_description) VALUES('sumac', 6, 9, 15, 'https://placekitten.com/489/77', 'Cup employee similar senior.');
INSERT INTO ingredient(title, cal_gr, cal_ml, food_group_id, picture, picture_description) VALUES('buckwheat', 8, 1, 13, 'https://dummyimage.com/161x867', 'Mention view each choice.');
INSERT INTO ingredient(title, cal_gr, cal_ml, food_group_id, picture, picture_description) VALUES('farro', 6, 9, 20, 'https://picsum.photos/884/664', 'Investment coach animal business suggest possible church.');
INSERT INTO ingredient(title, cal_gr, cal_ml, food_group_id, picture, picture_description) VALUES('white wine vinegar', 5, 9, 3, 'https://placekitten.com/119/583', 'Friend bill score.');
INSERT INTO ingredient(title, cal_gr, cal_ml, food_group_id, picture, picture_description) VALUES('pasta sauce', 2, 4, 4, 'https://picsum.photos/828/344', 'Item product before total about.');
INSERT INTO ingredient(title, cal_gr, cal_ml, food_group_id, picture, picture_description) VALUES('yams', 2, 5, 9, 'https://picsum.photos/815/206', 'Because reach yes friend entire provide.');
INSERT INTO ingredient(title, cal_gr, cal_ml, food_group_id, picture, picture_description) VALUES('sweet potatoes', 1, 3, 9, 'https://dummyimage.com/77x820', 'Attorney be arm court enjoy pick.');
INSERT INTO ingredient(title, cal_gr, cal_ml, food_group_id, picture, picture_description) VALUES('herring', 3, 7, 9, 'https://picsum.photos/1000/518', 'Prove many speak factor.');
INSERT INTO ingredient(title, cal_gr, cal_ml, food_group_id, picture, picture_description) VALUES('rosemary', 7, 3, 18, 'https://picsum.photos/969/259', 'Low camera rate recently.');
INSERT INTO ingredient(title, cal_gr, cal_ml, food_group_id, picture, picture_description) VALUES('mint', 9, 10, 16, 'https://picsum.photos/92/153', 'Drive determine way environmental color stop.');
INSERT INTO ingredient(title, cal_gr, cal_ml, food_group_id, picture, picture_description) VALUES('pollock', 6, 2, 9, 'https://dummyimage.com/567x331', 'Conference car name issue dog trade.');
INSERT INTO ingredient(title, cal_gr, cal_ml, food_group_id, picture, picture_description) VALUES('honey', 1, 3, 14, 'https://picsum.photos/533/239', 'Begin determine check them base fill.');
INSERT INTO ingredient(title, cal_gr, cal_ml, food_group_id, picture, picture_description) VALUES('sage', 2, 5, 1, 'https://placekitten.com/651/905', 'Mouth find daughter road call great next.');
INSERT INTO ingredient(title, cal_gr, cal_ml, food_group_id, picture, picture_description) VALUES('sweet potatoes', 2, 5, 3, 'https://placekitten.com/568/263', 'Industry professional control.');
INSERT INTO ingredient(title, cal_gr, cal_ml, food_group_id, picture, picture_description) VALUES('sweet paprika', 10, 4, 3, 'https://picsum.photos/600/564', 'Region sit military eat understand memory heart face.');
INSERT INTO ingredient(title, cal_gr, cal_ml, food_group_id, picture, picture_description) VALUES('mahi mahi', 5, 2, 15, 'https://dummyimage.com/65x525', 'Room defense later group fill growth.');
INSERT INTO ingredient(title, cal_gr, cal_ml, food_group_id, picture, picture_description) VALUES('rabbit', 1, 6, 18, 'https://dummyimage.com/424x478', 'Play really evening article guess.');
INSERT INTO ingredient(title, cal_gr, cal_ml, food_group_id, picture, picture_description) VALUES('coriander', 7, 5, 20, 'https://picsum.photos/895/625', 'Front board somebody say maintain hard.');
INSERT INTO ingredient(title, cal_gr, cal_ml, food_group_id, picture, picture_description) VALUES('edamame', 3, 1, 17, 'https://placekitten.com/997/88', 'Time support test keep.');
INSERT INTO ingredient(title, cal_gr, cal_ml, food_group_id, picture, picture_description) VALUES('oyster', 4, 2, 6, 'https://picsum.photos/318/643', 'Require good art push.');
INSERT INTO ingredient(title, cal_gr, cal_ml, food_group_id, picture, picture_description) VALUES('okra', 5, 1, 6, 'https://picsum.photos/678/75', 'Interview court significant.');
INSERT INTO ingredient(title, cal_gr, cal_ml, food_group_id, picture, picture_description) VALUES('goose', 4, 5, 10, 'https://dummyimage.com/244x228', 'Member yet write would hot control.');
INSERT INTO ingredient(title, cal_gr, cal_ml, food_group_id, picture, picture_description) VALUES('basil', 9, 4, 10, 'https://dummyimage.com/761x233', 'Camera along respond deal often of.');
INSERT INTO ingredient(title, cal_gr, cal_ml, food_group_id, picture, picture_description) VALUES('leeks', 8, 9, 6, 'https://picsum.photos/601/201', 'Do only off focus already.');
INSERT INTO ingredient(title, cal_gr, cal_ml, food_group_id, picture, picture_description) VALUES('quick oats', 5, 6, 1, 'https://picsum.photos/184/942', 'Defense find indicate guy total.');
INSERT INTO ingredient(title, cal_gr, cal_ml, food_group_id, picture, picture_description) VALUES('tuna', 5, 1, 1, 'https://picsum.photos/679/818', 'During onto help also someone special.');
INSERT INTO ingredient(title, cal_gr, cal_ml, food_group_id, picture, picture_description) VALUES('chayote', 1, 9, 18, 'https://dummyimage.com/961x981', 'Approach herself direction.');
INSERT INTO ingredient(title, cal_gr, cal_ml, food_group_id, picture, picture_description) VALUES('balsamic vinegar', 4, 9, 16, 'https://placekitten.com/358/961', 'Civil what without serve security voice.');
INSERT INTO ingredient(title, cal_gr, cal_ml, food_group_id, picture, picture_description) VALUES('peas', 4, 8, 4, 'https://picsum.photos/636/945', 'Attack toward contain.');
INSERT INTO ingredient(title, cal_gr, cal_ml, food_group_id, picture, picture_description) VALUES('onion', 7, 8, 18, 'https://placekitten.com/885/840', 'Eye reduce might word college member management.');
INSERT INTO ingredient(title, cal_gr, cal_ml, food_group_id, picture, picture_description) VALUES('squab', 7, 9, 10, 'https://picsum.photos/594/429', 'Group friend pass nor exist be.');
INSERT INTO ingredient(title, cal_gr, cal_ml, food_group_id, picture, picture_description) VALUES('pheasant', 4, 4, 11, 'https://placekitten.com/234/749', 'Politics case purpose box claim age together.');
INSERT INTO ingredient(title, cal_gr, cal_ml, food_group_id, picture, picture_description) VALUES('sweet potatoes', 4, 3, 13, 'https://picsum.photos/823/7', 'Professor land image discussion so.');
INSERT INTO ingredient(title, cal_gr, cal_ml, food_group_id, picture, picture_description) VALUES('potato starch', 6, 1, 5, 'https://placekitten.com/337/767', 'Agreement detail whether radio.');
INSERT INTO ingredient(title, cal_gr, cal_ml, food_group_id, picture, picture_description) VALUES('creamed honey', 1, 2, 9, 'https://placekitten.com/86/1017', 'Song must attack company control specific maybe.');
INSERT INTO ingredient(title, cal_gr, cal_ml, food_group_id, picture, picture_description) VALUES('strawberry jam', 7, 3, 2, 'https://dummyimage.com/351x643', 'Move respond run born event feeling cut.');
INSERT INTO ingredient(title, cal_gr, cal_ml, food_group_id, picture, picture_description) VALUES('honey mustard', 2, 7, 17, 'https://placekitten.com/455/906', 'Note send hair large wide state.');
INSERT INTO ingredient(title, cal_gr, cal_ml, food_group_id, picture, picture_description) VALUES('rice syrup', 5, 10, 8, 'https://placekitten.com/218/165', 'Almost value will road environment suffer concern still.');
INSERT INTO ingredient(title, cal_gr, cal_ml, food_group_id, picture, picture_description) VALUES('cayenne pepper', 5, 1, 15, 'https://placekitten.com/47/32', 'Key store read mouth television.');
INSERT INTO ingredient(title, cal_gr, cal_ml, food_group_id, picture, picture_description) VALUES('kale', 3, 3, 9, 'https://placekitten.com/643/693', 'Capital head travel.');
INSERT INTO ingredient(title, cal_gr, cal_ml, food_group_id, picture, picture_description) VALUES('oregano', 8, 1, 9, 'https://picsum.photos/247/103', 'Public feel same beautiful daughter.');
INSERT INTO ingredient(title, cal_gr, cal_ml, food_group_id, picture, picture_description) VALUES('dulse', 6, 6, 18, 'https://picsum.photos/575/11', 'Direction before understand need partner.');
INSERT INTO ingredient(title, cal_gr, cal_ml, food_group_id, picture, picture_description) VALUES('oranges', 6, 4, 2, 'https://dummyimage.com/782x950', 'Stop vote determine establish well member card.');
INSERT INTO ingredient(title, cal_gr, cal_ml, food_group_id, picture, picture_description) VALUES('farro', 5, 4, 12, 'https://picsum.photos/811/93', 'Describe west happy member.');
INSERT INTO ingredient(title, cal_gr, cal_ml, food_group_id, picture, picture_description) VALUES('mace', 3, 1, 11, 'https://placekitten.com/992/54', 'Husband civil many treatment value choose.');
INSERT INTO ingredient(title, cal_gr, cal_ml, food_group_id, picture, picture_description) VALUES('raspberries', 7, 2, 16, 'https://dummyimage.com/870x377', 'Decide water president eat number too enough.');
INSERT INTO ingredient(title, cal_gr, cal_ml, food_group_id, picture, picture_description) VALUES('ground beef', 5, 9, 7, 'https://dummyimage.com/248x987', 'Order success firm space their few.');
INSERT INTO ingredient(title, cal_gr, cal_ml, food_group_id, picture, picture_description) VALUES('dates', 4, 9, 1, 'https://dummyimage.com/256x348', 'Skill question spring join.');
INSERT INTO ingredient(title, cal_gr, cal_ml, food_group_id, picture, picture_description) VALUES('raw honey', 2, 5, 3, 'https://picsum.photos/894/387', 'In meeting chance determine.');
INSERT INTO ingredient(title, cal_gr, cal_ml, food_group_id, picture, picture_description) VALUES('wakame', 3, 7, 19, 'https://picsum.photos/794/568', 'Consumer officer couple little.');
INSERT INTO ingredient(title, cal_gr, cal_ml, food_group_id, picture, picture_description) VALUES('garlic powder', 1, 7, 1, 'https://placekitten.com/395/900', 'Main between woman the know threat position.');
INSERT INTO ingredient(title, cal_gr, cal_ml, food_group_id, picture, picture_description) VALUES('asparagus', 5, 5, 8, 'https://dummyimage.com/891x445', 'Risk direction of possible he lose assume poor.');
INSERT INTO ingredient(title, cal_gr, cal_ml, food_group_id, picture, picture_description) VALUES('marmalade', 2, 10, 17, 'https://dummyimage.com/628x314', 'Speech soon art occur today culture day.');
INSERT INTO ingredient(title, cal_gr, cal_ml, food_group_id, picture, picture_description) VALUES('sugar snap peas', 3, 10, 13, 'https://dummyimage.com/517x176', 'Consumer a truth development drug there including.');
INSERT INTO ingredient(title, cal_gr, cal_ml, food_group_id, picture, picture_description) VALUES('yams', 6, 8, 5, 'https://dummyimage.com/16x234', 'Laugh make age different.');
INSERT INTO ingredient(title, cal_gr, cal_ml, food_group_id, picture, picture_description) VALUES('ground pork', 5, 10, 5, 'https://dummyimage.com/75x641', 'Prepare move difference individual peace space.');
INSERT INTO ingredient(title, cal_gr, cal_ml, food_group_id, picture, picture_description) VALUES('dulse', 1, 9, 14, 'https://dummyimage.com/895x974', 'Still town start decision.');
INSERT INTO ingredient(title, cal_gr, cal_ml, food_group_id, picture, picture_description) VALUES('flour', 9, 3, 17, 'https://placekitten.com/441/944', 'Yet meet brother rate tonight.');
INSERT INTO ingredient(title, cal_gr, cal_ml, food_group_id, picture, picture_description) VALUES('sea cucumber', 9, 10, 1, 'https://dummyimage.com/18x27', 'Major citizen cover stand themselves its player value.');
INSERT INTO ingredient(title, cal_gr, cal_ml, food_group_id, picture, picture_description) VALUES('oranges', 10, 4, 3, 'https://placekitten.com/805/5', 'Against kid foot others from.');
INSERT INTO ingredient(title, cal_gr, cal_ml, food_group_id, picture, picture_description) VALUES('walnuts', 1, 1, 5, 'https://dummyimage.com/99x161', 'So figure national.');
INSERT INTO ingredient(title, cal_gr, cal_ml, food_group_id, picture, picture_description) VALUES('cherries', 6, 2, 13, 'https://placekitten.com/236/187', 'Yet federal single true.');
INSERT INTO ingredient(title, cal_gr, cal_ml, food_group_id, picture, picture_description) VALUES('raspberry jam', 8, 9, 2, 'https://placekitten.com/367/808', 'Science time brother less main know blood.');
INSERT INTO ingredient(title, cal_gr, cal_ml, food_group_id, picture, picture_description) VALUES('rutabaga', 1, 9, 8, 'https://dummyimage.com/778x409', 'Position strategy hotel sense everything body among.');
INSERT INTO ingredient(title, cal_gr, cal_ml, food_group_id, picture, picture_description) VALUES('gelatin', 8, 5, 1, 'https://picsum.photos/537/415', 'Hope participant guess owner commercial chance.');
INSERT INTO ingredient(title, cal_gr, cal_ml, food_group_id, picture, picture_description) VALUES('fava beans', 8, 2, 17, 'https://placekitten.com/487/251', 'Indicate almost know.');
INSERT INTO ingredient(title, cal_gr, cal_ml, food_group_id, picture, picture_description) VALUES('pearl barley', 9, 2, 17, 'https://picsum.photos/900/129', 'If media stand specific.');
INSERT INTO ingredient(title, cal_gr, cal_ml, food_group_id, picture, picture_description) VALUES('venison', 2, 8, 9, 'https://picsum.photos/259/969', 'Agree mean point.');
INSERT INTO ingredient(title, cal_gr, cal_ml, food_group_id, picture, picture_description) VALUES('peas', 2, 5, 8, 'https://picsum.photos/398/144', 'Start indicate edge drive style.');
INSERT INTO ingredient(title, cal_gr, cal_ml, food_group_id, picture, picture_description) VALUES('brown sugar', 4, 4, 15, 'https://dummyimage.com/199x836', 'Around born into occur Democrat stuff television quality.');
INSERT INTO ingredient(title, cal_gr, cal_ml, food_group_id, picture, picture_description) VALUES('great northern beans', 8, 7, 3, 'https://picsum.photos/382/895', 'Lead foot nearly point meeting.');
INSERT INTO ingredient(title, cal_gr, cal_ml, food_group_id, picture, picture_description) VALUES('green beans', 8, 5, 2, 'https://picsum.photos/1015/697', 'Boy meeting mean rest hear include.');
INSERT INTO ingredient(title, cal_gr, cal_ml, food_group_id, picture, picture_description) VALUES('garam masala', 10, 4, 3, 'https://dummyimage.com/560x493', 'Either sport partner daughter young positive special.');
INSERT INTO ingredient(title, cal_gr, cal_ml, food_group_id, picture, picture_description) VALUES('pumpkin seeds', 10, 3, 11, 'https://dummyimage.com/31x162', 'Growth ready upon human.');
INSERT INTO ingredient(title, cal_gr, cal_ml, food_group_id, picture, picture_description) VALUES('mustard', 5, 5, 20, 'https://placekitten.com/196/615', 'Continue politics more information.');
INSERT INTO ingredient(title, cal_gr, cal_ml, food_group_id, picture, picture_description) VALUES('pasta sauce', 10, 3, 1, 'https://placekitten.com/802/800', 'Cultural project no wish experience probably.');
INSERT INTO ingredient(title, cal_gr, cal_ml, food_group_id, picture, picture_description) VALUES('swordfish', 8, 1, 16, 'https://dummyimage.com/810x384', 'Who since yeah letter.');
INSERT INTO ingredient(title, cal_gr, cal_ml, food_group_id, picture, picture_description) VALUES('spinach', 5, 2, 7, 'https://placekitten.com/492/155', 'Voice street these environment skin little fine.');
INSERT INTO ingredient(title, cal_gr, cal_ml, food_group_id, picture, picture_description) VALUES('ostrich', 8, 5, 17, 'https://picsum.photos/376/362', 'Choose nothing deep from.');
INSERT INTO ingredient(title, cal_gr, cal_ml, food_group_id, picture, picture_description) VALUES('asparagus', 5, 8, 15, 'https://placekitten.com/316/293', 'Difference summer forget support few environment house.');
INSERT INTO ingredient(title, cal_gr, cal_ml, food_group_id, picture, picture_description) VALUES('black pepper', 8, 2, 18, 'https://dummyimage.com/891x450', 'Actually technology heart a whether direction education.');
INSERT INTO ingredient(title, cal_gr, cal_ml, food_group_id, picture, picture_description) VALUES('rosemary', 4, 5, 3, 'https://placekitten.com/203/946', 'Old mean east expert wide head.');
INSERT INTO ingredient(title, cal_gr, cal_ml, food_group_id, picture, picture_description) VALUES('coriander', 8, 1, 10, 'https://placekitten.com/255/43', 'Special receive near spend child music entire human.');
INSERT INTO ingredient(title, cal_gr, cal_ml, food_group_id, picture, picture_description) VALUES('pasta sauce', 8, 2, 17, 'https://placekitten.com/184/687', 'Two speech note for until he.');
INSERT INTO ingredient(title, cal_gr, cal_ml, food_group_id, picture, picture_description) VALUES('asparagus', 8, 5, 13, 'https://dummyimage.com/78x682', 'Production visit sing knowledge left.');
INSERT INTO ingredient(title, cal_gr, cal_ml, food_group_id, picture, picture_description) VALUES('safflower', 4, 4, 3, 'https://placekitten.com/650/224', 'Compare box sea quality relationship decide decide property.');
INSERT INTO ingredient(title, cal_gr, cal_ml, food_group_id, picture, picture_description) VALUES('maple syrup', 10, 2, 5, 'https://dummyimage.com/682x912', 'Place community will.');
INSERT INTO ingredient(title, cal_gr, cal_ml, food_group_id, picture, picture_description) VALUES('mustard', 9, 5, 12, 'https://picsum.photos/913/155', 'Air this sea mean beat discussion catch.');
INSERT INTO ingredient(title, cal_gr, cal_ml, food_group_id, picture, picture_description) VALUES('flour', 3, 10, 17, 'https://dummyimage.com/841x487', 'Piece indeed arm think act.');
INSERT INTO ingredient(title, cal_gr, cal_ml, food_group_id, picture, picture_description) VALUES('ginger', 5, 2, 12, 'https://picsum.photos/883/414', 'Would agree success table teach majority.');
INSERT INTO ingredient(title, cal_gr, cal_ml, food_group_id, picture, picture_description) VALUES('cloves', 4, 8, 16, 'https://placekitten.com/765/202', 'Oil actually himself energy per assume.');
INSERT INTO ingredient(title, cal_gr, cal_ml, food_group_id, picture, picture_description) VALUES('mustard seeds', 7, 1, 6, 'https://dummyimage.com/769x212', 'Identify bill rule song.');
INSERT INTO ingredient(title, cal_gr, cal_ml, food_group_id, picture, picture_description) VALUES('galangal', 1, 8, 15, 'https://placekitten.com/50/237', 'Like short suggest fight paper instead other property.');
INSERT INTO ingredient(title, cal_gr, cal_ml, food_group_id, picture, picture_description) VALUES('garlic', 7, 5, 5, 'https://dummyimage.com/971x506', 'Life billion pick owner appear film dog.');
INSERT INTO ingredient(title, cal_gr, cal_ml, food_group_id, picture, picture_description) VALUES('safflower', 7, 6, 13, 'https://dummyimage.com/818x59', 'Third play oil chair safe fight total.');
INSERT INTO ingredient(title, cal_gr, cal_ml, food_group_id, picture, picture_description) VALUES('honey', 6, 2, 11, 'https://picsum.photos/592/28', 'Report red share each travel clearly.');
INSERT INTO ingredient(title, cal_gr, cal_ml, food_group_id, picture, picture_description) VALUES('jicama', 1, 6, 11, 'https://picsum.photos/487/780', 'Woman show pass center south standard big.');
INSERT INTO ingredient(title, cal_gr, cal_ml, food_group_id, picture, picture_description) VALUES('kombu', 7, 2, 7, 'https://picsum.photos/789/708', 'Company next similar very affect establish manage.');
INSERT INTO ingredient(title, cal_gr, cal_ml, food_group_id, picture, picture_description) VALUES('crab', 1, 5, 9, 'https://dummyimage.com/334x1', 'Race section for author here us my.');
INSERT INTO ingredient(title, cal_gr, cal_ml, food_group_id, picture, picture_description) VALUES('soy sauce', 6, 2, 13, 'https://placekitten.com/249/941', 'Maintain student building thought.');
INSERT INTO ingredient(title, cal_gr, cal_ml, food_group_id, picture, picture_description) VALUES('raspberries', 7, 10, 3, 'https://picsum.photos/629/469', 'Test step best.');
INSERT INTO ingredient(title, cal_gr, cal_ml, food_group_id, picture, picture_description) VALUES('sriracha', 6, 7, 9, 'https://picsum.photos/897/671', 'Finish raise range support.');
INSERT INTO ingredient(title, cal_gr, cal_ml, food_group_id, picture, picture_description) VALUES('safflower', 1, 5, 4, 'https://dummyimage.com/917x564', 'Myself career teacher threat drug recently pull business.');
INSERT INTO ingredient(title, cal_gr, cal_ml, food_group_id, picture, picture_description) VALUES('farro', 1, 5, 5, 'https://dummyimage.com/12x627', 'Scientist turn question south.');
INSERT INTO ingredient(title, cal_gr, cal_ml, food_group_id, picture, picture_description) VALUES('onion powder', 4, 5, 14, 'https://picsum.photos/326/906', 'Give they class available.');
INSERT INTO ingredient(title, cal_gr, cal_ml, food_group_id, picture, picture_description) VALUES('tomato', 9, 6, 7, 'https://picsum.photos/187/821', 'East professional them important.');
INSERT INTO ingredient(title, cal_gr, cal_ml, food_group_id, picture, picture_description) VALUES('pectin', 6, 7, 1, 'https://dummyimage.com/239x63', 'Cut onto itself get law gun.');
INSERT INTO ingredient(title, cal_gr, cal_ml, food_group_id, picture, picture_description) VALUES('walnuts', 7, 9, 18, 'https://dummyimage.com/788x137', 'Executive school degree foot executive tell.');
INSERT INTO ingredient(title, cal_gr, cal_ml, food_group_id, picture, picture_description) VALUES('pomegranate molasses', 4, 2, 2, 'https://dummyimage.com/984x621', 'Tv vote last note television eight else billion.');
INSERT INTO ingredient(title, cal_gr, cal_ml, food_group_id, picture, picture_description) VALUES('sumac', 7, 8, 20, 'https://picsum.photos/320/885', 'Loss him style.');
INSERT INTO ingredient(title, cal_gr, cal_ml, food_group_id, picture, picture_description) VALUES('quail', 3, 5, 16, 'https://placekitten.com/770/252', 'Type process film middle.');
INSERT INTO ingredient(title, cal_gr, cal_ml, food_group_id, picture, picture_description) VALUES('cannellini beans', 1, 9, 5, 'https://dummyimage.com/664x913', 'Treatment town unit long who.');
INSERT INTO ingredient(title, cal_gr, cal_ml, food_group_id, picture, picture_description) VALUES('apples', 3, 8, 14, 'https://placekitten.com/354/520', 'Their including yard agent summer standard hear.');
INSERT INTO ingredient(title, cal_gr, cal_ml, food_group_id, picture, picture_description) VALUES('pumpkin', 6, 5, 10, 'https://dummyimage.com/874x41', 'Rock recently radio behavior PM yeah.');
INSERT INTO ingredient(title, cal_gr, cal_ml, food_group_id, picture, picture_description) VALUES('spelt', 5, 5, 13, 'https://dummyimage.com/768x415', 'Office three war plan half blue.');
INSERT INTO ingredient(title, cal_gr, cal_ml, food_group_id, picture, picture_description) VALUES('rice', 4, 5, 16, 'https://placekitten.com/631/235', 'Set very produce now plan dream phone.');
INSERT INTO ingredient(title, cal_gr, cal_ml, food_group_id, picture, picture_description) VALUES('baharat', 9, 7, 4, 'https://dummyimage.com/872x674', 'Firm management land without none deal.');
INSERT INTO ingredient(title, cal_gr, cal_ml, food_group_id, picture, picture_description) VALUES('baking soda', 3, 3, 3, 'https://dummyimage.com/325x115', 'Site threat door sister kid.');
INSERT INTO ingredient(title, cal_gr, cal_ml, food_group_id, picture, picture_description) VALUES('garlic powder', 4, 9, 16, 'https://picsum.photos/838/157', 'Common debate begin check.');
INSERT INTO ingredient(title, cal_gr, cal_ml, food_group_id, picture, picture_description) VALUES('guajillo powder', 9, 4, 15, 'https://picsum.photos/618/740', 'Network pressure difference analysis.');
INSERT INTO ingredient(title, cal_gr, cal_ml, food_group_id, picture, picture_description) VALUES('vital wheat gluten', 6, 8, 14, 'https://placekitten.com/665/70', 'Personal evidence knowledge do control consider.');
INSERT INTO ingredient(title, cal_gr, cal_ml, food_group_id, picture, picture_description) VALUES('tapioca', 3, 9, 7, 'https://placekitten.com/711/274', 'Several assume field guy event door.');
INSERT INTO ingredient(title, cal_gr, cal_ml, food_group_id, picture, picture_description) VALUES('avocado', 4, 2, 6, 'https://picsum.photos/684/786', 'Successful actually know than site responsibility feeling discussion.');
INSERT INTO ingredient(title, cal_gr, cal_ml, food_group_id, picture, picture_description) VALUES('raspberry jam', 6, 9, 3, 'https://picsum.photos/451/611', 'Night local green recent turn bar.');
INSERT INTO ingredient(title, cal_gr, cal_ml, food_group_id, picture, picture_description) VALUES('basil', 6, 4, 12, 'https://placekitten.com/60/795', 'Marriage itself possible our decide work.');
INSERT INTO ingredient(title, cal_gr, cal_ml, food_group_id, picture, picture_description) VALUES('buckwheat flour', 5, 10, 7, 'https://dummyimage.com/446x668', 'Receive factor read.');
INSERT INTO ingredient(title, cal_gr, cal_ml, food_group_id, picture, picture_description) VALUES('dates', 1, 7, 13, 'https://dummyimage.com/907x421', 'Man contain traditional write huge against father.');
INSERT INTO ingredient(title, cal_gr, cal_ml, food_group_id, picture, picture_description) VALUES('canned tomatoes', 7, 9, 7, 'https://dummyimage.com/300x354', 'Bring seem challenge benefit edge.');
INSERT INTO ingredient(title, cal_gr, cal_ml, food_group_id, picture, picture_description) VALUES('tandoori masala', 7, 5, 11, 'https://placekitten.com/846/553', 'Voice exist seek receive night effort wear.');
INSERT INTO ingredient(title, cal_gr, cal_ml, food_group_id, picture, picture_description) VALUES('black pepper', 1, 8, 9, 'https://picsum.photos/455/676', 'Single something enjoy garden role positive.');
INSERT INTO ingredient(title, cal_gr, cal_ml, food_group_id, picture, picture_description) VALUES('lentils', 10, 6, 5, 'https://picsum.photos/27/557', 'Half point garden meet interview.');
INSERT INTO ingredient(title, cal_gr, cal_ml, food_group_id, picture, picture_description) VALUES('zucchini', 9, 9, 7, 'https://dummyimage.com/913x1021', 'Moment similar right gas truth social.');
INSERT INTO ingredient(title, cal_gr, cal_ml, food_group_id, picture, picture_description) VALUES('hemp seeds', 2, 5, 8, 'https://dummyimage.com/371x973', 'Treatment each election ready dog easy.');
INSERT INTO ingredient(title, cal_gr, cal_ml, food_group_id, picture, picture_description) VALUES('eggplant', 7, 7, 15, 'https://placekitten.com/68/403', 'Draw movie strong go marriage professor court.');
INSERT INTO ingredient(title, cal_gr, cal_ml, food_group_id, picture, picture_description) VALUES('white wine vinegar', 7, 5, 1, 'https://placekitten.com/472/870', 'Could represent American ever brother chance month.');
INSERT INTO ingredient(title, cal_gr, cal_ml, food_group_id, picture, picture_description) VALUES('mustard', 3, 1, 14, 'https://dummyimage.com/197x304', 'Field old free bad.');
INSERT INTO ingredient(title, cal_gr, cal_ml, food_group_id, picture, picture_description) VALUES('teff flour', 8, 10, 16, 'https://picsum.photos/692/815', 'After man major current me will.');
INSERT INTO ingredient(title, cal_gr, cal_ml, food_group_id, picture, picture_description) VALUES('fruit jelly', 1, 2, 13, 'https://placekitten.com/942/459', 'Front change couple next.');
INSERT INTO ingredient(title, cal_gr, cal_ml, food_group_id, picture, picture_description) VALUES('agave nectar', 9, 8, 15, 'https://placekitten.com/650/740', 'Improve seek analysis value.');
INSERT INTO ingredient(title, cal_gr, cal_ml, food_group_id, picture, picture_description) VALUES('trout', 4, 2, 8, 'https://dummyimage.com/947x965', 'Feeling nation agent majority bad teacher.');
INSERT INTO ingredient(title, cal_gr, cal_ml, food_group_id, picture, picture_description) VALUES('flavored honey', 3, 3, 17, 'https://placekitten.com/870/385', 'What bar region road.');
INSERT INTO ingredient(title, cal_gr, cal_ml, food_group_id, picture, picture_description) VALUES('prepared mustard', 2, 8, 3, 'https://placekitten.com/258/32', 'Just organization spring every ahead type establish.');
INSERT INTO ingredient(title, cal_gr, cal_ml, food_group_id, picture, picture_description) VALUES('vinegar', 9, 1, 1, 'https://dummyimage.com/554x279', 'Science decide chair today professor.');
INSERT INTO ingredient(title, cal_gr, cal_ml, food_group_id, picture, picture_description) VALUES('cilantro', 3, 4, 19, 'https://dummyimage.com/552x268', 'Gun today itself recently media worry.');
INSERT INTO ingredient(title, cal_gr, cal_ml, food_group_id, picture, picture_description) VALUES('fenugreek', 1, 5, 5, 'https://placekitten.com/86/829', 'Manage man certain mention.');
INSERT INTO ingredient(title, cal_gr, cal_ml, food_group_id, picture, picture_description) VALUES('cashews', 5, 9, 14, 'https://dummyimage.com/860x569', 'Dream least positive now.');
INSERT INTO ingredient(title, cal_gr, cal_ml, food_group_id, picture, picture_description) VALUES('curry powder', 2, 2, 3, 'https://picsum.photos/375/440', 'Begin discuss direction.');
INSERT INTO ingredient(title, cal_gr, cal_ml, food_group_id, picture, picture_description) VALUES('brown sugar', 5, 9, 19, 'https://picsum.photos/856/371', 'Tv machine these recently.');
INSERT INTO ingredient(title, cal_gr, cal_ml, food_group_id, picture, picture_description) VALUES('beetroot', 4, 7, 9, 'https://placekitten.com/835/617', 'Century race less like amount.');
INSERT INTO ingredient(title, cal_gr, cal_ml, food_group_id, picture, picture_description) VALUES('sunflower seeds', 4, 10, 1, 'https://picsum.photos/427/684', 'Kid bring security free minute.');
INSERT INTO ingredient(title, cal_gr, cal_ml, food_group_id, picture, picture_description) VALUES('five-spice powder', 1, 9, 10, 'https://placekitten.com/303/97', 'Open management series occur can.');
INSERT INTO ingredient(title, cal_gr, cal_ml, food_group_id, picture, picture_description) VALUES('cuttlefish', 8, 5, 11, 'https://dummyimage.com/862x137', 'Night gun hospital interview he.');
INSERT INTO ingredient(title, cal_gr, cal_ml, food_group_id, picture, picture_description) VALUES('dijon mustard', 4, 8, 17, 'https://picsum.photos/185/902', 'Return house large option happen dream.');
INSERT INTO ingredient(title, cal_gr, cal_ml, food_group_id, picture, picture_description) VALUES('salt', 4, 9, 8, 'https://placekitten.com/309/105', 'Thank purpose travel training dog.');
INSERT INTO ingredient(title, cal_gr, cal_ml, food_group_id, picture, picture_description) VALUES('eucalyptus honey', 1, 7, 10, 'https://dummyimage.com/493x918', 'Know bring control space smile half glass.');
INSERT INTO ingredient(title, cal_gr, cal_ml, food_group_id, picture, picture_description) VALUES('blueberry jam', 1, 1, 7, 'https://picsum.photos/940/297', 'Rule attention speak program list through.');
INSERT INTO ingredient(title, cal_gr, cal_ml, food_group_id, picture, picture_description) VALUES('honey mustard', 8, 7, 3, 'https://placekitten.com/266/204', 'Account important me responsibility yourself onto keep design.');
INSERT INTO ingredient(title, cal_gr, cal_ml, food_group_id, picture, picture_description) VALUES('quick oats', 5, 4, 14, 'https://placekitten.com/184/900', 'Road military whom risk.');
INSERT INTO ingredient(title, cal_gr, cal_ml, food_group_id, picture, picture_description) VALUES('bread crumbs', 6, 4, 16, 'https://picsum.photos/670/38', 'Improve perhaps point garden almost.');
INSERT INTO ingredient(title, cal_gr, cal_ml, food_group_id, picture, picture_description) VALUES('lobster', 1, 6, 14, 'https://picsum.photos/659/420', 'Movie chance woman environment treatment.');
INSERT INTO ingredient(title, cal_gr, cal_ml, food_group_id, picture, picture_description) VALUES('fruit preserves', 6, 7, 7, 'https://placekitten.com/564/914', 'Fall red defense part.');
INSERT INTO ingredient(title, cal_gr, cal_ml, food_group_id, picture, picture_description) VALUES('oregano', 1, 5, 17, 'https://picsum.photos/393/909', 'Rise community stand figure table.');
INSERT INTO ingredient(title, cal_gr, cal_ml, food_group_id, picture, picture_description) VALUES('catfish', 2, 4, 16, 'https://picsum.photos/316/747', 'Step popular computer trouble four deal.');
INSERT INTO ingredient(title, cal_gr, cal_ml, food_group_id, picture, picture_description) VALUES('fava beans', 4, 5, 7, 'https://dummyimage.com/276x263', 'Mention others case popular world show enter.');
INSERT INTO ingredient(title, cal_gr, cal_ml, food_group_id, picture, picture_description) VALUES('raw honey', 4, 8, 8, 'https://picsum.photos/887/381', 'Before board father material our.');
INSERT INTO ingredient(title, cal_gr, cal_ml, food_group_id, picture, picture_description) VALUES('adzuki beans', 5, 5, 4, 'https://placekitten.com/573/709', 'Recently those president.');
INSERT INTO ingredient(title, cal_gr, cal_ml, food_group_id, picture, picture_description) VALUES('salmon', 10, 8, 20, 'https://picsum.photos/91/46', 'Election month state one involve drug word.');
INSERT INTO ingredient(title, cal_gr, cal_ml, food_group_id, picture, picture_description) VALUES('kasha', 3, 4, 16, 'https://dummyimage.com/930x94', 'Yard short huge sister site.');
INSERT INTO ingredient(title, cal_gr, cal_ml, food_group_id, picture, picture_description) VALUES('sesame seeds', 7, 1, 20, 'https://placekitten.com/608/206', 'Weight system painting represent food.');
INSERT INTO ingredient(title, cal_gr, cal_ml, food_group_id, picture, picture_description) VALUES('chickpeas', 3, 7, 2, 'https://picsum.photos/558/177', 'Be high off.');
INSERT INTO ingredient(title, cal_gr, cal_ml, food_group_id, picture, picture_description) VALUES('rice syrup', 4, 1, 20, 'https://dummyimage.com/892x695', 'Personal tend whether might far.');
INSERT INTO ingredient(title, cal_gr, cal_ml, food_group_id, picture, picture_description) VALUES('lemon balm', 3, 7, 2, 'https://picsum.photos/227/356', 'Happy method career week information.');
INSERT INTO ingredient(title, cal_gr, cal_ml, food_group_id, picture, picture_description) VALUES('parsley', 1, 3, 13, 'https://picsum.photos/959/338', 'Store adult fish central own site.');
INSERT INTO ingredient(title, cal_gr, cal_ml, food_group_id, picture, picture_description) VALUES('walnuts', 8, 6, 4, 'https://placekitten.com/623/602', 'Media citizen throughout possible.');
INSERT INTO ingredient(title, cal_gr, cal_ml, food_group_id, picture, picture_description) VALUES('mustard seeds', 2, 3, 11, 'https://picsum.photos/604/653', 'Last knowledge Congress field.');
INSERT INTO ingredient(title, cal_gr, cal_ml, food_group_id, picture, picture_description) VALUES('cranberries', 4, 3, 17, 'https://dummyimage.com/663x491', 'Son because form value ten TV.');
INSERT INTO ingredient(title, cal_gr, cal_ml, food_group_id, picture, picture_description) VALUES('spanish paprika', 8, 1, 10, 'https://placekitten.com/240/523', 'Charge foreign tell affect.');
INSERT INTO ingredient(title, cal_gr, cal_ml, food_group_id, picture, picture_description) VALUES('cucumber', 7, 6, 11, 'https://placekitten.com/206/368', 'Someone thing fish certainly seven really.');
INSERT INTO ingredient(title, cal_gr, cal_ml, food_group_id, picture, picture_description) VALUES('squab', 8, 3, 4, 'https://placekitten.com/711/703', 'Under lead present analysis.');
INSERT INTO ingredient(title, cal_gr, cal_ml, food_group_id, picture, picture_description) VALUES('pearl barley', 1, 2, 9, 'https://placekitten.com/657/207', 'Third good really idea technology set.');
INSERT INTO ingredient(title, cal_gr, cal_ml, food_group_id, picture, picture_description) VALUES('sunflower seeds', 2, 6, 14, 'https://dummyimage.com/742x920', 'Those song figure be.');
INSERT INTO ingredient(title, cal_gr, cal_ml, food_group_id, picture, picture_description) VALUES('chicken broth', 2, 9, 7, 'https://picsum.photos/881/80', 'Executive true Congress trial Mrs card eat.');
INSERT INTO ingredient(title, cal_gr, cal_ml, food_group_id, picture, picture_description) VALUES('caramel sauce', 7, 6, 10, 'https://placekitten.com/284/905', 'Southern realize us appear action down single check.');
INSERT INTO ingredient(title, cal_gr, cal_ml, food_group_id, picture, picture_description) VALUES('sweet paprika', 7, 2, 2, 'https://placekitten.com/305/320', 'Huge look everyone whether site quite fight.');
INSERT INTO ingredient(title, cal_gr, cal_ml, food_group_id, picture, picture_description) VALUES('vital wheat gluten', 8, 4, 12, 'https://dummyimage.com/71x745', 'Range late none source.');
INSERT INTO ingredient(title, cal_gr, cal_ml, food_group_id, picture, picture_description) VALUES('guajillo powder', 9, 8, 7, 'https://placekitten.com/678/14', 'Necessary nearly across long stock huge note.');
INSERT INTO ingredient(title, cal_gr, cal_ml, food_group_id, picture, picture_description) VALUES('paprika', 6, 6, 16, 'https://picsum.photos/1010/92', 'Baby now focus end language back training.');
INSERT INTO ingredient(title, cal_gr, cal_ml, food_group_id, picture, picture_description) VALUES('flax seeds', 1, 7, 8, 'https://placekitten.com/910/631', 'Much main summer worry design issue including meeting.');
INSERT INTO ingredient(title, cal_gr, cal_ml, food_group_id, picture, picture_description) VALUES('concord grape jelly', 7, 1, 13, 'https://placekitten.com/258/865', 'When develop develop age event.');
INSERT INTO ingredient(title, cal_gr, cal_ml, food_group_id, picture, picture_description) VALUES('yeast', 1, 8, 3, 'https://dummyimage.com/31x857', 'Hope road set off piece college lawyer.');
INSERT INTO ingredient(title, cal_gr, cal_ml, food_group_id, picture, picture_description) VALUES('navy beans', 1, 5, 7, 'https://picsum.photos/821/82', 'Water follow player medical agree reveal usually.');
INSERT INTO ingredient(title, cal_gr, cal_ml, food_group_id, picture, picture_description) VALUES('mustard', 2, 10, 11, 'https://dummyimage.com/473x555', 'World born according government glass our both such.');
INSERT INTO ingredient(title, cal_gr, cal_ml, food_group_id, picture, picture_description) VALUES('buckwheat', 6, 5, 11, 'https://dummyimage.com/676x674', 'Compare whole operation stay.');
INSERT INTO ingredient(title, cal_gr, cal_ml, food_group_id, picture, picture_description) VALUES('eggs', 10, 1, 9, 'https://picsum.photos/945/642', 'Billion health your movement whatever effect agent.');
INSERT INTO ingredient(title, cal_gr, cal_ml, food_group_id, picture, picture_description) VALUES('hungarian paprika', 6, 5, 10, 'https://picsum.photos/540/738', 'New report him offer travel serious get.');
INSERT INTO ingredient(title, cal_gr, cal_ml, food_group_id, picture, picture_description) VALUES('rosemary', 1, 10, 3, 'https://picsum.photos/604/521', 'Any arrive necessary more learn organization.');
INSERT INTO ingredient(title, cal_gr, cal_ml, food_group_id, picture, picture_description) VALUES('buckwheat', 1, 4, 4, 'https://dummyimage.com/146x521', 'Century back young son.');
INSERT INTO ingredient(title, cal_gr, cal_ml, food_group_id, picture, picture_description) VALUES('potato starch', 8, 8, 13, 'https://picsum.photos/920/483', 'Speak very future standard listen sister economy.');
INSERT INTO ingredient(title, cal_gr, cal_ml, food_group_id, picture, picture_description) VALUES('dry mustard', 5, 7, 16, 'https://picsum.photos/407/173', 'Mr offer chair two keep continue in.');
INSERT INTO ingredient(title, cal_gr, cal_ml, food_group_id, picture, picture_description) VALUES('sage', 3, 8, 6, 'https://picsum.photos/606/878', 'Radio station name.');
INSERT INTO ingredient(title, cal_gr, cal_ml, food_group_id, picture, picture_description) VALUES('walnuts', 1, 5, 5, 'https://placekitten.com/523/907', 'Research worker agree suffer.');
INSERT INTO ingredient(title, cal_gr, cal_ml, food_group_id, picture, picture_description) VALUES('oats', 10, 4, 11, 'https://dummyimage.com/37x123', 'Down onto wonder decide avoid.');
INSERT INTO ingredient(title, cal_gr, cal_ml, food_group_id, picture, picture_description) VALUES('pumpkin butter', 6, 8, 12, 'https://picsum.photos/470/220', 'Better once both itself yet.');
INSERT INTO ingredient(title, cal_gr, cal_ml, food_group_id, picture, picture_description) VALUES('cherries', 10, 2, 17, 'https://placekitten.com/823/964', 'Food someone continue big.');
INSERT INTO ingredient(title, cal_gr, cal_ml, food_group_id, picture, picture_description) VALUES('red wine vinegar', 4, 7, 6, 'https://placekitten.com/198/927', 'Black second prove have campaign partner serve.');
INSERT INTO ingredient(title, cal_gr, cal_ml, food_group_id, picture, picture_description) VALUES('spelt flour', 4, 7, 3, 'https://placekitten.com/967/773', 'Participant interest control less.');
INSERT INTO ingredient(title, cal_gr, cal_ml, food_group_id, picture, picture_description) VALUES('dill seeds', 1, 8, 18, 'https://dummyimage.com/195x327', 'Development piece school easy real yourself.');
INSERT INTO ingredient(title, cal_gr, cal_ml, food_group_id, picture, picture_description) VALUES('snapper', 9, 6, 6, 'https://placekitten.com/1012/894', 'Data generation worker assume.');
INSERT INTO ingredient(title, cal_gr, cal_ml, food_group_id, picture, picture_description) VALUES('farro', 7, 2, 3, 'https://picsum.photos/241/975', 'Piece upon prove ability author already it.');
INSERT INTO ingredient(title, cal_gr, cal_ml, food_group_id, picture, picture_description) VALUES('bay leaves', 5, 10, 3, 'https://dummyimage.com/258x414', 'Foot decide power cover use dark.');
INSERT INTO ingredient(title, cal_gr, cal_ml, food_group_id, picture, picture_description) VALUES('onion', 4, 2, 14, 'https://placekitten.com/511/656', 'Around program add religious week agency which.');
INSERT INTO ingredient(title, cal_gr, cal_ml, food_group_id, picture, picture_description) VALUES('ancho chili powder', 8, 8, 6, 'https://dummyimage.com/862x897', 'Truth save record.');
INSERT INTO ingredient(title, cal_gr, cal_ml, food_group_id, picture, picture_description) VALUES('bananas', 4, 3, 14, 'https://placekitten.com/72/322', 'Less number she ten life explain through adult.');
INSERT INTO ingredient(title, cal_gr, cal_ml, food_group_id, picture, picture_description) VALUES('potatoes', 8, 10, 8, 'https://placekitten.com/904/8', 'Task smile look study before this.');
INSERT INTO ingredient(title, cal_gr, cal_ml, food_group_id, picture, picture_description) VALUES('chayote', 9, 2, 10, 'https://picsum.photos/27/797', 'Stop might doctor tax build foot ability.');
INSERT INTO ingredient(title, cal_gr, cal_ml, food_group_id, picture, picture_description) VALUES('chili flakes', 5, 5, 19, 'https://placekitten.com/849/338', 'Bank seek difficult.');
INSERT INTO ingredient(title, cal_gr, cal_ml, food_group_id, picture, picture_description) VALUES('quick oats', 5, 6, 9, 'https://picsum.photos/699/801', 'Itself campaign young many reduce minute.');
INSERT INTO ingredient(title, cal_gr, cal_ml, food_group_id, picture, picture_description) VALUES('kale', 5, 4, 15, 'https://picsum.photos/689/846', 'Reflect thought finally summer say of impact.');
INSERT INTO ingredient(title, cal_gr, cal_ml, food_group_id, picture, picture_description) VALUES('safflower', 4, 3, 8, 'https://picsum.photos/788/157', 'Black must main tell.');
INSERT INTO ingredient(title, cal_gr, cal_ml, food_group_id, picture, picture_description) VALUES('zucchini', 4, 3, 10, 'https://picsum.photos/65/421', 'Stay people dinner north.');
INSERT INTO ingredient(title, cal_gr, cal_ml, food_group_id, picture, picture_description) VALUES('catfish', 10, 4, 11, 'https://dummyimage.com/489x550', 'Politics fund lead your.');
INSERT INTO ingredient(title, cal_gr, cal_ml, food_group_id, picture, picture_description) VALUES('gelatin', 2, 7, 9, 'https://picsum.photos/541/955', 'Design dinner feeling toward professor.');
INSERT INTO ingredient(title, cal_gr, cal_ml, food_group_id, picture, picture_description) VALUES('mint', 4, 9, 17, 'https://placekitten.com/750/1', 'Society camera born develop price capital after.');
INSERT INTO ingredient(title, cal_gr, cal_ml, food_group_id, picture, picture_description) VALUES('allspice', 4, 2, 15, 'https://placekitten.com/328/12', 'Hand standard low sport rate.');
INSERT INTO ingredient(title, cal_gr, cal_ml, food_group_id, picture, picture_description) VALUES('quick oats', 1, 2, 1, 'https://dummyimage.com/276x848', 'Force chair measure final organization production.');
INSERT INTO ingredient(title, cal_gr, cal_ml, food_group_id, picture, picture_description) VALUES('blackstrap molasses', 8, 4, 15, 'https://dummyimage.com/477x164', 'Prevent strategy machine career wall law write.');
INSERT INTO ingredient(title, cal_gr, cal_ml, food_group_id, picture, picture_description) VALUES('onion', 6, 1, 10, 'https://placekitten.com/654/377', 'Pull pick per help attention administration study.');
INSERT INTO ingredient(title, cal_gr, cal_ml, food_group_id, picture, picture_description) VALUES('broad beans', 4, 2, 2, 'https://picsum.photos/155/236', 'Get customer team standard strategy high.');
INSERT INTO ingredient(title, cal_gr, cal_ml, food_group_id, picture, picture_description) VALUES('vegetable broth', 4, 10, 19, 'https://placekitten.com/532/829', 'Pull do high beyond.');
INSERT INTO ingredient(title, cal_gr, cal_ml, food_group_id, picture, picture_description) VALUES('smoked paprika', 4, 2, 12, 'https://picsum.photos/377/333', 'Change product center sister receive.');
INSERT INTO ingredient(title, cal_gr, cal_ml, food_group_id, picture, picture_description) VALUES('radish', 9, 3, 15, 'https://picsum.photos/1010/346', 'Continue hospital light reason floor.');
INSERT INTO ingredient(title, cal_gr, cal_ml, food_group_id, picture, picture_description) VALUES('wildflower honey', 10, 5, 1, 'https://picsum.photos/179/448', 'Upon adult purpose off when senior bit have.');
INSERT INTO ingredient(title, cal_gr, cal_ml, food_group_id, picture, picture_description) VALUES('rosemary', 2, 10, 20, 'https://dummyimage.com/862x696', 'North night young really class race.');
INSERT INTO ingredient(title, cal_gr, cal_ml, food_group_id, picture, picture_description) VALUES('pomegranate molasses', 6, 4, 2, 'https://picsum.photos/91/612', 'Clearly huge training issue light.');
INSERT INTO ingredient(title, cal_gr, cal_ml, food_group_id, picture, picture_description) VALUES('grape jelly', 6, 6, 5, 'https://dummyimage.com/147x1002', 'Religious right writer your son enough.');
INSERT INTO ingredient(title, cal_gr, cal_ml, food_group_id, picture, picture_description) VALUES('eucalyptus honey', 1, 4, 9, 'https://dummyimage.com/1014x88', 'Group ago like mouth final black low.');
INSERT INTO ingredient(title, cal_gr, cal_ml, food_group_id, picture, picture_description) VALUES('quinoa', 1, 10, 7, 'https://dummyimage.com/351x899', 'Long everyone full peace learn personal.');
INSERT INTO ingredient(title, cal_gr, cal_ml, food_group_id, picture, picture_description) VALUES('zucchini', 1, 6, 14, 'https://picsum.photos/750/576', 'Single fly include painting star chance.');
INSERT INTO ingredient(title, cal_gr, cal_ml, food_group_id, picture, picture_description) VALUES('collard greens', 6, 3, 20, 'https://dummyimage.com/755x460', 'History whole keep offer white politics.');
INSERT INTO ingredient(title, cal_gr, cal_ml, food_group_id, picture, picture_description) VALUES('chervil', 5, 2, 7, 'https://placekitten.com/482/684', 'Result central yourself.');
INSERT INTO ingredient(title, cal_gr, cal_ml, food_group_id, picture, picture_description) VALUES('nigella seeds', 1, 8, 18, 'https://dummyimage.com/136x631', 'Poor exist truth hard every throw.');
INSERT INTO ingredient(title, cal_gr, cal_ml, food_group_id, picture, picture_description) VALUES('sweet potatoes', 8, 2, 14, 'https://picsum.photos/992/554', 'Sea natural water light tend wrong measure.');
INSERT INTO ingredient(title, cal_gr, cal_ml, food_group_id, picture, picture_description) VALUES('marmalade', 2, 7, 18, 'https://picsum.photos/523/145', 'Ground sport likely through.');
INSERT INTO ingredient(title, cal_gr, cal_ml, food_group_id, picture, picture_description) VALUES('sorghum flour', 3, 9, 3, 'https://picsum.photos/754/527', 'Call store recently cut market own difference.');
INSERT INTO ingredient(title, cal_gr, cal_ml, food_group_id, picture, picture_description) VALUES('lotus root', 3, 7, 9, 'https://picsum.photos/959/12', 'Enjoy two rich meeting participant team.');
INSERT INTO ingredient(title, cal_gr, cal_ml, food_group_id, picture, picture_description) VALUES('adzuki beans', 7, 5, 10, 'https://placekitten.com/103/512', 'Treatment popular pattern trip.');
INSERT INTO ingredient(title, cal_gr, cal_ml, food_group_id, picture, picture_description) VALUES('rice flour', 7, 1, 10, 'https://picsum.photos/273/962', 'Decide skin general experience.');
INSERT INTO ingredient(title, cal_gr, cal_ml, food_group_id, picture, picture_description) VALUES('baking powder', 10, 6, 14, 'https://picsum.photos/650/949', 'Home last either season toward.');
INSERT INTO ingredient(title, cal_gr, cal_ml, food_group_id, picture, picture_description) VALUES('dates', 7, 1, 12, 'https://dummyimage.com/505x443', 'Bit lead military size.');
INSERT INTO ingredient(title, cal_gr, cal_ml, food_group_id, picture, picture_description) VALUES('jelly', 4, 7, 13, 'https://dummyimage.com/313x572', 'Sign low assume.');
INSERT INTO ingredient(title, cal_gr, cal_ml, food_group_id, picture, picture_description) VALUES('broccoli', 4, 1, 14, 'https://picsum.photos/867/328', 'Dinner answer beat away.');
INSERT INTO ingredient(title, cal_gr, cal_ml, food_group_id, picture, picture_description) VALUES('flounder', 3, 7, 4, 'https://placekitten.com/726/200', 'Star by meet.');
INSERT INTO ingredient(title, cal_gr, cal_ml, food_group_id, picture, picture_description) VALUES('millet flour', 2, 7, 19, 'https://picsum.photos/913/670', 'Reality build blood appear enjoy PM.');
INSERT INTO ingredient(title, cal_gr, cal_ml, food_group_id, picture, picture_description) VALUES('brown sugar', 6, 8, 6, 'https://picsum.photos/681/723', 'Social several line yet out brother democratic can.');
INSERT INTO ingredient(title, cal_gr, cal_ml, food_group_id, picture, picture_description) VALUES('yellow mustard', 3, 1, 2, 'https://picsum.photos/274/21', 'Win energy enough term.');
INSERT INTO ingredient(title, cal_gr, cal_ml, food_group_id, picture, picture_description) VALUES('shrimp', 9, 3, 13, 'https://picsum.photos/192/688', 'Wonder stock consider crime instead medical already.');
INSERT INTO ingredient(title, cal_gr, cal_ml, food_group_id, picture, picture_description) VALUES('avocado', 2, 10, 20, 'https://placekitten.com/455/365', 'Bag blood economy.');
INSERT INTO ingredient(title, cal_gr, cal_ml, food_group_id, picture, picture_description) VALUES('sardines', 6, 9, 6, 'https://dummyimage.com/817x730', 'Ok draw not.');
INSERT INTO ingredient(title, cal_gr, cal_ml, food_group_id, picture, picture_description) VALUES('milk', 3, 6, 10, 'https://dummyimage.com/754x889', 'Herself owner institution appear subject old actually.');
INSERT INTO ingredient(title, cal_gr, cal_ml, food_group_id, picture, picture_description) VALUES('strawberries', 3, 9, 6, 'https://dummyimage.com/41x534', 'Out star level picture eye eight member.');
INSERT INTO ingredient(title, cal_gr, cal_ml, food_group_id, picture, picture_description) VALUES('sweet paprika', 2, 2, 13, 'https://dummyimage.com/457x788', 'Green effect student top visit.');
INSERT INTO ingredient(title, cal_gr, cal_ml, food_group_id, picture, picture_description) VALUES('eggplant', 8, 4, 10, 'https://placekitten.com/633/145', 'Performance ago third feel pay enjoy fear her.');
INSERT INTO ingredient(title, cal_gr, cal_ml, food_group_id, picture, picture_description) VALUES('parsnips', 3, 1, 16, 'https://placekitten.com/182/942', 'Bring might teach few.');
INSERT INTO ingredient(title, cal_gr, cal_ml, food_group_id, picture, picture_description) VALUES('golden syrup', 6, 1, 20, 'https://placekitten.com/1001/992', 'Light military example less view maintain.');
INSERT INTO ingredient(title, cal_gr, cal_ml, food_group_id, picture, picture_description) VALUES('garlic', 7, 2, 20, 'https://picsum.photos/658/724', 'Perhaps meeting little until.');
INSERT INTO ingredient(title, cal_gr, cal_ml, food_group_id, picture, picture_description) VALUES('peaches', 3, 4, 20, 'https://picsum.photos/178/801', 'Red others present matter along later.');
INSERT INTO ingredient(title, cal_gr, cal_ml, food_group_id, picture, picture_description) VALUES('parmesan cheese', 7, 10, 7, 'https://dummyimage.com/300x90', 'Question become simply court.');
INSERT INTO ingredient(title, cal_gr, cal_ml, food_group_id, picture, picture_description) VALUES('golden syrup', 8, 3, 19, 'https://dummyimage.com/179x550', 'Game century tend relate account as.');
INSERT INTO ingredient(title, cal_gr, cal_ml, food_group_id, picture, picture_description) VALUES('pumpkin seeds', 4, 1, 13, 'https://placekitten.com/902/215', 'Foreign send trial tonight represent to sure.');
INSERT INTO ingredient(title, cal_gr, cal_ml, food_group_id, picture, picture_description) VALUES('butternut squash', 9, 3, 13, 'https://picsum.photos/291/215', 'Myself view man ball region community worker much.');
INSERT INTO ingredient(title, cal_gr, cal_ml, food_group_id, picture, picture_description) VALUES('oranges', 6, 2, 5, 'https://dummyimage.com/1008x668', 'Report least every inside resource.');
INSERT INTO ingredient(title, cal_gr, cal_ml, food_group_id, picture, picture_description) VALUES('rutabaga', 4, 4, 2, 'https://dummyimage.com/328x323', 'Guy her several long arrive themselves PM.');
INSERT INTO ingredient(title, cal_gr, cal_ml, food_group_id, picture, picture_description) VALUES('pork', 9, 1, 11, 'https://dummyimage.com/175x194', 'Thank since answer reflect.');
INSERT INTO ingredient(title, cal_gr, cal_ml, food_group_id, picture, picture_description) VALUES('dry mustard', 2, 7, 20, 'https://placekitten.com/877/987', 'Miss consumer receive can finally.');
INSERT INTO ingredient(title, cal_gr, cal_ml, food_group_id, picture, picture_description) VALUES('salmon', 8, 9, 10, 'https://picsum.photos/952/1008', 'Way pretty put him either meeting.');
INSERT INTO ingredient(title, cal_gr, cal_ml, food_group_id, picture, picture_description) VALUES('quinoa', 7, 5, 19, 'https://dummyimage.com/756x324', 'Executive source prepare painting scientist.');
INSERT INTO ingredient(title, cal_gr, cal_ml, food_group_id, picture, picture_description) VALUES('lotus root', 4, 7, 13, 'https://dummyimage.com/603x456', 'Improve gun baby.');
INSERT INTO ingredient(title, cal_gr, cal_ml, food_group_id, picture, picture_description) VALUES('savory', 6, 8, 17, 'https://dummyimage.com/545x1003', 'Member last apply authority chair article provide.');
INSERT INTO ingredient(title, cal_gr, cal_ml, food_group_id, picture, picture_description) VALUES('yams', 8, 3, 1, 'https://picsum.photos/124/698', 'Top wife everybody method bit grow avoid maybe.');
INSERT INTO ingredient(title, cal_gr, cal_ml, food_group_id, picture, picture_description) VALUES('coconut flour', 1, 10, 16, 'https://dummyimage.com/496x745', 'Result over each.');
INSERT INTO ingredient(title, cal_gr, cal_ml, food_group_id, picture, picture_description) VALUES('caramel sauce', 8, 4, 15, 'https://dummyimage.com/437x796', 'Part money test time force.');
INSERT INTO ingredient(title, cal_gr, cal_ml, food_group_id, picture, picture_description) VALUES('chicken breast', 10, 8, 6, 'https://picsum.photos/152/1008', 'Together hair list wind crime.');
INSERT INTO ingredient(title, cal_gr, cal_ml, food_group_id, picture, picture_description) VALUES('coconut vinegar', 8, 7, 4, 'https://dummyimage.com/425x126', 'Message million candidate tend have until career.');
INSERT INTO ingredient(title, cal_gr, cal_ml, food_group_id, picture, picture_description) VALUES('ground turkey', 2, 3, 12, 'https://placekitten.com/384/956', 'Condition full foot teach sit fact yes.');
INSERT INTO ingredient(title, cal_gr, cal_ml, food_group_id, picture, picture_description) VALUES('butter', 7, 6, 3, 'https://dummyimage.com/107x126', 'Rock official compare yeah half attorney.');
INSERT INTO ingredient(title, cal_gr, cal_ml, food_group_id, picture, picture_description) VALUES('radish', 8, 9, 17, 'https://placekitten.com/900/942', 'President real yourself day morning.');
INSERT INTO ingredient(title, cal_gr, cal_ml, food_group_id, picture, picture_description) VALUES('cauliflower', 1, 1, 5, 'https://picsum.photos/831/884', 'Impact town tax relate.');
INSERT INTO ingredient(title, cal_gr, cal_ml, food_group_id, picture, picture_description) VALUES('blackstrap molasses', 2, 6, 17, 'https://placekitten.com/299/533', 'Board leg Republican force soon table.');
INSERT INTO ingredient(title, cal_gr, cal_ml, food_group_id, picture, picture_description) VALUES('cream', 2, 1, 17, 'https://placekitten.com/389/271', 'Cover girl get still consider visit.');
INSERT INTO ingredient(title, cal_gr, cal_ml, food_group_id, picture, picture_description) VALUES('sea urchin', 7, 3, 1, 'https://placekitten.com/439/650', 'Build time man player form difference on.');
INSERT INTO ingredient(title, cal_gr, cal_ml, food_group_id, picture, picture_description) VALUES('ground turkey', 2, 10, 4, 'https://picsum.photos/878/863', 'Born chair contain contain product.');
INSERT INTO ingredient(title, cal_gr, cal_ml, food_group_id, picture, picture_description) VALUES('kasha', 4, 3, 16, 'https://picsum.photos/478/479', 'Leg red second sense.');
INSERT INTO ingredient(title, cal_gr, cal_ml, food_group_id, picture, picture_description) VALUES('broccoli', 5, 3, 8, 'https://dummyimage.com/149x1010', 'She name science support little value bring avoid.');
INSERT INTO ingredient(title, cal_gr, cal_ml, food_group_id, picture, picture_description) VALUES('swordfish', 2, 6, 20, 'https://dummyimage.com/128x764', 'Year yard again television ask this.');
INSERT INTO ingredient(title, cal_gr, cal_ml, food_group_id, picture, picture_description) VALUES('chives', 5, 3, 11, 'https://picsum.photos/767/933', 'Agency can wish them past people.');
INSERT INTO ingredient(title, cal_gr, cal_ml, food_group_id, picture, picture_description) VALUES('nori', 10, 5, 15, 'https://placekitten.com/282/870', 'Property manage dark exactly.');
INSERT INTO ingredient(title, cal_gr, cal_ml, food_group_id, picture, picture_description) VALUES('conch', 3, 5, 17, 'https://picsum.photos/602/566', 'Decade positive never for.');
INSERT INTO ingredient(title, cal_gr, cal_ml, food_group_id, picture, picture_description) VALUES('bell pepper', 8, 4, 19, 'https://placekitten.com/319/996', 'Heavy mention create any describe.');
INSERT INTO ingredient(title, cal_gr, cal_ml, food_group_id, picture, picture_description) VALUES('dates', 5, 10, 17, 'https://placekitten.com/65/168', 'Market both list wait hospital news inside.');
INSERT INTO ingredient(title, cal_gr, cal_ml, food_group_id, picture, picture_description) VALUES('za`atar', 4, 6, 12, 'https://placekitten.com/88/791', 'Then and vote significant price seven us approach.');
INSERT INTO ingredient(title, cal_gr, cal_ml, food_group_id, picture, picture_description) VALUES('orange blossom honey', 1, 4, 6, 'https://picsum.photos/410/68', 'Writer measure home strategy.');
INSERT INTO ingredient(title, cal_gr, cal_ml, food_group_id, picture, picture_description) VALUES('sweet potatoes', 7, 3, 9, 'https://placekitten.com/230/892', 'Actually when major teach.');
INSERT INTO ingredient(title, cal_gr, cal_ml, food_group_id, picture, picture_description) VALUES('vinegar', 6, 7, 6, 'https://picsum.photos/438/974', 'Business soldier only less amount.');
INSERT INTO ingredient(title, cal_gr, cal_ml, food_group_id, picture, picture_description) VALUES('cornstarch', 5, 2, 17, 'https://placekitten.com/355/799', 'Pay Republican wear far raise however thus.');
INSERT INTO ingredient(title, cal_gr, cal_ml, food_group_id, picture, picture_description) VALUES('oregano', 1, 6, 15, 'https://dummyimage.com/488x535', 'Why wear full state.');
INSERT INTO ingredient(title, cal_gr, cal_ml, food_group_id, picture, picture_description) VALUES('chocolate syrup', 9, 9, 19, 'https://dummyimage.com/994x930', 'Somebody pressure much them all.');
INSERT INTO ingredient(title, cal_gr, cal_ml, food_group_id, picture, picture_description) VALUES('black pepper', 2, 5, 18, 'https://placekitten.com/493/951', 'Morning camera already operation.');
INSERT INTO ingredient(title, cal_gr, cal_ml, food_group_id, picture, picture_description) VALUES('corn', 7, 6, 9, 'https://placekitten.com/274/766', 'Smile ago growth safe book indicate.');
INSERT INTO ingredient(title, cal_gr, cal_ml, food_group_id, picture, picture_description) VALUES('jelly', 7, 6, 19, 'https://placekitten.com/843/376', 'Single kind physical behavior.');
INSERT INTO ingredient(title, cal_gr, cal_ml, food_group_id, picture, picture_description) VALUES('wheat germ', 3, 6, 11, 'https://picsum.photos/723/762', 'Begin much they tend contain see southern lose.');
INSERT INTO ingredient(title, cal_gr, cal_ml, food_group_id, picture, picture_description) VALUES('buckwheat flour', 2, 8, 8, 'https://dummyimage.com/382x423', 'Method risk large few term hot information difference.');
INSERT INTO ingredient(title, cal_gr, cal_ml, food_group_id, picture, picture_description) VALUES('wheat germ', 3, 10, 2, 'https://dummyimage.com/891x963', 'Side degree give skin eye coach us.');
INSERT INTO ingredient(title, cal_gr, cal_ml, food_group_id, picture, picture_description) VALUES('corn', 5, 9, 9, 'https://picsum.photos/420/729', 'Military among even memory.');
INSERT INTO ingredient(title, cal_gr, cal_ml, food_group_id, picture, picture_description) VALUES('mustard', 5, 10, 11, 'https://dummyimage.com/627x385', 'Do our both mind possible become nature.');
INSERT INTO ingredient(title, cal_gr, cal_ml, food_group_id, picture, picture_description) VALUES('spelt', 1, 1, 8, 'https://dummyimage.com/371x374', 'Be season character morning.');
INSERT INTO ingredient(title, cal_gr, cal_ml, food_group_id, picture, picture_description) VALUES('ginger', 3, 5, 20, 'https://placekitten.com/579/957', 'To again month attention southern enough avoid.');
INSERT INTO ingredient(title, cal_gr, cal_ml, food_group_id, picture, picture_description) VALUES('blackberry jam', 7, 7, 17, 'https://dummyimage.com/311x344', 'Action role reveal plant.');
INSERT INTO ingredient(title, cal_gr, cal_ml, food_group_id, picture, picture_description) VALUES('flax seeds', 6, 1, 5, 'https://picsum.photos/76/264', 'Alone seven claim sell.');
INSERT INTO ingredient(title, cal_gr, cal_ml, food_group_id, picture, picture_description) VALUES('tomato', 8, 4, 20, 'https://dummyimage.com/253x435', 'Base likely get school manage whole.');
INSERT INTO ingredient(title, cal_gr, cal_ml, food_group_id, picture, picture_description) VALUES('potatoes', 1, 1, 2, 'https://picsum.photos/350/1012', 'North money color fly detail.');
INSERT INTO ingredient(title, cal_gr, cal_ml, food_group_id, picture, picture_description) VALUES('beef broth', 1, 10, 12, 'https://dummyimage.com/684x49', 'Should of still beautiful.');
INSERT INTO ingredient(title, cal_gr, cal_ml, food_group_id, picture, picture_description) VALUES('navy beans', 5, 2, 17, 'https://placekitten.com/721/488', 'Or what energy different spring stop.');
INSERT INTO ingredient(title, cal_gr, cal_ml, food_group_id, picture, picture_description) VALUES('strawberries', 6, 9, 8, 'https://dummyimage.com/546x168', 'Local local see.');
INSERT INTO ingredient(title, cal_gr, cal_ml, food_group_id, picture, picture_description) VALUES('potatoes', 7, 10, 10, 'https://placekitten.com/318/531', 'Maintain claim letter people section.');
INSERT INTO ingredient(title, cal_gr, cal_ml, food_group_id, picture, picture_description) VALUES('garlic', 10, 3, 7, 'https://placekitten.com/550/546', 'Wife room study.');
INSERT INTO ingredient(title, cal_gr, cal_ml, food_group_id, picture, picture_description) VALUES('raspberry jam', 6, 10, 16, 'https://placekitten.com/1014/962', 'Meet new knowledge color marriage.');
INSERT INTO ingredient(title, cal_gr, cal_ml, food_group_id, picture, picture_description) VALUES('peanuts', 3, 3, 1, 'https://placekitten.com/623/540', 'Team think audience student.');
INSERT INTO ingredient(title, cal_gr, cal_ml, food_group_id, picture, picture_description) VALUES('brussels sprouts', 4, 3, 15, 'https://dummyimage.com/64x399', 'Top sound yes when of same.');
INSERT INTO ingredient(title, cal_gr, cal_ml, food_group_id, picture, picture_description) VALUES('manuka honey', 2, 2, 5, 'https://placekitten.com/819/1021', 'Mrs weight many citizen fund every back.');
INSERT INTO ingredient(title, cal_gr, cal_ml, food_group_id, picture, picture_description) VALUES('pomegranate molasses', 5, 7, 9, 'https://dummyimage.com/370x15', 'Wide day level back effort.');
INSERT INTO ingredient(title, cal_gr, cal_ml, food_group_id, picture, picture_description) VALUES('strawberries', 1, 1, 18, 'https://placekitten.com/67/610', 'Test either use he late week.');
INSERT INTO ingredient(title, cal_gr, cal_ml, food_group_id, picture, picture_description) VALUES('celery seeds', 6, 10, 19, 'https://picsum.photos/708/21', 'Above enough black station.');
INSERT INTO ingredient(title, cal_gr, cal_ml, food_group_id, picture, picture_description) VALUES('brussels sprouts', 8, 10, 17, 'https://placekitten.com/392/651', 'Risk among beat each.');
INSERT INTO ingredient(title, cal_gr, cal_ml, food_group_id, picture, picture_description) VALUES('kasha', 8, 4, 6, 'https://dummyimage.com/466x261', 'None care drive little address and.');
INSERT INTO ingredient(title, cal_gr, cal_ml, food_group_id, picture, picture_description) VALUES('pectin', 1, 1, 2, 'https://placekitten.com/274/545', 'Gas score take sell.');
INSERT INTO ingredient(title, cal_gr, cal_ml, food_group_id, picture, picture_description) VALUES('lavender', 9, 1, 13, 'https://placekitten.com/106/792', 'Employee western finally instead firm present think ready.');
INSERT INTO ingredient(title, cal_gr, cal_ml, food_group_id, picture, picture_description) VALUES('sriracha', 3, 4, 6, 'https://placekitten.com/219/590', 'Skill since pull artist long environmental.');
INSERT INTO ingredient(title, cal_gr, cal_ml, food_group_id, picture, picture_description) VALUES('dijon mustard', 1, 2, 1, 'https://dummyimage.com/812x667', 'Mrs open three example.');
INSERT INTO ingredient(title, cal_gr, cal_ml, food_group_id, picture, picture_description) VALUES('chickpeas', 10, 9, 7, 'https://placekitten.com/377/230', 'Try call growth.');
INSERT INTO ingredient(title, cal_gr, cal_ml, food_group_id, picture, picture_description) VALUES('spanish paprika', 3, 7, 7, 'https://dummyimage.com/655x589', 'At economic maybe address effect list race.');
INSERT INTO ingredient(title, cal_gr, cal_ml, food_group_id, picture, picture_description) VALUES('blackberries', 9, 10, 17, 'https://picsum.photos/252/676', 'Business billion son these.');
INSERT INTO ingredient(title, cal_gr, cal_ml, food_group_id, picture, picture_description) VALUES('vinegar', 7, 10, 6, 'https://placekitten.com/1008/484', 'Feel star bank another western determine trip senior.');
INSERT INTO ingredient(title, cal_gr, cal_ml, food_group_id, picture, picture_description) VALUES('honey', 9, 5, 3, 'https://placekitten.com/193/868', 'Seek far machine hundred.');
INSERT INTO ingredient(title, cal_gr, cal_ml, food_group_id, picture, picture_description) VALUES('beetroot', 5, 1, 16, 'https://picsum.photos/791/352', 'Though single middle opportunity man sense.');
INSERT INTO ingredient(title, cal_gr, cal_ml, food_group_id, picture, picture_description) VALUES('sweet paprika', 9, 1, 13, 'https://picsum.photos/542/568', 'Source leader hot professional standard character more.');
INSERT INTO ingredient(title, cal_gr, cal_ml, food_group_id, picture, picture_description) VALUES('raspberry jam', 7, 8, 3, 'https://placekitten.com/125/942', 'Thing middle six quite build else finish.');
INSERT INTO ingredient(title, cal_gr, cal_ml, food_group_id, picture, picture_description) VALUES('ground turkey', 8, 3, 8, 'https://dummyimage.com/440x1005', 'Young safe he record under city pick.');
INSERT INTO ingredient(title, cal_gr, cal_ml, food_group_id, picture, picture_description) VALUES('anchovies', 2, 5, 8, 'https://placekitten.com/224/655', 'List outside just gun.');
INSERT INTO ingredient(title, cal_gr, cal_ml, food_group_id, picture, picture_description) VALUES('cod', 1, 2, 11, 'https://picsum.photos/800/737', 'Cause argue first trial professor manage.');
INSERT INTO ingredient(title, cal_gr, cal_ml, food_group_id, picture, picture_description) VALUES('rice syrup', 5, 1, 9, 'https://picsum.photos/841/461', 'Rate foreign agency stuff senior there.');
INSERT INTO ingredient(title, cal_gr, cal_ml, food_group_id, picture, picture_description) VALUES('soybeans', 9, 7, 17, 'https://placekitten.com/540/511', 'Chair whom president nature appear exist.');
INSERT INTO ingredient(title, cal_gr, cal_ml, food_group_id, picture, picture_description) VALUES('octopus', 5, 5, 7, 'https://picsum.photos/296/159', 'Conference drop always necessary.');
INSERT INTO ingredient(title, cal_gr, cal_ml, food_group_id, picture, picture_description) VALUES('spinach', 2, 9, 1, 'https://picsum.photos/434/385', 'Turn smile experience.');
INSERT INTO ingredient(title, cal_gr, cal_ml, food_group_id, picture, picture_description) VALUES('pasta', 3, 5, 8, 'https://picsum.photos/326/287', 'Perform few suddenly ability expert thousand.');
INSERT INTO ingredient(title, cal_gr, cal_ml, food_group_id, picture, picture_description) VALUES('vinegar', 4, 3, 11, 'https://placekitten.com/77/202', 'Medical shake current evidence.');
INSERT INTO ingredient(title, cal_gr, cal_ml, food_group_id, picture, picture_description) VALUES('beetroot', 4, 7, 11, 'https://picsum.photos/234/317', 'Option role city.');

INSERT INTO recipe(baking, cuisine_id, difficulty, title, recipe_description, prep_time, cook_time, portions, fat_portion, protein_portion, carbo_portion, picture, picture_description) VALUES(0, 25, 5,'Black Forest Cake', 'Effect listen gun laugh clearly. Guess million prepare understand power middle shoulder.', 85, 70, 5, 55, 0,0, 'https://picsum.photos/1003/67', 'Many debate southern ahead teach something democratic.');
INSERT INTO recipe_meal_type(recipe_id, meal_type_id) VALUES (1, 6);
INSERT INTO recipe_tag(recipe_id, tag_id) VALUES (1, 93);
INSERT INTO recipe_tag(recipe_id, tag_id) VALUES (1, 30);
INSERT INTO recipe_tag(recipe_id, tag_id) VALUES (1, 74);
INSERT INTO recipe_tag(recipe_id, tag_id) VALUES (1, 40);
INSERT INTO recipe_tag(recipe_id, tag_id) VALUES (1, 28);
INSERT INTO recipe_tag(recipe_id, tag_id) VALUES (1, 51);
INSERT INTO recipe_tag(recipe_id, tag_id) VALUES (1, 80);
INSERT INTO recipe_equipment(recipe_id, equipment_id, num) VALUES (1, 3, 3);
INSERT INTO recipe_equipment(recipe_id, equipment_id, num) VALUES (1, 19, 4);
INSERT INTO recipe_equipment(recipe_id, equipment_id, num) VALUES (1, 6, 1);
INSERT INTO recipe_equipment(recipe_id, equipment_id, num) VALUES (1, 5, 2);
INSERT INTO recipe_equipment(recipe_id, equipment_id, num) VALUES (1, 2, 1);
INSERT INTO recipe_equipment(recipe_id, equipment_id, num) VALUES (1, 1, 2);
INSERT INTO recipe_equipment(recipe_id, equipment_id, num) VALUES (1, 16, 3);
INSERT INTO recipe_cook(recipe_id, cook_id) VALUES (1, 160);
INSERT INTO recipe_cook(recipe_id, cook_id) VALUES (1, 42);
INSERT INTO recipe_cook(recipe_id, cook_id) VALUES (1, 89);
INSERT INTO recipe_cook(recipe_id, cook_id) VALUES (1, 37);
INSERT INTO recipe_cook(recipe_id, cook_id) VALUES (1, 180);
INSERT INTO recipe_cook(recipe_id, cook_id) VALUES (1, 8);
INSERT INTO recipe_cook(recipe_id, cook_id) VALUES (1, 195);
INSERT INTO recipe_cook(recipe_id, cook_id) VALUES (1, 11);
INSERT INTO recipe_cook(recipe_id, cook_id) VALUES (1, 36);
INSERT INTO recipe_cook(recipe_id, cook_id) VALUES (1, 178);
INSERT INTO recipe_cook(recipe_id, cook_id) VALUES (1, 165);
INSERT INTO recipe_cook(recipe_id, cook_id) VALUES (1, 163);
INSERT INTO recipe_cook(recipe_id, cook_id) VALUES (1, 193);
INSERT INTO recipe_cook(recipe_id, cook_id) VALUES (1, 179);
INSERT INTO recipe_cook(recipe_id, cook_id) VALUES (1, 18);
INSERT INTO recipe_cook(recipe_id, cook_id) VALUES (1, 12);
INSERT INTO recipe_cook(recipe_id, cook_id) VALUES (1, 17);
INSERT INTO recipe_cook(recipe_id, cook_id) VALUES (1, 152);
INSERT INTO recipe_cook(recipe_id, cook_id) VALUES (1, 94);
INSERT INTO recipe_cook(recipe_id, cook_id) VALUES (1, 52);
INSERT INTO recipe_cook(recipe_id, cook_id) VALUES (1, 137);
INSERT INTO recipe_cook(recipe_id, cook_id) VALUES (1, 171);
INSERT INTO recipe_cook(recipe_id, cook_id) VALUES (1, 184);
INSERT INTO recipe_cook(recipe_id, cook_id) VALUES (1, 99);
INSERT INTO recipe_cook(recipe_id, cook_id) VALUES (1, 28);
INSERT INTO recipe_cook(recipe_id, cook_id) VALUES (1, 64);
INSERT INTO recipe_cook(recipe_id, cook_id) VALUES (1, 53);
INSERT INTO recipe_cook(recipe_id, cook_id) VALUES (1, 174);
INSERT INTO recipe_theme(recipe_id, theme_id) VALUES (1, 3);
INSERT INTO recipe_tip(recipe_id, tip_id) VALUES (1, 6);

INSERT INTO recipe(baking, cuisine_id, difficulty, title, recipe_description, prep_time, cook_time, portions, fat_portion, protein_portion, carbo_portion, picture, picture_description) VALUES(1, 22, 4,'Bruschetta', 'Suffer by middle season sit. Laugh true relate marriage begin such. Now identify three. Sense now send care.', 55, 0, 3, 20, 20,5, 'https://picsum.photos/296/271', 'Enter since show out.');
INSERT INTO recipe_meal_type(recipe_id, meal_type_id) VALUES (2, 3);
INSERT INTO recipe_tag(recipe_id, tag_id) VALUES (2, 42);
INSERT INTO recipe_tag(recipe_id, tag_id) VALUES (2, 99);
INSERT INTO recipe_tag(recipe_id, tag_id) VALUES (2, 78);
INSERT INTO recipe_tag(recipe_id, tag_id) VALUES (2, 65);
INSERT INTO recipe_tag(recipe_id, tag_id) VALUES (2, 61);
INSERT INTO recipe_tag(recipe_id, tag_id) VALUES (2, 37);
INSERT INTO recipe_equipment(recipe_id, equipment_id, num) VALUES (2, 1, 2);
INSERT INTO recipe_equipment(recipe_id, equipment_id, num) VALUES (2, 14, 2);
INSERT INTO recipe_equipment(recipe_id, equipment_id, num) VALUES (2, 20, 2);
INSERT INTO recipe_equipment(recipe_id, equipment_id, num) VALUES (2, 19, 3);
INSERT INTO recipe_equipment(recipe_id, equipment_id, num) VALUES (2, 4, 1);
INSERT INTO recipe_equipment(recipe_id, equipment_id, num) VALUES (2, 6, 4);
INSERT INTO recipe_equipment(recipe_id, equipment_id, num) VALUES (2, 8, 2);
INSERT INTO recipe_cook(recipe_id, cook_id) VALUES (2, 13);
INSERT INTO recipe_cook(recipe_id, cook_id) VALUES (2, 138);
INSERT INTO recipe_cook(recipe_id, cook_id) VALUES (2, 145);
INSERT INTO recipe_cook(recipe_id, cook_id) VALUES (2, 56);
INSERT INTO recipe_cook(recipe_id, cook_id) VALUES (2, 183);
INSERT INTO recipe_cook(recipe_id, cook_id) VALUES (2, 24);
INSERT INTO recipe_cook(recipe_id, cook_id) VALUES (2, 148);
INSERT INTO recipe_cook(recipe_id, cook_id) VALUES (2, 74);
INSERT INTO recipe_cook(recipe_id, cook_id) VALUES (2, 44);
INSERT INTO recipe_cook(recipe_id, cook_id) VALUES (2, 112);
INSERT INTO recipe_cook(recipe_id, cook_id) VALUES (2, 1);
INSERT INTO recipe_cook(recipe_id, cook_id) VALUES (2, 135);
INSERT INTO recipe_cook(recipe_id, cook_id) VALUES (2, 52);
INSERT INTO recipe_cook(recipe_id, cook_id) VALUES (2, 193);
INSERT INTO recipe_cook(recipe_id, cook_id) VALUES (2, 14);
INSERT INTO recipe_cook(recipe_id, cook_id) VALUES (2, 2);
INSERT INTO recipe_cook(recipe_id, cook_id) VALUES (2, 90);
INSERT INTO recipe_cook(recipe_id, cook_id) VALUES (2, 126);
INSERT INTO recipe_cook(recipe_id, cook_id) VALUES (2, 25);
INSERT INTO recipe_cook(recipe_id, cook_id) VALUES (2, 196);
INSERT INTO recipe_cook(recipe_id, cook_id) VALUES (2, 178);
INSERT INTO recipe_cook(recipe_id, cook_id) VALUES (2, 48);
INSERT INTO recipe_cook(recipe_id, cook_id) VALUES (2, 127);
INSERT INTO recipe_cook(recipe_id, cook_id) VALUES (2, 152);
INSERT INTO recipe_cook(recipe_id, cook_id) VALUES (2, 89);
INSERT INTO recipe_cook(recipe_id, cook_id) VALUES (2, 132);
INSERT INTO recipe_cook(recipe_id, cook_id) VALUES (2, 67);
INSERT INTO recipe_cook(recipe_id, cook_id) VALUES (2, 194);
INSERT INTO recipe_cook(recipe_id, cook_id) VALUES (2, 41);
INSERT INTO recipe_cook(recipe_id, cook_id) VALUES (2, 73);
INSERT INTO recipe_cook(recipe_id, cook_id) VALUES (2, 55);
INSERT INTO recipe_cook(recipe_id, cook_id) VALUES (2, 60);
INSERT INTO recipe_cook(recipe_id, cook_id) VALUES (2, 128);
INSERT INTO recipe_cook(recipe_id, cook_id) VALUES (2, 43);
INSERT INTO recipe_cook(recipe_id, cook_id) VALUES (2, 29);
INSERT INTO recipe_cook(recipe_id, cook_id) VALUES (2, 163);
INSERT INTO recipe_cook(recipe_id, cook_id) VALUES (2, 21);
INSERT INTO recipe_cook(recipe_id, cook_id) VALUES (2, 181);
INSERT INTO recipe_cook(recipe_id, cook_id) VALUES (2, 144);
INSERT INTO recipe_cook(recipe_id, cook_id) VALUES (2, 27);
INSERT INTO recipe_cook(recipe_id, cook_id) VALUES (2, 84);
INSERT INTO recipe_cook(recipe_id, cook_id) VALUES (2, 92);
INSERT INTO recipe_cook(recipe_id, cook_id) VALUES (2, 182);
INSERT INTO recipe_cook(recipe_id, cook_id) VALUES (2, 103);
INSERT INTO recipe_cook(recipe_id, cook_id) VALUES (2, 102);
INSERT INTO recipe_cook(recipe_id, cook_id) VALUES (2, 23);
INSERT INTO recipe_cook(recipe_id, cook_id) VALUES (2, 109);
INSERT INTO recipe_cook(recipe_id, cook_id) VALUES (2, 7);
INSERT INTO recipe_cook(recipe_id, cook_id) VALUES (2, 96);
INSERT INTO recipe_cook(recipe_id, cook_id) VALUES (2, 53);
INSERT INTO recipe_cook(recipe_id, cook_id) VALUES (2, 78);
INSERT INTO recipe_cook(recipe_id, cook_id) VALUES (2, 68);
INSERT INTO recipe_cook(recipe_id, cook_id) VALUES (2, 110);
INSERT INTO recipe_cook(recipe_id, cook_id) VALUES (2, 140);
INSERT INTO recipe_cook(recipe_id, cook_id) VALUES (2, 129);
INSERT INTO recipe_cook(recipe_id, cook_id) VALUES (2, 192);
INSERT INTO recipe_cook(recipe_id, cook_id) VALUES (2, 98);
INSERT INTO recipe_cook(recipe_id, cook_id) VALUES (2, 169);
INSERT INTO recipe_cook(recipe_id, cook_id) VALUES (2, 118);
INSERT INTO recipe_cook(recipe_id, cook_id) VALUES (2, 33);
INSERT INTO recipe_cook(recipe_id, cook_id) VALUES (2, 137);
INSERT INTO recipe_cook(recipe_id, cook_id) VALUES (2, 9);
INSERT INTO recipe_cook(recipe_id, cook_id) VALUES (2, 184);
INSERT INTO recipe_cook(recipe_id, cook_id) VALUES (2, 160);
INSERT INTO recipe_cook(recipe_id, cook_id) VALUES (2, 134);
INSERT INTO recipe_cook(recipe_id, cook_id) VALUES (2, 40);
INSERT INTO recipe_cook(recipe_id, cook_id) VALUES (2, 116);
INSERT INTO recipe_cook(recipe_id, cook_id) VALUES (2, 83);
INSERT INTO recipe_cook(recipe_id, cook_id) VALUES (2, 198);
INSERT INTO recipe_cook(recipe_id, cook_id) VALUES (2, 119);
INSERT INTO recipe_cook(recipe_id, cook_id) VALUES (2, 113);
INSERT INTO recipe_cook(recipe_id, cook_id) VALUES (2, 66);
INSERT INTO recipe_cook(recipe_id, cook_id) VALUES (2, 143);
INSERT INTO recipe_cook(recipe_id, cook_id) VALUES (2, 17);
INSERT INTO recipe_cook(recipe_id, cook_id) VALUES (2, 167);
INSERT INTO recipe_cook(recipe_id, cook_id) VALUES (2, 168);
INSERT INTO recipe_cook(recipe_id, cook_id) VALUES (2, 133);
INSERT INTO recipe_cook(recipe_id, cook_id) VALUES (2, 114);
INSERT INTO recipe_cook(recipe_id, cook_id) VALUES (2, 199);
INSERT INTO recipe_cook(recipe_id, cook_id) VALUES (2, 31);
INSERT INTO recipe_cook(recipe_id, cook_id) VALUES (2, 65);
INSERT INTO recipe_cook(recipe_id, cook_id) VALUES (2, 158);
INSERT INTO recipe_cook(recipe_id, cook_id) VALUES (2, 35);
INSERT INTO recipe_cook(recipe_id, cook_id) VALUES (2, 39);
INSERT INTO recipe_cook(recipe_id, cook_id) VALUES (2, 97);
INSERT INTO recipe_cook(recipe_id, cook_id) VALUES (2, 91);
INSERT INTO recipe_cook(recipe_id, cook_id) VALUES (2, 106);
INSERT INTO recipe_cook(recipe_id, cook_id) VALUES (2, 108);
INSERT INTO recipe_cook(recipe_id, cook_id) VALUES (2, 80);
INSERT INTO recipe_cook(recipe_id, cook_id) VALUES (2, 20);
INSERT INTO recipe_cook(recipe_id, cook_id) VALUES (2, 93);
INSERT INTO recipe_cook(recipe_id, cook_id) VALUES (2, 111);
INSERT INTO recipe_cook(recipe_id, cook_id) VALUES (2, 32);
INSERT INTO recipe_cook(recipe_id, cook_id) VALUES (2, 173);
INSERT INTO recipe_cook(recipe_id, cook_id) VALUES (2, 42);
INSERT INTO recipe_cook(recipe_id, cook_id) VALUES (2, 150);
INSERT INTO recipe_cook(recipe_id, cook_id) VALUES (2, 174);
INSERT INTO recipe_cook(recipe_id, cook_id) VALUES (2, 45);
INSERT INTO recipe_cook(recipe_id, cook_id) VALUES (2, 164);
INSERT INTO recipe_cook(recipe_id, cook_id) VALUES (2, 121);
INSERT INTO recipe_cook(recipe_id, cook_id) VALUES (2, 123);
INSERT INTO recipe_cook(recipe_id, cook_id) VALUES (2, 131);
INSERT INTO recipe_cook(recipe_id, cook_id) VALUES (2, 34);
INSERT INTO recipe_cook(recipe_id, cook_id) VALUES (2, 94);
INSERT INTO recipe_cook(recipe_id, cook_id) VALUES (2, 186);
INSERT INTO recipe_cook(recipe_id, cook_id) VALUES (2, 22);
INSERT INTO recipe_cook(recipe_id, cook_id) VALUES (2, 85);
INSERT INTO recipe_cook(recipe_id, cook_id) VALUES (2, 177);
INSERT INTO recipe_cook(recipe_id, cook_id) VALUES (2, 26);
INSERT INTO recipe_cook(recipe_id, cook_id) VALUES (2, 50);
INSERT INTO recipe_cook(recipe_id, cook_id) VALUES (2, 154);
INSERT INTO recipe_cook(recipe_id, cook_id) VALUES (2, 19);
INSERT INTO recipe_cook(recipe_id, cook_id) VALUES (2, 117);
INSERT INTO recipe_cook(recipe_id, cook_id) VALUES (2, 88);
INSERT INTO recipe_cook(recipe_id, cook_id) VALUES (2, 197);
INSERT INTO recipe_cook(recipe_id, cook_id) VALUES (2, 36);
INSERT INTO recipe_cook(recipe_id, cook_id) VALUES (2, 159);
INSERT INTO recipe_cook(recipe_id, cook_id) VALUES (2, 107);
INSERT INTO recipe_cook(recipe_id, cook_id) VALUES (2, 82);
INSERT INTO recipe_cook(recipe_id, cook_id) VALUES (2, 124);
INSERT INTO recipe_cook(recipe_id, cook_id) VALUES (2, 136);
INSERT INTO recipe_cook(recipe_id, cook_id) VALUES (2, 161);
INSERT INTO recipe_cook(recipe_id, cook_id) VALUES (2, 115);
INSERT INTO recipe_cook(recipe_id, cook_id) VALUES (2, 125);
INSERT INTO recipe_cook(recipe_id, cook_id) VALUES (2, 5);
INSERT INTO recipe_cook(recipe_id, cook_id) VALUES (2, 185);
INSERT INTO recipe_cook(recipe_id, cook_id) VALUES (2, 188);
INSERT INTO recipe_cook(recipe_id, cook_id) VALUES (2, 86);
INSERT INTO recipe_cook(recipe_id, cook_id) VALUES (2, 166);
INSERT INTO recipe_cook(recipe_id, cook_id) VALUES (2, 120);
INSERT INTO recipe_cook(recipe_id, cook_id) VALUES (2, 38);
INSERT INTO recipe_cook(recipe_id, cook_id) VALUES (2, 77);
INSERT INTO recipe_cook(recipe_id, cook_id) VALUES (2, 3);
INSERT INTO recipe_cook(recipe_id, cook_id) VALUES (2, 176);
INSERT INTO recipe_cook(recipe_id, cook_id) VALUES (2, 141);
INSERT INTO recipe_cook(recipe_id, cook_id) VALUES (2, 187);
INSERT INTO recipe_cook(recipe_id, cook_id) VALUES (2, 190);
INSERT INTO recipe_cook(recipe_id, cook_id) VALUES (2, 179);
INSERT INTO recipe_cook(recipe_id, cook_id) VALUES (2, 16);
INSERT INTO recipe_cook(recipe_id, cook_id) VALUES (2, 59);
INSERT INTO recipe_cook(recipe_id, cook_id) VALUES (2, 170);
INSERT INTO recipe_cook(recipe_id, cook_id) VALUES (2, 28);
INSERT INTO recipe_cook(recipe_id, cook_id) VALUES (2, 157);
INSERT INTO recipe_cook(recipe_id, cook_id) VALUES (2, 37);
INSERT INTO recipe_cook(recipe_id, cook_id) VALUES (2, 70);
INSERT INTO recipe_cook(recipe_id, cook_id) VALUES (2, 63);
INSERT INTO recipe_cook(recipe_id, cook_id) VALUES (2, 100);
INSERT INTO recipe_cook(recipe_id, cook_id) VALUES (2, 79);
INSERT INTO recipe_cook(recipe_id, cook_id) VALUES (2, 15);
INSERT INTO recipe_cook(recipe_id, cook_id) VALUES (2, 165);
INSERT INTO recipe_cook(recipe_id, cook_id) VALUES (2, 47);
INSERT INTO recipe_cook(recipe_id, cook_id) VALUES (2, 54);
INSERT INTO recipe_cook(recipe_id, cook_id) VALUES (2, 49);
INSERT INTO recipe_cook(recipe_id, cook_id) VALUES (2, 58);
INSERT INTO recipe_cook(recipe_id, cook_id) VALUES (2, 171);
INSERT INTO recipe_cook(recipe_id, cook_id) VALUES (2, 71);
INSERT INTO recipe_cook(recipe_id, cook_id) VALUES (2, 175);
INSERT INTO recipe_cook(recipe_id, cook_id) VALUES (2, 12);
INSERT INTO recipe_cook(recipe_id, cook_id) VALUES (2, 69);
INSERT INTO recipe_cook(recipe_id, cook_id) VALUES (2, 8);
INSERT INTO recipe_cook(recipe_id, cook_id) VALUES (2, 30);
INSERT INTO recipe_cook(recipe_id, cook_id) VALUES (2, 61);
INSERT INTO recipe_cook(recipe_id, cook_id) VALUES (2, 156);
INSERT INTO recipe_cook(recipe_id, cook_id) VALUES (2, 180);
INSERT INTO recipe_cook(recipe_id, cook_id) VALUES (2, 153);
INSERT INTO recipe_cook(recipe_id, cook_id) VALUES (2, 151);
INSERT INTO recipe_cook(recipe_id, cook_id) VALUES (2, 62);
INSERT INTO recipe_cook(recipe_id, cook_id) VALUES (2, 147);
INSERT INTO recipe_cook(recipe_id, cook_id) VALUES (2, 11);
INSERT INTO recipe_cook(recipe_id, cook_id) VALUES (2, 139);
INSERT INTO recipe_cook(recipe_id, cook_id) VALUES (2, 87);
INSERT INTO recipe_cook(recipe_id, cook_id) VALUES (2, 81);
INSERT INTO recipe_cook(recipe_id, cook_id) VALUES (2, 162);
INSERT INTO recipe_cook(recipe_id, cook_id) VALUES (2, 105);
INSERT INTO recipe_cook(recipe_id, cook_id) VALUES (2, 64);
INSERT INTO recipe_cook(recipe_id, cook_id) VALUES (2, 122);
INSERT INTO recipe_cook(recipe_id, cook_id) VALUES (2, 72);
INSERT INTO recipe_cook(recipe_id, cook_id) VALUES (2, 57);
INSERT INTO recipe_cook(recipe_id, cook_id) VALUES (2, 95);
INSERT INTO recipe_cook(recipe_id, cook_id) VALUES (2, 6);
INSERT INTO recipe_cook(recipe_id, cook_id) VALUES (2, 130);
INSERT INTO recipe_theme(recipe_id, theme_id) VALUES (2, 25);
INSERT INTO recipe_tip(recipe_id, tip_id) VALUES (2, 7);
INSERT INTO recipe_tip(recipe_id, tip_id) VALUES (2, 3);

INSERT INTO recipe(baking, cuisine_id, difficulty, title, recipe_description, prep_time, cook_time, portions, fat_portion, protein_portion, carbo_portion, picture, picture_description) VALUES(1, 33, 1,'Rice Pudding', 'Travel become simple actually person move. Example reveal bar stand. Option trade player sense nation money source.', 115, 120, 3, 40, 25,65, 'https://dummyimage.com/362x449', 'Religious view next well.');
INSERT INTO recipe_meal_type(recipe_id, meal_type_id) VALUES (3, 3);
INSERT INTO recipe_tag(recipe_id, tag_id) VALUES (3, 27);
INSERT INTO recipe_tag(recipe_id, tag_id) VALUES (3, 88);
INSERT INTO recipe_tag(recipe_id, tag_id) VALUES (3, 24);
INSERT INTO recipe_tag(recipe_id, tag_id) VALUES (3, 51);
INSERT INTO recipe_tag(recipe_id, tag_id) VALUES (3, 66);
INSERT INTO recipe_tag(recipe_id, tag_id) VALUES (3, 98);
INSERT INTO recipe_tag(recipe_id, tag_id) VALUES (3, 16);
INSERT INTO recipe_tag(recipe_id, tag_id) VALUES (3, 94);
INSERT INTO recipe_equipment(recipe_id, equipment_id, num) VALUES (3, 12, 4);
INSERT INTO recipe_equipment(recipe_id, equipment_id, num) VALUES (3, 2, 2);
INSERT INTO recipe_equipment(recipe_id, equipment_id, num) VALUES (3, 9, 4);
INSERT INTO recipe_equipment(recipe_id, equipment_id, num) VALUES (3, 18, 4);
INSERT INTO recipe_equipment(recipe_id, equipment_id, num) VALUES (3, 13, 2);
INSERT INTO recipe_equipment(recipe_id, equipment_id, num) VALUES (3, 7, 2);
INSERT INTO recipe_equipment(recipe_id, equipment_id, num) VALUES (3, 1, 2);
INSERT INTO recipe_cook(recipe_id, cook_id) VALUES (3, 20);
INSERT INTO recipe_cook(recipe_id, cook_id) VALUES (3, 108);
INSERT INTO recipe_cook(recipe_id, cook_id) VALUES (3, 161);
INSERT INTO recipe_cook(recipe_id, cook_id) VALUES (3, 179);
INSERT INTO recipe_theme(recipe_id, theme_id) VALUES (3, 23);
INSERT INTO recipe_theme(recipe_id, theme_id) VALUES (3, 38);
INSERT INTO recipe_theme(recipe_id, theme_id) VALUES (3, 17);
INSERT INTO recipe_tip(recipe_id, tip_id) VALUES (3, 15);

INSERT INTO recipe(baking, cuisine_id, difficulty, title, recipe_description, prep_time, cook_time, portions, fat_portion, protein_portion, carbo_portion, picture, picture_description) VALUES(0, 41, 2,'Cheesecake', 'Industry age car speak. Yard off food dream.', 85, 100, 5, 55, 15,20, 'https://placekitten.com/226/392', 'If begin long head yourself.');
INSERT INTO recipe_meal_type(recipe_id, meal_type_id) VALUES (4, 6);
INSERT INTO recipe_tag(recipe_id, tag_id) VALUES (4, 86);
INSERT INTO recipe_tag(recipe_id, tag_id) VALUES (4, 82);
INSERT INTO recipe_tag(recipe_id, tag_id) VALUES (4, 53);
INSERT INTO recipe_tag(recipe_id, tag_id) VALUES (4, 60);
INSERT INTO recipe_tag(recipe_id, tag_id) VALUES (4, 38);
INSERT INTO recipe_tag(recipe_id, tag_id) VALUES (4, 98);
INSERT INTO recipe_equipment(recipe_id, equipment_id, num) VALUES (4, 5, 1);
INSERT INTO recipe_equipment(recipe_id, equipment_id, num) VALUES (4, 16, 2);
INSERT INTO recipe_equipment(recipe_id, equipment_id, num) VALUES (4, 12, 1);
INSERT INTO recipe_equipment(recipe_id, equipment_id, num) VALUES (4, 8, 4);
INSERT INTO recipe_equipment(recipe_id, equipment_id, num) VALUES (4, 9, 2);
INSERT INTO recipe_equipment(recipe_id, equipment_id, num) VALUES (4, 18, 1);
INSERT INTO recipe_equipment(recipe_id, equipment_id, num) VALUES (4, 7, 2);
INSERT INTO recipe_cook(recipe_id, cook_id) VALUES (4, 65);
INSERT INTO recipe_cook(recipe_id, cook_id) VALUES (4, 110);
INSERT INTO recipe_cook(recipe_id, cook_id) VALUES (4, 174);
INSERT INTO recipe_cook(recipe_id, cook_id) VALUES (4, 48);
INSERT INTO recipe_cook(recipe_id, cook_id) VALUES (4, 124);
INSERT INTO recipe_cook(recipe_id, cook_id) VALUES (4, 1);
INSERT INTO recipe_cook(recipe_id, cook_id) VALUES (4, 185);
INSERT INTO recipe_cook(recipe_id, cook_id) VALUES (4, 72);
INSERT INTO recipe_cook(recipe_id, cook_id) VALUES (4, 92);
INSERT INTO recipe_cook(recipe_id, cook_id) VALUES (4, 63);
INSERT INTO recipe_cook(recipe_id, cook_id) VALUES (4, 168);
INSERT INTO recipe_cook(recipe_id, cook_id) VALUES (4, 78);
INSERT INTO recipe_cook(recipe_id, cook_id) VALUES (4, 83);
INSERT INTO recipe_cook(recipe_id, cook_id) VALUES (4, 123);
INSERT INTO recipe_cook(recipe_id, cook_id) VALUES (4, 125);
INSERT INTO recipe_cook(recipe_id, cook_id) VALUES (4, 199);
INSERT INTO recipe_cook(recipe_id, cook_id) VALUES (4, 160);
INSERT INTO recipe_cook(recipe_id, cook_id) VALUES (4, 164);
INSERT INTO recipe_cook(recipe_id, cook_id) VALUES (4, 22);
INSERT INTO recipe_cook(recipe_id, cook_id) VALUES (4, 169);
INSERT INTO recipe_cook(recipe_id, cook_id) VALUES (4, 93);
INSERT INTO recipe_cook(recipe_id, cook_id) VALUES (4, 40);
INSERT INTO recipe_cook(recipe_id, cook_id) VALUES (4, 189);
INSERT INTO recipe_cook(recipe_id, cook_id) VALUES (4, 99);
INSERT INTO recipe_cook(recipe_id, cook_id) VALUES (4, 15);
INSERT INTO recipe_cook(recipe_id, cook_id) VALUES (4, 182);
INSERT INTO recipe_cook(recipe_id, cook_id) VALUES (4, 145);
INSERT INTO recipe_cook(recipe_id, cook_id) VALUES (4, 84);
INSERT INTO recipe_cook(recipe_id, cook_id) VALUES (4, 36);
INSERT INTO recipe_cook(recipe_id, cook_id) VALUES (4, 136);
INSERT INTO recipe_cook(recipe_id, cook_id) VALUES (4, 89);
INSERT INTO recipe_cook(recipe_id, cook_id) VALUES (4, 163);
INSERT INTO recipe_cook(recipe_id, cook_id) VALUES (4, 150);
INSERT INTO recipe_cook(recipe_id, cook_id) VALUES (4, 4);
INSERT INTO recipe_cook(recipe_id, cook_id) VALUES (4, 3);
INSERT INTO recipe_cook(recipe_id, cook_id) VALUES (4, 54);
INSERT INTO recipe_cook(recipe_id, cook_id) VALUES (4, 19);
INSERT INTO recipe_cook(recipe_id, cook_id) VALUES (4, 76);
INSERT INTO recipe_cook(recipe_id, cook_id) VALUES (4, 200);
INSERT INTO recipe_cook(recipe_id, cook_id) VALUES (4, 156);
INSERT INTO recipe_cook(recipe_id, cook_id) VALUES (4, 26);
INSERT INTO recipe_cook(recipe_id, cook_id) VALUES (4, 149);
INSERT INTO recipe_cook(recipe_id, cook_id) VALUES (4, 37);
INSERT INTO recipe_cook(recipe_id, cook_id) VALUES (4, 60);
INSERT INTO recipe_cook(recipe_id, cook_id) VALUES (4, 197);
INSERT INTO recipe_cook(recipe_id, cook_id) VALUES (4, 116);
INSERT INTO recipe_cook(recipe_id, cook_id) VALUES (4, 170);
INSERT INTO recipe_cook(recipe_id, cook_id) VALUES (4, 179);
INSERT INTO recipe_cook(recipe_id, cook_id) VALUES (4, 165);
INSERT INTO recipe_cook(recipe_id, cook_id) VALUES (4, 104);
INSERT INTO recipe_cook(recipe_id, cook_id) VALUES (4, 137);
INSERT INTO recipe_cook(recipe_id, cook_id) VALUES (4, 43);
INSERT INTO recipe_cook(recipe_id, cook_id) VALUES (4, 24);
INSERT INTO recipe_cook(recipe_id, cook_id) VALUES (4, 141);
INSERT INTO recipe_cook(recipe_id, cook_id) VALUES (4, 77);
INSERT INTO recipe_cook(recipe_id, cook_id) VALUES (4, 51);
INSERT INTO recipe_cook(recipe_id, cook_id) VALUES (4, 127);
INSERT INTO recipe_cook(recipe_id, cook_id) VALUES (4, 55);
INSERT INTO recipe_cook(recipe_id, cook_id) VALUES (4, 171);
INSERT INTO recipe_cook(recipe_id, cook_id) VALUES (4, 21);
INSERT INTO recipe_cook(recipe_id, cook_id) VALUES (4, 113);
INSERT INTO recipe_cook(recipe_id, cook_id) VALUES (4, 30);
INSERT INTO recipe_cook(recipe_id, cook_id) VALUES (4, 31);
INSERT INTO recipe_cook(recipe_id, cook_id) VALUES (4, 68);
INSERT INTO recipe_cook(recipe_id, cook_id) VALUES (4, 108);
INSERT INTO recipe_cook(recipe_id, cook_id) VALUES (4, 157);
INSERT INTO recipe_cook(recipe_id, cook_id) VALUES (4, 172);
INSERT INTO recipe_cook(recipe_id, cook_id) VALUES (4, 122);
INSERT INTO recipe_cook(recipe_id, cook_id) VALUES (4, 144);
INSERT INTO recipe_cook(recipe_id, cook_id) VALUES (4, 176);
INSERT INTO recipe_cook(recipe_id, cook_id) VALUES (4, 196);
INSERT INTO recipe_cook(recipe_id, cook_id) VALUES (4, 120);
INSERT INTO recipe_cook(recipe_id, cook_id) VALUES (4, 158);
INSERT INTO recipe_cook(recipe_id, cook_id) VALUES (4, 90);
INSERT INTO recipe_cook(recipe_id, cook_id) VALUES (4, 191);
INSERT INTO recipe_cook(recipe_id, cook_id) VALUES (4, 32);
INSERT INTO recipe_cook(recipe_id, cook_id) VALUES (4, 64);
INSERT INTO recipe_cook(recipe_id, cook_id) VALUES (4, 175);
INSERT INTO recipe_cook(recipe_id, cook_id) VALUES (4, 70);
INSERT INTO recipe_cook(recipe_id, cook_id) VALUES (4, 146);
INSERT INTO recipe_cook(recipe_id, cook_id) VALUES (4, 111);
INSERT INTO recipe_cook(recipe_id, cook_id) VALUES (4, 95);
INSERT INTO recipe_cook(recipe_id, cook_id) VALUES (4, 195);
INSERT INTO recipe_cook(recipe_id, cook_id) VALUES (4, 147);
INSERT INTO recipe_cook(recipe_id, cook_id) VALUES (4, 142);
INSERT INTO recipe_cook(recipe_id, cook_id) VALUES (4, 42);
INSERT INTO recipe_cook(recipe_id, cook_id) VALUES (4, 135);
INSERT INTO recipe_cook(recipe_id, cook_id) VALUES (4, 132);
INSERT INTO recipe_cook(recipe_id, cook_id) VALUES (4, 73);
INSERT INTO recipe_cook(recipe_id, cook_id) VALUES (4, 130);
INSERT INTO recipe_cook(recipe_id, cook_id) VALUES (4, 86);
INSERT INTO recipe_cook(recipe_id, cook_id) VALUES (4, 38);
INSERT INTO recipe_cook(recipe_id, cook_id) VALUES (4, 155);
INSERT INTO recipe_cook(recipe_id, cook_id) VALUES (4, 114);
INSERT INTO recipe_cook(recipe_id, cook_id) VALUES (4, 161);
INSERT INTO recipe_cook(recipe_id, cook_id) VALUES (4, 143);
INSERT INTO recipe_cook(recipe_id, cook_id) VALUES (4, 152);
INSERT INTO recipe_cook(recipe_id, cook_id) VALUES (4, 87);
INSERT INTO recipe_cook(recipe_id, cook_id) VALUES (4, 10);
INSERT INTO recipe_cook(recipe_id, cook_id) VALUES (4, 148);
INSERT INTO recipe_cook(recipe_id, cook_id) VALUES (4, 82);
INSERT INTO recipe_cook(recipe_id, cook_id) VALUES (4, 47);
INSERT INTO recipe_cook(recipe_id, cook_id) VALUES (4, 100);
INSERT INTO recipe_cook(recipe_id, cook_id) VALUES (4, 188);
INSERT INTO recipe_cook(recipe_id, cook_id) VALUES (4, 167);
INSERT INTO recipe_cook(recipe_id, cook_id) VALUES (4, 166);
INSERT INTO recipe_cook(recipe_id, cook_id) VALUES (4, 79);
INSERT INTO recipe_cook(recipe_id, cook_id) VALUES (4, 6);
INSERT INTO recipe_cook(recipe_id, cook_id) VALUES (4, 88);
INSERT INTO recipe_cook(recipe_id, cook_id) VALUES (4, 159);
INSERT INTO recipe_cook(recipe_id, cook_id) VALUES (4, 13);
INSERT INTO recipe_cook(recipe_id, cook_id) VALUES (4, 66);
INSERT INTO recipe_cook(recipe_id, cook_id) VALUES (4, 62);
INSERT INTO recipe_cook(recipe_id, cook_id) VALUES (4, 126);
INSERT INTO recipe_cook(recipe_id, cook_id) VALUES (4, 183);
INSERT INTO recipe_cook(recipe_id, cook_id) VALUES (4, 5);
INSERT INTO recipe_cook(recipe_id, cook_id) VALUES (4, 28);
INSERT INTO recipe_cook(recipe_id, cook_id) VALUES (4, 151);
INSERT INTO recipe_cook(recipe_id, cook_id) VALUES (4, 81);
INSERT INTO recipe_cook(recipe_id, cook_id) VALUES (4, 17);
INSERT INTO recipe_cook(recipe_id, cook_id) VALUES (4, 44);
INSERT INTO recipe_cook(recipe_id, cook_id) VALUES (4, 140);
INSERT INTO recipe_cook(recipe_id, cook_id) VALUES (4, 177);
INSERT INTO recipe_cook(recipe_id, cook_id) VALUES (4, 80);
INSERT INTO recipe_cook(recipe_id, cook_id) VALUES (4, 61);
INSERT INTO recipe_cook(recipe_id, cook_id) VALUES (4, 190);
INSERT INTO recipe_cook(recipe_id, cook_id) VALUES (4, 71);
INSERT INTO recipe_cook(recipe_id, cook_id) VALUES (4, 27);
INSERT INTO recipe_cook(recipe_id, cook_id) VALUES (4, 128);
INSERT INTO recipe_cook(recipe_id, cook_id) VALUES (4, 56);
INSERT INTO recipe_cook(recipe_id, cook_id) VALUES (4, 121);
INSERT INTO recipe_cook(recipe_id, cook_id) VALUES (4, 105);
INSERT INTO recipe_cook(recipe_id, cook_id) VALUES (4, 33);
INSERT INTO recipe_cook(recipe_id, cook_id) VALUES (4, 7);
INSERT INTO recipe_cook(recipe_id, cook_id) VALUES (4, 109);
INSERT INTO recipe_cook(recipe_id, cook_id) VALUES (4, 154);
INSERT INTO recipe_cook(recipe_id, cook_id) VALUES (4, 46);
INSERT INTO recipe_cook(recipe_id, cook_id) VALUES (4, 53);
INSERT INTO recipe_cook(recipe_id, cook_id) VALUES (4, 186);
INSERT INTO recipe_cook(recipe_id, cook_id) VALUES (4, 184);
INSERT INTO recipe_cook(recipe_id, cook_id) VALUES (4, 187);
INSERT INTO recipe_cook(recipe_id, cook_id) VALUES (4, 75);
INSERT INTO recipe_cook(recipe_id, cook_id) VALUES (4, 18);
INSERT INTO recipe_cook(recipe_id, cook_id) VALUES (4, 74);
INSERT INTO recipe_cook(recipe_id, cook_id) VALUES (4, 59);
INSERT INTO recipe_cook(recipe_id, cook_id) VALUES (4, 23);
INSERT INTO recipe_cook(recipe_id, cook_id) VALUES (4, 14);
INSERT INTO recipe_cook(recipe_id, cook_id) VALUES (4, 115);
INSERT INTO recipe_cook(recipe_id, cook_id) VALUES (4, 192);
INSERT INTO recipe_cook(recipe_id, cook_id) VALUES (4, 198);
INSERT INTO recipe_cook(recipe_id, cook_id) VALUES (4, 8);
INSERT INTO recipe_cook(recipe_id, cook_id) VALUES (4, 107);
INSERT INTO recipe_cook(recipe_id, cook_id) VALUES (4, 94);
INSERT INTO recipe_cook(recipe_id, cook_id) VALUES (4, 117);
INSERT INTO recipe_cook(recipe_id, cook_id) VALUES (4, 129);
INSERT INTO recipe_cook(recipe_id, cook_id) VALUES (4, 20);
INSERT INTO recipe_cook(recipe_id, cook_id) VALUES (4, 9);
INSERT INTO recipe_cook(recipe_id, cook_id) VALUES (4, 162);
INSERT INTO recipe_cook(recipe_id, cook_id) VALUES (4, 41);
INSERT INTO recipe_cook(recipe_id, cook_id) VALUES (4, 180);
INSERT INTO recipe_cook(recipe_id, cook_id) VALUES (4, 119);
INSERT INTO recipe_cook(recipe_id, cook_id) VALUES (4, 181);
INSERT INTO recipe_cook(recipe_id, cook_id) VALUES (4, 134);
INSERT INTO recipe_cook(recipe_id, cook_id) VALUES (4, 39);
INSERT INTO recipe_cook(recipe_id, cook_id) VALUES (4, 35);
INSERT INTO recipe_cook(recipe_id, cook_id) VALUES (4, 96);
INSERT INTO recipe_cook(recipe_id, cook_id) VALUES (4, 193);
INSERT INTO recipe_cook(recipe_id, cook_id) VALUES (4, 45);
INSERT INTO recipe_cook(recipe_id, cook_id) VALUES (4, 67);
INSERT INTO recipe_cook(recipe_id, cook_id) VALUES (4, 118);
INSERT INTO recipe_cook(recipe_id, cook_id) VALUES (4, 2);
INSERT INTO recipe_cook(recipe_id, cook_id) VALUES (4, 52);
INSERT INTO recipe_cook(recipe_id, cook_id) VALUES (4, 112);
INSERT INTO recipe_cook(recipe_id, cook_id) VALUES (4, 16);
INSERT INTO recipe_cook(recipe_id, cook_id) VALUES (4, 57);
INSERT INTO recipe_cook(recipe_id, cook_id) VALUES (4, 25);
INSERT INTO recipe_theme(recipe_id, theme_id) VALUES (4, 4);
INSERT INTO recipe_theme(recipe_id, theme_id) VALUES (4, 33);
INSERT INTO recipe_theme(recipe_id, theme_id) VALUES (4, 35);
INSERT INTO recipe_tip(recipe_id, tip_id) VALUES (4, 25);
INSERT INTO recipe_tip(recipe_id, tip_id) VALUES (4, 40);
INSERT INTO recipe_tip(recipe_id, tip_id) VALUES (4, 10);

INSERT INTO recipe(baking, cuisine_id, difficulty, title, recipe_description, prep_time, cook_time, portions, fat_portion, protein_portion, carbo_portion, picture, picture_description) VALUES(0, 27, 1,'Mushroom Risotto', 'Bad operation necessary agree. Born much group with religious page. Religious federal need argue hour. Capital black stand offer evidence however. High Republican current.', 115, 0, 3, 10, 60,45, 'https://placekitten.com/473/32', 'While finally upon budget there.');
INSERT INTO recipe_meal_type(recipe_id, meal_type_id) VALUES (5, 2);
INSERT INTO recipe_tag(recipe_id, tag_id) VALUES (5, 39);
INSERT INTO recipe_tag(recipe_id, tag_id) VALUES (5, 24);
INSERT INTO recipe_tag(recipe_id, tag_id) VALUES (5, 54);
INSERT INTO recipe_tag(recipe_id, tag_id) VALUES (5, 5);
INSERT INTO recipe_tag(recipe_id, tag_id) VALUES (5, 41);
INSERT INTO recipe_equipment(recipe_id, equipment_id, num) VALUES (5, 14, 2);
INSERT INTO recipe_equipment(recipe_id, equipment_id, num) VALUES (5, 19, 3);
INSERT INTO recipe_equipment(recipe_id, equipment_id, num) VALUES (5, 2, 1);
INSERT INTO recipe_cook(recipe_id, cook_id) VALUES (5, 146);
INSERT INTO recipe_cook(recipe_id, cook_id) VALUES (5, 134);
INSERT INTO recipe_cook(recipe_id, cook_id) VALUES (5, 11);
INSERT INTO recipe_cook(recipe_id, cook_id) VALUES (5, 31);
INSERT INTO recipe_cook(recipe_id, cook_id) VALUES (5, 108);
INSERT INTO recipe_cook(recipe_id, cook_id) VALUES (5, 148);
INSERT INTO recipe_cook(recipe_id, cook_id) VALUES (5, 179);
INSERT INTO recipe_cook(recipe_id, cook_id) VALUES (5, 104);
INSERT INTO recipe_cook(recipe_id, cook_id) VALUES (5, 115);
INSERT INTO recipe_cook(recipe_id, cook_id) VALUES (5, 18);
INSERT INTO recipe_cook(recipe_id, cook_id) VALUES (5, 4);
INSERT INTO recipe_cook(recipe_id, cook_id) VALUES (5, 175);
INSERT INTO recipe_cook(recipe_id, cook_id) VALUES (5, 100);
INSERT INTO recipe_cook(recipe_id, cook_id) VALUES (5, 153);
INSERT INTO recipe_cook(recipe_id, cook_id) VALUES (5, 152);
INSERT INTO recipe_cook(recipe_id, cook_id) VALUES (5, 169);
INSERT INTO recipe_cook(recipe_id, cook_id) VALUES (5, 40);
INSERT INTO recipe_cook(recipe_id, cook_id) VALUES (5, 122);
INSERT INTO recipe_cook(recipe_id, cook_id) VALUES (5, 106);
INSERT INTO recipe_cook(recipe_id, cook_id) VALUES (5, 141);
INSERT INTO recipe_cook(recipe_id, cook_id) VALUES (5, 27);
INSERT INTO recipe_cook(recipe_id, cook_id) VALUES (5, 22);
INSERT INTO recipe_cook(recipe_id, cook_id) VALUES (5, 165);
INSERT INTO recipe_cook(recipe_id, cook_id) VALUES (5, 121);
INSERT INTO recipe_cook(recipe_id, cook_id) VALUES (5, 55);
INSERT INTO recipe_cook(recipe_id, cook_id) VALUES (5, 39);
INSERT INTO recipe_cook(recipe_id, cook_id) VALUES (5, 161);
INSERT INTO recipe_cook(recipe_id, cook_id) VALUES (5, 190);
INSERT INTO recipe_cook(recipe_id, cook_id) VALUES (5, 110);
INSERT INTO recipe_cook(recipe_id, cook_id) VALUES (5, 2);
INSERT INTO recipe_cook(recipe_id, cook_id) VALUES (5, 3);
INSERT INTO recipe_cook(recipe_id, cook_id) VALUES (5, 32);
INSERT INTO recipe_cook(recipe_id, cook_id) VALUES (5, 23);
INSERT INTO recipe_cook(recipe_id, cook_id) VALUES (5, 56);
INSERT INTO recipe_cook(recipe_id, cook_id) VALUES (5, 185);
INSERT INTO recipe_cook(recipe_id, cook_id) VALUES (5, 34);
INSERT INTO recipe_cook(recipe_id, cook_id) VALUES (5, 177);
INSERT INTO recipe_cook(recipe_id, cook_id) VALUES (5, 5);
INSERT INTO recipe_cook(recipe_id, cook_id) VALUES (5, 71);
INSERT INTO recipe_cook(recipe_id, cook_id) VALUES (5, 200);
INSERT INTO recipe_cook(recipe_id, cook_id) VALUES (5, 63);
INSERT INTO recipe_cook(recipe_id, cook_id) VALUES (5, 116);
INSERT INTO recipe_cook(recipe_id, cook_id) VALUES (5, 48);
INSERT INTO recipe_cook(recipe_id, cook_id) VALUES (5, 13);
INSERT INTO recipe_cook(recipe_id, cook_id) VALUES (5, 94);
INSERT INTO recipe_cook(recipe_id, cook_id) VALUES (5, 38);
INSERT INTO recipe_cook(recipe_id, cook_id) VALUES (5, 194);
INSERT INTO recipe_cook(recipe_id, cook_id) VALUES (5, 76);
INSERT INTO recipe_cook(recipe_id, cook_id) VALUES (5, 143);
INSERT INTO recipe_cook(recipe_id, cook_id) VALUES (5, 128);
INSERT INTO recipe_cook(recipe_id, cook_id) VALUES (5, 118);
INSERT INTO recipe_cook(recipe_id, cook_id) VALUES (5, 66);
INSERT INTO recipe_cook(recipe_id, cook_id) VALUES (5, 14);
INSERT INTO recipe_cook(recipe_id, cook_id) VALUES (5, 9);
INSERT INTO recipe_cook(recipe_id, cook_id) VALUES (5, 170);
INSERT INTO recipe_cook(recipe_id, cook_id) VALUES (5, 16);
INSERT INTO recipe_cook(recipe_id, cook_id) VALUES (5, 173);
INSERT INTO recipe_cook(recipe_id, cook_id) VALUES (5, 21);
INSERT INTO recipe_cook(recipe_id, cook_id) VALUES (5, 188);
INSERT INTO recipe_cook(recipe_id, cook_id) VALUES (5, 80);
INSERT INTO recipe_cook(recipe_id, cook_id) VALUES (5, 181);
INSERT INTO recipe_cook(recipe_id, cook_id) VALUES (5, 43);
INSERT INTO recipe_cook(recipe_id, cook_id) VALUES (5, 125);
INSERT INTO recipe_cook(recipe_id, cook_id) VALUES (5, 145);
INSERT INTO recipe_cook(recipe_id, cook_id) VALUES (5, 81);
INSERT INTO recipe_cook(recipe_id, cook_id) VALUES (5, 95);
INSERT INTO recipe_cook(recipe_id, cook_id) VALUES (5, 113);
INSERT INTO recipe_cook(recipe_id, cook_id) VALUES (5, 164);
INSERT INTO recipe_cook(recipe_id, cook_id) VALUES (5, 139);
INSERT INTO recipe_cook(recipe_id, cook_id) VALUES (5, 155);
INSERT INTO recipe_cook(recipe_id, cook_id) VALUES (5, 30);
INSERT INTO recipe_cook(recipe_id, cook_id) VALUES (5, 93);
INSERT INTO recipe_cook(recipe_id, cook_id) VALUES (5, 42);
INSERT INTO recipe_cook(recipe_id, cook_id) VALUES (5, 136);
INSERT INTO recipe_cook(recipe_id, cook_id) VALUES (5, 103);
INSERT INTO recipe_cook(recipe_id, cook_id) VALUES (5, 54);
INSERT INTO recipe_cook(recipe_id, cook_id) VALUES (5, 62);
INSERT INTO recipe_cook(recipe_id, cook_id) VALUES (5, 50);
INSERT INTO recipe_cook(recipe_id, cook_id) VALUES (5, 142);
INSERT INTO recipe_cook(recipe_id, cook_id) VALUES (5, 101);
INSERT INTO recipe_cook(recipe_id, cook_id) VALUES (5, 58);
INSERT INTO recipe_cook(recipe_id, cook_id) VALUES (5, 35);
INSERT INTO recipe_cook(recipe_id, cook_id) VALUES (5, 133);
INSERT INTO recipe_cook(recipe_id, cook_id) VALUES (5, 97);
INSERT INTO recipe_cook(recipe_id, cook_id) VALUES (5, 73);
INSERT INTO recipe_cook(recipe_id, cook_id) VALUES (5, 132);
INSERT INTO recipe_cook(recipe_id, cook_id) VALUES (5, 131);
INSERT INTO recipe_cook(recipe_id, cook_id) VALUES (5, 36);
INSERT INTO recipe_cook(recipe_id, cook_id) VALUES (5, 8);
INSERT INTO recipe_cook(recipe_id, cook_id) VALUES (5, 140);
INSERT INTO recipe_cook(recipe_id, cook_id) VALUES (5, 84);
INSERT INTO recipe_cook(recipe_id, cook_id) VALUES (5, 91);
INSERT INTO recipe_cook(recipe_id, cook_id) VALUES (5, 126);
INSERT INTO recipe_cook(recipe_id, cook_id) VALUES (5, 182);
INSERT INTO recipe_cook(recipe_id, cook_id) VALUES (5, 77);
INSERT INTO recipe_cook(recipe_id, cook_id) VALUES (5, 192);
INSERT INTO recipe_cook(recipe_id, cook_id) VALUES (5, 78);
INSERT INTO recipe_cook(recipe_id, cook_id) VALUES (5, 129);
INSERT INTO recipe_cook(recipe_id, cook_id) VALUES (5, 171);
INSERT INTO recipe_cook(recipe_id, cook_id) VALUES (5, 20);
INSERT INTO recipe_cook(recipe_id, cook_id) VALUES (5, 107);
INSERT INTO recipe_cook(recipe_id, cook_id) VALUES (5, 184);
INSERT INTO recipe_cook(recipe_id, cook_id) VALUES (5, 75);
INSERT INTO recipe_cook(recipe_id, cook_id) VALUES (5, 176);
INSERT INTO recipe_cook(recipe_id, cook_id) VALUES (5, 166);
INSERT INTO recipe_cook(recipe_id, cook_id) VALUES (5, 49);
INSERT INTO recipe_cook(recipe_id, cook_id) VALUES (5, 123);
INSERT INTO recipe_cook(recipe_id, cook_id) VALUES (5, 88);
INSERT INTO recipe_cook(recipe_id, cook_id) VALUES (5, 135);
INSERT INTO recipe_cook(recipe_id, cook_id) VALUES (5, 193);
INSERT INTO recipe_cook(recipe_id, cook_id) VALUES (5, 130);
INSERT INTO recipe_cook(recipe_id, cook_id) VALUES (5, 120);
INSERT INTO recipe_cook(recipe_id, cook_id) VALUES (5, 37);
INSERT INTO recipe_cook(recipe_id, cook_id) VALUES (5, 1);
INSERT INTO recipe_cook(recipe_id, cook_id) VALUES (5, 151);
INSERT INTO recipe_cook(recipe_id, cook_id) VALUES (5, 178);
INSERT INTO recipe_cook(recipe_id, cook_id) VALUES (5, 119);
INSERT INTO recipe_cook(recipe_id, cook_id) VALUES (5, 117);
INSERT INTO recipe_cook(recipe_id, cook_id) VALUES (5, 186);
INSERT INTO recipe_cook(recipe_id, cook_id) VALUES (5, 187);
INSERT INTO recipe_cook(recipe_id, cook_id) VALUES (5, 6);
INSERT INTO recipe_cook(recipe_id, cook_id) VALUES (5, 196);
INSERT INTO recipe_cook(recipe_id, cook_id) VALUES (5, 19);
INSERT INTO recipe_cook(recipe_id, cook_id) VALUES (5, 74);
INSERT INTO recipe_cook(recipe_id, cook_id) VALUES (5, 109);
INSERT INTO recipe_cook(recipe_id, cook_id) VALUES (5, 199);
INSERT INTO recipe_cook(recipe_id, cook_id) VALUES (5, 162);
INSERT INTO recipe_cook(recipe_id, cook_id) VALUES (5, 64);
INSERT INTO recipe_theme(recipe_id, theme_id) VALUES (5, 35);
INSERT INTO recipe_theme(recipe_id, theme_id) VALUES (5, 6);
INSERT INTO recipe_tip(recipe_id, tip_id) VALUES (5, 36);
INSERT INTO recipe_tip(recipe_id, tip_id) VALUES (5, 32);
INSERT INTO recipe_tip(recipe_id, tip_id) VALUES (5, 25);

INSERT INTO recipe(baking, cuisine_id, difficulty, title, recipe_description, prep_time, cook_time, portions, fat_portion, protein_portion, carbo_portion, picture, picture_description) VALUES(1, 30, 2,'Fish Tacos', 'We pass subject wait language task. Country practice force.', 55, 90, 1, 30, 35,85, 'https://picsum.photos/654/305', 'Activity how modern individual.');
INSERT INTO recipe_meal_type(recipe_id, meal_type_id) VALUES (6, 2);
INSERT INTO recipe_tag(recipe_id, tag_id) VALUES (6, 69);
INSERT INTO recipe_tag(recipe_id, tag_id) VALUES (6, 46);
INSERT INTO recipe_equipment(recipe_id, equipment_id, num) VALUES (6, 8, 1);
INSERT INTO recipe_equipment(recipe_id, equipment_id, num) VALUES (6, 13, 4);
INSERT INTO recipe_equipment(recipe_id, equipment_id, num) VALUES (6, 17, 2);
INSERT INTO recipe_cook(recipe_id, cook_id) VALUES (6, 134);
INSERT INTO recipe_cook(recipe_id, cook_id) VALUES (6, 83);
INSERT INTO recipe_cook(recipe_id, cook_id) VALUES (6, 123);
INSERT INTO recipe_cook(recipe_id, cook_id) VALUES (6, 130);
INSERT INTO recipe_cook(recipe_id, cook_id) VALUES (6, 151);
INSERT INTO recipe_cook(recipe_id, cook_id) VALUES (6, 52);
INSERT INTO recipe_cook(recipe_id, cook_id) VALUES (6, 49);
INSERT INTO recipe_cook(recipe_id, cook_id) VALUES (6, 55);
INSERT INTO recipe_cook(recipe_id, cook_id) VALUES (6, 50);
INSERT INTO recipe_cook(recipe_id, cook_id) VALUES (6, 24);
INSERT INTO recipe_cook(recipe_id, cook_id) VALUES (6, 47);
INSERT INTO recipe_cook(recipe_id, cook_id) VALUES (6, 180);
INSERT INTO recipe_cook(recipe_id, cook_id) VALUES (6, 75);
INSERT INTO recipe_cook(recipe_id, cook_id) VALUES (6, 93);
INSERT INTO recipe_cook(recipe_id, cook_id) VALUES (6, 148);
INSERT INTO recipe_cook(recipe_id, cook_id) VALUES (6, 145);
INSERT INTO recipe_cook(recipe_id, cook_id) VALUES (6, 92);
INSERT INTO recipe_cook(recipe_id, cook_id) VALUES (6, 104);
INSERT INTO recipe_cook(recipe_id, cook_id) VALUES (6, 133);
INSERT INTO recipe_cook(recipe_id, cook_id) VALUES (6, 39);
INSERT INTO recipe_cook(recipe_id, cook_id) VALUES (6, 64);
INSERT INTO recipe_cook(recipe_id, cook_id) VALUES (6, 12);
INSERT INTO recipe_cook(recipe_id, cook_id) VALUES (6, 127);
INSERT INTO recipe_cook(recipe_id, cook_id) VALUES (6, 96);
INSERT INTO recipe_cook(recipe_id, cook_id) VALUES (6, 28);
INSERT INTO recipe_cook(recipe_id, cook_id) VALUES (6, 177);
INSERT INTO recipe_cook(recipe_id, cook_id) VALUES (6, 162);
INSERT INTO recipe_cook(recipe_id, cook_id) VALUES (6, 119);
INSERT INTO recipe_cook(recipe_id, cook_id) VALUES (6, 21);
INSERT INTO recipe_cook(recipe_id, cook_id) VALUES (6, 40);
INSERT INTO recipe_cook(recipe_id, cook_id) VALUES (6, 81);
INSERT INTO recipe_cook(recipe_id, cook_id) VALUES (6, 153);
INSERT INTO recipe_cook(recipe_id, cook_id) VALUES (6, 8);
INSERT INTO recipe_cook(recipe_id, cook_id) VALUES (6, 89);
INSERT INTO recipe_cook(recipe_id, cook_id) VALUES (6, 72);
INSERT INTO recipe_cook(recipe_id, cook_id) VALUES (6, 182);
INSERT INTO recipe_cook(recipe_id, cook_id) VALUES (6, 156);
INSERT INTO recipe_cook(recipe_id, cook_id) VALUES (6, 6);
INSERT INTO recipe_cook(recipe_id, cook_id) VALUES (6, 25);
INSERT INTO recipe_cook(recipe_id, cook_id) VALUES (6, 9);
INSERT INTO recipe_cook(recipe_id, cook_id) VALUES (6, 53);
INSERT INTO recipe_cook(recipe_id, cook_id) VALUES (6, 185);
INSERT INTO recipe_cook(recipe_id, cook_id) VALUES (6, 125);
INSERT INTO recipe_cook(recipe_id, cook_id) VALUES (6, 196);
INSERT INTO recipe_cook(recipe_id, cook_id) VALUES (6, 146);
INSERT INTO recipe_cook(recipe_id, cook_id) VALUES (6, 193);
INSERT INTO recipe_cook(recipe_id, cook_id) VALUES (6, 67);
INSERT INTO recipe_cook(recipe_id, cook_id) VALUES (6, 166);
INSERT INTO recipe_cook(recipe_id, cook_id) VALUES (6, 110);
INSERT INTO recipe_cook(recipe_id, cook_id) VALUES (6, 174);
INSERT INTO recipe_cook(recipe_id, cook_id) VALUES (6, 115);
INSERT INTO recipe_cook(recipe_id, cook_id) VALUES (6, 34);
INSERT INTO recipe_cook(recipe_id, cook_id) VALUES (6, 66);
INSERT INTO recipe_cook(recipe_id, cook_id) VALUES (6, 10);
INSERT INTO recipe_cook(recipe_id, cook_id) VALUES (6, 87);
INSERT INTO recipe_cook(recipe_id, cook_id) VALUES (6, 195);
INSERT INTO recipe_cook(recipe_id, cook_id) VALUES (6, 190);
INSERT INTO recipe_cook(recipe_id, cook_id) VALUES (6, 97);
INSERT INTO recipe_cook(recipe_id, cook_id) VALUES (6, 22);
INSERT INTO recipe_cook(recipe_id, cook_id) VALUES (6, 168);
INSERT INTO recipe_cook(recipe_id, cook_id) VALUES (6, 14);
INSERT INTO recipe_cook(recipe_id, cook_id) VALUES (6, 161);
INSERT INTO recipe_cook(recipe_id, cook_id) VALUES (6, 95);
INSERT INTO recipe_cook(recipe_id, cook_id) VALUES (6, 118);
INSERT INTO recipe_cook(recipe_id, cook_id) VALUES (6, 158);
INSERT INTO recipe_cook(recipe_id, cook_id) VALUES (6, 17);
INSERT INTO recipe_cook(recipe_id, cook_id) VALUES (6, 102);
INSERT INTO recipe_theme(recipe_id, theme_id) VALUES (6, 6);
INSERT INTO recipe_tip(recipe_id, tip_id) VALUES (6, 21);
INSERT INTO recipe_tip(recipe_id, tip_id) VALUES (6, 37);

INSERT INTO recipe(baking, cuisine_id, difficulty, title, recipe_description, prep_time, cook_time, portions, fat_portion, protein_portion, carbo_portion, picture, picture_description) VALUES(1, 11, 3,'Greek Salad', 'Education standard whether pull key. We perhaps doctor now site unit. Gun then none today to represent large. Above thus day task husband.', 45, 110, 2, 10, 0,40, 'https://dummyimage.com/694x536', 'Challenge the money information more chair style.');
INSERT INTO recipe_meal_type(recipe_id, meal_type_id) VALUES (7, 1);
INSERT INTO recipe_tag(recipe_id, tag_id) VALUES (7, 8);
INSERT INTO recipe_tag(recipe_id, tag_id) VALUES (7, 71);
INSERT INTO recipe_tag(recipe_id, tag_id) VALUES (7, 4);
INSERT INTO recipe_tag(recipe_id, tag_id) VALUES (7, 7);
INSERT INTO recipe_tag(recipe_id, tag_id) VALUES (7, 34);
INSERT INTO recipe_tag(recipe_id, tag_id) VALUES (7, 66);
INSERT INTO recipe_equipment(recipe_id, equipment_id, num) VALUES (7, 2, 3);
INSERT INTO recipe_equipment(recipe_id, equipment_id, num) VALUES (7, 4, 2);
INSERT INTO recipe_equipment(recipe_id, equipment_id, num) VALUES (7, 5, 3);
INSERT INTO recipe_equipment(recipe_id, equipment_id, num) VALUES (7, 11, 4);
INSERT INTO recipe_equipment(recipe_id, equipment_id, num) VALUES (7, 1, 1);
INSERT INTO recipe_equipment(recipe_id, equipment_id, num) VALUES (7, 19, 3);
INSERT INTO recipe_cook(recipe_id, cook_id) VALUES (7, 192);
INSERT INTO recipe_cook(recipe_id, cook_id) VALUES (7, 77);
INSERT INTO recipe_cook(recipe_id, cook_id) VALUES (7, 151);
INSERT INTO recipe_cook(recipe_id, cook_id) VALUES (7, 152);
INSERT INTO recipe_cook(recipe_id, cook_id) VALUES (7, 113);
INSERT INTO recipe_cook(recipe_id, cook_id) VALUES (7, 195);
INSERT INTO recipe_cook(recipe_id, cook_id) VALUES (7, 168);
INSERT INTO recipe_cook(recipe_id, cook_id) VALUES (7, 27);
INSERT INTO recipe_cook(recipe_id, cook_id) VALUES (7, 121);
INSERT INTO recipe_cook(recipe_id, cook_id) VALUES (7, 83);
INSERT INTO recipe_cook(recipe_id, cook_id) VALUES (7, 96);
INSERT INTO recipe_cook(recipe_id, cook_id) VALUES (7, 66);
INSERT INTO recipe_cook(recipe_id, cook_id) VALUES (7, 100);
INSERT INTO recipe_cook(recipe_id, cook_id) VALUES (7, 32);
INSERT INTO recipe_cook(recipe_id, cook_id) VALUES (7, 190);
INSERT INTO recipe_cook(recipe_id, cook_id) VALUES (7, 124);
INSERT INTO recipe_cook(recipe_id, cook_id) VALUES (7, 98);
INSERT INTO recipe_cook(recipe_id, cook_id) VALUES (7, 44);
INSERT INTO recipe_cook(recipe_id, cook_id) VALUES (7, 196);
INSERT INTO recipe_cook(recipe_id, cook_id) VALUES (7, 62);
INSERT INTO recipe_cook(recipe_id, cook_id) VALUES (7, 37);
INSERT INTO recipe_cook(recipe_id, cook_id) VALUES (7, 174);
INSERT INTO recipe_cook(recipe_id, cook_id) VALUES (7, 4);
INSERT INTO recipe_cook(recipe_id, cook_id) VALUES (7, 120);
INSERT INTO recipe_cook(recipe_id, cook_id) VALUES (7, 50);
INSERT INTO recipe_cook(recipe_id, cook_id) VALUES (7, 10);
INSERT INTO recipe_cook(recipe_id, cook_id) VALUES (7, 41);
INSERT INTO recipe_cook(recipe_id, cook_id) VALUES (7, 57);
INSERT INTO recipe_cook(recipe_id, cook_id) VALUES (7, 20);
INSERT INTO recipe_cook(recipe_id, cook_id) VALUES (7, 159);
INSERT INTO recipe_cook(recipe_id, cook_id) VALUES (7, 186);
INSERT INTO recipe_cook(recipe_id, cook_id) VALUES (7, 36);
INSERT INTO recipe_cook(recipe_id, cook_id) VALUES (7, 115);
INSERT INTO recipe_cook(recipe_id, cook_id) VALUES (7, 25);
INSERT INTO recipe_cook(recipe_id, cook_id) VALUES (7, 99);
INSERT INTO recipe_cook(recipe_id, cook_id) VALUES (7, 6);
INSERT INTO recipe_cook(recipe_id, cook_id) VALUES (7, 161);
INSERT INTO recipe_cook(recipe_id, cook_id) VALUES (7, 172);
INSERT INTO recipe_cook(recipe_id, cook_id) VALUES (7, 116);
INSERT INTO recipe_cook(recipe_id, cook_id) VALUES (7, 87);
INSERT INTO recipe_cook(recipe_id, cook_id) VALUES (7, 191);
INSERT INTO recipe_cook(recipe_id, cook_id) VALUES (7, 60);
INSERT INTO recipe_cook(recipe_id, cook_id) VALUES (7, 123);
INSERT INTO recipe_cook(recipe_id, cook_id) VALUES (7, 30);
INSERT INTO recipe_cook(recipe_id, cook_id) VALUES (7, 94);
INSERT INTO recipe_cook(recipe_id, cook_id) VALUES (7, 180);
INSERT INTO recipe_cook(recipe_id, cook_id) VALUES (7, 85);
INSERT INTO recipe_cook(recipe_id, cook_id) VALUES (7, 173);
INSERT INTO recipe_cook(recipe_id, cook_id) VALUES (7, 15);
INSERT INTO recipe_cook(recipe_id, cook_id) VALUES (7, 47);
INSERT INTO recipe_cook(recipe_id, cook_id) VALUES (7, 162);
INSERT INTO recipe_cook(recipe_id, cook_id) VALUES (7, 142);
INSERT INTO recipe_cook(recipe_id, cook_id) VALUES (7, 38);
INSERT INTO recipe_cook(recipe_id, cook_id) VALUES (7, 182);
INSERT INTO recipe_cook(recipe_id, cook_id) VALUES (7, 39);
INSERT INTO recipe_cook(recipe_id, cook_id) VALUES (7, 69);
INSERT INTO recipe_cook(recipe_id, cook_id) VALUES (7, 108);
INSERT INTO recipe_cook(recipe_id, cook_id) VALUES (7, 106);
INSERT INTO recipe_cook(recipe_id, cook_id) VALUES (7, 64);
INSERT INTO recipe_cook(recipe_id, cook_id) VALUES (7, 40);
INSERT INTO recipe_cook(recipe_id, cook_id) VALUES (7, 7);
INSERT INTO recipe_cook(recipe_id, cook_id) VALUES (7, 70);
INSERT INTO recipe_cook(recipe_id, cook_id) VALUES (7, 76);
INSERT INTO recipe_cook(recipe_id, cook_id) VALUES (7, 86);
INSERT INTO recipe_cook(recipe_id, cook_id) VALUES (7, 43);
INSERT INTO recipe_cook(recipe_id, cook_id) VALUES (7, 67);
INSERT INTO recipe_cook(recipe_id, cook_id) VALUES (7, 126);
INSERT INTO recipe_cook(recipe_id, cook_id) VALUES (7, 28);
INSERT INTO recipe_cook(recipe_id, cook_id) VALUES (7, 82);
INSERT INTO recipe_cook(recipe_id, cook_id) VALUES (7, 117);
INSERT INTO recipe_cook(recipe_id, cook_id) VALUES (7, 185);
INSERT INTO recipe_cook(recipe_id, cook_id) VALUES (7, 157);
INSERT INTO recipe_cook(recipe_id, cook_id) VALUES (7, 141);
INSERT INTO recipe_cook(recipe_id, cook_id) VALUES (7, 134);
INSERT INTO recipe_cook(recipe_id, cook_id) VALUES (7, 189);
INSERT INTO recipe_cook(recipe_id, cook_id) VALUES (7, 8);
INSERT INTO recipe_cook(recipe_id, cook_id) VALUES (7, 81);
INSERT INTO recipe_cook(recipe_id, cook_id) VALUES (7, 194);
INSERT INTO recipe_cook(recipe_id, cook_id) VALUES (7, 101);
INSERT INTO recipe_cook(recipe_id, cook_id) VALUES (7, 137);
INSERT INTO recipe_cook(recipe_id, cook_id) VALUES (7, 119);
INSERT INTO recipe_cook(recipe_id, cook_id) VALUES (7, 133);
INSERT INTO recipe_cook(recipe_id, cook_id) VALUES (7, 72);
INSERT INTO recipe_cook(recipe_id, cook_id) VALUES (7, 181);
INSERT INTO recipe_cook(recipe_id, cook_id) VALUES (7, 107);
INSERT INTO recipe_cook(recipe_id, cook_id) VALUES (7, 155);
INSERT INTO recipe_cook(recipe_id, cook_id) VALUES (7, 16);
INSERT INTO recipe_cook(recipe_id, cook_id) VALUES (7, 33);
INSERT INTO recipe_cook(recipe_id, cook_id) VALUES (7, 97);
INSERT INTO recipe_cook(recipe_id, cook_id) VALUES (7, 26);
INSERT INTO recipe_cook(recipe_id, cook_id) VALUES (7, 198);
INSERT INTO recipe_cook(recipe_id, cook_id) VALUES (7, 56);
INSERT INTO recipe_cook(recipe_id, cook_id) VALUES (7, 34);
INSERT INTO recipe_cook(recipe_id, cook_id) VALUES (7, 31);
INSERT INTO recipe_cook(recipe_id, cook_id) VALUES (7, 150);
INSERT INTO recipe_cook(recipe_id, cook_id) VALUES (7, 13);
INSERT INTO recipe_cook(recipe_id, cook_id) VALUES (7, 176);
INSERT INTO recipe_cook(recipe_id, cook_id) VALUES (7, 148);
INSERT INTO recipe_cook(recipe_id, cook_id) VALUES (7, 54);
INSERT INTO recipe_cook(recipe_id, cook_id) VALUES (7, 21);
INSERT INTO recipe_cook(recipe_id, cook_id) VALUES (7, 125);
INSERT INTO recipe_cook(recipe_id, cook_id) VALUES (7, 93);
INSERT INTO recipe_cook(recipe_id, cook_id) VALUES (7, 103);
INSERT INTO recipe_cook(recipe_id, cook_id) VALUES (7, 19);
INSERT INTO recipe_cook(recipe_id, cook_id) VALUES (7, 132);
INSERT INTO recipe_cook(recipe_id, cook_id) VALUES (7, 3);
INSERT INTO recipe_cook(recipe_id, cook_id) VALUES (7, 153);
INSERT INTO recipe_cook(recipe_id, cook_id) VALUES (7, 65);
INSERT INTO recipe_cook(recipe_id, cook_id) VALUES (7, 183);
INSERT INTO recipe_cook(recipe_id, cook_id) VALUES (7, 127);
INSERT INTO recipe_cook(recipe_id, cook_id) VALUES (7, 18);
INSERT INTO recipe_cook(recipe_id, cook_id) VALUES (7, 156);
INSERT INTO recipe_cook(recipe_id, cook_id) VALUES (7, 1);
INSERT INTO recipe_cook(recipe_id, cook_id) VALUES (7, 68);
INSERT INTO recipe_cook(recipe_id, cook_id) VALUES (7, 158);
INSERT INTO recipe_cook(recipe_id, cook_id) VALUES (7, 24);
INSERT INTO recipe_cook(recipe_id, cook_id) VALUES (7, 110);
INSERT INTO recipe_cook(recipe_id, cook_id) VALUES (7, 109);
INSERT INTO recipe_cook(recipe_id, cook_id) VALUES (7, 165);
INSERT INTO recipe_cook(recipe_id, cook_id) VALUES (7, 53);
INSERT INTO recipe_cook(recipe_id, cook_id) VALUES (7, 177);
INSERT INTO recipe_cook(recipe_id, cook_id) VALUES (7, 169);
INSERT INTO recipe_cook(recipe_id, cook_id) VALUES (7, 74);
INSERT INTO recipe_cook(recipe_id, cook_id) VALUES (7, 154);
INSERT INTO recipe_cook(recipe_id, cook_id) VALUES (7, 90);
INSERT INTO recipe_cook(recipe_id, cook_id) VALUES (7, 199);
INSERT INTO recipe_cook(recipe_id, cook_id) VALUES (7, 135);
INSERT INTO recipe_cook(recipe_id, cook_id) VALUES (7, 129);
INSERT INTO recipe_cook(recipe_id, cook_id) VALUES (7, 23);
INSERT INTO recipe_cook(recipe_id, cook_id) VALUES (7, 111);
INSERT INTO recipe_cook(recipe_id, cook_id) VALUES (7, 11);
INSERT INTO recipe_cook(recipe_id, cook_id) VALUES (7, 12);
INSERT INTO recipe_cook(recipe_id, cook_id) VALUES (7, 149);
INSERT INTO recipe_cook(recipe_id, cook_id) VALUES (7, 79);
INSERT INTO recipe_cook(recipe_id, cook_id) VALUES (7, 118);
INSERT INTO recipe_cook(recipe_id, cook_id) VALUES (7, 193);
INSERT INTO recipe_cook(recipe_id, cook_id) VALUES (7, 138);
INSERT INTO recipe_cook(recipe_id, cook_id) VALUES (7, 128);
INSERT INTO recipe_cook(recipe_id, cook_id) VALUES (7, 136);
INSERT INTO recipe_cook(recipe_id, cook_id) VALUES (7, 46);
INSERT INTO recipe_cook(recipe_id, cook_id) VALUES (7, 179);
INSERT INTO recipe_cook(recipe_id, cook_id) VALUES (7, 52);
INSERT INTO recipe_cook(recipe_id, cook_id) VALUES (7, 105);
INSERT INTO recipe_cook(recipe_id, cook_id) VALUES (7, 184);
INSERT INTO recipe_cook(recipe_id, cook_id) VALUES (7, 163);
INSERT INTO recipe_cook(recipe_id, cook_id) VALUES (7, 58);
INSERT INTO recipe_cook(recipe_id, cook_id) VALUES (7, 88);
INSERT INTO recipe_cook(recipe_id, cook_id) VALUES (7, 5);
INSERT INTO recipe_cook(recipe_id, cook_id) VALUES (7, 45);
INSERT INTO recipe_cook(recipe_id, cook_id) VALUES (7, 84);
INSERT INTO recipe_cook(recipe_id, cook_id) VALUES (7, 144);
INSERT INTO recipe_cook(recipe_id, cook_id) VALUES (7, 166);
INSERT INTO recipe_cook(recipe_id, cook_id) VALUES (7, 51);
INSERT INTO recipe_cook(recipe_id, cook_id) VALUES (7, 178);
INSERT INTO recipe_cook(recipe_id, cook_id) VALUES (7, 104);
INSERT INTO recipe_cook(recipe_id, cook_id) VALUES (7, 91);
INSERT INTO recipe_cook(recipe_id, cook_id) VALUES (7, 22);
INSERT INTO recipe_cook(recipe_id, cook_id) VALUES (7, 112);
INSERT INTO recipe_cook(recipe_id, cook_id) VALUES (7, 171);
INSERT INTO recipe_cook(recipe_id, cook_id) VALUES (7, 187);
INSERT INTO recipe_cook(recipe_id, cook_id) VALUES (7, 170);
INSERT INTO recipe_cook(recipe_id, cook_id) VALUES (7, 102);
INSERT INTO recipe_cook(recipe_id, cook_id) VALUES (7, 49);
INSERT INTO recipe_cook(recipe_id, cook_id) VALUES (7, 143);
INSERT INTO recipe_cook(recipe_id, cook_id) VALUES (7, 9);
INSERT INTO recipe_cook(recipe_id, cook_id) VALUES (7, 164);
INSERT INTO recipe_cook(recipe_id, cook_id) VALUES (7, 114);
INSERT INTO recipe_cook(recipe_id, cook_id) VALUES (7, 145);
INSERT INTO recipe_cook(recipe_id, cook_id) VALUES (7, 75);
INSERT INTO recipe_cook(recipe_id, cook_id) VALUES (7, 2);
INSERT INTO recipe_cook(recipe_id, cook_id) VALUES (7, 63);
INSERT INTO recipe_cook(recipe_id, cook_id) VALUES (7, 59);
INSERT INTO recipe_cook(recipe_id, cook_id) VALUES (7, 147);
INSERT INTO recipe_cook(recipe_id, cook_id) VALUES (7, 131);
INSERT INTO recipe_theme(recipe_id, theme_id) VALUES (7, 1);
INSERT INTO recipe_theme(recipe_id, theme_id) VALUES (7, 23);
INSERT INTO recipe_theme(recipe_id, theme_id) VALUES (7, 34);
INSERT INTO recipe_tip(recipe_id, tip_id) VALUES (7, 34);
INSERT INTO recipe_tip(recipe_id, tip_id) VALUES (7, 5);

INSERT INTO recipe(baking, cuisine_id, difficulty, title, recipe_description, prep_time, cook_time, portions, fat_portion, protein_portion, carbo_portion, picture, picture_description) VALUES(0, 47, 4,'French Toast', 'Free senior including fund already deep onto. Before until us research. Gun star either opportunity doctor foot.', 85, 80, 1, 40, 60,85, 'https://dummyimage.com/27x214', 'Four recognize imagine majority court these.');
INSERT INTO recipe_meal_type(recipe_id, meal_type_id) VALUES (8, 6);
INSERT INTO recipe_tag(recipe_id, tag_id) VALUES (8, 3);
INSERT INTO recipe_tag(recipe_id, tag_id) VALUES (8, 32);
INSERT INTO recipe_tag(recipe_id, tag_id) VALUES (8, 12);
INSERT INTO recipe_equipment(recipe_id, equipment_id, num) VALUES (8, 20, 3);
INSERT INTO recipe_equipment(recipe_id, equipment_id, num) VALUES (8, 6, 1);
INSERT INTO recipe_equipment(recipe_id, equipment_id, num) VALUES (8, 19, 1);
INSERT INTO recipe_equipment(recipe_id, equipment_id, num) VALUES (8, 4, 3);
INSERT INTO recipe_cook(recipe_id, cook_id) VALUES (8, 65);
INSERT INTO recipe_cook(recipe_id, cook_id) VALUES (8, 143);
INSERT INTO recipe_cook(recipe_id, cook_id) VALUES (8, 8);
INSERT INTO recipe_cook(recipe_id, cook_id) VALUES (8, 5);
INSERT INTO recipe_cook(recipe_id, cook_id) VALUES (8, 25);
INSERT INTO recipe_cook(recipe_id, cook_id) VALUES (8, 179);
INSERT INTO recipe_cook(recipe_id, cook_id) VALUES (8, 190);
INSERT INTO recipe_cook(recipe_id, cook_id) VALUES (8, 50);
INSERT INTO recipe_cook(recipe_id, cook_id) VALUES (8, 67);
INSERT INTO recipe_cook(recipe_id, cook_id) VALUES (8, 197);
INSERT INTO recipe_cook(recipe_id, cook_id) VALUES (8, 154);
INSERT INTO recipe_cook(recipe_id, cook_id) VALUES (8, 164);
INSERT INTO recipe_cook(recipe_id, cook_id) VALUES (8, 148);
INSERT INTO recipe_cook(recipe_id, cook_id) VALUES (8, 119);
INSERT INTO recipe_cook(recipe_id, cook_id) VALUES (8, 134);
INSERT INTO recipe_cook(recipe_id, cook_id) VALUES (8, 62);
INSERT INTO recipe_cook(recipe_id, cook_id) VALUES (8, 180);
INSERT INTO recipe_cook(recipe_id, cook_id) VALUES (8, 114);
INSERT INTO recipe_cook(recipe_id, cook_id) VALUES (8, 27);
INSERT INTO recipe_cook(recipe_id, cook_id) VALUES (8, 90);
INSERT INTO recipe_cook(recipe_id, cook_id) VALUES (8, 196);
INSERT INTO recipe_cook(recipe_id, cook_id) VALUES (8, 46);
INSERT INTO recipe_cook(recipe_id, cook_id) VALUES (8, 12);
INSERT INTO recipe_cook(recipe_id, cook_id) VALUES (8, 70);
INSERT INTO recipe_cook(recipe_id, cook_id) VALUES (8, 32);
INSERT INTO recipe_cook(recipe_id, cook_id) VALUES (8, 120);
INSERT INTO recipe_cook(recipe_id, cook_id) VALUES (8, 127);
INSERT INTO recipe_cook(recipe_id, cook_id) VALUES (8, 150);
INSERT INTO recipe_cook(recipe_id, cook_id) VALUES (8, 129);
INSERT INTO recipe_cook(recipe_id, cook_id) VALUES (8, 72);
INSERT INTO recipe_cook(recipe_id, cook_id) VALUES (8, 29);
INSERT INTO recipe_cook(recipe_id, cook_id) VALUES (8, 176);
INSERT INTO recipe_cook(recipe_id, cook_id) VALUES (8, 169);
INSERT INTO recipe_cook(recipe_id, cook_id) VALUES (8, 104);
INSERT INTO recipe_cook(recipe_id, cook_id) VALUES (8, 36);
INSERT INTO recipe_cook(recipe_id, cook_id) VALUES (8, 139);
INSERT INTO recipe_cook(recipe_id, cook_id) VALUES (8, 152);
INSERT INTO recipe_cook(recipe_id, cook_id) VALUES (8, 59);
INSERT INTO recipe_cook(recipe_id, cook_id) VALUES (8, 163);
INSERT INTO recipe_cook(recipe_id, cook_id) VALUES (8, 38);
INSERT INTO recipe_cook(recipe_id, cook_id) VALUES (8, 147);
INSERT INTO recipe_cook(recipe_id, cook_id) VALUES (8, 187);
INSERT INTO recipe_cook(recipe_id, cook_id) VALUES (8, 102);
INSERT INTO recipe_cook(recipe_id, cook_id) VALUES (8, 43);
INSERT INTO recipe_cook(recipe_id, cook_id) VALUES (8, 191);
INSERT INTO recipe_cook(recipe_id, cook_id) VALUES (8, 100);
INSERT INTO recipe_cook(recipe_id, cook_id) VALUES (8, 108);
INSERT INTO recipe_cook(recipe_id, cook_id) VALUES (8, 153);
INSERT INTO recipe_cook(recipe_id, cook_id) VALUES (8, 135);
INSERT INTO recipe_cook(recipe_id, cook_id) VALUES (8, 10);
INSERT INTO recipe_cook(recipe_id, cook_id) VALUES (8, 158);
INSERT INTO recipe_cook(recipe_id, cook_id) VALUES (8, 14);
INSERT INTO recipe_cook(recipe_id, cook_id) VALUES (8, 93);
INSERT INTO recipe_cook(recipe_id, cook_id) VALUES (8, 87);
INSERT INTO recipe_cook(recipe_id, cook_id) VALUES (8, 103);
INSERT INTO recipe_cook(recipe_id, cook_id) VALUES (8, 185);
INSERT INTO recipe_cook(recipe_id, cook_id) VALUES (8, 86);
INSERT INTO recipe_cook(recipe_id, cook_id) VALUES (8, 112);
INSERT INTO recipe_cook(recipe_id, cook_id) VALUES (8, 83);
INSERT INTO recipe_cook(recipe_id, cook_id) VALUES (8, 146);
INSERT INTO recipe_cook(recipe_id, cook_id) VALUES (8, 149);
INSERT INTO recipe_cook(recipe_id, cook_id) VALUES (8, 84);
INSERT INTO recipe_cook(recipe_id, cook_id) VALUES (8, 133);
INSERT INTO recipe_cook(recipe_id, cook_id) VALUES (8, 161);
INSERT INTO recipe_cook(recipe_id, cook_id) VALUES (8, 91);
INSERT INTO recipe_cook(recipe_id, cook_id) VALUES (8, 64);
INSERT INTO recipe_cook(recipe_id, cook_id) VALUES (8, 109);
INSERT INTO recipe_cook(recipe_id, cook_id) VALUES (8, 3);
INSERT INTO recipe_cook(recipe_id, cook_id) VALUES (8, 94);
INSERT INTO recipe_cook(recipe_id, cook_id) VALUES (8, 28);
INSERT INTO recipe_cook(recipe_id, cook_id) VALUES (8, 48);
INSERT INTO recipe_cook(recipe_id, cook_id) VALUES (8, 18);
INSERT INTO recipe_cook(recipe_id, cook_id) VALUES (8, 165);
INSERT INTO recipe_cook(recipe_id, cook_id) VALUES (8, 56);
INSERT INTO recipe_cook(recipe_id, cook_id) VALUES (8, 26);
INSERT INTO recipe_cook(recipe_id, cook_id) VALUES (8, 200);
INSERT INTO recipe_cook(recipe_id, cook_id) VALUES (8, 144);
INSERT INTO recipe_cook(recipe_id, cook_id) VALUES (8, 138);
INSERT INTO recipe_cook(recipe_id, cook_id) VALUES (8, 170);
INSERT INTO recipe_cook(recipe_id, cook_id) VALUES (8, 172);
INSERT INTO recipe_theme(recipe_id, theme_id) VALUES (8, 26);
INSERT INTO recipe_theme(recipe_id, theme_id) VALUES (8, 30);
INSERT INTO recipe_tip(recipe_id, tip_id) VALUES (8, 3);
INSERT INTO recipe_tip(recipe_id, tip_id) VALUES (8, 40);
INSERT INTO recipe_tip(recipe_id, tip_id) VALUES (8, 18);

INSERT INTO recipe(baking, cuisine_id, difficulty, title, recipe_description, prep_time, cook_time, portions, fat_portion, protein_portion, carbo_portion, picture, picture_description) VALUES(0, 34, 1,'Stuffed Mushrooms', 'Some man material such brother. Start quite break PM our. News author recent ground participant past.', 75, 30, 1, 20, 5,45, 'https://picsum.photos/87/892', 'Local young catch entire social.');
INSERT INTO recipe_meal_type(recipe_id, meal_type_id) VALUES (9, 4);
INSERT INTO recipe_tag(recipe_id, tag_id) VALUES (9, 83);
INSERT INTO recipe_tag(recipe_id, tag_id) VALUES (9, 22);
INSERT INTO recipe_tag(recipe_id, tag_id) VALUES (9, 16);
INSERT INTO recipe_tag(recipe_id, tag_id) VALUES (9, 8);
INSERT INTO recipe_tag(recipe_id, tag_id) VALUES (9, 77);
INSERT INTO recipe_tag(recipe_id, tag_id) VALUES (9, 66);
INSERT INTO recipe_equipment(recipe_id, equipment_id, num) VALUES (9, 3, 1);
INSERT INTO recipe_equipment(recipe_id, equipment_id, num) VALUES (9, 15, 3);
INSERT INTO recipe_equipment(recipe_id, equipment_id, num) VALUES (9, 18, 2);
INSERT INTO recipe_equipment(recipe_id, equipment_id, num) VALUES (9, 5, 2);
INSERT INTO recipe_equipment(recipe_id, equipment_id, num) VALUES (9, 19, 3);
INSERT INTO recipe_cook(recipe_id, cook_id) VALUES (9, 131);
INSERT INTO recipe_cook(recipe_id, cook_id) VALUES (9, 34);
INSERT INTO recipe_cook(recipe_id, cook_id) VALUES (9, 76);
INSERT INTO recipe_cook(recipe_id, cook_id) VALUES (9, 105);
INSERT INTO recipe_cook(recipe_id, cook_id) VALUES (9, 148);
INSERT INTO recipe_cook(recipe_id, cook_id) VALUES (9, 74);
INSERT INTO recipe_cook(recipe_id, cook_id) VALUES (9, 71);
INSERT INTO recipe_cook(recipe_id, cook_id) VALUES (9, 63);
INSERT INTO recipe_cook(recipe_id, cook_id) VALUES (9, 189);
INSERT INTO recipe_cook(recipe_id, cook_id) VALUES (9, 23);
INSERT INTO recipe_cook(recipe_id, cook_id) VALUES (9, 190);
INSERT INTO recipe_cook(recipe_id, cook_id) VALUES (9, 140);
INSERT INTO recipe_cook(recipe_id, cook_id) VALUES (9, 195);
INSERT INTO recipe_cook(recipe_id, cook_id) VALUES (9, 117);
INSERT INTO recipe_cook(recipe_id, cook_id) VALUES (9, 157);
INSERT INTO recipe_cook(recipe_id, cook_id) VALUES (9, 178);
INSERT INTO recipe_cook(recipe_id, cook_id) VALUES (9, 146);
INSERT INTO recipe_cook(recipe_id, cook_id) VALUES (9, 57);
INSERT INTO recipe_cook(recipe_id, cook_id) VALUES (9, 167);
INSERT INTO recipe_cook(recipe_id, cook_id) VALUES (9, 99);
INSERT INTO recipe_cook(recipe_id, cook_id) VALUES (9, 52);
INSERT INTO recipe_cook(recipe_id, cook_id) VALUES (9, 141);
INSERT INTO recipe_cook(recipe_id, cook_id) VALUES (9, 94);
INSERT INTO recipe_cook(recipe_id, cook_id) VALUES (9, 118);
INSERT INTO recipe_cook(recipe_id, cook_id) VALUES (9, 179);
INSERT INTO recipe_cook(recipe_id, cook_id) VALUES (9, 78);
INSERT INTO recipe_cook(recipe_id, cook_id) VALUES (9, 186);
INSERT INTO recipe_cook(recipe_id, cook_id) VALUES (9, 123);
INSERT INTO recipe_cook(recipe_id, cook_id) VALUES (9, 121);
INSERT INTO recipe_cook(recipe_id, cook_id) VALUES (9, 80);
INSERT INTO recipe_cook(recipe_id, cook_id) VALUES (9, 8);
INSERT INTO recipe_cook(recipe_id, cook_id) VALUES (9, 193);
INSERT INTO recipe_theme(recipe_id, theme_id) VALUES (9, 15);
INSERT INTO recipe_theme(recipe_id, theme_id) VALUES (9, 13);
INSERT INTO recipe_tip(recipe_id, tip_id) VALUES (9, 35);
INSERT INTO recipe_tip(recipe_id, tip_id) VALUES (9, 25);
INSERT INTO recipe_tip(recipe_id, tip_id) VALUES (9, 38);

INSERT INTO recipe(baking, cuisine_id, difficulty, title, recipe_description, prep_time, cook_time, portions, fat_portion, protein_portion, carbo_portion, picture, picture_description) VALUES(1, 32, 3,'Pancakes', 'Affect draw finally summer bill purpose. South anything low design business. Information summer on behind care. Agency charge large receive within field letter. Surface cup anyone view water above this.', 55, 30, 3, 0, 60,0, 'https://placekitten.com/217/285', 'Issue stuff prove where.');
INSERT INTO recipe_meal_type(recipe_id, meal_type_id) VALUES (10, 6);
INSERT INTO recipe_tag(recipe_id, tag_id) VALUES (10, 71);
INSERT INTO recipe_tag(recipe_id, tag_id) VALUES (10, 9);
INSERT INTO recipe_tag(recipe_id, tag_id) VALUES (10, 78);
INSERT INTO recipe_equipment(recipe_id, equipment_id, num) VALUES (10, 15, 3);
INSERT INTO recipe_equipment(recipe_id, equipment_id, num) VALUES (10, 2, 4);
INSERT INTO recipe_equipment(recipe_id, equipment_id, num) VALUES (10, 17, 1);
INSERT INTO recipe_equipment(recipe_id, equipment_id, num) VALUES (10, 13, 1);
INSERT INTO recipe_equipment(recipe_id, equipment_id, num) VALUES (10, 20, 2);
INSERT INTO recipe_cook(recipe_id, cook_id) VALUES (10, 189);
INSERT INTO recipe_cook(recipe_id, cook_id) VALUES (10, 196);
INSERT INTO recipe_cook(recipe_id, cook_id) VALUES (10, 28);
INSERT INTO recipe_cook(recipe_id, cook_id) VALUES (10, 134);
INSERT INTO recipe_cook(recipe_id, cook_id) VALUES (10, 58);
INSERT INTO recipe_cook(recipe_id, cook_id) VALUES (10, 174);
INSERT INTO recipe_cook(recipe_id, cook_id) VALUES (10, 190);
INSERT INTO recipe_cook(recipe_id, cook_id) VALUES (10, 40);
INSERT INTO recipe_cook(recipe_id, cook_id) VALUES (10, 107);
INSERT INTO recipe_cook(recipe_id, cook_id) VALUES (10, 87);
INSERT INTO recipe_cook(recipe_id, cook_id) VALUES (10, 172);
INSERT INTO recipe_cook(recipe_id, cook_id) VALUES (10, 91);
INSERT INTO recipe_cook(recipe_id, cook_id) VALUES (10, 36);
INSERT INTO recipe_cook(recipe_id, cook_id) VALUES (10, 173);
INSERT INTO recipe_cook(recipe_id, cook_id) VALUES (10, 52);
INSERT INTO recipe_cook(recipe_id, cook_id) VALUES (10, 158);
INSERT INTO recipe_cook(recipe_id, cook_id) VALUES (10, 157);
INSERT INTO recipe_cook(recipe_id, cook_id) VALUES (10, 71);
INSERT INTO recipe_cook(recipe_id, cook_id) VALUES (10, 133);
INSERT INTO recipe_cook(recipe_id, cook_id) VALUES (10, 25);
INSERT INTO recipe_cook(recipe_id, cook_id) VALUES (10, 122);
INSERT INTO recipe_cook(recipe_id, cook_id) VALUES (10, 69);
INSERT INTO recipe_cook(recipe_id, cook_id) VALUES (10, 162);
INSERT INTO recipe_cook(recipe_id, cook_id) VALUES (10, 178);
INSERT INTO recipe_cook(recipe_id, cook_id) VALUES (10, 33);
INSERT INTO recipe_cook(recipe_id, cook_id) VALUES (10, 106);
INSERT INTO recipe_cook(recipe_id, cook_id) VALUES (10, 27);
INSERT INTO recipe_cook(recipe_id, cook_id) VALUES (10, 2);
INSERT INTO recipe_cook(recipe_id, cook_id) VALUES (10, 175);
INSERT INTO recipe_cook(recipe_id, cook_id) VALUES (10, 141);
INSERT INTO recipe_cook(recipe_id, cook_id) VALUES (10, 150);
INSERT INTO recipe_cook(recipe_id, cook_id) VALUES (10, 31);
INSERT INTO recipe_cook(recipe_id, cook_id) VALUES (10, 128);
INSERT INTO recipe_cook(recipe_id, cook_id) VALUES (10, 102);
INSERT INTO recipe_cook(recipe_id, cook_id) VALUES (10, 147);
INSERT INTO recipe_cook(recipe_id, cook_id) VALUES (10, 39);
INSERT INTO recipe_cook(recipe_id, cook_id) VALUES (10, 192);
INSERT INTO recipe_cook(recipe_id, cook_id) VALUES (10, 72);
INSERT INTO recipe_cook(recipe_id, cook_id) VALUES (10, 160);
INSERT INTO recipe_cook(recipe_id, cook_id) VALUES (10, 156);
INSERT INTO recipe_cook(recipe_id, cook_id) VALUES (10, 29);
INSERT INTO recipe_cook(recipe_id, cook_id) VALUES (10, 98);
INSERT INTO recipe_cook(recipe_id, cook_id) VALUES (10, 116);
INSERT INTO recipe_cook(recipe_id, cook_id) VALUES (10, 118);
INSERT INTO recipe_cook(recipe_id, cook_id) VALUES (10, 74);
INSERT INTO recipe_cook(recipe_id, cook_id) VALUES (10, 200);
INSERT INTO recipe_cook(recipe_id, cook_id) VALUES (10, 75);
INSERT INTO recipe_cook(recipe_id, cook_id) VALUES (10, 155);
INSERT INTO recipe_cook(recipe_id, cook_id) VALUES (10, 101);
INSERT INTO recipe_cook(recipe_id, cook_id) VALUES (10, 135);
INSERT INTO recipe_cook(recipe_id, cook_id) VALUES (10, 143);
INSERT INTO recipe_cook(recipe_id, cook_id) VALUES (10, 99);
INSERT INTO recipe_cook(recipe_id, cook_id) VALUES (10, 83);
INSERT INTO recipe_cook(recipe_id, cook_id) VALUES (10, 187);
INSERT INTO recipe_cook(recipe_id, cook_id) VALUES (10, 168);
INSERT INTO recipe_cook(recipe_id, cook_id) VALUES (10, 159);
INSERT INTO recipe_cook(recipe_id, cook_id) VALUES (10, 114);
INSERT INTO recipe_cook(recipe_id, cook_id) VALUES (10, 77);
INSERT INTO recipe_cook(recipe_id, cook_id) VALUES (10, 48);
INSERT INTO recipe_cook(recipe_id, cook_id) VALUES (10, 138);
INSERT INTO recipe_cook(recipe_id, cook_id) VALUES (10, 78);
INSERT INTO recipe_cook(recipe_id, cook_id) VALUES (10, 38);
INSERT INTO recipe_cook(recipe_id, cook_id) VALUES (10, 112);
INSERT INTO recipe_cook(recipe_id, cook_id) VALUES (10, 97);
INSERT INTO recipe_cook(recipe_id, cook_id) VALUES (10, 60);
INSERT INTO recipe_cook(recipe_id, cook_id) VALUES (10, 23);
INSERT INTO recipe_cook(recipe_id, cook_id) VALUES (10, 85);
INSERT INTO recipe_cook(recipe_id, cook_id) VALUES (10, 148);
INSERT INTO recipe_cook(recipe_id, cook_id) VALUES (10, 63);
INSERT INTO recipe_cook(recipe_id, cook_id) VALUES (10, 84);
INSERT INTO recipe_cook(recipe_id, cook_id) VALUES (10, 53);
INSERT INTO recipe_cook(recipe_id, cook_id) VALUES (10, 110);
INSERT INTO recipe_cook(recipe_id, cook_id) VALUES (10, 3);
INSERT INTO recipe_cook(recipe_id, cook_id) VALUES (10, 4);
INSERT INTO recipe_cook(recipe_id, cook_id) VALUES (10, 7);
INSERT INTO recipe_cook(recipe_id, cook_id) VALUES (10, 176);
INSERT INTO recipe_cook(recipe_id, cook_id) VALUES (10, 73);
INSERT INTO recipe_cook(recipe_id, cook_id) VALUES (10, 115);
INSERT INTO recipe_cook(recipe_id, cook_id) VALUES (10, 64);
INSERT INTO recipe_cook(recipe_id, cook_id) VALUES (10, 165);
INSERT INTO recipe_cook(recipe_id, cook_id) VALUES (10, 184);
INSERT INTO recipe_cook(recipe_id, cook_id) VALUES (10, 179);
INSERT INTO recipe_cook(recipe_id, cook_id) VALUES (10, 100);
INSERT INTO recipe_cook(recipe_id, cook_id) VALUES (10, 193);
INSERT INTO recipe_cook(recipe_id, cook_id) VALUES (10, 119);
INSERT INTO recipe_cook(recipe_id, cook_id) VALUES (10, 80);
INSERT INTO recipe_cook(recipe_id, cook_id) VALUES (10, 56);
INSERT INTO recipe_cook(recipe_id, cook_id) VALUES (10, 67);
INSERT INTO recipe_cook(recipe_id, cook_id) VALUES (10, 194);
INSERT INTO recipe_cook(recipe_id, cook_id) VALUES (10, 113);
INSERT INTO recipe_cook(recipe_id, cook_id) VALUES (10, 94);
INSERT INTO recipe_theme(recipe_id, theme_id) VALUES (10, 28);
INSERT INTO recipe_theme(recipe_id, theme_id) VALUES (10, 25);
INSERT INTO recipe_theme(recipe_id, theme_id) VALUES (10, 30);
INSERT INTO recipe_tip(recipe_id, tip_id) VALUES (10, 3);
INSERT INTO recipe_tip(recipe_id, tip_id) VALUES (10, 39);

INSERT INTO recipe(baking, cuisine_id, difficulty, title, recipe_description, prep_time, cook_time, portions, fat_portion, protein_portion, carbo_portion, picture, picture_description) VALUES(0, 27, 3,'Cobb Salad', 'Window sort full billion TV as type. Product we parent second. Group charge not face light act both late. Then peace security stage join later. Discover from article hold should protect.', 95, 60, 5, 45, 10,30, 'https://picsum.photos/412/16', 'Simply form yet rest fly.');
INSERT INTO recipe_meal_type(recipe_id, meal_type_id) VALUES (11, 1);
INSERT INTO recipe_tag(recipe_id, tag_id) VALUES (11, 63);
INSERT INTO recipe_tag(recipe_id, tag_id) VALUES (11, 52);
INSERT INTO recipe_tag(recipe_id, tag_id) VALUES (11, 57);
INSERT INTO recipe_tag(recipe_id, tag_id) VALUES (11, 99);
INSERT INTO recipe_tag(recipe_id, tag_id) VALUES (11, 80);
INSERT INTO recipe_tag(recipe_id, tag_id) VALUES (11, 76);
INSERT INTO recipe_tag(recipe_id, tag_id) VALUES (11, 44);
INSERT INTO recipe_equipment(recipe_id, equipment_id, num) VALUES (11, 3, 1);
INSERT INTO recipe_equipment(recipe_id, equipment_id, num) VALUES (11, 6, 2);
INSERT INTO recipe_equipment(recipe_id, equipment_id, num) VALUES (11, 12, 4);
INSERT INTO recipe_equipment(recipe_id, equipment_id, num) VALUES (11, 11, 1);
INSERT INTO recipe_equipment(recipe_id, equipment_id, num) VALUES (11, 18, 4);
INSERT INTO recipe_equipment(recipe_id, equipment_id, num) VALUES (11, 2, 1);
INSERT INTO recipe_equipment(recipe_id, equipment_id, num) VALUES (11, 14, 2);
INSERT INTO recipe_cook(recipe_id, cook_id) VALUES (11, 132);
INSERT INTO recipe_cook(recipe_id, cook_id) VALUES (11, 45);
INSERT INTO recipe_cook(recipe_id, cook_id) VALUES (11, 29);
INSERT INTO recipe_cook(recipe_id, cook_id) VALUES (11, 168);
INSERT INTO recipe_cook(recipe_id, cook_id) VALUES (11, 76);
INSERT INTO recipe_cook(recipe_id, cook_id) VALUES (11, 177);
INSERT INTO recipe_cook(recipe_id, cook_id) VALUES (11, 88);
INSERT INTO recipe_cook(recipe_id, cook_id) VALUES (11, 131);
INSERT INTO recipe_cook(recipe_id, cook_id) VALUES (11, 108);
INSERT INTO recipe_cook(recipe_id, cook_id) VALUES (11, 162);
INSERT INTO recipe_cook(recipe_id, cook_id) VALUES (11, 41);
INSERT INTO recipe_cook(recipe_id, cook_id) VALUES (11, 135);
INSERT INTO recipe_cook(recipe_id, cook_id) VALUES (11, 75);
INSERT INTO recipe_cook(recipe_id, cook_id) VALUES (11, 193);
INSERT INTO recipe_cook(recipe_id, cook_id) VALUES (11, 54);
INSERT INTO recipe_cook(recipe_id, cook_id) VALUES (11, 130);
INSERT INTO recipe_cook(recipe_id, cook_id) VALUES (11, 49);
INSERT INTO recipe_cook(recipe_id, cook_id) VALUES (11, 106);
INSERT INTO recipe_cook(recipe_id, cook_id) VALUES (11, 47);
INSERT INTO recipe_cook(recipe_id, cook_id) VALUES (11, 16);
INSERT INTO recipe_cook(recipe_id, cook_id) VALUES (11, 191);
INSERT INTO recipe_cook(recipe_id, cook_id) VALUES (11, 145);
INSERT INTO recipe_cook(recipe_id, cook_id) VALUES (11, 155);
INSERT INTO recipe_cook(recipe_id, cook_id) VALUES (11, 28);
INSERT INTO recipe_cook(recipe_id, cook_id) VALUES (11, 91);
INSERT INTO recipe_cook(recipe_id, cook_id) VALUES (11, 146);
INSERT INTO recipe_cook(recipe_id, cook_id) VALUES (11, 180);
INSERT INTO recipe_cook(recipe_id, cook_id) VALUES (11, 163);
INSERT INTO recipe_cook(recipe_id, cook_id) VALUES (11, 11);
INSERT INTO recipe_cook(recipe_id, cook_id) VALUES (11, 183);
INSERT INTO recipe_cook(recipe_id, cook_id) VALUES (11, 3);
INSERT INTO recipe_cook(recipe_id, cook_id) VALUES (11, 1);
INSERT INTO recipe_cook(recipe_id, cook_id) VALUES (11, 79);
INSERT INTO recipe_cook(recipe_id, cook_id) VALUES (11, 142);
INSERT INTO recipe_cook(recipe_id, cook_id) VALUES (11, 2);
INSERT INTO recipe_cook(recipe_id, cook_id) VALUES (11, 78);
INSERT INTO recipe_cook(recipe_id, cook_id) VALUES (11, 102);
INSERT INTO recipe_cook(recipe_id, cook_id) VALUES (11, 26);
INSERT INTO recipe_cook(recipe_id, cook_id) VALUES (11, 151);
INSERT INTO recipe_cook(recipe_id, cook_id) VALUES (11, 4);
INSERT INTO recipe_cook(recipe_id, cook_id) VALUES (11, 8);
INSERT INTO recipe_cook(recipe_id, cook_id) VALUES (11, 51);
INSERT INTO recipe_cook(recipe_id, cook_id) VALUES (11, 199);
INSERT INTO recipe_cook(recipe_id, cook_id) VALUES (11, 128);
INSERT INTO recipe_cook(recipe_id, cook_id) VALUES (11, 167);
INSERT INTO recipe_cook(recipe_id, cook_id) VALUES (11, 175);
INSERT INTO recipe_cook(recipe_id, cook_id) VALUES (11, 69);
INSERT INTO recipe_cook(recipe_id, cook_id) VALUES (11, 137);
INSERT INTO recipe_cook(recipe_id, cook_id) VALUES (11, 200);
INSERT INTO recipe_cook(recipe_id, cook_id) VALUES (11, 37);
INSERT INTO recipe_cook(recipe_id, cook_id) VALUES (11, 148);
INSERT INTO recipe_cook(recipe_id, cook_id) VALUES (11, 159);
INSERT INTO recipe_cook(recipe_id, cook_id) VALUES (11, 171);
INSERT INTO recipe_cook(recipe_id, cook_id) VALUES (11, 32);
INSERT INTO recipe_cook(recipe_id, cook_id) VALUES (11, 38);
INSERT INTO recipe_cook(recipe_id, cook_id) VALUES (11, 190);
INSERT INTO recipe_cook(recipe_id, cook_id) VALUES (11, 133);
INSERT INTO recipe_cook(recipe_id, cook_id) VALUES (11, 187);
INSERT INTO recipe_cook(recipe_id, cook_id) VALUES (11, 195);
INSERT INTO recipe_cook(recipe_id, cook_id) VALUES (11, 160);
INSERT INTO recipe_cook(recipe_id, cook_id) VALUES (11, 173);
INSERT INTO recipe_cook(recipe_id, cook_id) VALUES (11, 20);
INSERT INTO recipe_cook(recipe_id, cook_id) VALUES (11, 44);
INSERT INTO recipe_cook(recipe_id, cook_id) VALUES (11, 134);
INSERT INTO recipe_cook(recipe_id, cook_id) VALUES (11, 126);
INSERT INTO recipe_cook(recipe_id, cook_id) VALUES (11, 120);
INSERT INTO recipe_cook(recipe_id, cook_id) VALUES (11, 111);
INSERT INTO recipe_cook(recipe_id, cook_id) VALUES (11, 181);
INSERT INTO recipe_cook(recipe_id, cook_id) VALUES (11, 161);
INSERT INTO recipe_cook(recipe_id, cook_id) VALUES (11, 83);
INSERT INTO recipe_cook(recipe_id, cook_id) VALUES (11, 174);
INSERT INTO recipe_cook(recipe_id, cook_id) VALUES (11, 61);
INSERT INTO recipe_cook(recipe_id, cook_id) VALUES (11, 176);
INSERT INTO recipe_cook(recipe_id, cook_id) VALUES (11, 36);
INSERT INTO recipe_cook(recipe_id, cook_id) VALUES (11, 22);
INSERT INTO recipe_cook(recipe_id, cook_id) VALUES (11, 5);
INSERT INTO recipe_cook(recipe_id, cook_id) VALUES (11, 35);
INSERT INTO recipe_cook(recipe_id, cook_id) VALUES (11, 81);
INSERT INTO recipe_cook(recipe_id, cook_id) VALUES (11, 13);
INSERT INTO recipe_cook(recipe_id, cook_id) VALUES (11, 110);
INSERT INTO recipe_theme(recipe_id, theme_id) VALUES (11, 5);
INSERT INTO recipe_theme(recipe_id, theme_id) VALUES (11, 23);
INSERT INTO recipe_theme(recipe_id, theme_id) VALUES (11, 13);
INSERT INTO recipe_tip(recipe_id, tip_id) VALUES (11, 40);
INSERT INTO recipe_tip(recipe_id, tip_id) VALUES (11, 25);

INSERT INTO recipe(baking, cuisine_id, difficulty, title, recipe_description, prep_time, cook_time, portions, fat_portion, protein_portion, carbo_portion, picture, picture_description) VALUES(0, 15, 1,'Quesadillas', 'Treatment its ever help more money family. Service next trial behavior. Admit can adult never mission dinner moment.', 35, 90, 2, 25, 0,70, 'https://picsum.photos/7/997', 'While those attorney pretty meet Mrs subject.');
INSERT INTO recipe_meal_type(recipe_id, meal_type_id) VALUES (12, 1);
INSERT INTO recipe_tag(recipe_id, tag_id) VALUES (12, 54);
INSERT INTO recipe_tag(recipe_id, tag_id) VALUES (12, 78);
INSERT INTO recipe_tag(recipe_id, tag_id) VALUES (12, 33);
INSERT INTO recipe_tag(recipe_id, tag_id) VALUES (12, 64);
INSERT INTO recipe_tag(recipe_id, tag_id) VALUES (12, 9);
INSERT INTO recipe_equipment(recipe_id, equipment_id, num) VALUES (12, 13, 4);
INSERT INTO recipe_equipment(recipe_id, equipment_id, num) VALUES (12, 19, 1);
INSERT INTO recipe_equipment(recipe_id, equipment_id, num) VALUES (12, 8, 2);
INSERT INTO recipe_equipment(recipe_id, equipment_id, num) VALUES (12, 14, 2);
INSERT INTO recipe_cook(recipe_id, cook_id) VALUES (12, 103);
INSERT INTO recipe_cook(recipe_id, cook_id) VALUES (12, 183);
INSERT INTO recipe_cook(recipe_id, cook_id) VALUES (12, 125);
INSERT INTO recipe_cook(recipe_id, cook_id) VALUES (12, 6);
INSERT INTO recipe_cook(recipe_id, cook_id) VALUES (12, 63);
INSERT INTO recipe_cook(recipe_id, cook_id) VALUES (12, 23);
INSERT INTO recipe_cook(recipe_id, cook_id) VALUES (12, 45);
INSERT INTO recipe_cook(recipe_id, cook_id) VALUES (12, 44);
INSERT INTO recipe_cook(recipe_id, cook_id) VALUES (12, 92);
INSERT INTO recipe_cook(recipe_id, cook_id) VALUES (12, 98);
INSERT INTO recipe_cook(recipe_id, cook_id) VALUES (12, 48);
INSERT INTO recipe_cook(recipe_id, cook_id) VALUES (12, 2);
INSERT INTO recipe_cook(recipe_id, cook_id) VALUES (12, 75);
INSERT INTO recipe_cook(recipe_id, cook_id) VALUES (12, 102);
INSERT INTO recipe_cook(recipe_id, cook_id) VALUES (12, 144);
INSERT INTO recipe_cook(recipe_id, cook_id) VALUES (12, 93);
INSERT INTO recipe_cook(recipe_id, cook_id) VALUES (12, 30);
INSERT INTO recipe_cook(recipe_id, cook_id) VALUES (12, 86);
INSERT INTO recipe_cook(recipe_id, cook_id) VALUES (12, 137);
INSERT INTO recipe_cook(recipe_id, cook_id) VALUES (12, 99);
INSERT INTO recipe_cook(recipe_id, cook_id) VALUES (12, 199);
INSERT INTO recipe_cook(recipe_id, cook_id) VALUES (12, 104);
INSERT INTO recipe_cook(recipe_id, cook_id) VALUES (12, 167);
INSERT INTO recipe_cook(recipe_id, cook_id) VALUES (12, 17);
INSERT INTO recipe_cook(recipe_id, cook_id) VALUES (12, 32);
INSERT INTO recipe_cook(recipe_id, cook_id) VALUES (12, 109);
INSERT INTO recipe_cook(recipe_id, cook_id) VALUES (12, 90);
INSERT INTO recipe_cook(recipe_id, cook_id) VALUES (12, 142);
INSERT INTO recipe_cook(recipe_id, cook_id) VALUES (12, 196);
INSERT INTO recipe_cook(recipe_id, cook_id) VALUES (12, 100);
INSERT INTO recipe_cook(recipe_id, cook_id) VALUES (12, 49);
INSERT INTO recipe_cook(recipe_id, cook_id) VALUES (12, 120);
INSERT INTO recipe_cook(recipe_id, cook_id) VALUES (12, 73);
INSERT INTO recipe_cook(recipe_id, cook_id) VALUES (12, 89);
INSERT INTO recipe_cook(recipe_id, cook_id) VALUES (12, 61);
INSERT INTO recipe_cook(recipe_id, cook_id) VALUES (12, 112);
INSERT INTO recipe_cook(recipe_id, cook_id) VALUES (12, 9);
INSERT INTO recipe_cook(recipe_id, cook_id) VALUES (12, 72);
INSERT INTO recipe_cook(recipe_id, cook_id) VALUES (12, 7);
INSERT INTO recipe_cook(recipe_id, cook_id) VALUES (12, 88);
INSERT INTO recipe_cook(recipe_id, cook_id) VALUES (12, 40);
INSERT INTO recipe_cook(recipe_id, cook_id) VALUES (12, 62);
INSERT INTO recipe_cook(recipe_id, cook_id) VALUES (12, 34);
INSERT INTO recipe_cook(recipe_id, cook_id) VALUES (12, 24);
INSERT INTO recipe_cook(recipe_id, cook_id) VALUES (12, 51);
INSERT INTO recipe_cook(recipe_id, cook_id) VALUES (12, 70);
INSERT INTO recipe_cook(recipe_id, cook_id) VALUES (12, 140);
INSERT INTO recipe_cook(recipe_id, cook_id) VALUES (12, 33);
INSERT INTO recipe_cook(recipe_id, cook_id) VALUES (12, 143);
INSERT INTO recipe_cook(recipe_id, cook_id) VALUES (12, 114);
INSERT INTO recipe_cook(recipe_id, cook_id) VALUES (12, 169);
INSERT INTO recipe_cook(recipe_id, cook_id) VALUES (12, 159);
INSERT INTO recipe_cook(recipe_id, cook_id) VALUES (12, 41);
INSERT INTO recipe_cook(recipe_id, cook_id) VALUES (12, 95);
INSERT INTO recipe_cook(recipe_id, cook_id) VALUES (12, 91);
INSERT INTO recipe_cook(recipe_id, cook_id) VALUES (12, 56);
INSERT INTO recipe_cook(recipe_id, cook_id) VALUES (12, 179);
INSERT INTO recipe_cook(recipe_id, cook_id) VALUES (12, 97);
INSERT INTO recipe_cook(recipe_id, cook_id) VALUES (12, 54);
INSERT INTO recipe_cook(recipe_id, cook_id) VALUES (12, 77);
INSERT INTO recipe_cook(recipe_id, cook_id) VALUES (12, 122);
INSERT INTO recipe_cook(recipe_id, cook_id) VALUES (12, 130);
INSERT INTO recipe_cook(recipe_id, cook_id) VALUES (12, 53);
INSERT INTO recipe_cook(recipe_id, cook_id) VALUES (12, 59);
INSERT INTO recipe_cook(recipe_id, cook_id) VALUES (12, 116);
INSERT INTO recipe_cook(recipe_id, cook_id) VALUES (12, 158);
INSERT INTO recipe_cook(recipe_id, cook_id) VALUES (12, 67);
INSERT INTO recipe_cook(recipe_id, cook_id) VALUES (12, 113);
INSERT INTO recipe_cook(recipe_id, cook_id) VALUES (12, 147);
INSERT INTO recipe_cook(recipe_id, cook_id) VALUES (12, 64);
INSERT INTO recipe_cook(recipe_id, cook_id) VALUES (12, 186);
INSERT INTO recipe_cook(recipe_id, cook_id) VALUES (12, 55);
INSERT INTO recipe_cook(recipe_id, cook_id) VALUES (12, 153);
INSERT INTO recipe_cook(recipe_id, cook_id) VALUES (12, 165);
INSERT INTO recipe_cook(recipe_id, cook_id) VALUES (12, 152);
INSERT INTO recipe_cook(recipe_id, cook_id) VALUES (12, 16);
INSERT INTO recipe_cook(recipe_id, cook_id) VALUES (12, 87);
INSERT INTO recipe_cook(recipe_id, cook_id) VALUES (12, 66);
INSERT INTO recipe_cook(recipe_id, cook_id) VALUES (12, 12);
INSERT INTO recipe_cook(recipe_id, cook_id) VALUES (12, 155);
INSERT INTO recipe_theme(recipe_id, theme_id) VALUES (12, 25);
INSERT INTO recipe_theme(recipe_id, theme_id) VALUES (12, 2);
INSERT INTO recipe_tip(recipe_id, tip_id) VALUES (12, 37);
INSERT INTO recipe_tip(recipe_id, tip_id) VALUES (12, 10);
INSERT INTO recipe_tip(recipe_id, tip_id) VALUES (12, 20);

INSERT INTO recipe(baking, cuisine_id, difficulty, title, recipe_description, prep_time, cook_time, portions, fat_portion, protein_portion, carbo_portion, picture, picture_description) VALUES(1, 13, 1,'Baba Ganoush', 'Bring state floor TV social whom. Area develop plan fly road almost. Occur relationship fish feel read address.', 25, 80, 3, 40, 60,45, 'https://dummyimage.com/334x991', 'Sell hour pay likely gas.');
INSERT INTO recipe_meal_type(recipe_id, meal_type_id) VALUES (13, 6);
INSERT INTO recipe_tag(recipe_id, tag_id) VALUES (13, 9);
INSERT INTO recipe_tag(recipe_id, tag_id) VALUES (13, 92);
INSERT INTO recipe_tag(recipe_id, tag_id) VALUES (13, 40);
INSERT INTO recipe_tag(recipe_id, tag_id) VALUES (13, 12);
INSERT INTO recipe_equipment(recipe_id, equipment_id, num) VALUES (13, 10, 3);
INSERT INTO recipe_equipment(recipe_id, equipment_id, num) VALUES (13, 5, 2);
INSERT INTO recipe_equipment(recipe_id, equipment_id, num) VALUES (13, 13, 2);
INSERT INTO recipe_equipment(recipe_id, equipment_id, num) VALUES (13, 20, 2);
INSERT INTO recipe_cook(recipe_id, cook_id) VALUES (13, 104);
INSERT INTO recipe_cook(recipe_id, cook_id) VALUES (13, 119);
INSERT INTO recipe_cook(recipe_id, cook_id) VALUES (13, 161);
INSERT INTO recipe_cook(recipe_id, cook_id) VALUES (13, 198);
INSERT INTO recipe_cook(recipe_id, cook_id) VALUES (13, 34);
INSERT INTO recipe_cook(recipe_id, cook_id) VALUES (13, 71);
INSERT INTO recipe_cook(recipe_id, cook_id) VALUES (13, 46);
INSERT INTO recipe_cook(recipe_id, cook_id) VALUES (13, 8);
INSERT INTO recipe_cook(recipe_id, cook_id) VALUES (13, 94);
INSERT INTO recipe_cook(recipe_id, cook_id) VALUES (13, 174);
INSERT INTO recipe_cook(recipe_id, cook_id) VALUES (13, 170);
INSERT INTO recipe_cook(recipe_id, cook_id) VALUES (13, 177);
INSERT INTO recipe_cook(recipe_id, cook_id) VALUES (13, 90);
INSERT INTO recipe_cook(recipe_id, cook_id) VALUES (13, 106);
INSERT INTO recipe_cook(recipe_id, cook_id) VALUES (13, 7);
INSERT INTO recipe_cook(recipe_id, cook_id) VALUES (13, 169);
INSERT INTO recipe_cook(recipe_id, cook_id) VALUES (13, 181);
INSERT INTO recipe_cook(recipe_id, cook_id) VALUES (13, 180);
INSERT INTO recipe_cook(recipe_id, cook_id) VALUES (13, 199);
INSERT INTO recipe_cook(recipe_id, cook_id) VALUES (13, 64);
INSERT INTO recipe_cook(recipe_id, cook_id) VALUES (13, 103);
INSERT INTO recipe_cook(recipe_id, cook_id) VALUES (13, 91);
INSERT INTO recipe_cook(recipe_id, cook_id) VALUES (13, 197);
INSERT INTO recipe_cook(recipe_id, cook_id) VALUES (13, 26);
INSERT INTO recipe_cook(recipe_id, cook_id) VALUES (13, 47);
INSERT INTO recipe_cook(recipe_id, cook_id) VALUES (13, 75);
INSERT INTO recipe_cook(recipe_id, cook_id) VALUES (13, 30);
INSERT INTO recipe_cook(recipe_id, cook_id) VALUES (13, 70);
INSERT INTO recipe_cook(recipe_id, cook_id) VALUES (13, 156);
INSERT INTO recipe_cook(recipe_id, cook_id) VALUES (13, 57);
INSERT INTO recipe_cook(recipe_id, cook_id) VALUES (13, 11);
INSERT INTO recipe_cook(recipe_id, cook_id) VALUES (13, 200);
INSERT INTO recipe_cook(recipe_id, cook_id) VALUES (13, 190);
INSERT INTO recipe_cook(recipe_id, cook_id) VALUES (13, 172);
INSERT INTO recipe_cook(recipe_id, cook_id) VALUES (13, 42);
INSERT INTO recipe_cook(recipe_id, cook_id) VALUES (13, 111);
INSERT INTO recipe_cook(recipe_id, cook_id) VALUES (13, 51);
INSERT INTO recipe_cook(recipe_id, cook_id) VALUES (13, 78);
INSERT INTO recipe_cook(recipe_id, cook_id) VALUES (13, 40);
INSERT INTO recipe_cook(recipe_id, cook_id) VALUES (13, 98);
INSERT INTO recipe_cook(recipe_id, cook_id) VALUES (13, 168);
INSERT INTO recipe_cook(recipe_id, cook_id) VALUES (13, 142);
INSERT INTO recipe_cook(recipe_id, cook_id) VALUES (13, 80);
INSERT INTO recipe_cook(recipe_id, cook_id) VALUES (13, 194);
INSERT INTO recipe_cook(recipe_id, cook_id) VALUES (13, 145);
INSERT INTO recipe_cook(recipe_id, cook_id) VALUES (13, 59);
INSERT INTO recipe_cook(recipe_id, cook_id) VALUES (13, 146);
INSERT INTO recipe_cook(recipe_id, cook_id) VALUES (13, 128);
INSERT INTO recipe_cook(recipe_id, cook_id) VALUES (13, 134);
INSERT INTO recipe_cook(recipe_id, cook_id) VALUES (13, 66);
INSERT INTO recipe_cook(recipe_id, cook_id) VALUES (13, 112);
INSERT INTO recipe_cook(recipe_id, cook_id) VALUES (13, 148);
INSERT INTO recipe_cook(recipe_id, cook_id) VALUES (13, 188);
INSERT INTO recipe_cook(recipe_id, cook_id) VALUES (13, 1);
INSERT INTO recipe_cook(recipe_id, cook_id) VALUES (13, 29);
INSERT INTO recipe_cook(recipe_id, cook_id) VALUES (13, 74);
INSERT INTO recipe_cook(recipe_id, cook_id) VALUES (13, 160);
INSERT INTO recipe_cook(recipe_id, cook_id) VALUES (13, 13);
INSERT INTO recipe_cook(recipe_id, cook_id) VALUES (13, 63);
INSERT INTO recipe_cook(recipe_id, cook_id) VALUES (13, 154);
INSERT INTO recipe_cook(recipe_id, cook_id) VALUES (13, 10);
INSERT INTO recipe_cook(recipe_id, cook_id) VALUES (13, 82);
INSERT INTO recipe_cook(recipe_id, cook_id) VALUES (13, 54);
INSERT INTO recipe_cook(recipe_id, cook_id) VALUES (13, 89);
INSERT INTO recipe_cook(recipe_id, cook_id) VALUES (13, 23);
INSERT INTO recipe_cook(recipe_id, cook_id) VALUES (13, 107);
INSERT INTO recipe_cook(recipe_id, cook_id) VALUES (13, 101);
INSERT INTO recipe_cook(recipe_id, cook_id) VALUES (13, 171);
INSERT INTO recipe_cook(recipe_id, cook_id) VALUES (13, 72);
INSERT INTO recipe_cook(recipe_id, cook_id) VALUES (13, 24);
INSERT INTO recipe_cook(recipe_id, cook_id) VALUES (13, 149);
INSERT INTO recipe_cook(recipe_id, cook_id) VALUES (13, 109);
INSERT INTO recipe_cook(recipe_id, cook_id) VALUES (13, 114);
INSERT INTO recipe_cook(recipe_id, cook_id) VALUES (13, 120);
INSERT INTO recipe_cook(recipe_id, cook_id) VALUES (13, 44);
INSERT INTO recipe_cook(recipe_id, cook_id) VALUES (13, 137);
INSERT INTO recipe_cook(recipe_id, cook_id) VALUES (13, 65);
INSERT INTO recipe_cook(recipe_id, cook_id) VALUES (13, 95);
INSERT INTO recipe_cook(recipe_id, cook_id) VALUES (13, 125);
INSERT INTO recipe_cook(recipe_id, cook_id) VALUES (13, 135);
INSERT INTO recipe_cook(recipe_id, cook_id) VALUES (13, 108);
INSERT INTO recipe_cook(recipe_id, cook_id) VALUES (13, 81);
INSERT INTO recipe_cook(recipe_id, cook_id) VALUES (13, 182);
INSERT INTO recipe_cook(recipe_id, cook_id) VALUES (13, 58);
INSERT INTO recipe_cook(recipe_id, cook_id) VALUES (13, 151);
INSERT INTO recipe_cook(recipe_id, cook_id) VALUES (13, 186);
INSERT INTO recipe_cook(recipe_id, cook_id) VALUES (13, 87);
INSERT INTO recipe_cook(recipe_id, cook_id) VALUES (13, 130);
INSERT INTO recipe_cook(recipe_id, cook_id) VALUES (13, 27);
INSERT INTO recipe_cook(recipe_id, cook_id) VALUES (13, 55);
INSERT INTO recipe_cook(recipe_id, cook_id) VALUES (13, 153);
INSERT INTO recipe_cook(recipe_id, cook_id) VALUES (13, 116);
INSERT INTO recipe_theme(recipe_id, theme_id) VALUES (13, 32);
INSERT INTO recipe_tip(recipe_id, tip_id) VALUES (13, 3);

INSERT INTO recipe(baking, cuisine_id, difficulty, title, recipe_description, prep_time, cook_time, portions, fat_portion, protein_portion, carbo_portion, picture, picture_description) VALUES(1, 16, 1,'Beef Stew', 'Room include agree history. Stand fact day there fish attorney read. Company machine establish north. Military seek performance base prevent low.', 35, 50, 3, 30, 5,30, 'https://dummyimage.com/635x789', 'Discover practice accept.');
INSERT INTO recipe_meal_type(recipe_id, meal_type_id) VALUES (14, 5);
INSERT INTO recipe_tag(recipe_id, tag_id) VALUES (14, 18);
INSERT INTO recipe_tag(recipe_id, tag_id) VALUES (14, 88);
INSERT INTO recipe_tag(recipe_id, tag_id) VALUES (14, 91);
INSERT INTO recipe_tag(recipe_id, tag_id) VALUES (14, 63);
INSERT INTO recipe_tag(recipe_id, tag_id) VALUES (14, 86);
INSERT INTO recipe_equipment(recipe_id, equipment_id, num) VALUES (14, 8, 1);
INSERT INTO recipe_equipment(recipe_id, equipment_id, num) VALUES (14, 20, 1);
INSERT INTO recipe_equipment(recipe_id, equipment_id, num) VALUES (14, 1, 3);
INSERT INTO recipe_equipment(recipe_id, equipment_id, num) VALUES (14, 17, 3);
INSERT INTO recipe_equipment(recipe_id, equipment_id, num) VALUES (14, 15, 4);
INSERT INTO recipe_equipment(recipe_id, equipment_id, num) VALUES (14, 3, 3);
INSERT INTO recipe_cook(recipe_id, cook_id) VALUES (14, 90);
INSERT INTO recipe_cook(recipe_id, cook_id) VALUES (14, 179);
INSERT INTO recipe_cook(recipe_id, cook_id) VALUES (14, 77);
INSERT INTO recipe_cook(recipe_id, cook_id) VALUES (14, 35);
INSERT INTO recipe_cook(recipe_id, cook_id) VALUES (14, 182);
INSERT INTO recipe_cook(recipe_id, cook_id) VALUES (14, 37);
INSERT INTO recipe_cook(recipe_id, cook_id) VALUES (14, 151);
INSERT INTO recipe_cook(recipe_id, cook_id) VALUES (14, 145);
INSERT INTO recipe_cook(recipe_id, cook_id) VALUES (14, 62);
INSERT INTO recipe_cook(recipe_id, cook_id) VALUES (14, 86);
INSERT INTO recipe_cook(recipe_id, cook_id) VALUES (14, 162);
INSERT INTO recipe_cook(recipe_id, cook_id) VALUES (14, 31);
INSERT INTO recipe_cook(recipe_id, cook_id) VALUES (14, 141);
INSERT INTO recipe_cook(recipe_id, cook_id) VALUES (14, 109);
INSERT INTO recipe_cook(recipe_id, cook_id) VALUES (14, 44);
INSERT INTO recipe_cook(recipe_id, cook_id) VALUES (14, 174);
INSERT INTO recipe_cook(recipe_id, cook_id) VALUES (14, 171);
INSERT INTO recipe_cook(recipe_id, cook_id) VALUES (14, 40);
INSERT INTO recipe_cook(recipe_id, cook_id) VALUES (14, 154);
INSERT INTO recipe_cook(recipe_id, cook_id) VALUES (14, 119);
INSERT INTO recipe_cook(recipe_id, cook_id) VALUES (14, 104);
INSERT INTO recipe_cook(recipe_id, cook_id) VALUES (14, 53);
INSERT INTO recipe_cook(recipe_id, cook_id) VALUES (14, 30);
INSERT INTO recipe_cook(recipe_id, cook_id) VALUES (14, 177);
INSERT INTO recipe_cook(recipe_id, cook_id) VALUES (14, 75);
INSERT INTO recipe_cook(recipe_id, cook_id) VALUES (14, 4);
INSERT INTO recipe_cook(recipe_id, cook_id) VALUES (14, 93);
INSERT INTO recipe_cook(recipe_id, cook_id) VALUES (14, 125);
INSERT INTO recipe_cook(recipe_id, cook_id) VALUES (14, 199);
INSERT INTO recipe_cook(recipe_id, cook_id) VALUES (14, 12);
INSERT INTO recipe_cook(recipe_id, cook_id) VALUES (14, 16);
INSERT INTO recipe_cook(recipe_id, cook_id) VALUES (14, 72);
INSERT INTO recipe_cook(recipe_id, cook_id) VALUES (14, 78);
INSERT INTO recipe_cook(recipe_id, cook_id) VALUES (14, 51);
INSERT INTO recipe_cook(recipe_id, cook_id) VALUES (14, 29);
INSERT INTO recipe_cook(recipe_id, cook_id) VALUES (14, 80);
INSERT INTO recipe_cook(recipe_id, cook_id) VALUES (14, 115);
INSERT INTO recipe_cook(recipe_id, cook_id) VALUES (14, 166);
INSERT INTO recipe_cook(recipe_id, cook_id) VALUES (14, 42);
INSERT INTO recipe_cook(recipe_id, cook_id) VALUES (14, 84);
INSERT INTO recipe_cook(recipe_id, cook_id) VALUES (14, 114);
INSERT INTO recipe_cook(recipe_id, cook_id) VALUES (14, 120);
INSERT INTO recipe_cook(recipe_id, cook_id) VALUES (14, 146);
INSERT INTO recipe_cook(recipe_id, cook_id) VALUES (14, 185);
INSERT INTO recipe_cook(recipe_id, cook_id) VALUES (14, 176);
INSERT INTO recipe_cook(recipe_id, cook_id) VALUES (14, 186);
INSERT INTO recipe_cook(recipe_id, cook_id) VALUES (14, 143);
INSERT INTO recipe_cook(recipe_id, cook_id) VALUES (14, 19);
INSERT INTO recipe_cook(recipe_id, cook_id) VALUES (14, 184);
INSERT INTO recipe_cook(recipe_id, cook_id) VALUES (14, 3);
INSERT INTO recipe_cook(recipe_id, cook_id) VALUES (14, 159);
INSERT INTO recipe_cook(recipe_id, cook_id) VALUES (14, 173);
INSERT INTO recipe_cook(recipe_id, cook_id) VALUES (14, 22);
INSERT INTO recipe_cook(recipe_id, cook_id) VALUES (14, 85);
INSERT INTO recipe_cook(recipe_id, cook_id) VALUES (14, 193);
INSERT INTO recipe_cook(recipe_id, cook_id) VALUES (14, 68);
INSERT INTO recipe_cook(recipe_id, cook_id) VALUES (14, 28);
INSERT INTO recipe_cook(recipe_id, cook_id) VALUES (14, 126);
INSERT INTO recipe_cook(recipe_id, cook_id) VALUES (14, 112);
INSERT INTO recipe_cook(recipe_id, cook_id) VALUES (14, 196);
INSERT INTO recipe_cook(recipe_id, cook_id) VALUES (14, 49);
INSERT INTO recipe_cook(recipe_id, cook_id) VALUES (14, 83);
INSERT INTO recipe_cook(recipe_id, cook_id) VALUES (14, 194);
INSERT INTO recipe_cook(recipe_id, cook_id) VALUES (14, 92);
INSERT INTO recipe_cook(recipe_id, cook_id) VALUES (14, 24);
INSERT INTO recipe_cook(recipe_id, cook_id) VALUES (14, 74);
INSERT INTO recipe_cook(recipe_id, cook_id) VALUES (14, 65);
INSERT INTO recipe_cook(recipe_id, cook_id) VALUES (14, 63);
INSERT INTO recipe_cook(recipe_id, cook_id) VALUES (14, 21);
INSERT INTO recipe_cook(recipe_id, cook_id) VALUES (14, 36);
INSERT INTO recipe_cook(recipe_id, cook_id) VALUES (14, 8);
INSERT INTO recipe_cook(recipe_id, cook_id) VALUES (14, 7);
INSERT INTO recipe_cook(recipe_id, cook_id) VALUES (14, 102);
INSERT INTO recipe_cook(recipe_id, cook_id) VALUES (14, 108);
INSERT INTO recipe_cook(recipe_id, cook_id) VALUES (14, 153);
INSERT INTO recipe_cook(recipe_id, cook_id) VALUES (14, 38);
INSERT INTO recipe_cook(recipe_id, cook_id) VALUES (14, 48);
INSERT INTO recipe_cook(recipe_id, cook_id) VALUES (14, 136);
INSERT INTO recipe_cook(recipe_id, cook_id) VALUES (14, 82);
INSERT INTO recipe_cook(recipe_id, cook_id) VALUES (14, 158);
INSERT INTO recipe_cook(recipe_id, cook_id) VALUES (14, 187);
INSERT INTO recipe_cook(recipe_id, cook_id) VALUES (14, 164);
INSERT INTO recipe_cook(recipe_id, cook_id) VALUES (14, 88);
INSERT INTO recipe_cook(recipe_id, cook_id) VALUES (14, 148);
INSERT INTO recipe_cook(recipe_id, cook_id) VALUES (14, 14);
INSERT INTO recipe_cook(recipe_id, cook_id) VALUES (14, 101);
INSERT INTO recipe_cook(recipe_id, cook_id) VALUES (14, 157);
INSERT INTO recipe_cook(recipe_id, cook_id) VALUES (14, 107);
INSERT INTO recipe_cook(recipe_id, cook_id) VALUES (14, 183);
INSERT INTO recipe_cook(recipe_id, cook_id) VALUES (14, 96);
INSERT INTO recipe_cook(recipe_id, cook_id) VALUES (14, 79);
INSERT INTO recipe_cook(recipe_id, cook_id) VALUES (14, 190);
INSERT INTO recipe_cook(recipe_id, cook_id) VALUES (14, 140);
INSERT INTO recipe_cook(recipe_id, cook_id) VALUES (14, 123);
INSERT INTO recipe_cook(recipe_id, cook_id) VALUES (14, 139);
INSERT INTO recipe_cook(recipe_id, cook_id) VALUES (14, 46);
INSERT INTO recipe_cook(recipe_id, cook_id) VALUES (14, 41);
INSERT INTO recipe_cook(recipe_id, cook_id) VALUES (14, 178);
INSERT INTO recipe_cook(recipe_id, cook_id) VALUES (14, 124);
INSERT INTO recipe_cook(recipe_id, cook_id) VALUES (14, 18);
INSERT INTO recipe_cook(recipe_id, cook_id) VALUES (14, 71);
INSERT INTO recipe_cook(recipe_id, cook_id) VALUES (14, 128);
INSERT INTO recipe_cook(recipe_id, cook_id) VALUES (14, 33);
INSERT INTO recipe_cook(recipe_id, cook_id) VALUES (14, 189);
INSERT INTO recipe_cook(recipe_id, cook_id) VALUES (14, 130);
INSERT INTO recipe_cook(recipe_id, cook_id) VALUES (14, 6);
INSERT INTO recipe_cook(recipe_id, cook_id) VALUES (14, 116);
INSERT INTO recipe_cook(recipe_id, cook_id) VALUES (14, 73);
INSERT INTO recipe_cook(recipe_id, cook_id) VALUES (14, 81);
INSERT INTO recipe_cook(recipe_id, cook_id) VALUES (14, 91);
INSERT INTO recipe_cook(recipe_id, cook_id) VALUES (14, 52);
INSERT INTO recipe_cook(recipe_id, cook_id) VALUES (14, 129);
INSERT INTO recipe_cook(recipe_id, cook_id) VALUES (14, 144);
INSERT INTO recipe_cook(recipe_id, cook_id) VALUES (14, 64);
INSERT INTO recipe_cook(recipe_id, cook_id) VALUES (14, 55);
INSERT INTO recipe_cook(recipe_id, cook_id) VALUES (14, 87);
INSERT INTO recipe_cook(recipe_id, cook_id) VALUES (14, 132);
INSERT INTO recipe_cook(recipe_id, cook_id) VALUES (14, 39);
INSERT INTO recipe_cook(recipe_id, cook_id) VALUES (14, 168);
INSERT INTO recipe_cook(recipe_id, cook_id) VALUES (14, 156);
INSERT INTO recipe_cook(recipe_id, cook_id) VALUES (14, 11);
INSERT INTO recipe_cook(recipe_id, cook_id) VALUES (14, 188);
INSERT INTO recipe_cook(recipe_id, cook_id) VALUES (14, 103);
INSERT INTO recipe_cook(recipe_id, cook_id) VALUES (14, 161);
INSERT INTO recipe_cook(recipe_id, cook_id) VALUES (14, 181);
INSERT INTO recipe_cook(recipe_id, cook_id) VALUES (14, 57);
INSERT INTO recipe_cook(recipe_id, cook_id) VALUES (14, 200);
INSERT INTO recipe_cook(recipe_id, cook_id) VALUES (14, 152);
INSERT INTO recipe_cook(recipe_id, cook_id) VALUES (14, 95);
INSERT INTO recipe_cook(recipe_id, cook_id) VALUES (14, 137);
INSERT INTO recipe_cook(recipe_id, cook_id) VALUES (14, 192);
INSERT INTO recipe_cook(recipe_id, cook_id) VALUES (14, 25);
INSERT INTO recipe_cook(recipe_id, cook_id) VALUES (14, 118);
INSERT INTO recipe_cook(recipe_id, cook_id) VALUES (14, 99);
INSERT INTO recipe_cook(recipe_id, cook_id) VALUES (14, 1);
INSERT INTO recipe_cook(recipe_id, cook_id) VALUES (14, 5);
INSERT INTO recipe_cook(recipe_id, cook_id) VALUES (14, 191);
INSERT INTO recipe_cook(recipe_id, cook_id) VALUES (14, 10);
INSERT INTO recipe_cook(recipe_id, cook_id) VALUES (14, 110);
INSERT INTO recipe_cook(recipe_id, cook_id) VALUES (14, 134);
INSERT INTO recipe_cook(recipe_id, cook_id) VALUES (14, 43);
INSERT INTO recipe_cook(recipe_id, cook_id) VALUES (14, 175);
INSERT INTO recipe_cook(recipe_id, cook_id) VALUES (14, 98);
INSERT INTO recipe_cook(recipe_id, cook_id) VALUES (14, 105);
INSERT INTO recipe_cook(recipe_id, cook_id) VALUES (14, 27);
INSERT INTO recipe_cook(recipe_id, cook_id) VALUES (14, 117);
INSERT INTO recipe_cook(recipe_id, cook_id) VALUES (14, 61);
INSERT INTO recipe_cook(recipe_id, cook_id) VALUES (14, 163);
INSERT INTO recipe_cook(recipe_id, cook_id) VALUES (14, 66);
INSERT INTO recipe_cook(recipe_id, cook_id) VALUES (14, 60);
INSERT INTO recipe_cook(recipe_id, cook_id) VALUES (14, 160);
INSERT INTO recipe_cook(recipe_id, cook_id) VALUES (14, 47);
INSERT INTO recipe_cook(recipe_id, cook_id) VALUES (14, 165);
INSERT INTO recipe_cook(recipe_id, cook_id) VALUES (14, 69);
INSERT INTO recipe_cook(recipe_id, cook_id) VALUES (14, 70);
INSERT INTO recipe_cook(recipe_id, cook_id) VALUES (14, 135);
INSERT INTO recipe_cook(recipe_id, cook_id) VALUES (14, 172);
INSERT INTO recipe_cook(recipe_id, cook_id) VALUES (14, 195);
INSERT INTO recipe_cook(recipe_id, cook_id) VALUES (14, 23);
INSERT INTO recipe_cook(recipe_id, cook_id) VALUES (14, 167);
INSERT INTO recipe_cook(recipe_id, cook_id) VALUES (14, 13);
INSERT INTO recipe_cook(recipe_id, cook_id) VALUES (14, 97);
INSERT INTO recipe_cook(recipe_id, cook_id) VALUES (14, 169);
INSERT INTO recipe_cook(recipe_id, cook_id) VALUES (14, 197);
INSERT INTO recipe_cook(recipe_id, cook_id) VALUES (14, 198);
INSERT INTO recipe_theme(recipe_id, theme_id) VALUES (14, 30);
INSERT INTO recipe_theme(recipe_id, theme_id) VALUES (14, 28);
INSERT INTO recipe_theme(recipe_id, theme_id) VALUES (14, 35);
INSERT INTO recipe_tip(recipe_id, tip_id) VALUES (14, 10);
INSERT INTO recipe_tip(recipe_id, tip_id) VALUES (14, 26);
INSERT INTO recipe_tip(recipe_id, tip_id) VALUES (14, 39);

INSERT INTO recipe(baking, cuisine_id, difficulty, title, recipe_description, prep_time, cook_time, portions, fat_portion, protein_portion, carbo_portion, picture, picture_description) VALUES(1, 43, 2,'French Onion Soup', 'Lawyer marriage head discover realize phone approach establish. Executive fall official head way work can different. Me style once month. Question affect job low.', 55, 50, 5, 50, 0,30, 'https://picsum.photos/290/884', 'Leg remain radio audience record view.');
INSERT INTO recipe_meal_type(recipe_id, meal_type_id) VALUES (15, 2);
INSERT INTO recipe_tag(recipe_id, tag_id) VALUES (15, 87);
INSERT INTO recipe_tag(recipe_id, tag_id) VALUES (15, 95);
INSERT INTO recipe_tag(recipe_id, tag_id) VALUES (15, 58);
INSERT INTO recipe_tag(recipe_id, tag_id) VALUES (15, 89);
INSERT INTO recipe_equipment(recipe_id, equipment_id, num) VALUES (15, 5, 4);
INSERT INTO recipe_equipment(recipe_id, equipment_id, num) VALUES (15, 19, 4);
INSERT INTO recipe_equipment(recipe_id, equipment_id, num) VALUES (15, 12, 2);
INSERT INTO recipe_cook(recipe_id, cook_id) VALUES (15, 149);
INSERT INTO recipe_cook(recipe_id, cook_id) VALUES (15, 107);
INSERT INTO recipe_cook(recipe_id, cook_id) VALUES (15, 93);
INSERT INTO recipe_cook(recipe_id, cook_id) VALUES (15, 136);
INSERT INTO recipe_cook(recipe_id, cook_id) VALUES (15, 62);
INSERT INTO recipe_cook(recipe_id, cook_id) VALUES (15, 145);
INSERT INTO recipe_cook(recipe_id, cook_id) VALUES (15, 113);
INSERT INTO recipe_cook(recipe_id, cook_id) VALUES (15, 102);
INSERT INTO recipe_cook(recipe_id, cook_id) VALUES (15, 67);
INSERT INTO recipe_cook(recipe_id, cook_id) VALUES (15, 30);
INSERT INTO recipe_cook(recipe_id, cook_id) VALUES (15, 59);
INSERT INTO recipe_cook(recipe_id, cook_id) VALUES (15, 47);
INSERT INTO recipe_cook(recipe_id, cook_id) VALUES (15, 52);
INSERT INTO recipe_cook(recipe_id, cook_id) VALUES (15, 141);
INSERT INTO recipe_cook(recipe_id, cook_id) VALUES (15, 29);
INSERT INTO recipe_cook(recipe_id, cook_id) VALUES (15, 57);
INSERT INTO recipe_cook(recipe_id, cook_id) VALUES (15, 65);
INSERT INTO recipe_cook(recipe_id, cook_id) VALUES (15, 167);
INSERT INTO recipe_cook(recipe_id, cook_id) VALUES (15, 25);
INSERT INTO recipe_cook(recipe_id, cook_id) VALUES (15, 49);
INSERT INTO recipe_cook(recipe_id, cook_id) VALUES (15, 197);
INSERT INTO recipe_cook(recipe_id, cook_id) VALUES (15, 172);
INSERT INTO recipe_cook(recipe_id, cook_id) VALUES (15, 184);
INSERT INTO recipe_cook(recipe_id, cook_id) VALUES (15, 126);
INSERT INTO recipe_cook(recipe_id, cook_id) VALUES (15, 190);
INSERT INTO recipe_cook(recipe_id, cook_id) VALUES (15, 142);
INSERT INTO recipe_cook(recipe_id, cook_id) VALUES (15, 118);
INSERT INTO recipe_cook(recipe_id, cook_id) VALUES (15, 58);
INSERT INTO recipe_cook(recipe_id, cook_id) VALUES (15, 139);
INSERT INTO recipe_cook(recipe_id, cook_id) VALUES (15, 147);
INSERT INTO recipe_cook(recipe_id, cook_id) VALUES (15, 186);
INSERT INTO recipe_cook(recipe_id, cook_id) VALUES (15, 132);
INSERT INTO recipe_cook(recipe_id, cook_id) VALUES (15, 151);
INSERT INTO recipe_cook(recipe_id, cook_id) VALUES (15, 146);
INSERT INTO recipe_cook(recipe_id, cook_id) VALUES (15, 21);
INSERT INTO recipe_cook(recipe_id, cook_id) VALUES (15, 105);
INSERT INTO recipe_cook(recipe_id, cook_id) VALUES (15, 19);
INSERT INTO recipe_cook(recipe_id, cook_id) VALUES (15, 194);
INSERT INTO recipe_cook(recipe_id, cook_id) VALUES (15, 35);
INSERT INTO recipe_cook(recipe_id, cook_id) VALUES (15, 129);
INSERT INTO recipe_cook(recipe_id, cook_id) VALUES (15, 187);
INSERT INTO recipe_cook(recipe_id, cook_id) VALUES (15, 130);
INSERT INTO recipe_cook(recipe_id, cook_id) VALUES (15, 191);
INSERT INTO recipe_cook(recipe_id, cook_id) VALUES (15, 169);
INSERT INTO recipe_cook(recipe_id, cook_id) VALUES (15, 27);
INSERT INTO recipe_cook(recipe_id, cook_id) VALUES (15, 174);
INSERT INTO recipe_cook(recipe_id, cook_id) VALUES (15, 101);
INSERT INTO recipe_cook(recipe_id, cook_id) VALUES (15, 140);
INSERT INTO recipe_cook(recipe_id, cook_id) VALUES (15, 44);
INSERT INTO recipe_cook(recipe_id, cook_id) VALUES (15, 50);
INSERT INTO recipe_cook(recipe_id, cook_id) VALUES (15, 195);
INSERT INTO recipe_cook(recipe_id, cook_id) VALUES (15, 122);
INSERT INTO recipe_cook(recipe_id, cook_id) VALUES (15, 24);
INSERT INTO recipe_cook(recipe_id, cook_id) VALUES (15, 36);
INSERT INTO recipe_cook(recipe_id, cook_id) VALUES (15, 96);
INSERT INTO recipe_cook(recipe_id, cook_id) VALUES (15, 15);
INSERT INTO recipe_cook(recipe_id, cook_id) VALUES (15, 104);
INSERT INTO recipe_cook(recipe_id, cook_id) VALUES (15, 61);
INSERT INTO recipe_cook(recipe_id, cook_id) VALUES (15, 13);
INSERT INTO recipe_cook(recipe_id, cook_id) VALUES (15, 183);
INSERT INTO recipe_cook(recipe_id, cook_id) VALUES (15, 11);
INSERT INTO recipe_cook(recipe_id, cook_id) VALUES (15, 4);
INSERT INTO recipe_cook(recipe_id, cook_id) VALUES (15, 55);
INSERT INTO recipe_cook(recipe_id, cook_id) VALUES (15, 155);
INSERT INTO recipe_cook(recipe_id, cook_id) VALUES (15, 77);
INSERT INTO recipe_cook(recipe_id, cook_id) VALUES (15, 31);
INSERT INTO recipe_cook(recipe_id, cook_id) VALUES (15, 162);
INSERT INTO recipe_cook(recipe_id, cook_id) VALUES (15, 110);
INSERT INTO recipe_cook(recipe_id, cook_id) VALUES (15, 23);
INSERT INTO recipe_cook(recipe_id, cook_id) VALUES (15, 188);
INSERT INTO recipe_cook(recipe_id, cook_id) VALUES (15, 158);
INSERT INTO recipe_cook(recipe_id, cook_id) VALUES (15, 91);
INSERT INTO recipe_cook(recipe_id, cook_id) VALUES (15, 152);
INSERT INTO recipe_cook(recipe_id, cook_id) VALUES (15, 189);
INSERT INTO recipe_cook(recipe_id, cook_id) VALUES (15, 160);
INSERT INTO recipe_cook(recipe_id, cook_id) VALUES (15, 108);
INSERT INTO recipe_cook(recipe_id, cook_id) VALUES (15, 128);
INSERT INTO recipe_cook(recipe_id, cook_id) VALUES (15, 103);
INSERT INTO recipe_cook(recipe_id, cook_id) VALUES (15, 98);
INSERT INTO recipe_cook(recipe_id, cook_id) VALUES (15, 95);
INSERT INTO recipe_cook(recipe_id, cook_id) VALUES (15, 88);
INSERT INTO recipe_cook(recipe_id, cook_id) VALUES (15, 2);
INSERT INTO recipe_cook(recipe_id, cook_id) VALUES (15, 106);
INSERT INTO recipe_cook(recipe_id, cook_id) VALUES (15, 33);
INSERT INTO recipe_cook(recipe_id, cook_id) VALUES (15, 16);
INSERT INTO recipe_cook(recipe_id, cook_id) VALUES (15, 135);
INSERT INTO recipe_cook(recipe_id, cook_id) VALUES (15, 48);
INSERT INTO recipe_cook(recipe_id, cook_id) VALUES (15, 66);
INSERT INTO recipe_cook(recipe_id, cook_id) VALUES (15, 121);
INSERT INTO recipe_cook(recipe_id, cook_id) VALUES (15, 68);
INSERT INTO recipe_cook(recipe_id, cook_id) VALUES (15, 46);
INSERT INTO recipe_cook(recipe_id, cook_id) VALUES (15, 198);
INSERT INTO recipe_cook(recipe_id, cook_id) VALUES (15, 63);
INSERT INTO recipe_cook(recipe_id, cook_id) VALUES (15, 6);
INSERT INTO recipe_cook(recipe_id, cook_id) VALUES (15, 165);
INSERT INTO recipe_cook(recipe_id, cook_id) VALUES (15, 78);
INSERT INTO recipe_cook(recipe_id, cook_id) VALUES (15, 133);
INSERT INTO recipe_cook(recipe_id, cook_id) VALUES (15, 175);
INSERT INTO recipe_cook(recipe_id, cook_id) VALUES (15, 144);
INSERT INTO recipe_cook(recipe_id, cook_id) VALUES (15, 71);
INSERT INTO recipe_cook(recipe_id, cook_id) VALUES (15, 42);
INSERT INTO recipe_cook(recipe_id, cook_id) VALUES (15, 137);
INSERT INTO recipe_cook(recipe_id, cook_id) VALUES (15, 150);
INSERT INTO recipe_cook(recipe_id, cook_id) VALUES (15, 5);
INSERT INTO recipe_cook(recipe_id, cook_id) VALUES (15, 87);
INSERT INTO recipe_cook(recipe_id, cook_id) VALUES (15, 32);
INSERT INTO recipe_cook(recipe_id, cook_id) VALUES (15, 117);
INSERT INTO recipe_cook(recipe_id, cook_id) VALUES (15, 193);
INSERT INTO recipe_cook(recipe_id, cook_id) VALUES (15, 182);
INSERT INTO recipe_cook(recipe_id, cook_id) VALUES (15, 89);
INSERT INTO recipe_cook(recipe_id, cook_id) VALUES (15, 173);
INSERT INTO recipe_cook(recipe_id, cook_id) VALUES (15, 3);
INSERT INTO recipe_cook(recipe_id, cook_id) VALUES (15, 75);
INSERT INTO recipe_cook(recipe_id, cook_id) VALUES (15, 185);
INSERT INTO recipe_cook(recipe_id, cook_id) VALUES (15, 200);
INSERT INTO recipe_cook(recipe_id, cook_id) VALUES (15, 161);
INSERT INTO recipe_cook(recipe_id, cook_id) VALUES (15, 125);
INSERT INTO recipe_cook(recipe_id, cook_id) VALUES (15, 86);
INSERT INTO recipe_cook(recipe_id, cook_id) VALUES (15, 10);
INSERT INTO recipe_cook(recipe_id, cook_id) VALUES (15, 34);
INSERT INTO recipe_cook(recipe_id, cook_id) VALUES (15, 148);
INSERT INTO recipe_cook(recipe_id, cook_id) VALUES (15, 20);
INSERT INTO recipe_cook(recipe_id, cook_id) VALUES (15, 154);
INSERT INTO recipe_cook(recipe_id, cook_id) VALUES (15, 38);
INSERT INTO recipe_cook(recipe_id, cook_id) VALUES (15, 181);
INSERT INTO recipe_cook(recipe_id, cook_id) VALUES (15, 164);
INSERT INTO recipe_cook(recipe_id, cook_id) VALUES (15, 94);
INSERT INTO recipe_cook(recipe_id, cook_id) VALUES (15, 69);
INSERT INTO recipe_cook(recipe_id, cook_id) VALUES (15, 134);
INSERT INTO recipe_cook(recipe_id, cook_id) VALUES (15, 177);
INSERT INTO recipe_cook(recipe_id, cook_id) VALUES (15, 119);
INSERT INTO recipe_cook(recipe_id, cook_id) VALUES (15, 179);
INSERT INTO recipe_cook(recipe_id, cook_id) VALUES (15, 124);
INSERT INTO recipe_cook(recipe_id, cook_id) VALUES (15, 79);
INSERT INTO recipe_cook(recipe_id, cook_id) VALUES (15, 84);
INSERT INTO recipe_cook(recipe_id, cook_id) VALUES (15, 178);
INSERT INTO recipe_cook(recipe_id, cook_id) VALUES (15, 196);
INSERT INTO recipe_cook(recipe_id, cook_id) VALUES (15, 56);
INSERT INTO recipe_cook(recipe_id, cook_id) VALUES (15, 85);
INSERT INTO recipe_cook(recipe_id, cook_id) VALUES (15, 131);
INSERT INTO recipe_cook(recipe_id, cook_id) VALUES (15, 54);
INSERT INTO recipe_cook(recipe_id, cook_id) VALUES (15, 64);
INSERT INTO recipe_cook(recipe_id, cook_id) VALUES (15, 97);
INSERT INTO recipe_theme(recipe_id, theme_id) VALUES (15, 40);
INSERT INTO recipe_tip(recipe_id, tip_id) VALUES (15, 39);
INSERT INTO recipe_tip(recipe_id, tip_id) VALUES (15, 26);
INSERT INTO recipe_tip(recipe_id, tip_id) VALUES (15, 31);

INSERT INTO recipe(baking, cuisine_id, difficulty, title, recipe_description, prep_time, cook_time, portions, fat_portion, protein_portion, carbo_portion, picture, picture_description) VALUES(0, 24, 3,'Pecan Pie', 'Third those cell coach. Several attack peace. Blue feel wish. Able run your per hand forget. Half determine you into kind financial.', 95, 30, 3, 10, 45,5, 'https://picsum.photos/308/960', 'Hundred instead soon wife.');
INSERT INTO recipe_meal_type(recipe_id, meal_type_id) VALUES (16, 4);
INSERT INTO recipe_tag(recipe_id, tag_id) VALUES (16, 22);
INSERT INTO recipe_tag(recipe_id, tag_id) VALUES (16, 47);
INSERT INTO recipe_tag(recipe_id, tag_id) VALUES (16, 94);
INSERT INTO recipe_tag(recipe_id, tag_id) VALUES (16, 60);
INSERT INTO recipe_equipment(recipe_id, equipment_id, num) VALUES (16, 19, 1);
INSERT INTO recipe_equipment(recipe_id, equipment_id, num) VALUES (16, 15, 2);
INSERT INTO recipe_equipment(recipe_id, equipment_id, num) VALUES (16, 13, 2);
INSERT INTO recipe_equipment(recipe_id, equipment_id, num) VALUES (16, 12, 3);
INSERT INTO recipe_equipment(recipe_id, equipment_id, num) VALUES (16, 11, 4);
INSERT INTO recipe_cook(recipe_id, cook_id) VALUES (16, 86);
INSERT INTO recipe_cook(recipe_id, cook_id) VALUES (16, 149);
INSERT INTO recipe_theme(recipe_id, theme_id) VALUES (16, 22);
INSERT INTO recipe_theme(recipe_id, theme_id) VALUES (16, 15);
INSERT INTO recipe_tip(recipe_id, tip_id) VALUES (16, 16);

INSERT INTO recipe(baking, cuisine_id, difficulty, title, recipe_description, prep_time, cook_time, portions, fat_portion, protein_portion, carbo_portion, picture, picture_description) VALUES(1, 5, 5,'Samosas', 'Try well mother hold. Garden financial since. Year film use administration. So across some fund soon choice.', 55, 50, 5, 45, 40,20, 'https://dummyimage.com/978x328', 'Finish now quickly thus long once decision.');
INSERT INTO recipe_meal_type(recipe_id, meal_type_id) VALUES (17, 5);
INSERT INTO recipe_tag(recipe_id, tag_id) VALUES (17, 72);
INSERT INTO recipe_equipment(recipe_id, equipment_id, num) VALUES (17, 7, 1);
INSERT INTO recipe_equipment(recipe_id, equipment_id, num) VALUES (17, 14, 3);
INSERT INTO recipe_equipment(recipe_id, equipment_id, num) VALUES (17, 4, 1);
INSERT INTO recipe_cook(recipe_id, cook_id) VALUES (17, 73);
INSERT INTO recipe_cook(recipe_id, cook_id) VALUES (17, 61);
INSERT INTO recipe_cook(recipe_id, cook_id) VALUES (17, 37);
INSERT INTO recipe_cook(recipe_id, cook_id) VALUES (17, 175);
INSERT INTO recipe_cook(recipe_id, cook_id) VALUES (17, 19);
INSERT INTO recipe_cook(recipe_id, cook_id) VALUES (17, 78);
INSERT INTO recipe_cook(recipe_id, cook_id) VALUES (17, 88);
INSERT INTO recipe_cook(recipe_id, cook_id) VALUES (17, 190);
INSERT INTO recipe_cook(recipe_id, cook_id) VALUES (17, 93);
INSERT INTO recipe_cook(recipe_id, cook_id) VALUES (17, 131);
INSERT INTO recipe_cook(recipe_id, cook_id) VALUES (17, 163);
INSERT INTO recipe_cook(recipe_id, cook_id) VALUES (17, 63);
INSERT INTO recipe_cook(recipe_id, cook_id) VALUES (17, 90);
INSERT INTO recipe_cook(recipe_id, cook_id) VALUES (17, 141);
INSERT INTO recipe_cook(recipe_id, cook_id) VALUES (17, 184);
INSERT INTO recipe_cook(recipe_id, cook_id) VALUES (17, 104);
INSERT INTO recipe_cook(recipe_id, cook_id) VALUES (17, 86);
INSERT INTO recipe_cook(recipe_id, cook_id) VALUES (17, 16);
INSERT INTO recipe_cook(recipe_id, cook_id) VALUES (17, 181);
INSERT INTO recipe_cook(recipe_id, cook_id) VALUES (17, 87);
INSERT INTO recipe_cook(recipe_id, cook_id) VALUES (17, 172);
INSERT INTO recipe_cook(recipe_id, cook_id) VALUES (17, 83);
INSERT INTO recipe_cook(recipe_id, cook_id) VALUES (17, 124);
INSERT INTO recipe_cook(recipe_id, cook_id) VALUES (17, 129);
INSERT INTO recipe_cook(recipe_id, cook_id) VALUES (17, 95);
INSERT INTO recipe_cook(recipe_id, cook_id) VALUES (17, 189);
INSERT INTO recipe_cook(recipe_id, cook_id) VALUES (17, 199);
INSERT INTO recipe_cook(recipe_id, cook_id) VALUES (17, 188);
INSERT INTO recipe_cook(recipe_id, cook_id) VALUES (17, 39);
INSERT INTO recipe_cook(recipe_id, cook_id) VALUES (17, 35);
INSERT INTO recipe_cook(recipe_id, cook_id) VALUES (17, 53);
INSERT INTO recipe_cook(recipe_id, cook_id) VALUES (17, 2);
INSERT INTO recipe_cook(recipe_id, cook_id) VALUES (17, 117);
INSERT INTO recipe_cook(recipe_id, cook_id) VALUES (17, 185);
INSERT INTO recipe_cook(recipe_id, cook_id) VALUES (17, 115);
INSERT INTO recipe_cook(recipe_id, cook_id) VALUES (17, 102);
INSERT INTO recipe_cook(recipe_id, cook_id) VALUES (17, 146);
INSERT INTO recipe_cook(recipe_id, cook_id) VALUES (17, 195);
INSERT INTO recipe_cook(recipe_id, cook_id) VALUES (17, 44);
INSERT INTO recipe_cook(recipe_id, cook_id) VALUES (17, 151);
INSERT INTO recipe_cook(recipe_id, cook_id) VALUES (17, 17);
INSERT INTO recipe_cook(recipe_id, cook_id) VALUES (17, 198);
INSERT INTO recipe_cook(recipe_id, cook_id) VALUES (17, 193);
INSERT INTO recipe_cook(recipe_id, cook_id) VALUES (17, 79);
INSERT INTO recipe_cook(recipe_id, cook_id) VALUES (17, 65);
INSERT INTO recipe_cook(recipe_id, cook_id) VALUES (17, 147);
INSERT INTO recipe_cook(recipe_id, cook_id) VALUES (17, 142);
INSERT INTO recipe_cook(recipe_id, cook_id) VALUES (17, 194);
INSERT INTO recipe_cook(recipe_id, cook_id) VALUES (17, 196);
INSERT INTO recipe_cook(recipe_id, cook_id) VALUES (17, 49);
INSERT INTO recipe_cook(recipe_id, cook_id) VALUES (17, 150);
INSERT INTO recipe_cook(recipe_id, cook_id) VALUES (17, 21);
INSERT INTO recipe_cook(recipe_id, cook_id) VALUES (17, 46);
INSERT INTO recipe_cook(recipe_id, cook_id) VALUES (17, 158);
INSERT INTO recipe_cook(recipe_id, cook_id) VALUES (17, 91);
INSERT INTO recipe_cook(recipe_id, cook_id) VALUES (17, 120);
INSERT INTO recipe_cook(recipe_id, cook_id) VALUES (17, 92);
INSERT INTO recipe_cook(recipe_id, cook_id) VALUES (17, 110);
INSERT INTO recipe_cook(recipe_id, cook_id) VALUES (17, 18);
INSERT INTO recipe_cook(recipe_id, cook_id) VALUES (17, 125);
INSERT INTO recipe_cook(recipe_id, cook_id) VALUES (17, 82);
INSERT INTO recipe_cook(recipe_id, cook_id) VALUES (17, 45);
INSERT INTO recipe_cook(recipe_id, cook_id) VALUES (17, 71);
INSERT INTO recipe_cook(recipe_id, cook_id) VALUES (17, 66);
INSERT INTO recipe_cook(recipe_id, cook_id) VALUES (17, 6);
INSERT INTO recipe_cook(recipe_id, cook_id) VALUES (17, 43);
INSERT INTO recipe_cook(recipe_id, cook_id) VALUES (17, 69);
INSERT INTO recipe_cook(recipe_id, cook_id) VALUES (17, 174);
INSERT INTO recipe_cook(recipe_id, cook_id) VALUES (17, 136);
INSERT INTO recipe_cook(recipe_id, cook_id) VALUES (17, 56);
INSERT INTO recipe_cook(recipe_id, cook_id) VALUES (17, 13);
INSERT INTO recipe_cook(recipe_id, cook_id) VALUES (17, 103);
INSERT INTO recipe_cook(recipe_id, cook_id) VALUES (17, 166);
INSERT INTO recipe_cook(recipe_id, cook_id) VALUES (17, 26);
INSERT INTO recipe_cook(recipe_id, cook_id) VALUES (17, 128);
INSERT INTO recipe_cook(recipe_id, cook_id) VALUES (17, 155);
INSERT INTO recipe_cook(recipe_id, cook_id) VALUES (17, 159);
INSERT INTO recipe_cook(recipe_id, cook_id) VALUES (17, 111);
INSERT INTO recipe_cook(recipe_id, cook_id) VALUES (17, 156);
INSERT INTO recipe_cook(recipe_id, cook_id) VALUES (17, 179);
INSERT INTO recipe_cook(recipe_id, cook_id) VALUES (17, 130);
INSERT INTO recipe_cook(recipe_id, cook_id) VALUES (17, 127);
INSERT INTO recipe_cook(recipe_id, cook_id) VALUES (17, 31);
INSERT INTO recipe_cook(recipe_id, cook_id) VALUES (17, 94);
INSERT INTO recipe_cook(recipe_id, cook_id) VALUES (17, 8);
INSERT INTO recipe_cook(recipe_id, cook_id) VALUES (17, 160);
INSERT INTO recipe_cook(recipe_id, cook_id) VALUES (17, 77);
INSERT INTO recipe_cook(recipe_id, cook_id) VALUES (17, 7);
INSERT INTO recipe_cook(recipe_id, cook_id) VALUES (17, 11);
INSERT INTO recipe_cook(recipe_id, cook_id) VALUES (17, 10);
INSERT INTO recipe_cook(recipe_id, cook_id) VALUES (17, 167);
INSERT INTO recipe_cook(recipe_id, cook_id) VALUES (17, 105);
INSERT INTO recipe_cook(recipe_id, cook_id) VALUES (17, 74);
INSERT INTO recipe_theme(recipe_id, theme_id) VALUES (17, 9);
INSERT INTO recipe_theme(recipe_id, theme_id) VALUES (17, 1);
INSERT INTO recipe_tip(recipe_id, tip_id) VALUES (17, 18);

INSERT INTO recipe(baking, cuisine_id, difficulty, title, recipe_description, prep_time, cook_time, portions, fat_portion, protein_portion, carbo_portion, picture, picture_description) VALUES(0, 21, 3,'Garlic Bread', 'Tonight vote sing. Week teacher throw now sense exist. Ask through occur young reveal responsibility send. Peace crime name choose tend parent.', 125, 0, 4, 30, 45,50, 'https://dummyimage.com/946x745', 'Investment main down rest test draw among.');
INSERT INTO recipe_meal_type(recipe_id, meal_type_id) VALUES (18, 1);
INSERT INTO recipe_tag(recipe_id, tag_id) VALUES (18, 8);
INSERT INTO recipe_tag(recipe_id, tag_id) VALUES (18, 54);
INSERT INTO recipe_tag(recipe_id, tag_id) VALUES (18, 6);
INSERT INTO recipe_equipment(recipe_id, equipment_id, num) VALUES (18, 20, 2);
INSERT INTO recipe_equipment(recipe_id, equipment_id, num) VALUES (18, 11, 3);
INSERT INTO recipe_equipment(recipe_id, equipment_id, num) VALUES (18, 16, 2);
INSERT INTO recipe_cook(recipe_id, cook_id) VALUES (18, 103);
INSERT INTO recipe_cook(recipe_id, cook_id) VALUES (18, 66);
INSERT INTO recipe_cook(recipe_id, cook_id) VALUES (18, 119);
INSERT INTO recipe_cook(recipe_id, cook_id) VALUES (18, 4);
INSERT INTO recipe_cook(recipe_id, cook_id) VALUES (18, 7);
INSERT INTO recipe_cook(recipe_id, cook_id) VALUES (18, 82);
INSERT INTO recipe_cook(recipe_id, cook_id) VALUES (18, 145);
INSERT INTO recipe_cook(recipe_id, cook_id) VALUES (18, 168);
INSERT INTO recipe_cook(recipe_id, cook_id) VALUES (18, 81);
INSERT INTO recipe_cook(recipe_id, cook_id) VALUES (18, 15);
INSERT INTO recipe_cook(recipe_id, cook_id) VALUES (18, 107);
INSERT INTO recipe_cook(recipe_id, cook_id) VALUES (18, 158);
INSERT INTO recipe_cook(recipe_id, cook_id) VALUES (18, 182);
INSERT INTO recipe_cook(recipe_id, cook_id) VALUES (18, 186);
INSERT INTO recipe_cook(recipe_id, cook_id) VALUES (18, 85);
INSERT INTO recipe_cook(recipe_id, cook_id) VALUES (18, 41);
INSERT INTO recipe_cook(recipe_id, cook_id) VALUES (18, 24);
INSERT INTO recipe_cook(recipe_id, cook_id) VALUES (18, 5);
INSERT INTO recipe_cook(recipe_id, cook_id) VALUES (18, 40);
INSERT INTO recipe_cook(recipe_id, cook_id) VALUES (18, 54);
INSERT INTO recipe_cook(recipe_id, cook_id) VALUES (18, 37);
INSERT INTO recipe_cook(recipe_id, cook_id) VALUES (18, 136);
INSERT INTO recipe_cook(recipe_id, cook_id) VALUES (18, 184);
INSERT INTO recipe_cook(recipe_id, cook_id) VALUES (18, 92);
INSERT INTO recipe_cook(recipe_id, cook_id) VALUES (18, 93);
INSERT INTO recipe_cook(recipe_id, cook_id) VALUES (18, 109);
INSERT INTO recipe_cook(recipe_id, cook_id) VALUES (18, 89);
INSERT INTO recipe_cook(recipe_id, cook_id) VALUES (18, 138);
INSERT INTO recipe_cook(recipe_id, cook_id) VALUES (18, 151);
INSERT INTO recipe_cook(recipe_id, cook_id) VALUES (18, 143);
INSERT INTO recipe_cook(recipe_id, cook_id) VALUES (18, 188);
INSERT INTO recipe_cook(recipe_id, cook_id) VALUES (18, 169);
INSERT INTO recipe_cook(recipe_id, cook_id) VALUES (18, 155);
INSERT INTO recipe_cook(recipe_id, cook_id) VALUES (18, 148);
INSERT INTO recipe_cook(recipe_id, cook_id) VALUES (18, 187);
INSERT INTO recipe_cook(recipe_id, cook_id) VALUES (18, 59);
INSERT INTO recipe_cook(recipe_id, cook_id) VALUES (18, 159);
INSERT INTO recipe_cook(recipe_id, cook_id) VALUES (18, 67);
INSERT INTO recipe_cook(recipe_id, cook_id) VALUES (18, 123);
INSERT INTO recipe_cook(recipe_id, cook_id) VALUES (18, 9);
INSERT INTO recipe_cook(recipe_id, cook_id) VALUES (18, 80);
INSERT INTO recipe_cook(recipe_id, cook_id) VALUES (18, 141);
INSERT INTO recipe_cook(recipe_id, cook_id) VALUES (18, 117);
INSERT INTO recipe_cook(recipe_id, cook_id) VALUES (18, 144);
INSERT INTO recipe_cook(recipe_id, cook_id) VALUES (18, 72);
INSERT INTO recipe_cook(recipe_id, cook_id) VALUES (18, 176);
INSERT INTO recipe_cook(recipe_id, cook_id) VALUES (18, 134);
INSERT INTO recipe_cook(recipe_id, cook_id) VALUES (18, 179);
INSERT INTO recipe_cook(recipe_id, cook_id) VALUES (18, 71);
INSERT INTO recipe_cook(recipe_id, cook_id) VALUES (18, 34);
INSERT INTO recipe_cook(recipe_id, cook_id) VALUES (18, 65);
INSERT INTO recipe_cook(recipe_id, cook_id) VALUES (18, 3);
INSERT INTO recipe_cook(recipe_id, cook_id) VALUES (18, 171);
INSERT INTO recipe_cook(recipe_id, cook_id) VALUES (18, 122);
INSERT INTO recipe_cook(recipe_id, cook_id) VALUES (18, 26);
INSERT INTO recipe_cook(recipe_id, cook_id) VALUES (18, 193);
INSERT INTO recipe_cook(recipe_id, cook_id) VALUES (18, 39);
INSERT INTO recipe_cook(recipe_id, cook_id) VALUES (18, 165);
INSERT INTO recipe_cook(recipe_id, cook_id) VALUES (18, 200);
INSERT INTO recipe_cook(recipe_id, cook_id) VALUES (18, 178);
INSERT INTO recipe_cook(recipe_id, cook_id) VALUES (18, 8);
INSERT INTO recipe_cook(recipe_id, cook_id) VALUES (18, 35);
INSERT INTO recipe_cook(recipe_id, cook_id) VALUES (18, 32);
INSERT INTO recipe_cook(recipe_id, cook_id) VALUES (18, 16);
INSERT INTO recipe_cook(recipe_id, cook_id) VALUES (18, 129);
INSERT INTO recipe_cook(recipe_id, cook_id) VALUES (18, 53);
INSERT INTO recipe_cook(recipe_id, cook_id) VALUES (18, 47);
INSERT INTO recipe_cook(recipe_id, cook_id) VALUES (18, 163);
INSERT INTO recipe_cook(recipe_id, cook_id) VALUES (18, 94);
INSERT INTO recipe_cook(recipe_id, cook_id) VALUES (18, 157);
INSERT INTO recipe_cook(recipe_id, cook_id) VALUES (18, 46);
INSERT INTO recipe_cook(recipe_id, cook_id) VALUES (18, 42);
INSERT INTO recipe_cook(recipe_id, cook_id) VALUES (18, 140);
INSERT INTO recipe_cook(recipe_id, cook_id) VALUES (18, 45);
INSERT INTO recipe_cook(recipe_id, cook_id) VALUES (18, 100);
INSERT INTO recipe_cook(recipe_id, cook_id) VALUES (18, 91);
INSERT INTO recipe_cook(recipe_id, cook_id) VALUES (18, 173);
INSERT INTO recipe_cook(recipe_id, cook_id) VALUES (18, 57);
INSERT INTO recipe_cook(recipe_id, cook_id) VALUES (18, 111);
INSERT INTO recipe_cook(recipe_id, cook_id) VALUES (18, 64);
INSERT INTO recipe_cook(recipe_id, cook_id) VALUES (18, 28);
INSERT INTO recipe_cook(recipe_id, cook_id) VALUES (18, 195);
INSERT INTO recipe_cook(recipe_id, cook_id) VALUES (18, 189);
INSERT INTO recipe_cook(recipe_id, cook_id) VALUES (18, 127);
INSERT INTO recipe_cook(recipe_id, cook_id) VALUES (18, 116);
INSERT INTO recipe_cook(recipe_id, cook_id) VALUES (18, 142);
INSERT INTO recipe_cook(recipe_id, cook_id) VALUES (18, 50);
INSERT INTO recipe_cook(recipe_id, cook_id) VALUES (18, 167);
INSERT INTO recipe_cook(recipe_id, cook_id) VALUES (18, 120);
INSERT INTO recipe_cook(recipe_id, cook_id) VALUES (18, 153);
INSERT INTO recipe_cook(recipe_id, cook_id) VALUES (18, 102);
INSERT INTO recipe_cook(recipe_id, cook_id) VALUES (18, 197);
INSERT INTO recipe_cook(recipe_id, cook_id) VALUES (18, 14);
INSERT INTO recipe_cook(recipe_id, cook_id) VALUES (18, 166);
INSERT INTO recipe_cook(recipe_id, cook_id) VALUES (18, 132);
INSERT INTO recipe_cook(recipe_id, cook_id) VALUES (18, 2);
INSERT INTO recipe_cook(recipe_id, cook_id) VALUES (18, 161);
INSERT INTO recipe_cook(recipe_id, cook_id) VALUES (18, 83);
INSERT INTO recipe_cook(recipe_id, cook_id) VALUES (18, 52);
INSERT INTO recipe_cook(recipe_id, cook_id) VALUES (18, 87);
INSERT INTO recipe_cook(recipe_id, cook_id) VALUES (18, 118);
INSERT INTO recipe_cook(recipe_id, cook_id) VALUES (18, 128);
INSERT INTO recipe_cook(recipe_id, cook_id) VALUES (18, 30);
INSERT INTO recipe_cook(recipe_id, cook_id) VALUES (18, 73);
INSERT INTO recipe_cook(recipe_id, cook_id) VALUES (18, 49);
INSERT INTO recipe_cook(recipe_id, cook_id) VALUES (18, 135);
INSERT INTO recipe_cook(recipe_id, cook_id) VALUES (18, 96);
INSERT INTO recipe_cook(recipe_id, cook_id) VALUES (18, 190);
INSERT INTO recipe_cook(recipe_id, cook_id) VALUES (18, 192);
INSERT INTO recipe_cook(recipe_id, cook_id) VALUES (18, 29);
INSERT INTO recipe_cook(recipe_id, cook_id) VALUES (18, 175);
INSERT INTO recipe_cook(recipe_id, cook_id) VALUES (18, 33);
INSERT INTO recipe_cook(recipe_id, cook_id) VALUES (18, 149);
INSERT INTO recipe_cook(recipe_id, cook_id) VALUES (18, 172);
INSERT INTO recipe_cook(recipe_id, cook_id) VALUES (18, 56);
INSERT INTO recipe_cook(recipe_id, cook_id) VALUES (18, 31);
INSERT INTO recipe_cook(recipe_id, cook_id) VALUES (18, 98);
INSERT INTO recipe_cook(recipe_id, cook_id) VALUES (18, 130);
INSERT INTO recipe_cook(recipe_id, cook_id) VALUES (18, 27);
INSERT INTO recipe_cook(recipe_id, cook_id) VALUES (18, 147);
INSERT INTO recipe_cook(recipe_id, cook_id) VALUES (18, 55);
INSERT INTO recipe_cook(recipe_id, cook_id) VALUES (18, 36);
INSERT INTO recipe_cook(recipe_id, cook_id) VALUES (18, 131);
INSERT INTO recipe_cook(recipe_id, cook_id) VALUES (18, 121);
INSERT INTO recipe_cook(recipe_id, cook_id) VALUES (18, 112);
INSERT INTO recipe_cook(recipe_id, cook_id) VALUES (18, 97);
INSERT INTO recipe_cook(recipe_id, cook_id) VALUES (18, 21);
INSERT INTO recipe_cook(recipe_id, cook_id) VALUES (18, 62);
INSERT INTO recipe_cook(recipe_id, cook_id) VALUES (18, 139);
INSERT INTO recipe_cook(recipe_id, cook_id) VALUES (18, 18);
INSERT INTO recipe_cook(recipe_id, cook_id) VALUES (18, 78);
INSERT INTO recipe_cook(recipe_id, cook_id) VALUES (18, 180);
INSERT INTO recipe_cook(recipe_id, cook_id) VALUES (18, 12);
INSERT INTO recipe_cook(recipe_id, cook_id) VALUES (18, 43);
INSERT INTO recipe_cook(recipe_id, cook_id) VALUES (18, 1);
INSERT INTO recipe_cook(recipe_id, cook_id) VALUES (18, 63);
INSERT INTO recipe_cook(recipe_id, cook_id) VALUES (18, 124);
INSERT INTO recipe_cook(recipe_id, cook_id) VALUES (18, 11);
INSERT INTO recipe_cook(recipe_id, cook_id) VALUES (18, 74);
INSERT INTO recipe_cook(recipe_id, cook_id) VALUES (18, 44);
INSERT INTO recipe_cook(recipe_id, cook_id) VALUES (18, 170);
INSERT INTO recipe_cook(recipe_id, cook_id) VALUES (18, 70);
INSERT INTO recipe_cook(recipe_id, cook_id) VALUES (18, 125);
INSERT INTO recipe_cook(recipe_id, cook_id) VALUES (18, 108);
INSERT INTO recipe_cook(recipe_id, cook_id) VALUES (18, 38);
INSERT INTO recipe_cook(recipe_id, cook_id) VALUES (18, 90);
INSERT INTO recipe_cook(recipe_id, cook_id) VALUES (18, 51);
INSERT INTO recipe_cook(recipe_id, cook_id) VALUES (18, 162);
INSERT INTO recipe_cook(recipe_id, cook_id) VALUES (18, 48);
INSERT INTO recipe_cook(recipe_id, cook_id) VALUES (18, 164);
INSERT INTO recipe_cook(recipe_id, cook_id) VALUES (18, 88);
INSERT INTO recipe_cook(recipe_id, cook_id) VALUES (18, 58);
INSERT INTO recipe_cook(recipe_id, cook_id) VALUES (18, 68);
INSERT INTO recipe_cook(recipe_id, cook_id) VALUES (18, 76);
INSERT INTO recipe_theme(recipe_id, theme_id) VALUES (18, 20);
INSERT INTO recipe_tip(recipe_id, tip_id) VALUES (18, 2);
INSERT INTO recipe_tip(recipe_id, tip_id) VALUES (18, 8);
INSERT INTO recipe_tip(recipe_id, tip_id) VALUES (18, 10);

INSERT INTO recipe(baking, cuisine_id, difficulty, title, recipe_description, prep_time, cook_time, portions, fat_portion, protein_portion, carbo_portion, picture, picture_description) VALUES(1, 7, 2,'Macaroni Salad', 'Practice force out crime student suffer one. Exactly above time modern. Store three history would hospital. Guy information hand garden include. Consumer bag society meet.', 85, 100, 4, 5, 30,50, 'https://dummyimage.com/613x276', 'Skin shake buy morning may rule prevent.');
INSERT INTO recipe_meal_type(recipe_id, meal_type_id) VALUES (19, 4);
INSERT INTO recipe_tag(recipe_id, tag_id) VALUES (19, 43);
INSERT INTO recipe_tag(recipe_id, tag_id) VALUES (19, 5);
INSERT INTO recipe_tag(recipe_id, tag_id) VALUES (19, 75);
INSERT INTO recipe_tag(recipe_id, tag_id) VALUES (19, 31);
INSERT INTO recipe_tag(recipe_id, tag_id) VALUES (19, 26);
INSERT INTO recipe_tag(recipe_id, tag_id) VALUES (19, 81);
INSERT INTO recipe_tag(recipe_id, tag_id) VALUES (19, 89);
INSERT INTO recipe_equipment(recipe_id, equipment_id, num) VALUES (19, 2, 1);
INSERT INTO recipe_equipment(recipe_id, equipment_id, num) VALUES (19, 5, 3);
INSERT INTO recipe_equipment(recipe_id, equipment_id, num) VALUES (19, 17, 3);
INSERT INTO recipe_cook(recipe_id, cook_id) VALUES (19, 60);
INSERT INTO recipe_cook(recipe_id, cook_id) VALUES (19, 148);
INSERT INTO recipe_cook(recipe_id, cook_id) VALUES (19, 111);
INSERT INTO recipe_cook(recipe_id, cook_id) VALUES (19, 179);
INSERT INTO recipe_cook(recipe_id, cook_id) VALUES (19, 27);
INSERT INTO recipe_cook(recipe_id, cook_id) VALUES (19, 187);
INSERT INTO recipe_cook(recipe_id, cook_id) VALUES (19, 6);
INSERT INTO recipe_cook(recipe_id, cook_id) VALUES (19, 13);
INSERT INTO recipe_cook(recipe_id, cook_id) VALUES (19, 82);
INSERT INTO recipe_cook(recipe_id, cook_id) VALUES (19, 17);
INSERT INTO recipe_cook(recipe_id, cook_id) VALUES (19, 29);
INSERT INTO recipe_cook(recipe_id, cook_id) VALUES (19, 31);
INSERT INTO recipe_cook(recipe_id, cook_id) VALUES (19, 125);
INSERT INTO recipe_cook(recipe_id, cook_id) VALUES (19, 35);
INSERT INTO recipe_cook(recipe_id, cook_id) VALUES (19, 135);
INSERT INTO recipe_cook(recipe_id, cook_id) VALUES (19, 110);
INSERT INTO recipe_cook(recipe_id, cook_id) VALUES (19, 1);
INSERT INTO recipe_cook(recipe_id, cook_id) VALUES (19, 46);
INSERT INTO recipe_cook(recipe_id, cook_id) VALUES (19, 58);
INSERT INTO recipe_cook(recipe_id, cook_id) VALUES (19, 176);
INSERT INTO recipe_cook(recipe_id, cook_id) VALUES (19, 139);
INSERT INTO recipe_cook(recipe_id, cook_id) VALUES (19, 38);
INSERT INTO recipe_cook(recipe_id, cook_id) VALUES (19, 163);
INSERT INTO recipe_cook(recipe_id, cook_id) VALUES (19, 140);
INSERT INTO recipe_cook(recipe_id, cook_id) VALUES (19, 129);
INSERT INTO recipe_cook(recipe_id, cook_id) VALUES (19, 190);
INSERT INTO recipe_cook(recipe_id, cook_id) VALUES (19, 136);
INSERT INTO recipe_cook(recipe_id, cook_id) VALUES (19, 91);
INSERT INTO recipe_cook(recipe_id, cook_id) VALUES (19, 128);
INSERT INTO recipe_cook(recipe_id, cook_id) VALUES (19, 20);
INSERT INTO recipe_cook(recipe_id, cook_id) VALUES (19, 90);
INSERT INTO recipe_cook(recipe_id, cook_id) VALUES (19, 56);
INSERT INTO recipe_cook(recipe_id, cook_id) VALUES (19, 182);
INSERT INTO recipe_cook(recipe_id, cook_id) VALUES (19, 19);
INSERT INTO recipe_cook(recipe_id, cook_id) VALUES (19, 70);
INSERT INTO recipe_cook(recipe_id, cook_id) VALUES (19, 183);
INSERT INTO recipe_cook(recipe_id, cook_id) VALUES (19, 4);
INSERT INTO recipe_cook(recipe_id, cook_id) VALUES (19, 68);
INSERT INTO recipe_cook(recipe_id, cook_id) VALUES (19, 69);
INSERT INTO recipe_cook(recipe_id, cook_id) VALUES (19, 18);
INSERT INTO recipe_cook(recipe_id, cook_id) VALUES (19, 12);
INSERT INTO recipe_cook(recipe_id, cook_id) VALUES (19, 51);
INSERT INTO recipe_cook(recipe_id, cook_id) VALUES (19, 131);
INSERT INTO recipe_cook(recipe_id, cook_id) VALUES (19, 193);
INSERT INTO recipe_cook(recipe_id, cook_id) VALUES (19, 105);
INSERT INTO recipe_cook(recipe_id, cook_id) VALUES (19, 143);
INSERT INTO recipe_cook(recipe_id, cook_id) VALUES (19, 93);
INSERT INTO recipe_cook(recipe_id, cook_id) VALUES (19, 162);
INSERT INTO recipe_cook(recipe_id, cook_id) VALUES (19, 3);
INSERT INTO recipe_cook(recipe_id, cook_id) VALUES (19, 84);
INSERT INTO recipe_cook(recipe_id, cook_id) VALUES (19, 11);
INSERT INTO recipe_cook(recipe_id, cook_id) VALUES (19, 117);
INSERT INTO recipe_cook(recipe_id, cook_id) VALUES (19, 177);
INSERT INTO recipe_cook(recipe_id, cook_id) VALUES (19, 73);
INSERT INTO recipe_cook(recipe_id, cook_id) VALUES (19, 141);
INSERT INTO recipe_cook(recipe_id, cook_id) VALUES (19, 85);
INSERT INTO recipe_cook(recipe_id, cook_id) VALUES (19, 106);
INSERT INTO recipe_cook(recipe_id, cook_id) VALUES (19, 153);
INSERT INTO recipe_cook(recipe_id, cook_id) VALUES (19, 103);
INSERT INTO recipe_cook(recipe_id, cook_id) VALUES (19, 109);
INSERT INTO recipe_cook(recipe_id, cook_id) VALUES (19, 192);
INSERT INTO recipe_cook(recipe_id, cook_id) VALUES (19, 180);
INSERT INTO recipe_cook(recipe_id, cook_id) VALUES (19, 108);
INSERT INTO recipe_cook(recipe_id, cook_id) VALUES (19, 99);
INSERT INTO recipe_cook(recipe_id, cook_id) VALUES (19, 39);
INSERT INTO recipe_cook(recipe_id, cook_id) VALUES (19, 100);
INSERT INTO recipe_cook(recipe_id, cook_id) VALUES (19, 137);
INSERT INTO recipe_cook(recipe_id, cook_id) VALUES (19, 156);
INSERT INTO recipe_cook(recipe_id, cook_id) VALUES (19, 37);
INSERT INTO recipe_cook(recipe_id, cook_id) VALUES (19, 2);
INSERT INTO recipe_cook(recipe_id, cook_id) VALUES (19, 62);
INSERT INTO recipe_cook(recipe_id, cook_id) VALUES (19, 181);
INSERT INTO recipe_cook(recipe_id, cook_id) VALUES (19, 66);
INSERT INTO recipe_cook(recipe_id, cook_id) VALUES (19, 89);
INSERT INTO recipe_cook(recipe_id, cook_id) VALUES (19, 79);
INSERT INTO recipe_cook(recipe_id, cook_id) VALUES (19, 94);
INSERT INTO recipe_cook(recipe_id, cook_id) VALUES (19, 49);
INSERT INTO recipe_cook(recipe_id, cook_id) VALUES (19, 189);
INSERT INTO recipe_cook(recipe_id, cook_id) VALUES (19, 144);
INSERT INTO recipe_cook(recipe_id, cook_id) VALUES (19, 26);
INSERT INTO recipe_cook(recipe_id, cook_id) VALUES (19, 145);
INSERT INTO recipe_cook(recipe_id, cook_id) VALUES (19, 15);
INSERT INTO recipe_cook(recipe_id, cook_id) VALUES (19, 160);
INSERT INTO recipe_cook(recipe_id, cook_id) VALUES (19, 138);
INSERT INTO recipe_cook(recipe_id, cook_id) VALUES (19, 80);
INSERT INTO recipe_cook(recipe_id, cook_id) VALUES (19, 101);
INSERT INTO recipe_cook(recipe_id, cook_id) VALUES (19, 5);
INSERT INTO recipe_cook(recipe_id, cook_id) VALUES (19, 92);
INSERT INTO recipe_cook(recipe_id, cook_id) VALUES (19, 7);
INSERT INTO recipe_cook(recipe_id, cook_id) VALUES (19, 52);
INSERT INTO recipe_cook(recipe_id, cook_id) VALUES (19, 127);
INSERT INTO recipe_cook(recipe_id, cook_id) VALUES (19, 72);
INSERT INTO recipe_cook(recipe_id, cook_id) VALUES (19, 42);
INSERT INTO recipe_cook(recipe_id, cook_id) VALUES (19, 88);
INSERT INTO recipe_cook(recipe_id, cook_id) VALUES (19, 83);
INSERT INTO recipe_cook(recipe_id, cook_id) VALUES (19, 57);
INSERT INTO recipe_cook(recipe_id, cook_id) VALUES (19, 71);
INSERT INTO recipe_cook(recipe_id, cook_id) VALUES (19, 86);
INSERT INTO recipe_cook(recipe_id, cook_id) VALUES (19, 41);
INSERT INTO recipe_cook(recipe_id, cook_id) VALUES (19, 59);
INSERT INTO recipe_cook(recipe_id, cook_id) VALUES (19, 74);
INSERT INTO recipe_cook(recipe_id, cook_id) VALUES (19, 184);
INSERT INTO recipe_cook(recipe_id, cook_id) VALUES (19, 61);
INSERT INTO recipe_cook(recipe_id, cook_id) VALUES (19, 96);
INSERT INTO recipe_cook(recipe_id, cook_id) VALUES (19, 122);
INSERT INTO recipe_cook(recipe_id, cook_id) VALUES (19, 98);
INSERT INTO recipe_cook(recipe_id, cook_id) VALUES (19, 172);
INSERT INTO recipe_cook(recipe_id, cook_id) VALUES (19, 44);
INSERT INTO recipe_cook(recipe_id, cook_id) VALUES (19, 76);
INSERT INTO recipe_cook(recipe_id, cook_id) VALUES (19, 166);
INSERT INTO recipe_cook(recipe_id, cook_id) VALUES (19, 124);
INSERT INTO recipe_cook(recipe_id, cook_id) VALUES (19, 123);
INSERT INTO recipe_cook(recipe_id, cook_id) VALUES (19, 81);
INSERT INTO recipe_cook(recipe_id, cook_id) VALUES (19, 170);
INSERT INTO recipe_cook(recipe_id, cook_id) VALUES (19, 165);
INSERT INTO recipe_cook(recipe_id, cook_id) VALUES (19, 9);
INSERT INTO recipe_cook(recipe_id, cook_id) VALUES (19, 159);
INSERT INTO recipe_cook(recipe_id, cook_id) VALUES (19, 178);
INSERT INTO recipe_cook(recipe_id, cook_id) VALUES (19, 195);
INSERT INTO recipe_cook(recipe_id, cook_id) VALUES (19, 126);
INSERT INTO recipe_cook(recipe_id, cook_id) VALUES (19, 149);
INSERT INTO recipe_cook(recipe_id, cook_id) VALUES (19, 10);
INSERT INTO recipe_cook(recipe_id, cook_id) VALUES (19, 173);
INSERT INTO recipe_cook(recipe_id, cook_id) VALUES (19, 175);
INSERT INTO recipe_cook(recipe_id, cook_id) VALUES (19, 34);
INSERT INTO recipe_cook(recipe_id, cook_id) VALUES (19, 113);
INSERT INTO recipe_cook(recipe_id, cook_id) VALUES (19, 95);
INSERT INTO recipe_cook(recipe_id, cook_id) VALUES (19, 45);
INSERT INTO recipe_cook(recipe_id, cook_id) VALUES (19, 67);
INSERT INTO recipe_cook(recipe_id, cook_id) VALUES (19, 130);
INSERT INTO recipe_cook(recipe_id, cook_id) VALUES (19, 77);
INSERT INTO recipe_cook(recipe_id, cook_id) VALUES (19, 167);
INSERT INTO recipe_cook(recipe_id, cook_id) VALUES (19, 120);
INSERT INTO recipe_cook(recipe_id, cook_id) VALUES (19, 47);
INSERT INTO recipe_cook(recipe_id, cook_id) VALUES (19, 196);
INSERT INTO recipe_cook(recipe_id, cook_id) VALUES (19, 22);
INSERT INTO recipe_cook(recipe_id, cook_id) VALUES (19, 146);
INSERT INTO recipe_cook(recipe_id, cook_id) VALUES (19, 16);
INSERT INTO recipe_cook(recipe_id, cook_id) VALUES (19, 154);
INSERT INTO recipe_cook(recipe_id, cook_id) VALUES (19, 118);
INSERT INTO recipe_cook(recipe_id, cook_id) VALUES (19, 107);
INSERT INTO recipe_cook(recipe_id, cook_id) VALUES (19, 53);
INSERT INTO recipe_cook(recipe_id, cook_id) VALUES (19, 43);
INSERT INTO recipe_cook(recipe_id, cook_id) VALUES (19, 30);
INSERT INTO recipe_cook(recipe_id, cook_id) VALUES (19, 186);
INSERT INTO recipe_cook(recipe_id, cook_id) VALUES (19, 102);
INSERT INTO recipe_cook(recipe_id, cook_id) VALUES (19, 115);
INSERT INTO recipe_cook(recipe_id, cook_id) VALUES (19, 116);
INSERT INTO recipe_cook(recipe_id, cook_id) VALUES (19, 152);
INSERT INTO recipe_cook(recipe_id, cook_id) VALUES (19, 21);
INSERT INTO recipe_cook(recipe_id, cook_id) VALUES (19, 25);
INSERT INTO recipe_cook(recipe_id, cook_id) VALUES (19, 24);
INSERT INTO recipe_cook(recipe_id, cook_id) VALUES (19, 28);
INSERT INTO recipe_theme(recipe_id, theme_id) VALUES (19, 27);
INSERT INTO recipe_tip(recipe_id, tip_id) VALUES (19, 17);

INSERT INTO recipe(baking, cuisine_id, difficulty, title, recipe_description, prep_time, cook_time, portions, fat_portion, protein_portion, carbo_portion, picture, picture_description) VALUES(1, 29, 1,'Spaghetti Carbonara', 'Exactly answer appear result own would wall. See heart all successful necessary. Increase shoulder push interest money information of good. Time others act perhaps include.', 55, 60, 3, 35, 55,15, 'https://picsum.photos/269/983', 'Crime blood some field first.');
INSERT INTO recipe_meal_type(recipe_id, meal_type_id) VALUES (20, 6);
INSERT INTO recipe_tag(recipe_id, tag_id) VALUES (20, 82);
INSERT INTO recipe_tag(recipe_id, tag_id) VALUES (20, 62);
INSERT INTO recipe_tag(recipe_id, tag_id) VALUES (20, 94);
INSERT INTO recipe_tag(recipe_id, tag_id) VALUES (20, 23);
INSERT INTO recipe_tag(recipe_id, tag_id) VALUES (20, 98);
INSERT INTO recipe_tag(recipe_id, tag_id) VALUES (20, 67);
INSERT INTO recipe_tag(recipe_id, tag_id) VALUES (20, 20);
INSERT INTO recipe_tag(recipe_id, tag_id) VALUES (20, 1);
INSERT INTO recipe_equipment(recipe_id, equipment_id, num) VALUES (20, 12, 1);
INSERT INTO recipe_equipment(recipe_id, equipment_id, num) VALUES (20, 16, 3);
INSERT INTO recipe_equipment(recipe_id, equipment_id, num) VALUES (20, 17, 1);
INSERT INTO recipe_equipment(recipe_id, equipment_id, num) VALUES (20, 8, 1);
INSERT INTO recipe_cook(recipe_id, cook_id) VALUES (20, 95);
INSERT INTO recipe_cook(recipe_id, cook_id) VALUES (20, 134);
INSERT INTO recipe_cook(recipe_id, cook_id) VALUES (20, 88);
INSERT INTO recipe_cook(recipe_id, cook_id) VALUES (20, 98);
INSERT INTO recipe_cook(recipe_id, cook_id) VALUES (20, 65);
INSERT INTO recipe_cook(recipe_id, cook_id) VALUES (20, 5);
INSERT INTO recipe_cook(recipe_id, cook_id) VALUES (20, 143);
INSERT INTO recipe_cook(recipe_id, cook_id) VALUES (20, 52);
INSERT INTO recipe_cook(recipe_id, cook_id) VALUES (20, 1);
INSERT INTO recipe_cook(recipe_id, cook_id) VALUES (20, 147);
INSERT INTO recipe_cook(recipe_id, cook_id) VALUES (20, 67);
INSERT INTO recipe_cook(recipe_id, cook_id) VALUES (20, 15);
INSERT INTO recipe_cook(recipe_id, cook_id) VALUES (20, 152);
INSERT INTO recipe_cook(recipe_id, cook_id) VALUES (20, 46);
INSERT INTO recipe_cook(recipe_id, cook_id) VALUES (20, 79);
INSERT INTO recipe_cook(recipe_id, cook_id) VALUES (20, 184);
INSERT INTO recipe_cook(recipe_id, cook_id) VALUES (20, 140);
INSERT INTO recipe_cook(recipe_id, cook_id) VALUES (20, 71);
INSERT INTO recipe_cook(recipe_id, cook_id) VALUES (20, 83);
INSERT INTO recipe_cook(recipe_id, cook_id) VALUES (20, 66);
INSERT INTO recipe_cook(recipe_id, cook_id) VALUES (20, 62);
INSERT INTO recipe_cook(recipe_id, cook_id) VALUES (20, 68);
INSERT INTO recipe_cook(recipe_id, cook_id) VALUES (20, 113);
INSERT INTO recipe_cook(recipe_id, cook_id) VALUES (20, 24);
INSERT INTO recipe_cook(recipe_id, cook_id) VALUES (20, 135);
INSERT INTO recipe_cook(recipe_id, cook_id) VALUES (20, 163);
INSERT INTO recipe_cook(recipe_id, cook_id) VALUES (20, 127);
INSERT INTO recipe_cook(recipe_id, cook_id) VALUES (20, 23);
INSERT INTO recipe_cook(recipe_id, cook_id) VALUES (20, 193);
INSERT INTO recipe_cook(recipe_id, cook_id) VALUES (20, 33);
INSERT INTO recipe_cook(recipe_id, cook_id) VALUES (20, 109);
INSERT INTO recipe_cook(recipe_id, cook_id) VALUES (20, 75);
INSERT INTO recipe_cook(recipe_id, cook_id) VALUES (20, 159);
INSERT INTO recipe_cook(recipe_id, cook_id) VALUES (20, 96);
INSERT INTO recipe_cook(recipe_id, cook_id) VALUES (20, 12);
INSERT INTO recipe_cook(recipe_id, cook_id) VALUES (20, 114);
INSERT INTO recipe_cook(recipe_id, cook_id) VALUES (20, 97);
INSERT INTO recipe_cook(recipe_id, cook_id) VALUES (20, 94);
INSERT INTO recipe_cook(recipe_id, cook_id) VALUES (20, 11);
INSERT INTO recipe_cook(recipe_id, cook_id) VALUES (20, 76);
INSERT INTO recipe_cook(recipe_id, cook_id) VALUES (20, 105);
INSERT INTO recipe_cook(recipe_id, cook_id) VALUES (20, 111);
INSERT INTO recipe_cook(recipe_id, cook_id) VALUES (20, 156);
INSERT INTO recipe_cook(recipe_id, cook_id) VALUES (20, 181);
INSERT INTO recipe_cook(recipe_id, cook_id) VALUES (20, 91);
INSERT INTO recipe_cook(recipe_id, cook_id) VALUES (20, 180);
INSERT INTO recipe_cook(recipe_id, cook_id) VALUES (20, 99);
INSERT INTO recipe_cook(recipe_id, cook_id) VALUES (20, 149);
INSERT INTO recipe_cook(recipe_id, cook_id) VALUES (20, 34);
INSERT INTO recipe_cook(recipe_id, cook_id) VALUES (20, 50);
INSERT INTO recipe_cook(recipe_id, cook_id) VALUES (20, 153);
INSERT INTO recipe_cook(recipe_id, cook_id) VALUES (20, 167);
INSERT INTO recipe_cook(recipe_id, cook_id) VALUES (20, 17);
INSERT INTO recipe_cook(recipe_id, cook_id) VALUES (20, 53);
INSERT INTO recipe_cook(recipe_id, cook_id) VALUES (20, 85);
INSERT INTO recipe_cook(recipe_id, cook_id) VALUES (20, 19);
INSERT INTO recipe_cook(recipe_id, cook_id) VALUES (20, 21);
INSERT INTO recipe_cook(recipe_id, cook_id) VALUES (20, 115);
INSERT INTO recipe_cook(recipe_id, cook_id) VALUES (20, 197);
INSERT INTO recipe_cook(recipe_id, cook_id) VALUES (20, 101);
INSERT INTO recipe_cook(recipe_id, cook_id) VALUES (20, 176);
INSERT INTO recipe_cook(recipe_id, cook_id) VALUES (20, 107);
INSERT INTO recipe_cook(recipe_id, cook_id) VALUES (20, 128);
INSERT INTO recipe_cook(recipe_id, cook_id) VALUES (20, 7);
INSERT INTO recipe_cook(recipe_id, cook_id) VALUES (20, 28);
INSERT INTO recipe_cook(recipe_id, cook_id) VALUES (20, 119);
INSERT INTO recipe_cook(recipe_id, cook_id) VALUES (20, 185);
INSERT INTO recipe_cook(recipe_id, cook_id) VALUES (20, 112);
INSERT INTO recipe_cook(recipe_id, cook_id) VALUES (20, 139);
INSERT INTO recipe_cook(recipe_id, cook_id) VALUES (20, 122);
INSERT INTO recipe_cook(recipe_id, cook_id) VALUES (20, 187);
INSERT INTO recipe_cook(recipe_id, cook_id) VALUES (20, 148);
INSERT INTO recipe_cook(recipe_id, cook_id) VALUES (20, 178);
INSERT INTO recipe_cook(recipe_id, cook_id) VALUES (20, 51);
INSERT INTO recipe_cook(recipe_id, cook_id) VALUES (20, 63);
INSERT INTO recipe_cook(recipe_id, cook_id) VALUES (20, 18);
INSERT INTO recipe_cook(recipe_id, cook_id) VALUES (20, 157);
INSERT INTO recipe_cook(recipe_id, cook_id) VALUES (20, 164);
INSERT INTO recipe_cook(recipe_id, cook_id) VALUES (20, 106);
INSERT INTO recipe_cook(recipe_id, cook_id) VALUES (20, 2);
INSERT INTO recipe_cook(recipe_id, cook_id) VALUES (20, 86);
INSERT INTO recipe_cook(recipe_id, cook_id) VALUES (20, 30);
INSERT INTO recipe_cook(recipe_id, cook_id) VALUES (20, 200);
INSERT INTO recipe_cook(recipe_id, cook_id) VALUES (20, 26);
INSERT INTO recipe_cook(recipe_id, cook_id) VALUES (20, 172);
INSERT INTO recipe_cook(recipe_id, cook_id) VALUES (20, 70);
INSERT INTO recipe_cook(recipe_id, cook_id) VALUES (20, 6);
INSERT INTO recipe_cook(recipe_id, cook_id) VALUES (20, 198);
INSERT INTO recipe_cook(recipe_id, cook_id) VALUES (20, 38);
INSERT INTO recipe_cook(recipe_id, cook_id) VALUES (20, 183);
INSERT INTO recipe_cook(recipe_id, cook_id) VALUES (20, 43);
INSERT INTO recipe_cook(recipe_id, cook_id) VALUES (20, 154);
INSERT INTO recipe_cook(recipe_id, cook_id) VALUES (20, 151);
INSERT INTO recipe_cook(recipe_id, cook_id) VALUES (20, 170);
INSERT INTO recipe_cook(recipe_id, cook_id) VALUES (20, 59);
INSERT INTO recipe_cook(recipe_id, cook_id) VALUES (20, 16);
INSERT INTO recipe_cook(recipe_id, cook_id) VALUES (20, 166);
INSERT INTO recipe_cook(recipe_id, cook_id) VALUES (20, 29);
INSERT INTO recipe_cook(recipe_id, cook_id) VALUES (20, 10);
INSERT INTO recipe_cook(recipe_id, cook_id) VALUES (20, 74);
INSERT INTO recipe_cook(recipe_id, cook_id) VALUES (20, 121);
INSERT INTO recipe_cook(recipe_id, cook_id) VALUES (20, 14);
INSERT INTO recipe_cook(recipe_id, cook_id) VALUES (20, 64);
INSERT INTO recipe_cook(recipe_id, cook_id) VALUES (20, 104);
INSERT INTO recipe_cook(recipe_id, cook_id) VALUES (20, 136);
INSERT INTO recipe_cook(recipe_id, cook_id) VALUES (20, 73);
INSERT INTO recipe_cook(recipe_id, cook_id) VALUES (20, 131);
INSERT INTO recipe_cook(recipe_id, cook_id) VALUES (20, 8);
INSERT INTO recipe_cook(recipe_id, cook_id) VALUES (20, 138);
INSERT INTO recipe_cook(recipe_id, cook_id) VALUES (20, 117);
INSERT INTO recipe_cook(recipe_id, cook_id) VALUES (20, 110);
INSERT INTO recipe_cook(recipe_id, cook_id) VALUES (20, 155);
INSERT INTO recipe_cook(recipe_id, cook_id) VALUES (20, 93);
INSERT INTO recipe_cook(recipe_id, cook_id) VALUES (20, 168);
INSERT INTO recipe_cook(recipe_id, cook_id) VALUES (20, 54);
INSERT INTO recipe_cook(recipe_id, cook_id) VALUES (20, 169);
INSERT INTO recipe_cook(recipe_id, cook_id) VALUES (20, 125);
INSERT INTO recipe_cook(recipe_id, cook_id) VALUES (20, 191);
INSERT INTO recipe_cook(recipe_id, cook_id) VALUES (20, 137);
INSERT INTO recipe_cook(recipe_id, cook_id) VALUES (20, 81);
INSERT INTO recipe_cook(recipe_id, cook_id) VALUES (20, 145);
INSERT INTO recipe_cook(recipe_id, cook_id) VALUES (20, 42);
INSERT INTO recipe_cook(recipe_id, cook_id) VALUES (20, 90);
INSERT INTO recipe_cook(recipe_id, cook_id) VALUES (20, 25);
INSERT INTO recipe_cook(recipe_id, cook_id) VALUES (20, 190);
INSERT INTO recipe_cook(recipe_id, cook_id) VALUES (20, 192);
INSERT INTO recipe_cook(recipe_id, cook_id) VALUES (20, 177);
INSERT INTO recipe_cook(recipe_id, cook_id) VALUES (20, 69);
INSERT INTO recipe_cook(recipe_id, cook_id) VALUES (20, 36);
INSERT INTO recipe_cook(recipe_id, cook_id) VALUES (20, 161);
INSERT INTO recipe_cook(recipe_id, cook_id) VALUES (20, 188);
INSERT INTO recipe_cook(recipe_id, cook_id) VALUES (20, 123);
INSERT INTO recipe_cook(recipe_id, cook_id) VALUES (20, 41);
INSERT INTO recipe_cook(recipe_id, cook_id) VALUES (20, 108);
INSERT INTO recipe_cook(recipe_id, cook_id) VALUES (20, 171);
INSERT INTO recipe_cook(recipe_id, cook_id) VALUES (20, 39);
INSERT INTO recipe_cook(recipe_id, cook_id) VALUES (20, 174);
INSERT INTO recipe_cook(recipe_id, cook_id) VALUES (20, 124);
INSERT INTO recipe_cook(recipe_id, cook_id) VALUES (20, 57);
INSERT INTO recipe_cook(recipe_id, cook_id) VALUES (20, 27);
INSERT INTO recipe_cook(recipe_id, cook_id) VALUES (20, 44);
INSERT INTO recipe_cook(recipe_id, cook_id) VALUES (20, 4);
INSERT INTO recipe_cook(recipe_id, cook_id) VALUES (20, 20);
INSERT INTO recipe_cook(recipe_id, cook_id) VALUES (20, 58);
INSERT INTO recipe_cook(recipe_id, cook_id) VALUES (20, 160);
INSERT INTO recipe_cook(recipe_id, cook_id) VALUES (20, 77);
INSERT INTO recipe_cook(recipe_id, cook_id) VALUES (20, 116);
INSERT INTO recipe_cook(recipe_id, cook_id) VALUES (20, 150);
INSERT INTO recipe_cook(recipe_id, cook_id) VALUES (20, 35);
INSERT INTO recipe_cook(recipe_id, cook_id) VALUES (20, 129);
INSERT INTO recipe_cook(recipe_id, cook_id) VALUES (20, 89);
INSERT INTO recipe_cook(recipe_id, cook_id) VALUES (20, 13);
INSERT INTO recipe_cook(recipe_id, cook_id) VALUES (20, 9);
INSERT INTO recipe_cook(recipe_id, cook_id) VALUES (20, 175);
INSERT INTO recipe_cook(recipe_id, cook_id) VALUES (20, 132);
INSERT INTO recipe_cook(recipe_id, cook_id) VALUES (20, 120);
INSERT INTO recipe_cook(recipe_id, cook_id) VALUES (20, 186);
INSERT INTO recipe_cook(recipe_id, cook_id) VALUES (20, 141);
INSERT INTO recipe_cook(recipe_id, cook_id) VALUES (20, 199);
INSERT INTO recipe_cook(recipe_id, cook_id) VALUES (20, 32);
INSERT INTO recipe_theme(recipe_id, theme_id) VALUES (20, 38);
INSERT INTO recipe_theme(recipe_id, theme_id) VALUES (20, 10);
INSERT INTO recipe_theme(recipe_id, theme_id) VALUES (20, 24);
INSERT INTO recipe_tip(recipe_id, tip_id) VALUES (20, 13);
INSERT INTO recipe_tip(recipe_id, tip_id) VALUES (20, 30);

INSERT INTO recipe(baking, cuisine_id, difficulty, title, recipe_description, prep_time, cook_time, portions, fat_portion, protein_portion, carbo_portion, picture, picture_description) VALUES(1, 37, 3,'Garlic Bread', 'Eye health policy government prove change analysis. Marriage bit suffer floor friend ever choose better. Important argue because goal there travel.', 15, 40, 2, 35, 20,30, 'https://placekitten.com/928/646', 'Pretty market huge student feeling image quickly.');
INSERT INTO recipe_meal_type(recipe_id, meal_type_id) VALUES (21, 2);
INSERT INTO recipe_tag(recipe_id, tag_id) VALUES (21, 76);
INSERT INTO recipe_tag(recipe_id, tag_id) VALUES (21, 79);
INSERT INTO recipe_tag(recipe_id, tag_id) VALUES (21, 59);
INSERT INTO recipe_tag(recipe_id, tag_id) VALUES (21, 52);
INSERT INTO recipe_equipment(recipe_id, equipment_id, num) VALUES (21, 7, 4);
INSERT INTO recipe_equipment(recipe_id, equipment_id, num) VALUES (21, 20, 3);
INSERT INTO recipe_equipment(recipe_id, equipment_id, num) VALUES (21, 2, 1);
INSERT INTO recipe_equipment(recipe_id, equipment_id, num) VALUES (21, 6, 3);
INSERT INTO recipe_equipment(recipe_id, equipment_id, num) VALUES (21, 14, 4);
INSERT INTO recipe_equipment(recipe_id, equipment_id, num) VALUES (21, 16, 2);
INSERT INTO recipe_cook(recipe_id, cook_id) VALUES (21, 32);
INSERT INTO recipe_cook(recipe_id, cook_id) VALUES (21, 13);
INSERT INTO recipe_cook(recipe_id, cook_id) VALUES (21, 36);
INSERT INTO recipe_cook(recipe_id, cook_id) VALUES (21, 19);
INSERT INTO recipe_cook(recipe_id, cook_id) VALUES (21, 153);
INSERT INTO recipe_cook(recipe_id, cook_id) VALUES (21, 128);
INSERT INTO recipe_cook(recipe_id, cook_id) VALUES (21, 47);
INSERT INTO recipe_cook(recipe_id, cook_id) VALUES (21, 4);
INSERT INTO recipe_cook(recipe_id, cook_id) VALUES (21, 185);
INSERT INTO recipe_cook(recipe_id, cook_id) VALUES (21, 144);
INSERT INTO recipe_cook(recipe_id, cook_id) VALUES (21, 189);
INSERT INTO recipe_cook(recipe_id, cook_id) VALUES (21, 43);
INSERT INTO recipe_cook(recipe_id, cook_id) VALUES (21, 195);
INSERT INTO recipe_cook(recipe_id, cook_id) VALUES (21, 57);
INSERT INTO recipe_cook(recipe_id, cook_id) VALUES (21, 173);
INSERT INTO recipe_cook(recipe_id, cook_id) VALUES (21, 192);
INSERT INTO recipe_cook(recipe_id, cook_id) VALUES (21, 186);
INSERT INTO recipe_cook(recipe_id, cook_id) VALUES (21, 76);
INSERT INTO recipe_cook(recipe_id, cook_id) VALUES (21, 55);
INSERT INTO recipe_cook(recipe_id, cook_id) VALUES (21, 137);
INSERT INTO recipe_cook(recipe_id, cook_id) VALUES (21, 41);
INSERT INTO recipe_cook(recipe_id, cook_id) VALUES (21, 38);
INSERT INTO recipe_cook(recipe_id, cook_id) VALUES (21, 53);
INSERT INTO recipe_cook(recipe_id, cook_id) VALUES (21, 133);
INSERT INTO recipe_cook(recipe_id, cook_id) VALUES (21, 26);
INSERT INTO recipe_cook(recipe_id, cook_id) VALUES (21, 120);
INSERT INTO recipe_cook(recipe_id, cook_id) VALUES (21, 25);
INSERT INTO recipe_cook(recipe_id, cook_id) VALUES (21, 52);
INSERT INTO recipe_cook(recipe_id, cook_id) VALUES (21, 24);
INSERT INTO recipe_cook(recipe_id, cook_id) VALUES (21, 199);
INSERT INTO recipe_cook(recipe_id, cook_id) VALUES (21, 107);
INSERT INTO recipe_cook(recipe_id, cook_id) VALUES (21, 58);
INSERT INTO recipe_cook(recipe_id, cook_id) VALUES (21, 66);
INSERT INTO recipe_cook(recipe_id, cook_id) VALUES (21, 114);
INSERT INTO recipe_cook(recipe_id, cook_id) VALUES (21, 109);
INSERT INTO recipe_cook(recipe_id, cook_id) VALUES (21, 40);
INSERT INTO recipe_cook(recipe_id, cook_id) VALUES (21, 15);
INSERT INTO recipe_cook(recipe_id, cook_id) VALUES (21, 35);
INSERT INTO recipe_cook(recipe_id, cook_id) VALUES (21, 11);
INSERT INTO recipe_cook(recipe_id, cook_id) VALUES (21, 180);
INSERT INTO recipe_cook(recipe_id, cook_id) VALUES (21, 115);
INSERT INTO recipe_cook(recipe_id, cook_id) VALUES (21, 183);
INSERT INTO recipe_cook(recipe_id, cook_id) VALUES (21, 60);
INSERT INTO recipe_cook(recipe_id, cook_id) VALUES (21, 150);
INSERT INTO recipe_cook(recipe_id, cook_id) VALUES (21, 82);
INSERT INTO recipe_cook(recipe_id, cook_id) VALUES (21, 191);
INSERT INTO recipe_cook(recipe_id, cook_id) VALUES (21, 165);
INSERT INTO recipe_cook(recipe_id, cook_id) VALUES (21, 80);
INSERT INTO recipe_cook(recipe_id, cook_id) VALUES (21, 67);
INSERT INTO recipe_cook(recipe_id, cook_id) VALUES (21, 84);
INSERT INTO recipe_cook(recipe_id, cook_id) VALUES (21, 141);
INSERT INTO recipe_cook(recipe_id, cook_id) VALUES (21, 182);
INSERT INTO recipe_cook(recipe_id, cook_id) VALUES (21, 39);
INSERT INTO recipe_cook(recipe_id, cook_id) VALUES (21, 158);
INSERT INTO recipe_cook(recipe_id, cook_id) VALUES (21, 101);
INSERT INTO recipe_cook(recipe_id, cook_id) VALUES (21, 9);
INSERT INTO recipe_cook(recipe_id, cook_id) VALUES (21, 151);
INSERT INTO recipe_cook(recipe_id, cook_id) VALUES (21, 98);
INSERT INTO recipe_cook(recipe_id, cook_id) VALUES (21, 154);
INSERT INTO recipe_cook(recipe_id, cook_id) VALUES (21, 75);
INSERT INTO recipe_cook(recipe_id, cook_id) VALUES (21, 169);
INSERT INTO recipe_cook(recipe_id, cook_id) VALUES (21, 172);
INSERT INTO recipe_cook(recipe_id, cook_id) VALUES (21, 51);
INSERT INTO recipe_cook(recipe_id, cook_id) VALUES (21, 119);
INSERT INTO recipe_cook(recipe_id, cook_id) VALUES (21, 148);
INSERT INTO recipe_cook(recipe_id, cook_id) VALUES (21, 48);
INSERT INTO recipe_cook(recipe_id, cook_id) VALUES (21, 111);
INSERT INTO recipe_cook(recipe_id, cook_id) VALUES (21, 86);
INSERT INTO recipe_cook(recipe_id, cook_id) VALUES (21, 103);
INSERT INTO recipe_cook(recipe_id, cook_id) VALUES (21, 30);
INSERT INTO recipe_cook(recipe_id, cook_id) VALUES (21, 10);
INSERT INTO recipe_cook(recipe_id, cook_id) VALUES (21, 91);
INSERT INTO recipe_cook(recipe_id, cook_id) VALUES (21, 200);
INSERT INTO recipe_cook(recipe_id, cook_id) VALUES (21, 85);
INSERT INTO recipe_cook(recipe_id, cook_id) VALUES (21, 181);
INSERT INTO recipe_cook(recipe_id, cook_id) VALUES (21, 27);
INSERT INTO recipe_cook(recipe_id, cook_id) VALUES (21, 155);
INSERT INTO recipe_cook(recipe_id, cook_id) VALUES (21, 121);
INSERT INTO recipe_cook(recipe_id, cook_id) VALUES (21, 68);
INSERT INTO recipe_cook(recipe_id, cook_id) VALUES (21, 122);
INSERT INTO recipe_cook(recipe_id, cook_id) VALUES (21, 130);
INSERT INTO recipe_cook(recipe_id, cook_id) VALUES (21, 179);
INSERT INTO recipe_cook(recipe_id, cook_id) VALUES (21, 63);
INSERT INTO recipe_cook(recipe_id, cook_id) VALUES (21, 45);
INSERT INTO recipe_cook(recipe_id, cook_id) VALUES (21, 3);
INSERT INTO recipe_cook(recipe_id, cook_id) VALUES (21, 97);
INSERT INTO recipe_cook(recipe_id, cook_id) VALUES (21, 146);
INSERT INTO recipe_cook(recipe_id, cook_id) VALUES (21, 64);
INSERT INTO recipe_cook(recipe_id, cook_id) VALUES (21, 12);
INSERT INTO recipe_cook(recipe_id, cook_id) VALUES (21, 176);
INSERT INTO recipe_cook(recipe_id, cook_id) VALUES (21, 118);
INSERT INTO recipe_cook(recipe_id, cook_id) VALUES (21, 198);
INSERT INTO recipe_cook(recipe_id, cook_id) VALUES (21, 136);
INSERT INTO recipe_cook(recipe_id, cook_id) VALUES (21, 77);
INSERT INTO recipe_cook(recipe_id, cook_id) VALUES (21, 157);
INSERT INTO recipe_cook(recipe_id, cook_id) VALUES (21, 70);
INSERT INTO recipe_cook(recipe_id, cook_id) VALUES (21, 160);
INSERT INTO recipe_cook(recipe_id, cook_id) VALUES (21, 112);
INSERT INTO recipe_cook(recipe_id, cook_id) VALUES (21, 134);
INSERT INTO recipe_cook(recipe_id, cook_id) VALUES (21, 18);
INSERT INTO recipe_cook(recipe_id, cook_id) VALUES (21, 61);
INSERT INTO recipe_cook(recipe_id, cook_id) VALUES (21, 163);
INSERT INTO recipe_cook(recipe_id, cook_id) VALUES (21, 143);
INSERT INTO recipe_cook(recipe_id, cook_id) VALUES (21, 131);
INSERT INTO recipe_cook(recipe_id, cook_id) VALUES (21, 106);
INSERT INTO recipe_cook(recipe_id, cook_id) VALUES (21, 108);
INSERT INTO recipe_cook(recipe_id, cook_id) VALUES (21, 5);
INSERT INTO recipe_cook(recipe_id, cook_id) VALUES (21, 96);
INSERT INTO recipe_cook(recipe_id, cook_id) VALUES (21, 170);
INSERT INTO recipe_cook(recipe_id, cook_id) VALUES (21, 171);
INSERT INTO recipe_cook(recipe_id, cook_id) VALUES (21, 1);
INSERT INTO recipe_cook(recipe_id, cook_id) VALUES (21, 117);
INSERT INTO recipe_cook(recipe_id, cook_id) VALUES (21, 174);
INSERT INTO recipe_cook(recipe_id, cook_id) VALUES (21, 20);
INSERT INTO recipe_cook(recipe_id, cook_id) VALUES (21, 127);
INSERT INTO recipe_cook(recipe_id, cook_id) VALUES (21, 95);
INSERT INTO recipe_cook(recipe_id, cook_id) VALUES (21, 7);
INSERT INTO recipe_cook(recipe_id, cook_id) VALUES (21, 23);
INSERT INTO recipe_cook(recipe_id, cook_id) VALUES (21, 190);
INSERT INTO recipe_cook(recipe_id, cook_id) VALUES (21, 89);
INSERT INTO recipe_cook(recipe_id, cook_id) VALUES (21, 140);
INSERT INTO recipe_cook(recipe_id, cook_id) VALUES (21, 62);
INSERT INTO recipe_cook(recipe_id, cook_id) VALUES (21, 188);
INSERT INTO recipe_cook(recipe_id, cook_id) VALUES (21, 156);
INSERT INTO recipe_cook(recipe_id, cook_id) VALUES (21, 194);
INSERT INTO recipe_cook(recipe_id, cook_id) VALUES (21, 83);
INSERT INTO recipe_cook(recipe_id, cook_id) VALUES (21, 164);
INSERT INTO recipe_cook(recipe_id, cook_id) VALUES (21, 177);
INSERT INTO recipe_cook(recipe_id, cook_id) VALUES (21, 145);
INSERT INTO recipe_cook(recipe_id, cook_id) VALUES (21, 59);
INSERT INTO recipe_cook(recipe_id, cook_id) VALUES (21, 129);
INSERT INTO recipe_cook(recipe_id, cook_id) VALUES (21, 74);
INSERT INTO recipe_cook(recipe_id, cook_id) VALUES (21, 21);
INSERT INTO recipe_cook(recipe_id, cook_id) VALUES (21, 138);
INSERT INTO recipe_cook(recipe_id, cook_id) VALUES (21, 147);
INSERT INTO recipe_cook(recipe_id, cook_id) VALUES (21, 94);
INSERT INTO recipe_cook(recipe_id, cook_id) VALUES (21, 65);
INSERT INTO recipe_cook(recipe_id, cook_id) VALUES (21, 116);
INSERT INTO recipe_cook(recipe_id, cook_id) VALUES (21, 33);
INSERT INTO recipe_cook(recipe_id, cook_id) VALUES (21, 126);
INSERT INTO recipe_cook(recipe_id, cook_id) VALUES (21, 124);
INSERT INTO recipe_cook(recipe_id, cook_id) VALUES (21, 125);
INSERT INTO recipe_cook(recipe_id, cook_id) VALUES (21, 42);
INSERT INTO recipe_cook(recipe_id, cook_id) VALUES (21, 81);
INSERT INTO recipe_cook(recipe_id, cook_id) VALUES (21, 72);
INSERT INTO recipe_cook(recipe_id, cook_id) VALUES (21, 71);
INSERT INTO recipe_cook(recipe_id, cook_id) VALUES (21, 37);
INSERT INTO recipe_cook(recipe_id, cook_id) VALUES (21, 93);
INSERT INTO recipe_cook(recipe_id, cook_id) VALUES (21, 113);
INSERT INTO recipe_cook(recipe_id, cook_id) VALUES (21, 139);
INSERT INTO recipe_cook(recipe_id, cook_id) VALUES (21, 159);
INSERT INTO recipe_cook(recipe_id, cook_id) VALUES (21, 92);
INSERT INTO recipe_cook(recipe_id, cook_id) VALUES (21, 50);
INSERT INTO recipe_cook(recipe_id, cook_id) VALUES (21, 162);
INSERT INTO recipe_cook(recipe_id, cook_id) VALUES (21, 152);
INSERT INTO recipe_cook(recipe_id, cook_id) VALUES (21, 135);
INSERT INTO recipe_cook(recipe_id, cook_id) VALUES (21, 49);
INSERT INTO recipe_cook(recipe_id, cook_id) VALUES (21, 6);
INSERT INTO recipe_cook(recipe_id, cook_id) VALUES (21, 22);
INSERT INTO recipe_cook(recipe_id, cook_id) VALUES (21, 90);
INSERT INTO recipe_cook(recipe_id, cook_id) VALUES (21, 31);
INSERT INTO recipe_cook(recipe_id, cook_id) VALUES (21, 87);
INSERT INTO recipe_cook(recipe_id, cook_id) VALUES (21, 175);
INSERT INTO recipe_cook(recipe_id, cook_id) VALUES (21, 17);
INSERT INTO recipe_theme(recipe_id, theme_id) VALUES (21, 7);
INSERT INTO recipe_tip(recipe_id, tip_id) VALUES (21, 8);

INSERT INTO recipe(baking, cuisine_id, difficulty, title, recipe_description, prep_time, cook_time, portions, fat_portion, protein_portion, carbo_portion, picture, picture_description) VALUES(0, 37, 5,'Waffles', 'Item I decide great smile could. Determine body other during performance poor dream. Low nice upon what suffer. Hour lead cut least week.', 15, 80, 3, 25, 15,45, 'https://placekitten.com/186/807', 'Share receive modern often country.');
INSERT INTO recipe_meal_type(recipe_id, meal_type_id) VALUES (22, 3);
INSERT INTO recipe_tag(recipe_id, tag_id) VALUES (22, 72);
INSERT INTO recipe_tag(recipe_id, tag_id) VALUES (22, 27);
INSERT INTO recipe_tag(recipe_id, tag_id) VALUES (22, 17);
INSERT INTO recipe_tag(recipe_id, tag_id) VALUES (22, 31);
INSERT INTO recipe_tag(recipe_id, tag_id) VALUES (22, 94);
INSERT INTO recipe_tag(recipe_id, tag_id) VALUES (22, 69);
INSERT INTO recipe_tag(recipe_id, tag_id) VALUES (22, 65);
INSERT INTO recipe_equipment(recipe_id, equipment_id, num) VALUES (22, 4, 1);
INSERT INTO recipe_equipment(recipe_id, equipment_id, num) VALUES (22, 1, 3);
INSERT INTO recipe_equipment(recipe_id, equipment_id, num) VALUES (22, 20, 4);
INSERT INTO recipe_equipment(recipe_id, equipment_id, num) VALUES (22, 2, 1);
INSERT INTO recipe_cook(recipe_id, cook_id) VALUES (22, 180);
INSERT INTO recipe_cook(recipe_id, cook_id) VALUES (22, 147);
INSERT INTO recipe_cook(recipe_id, cook_id) VALUES (22, 54);
INSERT INTO recipe_cook(recipe_id, cook_id) VALUES (22, 177);
INSERT INTO recipe_cook(recipe_id, cook_id) VALUES (22, 191);
INSERT INTO recipe_cook(recipe_id, cook_id) VALUES (22, 59);
INSERT INTO recipe_cook(recipe_id, cook_id) VALUES (22, 23);
INSERT INTO recipe_cook(recipe_id, cook_id) VALUES (22, 193);
INSERT INTO recipe_cook(recipe_id, cook_id) VALUES (22, 44);
INSERT INTO recipe_cook(recipe_id, cook_id) VALUES (22, 40);
INSERT INTO recipe_cook(recipe_id, cook_id) VALUES (22, 68);
INSERT INTO recipe_cook(recipe_id, cook_id) VALUES (22, 8);
INSERT INTO recipe_cook(recipe_id, cook_id) VALUES (22, 109);
INSERT INTO recipe_cook(recipe_id, cook_id) VALUES (22, 101);
INSERT INTO recipe_cook(recipe_id, cook_id) VALUES (22, 160);
INSERT INTO recipe_cook(recipe_id, cook_id) VALUES (22, 133);
INSERT INTO recipe_cook(recipe_id, cook_id) VALUES (22, 29);
INSERT INTO recipe_cook(recipe_id, cook_id) VALUES (22, 75);
INSERT INTO recipe_cook(recipe_id, cook_id) VALUES (22, 146);
INSERT INTO recipe_cook(recipe_id, cook_id) VALUES (22, 31);
INSERT INTO recipe_cook(recipe_id, cook_id) VALUES (22, 22);
INSERT INTO recipe_cook(recipe_id, cook_id) VALUES (22, 170);
INSERT INTO recipe_cook(recipe_id, cook_id) VALUES (22, 149);
INSERT INTO recipe_cook(recipe_id, cook_id) VALUES (22, 56);
INSERT INTO recipe_cook(recipe_id, cook_id) VALUES (22, 60);
INSERT INTO recipe_cook(recipe_id, cook_id) VALUES (22, 63);
INSERT INTO recipe_cook(recipe_id, cook_id) VALUES (22, 153);
INSERT INTO recipe_cook(recipe_id, cook_id) VALUES (22, 132);
INSERT INTO recipe_cook(recipe_id, cook_id) VALUES (22, 16);
INSERT INTO recipe_cook(recipe_id, cook_id) VALUES (22, 175);
INSERT INTO recipe_cook(recipe_id, cook_id) VALUES (22, 19);
INSERT INTO recipe_cook(recipe_id, cook_id) VALUES (22, 154);
INSERT INTO recipe_cook(recipe_id, cook_id) VALUES (22, 87);
INSERT INTO recipe_cook(recipe_id, cook_id) VALUES (22, 26);
INSERT INTO recipe_cook(recipe_id, cook_id) VALUES (22, 11);
INSERT INTO recipe_cook(recipe_id, cook_id) VALUES (22, 197);
INSERT INTO recipe_cook(recipe_id, cook_id) VALUES (22, 159);
INSERT INTO recipe_cook(recipe_id, cook_id) VALUES (22, 45);
INSERT INTO recipe_cook(recipe_id, cook_id) VALUES (22, 78);
INSERT INTO recipe_cook(recipe_id, cook_id) VALUES (22, 88);
INSERT INTO recipe_cook(recipe_id, cook_id) VALUES (22, 200);
INSERT INTO recipe_cook(recipe_id, cook_id) VALUES (22, 119);
INSERT INTO recipe_cook(recipe_id, cook_id) VALUES (22, 152);
INSERT INTO recipe_cook(recipe_id, cook_id) VALUES (22, 47);
INSERT INTO recipe_cook(recipe_id, cook_id) VALUES (22, 3);
INSERT INTO recipe_cook(recipe_id, cook_id) VALUES (22, 82);
INSERT INTO recipe_cook(recipe_id, cook_id) VALUES (22, 106);
INSERT INTO recipe_cook(recipe_id, cook_id) VALUES (22, 105);
INSERT INTO recipe_cook(recipe_id, cook_id) VALUES (22, 9);
INSERT INTO recipe_cook(recipe_id, cook_id) VALUES (22, 194);
INSERT INTO recipe_cook(recipe_id, cook_id) VALUES (22, 171);
INSERT INTO recipe_cook(recipe_id, cook_id) VALUES (22, 38);
INSERT INTO recipe_cook(recipe_id, cook_id) VALUES (22, 131);
INSERT INTO recipe_cook(recipe_id, cook_id) VALUES (22, 43);
INSERT INTO recipe_cook(recipe_id, cook_id) VALUES (22, 39);
INSERT INTO recipe_cook(recipe_id, cook_id) VALUES (22, 89);
INSERT INTO recipe_cook(recipe_id, cook_id) VALUES (22, 36);
INSERT INTO recipe_cook(recipe_id, cook_id) VALUES (22, 53);
INSERT INTO recipe_cook(recipe_id, cook_id) VALUES (22, 51);
INSERT INTO recipe_cook(recipe_id, cook_id) VALUES (22, 57);
INSERT INTO recipe_cook(recipe_id, cook_id) VALUES (22, 85);
INSERT INTO recipe_cook(recipe_id, cook_id) VALUES (22, 18);
INSERT INTO recipe_cook(recipe_id, cook_id) VALUES (22, 1);
INSERT INTO recipe_cook(recipe_id, cook_id) VALUES (22, 123);
INSERT INTO recipe_cook(recipe_id, cook_id) VALUES (22, 10);
INSERT INTO recipe_cook(recipe_id, cook_id) VALUES (22, 128);
INSERT INTO recipe_cook(recipe_id, cook_id) VALUES (22, 140);
INSERT INTO recipe_cook(recipe_id, cook_id) VALUES (22, 139);
INSERT INTO recipe_cook(recipe_id, cook_id) VALUES (22, 17);
INSERT INTO recipe_cook(recipe_id, cook_id) VALUES (22, 142);
INSERT INTO recipe_cook(recipe_id, cook_id) VALUES (22, 13);
INSERT INTO recipe_cook(recipe_id, cook_id) VALUES (22, 94);
INSERT INTO recipe_cook(recipe_id, cook_id) VALUES (22, 169);
INSERT INTO recipe_cook(recipe_id, cook_id) VALUES (22, 12);
INSERT INTO recipe_cook(recipe_id, cook_id) VALUES (22, 84);
INSERT INTO recipe_cook(recipe_id, cook_id) VALUES (22, 92);
INSERT INTO recipe_cook(recipe_id, cook_id) VALUES (22, 163);
INSERT INTO recipe_cook(recipe_id, cook_id) VALUES (22, 183);
INSERT INTO recipe_cook(recipe_id, cook_id) VALUES (22, 21);
INSERT INTO recipe_cook(recipe_id, cook_id) VALUES (22, 103);
INSERT INTO recipe_cook(recipe_id, cook_id) VALUES (22, 64);
INSERT INTO recipe_cook(recipe_id, cook_id) VALUES (22, 168);
INSERT INTO recipe_cook(recipe_id, cook_id) VALUES (22, 99);
INSERT INTO recipe_cook(recipe_id, cook_id) VALUES (22, 96);
INSERT INTO recipe_cook(recipe_id, cook_id) VALUES (22, 120);
INSERT INTO recipe_cook(recipe_id, cook_id) VALUES (22, 185);
INSERT INTO recipe_cook(recipe_id, cook_id) VALUES (22, 34);
INSERT INTO recipe_cook(recipe_id, cook_id) VALUES (22, 107);
INSERT INTO recipe_cook(recipe_id, cook_id) VALUES (22, 145);
INSERT INTO recipe_cook(recipe_id, cook_id) VALUES (22, 182);
INSERT INTO recipe_cook(recipe_id, cook_id) VALUES (22, 7);
INSERT INTO recipe_cook(recipe_id, cook_id) VALUES (22, 117);
INSERT INTO recipe_cook(recipe_id, cook_id) VALUES (22, 176);
INSERT INTO recipe_cook(recipe_id, cook_id) VALUES (22, 113);
INSERT INTO recipe_cook(recipe_id, cook_id) VALUES (22, 187);
INSERT INTO recipe_cook(recipe_id, cook_id) VALUES (22, 121);
INSERT INTO recipe_cook(recipe_id, cook_id) VALUES (22, 161);
INSERT INTO recipe_cook(recipe_id, cook_id) VALUES (22, 76);
INSERT INTO recipe_cook(recipe_id, cook_id) VALUES (22, 186);
INSERT INTO recipe_cook(recipe_id, cook_id) VALUES (22, 165);
INSERT INTO recipe_cook(recipe_id, cook_id) VALUES (22, 50);
INSERT INTO recipe_cook(recipe_id, cook_id) VALUES (22, 155);
INSERT INTO recipe_cook(recipe_id, cook_id) VALUES (22, 66);
INSERT INTO recipe_cook(recipe_id, cook_id) VALUES (22, 111);
INSERT INTO recipe_cook(recipe_id, cook_id) VALUES (22, 188);
INSERT INTO recipe_cook(recipe_id, cook_id) VALUES (22, 174);
INSERT INTO recipe_cook(recipe_id, cook_id) VALUES (22, 69);
INSERT INTO recipe_cook(recipe_id, cook_id) VALUES (22, 126);
INSERT INTO recipe_cook(recipe_id, cook_id) VALUES (22, 81);
INSERT INTO recipe_cook(recipe_id, cook_id) VALUES (22, 15);
INSERT INTO recipe_cook(recipe_id, cook_id) VALUES (22, 158);
INSERT INTO recipe_cook(recipe_id, cook_id) VALUES (22, 33);
INSERT INTO recipe_cook(recipe_id, cook_id) VALUES (22, 30);
INSERT INTO recipe_cook(recipe_id, cook_id) VALUES (22, 181);
INSERT INTO recipe_cook(recipe_id, cook_id) VALUES (22, 167);
INSERT INTO recipe_cook(recipe_id, cook_id) VALUES (22, 95);
INSERT INTO recipe_cook(recipe_id, cook_id) VALUES (22, 195);
INSERT INTO recipe_cook(recipe_id, cook_id) VALUES (22, 72);
INSERT INTO recipe_cook(recipe_id, cook_id) VALUES (22, 164);
INSERT INTO recipe_cook(recipe_id, cook_id) VALUES (22, 116);
INSERT INTO recipe_cook(recipe_id, cook_id) VALUES (22, 74);
INSERT INTO recipe_cook(recipe_id, cook_id) VALUES (22, 110);
INSERT INTO recipe_cook(recipe_id, cook_id) VALUES (22, 148);
INSERT INTO recipe_cook(recipe_id, cook_id) VALUES (22, 162);
INSERT INTO recipe_cook(recipe_id, cook_id) VALUES (22, 192);
INSERT INTO recipe_cook(recipe_id, cook_id) VALUES (22, 49);
INSERT INTO recipe_theme(recipe_id, theme_id) VALUES (22, 6);
INSERT INTO recipe_theme(recipe_id, theme_id) VALUES (22, 15);
INSERT INTO recipe_tip(recipe_id, tip_id) VALUES (22, 22);
INSERT INTO recipe_tip(recipe_id, tip_id) VALUES (22, 39);
INSERT INTO recipe_tip(recipe_id, tip_id) VALUES (22, 28);

INSERT INTO recipe(baking, cuisine_id, difficulty, title, recipe_description, prep_time, cook_time, portions, fat_portion, protein_portion, carbo_portion, picture, picture_description) VALUES(0, 31, 4,'Hummus', 'Song return season enjoy economy our. Wide wear economic. Trip way there authority other while. Seem lay work big particular day team. Late stand relate stand.', 75, 90, 3, 35, 10,50, 'https://placekitten.com/517/917', 'Myself on administration.');
INSERT INTO recipe_meal_type(recipe_id, meal_type_id) VALUES (23, 5);
INSERT INTO recipe_tag(recipe_id, tag_id) VALUES (23, 11);
INSERT INTO recipe_tag(recipe_id, tag_id) VALUES (23, 46);
INSERT INTO recipe_tag(recipe_id, tag_id) VALUES (23, 51);
INSERT INTO recipe_tag(recipe_id, tag_id) VALUES (23, 60);
INSERT INTO recipe_equipment(recipe_id, equipment_id, num) VALUES (23, 2, 1);
INSERT INTO recipe_equipment(recipe_id, equipment_id, num) VALUES (23, 10, 2);
INSERT INTO recipe_equipment(recipe_id, equipment_id, num) VALUES (23, 11, 3);
INSERT INTO recipe_equipment(recipe_id, equipment_id, num) VALUES (23, 3, 2);
INSERT INTO recipe_equipment(recipe_id, equipment_id, num) VALUES (23, 9, 3);
INSERT INTO recipe_equipment(recipe_id, equipment_id, num) VALUES (23, 17, 1);
INSERT INTO recipe_equipment(recipe_id, equipment_id, num) VALUES (23, 12, 3);
INSERT INTO recipe_cook(recipe_id, cook_id) VALUES (23, 105);
INSERT INTO recipe_cook(recipe_id, cook_id) VALUES (23, 170);
INSERT INTO recipe_cook(recipe_id, cook_id) VALUES (23, 138);
INSERT INTO recipe_cook(recipe_id, cook_id) VALUES (23, 62);
INSERT INTO recipe_cook(recipe_id, cook_id) VALUES (23, 31);
INSERT INTO recipe_cook(recipe_id, cook_id) VALUES (23, 56);
INSERT INTO recipe_cook(recipe_id, cook_id) VALUES (23, 175);
INSERT INTO recipe_cook(recipe_id, cook_id) VALUES (23, 161);
INSERT INTO recipe_cook(recipe_id, cook_id) VALUES (23, 11);
INSERT INTO recipe_cook(recipe_id, cook_id) VALUES (23, 97);
INSERT INTO recipe_cook(recipe_id, cook_id) VALUES (23, 48);
INSERT INTO recipe_cook(recipe_id, cook_id) VALUES (23, 100);
INSERT INTO recipe_cook(recipe_id, cook_id) VALUES (23, 70);
INSERT INTO recipe_cook(recipe_id, cook_id) VALUES (23, 86);
INSERT INTO recipe_cook(recipe_id, cook_id) VALUES (23, 39);
INSERT INTO recipe_cook(recipe_id, cook_id) VALUES (23, 93);
INSERT INTO recipe_cook(recipe_id, cook_id) VALUES (23, 43);
INSERT INTO recipe_cook(recipe_id, cook_id) VALUES (23, 58);
INSERT INTO recipe_cook(recipe_id, cook_id) VALUES (23, 90);
INSERT INTO recipe_cook(recipe_id, cook_id) VALUES (23, 157);
INSERT INTO recipe_cook(recipe_id, cook_id) VALUES (23, 101);
INSERT INTO recipe_cook(recipe_id, cook_id) VALUES (23, 79);
INSERT INTO recipe_cook(recipe_id, cook_id) VALUES (23, 128);
INSERT INTO recipe_cook(recipe_id, cook_id) VALUES (23, 82);
INSERT INTO recipe_cook(recipe_id, cook_id) VALUES (23, 130);
INSERT INTO recipe_cook(recipe_id, cook_id) VALUES (23, 156);
INSERT INTO recipe_cook(recipe_id, cook_id) VALUES (23, 49);
INSERT INTO recipe_cook(recipe_id, cook_id) VALUES (23, 42);
INSERT INTO recipe_cook(recipe_id, cook_id) VALUES (23, 180);
INSERT INTO recipe_cook(recipe_id, cook_id) VALUES (23, 135);
INSERT INTO recipe_cook(recipe_id, cook_id) VALUES (23, 3);
INSERT INTO recipe_cook(recipe_id, cook_id) VALUES (23, 1);
INSERT INTO recipe_cook(recipe_id, cook_id) VALUES (23, 45);
INSERT INTO recipe_cook(recipe_id, cook_id) VALUES (23, 27);
INSERT INTO recipe_cook(recipe_id, cook_id) VALUES (23, 63);
INSERT INTO recipe_cook(recipe_id, cook_id) VALUES (23, 117);
INSERT INTO recipe_cook(recipe_id, cook_id) VALUES (23, 145);
INSERT INTO recipe_cook(recipe_id, cook_id) VALUES (23, 65);
INSERT INTO recipe_cook(recipe_id, cook_id) VALUES (23, 91);
INSERT INTO recipe_cook(recipe_id, cook_id) VALUES (23, 26);
INSERT INTO recipe_cook(recipe_id, cook_id) VALUES (23, 142);
INSERT INTO recipe_cook(recipe_id, cook_id) VALUES (23, 132);
INSERT INTO recipe_cook(recipe_id, cook_id) VALUES (23, 191);
INSERT INTO recipe_cook(recipe_id, cook_id) VALUES (23, 35);
INSERT INTO recipe_cook(recipe_id, cook_id) VALUES (23, 163);
INSERT INTO recipe_cook(recipe_id, cook_id) VALUES (23, 107);
INSERT INTO recipe_cook(recipe_id, cook_id) VALUES (23, 20);
INSERT INTO recipe_cook(recipe_id, cook_id) VALUES (23, 159);
INSERT INTO recipe_cook(recipe_id, cook_id) VALUES (23, 85);
INSERT INTO recipe_cook(recipe_id, cook_id) VALUES (23, 114);
INSERT INTO recipe_cook(recipe_id, cook_id) VALUES (23, 69);
INSERT INTO recipe_cook(recipe_id, cook_id) VALUES (23, 76);
INSERT INTO recipe_cook(recipe_id, cook_id) VALUES (23, 185);
INSERT INTO recipe_cook(recipe_id, cook_id) VALUES (23, 179);
INSERT INTO recipe_cook(recipe_id, cook_id) VALUES (23, 158);
INSERT INTO recipe_cook(recipe_id, cook_id) VALUES (23, 134);
INSERT INTO recipe_cook(recipe_id, cook_id) VALUES (23, 16);
INSERT INTO recipe_cook(recipe_id, cook_id) VALUES (23, 178);
INSERT INTO recipe_cook(recipe_id, cook_id) VALUES (23, 127);
INSERT INTO recipe_cook(recipe_id, cook_id) VALUES (23, 94);
INSERT INTO recipe_cook(recipe_id, cook_id) VALUES (23, 5);
INSERT INTO recipe_cook(recipe_id, cook_id) VALUES (23, 15);
INSERT INTO recipe_cook(recipe_id, cook_id) VALUES (23, 196);
INSERT INTO recipe_cook(recipe_id, cook_id) VALUES (23, 146);
INSERT INTO recipe_cook(recipe_id, cook_id) VALUES (23, 115);
INSERT INTO recipe_cook(recipe_id, cook_id) VALUES (23, 80);
INSERT INTO recipe_cook(recipe_id, cook_id) VALUES (23, 153);
INSERT INTO recipe_cook(recipe_id, cook_id) VALUES (23, 186);
INSERT INTO recipe_cook(recipe_id, cook_id) VALUES (23, 118);
INSERT INTO recipe_cook(recipe_id, cook_id) VALUES (23, 9);
INSERT INTO recipe_cook(recipe_id, cook_id) VALUES (23, 84);
INSERT INTO recipe_cook(recipe_id, cook_id) VALUES (23, 124);
INSERT INTO recipe_cook(recipe_id, cook_id) VALUES (23, 36);
INSERT INTO recipe_cook(recipe_id, cook_id) VALUES (23, 169);
INSERT INTO recipe_cook(recipe_id, cook_id) VALUES (23, 122);
INSERT INTO recipe_cook(recipe_id, cook_id) VALUES (23, 120);
INSERT INTO recipe_cook(recipe_id, cook_id) VALUES (23, 136);
INSERT INTO recipe_cook(recipe_id, cook_id) VALUES (23, 181);
INSERT INTO recipe_cook(recipe_id, cook_id) VALUES (23, 19);
INSERT INTO recipe_cook(recipe_id, cook_id) VALUES (23, 25);
INSERT INTO recipe_cook(recipe_id, cook_id) VALUES (23, 149);
INSERT INTO recipe_cook(recipe_id, cook_id) VALUES (23, 164);
INSERT INTO recipe_cook(recipe_id, cook_id) VALUES (23, 74);
INSERT INTO recipe_cook(recipe_id, cook_id) VALUES (23, 66);
INSERT INTO recipe_cook(recipe_id, cook_id) VALUES (23, 6);
INSERT INTO recipe_cook(recipe_id, cook_id) VALUES (23, 51);
INSERT INTO recipe_cook(recipe_id, cook_id) VALUES (23, 23);
INSERT INTO recipe_cook(recipe_id, cook_id) VALUES (23, 96);
INSERT INTO recipe_cook(recipe_id, cook_id) VALUES (23, 125);
INSERT INTO recipe_cook(recipe_id, cook_id) VALUES (23, 83);
INSERT INTO recipe_cook(recipe_id, cook_id) VALUES (23, 143);
INSERT INTO recipe_cook(recipe_id, cook_id) VALUES (23, 81);
INSERT INTO recipe_cook(recipe_id, cook_id) VALUES (23, 98);
INSERT INTO recipe_cook(recipe_id, cook_id) VALUES (23, 198);
INSERT INTO recipe_cook(recipe_id, cook_id) VALUES (23, 38);
INSERT INTO recipe_cook(recipe_id, cook_id) VALUES (23, 99);
INSERT INTO recipe_cook(recipe_id, cook_id) VALUES (23, 188);
INSERT INTO recipe_cook(recipe_id, cook_id) VALUES (23, 4);
INSERT INTO recipe_cook(recipe_id, cook_id) VALUES (23, 54);
INSERT INTO recipe_cook(recipe_id, cook_id) VALUES (23, 71);
INSERT INTO recipe_cook(recipe_id, cook_id) VALUES (23, 53);
INSERT INTO recipe_cook(recipe_id, cook_id) VALUES (23, 176);
INSERT INTO recipe_cook(recipe_id, cook_id) VALUES (23, 192);
INSERT INTO recipe_cook(recipe_id, cook_id) VALUES (23, 87);
INSERT INTO recipe_cook(recipe_id, cook_id) VALUES (23, 177);
INSERT INTO recipe_cook(recipe_id, cook_id) VALUES (23, 174);
INSERT INTO recipe_cook(recipe_id, cook_id) VALUES (23, 64);
INSERT INTO recipe_cook(recipe_id, cook_id) VALUES (23, 162);
INSERT INTO recipe_cook(recipe_id, cook_id) VALUES (23, 47);
INSERT INTO recipe_cook(recipe_id, cook_id) VALUES (23, 89);
INSERT INTO recipe_cook(recipe_id, cook_id) VALUES (23, 110);
INSERT INTO recipe_cook(recipe_id, cook_id) VALUES (23, 173);
INSERT INTO recipe_cook(recipe_id, cook_id) VALUES (23, 21);
INSERT INTO recipe_cook(recipe_id, cook_id) VALUES (23, 119);
INSERT INTO recipe_theme(recipe_id, theme_id) VALUES (23, 4);
INSERT INTO recipe_theme(recipe_id, theme_id) VALUES (23, 35);
INSERT INTO recipe_tip(recipe_id, tip_id) VALUES (23, 9);
INSERT INTO recipe_tip(recipe_id, tip_id) VALUES (23, 13);

INSERT INTO recipe(baking, cuisine_id, difficulty, title, recipe_description, prep_time, cook_time, portions, fat_portion, protein_portion, carbo_portion, picture, picture_description) VALUES(1, 50, 3,'Lentil Soup', 'Bed buy over boy. Performance trial argue four clearly. Detail agreement carry company music lay. Media team sense half start above suggest.', 125, 20, 3, 20, 35,30, 'https://picsum.photos/341/949', 'Same then food author.');
INSERT INTO recipe_meal_type(recipe_id, meal_type_id) VALUES (24, 4);
INSERT INTO recipe_tag(recipe_id, tag_id) VALUES (24, 57);
INSERT INTO recipe_tag(recipe_id, tag_id) VALUES (24, 52);
INSERT INTO recipe_tag(recipe_id, tag_id) VALUES (24, 14);
INSERT INTO recipe_tag(recipe_id, tag_id) VALUES (24, 88);
INSERT INTO recipe_tag(recipe_id, tag_id) VALUES (24, 34);
INSERT INTO recipe_tag(recipe_id, tag_id) VALUES (24, 47);
INSERT INTO recipe_equipment(recipe_id, equipment_id, num) VALUES (24, 11, 4);
INSERT INTO recipe_equipment(recipe_id, equipment_id, num) VALUES (24, 13, 4);
INSERT INTO recipe_equipment(recipe_id, equipment_id, num) VALUES (24, 16, 2);
INSERT INTO recipe_equipment(recipe_id, equipment_id, num) VALUES (24, 9, 1);
INSERT INTO recipe_equipment(recipe_id, equipment_id, num) VALUES (24, 4, 3);
INSERT INTO recipe_equipment(recipe_id, equipment_id, num) VALUES (24, 18, 3);
INSERT INTO recipe_cook(recipe_id, cook_id) VALUES (24, 116);
INSERT INTO recipe_cook(recipe_id, cook_id) VALUES (24, 129);
INSERT INTO recipe_cook(recipe_id, cook_id) VALUES (24, 105);
INSERT INTO recipe_cook(recipe_id, cook_id) VALUES (24, 164);
INSERT INTO recipe_cook(recipe_id, cook_id) VALUES (24, 41);
INSERT INTO recipe_cook(recipe_id, cook_id) VALUES (24, 81);
INSERT INTO recipe_cook(recipe_id, cook_id) VALUES (24, 12);
INSERT INTO recipe_cook(recipe_id, cook_id) VALUES (24, 39);
INSERT INTO recipe_cook(recipe_id, cook_id) VALUES (24, 72);
INSERT INTO recipe_cook(recipe_id, cook_id) VALUES (24, 138);
INSERT INTO recipe_cook(recipe_id, cook_id) VALUES (24, 121);
INSERT INTO recipe_cook(recipe_id, cook_id) VALUES (24, 170);
INSERT INTO recipe_cook(recipe_id, cook_id) VALUES (24, 144);
INSERT INTO recipe_cook(recipe_id, cook_id) VALUES (24, 172);
INSERT INTO recipe_cook(recipe_id, cook_id) VALUES (24, 106);
INSERT INTO recipe_cook(recipe_id, cook_id) VALUES (24, 20);
INSERT INTO recipe_cook(recipe_id, cook_id) VALUES (24, 71);
INSERT INTO recipe_cook(recipe_id, cook_id) VALUES (24, 101);
INSERT INTO recipe_cook(recipe_id, cook_id) VALUES (24, 93);
INSERT INTO recipe_cook(recipe_id, cook_id) VALUES (24, 102);
INSERT INTO recipe_cook(recipe_id, cook_id) VALUES (24, 136);
INSERT INTO recipe_cook(recipe_id, cook_id) VALUES (24, 74);
INSERT INTO recipe_cook(recipe_id, cook_id) VALUES (24, 162);
INSERT INTO recipe_cook(recipe_id, cook_id) VALUES (24, 32);
INSERT INTO recipe_cook(recipe_id, cook_id) VALUES (24, 67);
INSERT INTO recipe_cook(recipe_id, cook_id) VALUES (24, 200);
INSERT INTO recipe_cook(recipe_id, cook_id) VALUES (24, 4);
INSERT INTO recipe_cook(recipe_id, cook_id) VALUES (24, 11);
INSERT INTO recipe_cook(recipe_id, cook_id) VALUES (24, 137);
INSERT INTO recipe_cook(recipe_id, cook_id) VALUES (24, 146);
INSERT INTO recipe_cook(recipe_id, cook_id) VALUES (24, 79);
INSERT INTO recipe_cook(recipe_id, cook_id) VALUES (24, 91);
INSERT INTO recipe_cook(recipe_id, cook_id) VALUES (24, 155);
INSERT INTO recipe_cook(recipe_id, cook_id) VALUES (24, 182);
INSERT INTO recipe_cook(recipe_id, cook_id) VALUES (24, 68);
INSERT INTO recipe_cook(recipe_id, cook_id) VALUES (24, 63);
INSERT INTO recipe_cook(recipe_id, cook_id) VALUES (24, 18);
INSERT INTO recipe_cook(recipe_id, cook_id) VALUES (24, 141);
INSERT INTO recipe_cook(recipe_id, cook_id) VALUES (24, 25);
INSERT INTO recipe_cook(recipe_id, cook_id) VALUES (24, 168);
INSERT INTO recipe_cook(recipe_id, cook_id) VALUES (24, 186);
INSERT INTO recipe_cook(recipe_id, cook_id) VALUES (24, 29);
INSERT INTO recipe_cook(recipe_id, cook_id) VALUES (24, 189);
INSERT INTO recipe_cook(recipe_id, cook_id) VALUES (24, 43);
INSERT INTO recipe_cook(recipe_id, cook_id) VALUES (24, 46);
INSERT INTO recipe_cook(recipe_id, cook_id) VALUES (24, 31);
INSERT INTO recipe_cook(recipe_id, cook_id) VALUES (24, 104);
INSERT INTO recipe_cook(recipe_id, cook_id) VALUES (24, 183);
INSERT INTO recipe_cook(recipe_id, cook_id) VALUES (24, 88);
INSERT INTO recipe_cook(recipe_id, cook_id) VALUES (24, 103);
INSERT INTO recipe_cook(recipe_id, cook_id) VALUES (24, 153);
INSERT INTO recipe_cook(recipe_id, cook_id) VALUES (24, 128);
INSERT INTO recipe_cook(recipe_id, cook_id) VALUES (24, 87);
INSERT INTO recipe_cook(recipe_id, cook_id) VALUES (24, 90);
INSERT INTO recipe_cook(recipe_id, cook_id) VALUES (24, 48);
INSERT INTO recipe_cook(recipe_id, cook_id) VALUES (24, 37);
INSERT INTO recipe_cook(recipe_id, cook_id) VALUES (24, 187);
INSERT INTO recipe_cook(recipe_id, cook_id) VALUES (24, 134);
INSERT INTO recipe_cook(recipe_id, cook_id) VALUES (24, 160);
INSERT INTO recipe_cook(recipe_id, cook_id) VALUES (24, 179);
INSERT INTO recipe_cook(recipe_id, cook_id) VALUES (24, 35);
INSERT INTO recipe_cook(recipe_id, cook_id) VALUES (24, 55);
INSERT INTO recipe_cook(recipe_id, cook_id) VALUES (24, 148);
INSERT INTO recipe_cook(recipe_id, cook_id) VALUES (24, 17);
INSERT INTO recipe_cook(recipe_id, cook_id) VALUES (24, 142);
INSERT INTO recipe_cook(recipe_id, cook_id) VALUES (24, 197);
INSERT INTO recipe_cook(recipe_id, cook_id) VALUES (24, 199);
INSERT INTO recipe_cook(recipe_id, cook_id) VALUES (24, 1);
INSERT INTO recipe_cook(recipe_id, cook_id) VALUES (24, 61);
INSERT INTO recipe_cook(recipe_id, cook_id) VALUES (24, 111);
INSERT INTO recipe_cook(recipe_id, cook_id) VALUES (24, 154);
INSERT INTO recipe_cook(recipe_id, cook_id) VALUES (24, 139);
INSERT INTO recipe_cook(recipe_id, cook_id) VALUES (24, 184);
INSERT INTO recipe_cook(recipe_id, cook_id) VALUES (24, 150);
INSERT INTO recipe_cook(recipe_id, cook_id) VALUES (24, 109);
INSERT INTO recipe_cook(recipe_id, cook_id) VALUES (24, 191);
INSERT INTO recipe_cook(recipe_id, cook_id) VALUES (24, 127);
INSERT INTO recipe_cook(recipe_id, cook_id) VALUES (24, 110);
INSERT INTO recipe_cook(recipe_id, cook_id) VALUES (24, 108);
INSERT INTO recipe_cook(recipe_id, cook_id) VALUES (24, 188);
INSERT INTO recipe_cook(recipe_id, cook_id) VALUES (24, 185);
INSERT INTO recipe_cook(recipe_id, cook_id) VALUES (24, 159);
INSERT INTO recipe_cook(recipe_id, cook_id) VALUES (24, 86);
INSERT INTO recipe_cook(recipe_id, cook_id) VALUES (24, 126);
INSERT INTO recipe_cook(recipe_id, cook_id) VALUES (24, 97);
INSERT INTO recipe_cook(recipe_id, cook_id) VALUES (24, 161);
INSERT INTO recipe_cook(recipe_id, cook_id) VALUES (24, 65);
INSERT INTO recipe_cook(recipe_id, cook_id) VALUES (24, 16);
INSERT INTO recipe_cook(recipe_id, cook_id) VALUES (24, 145);
INSERT INTO recipe_cook(recipe_id, cook_id) VALUES (24, 5);
INSERT INTO recipe_cook(recipe_id, cook_id) VALUES (24, 96);
INSERT INTO recipe_cook(recipe_id, cook_id) VALUES (24, 180);
INSERT INTO recipe_cook(recipe_id, cook_id) VALUES (24, 84);
INSERT INTO recipe_cook(recipe_id, cook_id) VALUES (24, 49);
INSERT INTO recipe_cook(recipe_id, cook_id) VALUES (24, 112);
INSERT INTO recipe_cook(recipe_id, cook_id) VALUES (24, 190);
INSERT INTO recipe_cook(recipe_id, cook_id) VALUES (24, 83);
INSERT INTO recipe_cook(recipe_id, cook_id) VALUES (24, 169);
INSERT INTO recipe_cook(recipe_id, cook_id) VALUES (24, 151);
INSERT INTO recipe_cook(recipe_id, cook_id) VALUES (24, 50);
INSERT INTO recipe_cook(recipe_id, cook_id) VALUES (24, 158);
INSERT INTO recipe_cook(recipe_id, cook_id) VALUES (24, 36);
INSERT INTO recipe_cook(recipe_id, cook_id) VALUES (24, 92);
INSERT INTO recipe_cook(recipe_id, cook_id) VALUES (24, 9);
INSERT INTO recipe_cook(recipe_id, cook_id) VALUES (24, 78);
INSERT INTO recipe_cook(recipe_id, cook_id) VALUES (24, 123);
INSERT INTO recipe_cook(recipe_id, cook_id) VALUES (24, 66);
INSERT INTO recipe_cook(recipe_id, cook_id) VALUES (24, 140);
INSERT INTO recipe_cook(recipe_id, cook_id) VALUES (24, 95);
INSERT INTO recipe_cook(recipe_id, cook_id) VALUES (24, 28);
INSERT INTO recipe_cook(recipe_id, cook_id) VALUES (24, 119);
INSERT INTO recipe_cook(recipe_id, cook_id) VALUES (24, 40);
INSERT INTO recipe_cook(recipe_id, cook_id) VALUES (24, 13);
INSERT INTO recipe_cook(recipe_id, cook_id) VALUES (24, 47);
INSERT INTO recipe_cook(recipe_id, cook_id) VALUES (24, 73);
INSERT INTO recipe_cook(recipe_id, cook_id) VALUES (24, 173);
INSERT INTO recipe_cook(recipe_id, cook_id) VALUES (24, 125);
INSERT INTO recipe_cook(recipe_id, cook_id) VALUES (24, 3);
INSERT INTO recipe_cook(recipe_id, cook_id) VALUES (24, 176);
INSERT INTO recipe_cook(recipe_id, cook_id) VALUES (24, 10);
INSERT INTO recipe_cook(recipe_id, cook_id) VALUES (24, 113);
INSERT INTO recipe_cook(recipe_id, cook_id) VALUES (24, 42);
INSERT INTO recipe_cook(recipe_id, cook_id) VALUES (24, 181);
INSERT INTO recipe_cook(recipe_id, cook_id) VALUES (24, 133);
INSERT INTO recipe_cook(recipe_id, cook_id) VALUES (24, 59);
INSERT INTO recipe_cook(recipe_id, cook_id) VALUES (24, 135);
INSERT INTO recipe_cook(recipe_id, cook_id) VALUES (24, 58);
INSERT INTO recipe_cook(recipe_id, cook_id) VALUES (24, 99);
INSERT INTO recipe_cook(recipe_id, cook_id) VALUES (24, 114);
INSERT INTO recipe_cook(recipe_id, cook_id) VALUES (24, 8);
INSERT INTO recipe_cook(recipe_id, cook_id) VALUES (24, 163);
INSERT INTO recipe_cook(recipe_id, cook_id) VALUES (24, 131);
INSERT INTO recipe_cook(recipe_id, cook_id) VALUES (24, 6);
INSERT INTO recipe_cook(recipe_id, cook_id) VALUES (24, 60);
INSERT INTO recipe_cook(recipe_id, cook_id) VALUES (24, 15);
INSERT INTO recipe_cook(recipe_id, cook_id) VALUES (24, 62);
INSERT INTO recipe_cook(recipe_id, cook_id) VALUES (24, 147);
INSERT INTO recipe_cook(recipe_id, cook_id) VALUES (24, 19);
INSERT INTO recipe_cook(recipe_id, cook_id) VALUES (24, 196);
INSERT INTO recipe_cook(recipe_id, cook_id) VALUES (24, 82);
INSERT INTO recipe_cook(recipe_id, cook_id) VALUES (24, 22);
INSERT INTO recipe_cook(recipe_id, cook_id) VALUES (24, 132);
INSERT INTO recipe_cook(recipe_id, cook_id) VALUES (24, 34);
INSERT INTO recipe_cook(recipe_id, cook_id) VALUES (24, 117);
INSERT INTO recipe_cook(recipe_id, cook_id) VALUES (24, 94);
INSERT INTO recipe_cook(recipe_id, cook_id) VALUES (24, 14);
INSERT INTO recipe_cook(recipe_id, cook_id) VALUES (24, 118);
INSERT INTO recipe_cook(recipe_id, cook_id) VALUES (24, 51);
INSERT INTO recipe_cook(recipe_id, cook_id) VALUES (24, 143);
INSERT INTO recipe_cook(recipe_id, cook_id) VALUES (24, 165);
INSERT INTO recipe_cook(recipe_id, cook_id) VALUES (24, 57);
INSERT INTO recipe_cook(recipe_id, cook_id) VALUES (24, 167);
INSERT INTO recipe_cook(recipe_id, cook_id) VALUES (24, 156);
INSERT INTO recipe_cook(recipe_id, cook_id) VALUES (24, 2);
INSERT INTO recipe_cook(recipe_id, cook_id) VALUES (24, 56);
INSERT INTO recipe_cook(recipe_id, cook_id) VALUES (24, 194);
INSERT INTO recipe_cook(recipe_id, cook_id) VALUES (24, 122);
INSERT INTO recipe_cook(recipe_id, cook_id) VALUES (24, 33);
INSERT INTO recipe_cook(recipe_id, cook_id) VALUES (24, 75);
INSERT INTO recipe_cook(recipe_id, cook_id) VALUES (24, 98);
INSERT INTO recipe_theme(recipe_id, theme_id) VALUES (24, 5);
INSERT INTO recipe_theme(recipe_id, theme_id) VALUES (24, 18);
INSERT INTO recipe_tip(recipe_id, tip_id) VALUES (24, 6);
INSERT INTO recipe_tip(recipe_id, tip_id) VALUES (24, 38);
INSERT INTO recipe_tip(recipe_id, tip_id) VALUES (24, 8);

INSERT INTO recipe(baking, cuisine_id, difficulty, title, recipe_description, prep_time, cook_time, portions, fat_portion, protein_portion, carbo_portion, picture, picture_description) VALUES(1, 5, 4,'Chicken Cacciatore', 'Whether work outside network break former talk. Memory support here. Between effort message voice college.', 105, 20, 4, 35, 50,70, 'https://placekitten.com/429/721', 'Real its black half fact.');
INSERT INTO recipe_meal_type(recipe_id, meal_type_id) VALUES (25, 5);
INSERT INTO recipe_tag(recipe_id, tag_id) VALUES (25, 44);
INSERT INTO recipe_tag(recipe_id, tag_id) VALUES (25, 79);
INSERT INTO recipe_tag(recipe_id, tag_id) VALUES (25, 25);
INSERT INTO recipe_tag(recipe_id, tag_id) VALUES (25, 15);
INSERT INTO recipe_equipment(recipe_id, equipment_id, num) VALUES (25, 6, 3);
INSERT INTO recipe_equipment(recipe_id, equipment_id, num) VALUES (25, 10, 1);
INSERT INTO recipe_equipment(recipe_id, equipment_id, num) VALUES (25, 7, 1);
INSERT INTO recipe_equipment(recipe_id, equipment_id, num) VALUES (25, 3, 2);
INSERT INTO recipe_equipment(recipe_id, equipment_id, num) VALUES (25, 1, 1);
INSERT INTO recipe_equipment(recipe_id, equipment_id, num) VALUES (25, 8, 1);
INSERT INTO recipe_cook(recipe_id, cook_id) VALUES (25, 51);
INSERT INTO recipe_cook(recipe_id, cook_id) VALUES (25, 181);
INSERT INTO recipe_cook(recipe_id, cook_id) VALUES (25, 191);
INSERT INTO recipe_cook(recipe_id, cook_id) VALUES (25, 200);
INSERT INTO recipe_cook(recipe_id, cook_id) VALUES (25, 68);
INSERT INTO recipe_cook(recipe_id, cook_id) VALUES (25, 52);
INSERT INTO recipe_cook(recipe_id, cook_id) VALUES (25, 144);
INSERT INTO recipe_cook(recipe_id, cook_id) VALUES (25, 180);
INSERT INTO recipe_cook(recipe_id, cook_id) VALUES (25, 76);
INSERT INTO recipe_cook(recipe_id, cook_id) VALUES (25, 6);
INSERT INTO recipe_cook(recipe_id, cook_id) VALUES (25, 190);
INSERT INTO recipe_cook(recipe_id, cook_id) VALUES (25, 185);
INSERT INTO recipe_cook(recipe_id, cook_id) VALUES (25, 157);
INSERT INTO recipe_cook(recipe_id, cook_id) VALUES (25, 189);
INSERT INTO recipe_cook(recipe_id, cook_id) VALUES (25, 5);
INSERT INTO recipe_cook(recipe_id, cook_id) VALUES (25, 17);
INSERT INTO recipe_cook(recipe_id, cook_id) VALUES (25, 91);
INSERT INTO recipe_cook(recipe_id, cook_id) VALUES (25, 53);
INSERT INTO recipe_cook(recipe_id, cook_id) VALUES (25, 107);
INSERT INTO recipe_cook(recipe_id, cook_id) VALUES (25, 4);
INSERT INTO recipe_cook(recipe_id, cook_id) VALUES (25, 165);
INSERT INTO recipe_cook(recipe_id, cook_id) VALUES (25, 162);
INSERT INTO recipe_cook(recipe_id, cook_id) VALUES (25, 138);
INSERT INTO recipe_cook(recipe_id, cook_id) VALUES (25, 196);
INSERT INTO recipe_cook(recipe_id, cook_id) VALUES (25, 143);
INSERT INTO recipe_cook(recipe_id, cook_id) VALUES (25, 184);
INSERT INTO recipe_cook(recipe_id, cook_id) VALUES (25, 161);
INSERT INTO recipe_cook(recipe_id, cook_id) VALUES (25, 42);
INSERT INTO recipe_cook(recipe_id, cook_id) VALUES (25, 145);
INSERT INTO recipe_cook(recipe_id, cook_id) VALUES (25, 179);
INSERT INTO recipe_cook(recipe_id, cook_id) VALUES (25, 81);
INSERT INTO recipe_cook(recipe_id, cook_id) VALUES (25, 175);
INSERT INTO recipe_cook(recipe_id, cook_id) VALUES (25, 79);
INSERT INTO recipe_cook(recipe_id, cook_id) VALUES (25, 27);
INSERT INTO recipe_cook(recipe_id, cook_id) VALUES (25, 12);
INSERT INTO recipe_cook(recipe_id, cook_id) VALUES (25, 45);
INSERT INTO recipe_cook(recipe_id, cook_id) VALUES (25, 169);
INSERT INTO recipe_cook(recipe_id, cook_id) VALUES (25, 108);
INSERT INTO recipe_cook(recipe_id, cook_id) VALUES (25, 8);
INSERT INTO recipe_cook(recipe_id, cook_id) VALUES (25, 117);
INSERT INTO recipe_cook(recipe_id, cook_id) VALUES (25, 167);
INSERT INTO recipe_cook(recipe_id, cook_id) VALUES (25, 88);
INSERT INTO recipe_cook(recipe_id, cook_id) VALUES (25, 28);
INSERT INTO recipe_cook(recipe_id, cook_id) VALUES (25, 40);
INSERT INTO recipe_cook(recipe_id, cook_id) VALUES (25, 94);
INSERT INTO recipe_cook(recipe_id, cook_id) VALUES (25, 121);
INSERT INTO recipe_cook(recipe_id, cook_id) VALUES (25, 125);
INSERT INTO recipe_cook(recipe_id, cook_id) VALUES (25, 22);
INSERT INTO recipe_cook(recipe_id, cook_id) VALUES (25, 87);
INSERT INTO recipe_cook(recipe_id, cook_id) VALUES (25, 82);
INSERT INTO recipe_cook(recipe_id, cook_id) VALUES (25, 122);
INSERT INTO recipe_cook(recipe_id, cook_id) VALUES (25, 33);
INSERT INTO recipe_cook(recipe_id, cook_id) VALUES (25, 158);
INSERT INTO recipe_cook(recipe_id, cook_id) VALUES (25, 136);
INSERT INTO recipe_cook(recipe_id, cook_id) VALUES (25, 172);
INSERT INTO recipe_cook(recipe_id, cook_id) VALUES (25, 65);
INSERT INTO recipe_cook(recipe_id, cook_id) VALUES (25, 131);
INSERT INTO recipe_cook(recipe_id, cook_id) VALUES (25, 100);
INSERT INTO recipe_cook(recipe_id, cook_id) VALUES (25, 54);
INSERT INTO recipe_cook(recipe_id, cook_id) VALUES (25, 164);
INSERT INTO recipe_cook(recipe_id, cook_id) VALUES (25, 146);
INSERT INTO recipe_cook(recipe_id, cook_id) VALUES (25, 198);
INSERT INTO recipe_cook(recipe_id, cook_id) VALUES (25, 50);
INSERT INTO recipe_cook(recipe_id, cook_id) VALUES (25, 72);
INSERT INTO recipe_cook(recipe_id, cook_id) VALUES (25, 133);
INSERT INTO recipe_cook(recipe_id, cook_id) VALUES (25, 112);
INSERT INTO recipe_cook(recipe_id, cook_id) VALUES (25, 99);
INSERT INTO recipe_cook(recipe_id, cook_id) VALUES (25, 173);
INSERT INTO recipe_cook(recipe_id, cook_id) VALUES (25, 135);
INSERT INTO recipe_cook(recipe_id, cook_id) VALUES (25, 35);
INSERT INTO recipe_cook(recipe_id, cook_id) VALUES (25, 36);
INSERT INTO recipe_cook(recipe_id, cook_id) VALUES (25, 199);
INSERT INTO recipe_cook(recipe_id, cook_id) VALUES (25, 29);
INSERT INTO recipe_cook(recipe_id, cook_id) VALUES (25, 148);
INSERT INTO recipe_cook(recipe_id, cook_id) VALUES (25, 156);
INSERT INTO recipe_cook(recipe_id, cook_id) VALUES (25, 75);
INSERT INTO recipe_cook(recipe_id, cook_id) VALUES (25, 69);
INSERT INTO recipe_cook(recipe_id, cook_id) VALUES (25, 49);
INSERT INTO recipe_cook(recipe_id, cook_id) VALUES (25, 129);
INSERT INTO recipe_cook(recipe_id, cook_id) VALUES (25, 2);
INSERT INTO recipe_cook(recipe_id, cook_id) VALUES (25, 105);
INSERT INTO recipe_cook(recipe_id, cook_id) VALUES (25, 182);
INSERT INTO recipe_cook(recipe_id, cook_id) VALUES (25, 101);
INSERT INTO recipe_cook(recipe_id, cook_id) VALUES (25, 166);
INSERT INTO recipe_cook(recipe_id, cook_id) VALUES (25, 60);
INSERT INTO recipe_cook(recipe_id, cook_id) VALUES (25, 176);
INSERT INTO recipe_cook(recipe_id, cook_id) VALUES (25, 139);
INSERT INTO recipe_cook(recipe_id, cook_id) VALUES (25, 160);
INSERT INTO recipe_cook(recipe_id, cook_id) VALUES (25, 74);
INSERT INTO recipe_cook(recipe_id, cook_id) VALUES (25, 124);
INSERT INTO recipe_cook(recipe_id, cook_id) VALUES (25, 10);
INSERT INTO recipe_cook(recipe_id, cook_id) VALUES (25, 147);
INSERT INTO recipe_cook(recipe_id, cook_id) VALUES (25, 44);
INSERT INTO recipe_cook(recipe_id, cook_id) VALUES (25, 80);
INSERT INTO recipe_cook(recipe_id, cook_id) VALUES (25, 137);
INSERT INTO recipe_cook(recipe_id, cook_id) VALUES (25, 116);
INSERT INTO recipe_cook(recipe_id, cook_id) VALUES (25, 63);
INSERT INTO recipe_cook(recipe_id, cook_id) VALUES (25, 134);
INSERT INTO recipe_cook(recipe_id, cook_id) VALUES (25, 151);
INSERT INTO recipe_cook(recipe_id, cook_id) VALUES (25, 113);
INSERT INTO recipe_cook(recipe_id, cook_id) VALUES (25, 1);
INSERT INTO recipe_cook(recipe_id, cook_id) VALUES (25, 32);
INSERT INTO recipe_cook(recipe_id, cook_id) VALUES (25, 118);
INSERT INTO recipe_cook(recipe_id, cook_id) VALUES (25, 46);
INSERT INTO recipe_cook(recipe_id, cook_id) VALUES (25, 123);
INSERT INTO recipe_cook(recipe_id, cook_id) VALUES (25, 14);
INSERT INTO recipe_cook(recipe_id, cook_id) VALUES (25, 13);
INSERT INTO recipe_cook(recipe_id, cook_id) VALUES (25, 192);
INSERT INTO recipe_cook(recipe_id, cook_id) VALUES (25, 187);
INSERT INTO recipe_cook(recipe_id, cook_id) VALUES (25, 26);
INSERT INTO recipe_cook(recipe_id, cook_id) VALUES (25, 57);
INSERT INTO recipe_cook(recipe_id, cook_id) VALUES (25, 59);
INSERT INTO recipe_cook(recipe_id, cook_id) VALUES (25, 132);
INSERT INTO recipe_cook(recipe_id, cook_id) VALUES (25, 154);
INSERT INTO recipe_cook(recipe_id, cook_id) VALUES (25, 102);
INSERT INTO recipe_cook(recipe_id, cook_id) VALUES (25, 90);
INSERT INTO recipe_cook(recipe_id, cook_id) VALUES (25, 9);
INSERT INTO recipe_cook(recipe_id, cook_id) VALUES (25, 73);
INSERT INTO recipe_cook(recipe_id, cook_id) VALUES (25, 7);
INSERT INTO recipe_cook(recipe_id, cook_id) VALUES (25, 61);
INSERT INTO recipe_cook(recipe_id, cook_id) VALUES (25, 153);
INSERT INTO recipe_cook(recipe_id, cook_id) VALUES (25, 195);
INSERT INTO recipe_cook(recipe_id, cook_id) VALUES (25, 31);
INSERT INTO recipe_cook(recipe_id, cook_id) VALUES (25, 170);
INSERT INTO recipe_cook(recipe_id, cook_id) VALUES (25, 77);
INSERT INTO recipe_cook(recipe_id, cook_id) VALUES (25, 19);
INSERT INTO recipe_cook(recipe_id, cook_id) VALUES (25, 16);
INSERT INTO recipe_cook(recipe_id, cook_id) VALUES (25, 64);
INSERT INTO recipe_cook(recipe_id, cook_id) VALUES (25, 96);
INSERT INTO recipe_cook(recipe_id, cook_id) VALUES (25, 84);
INSERT INTO recipe_cook(recipe_id, cook_id) VALUES (25, 78);
INSERT INTO recipe_cook(recipe_id, cook_id) VALUES (25, 30);
INSERT INTO recipe_cook(recipe_id, cook_id) VALUES (25, 115);
INSERT INTO recipe_cook(recipe_id, cook_id) VALUES (25, 197);
INSERT INTO recipe_cook(recipe_id, cook_id) VALUES (25, 128);
INSERT INTO recipe_cook(recipe_id, cook_id) VALUES (25, 186);
INSERT INTO recipe_cook(recipe_id, cook_id) VALUES (25, 103);
INSERT INTO recipe_cook(recipe_id, cook_id) VALUES (25, 86);
INSERT INTO recipe_cook(recipe_id, cook_id) VALUES (25, 89);
INSERT INTO recipe_cook(recipe_id, cook_id) VALUES (25, 126);
INSERT INTO recipe_cook(recipe_id, cook_id) VALUES (25, 168);
INSERT INTO recipe_cook(recipe_id, cook_id) VALUES (25, 177);
INSERT INTO recipe_cook(recipe_id, cook_id) VALUES (25, 3);
INSERT INTO recipe_cook(recipe_id, cook_id) VALUES (25, 111);
INSERT INTO recipe_cook(recipe_id, cook_id) VALUES (25, 150);
INSERT INTO recipe_cook(recipe_id, cook_id) VALUES (25, 141);
INSERT INTO recipe_cook(recipe_id, cook_id) VALUES (25, 159);
INSERT INTO recipe_cook(recipe_id, cook_id) VALUES (25, 15);
INSERT INTO recipe_cook(recipe_id, cook_id) VALUES (25, 178);
INSERT INTO recipe_cook(recipe_id, cook_id) VALUES (25, 163);
INSERT INTO recipe_cook(recipe_id, cook_id) VALUES (25, 58);
INSERT INTO recipe_cook(recipe_id, cook_id) VALUES (25, 130);
INSERT INTO recipe_cook(recipe_id, cook_id) VALUES (25, 41);
INSERT INTO recipe_cook(recipe_id, cook_id) VALUES (25, 37);
INSERT INTO recipe_cook(recipe_id, cook_id) VALUES (25, 98);
INSERT INTO recipe_cook(recipe_id, cook_id) VALUES (25, 92);
INSERT INTO recipe_cook(recipe_id, cook_id) VALUES (25, 120);
INSERT INTO recipe_cook(recipe_id, cook_id) VALUES (25, 110);
INSERT INTO recipe_cook(recipe_id, cook_id) VALUES (25, 85);
INSERT INTO recipe_cook(recipe_id, cook_id) VALUES (25, 155);
INSERT INTO recipe_cook(recipe_id, cook_id) VALUES (25, 70);
INSERT INTO recipe_cook(recipe_id, cook_id) VALUES (25, 104);
INSERT INTO recipe_cook(recipe_id, cook_id) VALUES (25, 39);
INSERT INTO recipe_cook(recipe_id, cook_id) VALUES (25, 174);
INSERT INTO recipe_cook(recipe_id, cook_id) VALUES (25, 43);
INSERT INTO recipe_cook(recipe_id, cook_id) VALUES (25, 34);
INSERT INTO recipe_cook(recipe_id, cook_id) VALUES (25, 11);
INSERT INTO recipe_cook(recipe_id, cook_id) VALUES (25, 149);
INSERT INTO recipe_cook(recipe_id, cook_id) VALUES (25, 21);
INSERT INTO recipe_cook(recipe_id, cook_id) VALUES (25, 56);
INSERT INTO recipe_cook(recipe_id, cook_id) VALUES (25, 193);
INSERT INTO recipe_cook(recipe_id, cook_id) VALUES (25, 55);
INSERT INTO recipe_cook(recipe_id, cook_id) VALUES (25, 93);
INSERT INTO recipe_cook(recipe_id, cook_id) VALUES (25, 62);
INSERT INTO recipe_cook(recipe_id, cook_id) VALUES (25, 67);
INSERT INTO recipe_cook(recipe_id, cook_id) VALUES (25, 97);
INSERT INTO recipe_cook(recipe_id, cook_id) VALUES (25, 18);
INSERT INTO recipe_cook(recipe_id, cook_id) VALUES (25, 83);
INSERT INTO recipe_cook(recipe_id, cook_id) VALUES (25, 66);
INSERT INTO recipe_cook(recipe_id, cook_id) VALUES (25, 109);
INSERT INTO recipe_cook(recipe_id, cook_id) VALUES (25, 24);
INSERT INTO recipe_cook(recipe_id, cook_id) VALUES (25, 20);
INSERT INTO recipe_cook(recipe_id, cook_id) VALUES (25, 119);
INSERT INTO recipe_cook(recipe_id, cook_id) VALUES (25, 48);
INSERT INTO recipe_cook(recipe_id, cook_id) VALUES (25, 106);
INSERT INTO recipe_cook(recipe_id, cook_id) VALUES (25, 171);
INSERT INTO recipe_cook(recipe_id, cook_id) VALUES (25, 38);
INSERT INTO recipe_cook(recipe_id, cook_id) VALUES (25, 194);
INSERT INTO recipe_cook(recipe_id, cook_id) VALUES (25, 25);
INSERT INTO recipe_cook(recipe_id, cook_id) VALUES (25, 71);
INSERT INTO recipe_cook(recipe_id, cook_id) VALUES (25, 188);
INSERT INTO recipe_cook(recipe_id, cook_id) VALUES (25, 47);
INSERT INTO recipe_cook(recipe_id, cook_id) VALUES (25, 152);
INSERT INTO recipe_cook(recipe_id, cook_id) VALUES (25, 95);
INSERT INTO recipe_cook(recipe_id, cook_id) VALUES (25, 140);
INSERT INTO recipe_cook(recipe_id, cook_id) VALUES (25, 142);
INSERT INTO recipe_cook(recipe_id, cook_id) VALUES (25, 23);
INSERT INTO recipe_cook(recipe_id, cook_id) VALUES (25, 127);
INSERT INTO recipe_cook(recipe_id, cook_id) VALUES (25, 183);
INSERT INTO recipe_cook(recipe_id, cook_id) VALUES (25, 114);
INSERT INTO recipe_theme(recipe_id, theme_id) VALUES (25, 40);
INSERT INTO recipe_tip(recipe_id, tip_id) VALUES (25, 35);

INSERT INTO recipe(baking, cuisine_id, difficulty, title, recipe_description, prep_time, cook_time, portions, fat_portion, protein_portion, carbo_portion, picture, picture_description) VALUES(1, 18, 3,'Chicken Pad Thai', 'Establish answer tonight avoid small other exist. Brother focus executive blood where new. Road pretty age read. Create believe attack name.', 55, 120, 3, 10, 35,50, 'https://dummyimage.com/217x644', 'Deep significant tell again trial under.');
INSERT INTO recipe_meal_type(recipe_id, meal_type_id) VALUES (26, 5);
INSERT INTO recipe_tag(recipe_id, tag_id) VALUES (26, 1);
INSERT INTO recipe_tag(recipe_id, tag_id) VALUES (26, 11);
INSERT INTO recipe_tag(recipe_id, tag_id) VALUES (26, 10);
INSERT INTO recipe_tag(recipe_id, tag_id) VALUES (26, 6);
INSERT INTO recipe_equipment(recipe_id, equipment_id, num) VALUES (26, 20, 1);
INSERT INTO recipe_equipment(recipe_id, equipment_id, num) VALUES (26, 7, 4);
INSERT INTO recipe_equipment(recipe_id, equipment_id, num) VALUES (26, 17, 3);
INSERT INTO recipe_cook(recipe_id, cook_id) VALUES (26, 117);
INSERT INTO recipe_cook(recipe_id, cook_id) VALUES (26, 105);
INSERT INTO recipe_cook(recipe_id, cook_id) VALUES (26, 157);
INSERT INTO recipe_cook(recipe_id, cook_id) VALUES (26, 148);
INSERT INTO recipe_cook(recipe_id, cook_id) VALUES (26, 167);
INSERT INTO recipe_cook(recipe_id, cook_id) VALUES (26, 54);
INSERT INTO recipe_cook(recipe_id, cook_id) VALUES (26, 188);
INSERT INTO recipe_cook(recipe_id, cook_id) VALUES (26, 193);
INSERT INTO recipe_cook(recipe_id, cook_id) VALUES (26, 21);
INSERT INTO recipe_cook(recipe_id, cook_id) VALUES (26, 6);
INSERT INTO recipe_cook(recipe_id, cook_id) VALUES (26, 16);
INSERT INTO recipe_cook(recipe_id, cook_id) VALUES (26, 184);
INSERT INTO recipe_cook(recipe_id, cook_id) VALUES (26, 187);
INSERT INTO recipe_cook(recipe_id, cook_id) VALUES (26, 8);
INSERT INTO recipe_cook(recipe_id, cook_id) VALUES (26, 172);
INSERT INTO recipe_cook(recipe_id, cook_id) VALUES (26, 175);
INSERT INTO recipe_cook(recipe_id, cook_id) VALUES (26, 35);
INSERT INTO recipe_cook(recipe_id, cook_id) VALUES (26, 111);
INSERT INTO recipe_cook(recipe_id, cook_id) VALUES (26, 15);
INSERT INTO recipe_cook(recipe_id, cook_id) VALUES (26, 47);
INSERT INTO recipe_cook(recipe_id, cook_id) VALUES (26, 159);
INSERT INTO recipe_cook(recipe_id, cook_id) VALUES (26, 76);
INSERT INTO recipe_cook(recipe_id, cook_id) VALUES (26, 114);
INSERT INTO recipe_cook(recipe_id, cook_id) VALUES (26, 66);
INSERT INTO recipe_cook(recipe_id, cook_id) VALUES (26, 189);
INSERT INTO recipe_cook(recipe_id, cook_id) VALUES (26, 65);
INSERT INTO recipe_cook(recipe_id, cook_id) VALUES (26, 77);
INSERT INTO recipe_cook(recipe_id, cook_id) VALUES (26, 90);
INSERT INTO recipe_cook(recipe_id, cook_id) VALUES (26, 194);
INSERT INTO recipe_cook(recipe_id, cook_id) VALUES (26, 84);
INSERT INTO recipe_cook(recipe_id, cook_id) VALUES (26, 98);
INSERT INTO recipe_cook(recipe_id, cook_id) VALUES (26, 25);
INSERT INTO recipe_cook(recipe_id, cook_id) VALUES (26, 42);
INSERT INTO recipe_cook(recipe_id, cook_id) VALUES (26, 178);
INSERT INTO recipe_cook(recipe_id, cook_id) VALUES (26, 168);
INSERT INTO recipe_cook(recipe_id, cook_id) VALUES (26, 122);
INSERT INTO recipe_cook(recipe_id, cook_id) VALUES (26, 160);
INSERT INTO recipe_cook(recipe_id, cook_id) VALUES (26, 171);
INSERT INTO recipe_cook(recipe_id, cook_id) VALUES (26, 71);
INSERT INTO recipe_cook(recipe_id, cook_id) VALUES (26, 64);
INSERT INTO recipe_cook(recipe_id, cook_id) VALUES (26, 4);
INSERT INTO recipe_cook(recipe_id, cook_id) VALUES (26, 106);
INSERT INTO recipe_cook(recipe_id, cook_id) VALUES (26, 138);
INSERT INTO recipe_cook(recipe_id, cook_id) VALUES (26, 191);
INSERT INTO recipe_cook(recipe_id, cook_id) VALUES (26, 88);
INSERT INTO recipe_cook(recipe_id, cook_id) VALUES (26, 60);
INSERT INTO recipe_cook(recipe_id, cook_id) VALUES (26, 140);
INSERT INTO recipe_cook(recipe_id, cook_id) VALUES (26, 92);
INSERT INTO recipe_cook(recipe_id, cook_id) VALUES (26, 85);
INSERT INTO recipe_cook(recipe_id, cook_id) VALUES (26, 1);
INSERT INTO recipe_cook(recipe_id, cook_id) VALUES (26, 62);
INSERT INTO recipe_cook(recipe_id, cook_id) VALUES (26, 156);
INSERT INTO recipe_cook(recipe_id, cook_id) VALUES (26, 192);
INSERT INTO recipe_cook(recipe_id, cook_id) VALUES (26, 137);
INSERT INTO recipe_cook(recipe_id, cook_id) VALUES (26, 166);
INSERT INTO recipe_cook(recipe_id, cook_id) VALUES (26, 27);
INSERT INTO recipe_cook(recipe_id, cook_id) VALUES (26, 10);
INSERT INTO recipe_cook(recipe_id, cook_id) VALUES (26, 81);
INSERT INTO recipe_cook(recipe_id, cook_id) VALUES (26, 109);
INSERT INTO recipe_cook(recipe_id, cook_id) VALUES (26, 87);
INSERT INTO recipe_cook(recipe_id, cook_id) VALUES (26, 94);
INSERT INTO recipe_cook(recipe_id, cook_id) VALUES (26, 17);
INSERT INTO recipe_cook(recipe_id, cook_id) VALUES (26, 158);
INSERT INTO recipe_cook(recipe_id, cook_id) VALUES (26, 32);
INSERT INTO recipe_cook(recipe_id, cook_id) VALUES (26, 118);
INSERT INTO recipe_cook(recipe_id, cook_id) VALUES (26, 146);
INSERT INTO recipe_cook(recipe_id, cook_id) VALUES (26, 55);
INSERT INTO recipe_cook(recipe_id, cook_id) VALUES (26, 14);
INSERT INTO recipe_cook(recipe_id, cook_id) VALUES (26, 63);
INSERT INTO recipe_cook(recipe_id, cook_id) VALUES (26, 199);
INSERT INTO recipe_cook(recipe_id, cook_id) VALUES (26, 23);
INSERT INTO recipe_cook(recipe_id, cook_id) VALUES (26, 134);
INSERT INTO recipe_cook(recipe_id, cook_id) VALUES (26, 56);
INSERT INTO recipe_cook(recipe_id, cook_id) VALUES (26, 37);
INSERT INTO recipe_cook(recipe_id, cook_id) VALUES (26, 97);
INSERT INTO recipe_cook(recipe_id, cook_id) VALUES (26, 200);
INSERT INTO recipe_cook(recipe_id, cook_id) VALUES (26, 196);
INSERT INTO recipe_cook(recipe_id, cook_id) VALUES (26, 2);
INSERT INTO recipe_cook(recipe_id, cook_id) VALUES (26, 153);
INSERT INTO recipe_cook(recipe_id, cook_id) VALUES (26, 34);
INSERT INTO recipe_cook(recipe_id, cook_id) VALUES (26, 128);
INSERT INTO recipe_cook(recipe_id, cook_id) VALUES (26, 165);
INSERT INTO recipe_cook(recipe_id, cook_id) VALUES (26, 190);
INSERT INTO recipe_cook(recipe_id, cook_id) VALUES (26, 130);
INSERT INTO recipe_cook(recipe_id, cook_id) VALUES (26, 79);
INSERT INTO recipe_cook(recipe_id, cook_id) VALUES (26, 57);
INSERT INTO recipe_cook(recipe_id, cook_id) VALUES (26, 116);
INSERT INTO recipe_cook(recipe_id, cook_id) VALUES (26, 149);
INSERT INTO recipe_cook(recipe_id, cook_id) VALUES (26, 22);
INSERT INTO recipe_cook(recipe_id, cook_id) VALUES (26, 89);
INSERT INTO recipe_cook(recipe_id, cook_id) VALUES (26, 96);
INSERT INTO recipe_cook(recipe_id, cook_id) VALUES (26, 127);
INSERT INTO recipe_cook(recipe_id, cook_id) VALUES (26, 126);
INSERT INTO recipe_cook(recipe_id, cook_id) VALUES (26, 51);
INSERT INTO recipe_cook(recipe_id, cook_id) VALUES (26, 147);
INSERT INTO recipe_cook(recipe_id, cook_id) VALUES (26, 44);
INSERT INTO recipe_cook(recipe_id, cook_id) VALUES (26, 33);
INSERT INTO recipe_cook(recipe_id, cook_id) VALUES (26, 164);
INSERT INTO recipe_cook(recipe_id, cook_id) VALUES (26, 12);
INSERT INTO recipe_theme(recipe_id, theme_id) VALUES (26, 14);
INSERT INTO recipe_theme(recipe_id, theme_id) VALUES (26, 17);
INSERT INTO recipe_theme(recipe_id, theme_id) VALUES (26, 40);
INSERT INTO recipe_tip(recipe_id, tip_id) VALUES (26, 38);
INSERT INTO recipe_tip(recipe_id, tip_id) VALUES (26, 10);
INSERT INTO recipe_tip(recipe_id, tip_id) VALUES (26, 5);

INSERT INTO recipe(baking, cuisine_id, difficulty, title, recipe_description, prep_time, cook_time, portions, fat_portion, protein_portion, carbo_portion, picture, picture_description) VALUES(0, 5, 1,'Caesar Salad', 'Foot age professor reach positive sort speech personal. By watch project behind collection. Fill view everything magazine. Lay approach sometimes ten long travel fear.', 95, 0, 1, 25, 5,20, 'https://picsum.photos/414/89', 'Practice bring poor.');
INSERT INTO recipe_meal_type(recipe_id, meal_type_id) VALUES (27, 4);
INSERT INTO recipe_tag(recipe_id, tag_id) VALUES (27, 93);
INSERT INTO recipe_tag(recipe_id, tag_id) VALUES (27, 64);
INSERT INTO recipe_equipment(recipe_id, equipment_id, num) VALUES (27, 9, 2);
INSERT INTO recipe_equipment(recipe_id, equipment_id, num) VALUES (27, 15, 3);
INSERT INTO recipe_equipment(recipe_id, equipment_id, num) VALUES (27, 6, 1);
INSERT INTO recipe_equipment(recipe_id, equipment_id, num) VALUES (27, 4, 1);
INSERT INTO recipe_equipment(recipe_id, equipment_id, num) VALUES (27, 20, 2);
INSERT INTO recipe_equipment(recipe_id, equipment_id, num) VALUES (27, 5, 4);
INSERT INTO recipe_equipment(recipe_id, equipment_id, num) VALUES (27, 7, 2);
INSERT INTO recipe_cook(recipe_id, cook_id) VALUES (27, 179);
INSERT INTO recipe_cook(recipe_id, cook_id) VALUES (27, 177);
INSERT INTO recipe_cook(recipe_id, cook_id) VALUES (27, 45);
INSERT INTO recipe_cook(recipe_id, cook_id) VALUES (27, 114);
INSERT INTO recipe_cook(recipe_id, cook_id) VALUES (27, 187);
INSERT INTO recipe_cook(recipe_id, cook_id) VALUES (27, 25);
INSERT INTO recipe_cook(recipe_id, cook_id) VALUES (27, 118);
INSERT INTO recipe_cook(recipe_id, cook_id) VALUES (27, 88);
INSERT INTO recipe_cook(recipe_id, cook_id) VALUES (27, 83);
INSERT INTO recipe_cook(recipe_id, cook_id) VALUES (27, 53);
INSERT INTO recipe_cook(recipe_id, cook_id) VALUES (27, 8);
INSERT INTO recipe_cook(recipe_id, cook_id) VALUES (27, 100);
INSERT INTO recipe_cook(recipe_id, cook_id) VALUES (27, 58);
INSERT INTO recipe_cook(recipe_id, cook_id) VALUES (27, 28);
INSERT INTO recipe_cook(recipe_id, cook_id) VALUES (27, 54);
INSERT INTO recipe_cook(recipe_id, cook_id) VALUES (27, 90);
INSERT INTO recipe_cook(recipe_id, cook_id) VALUES (27, 172);
INSERT INTO recipe_cook(recipe_id, cook_id) VALUES (27, 86);
INSERT INTO recipe_cook(recipe_id, cook_id) VALUES (27, 72);
INSERT INTO recipe_cook(recipe_id, cook_id) VALUES (27, 160);
INSERT INTO recipe_cook(recipe_id, cook_id) VALUES (27, 3);
INSERT INTO recipe_cook(recipe_id, cook_id) VALUES (27, 49);
INSERT INTO recipe_cook(recipe_id, cook_id) VALUES (27, 19);
INSERT INTO recipe_cook(recipe_id, cook_id) VALUES (27, 23);
INSERT INTO recipe_cook(recipe_id, cook_id) VALUES (27, 41);
INSERT INTO recipe_cook(recipe_id, cook_id) VALUES (27, 169);
INSERT INTO recipe_cook(recipe_id, cook_id) VALUES (27, 170);
INSERT INTO recipe_cook(recipe_id, cook_id) VALUES (27, 151);
INSERT INTO recipe_cook(recipe_id, cook_id) VALUES (27, 80);
INSERT INTO recipe_cook(recipe_id, cook_id) VALUES (27, 174);
INSERT INTO recipe_cook(recipe_id, cook_id) VALUES (27, 68);
INSERT INTO recipe_cook(recipe_id, cook_id) VALUES (27, 47);
INSERT INTO recipe_cook(recipe_id, cook_id) VALUES (27, 12);
INSERT INTO recipe_cook(recipe_id, cook_id) VALUES (27, 37);
INSERT INTO recipe_cook(recipe_id, cook_id) VALUES (27, 124);
INSERT INTO recipe_cook(recipe_id, cook_id) VALUES (27, 195);
INSERT INTO recipe_cook(recipe_id, cook_id) VALUES (27, 15);
INSERT INTO recipe_cook(recipe_id, cook_id) VALUES (27, 99);
INSERT INTO recipe_cook(recipe_id, cook_id) VALUES (27, 66);
INSERT INTO recipe_cook(recipe_id, cook_id) VALUES (27, 199);
INSERT INTO recipe_cook(recipe_id, cook_id) VALUES (27, 146);
INSERT INTO recipe_cook(recipe_id, cook_id) VALUES (27, 150);
INSERT INTO recipe_cook(recipe_id, cook_id) VALUES (27, 188);
INSERT INTO recipe_cook(recipe_id, cook_id) VALUES (27, 16);
INSERT INTO recipe_cook(recipe_id, cook_id) VALUES (27, 17);
INSERT INTO recipe_cook(recipe_id, cook_id) VALUES (27, 76);
INSERT INTO recipe_cook(recipe_id, cook_id) VALUES (27, 4);
INSERT INTO recipe_cook(recipe_id, cook_id) VALUES (27, 69);
INSERT INTO recipe_cook(recipe_id, cook_id) VALUES (27, 34);
INSERT INTO recipe_cook(recipe_id, cook_id) VALUES (27, 91);
INSERT INTO recipe_cook(recipe_id, cook_id) VALUES (27, 94);
INSERT INTO recipe_cook(recipe_id, cook_id) VALUES (27, 139);
INSERT INTO recipe_cook(recipe_id, cook_id) VALUES (27, 46);
INSERT INTO recipe_cook(recipe_id, cook_id) VALUES (27, 36);
INSERT INTO recipe_cook(recipe_id, cook_id) VALUES (27, 95);
INSERT INTO recipe_cook(recipe_id, cook_id) VALUES (27, 65);
INSERT INTO recipe_cook(recipe_id, cook_id) VALUES (27, 181);
INSERT INTO recipe_cook(recipe_id, cook_id) VALUES (27, 159);
INSERT INTO recipe_cook(recipe_id, cook_id) VALUES (27, 43);
INSERT INTO recipe_cook(recipe_id, cook_id) VALUES (27, 134);
INSERT INTO recipe_cook(recipe_id, cook_id) VALUES (27, 29);
INSERT INTO recipe_cook(recipe_id, cook_id) VALUES (27, 64);
INSERT INTO recipe_cook(recipe_id, cook_id) VALUES (27, 142);
INSERT INTO recipe_cook(recipe_id, cook_id) VALUES (27, 74);
INSERT INTO recipe_cook(recipe_id, cook_id) VALUES (27, 98);
INSERT INTO recipe_cook(recipe_id, cook_id) VALUES (27, 190);
INSERT INTO recipe_cook(recipe_id, cook_id) VALUES (27, 158);
INSERT INTO recipe_cook(recipe_id, cook_id) VALUES (27, 50);
INSERT INTO recipe_cook(recipe_id, cook_id) VALUES (27, 57);
INSERT INTO recipe_cook(recipe_id, cook_id) VALUES (27, 163);
INSERT INTO recipe_cook(recipe_id, cook_id) VALUES (27, 143);
INSERT INTO recipe_cook(recipe_id, cook_id) VALUES (27, 62);
INSERT INTO recipe_cook(recipe_id, cook_id) VALUES (27, 121);
INSERT INTO recipe_cook(recipe_id, cook_id) VALUES (27, 152);
INSERT INTO recipe_cook(recipe_id, cook_id) VALUES (27, 112);
INSERT INTO recipe_cook(recipe_id, cook_id) VALUES (27, 1);
INSERT INTO recipe_cook(recipe_id, cook_id) VALUES (27, 7);
INSERT INTO recipe_cook(recipe_id, cook_id) VALUES (27, 13);
INSERT INTO recipe_cook(recipe_id, cook_id) VALUES (27, 85);
INSERT INTO recipe_cook(recipe_id, cook_id) VALUES (27, 200);
INSERT INTO recipe_cook(recipe_id, cook_id) VALUES (27, 108);
INSERT INTO recipe_cook(recipe_id, cook_id) VALUES (27, 48);
INSERT INTO recipe_cook(recipe_id, cook_id) VALUES (27, 31);
INSERT INTO recipe_cook(recipe_id, cook_id) VALUES (27, 167);
INSERT INTO recipe_cook(recipe_id, cook_id) VALUES (27, 154);
INSERT INTO recipe_cook(recipe_id, cook_id) VALUES (27, 61);
INSERT INTO recipe_cook(recipe_id, cook_id) VALUES (27, 132);
INSERT INTO recipe_cook(recipe_id, cook_id) VALUES (27, 63);
INSERT INTO recipe_cook(recipe_id, cook_id) VALUES (27, 164);
INSERT INTO recipe_cook(recipe_id, cook_id) VALUES (27, 126);
INSERT INTO recipe_cook(recipe_id, cook_id) VALUES (27, 59);
INSERT INTO recipe_cook(recipe_id, cook_id) VALUES (27, 182);
INSERT INTO recipe_cook(recipe_id, cook_id) VALUES (27, 92);
INSERT INTO recipe_cook(recipe_id, cook_id) VALUES (27, 113);
INSERT INTO recipe_cook(recipe_id, cook_id) VALUES (27, 168);
INSERT INTO recipe_cook(recipe_id, cook_id) VALUES (27, 52);
INSERT INTO recipe_cook(recipe_id, cook_id) VALUES (27, 157);
INSERT INTO recipe_cook(recipe_id, cook_id) VALUES (27, 107);
INSERT INTO recipe_cook(recipe_id, cook_id) VALUES (27, 129);
INSERT INTO recipe_cook(recipe_id, cook_id) VALUES (27, 161);
INSERT INTO recipe_cook(recipe_id, cook_id) VALUES (27, 30);
INSERT INTO recipe_cook(recipe_id, cook_id) VALUES (27, 55);
INSERT INTO recipe_cook(recipe_id, cook_id) VALUES (27, 197);
INSERT INTO recipe_cook(recipe_id, cook_id) VALUES (27, 135);
INSERT INTO recipe_cook(recipe_id, cook_id) VALUES (27, 104);
INSERT INTO recipe_theme(recipe_id, theme_id) VALUES (27, 5);
INSERT INTO recipe_tip(recipe_id, tip_id) VALUES (27, 24);
INSERT INTO recipe_tip(recipe_id, tip_id) VALUES (27, 29);

INSERT INTO recipe(baking, cuisine_id, difficulty, title, recipe_description, prep_time, cook_time, portions, fat_portion, protein_portion, carbo_portion, picture, picture_description) VALUES(1, 8, 1,'Waffles', 'Actually human story back measure break. Though north seven same response guess senior lead. Close training your prevent.', 75, 80, 1, 15, 40,25, 'https://placekitten.com/588/969', 'Voice receive base head region hand coach.');
INSERT INTO recipe_meal_type(recipe_id, meal_type_id) VALUES (28, 2);
INSERT INTO recipe_tag(recipe_id, tag_id) VALUES (28, 28);
INSERT INTO recipe_tag(recipe_id, tag_id) VALUES (28, 13);
INSERT INTO recipe_tag(recipe_id, tag_id) VALUES (28, 11);
INSERT INTO recipe_tag(recipe_id, tag_id) VALUES (28, 62);
INSERT INTO recipe_tag(recipe_id, tag_id) VALUES (28, 34);
INSERT INTO recipe_tag(recipe_id, tag_id) VALUES (28, 60);
INSERT INTO recipe_equipment(recipe_id, equipment_id, num) VALUES (28, 5, 3);
INSERT INTO recipe_equipment(recipe_id, equipment_id, num) VALUES (28, 3, 4);
INSERT INTO recipe_equipment(recipe_id, equipment_id, num) VALUES (28, 15, 1);
INSERT INTO recipe_equipment(recipe_id, equipment_id, num) VALUES (28, 11, 3);
INSERT INTO recipe_equipment(recipe_id, equipment_id, num) VALUES (28, 4, 2);
INSERT INTO recipe_equipment(recipe_id, equipment_id, num) VALUES (28, 16, 2);
INSERT INTO recipe_cook(recipe_id, cook_id) VALUES (28, 170);
INSERT INTO recipe_cook(recipe_id, cook_id) VALUES (28, 93);
INSERT INTO recipe_cook(recipe_id, cook_id) VALUES (28, 18);
INSERT INTO recipe_cook(recipe_id, cook_id) VALUES (28, 31);
INSERT INTO recipe_cook(recipe_id, cook_id) VALUES (28, 181);
INSERT INTO recipe_cook(recipe_id, cook_id) VALUES (28, 122);
INSERT INTO recipe_cook(recipe_id, cook_id) VALUES (28, 124);
INSERT INTO recipe_cook(recipe_id, cook_id) VALUES (28, 66);
INSERT INTO recipe_cook(recipe_id, cook_id) VALUES (28, 47);
INSERT INTO recipe_cook(recipe_id, cook_id) VALUES (28, 131);
INSERT INTO recipe_cook(recipe_id, cook_id) VALUES (28, 3);
INSERT INTO recipe_cook(recipe_id, cook_id) VALUES (28, 161);
INSERT INTO recipe_cook(recipe_id, cook_id) VALUES (28, 168);
INSERT INTO recipe_cook(recipe_id, cook_id) VALUES (28, 132);
INSERT INTO recipe_cook(recipe_id, cook_id) VALUES (28, 7);
INSERT INTO recipe_cook(recipe_id, cook_id) VALUES (28, 165);
INSERT INTO recipe_cook(recipe_id, cook_id) VALUES (28, 121);
INSERT INTO recipe_cook(recipe_id, cook_id) VALUES (28, 176);
INSERT INTO recipe_cook(recipe_id, cook_id) VALUES (28, 9);
INSERT INTO recipe_cook(recipe_id, cook_id) VALUES (28, 138);
INSERT INTO recipe_cook(recipe_id, cook_id) VALUES (28, 166);
INSERT INTO recipe_cook(recipe_id, cook_id) VALUES (28, 60);
INSERT INTO recipe_cook(recipe_id, cook_id) VALUES (28, 128);
INSERT INTO recipe_cook(recipe_id, cook_id) VALUES (28, 171);
INSERT INTO recipe_cook(recipe_id, cook_id) VALUES (28, 155);
INSERT INTO recipe_cook(recipe_id, cook_id) VALUES (28, 36);
INSERT INTO recipe_cook(recipe_id, cook_id) VALUES (28, 167);
INSERT INTO recipe_cook(recipe_id, cook_id) VALUES (28, 94);
INSERT INTO recipe_cook(recipe_id, cook_id) VALUES (28, 38);
INSERT INTO recipe_cook(recipe_id, cook_id) VALUES (28, 100);
INSERT INTO recipe_cook(recipe_id, cook_id) VALUES (28, 83);
INSERT INTO recipe_cook(recipe_id, cook_id) VALUES (28, 11);
INSERT INTO recipe_cook(recipe_id, cook_id) VALUES (28, 95);
INSERT INTO recipe_cook(recipe_id, cook_id) VALUES (28, 174);
INSERT INTO recipe_cook(recipe_id, cook_id) VALUES (28, 192);
INSERT INTO recipe_cook(recipe_id, cook_id) VALUES (28, 59);
INSERT INTO recipe_cook(recipe_id, cook_id) VALUES (28, 5);
INSERT INTO recipe_cook(recipe_id, cook_id) VALUES (28, 154);
INSERT INTO recipe_cook(recipe_id, cook_id) VALUES (28, 118);
INSERT INTO recipe_cook(recipe_id, cook_id) VALUES (28, 21);
INSERT INTO recipe_cook(recipe_id, cook_id) VALUES (28, 116);
INSERT INTO recipe_cook(recipe_id, cook_id) VALUES (28, 56);
INSERT INTO recipe_cook(recipe_id, cook_id) VALUES (28, 10);
INSERT INTO recipe_cook(recipe_id, cook_id) VALUES (28, 74);
INSERT INTO recipe_cook(recipe_id, cook_id) VALUES (28, 113);
INSERT INTO recipe_cook(recipe_id, cook_id) VALUES (28, 175);
INSERT INTO recipe_cook(recipe_id, cook_id) VALUES (28, 50);
INSERT INTO recipe_cook(recipe_id, cook_id) VALUES (28, 78);
INSERT INTO recipe_cook(recipe_id, cook_id) VALUES (28, 81);
INSERT INTO recipe_cook(recipe_id, cook_id) VALUES (28, 150);
INSERT INTO recipe_cook(recipe_id, cook_id) VALUES (28, 52);
INSERT INTO recipe_cook(recipe_id, cook_id) VALUES (28, 17);
INSERT INTO recipe_cook(recipe_id, cook_id) VALUES (28, 103);
INSERT INTO recipe_cook(recipe_id, cook_id) VALUES (28, 186);
INSERT INTO recipe_cook(recipe_id, cook_id) VALUES (28, 43);
INSERT INTO recipe_cook(recipe_id, cook_id) VALUES (28, 4);
INSERT INTO recipe_cook(recipe_id, cook_id) VALUES (28, 199);
INSERT INTO recipe_cook(recipe_id, cook_id) VALUES (28, 194);
INSERT INTO recipe_cook(recipe_id, cook_id) VALUES (28, 179);
INSERT INTO recipe_cook(recipe_id, cook_id) VALUES (28, 149);
INSERT INTO recipe_cook(recipe_id, cook_id) VALUES (28, 123);
INSERT INTO recipe_cook(recipe_id, cook_id) VALUES (28, 96);
INSERT INTO recipe_cook(recipe_id, cook_id) VALUES (28, 191);
INSERT INTO recipe_cook(recipe_id, cook_id) VALUES (28, 126);
INSERT INTO recipe_cook(recipe_id, cook_id) VALUES (28, 55);
INSERT INTO recipe_cook(recipe_id, cook_id) VALUES (28, 159);
INSERT INTO recipe_cook(recipe_id, cook_id) VALUES (28, 163);
INSERT INTO recipe_cook(recipe_id, cook_id) VALUES (28, 184);
INSERT INTO recipe_cook(recipe_id, cook_id) VALUES (28, 151);
INSERT INTO recipe_cook(recipe_id, cook_id) VALUES (28, 80);
INSERT INTO recipe_cook(recipe_id, cook_id) VALUES (28, 117);
INSERT INTO recipe_cook(recipe_id, cook_id) VALUES (28, 70);
INSERT INTO recipe_theme(recipe_id, theme_id) VALUES (28, 21);
INSERT INTO recipe_tip(recipe_id, tip_id) VALUES (28, 27);

INSERT INTO recipe(baking, cuisine_id, difficulty, title, recipe_description, prep_time, cook_time, portions, fat_portion, protein_portion, carbo_portion, picture, picture_description) VALUES(0, 10, 5,'Red Velvet Cake', 'Listen between risk defense very blue piece. Current phone near past continue. How than quite special hope team operation.', 55, 90, 4, 35, 40,85, 'https://picsum.photos/880/5', 'Success lawyer factor later appear ball stock service.');
INSERT INTO recipe_meal_type(recipe_id, meal_type_id) VALUES (29, 4);
INSERT INTO recipe_tag(recipe_id, tag_id) VALUES (29, 18);
INSERT INTO recipe_tag(recipe_id, tag_id) VALUES (29, 34);
INSERT INTO recipe_tag(recipe_id, tag_id) VALUES (29, 31);
INSERT INTO recipe_tag(recipe_id, tag_id) VALUES (29, 72);
INSERT INTO recipe_tag(recipe_id, tag_id) VALUES (29, 16);
INSERT INTO recipe_tag(recipe_id, tag_id) VALUES (29, 36);
INSERT INTO recipe_tag(recipe_id, tag_id) VALUES (29, 54);
INSERT INTO recipe_equipment(recipe_id, equipment_id, num) VALUES (29, 5, 3);
INSERT INTO recipe_equipment(recipe_id, equipment_id, num) VALUES (29, 17, 1);
INSERT INTO recipe_equipment(recipe_id, equipment_id, num) VALUES (29, 20, 2);
INSERT INTO recipe_equipment(recipe_id, equipment_id, num) VALUES (29, 11, 3);
INSERT INTO recipe_cook(recipe_id, cook_id) VALUES (29, 15);
INSERT INTO recipe_cook(recipe_id, cook_id) VALUES (29, 43);
INSERT INTO recipe_cook(recipe_id, cook_id) VALUES (29, 60);
INSERT INTO recipe_cook(recipe_id, cook_id) VALUES (29, 109);
INSERT INTO recipe_cook(recipe_id, cook_id) VALUES (29, 199);
INSERT INTO recipe_cook(recipe_id, cook_id) VALUES (29, 21);
INSERT INTO recipe_cook(recipe_id, cook_id) VALUES (29, 150);
INSERT INTO recipe_cook(recipe_id, cook_id) VALUES (29, 116);
INSERT INTO recipe_cook(recipe_id, cook_id) VALUES (29, 105);
INSERT INTO recipe_cook(recipe_id, cook_id) VALUES (29, 65);
INSERT INTO recipe_cook(recipe_id, cook_id) VALUES (29, 146);
INSERT INTO recipe_cook(recipe_id, cook_id) VALUES (29, 170);
INSERT INTO recipe_cook(recipe_id, cook_id) VALUES (29, 58);
INSERT INTO recipe_cook(recipe_id, cook_id) VALUES (29, 39);
INSERT INTO recipe_cook(recipe_id, cook_id) VALUES (29, 69);
INSERT INTO recipe_cook(recipe_id, cook_id) VALUES (29, 183);
INSERT INTO recipe_cook(recipe_id, cook_id) VALUES (29, 192);
INSERT INTO recipe_cook(recipe_id, cook_id) VALUES (29, 25);
INSERT INTO recipe_cook(recipe_id, cook_id) VALUES (29, 14);
INSERT INTO recipe_cook(recipe_id, cook_id) VALUES (29, 112);
INSERT INTO recipe_cook(recipe_id, cook_id) VALUES (29, 27);
INSERT INTO recipe_cook(recipe_id, cook_id) VALUES (29, 5);
INSERT INTO recipe_cook(recipe_id, cook_id) VALUES (29, 75);
INSERT INTO recipe_cook(recipe_id, cook_id) VALUES (29, 19);
INSERT INTO recipe_cook(recipe_id, cook_id) VALUES (29, 74);
INSERT INTO recipe_cook(recipe_id, cook_id) VALUES (29, 45);
INSERT INTO recipe_cook(recipe_id, cook_id) VALUES (29, 36);
INSERT INTO recipe_cook(recipe_id, cook_id) VALUES (29, 108);
INSERT INTO recipe_cook(recipe_id, cook_id) VALUES (29, 177);
INSERT INTO recipe_cook(recipe_id, cook_id) VALUES (29, 136);
INSERT INTO recipe_cook(recipe_id, cook_id) VALUES (29, 97);
INSERT INTO recipe_cook(recipe_id, cook_id) VALUES (29, 77);
INSERT INTO recipe_cook(recipe_id, cook_id) VALUES (29, 168);
INSERT INTO recipe_cook(recipe_id, cook_id) VALUES (29, 132);
INSERT INTO recipe_cook(recipe_id, cook_id) VALUES (29, 194);
INSERT INTO recipe_cook(recipe_id, cook_id) VALUES (29, 30);
INSERT INTO recipe_cook(recipe_id, cook_id) VALUES (29, 115);
INSERT INTO recipe_cook(recipe_id, cook_id) VALUES (29, 63);
INSERT INTO recipe_cook(recipe_id, cook_id) VALUES (29, 128);
INSERT INTO recipe_cook(recipe_id, cook_id) VALUES (29, 171);
INSERT INTO recipe_cook(recipe_id, cook_id) VALUES (29, 151);
INSERT INTO recipe_cook(recipe_id, cook_id) VALUES (29, 95);
INSERT INTO recipe_cook(recipe_id, cook_id) VALUES (29, 134);
INSERT INTO recipe_cook(recipe_id, cook_id) VALUES (29, 143);
INSERT INTO recipe_cook(recipe_id, cook_id) VALUES (29, 50);
INSERT INTO recipe_cook(recipe_id, cook_id) VALUES (29, 181);
INSERT INTO recipe_cook(recipe_id, cook_id) VALUES (29, 20);
INSERT INTO recipe_cook(recipe_id, cook_id) VALUES (29, 152);
INSERT INTO recipe_cook(recipe_id, cook_id) VALUES (29, 191);
INSERT INTO recipe_cook(recipe_id, cook_id) VALUES (29, 147);
INSERT INTO recipe_cook(recipe_id, cook_id) VALUES (29, 98);
INSERT INTO recipe_cook(recipe_id, cook_id) VALUES (29, 47);
INSERT INTO recipe_cook(recipe_id, cook_id) VALUES (29, 66);
INSERT INTO recipe_cook(recipe_id, cook_id) VALUES (29, 61);
INSERT INTO recipe_cook(recipe_id, cook_id) VALUES (29, 106);
INSERT INTO recipe_cook(recipe_id, cook_id) VALUES (29, 94);
INSERT INTO recipe_cook(recipe_id, cook_id) VALUES (29, 135);
INSERT INTO recipe_cook(recipe_id, cook_id) VALUES (29, 148);
INSERT INTO recipe_cook(recipe_id, cook_id) VALUES (29, 172);
INSERT INTO recipe_cook(recipe_id, cook_id) VALUES (29, 200);
INSERT INTO recipe_cook(recipe_id, cook_id) VALUES (29, 121);
INSERT INTO recipe_cook(recipe_id, cook_id) VALUES (29, 55);
INSERT INTO recipe_cook(recipe_id, cook_id) VALUES (29, 84);
INSERT INTO recipe_cook(recipe_id, cook_id) VALUES (29, 3);
INSERT INTO recipe_cook(recipe_id, cook_id) VALUES (29, 114);
INSERT INTO recipe_cook(recipe_id, cook_id) VALUES (29, 122);
INSERT INTO recipe_cook(recipe_id, cook_id) VALUES (29, 88);
INSERT INTO recipe_cook(recipe_id, cook_id) VALUES (29, 149);
INSERT INTO recipe_cook(recipe_id, cook_id) VALUES (29, 120);
INSERT INTO recipe_cook(recipe_id, cook_id) VALUES (29, 138);
INSERT INTO recipe_cook(recipe_id, cook_id) VALUES (29, 198);
INSERT INTO recipe_cook(recipe_id, cook_id) VALUES (29, 111);
INSERT INTO recipe_cook(recipe_id, cook_id) VALUES (29, 23);
INSERT INTO recipe_cook(recipe_id, cook_id) VALUES (29, 123);
INSERT INTO recipe_cook(recipe_id, cook_id) VALUES (29, 125);
INSERT INTO recipe_cook(recipe_id, cook_id) VALUES (29, 180);
INSERT INTO recipe_cook(recipe_id, cook_id) VALUES (29, 70);
INSERT INTO recipe_cook(recipe_id, cook_id) VALUES (29, 53);
INSERT INTO recipe_cook(recipe_id, cook_id) VALUES (29, 52);
INSERT INTO recipe_cook(recipe_id, cook_id) VALUES (29, 18);
INSERT INTO recipe_cook(recipe_id, cook_id) VALUES (29, 193);
INSERT INTO recipe_cook(recipe_id, cook_id) VALUES (29, 96);
INSERT INTO recipe_cook(recipe_id, cook_id) VALUES (29, 165);
INSERT INTO recipe_cook(recipe_id, cook_id) VALUES (29, 48);
INSERT INTO recipe_cook(recipe_id, cook_id) VALUES (29, 159);
INSERT INTO recipe_cook(recipe_id, cook_id) VALUES (29, 91);
INSERT INTO recipe_cook(recipe_id, cook_id) VALUES (29, 133);
INSERT INTO recipe_cook(recipe_id, cook_id) VALUES (29, 49);
INSERT INTO recipe_cook(recipe_id, cook_id) VALUES (29, 85);
INSERT INTO recipe_cook(recipe_id, cook_id) VALUES (29, 64);
INSERT INTO recipe_cook(recipe_id, cook_id) VALUES (29, 99);
INSERT INTO recipe_cook(recipe_id, cook_id) VALUES (29, 161);
INSERT INTO recipe_cook(recipe_id, cook_id) VALUES (29, 17);
INSERT INTO recipe_cook(recipe_id, cook_id) VALUES (29, 29);
INSERT INTO recipe_cook(recipe_id, cook_id) VALUES (29, 82);
INSERT INTO recipe_cook(recipe_id, cook_id) VALUES (29, 28);
INSERT INTO recipe_cook(recipe_id, cook_id) VALUES (29, 35);
INSERT INTO recipe_cook(recipe_id, cook_id) VALUES (29, 141);
INSERT INTO recipe_cook(recipe_id, cook_id) VALUES (29, 179);
INSERT INTO recipe_cook(recipe_id, cook_id) VALUES (29, 157);
INSERT INTO recipe_cook(recipe_id, cook_id) VALUES (29, 140);
INSERT INTO recipe_cook(recipe_id, cook_id) VALUES (29, 144);
INSERT INTO recipe_cook(recipe_id, cook_id) VALUES (29, 79);
INSERT INTO recipe_cook(recipe_id, cook_id) VALUES (29, 54);
INSERT INTO recipe_cook(recipe_id, cook_id) VALUES (29, 83);
INSERT INTO recipe_cook(recipe_id, cook_id) VALUES (29, 10);
INSERT INTO recipe_cook(recipe_id, cook_id) VALUES (29, 160);
INSERT INTO recipe_cook(recipe_id, cook_id) VALUES (29, 178);
INSERT INTO recipe_cook(recipe_id, cook_id) VALUES (29, 59);
INSERT INTO recipe_cook(recipe_id, cook_id) VALUES (29, 196);
INSERT INTO recipe_cook(recipe_id, cook_id) VALUES (29, 176);
INSERT INTO recipe_cook(recipe_id, cook_id) VALUES (29, 124);
INSERT INTO recipe_cook(recipe_id, cook_id) VALUES (29, 46);
INSERT INTO recipe_cook(recipe_id, cook_id) VALUES (29, 175);
INSERT INTO recipe_cook(recipe_id, cook_id) VALUES (29, 56);
INSERT INTO recipe_cook(recipe_id, cook_id) VALUES (29, 41);
INSERT INTO recipe_cook(recipe_id, cook_id) VALUES (29, 162);
INSERT INTO recipe_cook(recipe_id, cook_id) VALUES (29, 62);
INSERT INTO recipe_cook(recipe_id, cook_id) VALUES (29, 137);
INSERT INTO recipe_cook(recipe_id, cook_id) VALUES (29, 195);
INSERT INTO recipe_cook(recipe_id, cook_id) VALUES (29, 51);
INSERT INTO recipe_cook(recipe_id, cook_id) VALUES (29, 117);
INSERT INTO recipe_cook(recipe_id, cook_id) VALUES (29, 103);
INSERT INTO recipe_cook(recipe_id, cook_id) VALUES (29, 38);
INSERT INTO recipe_cook(recipe_id, cook_id) VALUES (29, 71);
INSERT INTO recipe_cook(recipe_id, cook_id) VALUES (29, 126);
INSERT INTO recipe_cook(recipe_id, cook_id) VALUES (29, 32);
INSERT INTO recipe_cook(recipe_id, cook_id) VALUES (29, 26);
INSERT INTO recipe_cook(recipe_id, cook_id) VALUES (29, 166);
INSERT INTO recipe_cook(recipe_id, cook_id) VALUES (29, 187);
INSERT INTO recipe_cook(recipe_id, cook_id) VALUES (29, 33);
INSERT INTO recipe_cook(recipe_id, cook_id) VALUES (29, 81);
INSERT INTO recipe_cook(recipe_id, cook_id) VALUES (29, 9);
INSERT INTO recipe_cook(recipe_id, cook_id) VALUES (29, 92);
INSERT INTO recipe_cook(recipe_id, cook_id) VALUES (29, 6);
INSERT INTO recipe_cook(recipe_id, cook_id) VALUES (29, 73);
INSERT INTO recipe_cook(recipe_id, cook_id) VALUES (29, 2);
INSERT INTO recipe_cook(recipe_id, cook_id) VALUES (29, 76);
INSERT INTO recipe_cook(recipe_id, cook_id) VALUES (29, 104);
INSERT INTO recipe_cook(recipe_id, cook_id) VALUES (29, 93);
INSERT INTO recipe_cook(recipe_id, cook_id) VALUES (29, 197);
INSERT INTO recipe_cook(recipe_id, cook_id) VALUES (29, 174);
INSERT INTO recipe_cook(recipe_id, cook_id) VALUES (29, 100);
INSERT INTO recipe_cook(recipe_id, cook_id) VALUES (29, 129);
INSERT INTO recipe_cook(recipe_id, cook_id) VALUES (29, 102);
INSERT INTO recipe_cook(recipe_id, cook_id) VALUES (29, 110);
INSERT INTO recipe_cook(recipe_id, cook_id) VALUES (29, 1);
INSERT INTO recipe_cook(recipe_id, cook_id) VALUES (29, 12);
INSERT INTO recipe_cook(recipe_id, cook_id) VALUES (29, 101);
INSERT INTO recipe_cook(recipe_id, cook_id) VALUES (29, 87);
INSERT INTO recipe_cook(recipe_id, cook_id) VALUES (29, 16);
INSERT INTO recipe_cook(recipe_id, cook_id) VALUES (29, 189);
INSERT INTO recipe_cook(recipe_id, cook_id) VALUES (29, 127);
INSERT INTO recipe_cook(recipe_id, cook_id) VALUES (29, 78);
INSERT INTO recipe_cook(recipe_id, cook_id) VALUES (29, 72);
INSERT INTO recipe_cook(recipe_id, cook_id) VALUES (29, 173);
INSERT INTO recipe_cook(recipe_id, cook_id) VALUES (29, 156);
INSERT INTO recipe_cook(recipe_id, cook_id) VALUES (29, 57);
INSERT INTO recipe_cook(recipe_id, cook_id) VALUES (29, 164);
INSERT INTO recipe_cook(recipe_id, cook_id) VALUES (29, 8);
INSERT INTO recipe_cook(recipe_id, cook_id) VALUES (29, 139);
INSERT INTO recipe_cook(recipe_id, cook_id) VALUES (29, 40);
INSERT INTO recipe_cook(recipe_id, cook_id) VALUES (29, 13);
INSERT INTO recipe_cook(recipe_id, cook_id) VALUES (29, 167);
INSERT INTO recipe_cook(recipe_id, cook_id) VALUES (29, 31);
INSERT INTO recipe_cook(recipe_id, cook_id) VALUES (29, 22);
INSERT INTO recipe_cook(recipe_id, cook_id) VALUES (29, 86);
INSERT INTO recipe_cook(recipe_id, cook_id) VALUES (29, 131);
INSERT INTO recipe_cook(recipe_id, cook_id) VALUES (29, 186);
INSERT INTO recipe_cook(recipe_id, cook_id) VALUES (29, 37);
INSERT INTO recipe_cook(recipe_id, cook_id) VALUES (29, 182);
INSERT INTO recipe_cook(recipe_id, cook_id) VALUES (29, 24);
INSERT INTO recipe_cook(recipe_id, cook_id) VALUES (29, 44);
INSERT INTO recipe_cook(recipe_id, cook_id) VALUES (29, 68);
INSERT INTO recipe_cook(recipe_id, cook_id) VALUES (29, 11);
INSERT INTO recipe_cook(recipe_id, cook_id) VALUES (29, 42);
INSERT INTO recipe_cook(recipe_id, cook_id) VALUES (29, 190);
INSERT INTO recipe_cook(recipe_id, cook_id) VALUES (29, 145);
INSERT INTO recipe_cook(recipe_id, cook_id) VALUES (29, 163);
INSERT INTO recipe_cook(recipe_id, cook_id) VALUES (29, 89);
INSERT INTO recipe_cook(recipe_id, cook_id) VALUES (29, 107);
INSERT INTO recipe_cook(recipe_id, cook_id) VALUES (29, 154);
INSERT INTO recipe_cook(recipe_id, cook_id) VALUES (29, 185);
INSERT INTO recipe_cook(recipe_id, cook_id) VALUES (29, 90);
INSERT INTO recipe_cook(recipe_id, cook_id) VALUES (29, 34);
INSERT INTO recipe_cook(recipe_id, cook_id) VALUES (29, 169);
INSERT INTO recipe_cook(recipe_id, cook_id) VALUES (29, 118);
INSERT INTO recipe_cook(recipe_id, cook_id) VALUES (29, 158);
INSERT INTO recipe_cook(recipe_id, cook_id) VALUES (29, 119);
INSERT INTO recipe_cook(recipe_id, cook_id) VALUES (29, 130);
INSERT INTO recipe_cook(recipe_id, cook_id) VALUES (29, 80);
INSERT INTO recipe_cook(recipe_id, cook_id) VALUES (29, 155);
INSERT INTO recipe_cook(recipe_id, cook_id) VALUES (29, 142);
INSERT INTO recipe_theme(recipe_id, theme_id) VALUES (29, 39);
INSERT INTO recipe_tip(recipe_id, tip_id) VALUES (29, 4);
INSERT INTO recipe_tip(recipe_id, tip_id) VALUES (29, 10);
INSERT INTO recipe_tip(recipe_id, tip_id) VALUES (29, 28);

INSERT INTO recipe(baking, cuisine_id, difficulty, title, recipe_description, prep_time, cook_time, portions, fat_portion, protein_portion, carbo_portion, picture, picture_description) VALUES(0, 31, 1,'Butternut Squash Soup', 'Baby fish minute sell. Crime focus result soldier operation red maintain. Tonight approach area yet image new. Field add available individual full forward behind try.', 25, 90, 2, 15, 60,70, 'https://picsum.photos/524/357', 'Wife try religious happy only building.');
INSERT INTO recipe_meal_type(recipe_id, meal_type_id) VALUES (30, 4);
INSERT INTO recipe_tag(recipe_id, tag_id) VALUES (30, 30);
INSERT INTO recipe_tag(recipe_id, tag_id) VALUES (30, 80);
INSERT INTO recipe_tag(recipe_id, tag_id) VALUES (30, 12);
INSERT INTO recipe_tag(recipe_id, tag_id) VALUES (30, 85);
INSERT INTO recipe_tag(recipe_id, tag_id) VALUES (30, 61);
INSERT INTO recipe_tag(recipe_id, tag_id) VALUES (30, 73);
INSERT INTO recipe_tag(recipe_id, tag_id) VALUES (30, 56);
INSERT INTO recipe_tag(recipe_id, tag_id) VALUES (30, 18);
INSERT INTO recipe_equipment(recipe_id, equipment_id, num) VALUES (30, 7, 3);
INSERT INTO recipe_equipment(recipe_id, equipment_id, num) VALUES (30, 19, 3);
INSERT INTO recipe_equipment(recipe_id, equipment_id, num) VALUES (30, 20, 4);
INSERT INTO recipe_cook(recipe_id, cook_id) VALUES (30, 163);
INSERT INTO recipe_cook(recipe_id, cook_id) VALUES (30, 118);
INSERT INTO recipe_cook(recipe_id, cook_id) VALUES (30, 62);
INSERT INTO recipe_cook(recipe_id, cook_id) VALUES (30, 193);
INSERT INTO recipe_cook(recipe_id, cook_id) VALUES (30, 67);
INSERT INTO recipe_cook(recipe_id, cook_id) VALUES (30, 129);
INSERT INTO recipe_cook(recipe_id, cook_id) VALUES (30, 109);
INSERT INTO recipe_cook(recipe_id, cook_id) VALUES (30, 134);
INSERT INTO recipe_cook(recipe_id, cook_id) VALUES (30, 137);
INSERT INTO recipe_cook(recipe_id, cook_id) VALUES (30, 85);
INSERT INTO recipe_cook(recipe_id, cook_id) VALUES (30, 186);
INSERT INTO recipe_cook(recipe_id, cook_id) VALUES (30, 15);
INSERT INTO recipe_cook(recipe_id, cook_id) VALUES (30, 8);
INSERT INTO recipe_cook(recipe_id, cook_id) VALUES (30, 59);
INSERT INTO recipe_cook(recipe_id, cook_id) VALUES (30, 190);
INSERT INTO recipe_cook(recipe_id, cook_id) VALUES (30, 7);
INSERT INTO recipe_cook(recipe_id, cook_id) VALUES (30, 57);
INSERT INTO recipe_cook(recipe_id, cook_id) VALUES (30, 132);
INSERT INTO recipe_cook(recipe_id, cook_id) VALUES (30, 75);
INSERT INTO recipe_cook(recipe_id, cook_id) VALUES (30, 55);
INSERT INTO recipe_cook(recipe_id, cook_id) VALUES (30, 164);
INSERT INTO recipe_cook(recipe_id, cook_id) VALUES (30, 177);
INSERT INTO recipe_cook(recipe_id, cook_id) VALUES (30, 117);
INSERT INTO recipe_cook(recipe_id, cook_id) VALUES (30, 158);
INSERT INTO recipe_cook(recipe_id, cook_id) VALUES (30, 50);
INSERT INTO recipe_cook(recipe_id, cook_id) VALUES (30, 48);
INSERT INTO recipe_cook(recipe_id, cook_id) VALUES (30, 53);
INSERT INTO recipe_cook(recipe_id, cook_id) VALUES (30, 80);
INSERT INTO recipe_theme(recipe_id, theme_id) VALUES (30, 17);
INSERT INTO recipe_theme(recipe_id, theme_id) VALUES (30, 9);
INSERT INTO recipe_theme(recipe_id, theme_id) VALUES (30, 11);
INSERT INTO recipe_tip(recipe_id, tip_id) VALUES (30, 15);

INSERT INTO recipe(baking, cuisine_id, difficulty, title, recipe_description, prep_time, cook_time, portions, fat_portion, protein_portion, carbo_portion, picture, picture_description) VALUES(1, 34, 3,'Vegetable Lasagna', 'First sense research indeed charge share. City owner anything safe change thing save. Purpose teach beat save politics project. Leader onto source indicate together. Institution teach yet computer add.', 15, 120, 5, 25, 5,45, 'https://placekitten.com/994/810', 'Range than list wait similar network grow.');
INSERT INTO recipe_meal_type(recipe_id, meal_type_id) VALUES (31, 3);
INSERT INTO recipe_tag(recipe_id, tag_id) VALUES (31, 42);
INSERT INTO recipe_equipment(recipe_id, equipment_id, num) VALUES (31, 8, 4);
INSERT INTO recipe_equipment(recipe_id, equipment_id, num) VALUES (31, 5, 4);
INSERT INTO recipe_equipment(recipe_id, equipment_id, num) VALUES (31, 6, 2);
INSERT INTO recipe_equipment(recipe_id, equipment_id, num) VALUES (31, 20, 2);
INSERT INTO recipe_equipment(recipe_id, equipment_id, num) VALUES (31, 15, 2);
INSERT INTO recipe_equipment(recipe_id, equipment_id, num) VALUES (31, 1, 4);
INSERT INTO recipe_equipment(recipe_id, equipment_id, num) VALUES (31, 4, 1);
INSERT INTO recipe_cook(recipe_id, cook_id) VALUES (31, 31);
INSERT INTO recipe_cook(recipe_id, cook_id) VALUES (31, 130);
INSERT INTO recipe_cook(recipe_id, cook_id) VALUES (31, 184);
INSERT INTO recipe_cook(recipe_id, cook_id) VALUES (31, 134);
INSERT INTO recipe_cook(recipe_id, cook_id) VALUES (31, 93);
INSERT INTO recipe_cook(recipe_id, cook_id) VALUES (31, 176);
INSERT INTO recipe_cook(recipe_id, cook_id) VALUES (31, 198);
INSERT INTO recipe_cook(recipe_id, cook_id) VALUES (31, 122);
INSERT INTO recipe_cook(recipe_id, cook_id) VALUES (31, 136);
INSERT INTO recipe_cook(recipe_id, cook_id) VALUES (31, 80);
INSERT INTO recipe_cook(recipe_id, cook_id) VALUES (31, 20);
INSERT INTO recipe_cook(recipe_id, cook_id) VALUES (31, 28);
INSERT INTO recipe_cook(recipe_id, cook_id) VALUES (31, 169);
INSERT INTO recipe_cook(recipe_id, cook_id) VALUES (31, 18);
INSERT INTO recipe_cook(recipe_id, cook_id) VALUES (31, 160);
INSERT INTO recipe_cook(recipe_id, cook_id) VALUES (31, 100);
INSERT INTO recipe_cook(recipe_id, cook_id) VALUES (31, 112);
INSERT INTO recipe_cook(recipe_id, cook_id) VALUES (31, 124);
INSERT INTO recipe_cook(recipe_id, cook_id) VALUES (31, 187);
INSERT INTO recipe_cook(recipe_id, cook_id) VALUES (31, 65);
INSERT INTO recipe_cook(recipe_id, cook_id) VALUES (31, 172);
INSERT INTO recipe_cook(recipe_id, cook_id) VALUES (31, 132);
INSERT INTO recipe_cook(recipe_id, cook_id) VALUES (31, 57);
INSERT INTO recipe_cook(recipe_id, cook_id) VALUES (31, 116);
INSERT INTO recipe_cook(recipe_id, cook_id) VALUES (31, 82);
INSERT INTO recipe_cook(recipe_id, cook_id) VALUES (31, 123);
INSERT INTO recipe_cook(recipe_id, cook_id) VALUES (31, 108);
INSERT INTO recipe_cook(recipe_id, cook_id) VALUES (31, 96);
INSERT INTO recipe_cook(recipe_id, cook_id) VALUES (31, 137);
INSERT INTO recipe_cook(recipe_id, cook_id) VALUES (31, 115);
INSERT INTO recipe_cook(recipe_id, cook_id) VALUES (31, 81);
INSERT INTO recipe_cook(recipe_id, cook_id) VALUES (31, 159);
INSERT INTO recipe_cook(recipe_id, cook_id) VALUES (31, 14);
INSERT INTO recipe_cook(recipe_id, cook_id) VALUES (31, 27);
INSERT INTO recipe_cook(recipe_id, cook_id) VALUES (31, 117);
INSERT INTO recipe_cook(recipe_id, cook_id) VALUES (31, 23);
INSERT INTO recipe_cook(recipe_id, cook_id) VALUES (31, 164);
INSERT INTO recipe_cook(recipe_id, cook_id) VALUES (31, 72);
INSERT INTO recipe_cook(recipe_id, cook_id) VALUES (31, 35);
INSERT INTO recipe_cook(recipe_id, cook_id) VALUES (31, 10);
INSERT INTO recipe_cook(recipe_id, cook_id) VALUES (31, 143);
INSERT INTO recipe_cook(recipe_id, cook_id) VALUES (31, 34);
INSERT INTO recipe_cook(recipe_id, cook_id) VALUES (31, 17);
INSERT INTO recipe_cook(recipe_id, cook_id) VALUES (31, 120);
INSERT INTO recipe_cook(recipe_id, cook_id) VALUES (31, 9);
INSERT INTO recipe_cook(recipe_id, cook_id) VALUES (31, 77);
INSERT INTO recipe_cook(recipe_id, cook_id) VALUES (31, 182);
INSERT INTO recipe_cook(recipe_id, cook_id) VALUES (31, 88);
INSERT INTO recipe_cook(recipe_id, cook_id) VALUES (31, 194);
INSERT INTO recipe_cook(recipe_id, cook_id) VALUES (31, 197);
INSERT INTO recipe_cook(recipe_id, cook_id) VALUES (31, 22);
INSERT INTO recipe_cook(recipe_id, cook_id) VALUES (31, 38);
INSERT INTO recipe_cook(recipe_id, cook_id) VALUES (31, 101);
INSERT INTO recipe_cook(recipe_id, cook_id) VALUES (31, 25);
INSERT INTO recipe_cook(recipe_id, cook_id) VALUES (31, 168);
INSERT INTO recipe_cook(recipe_id, cook_id) VALUES (31, 156);
INSERT INTO recipe_cook(recipe_id, cook_id) VALUES (31, 74);
INSERT INTO recipe_cook(recipe_id, cook_id) VALUES (31, 162);
INSERT INTO recipe_cook(recipe_id, cook_id) VALUES (31, 192);
INSERT INTO recipe_cook(recipe_id, cook_id) VALUES (31, 189);
INSERT INTO recipe_cook(recipe_id, cook_id) VALUES (31, 19);
INSERT INTO recipe_cook(recipe_id, cook_id) VALUES (31, 170);
INSERT INTO recipe_cook(recipe_id, cook_id) VALUES (31, 42);
INSERT INTO recipe_cook(recipe_id, cook_id) VALUES (31, 180);
INSERT INTO recipe_cook(recipe_id, cook_id) VALUES (31, 105);
INSERT INTO recipe_cook(recipe_id, cook_id) VALUES (31, 44);
INSERT INTO recipe_cook(recipe_id, cook_id) VALUES (31, 62);
INSERT INTO recipe_cook(recipe_id, cook_id) VALUES (31, 45);
INSERT INTO recipe_cook(recipe_id, cook_id) VALUES (31, 185);
INSERT INTO recipe_cook(recipe_id, cook_id) VALUES (31, 110);
INSERT INTO recipe_cook(recipe_id, cook_id) VALUES (31, 87);
INSERT INTO recipe_cook(recipe_id, cook_id) VALUES (31, 196);
INSERT INTO recipe_cook(recipe_id, cook_id) VALUES (31, 32);
INSERT INTO recipe_cook(recipe_id, cook_id) VALUES (31, 171);
INSERT INTO recipe_cook(recipe_id, cook_id) VALUES (31, 128);
INSERT INTO recipe_cook(recipe_id, cook_id) VALUES (31, 59);
INSERT INTO recipe_cook(recipe_id, cook_id) VALUES (31, 71);
INSERT INTO recipe_cook(recipe_id, cook_id) VALUES (31, 15);
INSERT INTO recipe_cook(recipe_id, cook_id) VALUES (31, 12);
INSERT INTO recipe_cook(recipe_id, cook_id) VALUES (31, 188);
INSERT INTO recipe_cook(recipe_id, cook_id) VALUES (31, 95);
INSERT INTO recipe_cook(recipe_id, cook_id) VALUES (31, 127);
INSERT INTO recipe_cook(recipe_id, cook_id) VALUES (31, 129);
INSERT INTO recipe_theme(recipe_id, theme_id) VALUES (31, 31);
INSERT INTO recipe_theme(recipe_id, theme_id) VALUES (31, 15);
INSERT INTO recipe_tip(recipe_id, tip_id) VALUES (31, 39);

INSERT INTO recipe(baking, cuisine_id, difficulty, title, recipe_description, prep_time, cook_time, portions, fat_portion, protein_portion, carbo_portion, picture, picture_description) VALUES(1, 16, 1,'Stuffed Bell Peppers', 'Help pull the stop. Whole human write several everyone foreign model. Between through prove or imagine. Pattern while know better still offer. Front few century.', 55, 80, 4, 55, 10,50, 'https://picsum.photos/131/829', 'Stand direction democratic work character.');
INSERT INTO recipe_meal_type(recipe_id, meal_type_id) VALUES (32, 5);
INSERT INTO recipe_tag(recipe_id, tag_id) VALUES (32, 23);
INSERT INTO recipe_tag(recipe_id, tag_id) VALUES (32, 94);
INSERT INTO recipe_tag(recipe_id, tag_id) VALUES (32, 96);
INSERT INTO recipe_tag(recipe_id, tag_id) VALUES (32, 44);
INSERT INTO recipe_tag(recipe_id, tag_id) VALUES (32, 88);
INSERT INTO recipe_tag(recipe_id, tag_id) VALUES (32, 25);
INSERT INTO recipe_equipment(recipe_id, equipment_id, num) VALUES (32, 2, 2);
INSERT INTO recipe_equipment(recipe_id, equipment_id, num) VALUES (32, 1, 2);
INSERT INTO recipe_equipment(recipe_id, equipment_id, num) VALUES (32, 8, 1);
INSERT INTO recipe_equipment(recipe_id, equipment_id, num) VALUES (32, 12, 4);
INSERT INTO recipe_equipment(recipe_id, equipment_id, num) VALUES (32, 19, 2);
INSERT INTO recipe_equipment(recipe_id, equipment_id, num) VALUES (32, 13, 3);
INSERT INTO recipe_cook(recipe_id, cook_id) VALUES (32, 66);
INSERT INTO recipe_cook(recipe_id, cook_id) VALUES (32, 156);
INSERT INTO recipe_cook(recipe_id, cook_id) VALUES (32, 11);
INSERT INTO recipe_cook(recipe_id, cook_id) VALUES (32, 10);
INSERT INTO recipe_cook(recipe_id, cook_id) VALUES (32, 84);
INSERT INTO recipe_cook(recipe_id, cook_id) VALUES (32, 59);
INSERT INTO recipe_cook(recipe_id, cook_id) VALUES (32, 82);
INSERT INTO recipe_cook(recipe_id, cook_id) VALUES (32, 69);
INSERT INTO recipe_cook(recipe_id, cook_id) VALUES (32, 94);
INSERT INTO recipe_cook(recipe_id, cook_id) VALUES (32, 78);
INSERT INTO recipe_cook(recipe_id, cook_id) VALUES (32, 96);
INSERT INTO recipe_cook(recipe_id, cook_id) VALUES (32, 159);
INSERT INTO recipe_cook(recipe_id, cook_id) VALUES (32, 91);
INSERT INTO recipe_cook(recipe_id, cook_id) VALUES (32, 101);
INSERT INTO recipe_cook(recipe_id, cook_id) VALUES (32, 97);
INSERT INTO recipe_cook(recipe_id, cook_id) VALUES (32, 73);
INSERT INTO recipe_cook(recipe_id, cook_id) VALUES (32, 29);
INSERT INTO recipe_cook(recipe_id, cook_id) VALUES (32, 195);
INSERT INTO recipe_cook(recipe_id, cook_id) VALUES (32, 4);
INSERT INTO recipe_cook(recipe_id, cook_id) VALUES (32, 174);
INSERT INTO recipe_cook(recipe_id, cook_id) VALUES (32, 106);
INSERT INTO recipe_cook(recipe_id, cook_id) VALUES (32, 163);
INSERT INTO recipe_cook(recipe_id, cook_id) VALUES (32, 146);
INSERT INTO recipe_cook(recipe_id, cook_id) VALUES (32, 63);
INSERT INTO recipe_cook(recipe_id, cook_id) VALUES (32, 165);
INSERT INTO recipe_cook(recipe_id, cook_id) VALUES (32, 14);
INSERT INTO recipe_cook(recipe_id, cook_id) VALUES (32, 44);
INSERT INTO recipe_cook(recipe_id, cook_id) VALUES (32, 39);
INSERT INTO recipe_cook(recipe_id, cook_id) VALUES (32, 79);
INSERT INTO recipe_cook(recipe_id, cook_id) VALUES (32, 65);
INSERT INTO recipe_cook(recipe_id, cook_id) VALUES (32, 130);
INSERT INTO recipe_cook(recipe_id, cook_id) VALUES (32, 168);
INSERT INTO recipe_cook(recipe_id, cook_id) VALUES (32, 196);
INSERT INTO recipe_cook(recipe_id, cook_id) VALUES (32, 98);
INSERT INTO recipe_cook(recipe_id, cook_id) VALUES (32, 112);
INSERT INTO recipe_cook(recipe_id, cook_id) VALUES (32, 172);
INSERT INTO recipe_cook(recipe_id, cook_id) VALUES (32, 35);
INSERT INTO recipe_cook(recipe_id, cook_id) VALUES (32, 62);
INSERT INTO recipe_cook(recipe_id, cook_id) VALUES (32, 139);
INSERT INTO recipe_cook(recipe_id, cook_id) VALUES (32, 87);
INSERT INTO recipe_cook(recipe_id, cook_id) VALUES (32, 15);
INSERT INTO recipe_cook(recipe_id, cook_id) VALUES (32, 89);
INSERT INTO recipe_cook(recipe_id, cook_id) VALUES (32, 45);
INSERT INTO recipe_cook(recipe_id, cook_id) VALUES (32, 194);
INSERT INTO recipe_cook(recipe_id, cook_id) VALUES (32, 36);
INSERT INTO recipe_cook(recipe_id, cook_id) VALUES (32, 162);
INSERT INTO recipe_cook(recipe_id, cook_id) VALUES (32, 13);
INSERT INTO recipe_cook(recipe_id, cook_id) VALUES (32, 141);
INSERT INTO recipe_cook(recipe_id, cook_id) VALUES (32, 117);
INSERT INTO recipe_cook(recipe_id, cook_id) VALUES (32, 161);
INSERT INTO recipe_cook(recipe_id, cook_id) VALUES (32, 121);
INSERT INTO recipe_cook(recipe_id, cook_id) VALUES (32, 119);
INSERT INTO recipe_cook(recipe_id, cook_id) VALUES (32, 55);
INSERT INTO recipe_cook(recipe_id, cook_id) VALUES (32, 88);
INSERT INTO recipe_cook(recipe_id, cook_id) VALUES (32, 93);
INSERT INTO recipe_cook(recipe_id, cook_id) VALUES (32, 64);
INSERT INTO recipe_cook(recipe_id, cook_id) VALUES (32, 17);
INSERT INTO recipe_cook(recipe_id, cook_id) VALUES (32, 26);
INSERT INTO recipe_cook(recipe_id, cook_id) VALUES (32, 31);
INSERT INTO recipe_cook(recipe_id, cook_id) VALUES (32, 169);
INSERT INTO recipe_cook(recipe_id, cook_id) VALUES (32, 7);
INSERT INTO recipe_cook(recipe_id, cook_id) VALUES (32, 140);
INSERT INTO recipe_cook(recipe_id, cook_id) VALUES (32, 183);
INSERT INTO recipe_cook(recipe_id, cook_id) VALUES (32, 95);
INSERT INTO recipe_cook(recipe_id, cook_id) VALUES (32, 19);
INSERT INTO recipe_cook(recipe_id, cook_id) VALUES (32, 18);
INSERT INTO recipe_cook(recipe_id, cook_id) VALUES (32, 128);
INSERT INTO recipe_cook(recipe_id, cook_id) VALUES (32, 175);
INSERT INTO recipe_cook(recipe_id, cook_id) VALUES (32, 51);
INSERT INTO recipe_cook(recipe_id, cook_id) VALUES (32, 149);
INSERT INTO recipe_cook(recipe_id, cook_id) VALUES (32, 103);
INSERT INTO recipe_cook(recipe_id, cook_id) VALUES (32, 80);
INSERT INTO recipe_cook(recipe_id, cook_id) VALUES (32, 123);
INSERT INTO recipe_cook(recipe_id, cook_id) VALUES (32, 134);
INSERT INTO recipe_cook(recipe_id, cook_id) VALUES (32, 49);
INSERT INTO recipe_cook(recipe_id, cook_id) VALUES (32, 40);
INSERT INTO recipe_cook(recipe_id, cook_id) VALUES (32, 157);
INSERT INTO recipe_cook(recipe_id, cook_id) VALUES (32, 81);
INSERT INTO recipe_cook(recipe_id, cook_id) VALUES (32, 114);
INSERT INTO recipe_cook(recipe_id, cook_id) VALUES (32, 115);
INSERT INTO recipe_cook(recipe_id, cook_id) VALUES (32, 74);
INSERT INTO recipe_cook(recipe_id, cook_id) VALUES (32, 61);
INSERT INTO recipe_cook(recipe_id, cook_id) VALUES (32, 41);
INSERT INTO recipe_cook(recipe_id, cook_id) VALUES (32, 116);
INSERT INTO recipe_cook(recipe_id, cook_id) VALUES (32, 158);
INSERT INTO recipe_cook(recipe_id, cook_id) VALUES (32, 192);
INSERT INTO recipe_cook(recipe_id, cook_id) VALUES (32, 108);
INSERT INTO recipe_cook(recipe_id, cook_id) VALUES (32, 125);
INSERT INTO recipe_cook(recipe_id, cook_id) VALUES (32, 137);
INSERT INTO recipe_cook(recipe_id, cook_id) VALUES (32, 46);
INSERT INTO recipe_cook(recipe_id, cook_id) VALUES (32, 120);
INSERT INTO recipe_cook(recipe_id, cook_id) VALUES (32, 133);
INSERT INTO recipe_cook(recipe_id, cook_id) VALUES (32, 77);
INSERT INTO recipe_cook(recipe_id, cook_id) VALUES (32, 76);
INSERT INTO recipe_cook(recipe_id, cook_id) VALUES (32, 67);
INSERT INTO recipe_cook(recipe_id, cook_id) VALUES (32, 9);
INSERT INTO recipe_cook(recipe_id, cook_id) VALUES (32, 179);
INSERT INTO recipe_cook(recipe_id, cook_id) VALUES (32, 58);
INSERT INTO recipe_cook(recipe_id, cook_id) VALUES (32, 54);
INSERT INTO recipe_cook(recipe_id, cook_id) VALUES (32, 2);
INSERT INTO recipe_cook(recipe_id, cook_id) VALUES (32, 86);
INSERT INTO recipe_cook(recipe_id, cook_id) VALUES (32, 30);
INSERT INTO recipe_cook(recipe_id, cook_id) VALUES (32, 27);
INSERT INTO recipe_cook(recipe_id, cook_id) VALUES (32, 167);
INSERT INTO recipe_cook(recipe_id, cook_id) VALUES (32, 47);
INSERT INTO recipe_cook(recipe_id, cook_id) VALUES (32, 70);
INSERT INTO recipe_cook(recipe_id, cook_id) VALUES (32, 190);
INSERT INTO recipe_cook(recipe_id, cook_id) VALUES (32, 85);
INSERT INTO recipe_cook(recipe_id, cook_id) VALUES (32, 90);
INSERT INTO recipe_cook(recipe_id, cook_id) VALUES (32, 16);
INSERT INTO recipe_cook(recipe_id, cook_id) VALUES (32, 153);
INSERT INTO recipe_cook(recipe_id, cook_id) VALUES (32, 185);
INSERT INTO recipe_cook(recipe_id, cook_id) VALUES (32, 5);
INSERT INTO recipe_cook(recipe_id, cook_id) VALUES (32, 60);
INSERT INTO recipe_cook(recipe_id, cook_id) VALUES (32, 107);
INSERT INTO recipe_cook(recipe_id, cook_id) VALUES (32, 189);
INSERT INTO recipe_cook(recipe_id, cook_id) VALUES (32, 56);
INSERT INTO recipe_cook(recipe_id, cook_id) VALUES (32, 182);
INSERT INTO recipe_cook(recipe_id, cook_id) VALUES (32, 144);
INSERT INTO recipe_cook(recipe_id, cook_id) VALUES (32, 148);
INSERT INTO recipe_cook(recipe_id, cook_id) VALUES (32, 12);
INSERT INTO recipe_cook(recipe_id, cook_id) VALUES (32, 24);
INSERT INTO recipe_cook(recipe_id, cook_id) VALUES (32, 68);
INSERT INTO recipe_cook(recipe_id, cook_id) VALUES (32, 38);
INSERT INTO recipe_cook(recipe_id, cook_id) VALUES (32, 200);
INSERT INTO recipe_cook(recipe_id, cook_id) VALUES (32, 111);
INSERT INTO recipe_cook(recipe_id, cook_id) VALUES (32, 154);
INSERT INTO recipe_cook(recipe_id, cook_id) VALUES (32, 184);
INSERT INTO recipe_cook(recipe_id, cook_id) VALUES (32, 8);
INSERT INTO recipe_cook(recipe_id, cook_id) VALUES (32, 178);
INSERT INTO recipe_cook(recipe_id, cook_id) VALUES (32, 150);
INSERT INTO recipe_cook(recipe_id, cook_id) VALUES (32, 92);
INSERT INTO recipe_cook(recipe_id, cook_id) VALUES (32, 21);
INSERT INTO recipe_cook(recipe_id, cook_id) VALUES (32, 126);
INSERT INTO recipe_cook(recipe_id, cook_id) VALUES (32, 197);
INSERT INTO recipe_cook(recipe_id, cook_id) VALUES (32, 102);
INSERT INTO recipe_cook(recipe_id, cook_id) VALUES (32, 143);
INSERT INTO recipe_cook(recipe_id, cook_id) VALUES (32, 191);
INSERT INTO recipe_cook(recipe_id, cook_id) VALUES (32, 20);
INSERT INTO recipe_cook(recipe_id, cook_id) VALUES (32, 22);
INSERT INTO recipe_cook(recipe_id, cook_id) VALUES (32, 33);
INSERT INTO recipe_cook(recipe_id, cook_id) VALUES (32, 166);
INSERT INTO recipe_cook(recipe_id, cook_id) VALUES (32, 129);
INSERT INTO recipe_cook(recipe_id, cook_id) VALUES (32, 32);
INSERT INTO recipe_cook(recipe_id, cook_id) VALUES (32, 164);
INSERT INTO recipe_cook(recipe_id, cook_id) VALUES (32, 180);
INSERT INTO recipe_cook(recipe_id, cook_id) VALUES (32, 151);
INSERT INTO recipe_cook(recipe_id, cook_id) VALUES (32, 1);
INSERT INTO recipe_cook(recipe_id, cook_id) VALUES (32, 43);
INSERT INTO recipe_cook(recipe_id, cook_id) VALUES (32, 100);
INSERT INTO recipe_cook(recipe_id, cook_id) VALUES (32, 173);
INSERT INTO recipe_cook(recipe_id, cook_id) VALUES (32, 25);
INSERT INTO recipe_cook(recipe_id, cook_id) VALUES (32, 199);
INSERT INTO recipe_cook(recipe_id, cook_id) VALUES (32, 198);
INSERT INTO recipe_cook(recipe_id, cook_id) VALUES (32, 170);
INSERT INTO recipe_cook(recipe_id, cook_id) VALUES (32, 187);
INSERT INTO recipe_cook(recipe_id, cook_id) VALUES (32, 42);
INSERT INTO recipe_cook(recipe_id, cook_id) VALUES (32, 48);
INSERT INTO recipe_cook(recipe_id, cook_id) VALUES (32, 72);
INSERT INTO recipe_cook(recipe_id, cook_id) VALUES (32, 37);
INSERT INTO recipe_cook(recipe_id, cook_id) VALUES (32, 176);
INSERT INTO recipe_cook(recipe_id, cook_id) VALUES (32, 83);
INSERT INTO recipe_cook(recipe_id, cook_id) VALUES (32, 50);
INSERT INTO recipe_cook(recipe_id, cook_id) VALUES (32, 109);
INSERT INTO recipe_cook(recipe_id, cook_id) VALUES (32, 171);
INSERT INTO recipe_cook(recipe_id, cook_id) VALUES (32, 152);
INSERT INTO recipe_cook(recipe_id, cook_id) VALUES (32, 52);
INSERT INTO recipe_cook(recipe_id, cook_id) VALUES (32, 118);
INSERT INTO recipe_cook(recipe_id, cook_id) VALUES (32, 99);
INSERT INTO recipe_cook(recipe_id, cook_id) VALUES (32, 57);
INSERT INTO recipe_cook(recipe_id, cook_id) VALUES (32, 147);
INSERT INTO recipe_cook(recipe_id, cook_id) VALUES (32, 135);
INSERT INTO recipe_cook(recipe_id, cook_id) VALUES (32, 155);
INSERT INTO recipe_cook(recipe_id, cook_id) VALUES (32, 142);
INSERT INTO recipe_cook(recipe_id, cook_id) VALUES (32, 186);
INSERT INTO recipe_cook(recipe_id, cook_id) VALUES (32, 177);
INSERT INTO recipe_cook(recipe_id, cook_id) VALUES (32, 160);
INSERT INTO recipe_cook(recipe_id, cook_id) VALUES (32, 53);
INSERT INTO recipe_cook(recipe_id, cook_id) VALUES (32, 34);
INSERT INTO recipe_cook(recipe_id, cook_id) VALUES (32, 145);
INSERT INTO recipe_cook(recipe_id, cook_id) VALUES (32, 104);
INSERT INTO recipe_cook(recipe_id, cook_id) VALUES (32, 105);
INSERT INTO recipe_cook(recipe_id, cook_id) VALUES (32, 136);
INSERT INTO recipe_cook(recipe_id, cook_id) VALUES (32, 181);
INSERT INTO recipe_cook(recipe_id, cook_id) VALUES (32, 131);
INSERT INTO recipe_cook(recipe_id, cook_id) VALUES (32, 122);
INSERT INTO recipe_cook(recipe_id, cook_id) VALUES (32, 71);
INSERT INTO recipe_cook(recipe_id, cook_id) VALUES (32, 138);
INSERT INTO recipe_cook(recipe_id, cook_id) VALUES (32, 124);
INSERT INTO recipe_cook(recipe_id, cook_id) VALUES (32, 23);
INSERT INTO recipe_cook(recipe_id, cook_id) VALUES (32, 193);
INSERT INTO recipe_cook(recipe_id, cook_id) VALUES (32, 110);
INSERT INTO recipe_cook(recipe_id, cook_id) VALUES (32, 6);
INSERT INTO recipe_cook(recipe_id, cook_id) VALUES (32, 75);
INSERT INTO recipe_cook(recipe_id, cook_id) VALUES (32, 132);
INSERT INTO recipe_cook(recipe_id, cook_id) VALUES (32, 28);
INSERT INTO recipe_theme(recipe_id, theme_id) VALUES (32, 17);
INSERT INTO recipe_theme(recipe_id, theme_id) VALUES (32, 15);
INSERT INTO recipe_theme(recipe_id, theme_id) VALUES (32, 34);
INSERT INTO recipe_tip(recipe_id, tip_id) VALUES (32, 15);

INSERT INTO recipe(baking, cuisine_id, difficulty, title, recipe_description, prep_time, cook_time, portions, fat_portion, protein_portion, carbo_portion, picture, picture_description) VALUES(1, 33, 1,'Caprese Salad', 'Thing seek either idea indicate. Expect great mean down. Enjoy remain consumer concern trip answer.', 85, 0, 4, 5, 65,10, 'https://placekitten.com/793/960', 'Hair consumer themselves.');
INSERT INTO recipe_meal_type(recipe_id, meal_type_id) VALUES (33, 2);
INSERT INTO recipe_tag(recipe_id, tag_id) VALUES (33, 19);
INSERT INTO recipe_tag(recipe_id, tag_id) VALUES (33, 41);
INSERT INTO recipe_tag(recipe_id, tag_id) VALUES (33, 59);
INSERT INTO recipe_tag(recipe_id, tag_id) VALUES (33, 22);
INSERT INTO recipe_tag(recipe_id, tag_id) VALUES (33, 82);
INSERT INTO recipe_tag(recipe_id, tag_id) VALUES (33, 28);
INSERT INTO recipe_tag(recipe_id, tag_id) VALUES (33, 70);
INSERT INTO recipe_equipment(recipe_id, equipment_id, num) VALUES (33, 14, 4);
INSERT INTO recipe_equipment(recipe_id, equipment_id, num) VALUES (33, 8, 1);
INSERT INTO recipe_equipment(recipe_id, equipment_id, num) VALUES (33, 7, 1);
INSERT INTO recipe_equipment(recipe_id, equipment_id, num) VALUES (33, 19, 2);
INSERT INTO recipe_equipment(recipe_id, equipment_id, num) VALUES (33, 6, 2);
INSERT INTO recipe_cook(recipe_id, cook_id) VALUES (33, 92);
INSERT INTO recipe_cook(recipe_id, cook_id) VALUES (33, 159);
INSERT INTO recipe_cook(recipe_id, cook_id) VALUES (33, 112);
INSERT INTO recipe_cook(recipe_id, cook_id) VALUES (33, 78);
INSERT INTO recipe_cook(recipe_id, cook_id) VALUES (33, 80);
INSERT INTO recipe_cook(recipe_id, cook_id) VALUES (33, 42);
INSERT INTO recipe_cook(recipe_id, cook_id) VALUES (33, 163);
INSERT INTO recipe_cook(recipe_id, cook_id) VALUES (33, 56);
INSERT INTO recipe_cook(recipe_id, cook_id) VALUES (33, 115);
INSERT INTO recipe_cook(recipe_id, cook_id) VALUES (33, 22);
INSERT INTO recipe_cook(recipe_id, cook_id) VALUES (33, 37);
INSERT INTO recipe_cook(recipe_id, cook_id) VALUES (33, 50);
INSERT INTO recipe_cook(recipe_id, cook_id) VALUES (33, 151);
INSERT INTO recipe_cook(recipe_id, cook_id) VALUES (33, 81);
INSERT INTO recipe_cook(recipe_id, cook_id) VALUES (33, 32);
INSERT INTO recipe_cook(recipe_id, cook_id) VALUES (33, 130);
INSERT INTO recipe_cook(recipe_id, cook_id) VALUES (33, 76);
INSERT INTO recipe_cook(recipe_id, cook_id) VALUES (33, 48);
INSERT INTO recipe_cook(recipe_id, cook_id) VALUES (33, 107);
INSERT INTO recipe_cook(recipe_id, cook_id) VALUES (33, 123);
INSERT INTO recipe_cook(recipe_id, cook_id) VALUES (33, 113);
INSERT INTO recipe_cook(recipe_id, cook_id) VALUES (33, 152);
INSERT INTO recipe_cook(recipe_id, cook_id) VALUES (33, 125);
INSERT INTO recipe_cook(recipe_id, cook_id) VALUES (33, 122);
INSERT INTO recipe_cook(recipe_id, cook_id) VALUES (33, 71);
INSERT INTO recipe_cook(recipe_id, cook_id) VALUES (33, 121);
INSERT INTO recipe_cook(recipe_id, cook_id) VALUES (33, 133);
INSERT INTO recipe_cook(recipe_id, cook_id) VALUES (33, 51);
INSERT INTO recipe_cook(recipe_id, cook_id) VALUES (33, 175);
INSERT INTO recipe_cook(recipe_id, cook_id) VALUES (33, 179);
INSERT INTO recipe_cook(recipe_id, cook_id) VALUES (33, 131);
INSERT INTO recipe_cook(recipe_id, cook_id) VALUES (33, 38);
INSERT INTO recipe_cook(recipe_id, cook_id) VALUES (33, 129);
INSERT INTO recipe_cook(recipe_id, cook_id) VALUES (33, 44);
INSERT INTO recipe_cook(recipe_id, cook_id) VALUES (33, 60);
INSERT INTO recipe_cook(recipe_id, cook_id) VALUES (33, 19);
INSERT INTO recipe_cook(recipe_id, cook_id) VALUES (33, 91);
INSERT INTO recipe_cook(recipe_id, cook_id) VALUES (33, 99);
INSERT INTO recipe_cook(recipe_id, cook_id) VALUES (33, 18);
INSERT INTO recipe_cook(recipe_id, cook_id) VALUES (33, 104);
INSERT INTO recipe_cook(recipe_id, cook_id) VALUES (33, 26);
INSERT INTO recipe_cook(recipe_id, cook_id) VALUES (33, 164);
INSERT INTO recipe_cook(recipe_id, cook_id) VALUES (33, 109);
INSERT INTO recipe_cook(recipe_id, cook_id) VALUES (33, 86);
INSERT INTO recipe_cook(recipe_id, cook_id) VALUES (33, 199);
INSERT INTO recipe_cook(recipe_id, cook_id) VALUES (33, 101);
INSERT INTO recipe_cook(recipe_id, cook_id) VALUES (33, 39);
INSERT INTO recipe_cook(recipe_id, cook_id) VALUES (33, 120);
INSERT INTO recipe_cook(recipe_id, cook_id) VALUES (33, 147);
INSERT INTO recipe_cook(recipe_id, cook_id) VALUES (33, 141);
INSERT INTO recipe_cook(recipe_id, cook_id) VALUES (33, 2);
INSERT INTO recipe_cook(recipe_id, cook_id) VALUES (33, 11);
INSERT INTO recipe_cook(recipe_id, cook_id) VALUES (33, 181);
INSERT INTO recipe_cook(recipe_id, cook_id) VALUES (33, 156);
INSERT INTO recipe_cook(recipe_id, cook_id) VALUES (33, 170);
INSERT INTO recipe_cook(recipe_id, cook_id) VALUES (33, 103);
INSERT INTO recipe_cook(recipe_id, cook_id) VALUES (33, 111);
INSERT INTO recipe_cook(recipe_id, cook_id) VALUES (33, 77);
INSERT INTO recipe_cook(recipe_id, cook_id) VALUES (33, 41);
INSERT INTO recipe_cook(recipe_id, cook_id) VALUES (33, 150);
INSERT INTO recipe_cook(recipe_id, cook_id) VALUES (33, 169);
INSERT INTO recipe_cook(recipe_id, cook_id) VALUES (33, 94);
INSERT INTO recipe_cook(recipe_id, cook_id) VALUES (33, 145);
INSERT INTO recipe_cook(recipe_id, cook_id) VALUES (33, 84);
INSERT INTO recipe_cook(recipe_id, cook_id) VALUES (33, 57);
INSERT INTO recipe_cook(recipe_id, cook_id) VALUES (33, 88);
INSERT INTO recipe_cook(recipe_id, cook_id) VALUES (33, 142);
INSERT INTO recipe_cook(recipe_id, cook_id) VALUES (33, 161);
INSERT INTO recipe_cook(recipe_id, cook_id) VALUES (33, 47);
INSERT INTO recipe_cook(recipe_id, cook_id) VALUES (33, 74);
INSERT INTO recipe_cook(recipe_id, cook_id) VALUES (33, 30);
INSERT INTO recipe_cook(recipe_id, cook_id) VALUES (33, 35);
INSERT INTO recipe_cook(recipe_id, cook_id) VALUES (33, 7);
INSERT INTO recipe_cook(recipe_id, cook_id) VALUES (33, 79);
INSERT INTO recipe_cook(recipe_id, cook_id) VALUES (33, 195);
INSERT INTO recipe_cook(recipe_id, cook_id) VALUES (33, 174);
INSERT INTO recipe_cook(recipe_id, cook_id) VALUES (33, 62);
INSERT INTO recipe_cook(recipe_id, cook_id) VALUES (33, 136);
INSERT INTO recipe_cook(recipe_id, cook_id) VALUES (33, 64);
INSERT INTO recipe_cook(recipe_id, cook_id) VALUES (33, 36);
INSERT INTO recipe_cook(recipe_id, cook_id) VALUES (33, 132);
INSERT INTO recipe_cook(recipe_id, cook_id) VALUES (33, 67);
INSERT INTO recipe_cook(recipe_id, cook_id) VALUES (33, 192);
INSERT INTO recipe_cook(recipe_id, cook_id) VALUES (33, 3);
INSERT INTO recipe_cook(recipe_id, cook_id) VALUES (33, 45);
INSERT INTO recipe_cook(recipe_id, cook_id) VALUES (33, 176);
INSERT INTO recipe_cook(recipe_id, cook_id) VALUES (33, 69);
INSERT INTO recipe_cook(recipe_id, cook_id) VALUES (33, 102);
INSERT INTO recipe_cook(recipe_id, cook_id) VALUES (33, 126);
INSERT INTO recipe_cook(recipe_id, cook_id) VALUES (33, 82);
INSERT INTO recipe_cook(recipe_id, cook_id) VALUES (33, 124);
INSERT INTO recipe_cook(recipe_id, cook_id) VALUES (33, 15);
INSERT INTO recipe_cook(recipe_id, cook_id) VALUES (33, 43);
INSERT INTO recipe_cook(recipe_id, cook_id) VALUES (33, 33);
INSERT INTO recipe_cook(recipe_id, cook_id) VALUES (33, 189);
INSERT INTO recipe_cook(recipe_id, cook_id) VALUES (33, 127);
INSERT INTO recipe_cook(recipe_id, cook_id) VALUES (33, 197);
INSERT INTO recipe_cook(recipe_id, cook_id) VALUES (33, 73);
INSERT INTO recipe_cook(recipe_id, cook_id) VALUES (33, 155);
INSERT INTO recipe_cook(recipe_id, cook_id) VALUES (33, 34);
INSERT INTO recipe_cook(recipe_id, cook_id) VALUES (33, 117);
INSERT INTO recipe_cook(recipe_id, cook_id) VALUES (33, 183);
INSERT INTO recipe_cook(recipe_id, cook_id) VALUES (33, 106);
INSERT INTO recipe_cook(recipe_id, cook_id) VALUES (33, 9);
INSERT INTO recipe_cook(recipe_id, cook_id) VALUES (33, 153);
INSERT INTO recipe_theme(recipe_id, theme_id) VALUES (33, 35);
INSERT INTO recipe_theme(recipe_id, theme_id) VALUES (33, 1);
INSERT INTO recipe_theme(recipe_id, theme_id) VALUES (33, 18);
INSERT INTO recipe_tip(recipe_id, tip_id) VALUES (33, 19);
INSERT INTO recipe_tip(recipe_id, tip_id) VALUES (33, 32);

INSERT INTO recipe(baking, cuisine_id, difficulty, title, recipe_description, prep_time, cook_time, portions, fat_portion, protein_portion, carbo_portion, picture, picture_description) VALUES(0, 48, 2,'Lamb Rogan Josh', 'Believe network nation important personal. Source firm available yes price glass. Food real nothing tree claim gas reality.', 35, 40, 2, 15, 0,65, 'https://picsum.photos/955/928', 'Little audience man inside modern hundred.');
INSERT INTO recipe_meal_type(recipe_id, meal_type_id) VALUES (34, 1);
INSERT INTO recipe_tag(recipe_id, tag_id) VALUES (34, 16);
INSERT INTO recipe_tag(recipe_id, tag_id) VALUES (34, 94);
INSERT INTO recipe_tag(recipe_id, tag_id) VALUES (34, 93);
INSERT INTO recipe_tag(recipe_id, tag_id) VALUES (34, 14);
INSERT INTO recipe_tag(recipe_id, tag_id) VALUES (34, 19);
INSERT INTO recipe_equipment(recipe_id, equipment_id, num) VALUES (34, 18, 4);
INSERT INTO recipe_equipment(recipe_id, equipment_id, num) VALUES (34, 3, 3);
INSERT INTO recipe_equipment(recipe_id, equipment_id, num) VALUES (34, 5, 1);
INSERT INTO recipe_equipment(recipe_id, equipment_id, num) VALUES (34, 14, 1);
INSERT INTO recipe_equipment(recipe_id, equipment_id, num) VALUES (34, 7, 4);
INSERT INTO recipe_equipment(recipe_id, equipment_id, num) VALUES (34, 1, 3);
INSERT INTO recipe_equipment(recipe_id, equipment_id, num) VALUES (34, 12, 2);
INSERT INTO recipe_cook(recipe_id, cook_id) VALUES (34, 187);
INSERT INTO recipe_cook(recipe_id, cook_id) VALUES (34, 99);
INSERT INTO recipe_cook(recipe_id, cook_id) VALUES (34, 109);
INSERT INTO recipe_cook(recipe_id, cook_id) VALUES (34, 24);
INSERT INTO recipe_cook(recipe_id, cook_id) VALUES (34, 162);
INSERT INTO recipe_cook(recipe_id, cook_id) VALUES (34, 182);
INSERT INTO recipe_cook(recipe_id, cook_id) VALUES (34, 193);
INSERT INTO recipe_cook(recipe_id, cook_id) VALUES (34, 46);
INSERT INTO recipe_cook(recipe_id, cook_id) VALUES (34, 153);
INSERT INTO recipe_cook(recipe_id, cook_id) VALUES (34, 33);
INSERT INTO recipe_cook(recipe_id, cook_id) VALUES (34, 78);
INSERT INTO recipe_cook(recipe_id, cook_id) VALUES (34, 10);
INSERT INTO recipe_cook(recipe_id, cook_id) VALUES (34, 22);
INSERT INTO recipe_cook(recipe_id, cook_id) VALUES (34, 15);
INSERT INTO recipe_cook(recipe_id, cook_id) VALUES (34, 42);
INSERT INTO recipe_cook(recipe_id, cook_id) VALUES (34, 32);
INSERT INTO recipe_cook(recipe_id, cook_id) VALUES (34, 189);
INSERT INTO recipe_cook(recipe_id, cook_id) VALUES (34, 6);
INSERT INTO recipe_cook(recipe_id, cook_id) VALUES (34, 84);
INSERT INTO recipe_cook(recipe_id, cook_id) VALUES (34, 178);
INSERT INTO recipe_cook(recipe_id, cook_id) VALUES (34, 196);
INSERT INTO recipe_cook(recipe_id, cook_id) VALUES (34, 44);
INSERT INTO recipe_cook(recipe_id, cook_id) VALUES (34, 29);
INSERT INTO recipe_cook(recipe_id, cook_id) VALUES (34, 119);
INSERT INTO recipe_cook(recipe_id, cook_id) VALUES (34, 186);
INSERT INTO recipe_cook(recipe_id, cook_id) VALUES (34, 28);
INSERT INTO recipe_cook(recipe_id, cook_id) VALUES (34, 47);
INSERT INTO recipe_cook(recipe_id, cook_id) VALUES (34, 51);
INSERT INTO recipe_cook(recipe_id, cook_id) VALUES (34, 156);
INSERT INTO recipe_cook(recipe_id, cook_id) VALUES (34, 92);
INSERT INTO recipe_cook(recipe_id, cook_id) VALUES (34, 173);
INSERT INTO recipe_cook(recipe_id, cook_id) VALUES (34, 93);
INSERT INTO recipe_cook(recipe_id, cook_id) VALUES (34, 31);
INSERT INTO recipe_cook(recipe_id, cook_id) VALUES (34, 112);
INSERT INTO recipe_cook(recipe_id, cook_id) VALUES (34, 195);
INSERT INTO recipe_cook(recipe_id, cook_id) VALUES (34, 101);
INSERT INTO recipe_cook(recipe_id, cook_id) VALUES (34, 105);
INSERT INTO recipe_cook(recipe_id, cook_id) VALUES (34, 65);
INSERT INTO recipe_cook(recipe_id, cook_id) VALUES (34, 115);
INSERT INTO recipe_cook(recipe_id, cook_id) VALUES (34, 60);
INSERT INTO recipe_cook(recipe_id, cook_id) VALUES (34, 124);
INSERT INTO recipe_cook(recipe_id, cook_id) VALUES (34, 7);
INSERT INTO recipe_cook(recipe_id, cook_id) VALUES (34, 45);
INSERT INTO recipe_cook(recipe_id, cook_id) VALUES (34, 43);
INSERT INTO recipe_cook(recipe_id, cook_id) VALUES (34, 174);
INSERT INTO recipe_cook(recipe_id, cook_id) VALUES (34, 39);
INSERT INTO recipe_cook(recipe_id, cook_id) VALUES (34, 90);
INSERT INTO recipe_cook(recipe_id, cook_id) VALUES (34, 16);
INSERT INTO recipe_cook(recipe_id, cook_id) VALUES (34, 180);
INSERT INTO recipe_cook(recipe_id, cook_id) VALUES (34, 136);
INSERT INTO recipe_cook(recipe_id, cook_id) VALUES (34, 9);
INSERT INTO recipe_cook(recipe_id, cook_id) VALUES (34, 113);
INSERT INTO recipe_cook(recipe_id, cook_id) VALUES (34, 141);
INSERT INTO recipe_cook(recipe_id, cook_id) VALUES (34, 4);
INSERT INTO recipe_cook(recipe_id, cook_id) VALUES (34, 116);
INSERT INTO recipe_cook(recipe_id, cook_id) VALUES (34, 149);
INSERT INTO recipe_cook(recipe_id, cook_id) VALUES (34, 183);
INSERT INTO recipe_cook(recipe_id, cook_id) VALUES (34, 87);
INSERT INTO recipe_cook(recipe_id, cook_id) VALUES (34, 102);
INSERT INTO recipe_cook(recipe_id, cook_id) VALUES (34, 131);
INSERT INTO recipe_cook(recipe_id, cook_id) VALUES (34, 38);
INSERT INTO recipe_cook(recipe_id, cook_id) VALUES (34, 13);
INSERT INTO recipe_cook(recipe_id, cook_id) VALUES (34, 133);
INSERT INTO recipe_cook(recipe_id, cook_id) VALUES (34, 37);
INSERT INTO recipe_cook(recipe_id, cook_id) VALUES (34, 128);
INSERT INTO recipe_cook(recipe_id, cook_id) VALUES (34, 158);
INSERT INTO recipe_cook(recipe_id, cook_id) VALUES (34, 199);
INSERT INTO recipe_cook(recipe_id, cook_id) VALUES (34, 41);
INSERT INTO recipe_cook(recipe_id, cook_id) VALUES (34, 2);
INSERT INTO recipe_cook(recipe_id, cook_id) VALUES (34, 129);
INSERT INTO recipe_cook(recipe_id, cook_id) VALUES (34, 132);
INSERT INTO recipe_cook(recipe_id, cook_id) VALUES (34, 169);
INSERT INTO recipe_cook(recipe_id, cook_id) VALUES (34, 107);
INSERT INTO recipe_cook(recipe_id, cook_id) VALUES (34, 91);
INSERT INTO recipe_cook(recipe_id, cook_id) VALUES (34, 86);
INSERT INTO recipe_cook(recipe_id, cook_id) VALUES (34, 25);
INSERT INTO recipe_cook(recipe_id, cook_id) VALUES (34, 73);
INSERT INTO recipe_cook(recipe_id, cook_id) VALUES (34, 49);
INSERT INTO recipe_cook(recipe_id, cook_id) VALUES (34, 94);
INSERT INTO recipe_cook(recipe_id, cook_id) VALUES (34, 85);
INSERT INTO recipe_cook(recipe_id, cook_id) VALUES (34, 53);
INSERT INTO recipe_cook(recipe_id, cook_id) VALUES (34, 157);
INSERT INTO recipe_cook(recipe_id, cook_id) VALUES (34, 62);
INSERT INTO recipe_cook(recipe_id, cook_id) VALUES (34, 75);
INSERT INTO recipe_cook(recipe_id, cook_id) VALUES (34, 79);
INSERT INTO recipe_cook(recipe_id, cook_id) VALUES (34, 21);
INSERT INTO recipe_cook(recipe_id, cook_id) VALUES (34, 138);
INSERT INTO recipe_cook(recipe_id, cook_id) VALUES (34, 123);
INSERT INTO recipe_cook(recipe_id, cook_id) VALUES (34, 125);
INSERT INTO recipe_cook(recipe_id, cook_id) VALUES (34, 35);
INSERT INTO recipe_cook(recipe_id, cook_id) VALUES (34, 175);
INSERT INTO recipe_cook(recipe_id, cook_id) VALUES (34, 142);
INSERT INTO recipe_cook(recipe_id, cook_id) VALUES (34, 126);
INSERT INTO recipe_cook(recipe_id, cook_id) VALUES (34, 165);
INSERT INTO recipe_cook(recipe_id, cook_id) VALUES (34, 146);
INSERT INTO recipe_cook(recipe_id, cook_id) VALUES (34, 1);
INSERT INTO recipe_cook(recipe_id, cook_id) VALUES (34, 117);
INSERT INTO recipe_cook(recipe_id, cook_id) VALUES (34, 89);
INSERT INTO recipe_cook(recipe_id, cook_id) VALUES (34, 176);
INSERT INTO recipe_cook(recipe_id, cook_id) VALUES (34, 114);
INSERT INTO recipe_cook(recipe_id, cook_id) VALUES (34, 83);
INSERT INTO recipe_cook(recipe_id, cook_id) VALUES (34, 97);
INSERT INTO recipe_cook(recipe_id, cook_id) VALUES (34, 72);
INSERT INTO recipe_cook(recipe_id, cook_id) VALUES (34, 34);
INSERT INTO recipe_cook(recipe_id, cook_id) VALUES (34, 106);
INSERT INTO recipe_cook(recipe_id, cook_id) VALUES (34, 179);
INSERT INTO recipe_cook(recipe_id, cook_id) VALUES (34, 152);
INSERT INTO recipe_cook(recipe_id, cook_id) VALUES (34, 74);
INSERT INTO recipe_cook(recipe_id, cook_id) VALUES (34, 70);
INSERT INTO recipe_cook(recipe_id, cook_id) VALUES (34, 63);
INSERT INTO recipe_cook(recipe_id, cook_id) VALUES (34, 36);
INSERT INTO recipe_cook(recipe_id, cook_id) VALUES (34, 11);
INSERT INTO recipe_cook(recipe_id, cook_id) VALUES (34, 127);
INSERT INTO recipe_cook(recipe_id, cook_id) VALUES (34, 144);
INSERT INTO recipe_cook(recipe_id, cook_id) VALUES (34, 20);
INSERT INTO recipe_cook(recipe_id, cook_id) VALUES (34, 55);
INSERT INTO recipe_cook(recipe_id, cook_id) VALUES (34, 103);
INSERT INTO recipe_cook(recipe_id, cook_id) VALUES (34, 148);
INSERT INTO recipe_cook(recipe_id, cook_id) VALUES (34, 54);
INSERT INTO recipe_cook(recipe_id, cook_id) VALUES (34, 140);
INSERT INTO recipe_cook(recipe_id, cook_id) VALUES (34, 76);
INSERT INTO recipe_cook(recipe_id, cook_id) VALUES (34, 163);
INSERT INTO recipe_cook(recipe_id, cook_id) VALUES (34, 121);
INSERT INTO recipe_cook(recipe_id, cook_id) VALUES (34, 164);
INSERT INTO recipe_cook(recipe_id, cook_id) VALUES (34, 12);
INSERT INTO recipe_cook(recipe_id, cook_id) VALUES (34, 18);
INSERT INTO recipe_cook(recipe_id, cook_id) VALUES (34, 14);
INSERT INTO recipe_cook(recipe_id, cook_id) VALUES (34, 145);
INSERT INTO recipe_theme(recipe_id, theme_id) VALUES (34, 8);
INSERT INTO recipe_theme(recipe_id, theme_id) VALUES (34, 39);
INSERT INTO recipe_tip(recipe_id, tip_id) VALUES (34, 29);
INSERT INTO recipe_tip(recipe_id, tip_id) VALUES (34, 17);

INSERT INTO recipe(baking, cuisine_id, difficulty, title, recipe_description, prep_time, cook_time, portions, fat_portion, protein_portion, carbo_portion, picture, picture_description) VALUES(0, 42, 3,'Bread Pudding', 'Quite gas compare prove just kitchen. Wait agency identify. Think southern move work able. Nothing keep always child bit thought.', 55, 120, 3, 15, 40,80, 'https://dummyimage.com/781x953', 'Commercial project phone ball win blood.');
INSERT INTO recipe_meal_type(recipe_id, meal_type_id) VALUES (35, 6);
INSERT INTO recipe_tag(recipe_id, tag_id) VALUES (35, 99);
INSERT INTO recipe_tag(recipe_id, tag_id) VALUES (35, 74);
INSERT INTO recipe_tag(recipe_id, tag_id) VALUES (35, 89);
INSERT INTO recipe_tag(recipe_id, tag_id) VALUES (35, 83);
INSERT INTO recipe_tag(recipe_id, tag_id) VALUES (35, 98);
INSERT INTO recipe_tag(recipe_id, tag_id) VALUES (35, 36);
INSERT INTO recipe_tag(recipe_id, tag_id) VALUES (35, 59);
INSERT INTO recipe_equipment(recipe_id, equipment_id, num) VALUES (35, 13, 4);
INSERT INTO recipe_equipment(recipe_id, equipment_id, num) VALUES (35, 16, 1);
INSERT INTO recipe_equipment(recipe_id, equipment_id, num) VALUES (35, 4, 3);
INSERT INTO recipe_equipment(recipe_id, equipment_id, num) VALUES (35, 2, 2);
INSERT INTO recipe_equipment(recipe_id, equipment_id, num) VALUES (35, 5, 4);
INSERT INTO recipe_cook(recipe_id, cook_id) VALUES (35, 76);
INSERT INTO recipe_cook(recipe_id, cook_id) VALUES (35, 14);
INSERT INTO recipe_cook(recipe_id, cook_id) VALUES (35, 155);
INSERT INTO recipe_cook(recipe_id, cook_id) VALUES (35, 139);
INSERT INTO recipe_cook(recipe_id, cook_id) VALUES (35, 189);
INSERT INTO recipe_cook(recipe_id, cook_id) VALUES (35, 190);
INSERT INTO recipe_cook(recipe_id, cook_id) VALUES (35, 34);
INSERT INTO recipe_cook(recipe_id, cook_id) VALUES (35, 91);
INSERT INTO recipe_cook(recipe_id, cook_id) VALUES (35, 164);
INSERT INTO recipe_cook(recipe_id, cook_id) VALUES (35, 97);
INSERT INTO recipe_cook(recipe_id, cook_id) VALUES (35, 64);
INSERT INTO recipe_cook(recipe_id, cook_id) VALUES (35, 67);
INSERT INTO recipe_cook(recipe_id, cook_id) VALUES (35, 130);
INSERT INTO recipe_cook(recipe_id, cook_id) VALUES (35, 9);
INSERT INTO recipe_cook(recipe_id, cook_id) VALUES (35, 114);
INSERT INTO recipe_cook(recipe_id, cook_id) VALUES (35, 123);
INSERT INTO recipe_cook(recipe_id, cook_id) VALUES (35, 7);
INSERT INTO recipe_cook(recipe_id, cook_id) VALUES (35, 23);
INSERT INTO recipe_cook(recipe_id, cook_id) VALUES (35, 21);
INSERT INTO recipe_cook(recipe_id, cook_id) VALUES (35, 187);
INSERT INTO recipe_cook(recipe_id, cook_id) VALUES (35, 56);
INSERT INTO recipe_cook(recipe_id, cook_id) VALUES (35, 119);
INSERT INTO recipe_cook(recipe_id, cook_id) VALUES (35, 154);
INSERT INTO recipe_cook(recipe_id, cook_id) VALUES (35, 121);
INSERT INTO recipe_cook(recipe_id, cook_id) VALUES (35, 182);
INSERT INTO recipe_cook(recipe_id, cook_id) VALUES (35, 75);
INSERT INTO recipe_cook(recipe_id, cook_id) VALUES (35, 88);
INSERT INTO recipe_cook(recipe_id, cook_id) VALUES (35, 156);
INSERT INTO recipe_cook(recipe_id, cook_id) VALUES (35, 48);
INSERT INTO recipe_cook(recipe_id, cook_id) VALUES (35, 35);
INSERT INTO recipe_cook(recipe_id, cook_id) VALUES (35, 166);
INSERT INTO recipe_cook(recipe_id, cook_id) VALUES (35, 31);
INSERT INTO recipe_cook(recipe_id, cook_id) VALUES (35, 170);
INSERT INTO recipe_cook(recipe_id, cook_id) VALUES (35, 172);
INSERT INTO recipe_cook(recipe_id, cook_id) VALUES (35, 129);
INSERT INTO recipe_cook(recipe_id, cook_id) VALUES (35, 196);
INSERT INTO recipe_cook(recipe_id, cook_id) VALUES (35, 87);
INSERT INTO recipe_cook(recipe_id, cook_id) VALUES (35, 43);
INSERT INTO recipe_cook(recipe_id, cook_id) VALUES (35, 42);
INSERT INTO recipe_cook(recipe_id, cook_id) VALUES (35, 58);
INSERT INTO recipe_cook(recipe_id, cook_id) VALUES (35, 122);
INSERT INTO recipe_cook(recipe_id, cook_id) VALUES (35, 161);
INSERT INTO recipe_cook(recipe_id, cook_id) VALUES (35, 65);
INSERT INTO recipe_cook(recipe_id, cook_id) VALUES (35, 165);
INSERT INTO recipe_cook(recipe_id, cook_id) VALUES (35, 16);
INSERT INTO recipe_cook(recipe_id, cook_id) VALUES (35, 57);
INSERT INTO recipe_cook(recipe_id, cook_id) VALUES (35, 162);
INSERT INTO recipe_cook(recipe_id, cook_id) VALUES (35, 78);
INSERT INTO recipe_cook(recipe_id, cook_id) VALUES (35, 17);
INSERT INTO recipe_cook(recipe_id, cook_id) VALUES (35, 99);
INSERT INTO recipe_cook(recipe_id, cook_id) VALUES (35, 137);
INSERT INTO recipe_cook(recipe_id, cook_id) VALUES (35, 186);
INSERT INTO recipe_cook(recipe_id, cook_id) VALUES (35, 55);
INSERT INTO recipe_cook(recipe_id, cook_id) VALUES (35, 26);
INSERT INTO recipe_cook(recipe_id, cook_id) VALUES (35, 107);
INSERT INTO recipe_cook(recipe_id, cook_id) VALUES (35, 177);
INSERT INTO recipe_cook(recipe_id, cook_id) VALUES (35, 81);
INSERT INTO recipe_cook(recipe_id, cook_id) VALUES (35, 173);
INSERT INTO recipe_cook(recipe_id, cook_id) VALUES (35, 151);
INSERT INTO recipe_cook(recipe_id, cook_id) VALUES (35, 60);
INSERT INTO recipe_cook(recipe_id, cook_id) VALUES (35, 179);
INSERT INTO recipe_cook(recipe_id, cook_id) VALUES (35, 124);
INSERT INTO recipe_cook(recipe_id, cook_id) VALUES (35, 136);
INSERT INTO recipe_cook(recipe_id, cook_id) VALUES (35, 51);
INSERT INTO recipe_cook(recipe_id, cook_id) VALUES (35, 157);
INSERT INTO recipe_cook(recipe_id, cook_id) VALUES (35, 178);
INSERT INTO recipe_cook(recipe_id, cook_id) VALUES (35, 134);
INSERT INTO recipe_cook(recipe_id, cook_id) VALUES (35, 169);
INSERT INTO recipe_cook(recipe_id, cook_id) VALUES (35, 82);
INSERT INTO recipe_cook(recipe_id, cook_id) VALUES (35, 104);
INSERT INTO recipe_cook(recipe_id, cook_id) VALUES (35, 163);
INSERT INTO recipe_cook(recipe_id, cook_id) VALUES (35, 36);
INSERT INTO recipe_cook(recipe_id, cook_id) VALUES (35, 145);
INSERT INTO recipe_cook(recipe_id, cook_id) VALUES (35, 61);
INSERT INTO recipe_cook(recipe_id, cook_id) VALUES (35, 195);
INSERT INTO recipe_cook(recipe_id, cook_id) VALUES (35, 120);
INSERT INTO recipe_cook(recipe_id, cook_id) VALUES (35, 171);
INSERT INTO recipe_cook(recipe_id, cook_id) VALUES (35, 73);
INSERT INTO recipe_cook(recipe_id, cook_id) VALUES (35, 167);
INSERT INTO recipe_cook(recipe_id, cook_id) VALUES (35, 13);
INSERT INTO recipe_cook(recipe_id, cook_id) VALUES (35, 71);
INSERT INTO recipe_cook(recipe_id, cook_id) VALUES (35, 126);
INSERT INTO recipe_cook(recipe_id, cook_id) VALUES (35, 98);
INSERT INTO recipe_cook(recipe_id, cook_id) VALUES (35, 200);
INSERT INTO recipe_cook(recipe_id, cook_id) VALUES (35, 188);
INSERT INTO recipe_cook(recipe_id, cook_id) VALUES (35, 176);
INSERT INTO recipe_cook(recipe_id, cook_id) VALUES (35, 44);
INSERT INTO recipe_cook(recipe_id, cook_id) VALUES (35, 128);
INSERT INTO recipe_cook(recipe_id, cook_id) VALUES (35, 160);
INSERT INTO recipe_cook(recipe_id, cook_id) VALUES (35, 49);
INSERT INTO recipe_cook(recipe_id, cook_id) VALUES (35, 15);
INSERT INTO recipe_cook(recipe_id, cook_id) VALUES (35, 18);
INSERT INTO recipe_cook(recipe_id, cook_id) VALUES (35, 140);
INSERT INTO recipe_cook(recipe_id, cook_id) VALUES (35, 175);
INSERT INTO recipe_cook(recipe_id, cook_id) VALUES (35, 37);
INSERT INTO recipe_cook(recipe_id, cook_id) VALUES (35, 116);
INSERT INTO recipe_cook(recipe_id, cook_id) VALUES (35, 50);
INSERT INTO recipe_cook(recipe_id, cook_id) VALUES (35, 74);
INSERT INTO recipe_cook(recipe_id, cook_id) VALUES (35, 125);
INSERT INTO recipe_cook(recipe_id, cook_id) VALUES (35, 183);
INSERT INTO recipe_cook(recipe_id, cook_id) VALUES (35, 41);
INSERT INTO recipe_cook(recipe_id, cook_id) VALUES (35, 142);
INSERT INTO recipe_cook(recipe_id, cook_id) VALUES (35, 4);
INSERT INTO recipe_cook(recipe_id, cook_id) VALUES (35, 100);
INSERT INTO recipe_cook(recipe_id, cook_id) VALUES (35, 27);
INSERT INTO recipe_cook(recipe_id, cook_id) VALUES (35, 59);
INSERT INTO recipe_cook(recipe_id, cook_id) VALUES (35, 143);
INSERT INTO recipe_cook(recipe_id, cook_id) VALUES (35, 106);
INSERT INTO recipe_cook(recipe_id, cook_id) VALUES (35, 95);
INSERT INTO recipe_cook(recipe_id, cook_id) VALUES (35, 144);
INSERT INTO recipe_cook(recipe_id, cook_id) VALUES (35, 112);
INSERT INTO recipe_cook(recipe_id, cook_id) VALUES (35, 185);
INSERT INTO recipe_cook(recipe_id, cook_id) VALUES (35, 174);
INSERT INTO recipe_cook(recipe_id, cook_id) VALUES (35, 47);
INSERT INTO recipe_cook(recipe_id, cook_id) VALUES (35, 62);
INSERT INTO recipe_cook(recipe_id, cook_id) VALUES (35, 132);
INSERT INTO recipe_cook(recipe_id, cook_id) VALUES (35, 147);
INSERT INTO recipe_cook(recipe_id, cook_id) VALUES (35, 70);
INSERT INTO recipe_cook(recipe_id, cook_id) VALUES (35, 101);
INSERT INTO recipe_cook(recipe_id, cook_id) VALUES (35, 192);
INSERT INTO recipe_cook(recipe_id, cook_id) VALUES (35, 25);
INSERT INTO recipe_cook(recipe_id, cook_id) VALUES (35, 153);
INSERT INTO recipe_cook(recipe_id, cook_id) VALUES (35, 80);
INSERT INTO recipe_cook(recipe_id, cook_id) VALUES (35, 39);
INSERT INTO recipe_cook(recipe_id, cook_id) VALUES (35, 38);
INSERT INTO recipe_cook(recipe_id, cook_id) VALUES (35, 32);
INSERT INTO recipe_cook(recipe_id, cook_id) VALUES (35, 181);
INSERT INTO recipe_cook(recipe_id, cook_id) VALUES (35, 54);
INSERT INTO recipe_cook(recipe_id, cook_id) VALUES (35, 2);
INSERT INTO recipe_cook(recipe_id, cook_id) VALUES (35, 96);
INSERT INTO recipe_cook(recipe_id, cook_id) VALUES (35, 10);
INSERT INTO recipe_cook(recipe_id, cook_id) VALUES (35, 102);
INSERT INTO recipe_cook(recipe_id, cook_id) VALUES (35, 66);
INSERT INTO recipe_cook(recipe_id, cook_id) VALUES (35, 158);
INSERT INTO recipe_cook(recipe_id, cook_id) VALUES (35, 94);
INSERT INTO recipe_cook(recipe_id, cook_id) VALUES (35, 133);
INSERT INTO recipe_cook(recipe_id, cook_id) VALUES (35, 110);
INSERT INTO recipe_cook(recipe_id, cook_id) VALUES (35, 149);
INSERT INTO recipe_cook(recipe_id, cook_id) VALUES (35, 19);
INSERT INTO recipe_cook(recipe_id, cook_id) VALUES (35, 141);
INSERT INTO recipe_cook(recipe_id, cook_id) VALUES (35, 184);
INSERT INTO recipe_cook(recipe_id, cook_id) VALUES (35, 113);
INSERT INTO recipe_cook(recipe_id, cook_id) VALUES (35, 63);
INSERT INTO recipe_cook(recipe_id, cook_id) VALUES (35, 117);
INSERT INTO recipe_cook(recipe_id, cook_id) VALUES (35, 46);
INSERT INTO recipe_cook(recipe_id, cook_id) VALUES (35, 105);
INSERT INTO recipe_cook(recipe_id, cook_id) VALUES (35, 1);
INSERT INTO recipe_cook(recipe_id, cook_id) VALUES (35, 109);
INSERT INTO recipe_cook(recipe_id, cook_id) VALUES (35, 118);
INSERT INTO recipe_cook(recipe_id, cook_id) VALUES (35, 28);
INSERT INTO recipe_cook(recipe_id, cook_id) VALUES (35, 6);
INSERT INTO recipe_cook(recipe_id, cook_id) VALUES (35, 53);
INSERT INTO recipe_cook(recipe_id, cook_id) VALUES (35, 115);
INSERT INTO recipe_cook(recipe_id, cook_id) VALUES (35, 93);
INSERT INTO recipe_cook(recipe_id, cook_id) VALUES (35, 45);
INSERT INTO recipe_cook(recipe_id, cook_id) VALUES (35, 89);
INSERT INTO recipe_cook(recipe_id, cook_id) VALUES (35, 33);
INSERT INTO recipe_cook(recipe_id, cook_id) VALUES (35, 69);
INSERT INTO recipe_cook(recipe_id, cook_id) VALUES (35, 85);
INSERT INTO recipe_cook(recipe_id, cook_id) VALUES (35, 198);
INSERT INTO recipe_cook(recipe_id, cook_id) VALUES (35, 197);
INSERT INTO recipe_cook(recipe_id, cook_id) VALUES (35, 12);
INSERT INTO recipe_cook(recipe_id, cook_id) VALUES (35, 180);
INSERT INTO recipe_cook(recipe_id, cook_id) VALUES (35, 193);
INSERT INTO recipe_cook(recipe_id, cook_id) VALUES (35, 92);
INSERT INTO recipe_cook(recipe_id, cook_id) VALUES (35, 77);
INSERT INTO recipe_cook(recipe_id, cook_id) VALUES (35, 108);
INSERT INTO recipe_cook(recipe_id, cook_id) VALUES (35, 127);
INSERT INTO recipe_cook(recipe_id, cook_id) VALUES (35, 199);
INSERT INTO recipe_cook(recipe_id, cook_id) VALUES (35, 30);
INSERT INTO recipe_cook(recipe_id, cook_id) VALUES (35, 52);
INSERT INTO recipe_cook(recipe_id, cook_id) VALUES (35, 103);
INSERT INTO recipe_cook(recipe_id, cook_id) VALUES (35, 86);
INSERT INTO recipe_cook(recipe_id, cook_id) VALUES (35, 24);
INSERT INTO recipe_theme(recipe_id, theme_id) VALUES (35, 21);
INSERT INTO recipe_theme(recipe_id, theme_id) VALUES (35, 25);
INSERT INTO recipe_theme(recipe_id, theme_id) VALUES (35, 26);
INSERT INTO recipe_tip(recipe_id, tip_id) VALUES (35, 2);
INSERT INTO recipe_tip(recipe_id, tip_id) VALUES (35, 5);
INSERT INTO recipe_tip(recipe_id, tip_id) VALUES (35, 39);

INSERT INTO recipe(baking, cuisine_id, difficulty, title, recipe_description, prep_time, cook_time, portions, fat_portion, protein_portion, carbo_portion, picture, picture_description) VALUES(1, 43, 1,'Vegetarian Chili', 'About score too general bill. Person election great know.', 15, 0, 4, 45, 40,60, 'https://dummyimage.com/203x982', 'Decide despite executive send.');
INSERT INTO recipe_meal_type(recipe_id, meal_type_id) VALUES (36, 1);
INSERT INTO recipe_tag(recipe_id, tag_id) VALUES (36, 48);
INSERT INTO recipe_tag(recipe_id, tag_id) VALUES (36, 93);
INSERT INTO recipe_tag(recipe_id, tag_id) VALUES (36, 47);
INSERT INTO recipe_equipment(recipe_id, equipment_id, num) VALUES (36, 5, 3);
INSERT INTO recipe_equipment(recipe_id, equipment_id, num) VALUES (36, 12, 1);
INSERT INTO recipe_equipment(recipe_id, equipment_id, num) VALUES (36, 19, 4);
INSERT INTO recipe_equipment(recipe_id, equipment_id, num) VALUES (36, 9, 3);
INSERT INTO recipe_equipment(recipe_id, equipment_id, num) VALUES (36, 20, 1);
INSERT INTO recipe_equipment(recipe_id, equipment_id, num) VALUES (36, 3, 4);
INSERT INTO recipe_equipment(recipe_id, equipment_id, num) VALUES (36, 15, 2);
INSERT INTO recipe_cook(recipe_id, cook_id) VALUES (36, 39);
INSERT INTO recipe_cook(recipe_id, cook_id) VALUES (36, 29);
INSERT INTO recipe_cook(recipe_id, cook_id) VALUES (36, 151);
INSERT INTO recipe_cook(recipe_id, cook_id) VALUES (36, 32);
INSERT INTO recipe_cook(recipe_id, cook_id) VALUES (36, 41);
INSERT INTO recipe_cook(recipe_id, cook_id) VALUES (36, 80);
INSERT INTO recipe_cook(recipe_id, cook_id) VALUES (36, 129);
INSERT INTO recipe_cook(recipe_id, cook_id) VALUES (36, 146);
INSERT INTO recipe_cook(recipe_id, cook_id) VALUES (36, 148);
INSERT INTO recipe_cook(recipe_id, cook_id) VALUES (36, 25);
INSERT INTO recipe_cook(recipe_id, cook_id) VALUES (36, 144);
INSERT INTO recipe_cook(recipe_id, cook_id) VALUES (36, 128);
INSERT INTO recipe_cook(recipe_id, cook_id) VALUES (36, 106);
INSERT INTO recipe_cook(recipe_id, cook_id) VALUES (36, 119);
INSERT INTO recipe_cook(recipe_id, cook_id) VALUES (36, 140);
INSERT INTO recipe_cook(recipe_id, cook_id) VALUES (36, 4);
INSERT INTO recipe_cook(recipe_id, cook_id) VALUES (36, 15);
INSERT INTO recipe_cook(recipe_id, cook_id) VALUES (36, 61);
INSERT INTO recipe_cook(recipe_id, cook_id) VALUES (36, 109);
INSERT INTO recipe_cook(recipe_id, cook_id) VALUES (36, 36);
INSERT INTO recipe_cook(recipe_id, cook_id) VALUES (36, 183);
INSERT INTO recipe_cook(recipe_id, cook_id) VALUES (36, 2);
INSERT INTO recipe_cook(recipe_id, cook_id) VALUES (36, 62);
INSERT INTO recipe_cook(recipe_id, cook_id) VALUES (36, 92);
INSERT INTO recipe_cook(recipe_id, cook_id) VALUES (36, 178);
INSERT INTO recipe_cook(recipe_id, cook_id) VALUES (36, 24);
INSERT INTO recipe_cook(recipe_id, cook_id) VALUES (36, 123);
INSERT INTO recipe_cook(recipe_id, cook_id) VALUES (36, 198);
INSERT INTO recipe_cook(recipe_id, cook_id) VALUES (36, 100);
INSERT INTO recipe_cook(recipe_id, cook_id) VALUES (36, 110);
INSERT INTO recipe_cook(recipe_id, cook_id) VALUES (36, 86);
INSERT INTO recipe_cook(recipe_id, cook_id) VALUES (36, 122);
INSERT INTO recipe_cook(recipe_id, cook_id) VALUES (36, 11);
INSERT INTO recipe_cook(recipe_id, cook_id) VALUES (36, 57);
INSERT INTO recipe_cook(recipe_id, cook_id) VALUES (36, 13);
INSERT INTO recipe_cook(recipe_id, cook_id) VALUES (36, 116);
INSERT INTO recipe_cook(recipe_id, cook_id) VALUES (36, 194);
INSERT INTO recipe_cook(recipe_id, cook_id) VALUES (36, 176);
INSERT INTO recipe_cook(recipe_id, cook_id) VALUES (36, 10);
INSERT INTO recipe_theme(recipe_id, theme_id) VALUES (36, 12);
INSERT INTO recipe_theme(recipe_id, theme_id) VALUES (36, 13);
INSERT INTO recipe_theme(recipe_id, theme_id) VALUES (36, 5);
INSERT INTO recipe_tip(recipe_id, tip_id) VALUES (36, 6);
INSERT INTO recipe_tip(recipe_id, tip_id) VALUES (36, 22);

INSERT INTO recipe(baking, cuisine_id, difficulty, title, recipe_description, prep_time, cook_time, portions, fat_portion, protein_portion, carbo_portion, picture, picture_description) VALUES(0, 12, 3,'Spring Rolls', 'Still camera respond. Individual task energy morning generation.', 75, 50, 1, 55, 40,65, 'https://dummyimage.com/839x800', 'Doctor people thank kitchen collection me.');
INSERT INTO recipe_meal_type(recipe_id, meal_type_id) VALUES (37, 5);
INSERT INTO recipe_tag(recipe_id, tag_id) VALUES (37, 76);
INSERT INTO recipe_tag(recipe_id, tag_id) VALUES (37, 6);
INSERT INTO recipe_tag(recipe_id, tag_id) VALUES (37, 64);
INSERT INTO recipe_equipment(recipe_id, equipment_id, num) VALUES (37, 6, 2);
INSERT INTO recipe_equipment(recipe_id, equipment_id, num) VALUES (37, 2, 3);
INSERT INTO recipe_equipment(recipe_id, equipment_id, num) VALUES (37, 10, 2);
INSERT INTO recipe_cook(recipe_id, cook_id) VALUES (37, 11);
INSERT INTO recipe_cook(recipe_id, cook_id) VALUES (37, 86);
INSERT INTO recipe_cook(recipe_id, cook_id) VALUES (37, 13);
INSERT INTO recipe_cook(recipe_id, cook_id) VALUES (37, 27);
INSERT INTO recipe_cook(recipe_id, cook_id) VALUES (37, 134);
INSERT INTO recipe_cook(recipe_id, cook_id) VALUES (37, 191);
INSERT INTO recipe_cook(recipe_id, cook_id) VALUES (37, 192);
INSERT INTO recipe_cook(recipe_id, cook_id) VALUES (37, 184);
INSERT INTO recipe_cook(recipe_id, cook_id) VALUES (37, 49);
INSERT INTO recipe_cook(recipe_id, cook_id) VALUES (37, 131);
INSERT INTO recipe_cook(recipe_id, cook_id) VALUES (37, 104);
INSERT INTO recipe_cook(recipe_id, cook_id) VALUES (37, 44);
INSERT INTO recipe_cook(recipe_id, cook_id) VALUES (37, 59);
INSERT INTO recipe_cook(recipe_id, cook_id) VALUES (37, 172);
INSERT INTO recipe_cook(recipe_id, cook_id) VALUES (37, 54);
INSERT INTO recipe_cook(recipe_id, cook_id) VALUES (37, 111);
INSERT INTO recipe_cook(recipe_id, cook_id) VALUES (37, 67);
INSERT INTO recipe_cook(recipe_id, cook_id) VALUES (37, 170);
INSERT INTO recipe_cook(recipe_id, cook_id) VALUES (37, 117);
INSERT INTO recipe_cook(recipe_id, cook_id) VALUES (37, 24);
INSERT INTO recipe_cook(recipe_id, cook_id) VALUES (37, 62);
INSERT INTO recipe_cook(recipe_id, cook_id) VALUES (37, 120);
INSERT INTO recipe_cook(recipe_id, cook_id) VALUES (37, 1);
INSERT INTO recipe_cook(recipe_id, cook_id) VALUES (37, 58);
INSERT INTO recipe_cook(recipe_id, cook_id) VALUES (37, 183);
INSERT INTO recipe_cook(recipe_id, cook_id) VALUES (37, 102);
INSERT INTO recipe_cook(recipe_id, cook_id) VALUES (37, 26);
INSERT INTO recipe_cook(recipe_id, cook_id) VALUES (37, 51);
INSERT INTO recipe_cook(recipe_id, cook_id) VALUES (37, 105);
INSERT INTO recipe_cook(recipe_id, cook_id) VALUES (37, 23);
INSERT INTO recipe_cook(recipe_id, cook_id) VALUES (37, 138);
INSERT INTO recipe_cook(recipe_id, cook_id) VALUES (37, 74);
INSERT INTO recipe_cook(recipe_id, cook_id) VALUES (37, 94);
INSERT INTO recipe_cook(recipe_id, cook_id) VALUES (37, 199);
INSERT INTO recipe_cook(recipe_id, cook_id) VALUES (37, 64);
INSERT INTO recipe_cook(recipe_id, cook_id) VALUES (37, 69);
INSERT INTO recipe_cook(recipe_id, cook_id) VALUES (37, 85);
INSERT INTO recipe_cook(recipe_id, cook_id) VALUES (37, 57);
INSERT INTO recipe_cook(recipe_id, cook_id) VALUES (37, 10);
INSERT INTO recipe_cook(recipe_id, cook_id) VALUES (37, 103);
INSERT INTO recipe_cook(recipe_id, cook_id) VALUES (37, 107);
INSERT INTO recipe_cook(recipe_id, cook_id) VALUES (37, 185);
INSERT INTO recipe_cook(recipe_id, cook_id) VALUES (37, 18);
INSERT INTO recipe_cook(recipe_id, cook_id) VALUES (37, 40);
INSERT INTO recipe_cook(recipe_id, cook_id) VALUES (37, 22);
INSERT INTO recipe_cook(recipe_id, cook_id) VALUES (37, 19);
INSERT INTO recipe_cook(recipe_id, cook_id) VALUES (37, 15);
INSERT INTO recipe_cook(recipe_id, cook_id) VALUES (37, 140);
INSERT INTO recipe_cook(recipe_id, cook_id) VALUES (37, 50);
INSERT INTO recipe_cook(recipe_id, cook_id) VALUES (37, 68);
INSERT INTO recipe_cook(recipe_id, cook_id) VALUES (37, 174);
INSERT INTO recipe_cook(recipe_id, cook_id) VALUES (37, 98);
INSERT INTO recipe_cook(recipe_id, cook_id) VALUES (37, 129);
INSERT INTO recipe_cook(recipe_id, cook_id) VALUES (37, 126);
INSERT INTO recipe_cook(recipe_id, cook_id) VALUES (37, 65);
INSERT INTO recipe_cook(recipe_id, cook_id) VALUES (37, 152);
INSERT INTO recipe_cook(recipe_id, cook_id) VALUES (37, 150);
INSERT INTO recipe_cook(recipe_id, cook_id) VALUES (37, 127);
INSERT INTO recipe_cook(recipe_id, cook_id) VALUES (37, 115);
INSERT INTO recipe_cook(recipe_id, cook_id) VALUES (37, 75);
INSERT INTO recipe_cook(recipe_id, cook_id) VALUES (37, 17);
INSERT INTO recipe_cook(recipe_id, cook_id) VALUES (37, 122);
INSERT INTO recipe_cook(recipe_id, cook_id) VALUES (37, 33);
INSERT INTO recipe_cook(recipe_id, cook_id) VALUES (37, 37);
INSERT INTO recipe_cook(recipe_id, cook_id) VALUES (37, 158);
INSERT INTO recipe_cook(recipe_id, cook_id) VALUES (37, 124);
INSERT INTO recipe_cook(recipe_id, cook_id) VALUES (37, 112);
INSERT INTO recipe_cook(recipe_id, cook_id) VALUES (37, 176);
INSERT INTO recipe_cook(recipe_id, cook_id) VALUES (37, 7);
INSERT INTO recipe_cook(recipe_id, cook_id) VALUES (37, 48);
INSERT INTO recipe_cook(recipe_id, cook_id) VALUES (37, 12);
INSERT INTO recipe_cook(recipe_id, cook_id) VALUES (37, 20);
INSERT INTO recipe_cook(recipe_id, cook_id) VALUES (37, 29);
INSERT INTO recipe_cook(recipe_id, cook_id) VALUES (37, 161);
INSERT INTO recipe_cook(recipe_id, cook_id) VALUES (37, 42);
INSERT INTO recipe_cook(recipe_id, cook_id) VALUES (37, 31);
INSERT INTO recipe_cook(recipe_id, cook_id) VALUES (37, 132);
INSERT INTO recipe_cook(recipe_id, cook_id) VALUES (37, 128);
INSERT INTO recipe_cook(recipe_id, cook_id) VALUES (37, 141);
INSERT INTO recipe_cook(recipe_id, cook_id) VALUES (37, 93);
INSERT INTO recipe_cook(recipe_id, cook_id) VALUES (37, 35);
INSERT INTO recipe_cook(recipe_id, cook_id) VALUES (37, 45);
INSERT INTO recipe_cook(recipe_id, cook_id) VALUES (37, 156);
INSERT INTO recipe_cook(recipe_id, cook_id) VALUES (37, 90);
INSERT INTO recipe_cook(recipe_id, cook_id) VALUES (37, 160);
INSERT INTO recipe_cook(recipe_id, cook_id) VALUES (37, 47);
INSERT INTO recipe_cook(recipe_id, cook_id) VALUES (37, 53);
INSERT INTO recipe_cook(recipe_id, cook_id) VALUES (37, 92);
INSERT INTO recipe_cook(recipe_id, cook_id) VALUES (37, 106);
INSERT INTO recipe_cook(recipe_id, cook_id) VALUES (37, 36);
INSERT INTO recipe_cook(recipe_id, cook_id) VALUES (37, 21);
INSERT INTO recipe_cook(recipe_id, cook_id) VALUES (37, 163);
INSERT INTO recipe_cook(recipe_id, cook_id) VALUES (37, 109);
INSERT INTO recipe_cook(recipe_id, cook_id) VALUES (37, 171);
INSERT INTO recipe_cook(recipe_id, cook_id) VALUES (37, 178);
INSERT INTO recipe_cook(recipe_id, cook_id) VALUES (37, 153);
INSERT INTO recipe_cook(recipe_id, cook_id) VALUES (37, 130);
INSERT INTO recipe_cook(recipe_id, cook_id) VALUES (37, 70);
INSERT INTO recipe_cook(recipe_id, cook_id) VALUES (37, 121);
INSERT INTO recipe_cook(recipe_id, cook_id) VALUES (37, 56);
INSERT INTO recipe_cook(recipe_id, cook_id) VALUES (37, 125);
INSERT INTO recipe_cook(recipe_id, cook_id) VALUES (37, 82);
INSERT INTO recipe_cook(recipe_id, cook_id) VALUES (37, 148);
INSERT INTO recipe_cook(recipe_id, cook_id) VALUES (37, 164);
INSERT INTO recipe_cook(recipe_id, cook_id) VALUES (37, 34);
INSERT INTO recipe_cook(recipe_id, cook_id) VALUES (37, 113);
INSERT INTO recipe_cook(recipe_id, cook_id) VALUES (37, 154);
INSERT INTO recipe_cook(recipe_id, cook_id) VALUES (37, 168);
INSERT INTO recipe_cook(recipe_id, cook_id) VALUES (37, 194);
INSERT INTO recipe_cook(recipe_id, cook_id) VALUES (37, 190);
INSERT INTO recipe_cook(recipe_id, cook_id) VALUES (37, 167);
INSERT INTO recipe_cook(recipe_id, cook_id) VALUES (37, 123);
INSERT INTO recipe_cook(recipe_id, cook_id) VALUES (37, 196);
INSERT INTO recipe_cook(recipe_id, cook_id) VALUES (37, 149);
INSERT INTO recipe_cook(recipe_id, cook_id) VALUES (37, 6);
INSERT INTO recipe_cook(recipe_id, cook_id) VALUES (37, 46);
INSERT INTO recipe_cook(recipe_id, cook_id) VALUES (37, 200);
INSERT INTO recipe_cook(recipe_id, cook_id) VALUES (37, 157);
INSERT INTO recipe_cook(recipe_id, cook_id) VALUES (37, 76);
INSERT INTO recipe_cook(recipe_id, cook_id) VALUES (37, 41);
INSERT INTO recipe_cook(recipe_id, cook_id) VALUES (37, 72);
INSERT INTO recipe_cook(recipe_id, cook_id) VALUES (37, 99);
INSERT INTO recipe_cook(recipe_id, cook_id) VALUES (37, 108);
INSERT INTO recipe_cook(recipe_id, cook_id) VALUES (37, 73);
INSERT INTO recipe_cook(recipe_id, cook_id) VALUES (37, 165);
INSERT INTO recipe_cook(recipe_id, cook_id) VALUES (37, 144);
INSERT INTO recipe_cook(recipe_id, cook_id) VALUES (37, 83);
INSERT INTO recipe_cook(recipe_id, cook_id) VALUES (37, 193);
INSERT INTO recipe_cook(recipe_id, cook_id) VALUES (37, 197);
INSERT INTO recipe_cook(recipe_id, cook_id) VALUES (37, 180);
INSERT INTO recipe_theme(recipe_id, theme_id) VALUES (37, 22);
INSERT INTO recipe_theme(recipe_id, theme_id) VALUES (37, 9);
INSERT INTO recipe_theme(recipe_id, theme_id) VALUES (37, 24);
INSERT INTO recipe_tip(recipe_id, tip_id) VALUES (37, 33);
INSERT INTO recipe_tip(recipe_id, tip_id) VALUES (37, 36);

INSERT INTO recipe(baking, cuisine_id, difficulty, title, recipe_description, prep_time, cook_time, portions, fat_portion, protein_portion, carbo_portion, picture, picture_description) VALUES(0, 27, 4,'Chocolate Mousse', 'Investment knowledge yes show. Well note game necessary us really station. House card before position positive and its. Money fly yeah sign quickly.', 115, 90, 2, 0, 40,45, 'https://dummyimage.com/99x787', 'Town provide itself.');
INSERT INTO recipe_meal_type(recipe_id, meal_type_id) VALUES (38, 4);
INSERT INTO recipe_tag(recipe_id, tag_id) VALUES (38, 16);
INSERT INTO recipe_tag(recipe_id, tag_id) VALUES (38, 99);
INSERT INTO recipe_tag(recipe_id, tag_id) VALUES (38, 81);
INSERT INTO recipe_tag(recipe_id, tag_id) VALUES (38, 91);
INSERT INTO recipe_tag(recipe_id, tag_id) VALUES (38, 58);
INSERT INTO recipe_equipment(recipe_id, equipment_id, num) VALUES (38, 17, 2);
INSERT INTO recipe_equipment(recipe_id, equipment_id, num) VALUES (38, 16, 4);
INSERT INTO recipe_equipment(recipe_id, equipment_id, num) VALUES (38, 8, 2);
INSERT INTO recipe_equipment(recipe_id, equipment_id, num) VALUES (38, 20, 3);
INSERT INTO recipe_equipment(recipe_id, equipment_id, num) VALUES (38, 13, 2);
INSERT INTO recipe_cook(recipe_id, cook_id) VALUES (38, 75);
INSERT INTO recipe_cook(recipe_id, cook_id) VALUES (38, 76);
INSERT INTO recipe_cook(recipe_id, cook_id) VALUES (38, 103);
INSERT INTO recipe_cook(recipe_id, cook_id) VALUES (38, 182);
INSERT INTO recipe_cook(recipe_id, cook_id) VALUES (38, 9);
INSERT INTO recipe_cook(recipe_id, cook_id) VALUES (38, 66);
INSERT INTO recipe_cook(recipe_id, cook_id) VALUES (38, 124);
INSERT INTO recipe_cook(recipe_id, cook_id) VALUES (38, 83);
INSERT INTO recipe_cook(recipe_id, cook_id) VALUES (38, 188);
INSERT INTO recipe_cook(recipe_id, cook_id) VALUES (38, 175);
INSERT INTO recipe_cook(recipe_id, cook_id) VALUES (38, 55);
INSERT INTO recipe_cook(recipe_id, cook_id) VALUES (38, 187);
INSERT INTO recipe_cook(recipe_id, cook_id) VALUES (38, 116);
INSERT INTO recipe_cook(recipe_id, cook_id) VALUES (38, 92);
INSERT INTO recipe_cook(recipe_id, cook_id) VALUES (38, 197);
INSERT INTO recipe_cook(recipe_id, cook_id) VALUES (38, 79);
INSERT INTO recipe_cook(recipe_id, cook_id) VALUES (38, 117);
INSERT INTO recipe_cook(recipe_id, cook_id) VALUES (38, 93);
INSERT INTO recipe_cook(recipe_id, cook_id) VALUES (38, 23);
INSERT INTO recipe_cook(recipe_id, cook_id) VALUES (38, 183);
INSERT INTO recipe_cook(recipe_id, cook_id) VALUES (38, 168);
INSERT INTO recipe_cook(recipe_id, cook_id) VALUES (38, 54);
INSERT INTO recipe_cook(recipe_id, cook_id) VALUES (38, 60);
INSERT INTO recipe_cook(recipe_id, cook_id) VALUES (38, 111);
INSERT INTO recipe_cook(recipe_id, cook_id) VALUES (38, 180);
INSERT INTO recipe_cook(recipe_id, cook_id) VALUES (38, 174);
INSERT INTO recipe_cook(recipe_id, cook_id) VALUES (38, 195);
INSERT INTO recipe_cook(recipe_id, cook_id) VALUES (38, 163);
INSERT INTO recipe_cook(recipe_id, cook_id) VALUES (38, 94);
INSERT INTO recipe_cook(recipe_id, cook_id) VALUES (38, 5);
INSERT INTO recipe_cook(recipe_id, cook_id) VALUES (38, 70);
INSERT INTO recipe_cook(recipe_id, cook_id) VALUES (38, 141);
INSERT INTO recipe_cook(recipe_id, cook_id) VALUES (38, 16);
INSERT INTO recipe_cook(recipe_id, cook_id) VALUES (38, 88);
INSERT INTO recipe_cook(recipe_id, cook_id) VALUES (38, 181);
INSERT INTO recipe_cook(recipe_id, cook_id) VALUES (38, 105);
INSERT INTO recipe_cook(recipe_id, cook_id) VALUES (38, 196);
INSERT INTO recipe_cook(recipe_id, cook_id) VALUES (38, 112);
INSERT INTO recipe_cook(recipe_id, cook_id) VALUES (38, 156);
INSERT INTO recipe_cook(recipe_id, cook_id) VALUES (38, 135);
INSERT INTO recipe_cook(recipe_id, cook_id) VALUES (38, 185);
INSERT INTO recipe_cook(recipe_id, cook_id) VALUES (38, 59);
INSERT INTO recipe_cook(recipe_id, cook_id) VALUES (38, 167);
INSERT INTO recipe_cook(recipe_id, cook_id) VALUES (38, 87);
INSERT INTO recipe_cook(recipe_id, cook_id) VALUES (38, 121);
INSERT INTO recipe_cook(recipe_id, cook_id) VALUES (38, 28);
INSERT INTO recipe_cook(recipe_id, cook_id) VALUES (38, 48);
INSERT INTO recipe_cook(recipe_id, cook_id) VALUES (38, 125);
INSERT INTO recipe_cook(recipe_id, cook_id) VALUES (38, 27);
INSERT INTO recipe_cook(recipe_id, cook_id) VALUES (38, 95);
INSERT INTO recipe_cook(recipe_id, cook_id) VALUES (38, 51);
INSERT INTO recipe_cook(recipe_id, cook_id) VALUES (38, 170);
INSERT INTO recipe_cook(recipe_id, cook_id) VALUES (38, 153);
INSERT INTO recipe_cook(recipe_id, cook_id) VALUES (38, 12);
INSERT INTO recipe_cook(recipe_id, cook_id) VALUES (38, 34);
INSERT INTO recipe_cook(recipe_id, cook_id) VALUES (38, 157);
INSERT INTO recipe_cook(recipe_id, cook_id) VALUES (38, 108);
INSERT INTO recipe_cook(recipe_id, cook_id) VALUES (38, 113);
INSERT INTO recipe_cook(recipe_id, cook_id) VALUES (38, 74);
INSERT INTO recipe_cook(recipe_id, cook_id) VALUES (38, 144);
INSERT INTO recipe_cook(recipe_id, cook_id) VALUES (38, 40);
INSERT INTO recipe_cook(recipe_id, cook_id) VALUES (38, 81);
INSERT INTO recipe_cook(recipe_id, cook_id) VALUES (38, 140);
INSERT INTO recipe_cook(recipe_id, cook_id) VALUES (38, 47);
INSERT INTO recipe_cook(recipe_id, cook_id) VALUES (38, 41);
INSERT INTO recipe_cook(recipe_id, cook_id) VALUES (38, 91);
INSERT INTO recipe_cook(recipe_id, cook_id) VALUES (38, 72);
INSERT INTO recipe_cook(recipe_id, cook_id) VALUES (38, 176);
INSERT INTO recipe_cook(recipe_id, cook_id) VALUES (38, 63);
INSERT INTO recipe_cook(recipe_id, cook_id) VALUES (38, 85);
INSERT INTO recipe_cook(recipe_id, cook_id) VALUES (38, 10);
INSERT INTO recipe_cook(recipe_id, cook_id) VALUES (38, 45);
INSERT INTO recipe_cook(recipe_id, cook_id) VALUES (38, 14);
INSERT INTO recipe_cook(recipe_id, cook_id) VALUES (38, 190);
INSERT INTO recipe_cook(recipe_id, cook_id) VALUES (38, 127);
INSERT INTO recipe_cook(recipe_id, cook_id) VALUES (38, 25);
INSERT INTO recipe_cook(recipe_id, cook_id) VALUES (38, 20);
INSERT INTO recipe_cook(recipe_id, cook_id) VALUES (38, 99);
INSERT INTO recipe_cook(recipe_id, cook_id) VALUES (38, 101);
INSERT INTO recipe_cook(recipe_id, cook_id) VALUES (38, 154);
INSERT INTO recipe_cook(recipe_id, cook_id) VALUES (38, 191);
INSERT INTO recipe_cook(recipe_id, cook_id) VALUES (38, 133);
INSERT INTO recipe_cook(recipe_id, cook_id) VALUES (38, 15);
INSERT INTO recipe_cook(recipe_id, cook_id) VALUES (38, 192);
INSERT INTO recipe_cook(recipe_id, cook_id) VALUES (38, 35);
INSERT INTO recipe_cook(recipe_id, cook_id) VALUES (38, 57);
INSERT INTO recipe_cook(recipe_id, cook_id) VALUES (38, 120);
INSERT INTO recipe_cook(recipe_id, cook_id) VALUES (38, 150);
INSERT INTO recipe_cook(recipe_id, cook_id) VALUES (38, 77);
INSERT INTO recipe_cook(recipe_id, cook_id) VALUES (38, 33);
INSERT INTO recipe_cook(recipe_id, cook_id) VALUES (38, 3);
INSERT INTO recipe_cook(recipe_id, cook_id) VALUES (38, 143);
INSERT INTO recipe_cook(recipe_id, cook_id) VALUES (38, 50);
INSERT INTO recipe_cook(recipe_id, cook_id) VALUES (38, 24);
INSERT INTO recipe_cook(recipe_id, cook_id) VALUES (38, 49);
INSERT INTO recipe_cook(recipe_id, cook_id) VALUES (38, 122);
INSERT INTO recipe_cook(recipe_id, cook_id) VALUES (38, 2);
INSERT INTO recipe_cook(recipe_id, cook_id) VALUES (38, 151);
INSERT INTO recipe_cook(recipe_id, cook_id) VALUES (38, 162);
INSERT INTO recipe_cook(recipe_id, cook_id) VALUES (38, 118);
INSERT INTO recipe_cook(recipe_id, cook_id) VALUES (38, 98);
INSERT INTO recipe_cook(recipe_id, cook_id) VALUES (38, 42);
INSERT INTO recipe_cook(recipe_id, cook_id) VALUES (38, 43);
INSERT INTO recipe_cook(recipe_id, cook_id) VALUES (38, 17);
INSERT INTO recipe_cook(recipe_id, cook_id) VALUES (38, 145);
INSERT INTO recipe_cook(recipe_id, cook_id) VALUES (38, 171);
INSERT INTO recipe_cook(recipe_id, cook_id) VALUES (38, 80);
INSERT INTO recipe_cook(recipe_id, cook_id) VALUES (38, 189);
INSERT INTO recipe_cook(recipe_id, cook_id) VALUES (38, 148);
INSERT INTO recipe_cook(recipe_id, cook_id) VALUES (38, 152);
INSERT INTO recipe_cook(recipe_id, cook_id) VALUES (38, 110);
INSERT INTO recipe_cook(recipe_id, cook_id) VALUES (38, 200);
INSERT INTO recipe_cook(recipe_id, cook_id) VALUES (38, 96);
INSERT INTO recipe_cook(recipe_id, cook_id) VALUES (38, 142);
INSERT INTO recipe_cook(recipe_id, cook_id) VALUES (38, 160);
INSERT INTO recipe_cook(recipe_id, cook_id) VALUES (38, 30);
INSERT INTO recipe_cook(recipe_id, cook_id) VALUES (38, 38);
INSERT INTO recipe_cook(recipe_id, cook_id) VALUES (38, 13);
INSERT INTO recipe_cook(recipe_id, cook_id) VALUES (38, 26);
INSERT INTO recipe_cook(recipe_id, cook_id) VALUES (38, 31);
INSERT INTO recipe_cook(recipe_id, cook_id) VALUES (38, 131);
INSERT INTO recipe_cook(recipe_id, cook_id) VALUES (38, 61);
INSERT INTO recipe_cook(recipe_id, cook_id) VALUES (38, 199);
INSERT INTO recipe_cook(recipe_id, cook_id) VALUES (38, 158);
INSERT INTO recipe_cook(recipe_id, cook_id) VALUES (38, 123);
INSERT INTO recipe_cook(recipe_id, cook_id) VALUES (38, 119);
INSERT INTO recipe_cook(recipe_id, cook_id) VALUES (38, 198);
INSERT INTO recipe_cook(recipe_id, cook_id) VALUES (38, 78);
INSERT INTO recipe_cook(recipe_id, cook_id) VALUES (38, 67);
INSERT INTO recipe_cook(recipe_id, cook_id) VALUES (38, 147);
INSERT INTO recipe_cook(recipe_id, cook_id) VALUES (38, 114);
INSERT INTO recipe_cook(recipe_id, cook_id) VALUES (38, 159);
INSERT INTO recipe_cook(recipe_id, cook_id) VALUES (38, 89);
INSERT INTO recipe_cook(recipe_id, cook_id) VALUES (38, 139);
INSERT INTO recipe_cook(recipe_id, cook_id) VALUES (38, 155);
INSERT INTO recipe_cook(recipe_id, cook_id) VALUES (38, 115);
INSERT INTO recipe_cook(recipe_id, cook_id) VALUES (38, 138);
INSERT INTO recipe_cook(recipe_id, cook_id) VALUES (38, 161);
INSERT INTO recipe_cook(recipe_id, cook_id) VALUES (38, 69);
INSERT INTO recipe_cook(recipe_id, cook_id) VALUES (38, 107);
INSERT INTO recipe_theme(recipe_id, theme_id) VALUES (38, 15);
INSERT INTO recipe_tip(recipe_id, tip_id) VALUES (38, 22);

INSERT INTO recipe(baking, cuisine_id, difficulty, title, recipe_description, prep_time, cook_time, portions, fat_portion, protein_portion, carbo_portion, picture, picture_description) VALUES(1, 41, 1,'Panna Cotta', 'Happy deal get. Letter sound again hundred economy part government parent. Improve boy actually structure life kid.', 95, 120, 5, 20, 20,75, 'https://placekitten.com/61/211', 'Look serious majority.');
INSERT INTO recipe_meal_type(recipe_id, meal_type_id) VALUES (39, 6);
INSERT INTO recipe_tag(recipe_id, tag_id) VALUES (39, 60);
INSERT INTO recipe_tag(recipe_id, tag_id) VALUES (39, 2);
INSERT INTO recipe_tag(recipe_id, tag_id) VALUES (39, 7);
INSERT INTO recipe_tag(recipe_id, tag_id) VALUES (39, 85);
INSERT INTO recipe_tag(recipe_id, tag_id) VALUES (39, 49);
INSERT INTO recipe_tag(recipe_id, tag_id) VALUES (39, 30);
INSERT INTO recipe_tag(recipe_id, tag_id) VALUES (39, 77);
INSERT INTO recipe_tag(recipe_id, tag_id) VALUES (39, 80);
INSERT INTO recipe_equipment(recipe_id, equipment_id, num) VALUES (39, 20, 3);
INSERT INTO recipe_equipment(recipe_id, equipment_id, num) VALUES (39, 16, 1);
INSERT INTO recipe_equipment(recipe_id, equipment_id, num) VALUES (39, 18, 3);
INSERT INTO recipe_equipment(recipe_id, equipment_id, num) VALUES (39, 13, 3);
INSERT INTO recipe_cook(recipe_id, cook_id) VALUES (39, 27);
INSERT INTO recipe_cook(recipe_id, cook_id) VALUES (39, 67);
INSERT INTO recipe_cook(recipe_id, cook_id) VALUES (39, 195);
INSERT INTO recipe_cook(recipe_id, cook_id) VALUES (39, 193);
INSERT INTO recipe_cook(recipe_id, cook_id) VALUES (39, 192);
INSERT INTO recipe_cook(recipe_id, cook_id) VALUES (39, 113);
INSERT INTO recipe_cook(recipe_id, cook_id) VALUES (39, 24);
INSERT INTO recipe_cook(recipe_id, cook_id) VALUES (39, 80);
INSERT INTO recipe_cook(recipe_id, cook_id) VALUES (39, 119);
INSERT INTO recipe_cook(recipe_id, cook_id) VALUES (39, 55);
INSERT INTO recipe_cook(recipe_id, cook_id) VALUES (39, 178);
INSERT INTO recipe_cook(recipe_id, cook_id) VALUES (39, 1);
INSERT INTO recipe_cook(recipe_id, cook_id) VALUES (39, 18);
INSERT INTO recipe_cook(recipe_id, cook_id) VALUES (39, 194);
INSERT INTO recipe_cook(recipe_id, cook_id) VALUES (39, 187);
INSERT INTO recipe_cook(recipe_id, cook_id) VALUES (39, 48);
INSERT INTO recipe_cook(recipe_id, cook_id) VALUES (39, 95);
INSERT INTO recipe_cook(recipe_id, cook_id) VALUES (39, 2);
INSERT INTO recipe_cook(recipe_id, cook_id) VALUES (39, 111);
INSERT INTO recipe_cook(recipe_id, cook_id) VALUES (39, 106);
INSERT INTO recipe_cook(recipe_id, cook_id) VALUES (39, 130);
INSERT INTO recipe_cook(recipe_id, cook_id) VALUES (39, 117);
INSERT INTO recipe_cook(recipe_id, cook_id) VALUES (39, 75);
INSERT INTO recipe_cook(recipe_id, cook_id) VALUES (39, 90);
INSERT INTO recipe_cook(recipe_id, cook_id) VALUES (39, 133);
INSERT INTO recipe_cook(recipe_id, cook_id) VALUES (39, 184);
INSERT INTO recipe_cook(recipe_id, cook_id) VALUES (39, 44);
INSERT INTO recipe_cook(recipe_id, cook_id) VALUES (39, 26);
INSERT INTO recipe_cook(recipe_id, cook_id) VALUES (39, 131);
INSERT INTO recipe_cook(recipe_id, cook_id) VALUES (39, 136);
INSERT INTO recipe_cook(recipe_id, cook_id) VALUES (39, 127);
INSERT INTO recipe_cook(recipe_id, cook_id) VALUES (39, 30);
INSERT INTO recipe_cook(recipe_id, cook_id) VALUES (39, 96);
INSERT INTO recipe_cook(recipe_id, cook_id) VALUES (39, 190);
INSERT INTO recipe_cook(recipe_id, cook_id) VALUES (39, 139);
INSERT INTO recipe_cook(recipe_id, cook_id) VALUES (39, 54);
INSERT INTO recipe_cook(recipe_id, cook_id) VALUES (39, 57);
INSERT INTO recipe_cook(recipe_id, cook_id) VALUES (39, 100);
INSERT INTO recipe_cook(recipe_id, cook_id) VALUES (39, 92);
INSERT INTO recipe_cook(recipe_id, cook_id) VALUES (39, 86);
INSERT INTO recipe_cook(recipe_id, cook_id) VALUES (39, 155);
INSERT INTO recipe_theme(recipe_id, theme_id) VALUES (39, 36);
INSERT INTO recipe_theme(recipe_id, theme_id) VALUES (39, 37);
INSERT INTO recipe_theme(recipe_id, theme_id) VALUES (39, 18);
INSERT INTO recipe_tip(recipe_id, tip_id) VALUES (39, 6);
INSERT INTO recipe_tip(recipe_id, tip_id) VALUES (39, 40);

INSERT INTO recipe(baking, cuisine_id, difficulty, title, recipe_description, prep_time, cook_time, portions, fat_portion, protein_portion, carbo_portion, picture, picture_description) VALUES(0, 22, 1,'Deviled Eggs', 'Of develop position police. Behavior fast bill face degree air. Every seat sport someone agent. Approach less visit might blood bar away force.', 65, 20, 4, 0, 25,35, 'https://placekitten.com/965/383', 'Strong president action if.');
INSERT INTO recipe_meal_type(recipe_id, meal_type_id) VALUES (40, 2);
INSERT INTO recipe_tag(recipe_id, tag_id) VALUES (40, 1);
INSERT INTO recipe_tag(recipe_id, tag_id) VALUES (40, 21);
INSERT INTO recipe_tag(recipe_id, tag_id) VALUES (40, 85);
INSERT INTO recipe_tag(recipe_id, tag_id) VALUES (40, 26);
INSERT INTO recipe_tag(recipe_id, tag_id) VALUES (40, 86);
INSERT INTO recipe_tag(recipe_id, tag_id) VALUES (40, 69);
INSERT INTO recipe_tag(recipe_id, tag_id) VALUES (40, 58);
INSERT INTO recipe_equipment(recipe_id, equipment_id, num) VALUES (40, 13, 3);
INSERT INTO recipe_equipment(recipe_id, equipment_id, num) VALUES (40, 9, 4);
INSERT INTO recipe_equipment(recipe_id, equipment_id, num) VALUES (40, 8, 4);
INSERT INTO recipe_equipment(recipe_id, equipment_id, num) VALUES (40, 6, 2);
INSERT INTO recipe_equipment(recipe_id, equipment_id, num) VALUES (40, 15, 1);
INSERT INTO recipe_cook(recipe_id, cook_id) VALUES (40, 96);
INSERT INTO recipe_cook(recipe_id, cook_id) VALUES (40, 188);
INSERT INTO recipe_cook(recipe_id, cook_id) VALUES (40, 15);
INSERT INTO recipe_cook(recipe_id, cook_id) VALUES (40, 8);
INSERT INTO recipe_cook(recipe_id, cook_id) VALUES (40, 97);
INSERT INTO recipe_cook(recipe_id, cook_id) VALUES (40, 57);
INSERT INTO recipe_cook(recipe_id, cook_id) VALUES (40, 83);
INSERT INTO recipe_cook(recipe_id, cook_id) VALUES (40, 175);
INSERT INTO recipe_cook(recipe_id, cook_id) VALUES (40, 103);
INSERT INTO recipe_cook(recipe_id, cook_id) VALUES (40, 173);
INSERT INTO recipe_cook(recipe_id, cook_id) VALUES (40, 11);
INSERT INTO recipe_cook(recipe_id, cook_id) VALUES (40, 128);
INSERT INTO recipe_cook(recipe_id, cook_id) VALUES (40, 140);
INSERT INTO recipe_cook(recipe_id, cook_id) VALUES (40, 121);
INSERT INTO recipe_cook(recipe_id, cook_id) VALUES (40, 51);
INSERT INTO recipe_cook(recipe_id, cook_id) VALUES (40, 139);
INSERT INTO recipe_cook(recipe_id, cook_id) VALUES (40, 45);
INSERT INTO recipe_cook(recipe_id, cook_id) VALUES (40, 18);
INSERT INTO recipe_cook(recipe_id, cook_id) VALUES (40, 166);
INSERT INTO recipe_cook(recipe_id, cook_id) VALUES (40, 184);
INSERT INTO recipe_cook(recipe_id, cook_id) VALUES (40, 178);
INSERT INTO recipe_cook(recipe_id, cook_id) VALUES (40, 48);
INSERT INTO recipe_cook(recipe_id, cook_id) VALUES (40, 67);
INSERT INTO recipe_cook(recipe_id, cook_id) VALUES (40, 182);
INSERT INTO recipe_cook(recipe_id, cook_id) VALUES (40, 129);
INSERT INTO recipe_cook(recipe_id, cook_id) VALUES (40, 35);
INSERT INTO recipe_cook(recipe_id, cook_id) VALUES (40, 157);
INSERT INTO recipe_cook(recipe_id, cook_id) VALUES (40, 44);
INSERT INTO recipe_cook(recipe_id, cook_id) VALUES (40, 169);
INSERT INTO recipe_cook(recipe_id, cook_id) VALUES (40, 131);
INSERT INTO recipe_cook(recipe_id, cook_id) VALUES (40, 81);
INSERT INTO recipe_cook(recipe_id, cook_id) VALUES (40, 75);
INSERT INTO recipe_cook(recipe_id, cook_id) VALUES (40, 141);
INSERT INTO recipe_cook(recipe_id, cook_id) VALUES (40, 137);
INSERT INTO recipe_cook(recipe_id, cook_id) VALUES (40, 193);
INSERT INTO recipe_cook(recipe_id, cook_id) VALUES (40, 124);
INSERT INTO recipe_cook(recipe_id, cook_id) VALUES (40, 158);
INSERT INTO recipe_cook(recipe_id, cook_id) VALUES (40, 29);
INSERT INTO recipe_cook(recipe_id, cook_id) VALUES (40, 177);
INSERT INTO recipe_cook(recipe_id, cook_id) VALUES (40, 71);
INSERT INTO recipe_cook(recipe_id, cook_id) VALUES (40, 80);
INSERT INTO recipe_cook(recipe_id, cook_id) VALUES (40, 78);
INSERT INTO recipe_cook(recipe_id, cook_id) VALUES (40, 52);
INSERT INTO recipe_theme(recipe_id, theme_id) VALUES (40, 40);
INSERT INTO recipe_theme(recipe_id, theme_id) VALUES (40, 37);
INSERT INTO recipe_theme(recipe_id, theme_id) VALUES (40, 15);
INSERT INTO recipe_tip(recipe_id, tip_id) VALUES (40, 29);
INSERT INTO recipe_tip(recipe_id, tip_id) VALUES (40, 21);
INSERT INTO recipe_tip(recipe_id, tip_id) VALUES (40, 37);

INSERT INTO recipe(baking, cuisine_id, difficulty, title, recipe_description, prep_time, cook_time, portions, fat_portion, protein_portion, carbo_portion, picture, picture_description) VALUES(0, 6, 5,'Nachos', 'Structure left stand investment. Admit region coach over. Face piece mean along forward win teacher. Her record recognize impact way just level.', 105, 0, 5, 55, 40,20, 'https://dummyimage.com/310x741', 'Certain buy opportunity drive key.');
INSERT INTO recipe_meal_type(recipe_id, meal_type_id) VALUES (41, 4);
INSERT INTO recipe_tag(recipe_id, tag_id) VALUES (41, 9);
INSERT INTO recipe_tag(recipe_id, tag_id) VALUES (41, 23);
INSERT INTO recipe_tag(recipe_id, tag_id) VALUES (41, 67);
INSERT INTO recipe_tag(recipe_id, tag_id) VALUES (41, 3);
INSERT INTO recipe_tag(recipe_id, tag_id) VALUES (41, 80);
INSERT INTO recipe_equipment(recipe_id, equipment_id, num) VALUES (41, 15, 1);
INSERT INTO recipe_equipment(recipe_id, equipment_id, num) VALUES (41, 3, 2);
INSERT INTO recipe_equipment(recipe_id, equipment_id, num) VALUES (41, 20, 1);
INSERT INTO recipe_equipment(recipe_id, equipment_id, num) VALUES (41, 8, 2);
INSERT INTO recipe_cook(recipe_id, cook_id) VALUES (41, 52);
INSERT INTO recipe_cook(recipe_id, cook_id) VALUES (41, 81);
INSERT INTO recipe_cook(recipe_id, cook_id) VALUES (41, 163);
INSERT INTO recipe_cook(recipe_id, cook_id) VALUES (41, 87);
INSERT INTO recipe_cook(recipe_id, cook_id) VALUES (41, 155);
INSERT INTO recipe_cook(recipe_id, cook_id) VALUES (41, 7);
INSERT INTO recipe_cook(recipe_id, cook_id) VALUES (41, 34);
INSERT INTO recipe_cook(recipe_id, cook_id) VALUES (41, 197);
INSERT INTO recipe_cook(recipe_id, cook_id) VALUES (41, 96);
INSERT INTO recipe_cook(recipe_id, cook_id) VALUES (41, 17);
INSERT INTO recipe_cook(recipe_id, cook_id) VALUES (41, 19);
INSERT INTO recipe_cook(recipe_id, cook_id) VALUES (41, 6);
INSERT INTO recipe_cook(recipe_id, cook_id) VALUES (41, 160);
INSERT INTO recipe_cook(recipe_id, cook_id) VALUES (41, 185);
INSERT INTO recipe_cook(recipe_id, cook_id) VALUES (41, 31);
INSERT INTO recipe_cook(recipe_id, cook_id) VALUES (41, 13);
INSERT INTO recipe_cook(recipe_id, cook_id) VALUES (41, 41);
INSERT INTO recipe_cook(recipe_id, cook_id) VALUES (41, 180);
INSERT INTO recipe_cook(recipe_id, cook_id) VALUES (41, 75);
INSERT INTO recipe_cook(recipe_id, cook_id) VALUES (41, 172);
INSERT INTO recipe_cook(recipe_id, cook_id) VALUES (41, 72);
INSERT INTO recipe_cook(recipe_id, cook_id) VALUES (41, 77);
INSERT INTO recipe_cook(recipe_id, cook_id) VALUES (41, 23);
INSERT INTO recipe_cook(recipe_id, cook_id) VALUES (41, 53);
INSERT INTO recipe_cook(recipe_id, cook_id) VALUES (41, 113);
INSERT INTO recipe_cook(recipe_id, cook_id) VALUES (41, 196);
INSERT INTO recipe_cook(recipe_id, cook_id) VALUES (41, 183);
INSERT INTO recipe_cook(recipe_id, cook_id) VALUES (41, 142);
INSERT INTO recipe_cook(recipe_id, cook_id) VALUES (41, 2);
INSERT INTO recipe_cook(recipe_id, cook_id) VALUES (41, 16);
INSERT INTO recipe_cook(recipe_id, cook_id) VALUES (41, 74);
INSERT INTO recipe_cook(recipe_id, cook_id) VALUES (41, 59);
INSERT INTO recipe_cook(recipe_id, cook_id) VALUES (41, 79);
INSERT INTO recipe_cook(recipe_id, cook_id) VALUES (41, 24);
INSERT INTO recipe_cook(recipe_id, cook_id) VALUES (41, 173);
INSERT INTO recipe_cook(recipe_id, cook_id) VALUES (41, 124);
INSERT INTO recipe_cook(recipe_id, cook_id) VALUES (41, 157);
INSERT INTO recipe_cook(recipe_id, cook_id) VALUES (41, 154);
INSERT INTO recipe_cook(recipe_id, cook_id) VALUES (41, 37);
INSERT INTO recipe_cook(recipe_id, cook_id) VALUES (41, 98);
INSERT INTO recipe_cook(recipe_id, cook_id) VALUES (41, 139);
INSERT INTO recipe_cook(recipe_id, cook_id) VALUES (41, 119);
INSERT INTO recipe_cook(recipe_id, cook_id) VALUES (41, 97);
INSERT INTO recipe_cook(recipe_id, cook_id) VALUES (41, 117);
INSERT INTO recipe_cook(recipe_id, cook_id) VALUES (41, 51);
INSERT INTO recipe_cook(recipe_id, cook_id) VALUES (41, 57);
INSERT INTO recipe_cook(recipe_id, cook_id) VALUES (41, 174);
INSERT INTO recipe_theme(recipe_id, theme_id) VALUES (41, 33);
INSERT INTO recipe_theme(recipe_id, theme_id) VALUES (41, 16);
INSERT INTO recipe_tip(recipe_id, tip_id) VALUES (41, 20);

INSERT INTO recipe(baking, cuisine_id, difficulty, title, recipe_description, prep_time, cook_time, portions, fat_portion, protein_portion, carbo_portion, picture, picture_description) VALUES(1, 24, 4,'Butternut Squash Soup', 'Determine business piece cause. Natural usually stand pretty still.', 95, 50, 5, 35, 0,55, 'https://placekitten.com/498/595', 'Law series seem raise.');
INSERT INTO recipe_meal_type(recipe_id, meal_type_id) VALUES (42, 1);
INSERT INTO recipe_tag(recipe_id, tag_id) VALUES (42, 27);
INSERT INTO recipe_tag(recipe_id, tag_id) VALUES (42, 21);
INSERT INTO recipe_tag(recipe_id, tag_id) VALUES (42, 45);
INSERT INTO recipe_tag(recipe_id, tag_id) VALUES (42, 64);
INSERT INTO recipe_tag(recipe_id, tag_id) VALUES (42, 94);
INSERT INTO recipe_tag(recipe_id, tag_id) VALUES (42, 85);
INSERT INTO recipe_tag(recipe_id, tag_id) VALUES (42, 52);
INSERT INTO recipe_equipment(recipe_id, equipment_id, num) VALUES (42, 17, 3);
INSERT INTO recipe_equipment(recipe_id, equipment_id, num) VALUES (42, 5, 4);
INSERT INTO recipe_equipment(recipe_id, equipment_id, num) VALUES (42, 14, 4);
INSERT INTO recipe_equipment(recipe_id, equipment_id, num) VALUES (42, 6, 4);
INSERT INTO recipe_cook(recipe_id, cook_id) VALUES (42, 130);
INSERT INTO recipe_cook(recipe_id, cook_id) VALUES (42, 54);
INSERT INTO recipe_cook(recipe_id, cook_id) VALUES (42, 51);
INSERT INTO recipe_cook(recipe_id, cook_id) VALUES (42, 168);
INSERT INTO recipe_cook(recipe_id, cook_id) VALUES (42, 185);
INSERT INTO recipe_cook(recipe_id, cook_id) VALUES (42, 64);
INSERT INTO recipe_cook(recipe_id, cook_id) VALUES (42, 91);
INSERT INTO recipe_cook(recipe_id, cook_id) VALUES (42, 147);
INSERT INTO recipe_cook(recipe_id, cook_id) VALUES (42, 25);
INSERT INTO recipe_cook(recipe_id, cook_id) VALUES (42, 68);
INSERT INTO recipe_cook(recipe_id, cook_id) VALUES (42, 71);
INSERT INTO recipe_cook(recipe_id, cook_id) VALUES (42, 90);
INSERT INTO recipe_cook(recipe_id, cook_id) VALUES (42, 163);
INSERT INTO recipe_cook(recipe_id, cook_id) VALUES (42, 32);
INSERT INTO recipe_cook(recipe_id, cook_id) VALUES (42, 124);
INSERT INTO recipe_cook(recipe_id, cook_id) VALUES (42, 73);
INSERT INTO recipe_cook(recipe_id, cook_id) VALUES (42, 97);
INSERT INTO recipe_cook(recipe_id, cook_id) VALUES (42, 152);
INSERT INTO recipe_cook(recipe_id, cook_id) VALUES (42, 149);
INSERT INTO recipe_cook(recipe_id, cook_id) VALUES (42, 56);
INSERT INTO recipe_cook(recipe_id, cook_id) VALUES (42, 81);
INSERT INTO recipe_cook(recipe_id, cook_id) VALUES (42, 112);
INSERT INTO recipe_cook(recipe_id, cook_id) VALUES (42, 1);
INSERT INTO recipe_cook(recipe_id, cook_id) VALUES (42, 78);
INSERT INTO recipe_cook(recipe_id, cook_id) VALUES (42, 66);
INSERT INTO recipe_cook(recipe_id, cook_id) VALUES (42, 36);
INSERT INTO recipe_cook(recipe_id, cook_id) VALUES (42, 142);
INSERT INTO recipe_cook(recipe_id, cook_id) VALUES (42, 174);
INSERT INTO recipe_cook(recipe_id, cook_id) VALUES (42, 154);
INSERT INTO recipe_cook(recipe_id, cook_id) VALUES (42, 145);
INSERT INTO recipe_cook(recipe_id, cook_id) VALUES (42, 161);
INSERT INTO recipe_cook(recipe_id, cook_id) VALUES (42, 33);
INSERT INTO recipe_cook(recipe_id, cook_id) VALUES (42, 44);
INSERT INTO recipe_cook(recipe_id, cook_id) VALUES (42, 75);
INSERT INTO recipe_cook(recipe_id, cook_id) VALUES (42, 192);
INSERT INTO recipe_cook(recipe_id, cook_id) VALUES (42, 179);
INSERT INTO recipe_cook(recipe_id, cook_id) VALUES (42, 120);
INSERT INTO recipe_cook(recipe_id, cook_id) VALUES (42, 165);
INSERT INTO recipe_cook(recipe_id, cook_id) VALUES (42, 188);
INSERT INTO recipe_cook(recipe_id, cook_id) VALUES (42, 49);
INSERT INTO recipe_cook(recipe_id, cook_id) VALUES (42, 26);
INSERT INTO recipe_cook(recipe_id, cook_id) VALUES (42, 40);
INSERT INTO recipe_cook(recipe_id, cook_id) VALUES (42, 106);
INSERT INTO recipe_cook(recipe_id, cook_id) VALUES (42, 45);
INSERT INTO recipe_cook(recipe_id, cook_id) VALUES (42, 131);
INSERT INTO recipe_cook(recipe_id, cook_id) VALUES (42, 39);
INSERT INTO recipe_cook(recipe_id, cook_id) VALUES (42, 82);
INSERT INTO recipe_cook(recipe_id, cook_id) VALUES (42, 57);
INSERT INTO recipe_cook(recipe_id, cook_id) VALUES (42, 162);
INSERT INTO recipe_cook(recipe_id, cook_id) VALUES (42, 100);
INSERT INTO recipe_cook(recipe_id, cook_id) VALUES (42, 72);
INSERT INTO recipe_cook(recipe_id, cook_id) VALUES (42, 155);
INSERT INTO recipe_cook(recipe_id, cook_id) VALUES (42, 160);
INSERT INTO recipe_cook(recipe_id, cook_id) VALUES (42, 47);
INSERT INTO recipe_cook(recipe_id, cook_id) VALUES (42, 170);
INSERT INTO recipe_cook(recipe_id, cook_id) VALUES (42, 42);
INSERT INTO recipe_cook(recipe_id, cook_id) VALUES (42, 122);
INSERT INTO recipe_cook(recipe_id, cook_id) VALUES (42, 138);
INSERT INTO recipe_cook(recipe_id, cook_id) VALUES (42, 50);
INSERT INTO recipe_cook(recipe_id, cook_id) VALUES (42, 113);
INSERT INTO recipe_cook(recipe_id, cook_id) VALUES (42, 129);
INSERT INTO recipe_cook(recipe_id, cook_id) VALUES (42, 125);
INSERT INTO recipe_cook(recipe_id, cook_id) VALUES (42, 148);
INSERT INTO recipe_cook(recipe_id, cook_id) VALUES (42, 5);
INSERT INTO recipe_cook(recipe_id, cook_id) VALUES (42, 52);
INSERT INTO recipe_cook(recipe_id, cook_id) VALUES (42, 114);
INSERT INTO recipe_cook(recipe_id, cook_id) VALUES (42, 10);
INSERT INTO recipe_cook(recipe_id, cook_id) VALUES (42, 27);
INSERT INTO recipe_cook(recipe_id, cook_id) VALUES (42, 183);
INSERT INTO recipe_cook(recipe_id, cook_id) VALUES (42, 181);
INSERT INTO recipe_cook(recipe_id, cook_id) VALUES (42, 79);
INSERT INTO recipe_cook(recipe_id, cook_id) VALUES (42, 59);
INSERT INTO recipe_cook(recipe_id, cook_id) VALUES (42, 157);
INSERT INTO recipe_cook(recipe_id, cook_id) VALUES (42, 83);
INSERT INTO recipe_cook(recipe_id, cook_id) VALUES (42, 128);
INSERT INTO recipe_cook(recipe_id, cook_id) VALUES (42, 48);
INSERT INTO recipe_cook(recipe_id, cook_id) VALUES (42, 14);
INSERT INTO recipe_cook(recipe_id, cook_id) VALUES (42, 62);
INSERT INTO recipe_cook(recipe_id, cook_id) VALUES (42, 104);
INSERT INTO recipe_cook(recipe_id, cook_id) VALUES (42, 9);
INSERT INTO recipe_cook(recipe_id, cook_id) VALUES (42, 127);
INSERT INTO recipe_cook(recipe_id, cook_id) VALUES (42, 21);
INSERT INTO recipe_cook(recipe_id, cook_id) VALUES (42, 89);
INSERT INTO recipe_cook(recipe_id, cook_id) VALUES (42, 159);
INSERT INTO recipe_cook(recipe_id, cook_id) VALUES (42, 20);
INSERT INTO recipe_cook(recipe_id, cook_id) VALUES (42, 169);
INSERT INTO recipe_cook(recipe_id, cook_id) VALUES (42, 190);
INSERT INTO recipe_cook(recipe_id, cook_id) VALUES (42, 144);
INSERT INTO recipe_cook(recipe_id, cook_id) VALUES (42, 94);
INSERT INTO recipe_cook(recipe_id, cook_id) VALUES (42, 103);
INSERT INTO recipe_cook(recipe_id, cook_id) VALUES (42, 13);
INSERT INTO recipe_cook(recipe_id, cook_id) VALUES (42, 8);
INSERT INTO recipe_cook(recipe_id, cook_id) VALUES (42, 108);
INSERT INTO recipe_cook(recipe_id, cook_id) VALUES (42, 74);
INSERT INTO recipe_cook(recipe_id, cook_id) VALUES (42, 7);
INSERT INTO recipe_cook(recipe_id, cook_id) VALUES (42, 143);
INSERT INTO recipe_cook(recipe_id, cook_id) VALUES (42, 187);
INSERT INTO recipe_cook(recipe_id, cook_id) VALUES (42, 133);
INSERT INTO recipe_cook(recipe_id, cook_id) VALUES (42, 11);
INSERT INTO recipe_cook(recipe_id, cook_id) VALUES (42, 115);
INSERT INTO recipe_cook(recipe_id, cook_id) VALUES (42, 101);
INSERT INTO recipe_cook(recipe_id, cook_id) VALUES (42, 12);
INSERT INTO recipe_cook(recipe_id, cook_id) VALUES (42, 34);
INSERT INTO recipe_cook(recipe_id, cook_id) VALUES (42, 63);
INSERT INTO recipe_cook(recipe_id, cook_id) VALUES (42, 24);
INSERT INTO recipe_cook(recipe_id, cook_id) VALUES (42, 151);
INSERT INTO recipe_cook(recipe_id, cook_id) VALUES (42, 178);
INSERT INTO recipe_cook(recipe_id, cook_id) VALUES (42, 182);
INSERT INTO recipe_cook(recipe_id, cook_id) VALUES (42, 60);
INSERT INTO recipe_cook(recipe_id, cook_id) VALUES (42, 29);
INSERT INTO recipe_cook(recipe_id, cook_id) VALUES (42, 139);
INSERT INTO recipe_cook(recipe_id, cook_id) VALUES (42, 141);
INSERT INTO recipe_cook(recipe_id, cook_id) VALUES (42, 53);
INSERT INTO recipe_cook(recipe_id, cook_id) VALUES (42, 15);
INSERT INTO recipe_cook(recipe_id, cook_id) VALUES (42, 194);
INSERT INTO recipe_cook(recipe_id, cook_id) VALUES (42, 2);
INSERT INTO recipe_cook(recipe_id, cook_id) VALUES (42, 87);
INSERT INTO recipe_cook(recipe_id, cook_id) VALUES (42, 43);
INSERT INTO recipe_cook(recipe_id, cook_id) VALUES (42, 186);
INSERT INTO recipe_cook(recipe_id, cook_id) VALUES (42, 58);
INSERT INTO recipe_cook(recipe_id, cook_id) VALUES (42, 184);
INSERT INTO recipe_theme(recipe_id, theme_id) VALUES (42, 15);
INSERT INTO recipe_tip(recipe_id, tip_id) VALUES (42, 23);

INSERT INTO recipe(baking, cuisine_id, difficulty, title, recipe_description, prep_time, cook_time, portions, fat_portion, protein_portion, carbo_portion, picture, picture_description) VALUES(0, 20, 4,'Chicken Fajitas', 'Try heavy cause week seven to. Job choice manage majority hold skill economic. Debate information personal final up. Important like east statement wait understand city.', 25, 90, 5, 55, 35,65, 'https://placekitten.com/52/901', 'Special month early top much dream unit.');
INSERT INTO recipe_meal_type(recipe_id, meal_type_id) VALUES (43, 1);
INSERT INTO recipe_tag(recipe_id, tag_id) VALUES (43, 36);
INSERT INTO recipe_tag(recipe_id, tag_id) VALUES (43, 23);
INSERT INTO recipe_tag(recipe_id, tag_id) VALUES (43, 53);
INSERT INTO recipe_tag(recipe_id, tag_id) VALUES (43, 28);
INSERT INTO recipe_tag(recipe_id, tag_id) VALUES (43, 85);
INSERT INTO recipe_tag(recipe_id, tag_id) VALUES (43, 7);
INSERT INTO recipe_tag(recipe_id, tag_id) VALUES (43, 72);
INSERT INTO recipe_tag(recipe_id, tag_id) VALUES (43, 60);
INSERT INTO recipe_equipment(recipe_id, equipment_id, num) VALUES (43, 8, 1);
INSERT INTO recipe_equipment(recipe_id, equipment_id, num) VALUES (43, 18, 1);
INSERT INTO recipe_equipment(recipe_id, equipment_id, num) VALUES (43, 17, 2);
INSERT INTO recipe_equipment(recipe_id, equipment_id, num) VALUES (43, 4, 2);
INSERT INTO recipe_equipment(recipe_id, equipment_id, num) VALUES (43, 3, 1);
INSERT INTO recipe_equipment(recipe_id, equipment_id, num) VALUES (43, 11, 1);
INSERT INTO recipe_equipment(recipe_id, equipment_id, num) VALUES (43, 6, 2);
INSERT INTO recipe_cook(recipe_id, cook_id) VALUES (43, 3);
INSERT INTO recipe_cook(recipe_id, cook_id) VALUES (43, 4);
INSERT INTO recipe_cook(recipe_id, cook_id) VALUES (43, 67);
INSERT INTO recipe_cook(recipe_id, cook_id) VALUES (43, 161);
INSERT INTO recipe_cook(recipe_id, cook_id) VALUES (43, 125);
INSERT INTO recipe_cook(recipe_id, cook_id) VALUES (43, 162);
INSERT INTO recipe_cook(recipe_id, cook_id) VALUES (43, 41);
INSERT INTO recipe_cook(recipe_id, cook_id) VALUES (43, 50);
INSERT INTO recipe_cook(recipe_id, cook_id) VALUES (43, 121);
INSERT INTO recipe_cook(recipe_id, cook_id) VALUES (43, 34);
INSERT INTO recipe_cook(recipe_id, cook_id) VALUES (43, 77);
INSERT INTO recipe_cook(recipe_id, cook_id) VALUES (43, 112);
INSERT INTO recipe_cook(recipe_id, cook_id) VALUES (43, 183);
INSERT INTO recipe_cook(recipe_id, cook_id) VALUES (43, 163);
INSERT INTO recipe_cook(recipe_id, cook_id) VALUES (43, 53);
INSERT INTO recipe_cook(recipe_id, cook_id) VALUES (43, 37);
INSERT INTO recipe_cook(recipe_id, cook_id) VALUES (43, 165);
INSERT INTO recipe_cook(recipe_id, cook_id) VALUES (43, 101);
INSERT INTO recipe_cook(recipe_id, cook_id) VALUES (43, 169);
INSERT INTO recipe_cook(recipe_id, cook_id) VALUES (43, 1);
INSERT INTO recipe_cook(recipe_id, cook_id) VALUES (43, 182);
INSERT INTO recipe_cook(recipe_id, cook_id) VALUES (43, 76);
INSERT INTO recipe_cook(recipe_id, cook_id) VALUES (43, 6);
INSERT INTO recipe_cook(recipe_id, cook_id) VALUES (43, 98);
INSERT INTO recipe_cook(recipe_id, cook_id) VALUES (43, 114);
INSERT INTO recipe_cook(recipe_id, cook_id) VALUES (43, 84);
INSERT INTO recipe_cook(recipe_id, cook_id) VALUES (43, 134);
INSERT INTO recipe_cook(recipe_id, cook_id) VALUES (43, 153);
INSERT INTO recipe_cook(recipe_id, cook_id) VALUES (43, 60);
INSERT INTO recipe_cook(recipe_id, cook_id) VALUES (43, 87);
INSERT INTO recipe_cook(recipe_id, cook_id) VALUES (43, 18);
INSERT INTO recipe_cook(recipe_id, cook_id) VALUES (43, 33);
INSERT INTO recipe_cook(recipe_id, cook_id) VALUES (43, 13);
INSERT INTO recipe_cook(recipe_id, cook_id) VALUES (43, 21);
INSERT INTO recipe_cook(recipe_id, cook_id) VALUES (43, 74);
INSERT INTO recipe_cook(recipe_id, cook_id) VALUES (43, 12);
INSERT INTO recipe_cook(recipe_id, cook_id) VALUES (43, 179);
INSERT INTO recipe_cook(recipe_id, cook_id) VALUES (43, 79);
INSERT INTO recipe_cook(recipe_id, cook_id) VALUES (43, 140);
INSERT INTO recipe_cook(recipe_id, cook_id) VALUES (43, 42);
INSERT INTO recipe_cook(recipe_id, cook_id) VALUES (43, 30);
INSERT INTO recipe_cook(recipe_id, cook_id) VALUES (43, 24);
INSERT INTO recipe_cook(recipe_id, cook_id) VALUES (43, 170);
INSERT INTO recipe_cook(recipe_id, cook_id) VALUES (43, 190);
INSERT INTO recipe_cook(recipe_id, cook_id) VALUES (43, 7);
INSERT INTO recipe_cook(recipe_id, cook_id) VALUES (43, 95);
INSERT INTO recipe_cook(recipe_id, cook_id) VALUES (43, 46);
INSERT INTO recipe_cook(recipe_id, cook_id) VALUES (43, 102);
INSERT INTO recipe_cook(recipe_id, cook_id) VALUES (43, 129);
INSERT INTO recipe_cook(recipe_id, cook_id) VALUES (43, 107);
INSERT INTO recipe_cook(recipe_id, cook_id) VALUES (43, 32);
INSERT INTO recipe_cook(recipe_id, cook_id) VALUES (43, 31);
INSERT INTO recipe_cook(recipe_id, cook_id) VALUES (43, 174);
INSERT INTO recipe_cook(recipe_id, cook_id) VALUES (43, 119);
INSERT INTO recipe_cook(recipe_id, cook_id) VALUES (43, 157);
INSERT INTO recipe_cook(recipe_id, cook_id) VALUES (43, 196);
INSERT INTO recipe_cook(recipe_id, cook_id) VALUES (43, 176);
INSERT INTO recipe_cook(recipe_id, cook_id) VALUES (43, 99);
INSERT INTO recipe_cook(recipe_id, cook_id) VALUES (43, 28);
INSERT INTO recipe_cook(recipe_id, cook_id) VALUES (43, 189);
INSERT INTO recipe_cook(recipe_id, cook_id) VALUES (43, 59);
INSERT INTO recipe_cook(recipe_id, cook_id) VALUES (43, 177);
INSERT INTO recipe_cook(recipe_id, cook_id) VALUES (43, 52);
INSERT INTO recipe_cook(recipe_id, cook_id) VALUES (43, 83);
INSERT INTO recipe_cook(recipe_id, cook_id) VALUES (43, 123);
INSERT INTO recipe_cook(recipe_id, cook_id) VALUES (43, 97);
INSERT INTO recipe_cook(recipe_id, cook_id) VALUES (43, 188);
INSERT INTO recipe_cook(recipe_id, cook_id) VALUES (43, 133);
INSERT INTO recipe_cook(recipe_id, cook_id) VALUES (43, 72);
INSERT INTO recipe_cook(recipe_id, cook_id) VALUES (43, 29);
INSERT INTO recipe_cook(recipe_id, cook_id) VALUES (43, 11);
INSERT INTO recipe_cook(recipe_id, cook_id) VALUES (43, 115);
INSERT INTO recipe_cook(recipe_id, cook_id) VALUES (43, 68);
INSERT INTO recipe_cook(recipe_id, cook_id) VALUES (43, 141);
INSERT INTO recipe_cook(recipe_id, cook_id) VALUES (43, 147);
INSERT INTO recipe_cook(recipe_id, cook_id) VALUES (43, 26);
INSERT INTO recipe_cook(recipe_id, cook_id) VALUES (43, 20);
INSERT INTO recipe_cook(recipe_id, cook_id) VALUES (43, 57);
INSERT INTO recipe_cook(recipe_id, cook_id) VALUES (43, 193);
INSERT INTO recipe_cook(recipe_id, cook_id) VALUES (43, 139);
INSERT INTO recipe_cook(recipe_id, cook_id) VALUES (43, 187);
INSERT INTO recipe_cook(recipe_id, cook_id) VALUES (43, 36);
INSERT INTO recipe_cook(recipe_id, cook_id) VALUES (43, 47);
INSERT INTO recipe_cook(recipe_id, cook_id) VALUES (43, 124);
INSERT INTO recipe_cook(recipe_id, cook_id) VALUES (43, 78);
INSERT INTO recipe_cook(recipe_id, cook_id) VALUES (43, 198);
INSERT INTO recipe_cook(recipe_id, cook_id) VALUES (43, 22);
INSERT INTO recipe_cook(recipe_id, cook_id) VALUES (43, 55);
INSERT INTO recipe_cook(recipe_id, cook_id) VALUES (43, 117);
INSERT INTO recipe_cook(recipe_id, cook_id) VALUES (43, 35);
INSERT INTO recipe_cook(recipe_id, cook_id) VALUES (43, 108);
INSERT INTO recipe_cook(recipe_id, cook_id) VALUES (43, 149);
INSERT INTO recipe_cook(recipe_id, cook_id) VALUES (43, 16);
INSERT INTO recipe_cook(recipe_id, cook_id) VALUES (43, 132);
INSERT INTO recipe_cook(recipe_id, cook_id) VALUES (43, 200);
INSERT INTO recipe_cook(recipe_id, cook_id) VALUES (43, 54);
INSERT INTO recipe_cook(recipe_id, cook_id) VALUES (43, 130);
INSERT INTO recipe_cook(recipe_id, cook_id) VALUES (43, 5);
INSERT INTO recipe_cook(recipe_id, cook_id) VALUES (43, 120);
INSERT INTO recipe_cook(recipe_id, cook_id) VALUES (43, 136);
INSERT INTO recipe_cook(recipe_id, cook_id) VALUES (43, 85);
INSERT INTO recipe_cook(recipe_id, cook_id) VALUES (43, 39);
INSERT INTO recipe_cook(recipe_id, cook_id) VALUES (43, 164);
INSERT INTO recipe_cook(recipe_id, cook_id) VALUES (43, 148);
INSERT INTO recipe_cook(recipe_id, cook_id) VALUES (43, 91);
INSERT INTO recipe_cook(recipe_id, cook_id) VALUES (43, 9);
INSERT INTO recipe_cook(recipe_id, cook_id) VALUES (43, 14);
INSERT INTO recipe_cook(recipe_id, cook_id) VALUES (43, 94);
INSERT INTO recipe_cook(recipe_id, cook_id) VALUES (43, 138);
INSERT INTO recipe_cook(recipe_id, cook_id) VALUES (43, 143);
INSERT INTO recipe_cook(recipe_id, cook_id) VALUES (43, 65);
INSERT INTO recipe_theme(recipe_id, theme_id) VALUES (43, 2);
INSERT INTO recipe_theme(recipe_id, theme_id) VALUES (43, 25);
INSERT INTO recipe_theme(recipe_id, theme_id) VALUES (43, 24);
INSERT INTO recipe_tip(recipe_id, tip_id) VALUES (43, 31);

INSERT INTO recipe(baking, cuisine_id, difficulty, title, recipe_description, prep_time, cook_time, portions, fat_portion, protein_portion, carbo_portion, picture, picture_description) VALUES(0, 9, 3,'Pumpkin Pie', 'Understand yes life whatever worry painting. Director speech industry kitchen there. Who wonder blood miss alone. Card group free result high science.', 75, 70, 3, 45, 15,50, 'https://picsum.photos/798/394', 'Hair for add shoulder modern lose.');
INSERT INTO recipe_meal_type(recipe_id, meal_type_id) VALUES (44, 5);
INSERT INTO recipe_tag(recipe_id, tag_id) VALUES (44, 73);
INSERT INTO recipe_equipment(recipe_id, equipment_id, num) VALUES (44, 18, 1);
INSERT INTO recipe_equipment(recipe_id, equipment_id, num) VALUES (44, 14, 4);
INSERT INTO recipe_equipment(recipe_id, equipment_id, num) VALUES (44, 10, 4);
INSERT INTO recipe_cook(recipe_id, cook_id) VALUES (44, 15);
INSERT INTO recipe_cook(recipe_id, cook_id) VALUES (44, 29);
INSERT INTO recipe_cook(recipe_id, cook_id) VALUES (44, 26);
INSERT INTO recipe_cook(recipe_id, cook_id) VALUES (44, 110);
INSERT INTO recipe_cook(recipe_id, cook_id) VALUES (44, 17);
INSERT INTO recipe_cook(recipe_id, cook_id) VALUES (44, 147);
INSERT INTO recipe_cook(recipe_id, cook_id) VALUES (44, 178);
INSERT INTO recipe_cook(recipe_id, cook_id) VALUES (44, 56);
INSERT INTO recipe_cook(recipe_id, cook_id) VALUES (44, 151);
INSERT INTO recipe_cook(recipe_id, cook_id) VALUES (44, 185);
INSERT INTO recipe_cook(recipe_id, cook_id) VALUES (44, 72);
INSERT INTO recipe_cook(recipe_id, cook_id) VALUES (44, 174);
INSERT INTO recipe_cook(recipe_id, cook_id) VALUES (44, 128);
INSERT INTO recipe_cook(recipe_id, cook_id) VALUES (44, 75);
INSERT INTO recipe_cook(recipe_id, cook_id) VALUES (44, 48);
INSERT INTO recipe_cook(recipe_id, cook_id) VALUES (44, 148);
INSERT INTO recipe_cook(recipe_id, cook_id) VALUES (44, 112);
INSERT INTO recipe_cook(recipe_id, cook_id) VALUES (44, 6);
INSERT INTO recipe_cook(recipe_id, cook_id) VALUES (44, 73);
INSERT INTO recipe_cook(recipe_id, cook_id) VALUES (44, 117);
INSERT INTO recipe_cook(recipe_id, cook_id) VALUES (44, 150);
INSERT INTO recipe_cook(recipe_id, cook_id) VALUES (44, 84);
INSERT INTO recipe_cook(recipe_id, cook_id) VALUES (44, 77);
INSERT INTO recipe_cook(recipe_id, cook_id) VALUES (44, 141);
INSERT INTO recipe_cook(recipe_id, cook_id) VALUES (44, 71);
INSERT INTO recipe_cook(recipe_id, cook_id) VALUES (44, 164);
INSERT INTO recipe_cook(recipe_id, cook_id) VALUES (44, 165);
INSERT INTO recipe_cook(recipe_id, cook_id) VALUES (44, 131);
INSERT INTO recipe_cook(recipe_id, cook_id) VALUES (44, 22);
INSERT INTO recipe_cook(recipe_id, cook_id) VALUES (44, 25);
INSERT INTO recipe_cook(recipe_id, cook_id) VALUES (44, 133);
INSERT INTO recipe_cook(recipe_id, cook_id) VALUES (44, 127);
INSERT INTO recipe_cook(recipe_id, cook_id) VALUES (44, 88);
INSERT INTO recipe_cook(recipe_id, cook_id) VALUES (44, 59);
INSERT INTO recipe_cook(recipe_id, cook_id) VALUES (44, 95);
INSERT INTO recipe_cook(recipe_id, cook_id) VALUES (44, 30);
INSERT INTO recipe_cook(recipe_id, cook_id) VALUES (44, 82);
INSERT INTO recipe_cook(recipe_id, cook_id) VALUES (44, 173);
INSERT INTO recipe_cook(recipe_id, cook_id) VALUES (44, 129);
INSERT INTO recipe_cook(recipe_id, cook_id) VALUES (44, 187);
INSERT INTO recipe_cook(recipe_id, cook_id) VALUES (44, 79);
INSERT INTO recipe_cook(recipe_id, cook_id) VALUES (44, 96);
INSERT INTO recipe_cook(recipe_id, cook_id) VALUES (44, 64);
INSERT INTO recipe_cook(recipe_id, cook_id) VALUES (44, 106);
INSERT INTO recipe_cook(recipe_id, cook_id) VALUES (44, 132);
INSERT INTO recipe_cook(recipe_id, cook_id) VALUES (44, 176);
INSERT INTO recipe_cook(recipe_id, cook_id) VALUES (44, 153);
INSERT INTO recipe_cook(recipe_id, cook_id) VALUES (44, 62);
INSERT INTO recipe_cook(recipe_id, cook_id) VALUES (44, 184);
INSERT INTO recipe_cook(recipe_id, cook_id) VALUES (44, 120);
INSERT INTO recipe_cook(recipe_id, cook_id) VALUES (44, 66);
INSERT INTO recipe_cook(recipe_id, cook_id) VALUES (44, 53);
INSERT INTO recipe_cook(recipe_id, cook_id) VALUES (44, 35);
INSERT INTO recipe_cook(recipe_id, cook_id) VALUES (44, 177);
INSERT INTO recipe_cook(recipe_id, cook_id) VALUES (44, 33);
INSERT INTO recipe_cook(recipe_id, cook_id) VALUES (44, 143);
INSERT INTO recipe_cook(recipe_id, cook_id) VALUES (44, 4);
INSERT INTO recipe_cook(recipe_id, cook_id) VALUES (44, 21);
INSERT INTO recipe_cook(recipe_id, cook_id) VALUES (44, 180);
INSERT INTO recipe_cook(recipe_id, cook_id) VALUES (44, 45);
INSERT INTO recipe_cook(recipe_id, cook_id) VALUES (44, 93);
INSERT INTO recipe_cook(recipe_id, cook_id) VALUES (44, 67);
INSERT INTO recipe_cook(recipe_id, cook_id) VALUES (44, 50);
INSERT INTO recipe_cook(recipe_id, cook_id) VALUES (44, 103);
INSERT INTO recipe_cook(recipe_id, cook_id) VALUES (44, 119);
INSERT INTO recipe_cook(recipe_id, cook_id) VALUES (44, 195);
INSERT INTO recipe_cook(recipe_id, cook_id) VALUES (44, 171);
INSERT INTO recipe_cook(recipe_id, cook_id) VALUES (44, 194);
INSERT INTO recipe_cook(recipe_id, cook_id) VALUES (44, 27);
INSERT INTO recipe_cook(recipe_id, cook_id) VALUES (44, 186);
INSERT INTO recipe_cook(recipe_id, cook_id) VALUES (44, 122);
INSERT INTO recipe_cook(recipe_id, cook_id) VALUES (44, 108);
INSERT INTO recipe_cook(recipe_id, cook_id) VALUES (44, 12);
INSERT INTO recipe_cook(recipe_id, cook_id) VALUES (44, 115);
INSERT INTO recipe_cook(recipe_id, cook_id) VALUES (44, 134);
INSERT INTO recipe_cook(recipe_id, cook_id) VALUES (44, 123);
INSERT INTO recipe_cook(recipe_id, cook_id) VALUES (44, 125);
INSERT INTO recipe_cook(recipe_id, cook_id) VALUES (44, 51);
INSERT INTO recipe_cook(recipe_id, cook_id) VALUES (44, 124);
INSERT INTO recipe_cook(recipe_id, cook_id) VALUES (44, 168);
INSERT INTO recipe_cook(recipe_id, cook_id) VALUES (44, 55);
INSERT INTO recipe_cook(recipe_id, cook_id) VALUES (44, 198);
INSERT INTO recipe_cook(recipe_id, cook_id) VALUES (44, 163);
INSERT INTO recipe_cook(recipe_id, cook_id) VALUES (44, 86);
INSERT INTO recipe_cook(recipe_id, cook_id) VALUES (44, 90);
INSERT INTO recipe_cook(recipe_id, cook_id) VALUES (44, 190);
INSERT INTO recipe_cook(recipe_id, cook_id) VALUES (44, 166);
INSERT INTO recipe_cook(recipe_id, cook_id) VALUES (44, 179);
INSERT INTO recipe_cook(recipe_id, cook_id) VALUES (44, 37);
INSERT INTO recipe_cook(recipe_id, cook_id) VALUES (44, 52);
INSERT INTO recipe_cook(recipe_id, cook_id) VALUES (44, 85);
INSERT INTO recipe_cook(recipe_id, cook_id) VALUES (44, 182);
INSERT INTO recipe_cook(recipe_id, cook_id) VALUES (44, 111);
INSERT INTO recipe_cook(recipe_id, cook_id) VALUES (44, 142);
INSERT INTO recipe_cook(recipe_id, cook_id) VALUES (44, 130);
INSERT INTO recipe_cook(recipe_id, cook_id) VALUES (44, 126);
INSERT INTO recipe_cook(recipe_id, cook_id) VALUES (44, 138);
INSERT INTO recipe_cook(recipe_id, cook_id) VALUES (44, 19);
INSERT INTO recipe_cook(recipe_id, cook_id) VALUES (44, 107);
INSERT INTO recipe_cook(recipe_id, cook_id) VALUES (44, 100);
INSERT INTO recipe_cook(recipe_id, cook_id) VALUES (44, 44);
INSERT INTO recipe_cook(recipe_id, cook_id) VALUES (44, 169);
INSERT INTO recipe_cook(recipe_id, cook_id) VALUES (44, 60);
INSERT INTO recipe_cook(recipe_id, cook_id) VALUES (44, 5);
INSERT INTO recipe_cook(recipe_id, cook_id) VALUES (44, 11);
INSERT INTO recipe_cook(recipe_id, cook_id) VALUES (44, 31);
INSERT INTO recipe_cook(recipe_id, cook_id) VALUES (44, 121);
INSERT INTO recipe_cook(recipe_id, cook_id) VALUES (44, 10);
INSERT INTO recipe_cook(recipe_id, cook_id) VALUES (44, 92);
INSERT INTO recipe_cook(recipe_id, cook_id) VALUES (44, 99);
INSERT INTO recipe_cook(recipe_id, cook_id) VALUES (44, 23);
INSERT INTO recipe_cook(recipe_id, cook_id) VALUES (44, 47);
INSERT INTO recipe_cook(recipe_id, cook_id) VALUES (44, 191);
INSERT INTO recipe_cook(recipe_id, cook_id) VALUES (44, 167);
INSERT INTO recipe_cook(recipe_id, cook_id) VALUES (44, 61);
INSERT INTO recipe_cook(recipe_id, cook_id) VALUES (44, 43);
INSERT INTO recipe_cook(recipe_id, cook_id) VALUES (44, 40);
INSERT INTO recipe_cook(recipe_id, cook_id) VALUES (44, 170);
INSERT INTO recipe_cook(recipe_id, cook_id) VALUES (44, 118);
INSERT INTO recipe_cook(recipe_id, cook_id) VALUES (44, 24);
INSERT INTO recipe_cook(recipe_id, cook_id) VALUES (44, 70);
INSERT INTO recipe_cook(recipe_id, cook_id) VALUES (44, 116);
INSERT INTO recipe_cook(recipe_id, cook_id) VALUES (44, 172);
INSERT INTO recipe_cook(recipe_id, cook_id) VALUES (44, 188);
INSERT INTO recipe_cook(recipe_id, cook_id) VALUES (44, 20);
INSERT INTO recipe_cook(recipe_id, cook_id) VALUES (44, 109);
INSERT INTO recipe_cook(recipe_id, cook_id) VALUES (44, 68);
INSERT INTO recipe_cook(recipe_id, cook_id) VALUES (44, 28);
INSERT INTO recipe_cook(recipe_id, cook_id) VALUES (44, 154);
INSERT INTO recipe_cook(recipe_id, cook_id) VALUES (44, 101);
INSERT INTO recipe_cook(recipe_id, cook_id) VALUES (44, 14);
INSERT INTO recipe_cook(recipe_id, cook_id) VALUES (44, 74);
INSERT INTO recipe_cook(recipe_id, cook_id) VALUES (44, 76);
INSERT INTO recipe_cook(recipe_id, cook_id) VALUES (44, 137);
INSERT INTO recipe_cook(recipe_id, cook_id) VALUES (44, 199);
INSERT INTO recipe_cook(recipe_id, cook_id) VALUES (44, 197);
INSERT INTO recipe_cook(recipe_id, cook_id) VALUES (44, 152);
INSERT INTO recipe_cook(recipe_id, cook_id) VALUES (44, 69);
INSERT INTO recipe_cook(recipe_id, cook_id) VALUES (44, 183);
INSERT INTO recipe_cook(recipe_id, cook_id) VALUES (44, 18);
INSERT INTO recipe_cook(recipe_id, cook_id) VALUES (44, 80);
INSERT INTO recipe_cook(recipe_id, cook_id) VALUES (44, 136);
INSERT INTO recipe_cook(recipe_id, cook_id) VALUES (44, 1);
INSERT INTO recipe_cook(recipe_id, cook_id) VALUES (44, 161);
INSERT INTO recipe_cook(recipe_id, cook_id) VALUES (44, 200);
INSERT INTO recipe_cook(recipe_id, cook_id) VALUES (44, 105);
INSERT INTO recipe_cook(recipe_id, cook_id) VALUES (44, 189);
INSERT INTO recipe_cook(recipe_id, cook_id) VALUES (44, 58);
INSERT INTO recipe_cook(recipe_id, cook_id) VALUES (44, 102);
INSERT INTO recipe_cook(recipe_id, cook_id) VALUES (44, 41);
INSERT INTO recipe_cook(recipe_id, cook_id) VALUES (44, 192);
INSERT INTO recipe_cook(recipe_id, cook_id) VALUES (44, 149);
INSERT INTO recipe_cook(recipe_id, cook_id) VALUES (44, 7);
INSERT INTO recipe_theme(recipe_id, theme_id) VALUES (44, 26);
INSERT INTO recipe_tip(recipe_id, tip_id) VALUES (44, 16);
INSERT INTO recipe_tip(recipe_id, tip_id) VALUES (44, 2);

INSERT INTO recipe(baking, cuisine_id, difficulty, title, recipe_description, prep_time, cook_time, portions, fat_portion, protein_portion, carbo_portion, picture, picture_description) VALUES(0, 16, 4,'Chicken Wings', 'Never note movement rule. Meet whom teacher impact gas its show.', 55, 30, 1, 25, 45,5, 'https://placekitten.com/945/48', 'Message score management ok inside very.');
INSERT INTO recipe_meal_type(recipe_id, meal_type_id) VALUES (45, 2);
INSERT INTO recipe_tag(recipe_id, tag_id) VALUES (45, 98);
INSERT INTO recipe_tag(recipe_id, tag_id) VALUES (45, 76);
INSERT INTO recipe_equipment(recipe_id, equipment_id, num) VALUES (45, 19, 1);
INSERT INTO recipe_equipment(recipe_id, equipment_id, num) VALUES (45, 16, 2);
INSERT INTO recipe_equipment(recipe_id, equipment_id, num) VALUES (45, 18, 2);
INSERT INTO recipe_cook(recipe_id, cook_id) VALUES (45, 103);
INSERT INTO recipe_cook(recipe_id, cook_id) VALUES (45, 40);
INSERT INTO recipe_cook(recipe_id, cook_id) VALUES (45, 139);
INSERT INTO recipe_cook(recipe_id, cook_id) VALUES (45, 119);
INSERT INTO recipe_cook(recipe_id, cook_id) VALUES (45, 69);
INSERT INTO recipe_cook(recipe_id, cook_id) VALUES (45, 89);
INSERT INTO recipe_cook(recipe_id, cook_id) VALUES (45, 200);
INSERT INTO recipe_cook(recipe_id, cook_id) VALUES (45, 42);
INSERT INTO recipe_cook(recipe_id, cook_id) VALUES (45, 49);
INSERT INTO recipe_cook(recipe_id, cook_id) VALUES (45, 24);
INSERT INTO recipe_cook(recipe_id, cook_id) VALUES (45, 182);
INSERT INTO recipe_cook(recipe_id, cook_id) VALUES (45, 147);
INSERT INTO recipe_cook(recipe_id, cook_id) VALUES (45, 170);
INSERT INTO recipe_cook(recipe_id, cook_id) VALUES (45, 161);
INSERT INTO recipe_cook(recipe_id, cook_id) VALUES (45, 86);
INSERT INTO recipe_cook(recipe_id, cook_id) VALUES (45, 154);
INSERT INTO recipe_cook(recipe_id, cook_id) VALUES (45, 112);
INSERT INTO recipe_cook(recipe_id, cook_id) VALUES (45, 50);
INSERT INTO recipe_cook(recipe_id, cook_id) VALUES (45, 75);
INSERT INTO recipe_cook(recipe_id, cook_id) VALUES (45, 146);
INSERT INTO recipe_cook(recipe_id, cook_id) VALUES (45, 175);
INSERT INTO recipe_cook(recipe_id, cook_id) VALUES (45, 84);
INSERT INTO recipe_cook(recipe_id, cook_id) VALUES (45, 13);
INSERT INTO recipe_cook(recipe_id, cook_id) VALUES (45, 129);
INSERT INTO recipe_cook(recipe_id, cook_id) VALUES (45, 96);
INSERT INTO recipe_cook(recipe_id, cook_id) VALUES (45, 130);
INSERT INTO recipe_cook(recipe_id, cook_id) VALUES (45, 27);
INSERT INTO recipe_cook(recipe_id, cook_id) VALUES (45, 10);
INSERT INTO recipe_cook(recipe_id, cook_id) VALUES (45, 186);
INSERT INTO recipe_cook(recipe_id, cook_id) VALUES (45, 66);
INSERT INTO recipe_cook(recipe_id, cook_id) VALUES (45, 166);
INSERT INTO recipe_cook(recipe_id, cook_id) VALUES (45, 67);
INSERT INTO recipe_cook(recipe_id, cook_id) VALUES (45, 71);
INSERT INTO recipe_cook(recipe_id, cook_id) VALUES (45, 111);
INSERT INTO recipe_cook(recipe_id, cook_id) VALUES (45, 135);
INSERT INTO recipe_cook(recipe_id, cook_id) VALUES (45, 115);
INSERT INTO recipe_cook(recipe_id, cook_id) VALUES (45, 116);
INSERT INTO recipe_cook(recipe_id, cook_id) VALUES (45, 197);
INSERT INTO recipe_theme(recipe_id, theme_id) VALUES (45, 37);
INSERT INTO recipe_theme(recipe_id, theme_id) VALUES (45, 21);
INSERT INTO recipe_tip(recipe_id, tip_id) VALUES (45, 40);

INSERT INTO recipe(baking, cuisine_id, difficulty, title, recipe_description, prep_time, cook_time, portions, fat_portion, protein_portion, carbo_portion, picture, picture_description) VALUES(0, 9, 2,'Greek Salad', 'Billion not upon drug simple effort research. Evidence more series against drug. Each film never scientist concern audience discuss play. Because far sell read contain interview. Positive door project catch will.', 85, 100, 3, 15, 25,70, 'https://picsum.photos/324/986', 'Run pass her realize set.');
INSERT INTO recipe_meal_type(recipe_id, meal_type_id) VALUES (46, 4);
INSERT INTO recipe_tag(recipe_id, tag_id) VALUES (46, 6);
INSERT INTO recipe_tag(recipe_id, tag_id) VALUES (46, 81);
INSERT INTO recipe_tag(recipe_id, tag_id) VALUES (46, 23);
INSERT INTO recipe_tag(recipe_id, tag_id) VALUES (46, 8);
INSERT INTO recipe_tag(recipe_id, tag_id) VALUES (46, 58);
INSERT INTO recipe_tag(recipe_id, tag_id) VALUES (46, 10);
INSERT INTO recipe_tag(recipe_id, tag_id) VALUES (46, 9);
INSERT INTO recipe_tag(recipe_id, tag_id) VALUES (46, 4);
INSERT INTO recipe_equipment(recipe_id, equipment_id, num) VALUES (46, 16, 4);
INSERT INTO recipe_equipment(recipe_id, equipment_id, num) VALUES (46, 14, 4);
INSERT INTO recipe_equipment(recipe_id, equipment_id, num) VALUES (46, 17, 3);
INSERT INTO recipe_cook(recipe_id, cook_id) VALUES (46, 106);
INSERT INTO recipe_cook(recipe_id, cook_id) VALUES (46, 60);
INSERT INTO recipe_cook(recipe_id, cook_id) VALUES (46, 36);
INSERT INTO recipe_cook(recipe_id, cook_id) VALUES (46, 13);
INSERT INTO recipe_cook(recipe_id, cook_id) VALUES (46, 151);
INSERT INTO recipe_cook(recipe_id, cook_id) VALUES (46, 200);
INSERT INTO recipe_cook(recipe_id, cook_id) VALUES (46, 61);
INSERT INTO recipe_cook(recipe_id, cook_id) VALUES (46, 87);
INSERT INTO recipe_cook(recipe_id, cook_id) VALUES (46, 79);
INSERT INTO recipe_cook(recipe_id, cook_id) VALUES (46, 162);
INSERT INTO recipe_cook(recipe_id, cook_id) VALUES (46, 126);
INSERT INTO recipe_cook(recipe_id, cook_id) VALUES (46, 107);
INSERT INTO recipe_cook(recipe_id, cook_id) VALUES (46, 102);
INSERT INTO recipe_cook(recipe_id, cook_id) VALUES (46, 15);
INSERT INTO recipe_cook(recipe_id, cook_id) VALUES (46, 166);
INSERT INTO recipe_cook(recipe_id, cook_id) VALUES (46, 130);
INSERT INTO recipe_cook(recipe_id, cook_id) VALUES (46, 3);
INSERT INTO recipe_cook(recipe_id, cook_id) VALUES (46, 83);
INSERT INTO recipe_cook(recipe_id, cook_id) VALUES (46, 10);
INSERT INTO recipe_cook(recipe_id, cook_id) VALUES (46, 156);
INSERT INTO recipe_cook(recipe_id, cook_id) VALUES (46, 111);
INSERT INTO recipe_cook(recipe_id, cook_id) VALUES (46, 52);
INSERT INTO recipe_cook(recipe_id, cook_id) VALUES (46, 57);
INSERT INTO recipe_theme(recipe_id, theme_id) VALUES (46, 1);
INSERT INTO recipe_theme(recipe_id, theme_id) VALUES (46, 2);
INSERT INTO recipe_tip(recipe_id, tip_id) VALUES (46, 4);

INSERT INTO recipe(baking, cuisine_id, difficulty, title, recipe_description, prep_time, cook_time, portions, fat_portion, protein_portion, carbo_portion, picture, picture_description) VALUES(0, 38, 4,'Garlic Bread', 'Its unit year general course during. Kind explain agreement record issue defense worry. Else long defense administration ten hand.', 105, 50, 1, 30, 50,40, 'https://dummyimage.com/604x875', 'Must cell in themselves station stand.');
INSERT INTO recipe_meal_type(recipe_id, meal_type_id) VALUES (47, 6);
INSERT INTO recipe_tag(recipe_id, tag_id) VALUES (47, 80);
INSERT INTO recipe_tag(recipe_id, tag_id) VALUES (47, 9);
INSERT INTO recipe_tag(recipe_id, tag_id) VALUES (47, 64);
INSERT INTO recipe_tag(recipe_id, tag_id) VALUES (47, 70);
INSERT INTO recipe_tag(recipe_id, tag_id) VALUES (47, 68);
INSERT INTO recipe_tag(recipe_id, tag_id) VALUES (47, 49);
INSERT INTO recipe_tag(recipe_id, tag_id) VALUES (47, 14);
INSERT INTO recipe_equipment(recipe_id, equipment_id, num) VALUES (47, 4, 1);
INSERT INTO recipe_equipment(recipe_id, equipment_id, num) VALUES (47, 13, 1);
INSERT INTO recipe_equipment(recipe_id, equipment_id, num) VALUES (47, 20, 2);
INSERT INTO recipe_equipment(recipe_id, equipment_id, num) VALUES (47, 16, 3);
INSERT INTO recipe_equipment(recipe_id, equipment_id, num) VALUES (47, 14, 1);
INSERT INTO recipe_equipment(recipe_id, equipment_id, num) VALUES (47, 19, 3);
INSERT INTO recipe_cook(recipe_id, cook_id) VALUES (47, 154);
INSERT INTO recipe_cook(recipe_id, cook_id) VALUES (47, 7);
INSERT INTO recipe_cook(recipe_id, cook_id) VALUES (47, 30);
INSERT INTO recipe_cook(recipe_id, cook_id) VALUES (47, 188);
INSERT INTO recipe_cook(recipe_id, cook_id) VALUES (47, 200);
INSERT INTO recipe_cook(recipe_id, cook_id) VALUES (47, 121);
INSERT INTO recipe_cook(recipe_id, cook_id) VALUES (47, 78);
INSERT INTO recipe_cook(recipe_id, cook_id) VALUES (47, 12);
INSERT INTO recipe_cook(recipe_id, cook_id) VALUES (47, 156);
INSERT INTO recipe_cook(recipe_id, cook_id) VALUES (47, 108);
INSERT INTO recipe_cook(recipe_id, cook_id) VALUES (47, 171);
INSERT INTO recipe_cook(recipe_id, cook_id) VALUES (47, 153);
INSERT INTO recipe_cook(recipe_id, cook_id) VALUES (47, 71);
INSERT INTO recipe_cook(recipe_id, cook_id) VALUES (47, 172);
INSERT INTO recipe_cook(recipe_id, cook_id) VALUES (47, 1);
INSERT INTO recipe_cook(recipe_id, cook_id) VALUES (47, 122);
INSERT INTO recipe_cook(recipe_id, cook_id) VALUES (47, 64);
INSERT INTO recipe_cook(recipe_id, cook_id) VALUES (47, 90);
INSERT INTO recipe_cook(recipe_id, cook_id) VALUES (47, 148);
INSERT INTO recipe_cook(recipe_id, cook_id) VALUES (47, 120);
INSERT INTO recipe_cook(recipe_id, cook_id) VALUES (47, 97);
INSERT INTO recipe_cook(recipe_id, cook_id) VALUES (47, 27);
INSERT INTO recipe_cook(recipe_id, cook_id) VALUES (47, 76);
INSERT INTO recipe_cook(recipe_id, cook_id) VALUES (47, 161);
INSERT INTO recipe_cook(recipe_id, cook_id) VALUES (47, 155);
INSERT INTO recipe_cook(recipe_id, cook_id) VALUES (47, 158);
INSERT INTO recipe_cook(recipe_id, cook_id) VALUES (47, 14);
INSERT INTO recipe_cook(recipe_id, cook_id) VALUES (47, 85);
INSERT INTO recipe_cook(recipe_id, cook_id) VALUES (47, 79);
INSERT INTO recipe_cook(recipe_id, cook_id) VALUES (47, 140);
INSERT INTO recipe_cook(recipe_id, cook_id) VALUES (47, 61);
INSERT INTO recipe_cook(recipe_id, cook_id) VALUES (47, 146);
INSERT INTO recipe_cook(recipe_id, cook_id) VALUES (47, 103);
INSERT INTO recipe_cook(recipe_id, cook_id) VALUES (47, 145);
INSERT INTO recipe_cook(recipe_id, cook_id) VALUES (47, 8);
INSERT INTO recipe_cook(recipe_id, cook_id) VALUES (47, 111);
INSERT INTO recipe_cook(recipe_id, cook_id) VALUES (47, 118);
INSERT INTO recipe_cook(recipe_id, cook_id) VALUES (47, 142);
INSERT INTO recipe_cook(recipe_id, cook_id) VALUES (47, 149);
INSERT INTO recipe_cook(recipe_id, cook_id) VALUES (47, 38);
INSERT INTO recipe_cook(recipe_id, cook_id) VALUES (47, 160);
INSERT INTO recipe_cook(recipe_id, cook_id) VALUES (47, 123);
INSERT INTO recipe_cook(recipe_id, cook_id) VALUES (47, 194);
INSERT INTO recipe_cook(recipe_id, cook_id) VALUES (47, 137);
INSERT INTO recipe_cook(recipe_id, cook_id) VALUES (47, 193);
INSERT INTO recipe_cook(recipe_id, cook_id) VALUES (47, 75);
INSERT INTO recipe_cook(recipe_id, cook_id) VALUES (47, 4);
INSERT INTO recipe_cook(recipe_id, cook_id) VALUES (47, 177);
INSERT INTO recipe_cook(recipe_id, cook_id) VALUES (47, 83);
INSERT INTO recipe_cook(recipe_id, cook_id) VALUES (47, 16);
INSERT INTO recipe_cook(recipe_id, cook_id) VALUES (47, 63);
INSERT INTO recipe_cook(recipe_id, cook_id) VALUES (47, 166);
INSERT INTO recipe_cook(recipe_id, cook_id) VALUES (47, 43);
INSERT INTO recipe_cook(recipe_id, cook_id) VALUES (47, 68);
INSERT INTO recipe_cook(recipe_id, cook_id) VALUES (47, 170);
INSERT INTO recipe_cook(recipe_id, cook_id) VALUES (47, 98);
INSERT INTO recipe_cook(recipe_id, cook_id) VALUES (47, 58);
INSERT INTO recipe_cook(recipe_id, cook_id) VALUES (47, 136);
INSERT INTO recipe_cook(recipe_id, cook_id) VALUES (47, 84);
INSERT INTO recipe_cook(recipe_id, cook_id) VALUES (47, 37);
INSERT INTO recipe_cook(recipe_id, cook_id) VALUES (47, 26);
INSERT INTO recipe_cook(recipe_id, cook_id) VALUES (47, 184);
INSERT INTO recipe_cook(recipe_id, cook_id) VALUES (47, 113);
INSERT INTO recipe_cook(recipe_id, cook_id) VALUES (47, 133);
INSERT INTO recipe_cook(recipe_id, cook_id) VALUES (47, 99);
INSERT INTO recipe_cook(recipe_id, cook_id) VALUES (47, 89);
INSERT INTO recipe_cook(recipe_id, cook_id) VALUES (47, 40);
INSERT INTO recipe_cook(recipe_id, cook_id) VALUES (47, 115);
INSERT INTO recipe_cook(recipe_id, cook_id) VALUES (47, 45);
INSERT INTO recipe_cook(recipe_id, cook_id) VALUES (47, 74);
INSERT INTO recipe_cook(recipe_id, cook_id) VALUES (47, 95);
INSERT INTO recipe_cook(recipe_id, cook_id) VALUES (47, 5);
INSERT INTO recipe_cook(recipe_id, cook_id) VALUES (47, 70);
INSERT INTO recipe_cook(recipe_id, cook_id) VALUES (47, 102);
INSERT INTO recipe_cook(recipe_id, cook_id) VALUES (47, 139);
INSERT INTO recipe_cook(recipe_id, cook_id) VALUES (47, 199);
INSERT INTO recipe_cook(recipe_id, cook_id) VALUES (47, 181);
INSERT INTO recipe_cook(recipe_id, cook_id) VALUES (47, 151);
INSERT INTO recipe_cook(recipe_id, cook_id) VALUES (47, 21);
INSERT INTO recipe_cook(recipe_id, cook_id) VALUES (47, 191);
INSERT INTO recipe_cook(recipe_id, cook_id) VALUES (47, 195);
INSERT INTO recipe_cook(recipe_id, cook_id) VALUES (47, 186);
INSERT INTO recipe_cook(recipe_id, cook_id) VALUES (47, 51);
INSERT INTO recipe_cook(recipe_id, cook_id) VALUES (47, 107);
INSERT INTO recipe_cook(recipe_id, cook_id) VALUES (47, 197);
INSERT INTO recipe_cook(recipe_id, cook_id) VALUES (47, 88);
INSERT INTO recipe_cook(recipe_id, cook_id) VALUES (47, 96);
INSERT INTO recipe_cook(recipe_id, cook_id) VALUES (47, 9);
INSERT INTO recipe_cook(recipe_id, cook_id) VALUES (47, 42);
INSERT INTO recipe_cook(recipe_id, cook_id) VALUES (47, 182);
INSERT INTO recipe_cook(recipe_id, cook_id) VALUES (47, 10);
INSERT INTO recipe_cook(recipe_id, cook_id) VALUES (47, 20);
INSERT INTO recipe_cook(recipe_id, cook_id) VALUES (47, 49);
INSERT INTO recipe_cook(recipe_id, cook_id) VALUES (47, 18);
INSERT INTO recipe_cook(recipe_id, cook_id) VALUES (47, 39);
INSERT INTO recipe_cook(recipe_id, cook_id) VALUES (47, 128);
INSERT INTO recipe_cook(recipe_id, cook_id) VALUES (47, 183);
INSERT INTO recipe_cook(recipe_id, cook_id) VALUES (47, 6);
INSERT INTO recipe_cook(recipe_id, cook_id) VALUES (47, 176);
INSERT INTO recipe_cook(recipe_id, cook_id) VALUES (47, 159);
INSERT INTO recipe_cook(recipe_id, cook_id) VALUES (47, 59);
INSERT INTO recipe_cook(recipe_id, cook_id) VALUES (47, 65);
INSERT INTO recipe_cook(recipe_id, cook_id) VALUES (47, 180);
INSERT INTO recipe_cook(recipe_id, cook_id) VALUES (47, 19);
INSERT INTO recipe_cook(recipe_id, cook_id) VALUES (47, 150);
INSERT INTO recipe_cook(recipe_id, cook_id) VALUES (47, 101);
INSERT INTO recipe_cook(recipe_id, cook_id) VALUES (47, 28);
INSERT INTO recipe_cook(recipe_id, cook_id) VALUES (47, 109);
INSERT INTO recipe_cook(recipe_id, cook_id) VALUES (47, 134);
INSERT INTO recipe_cook(recipe_id, cook_id) VALUES (47, 198);
INSERT INTO recipe_cook(recipe_id, cook_id) VALUES (47, 119);
INSERT INTO recipe_cook(recipe_id, cook_id) VALUES (47, 125);
INSERT INTO recipe_cook(recipe_id, cook_id) VALUES (47, 34);
INSERT INTO recipe_cook(recipe_id, cook_id) VALUES (47, 13);
INSERT INTO recipe_cook(recipe_id, cook_id) VALUES (47, 24);
INSERT INTO recipe_cook(recipe_id, cook_id) VALUES (47, 57);
INSERT INTO recipe_cook(recipe_id, cook_id) VALUES (47, 82);
INSERT INTO recipe_cook(recipe_id, cook_id) VALUES (47, 67);
INSERT INTO recipe_cook(recipe_id, cook_id) VALUES (47, 112);
INSERT INTO recipe_cook(recipe_id, cook_id) VALUES (47, 17);
INSERT INTO recipe_cook(recipe_id, cook_id) VALUES (47, 86);
INSERT INTO recipe_cook(recipe_id, cook_id) VALUES (47, 41);
INSERT INTO recipe_cook(recipe_id, cook_id) VALUES (47, 164);
INSERT INTO recipe_cook(recipe_id, cook_id) VALUES (47, 167);
INSERT INTO recipe_cook(recipe_id, cook_id) VALUES (47, 73);
INSERT INTO recipe_cook(recipe_id, cook_id) VALUES (47, 144);
INSERT INTO recipe_cook(recipe_id, cook_id) VALUES (47, 36);
INSERT INTO recipe_cook(recipe_id, cook_id) VALUES (47, 33);
INSERT INTO recipe_cook(recipe_id, cook_id) VALUES (47, 105);
INSERT INTO recipe_cook(recipe_id, cook_id) VALUES (47, 80);
INSERT INTO recipe_theme(recipe_id, theme_id) VALUES (47, 40);
INSERT INTO recipe_tip(recipe_id, tip_id) VALUES (47, 10);
INSERT INTO recipe_tip(recipe_id, tip_id) VALUES (47, 16);

INSERT INTO recipe(baking, cuisine_id, difficulty, title, recipe_description, prep_time, cook_time, portions, fat_portion, protein_portion, carbo_portion, picture, picture_description) VALUES(1, 7, 3,'Beef Stew', 'Difficult hundred seat. Hard Republican detail part individual cause simply. Price color name two.', 115, 70, 5, 10, 35,15, 'https://placekitten.com/119/419', 'Floor lead ahead amount.');
INSERT INTO recipe_meal_type(recipe_id, meal_type_id) VALUES (48, 2);
INSERT INTO recipe_tag(recipe_id, tag_id) VALUES (48, 45);
INSERT INTO recipe_tag(recipe_id, tag_id) VALUES (48, 52);
INSERT INTO recipe_equipment(recipe_id, equipment_id, num) VALUES (48, 6, 4);
INSERT INTO recipe_equipment(recipe_id, equipment_id, num) VALUES (48, 7, 3);
INSERT INTO recipe_equipment(recipe_id, equipment_id, num) VALUES (48, 3, 4);
INSERT INTO recipe_equipment(recipe_id, equipment_id, num) VALUES (48, 1, 3);
INSERT INTO recipe_cook(recipe_id, cook_id) VALUES (48, 171);
INSERT INTO recipe_cook(recipe_id, cook_id) VALUES (48, 103);
INSERT INTO recipe_cook(recipe_id, cook_id) VALUES (48, 22);
INSERT INTO recipe_cook(recipe_id, cook_id) VALUES (48, 33);
INSERT INTO recipe_cook(recipe_id, cook_id) VALUES (48, 64);
INSERT INTO recipe_cook(recipe_id, cook_id) VALUES (48, 117);
INSERT INTO recipe_cook(recipe_id, cook_id) VALUES (48, 170);
INSERT INTO recipe_cook(recipe_id, cook_id) VALUES (48, 14);
INSERT INTO recipe_cook(recipe_id, cook_id) VALUES (48, 105);
INSERT INTO recipe_cook(recipe_id, cook_id) VALUES (48, 161);
INSERT INTO recipe_cook(recipe_id, cook_id) VALUES (48, 116);
INSERT INTO recipe_cook(recipe_id, cook_id) VALUES (48, 30);
INSERT INTO recipe_cook(recipe_id, cook_id) VALUES (48, 8);
INSERT INTO recipe_cook(recipe_id, cook_id) VALUES (48, 102);
INSERT INTO recipe_cook(recipe_id, cook_id) VALUES (48, 88);
INSERT INTO recipe_cook(recipe_id, cook_id) VALUES (48, 52);
INSERT INTO recipe_cook(recipe_id, cook_id) VALUES (48, 62);
INSERT INTO recipe_cook(recipe_id, cook_id) VALUES (48, 151);
INSERT INTO recipe_cook(recipe_id, cook_id) VALUES (48, 112);
INSERT INTO recipe_cook(recipe_id, cook_id) VALUES (48, 89);
INSERT INTO recipe_cook(recipe_id, cook_id) VALUES (48, 195);
INSERT INTO recipe_cook(recipe_id, cook_id) VALUES (48, 137);
INSERT INTO recipe_cook(recipe_id, cook_id) VALUES (48, 93);
INSERT INTO recipe_cook(recipe_id, cook_id) VALUES (48, 197);
INSERT INTO recipe_theme(recipe_id, theme_id) VALUES (48, 5);
INSERT INTO recipe_theme(recipe_id, theme_id) VALUES (48, 19);
INSERT INTO recipe_tip(recipe_id, tip_id) VALUES (48, 19);
INSERT INTO recipe_tip(recipe_id, tip_id) VALUES (48, 8);

INSERT INTO recipe(baking, cuisine_id, difficulty, title, recipe_description, prep_time, cook_time, portions, fat_portion, protein_portion, carbo_portion, picture, picture_description) VALUES(0, 41, 4,'Gumbo', 'Build individual position air. Generation early such level. All understand reflect store. Score forward college point democratic everyone.', 55, 60, 5, 5, 5,70, 'https://dummyimage.com/122x287', 'Street find each after.');
INSERT INTO recipe_meal_type(recipe_id, meal_type_id) VALUES (49, 6);
INSERT INTO recipe_tag(recipe_id, tag_id) VALUES (49, 73);
INSERT INTO recipe_tag(recipe_id, tag_id) VALUES (49, 57);
INSERT INTO recipe_equipment(recipe_id, equipment_id, num) VALUES (49, 9, 3);
INSERT INTO recipe_equipment(recipe_id, equipment_id, num) VALUES (49, 16, 3);
INSERT INTO recipe_equipment(recipe_id, equipment_id, num) VALUES (49, 20, 4);
INSERT INTO recipe_equipment(recipe_id, equipment_id, num) VALUES (49, 13, 2);
INSERT INTO recipe_equipment(recipe_id, equipment_id, num) VALUES (49, 4, 3);
INSERT INTO recipe_equipment(recipe_id, equipment_id, num) VALUES (49, 19, 2);
INSERT INTO recipe_cook(recipe_id, cook_id) VALUES (49, 180);
INSERT INTO recipe_cook(recipe_id, cook_id) VALUES (49, 197);
INSERT INTO recipe_cook(recipe_id, cook_id) VALUES (49, 165);
INSERT INTO recipe_cook(recipe_id, cook_id) VALUES (49, 41);
INSERT INTO recipe_cook(recipe_id, cook_id) VALUES (49, 131);
INSERT INTO recipe_cook(recipe_id, cook_id) VALUES (49, 111);
INSERT INTO recipe_cook(recipe_id, cook_id) VALUES (49, 49);
INSERT INTO recipe_cook(recipe_id, cook_id) VALUES (49, 2);
INSERT INTO recipe_cook(recipe_id, cook_id) VALUES (49, 124);
INSERT INTO recipe_cook(recipe_id, cook_id) VALUES (49, 98);
INSERT INTO recipe_cook(recipe_id, cook_id) VALUES (49, 88);
INSERT INTO recipe_cook(recipe_id, cook_id) VALUES (49, 97);
INSERT INTO recipe_cook(recipe_id, cook_id) VALUES (49, 198);
INSERT INTO recipe_cook(recipe_id, cook_id) VALUES (49, 32);
INSERT INTO recipe_cook(recipe_id, cook_id) VALUES (49, 143);
INSERT INTO recipe_cook(recipe_id, cook_id) VALUES (49, 163);
INSERT INTO recipe_cook(recipe_id, cook_id) VALUES (49, 22);
INSERT INTO recipe_cook(recipe_id, cook_id) VALUES (49, 101);
INSERT INTO recipe_cook(recipe_id, cook_id) VALUES (49, 169);
INSERT INTO recipe_cook(recipe_id, cook_id) VALUES (49, 40);
INSERT INTO recipe_cook(recipe_id, cook_id) VALUES (49, 79);
INSERT INTO recipe_cook(recipe_id, cook_id) VALUES (49, 106);
INSERT INTO recipe_cook(recipe_id, cook_id) VALUES (49, 132);
INSERT INTO recipe_cook(recipe_id, cook_id) VALUES (49, 33);
INSERT INTO recipe_cook(recipe_id, cook_id) VALUES (49, 74);
INSERT INTO recipe_cook(recipe_id, cook_id) VALUES (49, 84);
INSERT INTO recipe_cook(recipe_id, cook_id) VALUES (49, 115);
INSERT INTO recipe_cook(recipe_id, cook_id) VALUES (49, 120);
INSERT INTO recipe_cook(recipe_id, cook_id) VALUES (49, 176);
INSERT INTO recipe_cook(recipe_id, cook_id) VALUES (49, 151);
INSERT INTO recipe_cook(recipe_id, cook_id) VALUES (49, 123);
INSERT INTO recipe_cook(recipe_id, cook_id) VALUES (49, 157);
INSERT INTO recipe_cook(recipe_id, cook_id) VALUES (49, 160);
INSERT INTO recipe_cook(recipe_id, cook_id) VALUES (49, 36);
INSERT INTO recipe_cook(recipe_id, cook_id) VALUES (49, 45);
INSERT INTO recipe_cook(recipe_id, cook_id) VALUES (49, 66);
INSERT INTO recipe_cook(recipe_id, cook_id) VALUES (49, 164);
INSERT INTO recipe_cook(recipe_id, cook_id) VALUES (49, 129);
INSERT INTO recipe_cook(recipe_id, cook_id) VALUES (49, 5);
INSERT INTO recipe_cook(recipe_id, cook_id) VALUES (49, 179);
INSERT INTO recipe_cook(recipe_id, cook_id) VALUES (49, 7);
INSERT INTO recipe_cook(recipe_id, cook_id) VALUES (49, 71);
INSERT INTO recipe_cook(recipe_id, cook_id) VALUES (49, 138);
INSERT INTO recipe_cook(recipe_id, cook_id) VALUES (49, 128);
INSERT INTO recipe_cook(recipe_id, cook_id) VALUES (49, 96);
INSERT INTO recipe_cook(recipe_id, cook_id) VALUES (49, 55);
INSERT INTO recipe_cook(recipe_id, cook_id) VALUES (49, 110);
INSERT INTO recipe_cook(recipe_id, cook_id) VALUES (49, 6);
INSERT INTO recipe_cook(recipe_id, cook_id) VALUES (49, 173);
INSERT INTO recipe_cook(recipe_id, cook_id) VALUES (49, 161);
INSERT INTO recipe_cook(recipe_id, cook_id) VALUES (49, 51);
INSERT INTO recipe_cook(recipe_id, cook_id) VALUES (49, 24);
INSERT INTO recipe_cook(recipe_id, cook_id) VALUES (49, 23);
INSERT INTO recipe_cook(recipe_id, cook_id) VALUES (49, 57);
INSERT INTO recipe_cook(recipe_id, cook_id) VALUES (49, 80);
INSERT INTO recipe_cook(recipe_id, cook_id) VALUES (49, 189);
INSERT INTO recipe_cook(recipe_id, cook_id) VALUES (49, 52);
INSERT INTO recipe_cook(recipe_id, cook_id) VALUES (49, 107);
INSERT INTO recipe_cook(recipe_id, cook_id) VALUES (49, 156);
INSERT INTO recipe_cook(recipe_id, cook_id) VALUES (49, 117);
INSERT INTO recipe_cook(recipe_id, cook_id) VALUES (49, 195);
INSERT INTO recipe_cook(recipe_id, cook_id) VALUES (49, 94);
INSERT INTO recipe_cook(recipe_id, cook_id) VALUES (49, 100);
INSERT INTO recipe_cook(recipe_id, cook_id) VALUES (49, 28);
INSERT INTO recipe_cook(recipe_id, cook_id) VALUES (49, 58);
INSERT INTO recipe_cook(recipe_id, cook_id) VALUES (49, 18);
INSERT INTO recipe_cook(recipe_id, cook_id) VALUES (49, 200);
INSERT INTO recipe_cook(recipe_id, cook_id) VALUES (49, 133);
INSERT INTO recipe_cook(recipe_id, cook_id) VALUES (49, 30);
INSERT INTO recipe_cook(recipe_id, cook_id) VALUES (49, 174);
INSERT INTO recipe_cook(recipe_id, cook_id) VALUES (49, 171);
INSERT INTO recipe_cook(recipe_id, cook_id) VALUES (49, 90);
INSERT INTO recipe_cook(recipe_id, cook_id) VALUES (49, 108);
INSERT INTO recipe_cook(recipe_id, cook_id) VALUES (49, 81);
INSERT INTO recipe_cook(recipe_id, cook_id) VALUES (49, 184);
INSERT INTO recipe_cook(recipe_id, cook_id) VALUES (49, 31);
INSERT INTO recipe_cook(recipe_id, cook_id) VALUES (49, 121);
INSERT INTO recipe_cook(recipe_id, cook_id) VALUES (49, 127);
INSERT INTO recipe_cook(recipe_id, cook_id) VALUES (49, 76);
INSERT INTO recipe_cook(recipe_id, cook_id) VALUES (49, 65);
INSERT INTO recipe_cook(recipe_id, cook_id) VALUES (49, 70);
INSERT INTO recipe_cook(recipe_id, cook_id) VALUES (49, 155);
INSERT INTO recipe_cook(recipe_id, cook_id) VALUES (49, 43);
INSERT INTO recipe_cook(recipe_id, cook_id) VALUES (49, 177);
INSERT INTO recipe_cook(recipe_id, cook_id) VALUES (49, 50);
INSERT INTO recipe_cook(recipe_id, cook_id) VALUES (49, 199);
INSERT INTO recipe_cook(recipe_id, cook_id) VALUES (49, 64);
INSERT INTO recipe_cook(recipe_id, cook_id) VALUES (49, 139);
INSERT INTO recipe_cook(recipe_id, cook_id) VALUES (49, 136);
INSERT INTO recipe_cook(recipe_id, cook_id) VALUES (49, 162);
INSERT INTO recipe_cook(recipe_id, cook_id) VALUES (49, 114);
INSERT INTO recipe_cook(recipe_id, cook_id) VALUES (49, 73);
INSERT INTO recipe_cook(recipe_id, cook_id) VALUES (49, 188);
INSERT INTO recipe_cook(recipe_id, cook_id) VALUES (49, 27);
INSERT INTO recipe_cook(recipe_id, cook_id) VALUES (49, 85);
INSERT INTO recipe_cook(recipe_id, cook_id) VALUES (49, 168);
INSERT INTO recipe_cook(recipe_id, cook_id) VALUES (49, 21);
INSERT INTO recipe_cook(recipe_id, cook_id) VALUES (49, 8);
INSERT INTO recipe_cook(recipe_id, cook_id) VALUES (49, 166);
INSERT INTO recipe_cook(recipe_id, cook_id) VALUES (49, 39);
INSERT INTO recipe_cook(recipe_id, cook_id) VALUES (49, 11);
INSERT INTO recipe_cook(recipe_id, cook_id) VALUES (49, 137);
INSERT INTO recipe_cook(recipe_id, cook_id) VALUES (49, 125);
INSERT INTO recipe_cook(recipe_id, cook_id) VALUES (49, 154);
INSERT INTO recipe_cook(recipe_id, cook_id) VALUES (49, 183);
INSERT INTO recipe_cook(recipe_id, cook_id) VALUES (49, 147);
INSERT INTO recipe_cook(recipe_id, cook_id) VALUES (49, 69);
INSERT INTO recipe_cook(recipe_id, cook_id) VALUES (49, 53);
INSERT INTO recipe_cook(recipe_id, cook_id) VALUES (49, 113);
INSERT INTO recipe_cook(recipe_id, cook_id) VALUES (49, 10);
INSERT INTO recipe_cook(recipe_id, cook_id) VALUES (49, 153);
INSERT INTO recipe_cook(recipe_id, cook_id) VALUES (49, 9);
INSERT INTO recipe_cook(recipe_id, cook_id) VALUES (49, 148);
INSERT INTO recipe_cook(recipe_id, cook_id) VALUES (49, 86);
INSERT INTO recipe_cook(recipe_id, cook_id) VALUES (49, 186);
INSERT INTO recipe_cook(recipe_id, cook_id) VALUES (49, 12);
INSERT INTO recipe_cook(recipe_id, cook_id) VALUES (49, 194);
INSERT INTO recipe_cook(recipe_id, cook_id) VALUES (49, 20);
INSERT INTO recipe_cook(recipe_id, cook_id) VALUES (49, 68);
INSERT INTO recipe_cook(recipe_id, cook_id) VALUES (49, 142);
INSERT INTO recipe_cook(recipe_id, cook_id) VALUES (49, 47);
INSERT INTO recipe_cook(recipe_id, cook_id) VALUES (49, 89);
INSERT INTO recipe_cook(recipe_id, cook_id) VALUES (49, 19);
INSERT INTO recipe_cook(recipe_id, cook_id) VALUES (49, 159);
INSERT INTO recipe_cook(recipe_id, cook_id) VALUES (49, 42);
INSERT INTO recipe_cook(recipe_id, cook_id) VALUES (49, 119);
INSERT INTO recipe_cook(recipe_id, cook_id) VALUES (49, 29);
INSERT INTO recipe_cook(recipe_id, cook_id) VALUES (49, 16);
INSERT INTO recipe_cook(recipe_id, cook_id) VALUES (49, 185);
INSERT INTO recipe_theme(recipe_id, theme_id) VALUES (49, 32);
INSERT INTO recipe_tip(recipe_id, tip_id) VALUES (49, 3);
INSERT INTO recipe_tip(recipe_id, tip_id) VALUES (49, 26);

INSERT INTO recipe(baking, cuisine_id, difficulty, title, recipe_description, prep_time, cook_time, portions, fat_portion, protein_portion, carbo_portion, picture, picture_description) VALUES(1, 12, 2,'Black Forest Cake', 'Deep else plan common. The information candidate number far bit remember. How leave possible indeed baby particular pretty. West always race behind respond worry here. Response many travel factor.', 85, 110, 3, 10, 45,60, 'https://picsum.photos/660/839', 'Their upon option still.');
INSERT INTO recipe_meal_type(recipe_id, meal_type_id) VALUES (50, 3);
INSERT INTO recipe_tag(recipe_id, tag_id) VALUES (50, 25);
INSERT INTO recipe_tag(recipe_id, tag_id) VALUES (50, 39);
INSERT INTO recipe_equipment(recipe_id, equipment_id, num) VALUES (50, 9, 3);
INSERT INTO recipe_equipment(recipe_id, equipment_id, num) VALUES (50, 18, 1);
INSERT INTO recipe_equipment(recipe_id, equipment_id, num) VALUES (50, 8, 3);
INSERT INTO recipe_equipment(recipe_id, equipment_id, num) VALUES (50, 4, 3);
INSERT INTO recipe_equipment(recipe_id, equipment_id, num) VALUES (50, 11, 1);
INSERT INTO recipe_cook(recipe_id, cook_id) VALUES (50, 60);
INSERT INTO recipe_cook(recipe_id, cook_id) VALUES (50, 159);
INSERT INTO recipe_cook(recipe_id, cook_id) VALUES (50, 82);
INSERT INTO recipe_cook(recipe_id, cook_id) VALUES (50, 4);
INSERT INTO recipe_cook(recipe_id, cook_id) VALUES (50, 3);
INSERT INTO recipe_cook(recipe_id, cook_id) VALUES (50, 114);
INSERT INTO recipe_cook(recipe_id, cook_id) VALUES (50, 177);
INSERT INTO recipe_cook(recipe_id, cook_id) VALUES (50, 111);
INSERT INTO recipe_cook(recipe_id, cook_id) VALUES (50, 162);
INSERT INTO recipe_cook(recipe_id, cook_id) VALUES (50, 185);
INSERT INTO recipe_cook(recipe_id, cook_id) VALUES (50, 96);
INSERT INTO recipe_cook(recipe_id, cook_id) VALUES (50, 78);
INSERT INTO recipe_cook(recipe_id, cook_id) VALUES (50, 128);
INSERT INTO recipe_cook(recipe_id, cook_id) VALUES (50, 200);
INSERT INTO recipe_cook(recipe_id, cook_id) VALUES (50, 147);
INSERT INTO recipe_cook(recipe_id, cook_id) VALUES (50, 181);
INSERT INTO recipe_cook(recipe_id, cook_id) VALUES (50, 57);
INSERT INTO recipe_cook(recipe_id, cook_id) VALUES (50, 77);
INSERT INTO recipe_cook(recipe_id, cook_id) VALUES (50, 54);
INSERT INTO recipe_cook(recipe_id, cook_id) VALUES (50, 163);
INSERT INTO recipe_cook(recipe_id, cook_id) VALUES (50, 90);
INSERT INTO recipe_cook(recipe_id, cook_id) VALUES (50, 144);
INSERT INTO recipe_cook(recipe_id, cook_id) VALUES (50, 123);
INSERT INTO recipe_cook(recipe_id, cook_id) VALUES (50, 186);
INSERT INTO recipe_cook(recipe_id, cook_id) VALUES (50, 92);
INSERT INTO recipe_cook(recipe_id, cook_id) VALUES (50, 97);
INSERT INTO recipe_cook(recipe_id, cook_id) VALUES (50, 22);
INSERT INTO recipe_cook(recipe_id, cook_id) VALUES (50, 196);
INSERT INTO recipe_cook(recipe_id, cook_id) VALUES (50, 148);
INSERT INTO recipe_cook(recipe_id, cook_id) VALUES (50, 8);
INSERT INTO recipe_cook(recipe_id, cook_id) VALUES (50, 151);
INSERT INTO recipe_cook(recipe_id, cook_id) VALUES (50, 140);
INSERT INTO recipe_cook(recipe_id, cook_id) VALUES (50, 100);
INSERT INTO recipe_cook(recipe_id, cook_id) VALUES (50, 192);
INSERT INTO recipe_cook(recipe_id, cook_id) VALUES (50, 166);
INSERT INTO recipe_cook(recipe_id, cook_id) VALUES (50, 81);
INSERT INTO recipe_cook(recipe_id, cook_id) VALUES (50, 188);
INSERT INTO recipe_cook(recipe_id, cook_id) VALUES (50, 182);
INSERT INTO recipe_cook(recipe_id, cook_id) VALUES (50, 112);
INSERT INTO recipe_cook(recipe_id, cook_id) VALUES (50, 141);
INSERT INTO recipe_cook(recipe_id, cook_id) VALUES (50, 154);
INSERT INTO recipe_cook(recipe_id, cook_id) VALUES (50, 191);
INSERT INTO recipe_cook(recipe_id, cook_id) VALUES (50, 126);
INSERT INTO recipe_cook(recipe_id, cook_id) VALUES (50, 10);
INSERT INTO recipe_cook(recipe_id, cook_id) VALUES (50, 121);
INSERT INTO recipe_cook(recipe_id, cook_id) VALUES (50, 56);
INSERT INTO recipe_cook(recipe_id, cook_id) VALUES (50, 84);
INSERT INTO recipe_cook(recipe_id, cook_id) VALUES (50, 156);
INSERT INTO recipe_cook(recipe_id, cook_id) VALUES (50, 1);
INSERT INTO recipe_cook(recipe_id, cook_id) VALUES (50, 67);
INSERT INTO recipe_cook(recipe_id, cook_id) VALUES (50, 75);
INSERT INTO recipe_cook(recipe_id, cook_id) VALUES (50, 36);
INSERT INTO recipe_cook(recipe_id, cook_id) VALUES (50, 195);
INSERT INTO recipe_cook(recipe_id, cook_id) VALUES (50, 53);
INSERT INTO recipe_cook(recipe_id, cook_id) VALUES (50, 73);
INSERT INTO recipe_cook(recipe_id, cook_id) VALUES (50, 137);
INSERT INTO recipe_cook(recipe_id, cook_id) VALUES (50, 158);
INSERT INTO recipe_cook(recipe_id, cook_id) VALUES (50, 48);
INSERT INTO recipe_cook(recipe_id, cook_id) VALUES (50, 51);
INSERT INTO recipe_cook(recipe_id, cook_id) VALUES (50, 80);
INSERT INTO recipe_cook(recipe_id, cook_id) VALUES (50, 102);
INSERT INTO recipe_cook(recipe_id, cook_id) VALUES (50, 88);
INSERT INTO recipe_cook(recipe_id, cook_id) VALUES (50, 6);
INSERT INTO recipe_cook(recipe_id, cook_id) VALUES (50, 25);
INSERT INTO recipe_cook(recipe_id, cook_id) VALUES (50, 76);
INSERT INTO recipe_cook(recipe_id, cook_id) VALUES (50, 180);
INSERT INTO recipe_cook(recipe_id, cook_id) VALUES (50, 50);
INSERT INTO recipe_cook(recipe_id, cook_id) VALUES (50, 38);
INSERT INTO recipe_cook(recipe_id, cook_id) VALUES (50, 45);
INSERT INTO recipe_cook(recipe_id, cook_id) VALUES (50, 106);
INSERT INTO recipe_cook(recipe_id, cook_id) VALUES (50, 74);
INSERT INTO recipe_cook(recipe_id, cook_id) VALUES (50, 30);
INSERT INTO recipe_cook(recipe_id, cook_id) VALUES (50, 190);
INSERT INTO recipe_cook(recipe_id, cook_id) VALUES (50, 175);
INSERT INTO recipe_cook(recipe_id, cook_id) VALUES (50, 136);
INSERT INTO recipe_cook(recipe_id, cook_id) VALUES (50, 19);
INSERT INTO recipe_cook(recipe_id, cook_id) VALUES (50, 124);
INSERT INTO recipe_cook(recipe_id, cook_id) VALUES (50, 13);
INSERT INTO recipe_cook(recipe_id, cook_id) VALUES (50, 39);
INSERT INTO recipe_cook(recipe_id, cook_id) VALUES (50, 33);
INSERT INTO recipe_cook(recipe_id, cook_id) VALUES (50, 98);
INSERT INTO recipe_cook(recipe_id, cook_id) VALUES (50, 66);
INSERT INTO recipe_cook(recipe_id, cook_id) VALUES (50, 194);
INSERT INTO recipe_cook(recipe_id, cook_id) VALUES (50, 35);
INSERT INTO recipe_cook(recipe_id, cook_id) VALUES (50, 83);
INSERT INTO recipe_cook(recipe_id, cook_id) VALUES (50, 172);
INSERT INTO recipe_cook(recipe_id, cook_id) VALUES (50, 59);
INSERT INTO recipe_cook(recipe_id, cook_id) VALUES (50, 37);
INSERT INTO recipe_cook(recipe_id, cook_id) VALUES (50, 120);
INSERT INTO recipe_cook(recipe_id, cook_id) VALUES (50, 164);
INSERT INTO recipe_cook(recipe_id, cook_id) VALUES (50, 87);
INSERT INTO recipe_cook(recipe_id, cook_id) VALUES (50, 135);
INSERT INTO recipe_cook(recipe_id, cook_id) VALUES (50, 72);
INSERT INTO recipe_cook(recipe_id, cook_id) VALUES (50, 44);
INSERT INTO recipe_cook(recipe_id, cook_id) VALUES (50, 153);
INSERT INTO recipe_cook(recipe_id, cook_id) VALUES (50, 85);
INSERT INTO recipe_cook(recipe_id, cook_id) VALUES (50, 94);
INSERT INTO recipe_cook(recipe_id, cook_id) VALUES (50, 2);
INSERT INTO recipe_cook(recipe_id, cook_id) VALUES (50, 29);
INSERT INTO recipe_theme(recipe_id, theme_id) VALUES (50, 15);
INSERT INTO recipe_theme(recipe_id, theme_id) VALUES (50, 21);
INSERT INTO recipe_tip(recipe_id, tip_id) VALUES (50, 28);

INSERT INTO recipe(baking, cuisine_id, difficulty, title, recipe_description, prep_time, cook_time, portions, fat_portion, protein_portion, carbo_portion, picture, picture_description) VALUES(1, 9, 2,'Fruit Salad', 'Sit owner body until information on. Head affect international must significant do. It party radio.', 65, 10, 3, 25, 5,80, 'https://picsum.photos/375/670', 'Minute sign difference what argue chance.');
INSERT INTO recipe_meal_type(recipe_id, meal_type_id) VALUES (51, 4);
INSERT INTO recipe_tag(recipe_id, tag_id) VALUES (51, 55);
INSERT INTO recipe_tag(recipe_id, tag_id) VALUES (51, 33);
INSERT INTO recipe_tag(recipe_id, tag_id) VALUES (51, 12);
INSERT INTO recipe_equipment(recipe_id, equipment_id, num) VALUES (51, 15, 2);
INSERT INTO recipe_equipment(recipe_id, equipment_id, num) VALUES (51, 16, 4);
INSERT INTO recipe_equipment(recipe_id, equipment_id, num) VALUES (51, 10, 3);
INSERT INTO recipe_equipment(recipe_id, equipment_id, num) VALUES (51, 12, 3);
INSERT INTO recipe_equipment(recipe_id, equipment_id, num) VALUES (51, 2, 1);
INSERT INTO recipe_equipment(recipe_id, equipment_id, num) VALUES (51, 6, 2);
INSERT INTO recipe_equipment(recipe_id, equipment_id, num) VALUES (51, 7, 1);
INSERT INTO recipe_cook(recipe_id, cook_id) VALUES (51, 68);
INSERT INTO recipe_cook(recipe_id, cook_id) VALUES (51, 144);
INSERT INTO recipe_cook(recipe_id, cook_id) VALUES (51, 47);
INSERT INTO recipe_cook(recipe_id, cook_id) VALUES (51, 122);
INSERT INTO recipe_cook(recipe_id, cook_id) VALUES (51, 128);
INSERT INTO recipe_cook(recipe_id, cook_id) VALUES (51, 85);
INSERT INTO recipe_cook(recipe_id, cook_id) VALUES (51, 35);
INSERT INTO recipe_cook(recipe_id, cook_id) VALUES (51, 63);
INSERT INTO recipe_cook(recipe_id, cook_id) VALUES (51, 67);
INSERT INTO recipe_cook(recipe_id, cook_id) VALUES (51, 156);
INSERT INTO recipe_cook(recipe_id, cook_id) VALUES (51, 177);
INSERT INTO recipe_cook(recipe_id, cook_id) VALUES (51, 26);
INSERT INTO recipe_cook(recipe_id, cook_id) VALUES (51, 61);
INSERT INTO recipe_cook(recipe_id, cook_id) VALUES (51, 64);
INSERT INTO recipe_cook(recipe_id, cook_id) VALUES (51, 187);
INSERT INTO recipe_cook(recipe_id, cook_id) VALUES (51, 9);
INSERT INTO recipe_cook(recipe_id, cook_id) VALUES (51, 51);
INSERT INTO recipe_cook(recipe_id, cook_id) VALUES (51, 180);
INSERT INTO recipe_cook(recipe_id, cook_id) VALUES (51, 135);
INSERT INTO recipe_cook(recipe_id, cook_id) VALUES (51, 188);
INSERT INTO recipe_cook(recipe_id, cook_id) VALUES (51, 34);
INSERT INTO recipe_cook(recipe_id, cook_id) VALUES (51, 138);
INSERT INTO recipe_cook(recipe_id, cook_id) VALUES (51, 175);
INSERT INTO recipe_cook(recipe_id, cook_id) VALUES (51, 127);
INSERT INTO recipe_cook(recipe_id, cook_id) VALUES (51, 90);
INSERT INTO recipe_cook(recipe_id, cook_id) VALUES (51, 196);
INSERT INTO recipe_cook(recipe_id, cook_id) VALUES (51, 96);
INSERT INTO recipe_cook(recipe_id, cook_id) VALUES (51, 171);
INSERT INTO recipe_cook(recipe_id, cook_id) VALUES (51, 15);
INSERT INTO recipe_cook(recipe_id, cook_id) VALUES (51, 50);
INSERT INTO recipe_cook(recipe_id, cook_id) VALUES (51, 161);
INSERT INTO recipe_cook(recipe_id, cook_id) VALUES (51, 60);
INSERT INTO recipe_cook(recipe_id, cook_id) VALUES (51, 109);
INSERT INTO recipe_cook(recipe_id, cook_id) VALUES (51, 133);
INSERT INTO recipe_cook(recipe_id, cook_id) VALUES (51, 197);
INSERT INTO recipe_cook(recipe_id, cook_id) VALUES (51, 49);
INSERT INTO recipe_cook(recipe_id, cook_id) VALUES (51, 12);
INSERT INTO recipe_cook(recipe_id, cook_id) VALUES (51, 88);
INSERT INTO recipe_cook(recipe_id, cook_id) VALUES (51, 11);
INSERT INTO recipe_cook(recipe_id, cook_id) VALUES (51, 22);
INSERT INTO recipe_cook(recipe_id, cook_id) VALUES (51, 71);
INSERT INTO recipe_cook(recipe_id, cook_id) VALUES (51, 176);
INSERT INTO recipe_cook(recipe_id, cook_id) VALUES (51, 31);
INSERT INTO recipe_cook(recipe_id, cook_id) VALUES (51, 125);
INSERT INTO recipe_cook(recipe_id, cook_id) VALUES (51, 39);
INSERT INTO recipe_cook(recipe_id, cook_id) VALUES (51, 132);
INSERT INTO recipe_cook(recipe_id, cook_id) VALUES (51, 136);
INSERT INTO recipe_cook(recipe_id, cook_id) VALUES (51, 45);
INSERT INTO recipe_cook(recipe_id, cook_id) VALUES (51, 25);
INSERT INTO recipe_cook(recipe_id, cook_id) VALUES (51, 167);
INSERT INTO recipe_cook(recipe_id, cook_id) VALUES (51, 191);
INSERT INTO recipe_cook(recipe_id, cook_id) VALUES (51, 97);
INSERT INTO recipe_cook(recipe_id, cook_id) VALUES (51, 33);
INSERT INTO recipe_cook(recipe_id, cook_id) VALUES (51, 78);
INSERT INTO recipe_cook(recipe_id, cook_id) VALUES (51, 56);
INSERT INTO recipe_cook(recipe_id, cook_id) VALUES (51, 86);
INSERT INTO recipe_cook(recipe_id, cook_id) VALUES (51, 121);
INSERT INTO recipe_cook(recipe_id, cook_id) VALUES (51, 21);
INSERT INTO recipe_cook(recipe_id, cook_id) VALUES (51, 123);
INSERT INTO recipe_cook(recipe_id, cook_id) VALUES (51, 87);
INSERT INTO recipe_cook(recipe_id, cook_id) VALUES (51, 102);
INSERT INTO recipe_cook(recipe_id, cook_id) VALUES (51, 54);
INSERT INTO recipe_cook(recipe_id, cook_id) VALUES (51, 89);
INSERT INTO recipe_cook(recipe_id, cook_id) VALUES (51, 6);
INSERT INTO recipe_cook(recipe_id, cook_id) VALUES (51, 126);
INSERT INTO recipe_cook(recipe_id, cook_id) VALUES (51, 154);
INSERT INTO recipe_cook(recipe_id, cook_id) VALUES (51, 52);
INSERT INTO recipe_cook(recipe_id, cook_id) VALUES (51, 184);
INSERT INTO recipe_cook(recipe_id, cook_id) VALUES (51, 129);
INSERT INTO recipe_cook(recipe_id, cook_id) VALUES (51, 158);
INSERT INTO recipe_cook(recipe_id, cook_id) VALUES (51, 118);
INSERT INTO recipe_cook(recipe_id, cook_id) VALUES (51, 58);
INSERT INTO recipe_cook(recipe_id, cook_id) VALUES (51, 189);
INSERT INTO recipe_cook(recipe_id, cook_id) VALUES (51, 44);
INSERT INTO recipe_cook(recipe_id, cook_id) VALUES (51, 142);
INSERT INTO recipe_cook(recipe_id, cook_id) VALUES (51, 20);
INSERT INTO recipe_cook(recipe_id, cook_id) VALUES (51, 14);
INSERT INTO recipe_cook(recipe_id, cook_id) VALUES (51, 152);
INSERT INTO recipe_cook(recipe_id, cook_id) VALUES (51, 101);
INSERT INTO recipe_cook(recipe_id, cook_id) VALUES (51, 72);
INSERT INTO recipe_cook(recipe_id, cook_id) VALUES (51, 93);
INSERT INTO recipe_cook(recipe_id, cook_id) VALUES (51, 83);
INSERT INTO recipe_cook(recipe_id, cook_id) VALUES (51, 41);
INSERT INTO recipe_cook(recipe_id, cook_id) VALUES (51, 198);
INSERT INTO recipe_cook(recipe_id, cook_id) VALUES (51, 163);
INSERT INTO recipe_cook(recipe_id, cook_id) VALUES (51, 162);
INSERT INTO recipe_cook(recipe_id, cook_id) VALUES (51, 53);
INSERT INTO recipe_cook(recipe_id, cook_id) VALUES (51, 124);
INSERT INTO recipe_cook(recipe_id, cook_id) VALUES (51, 149);
INSERT INTO recipe_cook(recipe_id, cook_id) VALUES (51, 70);
INSERT INTO recipe_cook(recipe_id, cook_id) VALUES (51, 137);
INSERT INTO recipe_cook(recipe_id, cook_id) VALUES (51, 150);
INSERT INTO recipe_cook(recipe_id, cook_id) VALUES (51, 81);
INSERT INTO recipe_cook(recipe_id, cook_id) VALUES (51, 173);
INSERT INTO recipe_cook(recipe_id, cook_id) VALUES (51, 104);
INSERT INTO recipe_cook(recipe_id, cook_id) VALUES (51, 103);
INSERT INTO recipe_cook(recipe_id, cook_id) VALUES (51, 169);
INSERT INTO recipe_cook(recipe_id, cook_id) VALUES (51, 181);
INSERT INTO recipe_cook(recipe_id, cook_id) VALUES (51, 194);
INSERT INTO recipe_cook(recipe_id, cook_id) VALUES (51, 190);
INSERT INTO recipe_cook(recipe_id, cook_id) VALUES (51, 168);
INSERT INTO recipe_cook(recipe_id, cook_id) VALUES (51, 111);
INSERT INTO recipe_cook(recipe_id, cook_id) VALUES (51, 4);
INSERT INTO recipe_cook(recipe_id, cook_id) VALUES (51, 182);
INSERT INTO recipe_cook(recipe_id, cook_id) VALUES (51, 193);
INSERT INTO recipe_cook(recipe_id, cook_id) VALUES (51, 23);
INSERT INTO recipe_cook(recipe_id, cook_id) VALUES (51, 115);
INSERT INTO recipe_cook(recipe_id, cook_id) VALUES (51, 27);
INSERT INTO recipe_cook(recipe_id, cook_id) VALUES (51, 153);
INSERT INTO recipe_cook(recipe_id, cook_id) VALUES (51, 141);
INSERT INTO recipe_cook(recipe_id, cook_id) VALUES (51, 75);
INSERT INTO recipe_cook(recipe_id, cook_id) VALUES (51, 55);
INSERT INTO recipe_cook(recipe_id, cook_id) VALUES (51, 112);
INSERT INTO recipe_cook(recipe_id, cook_id) VALUES (51, 185);
INSERT INTO recipe_cook(recipe_id, cook_id) VALUES (51, 145);
INSERT INTO recipe_cook(recipe_id, cook_id) VALUES (51, 94);
INSERT INTO recipe_cook(recipe_id, cook_id) VALUES (51, 200);
INSERT INTO recipe_cook(recipe_id, cook_id) VALUES (51, 110);
INSERT INTO recipe_cook(recipe_id, cook_id) VALUES (51, 147);
INSERT INTO recipe_cook(recipe_id, cook_id) VALUES (51, 17);
INSERT INTO recipe_cook(recipe_id, cook_id) VALUES (51, 3);
INSERT INTO recipe_cook(recipe_id, cook_id) VALUES (51, 84);
INSERT INTO recipe_cook(recipe_id, cook_id) VALUES (51, 174);
INSERT INTO recipe_cook(recipe_id, cook_id) VALUES (51, 57);
INSERT INTO recipe_cook(recipe_id, cook_id) VALUES (51, 148);
INSERT INTO recipe_cook(recipe_id, cook_id) VALUES (51, 36);
INSERT INTO recipe_cook(recipe_id, cook_id) VALUES (51, 98);
INSERT INTO recipe_cook(recipe_id, cook_id) VALUES (51, 114);
INSERT INTO recipe_cook(recipe_id, cook_id) VALUES (51, 140);
INSERT INTO recipe_cook(recipe_id, cook_id) VALUES (51, 79);
INSERT INTO recipe_cook(recipe_id, cook_id) VALUES (51, 119);
INSERT INTO recipe_cook(recipe_id, cook_id) VALUES (51, 199);
INSERT INTO recipe_cook(recipe_id, cook_id) VALUES (51, 18);
INSERT INTO recipe_cook(recipe_id, cook_id) VALUES (51, 106);
INSERT INTO recipe_cook(recipe_id, cook_id) VALUES (51, 120);
INSERT INTO recipe_cook(recipe_id, cook_id) VALUES (51, 66);
INSERT INTO recipe_cook(recipe_id, cook_id) VALUES (51, 32);
INSERT INTO recipe_cook(recipe_id, cook_id) VALUES (51, 10);
INSERT INTO recipe_cook(recipe_id, cook_id) VALUES (51, 2);
INSERT INTO recipe_cook(recipe_id, cook_id) VALUES (51, 155);
INSERT INTO recipe_cook(recipe_id, cook_id) VALUES (51, 130);
INSERT INTO recipe_cook(recipe_id, cook_id) VALUES (51, 43);
INSERT INTO recipe_cook(recipe_id, cook_id) VALUES (51, 166);
INSERT INTO recipe_cook(recipe_id, cook_id) VALUES (51, 38);
INSERT INTO recipe_cook(recipe_id, cook_id) VALUES (51, 160);
INSERT INTO recipe_cook(recipe_id, cook_id) VALUES (51, 91);
INSERT INTO recipe_cook(recipe_id, cook_id) VALUES (51, 186);
INSERT INTO recipe_cook(recipe_id, cook_id) VALUES (51, 65);
INSERT INTO recipe_cook(recipe_id, cook_id) VALUES (51, 24);
INSERT INTO recipe_cook(recipe_id, cook_id) VALUES (51, 1);
INSERT INTO recipe_cook(recipe_id, cook_id) VALUES (51, 28);
INSERT INTO recipe_cook(recipe_id, cook_id) VALUES (51, 73);
INSERT INTO recipe_cook(recipe_id, cook_id) VALUES (51, 92);
INSERT INTO recipe_cook(recipe_id, cook_id) VALUES (51, 74);
INSERT INTO recipe_cook(recipe_id, cook_id) VALUES (51, 76);
INSERT INTO recipe_cook(recipe_id, cook_id) VALUES (51, 7);
INSERT INTO recipe_cook(recipe_id, cook_id) VALUES (51, 139);
INSERT INTO recipe_cook(recipe_id, cook_id) VALUES (51, 77);
INSERT INTO recipe_cook(recipe_id, cook_id) VALUES (51, 80);
INSERT INTO recipe_cook(recipe_id, cook_id) VALUES (51, 178);
INSERT INTO recipe_theme(recipe_id, theme_id) VALUES (51, 9);
INSERT INTO recipe_theme(recipe_id, theme_id) VALUES (51, 32);
INSERT INTO recipe_theme(recipe_id, theme_id) VALUES (51, 12);
INSERT INTO recipe_tip(recipe_id, tip_id) VALUES (51, 33);

INSERT INTO recipe(baking, cuisine_id, difficulty, title, recipe_description, prep_time, cook_time, portions, fat_portion, protein_portion, carbo_portion, picture, picture_description) VALUES(1, 42, 3,'Potato Salad', 'Conference skin response general skin population opportunity wait. Experience reality nothing exist treatment eight. Air kind treat address point. Other front nearly pretty.', 105, 10, 5, 40, 40,25, 'https://picsum.photos/2/231', 'Standard test beautiful development international strategy.');
INSERT INTO recipe_meal_type(recipe_id, meal_type_id) VALUES (52, 6);
INSERT INTO recipe_tag(recipe_id, tag_id) VALUES (52, 18);
INSERT INTO recipe_tag(recipe_id, tag_id) VALUES (52, 3);
INSERT INTO recipe_tag(recipe_id, tag_id) VALUES (52, 12);
INSERT INTO recipe_tag(recipe_id, tag_id) VALUES (52, 43);
INSERT INTO recipe_equipment(recipe_id, equipment_id, num) VALUES (52, 11, 4);
INSERT INTO recipe_equipment(recipe_id, equipment_id, num) VALUES (52, 8, 4);
INSERT INTO recipe_equipment(recipe_id, equipment_id, num) VALUES (52, 4, 2);
INSERT INTO recipe_equipment(recipe_id, equipment_id, num) VALUES (52, 2, 1);
INSERT INTO recipe_cook(recipe_id, cook_id) VALUES (52, 47);
INSERT INTO recipe_cook(recipe_id, cook_id) VALUES (52, 9);
INSERT INTO recipe_cook(recipe_id, cook_id) VALUES (52, 24);
INSERT INTO recipe_cook(recipe_id, cook_id) VALUES (52, 123);
INSERT INTO recipe_cook(recipe_id, cook_id) VALUES (52, 124);
INSERT INTO recipe_cook(recipe_id, cook_id) VALUES (52, 169);
INSERT INTO recipe_cook(recipe_id, cook_id) VALUES (52, 179);
INSERT INTO recipe_cook(recipe_id, cook_id) VALUES (52, 187);
INSERT INTO recipe_cook(recipe_id, cook_id) VALUES (52, 55);
INSERT INTO recipe_cook(recipe_id, cook_id) VALUES (52, 105);
INSERT INTO recipe_cook(recipe_id, cook_id) VALUES (52, 78);
INSERT INTO recipe_cook(recipe_id, cook_id) VALUES (52, 193);
INSERT INTO recipe_cook(recipe_id, cook_id) VALUES (52, 163);
INSERT INTO recipe_cook(recipe_id, cook_id) VALUES (52, 53);
INSERT INTO recipe_cook(recipe_id, cook_id) VALUES (52, 37);
INSERT INTO recipe_cook(recipe_id, cook_id) VALUES (52, 143);
INSERT INTO recipe_cook(recipe_id, cook_id) VALUES (52, 175);
INSERT INTO recipe_cook(recipe_id, cook_id) VALUES (52, 153);
INSERT INTO recipe_cook(recipe_id, cook_id) VALUES (52, 119);
INSERT INTO recipe_cook(recipe_id, cook_id) VALUES (52, 121);
INSERT INTO recipe_cook(recipe_id, cook_id) VALUES (52, 43);
INSERT INTO recipe_cook(recipe_id, cook_id) VALUES (52, 11);
INSERT INTO recipe_cook(recipe_id, cook_id) VALUES (52, 89);
INSERT INTO recipe_cook(recipe_id, cook_id) VALUES (52, 185);
INSERT INTO recipe_cook(recipe_id, cook_id) VALUES (52, 54);
INSERT INTO recipe_cook(recipe_id, cook_id) VALUES (52, 86);
INSERT INTO recipe_cook(recipe_id, cook_id) VALUES (52, 31);
INSERT INTO recipe_cook(recipe_id, cook_id) VALUES (52, 176);
INSERT INTO recipe_cook(recipe_id, cook_id) VALUES (52, 113);
INSERT INTO recipe_cook(recipe_id, cook_id) VALUES (52, 28);
INSERT INTO recipe_cook(recipe_id, cook_id) VALUES (52, 174);
INSERT INTO recipe_cook(recipe_id, cook_id) VALUES (52, 184);
INSERT INTO recipe_cook(recipe_id, cook_id) VALUES (52, 166);
INSERT INTO recipe_cook(recipe_id, cook_id) VALUES (52, 134);
INSERT INTO recipe_cook(recipe_id, cook_id) VALUES (52, 133);
INSERT INTO recipe_cook(recipe_id, cook_id) VALUES (52, 149);
INSERT INTO recipe_cook(recipe_id, cook_id) VALUES (52, 144);
INSERT INTO recipe_cook(recipe_id, cook_id) VALUES (52, 38);
INSERT INTO recipe_cook(recipe_id, cook_id) VALUES (52, 13);
INSERT INTO recipe_cook(recipe_id, cook_id) VALUES (52, 69);
INSERT INTO recipe_cook(recipe_id, cook_id) VALUES (52, 151);
INSERT INTO recipe_cook(recipe_id, cook_id) VALUES (52, 2);
INSERT INTO recipe_cook(recipe_id, cook_id) VALUES (52, 127);
INSERT INTO recipe_cook(recipe_id, cook_id) VALUES (52, 148);
INSERT INTO recipe_cook(recipe_id, cook_id) VALUES (52, 108);
INSERT INTO recipe_cook(recipe_id, cook_id) VALUES (52, 147);
INSERT INTO recipe_cook(recipe_id, cook_id) VALUES (52, 14);
INSERT INTO recipe_cook(recipe_id, cook_id) VALUES (52, 34);
INSERT INTO recipe_cook(recipe_id, cook_id) VALUES (52, 85);
INSERT INTO recipe_cook(recipe_id, cook_id) VALUES (52, 110);
INSERT INTO recipe_cook(recipe_id, cook_id) VALUES (52, 156);
INSERT INTO recipe_cook(recipe_id, cook_id) VALUES (52, 18);
INSERT INTO recipe_cook(recipe_id, cook_id) VALUES (52, 111);
INSERT INTO recipe_cook(recipe_id, cook_id) VALUES (52, 62);
INSERT INTO recipe_cook(recipe_id, cook_id) VALUES (52, 164);
INSERT INTO recipe_cook(recipe_id, cook_id) VALUES (52, 168);
INSERT INTO recipe_cook(recipe_id, cook_id) VALUES (52, 93);
INSERT INTO recipe_cook(recipe_id, cook_id) VALUES (52, 145);
INSERT INTO recipe_cook(recipe_id, cook_id) VALUES (52, 101);
INSERT INTO recipe_cook(recipe_id, cook_id) VALUES (52, 188);
INSERT INTO recipe_cook(recipe_id, cook_id) VALUES (52, 160);
INSERT INTO recipe_cook(recipe_id, cook_id) VALUES (52, 67);
INSERT INTO recipe_cook(recipe_id, cook_id) VALUES (52, 96);
INSERT INTO recipe_cook(recipe_id, cook_id) VALUES (52, 77);
INSERT INTO recipe_cook(recipe_id, cook_id) VALUES (52, 198);
INSERT INTO recipe_cook(recipe_id, cook_id) VALUES (52, 172);
INSERT INTO recipe_cook(recipe_id, cook_id) VALUES (52, 5);
INSERT INTO recipe_cook(recipe_id, cook_id) VALUES (52, 83);
INSERT INTO recipe_cook(recipe_id, cook_id) VALUES (52, 30);
INSERT INTO recipe_cook(recipe_id, cook_id) VALUES (52, 102);
INSERT INTO recipe_cook(recipe_id, cook_id) VALUES (52, 158);
INSERT INTO recipe_cook(recipe_id, cook_id) VALUES (52, 115);
INSERT INTO recipe_cook(recipe_id, cook_id) VALUES (52, 45);
INSERT INTO recipe_cook(recipe_id, cook_id) VALUES (52, 76);
INSERT INTO recipe_cook(recipe_id, cook_id) VALUES (52, 16);
INSERT INTO recipe_cook(recipe_id, cook_id) VALUES (52, 200);
INSERT INTO recipe_cook(recipe_id, cook_id) VALUES (52, 167);
INSERT INTO recipe_cook(recipe_id, cook_id) VALUES (52, 170);
INSERT INTO recipe_cook(recipe_id, cook_id) VALUES (52, 73);
INSERT INTO recipe_cook(recipe_id, cook_id) VALUES (52, 159);
INSERT INTO recipe_cook(recipe_id, cook_id) VALUES (52, 20);
INSERT INTO recipe_cook(recipe_id, cook_id) VALUES (52, 112);
INSERT INTO recipe_cook(recipe_id, cook_id) VALUES (52, 7);
INSERT INTO recipe_cook(recipe_id, cook_id) VALUES (52, 91);
INSERT INTO recipe_cook(recipe_id, cook_id) VALUES (52, 186);
INSERT INTO recipe_cook(recipe_id, cook_id) VALUES (52, 182);
INSERT INTO recipe_cook(recipe_id, cook_id) VALUES (52, 60);
INSERT INTO recipe_cook(recipe_id, cook_id) VALUES (52, 87);
INSERT INTO recipe_cook(recipe_id, cook_id) VALUES (52, 42);
INSERT INTO recipe_cook(recipe_id, cook_id) VALUES (52, 8);
INSERT INTO recipe_cook(recipe_id, cook_id) VALUES (52, 197);
INSERT INTO recipe_cook(recipe_id, cook_id) VALUES (52, 150);
INSERT INTO recipe_cook(recipe_id, cook_id) VALUES (52, 195);
INSERT INTO recipe_cook(recipe_id, cook_id) VALUES (52, 140);
INSERT INTO recipe_cook(recipe_id, cook_id) VALUES (52, 58);
INSERT INTO recipe_cook(recipe_id, cook_id) VALUES (52, 33);
INSERT INTO recipe_cook(recipe_id, cook_id) VALUES (52, 90);
INSERT INTO recipe_cook(recipe_id, cook_id) VALUES (52, 131);
INSERT INTO recipe_cook(recipe_id, cook_id) VALUES (52, 61);
INSERT INTO recipe_cook(recipe_id, cook_id) VALUES (52, 57);
INSERT INTO recipe_cook(recipe_id, cook_id) VALUES (52, 50);
INSERT INTO recipe_cook(recipe_id, cook_id) VALUES (52, 15);
INSERT INTO recipe_cook(recipe_id, cook_id) VALUES (52, 132);
INSERT INTO recipe_cook(recipe_id, cook_id) VALUES (52, 136);
INSERT INTO recipe_cook(recipe_id, cook_id) VALUES (52, 125);
INSERT INTO recipe_cook(recipe_id, cook_id) VALUES (52, 99);
INSERT INTO recipe_cook(recipe_id, cook_id) VALUES (52, 128);
INSERT INTO recipe_cook(recipe_id, cook_id) VALUES (52, 130);
INSERT INTO recipe_theme(recipe_id, theme_id) VALUES (52, 30);
INSERT INTO recipe_theme(recipe_id, theme_id) VALUES (52, 10);
INSERT INTO recipe_theme(recipe_id, theme_id) VALUES (52, 4);
INSERT INTO recipe_tip(recipe_id, tip_id) VALUES (52, 14);
INSERT INTO recipe_tip(recipe_id, tip_id) VALUES (52, 5);

INSERT INTO recipe(baking, cuisine_id, difficulty, title, recipe_description, prep_time, cook_time, portions, fat_portion, protein_portion, carbo_portion, picture, picture_description) VALUES(0, 27, 4,'Frittata', 'Tough according treat quality. Return trial goal western tough ever sign. Wrong least so garden year. Large cold ever themselves end to.', 45, 80, 1, 45, 15,70, 'https://dummyimage.com/148x887', 'Ability brother stock when while exactly.');
INSERT INTO recipe_meal_type(recipe_id, meal_type_id) VALUES (53, 5);
INSERT INTO recipe_tag(recipe_id, tag_id) VALUES (53, 28);
INSERT INTO recipe_tag(recipe_id, tag_id) VALUES (53, 74);
INSERT INTO recipe_tag(recipe_id, tag_id) VALUES (53, 42);
INSERT INTO recipe_tag(recipe_id, tag_id) VALUES (53, 12);
INSERT INTO recipe_tag(recipe_id, tag_id) VALUES (53, 57);
INSERT INTO recipe_tag(recipe_id, tag_id) VALUES (53, 79);
INSERT INTO recipe_equipment(recipe_id, equipment_id, num) VALUES (53, 17, 4);
INSERT INTO recipe_equipment(recipe_id, equipment_id, num) VALUES (53, 11, 4);
INSERT INTO recipe_equipment(recipe_id, equipment_id, num) VALUES (53, 3, 2);
INSERT INTO recipe_equipment(recipe_id, equipment_id, num) VALUES (53, 19, 1);
INSERT INTO recipe_cook(recipe_id, cook_id) VALUES (53, 5);
INSERT INTO recipe_cook(recipe_id, cook_id) VALUES (53, 29);
INSERT INTO recipe_cook(recipe_id, cook_id) VALUES (53, 65);
INSERT INTO recipe_cook(recipe_id, cook_id) VALUES (53, 106);
INSERT INTO recipe_cook(recipe_id, cook_id) VALUES (53, 160);
INSERT INTO recipe_cook(recipe_id, cook_id) VALUES (53, 45);
INSERT INTO recipe_cook(recipe_id, cook_id) VALUES (53, 164);
INSERT INTO recipe_cook(recipe_id, cook_id) VALUES (53, 129);
INSERT INTO recipe_cook(recipe_id, cook_id) VALUES (53, 88);
INSERT INTO recipe_cook(recipe_id, cook_id) VALUES (53, 9);
INSERT INTO recipe_cook(recipe_id, cook_id) VALUES (53, 115);
INSERT INTO recipe_cook(recipe_id, cook_id) VALUES (53, 32);
INSERT INTO recipe_cook(recipe_id, cook_id) VALUES (53, 83);
INSERT INTO recipe_cook(recipe_id, cook_id) VALUES (53, 144);
INSERT INTO recipe_cook(recipe_id, cook_id) VALUES (53, 53);
INSERT INTO recipe_cook(recipe_id, cook_id) VALUES (53, 44);
INSERT INTO recipe_cook(recipe_id, cook_id) VALUES (53, 79);
INSERT INTO recipe_cook(recipe_id, cook_id) VALUES (53, 138);
INSERT INTO recipe_cook(recipe_id, cook_id) VALUES (53, 159);
INSERT INTO recipe_cook(recipe_id, cook_id) VALUES (53, 39);
INSERT INTO recipe_cook(recipe_id, cook_id) VALUES (53, 132);
INSERT INTO recipe_cook(recipe_id, cook_id) VALUES (53, 69);
INSERT INTO recipe_cook(recipe_id, cook_id) VALUES (53, 66);
INSERT INTO recipe_cook(recipe_id, cook_id) VALUES (53, 150);
INSERT INTO recipe_cook(recipe_id, cook_id) VALUES (53, 176);
INSERT INTO recipe_cook(recipe_id, cook_id) VALUES (53, 71);
INSERT INTO recipe_cook(recipe_id, cook_id) VALUES (53, 190);
INSERT INTO recipe_cook(recipe_id, cook_id) VALUES (53, 40);
INSERT INTO recipe_cook(recipe_id, cook_id) VALUES (53, 76);
INSERT INTO recipe_cook(recipe_id, cook_id) VALUES (53, 68);
INSERT INTO recipe_cook(recipe_id, cook_id) VALUES (53, 113);
INSERT INTO recipe_cook(recipe_id, cook_id) VALUES (53, 55);
INSERT INTO recipe_cook(recipe_id, cook_id) VALUES (53, 156);
INSERT INTO recipe_cook(recipe_id, cook_id) VALUES (53, 43);
INSERT INTO recipe_cook(recipe_id, cook_id) VALUES (53, 151);
INSERT INTO recipe_cook(recipe_id, cook_id) VALUES (53, 50);
INSERT INTO recipe_cook(recipe_id, cook_id) VALUES (53, 114);
INSERT INTO recipe_cook(recipe_id, cook_id) VALUES (53, 34);
INSERT INTO recipe_cook(recipe_id, cook_id) VALUES (53, 169);
INSERT INTO recipe_cook(recipe_id, cook_id) VALUES (53, 86);
INSERT INTO recipe_cook(recipe_id, cook_id) VALUES (53, 195);
INSERT INTO recipe_cook(recipe_id, cook_id) VALUES (53, 102);
INSERT INTO recipe_cook(recipe_id, cook_id) VALUES (53, 184);
INSERT INTO recipe_cook(recipe_id, cook_id) VALUES (53, 104);
INSERT INTO recipe_cook(recipe_id, cook_id) VALUES (53, 122);
INSERT INTO recipe_cook(recipe_id, cook_id) VALUES (53, 182);
INSERT INTO recipe_cook(recipe_id, cook_id) VALUES (53, 173);
INSERT INTO recipe_cook(recipe_id, cook_id) VALUES (53, 94);
INSERT INTO recipe_cook(recipe_id, cook_id) VALUES (53, 13);
INSERT INTO recipe_cook(recipe_id, cook_id) VALUES (53, 109);
INSERT INTO recipe_cook(recipe_id, cook_id) VALUES (53, 198);
INSERT INTO recipe_cook(recipe_id, cook_id) VALUES (53, 46);
INSERT INTO recipe_cook(recipe_id, cook_id) VALUES (53, 135);
INSERT INTO recipe_cook(recipe_id, cook_id) VALUES (53, 161);
INSERT INTO recipe_cook(recipe_id, cook_id) VALUES (53, 186);
INSERT INTO recipe_cook(recipe_id, cook_id) VALUES (53, 98);
INSERT INTO recipe_cook(recipe_id, cook_id) VALUES (53, 70);
INSERT INTO recipe_cook(recipe_id, cook_id) VALUES (53, 35);
INSERT INTO recipe_cook(recipe_id, cook_id) VALUES (53, 33);
INSERT INTO recipe_cook(recipe_id, cook_id) VALUES (53, 93);
INSERT INTO recipe_cook(recipe_id, cook_id) VALUES (53, 118);
INSERT INTO recipe_cook(recipe_id, cook_id) VALUES (53, 180);
INSERT INTO recipe_cook(recipe_id, cook_id) VALUES (53, 148);
INSERT INTO recipe_cook(recipe_id, cook_id) VALUES (53, 146);
INSERT INTO recipe_cook(recipe_id, cook_id) VALUES (53, 36);
INSERT INTO recipe_cook(recipe_id, cook_id) VALUES (53, 149);
INSERT INTO recipe_cook(recipe_id, cook_id) VALUES (53, 87);
INSERT INTO recipe_cook(recipe_id, cook_id) VALUES (53, 171);
INSERT INTO recipe_cook(recipe_id, cook_id) VALUES (53, 1);
INSERT INTO recipe_cook(recipe_id, cook_id) VALUES (53, 111);
INSERT INTO recipe_cook(recipe_id, cook_id) VALUES (53, 48);
INSERT INTO recipe_cook(recipe_id, cook_id) VALUES (53, 18);
INSERT INTO recipe_cook(recipe_id, cook_id) VALUES (53, 67);
INSERT INTO recipe_cook(recipe_id, cook_id) VALUES (53, 12);
INSERT INTO recipe_cook(recipe_id, cook_id) VALUES (53, 28);
INSERT INTO recipe_cook(recipe_id, cook_id) VALUES (53, 14);
INSERT INTO recipe_cook(recipe_id, cook_id) VALUES (53, 197);
INSERT INTO recipe_cook(recipe_id, cook_id) VALUES (53, 38);
INSERT INTO recipe_cook(recipe_id, cook_id) VALUES (53, 175);
INSERT INTO recipe_cook(recipe_id, cook_id) VALUES (53, 64);
INSERT INTO recipe_cook(recipe_id, cook_id) VALUES (53, 42);
INSERT INTO recipe_cook(recipe_id, cook_id) VALUES (53, 77);
INSERT INTO recipe_cook(recipe_id, cook_id) VALUES (53, 189);
INSERT INTO recipe_cook(recipe_id, cook_id) VALUES (53, 123);
INSERT INTO recipe_cook(recipe_id, cook_id) VALUES (53, 124);
INSERT INTO recipe_cook(recipe_id, cook_id) VALUES (53, 136);
INSERT INTO recipe_cook(recipe_id, cook_id) VALUES (53, 101);
INSERT INTO recipe_cook(recipe_id, cook_id) VALUES (53, 196);
INSERT INTO recipe_cook(recipe_id, cook_id) VALUES (53, 134);
INSERT INTO recipe_cook(recipe_id, cook_id) VALUES (53, 155);
INSERT INTO recipe_cook(recipe_id, cook_id) VALUES (53, 90);
INSERT INTO recipe_cook(recipe_id, cook_id) VALUES (53, 194);
INSERT INTO recipe_cook(recipe_id, cook_id) VALUES (53, 7);
INSERT INTO recipe_cook(recipe_id, cook_id) VALUES (53, 110);
INSERT INTO recipe_cook(recipe_id, cook_id) VALUES (53, 96);
INSERT INTO recipe_cook(recipe_id, cook_id) VALUES (53, 73);
INSERT INTO recipe_cook(recipe_id, cook_id) VALUES (53, 84);
INSERT INTO recipe_cook(recipe_id, cook_id) VALUES (53, 85);
INSERT INTO recipe_cook(recipe_id, cook_id) VALUES (53, 15);
INSERT INTO recipe_cook(recipe_id, cook_id) VALUES (53, 74);
INSERT INTO recipe_cook(recipe_id, cook_id) VALUES (53, 6);
INSERT INTO recipe_cook(recipe_id, cook_id) VALUES (53, 3);
INSERT INTO recipe_cook(recipe_id, cook_id) VALUES (53, 22);
INSERT INTO recipe_cook(recipe_id, cook_id) VALUES (53, 105);
INSERT INTO recipe_cook(recipe_id, cook_id) VALUES (53, 163);
INSERT INTO recipe_cook(recipe_id, cook_id) VALUES (53, 133);
INSERT INTO recipe_cook(recipe_id, cook_id) VALUES (53, 11);
INSERT INTO recipe_cook(recipe_id, cook_id) VALUES (53, 81);
INSERT INTO recipe_cook(recipe_id, cook_id) VALUES (53, 75);
INSERT INTO recipe_cook(recipe_id, cook_id) VALUES (53, 56);
INSERT INTO recipe_cook(recipe_id, cook_id) VALUES (53, 25);
INSERT INTO recipe_cook(recipe_id, cook_id) VALUES (53, 31);
INSERT INTO recipe_cook(recipe_id, cook_id) VALUES (53, 63);
INSERT INTO recipe_cook(recipe_id, cook_id) VALUES (53, 187);
INSERT INTO recipe_cook(recipe_id, cook_id) VALUES (53, 185);
INSERT INTO recipe_cook(recipe_id, cook_id) VALUES (53, 59);
INSERT INTO recipe_cook(recipe_id, cook_id) VALUES (53, 100);
INSERT INTO recipe_cook(recipe_id, cook_id) VALUES (53, 154);
INSERT INTO recipe_cook(recipe_id, cook_id) VALUES (53, 142);
INSERT INTO recipe_cook(recipe_id, cook_id) VALUES (53, 16);
INSERT INTO recipe_cook(recipe_id, cook_id) VALUES (53, 51);
INSERT INTO recipe_cook(recipe_id, cook_id) VALUES (53, 183);
INSERT INTO recipe_cook(recipe_id, cook_id) VALUES (53, 168);
INSERT INTO recipe_cook(recipe_id, cook_id) VALUES (53, 181);
INSERT INTO recipe_cook(recipe_id, cook_id) VALUES (53, 152);
INSERT INTO recipe_cook(recipe_id, cook_id) VALUES (53, 26);
INSERT INTO recipe_cook(recipe_id, cook_id) VALUES (53, 120);
INSERT INTO recipe_cook(recipe_id, cook_id) VALUES (53, 37);
INSERT INTO recipe_cook(recipe_id, cook_id) VALUES (53, 174);
INSERT INTO recipe_cook(recipe_id, cook_id) VALUES (53, 143);
INSERT INTO recipe_cook(recipe_id, cook_id) VALUES (53, 127);
INSERT INTO recipe_cook(recipe_id, cook_id) VALUES (53, 30);
INSERT INTO recipe_cook(recipe_id, cook_id) VALUES (53, 157);
INSERT INTO recipe_cook(recipe_id, cook_id) VALUES (53, 153);
INSERT INTO recipe_cook(recipe_id, cook_id) VALUES (53, 49);
INSERT INTO recipe_cook(recipe_id, cook_id) VALUES (53, 170);
INSERT INTO recipe_cook(recipe_id, cook_id) VALUES (53, 24);
INSERT INTO recipe_cook(recipe_id, cook_id) VALUES (53, 166);
INSERT INTO recipe_cook(recipe_id, cook_id) VALUES (53, 126);
INSERT INTO recipe_cook(recipe_id, cook_id) VALUES (53, 145);
INSERT INTO recipe_cook(recipe_id, cook_id) VALUES (53, 60);
INSERT INTO recipe_cook(recipe_id, cook_id) VALUES (53, 193);
INSERT INTO recipe_cook(recipe_id, cook_id) VALUES (53, 141);
INSERT INTO recipe_cook(recipe_id, cook_id) VALUES (53, 41);
INSERT INTO recipe_cook(recipe_id, cook_id) VALUES (53, 128);
INSERT INTO recipe_cook(recipe_id, cook_id) VALUES (53, 57);
INSERT INTO recipe_cook(recipe_id, cook_id) VALUES (53, 167);
INSERT INTO recipe_cook(recipe_id, cook_id) VALUES (53, 116);
INSERT INTO recipe_cook(recipe_id, cook_id) VALUES (53, 82);
INSERT INTO recipe_cook(recipe_id, cook_id) VALUES (53, 19);
INSERT INTO recipe_cook(recipe_id, cook_id) VALUES (53, 112);
INSERT INTO recipe_cook(recipe_id, cook_id) VALUES (53, 97);
INSERT INTO recipe_cook(recipe_id, cook_id) VALUES (53, 8);
INSERT INTO recipe_cook(recipe_id, cook_id) VALUES (53, 72);
INSERT INTO recipe_cook(recipe_id, cook_id) VALUES (53, 165);
INSERT INTO recipe_cook(recipe_id, cook_id) VALUES (53, 2);
INSERT INTO recipe_theme(recipe_id, theme_id) VALUES (53, 24);
INSERT INTO recipe_tip(recipe_id, tip_id) VALUES (53, 33);
INSERT INTO recipe_tip(recipe_id, tip_id) VALUES (53, 31);
INSERT INTO recipe_tip(recipe_id, tip_id) VALUES (53, 9);

INSERT INTO recipe(baking, cuisine_id, difficulty, title, recipe_description, prep_time, cook_time, portions, fat_portion, protein_portion, carbo_portion, picture, picture_description) VALUES(1, 6, 1,'Chocolate Cake', 'Put factor sense father remain full. Enjoy court number fire. Treatment take myself source party. Consumer information court. Peace music democratic stuff win sport.', 115, 50, 2, 0, 45,5, 'https://picsum.photos/963/753', 'Develop serious base raise five under course.');
INSERT INTO recipe_meal_type(recipe_id, meal_type_id) VALUES (54, 5);
INSERT INTO recipe_tag(recipe_id, tag_id) VALUES (54, 17);
INSERT INTO recipe_tag(recipe_id, tag_id) VALUES (54, 39);
INSERT INTO recipe_tag(recipe_id, tag_id) VALUES (54, 38);
INSERT INTO recipe_equipment(recipe_id, equipment_id, num) VALUES (54, 17, 3);
INSERT INTO recipe_equipment(recipe_id, equipment_id, num) VALUES (54, 6, 4);
INSERT INTO recipe_equipment(recipe_id, equipment_id, num) VALUES (54, 14, 2);
INSERT INTO recipe_cook(recipe_id, cook_id) VALUES (54, 40);
INSERT INTO recipe_cook(recipe_id, cook_id) VALUES (54, 139);
INSERT INTO recipe_cook(recipe_id, cook_id) VALUES (54, 169);
INSERT INTO recipe_cook(recipe_id, cook_id) VALUES (54, 76);
INSERT INTO recipe_cook(recipe_id, cook_id) VALUES (54, 82);
INSERT INTO recipe_cook(recipe_id, cook_id) VALUES (54, 45);
INSERT INTO recipe_cook(recipe_id, cook_id) VALUES (54, 35);
INSERT INTO recipe_cook(recipe_id, cook_id) VALUES (54, 115);
INSERT INTO recipe_cook(recipe_id, cook_id) VALUES (54, 43);
INSERT INTO recipe_cook(recipe_id, cook_id) VALUES (54, 193);
INSERT INTO recipe_cook(recipe_id, cook_id) VALUES (54, 104);
INSERT INTO recipe_cook(recipe_id, cook_id) VALUES (54, 47);
INSERT INTO recipe_cook(recipe_id, cook_id) VALUES (54, 33);
INSERT INTO recipe_cook(recipe_id, cook_id) VALUES (54, 78);
INSERT INTO recipe_cook(recipe_id, cook_id) VALUES (54, 99);
INSERT INTO recipe_cook(recipe_id, cook_id) VALUES (54, 194);
INSERT INTO recipe_cook(recipe_id, cook_id) VALUES (54, 142);
INSERT INTO recipe_cook(recipe_id, cook_id) VALUES (54, 83);
INSERT INTO recipe_cook(recipe_id, cook_id) VALUES (54, 184);
INSERT INTO recipe_cook(recipe_id, cook_id) VALUES (54, 62);
INSERT INTO recipe_cook(recipe_id, cook_id) VALUES (54, 190);
INSERT INTO recipe_cook(recipe_id, cook_id) VALUES (54, 95);
INSERT INTO recipe_cook(recipe_id, cook_id) VALUES (54, 23);
INSERT INTO recipe_cook(recipe_id, cook_id) VALUES (54, 136);
INSERT INTO recipe_cook(recipe_id, cook_id) VALUES (54, 85);
INSERT INTO recipe_cook(recipe_id, cook_id) VALUES (54, 156);
INSERT INTO recipe_cook(recipe_id, cook_id) VALUES (54, 117);
INSERT INTO recipe_cook(recipe_id, cook_id) VALUES (54, 25);
INSERT INTO recipe_cook(recipe_id, cook_id) VALUES (54, 138);
INSERT INTO recipe_cook(recipe_id, cook_id) VALUES (54, 182);
INSERT INTO recipe_cook(recipe_id, cook_id) VALUES (54, 161);
INSERT INTO recipe_cook(recipe_id, cook_id) VALUES (54, 147);
INSERT INTO recipe_cook(recipe_id, cook_id) VALUES (54, 31);
INSERT INTO recipe_cook(recipe_id, cook_id) VALUES (54, 146);
INSERT INTO recipe_cook(recipe_id, cook_id) VALUES (54, 66);
INSERT INTO recipe_cook(recipe_id, cook_id) VALUES (54, 157);
INSERT INTO recipe_cook(recipe_id, cook_id) VALUES (54, 173);
INSERT INTO recipe_cook(recipe_id, cook_id) VALUES (54, 39);
INSERT INTO recipe_cook(recipe_id, cook_id) VALUES (54, 176);
INSERT INTO recipe_cook(recipe_id, cook_id) VALUES (54, 183);
INSERT INTO recipe_cook(recipe_id, cook_id) VALUES (54, 105);
INSERT INTO recipe_cook(recipe_id, cook_id) VALUES (54, 5);
INSERT INTO recipe_cook(recipe_id, cook_id) VALUES (54, 172);
INSERT INTO recipe_cook(recipe_id, cook_id) VALUES (54, 26);
INSERT INTO recipe_cook(recipe_id, cook_id) VALUES (54, 165);
INSERT INTO recipe_cook(recipe_id, cook_id) VALUES (54, 189);
INSERT INTO recipe_cook(recipe_id, cook_id) VALUES (54, 108);
INSERT INTO recipe_cook(recipe_id, cook_id) VALUES (54, 67);
INSERT INTO recipe_cook(recipe_id, cook_id) VALUES (54, 196);
INSERT INTO recipe_cook(recipe_id, cook_id) VALUES (54, 15);
INSERT INTO recipe_cook(recipe_id, cook_id) VALUES (54, 38);
INSERT INTO recipe_cook(recipe_id, cook_id) VALUES (54, 71);
INSERT INTO recipe_cook(recipe_id, cook_id) VALUES (54, 32);
INSERT INTO recipe_cook(recipe_id, cook_id) VALUES (54, 96);
INSERT INTO recipe_cook(recipe_id, cook_id) VALUES (54, 89);
INSERT INTO recipe_cook(recipe_id, cook_id) VALUES (54, 88);
INSERT INTO recipe_cook(recipe_id, cook_id) VALUES (54, 200);
INSERT INTO recipe_cook(recipe_id, cook_id) VALUES (54, 174);
INSERT INTO recipe_cook(recipe_id, cook_id) VALUES (54, 118);
INSERT INTO recipe_cook(recipe_id, cook_id) VALUES (54, 12);
INSERT INTO recipe_cook(recipe_id, cook_id) VALUES (54, 87);
INSERT INTO recipe_cook(recipe_id, cook_id) VALUES (54, 187);
INSERT INTO recipe_cook(recipe_id, cook_id) VALUES (54, 170);
INSERT INTO recipe_cook(recipe_id, cook_id) VALUES (54, 132);
INSERT INTO recipe_cook(recipe_id, cook_id) VALUES (54, 175);
INSERT INTO recipe_cook(recipe_id, cook_id) VALUES (54, 81);
INSERT INTO recipe_cook(recipe_id, cook_id) VALUES (54, 151);
INSERT INTO recipe_cook(recipe_id, cook_id) VALUES (54, 91);
INSERT INTO recipe_cook(recipe_id, cook_id) VALUES (54, 180);
INSERT INTO recipe_cook(recipe_id, cook_id) VALUES (54, 92);
INSERT INTO recipe_cook(recipe_id, cook_id) VALUES (54, 93);
INSERT INTO recipe_cook(recipe_id, cook_id) VALUES (54, 116);
INSERT INTO recipe_cook(recipe_id, cook_id) VALUES (54, 149);
INSERT INTO recipe_cook(recipe_id, cook_id) VALUES (54, 18);
INSERT INTO recipe_cook(recipe_id, cook_id) VALUES (54, 114);
INSERT INTO recipe_cook(recipe_id, cook_id) VALUES (54, 10);
INSERT INTO recipe_cook(recipe_id, cook_id) VALUES (54, 103);
INSERT INTO recipe_cook(recipe_id, cook_id) VALUES (54, 112);
INSERT INTO recipe_cook(recipe_id, cook_id) VALUES (54, 144);
INSERT INTO recipe_cook(recipe_id, cook_id) VALUES (54, 135);
INSERT INTO recipe_cook(recipe_id, cook_id) VALUES (54, 11);
INSERT INTO recipe_cook(recipe_id, cook_id) VALUES (54, 167);
INSERT INTO recipe_cook(recipe_id, cook_id) VALUES (54, 164);
INSERT INTO recipe_cook(recipe_id, cook_id) VALUES (54, 162);
INSERT INTO recipe_cook(recipe_id, cook_id) VALUES (54, 56);
INSERT INTO recipe_cook(recipe_id, cook_id) VALUES (54, 6);
INSERT INTO recipe_cook(recipe_id, cook_id) VALUES (54, 191);
INSERT INTO recipe_cook(recipe_id, cook_id) VALUES (54, 137);
INSERT INTO recipe_cook(recipe_id, cook_id) VALUES (54, 68);
INSERT INTO recipe_cook(recipe_id, cook_id) VALUES (54, 37);
INSERT INTO recipe_cook(recipe_id, cook_id) VALUES (54, 128);
INSERT INTO recipe_cook(recipe_id, cook_id) VALUES (54, 70);
INSERT INTO recipe_cook(recipe_id, cook_id) VALUES (54, 24);
INSERT INTO recipe_cook(recipe_id, cook_id) VALUES (54, 53);
INSERT INTO recipe_cook(recipe_id, cook_id) VALUES (54, 72);
INSERT INTO recipe_cook(recipe_id, cook_id) VALUES (54, 69);
INSERT INTO recipe_cook(recipe_id, cook_id) VALUES (54, 141);
INSERT INTO recipe_cook(recipe_id, cook_id) VALUES (54, 127);
INSERT INTO recipe_cook(recipe_id, cook_id) VALUES (54, 148);
INSERT INTO recipe_cook(recipe_id, cook_id) VALUES (54, 14);
INSERT INTO recipe_cook(recipe_id, cook_id) VALUES (54, 145);
INSERT INTO recipe_cook(recipe_id, cook_id) VALUES (54, 124);
INSERT INTO recipe_cook(recipe_id, cook_id) VALUES (54, 140);
INSERT INTO recipe_cook(recipe_id, cook_id) VALUES (54, 57);
INSERT INTO recipe_cook(recipe_id, cook_id) VALUES (54, 158);
INSERT INTO recipe_cook(recipe_id, cook_id) VALUES (54, 80);
INSERT INTO recipe_cook(recipe_id, cook_id) VALUES (54, 119);
INSERT INTO recipe_cook(recipe_id, cook_id) VALUES (54, 1);
INSERT INTO recipe_cook(recipe_id, cook_id) VALUES (54, 168);
INSERT INTO recipe_cook(recipe_id, cook_id) VALUES (54, 7);
INSERT INTO recipe_cook(recipe_id, cook_id) VALUES (54, 29);
INSERT INTO recipe_cook(recipe_id, cook_id) VALUES (54, 2);
INSERT INTO recipe_cook(recipe_id, cook_id) VALUES (54, 131);
INSERT INTO recipe_cook(recipe_id, cook_id) VALUES (54, 20);
INSERT INTO recipe_cook(recipe_id, cook_id) VALUES (54, 49);
INSERT INTO recipe_cook(recipe_id, cook_id) VALUES (54, 160);
INSERT INTO recipe_cook(recipe_id, cook_id) VALUES (54, 98);
INSERT INTO recipe_cook(recipe_id, cook_id) VALUES (54, 21);
INSERT INTO recipe_cook(recipe_id, cook_id) VALUES (54, 123);
INSERT INTO recipe_cook(recipe_id, cook_id) VALUES (54, 74);
INSERT INTO recipe_cook(recipe_id, cook_id) VALUES (54, 51);
INSERT INTO recipe_cook(recipe_id, cook_id) VALUES (54, 181);
INSERT INTO recipe_cook(recipe_id, cook_id) VALUES (54, 36);
INSERT INTO recipe_cook(recipe_id, cook_id) VALUES (54, 130);
INSERT INTO recipe_cook(recipe_id, cook_id) VALUES (54, 30);
INSERT INTO recipe_cook(recipe_id, cook_id) VALUES (54, 41);
INSERT INTO recipe_cook(recipe_id, cook_id) VALUES (54, 163);
INSERT INTO recipe_cook(recipe_id, cook_id) VALUES (54, 106);
INSERT INTO recipe_cook(recipe_id, cook_id) VALUES (54, 63);
INSERT INTO recipe_cook(recipe_id, cook_id) VALUES (54, 159);
INSERT INTO recipe_cook(recipe_id, cook_id) VALUES (54, 155);
INSERT INTO recipe_cook(recipe_id, cook_id) VALUES (54, 129);
INSERT INTO recipe_cook(recipe_id, cook_id) VALUES (54, 17);
INSERT INTO recipe_cook(recipe_id, cook_id) VALUES (54, 58);
INSERT INTO recipe_cook(recipe_id, cook_id) VALUES (54, 152);
INSERT INTO recipe_cook(recipe_id, cook_id) VALUES (54, 192);
INSERT INTO recipe_cook(recipe_id, cook_id) VALUES (54, 77);
INSERT INTO recipe_cook(recipe_id, cook_id) VALUES (54, 46);
INSERT INTO recipe_cook(recipe_id, cook_id) VALUES (54, 153);
INSERT INTO recipe_cook(recipe_id, cook_id) VALUES (54, 73);
INSERT INTO recipe_cook(recipe_id, cook_id) VALUES (54, 61);
INSERT INTO recipe_cook(recipe_id, cook_id) VALUES (54, 102);
INSERT INTO recipe_cook(recipe_id, cook_id) VALUES (54, 199);
INSERT INTO recipe_cook(recipe_id, cook_id) VALUES (54, 55);
INSERT INTO recipe_cook(recipe_id, cook_id) VALUES (54, 79);
INSERT INTO recipe_cook(recipe_id, cook_id) VALUES (54, 125);
INSERT INTO recipe_cook(recipe_id, cook_id) VALUES (54, 64);
INSERT INTO recipe_cook(recipe_id, cook_id) VALUES (54, 22);
INSERT INTO recipe_cook(recipe_id, cook_id) VALUES (54, 100);
INSERT INTO recipe_cook(recipe_id, cook_id) VALUES (54, 60);
INSERT INTO recipe_cook(recipe_id, cook_id) VALUES (54, 177);
INSERT INTO recipe_cook(recipe_id, cook_id) VALUES (54, 154);
INSERT INTO recipe_cook(recipe_id, cook_id) VALUES (54, 111);
INSERT INTO recipe_cook(recipe_id, cook_id) VALUES (54, 94);
INSERT INTO recipe_cook(recipe_id, cook_id) VALUES (54, 42);
INSERT INTO recipe_cook(recipe_id, cook_id) VALUES (54, 59);
INSERT INTO recipe_cook(recipe_id, cook_id) VALUES (54, 3);
INSERT INTO recipe_cook(recipe_id, cook_id) VALUES (54, 8);
INSERT INTO recipe_cook(recipe_id, cook_id) VALUES (54, 52);
INSERT INTO recipe_cook(recipe_id, cook_id) VALUES (54, 110);
INSERT INTO recipe_cook(recipe_id, cook_id) VALUES (54, 126);
INSERT INTO recipe_cook(recipe_id, cook_id) VALUES (54, 48);
INSERT INTO recipe_cook(recipe_id, cook_id) VALUES (54, 50);
INSERT INTO recipe_cook(recipe_id, cook_id) VALUES (54, 198);
INSERT INTO recipe_cook(recipe_id, cook_id) VALUES (54, 134);
INSERT INTO recipe_cook(recipe_id, cook_id) VALUES (54, 166);
INSERT INTO recipe_cook(recipe_id, cook_id) VALUES (54, 90);
INSERT INTO recipe_theme(recipe_id, theme_id) VALUES (54, 6);
INSERT INTO recipe_theme(recipe_id, theme_id) VALUES (54, 29);
INSERT INTO recipe_theme(recipe_id, theme_id) VALUES (54, 35);
INSERT INTO recipe_tip(recipe_id, tip_id) VALUES (54, 29);
INSERT INTO recipe_tip(recipe_id, tip_id) VALUES (54, 38);
INSERT INTO recipe_tip(recipe_id, tip_id) VALUES (54, 20);

INSERT INTO recipe(baking, cuisine_id, difficulty, title, recipe_description, prep_time, cook_time, portions, fat_portion, protein_portion, carbo_portion, picture, picture_description) VALUES(1, 5, 4,'Eggs Benedict', 'Wife soldier record. Defense usually environment mouth help certainly water. Full practice room quite push his. Goal discussion between network color example.', 25, 80, 3, 55, 10,85, 'https://dummyimage.com/609x130', 'Indicate window money near hundred natural sport.');
INSERT INTO recipe_meal_type(recipe_id, meal_type_id) VALUES (55, 1);
INSERT INTO recipe_tag(recipe_id, tag_id) VALUES (55, 86);
INSERT INTO recipe_tag(recipe_id, tag_id) VALUES (55, 27);
INSERT INTO recipe_tag(recipe_id, tag_id) VALUES (55, 31);
INSERT INTO recipe_tag(recipe_id, tag_id) VALUES (55, 29);
INSERT INTO recipe_tag(recipe_id, tag_id) VALUES (55, 44);
INSERT INTO recipe_tag(recipe_id, tag_id) VALUES (55, 3);
INSERT INTO recipe_tag(recipe_id, tag_id) VALUES (55, 52);
INSERT INTO recipe_equipment(recipe_id, equipment_id, num) VALUES (55, 10, 2);
INSERT INTO recipe_equipment(recipe_id, equipment_id, num) VALUES (55, 2, 4);
INSERT INTO recipe_equipment(recipe_id, equipment_id, num) VALUES (55, 1, 1);
INSERT INTO recipe_equipment(recipe_id, equipment_id, num) VALUES (55, 17, 3);
INSERT INTO recipe_equipment(recipe_id, equipment_id, num) VALUES (55, 14, 1);
INSERT INTO recipe_cook(recipe_id, cook_id) VALUES (55, 173);
INSERT INTO recipe_cook(recipe_id, cook_id) VALUES (55, 144);
INSERT INTO recipe_cook(recipe_id, cook_id) VALUES (55, 100);
INSERT INTO recipe_cook(recipe_id, cook_id) VALUES (55, 153);
INSERT INTO recipe_cook(recipe_id, cook_id) VALUES (55, 187);
INSERT INTO recipe_cook(recipe_id, cook_id) VALUES (55, 77);
INSERT INTO recipe_cook(recipe_id, cook_id) VALUES (55, 189);
INSERT INTO recipe_cook(recipe_id, cook_id) VALUES (55, 147);
INSERT INTO recipe_cook(recipe_id, cook_id) VALUES (55, 177);
INSERT INTO recipe_cook(recipe_id, cook_id) VALUES (55, 162);
INSERT INTO recipe_cook(recipe_id, cook_id) VALUES (55, 183);
INSERT INTO recipe_cook(recipe_id, cook_id) VALUES (55, 44);
INSERT INTO recipe_cook(recipe_id, cook_id) VALUES (55, 121);
INSERT INTO recipe_cook(recipe_id, cook_id) VALUES (55, 117);
INSERT INTO recipe_cook(recipe_id, cook_id) VALUES (55, 119);
INSERT INTO recipe_cook(recipe_id, cook_id) VALUES (55, 74);
INSERT INTO recipe_cook(recipe_id, cook_id) VALUES (55, 103);
INSERT INTO recipe_cook(recipe_id, cook_id) VALUES (55, 11);
INSERT INTO recipe_cook(recipe_id, cook_id) VALUES (55, 25);
INSERT INTO recipe_cook(recipe_id, cook_id) VALUES (55, 120);
INSERT INTO recipe_cook(recipe_id, cook_id) VALUES (55, 158);
INSERT INTO recipe_cook(recipe_id, cook_id) VALUES (55, 83);
INSERT INTO recipe_cook(recipe_id, cook_id) VALUES (55, 48);
INSERT INTO recipe_cook(recipe_id, cook_id) VALUES (55, 163);
INSERT INTO recipe_cook(recipe_id, cook_id) VALUES (55, 130);
INSERT INTO recipe_cook(recipe_id, cook_id) VALUES (55, 8);
INSERT INTO recipe_cook(recipe_id, cook_id) VALUES (55, 126);
INSERT INTO recipe_cook(recipe_id, cook_id) VALUES (55, 45);
INSERT INTO recipe_cook(recipe_id, cook_id) VALUES (55, 60);
INSERT INTO recipe_cook(recipe_id, cook_id) VALUES (55, 70);
INSERT INTO recipe_cook(recipe_id, cook_id) VALUES (55, 95);
INSERT INTO recipe_cook(recipe_id, cook_id) VALUES (55, 157);
INSERT INTO recipe_cook(recipe_id, cook_id) VALUES (55, 155);
INSERT INTO recipe_cook(recipe_id, cook_id) VALUES (55, 29);
INSERT INTO recipe_cook(recipe_id, cook_id) VALUES (55, 85);
INSERT INTO recipe_cook(recipe_id, cook_id) VALUES (55, 2);
INSERT INTO recipe_cook(recipe_id, cook_id) VALUES (55, 149);
INSERT INTO recipe_cook(recipe_id, cook_id) VALUES (55, 91);
INSERT INTO recipe_cook(recipe_id, cook_id) VALUES (55, 90);
INSERT INTO recipe_cook(recipe_id, cook_id) VALUES (55, 198);
INSERT INTO recipe_cook(recipe_id, cook_id) VALUES (55, 154);
INSERT INTO recipe_cook(recipe_id, cook_id) VALUES (55, 167);
INSERT INTO recipe_cook(recipe_id, cook_id) VALUES (55, 87);
INSERT INTO recipe_cook(recipe_id, cook_id) VALUES (55, 166);
INSERT INTO recipe_cook(recipe_id, cook_id) VALUES (55, 169);
INSERT INTO recipe_cook(recipe_id, cook_id) VALUES (55, 79);
INSERT INTO recipe_cook(recipe_id, cook_id) VALUES (55, 37);
INSERT INTO recipe_cook(recipe_id, cook_id) VALUES (55, 46);
INSERT INTO recipe_cook(recipe_id, cook_id) VALUES (55, 6);
INSERT INTO recipe_cook(recipe_id, cook_id) VALUES (55, 151);
INSERT INTO recipe_cook(recipe_id, cook_id) VALUES (55, 17);
INSERT INTO recipe_cook(recipe_id, cook_id) VALUES (55, 186);
INSERT INTO recipe_cook(recipe_id, cook_id) VALUES (55, 139);
INSERT INTO recipe_cook(recipe_id, cook_id) VALUES (55, 81);
INSERT INTO recipe_cook(recipe_id, cook_id) VALUES (55, 57);
INSERT INTO recipe_cook(recipe_id, cook_id) VALUES (55, 129);
INSERT INTO recipe_cook(recipe_id, cook_id) VALUES (55, 27);
INSERT INTO recipe_cook(recipe_id, cook_id) VALUES (55, 1);
INSERT INTO recipe_cook(recipe_id, cook_id) VALUES (55, 96);
INSERT INTO recipe_cook(recipe_id, cook_id) VALUES (55, 56);
INSERT INTO recipe_cook(recipe_id, cook_id) VALUES (55, 105);
INSERT INTO recipe_cook(recipe_id, cook_id) VALUES (55, 137);
INSERT INTO recipe_cook(recipe_id, cook_id) VALUES (55, 67);
INSERT INTO recipe_cook(recipe_id, cook_id) VALUES (55, 156);
INSERT INTO recipe_cook(recipe_id, cook_id) VALUES (55, 65);
INSERT INTO recipe_cook(recipe_id, cook_id) VALUES (55, 7);
INSERT INTO recipe_cook(recipe_id, cook_id) VALUES (55, 20);
INSERT INTO recipe_cook(recipe_id, cook_id) VALUES (55, 68);
INSERT INTO recipe_cook(recipe_id, cook_id) VALUES (55, 93);
INSERT INTO recipe_cook(recipe_id, cook_id) VALUES (55, 19);
INSERT INTO recipe_cook(recipe_id, cook_id) VALUES (55, 98);
INSERT INTO recipe_cook(recipe_id, cook_id) VALUES (55, 66);
INSERT INTO recipe_cook(recipe_id, cook_id) VALUES (55, 5);
INSERT INTO recipe_cook(recipe_id, cook_id) VALUES (55, 200);
INSERT INTO recipe_cook(recipe_id, cook_id) VALUES (55, 54);
INSERT INTO recipe_cook(recipe_id, cook_id) VALUES (55, 4);
INSERT INTO recipe_cook(recipe_id, cook_id) VALUES (55, 188);
INSERT INTO recipe_theme(recipe_id, theme_id) VALUES (55, 17);
INSERT INTO recipe_theme(recipe_id, theme_id) VALUES (55, 2);
INSERT INTO recipe_tip(recipe_id, tip_id) VALUES (55, 4);
INSERT INTO recipe_tip(recipe_id, tip_id) VALUES (55, 38);

INSERT INTO recipe(baking, cuisine_id, difficulty, title, recipe_description, prep_time, cook_time, portions, fat_portion, protein_portion, carbo_portion, picture, picture_description) VALUES(1, 23, 1,'Chocolate Mousse', 'Go continue defense become expect American indeed of. Drop me fact against. Quickly building nature enter section. Total hair professor language senior program. Anything improve item quite site window.', 35, 10, 4, 35, 60,35, 'https://picsum.photos/652/173', 'Force month performance certainly city.');
INSERT INTO recipe_meal_type(recipe_id, meal_type_id) VALUES (56, 4);
INSERT INTO recipe_tag(recipe_id, tag_id) VALUES (56, 92);
INSERT INTO recipe_tag(recipe_id, tag_id) VALUES (56, 69);
INSERT INTO recipe_tag(recipe_id, tag_id) VALUES (56, 36);
INSERT INTO recipe_equipment(recipe_id, equipment_id, num) VALUES (56, 11, 2);
INSERT INTO recipe_equipment(recipe_id, equipment_id, num) VALUES (56, 16, 1);
INSERT INTO recipe_equipment(recipe_id, equipment_id, num) VALUES (56, 9, 1);
INSERT INTO recipe_equipment(recipe_id, equipment_id, num) VALUES (56, 14, 2);
INSERT INTO recipe_equipment(recipe_id, equipment_id, num) VALUES (56, 7, 2);
INSERT INTO recipe_equipment(recipe_id, equipment_id, num) VALUES (56, 2, 3);
INSERT INTO recipe_equipment(recipe_id, equipment_id, num) VALUES (56, 17, 4);
INSERT INTO recipe_cook(recipe_id, cook_id) VALUES (56, 139);
INSERT INTO recipe_cook(recipe_id, cook_id) VALUES (56, 138);
INSERT INTO recipe_cook(recipe_id, cook_id) VALUES (56, 148);
INSERT INTO recipe_cook(recipe_id, cook_id) VALUES (56, 15);
INSERT INTO recipe_cook(recipe_id, cook_id) VALUES (56, 38);
INSERT INTO recipe_cook(recipe_id, cook_id) VALUES (56, 113);
INSERT INTO recipe_cook(recipe_id, cook_id) VALUES (56, 88);
INSERT INTO recipe_theme(recipe_id, theme_id) VALUES (56, 27);
INSERT INTO recipe_tip(recipe_id, tip_id) VALUES (56, 38);
INSERT INTO recipe_tip(recipe_id, tip_id) VALUES (56, 19);

INSERT INTO recipe(baking, cuisine_id, difficulty, title, recipe_description, prep_time, cook_time, portions, fat_portion, protein_portion, carbo_portion, picture, picture_description) VALUES(0, 46, 1,'Pho', 'Threat onto human author argue design. Operation space option participant experience agency only garden. Its full phone least upon more one.', 15, 90, 3, 25, 0,5, 'https://dummyimage.com/744x987', 'Doctor third grow prepare state discuss wall fast.');
INSERT INTO recipe_meal_type(recipe_id, meal_type_id) VALUES (57, 6);
INSERT INTO recipe_tag(recipe_id, tag_id) VALUES (57, 34);
INSERT INTO recipe_tag(recipe_id, tag_id) VALUES (57, 31);
INSERT INTO recipe_tag(recipe_id, tag_id) VALUES (57, 76);
INSERT INTO recipe_tag(recipe_id, tag_id) VALUES (57, 14);
INSERT INTO recipe_tag(recipe_id, tag_id) VALUES (57, 58);
INSERT INTO recipe_tag(recipe_id, tag_id) VALUES (57, 27);
INSERT INTO recipe_tag(recipe_id, tag_id) VALUES (57, 10);
INSERT INTO recipe_equipment(recipe_id, equipment_id, num) VALUES (57, 4, 4);
INSERT INTO recipe_equipment(recipe_id, equipment_id, num) VALUES (57, 8, 2);
INSERT INTO recipe_equipment(recipe_id, equipment_id, num) VALUES (57, 19, 1);
INSERT INTO recipe_equipment(recipe_id, equipment_id, num) VALUES (57, 20, 2);
INSERT INTO recipe_cook(recipe_id, cook_id) VALUES (57, 150);
INSERT INTO recipe_cook(recipe_id, cook_id) VALUES (57, 29);
INSERT INTO recipe_cook(recipe_id, cook_id) VALUES (57, 84);
INSERT INTO recipe_cook(recipe_id, cook_id) VALUES (57, 112);
INSERT INTO recipe_cook(recipe_id, cook_id) VALUES (57, 81);
INSERT INTO recipe_cook(recipe_id, cook_id) VALUES (57, 122);
INSERT INTO recipe_cook(recipe_id, cook_id) VALUES (57, 42);
INSERT INTO recipe_cook(recipe_id, cook_id) VALUES (57, 103);
INSERT INTO recipe_cook(recipe_id, cook_id) VALUES (57, 121);
INSERT INTO recipe_cook(recipe_id, cook_id) VALUES (57, 180);
INSERT INTO recipe_cook(recipe_id, cook_id) VALUES (57, 41);
INSERT INTO recipe_cook(recipe_id, cook_id) VALUES (57, 83);
INSERT INTO recipe_cook(recipe_id, cook_id) VALUES (57, 98);
INSERT INTO recipe_cook(recipe_id, cook_id) VALUES (57, 115);
INSERT INTO recipe_cook(recipe_id, cook_id) VALUES (57, 48);
INSERT INTO recipe_cook(recipe_id, cook_id) VALUES (57, 138);
INSERT INTO recipe_cook(recipe_id, cook_id) VALUES (57, 26);
INSERT INTO recipe_cook(recipe_id, cook_id) VALUES (57, 174);
INSERT INTO recipe_cook(recipe_id, cook_id) VALUES (57, 161);
INSERT INTO recipe_cook(recipe_id, cook_id) VALUES (57, 25);
INSERT INTO recipe_cook(recipe_id, cook_id) VALUES (57, 116);
INSERT INTO recipe_cook(recipe_id, cook_id) VALUES (57, 144);
INSERT INTO recipe_cook(recipe_id, cook_id) VALUES (57, 127);
INSERT INTO recipe_cook(recipe_id, cook_id) VALUES (57, 27);
INSERT INTO recipe_cook(recipe_id, cook_id) VALUES (57, 19);
INSERT INTO recipe_cook(recipe_id, cook_id) VALUES (57, 62);
INSERT INTO recipe_cook(recipe_id, cook_id) VALUES (57, 172);
INSERT INTO recipe_cook(recipe_id, cook_id) VALUES (57, 95);
INSERT INTO recipe_cook(recipe_id, cook_id) VALUES (57, 33);
INSERT INTO recipe_cook(recipe_id, cook_id) VALUES (57, 22);
INSERT INTO recipe_cook(recipe_id, cook_id) VALUES (57, 157);
INSERT INTO recipe_cook(recipe_id, cook_id) VALUES (57, 106);
INSERT INTO recipe_cook(recipe_id, cook_id) VALUES (57, 192);
INSERT INTO recipe_cook(recipe_id, cook_id) VALUES (57, 168);
INSERT INTO recipe_cook(recipe_id, cook_id) VALUES (57, 97);
INSERT INTO recipe_cook(recipe_id, cook_id) VALUES (57, 36);
INSERT INTO recipe_cook(recipe_id, cook_id) VALUES (57, 170);
INSERT INTO recipe_cook(recipe_id, cook_id) VALUES (57, 109);
INSERT INTO recipe_cook(recipe_id, cook_id) VALUES (57, 128);
INSERT INTO recipe_cook(recipe_id, cook_id) VALUES (57, 186);
INSERT INTO recipe_cook(recipe_id, cook_id) VALUES (57, 119);
INSERT INTO recipe_cook(recipe_id, cook_id) VALUES (57, 74);
INSERT INTO recipe_cook(recipe_id, cook_id) VALUES (57, 141);
INSERT INTO recipe_cook(recipe_id, cook_id) VALUES (57, 181);
INSERT INTO recipe_cook(recipe_id, cook_id) VALUES (57, 154);
INSERT INTO recipe_cook(recipe_id, cook_id) VALUES (57, 143);
INSERT INTO recipe_cook(recipe_id, cook_id) VALUES (57, 190);
INSERT INTO recipe_cook(recipe_id, cook_id) VALUES (57, 85);
INSERT INTO recipe_cook(recipe_id, cook_id) VALUES (57, 96);
INSERT INTO recipe_cook(recipe_id, cook_id) VALUES (57, 58);
INSERT INTO recipe_cook(recipe_id, cook_id) VALUES (57, 61);
INSERT INTO recipe_cook(recipe_id, cook_id) VALUES (57, 64);
INSERT INTO recipe_cook(recipe_id, cook_id) VALUES (57, 187);
INSERT INTO recipe_cook(recipe_id, cook_id) VALUES (57, 101);
INSERT INTO recipe_cook(recipe_id, cook_id) VALUES (57, 129);
INSERT INTO recipe_cook(recipe_id, cook_id) VALUES (57, 178);
INSERT INTO recipe_cook(recipe_id, cook_id) VALUES (57, 197);
INSERT INTO recipe_cook(recipe_id, cook_id) VALUES (57, 185);
INSERT INTO recipe_cook(recipe_id, cook_id) VALUES (57, 37);
INSERT INTO recipe_cook(recipe_id, cook_id) VALUES (57, 53);
INSERT INTO recipe_cook(recipe_id, cook_id) VALUES (57, 59);
INSERT INTO recipe_cook(recipe_id, cook_id) VALUES (57, 89);
INSERT INTO recipe_cook(recipe_id, cook_id) VALUES (57, 153);
INSERT INTO recipe_cook(recipe_id, cook_id) VALUES (57, 17);
INSERT INTO recipe_cook(recipe_id, cook_id) VALUES (57, 176);
INSERT INTO recipe_cook(recipe_id, cook_id) VALUES (57, 79);
INSERT INTO recipe_cook(recipe_id, cook_id) VALUES (57, 31);
INSERT INTO recipe_cook(recipe_id, cook_id) VALUES (57, 195);
INSERT INTO recipe_cook(recipe_id, cook_id) VALUES (57, 47);
INSERT INTO recipe_cook(recipe_id, cook_id) VALUES (57, 160);
INSERT INTO recipe_cook(recipe_id, cook_id) VALUES (57, 120);
INSERT INTO recipe_cook(recipe_id, cook_id) VALUES (57, 1);
INSERT INTO recipe_cook(recipe_id, cook_id) VALUES (57, 104);
INSERT INTO recipe_cook(recipe_id, cook_id) VALUES (57, 10);
INSERT INTO recipe_cook(recipe_id, cook_id) VALUES (57, 75);
INSERT INTO recipe_cook(recipe_id, cook_id) VALUES (57, 5);
INSERT INTO recipe_cook(recipe_id, cook_id) VALUES (57, 67);
INSERT INTO recipe_cook(recipe_id, cook_id) VALUES (57, 56);
INSERT INTO recipe_cook(recipe_id, cook_id) VALUES (57, 164);
INSERT INTO recipe_cook(recipe_id, cook_id) VALUES (57, 4);
INSERT INTO recipe_cook(recipe_id, cook_id) VALUES (57, 68);
INSERT INTO recipe_cook(recipe_id, cook_id) VALUES (57, 196);
INSERT INTO recipe_cook(recipe_id, cook_id) VALUES (57, 137);
INSERT INTO recipe_cook(recipe_id, cook_id) VALUES (57, 184);
INSERT INTO recipe_cook(recipe_id, cook_id) VALUES (57, 166);
INSERT INTO recipe_cook(recipe_id, cook_id) VALUES (57, 110);
INSERT INTO recipe_cook(recipe_id, cook_id) VALUES (57, 45);
INSERT INTO recipe_cook(recipe_id, cook_id) VALUES (57, 158);
INSERT INTO recipe_cook(recipe_id, cook_id) VALUES (57, 194);
INSERT INTO recipe_cook(recipe_id, cook_id) VALUES (57, 177);
INSERT INTO recipe_cook(recipe_id, cook_id) VALUES (57, 46);
INSERT INTO recipe_cook(recipe_id, cook_id) VALUES (57, 198);
INSERT INTO recipe_cook(recipe_id, cook_id) VALUES (57, 80);
INSERT INTO recipe_cook(recipe_id, cook_id) VALUES (57, 133);
INSERT INTO recipe_cook(recipe_id, cook_id) VALUES (57, 70);
INSERT INTO recipe_cook(recipe_id, cook_id) VALUES (57, 34);
INSERT INTO recipe_cook(recipe_id, cook_id) VALUES (57, 117);
INSERT INTO recipe_cook(recipe_id, cook_id) VALUES (57, 100);
INSERT INTO recipe_cook(recipe_id, cook_id) VALUES (57, 146);
INSERT INTO recipe_cook(recipe_id, cook_id) VALUES (57, 32);
INSERT INTO recipe_cook(recipe_id, cook_id) VALUES (57, 179);
INSERT INTO recipe_cook(recipe_id, cook_id) VALUES (57, 152);
INSERT INTO recipe_cook(recipe_id, cook_id) VALUES (57, 65);
INSERT INTO recipe_cook(recipe_id, cook_id) VALUES (57, 8);
INSERT INTO recipe_cook(recipe_id, cook_id) VALUES (57, 125);
INSERT INTO recipe_cook(recipe_id, cook_id) VALUES (57, 86);
INSERT INTO recipe_cook(recipe_id, cook_id) VALUES (57, 39);
INSERT INTO recipe_cook(recipe_id, cook_id) VALUES (57, 2);
INSERT INTO recipe_cook(recipe_id, cook_id) VALUES (57, 135);
INSERT INTO recipe_cook(recipe_id, cook_id) VALUES (57, 91);
INSERT INTO recipe_cook(recipe_id, cook_id) VALUES (57, 14);
INSERT INTO recipe_cook(recipe_id, cook_id) VALUES (57, 167);
INSERT INTO recipe_cook(recipe_id, cook_id) VALUES (57, 50);
INSERT INTO recipe_theme(recipe_id, theme_id) VALUES (57, 27);
INSERT INTO recipe_theme(recipe_id, theme_id) VALUES (57, 29);
INSERT INTO recipe_theme(recipe_id, theme_id) VALUES (57, 23);
INSERT INTO recipe_tip(recipe_id, tip_id) VALUES (57, 40);

INSERT INTO recipe(baking, cuisine_id, difficulty, title, recipe_description, prep_time, cook_time, portions, fat_portion, protein_portion, carbo_portion, picture, picture_description) VALUES(1, 21, 5,'Baba Ganoush', 'Common camera social no because yet. Share arm color also maybe. Open painting and. South north good.', 55, 120, 5, 35, 0,45, 'https://dummyimage.com/912x531', 'Moment real others friend.');
INSERT INTO recipe_meal_type(recipe_id, meal_type_id) VALUES (58, 6);
INSERT INTO recipe_tag(recipe_id, tag_id) VALUES (58, 45);
INSERT INTO recipe_tag(recipe_id, tag_id) VALUES (58, 3);
INSERT INTO recipe_tag(recipe_id, tag_id) VALUES (58, 9);
INSERT INTO recipe_tag(recipe_id, tag_id) VALUES (58, 99);
INSERT INTO recipe_tag(recipe_id, tag_id) VALUES (58, 10);
INSERT INTO recipe_tag(recipe_id, tag_id) VALUES (58, 57);
INSERT INTO recipe_equipment(recipe_id, equipment_id, num) VALUES (58, 17, 4);
INSERT INTO recipe_equipment(recipe_id, equipment_id, num) VALUES (58, 14, 2);
INSERT INTO recipe_equipment(recipe_id, equipment_id, num) VALUES (58, 4, 3);
INSERT INTO recipe_cook(recipe_id, cook_id) VALUES (58, 123);
INSERT INTO recipe_cook(recipe_id, cook_id) VALUES (58, 24);
INSERT INTO recipe_cook(recipe_id, cook_id) VALUES (58, 31);
INSERT INTO recipe_cook(recipe_id, cook_id) VALUES (58, 69);
INSERT INTO recipe_cook(recipe_id, cook_id) VALUES (58, 4);
INSERT INTO recipe_cook(recipe_id, cook_id) VALUES (58, 100);
INSERT INTO recipe_cook(recipe_id, cook_id) VALUES (58, 199);
INSERT INTO recipe_cook(recipe_id, cook_id) VALUES (58, 137);
INSERT INTO recipe_cook(recipe_id, cook_id) VALUES (58, 162);
INSERT INTO recipe_cook(recipe_id, cook_id) VALUES (58, 133);
INSERT INTO recipe_cook(recipe_id, cook_id) VALUES (58, 61);
INSERT INTO recipe_cook(recipe_id, cook_id) VALUES (58, 102);
INSERT INTO recipe_cook(recipe_id, cook_id) VALUES (58, 57);
INSERT INTO recipe_cook(recipe_id, cook_id) VALUES (58, 198);
INSERT INTO recipe_cook(recipe_id, cook_id) VALUES (58, 176);
INSERT INTO recipe_cook(recipe_id, cook_id) VALUES (58, 84);
INSERT INTO recipe_cook(recipe_id, cook_id) VALUES (58, 156);
INSERT INTO recipe_cook(recipe_id, cook_id) VALUES (58, 1);
INSERT INTO recipe_cook(recipe_id, cook_id) VALUES (58, 177);
INSERT INTO recipe_cook(recipe_id, cook_id) VALUES (58, 191);
INSERT INTO recipe_cook(recipe_id, cook_id) VALUES (58, 107);
INSERT INTO recipe_cook(recipe_id, cook_id) VALUES (58, 178);
INSERT INTO recipe_cook(recipe_id, cook_id) VALUES (58, 146);
INSERT INTO recipe_cook(recipe_id, cook_id) VALUES (58, 149);
INSERT INTO recipe_cook(recipe_id, cook_id) VALUES (58, 43);
INSERT INTO recipe_cook(recipe_id, cook_id) VALUES (58, 136);
INSERT INTO recipe_cook(recipe_id, cook_id) VALUES (58, 163);
INSERT INTO recipe_cook(recipe_id, cook_id) VALUES (58, 174);
INSERT INTO recipe_cook(recipe_id, cook_id) VALUES (58, 3);
INSERT INTO recipe_cook(recipe_id, cook_id) VALUES (58, 22);
INSERT INTO recipe_cook(recipe_id, cook_id) VALUES (58, 46);
INSERT INTO recipe_cook(recipe_id, cook_id) VALUES (58, 60);
INSERT INTO recipe_cook(recipe_id, cook_id) VALUES (58, 58);
INSERT INTO recipe_cook(recipe_id, cook_id) VALUES (58, 45);
INSERT INTO recipe_cook(recipe_id, cook_id) VALUES (58, 185);
INSERT INTO recipe_cook(recipe_id, cook_id) VALUES (58, 88);
INSERT INTO recipe_cook(recipe_id, cook_id) VALUES (58, 101);
INSERT INTO recipe_cook(recipe_id, cook_id) VALUES (58, 16);
INSERT INTO recipe_cook(recipe_id, cook_id) VALUES (58, 89);
INSERT INTO recipe_cook(recipe_id, cook_id) VALUES (58, 112);
INSERT INTO recipe_cook(recipe_id, cook_id) VALUES (58, 33);
INSERT INTO recipe_cook(recipe_id, cook_id) VALUES (58, 129);
INSERT INTO recipe_cook(recipe_id, cook_id) VALUES (58, 128);
INSERT INTO recipe_cook(recipe_id, cook_id) VALUES (58, 51);
INSERT INTO recipe_cook(recipe_id, cook_id) VALUES (58, 78);
INSERT INTO recipe_cook(recipe_id, cook_id) VALUES (58, 134);
INSERT INTO recipe_cook(recipe_id, cook_id) VALUES (58, 2);
INSERT INTO recipe_cook(recipe_id, cook_id) VALUES (58, 52);
INSERT INTO recipe_cook(recipe_id, cook_id) VALUES (58, 87);
INSERT INTO recipe_cook(recipe_id, cook_id) VALUES (58, 106);
INSERT INTO recipe_cook(recipe_id, cook_id) VALUES (58, 53);
INSERT INTO recipe_cook(recipe_id, cook_id) VALUES (58, 116);
INSERT INTO recipe_cook(recipe_id, cook_id) VALUES (58, 169);
INSERT INTO recipe_cook(recipe_id, cook_id) VALUES (58, 80);
INSERT INTO recipe_cook(recipe_id, cook_id) VALUES (58, 11);
INSERT INTO recipe_cook(recipe_id, cook_id) VALUES (58, 152);
INSERT INTO recipe_cook(recipe_id, cook_id) VALUES (58, 195);
INSERT INTO recipe_cook(recipe_id, cook_id) VALUES (58, 59);
INSERT INTO recipe_cook(recipe_id, cook_id) VALUES (58, 105);
INSERT INTO recipe_cook(recipe_id, cook_id) VALUES (58, 99);
INSERT INTO recipe_cook(recipe_id, cook_id) VALUES (58, 20);
INSERT INTO recipe_cook(recipe_id, cook_id) VALUES (58, 194);
INSERT INTO recipe_cook(recipe_id, cook_id) VALUES (58, 25);
INSERT INTO recipe_cook(recipe_id, cook_id) VALUES (58, 28);
INSERT INTO recipe_cook(recipe_id, cook_id) VALUES (58, 147);
INSERT INTO recipe_cook(recipe_id, cook_id) VALUES (58, 32);
INSERT INTO recipe_cook(recipe_id, cook_id) VALUES (58, 125);
INSERT INTO recipe_cook(recipe_id, cook_id) VALUES (58, 13);
INSERT INTO recipe_cook(recipe_id, cook_id) VALUES (58, 23);
INSERT INTO recipe_cook(recipe_id, cook_id) VALUES (58, 9);
INSERT INTO recipe_cook(recipe_id, cook_id) VALUES (58, 150);
INSERT INTO recipe_cook(recipe_id, cook_id) VALUES (58, 10);
INSERT INTO recipe_cook(recipe_id, cook_id) VALUES (58, 160);
INSERT INTO recipe_cook(recipe_id, cook_id) VALUES (58, 151);
INSERT INTO recipe_cook(recipe_id, cook_id) VALUES (58, 114);
INSERT INTO recipe_cook(recipe_id, cook_id) VALUES (58, 175);
INSERT INTO recipe_cook(recipe_id, cook_id) VALUES (58, 68);
INSERT INTO recipe_cook(recipe_id, cook_id) VALUES (58, 30);
INSERT INTO recipe_cook(recipe_id, cook_id) VALUES (58, 155);
INSERT INTO recipe_cook(recipe_id, cook_id) VALUES (58, 73);
INSERT INTO recipe_cook(recipe_id, cook_id) VALUES (58, 54);
INSERT INTO recipe_cook(recipe_id, cook_id) VALUES (58, 157);
INSERT INTO recipe_cook(recipe_id, cook_id) VALUES (58, 187);
INSERT INTO recipe_cook(recipe_id, cook_id) VALUES (58, 35);
INSERT INTO recipe_cook(recipe_id, cook_id) VALUES (58, 167);
INSERT INTO recipe_cook(recipe_id, cook_id) VALUES (58, 140);
INSERT INTO recipe_cook(recipe_id, cook_id) VALUES (58, 83);
INSERT INTO recipe_cook(recipe_id, cook_id) VALUES (58, 111);
INSERT INTO recipe_cook(recipe_id, cook_id) VALUES (58, 44);
INSERT INTO recipe_cook(recipe_id, cook_id) VALUES (58, 81);
INSERT INTO recipe_cook(recipe_id, cook_id) VALUES (58, 143);
INSERT INTO recipe_cook(recipe_id, cook_id) VALUES (58, 132);
INSERT INTO recipe_cook(recipe_id, cook_id) VALUES (58, 168);
INSERT INTO recipe_cook(recipe_id, cook_id) VALUES (58, 34);
INSERT INTO recipe_cook(recipe_id, cook_id) VALUES (58, 66);
INSERT INTO recipe_cook(recipe_id, cook_id) VALUES (58, 148);
INSERT INTO recipe_cook(recipe_id, cook_id) VALUES (58, 8);
INSERT INTO recipe_cook(recipe_id, cook_id) VALUES (58, 39);
INSERT INTO recipe_cook(recipe_id, cook_id) VALUES (58, 193);
INSERT INTO recipe_cook(recipe_id, cook_id) VALUES (58, 70);
INSERT INTO recipe_cook(recipe_id, cook_id) VALUES (58, 200);
INSERT INTO recipe_cook(recipe_id, cook_id) VALUES (58, 62);
INSERT INTO recipe_cook(recipe_id, cook_id) VALUES (58, 103);
INSERT INTO recipe_cook(recipe_id, cook_id) VALUES (58, 74);
INSERT INTO recipe_cook(recipe_id, cook_id) VALUES (58, 86);
INSERT INTO recipe_cook(recipe_id, cook_id) VALUES (58, 82);
INSERT INTO recipe_cook(recipe_id, cook_id) VALUES (58, 75);
INSERT INTO recipe_cook(recipe_id, cook_id) VALUES (58, 94);
INSERT INTO recipe_cook(recipe_id, cook_id) VALUES (58, 71);
INSERT INTO recipe_cook(recipe_id, cook_id) VALUES (58, 47);
INSERT INTO recipe_cook(recipe_id, cook_id) VALUES (58, 166);
INSERT INTO recipe_cook(recipe_id, cook_id) VALUES (58, 183);
INSERT INTO recipe_cook(recipe_id, cook_id) VALUES (58, 164);
INSERT INTO recipe_cook(recipe_id, cook_id) VALUES (58, 17);
INSERT INTO recipe_cook(recipe_id, cook_id) VALUES (58, 159);
INSERT INTO recipe_cook(recipe_id, cook_id) VALUES (58, 15);
INSERT INTO recipe_cook(recipe_id, cook_id) VALUES (58, 29);
INSERT INTO recipe_cook(recipe_id, cook_id) VALUES (58, 95);
INSERT INTO recipe_cook(recipe_id, cook_id) VALUES (58, 145);
INSERT INTO recipe_cook(recipe_id, cook_id) VALUES (58, 172);
INSERT INTO recipe_cook(recipe_id, cook_id) VALUES (58, 21);
INSERT INTO recipe_cook(recipe_id, cook_id) VALUES (58, 64);
INSERT INTO recipe_cook(recipe_id, cook_id) VALUES (58, 122);
INSERT INTO recipe_cook(recipe_id, cook_id) VALUES (58, 192);
INSERT INTO recipe_cook(recipe_id, cook_id) VALUES (58, 165);
INSERT INTO recipe_cook(recipe_id, cook_id) VALUES (58, 180);
INSERT INTO recipe_cook(recipe_id, cook_id) VALUES (58, 91);
INSERT INTO recipe_cook(recipe_id, cook_id) VALUES (58, 49);
INSERT INTO recipe_cook(recipe_id, cook_id) VALUES (58, 27);
INSERT INTO recipe_cook(recipe_id, cook_id) VALUES (58, 141);
INSERT INTO recipe_cook(recipe_id, cook_id) VALUES (58, 77);
INSERT INTO recipe_cook(recipe_id, cook_id) VALUES (58, 93);
INSERT INTO recipe_cook(recipe_id, cook_id) VALUES (58, 135);
INSERT INTO recipe_cook(recipe_id, cook_id) VALUES (58, 42);
INSERT INTO recipe_cook(recipe_id, cook_id) VALUES (58, 18);
INSERT INTO recipe_cook(recipe_id, cook_id) VALUES (58, 120);
INSERT INTO recipe_cook(recipe_id, cook_id) VALUES (58, 197);
INSERT INTO recipe_cook(recipe_id, cook_id) VALUES (58, 139);
INSERT INTO recipe_cook(recipe_id, cook_id) VALUES (58, 184);
INSERT INTO recipe_cook(recipe_id, cook_id) VALUES (58, 92);
INSERT INTO recipe_cook(recipe_id, cook_id) VALUES (58, 96);
INSERT INTO recipe_cook(recipe_id, cook_id) VALUES (58, 154);
INSERT INTO recipe_cook(recipe_id, cook_id) VALUES (58, 158);
INSERT INTO recipe_cook(recipe_id, cook_id) VALUES (58, 65);
INSERT INTO recipe_cook(recipe_id, cook_id) VALUES (58, 115);
INSERT INTO recipe_cook(recipe_id, cook_id) VALUES (58, 48);
INSERT INTO recipe_cook(recipe_id, cook_id) VALUES (58, 98);
INSERT INTO recipe_cook(recipe_id, cook_id) VALUES (58, 124);
INSERT INTO recipe_cook(recipe_id, cook_id) VALUES (58, 186);
INSERT INTO recipe_cook(recipe_id, cook_id) VALUES (58, 76);
INSERT INTO recipe_cook(recipe_id, cook_id) VALUES (58, 67);
INSERT INTO recipe_cook(recipe_id, cook_id) VALUES (58, 85);
INSERT INTO recipe_cook(recipe_id, cook_id) VALUES (58, 6);
INSERT INTO recipe_cook(recipe_id, cook_id) VALUES (58, 118);
INSERT INTO recipe_cook(recipe_id, cook_id) VALUES (58, 144);
INSERT INTO recipe_cook(recipe_id, cook_id) VALUES (58, 153);
INSERT INTO recipe_cook(recipe_id, cook_id) VALUES (58, 14);
INSERT INTO recipe_cook(recipe_id, cook_id) VALUES (58, 97);
INSERT INTO recipe_cook(recipe_id, cook_id) VALUES (58, 131);
INSERT INTO recipe_cook(recipe_id, cook_id) VALUES (58, 104);
INSERT INTO recipe_cook(recipe_id, cook_id) VALUES (58, 108);
INSERT INTO recipe_cook(recipe_id, cook_id) VALUES (58, 170);
INSERT INTO recipe_cook(recipe_id, cook_id) VALUES (58, 36);
INSERT INTO recipe_cook(recipe_id, cook_id) VALUES (58, 41);
INSERT INTO recipe_cook(recipe_id, cook_id) VALUES (58, 119);
INSERT INTO recipe_cook(recipe_id, cook_id) VALUES (58, 190);
INSERT INTO recipe_cook(recipe_id, cook_id) VALUES (58, 12);
INSERT INTO recipe_cook(recipe_id, cook_id) VALUES (58, 181);
INSERT INTO recipe_cook(recipe_id, cook_id) VALUES (58, 138);
INSERT INTO recipe_cook(recipe_id, cook_id) VALUES (58, 126);
INSERT INTO recipe_cook(recipe_id, cook_id) VALUES (58, 113);
INSERT INTO recipe_cook(recipe_id, cook_id) VALUES (58, 171);
INSERT INTO recipe_cook(recipe_id, cook_id) VALUES (58, 38);
INSERT INTO recipe_cook(recipe_id, cook_id) VALUES (58, 7);
INSERT INTO recipe_cook(recipe_id, cook_id) VALUES (58, 19);
INSERT INTO recipe_cook(recipe_id, cook_id) VALUES (58, 142);
INSERT INTO recipe_cook(recipe_id, cook_id) VALUES (58, 188);
INSERT INTO recipe_cook(recipe_id, cook_id) VALUES (58, 196);
INSERT INTO recipe_cook(recipe_id, cook_id) VALUES (58, 55);
INSERT INTO recipe_cook(recipe_id, cook_id) VALUES (58, 121);
INSERT INTO recipe_cook(recipe_id, cook_id) VALUES (58, 79);
INSERT INTO recipe_cook(recipe_id, cook_id) VALUES (58, 109);
INSERT INTO recipe_cook(recipe_id, cook_id) VALUES (58, 72);
INSERT INTO recipe_cook(recipe_id, cook_id) VALUES (58, 40);
INSERT INTO recipe_cook(recipe_id, cook_id) VALUES (58, 50);
INSERT INTO recipe_cook(recipe_id, cook_id) VALUES (58, 117);
INSERT INTO recipe_theme(recipe_id, theme_id) VALUES (58, 17);
INSERT INTO recipe_tip(recipe_id, tip_id) VALUES (58, 37);
INSERT INTO recipe_tip(recipe_id, tip_id) VALUES (58, 8);

INSERT INTO recipe(baking, cuisine_id, difficulty, title, recipe_description, prep_time, cook_time, portions, fat_portion, protein_portion, carbo_portion, picture, picture_description) VALUES(1, 27, 1,'Eggs Benedict', 'Religious side hundred thought hope. Bad home mother. Beautiful expert house loss agent.', 75, 120, 5, 10, 10,20, 'https://dummyimage.com/337x768', 'All number usually responsibility.');
INSERT INTO recipe_meal_type(recipe_id, meal_type_id) VALUES (59, 3);
INSERT INTO recipe_tag(recipe_id, tag_id) VALUES (59, 20);
INSERT INTO recipe_tag(recipe_id, tag_id) VALUES (59, 82);
INSERT INTO recipe_tag(recipe_id, tag_id) VALUES (59, 85);
INSERT INTO recipe_tag(recipe_id, tag_id) VALUES (59, 19);
INSERT INTO recipe_tag(recipe_id, tag_id) VALUES (59, 68);
INSERT INTO recipe_equipment(recipe_id, equipment_id, num) VALUES (59, 16, 3);
INSERT INTO recipe_equipment(recipe_id, equipment_id, num) VALUES (59, 18, 1);
INSERT INTO recipe_equipment(recipe_id, equipment_id, num) VALUES (59, 6, 4);
INSERT INTO recipe_equipment(recipe_id, equipment_id, num) VALUES (59, 7, 4);
INSERT INTO recipe_cook(recipe_id, cook_id) VALUES (59, 48);
INSERT INTO recipe_cook(recipe_id, cook_id) VALUES (59, 38);
INSERT INTO recipe_cook(recipe_id, cook_id) VALUES (59, 101);
INSERT INTO recipe_cook(recipe_id, cook_id) VALUES (59, 20);
INSERT INTO recipe_cook(recipe_id, cook_id) VALUES (59, 121);
INSERT INTO recipe_cook(recipe_id, cook_id) VALUES (59, 90);
INSERT INTO recipe_cook(recipe_id, cook_id) VALUES (59, 178);
INSERT INTO recipe_cook(recipe_id, cook_id) VALUES (59, 82);
INSERT INTO recipe_cook(recipe_id, cook_id) VALUES (59, 168);
INSERT INTO recipe_cook(recipe_id, cook_id) VALUES (59, 170);
INSERT INTO recipe_cook(recipe_id, cook_id) VALUES (59, 23);
INSERT INTO recipe_cook(recipe_id, cook_id) VALUES (59, 57);
INSERT INTO recipe_cook(recipe_id, cook_id) VALUES (59, 17);
INSERT INTO recipe_cook(recipe_id, cook_id) VALUES (59, 152);
INSERT INTO recipe_cook(recipe_id, cook_id) VALUES (59, 136);
INSERT INTO recipe_cook(recipe_id, cook_id) VALUES (59, 5);
INSERT INTO recipe_cook(recipe_id, cook_id) VALUES (59, 7);
INSERT INTO recipe_cook(recipe_id, cook_id) VALUES (59, 173);
INSERT INTO recipe_cook(recipe_id, cook_id) VALUES (59, 25);
INSERT INTO recipe_cook(recipe_id, cook_id) VALUES (59, 148);
INSERT INTO recipe_cook(recipe_id, cook_id) VALUES (59, 145);
INSERT INTO recipe_cook(recipe_id, cook_id) VALUES (59, 154);
INSERT INTO recipe_cook(recipe_id, cook_id) VALUES (59, 21);
INSERT INTO recipe_cook(recipe_id, cook_id) VALUES (59, 27);
INSERT INTO recipe_cook(recipe_id, cook_id) VALUES (59, 95);
INSERT INTO recipe_cook(recipe_id, cook_id) VALUES (59, 62);
INSERT INTO recipe_cook(recipe_id, cook_id) VALUES (59, 151);
INSERT INTO recipe_cook(recipe_id, cook_id) VALUES (59, 108);
INSERT INTO recipe_cook(recipe_id, cook_id) VALUES (59, 186);
INSERT INTO recipe_cook(recipe_id, cook_id) VALUES (59, 88);
INSERT INTO recipe_cook(recipe_id, cook_id) VALUES (59, 96);
INSERT INTO recipe_cook(recipe_id, cook_id) VALUES (59, 102);
INSERT INTO recipe_cook(recipe_id, cook_id) VALUES (59, 180);
INSERT INTO recipe_cook(recipe_id, cook_id) VALUES (59, 109);
INSERT INTO recipe_cook(recipe_id, cook_id) VALUES (59, 144);
INSERT INTO recipe_cook(recipe_id, cook_id) VALUES (59, 139);
INSERT INTO recipe_cook(recipe_id, cook_id) VALUES (59, 42);
INSERT INTO recipe_cook(recipe_id, cook_id) VALUES (59, 138);
INSERT INTO recipe_cook(recipe_id, cook_id) VALUES (59, 12);
INSERT INTO recipe_cook(recipe_id, cook_id) VALUES (59, 77);
INSERT INTO recipe_cook(recipe_id, cook_id) VALUES (59, 53);
INSERT INTO recipe_cook(recipe_id, cook_id) VALUES (59, 56);
INSERT INTO recipe_cook(recipe_id, cook_id) VALUES (59, 43);
INSERT INTO recipe_cook(recipe_id, cook_id) VALUES (59, 146);
INSERT INTO recipe_cook(recipe_id, cook_id) VALUES (59, 169);
INSERT INTO recipe_cook(recipe_id, cook_id) VALUES (59, 113);
INSERT INTO recipe_cook(recipe_id, cook_id) VALUES (59, 60);
INSERT INTO recipe_cook(recipe_id, cook_id) VALUES (59, 111);
INSERT INTO recipe_cook(recipe_id, cook_id) VALUES (59, 196);
INSERT INTO recipe_cook(recipe_id, cook_id) VALUES (59, 189);
INSERT INTO recipe_cook(recipe_id, cook_id) VALUES (59, 19);
INSERT INTO recipe_cook(recipe_id, cook_id) VALUES (59, 126);
INSERT INTO recipe_cook(recipe_id, cook_id) VALUES (59, 110);
INSERT INTO recipe_cook(recipe_id, cook_id) VALUES (59, 106);
INSERT INTO recipe_cook(recipe_id, cook_id) VALUES (59, 69);
INSERT INTO recipe_cook(recipe_id, cook_id) VALUES (59, 78);
INSERT INTO recipe_cook(recipe_id, cook_id) VALUES (59, 112);
INSERT INTO recipe_cook(recipe_id, cook_id) VALUES (59, 68);
INSERT INTO recipe_cook(recipe_id, cook_id) VALUES (59, 127);
INSERT INTO recipe_cook(recipe_id, cook_id) VALUES (59, 162);
INSERT INTO recipe_cook(recipe_id, cook_id) VALUES (59, 115);
INSERT INTO recipe_cook(recipe_id, cook_id) VALUES (59, 128);
INSERT INTO recipe_theme(recipe_id, theme_id) VALUES (59, 33);
INSERT INTO recipe_theme(recipe_id, theme_id) VALUES (59, 2);
INSERT INTO recipe_tip(recipe_id, tip_id) VALUES (59, 31);
INSERT INTO recipe_tip(recipe_id, tip_id) VALUES (59, 11);
INSERT INTO recipe_tip(recipe_id, tip_id) VALUES (59, 35);

INSERT INTO recipe(baking, cuisine_id, difficulty, title, recipe_description, prep_time, cook_time, portions, fat_portion, protein_portion, carbo_portion, picture, picture_description) VALUES(0, 5, 2,'Black Forest Cake', 'Conference doctor reflect people. Attack tend project federal like their. Action business result significant. Way him medical focus. Way join time member next media.', 85, 70, 3, 35, 40,40, 'https://dummyimage.com/882x253', 'Member use you describe simply.');
INSERT INTO recipe_meal_type(recipe_id, meal_type_id) VALUES (60, 3);
INSERT INTO recipe_tag(recipe_id, tag_id) VALUES (60, 50);
INSERT INTO recipe_tag(recipe_id, tag_id) VALUES (60, 80);
INSERT INTO recipe_tag(recipe_id, tag_id) VALUES (60, 18);
INSERT INTO recipe_tag(recipe_id, tag_id) VALUES (60, 59);
INSERT INTO recipe_tag(recipe_id, tag_id) VALUES (60, 3);
INSERT INTO recipe_tag(recipe_id, tag_id) VALUES (60, 81);
INSERT INTO recipe_equipment(recipe_id, equipment_id, num) VALUES (60, 3, 2);
INSERT INTO recipe_equipment(recipe_id, equipment_id, num) VALUES (60, 12, 3);
INSERT INTO recipe_equipment(recipe_id, equipment_id, num) VALUES (60, 10, 1);
INSERT INTO recipe_equipment(recipe_id, equipment_id, num) VALUES (60, 5, 3);
INSERT INTO recipe_equipment(recipe_id, equipment_id, num) VALUES (60, 19, 1);
INSERT INTO recipe_equipment(recipe_id, equipment_id, num) VALUES (60, 13, 3);
INSERT INTO recipe_equipment(recipe_id, equipment_id, num) VALUES (60, 6, 2);
INSERT INTO recipe_cook(recipe_id, cook_id) VALUES (60, 191);
INSERT INTO recipe_cook(recipe_id, cook_id) VALUES (60, 106);
INSERT INTO recipe_cook(recipe_id, cook_id) VALUES (60, 127);
INSERT INTO recipe_cook(recipe_id, cook_id) VALUES (60, 155);
INSERT INTO recipe_cook(recipe_id, cook_id) VALUES (60, 2);
INSERT INTO recipe_cook(recipe_id, cook_id) VALUES (60, 39);
INSERT INTO recipe_cook(recipe_id, cook_id) VALUES (60, 34);
INSERT INTO recipe_cook(recipe_id, cook_id) VALUES (60, 53);
INSERT INTO recipe_cook(recipe_id, cook_id) VALUES (60, 95);
INSERT INTO recipe_cook(recipe_id, cook_id) VALUES (60, 58);
INSERT INTO recipe_cook(recipe_id, cook_id) VALUES (60, 103);
INSERT INTO recipe_cook(recipe_id, cook_id) VALUES (60, 85);
INSERT INTO recipe_cook(recipe_id, cook_id) VALUES (60, 99);
INSERT INTO recipe_cook(recipe_id, cook_id) VALUES (60, 194);
INSERT INTO recipe_cook(recipe_id, cook_id) VALUES (60, 145);
INSERT INTO recipe_cook(recipe_id, cook_id) VALUES (60, 113);
INSERT INTO recipe_cook(recipe_id, cook_id) VALUES (60, 150);
INSERT INTO recipe_cook(recipe_id, cook_id) VALUES (60, 148);
INSERT INTO recipe_cook(recipe_id, cook_id) VALUES (60, 133);
INSERT INTO recipe_cook(recipe_id, cook_id) VALUES (60, 11);
INSERT INTO recipe_cook(recipe_id, cook_id) VALUES (60, 165);
INSERT INTO recipe_cook(recipe_id, cook_id) VALUES (60, 152);
INSERT INTO recipe_cook(recipe_id, cook_id) VALUES (60, 153);
INSERT INTO recipe_cook(recipe_id, cook_id) VALUES (60, 61);
INSERT INTO recipe_cook(recipe_id, cook_id) VALUES (60, 86);
INSERT INTO recipe_cook(recipe_id, cook_id) VALUES (60, 10);
INSERT INTO recipe_cook(recipe_id, cook_id) VALUES (60, 37);
INSERT INTO recipe_cook(recipe_id, cook_id) VALUES (60, 137);
INSERT INTO recipe_cook(recipe_id, cook_id) VALUES (60, 184);
INSERT INTO recipe_cook(recipe_id, cook_id) VALUES (60, 186);
INSERT INTO recipe_cook(recipe_id, cook_id) VALUES (60, 18);
INSERT INTO recipe_cook(recipe_id, cook_id) VALUES (60, 79);
INSERT INTO recipe_cook(recipe_id, cook_id) VALUES (60, 96);
INSERT INTO recipe_cook(recipe_id, cook_id) VALUES (60, 107);
INSERT INTO recipe_cook(recipe_id, cook_id) VALUES (60, 180);
INSERT INTO recipe_cook(recipe_id, cook_id) VALUES (60, 126);
INSERT INTO recipe_cook(recipe_id, cook_id) VALUES (60, 73);
INSERT INTO recipe_cook(recipe_id, cook_id) VALUES (60, 97);
INSERT INTO recipe_cook(recipe_id, cook_id) VALUES (60, 130);
INSERT INTO recipe_cook(recipe_id, cook_id) VALUES (60, 192);
INSERT INTO recipe_cook(recipe_id, cook_id) VALUES (60, 52);
INSERT INTO recipe_cook(recipe_id, cook_id) VALUES (60, 71);
INSERT INTO recipe_cook(recipe_id, cook_id) VALUES (60, 182);
INSERT INTO recipe_cook(recipe_id, cook_id) VALUES (60, 60);
INSERT INTO recipe_cook(recipe_id, cook_id) VALUES (60, 57);
INSERT INTO recipe_cook(recipe_id, cook_id) VALUES (60, 125);
INSERT INTO recipe_cook(recipe_id, cook_id) VALUES (60, 70);
INSERT INTO recipe_cook(recipe_id, cook_id) VALUES (60, 46);
INSERT INTO recipe_cook(recipe_id, cook_id) VALUES (60, 197);
INSERT INTO recipe_cook(recipe_id, cook_id) VALUES (60, 141);
INSERT INTO recipe_cook(recipe_id, cook_id) VALUES (60, 30);
INSERT INTO recipe_cook(recipe_id, cook_id) VALUES (60, 54);
INSERT INTO recipe_cook(recipe_id, cook_id) VALUES (60, 121);
INSERT INTO recipe_cook(recipe_id, cook_id) VALUES (60, 20);
INSERT INTO recipe_cook(recipe_id, cook_id) VALUES (60, 167);
INSERT INTO recipe_cook(recipe_id, cook_id) VALUES (60, 162);
INSERT INTO recipe_cook(recipe_id, cook_id) VALUES (60, 66);
INSERT INTO recipe_cook(recipe_id, cook_id) VALUES (60, 19);
INSERT INTO recipe_cook(recipe_id, cook_id) VALUES (60, 31);
INSERT INTO recipe_cook(recipe_id, cook_id) VALUES (60, 26);
INSERT INTO recipe_cook(recipe_id, cook_id) VALUES (60, 92);
INSERT INTO recipe_cook(recipe_id, cook_id) VALUES (60, 198);
INSERT INTO recipe_cook(recipe_id, cook_id) VALUES (60, 200);
INSERT INTO recipe_cook(recipe_id, cook_id) VALUES (60, 183);
INSERT INTO recipe_cook(recipe_id, cook_id) VALUES (60, 21);
INSERT INTO recipe_cook(recipe_id, cook_id) VALUES (60, 123);
INSERT INTO recipe_cook(recipe_id, cook_id) VALUES (60, 161);
INSERT INTO recipe_cook(recipe_id, cook_id) VALUES (60, 144);
INSERT INTO recipe_cook(recipe_id, cook_id) VALUES (60, 195);
INSERT INTO recipe_cook(recipe_id, cook_id) VALUES (60, 128);
INSERT INTO recipe_cook(recipe_id, cook_id) VALUES (60, 33);
INSERT INTO recipe_cook(recipe_id, cook_id) VALUES (60, 13);
INSERT INTO recipe_cook(recipe_id, cook_id) VALUES (60, 42);
INSERT INTO recipe_cook(recipe_id, cook_id) VALUES (60, 90);
INSERT INTO recipe_cook(recipe_id, cook_id) VALUES (60, 112);
INSERT INTO recipe_cook(recipe_id, cook_id) VALUES (60, 151);
INSERT INTO recipe_cook(recipe_id, cook_id) VALUES (60, 74);
INSERT INTO recipe_cook(recipe_id, cook_id) VALUES (60, 64);
INSERT INTO recipe_cook(recipe_id, cook_id) VALUES (60, 111);
INSERT INTO recipe_cook(recipe_id, cook_id) VALUES (60, 78);
INSERT INTO recipe_cook(recipe_id, cook_id) VALUES (60, 147);
INSERT INTO recipe_cook(recipe_id, cook_id) VALUES (60, 29);
INSERT INTO recipe_cook(recipe_id, cook_id) VALUES (60, 62);
INSERT INTO recipe_theme(recipe_id, theme_id) VALUES (60, 30);
INSERT INTO recipe_theme(recipe_id, theme_id) VALUES (60, 1);
INSERT INTO recipe_tip(recipe_id, tip_id) VALUES (60, 26);

INSERT INTO recipe(baking, cuisine_id, difficulty, title, recipe_description, prep_time, cook_time, portions, fat_portion, protein_portion, carbo_portion, picture, picture_description) VALUES(0, 42, 2,'Lamb Rogan Josh', 'Young star mean second reach. Manager mention guy why car there.', 105, 80, 5, 35, 10,75, 'https://picsum.photos/636/494', 'Interview on audience conference mind.');
INSERT INTO recipe_meal_type(recipe_id, meal_type_id) VALUES (61, 3);
INSERT INTO recipe_tag(recipe_id, tag_id) VALUES (61, 19);
INSERT INTO recipe_equipment(recipe_id, equipment_id, num) VALUES (61, 18, 4);
INSERT INTO recipe_equipment(recipe_id, equipment_id, num) VALUES (61, 12, 3);
INSERT INTO recipe_equipment(recipe_id, equipment_id, num) VALUES (61, 10, 4);
INSERT INTO recipe_equipment(recipe_id, equipment_id, num) VALUES (61, 20, 2);
INSERT INTO recipe_cook(recipe_id, cook_id) VALUES (61, 82);
INSERT INTO recipe_cook(recipe_id, cook_id) VALUES (61, 119);
INSERT INTO recipe_cook(recipe_id, cook_id) VALUES (61, 18);
INSERT INTO recipe_cook(recipe_id, cook_id) VALUES (61, 59);
INSERT INTO recipe_cook(recipe_id, cook_id) VALUES (61, 100);
INSERT INTO recipe_cook(recipe_id, cook_id) VALUES (61, 66);
INSERT INTO recipe_cook(recipe_id, cook_id) VALUES (61, 116);
INSERT INTO recipe_cook(recipe_id, cook_id) VALUES (61, 40);
INSERT INTO recipe_cook(recipe_id, cook_id) VALUES (61, 200);
INSERT INTO recipe_cook(recipe_id, cook_id) VALUES (61, 191);
INSERT INTO recipe_cook(recipe_id, cook_id) VALUES (61, 30);
INSERT INTO recipe_cook(recipe_id, cook_id) VALUES (61, 36);
INSERT INTO recipe_cook(recipe_id, cook_id) VALUES (61, 64);
INSERT INTO recipe_cook(recipe_id, cook_id) VALUES (61, 130);
INSERT INTO recipe_theme(recipe_id, theme_id) VALUES (61, 29);
INSERT INTO recipe_tip(recipe_id, tip_id) VALUES (61, 7);

INSERT INTO recipe(baking, cuisine_id, difficulty, title, recipe_description, prep_time, cook_time, portions, fat_portion, protein_portion, carbo_portion, picture, picture_description) VALUES(0, 10, 3,'Chili Con Carne', 'South direction lot operation. Meet identify picture. Language number month generation be score significant. Might call little floor direction this.', 75, 0, 5, 35, 5,10, 'https://placekitten.com/413/926', 'Tax traditional seek form.');
INSERT INTO recipe_meal_type(recipe_id, meal_type_id) VALUES (62, 5);
INSERT INTO recipe_tag(recipe_id, tag_id) VALUES (62, 55);
INSERT INTO recipe_tag(recipe_id, tag_id) VALUES (62, 21);
INSERT INTO recipe_equipment(recipe_id, equipment_id, num) VALUES (62, 4, 4);
INSERT INTO recipe_equipment(recipe_id, equipment_id, num) VALUES (62, 8, 1);
INSERT INTO recipe_equipment(recipe_id, equipment_id, num) VALUES (62, 19, 3);
INSERT INTO recipe_equipment(recipe_id, equipment_id, num) VALUES (62, 2, 4);
INSERT INTO recipe_cook(recipe_id, cook_id) VALUES (62, 23);
INSERT INTO recipe_cook(recipe_id, cook_id) VALUES (62, 168);
INSERT INTO recipe_cook(recipe_id, cook_id) VALUES (62, 20);
INSERT INTO recipe_cook(recipe_id, cook_id) VALUES (62, 100);
INSERT INTO recipe_cook(recipe_id, cook_id) VALUES (62, 134);
INSERT INTO recipe_cook(recipe_id, cook_id) VALUES (62, 91);
INSERT INTO recipe_cook(recipe_id, cook_id) VALUES (62, 26);
INSERT INTO recipe_cook(recipe_id, cook_id) VALUES (62, 184);
INSERT INTO recipe_cook(recipe_id, cook_id) VALUES (62, 179);
INSERT INTO recipe_cook(recipe_id, cook_id) VALUES (62, 9);
INSERT INTO recipe_cook(recipe_id, cook_id) VALUES (62, 133);
INSERT INTO recipe_cook(recipe_id, cook_id) VALUES (62, 33);
INSERT INTO recipe_cook(recipe_id, cook_id) VALUES (62, 139);
INSERT INTO recipe_cook(recipe_id, cook_id) VALUES (62, 131);
INSERT INTO recipe_cook(recipe_id, cook_id) VALUES (62, 194);
INSERT INTO recipe_cook(recipe_id, cook_id) VALUES (62, 122);
INSERT INTO recipe_cook(recipe_id, cook_id) VALUES (62, 149);
INSERT INTO recipe_cook(recipe_id, cook_id) VALUES (62, 115);
INSERT INTO recipe_cook(recipe_id, cook_id) VALUES (62, 84);
INSERT INTO recipe_cook(recipe_id, cook_id) VALUES (62, 24);
INSERT INTO recipe_cook(recipe_id, cook_id) VALUES (62, 182);
INSERT INTO recipe_cook(recipe_id, cook_id) VALUES (62, 177);
INSERT INTO recipe_cook(recipe_id, cook_id) VALUES (62, 200);
INSERT INTO recipe_cook(recipe_id, cook_id) VALUES (62, 31);
INSERT INTO recipe_cook(recipe_id, cook_id) VALUES (62, 103);
INSERT INTO recipe_cook(recipe_id, cook_id) VALUES (62, 28);
INSERT INTO recipe_cook(recipe_id, cook_id) VALUES (62, 87);
INSERT INTO recipe_cook(recipe_id, cook_id) VALUES (62, 14);
INSERT INTO recipe_cook(recipe_id, cook_id) VALUES (62, 61);
INSERT INTO recipe_cook(recipe_id, cook_id) VALUES (62, 68);
INSERT INTO recipe_cook(recipe_id, cook_id) VALUES (62, 153);
INSERT INTO recipe_cook(recipe_id, cook_id) VALUES (62, 163);
INSERT INTO recipe_cook(recipe_id, cook_id) VALUES (62, 143);
INSERT INTO recipe_cook(recipe_id, cook_id) VALUES (62, 13);
INSERT INTO recipe_cook(recipe_id, cook_id) VALUES (62, 86);
INSERT INTO recipe_cook(recipe_id, cook_id) VALUES (62, 195);
INSERT INTO recipe_cook(recipe_id, cook_id) VALUES (62, 32);
INSERT INTO recipe_cook(recipe_id, cook_id) VALUES (62, 161);
INSERT INTO recipe_cook(recipe_id, cook_id) VALUES (62, 185);
INSERT INTO recipe_cook(recipe_id, cook_id) VALUES (62, 63);
INSERT INTO recipe_cook(recipe_id, cook_id) VALUES (62, 154);
INSERT INTO recipe_cook(recipe_id, cook_id) VALUES (62, 126);
INSERT INTO recipe_cook(recipe_id, cook_id) VALUES (62, 192);
INSERT INTO recipe_cook(recipe_id, cook_id) VALUES (62, 55);
INSERT INTO recipe_cook(recipe_id, cook_id) VALUES (62, 56);
INSERT INTO recipe_cook(recipe_id, cook_id) VALUES (62, 34);
INSERT INTO recipe_cook(recipe_id, cook_id) VALUES (62, 2);
INSERT INTO recipe_cook(recipe_id, cook_id) VALUES (62, 35);
INSERT INTO recipe_cook(recipe_id, cook_id) VALUES (62, 3);
INSERT INTO recipe_cook(recipe_id, cook_id) VALUES (62, 152);
INSERT INTO recipe_cook(recipe_id, cook_id) VALUES (62, 198);
INSERT INTO recipe_cook(recipe_id, cook_id) VALUES (62, 45);
INSERT INTO recipe_cook(recipe_id, cook_id) VALUES (62, 171);
INSERT INTO recipe_cook(recipe_id, cook_id) VALUES (62, 147);
INSERT INTO recipe_cook(recipe_id, cook_id) VALUES (62, 148);
INSERT INTO recipe_cook(recipe_id, cook_id) VALUES (62, 54);
INSERT INTO recipe_cook(recipe_id, cook_id) VALUES (62, 29);
INSERT INTO recipe_cook(recipe_id, cook_id) VALUES (62, 25);
INSERT INTO recipe_cook(recipe_id, cook_id) VALUES (62, 174);
INSERT INTO recipe_cook(recipe_id, cook_id) VALUES (62, 62);
INSERT INTO recipe_cook(recipe_id, cook_id) VALUES (62, 160);
INSERT INTO recipe_cook(recipe_id, cook_id) VALUES (62, 47);
INSERT INTO recipe_cook(recipe_id, cook_id) VALUES (62, 51);
INSERT INTO recipe_cook(recipe_id, cook_id) VALUES (62, 108);
INSERT INTO recipe_cook(recipe_id, cook_id) VALUES (62, 130);
INSERT INTO recipe_cook(recipe_id, cook_id) VALUES (62, 190);
INSERT INTO recipe_cook(recipe_id, cook_id) VALUES (62, 10);
INSERT INTO recipe_cook(recipe_id, cook_id) VALUES (62, 30);
INSERT INTO recipe_cook(recipe_id, cook_id) VALUES (62, 186);
INSERT INTO recipe_cook(recipe_id, cook_id) VALUES (62, 57);
INSERT INTO recipe_cook(recipe_id, cook_id) VALUES (62, 46);
INSERT INTO recipe_cook(recipe_id, cook_id) VALUES (62, 167);
INSERT INTO recipe_cook(recipe_id, cook_id) VALUES (62, 21);
INSERT INTO recipe_cook(recipe_id, cook_id) VALUES (62, 95);
INSERT INTO recipe_cook(recipe_id, cook_id) VALUES (62, 173);
INSERT INTO recipe_cook(recipe_id, cook_id) VALUES (62, 37);
INSERT INTO recipe_cook(recipe_id, cook_id) VALUES (62, 189);
INSERT INTO recipe_cook(recipe_id, cook_id) VALUES (62, 94);
INSERT INTO recipe_cook(recipe_id, cook_id) VALUES (62, 102);
INSERT INTO recipe_cook(recipe_id, cook_id) VALUES (62, 49);
INSERT INTO recipe_cook(recipe_id, cook_id) VALUES (62, 70);
INSERT INTO recipe_cook(recipe_id, cook_id) VALUES (62, 52);
INSERT INTO recipe_cook(recipe_id, cook_id) VALUES (62, 136);
INSERT INTO recipe_theme(recipe_id, theme_id) VALUES (62, 3);
INSERT INTO recipe_theme(recipe_id, theme_id) VALUES (62, 38);
INSERT INTO recipe_tip(recipe_id, tip_id) VALUES (62, 5);

INSERT INTO recipe(baking, cuisine_id, difficulty, title, recipe_description, prep_time, cook_time, portions, fat_portion, protein_portion, carbo_portion, picture, picture_description) VALUES(1, 37, 4,'Chicken Noodle Soup', 'Event special political fear scientist continue. Page she pattern world reason less opportunity. Television carry seat military beautiful expert morning. House relate power wall section himself.', 105, 100, 4, 10, 0,50, 'https://dummyimage.com/570x92', 'Age child more various affect behind.');
INSERT INTO recipe_meal_type(recipe_id, meal_type_id) VALUES (63, 6);
INSERT INTO recipe_tag(recipe_id, tag_id) VALUES (63, 2);
INSERT INTO recipe_tag(recipe_id, tag_id) VALUES (63, 92);
INSERT INTO recipe_tag(recipe_id, tag_id) VALUES (63, 20);
INSERT INTO recipe_tag(recipe_id, tag_id) VALUES (63, 3);
INSERT INTO recipe_tag(recipe_id, tag_id) VALUES (63, 65);
INSERT INTO recipe_tag(recipe_id, tag_id) VALUES (63, 34);
INSERT INTO recipe_tag(recipe_id, tag_id) VALUES (63, 41);
INSERT INTO recipe_tag(recipe_id, tag_id) VALUES (63, 69);
INSERT INTO recipe_equipment(recipe_id, equipment_id, num) VALUES (63, 16, 2);
INSERT INTO recipe_equipment(recipe_id, equipment_id, num) VALUES (63, 15, 2);
INSERT INTO recipe_equipment(recipe_id, equipment_id, num) VALUES (63, 3, 4);
INSERT INTO recipe_equipment(recipe_id, equipment_id, num) VALUES (63, 10, 3);
INSERT INTO recipe_equipment(recipe_id, equipment_id, num) VALUES (63, 4, 3);
INSERT INTO recipe_equipment(recipe_id, equipment_id, num) VALUES (63, 5, 3);
INSERT INTO recipe_equipment(recipe_id, equipment_id, num) VALUES (63, 18, 2);
INSERT INTO recipe_cook(recipe_id, cook_id) VALUES (63, 8);
INSERT INTO recipe_cook(recipe_id, cook_id) VALUES (63, 137);
INSERT INTO recipe_cook(recipe_id, cook_id) VALUES (63, 58);
INSERT INTO recipe_cook(recipe_id, cook_id) VALUES (63, 99);
INSERT INTO recipe_cook(recipe_id, cook_id) VALUES (63, 196);
INSERT INTO recipe_cook(recipe_id, cook_id) VALUES (63, 128);
INSERT INTO recipe_cook(recipe_id, cook_id) VALUES (63, 62);
INSERT INTO recipe_cook(recipe_id, cook_id) VALUES (63, 92);
INSERT INTO recipe_cook(recipe_id, cook_id) VALUES (63, 85);
INSERT INTO recipe_cook(recipe_id, cook_id) VALUES (63, 65);
INSERT INTO recipe_cook(recipe_id, cook_id) VALUES (63, 35);
INSERT INTO recipe_cook(recipe_id, cook_id) VALUES (63, 78);
INSERT INTO recipe_cook(recipe_id, cook_id) VALUES (63, 174);
INSERT INTO recipe_cook(recipe_id, cook_id) VALUES (63, 96);
INSERT INTO recipe_cook(recipe_id, cook_id) VALUES (63, 64);
INSERT INTO recipe_cook(recipe_id, cook_id) VALUES (63, 80);
INSERT INTO recipe_cook(recipe_id, cook_id) VALUES (63, 19);
INSERT INTO recipe_cook(recipe_id, cook_id) VALUES (63, 151);
INSERT INTO recipe_cook(recipe_id, cook_id) VALUES (63, 162);
INSERT INTO recipe_cook(recipe_id, cook_id) VALUES (63, 160);
INSERT INTO recipe_cook(recipe_id, cook_id) VALUES (63, 7);
INSERT INTO recipe_cook(recipe_id, cook_id) VALUES (63, 180);
INSERT INTO recipe_cook(recipe_id, cook_id) VALUES (63, 188);
INSERT INTO recipe_cook(recipe_id, cook_id) VALUES (63, 77);
INSERT INTO recipe_cook(recipe_id, cook_id) VALUES (63, 87);
INSERT INTO recipe_cook(recipe_id, cook_id) VALUES (63, 158);
INSERT INTO recipe_cook(recipe_id, cook_id) VALUES (63, 114);
INSERT INTO recipe_cook(recipe_id, cook_id) VALUES (63, 68);
INSERT INTO recipe_cook(recipe_id, cook_id) VALUES (63, 177);
INSERT INTO recipe_cook(recipe_id, cook_id) VALUES (63, 42);
INSERT INTO recipe_cook(recipe_id, cook_id) VALUES (63, 97);
INSERT INTO recipe_cook(recipe_id, cook_id) VALUES (63, 94);
INSERT INTO recipe_cook(recipe_id, cook_id) VALUES (63, 59);
INSERT INTO recipe_cook(recipe_id, cook_id) VALUES (63, 23);
INSERT INTO recipe_cook(recipe_id, cook_id) VALUES (63, 118);
INSERT INTO recipe_cook(recipe_id, cook_id) VALUES (63, 150);
INSERT INTO recipe_cook(recipe_id, cook_id) VALUES (63, 27);
INSERT INTO recipe_cook(recipe_id, cook_id) VALUES (63, 30);
INSERT INTO recipe_cook(recipe_id, cook_id) VALUES (63, 56);
INSERT INTO recipe_cook(recipe_id, cook_id) VALUES (63, 133);
INSERT INTO recipe_cook(recipe_id, cook_id) VALUES (63, 66);
INSERT INTO recipe_cook(recipe_id, cook_id) VALUES (63, 9);
INSERT INTO recipe_cook(recipe_id, cook_id) VALUES (63, 189);
INSERT INTO recipe_cook(recipe_id, cook_id) VALUES (63, 147);
INSERT INTO recipe_cook(recipe_id, cook_id) VALUES (63, 126);
INSERT INTO recipe_cook(recipe_id, cook_id) VALUES (63, 125);
INSERT INTO recipe_cook(recipe_id, cook_id) VALUES (63, 142);
INSERT INTO recipe_cook(recipe_id, cook_id) VALUES (63, 108);
INSERT INTO recipe_cook(recipe_id, cook_id) VALUES (63, 121);
INSERT INTO recipe_cook(recipe_id, cook_id) VALUES (63, 5);
INSERT INTO recipe_cook(recipe_id, cook_id) VALUES (63, 161);
INSERT INTO recipe_cook(recipe_id, cook_id) VALUES (63, 91);
INSERT INTO recipe_cook(recipe_id, cook_id) VALUES (63, 73);
INSERT INTO recipe_cook(recipe_id, cook_id) VALUES (63, 159);
INSERT INTO recipe_cook(recipe_id, cook_id) VALUES (63, 119);
INSERT INTO recipe_cook(recipe_id, cook_id) VALUES (63, 14);
INSERT INTO recipe_cook(recipe_id, cook_id) VALUES (63, 155);
INSERT INTO recipe_cook(recipe_id, cook_id) VALUES (63, 101);
INSERT INTO recipe_cook(recipe_id, cook_id) VALUES (63, 1);
INSERT INTO recipe_cook(recipe_id, cook_id) VALUES (63, 83);
INSERT INTO recipe_cook(recipe_id, cook_id) VALUES (63, 149);
INSERT INTO recipe_cook(recipe_id, cook_id) VALUES (63, 51);
INSERT INTO recipe_cook(recipe_id, cook_id) VALUES (63, 167);
INSERT INTO recipe_cook(recipe_id, cook_id) VALUES (63, 183);
INSERT INTO recipe_cook(recipe_id, cook_id) VALUES (63, 131);
INSERT INTO recipe_cook(recipe_id, cook_id) VALUES (63, 122);
INSERT INTO recipe_cook(recipe_id, cook_id) VALUES (63, 193);
INSERT INTO recipe_cook(recipe_id, cook_id) VALUES (63, 186);
INSERT INTO recipe_cook(recipe_id, cook_id) VALUES (63, 171);
INSERT INTO recipe_cook(recipe_id, cook_id) VALUES (63, 138);
INSERT INTO recipe_cook(recipe_id, cook_id) VALUES (63, 143);
INSERT INTO recipe_cook(recipe_id, cook_id) VALUES (63, 200);
INSERT INTO recipe_cook(recipe_id, cook_id) VALUES (63, 187);
INSERT INTO recipe_cook(recipe_id, cook_id) VALUES (63, 90);
INSERT INTO recipe_cook(recipe_id, cook_id) VALUES (63, 49);
INSERT INTO recipe_cook(recipe_id, cook_id) VALUES (63, 172);
INSERT INTO recipe_cook(recipe_id, cook_id) VALUES (63, 145);
INSERT INTO recipe_cook(recipe_id, cook_id) VALUES (63, 84);
INSERT INTO recipe_cook(recipe_id, cook_id) VALUES (63, 185);
INSERT INTO recipe_cook(recipe_id, cook_id) VALUES (63, 191);
INSERT INTO recipe_cook(recipe_id, cook_id) VALUES (63, 6);
INSERT INTO recipe_cook(recipe_id, cook_id) VALUES (63, 199);
INSERT INTO recipe_cook(recipe_id, cook_id) VALUES (63, 50);
INSERT INTO recipe_cook(recipe_id, cook_id) VALUES (63, 198);
INSERT INTO recipe_cook(recipe_id, cook_id) VALUES (63, 67);
INSERT INTO recipe_cook(recipe_id, cook_id) VALUES (63, 107);
INSERT INTO recipe_cook(recipe_id, cook_id) VALUES (63, 3);
INSERT INTO recipe_cook(recipe_id, cook_id) VALUES (63, 175);
INSERT INTO recipe_cook(recipe_id, cook_id) VALUES (63, 184);
INSERT INTO recipe_cook(recipe_id, cook_id) VALUES (63, 120);
INSERT INTO recipe_cook(recipe_id, cook_id) VALUES (63, 45);
INSERT INTO recipe_cook(recipe_id, cook_id) VALUES (63, 16);
INSERT INTO recipe_cook(recipe_id, cook_id) VALUES (63, 176);
INSERT INTO recipe_cook(recipe_id, cook_id) VALUES (63, 12);
INSERT INTO recipe_cook(recipe_id, cook_id) VALUES (63, 70);
INSERT INTO recipe_cook(recipe_id, cook_id) VALUES (63, 100);
INSERT INTO recipe_cook(recipe_id, cook_id) VALUES (63, 22);
INSERT INTO recipe_cook(recipe_id, cook_id) VALUES (63, 25);
INSERT INTO recipe_cook(recipe_id, cook_id) VALUES (63, 140);
INSERT INTO recipe_cook(recipe_id, cook_id) VALUES (63, 141);
INSERT INTO recipe_cook(recipe_id, cook_id) VALUES (63, 115);
INSERT INTO recipe_cook(recipe_id, cook_id) VALUES (63, 190);
INSERT INTO recipe_cook(recipe_id, cook_id) VALUES (63, 60);
INSERT INTO recipe_cook(recipe_id, cook_id) VALUES (63, 53);
INSERT INTO recipe_cook(recipe_id, cook_id) VALUES (63, 44);
INSERT INTO recipe_cook(recipe_id, cook_id) VALUES (63, 153);
INSERT INTO recipe_cook(recipe_id, cook_id) VALUES (63, 112);
INSERT INTO recipe_cook(recipe_id, cook_id) VALUES (63, 24);
INSERT INTO recipe_cook(recipe_id, cook_id) VALUES (63, 75);
INSERT INTO recipe_cook(recipe_id, cook_id) VALUES (63, 102);
INSERT INTO recipe_cook(recipe_id, cook_id) VALUES (63, 46);
INSERT INTO recipe_cook(recipe_id, cook_id) VALUES (63, 154);
INSERT INTO recipe_cook(recipe_id, cook_id) VALUES (63, 109);
INSERT INTO recipe_cook(recipe_id, cook_id) VALUES (63, 157);
INSERT INTO recipe_cook(recipe_id, cook_id) VALUES (63, 72);
INSERT INTO recipe_cook(recipe_id, cook_id) VALUES (63, 135);
INSERT INTO recipe_cook(recipe_id, cook_id) VALUES (63, 57);
INSERT INTO recipe_cook(recipe_id, cook_id) VALUES (63, 124);
INSERT INTO recipe_cook(recipe_id, cook_id) VALUES (63, 113);
INSERT INTO recipe_cook(recipe_id, cook_id) VALUES (63, 74);
INSERT INTO recipe_cook(recipe_id, cook_id) VALUES (63, 132);
INSERT INTO recipe_cook(recipe_id, cook_id) VALUES (63, 93);
INSERT INTO recipe_cook(recipe_id, cook_id) VALUES (63, 43);
INSERT INTO recipe_cook(recipe_id, cook_id) VALUES (63, 20);
INSERT INTO recipe_cook(recipe_id, cook_id) VALUES (63, 98);
INSERT INTO recipe_cook(recipe_id, cook_id) VALUES (63, 111);
INSERT INTO recipe_cook(recipe_id, cook_id) VALUES (63, 28);
INSERT INTO recipe_cook(recipe_id, cook_id) VALUES (63, 169);
INSERT INTO recipe_cook(recipe_id, cook_id) VALUES (63, 130);
INSERT INTO recipe_cook(recipe_id, cook_id) VALUES (63, 10);
INSERT INTO recipe_cook(recipe_id, cook_id) VALUES (63, 106);
INSERT INTO recipe_theme(recipe_id, theme_id) VALUES (63, 24);
INSERT INTO recipe_theme(recipe_id, theme_id) VALUES (63, 32);
INSERT INTO recipe_tip(recipe_id, tip_id) VALUES (63, 21);

INSERT INTO recipe(baking, cuisine_id, difficulty, title, recipe_description, prep_time, cook_time, portions, fat_portion, protein_portion, carbo_portion, picture, picture_description) VALUES(1, 37, 3,'Omelette', 'Claim capital theory name single life debate both. Game power check country. President your plant them shake individual tell. On less expert condition discuss paper.', 75, 40, 5, 15, 10,25, 'https://dummyimage.com/927x517', 'Painting process itself fund these development.');
INSERT INTO recipe_meal_type(recipe_id, meal_type_id) VALUES (64, 5);
INSERT INTO recipe_tag(recipe_id, tag_id) VALUES (64, 62);
INSERT INTO recipe_tag(recipe_id, tag_id) VALUES (64, 47);
INSERT INTO recipe_tag(recipe_id, tag_id) VALUES (64, 85);
INSERT INTO recipe_tag(recipe_id, tag_id) VALUES (64, 49);
INSERT INTO recipe_tag(recipe_id, tag_id) VALUES (64, 9);
INSERT INTO recipe_equipment(recipe_id, equipment_id, num) VALUES (64, 16, 1);
INSERT INTO recipe_equipment(recipe_id, equipment_id, num) VALUES (64, 2, 3);
INSERT INTO recipe_equipment(recipe_id, equipment_id, num) VALUES (64, 9, 4);
INSERT INTO recipe_equipment(recipe_id, equipment_id, num) VALUES (64, 10, 1);
INSERT INTO recipe_equipment(recipe_id, equipment_id, num) VALUES (64, 4, 3);
INSERT INTO recipe_cook(recipe_id, cook_id) VALUES (64, 25);
INSERT INTO recipe_cook(recipe_id, cook_id) VALUES (64, 125);
INSERT INTO recipe_cook(recipe_id, cook_id) VALUES (64, 39);
INSERT INTO recipe_cook(recipe_id, cook_id) VALUES (64, 83);
INSERT INTO recipe_cook(recipe_id, cook_id) VALUES (64, 13);
INSERT INTO recipe_cook(recipe_id, cook_id) VALUES (64, 181);
INSERT INTO recipe_cook(recipe_id, cook_id) VALUES (64, 159);
INSERT INTO recipe_cook(recipe_id, cook_id) VALUES (64, 110);
INSERT INTO recipe_cook(recipe_id, cook_id) VALUES (64, 124);
INSERT INTO recipe_cook(recipe_id, cook_id) VALUES (64, 171);
INSERT INTO recipe_cook(recipe_id, cook_id) VALUES (64, 54);
INSERT INTO recipe_cook(recipe_id, cook_id) VALUES (64, 134);
INSERT INTO recipe_cook(recipe_id, cook_id) VALUES (64, 150);
INSERT INTO recipe_cook(recipe_id, cook_id) VALUES (64, 47);
INSERT INTO recipe_cook(recipe_id, cook_id) VALUES (64, 19);
INSERT INTO recipe_cook(recipe_id, cook_id) VALUES (64, 179);
INSERT INTO recipe_cook(recipe_id, cook_id) VALUES (64, 121);
INSERT INTO recipe_cook(recipe_id, cook_id) VALUES (64, 33);
INSERT INTO recipe_cook(recipe_id, cook_id) VALUES (64, 170);
INSERT INTO recipe_cook(recipe_id, cook_id) VALUES (64, 80);
INSERT INTO recipe_cook(recipe_id, cook_id) VALUES (64, 75);
INSERT INTO recipe_cook(recipe_id, cook_id) VALUES (64, 30);
INSERT INTO recipe_theme(recipe_id, theme_id) VALUES (64, 33);
INSERT INTO recipe_theme(recipe_id, theme_id) VALUES (64, 30);
INSERT INTO recipe_theme(recipe_id, theme_id) VALUES (64, 32);
INSERT INTO recipe_tip(recipe_id, tip_id) VALUES (64, 25);

INSERT INTO recipe(baking, cuisine_id, difficulty, title, recipe_description, prep_time, cook_time, portions, fat_portion, protein_portion, carbo_portion, picture, picture_description) VALUES(0, 42, 3,'Bruschetta', 'Line policy black live community own general. Situation identify him bad. Until garden picture option imagine.', 35, 70, 2, 20, 35,15, 'https://dummyimage.com/900x748', 'Production myself protect what left particularly identify.');
INSERT INTO recipe_meal_type(recipe_id, meal_type_id) VALUES (65, 3);
INSERT INTO recipe_tag(recipe_id, tag_id) VALUES (65, 78);
INSERT INTO recipe_tag(recipe_id, tag_id) VALUES (65, 95);
INSERT INTO recipe_tag(recipe_id, tag_id) VALUES (65, 84);
INSERT INTO recipe_equipment(recipe_id, equipment_id, num) VALUES (65, 10, 1);
INSERT INTO recipe_equipment(recipe_id, equipment_id, num) VALUES (65, 18, 2);
INSERT INTO recipe_equipment(recipe_id, equipment_id, num) VALUES (65, 8, 3);
INSERT INTO recipe_equipment(recipe_id, equipment_id, num) VALUES (65, 9, 4);
INSERT INTO recipe_equipment(recipe_id, equipment_id, num) VALUES (65, 1, 3);
INSERT INTO recipe_cook(recipe_id, cook_id) VALUES (65, 95);
INSERT INTO recipe_cook(recipe_id, cook_id) VALUES (65, 93);
INSERT INTO recipe_cook(recipe_id, cook_id) VALUES (65, 143);
INSERT INTO recipe_cook(recipe_id, cook_id) VALUES (65, 20);
INSERT INTO recipe_cook(recipe_id, cook_id) VALUES (65, 196);
INSERT INTO recipe_cook(recipe_id, cook_id) VALUES (65, 147);
INSERT INTO recipe_cook(recipe_id, cook_id) VALUES (65, 176);
INSERT INTO recipe_cook(recipe_id, cook_id) VALUES (65, 69);
INSERT INTO recipe_cook(recipe_id, cook_id) VALUES (65, 126);
INSERT INTO recipe_cook(recipe_id, cook_id) VALUES (65, 112);
INSERT INTO recipe_cook(recipe_id, cook_id) VALUES (65, 140);
INSERT INTO recipe_cook(recipe_id, cook_id) VALUES (65, 131);
INSERT INTO recipe_cook(recipe_id, cook_id) VALUES (65, 116);
INSERT INTO recipe_cook(recipe_id, cook_id) VALUES (65, 18);
INSERT INTO recipe_cook(recipe_id, cook_id) VALUES (65, 14);
INSERT INTO recipe_cook(recipe_id, cook_id) VALUES (65, 92);
INSERT INTO recipe_cook(recipe_id, cook_id) VALUES (65, 19);
INSERT INTO recipe_cook(recipe_id, cook_id) VALUES (65, 194);
INSERT INTO recipe_cook(recipe_id, cook_id) VALUES (65, 38);
INSERT INTO recipe_cook(recipe_id, cook_id) VALUES (65, 137);
INSERT INTO recipe_cook(recipe_id, cook_id) VALUES (65, 16);
INSERT INTO recipe_cook(recipe_id, cook_id) VALUES (65, 128);
INSERT INTO recipe_cook(recipe_id, cook_id) VALUES (65, 172);
INSERT INTO recipe_cook(recipe_id, cook_id) VALUES (65, 67);
INSERT INTO recipe_cook(recipe_id, cook_id) VALUES (65, 58);
INSERT INTO recipe_cook(recipe_id, cook_id) VALUES (65, 178);
INSERT INTO recipe_cook(recipe_id, cook_id) VALUES (65, 180);
INSERT INTO recipe_cook(recipe_id, cook_id) VALUES (65, 88);
INSERT INTO recipe_cook(recipe_id, cook_id) VALUES (65, 6);
INSERT INTO recipe_cook(recipe_id, cook_id) VALUES (65, 160);
INSERT INTO recipe_cook(recipe_id, cook_id) VALUES (65, 87);
INSERT INTO recipe_cook(recipe_id, cook_id) VALUES (65, 71);
INSERT INTO recipe_cook(recipe_id, cook_id) VALUES (65, 155);
INSERT INTO recipe_cook(recipe_id, cook_id) VALUES (65, 132);
INSERT INTO recipe_cook(recipe_id, cook_id) VALUES (65, 52);
INSERT INTO recipe_cook(recipe_id, cook_id) VALUES (65, 27);
INSERT INTO recipe_cook(recipe_id, cook_id) VALUES (65, 26);
INSERT INTO recipe_cook(recipe_id, cook_id) VALUES (65, 185);
INSERT INTO recipe_cook(recipe_id, cook_id) VALUES (65, 75);
INSERT INTO recipe_cook(recipe_id, cook_id) VALUES (65, 197);
INSERT INTO recipe_cook(recipe_id, cook_id) VALUES (65, 139);
INSERT INTO recipe_cook(recipe_id, cook_id) VALUES (65, 129);
INSERT INTO recipe_cook(recipe_id, cook_id) VALUES (65, 32);
INSERT INTO recipe_cook(recipe_id, cook_id) VALUES (65, 119);
INSERT INTO recipe_cook(recipe_id, cook_id) VALUES (65, 63);
INSERT INTO recipe_cook(recipe_id, cook_id) VALUES (65, 94);
INSERT INTO recipe_cook(recipe_id, cook_id) VALUES (65, 169);
INSERT INTO recipe_cook(recipe_id, cook_id) VALUES (65, 186);
INSERT INTO recipe_cook(recipe_id, cook_id) VALUES (65, 156);
INSERT INTO recipe_cook(recipe_id, cook_id) VALUES (65, 187);
INSERT INTO recipe_cook(recipe_id, cook_id) VALUES (65, 55);
INSERT INTO recipe_cook(recipe_id, cook_id) VALUES (65, 100);
INSERT INTO recipe_cook(recipe_id, cook_id) VALUES (65, 109);
INSERT INTO recipe_cook(recipe_id, cook_id) VALUES (65, 80);
INSERT INTO recipe_cook(recipe_id, cook_id) VALUES (65, 200);
INSERT INTO recipe_cook(recipe_id, cook_id) VALUES (65, 135);
INSERT INTO recipe_cook(recipe_id, cook_id) VALUES (65, 168);
INSERT INTO recipe_cook(recipe_id, cook_id) VALUES (65, 190);
INSERT INTO recipe_cook(recipe_id, cook_id) VALUES (65, 84);
INSERT INTO recipe_cook(recipe_id, cook_id) VALUES (65, 150);
INSERT INTO recipe_cook(recipe_id, cook_id) VALUES (65, 3);
INSERT INTO recipe_cook(recipe_id, cook_id) VALUES (65, 161);
INSERT INTO recipe_cook(recipe_id, cook_id) VALUES (65, 127);
INSERT INTO recipe_cook(recipe_id, cook_id) VALUES (65, 171);
INSERT INTO recipe_cook(recipe_id, cook_id) VALUES (65, 49);
INSERT INTO recipe_cook(recipe_id, cook_id) VALUES (65, 144);
INSERT INTO recipe_cook(recipe_id, cook_id) VALUES (65, 159);
INSERT INTO recipe_cook(recipe_id, cook_id) VALUES (65, 122);
INSERT INTO recipe_cook(recipe_id, cook_id) VALUES (65, 4);
INSERT INTO recipe_cook(recipe_id, cook_id) VALUES (65, 50);
INSERT INTO recipe_cook(recipe_id, cook_id) VALUES (65, 54);
INSERT INTO recipe_cook(recipe_id, cook_id) VALUES (65, 174);
INSERT INTO recipe_cook(recipe_id, cook_id) VALUES (65, 82);
INSERT INTO recipe_cook(recipe_id, cook_id) VALUES (65, 72);
INSERT INTO recipe_cook(recipe_id, cook_id) VALUES (65, 66);
INSERT INTO recipe_cook(recipe_id, cook_id) VALUES (65, 146);
INSERT INTO recipe_cook(recipe_id, cook_id) VALUES (65, 177);
INSERT INTO recipe_cook(recipe_id, cook_id) VALUES (65, 21);
INSERT INTO recipe_cook(recipe_id, cook_id) VALUES (65, 17);
INSERT INTO recipe_cook(recipe_id, cook_id) VALUES (65, 98);
INSERT INTO recipe_cook(recipe_id, cook_id) VALUES (65, 111);
INSERT INTO recipe_cook(recipe_id, cook_id) VALUES (65, 48);
INSERT INTO recipe_cook(recipe_id, cook_id) VALUES (65, 106);
INSERT INTO recipe_cook(recipe_id, cook_id) VALUES (65, 102);
INSERT INTO recipe_cook(recipe_id, cook_id) VALUES (65, 151);
INSERT INTO recipe_cook(recipe_id, cook_id) VALUES (65, 46);
INSERT INTO recipe_cook(recipe_id, cook_id) VALUES (65, 163);
INSERT INTO recipe_cook(recipe_id, cook_id) VALUES (65, 25);
INSERT INTO recipe_cook(recipe_id, cook_id) VALUES (65, 154);
INSERT INTO recipe_cook(recipe_id, cook_id) VALUES (65, 60);
INSERT INTO recipe_cook(recipe_id, cook_id) VALUES (65, 118);
INSERT INTO recipe_cook(recipe_id, cook_id) VALUES (65, 104);
INSERT INTO recipe_cook(recipe_id, cook_id) VALUES (65, 81);
INSERT INTO recipe_cook(recipe_id, cook_id) VALUES (65, 117);
INSERT INTO recipe_cook(recipe_id, cook_id) VALUES (65, 86);
INSERT INTO recipe_cook(recipe_id, cook_id) VALUES (65, 138);
INSERT INTO recipe_cook(recipe_id, cook_id) VALUES (65, 23);
INSERT INTO recipe_cook(recipe_id, cook_id) VALUES (65, 44);
INSERT INTO recipe_cook(recipe_id, cook_id) VALUES (65, 9);
INSERT INTO recipe_cook(recipe_id, cook_id) VALUES (65, 42);
INSERT INTO recipe_cook(recipe_id, cook_id) VALUES (65, 62);
INSERT INTO recipe_cook(recipe_id, cook_id) VALUES (65, 96);
INSERT INTO recipe_cook(recipe_id, cook_id) VALUES (65, 164);
INSERT INTO recipe_cook(recipe_id, cook_id) VALUES (65, 182);
INSERT INTO recipe_cook(recipe_id, cook_id) VALUES (65, 149);
INSERT INTO recipe_cook(recipe_id, cook_id) VALUES (65, 193);
INSERT INTO recipe_theme(recipe_id, theme_id) VALUES (65, 4);
INSERT INTO recipe_tip(recipe_id, tip_id) VALUES (65, 30);

INSERT INTO recipe(baking, cuisine_id, difficulty, title, recipe_description, prep_time, cook_time, portions, fat_portion, protein_portion, carbo_portion, picture, picture_description) VALUES(0, 35, 2,'Carrot Cake', 'Like family cold. Protect method yeah local past sit why.', 115, 70, 5, 35, 65,85, 'https://placekitten.com/463/16', 'White much guess let early assume game.');
INSERT INTO recipe_meal_type(recipe_id, meal_type_id) VALUES (66, 2);
INSERT INTO recipe_tag(recipe_id, tag_id) VALUES (66, 84);
INSERT INTO recipe_tag(recipe_id, tag_id) VALUES (66, 68);
INSERT INTO recipe_tag(recipe_id, tag_id) VALUES (66, 89);
INSERT INTO recipe_tag(recipe_id, tag_id) VALUES (66, 62);
INSERT INTO recipe_tag(recipe_id, tag_id) VALUES (66, 19);
INSERT INTO recipe_equipment(recipe_id, equipment_id, num) VALUES (66, 5, 3);
INSERT INTO recipe_equipment(recipe_id, equipment_id, num) VALUES (66, 17, 3);
INSERT INTO recipe_equipment(recipe_id, equipment_id, num) VALUES (66, 19, 3);
INSERT INTO recipe_equipment(recipe_id, equipment_id, num) VALUES (66, 3, 3);
INSERT INTO recipe_cook(recipe_id, cook_id) VALUES (66, 111);
INSERT INTO recipe_cook(recipe_id, cook_id) VALUES (66, 12);
INSERT INTO recipe_cook(recipe_id, cook_id) VALUES (66, 16);
INSERT INTO recipe_cook(recipe_id, cook_id) VALUES (66, 105);
INSERT INTO recipe_cook(recipe_id, cook_id) VALUES (66, 36);
INSERT INTO recipe_cook(recipe_id, cook_id) VALUES (66, 181);
INSERT INTO recipe_cook(recipe_id, cook_id) VALUES (66, 199);
INSERT INTO recipe_cook(recipe_id, cook_id) VALUES (66, 167);
INSERT INTO recipe_cook(recipe_id, cook_id) VALUES (66, 141);
INSERT INTO recipe_cook(recipe_id, cook_id) VALUES (66, 38);
INSERT INTO recipe_cook(recipe_id, cook_id) VALUES (66, 67);
INSERT INTO recipe_cook(recipe_id, cook_id) VALUES (66, 129);
INSERT INTO recipe_cook(recipe_id, cook_id) VALUES (66, 108);
INSERT INTO recipe_cook(recipe_id, cook_id) VALUES (66, 28);
INSERT INTO recipe_cook(recipe_id, cook_id) VALUES (66, 119);
INSERT INTO recipe_cook(recipe_id, cook_id) VALUES (66, 112);
INSERT INTO recipe_cook(recipe_id, cook_id) VALUES (66, 183);
INSERT INTO recipe_cook(recipe_id, cook_id) VALUES (66, 188);
INSERT INTO recipe_cook(recipe_id, cook_id) VALUES (66, 84);
INSERT INTO recipe_cook(recipe_id, cook_id) VALUES (66, 104);
INSERT INTO recipe_cook(recipe_id, cook_id) VALUES (66, 134);
INSERT INTO recipe_cook(recipe_id, cook_id) VALUES (66, 72);
INSERT INTO recipe_cook(recipe_id, cook_id) VALUES (66, 198);
INSERT INTO recipe_cook(recipe_id, cook_id) VALUES (66, 132);
INSERT INTO recipe_cook(recipe_id, cook_id) VALUES (66, 49);
INSERT INTO recipe_cook(recipe_id, cook_id) VALUES (66, 34);
INSERT INTO recipe_cook(recipe_id, cook_id) VALUES (66, 192);
INSERT INTO recipe_cook(recipe_id, cook_id) VALUES (66, 90);
INSERT INTO recipe_cook(recipe_id, cook_id) VALUES (66, 50);
INSERT INTO recipe_cook(recipe_id, cook_id) VALUES (66, 89);
INSERT INTO recipe_cook(recipe_id, cook_id) VALUES (66, 11);
INSERT INTO recipe_cook(recipe_id, cook_id) VALUES (66, 171);
INSERT INTO recipe_cook(recipe_id, cook_id) VALUES (66, 94);
INSERT INTO recipe_cook(recipe_id, cook_id) VALUES (66, 47);
INSERT INTO recipe_cook(recipe_id, cook_id) VALUES (66, 77);
INSERT INTO recipe_cook(recipe_id, cook_id) VALUES (66, 200);
INSERT INTO recipe_cook(recipe_id, cook_id) VALUES (66, 55);
INSERT INTO recipe_cook(recipe_id, cook_id) VALUES (66, 82);
INSERT INTO recipe_cook(recipe_id, cook_id) VALUES (66, 138);
INSERT INTO recipe_cook(recipe_id, cook_id) VALUES (66, 137);
INSERT INTO recipe_cook(recipe_id, cook_id) VALUES (66, 31);
INSERT INTO recipe_cook(recipe_id, cook_id) VALUES (66, 179);
INSERT INTO recipe_cook(recipe_id, cook_id) VALUES (66, 126);
INSERT INTO recipe_cook(recipe_id, cook_id) VALUES (66, 106);
INSERT INTO recipe_cook(recipe_id, cook_id) VALUES (66, 85);
INSERT INTO recipe_cook(recipe_id, cook_id) VALUES (66, 75);
INSERT INTO recipe_cook(recipe_id, cook_id) VALUES (66, 58);
INSERT INTO recipe_cook(recipe_id, cook_id) VALUES (66, 117);
INSERT INTO recipe_cook(recipe_id, cook_id) VALUES (66, 150);
INSERT INTO recipe_cook(recipe_id, cook_id) VALUES (66, 143);
INSERT INTO recipe_cook(recipe_id, cook_id) VALUES (66, 91);
INSERT INTO recipe_cook(recipe_id, cook_id) VALUES (66, 110);
INSERT INTO recipe_cook(recipe_id, cook_id) VALUES (66, 184);
INSERT INTO recipe_cook(recipe_id, cook_id) VALUES (66, 22);
INSERT INTO recipe_cook(recipe_id, cook_id) VALUES (66, 76);
INSERT INTO recipe_cook(recipe_id, cook_id) VALUES (66, 29);
INSERT INTO recipe_cook(recipe_id, cook_id) VALUES (66, 124);
INSERT INTO recipe_cook(recipe_id, cook_id) VALUES (66, 191);
INSERT INTO recipe_cook(recipe_id, cook_id) VALUES (66, 173);
INSERT INTO recipe_cook(recipe_id, cook_id) VALUES (66, 48);
INSERT INTO recipe_cook(recipe_id, cook_id) VALUES (66, 193);
INSERT INTO recipe_cook(recipe_id, cook_id) VALUES (66, 88);
INSERT INTO recipe_cook(recipe_id, cook_id) VALUES (66, 60);
INSERT INTO recipe_cook(recipe_id, cook_id) VALUES (66, 162);
INSERT INTO recipe_cook(recipe_id, cook_id) VALUES (66, 63);
INSERT INTO recipe_cook(recipe_id, cook_id) VALUES (66, 140);
INSERT INTO recipe_cook(recipe_id, cook_id) VALUES (66, 186);
INSERT INTO recipe_cook(recipe_id, cook_id) VALUES (66, 37);
INSERT INTO recipe_cook(recipe_id, cook_id) VALUES (66, 65);
INSERT INTO recipe_cook(recipe_id, cook_id) VALUES (66, 147);
INSERT INTO recipe_cook(recipe_id, cook_id) VALUES (66, 19);
INSERT INTO recipe_cook(recipe_id, cook_id) VALUES (66, 127);
INSERT INTO recipe_cook(recipe_id, cook_id) VALUES (66, 149);
INSERT INTO recipe_cook(recipe_id, cook_id) VALUES (66, 165);
INSERT INTO recipe_cook(recipe_id, cook_id) VALUES (66, 78);
INSERT INTO recipe_cook(recipe_id, cook_id) VALUES (66, 98);
INSERT INTO recipe_cook(recipe_id, cook_id) VALUES (66, 156);
INSERT INTO recipe_cook(recipe_id, cook_id) VALUES (66, 70);
INSERT INTO recipe_cook(recipe_id, cook_id) VALUES (66, 57);
INSERT INTO recipe_cook(recipe_id, cook_id) VALUES (66, 95);
INSERT INTO recipe_cook(recipe_id, cook_id) VALUES (66, 194);
INSERT INTO recipe_cook(recipe_id, cook_id) VALUES (66, 109);
INSERT INTO recipe_cook(recipe_id, cook_id) VALUES (66, 135);
INSERT INTO recipe_cook(recipe_id, cook_id) VALUES (66, 61);
INSERT INTO recipe_cook(recipe_id, cook_id) VALUES (66, 174);
INSERT INTO recipe_cook(recipe_id, cook_id) VALUES (66, 15);
INSERT INTO recipe_cook(recipe_id, cook_id) VALUES (66, 163);
INSERT INTO recipe_cook(recipe_id, cook_id) VALUES (66, 10);
INSERT INTO recipe_cook(recipe_id, cook_id) VALUES (66, 120);
INSERT INTO recipe_cook(recipe_id, cook_id) VALUES (66, 52);
INSERT INTO recipe_cook(recipe_id, cook_id) VALUES (66, 100);
INSERT INTO recipe_cook(recipe_id, cook_id) VALUES (66, 9);
INSERT INTO recipe_cook(recipe_id, cook_id) VALUES (66, 116);
INSERT INTO recipe_cook(recipe_id, cook_id) VALUES (66, 40);
INSERT INTO recipe_cook(recipe_id, cook_id) VALUES (66, 148);
INSERT INTO recipe_cook(recipe_id, cook_id) VALUES (66, 66);
INSERT INTO recipe_cook(recipe_id, cook_id) VALUES (66, 33);
INSERT INTO recipe_cook(recipe_id, cook_id) VALUES (66, 3);
INSERT INTO recipe_cook(recipe_id, cook_id) VALUES (66, 27);
INSERT INTO recipe_cook(recipe_id, cook_id) VALUES (66, 17);
INSERT INTO recipe_cook(recipe_id, cook_id) VALUES (66, 180);
INSERT INTO recipe_cook(recipe_id, cook_id) VALUES (66, 139);
INSERT INTO recipe_cook(recipe_id, cook_id) VALUES (66, 197);
INSERT INTO recipe_cook(recipe_id, cook_id) VALUES (66, 160);
INSERT INTO recipe_theme(recipe_id, theme_id) VALUES (66, 30);
INSERT INTO recipe_theme(recipe_id, theme_id) VALUES (66, 11);
INSERT INTO recipe_tip(recipe_id, tip_id) VALUES (66, 2);
INSERT INTO recipe_tip(recipe_id, tip_id) VALUES (66, 9);

INSERT INTO recipe(baking, cuisine_id, difficulty, title, recipe_description, prep_time, cook_time, portions, fat_portion, protein_portion, carbo_portion, picture, picture_description) VALUES(1, 9, 4,'Eggplant Parmesan', 'North least capital safe mother wrong. Tough energy body special board reach. Hotel father medical better.', 105, 20, 5, 35, 20,30, 'https://dummyimage.com/621x431', 'Difficult relationship history less fine dinner few evening.');
INSERT INTO recipe_meal_type(recipe_id, meal_type_id) VALUES (67, 2);
INSERT INTO recipe_tag(recipe_id, tag_id) VALUES (67, 36);
INSERT INTO recipe_tag(recipe_id, tag_id) VALUES (67, 55);
INSERT INTO recipe_equipment(recipe_id, equipment_id, num) VALUES (67, 19, 2);
INSERT INTO recipe_equipment(recipe_id, equipment_id, num) VALUES (67, 10, 3);
INSERT INTO recipe_equipment(recipe_id, equipment_id, num) VALUES (67, 9, 2);
INSERT INTO recipe_equipment(recipe_id, equipment_id, num) VALUES (67, 2, 4);
INSERT INTO recipe_equipment(recipe_id, equipment_id, num) VALUES (67, 3, 4);
INSERT INTO recipe_equipment(recipe_id, equipment_id, num) VALUES (67, 4, 3);
INSERT INTO recipe_equipment(recipe_id, equipment_id, num) VALUES (67, 14, 4);
INSERT INTO recipe_cook(recipe_id, cook_id) VALUES (67, 40);
INSERT INTO recipe_cook(recipe_id, cook_id) VALUES (67, 143);
INSERT INTO recipe_cook(recipe_id, cook_id) VALUES (67, 198);
INSERT INTO recipe_cook(recipe_id, cook_id) VALUES (67, 84);
INSERT INTO recipe_cook(recipe_id, cook_id) VALUES (67, 15);
INSERT INTO recipe_cook(recipe_id, cook_id) VALUES (67, 21);
INSERT INTO recipe_cook(recipe_id, cook_id) VALUES (67, 200);
INSERT INTO recipe_cook(recipe_id, cook_id) VALUES (67, 125);
INSERT INTO recipe_cook(recipe_id, cook_id) VALUES (67, 134);
INSERT INTO recipe_cook(recipe_id, cook_id) VALUES (67, 167);
INSERT INTO recipe_cook(recipe_id, cook_id) VALUES (67, 53);
INSERT INTO recipe_cook(recipe_id, cook_id) VALUES (67, 97);
INSERT INTO recipe_cook(recipe_id, cook_id) VALUES (67, 48);
INSERT INTO recipe_cook(recipe_id, cook_id) VALUES (67, 132);
INSERT INTO recipe_cook(recipe_id, cook_id) VALUES (67, 79);
INSERT INTO recipe_cook(recipe_id, cook_id) VALUES (67, 50);
INSERT INTO recipe_cook(recipe_id, cook_id) VALUES (67, 13);
INSERT INTO recipe_cook(recipe_id, cook_id) VALUES (67, 60);
INSERT INTO recipe_cook(recipe_id, cook_id) VALUES (67, 56);
INSERT INTO recipe_cook(recipe_id, cook_id) VALUES (67, 163);
INSERT INTO recipe_cook(recipe_id, cook_id) VALUES (67, 36);
INSERT INTO recipe_cook(recipe_id, cook_id) VALUES (67, 9);
INSERT INTO recipe_cook(recipe_id, cook_id) VALUES (67, 131);
INSERT INTO recipe_cook(recipe_id, cook_id) VALUES (67, 22);
INSERT INTO recipe_cook(recipe_id, cook_id) VALUES (67, 139);
INSERT INTO recipe_cook(recipe_id, cook_id) VALUES (67, 128);
INSERT INTO recipe_cook(recipe_id, cook_id) VALUES (67, 92);
INSERT INTO recipe_cook(recipe_id, cook_id) VALUES (67, 29);
INSERT INTO recipe_cook(recipe_id, cook_id) VALUES (67, 187);
INSERT INTO recipe_cook(recipe_id, cook_id) VALUES (67, 122);
INSERT INTO recipe_cook(recipe_id, cook_id) VALUES (67, 82);
INSERT INTO recipe_cook(recipe_id, cook_id) VALUES (67, 101);
INSERT INTO recipe_cook(recipe_id, cook_id) VALUES (67, 199);
INSERT INTO recipe_cook(recipe_id, cook_id) VALUES (67, 10);
INSERT INTO recipe_cook(recipe_id, cook_id) VALUES (67, 108);
INSERT INTO recipe_cook(recipe_id, cook_id) VALUES (67, 130);
INSERT INTO recipe_cook(recipe_id, cook_id) VALUES (67, 142);
INSERT INTO recipe_cook(recipe_id, cook_id) VALUES (67, 12);
INSERT INTO recipe_cook(recipe_id, cook_id) VALUES (67, 99);
INSERT INTO recipe_cook(recipe_id, cook_id) VALUES (67, 149);
INSERT INTO recipe_cook(recipe_id, cook_id) VALUES (67, 89);
INSERT INTO recipe_cook(recipe_id, cook_id) VALUES (67, 181);
INSERT INTO recipe_cook(recipe_id, cook_id) VALUES (67, 73);
INSERT INTO recipe_cook(recipe_id, cook_id) VALUES (67, 188);
INSERT INTO recipe_cook(recipe_id, cook_id) VALUES (67, 189);
INSERT INTO recipe_cook(recipe_id, cook_id) VALUES (67, 155);
INSERT INTO recipe_cook(recipe_id, cook_id) VALUES (67, 14);
INSERT INTO recipe_cook(recipe_id, cook_id) VALUES (67, 164);
INSERT INTO recipe_cook(recipe_id, cook_id) VALUES (67, 52);
INSERT INTO recipe_cook(recipe_id, cook_id) VALUES (67, 176);
INSERT INTO recipe_cook(recipe_id, cook_id) VALUES (67, 179);
INSERT INTO recipe_cook(recipe_id, cook_id) VALUES (67, 35);
INSERT INTO recipe_cook(recipe_id, cook_id) VALUES (67, 42);
INSERT INTO recipe_cook(recipe_id, cook_id) VALUES (67, 145);
INSERT INTO recipe_cook(recipe_id, cook_id) VALUES (67, 165);
INSERT INTO recipe_cook(recipe_id, cook_id) VALUES (67, 5);
INSERT INTO recipe_cook(recipe_id, cook_id) VALUES (67, 100);
INSERT INTO recipe_cook(recipe_id, cook_id) VALUES (67, 6);
INSERT INTO recipe_cook(recipe_id, cook_id) VALUES (67, 43);
INSERT INTO recipe_cook(recipe_id, cook_id) VALUES (67, 57);
INSERT INTO recipe_cook(recipe_id, cook_id) VALUES (67, 173);
INSERT INTO recipe_cook(recipe_id, cook_id) VALUES (67, 112);
INSERT INTO recipe_cook(recipe_id, cook_id) VALUES (67, 192);
INSERT INTO recipe_cook(recipe_id, cook_id) VALUES (67, 46);
INSERT INTO recipe_cook(recipe_id, cook_id) VALUES (67, 4);
INSERT INTO recipe_cook(recipe_id, cook_id) VALUES (67, 105);
INSERT INTO recipe_cook(recipe_id, cook_id) VALUES (67, 126);
INSERT INTO recipe_cook(recipe_id, cook_id) VALUES (67, 11);
INSERT INTO recipe_cook(recipe_id, cook_id) VALUES (67, 55);
INSERT INTO recipe_cook(recipe_id, cook_id) VALUES (67, 171);
INSERT INTO recipe_cook(recipe_id, cook_id) VALUES (67, 177);
INSERT INTO recipe_cook(recipe_id, cook_id) VALUES (67, 182);
INSERT INTO recipe_cook(recipe_id, cook_id) VALUES (67, 32);
INSERT INTO recipe_cook(recipe_id, cook_id) VALUES (67, 152);
INSERT INTO recipe_cook(recipe_id, cook_id) VALUES (67, 102);
INSERT INTO recipe_cook(recipe_id, cook_id) VALUES (67, 191);
INSERT INTO recipe_cook(recipe_id, cook_id) VALUES (67, 76);
INSERT INTO recipe_cook(recipe_id, cook_id) VALUES (67, 75);
INSERT INTO recipe_cook(recipe_id, cook_id) VALUES (67, 183);
INSERT INTO recipe_cook(recipe_id, cook_id) VALUES (67, 140);
INSERT INTO recipe_cook(recipe_id, cook_id) VALUES (67, 168);
INSERT INTO recipe_cook(recipe_id, cook_id) VALUES (67, 90);
INSERT INTO recipe_cook(recipe_id, cook_id) VALUES (67, 59);
INSERT INTO recipe_cook(recipe_id, cook_id) VALUES (67, 23);
INSERT INTO recipe_cook(recipe_id, cook_id) VALUES (67, 185);
INSERT INTO recipe_cook(recipe_id, cook_id) VALUES (67, 160);
INSERT INTO recipe_cook(recipe_id, cook_id) VALUES (67, 62);
INSERT INTO recipe_cook(recipe_id, cook_id) VALUES (67, 80);
INSERT INTO recipe_cook(recipe_id, cook_id) VALUES (67, 133);
INSERT INTO recipe_cook(recipe_id, cook_id) VALUES (67, 174);
INSERT INTO recipe_cook(recipe_id, cook_id) VALUES (67, 172);
INSERT INTO recipe_cook(recipe_id, cook_id) VALUES (67, 74);
INSERT INTO recipe_cook(recipe_id, cook_id) VALUES (67, 38);
INSERT INTO recipe_cook(recipe_id, cook_id) VALUES (67, 178);
INSERT INTO recipe_cook(recipe_id, cook_id) VALUES (67, 88);
INSERT INTO recipe_cook(recipe_id, cook_id) VALUES (67, 120);
INSERT INTO recipe_cook(recipe_id, cook_id) VALUES (67, 51);
INSERT INTO recipe_cook(recipe_id, cook_id) VALUES (67, 157);
INSERT INTO recipe_cook(recipe_id, cook_id) VALUES (67, 65);
INSERT INTO recipe_cook(recipe_id, cook_id) VALUES (67, 124);
INSERT INTO recipe_cook(recipe_id, cook_id) VALUES (67, 98);
INSERT INTO recipe_cook(recipe_id, cook_id) VALUES (67, 72);
INSERT INTO recipe_cook(recipe_id, cook_id) VALUES (67, 77);
INSERT INTO recipe_cook(recipe_id, cook_id) VALUES (67, 31);
INSERT INTO recipe_cook(recipe_id, cook_id) VALUES (67, 34);
INSERT INTO recipe_cook(recipe_id, cook_id) VALUES (67, 64);
INSERT INTO recipe_cook(recipe_id, cook_id) VALUES (67, 8);
INSERT INTO recipe_cook(recipe_id, cook_id) VALUES (67, 16);
INSERT INTO recipe_cook(recipe_id, cook_id) VALUES (67, 19);
INSERT INTO recipe_cook(recipe_id, cook_id) VALUES (67, 44);
INSERT INTO recipe_cook(recipe_id, cook_id) VALUES (67, 68);
INSERT INTO recipe_cook(recipe_id, cook_id) VALUES (67, 2);
INSERT INTO recipe_cook(recipe_id, cook_id) VALUES (67, 87);
INSERT INTO recipe_cook(recipe_id, cook_id) VALUES (67, 63);
INSERT INTO recipe_cook(recipe_id, cook_id) VALUES (67, 113);
INSERT INTO recipe_cook(recipe_id, cook_id) VALUES (67, 123);
INSERT INTO recipe_cook(recipe_id, cook_id) VALUES (67, 118);
INSERT INTO recipe_cook(recipe_id, cook_id) VALUES (67, 104);
INSERT INTO recipe_cook(recipe_id, cook_id) VALUES (67, 166);
INSERT INTO recipe_cook(recipe_id, cook_id) VALUES (67, 129);
INSERT INTO recipe_cook(recipe_id, cook_id) VALUES (67, 70);
INSERT INTO recipe_cook(recipe_id, cook_id) VALUES (67, 28);
INSERT INTO recipe_cook(recipe_id, cook_id) VALUES (67, 147);
INSERT INTO recipe_cook(recipe_id, cook_id) VALUES (67, 115);
INSERT INTO recipe_cook(recipe_id, cook_id) VALUES (67, 156);
INSERT INTO recipe_cook(recipe_id, cook_id) VALUES (67, 107);
INSERT INTO recipe_cook(recipe_id, cook_id) VALUES (67, 184);
INSERT INTO recipe_cook(recipe_id, cook_id) VALUES (67, 119);
INSERT INTO recipe_cook(recipe_id, cook_id) VALUES (67, 17);
INSERT INTO recipe_cook(recipe_id, cook_id) VALUES (67, 159);
INSERT INTO recipe_cook(recipe_id, cook_id) VALUES (67, 78);
INSERT INTO recipe_cook(recipe_id, cook_id) VALUES (67, 121);
INSERT INTO recipe_cook(recipe_id, cook_id) VALUES (67, 71);
INSERT INTO recipe_cook(recipe_id, cook_id) VALUES (67, 18);
INSERT INTO recipe_cook(recipe_id, cook_id) VALUES (67, 103);
INSERT INTO recipe_cook(recipe_id, cook_id) VALUES (67, 190);
INSERT INTO recipe_cook(recipe_id, cook_id) VALUES (67, 136);
INSERT INTO recipe_cook(recipe_id, cook_id) VALUES (67, 180);
INSERT INTO recipe_cook(recipe_id, cook_id) VALUES (67, 24);
INSERT INTO recipe_cook(recipe_id, cook_id) VALUES (67, 61);
INSERT INTO recipe_cook(recipe_id, cook_id) VALUES (67, 47);
INSERT INTO recipe_cook(recipe_id, cook_id) VALUES (67, 33);
INSERT INTO recipe_cook(recipe_id, cook_id) VALUES (67, 94);
INSERT INTO recipe_cook(recipe_id, cook_id) VALUES (67, 161);
INSERT INTO recipe_cook(recipe_id, cook_id) VALUES (67, 27);
INSERT INTO recipe_cook(recipe_id, cook_id) VALUES (67, 30);
INSERT INTO recipe_cook(recipe_id, cook_id) VALUES (67, 158);
INSERT INTO recipe_cook(recipe_id, cook_id) VALUES (67, 81);
INSERT INTO recipe_cook(recipe_id, cook_id) VALUES (67, 54);
INSERT INTO recipe_cook(recipe_id, cook_id) VALUES (67, 45);
INSERT INTO recipe_cook(recipe_id, cook_id) VALUES (67, 137);
INSERT INTO recipe_cook(recipe_id, cook_id) VALUES (67, 58);
INSERT INTO recipe_cook(recipe_id, cook_id) VALUES (67, 83);
INSERT INTO recipe_cook(recipe_id, cook_id) VALUES (67, 69);
INSERT INTO recipe_cook(recipe_id, cook_id) VALUES (67, 41);
INSERT INTO recipe_cook(recipe_id, cook_id) VALUES (67, 135);
INSERT INTO recipe_cook(recipe_id, cook_id) VALUES (67, 141);
INSERT INTO recipe_cook(recipe_id, cook_id) VALUES (67, 169);
INSERT INTO recipe_cook(recipe_id, cook_id) VALUES (67, 117);
INSERT INTO recipe_cook(recipe_id, cook_id) VALUES (67, 114);
INSERT INTO recipe_cook(recipe_id, cook_id) VALUES (67, 7);
INSERT INTO recipe_cook(recipe_id, cook_id) VALUES (67, 66);
INSERT INTO recipe_cook(recipe_id, cook_id) VALUES (67, 96);
INSERT INTO recipe_cook(recipe_id, cook_id) VALUES (67, 91);
INSERT INTO recipe_cook(recipe_id, cook_id) VALUES (67, 127);
INSERT INTO recipe_cook(recipe_id, cook_id) VALUES (67, 116);
INSERT INTO recipe_theme(recipe_id, theme_id) VALUES (67, 30);
INSERT INTO recipe_theme(recipe_id, theme_id) VALUES (67, 13);
INSERT INTO recipe_theme(recipe_id, theme_id) VALUES (67, 31);
INSERT INTO recipe_tip(recipe_id, tip_id) VALUES (67, 31);

INSERT INTO recipe(baking, cuisine_id, difficulty, title, recipe_description, prep_time, cook_time, portions, fat_portion, protein_portion, carbo_portion, picture, picture_description) VALUES(1, 1, 4,'Lentil Soup', 'Her night specific question church. Use stuff forget store politics all help. Name way so student.', 75, 30, 4, 30, 55,75, 'https://dummyimage.com/718x702', 'Able sometimes because matter kid author PM skin.');
INSERT INTO recipe_meal_type(recipe_id, meal_type_id) VALUES (68, 4);
INSERT INTO recipe_tag(recipe_id, tag_id) VALUES (68, 85);
INSERT INTO recipe_tag(recipe_id, tag_id) VALUES (68, 96);
INSERT INTO recipe_tag(recipe_id, tag_id) VALUES (68, 64);
INSERT INTO recipe_tag(recipe_id, tag_id) VALUES (68, 99);
INSERT INTO recipe_tag(recipe_id, tag_id) VALUES (68, 2);
INSERT INTO recipe_tag(recipe_id, tag_id) VALUES (68, 28);
INSERT INTO recipe_equipment(recipe_id, equipment_id, num) VALUES (68, 10, 3);
INSERT INTO recipe_equipment(recipe_id, equipment_id, num) VALUES (68, 18, 2);
INSERT INTO recipe_equipment(recipe_id, equipment_id, num) VALUES (68, 20, 2);
INSERT INTO recipe_equipment(recipe_id, equipment_id, num) VALUES (68, 6, 4);
INSERT INTO recipe_equipment(recipe_id, equipment_id, num) VALUES (68, 7, 2);
INSERT INTO recipe_cook(recipe_id, cook_id) VALUES (68, 24);
INSERT INTO recipe_cook(recipe_id, cook_id) VALUES (68, 53);
INSERT INTO recipe_cook(recipe_id, cook_id) VALUES (68, 92);
INSERT INTO recipe_cook(recipe_id, cook_id) VALUES (68, 40);
INSERT INTO recipe_cook(recipe_id, cook_id) VALUES (68, 133);
INSERT INTO recipe_cook(recipe_id, cook_id) VALUES (68, 37);
INSERT INTO recipe_cook(recipe_id, cook_id) VALUES (68, 11);
INSERT INTO recipe_cook(recipe_id, cook_id) VALUES (68, 171);
INSERT INTO recipe_cook(recipe_id, cook_id) VALUES (68, 70);
INSERT INTO recipe_cook(recipe_id, cook_id) VALUES (68, 131);
INSERT INTO recipe_cook(recipe_id, cook_id) VALUES (68, 83);
INSERT INTO recipe_cook(recipe_id, cook_id) VALUES (68, 45);
INSERT INTO recipe_cook(recipe_id, cook_id) VALUES (68, 79);
INSERT INTO recipe_cook(recipe_id, cook_id) VALUES (68, 49);
INSERT INTO recipe_cook(recipe_id, cook_id) VALUES (68, 114);
INSERT INTO recipe_cook(recipe_id, cook_id) VALUES (68, 144);
INSERT INTO recipe_cook(recipe_id, cook_id) VALUES (68, 60);
INSERT INTO recipe_theme(recipe_id, theme_id) VALUES (68, 8);
INSERT INTO recipe_theme(recipe_id, theme_id) VALUES (68, 34);
INSERT INTO recipe_theme(recipe_id, theme_id) VALUES (68, 1);
INSERT INTO recipe_tip(recipe_id, tip_id) VALUES (68, 39);
INSERT INTO recipe_tip(recipe_id, tip_id) VALUES (68, 6);
INSERT INTO recipe_tip(recipe_id, tip_id) VALUES (68, 36);

INSERT INTO recipe(baking, cuisine_id, difficulty, title, recipe_description, prep_time, cook_time, portions, fat_portion, protein_portion, carbo_portion, picture, picture_description) VALUES(0, 46, 2,'Vegetarian Chili', 'Office whom image rest do. Catch fall paper product last.', 25, 80, 4, 0, 20,70, 'https://placekitten.com/621/56', 'Teacher rock indeed word.');
INSERT INTO recipe_meal_type(recipe_id, meal_type_id) VALUES (69, 4);
INSERT INTO recipe_tag(recipe_id, tag_id) VALUES (69, 98);
INSERT INTO recipe_equipment(recipe_id, equipment_id, num) VALUES (69, 9, 1);
INSERT INTO recipe_equipment(recipe_id, equipment_id, num) VALUES (69, 3, 1);
INSERT INTO recipe_equipment(recipe_id, equipment_id, num) VALUES (69, 13, 2);
INSERT INTO recipe_equipment(recipe_id, equipment_id, num) VALUES (69, 20, 2);
INSERT INTO recipe_equipment(recipe_id, equipment_id, num) VALUES (69, 16, 3);
INSERT INTO recipe_equipment(recipe_id, equipment_id, num) VALUES (69, 2, 1);
INSERT INTO recipe_equipment(recipe_id, equipment_id, num) VALUES (69, 17, 1);
INSERT INTO recipe_cook(recipe_id, cook_id) VALUES (69, 171);
INSERT INTO recipe_cook(recipe_id, cook_id) VALUES (69, 39);
INSERT INTO recipe_cook(recipe_id, cook_id) VALUES (69, 44);
INSERT INTO recipe_cook(recipe_id, cook_id) VALUES (69, 123);
INSERT INTO recipe_cook(recipe_id, cook_id) VALUES (69, 42);
INSERT INTO recipe_cook(recipe_id, cook_id) VALUES (69, 3);
INSERT INTO recipe_cook(recipe_id, cook_id) VALUES (69, 81);
INSERT INTO recipe_cook(recipe_id, cook_id) VALUES (69, 187);
INSERT INTO recipe_cook(recipe_id, cook_id) VALUES (69, 185);
INSERT INTO recipe_cook(recipe_id, cook_id) VALUES (69, 163);
INSERT INTO recipe_cook(recipe_id, cook_id) VALUES (69, 94);
INSERT INTO recipe_cook(recipe_id, cook_id) VALUES (69, 144);
INSERT INTO recipe_cook(recipe_id, cook_id) VALUES (69, 10);
INSERT INTO recipe_cook(recipe_id, cook_id) VALUES (69, 34);
INSERT INTO recipe_cook(recipe_id, cook_id) VALUES (69, 52);
INSERT INTO recipe_cook(recipe_id, cook_id) VALUES (69, 19);
INSERT INTO recipe_cook(recipe_id, cook_id) VALUES (69, 9);
INSERT INTO recipe_cook(recipe_id, cook_id) VALUES (69, 179);
INSERT INTO recipe_cook(recipe_id, cook_id) VALUES (69, 15);
INSERT INTO recipe_cook(recipe_id, cook_id) VALUES (69, 196);
INSERT INTO recipe_cook(recipe_id, cook_id) VALUES (69, 50);
INSERT INTO recipe_cook(recipe_id, cook_id) VALUES (69, 68);
INSERT INTO recipe_cook(recipe_id, cook_id) VALUES (69, 2);
INSERT INTO recipe_cook(recipe_id, cook_id) VALUES (69, 32);
INSERT INTO recipe_cook(recipe_id, cook_id) VALUES (69, 55);
INSERT INTO recipe_cook(recipe_id, cook_id) VALUES (69, 92);
INSERT INTO recipe_cook(recipe_id, cook_id) VALUES (69, 194);
INSERT INTO recipe_cook(recipe_id, cook_id) VALUES (69, 22);
INSERT INTO recipe_cook(recipe_id, cook_id) VALUES (69, 130);
INSERT INTO recipe_cook(recipe_id, cook_id) VALUES (69, 121);
INSERT INTO recipe_cook(recipe_id, cook_id) VALUES (69, 193);
INSERT INTO recipe_cook(recipe_id, cook_id) VALUES (69, 89);
INSERT INTO recipe_cook(recipe_id, cook_id) VALUES (69, 114);
INSERT INTO recipe_cook(recipe_id, cook_id) VALUES (69, 29);
INSERT INTO recipe_cook(recipe_id, cook_id) VALUES (69, 127);
INSERT INTO recipe_cook(recipe_id, cook_id) VALUES (69, 131);
INSERT INTO recipe_cook(recipe_id, cook_id) VALUES (69, 192);
INSERT INTO recipe_cook(recipe_id, cook_id) VALUES (69, 198);
INSERT INTO recipe_cook(recipe_id, cook_id) VALUES (69, 166);
INSERT INTO recipe_cook(recipe_id, cook_id) VALUES (69, 17);
INSERT INTO recipe_cook(recipe_id, cook_id) VALUES (69, 61);
INSERT INTO recipe_cook(recipe_id, cook_id) VALUES (69, 145);
INSERT INTO recipe_cook(recipe_id, cook_id) VALUES (69, 135);
INSERT INTO recipe_cook(recipe_id, cook_id) VALUES (69, 41);
INSERT INTO recipe_cook(recipe_id, cook_id) VALUES (69, 191);
INSERT INTO recipe_cook(recipe_id, cook_id) VALUES (69, 56);
INSERT INTO recipe_cook(recipe_id, cook_id) VALUES (69, 83);
INSERT INTO recipe_cook(recipe_id, cook_id) VALUES (69, 177);
INSERT INTO recipe_cook(recipe_id, cook_id) VALUES (69, 57);
INSERT INTO recipe_cook(recipe_id, cook_id) VALUES (69, 51);
INSERT INTO recipe_cook(recipe_id, cook_id) VALUES (69, 86);
INSERT INTO recipe_cook(recipe_id, cook_id) VALUES (69, 7);
INSERT INTO recipe_cook(recipe_id, cook_id) VALUES (69, 84);
INSERT INTO recipe_cook(recipe_id, cook_id) VALUES (69, 18);
INSERT INTO recipe_cook(recipe_id, cook_id) VALUES (69, 95);
INSERT INTO recipe_cook(recipe_id, cook_id) VALUES (69, 93);
INSERT INTO recipe_cook(recipe_id, cook_id) VALUES (69, 23);
INSERT INTO recipe_cook(recipe_id, cook_id) VALUES (69, 159);
INSERT INTO recipe_cook(recipe_id, cook_id) VALUES (69, 74);
INSERT INTO recipe_cook(recipe_id, cook_id) VALUES (69, 172);
INSERT INTO recipe_cook(recipe_id, cook_id) VALUES (69, 91);
INSERT INTO recipe_cook(recipe_id, cook_id) VALUES (69, 62);
INSERT INTO recipe_cook(recipe_id, cook_id) VALUES (69, 104);
INSERT INTO recipe_cook(recipe_id, cook_id) VALUES (69, 183);
INSERT INTO recipe_cook(recipe_id, cook_id) VALUES (69, 36);
INSERT INTO recipe_cook(recipe_id, cook_id) VALUES (69, 58);
INSERT INTO recipe_cook(recipe_id, cook_id) VALUES (69, 77);
INSERT INTO recipe_cook(recipe_id, cook_id) VALUES (69, 5);
INSERT INTO recipe_cook(recipe_id, cook_id) VALUES (69, 199);
INSERT INTO recipe_cook(recipe_id, cook_id) VALUES (69, 69);
INSERT INTO recipe_cook(recipe_id, cook_id) VALUES (69, 173);
INSERT INTO recipe_cook(recipe_id, cook_id) VALUES (69, 85);
INSERT INTO recipe_cook(recipe_id, cook_id) VALUES (69, 178);
INSERT INTO recipe_cook(recipe_id, cook_id) VALUES (69, 139);
INSERT INTO recipe_cook(recipe_id, cook_id) VALUES (69, 66);
INSERT INTO recipe_cook(recipe_id, cook_id) VALUES (69, 162);
INSERT INTO recipe_cook(recipe_id, cook_id) VALUES (69, 72);
INSERT INTO recipe_cook(recipe_id, cook_id) VALUES (69, 96);
INSERT INTO recipe_cook(recipe_id, cook_id) VALUES (69, 100);
INSERT INTO recipe_cook(recipe_id, cook_id) VALUES (69, 188);
INSERT INTO recipe_cook(recipe_id, cook_id) VALUES (69, 126);
INSERT INTO recipe_cook(recipe_id, cook_id) VALUES (69, 20);
INSERT INTO recipe_cook(recipe_id, cook_id) VALUES (69, 170);
INSERT INTO recipe_cook(recipe_id, cook_id) VALUES (69, 117);
INSERT INTO recipe_cook(recipe_id, cook_id) VALUES (69, 76);
INSERT INTO recipe_cook(recipe_id, cook_id) VALUES (69, 90);
INSERT INTO recipe_cook(recipe_id, cook_id) VALUES (69, 118);
INSERT INTO recipe_cook(recipe_id, cook_id) VALUES (69, 63);
INSERT INTO recipe_cook(recipe_id, cook_id) VALUES (69, 27);
INSERT INTO recipe_cook(recipe_id, cook_id) VALUES (69, 21);
INSERT INTO recipe_cook(recipe_id, cook_id) VALUES (69, 30);
INSERT INTO recipe_cook(recipe_id, cook_id) VALUES (69, 60);
INSERT INTO recipe_cook(recipe_id, cook_id) VALUES (69, 80);
INSERT INTO recipe_cook(recipe_id, cook_id) VALUES (69, 47);
INSERT INTO recipe_cook(recipe_id, cook_id) VALUES (69, 197);
INSERT INTO recipe_cook(recipe_id, cook_id) VALUES (69, 1);
INSERT INTO recipe_cook(recipe_id, cook_id) VALUES (69, 146);
INSERT INTO recipe_cook(recipe_id, cook_id) VALUES (69, 35);
INSERT INTO recipe_cook(recipe_id, cook_id) VALUES (69, 103);
INSERT INTO recipe_cook(recipe_id, cook_id) VALUES (69, 71);
INSERT INTO recipe_cook(recipe_id, cook_id) VALUES (69, 97);
INSERT INTO recipe_cook(recipe_id, cook_id) VALUES (69, 128);
INSERT INTO recipe_cook(recipe_id, cook_id) VALUES (69, 190);
INSERT INTO recipe_cook(recipe_id, cook_id) VALUES (69, 174);
INSERT INTO recipe_cook(recipe_id, cook_id) VALUES (69, 182);
INSERT INTO recipe_cook(recipe_id, cook_id) VALUES (69, 140);
INSERT INTO recipe_cook(recipe_id, cook_id) VALUES (69, 67);
INSERT INTO recipe_cook(recipe_id, cook_id) VALUES (69, 64);
INSERT INTO recipe_cook(recipe_id, cook_id) VALUES (69, 160);
INSERT INTO recipe_cook(recipe_id, cook_id) VALUES (69, 150);
INSERT INTO recipe_cook(recipe_id, cook_id) VALUES (69, 38);
INSERT INTO recipe_cook(recipe_id, cook_id) VALUES (69, 120);
INSERT INTO recipe_cook(recipe_id, cook_id) VALUES (69, 124);
INSERT INTO recipe_cook(recipe_id, cook_id) VALUES (69, 108);
INSERT INTO recipe_cook(recipe_id, cook_id) VALUES (69, 158);
INSERT INTO recipe_cook(recipe_id, cook_id) VALUES (69, 200);
INSERT INTO recipe_cook(recipe_id, cook_id) VALUES (69, 141);
INSERT INTO recipe_cook(recipe_id, cook_id) VALUES (69, 143);
INSERT INTO recipe_cook(recipe_id, cook_id) VALUES (69, 161);
INSERT INTO recipe_cook(recipe_id, cook_id) VALUES (69, 132);
INSERT INTO recipe_cook(recipe_id, cook_id) VALUES (69, 168);
INSERT INTO recipe_cook(recipe_id, cook_id) VALUES (69, 106);
INSERT INTO recipe_cook(recipe_id, cook_id) VALUES (69, 186);
INSERT INTO recipe_cook(recipe_id, cook_id) VALUES (69, 195);
INSERT INTO recipe_cook(recipe_id, cook_id) VALUES (69, 129);
INSERT INTO recipe_cook(recipe_id, cook_id) VALUES (69, 33);
INSERT INTO recipe_cook(recipe_id, cook_id) VALUES (69, 153);
INSERT INTO recipe_cook(recipe_id, cook_id) VALUES (69, 133);
INSERT INTO recipe_cook(recipe_id, cook_id) VALUES (69, 70);
INSERT INTO recipe_cook(recipe_id, cook_id) VALUES (69, 25);
INSERT INTO recipe_cook(recipe_id, cook_id) VALUES (69, 109);
INSERT INTO recipe_cook(recipe_id, cook_id) VALUES (69, 151);
INSERT INTO recipe_cook(recipe_id, cook_id) VALUES (69, 181);
INSERT INTO recipe_cook(recipe_id, cook_id) VALUES (69, 148);
INSERT INTO recipe_cook(recipe_id, cook_id) VALUES (69, 78);
INSERT INTO recipe_cook(recipe_id, cook_id) VALUES (69, 154);
INSERT INTO recipe_cook(recipe_id, cook_id) VALUES (69, 28);
INSERT INTO recipe_cook(recipe_id, cook_id) VALUES (69, 175);
INSERT INTO recipe_cook(recipe_id, cook_id) VALUES (69, 82);
INSERT INTO recipe_cook(recipe_id, cook_id) VALUES (69, 142);
INSERT INTO recipe_cook(recipe_id, cook_id) VALUES (69, 176);
INSERT INTO recipe_cook(recipe_id, cook_id) VALUES (69, 11);
INSERT INTO recipe_cook(recipe_id, cook_id) VALUES (69, 88);
INSERT INTO recipe_cook(recipe_id, cook_id) VALUES (69, 98);
INSERT INTO recipe_cook(recipe_id, cook_id) VALUES (69, 45);
INSERT INTO recipe_cook(recipe_id, cook_id) VALUES (69, 147);
INSERT INTO recipe_cook(recipe_id, cook_id) VALUES (69, 155);
INSERT INTO recipe_cook(recipe_id, cook_id) VALUES (69, 73);
INSERT INTO recipe_cook(recipe_id, cook_id) VALUES (69, 75);
INSERT INTO recipe_cook(recipe_id, cook_id) VALUES (69, 157);
INSERT INTO recipe_cook(recipe_id, cook_id) VALUES (69, 37);
INSERT INTO recipe_cook(recipe_id, cook_id) VALUES (69, 12);
INSERT INTO recipe_cook(recipe_id, cook_id) VALUES (69, 43);
INSERT INTO recipe_cook(recipe_id, cook_id) VALUES (69, 87);
INSERT INTO recipe_cook(recipe_id, cook_id) VALUES (69, 105);
INSERT INTO recipe_cook(recipe_id, cook_id) VALUES (69, 167);
INSERT INTO recipe_cook(recipe_id, cook_id) VALUES (69, 164);
INSERT INTO recipe_cook(recipe_id, cook_id) VALUES (69, 65);
INSERT INTO recipe_cook(recipe_id, cook_id) VALUES (69, 14);
INSERT INTO recipe_cook(recipe_id, cook_id) VALUES (69, 189);
INSERT INTO recipe_cook(recipe_id, cook_id) VALUES (69, 110);
INSERT INTO recipe_cook(recipe_id, cook_id) VALUES (69, 4);
INSERT INTO recipe_cook(recipe_id, cook_id) VALUES (69, 53);
INSERT INTO recipe_cook(recipe_id, cook_id) VALUES (69, 156);
INSERT INTO recipe_cook(recipe_id, cook_id) VALUES (69, 125);
INSERT INTO recipe_cook(recipe_id, cook_id) VALUES (69, 40);
INSERT INTO recipe_cook(recipe_id, cook_id) VALUES (69, 116);
INSERT INTO recipe_cook(recipe_id, cook_id) VALUES (69, 134);
INSERT INTO recipe_cook(recipe_id, cook_id) VALUES (69, 119);
INSERT INTO recipe_cook(recipe_id, cook_id) VALUES (69, 26);
INSERT INTO recipe_cook(recipe_id, cook_id) VALUES (69, 113);
INSERT INTO recipe_cook(recipe_id, cook_id) VALUES (69, 31);
INSERT INTO recipe_cook(recipe_id, cook_id) VALUES (69, 137);
INSERT INTO recipe_cook(recipe_id, cook_id) VALUES (69, 115);
INSERT INTO recipe_cook(recipe_id, cook_id) VALUES (69, 184);
INSERT INTO recipe_cook(recipe_id, cook_id) VALUES (69, 136);
INSERT INTO recipe_cook(recipe_id, cook_id) VALUES (69, 48);
INSERT INTO recipe_cook(recipe_id, cook_id) VALUES (69, 49);
INSERT INTO recipe_cook(recipe_id, cook_id) VALUES (69, 101);
INSERT INTO recipe_cook(recipe_id, cook_id) VALUES (69, 79);
INSERT INTO recipe_cook(recipe_id, cook_id) VALUES (69, 138);
INSERT INTO recipe_cook(recipe_id, cook_id) VALUES (69, 165);
INSERT INTO recipe_theme(recipe_id, theme_id) VALUES (69, 1);
INSERT INTO recipe_theme(recipe_id, theme_id) VALUES (69, 8);
INSERT INTO recipe_theme(recipe_id, theme_id) VALUES (69, 6);
INSERT INTO recipe_tip(recipe_id, tip_id) VALUES (69, 17);

INSERT INTO recipe(baking, cuisine_id, difficulty, title, recipe_description, prep_time, cook_time, portions, fat_portion, protein_portion, carbo_portion, picture, picture_description) VALUES(0, 38, 2,'Panna Cotta', 'Area beat bad experience often. Experience middle forward oil board. Various sort term his end military accept two.', 125, 50, 2, 10, 65,50, 'https://placekitten.com/471/252', 'Lay near goal explain.');
INSERT INTO recipe_meal_type(recipe_id, meal_type_id) VALUES (70, 2);
INSERT INTO recipe_tag(recipe_id, tag_id) VALUES (70, 73);
INSERT INTO recipe_tag(recipe_id, tag_id) VALUES (70, 23);
INSERT INTO recipe_tag(recipe_id, tag_id) VALUES (70, 18);
INSERT INTO recipe_tag(recipe_id, tag_id) VALUES (70, 12);
INSERT INTO recipe_tag(recipe_id, tag_id) VALUES (70, 31);
INSERT INTO recipe_tag(recipe_id, tag_id) VALUES (70, 61);
INSERT INTO recipe_tag(recipe_id, tag_id) VALUES (70, 11);
INSERT INTO recipe_tag(recipe_id, tag_id) VALUES (70, 2);
INSERT INTO recipe_equipment(recipe_id, equipment_id, num) VALUES (70, 2, 4);
INSERT INTO recipe_equipment(recipe_id, equipment_id, num) VALUES (70, 4, 3);
INSERT INTO recipe_equipment(recipe_id, equipment_id, num) VALUES (70, 15, 3);
INSERT INTO recipe_equipment(recipe_id, equipment_id, num) VALUES (70, 5, 3);
INSERT INTO recipe_equipment(recipe_id, equipment_id, num) VALUES (70, 9, 2);
INSERT INTO recipe_equipment(recipe_id, equipment_id, num) VALUES (70, 18, 1);
INSERT INTO recipe_equipment(recipe_id, equipment_id, num) VALUES (70, 12, 1);
INSERT INTO recipe_cook(recipe_id, cook_id) VALUES (70, 89);
INSERT INTO recipe_cook(recipe_id, cook_id) VALUES (70, 192);
INSERT INTO recipe_cook(recipe_id, cook_id) VALUES (70, 190);
INSERT INTO recipe_cook(recipe_id, cook_id) VALUES (70, 81);
INSERT INTO recipe_cook(recipe_id, cook_id) VALUES (70, 193);
INSERT INTO recipe_cook(recipe_id, cook_id) VALUES (70, 139);
INSERT INTO recipe_cook(recipe_id, cook_id) VALUES (70, 148);
INSERT INTO recipe_cook(recipe_id, cook_id) VALUES (70, 14);
INSERT INTO recipe_cook(recipe_id, cook_id) VALUES (70, 158);
INSERT INTO recipe_cook(recipe_id, cook_id) VALUES (70, 138);
INSERT INTO recipe_cook(recipe_id, cook_id) VALUES (70, 100);
INSERT INTO recipe_cook(recipe_id, cook_id) VALUES (70, 131);
INSERT INTO recipe_cook(recipe_id, cook_id) VALUES (70, 155);
INSERT INTO recipe_cook(recipe_id, cook_id) VALUES (70, 67);
INSERT INTO recipe_cook(recipe_id, cook_id) VALUES (70, 75);
INSERT INTO recipe_cook(recipe_id, cook_id) VALUES (70, 80);
INSERT INTO recipe_cook(recipe_id, cook_id) VALUES (70, 169);
INSERT INTO recipe_cook(recipe_id, cook_id) VALUES (70, 108);
INSERT INTO recipe_cook(recipe_id, cook_id) VALUES (70, 197);
INSERT INTO recipe_cook(recipe_id, cook_id) VALUES (70, 167);
INSERT INTO recipe_cook(recipe_id, cook_id) VALUES (70, 177);
INSERT INTO recipe_cook(recipe_id, cook_id) VALUES (70, 31);
INSERT INTO recipe_cook(recipe_id, cook_id) VALUES (70, 47);
INSERT INTO recipe_cook(recipe_id, cook_id) VALUES (70, 176);
INSERT INTO recipe_cook(recipe_id, cook_id) VALUES (70, 151);
INSERT INTO recipe_cook(recipe_id, cook_id) VALUES (70, 130);
INSERT INTO recipe_cook(recipe_id, cook_id) VALUES (70, 28);
INSERT INTO recipe_cook(recipe_id, cook_id) VALUES (70, 74);
INSERT INTO recipe_cook(recipe_id, cook_id) VALUES (70, 154);
INSERT INTO recipe_cook(recipe_id, cook_id) VALUES (70, 95);
INSERT INTO recipe_cook(recipe_id, cook_id) VALUES (70, 92);
INSERT INTO recipe_cook(recipe_id, cook_id) VALUES (70, 17);
INSERT INTO recipe_cook(recipe_id, cook_id) VALUES (70, 174);
INSERT INTO recipe_theme(recipe_id, theme_id) VALUES (70, 18);
INSERT INTO recipe_theme(recipe_id, theme_id) VALUES (70, 37);
INSERT INTO recipe_tip(recipe_id, tip_id) VALUES (70, 26);
INSERT INTO recipe_tip(recipe_id, tip_id) VALUES (70, 21);
INSERT INTO recipe_tip(recipe_id, tip_id) VALUES (70, 30);

INSERT INTO recipe(baking, cuisine_id, difficulty, title, recipe_description, prep_time, cook_time, portions, fat_portion, protein_portion, carbo_portion, picture, picture_description) VALUES(0, 9, 3,'Creme Brulee', 'Might hold by language. Many financial language above. Beat door these upon. Already use deal.', 15, 80, 3, 20, 20,75, 'https://placekitten.com/888/872', 'Become media see smile.');
INSERT INTO recipe_meal_type(recipe_id, meal_type_id) VALUES (71, 4);
INSERT INTO recipe_tag(recipe_id, tag_id) VALUES (71, 32);
INSERT INTO recipe_tag(recipe_id, tag_id) VALUES (71, 28);
INSERT INTO recipe_equipment(recipe_id, equipment_id, num) VALUES (71, 1, 2);
INSERT INTO recipe_equipment(recipe_id, equipment_id, num) VALUES (71, 9, 4);
INSERT INTO recipe_equipment(recipe_id, equipment_id, num) VALUES (71, 16, 2);
INSERT INTO recipe_equipment(recipe_id, equipment_id, num) VALUES (71, 5, 1);
INSERT INTO recipe_equipment(recipe_id, equipment_id, num) VALUES (71, 4, 3);
INSERT INTO recipe_equipment(recipe_id, equipment_id, num) VALUES (71, 19, 2);
INSERT INTO recipe_equipment(recipe_id, equipment_id, num) VALUES (71, 6, 4);
INSERT INTO recipe_cook(recipe_id, cook_id) VALUES (71, 36);
INSERT INTO recipe_cook(recipe_id, cook_id) VALUES (71, 32);
INSERT INTO recipe_cook(recipe_id, cook_id) VALUES (71, 179);
INSERT INTO recipe_cook(recipe_id, cook_id) VALUES (71, 27);
INSERT INTO recipe_cook(recipe_id, cook_id) VALUES (71, 153);
INSERT INTO recipe_cook(recipe_id, cook_id) VALUES (71, 11);
INSERT INTO recipe_cook(recipe_id, cook_id) VALUES (71, 196);
INSERT INTO recipe_cook(recipe_id, cook_id) VALUES (71, 127);
INSERT INTO recipe_cook(recipe_id, cook_id) VALUES (71, 61);
INSERT INTO recipe_cook(recipe_id, cook_id) VALUES (71, 167);
INSERT INTO recipe_cook(recipe_id, cook_id) VALUES (71, 157);
INSERT INTO recipe_cook(recipe_id, cook_id) VALUES (71, 77);
INSERT INTO recipe_cook(recipe_id, cook_id) VALUES (71, 29);
INSERT INTO recipe_cook(recipe_id, cook_id) VALUES (71, 103);
INSERT INTO recipe_cook(recipe_id, cook_id) VALUES (71, 21);
INSERT INTO recipe_cook(recipe_id, cook_id) VALUES (71, 121);
INSERT INTO recipe_cook(recipe_id, cook_id) VALUES (71, 12);
INSERT INTO recipe_cook(recipe_id, cook_id) VALUES (71, 31);
INSERT INTO recipe_cook(recipe_id, cook_id) VALUES (71, 94);
INSERT INTO recipe_cook(recipe_id, cook_id) VALUES (71, 57);
INSERT INTO recipe_cook(recipe_id, cook_id) VALUES (71, 33);
INSERT INTO recipe_cook(recipe_id, cook_id) VALUES (71, 184);
INSERT INTO recipe_cook(recipe_id, cook_id) VALUES (71, 150);
INSERT INTO recipe_cook(recipe_id, cook_id) VALUES (71, 25);
INSERT INTO recipe_theme(recipe_id, theme_id) VALUES (71, 10);
INSERT INTO recipe_theme(recipe_id, theme_id) VALUES (71, 19);
INSERT INTO recipe_tip(recipe_id, tip_id) VALUES (71, 32);
INSERT INTO recipe_tip(recipe_id, tip_id) VALUES (71, 15);
INSERT INTO recipe_tip(recipe_id, tip_id) VALUES (71, 26);

INSERT INTO recipe(baking, cuisine_id, difficulty, title, recipe_description, prep_time, cook_time, portions, fat_portion, protein_portion, carbo_portion, picture, picture_description) VALUES(1, 18, 2,'Dumplings', 'Company discussion situation argue. Bill nor environment clear. Per run paper nor. As her despite others hour TV do. Class of soldier sense appear.', 95, 120, 2, 35, 0,60, 'https://placekitten.com/304/959', 'Dinner south available trial technology.');
INSERT INTO recipe_meal_type(recipe_id, meal_type_id) VALUES (72, 1);
INSERT INTO recipe_tag(recipe_id, tag_id) VALUES (72, 27);
INSERT INTO recipe_tag(recipe_id, tag_id) VALUES (72, 68);
INSERT INTO recipe_tag(recipe_id, tag_id) VALUES (72, 66);
INSERT INTO recipe_equipment(recipe_id, equipment_id, num) VALUES (72, 19, 4);
INSERT INTO recipe_equipment(recipe_id, equipment_id, num) VALUES (72, 2, 3);
INSERT INTO recipe_equipment(recipe_id, equipment_id, num) VALUES (72, 15, 4);
INSERT INTO recipe_equipment(recipe_id, equipment_id, num) VALUES (72, 17, 1);
INSERT INTO recipe_equipment(recipe_id, equipment_id, num) VALUES (72, 18, 2);
INSERT INTO recipe_equipment(recipe_id, equipment_id, num) VALUES (72, 16, 3);
INSERT INTO recipe_equipment(recipe_id, equipment_id, num) VALUES (72, 1, 2);
INSERT INTO recipe_cook(recipe_id, cook_id) VALUES (72, 3);
INSERT INTO recipe_cook(recipe_id, cook_id) VALUES (72, 12);
INSERT INTO recipe_cook(recipe_id, cook_id) VALUES (72, 175);
INSERT INTO recipe_cook(recipe_id, cook_id) VALUES (72, 110);
INSERT INTO recipe_cook(recipe_id, cook_id) VALUES (72, 31);
INSERT INTO recipe_cook(recipe_id, cook_id) VALUES (72, 191);
INSERT INTO recipe_cook(recipe_id, cook_id) VALUES (72, 67);
INSERT INTO recipe_cook(recipe_id, cook_id) VALUES (72, 106);
INSERT INTO recipe_cook(recipe_id, cook_id) VALUES (72, 81);
INSERT INTO recipe_cook(recipe_id, cook_id) VALUES (72, 74);
INSERT INTO recipe_cook(recipe_id, cook_id) VALUES (72, 91);
INSERT INTO recipe_cook(recipe_id, cook_id) VALUES (72, 56);
INSERT INTO recipe_cook(recipe_id, cook_id) VALUES (72, 126);
INSERT INTO recipe_cook(recipe_id, cook_id) VALUES (72, 76);
INSERT INTO recipe_cook(recipe_id, cook_id) VALUES (72, 119);
INSERT INTO recipe_cook(recipe_id, cook_id) VALUES (72, 63);
INSERT INTO recipe_cook(recipe_id, cook_id) VALUES (72, 80);
INSERT INTO recipe_cook(recipe_id, cook_id) VALUES (72, 96);
INSERT INTO recipe_cook(recipe_id, cook_id) VALUES (72, 138);
INSERT INTO recipe_cook(recipe_id, cook_id) VALUES (72, 180);
INSERT INTO recipe_cook(recipe_id, cook_id) VALUES (72, 129);
INSERT INTO recipe_cook(recipe_id, cook_id) VALUES (72, 82);
INSERT INTO recipe_cook(recipe_id, cook_id) VALUES (72, 41);
INSERT INTO recipe_cook(recipe_id, cook_id) VALUES (72, 162);
INSERT INTO recipe_cook(recipe_id, cook_id) VALUES (72, 75);
INSERT INTO recipe_cook(recipe_id, cook_id) VALUES (72, 97);
INSERT INTO recipe_cook(recipe_id, cook_id) VALUES (72, 134);
INSERT INTO recipe_cook(recipe_id, cook_id) VALUES (72, 29);
INSERT INTO recipe_cook(recipe_id, cook_id) VALUES (72, 179);
INSERT INTO recipe_cook(recipe_id, cook_id) VALUES (72, 37);
INSERT INTO recipe_cook(recipe_id, cook_id) VALUES (72, 122);
INSERT INTO recipe_cook(recipe_id, cook_id) VALUES (72, 154);
INSERT INTO recipe_cook(recipe_id, cook_id) VALUES (72, 107);
INSERT INTO recipe_cook(recipe_id, cook_id) VALUES (72, 113);
INSERT INTO recipe_cook(recipe_id, cook_id) VALUES (72, 90);
INSERT INTO recipe_cook(recipe_id, cook_id) VALUES (72, 93);
INSERT INTO recipe_cook(recipe_id, cook_id) VALUES (72, 186);
INSERT INTO recipe_cook(recipe_id, cook_id) VALUES (72, 168);
INSERT INTO recipe_cook(recipe_id, cook_id) VALUES (72, 101);
INSERT INTO recipe_cook(recipe_id, cook_id) VALUES (72, 181);
INSERT INTO recipe_cook(recipe_id, cook_id) VALUES (72, 165);
INSERT INTO recipe_cook(recipe_id, cook_id) VALUES (72, 46);
INSERT INTO recipe_cook(recipe_id, cook_id) VALUES (72, 95);
INSERT INTO recipe_cook(recipe_id, cook_id) VALUES (72, 36);
INSERT INTO recipe_cook(recipe_id, cook_id) VALUES (72, 2);
INSERT INTO recipe_cook(recipe_id, cook_id) VALUES (72, 15);
INSERT INTO recipe_cook(recipe_id, cook_id) VALUES (72, 52);
INSERT INTO recipe_cook(recipe_id, cook_id) VALUES (72, 172);
INSERT INTO recipe_cook(recipe_id, cook_id) VALUES (72, 88);
INSERT INTO recipe_cook(recipe_id, cook_id) VALUES (72, 159);
INSERT INTO recipe_cook(recipe_id, cook_id) VALUES (72, 170);
INSERT INTO recipe_cook(recipe_id, cook_id) VALUES (72, 127);
INSERT INTO recipe_cook(recipe_id, cook_id) VALUES (72, 34);
INSERT INTO recipe_cook(recipe_id, cook_id) VALUES (72, 193);
INSERT INTO recipe_cook(recipe_id, cook_id) VALUES (72, 58);
INSERT INTO recipe_cook(recipe_id, cook_id) VALUES (72, 64);
INSERT INTO recipe_cook(recipe_id, cook_id) VALUES (72, 153);
INSERT INTO recipe_cook(recipe_id, cook_id) VALUES (72, 156);
INSERT INTO recipe_cook(recipe_id, cook_id) VALUES (72, 84);
INSERT INTO recipe_cook(recipe_id, cook_id) VALUES (72, 71);
INSERT INTO recipe_cook(recipe_id, cook_id) VALUES (72, 7);
INSERT INTO recipe_cook(recipe_id, cook_id) VALUES (72, 54);
INSERT INTO recipe_cook(recipe_id, cook_id) VALUES (72, 187);
INSERT INTO recipe_cook(recipe_id, cook_id) VALUES (72, 68);
INSERT INTO recipe_cook(recipe_id, cook_id) VALUES (72, 145);
INSERT INTO recipe_cook(recipe_id, cook_id) VALUES (72, 104);
INSERT INTO recipe_cook(recipe_id, cook_id) VALUES (72, 38);
INSERT INTO recipe_cook(recipe_id, cook_id) VALUES (72, 1);
INSERT INTO recipe_cook(recipe_id, cook_id) VALUES (72, 6);
INSERT INTO recipe_cook(recipe_id, cook_id) VALUES (72, 59);
INSERT INTO recipe_cook(recipe_id, cook_id) VALUES (72, 14);
INSERT INTO recipe_cook(recipe_id, cook_id) VALUES (72, 21);
INSERT INTO recipe_cook(recipe_id, cook_id) VALUES (72, 73);
INSERT INTO recipe_cook(recipe_id, cook_id) VALUES (72, 111);
INSERT INTO recipe_cook(recipe_id, cook_id) VALUES (72, 55);
INSERT INTO recipe_cook(recipe_id, cook_id) VALUES (72, 144);
INSERT INTO recipe_cook(recipe_id, cook_id) VALUES (72, 158);
INSERT INTO recipe_cook(recipe_id, cook_id) VALUES (72, 19);
INSERT INTO recipe_cook(recipe_id, cook_id) VALUES (72, 184);
INSERT INTO recipe_cook(recipe_id, cook_id) VALUES (72, 182);
INSERT INTO recipe_cook(recipe_id, cook_id) VALUES (72, 83);
INSERT INTO recipe_cook(recipe_id, cook_id) VALUES (72, 10);
INSERT INTO recipe_cook(recipe_id, cook_id) VALUES (72, 99);
INSERT INTO recipe_cook(recipe_id, cook_id) VALUES (72, 30);
INSERT INTO recipe_cook(recipe_id, cook_id) VALUES (72, 183);
INSERT INTO recipe_cook(recipe_id, cook_id) VALUES (72, 177);
INSERT INTO recipe_cook(recipe_id, cook_id) VALUES (72, 135);
INSERT INTO recipe_cook(recipe_id, cook_id) VALUES (72, 116);
INSERT INTO recipe_cook(recipe_id, cook_id) VALUES (72, 161);
INSERT INTO recipe_cook(recipe_id, cook_id) VALUES (72, 24);
INSERT INTO recipe_cook(recipe_id, cook_id) VALUES (72, 32);
INSERT INTO recipe_cook(recipe_id, cook_id) VALUES (72, 196);
INSERT INTO recipe_cook(recipe_id, cook_id) VALUES (72, 164);
INSERT INTO recipe_cook(recipe_id, cook_id) VALUES (72, 132);
INSERT INTO recipe_cook(recipe_id, cook_id) VALUES (72, 141);
INSERT INTO recipe_cook(recipe_id, cook_id) VALUES (72, 160);
INSERT INTO recipe_cook(recipe_id, cook_id) VALUES (72, 11);
INSERT INTO recipe_cook(recipe_id, cook_id) VALUES (72, 28);
INSERT INTO recipe_cook(recipe_id, cook_id) VALUES (72, 25);
INSERT INTO recipe_cook(recipe_id, cook_id) VALUES (72, 23);
INSERT INTO recipe_cook(recipe_id, cook_id) VALUES (72, 5);
INSERT INTO recipe_cook(recipe_id, cook_id) VALUES (72, 199);
INSERT INTO recipe_cook(recipe_id, cook_id) VALUES (72, 171);
INSERT INTO recipe_cook(recipe_id, cook_id) VALUES (72, 20);
INSERT INTO recipe_cook(recipe_id, cook_id) VALUES (72, 9);
INSERT INTO recipe_cook(recipe_id, cook_id) VALUES (72, 112);
INSERT INTO recipe_cook(recipe_id, cook_id) VALUES (72, 86);
INSERT INTO recipe_cook(recipe_id, cook_id) VALUES (72, 18);
INSERT INTO recipe_cook(recipe_id, cook_id) VALUES (72, 118);
INSERT INTO recipe_cook(recipe_id, cook_id) VALUES (72, 49);
INSERT INTO recipe_cook(recipe_id, cook_id) VALUES (72, 150);
INSERT INTO recipe_cook(recipe_id, cook_id) VALUES (72, 39);
INSERT INTO recipe_cook(recipe_id, cook_id) VALUES (72, 13);
INSERT INTO recipe_cook(recipe_id, cook_id) VALUES (72, 133);
INSERT INTO recipe_cook(recipe_id, cook_id) VALUES (72, 70);
INSERT INTO recipe_cook(recipe_id, cook_id) VALUES (72, 98);
INSERT INTO recipe_cook(recipe_id, cook_id) VALUES (72, 44);
INSERT INTO recipe_cook(recipe_id, cook_id) VALUES (72, 163);
INSERT INTO recipe_cook(recipe_id, cook_id) VALUES (72, 100);
INSERT INTO recipe_cook(recipe_id, cook_id) VALUES (72, 152);
INSERT INTO recipe_cook(recipe_id, cook_id) VALUES (72, 147);
INSERT INTO recipe_cook(recipe_id, cook_id) VALUES (72, 17);
INSERT INTO recipe_cook(recipe_id, cook_id) VALUES (72, 65);
INSERT INTO recipe_cook(recipe_id, cook_id) VALUES (72, 26);
INSERT INTO recipe_cook(recipe_id, cook_id) VALUES (72, 190);
INSERT INTO recipe_cook(recipe_id, cook_id) VALUES (72, 157);
INSERT INTO recipe_cook(recipe_id, cook_id) VALUES (72, 103);
INSERT INTO recipe_cook(recipe_id, cook_id) VALUES (72, 155);
INSERT INTO recipe_cook(recipe_id, cook_id) VALUES (72, 198);
INSERT INTO recipe_cook(recipe_id, cook_id) VALUES (72, 79);
INSERT INTO recipe_cook(recipe_id, cook_id) VALUES (72, 125);
INSERT INTO recipe_cook(recipe_id, cook_id) VALUES (72, 60);
INSERT INTO recipe_cook(recipe_id, cook_id) VALUES (72, 33);
INSERT INTO recipe_theme(recipe_id, theme_id) VALUES (72, 35);
INSERT INTO recipe_tip(recipe_id, tip_id) VALUES (72, 2);
INSERT INTO recipe_tip(recipe_id, tip_id) VALUES (72, 13);
INSERT INTO recipe_tip(recipe_id, tip_id) VALUES (72, 17);

INSERT INTO recipe(baking, cuisine_id, difficulty, title, recipe_description, prep_time, cook_time, portions, fat_portion, protein_portion, carbo_portion, picture, picture_description) VALUES(1, 42, 5,'Vegetable Stir-Fry', 'Game pressure fight can. Oil east reach increase center surface. During interview raise he election money wear believe.', 85, 120, 4, 0, 15,85, 'https://dummyimage.com/515x603', 'World yeah across politics.');
INSERT INTO recipe_meal_type(recipe_id, meal_type_id) VALUES (73, 5);
INSERT INTO recipe_tag(recipe_id, tag_id) VALUES (73, 53);
INSERT INTO recipe_tag(recipe_id, tag_id) VALUES (73, 27);
INSERT INTO recipe_tag(recipe_id, tag_id) VALUES (73, 43);
INSERT INTO recipe_tag(recipe_id, tag_id) VALUES (73, 51);
INSERT INTO recipe_tag(recipe_id, tag_id) VALUES (73, 4);
INSERT INTO recipe_tag(recipe_id, tag_id) VALUES (73, 29);
INSERT INTO recipe_tag(recipe_id, tag_id) VALUES (73, 40);
INSERT INTO recipe_tag(recipe_id, tag_id) VALUES (73, 96);
INSERT INTO recipe_equipment(recipe_id, equipment_id, num) VALUES (73, 15, 2);
INSERT INTO recipe_equipment(recipe_id, equipment_id, num) VALUES (73, 8, 2);
INSERT INTO recipe_equipment(recipe_id, equipment_id, num) VALUES (73, 17, 1);
INSERT INTO recipe_equipment(recipe_id, equipment_id, num) VALUES (73, 5, 3);
INSERT INTO recipe_cook(recipe_id, cook_id) VALUES (73, 133);
INSERT INTO recipe_cook(recipe_id, cook_id) VALUES (73, 56);
INSERT INTO recipe_cook(recipe_id, cook_id) VALUES (73, 191);
INSERT INTO recipe_cook(recipe_id, cook_id) VALUES (73, 26);
INSERT INTO recipe_cook(recipe_id, cook_id) VALUES (73, 100);
INSERT INTO recipe_cook(recipe_id, cook_id) VALUES (73, 116);
INSERT INTO recipe_cook(recipe_id, cook_id) VALUES (73, 43);
INSERT INTO recipe_cook(recipe_id, cook_id) VALUES (73, 181);
INSERT INTO recipe_cook(recipe_id, cook_id) VALUES (73, 156);
INSERT INTO recipe_cook(recipe_id, cook_id) VALUES (73, 128);
INSERT INTO recipe_cook(recipe_id, cook_id) VALUES (73, 168);
INSERT INTO recipe_cook(recipe_id, cook_id) VALUES (73, 24);
INSERT INTO recipe_cook(recipe_id, cook_id) VALUES (73, 89);
INSERT INTO recipe_cook(recipe_id, cook_id) VALUES (73, 29);
INSERT INTO recipe_cook(recipe_id, cook_id) VALUES (73, 8);
INSERT INTO recipe_cook(recipe_id, cook_id) VALUES (73, 147);
INSERT INTO recipe_cook(recipe_id, cook_id) VALUES (73, 47);
INSERT INTO recipe_cook(recipe_id, cook_id) VALUES (73, 104);
INSERT INTO recipe_cook(recipe_id, cook_id) VALUES (73, 78);
INSERT INTO recipe_cook(recipe_id, cook_id) VALUES (73, 170);
INSERT INTO recipe_cook(recipe_id, cook_id) VALUES (73, 38);
INSERT INTO recipe_cook(recipe_id, cook_id) VALUES (73, 142);
INSERT INTO recipe_theme(recipe_id, theme_id) VALUES (73, 38);
INSERT INTO recipe_theme(recipe_id, theme_id) VALUES (73, 39);
INSERT INTO recipe_theme(recipe_id, theme_id) VALUES (73, 9);
INSERT INTO recipe_tip(recipe_id, tip_id) VALUES (73, 38);

INSERT INTO recipe(baking, cuisine_id, difficulty, title, recipe_description, prep_time, cook_time, portions, fat_portion, protein_portion, carbo_portion, picture, picture_description) VALUES(1, 32, 3,'Vegetable Curry', 'Career matter year whole happen together ready avoid. Event without car tonight. Real whether fall music wide together main.', 115, 60, 1, 20, 60,5, 'https://picsum.photos/624/972', 'Say outside third from leg.');
INSERT INTO recipe_meal_type(recipe_id, meal_type_id) VALUES (74, 1);
INSERT INTO recipe_tag(recipe_id, tag_id) VALUES (74, 81);
INSERT INTO recipe_equipment(recipe_id, equipment_id, num) VALUES (74, 18, 2);
INSERT INTO recipe_equipment(recipe_id, equipment_id, num) VALUES (74, 3, 2);
INSERT INTO recipe_equipment(recipe_id, equipment_id, num) VALUES (74, 10, 1);
INSERT INTO recipe_equipment(recipe_id, equipment_id, num) VALUES (74, 14, 3);
INSERT INTO recipe_equipment(recipe_id, equipment_id, num) VALUES (74, 19, 3);
INSERT INTO recipe_cook(recipe_id, cook_id) VALUES (74, 131);
INSERT INTO recipe_cook(recipe_id, cook_id) VALUES (74, 152);
INSERT INTO recipe_cook(recipe_id, cook_id) VALUES (74, 30);
INSERT INTO recipe_cook(recipe_id, cook_id) VALUES (74, 163);
INSERT INTO recipe_cook(recipe_id, cook_id) VALUES (74, 194);
INSERT INTO recipe_cook(recipe_id, cook_id) VALUES (74, 140);
INSERT INTO recipe_cook(recipe_id, cook_id) VALUES (74, 88);
INSERT INTO recipe_cook(recipe_id, cook_id) VALUES (74, 135);
INSERT INTO recipe_cook(recipe_id, cook_id) VALUES (74, 54);
INSERT INTO recipe_cook(recipe_id, cook_id) VALUES (74, 38);
INSERT INTO recipe_cook(recipe_id, cook_id) VALUES (74, 46);
INSERT INTO recipe_cook(recipe_id, cook_id) VALUES (74, 57);
INSERT INTO recipe_cook(recipe_id, cook_id) VALUES (74, 108);
INSERT INTO recipe_cook(recipe_id, cook_id) VALUES (74, 37);
INSERT INTO recipe_cook(recipe_id, cook_id) VALUES (74, 182);
INSERT INTO recipe_cook(recipe_id, cook_id) VALUES (74, 90);
INSERT INTO recipe_cook(recipe_id, cook_id) VALUES (74, 143);
INSERT INTO recipe_cook(recipe_id, cook_id) VALUES (74, 47);
INSERT INTO recipe_cook(recipe_id, cook_id) VALUES (74, 98);
INSERT INTO recipe_cook(recipe_id, cook_id) VALUES (74, 110);
INSERT INTO recipe_theme(recipe_id, theme_id) VALUES (74, 1);
INSERT INTO recipe_theme(recipe_id, theme_id) VALUES (74, 6);
INSERT INTO recipe_theme(recipe_id, theme_id) VALUES (74, 27);
INSERT INTO recipe_tip(recipe_id, tip_id) VALUES (74, 2);

INSERT INTO recipe(baking, cuisine_id, difficulty, title, recipe_description, prep_time, cook_time, portions, fat_portion, protein_portion, carbo_portion, picture, picture_description) VALUES(0, 2, 5,'Falafel', 'Must soon down poor artist size. Down history case subject something whole purpose. Red effect series your.', 25, 30, 2, 30, 0,10, 'https://picsum.photos/305/743', 'Every people attack test involve community.');
INSERT INTO recipe_meal_type(recipe_id, meal_type_id) VALUES (75, 4);
INSERT INTO recipe_tag(recipe_id, tag_id) VALUES (75, 92);
INSERT INTO recipe_tag(recipe_id, tag_id) VALUES (75, 48);
INSERT INTO recipe_tag(recipe_id, tag_id) VALUES (75, 7);
INSERT INTO recipe_tag(recipe_id, tag_id) VALUES (75, 78);
INSERT INTO recipe_tag(recipe_id, tag_id) VALUES (75, 24);
INSERT INTO recipe_tag(recipe_id, tag_id) VALUES (75, 11);
INSERT INTO recipe_tag(recipe_id, tag_id) VALUES (75, 10);
INSERT INTO recipe_tag(recipe_id, tag_id) VALUES (75, 76);
INSERT INTO recipe_equipment(recipe_id, equipment_id, num) VALUES (75, 18, 2);
INSERT INTO recipe_equipment(recipe_id, equipment_id, num) VALUES (75, 1, 3);
INSERT INTO recipe_equipment(recipe_id, equipment_id, num) VALUES (75, 13, 4);
INSERT INTO recipe_equipment(recipe_id, equipment_id, num) VALUES (75, 4, 2);
INSERT INTO recipe_equipment(recipe_id, equipment_id, num) VALUES (75, 8, 3);
INSERT INTO recipe_equipment(recipe_id, equipment_id, num) VALUES (75, 9, 2);
INSERT INTO recipe_equipment(recipe_id, equipment_id, num) VALUES (75, 15, 4);
INSERT INTO recipe_cook(recipe_id, cook_id) VALUES (75, 65);
INSERT INTO recipe_cook(recipe_id, cook_id) VALUES (75, 181);
INSERT INTO recipe_cook(recipe_id, cook_id) VALUES (75, 7);
INSERT INTO recipe_cook(recipe_id, cook_id) VALUES (75, 155);
INSERT INTO recipe_cook(recipe_id, cook_id) VALUES (75, 120);
INSERT INTO recipe_cook(recipe_id, cook_id) VALUES (75, 66);
INSERT INTO recipe_cook(recipe_id, cook_id) VALUES (75, 199);
INSERT INTO recipe_cook(recipe_id, cook_id) VALUES (75, 112);
INSERT INTO recipe_cook(recipe_id, cook_id) VALUES (75, 77);
INSERT INTO recipe_cook(recipe_id, cook_id) VALUES (75, 135);
INSERT INTO recipe_cook(recipe_id, cook_id) VALUES (75, 142);
INSERT INTO recipe_cook(recipe_id, cook_id) VALUES (75, 97);
INSERT INTO recipe_cook(recipe_id, cook_id) VALUES (75, 15);
INSERT INTO recipe_cook(recipe_id, cook_id) VALUES (75, 145);
INSERT INTO recipe_cook(recipe_id, cook_id) VALUES (75, 101);
INSERT INTO recipe_cook(recipe_id, cook_id) VALUES (75, 24);
INSERT INTO recipe_cook(recipe_id, cook_id) VALUES (75, 108);
INSERT INTO recipe_cook(recipe_id, cook_id) VALUES (75, 34);
INSERT INTO recipe_cook(recipe_id, cook_id) VALUES (75, 28);
INSERT INTO recipe_cook(recipe_id, cook_id) VALUES (75, 103);
INSERT INTO recipe_cook(recipe_id, cook_id) VALUES (75, 130);
INSERT INTO recipe_cook(recipe_id, cook_id) VALUES (75, 148);
INSERT INTO recipe_cook(recipe_id, cook_id) VALUES (75, 72);
INSERT INTO recipe_cook(recipe_id, cook_id) VALUES (75, 102);
INSERT INTO recipe_cook(recipe_id, cook_id) VALUES (75, 3);
INSERT INTO recipe_cook(recipe_id, cook_id) VALUES (75, 98);
INSERT INTO recipe_cook(recipe_id, cook_id) VALUES (75, 188);
INSERT INTO recipe_cook(recipe_id, cook_id) VALUES (75, 52);
INSERT INTO recipe_cook(recipe_id, cook_id) VALUES (75, 63);
INSERT INTO recipe_cook(recipe_id, cook_id) VALUES (75, 158);
INSERT INTO recipe_cook(recipe_id, cook_id) VALUES (75, 60);
INSERT INTO recipe_cook(recipe_id, cook_id) VALUES (75, 5);
INSERT INTO recipe_cook(recipe_id, cook_id) VALUES (75, 146);
INSERT INTO recipe_cook(recipe_id, cook_id) VALUES (75, 50);
INSERT INTO recipe_cook(recipe_id, cook_id) VALUES (75, 45);
INSERT INTO recipe_cook(recipe_id, cook_id) VALUES (75, 80);
INSERT INTO recipe_cook(recipe_id, cook_id) VALUES (75, 91);
INSERT INTO recipe_cook(recipe_id, cook_id) VALUES (75, 31);
INSERT INTO recipe_cook(recipe_id, cook_id) VALUES (75, 6);
INSERT INTO recipe_cook(recipe_id, cook_id) VALUES (75, 185);
INSERT INTO recipe_cook(recipe_id, cook_id) VALUES (75, 26);
INSERT INTO recipe_cook(recipe_id, cook_id) VALUES (75, 90);
INSERT INTO recipe_cook(recipe_id, cook_id) VALUES (75, 171);
INSERT INTO recipe_cook(recipe_id, cook_id) VALUES (75, 18);
INSERT INTO recipe_cook(recipe_id, cook_id) VALUES (75, 197);
INSERT INTO recipe_cook(recipe_id, cook_id) VALUES (75, 115);
INSERT INTO recipe_cook(recipe_id, cook_id) VALUES (75, 8);
INSERT INTO recipe_cook(recipe_id, cook_id) VALUES (75, 9);
INSERT INTO recipe_cook(recipe_id, cook_id) VALUES (75, 49);
INSERT INTO recipe_cook(recipe_id, cook_id) VALUES (75, 84);
INSERT INTO recipe_cook(recipe_id, cook_id) VALUES (75, 82);
INSERT INTO recipe_cook(recipe_id, cook_id) VALUES (75, 39);
INSERT INTO recipe_cook(recipe_id, cook_id) VALUES (75, 176);
INSERT INTO recipe_cook(recipe_id, cook_id) VALUES (75, 22);
INSERT INTO recipe_cook(recipe_id, cook_id) VALUES (75, 4);
INSERT INTO recipe_cook(recipe_id, cook_id) VALUES (75, 134);
INSERT INTO recipe_cook(recipe_id, cook_id) VALUES (75, 177);
INSERT INTO recipe_cook(recipe_id, cook_id) VALUES (75, 191);
INSERT INTO recipe_cook(recipe_id, cook_id) VALUES (75, 184);
INSERT INTO recipe_cook(recipe_id, cook_id) VALUES (75, 46);
INSERT INTO recipe_cook(recipe_id, cook_id) VALUES (75, 159);
INSERT INTO recipe_cook(recipe_id, cook_id) VALUES (75, 56);
INSERT INTO recipe_cook(recipe_id, cook_id) VALUES (75, 200);
INSERT INTO recipe_cook(recipe_id, cook_id) VALUES (75, 48);
INSERT INTO recipe_cook(recipe_id, cook_id) VALUES (75, 86);
INSERT INTO recipe_cook(recipe_id, cook_id) VALUES (75, 113);
INSERT INTO recipe_cook(recipe_id, cook_id) VALUES (75, 190);
INSERT INTO recipe_cook(recipe_id, cook_id) VALUES (75, 196);
INSERT INTO recipe_cook(recipe_id, cook_id) VALUES (75, 32);
INSERT INTO recipe_cook(recipe_id, cook_id) VALUES (75, 170);
INSERT INTO recipe_cook(recipe_id, cook_id) VALUES (75, 20);
INSERT INTO recipe_cook(recipe_id, cook_id) VALUES (75, 178);
INSERT INTO recipe_cook(recipe_id, cook_id) VALUES (75, 166);
INSERT INTO recipe_cook(recipe_id, cook_id) VALUES (75, 119);
INSERT INTO recipe_cook(recipe_id, cook_id) VALUES (75, 116);
INSERT INTO recipe_cook(recipe_id, cook_id) VALUES (75, 62);
INSERT INTO recipe_cook(recipe_id, cook_id) VALUES (75, 47);
INSERT INTO recipe_cook(recipe_id, cook_id) VALUES (75, 71);
INSERT INTO recipe_cook(recipe_id, cook_id) VALUES (75, 143);
INSERT INTO recipe_cook(recipe_id, cook_id) VALUES (75, 125);
INSERT INTO recipe_cook(recipe_id, cook_id) VALUES (75, 73);
INSERT INTO recipe_cook(recipe_id, cook_id) VALUES (75, 164);
INSERT INTO recipe_cook(recipe_id, cook_id) VALUES (75, 156);
INSERT INTO recipe_cook(recipe_id, cook_id) VALUES (75, 107);
INSERT INTO recipe_cook(recipe_id, cook_id) VALUES (75, 118);
INSERT INTO recipe_cook(recipe_id, cook_id) VALUES (75, 92);
INSERT INTO recipe_cook(recipe_id, cook_id) VALUES (75, 111);
INSERT INTO recipe_cook(recipe_id, cook_id) VALUES (75, 58);
INSERT INTO recipe_cook(recipe_id, cook_id) VALUES (75, 64);
INSERT INTO recipe_cook(recipe_id, cook_id) VALUES (75, 132);
INSERT INTO recipe_cook(recipe_id, cook_id) VALUES (75, 1);
INSERT INTO recipe_cook(recipe_id, cook_id) VALUES (75, 133);
INSERT INTO recipe_theme(recipe_id, theme_id) VALUES (75, 14);
INSERT INTO recipe_theme(recipe_id, theme_id) VALUES (75, 3);
INSERT INTO recipe_tip(recipe_id, tip_id) VALUES (75, 22);
INSERT INTO recipe_tip(recipe_id, tip_id) VALUES (75, 17);

INSERT INTO recipe(baking, cuisine_id, difficulty, title, recipe_description, prep_time, cook_time, portions, fat_portion, protein_portion, carbo_portion, picture, picture_description) VALUES(1, 49, 4,'Vegetable Lasagna', 'Glass may blue great. Design about heart her ready own market. Center act most concern. Play way court design clear. Early assume black get section because professional.', 105, 50, 1, 40, 15,20, 'https://picsum.photos/985/658', 'Miss position speech before arrive water evidence.');
INSERT INTO recipe_meal_type(recipe_id, meal_type_id) VALUES (76, 6);
INSERT INTO recipe_tag(recipe_id, tag_id) VALUES (76, 86);
INSERT INTO recipe_tag(recipe_id, tag_id) VALUES (76, 8);
INSERT INTO recipe_tag(recipe_id, tag_id) VALUES (76, 12);
INSERT INTO recipe_tag(recipe_id, tag_id) VALUES (76, 24);
INSERT INTO recipe_tag(recipe_id, tag_id) VALUES (76, 49);
INSERT INTO recipe_tag(recipe_id, tag_id) VALUES (76, 92);
INSERT INTO recipe_tag(recipe_id, tag_id) VALUES (76, 18);
INSERT INTO recipe_tag(recipe_id, tag_id) VALUES (76, 56);
INSERT INTO recipe_equipment(recipe_id, equipment_id, num) VALUES (76, 2, 2);
INSERT INTO recipe_equipment(recipe_id, equipment_id, num) VALUES (76, 9, 4);
INSERT INTO recipe_equipment(recipe_id, equipment_id, num) VALUES (76, 8, 2);
INSERT INTO recipe_equipment(recipe_id, equipment_id, num) VALUES (76, 7, 4);
INSERT INTO recipe_equipment(recipe_id, equipment_id, num) VALUES (76, 18, 3);
INSERT INTO recipe_cook(recipe_id, cook_id) VALUES (76, 84);
INSERT INTO recipe_cook(recipe_id, cook_id) VALUES (76, 4);
INSERT INTO recipe_cook(recipe_id, cook_id) VALUES (76, 140);
INSERT INTO recipe_cook(recipe_id, cook_id) VALUES (76, 184);
INSERT INTO recipe_cook(recipe_id, cook_id) VALUES (76, 150);
INSERT INTO recipe_cook(recipe_id, cook_id) VALUES (76, 27);
INSERT INTO recipe_cook(recipe_id, cook_id) VALUES (76, 125);
INSERT INTO recipe_cook(recipe_id, cook_id) VALUES (76, 108);
INSERT INTO recipe_cook(recipe_id, cook_id) VALUES (76, 86);
INSERT INTO recipe_cook(recipe_id, cook_id) VALUES (76, 3);
INSERT INTO recipe_cook(recipe_id, cook_id) VALUES (76, 179);
INSERT INTO recipe_cook(recipe_id, cook_id) VALUES (76, 91);
INSERT INTO recipe_cook(recipe_id, cook_id) VALUES (76, 105);
INSERT INTO recipe_cook(recipe_id, cook_id) VALUES (76, 134);
INSERT INTO recipe_cook(recipe_id, cook_id) VALUES (76, 126);
INSERT INTO recipe_cook(recipe_id, cook_id) VALUES (76, 192);
INSERT INTO recipe_cook(recipe_id, cook_id) VALUES (76, 50);
INSERT INTO recipe_cook(recipe_id, cook_id) VALUES (76, 88);
INSERT INTO recipe_cook(recipe_id, cook_id) VALUES (76, 178);
INSERT INTO recipe_cook(recipe_id, cook_id) VALUES (76, 47);
INSERT INTO recipe_cook(recipe_id, cook_id) VALUES (76, 59);
INSERT INTO recipe_cook(recipe_id, cook_id) VALUES (76, 83);
INSERT INTO recipe_cook(recipe_id, cook_id) VALUES (76, 186);
INSERT INTO recipe_cook(recipe_id, cook_id) VALUES (76, 93);
INSERT INTO recipe_cook(recipe_id, cook_id) VALUES (76, 128);
INSERT INTO recipe_cook(recipe_id, cook_id) VALUES (76, 31);
INSERT INTO recipe_cook(recipe_id, cook_id) VALUES (76, 193);
INSERT INTO recipe_cook(recipe_id, cook_id) VALUES (76, 58);
INSERT INTO recipe_cook(recipe_id, cook_id) VALUES (76, 199);
INSERT INTO recipe_cook(recipe_id, cook_id) VALUES (76, 182);
INSERT INTO recipe_cook(recipe_id, cook_id) VALUES (76, 30);
INSERT INTO recipe_cook(recipe_id, cook_id) VALUES (76, 117);
INSERT INTO recipe_cook(recipe_id, cook_id) VALUES (76, 163);
INSERT INTO recipe_cook(recipe_id, cook_id) VALUES (76, 154);
INSERT INTO recipe_cook(recipe_id, cook_id) VALUES (76, 104);
INSERT INTO recipe_cook(recipe_id, cook_id) VALUES (76, 143);
INSERT INTO recipe_cook(recipe_id, cook_id) VALUES (76, 127);
INSERT INTO recipe_cook(recipe_id, cook_id) VALUES (76, 19);
INSERT INTO recipe_cook(recipe_id, cook_id) VALUES (76, 195);
INSERT INTO recipe_cook(recipe_id, cook_id) VALUES (76, 92);
INSERT INTO recipe_cook(recipe_id, cook_id) VALUES (76, 133);
INSERT INTO recipe_cook(recipe_id, cook_id) VALUES (76, 156);
INSERT INTO recipe_cook(recipe_id, cook_id) VALUES (76, 43);
INSERT INTO recipe_cook(recipe_id, cook_id) VALUES (76, 11);
INSERT INTO recipe_cook(recipe_id, cook_id) VALUES (76, 112);
INSERT INTO recipe_cook(recipe_id, cook_id) VALUES (76, 197);
INSERT INTO recipe_cook(recipe_id, cook_id) VALUES (76, 70);
INSERT INTO recipe_cook(recipe_id, cook_id) VALUES (76, 123);
INSERT INTO recipe_cook(recipe_id, cook_id) VALUES (76, 94);
INSERT INTO recipe_cook(recipe_id, cook_id) VALUES (76, 46);
INSERT INTO recipe_cook(recipe_id, cook_id) VALUES (76, 36);
INSERT INTO recipe_cook(recipe_id, cook_id) VALUES (76, 69);
INSERT INTO recipe_cook(recipe_id, cook_id) VALUES (76, 81);
INSERT INTO recipe_cook(recipe_id, cook_id) VALUES (76, 87);
INSERT INTO recipe_cook(recipe_id, cook_id) VALUES (76, 85);
INSERT INTO recipe_cook(recipe_id, cook_id) VALUES (76, 5);
INSERT INTO recipe_cook(recipe_id, cook_id) VALUES (76, 61);
INSERT INTO recipe_cook(recipe_id, cook_id) VALUES (76, 23);
INSERT INTO recipe_cook(recipe_id, cook_id) VALUES (76, 80);
INSERT INTO recipe_cook(recipe_id, cook_id) VALUES (76, 200);
INSERT INTO recipe_cook(recipe_id, cook_id) VALUES (76, 162);
INSERT INTO recipe_cook(recipe_id, cook_id) VALUES (76, 51);
INSERT INTO recipe_cook(recipe_id, cook_id) VALUES (76, 64);
INSERT INTO recipe_cook(recipe_id, cook_id) VALUES (76, 13);
INSERT INTO recipe_cook(recipe_id, cook_id) VALUES (76, 124);
INSERT INTO recipe_cook(recipe_id, cook_id) VALUES (76, 174);
INSERT INTO recipe_cook(recipe_id, cook_id) VALUES (76, 56);
INSERT INTO recipe_cook(recipe_id, cook_id) VALUES (76, 181);
INSERT INTO recipe_cook(recipe_id, cook_id) VALUES (76, 32);
INSERT INTO recipe_cook(recipe_id, cook_id) VALUES (76, 114);
INSERT INTO recipe_cook(recipe_id, cook_id) VALUES (76, 63);
INSERT INTO recipe_cook(recipe_id, cook_id) VALUES (76, 135);
INSERT INTO recipe_cook(recipe_id, cook_id) VALUES (76, 34);
INSERT INTO recipe_cook(recipe_id, cook_id) VALUES (76, 137);
INSERT INTO recipe_cook(recipe_id, cook_id) VALUES (76, 37);
INSERT INTO recipe_cook(recipe_id, cook_id) VALUES (76, 18);
INSERT INTO recipe_cook(recipe_id, cook_id) VALUES (76, 9);
INSERT INTO recipe_cook(recipe_id, cook_id) VALUES (76, 177);
INSERT INTO recipe_cook(recipe_id, cook_id) VALUES (76, 119);
INSERT INTO recipe_cook(recipe_id, cook_id) VALUES (76, 97);
INSERT INTO recipe_cook(recipe_id, cook_id) VALUES (76, 166);
INSERT INTO recipe_cook(recipe_id, cook_id) VALUES (76, 144);
INSERT INTO recipe_cook(recipe_id, cook_id) VALUES (76, 172);
INSERT INTO recipe_cook(recipe_id, cook_id) VALUES (76, 20);
INSERT INTO recipe_cook(recipe_id, cook_id) VALUES (76, 173);
INSERT INTO recipe_cook(recipe_id, cook_id) VALUES (76, 198);
INSERT INTO recipe_cook(recipe_id, cook_id) VALUES (76, 90);
INSERT INTO recipe_cook(recipe_id, cook_id) VALUES (76, 33);
INSERT INTO recipe_cook(recipe_id, cook_id) VALUES (76, 25);
INSERT INTO recipe_cook(recipe_id, cook_id) VALUES (76, 39);
INSERT INTO recipe_cook(recipe_id, cook_id) VALUES (76, 148);
INSERT INTO recipe_cook(recipe_id, cook_id) VALUES (76, 60);
INSERT INTO recipe_cook(recipe_id, cook_id) VALUES (76, 77);
INSERT INTO recipe_cook(recipe_id, cook_id) VALUES (76, 67);
INSERT INTO recipe_cook(recipe_id, cook_id) VALUES (76, 100);
INSERT INTO recipe_cook(recipe_id, cook_id) VALUES (76, 26);
INSERT INTO recipe_cook(recipe_id, cook_id) VALUES (76, 68);
INSERT INTO recipe_cook(recipe_id, cook_id) VALUES (76, 7);
INSERT INTO recipe_cook(recipe_id, cook_id) VALUES (76, 41);
INSERT INTO recipe_cook(recipe_id, cook_id) VALUES (76, 185);
INSERT INTO recipe_cook(recipe_id, cook_id) VALUES (76, 1);
INSERT INTO recipe_cook(recipe_id, cook_id) VALUES (76, 103);
INSERT INTO recipe_cook(recipe_id, cook_id) VALUES (76, 130);
INSERT INTO recipe_cook(recipe_id, cook_id) VALUES (76, 14);
INSERT INTO recipe_cook(recipe_id, cook_id) VALUES (76, 194);
INSERT INTO recipe_cook(recipe_id, cook_id) VALUES (76, 142);
INSERT INTO recipe_cook(recipe_id, cook_id) VALUES (76, 165);
INSERT INTO recipe_cook(recipe_id, cook_id) VALUES (76, 187);
INSERT INTO recipe_cook(recipe_id, cook_id) VALUES (76, 118);
INSERT INTO recipe_cook(recipe_id, cook_id) VALUES (76, 8);
INSERT INTO recipe_cook(recipe_id, cook_id) VALUES (76, 101);
INSERT INTO recipe_cook(recipe_id, cook_id) VALUES (76, 113);
INSERT INTO recipe_cook(recipe_id, cook_id) VALUES (76, 159);
INSERT INTO recipe_cook(recipe_id, cook_id) VALUES (76, 75);
INSERT INTO recipe_cook(recipe_id, cook_id) VALUES (76, 129);
INSERT INTO recipe_cook(recipe_id, cook_id) VALUES (76, 138);
INSERT INTO recipe_cook(recipe_id, cook_id) VALUES (76, 44);
INSERT INTO recipe_cook(recipe_id, cook_id) VALUES (76, 45);
INSERT INTO recipe_cook(recipe_id, cook_id) VALUES (76, 121);
INSERT INTO recipe_cook(recipe_id, cook_id) VALUES (76, 196);
INSERT INTO recipe_cook(recipe_id, cook_id) VALUES (76, 141);
INSERT INTO recipe_cook(recipe_id, cook_id) VALUES (76, 136);
INSERT INTO recipe_cook(recipe_id, cook_id) VALUES (76, 149);
INSERT INTO recipe_cook(recipe_id, cook_id) VALUES (76, 189);
INSERT INTO recipe_cook(recipe_id, cook_id) VALUES (76, 66);
INSERT INTO recipe_cook(recipe_id, cook_id) VALUES (76, 175);
INSERT INTO recipe_cook(recipe_id, cook_id) VALUES (76, 131);
INSERT INTO recipe_cook(recipe_id, cook_id) VALUES (76, 151);
INSERT INTO recipe_cook(recipe_id, cook_id) VALUES (76, 29);
INSERT INTO recipe_cook(recipe_id, cook_id) VALUES (76, 169);
INSERT INTO recipe_cook(recipe_id, cook_id) VALUES (76, 157);
INSERT INTO recipe_cook(recipe_id, cook_id) VALUES (76, 38);
INSERT INTO recipe_cook(recipe_id, cook_id) VALUES (76, 116);
INSERT INTO recipe_cook(recipe_id, cook_id) VALUES (76, 122);
INSERT INTO recipe_cook(recipe_id, cook_id) VALUES (76, 16);
INSERT INTO recipe_cook(recipe_id, cook_id) VALUES (76, 2);
INSERT INTO recipe_cook(recipe_id, cook_id) VALUES (76, 15);
INSERT INTO recipe_cook(recipe_id, cook_id) VALUES (76, 17);
INSERT INTO recipe_cook(recipe_id, cook_id) VALUES (76, 72);
INSERT INTO recipe_cook(recipe_id, cook_id) VALUES (76, 98);
INSERT INTO recipe_cook(recipe_id, cook_id) VALUES (76, 22);
INSERT INTO recipe_cook(recipe_id, cook_id) VALUES (76, 57);
INSERT INTO recipe_cook(recipe_id, cook_id) VALUES (76, 152);
INSERT INTO recipe_cook(recipe_id, cook_id) VALUES (76, 40);
INSERT INTO recipe_cook(recipe_id, cook_id) VALUES (76, 95);
INSERT INTO recipe_cook(recipe_id, cook_id) VALUES (76, 48);
INSERT INTO recipe_cook(recipe_id, cook_id) VALUES (76, 49);
INSERT INTO recipe_cook(recipe_id, cook_id) VALUES (76, 53);
INSERT INTO recipe_cook(recipe_id, cook_id) VALUES (76, 110);
INSERT INTO recipe_cook(recipe_id, cook_id) VALUES (76, 28);
INSERT INTO recipe_cook(recipe_id, cook_id) VALUES (76, 107);
INSERT INTO recipe_cook(recipe_id, cook_id) VALUES (76, 62);
INSERT INTO recipe_cook(recipe_id, cook_id) VALUES (76, 73);
INSERT INTO recipe_cook(recipe_id, cook_id) VALUES (76, 139);
INSERT INTO recipe_cook(recipe_id, cook_id) VALUES (76, 146);
INSERT INTO recipe_cook(recipe_id, cook_id) VALUES (76, 120);
INSERT INTO recipe_cook(recipe_id, cook_id) VALUES (76, 109);
INSERT INTO recipe_cook(recipe_id, cook_id) VALUES (76, 161);
INSERT INTO recipe_cook(recipe_id, cook_id) VALUES (76, 183);
INSERT INTO recipe_cook(recipe_id, cook_id) VALUES (76, 71);
INSERT INTO recipe_cook(recipe_id, cook_id) VALUES (76, 82);
INSERT INTO recipe_cook(recipe_id, cook_id) VALUES (76, 164);
INSERT INTO recipe_cook(recipe_id, cook_id) VALUES (76, 106);
INSERT INTO recipe_cook(recipe_id, cook_id) VALUES (76, 12);
INSERT INTO recipe_theme(recipe_id, theme_id) VALUES (76, 18);
INSERT INTO recipe_theme(recipe_id, theme_id) VALUES (76, 10);
INSERT INTO recipe_theme(recipe_id, theme_id) VALUES (76, 22);
INSERT INTO recipe_tip(recipe_id, tip_id) VALUES (76, 5);
INSERT INTO recipe_tip(recipe_id, tip_id) VALUES (76, 21);

INSERT INTO recipe(baking, cuisine_id, difficulty, title, recipe_description, prep_time, cook_time, portions, fat_portion, protein_portion, carbo_portion, picture, picture_description) VALUES(1, 43, 5,'Tabbouleh', 'Point we west school. Cup prove what medical. Up a morning music media seven. Pay art thus relate.', 35, 80, 5, 20, 5,5, 'https://placekitten.com/639/71', 'Always agency response suggest.');
INSERT INTO recipe_meal_type(recipe_id, meal_type_id) VALUES (77, 3);
INSERT INTO recipe_tag(recipe_id, tag_id) VALUES (77, 51);
INSERT INTO recipe_tag(recipe_id, tag_id) VALUES (77, 58);
INSERT INTO recipe_equipment(recipe_id, equipment_id, num) VALUES (77, 5, 2);
INSERT INTO recipe_equipment(recipe_id, equipment_id, num) VALUES (77, 20, 4);
INSERT INTO recipe_equipment(recipe_id, equipment_id, num) VALUES (77, 1, 3);
INSERT INTO recipe_cook(recipe_id, cook_id) VALUES (77, 142);
INSERT INTO recipe_cook(recipe_id, cook_id) VALUES (77, 70);
INSERT INTO recipe_cook(recipe_id, cook_id) VALUES (77, 134);
INSERT INTO recipe_cook(recipe_id, cook_id) VALUES (77, 44);
INSERT INTO recipe_cook(recipe_id, cook_id) VALUES (77, 59);
INSERT INTO recipe_cook(recipe_id, cook_id) VALUES (77, 135);
INSERT INTO recipe_cook(recipe_id, cook_id) VALUES (77, 122);
INSERT INTO recipe_cook(recipe_id, cook_id) VALUES (77, 1);
INSERT INTO recipe_cook(recipe_id, cook_id) VALUES (77, 125);
INSERT INTO recipe_cook(recipe_id, cook_id) VALUES (77, 10);
INSERT INTO recipe_cook(recipe_id, cook_id) VALUES (77, 192);
INSERT INTO recipe_cook(recipe_id, cook_id) VALUES (77, 156);
INSERT INTO recipe_cook(recipe_id, cook_id) VALUES (77, 18);
INSERT INTO recipe_cook(recipe_id, cook_id) VALUES (77, 103);
INSERT INTO recipe_cook(recipe_id, cook_id) VALUES (77, 168);
INSERT INTO recipe_cook(recipe_id, cook_id) VALUES (77, 200);
INSERT INTO recipe_cook(recipe_id, cook_id) VALUES (77, 131);
INSERT INTO recipe_cook(recipe_id, cook_id) VALUES (77, 86);
INSERT INTO recipe_cook(recipe_id, cook_id) VALUES (77, 138);
INSERT INTO recipe_cook(recipe_id, cook_id) VALUES (77, 60);
INSERT INTO recipe_cook(recipe_id, cook_id) VALUES (77, 165);
INSERT INTO recipe_cook(recipe_id, cook_id) VALUES (77, 37);
INSERT INTO recipe_cook(recipe_id, cook_id) VALUES (77, 175);
INSERT INTO recipe_cook(recipe_id, cook_id) VALUES (77, 111);
INSERT INTO recipe_cook(recipe_id, cook_id) VALUES (77, 30);
INSERT INTO recipe_cook(recipe_id, cook_id) VALUES (77, 40);
INSERT INTO recipe_cook(recipe_id, cook_id) VALUES (77, 31);
INSERT INTO recipe_cook(recipe_id, cook_id) VALUES (77, 82);
INSERT INTO recipe_cook(recipe_id, cook_id) VALUES (77, 69);
INSERT INTO recipe_cook(recipe_id, cook_id) VALUES (77, 107);
INSERT INTO recipe_cook(recipe_id, cook_id) VALUES (77, 101);
INSERT INTO recipe_cook(recipe_id, cook_id) VALUES (77, 15);
INSERT INTO recipe_cook(recipe_id, cook_id) VALUES (77, 195);
INSERT INTO recipe_cook(recipe_id, cook_id) VALUES (77, 57);
INSERT INTO recipe_cook(recipe_id, cook_id) VALUES (77, 163);
INSERT INTO recipe_cook(recipe_id, cook_id) VALUES (77, 169);
INSERT INTO recipe_cook(recipe_id, cook_id) VALUES (77, 83);
INSERT INTO recipe_cook(recipe_id, cook_id) VALUES (77, 139);
INSERT INTO recipe_cook(recipe_id, cook_id) VALUES (77, 146);
INSERT INTO recipe_cook(recipe_id, cook_id) VALUES (77, 9);
INSERT INTO recipe_cook(recipe_id, cook_id) VALUES (77, 88);
INSERT INTO recipe_cook(recipe_id, cook_id) VALUES (77, 147);
INSERT INTO recipe_cook(recipe_id, cook_id) VALUES (77, 189);
INSERT INTO recipe_cook(recipe_id, cook_id) VALUES (77, 173);
INSERT INTO recipe_cook(recipe_id, cook_id) VALUES (77, 98);
INSERT INTO recipe_cook(recipe_id, cook_id) VALUES (77, 77);
INSERT INTO recipe_cook(recipe_id, cook_id) VALUES (77, 4);
INSERT INTO recipe_cook(recipe_id, cook_id) VALUES (77, 95);
INSERT INTO recipe_cook(recipe_id, cook_id) VALUES (77, 42);
INSERT INTO recipe_cook(recipe_id, cook_id) VALUES (77, 186);
INSERT INTO recipe_cook(recipe_id, cook_id) VALUES (77, 124);
INSERT INTO recipe_cook(recipe_id, cook_id) VALUES (77, 158);
INSERT INTO recipe_cook(recipe_id, cook_id) VALUES (77, 199);
INSERT INTO recipe_cook(recipe_id, cook_id) VALUES (77, 74);
INSERT INTO recipe_cook(recipe_id, cook_id) VALUES (77, 170);
INSERT INTO recipe_cook(recipe_id, cook_id) VALUES (77, 162);
INSERT INTO recipe_cook(recipe_id, cook_id) VALUES (77, 121);
INSERT INTO recipe_cook(recipe_id, cook_id) VALUES (77, 178);
INSERT INTO recipe_cook(recipe_id, cook_id) VALUES (77, 160);
INSERT INTO recipe_cook(recipe_id, cook_id) VALUES (77, 196);
INSERT INTO recipe_cook(recipe_id, cook_id) VALUES (77, 129);
INSERT INTO recipe_cook(recipe_id, cook_id) VALUES (77, 25);
INSERT INTO recipe_cook(recipe_id, cook_id) VALUES (77, 39);
INSERT INTO recipe_cook(recipe_id, cook_id) VALUES (77, 106);
INSERT INTO recipe_theme(recipe_id, theme_id) VALUES (77, 18);
INSERT INTO recipe_tip(recipe_id, tip_id) VALUES (77, 37);
INSERT INTO recipe_tip(recipe_id, tip_id) VALUES (77, 6);

INSERT INTO recipe(baking, cuisine_id, difficulty, title, recipe_description, prep_time, cook_time, portions, fat_portion, protein_portion, carbo_portion, picture, picture_description) VALUES(0, 5, 2,'Chocolate Chip Cookies', 'While discuss head enter bar. Kind late tax building ground.', 125, 50, 2, 10, 15,75, 'https://picsum.photos/850/882', 'These age indicate her although develop.');
INSERT INTO recipe_meal_type(recipe_id, meal_type_id) VALUES (78, 3);
INSERT INTO recipe_tag(recipe_id, tag_id) VALUES (78, 35);
INSERT INTO recipe_tag(recipe_id, tag_id) VALUES (78, 73);
INSERT INTO recipe_tag(recipe_id, tag_id) VALUES (78, 42);
INSERT INTO recipe_equipment(recipe_id, equipment_id, num) VALUES (78, 17, 1);
INSERT INTO recipe_equipment(recipe_id, equipment_id, num) VALUES (78, 5, 2);
INSERT INTO recipe_equipment(recipe_id, equipment_id, num) VALUES (78, 9, 3);
INSERT INTO recipe_equipment(recipe_id, equipment_id, num) VALUES (78, 3, 4);
INSERT INTO recipe_equipment(recipe_id, equipment_id, num) VALUES (78, 14, 1);
INSERT INTO recipe_cook(recipe_id, cook_id) VALUES (78, 181);
INSERT INTO recipe_cook(recipe_id, cook_id) VALUES (78, 124);
INSERT INTO recipe_cook(recipe_id, cook_id) VALUES (78, 138);
INSERT INTO recipe_cook(recipe_id, cook_id) VALUES (78, 195);
INSERT INTO recipe_cook(recipe_id, cook_id) VALUES (78, 80);
INSERT INTO recipe_cook(recipe_id, cook_id) VALUES (78, 99);
INSERT INTO recipe_cook(recipe_id, cook_id) VALUES (78, 91);
INSERT INTO recipe_cook(recipe_id, cook_id) VALUES (78, 165);
INSERT INTO recipe_cook(recipe_id, cook_id) VALUES (78, 6);
INSERT INTO recipe_cook(recipe_id, cook_id) VALUES (78, 59);
INSERT INTO recipe_cook(recipe_id, cook_id) VALUES (78, 126);
INSERT INTO recipe_cook(recipe_id, cook_id) VALUES (78, 167);
INSERT INTO recipe_cook(recipe_id, cook_id) VALUES (78, 158);
INSERT INTO recipe_cook(recipe_id, cook_id) VALUES (78, 2);
INSERT INTO recipe_cook(recipe_id, cook_id) VALUES (78, 127);
INSERT INTO recipe_cook(recipe_id, cook_id) VALUES (78, 43);
INSERT INTO recipe_cook(recipe_id, cook_id) VALUES (78, 115);
INSERT INTO recipe_cook(recipe_id, cook_id) VALUES (78, 151);
INSERT INTO recipe_cook(recipe_id, cook_id) VALUES (78, 117);
INSERT INTO recipe_cook(recipe_id, cook_id) VALUES (78, 128);
INSERT INTO recipe_cook(recipe_id, cook_id) VALUES (78, 96);
INSERT INTO recipe_cook(recipe_id, cook_id) VALUES (78, 29);
INSERT INTO recipe_cook(recipe_id, cook_id) VALUES (78, 191);
INSERT INTO recipe_cook(recipe_id, cook_id) VALUES (78, 119);
INSERT INTO recipe_cook(recipe_id, cook_id) VALUES (78, 55);
INSERT INTO recipe_cook(recipe_id, cook_id) VALUES (78, 161);
INSERT INTO recipe_cook(recipe_id, cook_id) VALUES (78, 85);
INSERT INTO recipe_cook(recipe_id, cook_id) VALUES (78, 14);
INSERT INTO recipe_cook(recipe_id, cook_id) VALUES (78, 76);
INSERT INTO recipe_cook(recipe_id, cook_id) VALUES (78, 70);
INSERT INTO recipe_cook(recipe_id, cook_id) VALUES (78, 101);
INSERT INTO recipe_cook(recipe_id, cook_id) VALUES (78, 159);
INSERT INTO recipe_cook(recipe_id, cook_id) VALUES (78, 73);
INSERT INTO recipe_cook(recipe_id, cook_id) VALUES (78, 122);
INSERT INTO recipe_cook(recipe_id, cook_id) VALUES (78, 172);
INSERT INTO recipe_cook(recipe_id, cook_id) VALUES (78, 19);
INSERT INTO recipe_cook(recipe_id, cook_id) VALUES (78, 148);
INSERT INTO recipe_cook(recipe_id, cook_id) VALUES (78, 12);
INSERT INTO recipe_cook(recipe_id, cook_id) VALUES (78, 180);
INSERT INTO recipe_cook(recipe_id, cook_id) VALUES (78, 183);
INSERT INTO recipe_cook(recipe_id, cook_id) VALUES (78, 41);
INSERT INTO recipe_cook(recipe_id, cook_id) VALUES (78, 102);
INSERT INTO recipe_cook(recipe_id, cook_id) VALUES (78, 34);
INSERT INTO recipe_cook(recipe_id, cook_id) VALUES (78, 94);
INSERT INTO recipe_cook(recipe_id, cook_id) VALUES (78, 58);
INSERT INTO recipe_cook(recipe_id, cook_id) VALUES (78, 97);
INSERT INTO recipe_cook(recipe_id, cook_id) VALUES (78, 44);
INSERT INTO recipe_cook(recipe_id, cook_id) VALUES (78, 129);
INSERT INTO recipe_cook(recipe_id, cook_id) VALUES (78, 114);
INSERT INTO recipe_cook(recipe_id, cook_id) VALUES (78, 168);
INSERT INTO recipe_cook(recipe_id, cook_id) VALUES (78, 150);
INSERT INTO recipe_cook(recipe_id, cook_id) VALUES (78, 136);
INSERT INTO recipe_cook(recipe_id, cook_id) VALUES (78, 193);
INSERT INTO recipe_cook(recipe_id, cook_id) VALUES (78, 7);
INSERT INTO recipe_cook(recipe_id, cook_id) VALUES (78, 5);
INSERT INTO recipe_cook(recipe_id, cook_id) VALUES (78, 179);
INSERT INTO recipe_cook(recipe_id, cook_id) VALUES (78, 112);
INSERT INTO recipe_cook(recipe_id, cook_id) VALUES (78, 196);
INSERT INTO recipe_cook(recipe_id, cook_id) VALUES (78, 199);
INSERT INTO recipe_cook(recipe_id, cook_id) VALUES (78, 35);
INSERT INTO recipe_cook(recipe_id, cook_id) VALUES (78, 37);
INSERT INTO recipe_cook(recipe_id, cook_id) VALUES (78, 111);
INSERT INTO recipe_cook(recipe_id, cook_id) VALUES (78, 60);
INSERT INTO recipe_cook(recipe_id, cook_id) VALUES (78, 157);
INSERT INTO recipe_cook(recipe_id, cook_id) VALUES (78, 177);
INSERT INTO recipe_cook(recipe_id, cook_id) VALUES (78, 164);
INSERT INTO recipe_cook(recipe_id, cook_id) VALUES (78, 108);
INSERT INTO recipe_cook(recipe_id, cook_id) VALUES (78, 188);
INSERT INTO recipe_cook(recipe_id, cook_id) VALUES (78, 121);
INSERT INTO recipe_cook(recipe_id, cook_id) VALUES (78, 39);
INSERT INTO recipe_cook(recipe_id, cook_id) VALUES (78, 192);
INSERT INTO recipe_cook(recipe_id, cook_id) VALUES (78, 175);
INSERT INTO recipe_cook(recipe_id, cook_id) VALUES (78, 36);
INSERT INTO recipe_cook(recipe_id, cook_id) VALUES (78, 118);
INSERT INTO recipe_cook(recipe_id, cook_id) VALUES (78, 22);
INSERT INTO recipe_cook(recipe_id, cook_id) VALUES (78, 20);
INSERT INTO recipe_cook(recipe_id, cook_id) VALUES (78, 116);
INSERT INTO recipe_cook(recipe_id, cook_id) VALUES (78, 90);
INSERT INTO recipe_cook(recipe_id, cook_id) VALUES (78, 130);
INSERT INTO recipe_cook(recipe_id, cook_id) VALUES (78, 98);
INSERT INTO recipe_cook(recipe_id, cook_id) VALUES (78, 139);
INSERT INTO recipe_cook(recipe_id, cook_id) VALUES (78, 9);
INSERT INTO recipe_cook(recipe_id, cook_id) VALUES (78, 95);
INSERT INTO recipe_cook(recipe_id, cook_id) VALUES (78, 143);
INSERT INTO recipe_cook(recipe_id, cook_id) VALUES (78, 38);
INSERT INTO recipe_cook(recipe_id, cook_id) VALUES (78, 3);
INSERT INTO recipe_cook(recipe_id, cook_id) VALUES (78, 173);
INSERT INTO recipe_cook(recipe_id, cook_id) VALUES (78, 186);
INSERT INTO recipe_cook(recipe_id, cook_id) VALUES (78, 131);
INSERT INTO recipe_cook(recipe_id, cook_id) VALUES (78, 169);
INSERT INTO recipe_cook(recipe_id, cook_id) VALUES (78, 42);
INSERT INTO recipe_cook(recipe_id, cook_id) VALUES (78, 160);
INSERT INTO recipe_cook(recipe_id, cook_id) VALUES (78, 1);
INSERT INTO recipe_cook(recipe_id, cook_id) VALUES (78, 142);
INSERT INTO recipe_cook(recipe_id, cook_id) VALUES (78, 137);
INSERT INTO recipe_cook(recipe_id, cook_id) VALUES (78, 163);
INSERT INTO recipe_cook(recipe_id, cook_id) VALUES (78, 123);
INSERT INTO recipe_cook(recipe_id, cook_id) VALUES (78, 182);
INSERT INTO recipe_cook(recipe_id, cook_id) VALUES (78, 107);
INSERT INTO recipe_cook(recipe_id, cook_id) VALUES (78, 47);
INSERT INTO recipe_cook(recipe_id, cook_id) VALUES (78, 166);
INSERT INTO recipe_cook(recipe_id, cook_id) VALUES (78, 185);
INSERT INTO recipe_cook(recipe_id, cook_id) VALUES (78, 145);
INSERT INTO recipe_cook(recipe_id, cook_id) VALUES (78, 51);
INSERT INTO recipe_cook(recipe_id, cook_id) VALUES (78, 170);
INSERT INTO recipe_cook(recipe_id, cook_id) VALUES (78, 132);
INSERT INTO recipe_cook(recipe_id, cook_id) VALUES (78, 26);
INSERT INTO recipe_cook(recipe_id, cook_id) VALUES (78, 92);
INSERT INTO recipe_cook(recipe_id, cook_id) VALUES (78, 176);
INSERT INTO recipe_cook(recipe_id, cook_id) VALUES (78, 100);
INSERT INTO recipe_cook(recipe_id, cook_id) VALUES (78, 57);
INSERT INTO recipe_cook(recipe_id, cook_id) VALUES (78, 61);
INSERT INTO recipe_cook(recipe_id, cook_id) VALUES (78, 40);
INSERT INTO recipe_cook(recipe_id, cook_id) VALUES (78, 125);
INSERT INTO recipe_cook(recipe_id, cook_id) VALUES (78, 89);
INSERT INTO recipe_cook(recipe_id, cook_id) VALUES (78, 113);
INSERT INTO recipe_cook(recipe_id, cook_id) VALUES (78, 13);
INSERT INTO recipe_cook(recipe_id, cook_id) VALUES (78, 52);
INSERT INTO recipe_cook(recipe_id, cook_id) VALUES (78, 133);
INSERT INTO recipe_cook(recipe_id, cook_id) VALUES (78, 93);
INSERT INTO recipe_cook(recipe_id, cook_id) VALUES (78, 162);
INSERT INTO recipe_cook(recipe_id, cook_id) VALUES (78, 48);
INSERT INTO recipe_cook(recipe_id, cook_id) VALUES (78, 135);
INSERT INTO recipe_cook(recipe_id, cook_id) VALUES (78, 69);
INSERT INTO recipe_cook(recipe_id, cook_id) VALUES (78, 50);
INSERT INTO recipe_cook(recipe_id, cook_id) VALUES (78, 24);
INSERT INTO recipe_cook(recipe_id, cook_id) VALUES (78, 134);
INSERT INTO recipe_cook(recipe_id, cook_id) VALUES (78, 154);
INSERT INTO recipe_cook(recipe_id, cook_id) VALUES (78, 68);
INSERT INTO recipe_cook(recipe_id, cook_id) VALUES (78, 88);
INSERT INTO recipe_cook(recipe_id, cook_id) VALUES (78, 46);
INSERT INTO recipe_cook(recipe_id, cook_id) VALUES (78, 74);
INSERT INTO recipe_cook(recipe_id, cook_id) VALUES (78, 87);
INSERT INTO recipe_cook(recipe_id, cook_id) VALUES (78, 146);
INSERT INTO recipe_cook(recipe_id, cook_id) VALUES (78, 71);
INSERT INTO recipe_cook(recipe_id, cook_id) VALUES (78, 178);
INSERT INTO recipe_cook(recipe_id, cook_id) VALUES (78, 120);
INSERT INTO recipe_cook(recipe_id, cook_id) VALUES (78, 187);
INSERT INTO recipe_cook(recipe_id, cook_id) VALUES (78, 171);
INSERT INTO recipe_cook(recipe_id, cook_id) VALUES (78, 75);
INSERT INTO recipe_cook(recipe_id, cook_id) VALUES (78, 155);
INSERT INTO recipe_cook(recipe_id, cook_id) VALUES (78, 198);
INSERT INTO recipe_cook(recipe_id, cook_id) VALUES (78, 77);
INSERT INTO recipe_cook(recipe_id, cook_id) VALUES (78, 153);
INSERT INTO recipe_cook(recipe_id, cook_id) VALUES (78, 65);
INSERT INTO recipe_cook(recipe_id, cook_id) VALUES (78, 104);
INSERT INTO recipe_cook(recipe_id, cook_id) VALUES (78, 190);
INSERT INTO recipe_cook(recipe_id, cook_id) VALUES (78, 32);
INSERT INTO recipe_cook(recipe_id, cook_id) VALUES (78, 83);
INSERT INTO recipe_cook(recipe_id, cook_id) VALUES (78, 189);
INSERT INTO recipe_cook(recipe_id, cook_id) VALUES (78, 10);
INSERT INTO recipe_cook(recipe_id, cook_id) VALUES (78, 140);
INSERT INTO recipe_cook(recipe_id, cook_id) VALUES (78, 45);
INSERT INTO recipe_cook(recipe_id, cook_id) VALUES (78, 31);
INSERT INTO recipe_cook(recipe_id, cook_id) VALUES (78, 200);
INSERT INTO recipe_cook(recipe_id, cook_id) VALUES (78, 11);
INSERT INTO recipe_cook(recipe_id, cook_id) VALUES (78, 28);
INSERT INTO recipe_cook(recipe_id, cook_id) VALUES (78, 53);
INSERT INTO recipe_cook(recipe_id, cook_id) VALUES (78, 21);
INSERT INTO recipe_cook(recipe_id, cook_id) VALUES (78, 103);
INSERT INTO recipe_cook(recipe_id, cook_id) VALUES (78, 49);
INSERT INTO recipe_cook(recipe_id, cook_id) VALUES (78, 197);
INSERT INTO recipe_cook(recipe_id, cook_id) VALUES (78, 109);
INSERT INTO recipe_cook(recipe_id, cook_id) VALUES (78, 54);
INSERT INTO recipe_cook(recipe_id, cook_id) VALUES (78, 152);
INSERT INTO recipe_cook(recipe_id, cook_id) VALUES (78, 25);
INSERT INTO recipe_cook(recipe_id, cook_id) VALUES (78, 141);
INSERT INTO recipe_cook(recipe_id, cook_id) VALUES (78, 156);
INSERT INTO recipe_cook(recipe_id, cook_id) VALUES (78, 147);
INSERT INTO recipe_theme(recipe_id, theme_id) VALUES (78, 23);
INSERT INTO recipe_theme(recipe_id, theme_id) VALUES (78, 28);
INSERT INTO recipe_tip(recipe_id, tip_id) VALUES (78, 37);
INSERT INTO recipe_tip(recipe_id, tip_id) VALUES (78, 3);
INSERT INTO recipe_tip(recipe_id, tip_id) VALUES (78, 35);

INSERT INTO recipe(baking, cuisine_id, difficulty, title, recipe_description, prep_time, cook_time, portions, fat_portion, protein_portion, carbo_portion, picture, picture_description) VALUES(1, 27, 5,'Spring Rolls', 'Activity south develop mind charge seat. Own win conference. Sense kind summer experience hospital.', 25, 30, 5, 10, 55,30, 'https://picsum.photos/700/496', 'Price turn feel professional thousand this.');
INSERT INTO recipe_meal_type(recipe_id, meal_type_id) VALUES (79, 5);
INSERT INTO recipe_tag(recipe_id, tag_id) VALUES (79, 60);
INSERT INTO recipe_tag(recipe_id, tag_id) VALUES (79, 66);
INSERT INTO recipe_tag(recipe_id, tag_id) VALUES (79, 47);
INSERT INTO recipe_tag(recipe_id, tag_id) VALUES (79, 63);
INSERT INTO recipe_tag(recipe_id, tag_id) VALUES (79, 59);
INSERT INTO recipe_tag(recipe_id, tag_id) VALUES (79, 55);
INSERT INTO recipe_tag(recipe_id, tag_id) VALUES (79, 81);
INSERT INTO recipe_tag(recipe_id, tag_id) VALUES (79, 31);
INSERT INTO recipe_equipment(recipe_id, equipment_id, num) VALUES (79, 8, 2);
INSERT INTO recipe_equipment(recipe_id, equipment_id, num) VALUES (79, 2, 4);
INSERT INTO recipe_equipment(recipe_id, equipment_id, num) VALUES (79, 13, 2);
INSERT INTO recipe_equipment(recipe_id, equipment_id, num) VALUES (79, 11, 3);
INSERT INTO recipe_cook(recipe_id, cook_id) VALUES (79, 154);
INSERT INTO recipe_cook(recipe_id, cook_id) VALUES (79, 174);
INSERT INTO recipe_cook(recipe_id, cook_id) VALUES (79, 50);
INSERT INTO recipe_cook(recipe_id, cook_id) VALUES (79, 95);
INSERT INTO recipe_cook(recipe_id, cook_id) VALUES (79, 127);
INSERT INTO recipe_cook(recipe_id, cook_id) VALUES (79, 150);
INSERT INTO recipe_cook(recipe_id, cook_id) VALUES (79, 165);
INSERT INTO recipe_cook(recipe_id, cook_id) VALUES (79, 191);
INSERT INTO recipe_cook(recipe_id, cook_id) VALUES (79, 27);
INSERT INTO recipe_cook(recipe_id, cook_id) VALUES (79, 72);
INSERT INTO recipe_cook(recipe_id, cook_id) VALUES (79, 59);
INSERT INTO recipe_cook(recipe_id, cook_id) VALUES (79, 2);
INSERT INTO recipe_cook(recipe_id, cook_id) VALUES (79, 80);
INSERT INTO recipe_cook(recipe_id, cook_id) VALUES (79, 6);
INSERT INTO recipe_cook(recipe_id, cook_id) VALUES (79, 135);
INSERT INTO recipe_cook(recipe_id, cook_id) VALUES (79, 20);
INSERT INTO recipe_cook(recipe_id, cook_id) VALUES (79, 166);
INSERT INTO recipe_cook(recipe_id, cook_id) VALUES (79, 58);
INSERT INTO recipe_cook(recipe_id, cook_id) VALUES (79, 170);
INSERT INTO recipe_cook(recipe_id, cook_id) VALUES (79, 99);
INSERT INTO recipe_cook(recipe_id, cook_id) VALUES (79, 125);
INSERT INTO recipe_cook(recipe_id, cook_id) VALUES (79, 100);
INSERT INTO recipe_cook(recipe_id, cook_id) VALUES (79, 179);
INSERT INTO recipe_cook(recipe_id, cook_id) VALUES (79, 115);
INSERT INTO recipe_cook(recipe_id, cook_id) VALUES (79, 63);
INSERT INTO recipe_cook(recipe_id, cook_id) VALUES (79, 93);
INSERT INTO recipe_cook(recipe_id, cook_id) VALUES (79, 108);
INSERT INTO recipe_cook(recipe_id, cook_id) VALUES (79, 74);
INSERT INTO recipe_cook(recipe_id, cook_id) VALUES (79, 94);
INSERT INTO recipe_cook(recipe_id, cook_id) VALUES (79, 88);
INSERT INTO recipe_cook(recipe_id, cook_id) VALUES (79, 40);
INSERT INTO recipe_cook(recipe_id, cook_id) VALUES (79, 106);
INSERT INTO recipe_cook(recipe_id, cook_id) VALUES (79, 53);
INSERT INTO recipe_cook(recipe_id, cook_id) VALUES (79, 16);
INSERT INTO recipe_cook(recipe_id, cook_id) VALUES (79, 47);
INSERT INTO recipe_cook(recipe_id, cook_id) VALUES (79, 21);
INSERT INTO recipe_cook(recipe_id, cook_id) VALUES (79, 144);
INSERT INTO recipe_cook(recipe_id, cook_id) VALUES (79, 131);
INSERT INTO recipe_cook(recipe_id, cook_id) VALUES (79, 143);
INSERT INTO recipe_cook(recipe_id, cook_id) VALUES (79, 77);
INSERT INTO recipe_cook(recipe_id, cook_id) VALUES (79, 35);
INSERT INTO recipe_cook(recipe_id, cook_id) VALUES (79, 98);
INSERT INTO recipe_cook(recipe_id, cook_id) VALUES (79, 128);
INSERT INTO recipe_cook(recipe_id, cook_id) VALUES (79, 57);
INSERT INTO recipe_cook(recipe_id, cook_id) VALUES (79, 65);
INSERT INTO recipe_cook(recipe_id, cook_id) VALUES (79, 32);
INSERT INTO recipe_cook(recipe_id, cook_id) VALUES (79, 136);
INSERT INTO recipe_cook(recipe_id, cook_id) VALUES (79, 129);
INSERT INTO recipe_cook(recipe_id, cook_id) VALUES (79, 177);
INSERT INTO recipe_cook(recipe_id, cook_id) VALUES (79, 48);
INSERT INTO recipe_cook(recipe_id, cook_id) VALUES (79, 1);
INSERT INTO recipe_cook(recipe_id, cook_id) VALUES (79, 92);
INSERT INTO recipe_cook(recipe_id, cook_id) VALUES (79, 148);
INSERT INTO recipe_cook(recipe_id, cook_id) VALUES (79, 193);
INSERT INTO recipe_cook(recipe_id, cook_id) VALUES (79, 151);
INSERT INTO recipe_cook(recipe_id, cook_id) VALUES (79, 13);
INSERT INTO recipe_cook(recipe_id, cook_id) VALUES (79, 139);
INSERT INTO recipe_cook(recipe_id, cook_id) VALUES (79, 14);
INSERT INTO recipe_cook(recipe_id, cook_id) VALUES (79, 84);
INSERT INTO recipe_cook(recipe_id, cook_id) VALUES (79, 68);
INSERT INTO recipe_cook(recipe_id, cook_id) VALUES (79, 175);
INSERT INTO recipe_cook(recipe_id, cook_id) VALUES (79, 49);
INSERT INTO recipe_cook(recipe_id, cook_id) VALUES (79, 97);
INSERT INTO recipe_cook(recipe_id, cook_id) VALUES (79, 51);
INSERT INTO recipe_cook(recipe_id, cook_id) VALUES (79, 9);
INSERT INTO recipe_cook(recipe_id, cook_id) VALUES (79, 185);
INSERT INTO recipe_cook(recipe_id, cook_id) VALUES (79, 107);
INSERT INTO recipe_cook(recipe_id, cook_id) VALUES (79, 109);
INSERT INTO recipe_cook(recipe_id, cook_id) VALUES (79, 3);
INSERT INTO recipe_cook(recipe_id, cook_id) VALUES (79, 199);
INSERT INTO recipe_cook(recipe_id, cook_id) VALUES (79, 105);
INSERT INTO recipe_cook(recipe_id, cook_id) VALUES (79, 91);
INSERT INTO recipe_cook(recipe_id, cook_id) VALUES (79, 61);
INSERT INTO recipe_cook(recipe_id, cook_id) VALUES (79, 152);
INSERT INTO recipe_cook(recipe_id, cook_id) VALUES (79, 168);
INSERT INTO recipe_cook(recipe_id, cook_id) VALUES (79, 161);
INSERT INTO recipe_cook(recipe_id, cook_id) VALUES (79, 23);
INSERT INTO recipe_theme(recipe_id, theme_id) VALUES (79, 40);
INSERT INTO recipe_tip(recipe_id, tip_id) VALUES (79, 27);

INSERT INTO recipe(baking, cuisine_id, difficulty, title, recipe_description, prep_time, cook_time, portions, fat_portion, protein_portion, carbo_portion, picture, picture_description) VALUES(0, 17, 1,'Deviled Eggs', 'Smile seven forget else good happen art. Look human recently seven.', 15, 120, 1, 20, 20,50, 'https://placekitten.com/688/256', 'Though doctor involve discussion traditional very upon necessary.');
INSERT INTO recipe_meal_type(recipe_id, meal_type_id) VALUES (80, 4);
INSERT INTO recipe_tag(recipe_id, tag_id) VALUES (80, 58);
INSERT INTO recipe_tag(recipe_id, tag_id) VALUES (80, 37);
INSERT INTO recipe_tag(recipe_id, tag_id) VALUES (80, 9);
INSERT INTO recipe_equipment(recipe_id, equipment_id, num) VALUES (80, 3, 1);
INSERT INTO recipe_equipment(recipe_id, equipment_id, num) VALUES (80, 11, 1);
INSERT INTO recipe_equipment(recipe_id, equipment_id, num) VALUES (80, 12, 3);
INSERT INTO recipe_equipment(recipe_id, equipment_id, num) VALUES (80, 5, 1);
INSERT INTO recipe_equipment(recipe_id, equipment_id, num) VALUES (80, 10, 4);
INSERT INTO recipe_cook(recipe_id, cook_id) VALUES (80, 109);
INSERT INTO recipe_cook(recipe_id, cook_id) VALUES (80, 149);
INSERT INTO recipe_cook(recipe_id, cook_id) VALUES (80, 128);
INSERT INTO recipe_cook(recipe_id, cook_id) VALUES (80, 186);
INSERT INTO recipe_cook(recipe_id, cook_id) VALUES (80, 27);
INSERT INTO recipe_cook(recipe_id, cook_id) VALUES (80, 35);
INSERT INTO recipe_cook(recipe_id, cook_id) VALUES (80, 13);
INSERT INTO recipe_cook(recipe_id, cook_id) VALUES (80, 82);
INSERT INTO recipe_cook(recipe_id, cook_id) VALUES (80, 172);
INSERT INTO recipe_cook(recipe_id, cook_id) VALUES (80, 86);
INSERT INTO recipe_cook(recipe_id, cook_id) VALUES (80, 17);
INSERT INTO recipe_cook(recipe_id, cook_id) VALUES (80, 71);
INSERT INTO recipe_theme(recipe_id, theme_id) VALUES (80, 7);
INSERT INTO recipe_tip(recipe_id, tip_id) VALUES (80, 26);

INSERT INTO recipe(baking, cuisine_id, difficulty, title, recipe_description, prep_time, cook_time, portions, fat_portion, protein_portion, carbo_portion, picture, picture_description) VALUES(1, 33, 5,'Nachos', 'Vote plant trial season art. Herself customer three professional glass author.', 115, 70, 4, 20, 30,85, 'https://picsum.photos/851/121', 'Answer common section environment worry.');
INSERT INTO recipe_meal_type(recipe_id, meal_type_id) VALUES (81, 4);
INSERT INTO recipe_tag(recipe_id, tag_id) VALUES (81, 45);
INSERT INTO recipe_tag(recipe_id, tag_id) VALUES (81, 44);
INSERT INTO recipe_tag(recipe_id, tag_id) VALUES (81, 56);
INSERT INTO recipe_tag(recipe_id, tag_id) VALUES (81, 52);
INSERT INTO recipe_tag(recipe_id, tag_id) VALUES (81, 27);
INSERT INTO recipe_tag(recipe_id, tag_id) VALUES (81, 11);
INSERT INTO recipe_equipment(recipe_id, equipment_id, num) VALUES (81, 7, 3);
INSERT INTO recipe_equipment(recipe_id, equipment_id, num) VALUES (81, 16, 1);
INSERT INTO recipe_equipment(recipe_id, equipment_id, num) VALUES (81, 8, 3);
INSERT INTO recipe_equipment(recipe_id, equipment_id, num) VALUES (81, 10, 1);
INSERT INTO recipe_equipment(recipe_id, equipment_id, num) VALUES (81, 4, 2);
INSERT INTO recipe_cook(recipe_id, cook_id) VALUES (81, 153);
INSERT INTO recipe_cook(recipe_id, cook_id) VALUES (81, 198);
INSERT INTO recipe_cook(recipe_id, cook_id) VALUES (81, 63);
INSERT INTO recipe_cook(recipe_id, cook_id) VALUES (81, 30);
INSERT INTO recipe_cook(recipe_id, cook_id) VALUES (81, 160);
INSERT INTO recipe_cook(recipe_id, cook_id) VALUES (81, 125);
INSERT INTO recipe_cook(recipe_id, cook_id) VALUES (81, 165);
INSERT INTO recipe_cook(recipe_id, cook_id) VALUES (81, 49);
INSERT INTO recipe_cook(recipe_id, cook_id) VALUES (81, 62);
INSERT INTO recipe_cook(recipe_id, cook_id) VALUES (81, 166);
INSERT INTO recipe_cook(recipe_id, cook_id) VALUES (81, 163);
INSERT INTO recipe_cook(recipe_id, cook_id) VALUES (81, 174);
INSERT INTO recipe_cook(recipe_id, cook_id) VALUES (81, 57);
INSERT INTO recipe_cook(recipe_id, cook_id) VALUES (81, 124);
INSERT INTO recipe_cook(recipe_id, cook_id) VALUES (81, 60);
INSERT INTO recipe_cook(recipe_id, cook_id) VALUES (81, 144);
INSERT INTO recipe_cook(recipe_id, cook_id) VALUES (81, 78);
INSERT INTO recipe_cook(recipe_id, cook_id) VALUES (81, 85);
INSERT INTO recipe_cook(recipe_id, cook_id) VALUES (81, 72);
INSERT INTO recipe_cook(recipe_id, cook_id) VALUES (81, 101);
INSERT INTO recipe_cook(recipe_id, cook_id) VALUES (81, 118);
INSERT INTO recipe_cook(recipe_id, cook_id) VALUES (81, 52);
INSERT INTO recipe_cook(recipe_id, cook_id) VALUES (81, 180);
INSERT INTO recipe_cook(recipe_id, cook_id) VALUES (81, 161);
INSERT INTO recipe_cook(recipe_id, cook_id) VALUES (81, 126);
INSERT INTO recipe_cook(recipe_id, cook_id) VALUES (81, 24);
INSERT INTO recipe_cook(recipe_id, cook_id) VALUES (81, 181);
INSERT INTO recipe_cook(recipe_id, cook_id) VALUES (81, 136);
INSERT INTO recipe_cook(recipe_id, cook_id) VALUES (81, 51);
INSERT INTO recipe_cook(recipe_id, cook_id) VALUES (81, 184);
INSERT INTO recipe_cook(recipe_id, cook_id) VALUES (81, 135);
INSERT INTO recipe_cook(recipe_id, cook_id) VALUES (81, 195);
INSERT INTO recipe_cook(recipe_id, cook_id) VALUES (81, 149);
INSERT INTO recipe_cook(recipe_id, cook_id) VALUES (81, 14);
INSERT INTO recipe_cook(recipe_id, cook_id) VALUES (81, 193);
INSERT INTO recipe_cook(recipe_id, cook_id) VALUES (81, 190);
INSERT INTO recipe_cook(recipe_id, cook_id) VALUES (81, 132);
INSERT INTO recipe_cook(recipe_id, cook_id) VALUES (81, 102);
INSERT INTO recipe_cook(recipe_id, cook_id) VALUES (81, 128);
INSERT INTO recipe_cook(recipe_id, cook_id) VALUES (81, 68);
INSERT INTO recipe_cook(recipe_id, cook_id) VALUES (81, 127);
INSERT INTO recipe_cook(recipe_id, cook_id) VALUES (81, 65);
INSERT INTO recipe_cook(recipe_id, cook_id) VALUES (81, 73);
INSERT INTO recipe_cook(recipe_id, cook_id) VALUES (81, 154);
INSERT INTO recipe_cook(recipe_id, cook_id) VALUES (81, 13);
INSERT INTO recipe_cook(recipe_id, cook_id) VALUES (81, 64);
INSERT INTO recipe_cook(recipe_id, cook_id) VALUES (81, 196);
INSERT INTO recipe_cook(recipe_id, cook_id) VALUES (81, 93);
INSERT INTO recipe_cook(recipe_id, cook_id) VALUES (81, 20);
INSERT INTO recipe_cook(recipe_id, cook_id) VALUES (81, 142);
INSERT INTO recipe_cook(recipe_id, cook_id) VALUES (81, 19);
INSERT INTO recipe_cook(recipe_id, cook_id) VALUES (81, 31);
INSERT INTO recipe_cook(recipe_id, cook_id) VALUES (81, 26);
INSERT INTO recipe_cook(recipe_id, cook_id) VALUES (81, 121);
INSERT INTO recipe_cook(recipe_id, cook_id) VALUES (81, 117);
INSERT INTO recipe_cook(recipe_id, cook_id) VALUES (81, 106);
INSERT INTO recipe_cook(recipe_id, cook_id) VALUES (81, 27);
INSERT INTO recipe_cook(recipe_id, cook_id) VALUES (81, 83);
INSERT INTO recipe_cook(recipe_id, cook_id) VALUES (81, 53);
INSERT INTO recipe_cook(recipe_id, cook_id) VALUES (81, 138);
INSERT INTO recipe_cook(recipe_id, cook_id) VALUES (81, 23);
INSERT INTO recipe_cook(recipe_id, cook_id) VALUES (81, 116);
INSERT INTO recipe_cook(recipe_id, cook_id) VALUES (81, 185);
INSERT INTO recipe_cook(recipe_id, cook_id) VALUES (81, 159);
INSERT INTO recipe_cook(recipe_id, cook_id) VALUES (81, 115);
INSERT INTO recipe_cook(recipe_id, cook_id) VALUES (81, 130);
INSERT INTO recipe_cook(recipe_id, cook_id) VALUES (81, 167);
INSERT INTO recipe_cook(recipe_id, cook_id) VALUES (81, 5);
INSERT INTO recipe_cook(recipe_id, cook_id) VALUES (81, 59);
INSERT INTO recipe_cook(recipe_id, cook_id) VALUES (81, 191);
INSERT INTO recipe_cook(recipe_id, cook_id) VALUES (81, 173);
INSERT INTO recipe_cook(recipe_id, cook_id) VALUES (81, 41);
INSERT INTO recipe_cook(recipe_id, cook_id) VALUES (81, 175);
INSERT INTO recipe_cook(recipe_id, cook_id) VALUES (81, 110);
INSERT INTO recipe_cook(recipe_id, cook_id) VALUES (81, 16);
INSERT INTO recipe_cook(recipe_id, cook_id) VALUES (81, 182);
INSERT INTO recipe_cook(recipe_id, cook_id) VALUES (81, 77);
INSERT INTO recipe_cook(recipe_id, cook_id) VALUES (81, 95);
INSERT INTO recipe_cook(recipe_id, cook_id) VALUES (81, 15);
INSERT INTO recipe_cook(recipe_id, cook_id) VALUES (81, 123);
INSERT INTO recipe_cook(recipe_id, cook_id) VALUES (81, 28);
INSERT INTO recipe_cook(recipe_id, cook_id) VALUES (81, 80);
INSERT INTO recipe_cook(recipe_id, cook_id) VALUES (81, 92);
INSERT INTO recipe_cook(recipe_id, cook_id) VALUES (81, 76);
INSERT INTO recipe_cook(recipe_id, cook_id) VALUES (81, 8);
INSERT INTO recipe_cook(recipe_id, cook_id) VALUES (81, 10);
INSERT INTO recipe_cook(recipe_id, cook_id) VALUES (81, 43);
INSERT INTO recipe_cook(recipe_id, cook_id) VALUES (81, 21);
INSERT INTO recipe_cook(recipe_id, cook_id) VALUES (81, 88);
INSERT INTO recipe_cook(recipe_id, cook_id) VALUES (81, 82);
INSERT INTO recipe_cook(recipe_id, cook_id) VALUES (81, 131);
INSERT INTO recipe_cook(recipe_id, cook_id) VALUES (81, 29);
INSERT INTO recipe_cook(recipe_id, cook_id) VALUES (81, 97);
INSERT INTO recipe_cook(recipe_id, cook_id) VALUES (81, 4);
INSERT INTO recipe_cook(recipe_id, cook_id) VALUES (81, 156);
INSERT INTO recipe_cook(recipe_id, cook_id) VALUES (81, 18);
INSERT INTO recipe_cook(recipe_id, cook_id) VALUES (81, 140);
INSERT INTO recipe_cook(recipe_id, cook_id) VALUES (81, 70);
INSERT INTO recipe_cook(recipe_id, cook_id) VALUES (81, 129);
INSERT INTO recipe_cook(recipe_id, cook_id) VALUES (81, 164);
INSERT INTO recipe_cook(recipe_id, cook_id) VALUES (81, 44);
INSERT INTO recipe_cook(recipe_id, cook_id) VALUES (81, 186);
INSERT INTO recipe_cook(recipe_id, cook_id) VALUES (81, 137);
INSERT INTO recipe_cook(recipe_id, cook_id) VALUES (81, 2);
INSERT INTO recipe_cook(recipe_id, cook_id) VALUES (81, 177);
INSERT INTO recipe_cook(recipe_id, cook_id) VALUES (81, 33);
INSERT INTO recipe_cook(recipe_id, cook_id) VALUES (81, 47);
INSERT INTO recipe_cook(recipe_id, cook_id) VALUES (81, 12);
INSERT INTO recipe_cook(recipe_id, cook_id) VALUES (81, 139);
INSERT INTO recipe_cook(recipe_id, cook_id) VALUES (81, 1);
INSERT INTO recipe_cook(recipe_id, cook_id) VALUES (81, 152);
INSERT INTO recipe_cook(recipe_id, cook_id) VALUES (81, 179);
INSERT INTO recipe_cook(recipe_id, cook_id) VALUES (81, 22);
INSERT INTO recipe_cook(recipe_id, cook_id) VALUES (81, 99);
INSERT INTO recipe_cook(recipe_id, cook_id) VALUES (81, 113);
INSERT INTO recipe_cook(recipe_id, cook_id) VALUES (81, 122);
INSERT INTO recipe_cook(recipe_id, cook_id) VALUES (81, 66);
INSERT INTO recipe_cook(recipe_id, cook_id) VALUES (81, 42);
INSERT INTO recipe_cook(recipe_id, cook_id) VALUES (81, 119);
INSERT INTO recipe_cook(recipe_id, cook_id) VALUES (81, 170);
INSERT INTO recipe_cook(recipe_id, cook_id) VALUES (81, 11);
INSERT INTO recipe_cook(recipe_id, cook_id) VALUES (81, 105);
INSERT INTO recipe_cook(recipe_id, cook_id) VALUES (81, 192);
INSERT INTO recipe_cook(recipe_id, cook_id) VALUES (81, 150);
INSERT INTO recipe_cook(recipe_id, cook_id) VALUES (81, 71);
INSERT INTO recipe_cook(recipe_id, cook_id) VALUES (81, 183);
INSERT INTO recipe_cook(recipe_id, cook_id) VALUES (81, 114);
INSERT INTO recipe_cook(recipe_id, cook_id) VALUES (81, 56);
INSERT INTO recipe_cook(recipe_id, cook_id) VALUES (81, 133);
INSERT INTO recipe_cook(recipe_id, cook_id) VALUES (81, 84);
INSERT INTO recipe_cook(recipe_id, cook_id) VALUES (81, 199);
INSERT INTO recipe_cook(recipe_id, cook_id) VALUES (81, 17);
INSERT INTO recipe_cook(recipe_id, cook_id) VALUES (81, 157);
INSERT INTO recipe_cook(recipe_id, cook_id) VALUES (81, 7);
INSERT INTO recipe_cook(recipe_id, cook_id) VALUES (81, 147);
INSERT INTO recipe_cook(recipe_id, cook_id) VALUES (81, 145);
INSERT INTO recipe_cook(recipe_id, cook_id) VALUES (81, 169);
INSERT INTO recipe_cook(recipe_id, cook_id) VALUES (81, 69);
INSERT INTO recipe_cook(recipe_id, cook_id) VALUES (81, 134);
INSERT INTO recipe_cook(recipe_id, cook_id) VALUES (81, 146);
INSERT INTO recipe_cook(recipe_id, cook_id) VALUES (81, 9);
INSERT INTO recipe_cook(recipe_id, cook_id) VALUES (81, 111);
INSERT INTO recipe_cook(recipe_id, cook_id) VALUES (81, 90);
INSERT INTO recipe_cook(recipe_id, cook_id) VALUES (81, 171);
INSERT INTO recipe_cook(recipe_id, cook_id) VALUES (81, 104);
INSERT INTO recipe_cook(recipe_id, cook_id) VALUES (81, 74);
INSERT INTO recipe_cook(recipe_id, cook_id) VALUES (81, 75);
INSERT INTO recipe_cook(recipe_id, cook_id) VALUES (81, 45);
INSERT INTO recipe_cook(recipe_id, cook_id) VALUES (81, 6);
INSERT INTO recipe_theme(recipe_id, theme_id) VALUES (81, 34);
INSERT INTO recipe_theme(recipe_id, theme_id) VALUES (81, 7);
INSERT INTO recipe_tip(recipe_id, tip_id) VALUES (81, 24);
INSERT INTO recipe_tip(recipe_id, tip_id) VALUES (81, 19);
INSERT INTO recipe_tip(recipe_id, tip_id) VALUES (81, 10);

INSERT INTO recipe(baking, cuisine_id, difficulty, title, recipe_description, prep_time, cook_time, portions, fat_portion, protein_portion, carbo_portion, picture, picture_description) VALUES(0, 19, 3,'Paella', 'Poor painting cause stock. Most cost beat eight will first exactly. Worry rich responsibility future let including hotel. Decision west political all wonder recognize.', 75, 10, 3, 40, 20,15, 'https://placekitten.com/376/680', 'Agreement degree society.');
INSERT INTO recipe_meal_type(recipe_id, meal_type_id) VALUES (82, 3);
INSERT INTO recipe_tag(recipe_id, tag_id) VALUES (82, 72);
INSERT INTO recipe_tag(recipe_id, tag_id) VALUES (82, 89);
INSERT INTO recipe_tag(recipe_id, tag_id) VALUES (82, 15);
INSERT INTO recipe_tag(recipe_id, tag_id) VALUES (82, 94);
INSERT INTO recipe_tag(recipe_id, tag_id) VALUES (82, 58);
INSERT INTO recipe_tag(recipe_id, tag_id) VALUES (82, 84);
INSERT INTO recipe_tag(recipe_id, tag_id) VALUES (82, 3);
INSERT INTO recipe_equipment(recipe_id, equipment_id, num) VALUES (82, 6, 2);
INSERT INTO recipe_equipment(recipe_id, equipment_id, num) VALUES (82, 7, 3);
INSERT INTO recipe_equipment(recipe_id, equipment_id, num) VALUES (82, 4, 2);
INSERT INTO recipe_equipment(recipe_id, equipment_id, num) VALUES (82, 13, 1);
INSERT INTO recipe_equipment(recipe_id, equipment_id, num) VALUES (82, 3, 3);
INSERT INTO recipe_equipment(recipe_id, equipment_id, num) VALUES (82, 5, 3);
INSERT INTO recipe_cook(recipe_id, cook_id) VALUES (82, 28);
INSERT INTO recipe_cook(recipe_id, cook_id) VALUES (82, 81);
INSERT INTO recipe_cook(recipe_id, cook_id) VALUES (82, 98);
INSERT INTO recipe_cook(recipe_id, cook_id) VALUES (82, 107);
INSERT INTO recipe_cook(recipe_id, cook_id) VALUES (82, 55);
INSERT INTO recipe_cook(recipe_id, cook_id) VALUES (82, 188);
INSERT INTO recipe_cook(recipe_id, cook_id) VALUES (82, 110);
INSERT INTO recipe_cook(recipe_id, cook_id) VALUES (82, 6);
INSERT INTO recipe_cook(recipe_id, cook_id) VALUES (82, 47);
INSERT INTO recipe_cook(recipe_id, cook_id) VALUES (82, 194);
INSERT INTO recipe_cook(recipe_id, cook_id) VALUES (82, 156);
INSERT INTO recipe_cook(recipe_id, cook_id) VALUES (82, 143);
INSERT INTO recipe_cook(recipe_id, cook_id) VALUES (82, 89);
INSERT INTO recipe_cook(recipe_id, cook_id) VALUES (82, 155);
INSERT INTO recipe_cook(recipe_id, cook_id) VALUES (82, 84);
INSERT INTO recipe_cook(recipe_id, cook_id) VALUES (82, 12);
INSERT INTO recipe_cook(recipe_id, cook_id) VALUES (82, 193);
INSERT INTO recipe_cook(recipe_id, cook_id) VALUES (82, 171);
INSERT INTO recipe_cook(recipe_id, cook_id) VALUES (82, 77);
INSERT INTO recipe_cook(recipe_id, cook_id) VALUES (82, 176);
INSERT INTO recipe_cook(recipe_id, cook_id) VALUES (82, 10);
INSERT INTO recipe_cook(recipe_id, cook_id) VALUES (82, 166);
INSERT INTO recipe_cook(recipe_id, cook_id) VALUES (82, 167);
INSERT INTO recipe_cook(recipe_id, cook_id) VALUES (82, 40);
INSERT INTO recipe_cook(recipe_id, cook_id) VALUES (82, 161);
INSERT INTO recipe_cook(recipe_id, cook_id) VALUES (82, 72);
INSERT INTO recipe_cook(recipe_id, cook_id) VALUES (82, 33);
INSERT INTO recipe_cook(recipe_id, cook_id) VALUES (82, 136);
INSERT INTO recipe_cook(recipe_id, cook_id) VALUES (82, 183);
INSERT INTO recipe_cook(recipe_id, cook_id) VALUES (82, 25);
INSERT INTO recipe_cook(recipe_id, cook_id) VALUES (82, 199);
INSERT INTO recipe_cook(recipe_id, cook_id) VALUES (82, 44);
INSERT INTO recipe_cook(recipe_id, cook_id) VALUES (82, 165);
INSERT INTO recipe_cook(recipe_id, cook_id) VALUES (82, 24);
INSERT INTO recipe_cook(recipe_id, cook_id) VALUES (82, 79);
INSERT INTO recipe_cook(recipe_id, cook_id) VALUES (82, 159);
INSERT INTO recipe_cook(recipe_id, cook_id) VALUES (82, 175);
INSERT INTO recipe_cook(recipe_id, cook_id) VALUES (82, 105);
INSERT INTO recipe_cook(recipe_id, cook_id) VALUES (82, 125);
INSERT INTO recipe_cook(recipe_id, cook_id) VALUES (82, 153);
INSERT INTO recipe_cook(recipe_id, cook_id) VALUES (82, 129);
INSERT INTO recipe_cook(recipe_id, cook_id) VALUES (82, 117);
INSERT INTO recipe_cook(recipe_id, cook_id) VALUES (82, 14);
INSERT INTO recipe_cook(recipe_id, cook_id) VALUES (82, 78);
INSERT INTO recipe_cook(recipe_id, cook_id) VALUES (82, 123);
INSERT INTO recipe_cook(recipe_id, cook_id) VALUES (82, 146);
INSERT INTO recipe_cook(recipe_id, cook_id) VALUES (82, 182);
INSERT INTO recipe_cook(recipe_id, cook_id) VALUES (82, 52);
INSERT INTO recipe_cook(recipe_id, cook_id) VALUES (82, 140);
INSERT INTO recipe_cook(recipe_id, cook_id) VALUES (82, 152);
INSERT INTO recipe_cook(recipe_id, cook_id) VALUES (82, 185);
INSERT INTO recipe_cook(recipe_id, cook_id) VALUES (82, 57);
INSERT INTO recipe_cook(recipe_id, cook_id) VALUES (82, 9);
INSERT INTO recipe_cook(recipe_id, cook_id) VALUES (82, 109);
INSERT INTO recipe_cook(recipe_id, cook_id) VALUES (82, 30);
INSERT INTO recipe_cook(recipe_id, cook_id) VALUES (82, 39);
INSERT INTO recipe_cook(recipe_id, cook_id) VALUES (82, 195);
INSERT INTO recipe_cook(recipe_id, cook_id) VALUES (82, 41);
INSERT INTO recipe_cook(recipe_id, cook_id) VALUES (82, 100);
INSERT INTO recipe_cook(recipe_id, cook_id) VALUES (82, 4);
INSERT INTO recipe_cook(recipe_id, cook_id) VALUES (82, 103);
INSERT INTO recipe_cook(recipe_id, cook_id) VALUES (82, 20);
INSERT INTO recipe_cook(recipe_id, cook_id) VALUES (82, 115);
INSERT INTO recipe_cook(recipe_id, cook_id) VALUES (82, 130);
INSERT INTO recipe_cook(recipe_id, cook_id) VALUES (82, 187);
INSERT INTO recipe_cook(recipe_id, cook_id) VALUES (82, 21);
INSERT INTO recipe_cook(recipe_id, cook_id) VALUES (82, 150);
INSERT INTO recipe_cook(recipe_id, cook_id) VALUES (82, 173);
INSERT INTO recipe_cook(recipe_id, cook_id) VALUES (82, 93);
INSERT INTO recipe_cook(recipe_id, cook_id) VALUES (82, 51);
INSERT INTO recipe_cook(recipe_id, cook_id) VALUES (82, 168);
INSERT INTO recipe_cook(recipe_id, cook_id) VALUES (82, 29);
INSERT INTO recipe_cook(recipe_id, cook_id) VALUES (82, 43);
INSERT INTO recipe_cook(recipe_id, cook_id) VALUES (82, 18);
INSERT INTO recipe_cook(recipe_id, cook_id) VALUES (82, 137);
INSERT INTO recipe_cook(recipe_id, cook_id) VALUES (82, 190);
INSERT INTO recipe_cook(recipe_id, cook_id) VALUES (82, 86);
INSERT INTO recipe_cook(recipe_id, cook_id) VALUES (82, 85);
INSERT INTO recipe_cook(recipe_id, cook_id) VALUES (82, 132);
INSERT INTO recipe_cook(recipe_id, cook_id) VALUES (82, 147);
INSERT INTO recipe_cook(recipe_id, cook_id) VALUES (82, 151);
INSERT INTO recipe_cook(recipe_id, cook_id) VALUES (82, 37);
INSERT INTO recipe_cook(recipe_id, cook_id) VALUES (82, 61);
INSERT INTO recipe_cook(recipe_id, cook_id) VALUES (82, 88);
INSERT INTO recipe_cook(recipe_id, cook_id) VALUES (82, 106);
INSERT INTO recipe_cook(recipe_id, cook_id) VALUES (82, 69);
INSERT INTO recipe_cook(recipe_id, cook_id) VALUES (82, 196);
INSERT INTO recipe_cook(recipe_id, cook_id) VALUES (82, 90);
INSERT INTO recipe_cook(recipe_id, cook_id) VALUES (82, 186);
INSERT INTO recipe_cook(recipe_id, cook_id) VALUES (82, 11);
INSERT INTO recipe_cook(recipe_id, cook_id) VALUES (82, 65);
INSERT INTO recipe_cook(recipe_id, cook_id) VALUES (82, 48);
INSERT INTO recipe_cook(recipe_id, cook_id) VALUES (82, 53);
INSERT INTO recipe_cook(recipe_id, cook_id) VALUES (82, 91);
INSERT INTO recipe_cook(recipe_id, cook_id) VALUES (82, 17);
INSERT INTO recipe_cook(recipe_id, cook_id) VALUES (82, 192);
INSERT INTO recipe_cook(recipe_id, cook_id) VALUES (82, 180);
INSERT INTO recipe_cook(recipe_id, cook_id) VALUES (82, 22);
INSERT INTO recipe_cook(recipe_id, cook_id) VALUES (82, 162);
INSERT INTO recipe_cook(recipe_id, cook_id) VALUES (82, 59);
INSERT INTO recipe_cook(recipe_id, cook_id) VALUES (82, 19);
INSERT INTO recipe_cook(recipe_id, cook_id) VALUES (82, 71);
INSERT INTO recipe_cook(recipe_id, cook_id) VALUES (82, 118);
INSERT INTO recipe_cook(recipe_id, cook_id) VALUES (82, 70);
INSERT INTO recipe_cook(recipe_id, cook_id) VALUES (82, 13);
INSERT INTO recipe_cook(recipe_id, cook_id) VALUES (82, 128);
INSERT INTO recipe_cook(recipe_id, cook_id) VALUES (82, 94);
INSERT INTO recipe_cook(recipe_id, cook_id) VALUES (82, 184);
INSERT INTO recipe_cook(recipe_id, cook_id) VALUES (82, 200);
INSERT INTO recipe_cook(recipe_id, cook_id) VALUES (82, 56);
INSERT INTO recipe_cook(recipe_id, cook_id) VALUES (82, 158);
INSERT INTO recipe_cook(recipe_id, cook_id) VALUES (82, 142);
INSERT INTO recipe_cook(recipe_id, cook_id) VALUES (82, 170);
INSERT INTO recipe_cook(recipe_id, cook_id) VALUES (82, 68);
INSERT INTO recipe_cook(recipe_id, cook_id) VALUES (82, 83);
INSERT INTO recipe_cook(recipe_id, cook_id) VALUES (82, 26);
INSERT INTO recipe_cook(recipe_id, cook_id) VALUES (82, 102);
INSERT INTO recipe_cook(recipe_id, cook_id) VALUES (82, 126);
INSERT INTO recipe_cook(recipe_id, cook_id) VALUES (82, 67);
INSERT INTO recipe_cook(recipe_id, cook_id) VALUES (82, 99);
INSERT INTO recipe_cook(recipe_id, cook_id) VALUES (82, 131);
INSERT INTO recipe_cook(recipe_id, cook_id) VALUES (82, 179);
INSERT INTO recipe_cook(recipe_id, cook_id) VALUES (82, 178);
INSERT INTO recipe_cook(recipe_id, cook_id) VALUES (82, 62);
INSERT INTO recipe_cook(recipe_id, cook_id) VALUES (82, 80);
INSERT INTO recipe_cook(recipe_id, cook_id) VALUES (82, 32);
INSERT INTO recipe_cook(recipe_id, cook_id) VALUES (82, 95);
INSERT INTO recipe_cook(recipe_id, cook_id) VALUES (82, 50);
INSERT INTO recipe_cook(recipe_id, cook_id) VALUES (82, 7);
INSERT INTO recipe_cook(recipe_id, cook_id) VALUES (82, 154);
INSERT INTO recipe_cook(recipe_id, cook_id) VALUES (82, 87);
INSERT INTO recipe_cook(recipe_id, cook_id) VALUES (82, 66);
INSERT INTO recipe_cook(recipe_id, cook_id) VALUES (82, 197);
INSERT INTO recipe_cook(recipe_id, cook_id) VALUES (82, 1);
INSERT INTO recipe_cook(recipe_id, cook_id) VALUES (82, 113);
INSERT INTO recipe_cook(recipe_id, cook_id) VALUES (82, 101);
INSERT INTO recipe_cook(recipe_id, cook_id) VALUES (82, 38);
INSERT INTO recipe_cook(recipe_id, cook_id) VALUES (82, 112);
INSERT INTO recipe_cook(recipe_id, cook_id) VALUES (82, 160);
INSERT INTO recipe_cook(recipe_id, cook_id) VALUES (82, 75);
INSERT INTO recipe_theme(recipe_id, theme_id) VALUES (82, 28);
INSERT INTO recipe_tip(recipe_id, tip_id) VALUES (82, 26);

INSERT INTO recipe(baking, cuisine_id, difficulty, title, recipe_description, prep_time, cook_time, portions, fat_portion, protein_portion, carbo_portion, picture, picture_description) VALUES(1, 34, 5,'Chicken Alfredo', 'Can system myself social. Site tree will court. Lose check threat author see concern.', 95, 30, 3, 55, 45,5, 'https://dummyimage.com/43x280', 'Painting bit tend relate training office.');
INSERT INTO recipe_meal_type(recipe_id, meal_type_id) VALUES (83, 6);
INSERT INTO recipe_tag(recipe_id, tag_id) VALUES (83, 90);
INSERT INTO recipe_tag(recipe_id, tag_id) VALUES (83, 87);
INSERT INTO recipe_tag(recipe_id, tag_id) VALUES (83, 63);
INSERT INTO recipe_equipment(recipe_id, equipment_id, num) VALUES (83, 13, 1);
INSERT INTO recipe_equipment(recipe_id, equipment_id, num) VALUES (83, 2, 1);
INSERT INTO recipe_equipment(recipe_id, equipment_id, num) VALUES (83, 19, 3);
INSERT INTO recipe_equipment(recipe_id, equipment_id, num) VALUES (83, 9, 3);
INSERT INTO recipe_cook(recipe_id, cook_id) VALUES (83, 48);
INSERT INTO recipe_cook(recipe_id, cook_id) VALUES (83, 143);
INSERT INTO recipe_cook(recipe_id, cook_id) VALUES (83, 130);
INSERT INTO recipe_cook(recipe_id, cook_id) VALUES (83, 153);
INSERT INTO recipe_cook(recipe_id, cook_id) VALUES (83, 78);
INSERT INTO recipe_cook(recipe_id, cook_id) VALUES (83, 31);
INSERT INTO recipe_cook(recipe_id, cook_id) VALUES (83, 4);
INSERT INTO recipe_cook(recipe_id, cook_id) VALUES (83, 86);
INSERT INTO recipe_cook(recipe_id, cook_id) VALUES (83, 19);
INSERT INTO recipe_cook(recipe_id, cook_id) VALUES (83, 95);
INSERT INTO recipe_cook(recipe_id, cook_id) VALUES (83, 107);
INSERT INTO recipe_cook(recipe_id, cook_id) VALUES (83, 189);
INSERT INTO recipe_cook(recipe_id, cook_id) VALUES (83, 87);
INSERT INTO recipe_cook(recipe_id, cook_id) VALUES (83, 193);
INSERT INTO recipe_cook(recipe_id, cook_id) VALUES (83, 178);
INSERT INTO recipe_cook(recipe_id, cook_id) VALUES (83, 25);
INSERT INTO recipe_cook(recipe_id, cook_id) VALUES (83, 47);
INSERT INTO recipe_cook(recipe_id, cook_id) VALUES (83, 119);
INSERT INTO recipe_cook(recipe_id, cook_id) VALUES (83, 66);
INSERT INTO recipe_cook(recipe_id, cook_id) VALUES (83, 45);
INSERT INTO recipe_cook(recipe_id, cook_id) VALUES (83, 38);
INSERT INTO recipe_cook(recipe_id, cook_id) VALUES (83, 90);
INSERT INTO recipe_cook(recipe_id, cook_id) VALUES (83, 158);
INSERT INTO recipe_cook(recipe_id, cook_id) VALUES (83, 7);
INSERT INTO recipe_cook(recipe_id, cook_id) VALUES (83, 191);
INSERT INTO recipe_cook(recipe_id, cook_id) VALUES (83, 151);
INSERT INTO recipe_cook(recipe_id, cook_id) VALUES (83, 183);
INSERT INTO recipe_cook(recipe_id, cook_id) VALUES (83, 32);
INSERT INTO recipe_cook(recipe_id, cook_id) VALUES (83, 136);
INSERT INTO recipe_cook(recipe_id, cook_id) VALUES (83, 185);
INSERT INTO recipe_cook(recipe_id, cook_id) VALUES (83, 154);
INSERT INTO recipe_cook(recipe_id, cook_id) VALUES (83, 110);
INSERT INTO recipe_cook(recipe_id, cook_id) VALUES (83, 82);
INSERT INTO recipe_cook(recipe_id, cook_id) VALUES (83, 108);
INSERT INTO recipe_cook(recipe_id, cook_id) VALUES (83, 149);
INSERT INTO recipe_cook(recipe_id, cook_id) VALUES (83, 174);
INSERT INTO recipe_cook(recipe_id, cook_id) VALUES (83, 190);
INSERT INTO recipe_cook(recipe_id, cook_id) VALUES (83, 39);
INSERT INTO recipe_cook(recipe_id, cook_id) VALUES (83, 145);
INSERT INTO recipe_cook(recipe_id, cook_id) VALUES (83, 41);
INSERT INTO recipe_cook(recipe_id, cook_id) VALUES (83, 155);
INSERT INTO recipe_cook(recipe_id, cook_id) VALUES (83, 13);
INSERT INTO recipe_cook(recipe_id, cook_id) VALUES (83, 63);
INSERT INTO recipe_cook(recipe_id, cook_id) VALUES (83, 163);
INSERT INTO recipe_cook(recipe_id, cook_id) VALUES (83, 69);
INSERT INTO recipe_cook(recipe_id, cook_id) VALUES (83, 81);
INSERT INTO recipe_cook(recipe_id, cook_id) VALUES (83, 150);
INSERT INTO recipe_cook(recipe_id, cook_id) VALUES (83, 23);
INSERT INTO recipe_cook(recipe_id, cook_id) VALUES (83, 176);
INSERT INTO recipe_cook(recipe_id, cook_id) VALUES (83, 67);
INSERT INTO recipe_cook(recipe_id, cook_id) VALUES (83, 118);
INSERT INTO recipe_cook(recipe_id, cook_id) VALUES (83, 85);
INSERT INTO recipe_cook(recipe_id, cook_id) VALUES (83, 68);
INSERT INTO recipe_cook(recipe_id, cook_id) VALUES (83, 164);
INSERT INTO recipe_cook(recipe_id, cook_id) VALUES (83, 34);
INSERT INTO recipe_cook(recipe_id, cook_id) VALUES (83, 184);
INSERT INTO recipe_cook(recipe_id, cook_id) VALUES (83, 56);
INSERT INTO recipe_cook(recipe_id, cook_id) VALUES (83, 109);
INSERT INTO recipe_cook(recipe_id, cook_id) VALUES (83, 134);
INSERT INTO recipe_cook(recipe_id, cook_id) VALUES (83, 180);
INSERT INTO recipe_cook(recipe_id, cook_id) VALUES (83, 44);
INSERT INTO recipe_cook(recipe_id, cook_id) VALUES (83, 46);
INSERT INTO recipe_cook(recipe_id, cook_id) VALUES (83, 75);
INSERT INTO recipe_cook(recipe_id, cook_id) VALUES (83, 194);
INSERT INTO recipe_cook(recipe_id, cook_id) VALUES (83, 159);
INSERT INTO recipe_cook(recipe_id, cook_id) VALUES (83, 125);
INSERT INTO recipe_cook(recipe_id, cook_id) VALUES (83, 102);
INSERT INTO recipe_cook(recipe_id, cook_id) VALUES (83, 22);
INSERT INTO recipe_cook(recipe_id, cook_id) VALUES (83, 122);
INSERT INTO recipe_cook(recipe_id, cook_id) VALUES (83, 166);
INSERT INTO recipe_cook(recipe_id, cook_id) VALUES (83, 6);
INSERT INTO recipe_cook(recipe_id, cook_id) VALUES (83, 161);
INSERT INTO recipe_cook(recipe_id, cook_id) VALUES (83, 92);
INSERT INTO recipe_cook(recipe_id, cook_id) VALUES (83, 18);
INSERT INTO recipe_cook(recipe_id, cook_id) VALUES (83, 14);
INSERT INTO recipe_cook(recipe_id, cook_id) VALUES (83, 77);
INSERT INTO recipe_cook(recipe_id, cook_id) VALUES (83, 192);
INSERT INTO recipe_cook(recipe_id, cook_id) VALUES (83, 49);
INSERT INTO recipe_cook(recipe_id, cook_id) VALUES (83, 181);
INSERT INTO recipe_cook(recipe_id, cook_id) VALUES (83, 188);
INSERT INTO recipe_cook(recipe_id, cook_id) VALUES (83, 186);
INSERT INTO recipe_cook(recipe_id, cook_id) VALUES (83, 112);
INSERT INTO recipe_cook(recipe_id, cook_id) VALUES (83, 115);
INSERT INTO recipe_cook(recipe_id, cook_id) VALUES (83, 147);
INSERT INTO recipe_cook(recipe_id, cook_id) VALUES (83, 11);
INSERT INTO recipe_cook(recipe_id, cook_id) VALUES (83, 73);
INSERT INTO recipe_cook(recipe_id, cook_id) VALUES (83, 26);
INSERT INTO recipe_cook(recipe_id, cook_id) VALUES (83, 52);
INSERT INTO recipe_cook(recipe_id, cook_id) VALUES (83, 139);
INSERT INTO recipe_cook(recipe_id, cook_id) VALUES (83, 120);
INSERT INTO recipe_cook(recipe_id, cook_id) VALUES (83, 98);
INSERT INTO recipe_cook(recipe_id, cook_id) VALUES (83, 123);
INSERT INTO recipe_cook(recipe_id, cook_id) VALUES (83, 36);
INSERT INTO recipe_cook(recipe_id, cook_id) VALUES (83, 99);
INSERT INTO recipe_cook(recipe_id, cook_id) VALUES (83, 43);
INSERT INTO recipe_cook(recipe_id, cook_id) VALUES (83, 148);
INSERT INTO recipe_cook(recipe_id, cook_id) VALUES (83, 156);
INSERT INTO recipe_cook(recipe_id, cook_id) VALUES (83, 40);
INSERT INTO recipe_cook(recipe_id, cook_id) VALUES (83, 172);
INSERT INTO recipe_cook(recipe_id, cook_id) VALUES (83, 33);
INSERT INTO recipe_cook(recipe_id, cook_id) VALUES (83, 135);
INSERT INTO recipe_cook(recipe_id, cook_id) VALUES (83, 187);
INSERT INTO recipe_cook(recipe_id, cook_id) VALUES (83, 126);
INSERT INTO recipe_cook(recipe_id, cook_id) VALUES (83, 76);
INSERT INTO recipe_cook(recipe_id, cook_id) VALUES (83, 2);
INSERT INTO recipe_theme(recipe_id, theme_id) VALUES (83, 25);
INSERT INTO recipe_theme(recipe_id, theme_id) VALUES (83, 40);
INSERT INTO recipe_tip(recipe_id, tip_id) VALUES (83, 29);
INSERT INTO recipe_tip(recipe_id, tip_id) VALUES (83, 7);

INSERT INTO recipe(baking, cuisine_id, difficulty, title, recipe_description, prep_time, cook_time, portions, fat_portion, protein_portion, carbo_portion, picture, picture_description) VALUES(0, 10, 1,'Potato Salad', 'Doctor market above good. Treatment purpose four keep feeling about past oil. Situation cell brother. Quite television program sing. Other mother claim door beat book hot factor.', 75, 10, 2, 0, 15,65, 'https://dummyimage.com/882x628', 'Court operation culture ask detail.');
INSERT INTO recipe_meal_type(recipe_id, meal_type_id) VALUES (84, 1);
INSERT INTO recipe_tag(recipe_id, tag_id) VALUES (84, 77);
INSERT INTO recipe_tag(recipe_id, tag_id) VALUES (84, 7);
INSERT INTO recipe_tag(recipe_id, tag_id) VALUES (84, 20);
INSERT INTO recipe_tag(recipe_id, tag_id) VALUES (84, 2);
INSERT INTO recipe_equipment(recipe_id, equipment_id, num) VALUES (84, 10, 3);
INSERT INTO recipe_equipment(recipe_id, equipment_id, num) VALUES (84, 7, 3);
INSERT INTO recipe_equipment(recipe_id, equipment_id, num) VALUES (84, 9, 4);
INSERT INTO recipe_equipment(recipe_id, equipment_id, num) VALUES (84, 15, 4);
INSERT INTO recipe_equipment(recipe_id, equipment_id, num) VALUES (84, 13, 3);
INSERT INTO recipe_equipment(recipe_id, equipment_id, num) VALUES (84, 3, 3);
INSERT INTO recipe_equipment(recipe_id, equipment_id, num) VALUES (84, 19, 2);
INSERT INTO recipe_cook(recipe_id, cook_id) VALUES (84, 182);
INSERT INTO recipe_cook(recipe_id, cook_id) VALUES (84, 47);
INSERT INTO recipe_cook(recipe_id, cook_id) VALUES (84, 73);
INSERT INTO recipe_cook(recipe_id, cook_id) VALUES (84, 167);
INSERT INTO recipe_cook(recipe_id, cook_id) VALUES (84, 91);
INSERT INTO recipe_cook(recipe_id, cook_id) VALUES (84, 113);
INSERT INTO recipe_cook(recipe_id, cook_id) VALUES (84, 129);
INSERT INTO recipe_cook(recipe_id, cook_id) VALUES (84, 183);
INSERT INTO recipe_cook(recipe_id, cook_id) VALUES (84, 61);
INSERT INTO recipe_cook(recipe_id, cook_id) VALUES (84, 110);
INSERT INTO recipe_cook(recipe_id, cook_id) VALUES (84, 68);
INSERT INTO recipe_cook(recipe_id, cook_id) VALUES (84, 200);
INSERT INTO recipe_cook(recipe_id, cook_id) VALUES (84, 130);
INSERT INTO recipe_cook(recipe_id, cook_id) VALUES (84, 199);
INSERT INTO recipe_cook(recipe_id, cook_id) VALUES (84, 15);
INSERT INTO recipe_cook(recipe_id, cook_id) VALUES (84, 46);
INSERT INTO recipe_cook(recipe_id, cook_id) VALUES (84, 90);
INSERT INTO recipe_cook(recipe_id, cook_id) VALUES (84, 146);
INSERT INTO recipe_cook(recipe_id, cook_id) VALUES (84, 13);
INSERT INTO recipe_cook(recipe_id, cook_id) VALUES (84, 60);
INSERT INTO recipe_cook(recipe_id, cook_id) VALUES (84, 100);
INSERT INTO recipe_cook(recipe_id, cook_id) VALUES (84, 121);
INSERT INTO recipe_cook(recipe_id, cook_id) VALUES (84, 144);
INSERT INTO recipe_cook(recipe_id, cook_id) VALUES (84, 10);
INSERT INTO recipe_cook(recipe_id, cook_id) VALUES (84, 94);
INSERT INTO recipe_cook(recipe_id, cook_id) VALUES (84, 31);
INSERT INTO recipe_cook(recipe_id, cook_id) VALUES (84, 187);
INSERT INTO recipe_cook(recipe_id, cook_id) VALUES (84, 40);
INSERT INTO recipe_cook(recipe_id, cook_id) VALUES (84, 17);
INSERT INTO recipe_cook(recipe_id, cook_id) VALUES (84, 69);
INSERT INTO recipe_cook(recipe_id, cook_id) VALUES (84, 181);
INSERT INTO recipe_cook(recipe_id, cook_id) VALUES (84, 25);
INSERT INTO recipe_cook(recipe_id, cook_id) VALUES (84, 142);
INSERT INTO recipe_cook(recipe_id, cook_id) VALUES (84, 140);
INSERT INTO recipe_cook(recipe_id, cook_id) VALUES (84, 50);
INSERT INTO recipe_cook(recipe_id, cook_id) VALUES (84, 105);
INSERT INTO recipe_cook(recipe_id, cook_id) VALUES (84, 161);
INSERT INTO recipe_cook(recipe_id, cook_id) VALUES (84, 52);
INSERT INTO recipe_cook(recipe_id, cook_id) VALUES (84, 82);
INSERT INTO recipe_cook(recipe_id, cook_id) VALUES (84, 16);
INSERT INTO recipe_cook(recipe_id, cook_id) VALUES (84, 81);
INSERT INTO recipe_cook(recipe_id, cook_id) VALUES (84, 163);
INSERT INTO recipe_cook(recipe_id, cook_id) VALUES (84, 19);
INSERT INTO recipe_cook(recipe_id, cook_id) VALUES (84, 154);
INSERT INTO recipe_cook(recipe_id, cook_id) VALUES (84, 184);
INSERT INTO recipe_cook(recipe_id, cook_id) VALUES (84, 180);
INSERT INTO recipe_cook(recipe_id, cook_id) VALUES (84, 119);
INSERT INTO recipe_cook(recipe_id, cook_id) VALUES (84, 83);
INSERT INTO recipe_cook(recipe_id, cook_id) VALUES (84, 145);
INSERT INTO recipe_cook(recipe_id, cook_id) VALUES (84, 193);
INSERT INTO recipe_cook(recipe_id, cook_id) VALUES (84, 62);
INSERT INTO recipe_cook(recipe_id, cook_id) VALUES (84, 78);
INSERT INTO recipe_cook(recipe_id, cook_id) VALUES (84, 42);
INSERT INTO recipe_cook(recipe_id, cook_id) VALUES (84, 103);
INSERT INTO recipe_cook(recipe_id, cook_id) VALUES (84, 88);
INSERT INTO recipe_cook(recipe_id, cook_id) VALUES (84, 120);
INSERT INTO recipe_cook(recipe_id, cook_id) VALUES (84, 188);
INSERT INTO recipe_cook(recipe_id, cook_id) VALUES (84, 117);
INSERT INTO recipe_cook(recipe_id, cook_id) VALUES (84, 29);
INSERT INTO recipe_cook(recipe_id, cook_id) VALUES (84, 85);
INSERT INTO recipe_cook(recipe_id, cook_id) VALUES (84, 122);
INSERT INTO recipe_cook(recipe_id, cook_id) VALUES (84, 158);
INSERT INTO recipe_cook(recipe_id, cook_id) VALUES (84, 77);
INSERT INTO recipe_cook(recipe_id, cook_id) VALUES (84, 127);
INSERT INTO recipe_cook(recipe_id, cook_id) VALUES (84, 48);
INSERT INTO recipe_cook(recipe_id, cook_id) VALUES (84, 108);
INSERT INTO recipe_cook(recipe_id, cook_id) VALUES (84, 171);
INSERT INTO recipe_cook(recipe_id, cook_id) VALUES (84, 147);
INSERT INTO recipe_cook(recipe_id, cook_id) VALUES (84, 123);
INSERT INTO recipe_cook(recipe_id, cook_id) VALUES (84, 191);
INSERT INTO recipe_cook(recipe_id, cook_id) VALUES (84, 106);
INSERT INTO recipe_cook(recipe_id, cook_id) VALUES (84, 172);
INSERT INTO recipe_cook(recipe_id, cook_id) VALUES (84, 151);
INSERT INTO recipe_cook(recipe_id, cook_id) VALUES (84, 104);
INSERT INTO recipe_cook(recipe_id, cook_id) VALUES (84, 23);
INSERT INTO recipe_cook(recipe_id, cook_id) VALUES (84, 33);
INSERT INTO recipe_cook(recipe_id, cook_id) VALUES (84, 86);
INSERT INTO recipe_cook(recipe_id, cook_id) VALUES (84, 92);
INSERT INTO recipe_cook(recipe_id, cook_id) VALUES (84, 57);
INSERT INTO recipe_cook(recipe_id, cook_id) VALUES (84, 63);
INSERT INTO recipe_cook(recipe_id, cook_id) VALUES (84, 197);
INSERT INTO recipe_cook(recipe_id, cook_id) VALUES (84, 152);
INSERT INTO recipe_cook(recipe_id, cook_id) VALUES (84, 131);
INSERT INTO recipe_cook(recipe_id, cook_id) VALUES (84, 4);
INSERT INTO recipe_cook(recipe_id, cook_id) VALUES (84, 30);
INSERT INTO recipe_cook(recipe_id, cook_id) VALUES (84, 143);
INSERT INTO recipe_cook(recipe_id, cook_id) VALUES (84, 96);
INSERT INTO recipe_cook(recipe_id, cook_id) VALUES (84, 159);
INSERT INTO recipe_cook(recipe_id, cook_id) VALUES (84, 59);
INSERT INTO recipe_cook(recipe_id, cook_id) VALUES (84, 173);
INSERT INTO recipe_cook(recipe_id, cook_id) VALUES (84, 137);
INSERT INTO recipe_cook(recipe_id, cook_id) VALUES (84, 134);
INSERT INTO recipe_cook(recipe_id, cook_id) VALUES (84, 65);
INSERT INTO recipe_cook(recipe_id, cook_id) VALUES (84, 72);
INSERT INTO recipe_cook(recipe_id, cook_id) VALUES (84, 1);
INSERT INTO recipe_cook(recipe_id, cook_id) VALUES (84, 111);
INSERT INTO recipe_cook(recipe_id, cook_id) VALUES (84, 195);
INSERT INTO recipe_cook(recipe_id, cook_id) VALUES (84, 198);
INSERT INTO recipe_cook(recipe_id, cook_id) VALUES (84, 109);
INSERT INTO recipe_cook(recipe_id, cook_id) VALUES (84, 157);
INSERT INTO recipe_cook(recipe_id, cook_id) VALUES (84, 7);
INSERT INTO recipe_cook(recipe_id, cook_id) VALUES (84, 6);
INSERT INTO recipe_cook(recipe_id, cook_id) VALUES (84, 20);
INSERT INTO recipe_cook(recipe_id, cook_id) VALUES (84, 98);
INSERT INTO recipe_cook(recipe_id, cook_id) VALUES (84, 14);
INSERT INTO recipe_cook(recipe_id, cook_id) VALUES (84, 75);
INSERT INTO recipe_cook(recipe_id, cook_id) VALUES (84, 35);
INSERT INTO recipe_cook(recipe_id, cook_id) VALUES (84, 67);
INSERT INTO recipe_cook(recipe_id, cook_id) VALUES (84, 49);
INSERT INTO recipe_cook(recipe_id, cook_id) VALUES (84, 170);
INSERT INTO recipe_cook(recipe_id, cook_id) VALUES (84, 38);
INSERT INTO recipe_cook(recipe_id, cook_id) VALUES (84, 101);
INSERT INTO recipe_cook(recipe_id, cook_id) VALUES (84, 22);
INSERT INTO recipe_cook(recipe_id, cook_id) VALUES (84, 89);
INSERT INTO recipe_cook(recipe_id, cook_id) VALUES (84, 124);
INSERT INTO recipe_cook(recipe_id, cook_id) VALUES (84, 160);
INSERT INTO recipe_cook(recipe_id, cook_id) VALUES (84, 11);
INSERT INTO recipe_cook(recipe_id, cook_id) VALUES (84, 2);
INSERT INTO recipe_cook(recipe_id, cook_id) VALUES (84, 55);
INSERT INTO recipe_cook(recipe_id, cook_id) VALUES (84, 114);
INSERT INTO recipe_cook(recipe_id, cook_id) VALUES (84, 168);
INSERT INTO recipe_cook(recipe_id, cook_id) VALUES (84, 153);
INSERT INTO recipe_cook(recipe_id, cook_id) VALUES (84, 37);
INSERT INTO recipe_cook(recipe_id, cook_id) VALUES (84, 178);
INSERT INTO recipe_cook(recipe_id, cook_id) VALUES (84, 174);
INSERT INTO recipe_cook(recipe_id, cook_id) VALUES (84, 179);
INSERT INTO recipe_cook(recipe_id, cook_id) VALUES (84, 45);
INSERT INTO recipe_cook(recipe_id, cook_id) VALUES (84, 189);
INSERT INTO recipe_cook(recipe_id, cook_id) VALUES (84, 141);
INSERT INTO recipe_cook(recipe_id, cook_id) VALUES (84, 12);
INSERT INTO recipe_cook(recipe_id, cook_id) VALUES (84, 125);
INSERT INTO recipe_cook(recipe_id, cook_id) VALUES (84, 185);
INSERT INTO recipe_cook(recipe_id, cook_id) VALUES (84, 9);
INSERT INTO recipe_cook(recipe_id, cook_id) VALUES (84, 87);
INSERT INTO recipe_cook(recipe_id, cook_id) VALUES (84, 132);
INSERT INTO recipe_cook(recipe_id, cook_id) VALUES (84, 133);
INSERT INTO recipe_cook(recipe_id, cook_id) VALUES (84, 150);
INSERT INTO recipe_cook(recipe_id, cook_id) VALUES (84, 18);
INSERT INTO recipe_cook(recipe_id, cook_id) VALUES (84, 5);
INSERT INTO recipe_cook(recipe_id, cook_id) VALUES (84, 107);
INSERT INTO recipe_cook(recipe_id, cook_id) VALUES (84, 126);
INSERT INTO recipe_cook(recipe_id, cook_id) VALUES (84, 186);
INSERT INTO recipe_cook(recipe_id, cook_id) VALUES (84, 53);
INSERT INTO recipe_cook(recipe_id, cook_id) VALUES (84, 139);
INSERT INTO recipe_cook(recipe_id, cook_id) VALUES (84, 28);
INSERT INTO recipe_cook(recipe_id, cook_id) VALUES (84, 66);
INSERT INTO recipe_cook(recipe_id, cook_id) VALUES (84, 26);
INSERT INTO recipe_cook(recipe_id, cook_id) VALUES (84, 76);
INSERT INTO recipe_cook(recipe_id, cook_id) VALUES (84, 41);
INSERT INTO recipe_cook(recipe_id, cook_id) VALUES (84, 155);
INSERT INTO recipe_cook(recipe_id, cook_id) VALUES (84, 3);
INSERT INTO recipe_theme(recipe_id, theme_id) VALUES (84, 9);
INSERT INTO recipe_theme(recipe_id, theme_id) VALUES (84, 8);
INSERT INTO recipe_theme(recipe_id, theme_id) VALUES (84, 14);
INSERT INTO recipe_tip(recipe_id, tip_id) VALUES (84, 21);
INSERT INTO recipe_tip(recipe_id, tip_id) VALUES (84, 17);

INSERT INTO recipe(baking, cuisine_id, difficulty, title, recipe_description, prep_time, cook_time, portions, fat_portion, protein_portion, carbo_portion, picture, picture_description) VALUES(1, 22, 2,'Gazpacho', 'Agent southern tend tell available age tax. Service bad degree bed although financial.', 85, 80, 3, 40, 65,55, 'https://picsum.photos/503/78', 'Pay foreign any for later.');
INSERT INTO recipe_meal_type(recipe_id, meal_type_id) VALUES (85, 4);
INSERT INTO recipe_tag(recipe_id, tag_id) VALUES (85, 55);
INSERT INTO recipe_tag(recipe_id, tag_id) VALUES (85, 70);
INSERT INTO recipe_tag(recipe_id, tag_id) VALUES (85, 58);
INSERT INTO recipe_equipment(recipe_id, equipment_id, num) VALUES (85, 12, 4);
INSERT INTO recipe_equipment(recipe_id, equipment_id, num) VALUES (85, 17, 4);
INSERT INTO recipe_equipment(recipe_id, equipment_id, num) VALUES (85, 6, 3);
INSERT INTO recipe_equipment(recipe_id, equipment_id, num) VALUES (85, 13, 1);
INSERT INTO recipe_equipment(recipe_id, equipment_id, num) VALUES (85, 11, 1);
INSERT INTO recipe_cook(recipe_id, cook_id) VALUES (85, 142);
INSERT INTO recipe_cook(recipe_id, cook_id) VALUES (85, 23);
INSERT INTO recipe_cook(recipe_id, cook_id) VALUES (85, 178);
INSERT INTO recipe_cook(recipe_id, cook_id) VALUES (85, 58);
INSERT INTO recipe_cook(recipe_id, cook_id) VALUES (85, 197);
INSERT INTO recipe_cook(recipe_id, cook_id) VALUES (85, 146);
INSERT INTO recipe_cook(recipe_id, cook_id) VALUES (85, 102);
INSERT INTO recipe_cook(recipe_id, cook_id) VALUES (85, 159);
INSERT INTO recipe_cook(recipe_id, cook_id) VALUES (85, 35);
INSERT INTO recipe_cook(recipe_id, cook_id) VALUES (85, 36);
INSERT INTO recipe_cook(recipe_id, cook_id) VALUES (85, 24);
INSERT INTO recipe_cook(recipe_id, cook_id) VALUES (85, 166);
INSERT INTO recipe_cook(recipe_id, cook_id) VALUES (85, 164);
INSERT INTO recipe_cook(recipe_id, cook_id) VALUES (85, 189);
INSERT INTO recipe_cook(recipe_id, cook_id) VALUES (85, 187);
INSERT INTO recipe_cook(recipe_id, cook_id) VALUES (85, 12);
INSERT INTO recipe_cook(recipe_id, cook_id) VALUES (85, 78);
INSERT INTO recipe_cook(recipe_id, cook_id) VALUES (85, 112);
INSERT INTO recipe_cook(recipe_id, cook_id) VALUES (85, 60);
INSERT INTO recipe_cook(recipe_id, cook_id) VALUES (85, 135);
INSERT INTO recipe_cook(recipe_id, cook_id) VALUES (85, 83);
INSERT INTO recipe_cook(recipe_id, cook_id) VALUES (85, 95);
INSERT INTO recipe_cook(recipe_id, cook_id) VALUES (85, 130);
INSERT INTO recipe_cook(recipe_id, cook_id) VALUES (85, 174);
INSERT INTO recipe_cook(recipe_id, cook_id) VALUES (85, 32);
INSERT INTO recipe_cook(recipe_id, cook_id) VALUES (85, 13);
INSERT INTO recipe_cook(recipe_id, cook_id) VALUES (85, 99);
INSERT INTO recipe_cook(recipe_id, cook_id) VALUES (85, 85);
INSERT INTO recipe_cook(recipe_id, cook_id) VALUES (85, 4);
INSERT INTO recipe_cook(recipe_id, cook_id) VALUES (85, 105);
INSERT INTO recipe_cook(recipe_id, cook_id) VALUES (85, 183);
INSERT INTO recipe_cook(recipe_id, cook_id) VALUES (85, 154);
INSERT INTO recipe_cook(recipe_id, cook_id) VALUES (85, 129);
INSERT INTO recipe_cook(recipe_id, cook_id) VALUES (85, 77);
INSERT INTO recipe_cook(recipe_id, cook_id) VALUES (85, 185);
INSERT INTO recipe_cook(recipe_id, cook_id) VALUES (85, 179);
INSERT INTO recipe_cook(recipe_id, cook_id) VALUES (85, 53);
INSERT INTO recipe_cook(recipe_id, cook_id) VALUES (85, 89);
INSERT INTO recipe_cook(recipe_id, cook_id) VALUES (85, 153);
INSERT INTO recipe_cook(recipe_id, cook_id) VALUES (85, 120);
INSERT INTO recipe_cook(recipe_id, cook_id) VALUES (85, 109);
INSERT INTO recipe_cook(recipe_id, cook_id) VALUES (85, 192);
INSERT INTO recipe_cook(recipe_id, cook_id) VALUES (85, 6);
INSERT INTO recipe_cook(recipe_id, cook_id) VALUES (85, 122);
INSERT INTO recipe_cook(recipe_id, cook_id) VALUES (85, 103);
INSERT INTO recipe_cook(recipe_id, cook_id) VALUES (85, 65);
INSERT INTO recipe_cook(recipe_id, cook_id) VALUES (85, 111);
INSERT INTO recipe_cook(recipe_id, cook_id) VALUES (85, 91);
INSERT INTO recipe_cook(recipe_id, cook_id) VALUES (85, 76);
INSERT INTO recipe_cook(recipe_id, cook_id) VALUES (85, 104);
INSERT INTO recipe_cook(recipe_id, cook_id) VALUES (85, 106);
INSERT INTO recipe_cook(recipe_id, cook_id) VALUES (85, 1);
INSERT INTO recipe_theme(recipe_id, theme_id) VALUES (85, 9);
INSERT INTO recipe_tip(recipe_id, tip_id) VALUES (85, 29);

INSERT INTO recipe(baking, cuisine_id, difficulty, title, recipe_description, prep_time, cook_time, portions, fat_portion, protein_portion, carbo_portion, picture, picture_description) VALUES(0, 31, 1,'Guacamole', 'Congress wonder natural move top rule. Up sit young.', 85, 50, 4, 0, 45,80, 'https://placekitten.com/613/990', 'Morning firm outside suggest difference me leader.');
INSERT INTO recipe_meal_type(recipe_id, meal_type_id) VALUES (86, 2);
INSERT INTO recipe_tag(recipe_id, tag_id) VALUES (86, 96);
INSERT INTO recipe_tag(recipe_id, tag_id) VALUES (86, 83);
INSERT INTO recipe_tag(recipe_id, tag_id) VALUES (86, 39);
INSERT INTO recipe_tag(recipe_id, tag_id) VALUES (86, 82);
INSERT INTO recipe_equipment(recipe_id, equipment_id, num) VALUES (86, 14, 3);
INSERT INTO recipe_equipment(recipe_id, equipment_id, num) VALUES (86, 3, 4);
INSERT INTO recipe_equipment(recipe_id, equipment_id, num) VALUES (86, 10, 2);
INSERT INTO recipe_equipment(recipe_id, equipment_id, num) VALUES (86, 4, 4);
INSERT INTO recipe_cook(recipe_id, cook_id) VALUES (86, 75);
INSERT INTO recipe_cook(recipe_id, cook_id) VALUES (86, 60);
INSERT INTO recipe_cook(recipe_id, cook_id) VALUES (86, 55);
INSERT INTO recipe_cook(recipe_id, cook_id) VALUES (86, 8);
INSERT INTO recipe_cook(recipe_id, cook_id) VALUES (86, 173);
INSERT INTO recipe_cook(recipe_id, cook_id) VALUES (86, 72);
INSERT INTO recipe_cook(recipe_id, cook_id) VALUES (86, 71);
INSERT INTO recipe_cook(recipe_id, cook_id) VALUES (86, 191);
INSERT INTO recipe_cook(recipe_id, cook_id) VALUES (86, 121);
INSERT INTO recipe_cook(recipe_id, cook_id) VALUES (86, 43);
INSERT INTO recipe_cook(recipe_id, cook_id) VALUES (86, 7);
INSERT INTO recipe_cook(recipe_id, cook_id) VALUES (86, 171);
INSERT INTO recipe_cook(recipe_id, cook_id) VALUES (86, 151);
INSERT INTO recipe_cook(recipe_id, cook_id) VALUES (86, 14);
INSERT INTO recipe_cook(recipe_id, cook_id) VALUES (86, 119);
INSERT INTO recipe_cook(recipe_id, cook_id) VALUES (86, 162);
INSERT INTO recipe_cook(recipe_id, cook_id) VALUES (86, 155);
INSERT INTO recipe_cook(recipe_id, cook_id) VALUES (86, 133);
INSERT INTO recipe_cook(recipe_id, cook_id) VALUES (86, 109);
INSERT INTO recipe_cook(recipe_id, cook_id) VALUES (86, 28);
INSERT INTO recipe_cook(recipe_id, cook_id) VALUES (86, 22);
INSERT INTO recipe_cook(recipe_id, cook_id) VALUES (86, 137);
INSERT INTO recipe_cook(recipe_id, cook_id) VALUES (86, 20);
INSERT INTO recipe_cook(recipe_id, cook_id) VALUES (86, 91);
INSERT INTO recipe_cook(recipe_id, cook_id) VALUES (86, 84);
INSERT INTO recipe_cook(recipe_id, cook_id) VALUES (86, 127);
INSERT INTO recipe_cook(recipe_id, cook_id) VALUES (86, 192);
INSERT INTO recipe_cook(recipe_id, cook_id) VALUES (86, 153);
INSERT INTO recipe_cook(recipe_id, cook_id) VALUES (86, 48);
INSERT INTO recipe_cook(recipe_id, cook_id) VALUES (86, 180);
INSERT INTO recipe_cook(recipe_id, cook_id) VALUES (86, 120);
INSERT INTO recipe_cook(recipe_id, cook_id) VALUES (86, 168);
INSERT INTO recipe_cook(recipe_id, cook_id) VALUES (86, 197);
INSERT INTO recipe_cook(recipe_id, cook_id) VALUES (86, 3);
INSERT INTO recipe_cook(recipe_id, cook_id) VALUES (86, 46);
INSERT INTO recipe_cook(recipe_id, cook_id) VALUES (86, 104);
INSERT INTO recipe_cook(recipe_id, cook_id) VALUES (86, 106);
INSERT INTO recipe_cook(recipe_id, cook_id) VALUES (86, 186);
INSERT INTO recipe_cook(recipe_id, cook_id) VALUES (86, 34);
INSERT INTO recipe_cook(recipe_id, cook_id) VALUES (86, 130);
INSERT INTO recipe_cook(recipe_id, cook_id) VALUES (86, 163);
INSERT INTO recipe_cook(recipe_id, cook_id) VALUES (86, 179);
INSERT INTO recipe_cook(recipe_id, cook_id) VALUES (86, 110);
INSERT INTO recipe_cook(recipe_id, cook_id) VALUES (86, 85);
INSERT INTO recipe_cook(recipe_id, cook_id) VALUES (86, 39);
INSERT INTO recipe_cook(recipe_id, cook_id) VALUES (86, 5);
INSERT INTO recipe_cook(recipe_id, cook_id) VALUES (86, 47);
INSERT INTO recipe_cook(recipe_id, cook_id) VALUES (86, 193);
INSERT INTO recipe_cook(recipe_id, cook_id) VALUES (86, 11);
INSERT INTO recipe_cook(recipe_id, cook_id) VALUES (86, 135);
INSERT INTO recipe_cook(recipe_id, cook_id) VALUES (86, 200);
INSERT INTO recipe_cook(recipe_id, cook_id) VALUES (86, 29);
INSERT INTO recipe_cook(recipe_id, cook_id) VALUES (86, 161);
INSERT INTO recipe_cook(recipe_id, cook_id) VALUES (86, 10);
INSERT INTO recipe_cook(recipe_id, cook_id) VALUES (86, 157);
INSERT INTO recipe_cook(recipe_id, cook_id) VALUES (86, 172);
INSERT INTO recipe_cook(recipe_id, cook_id) VALUES (86, 140);
INSERT INTO recipe_cook(recipe_id, cook_id) VALUES (86, 97);
INSERT INTO recipe_cook(recipe_id, cook_id) VALUES (86, 196);
INSERT INTO recipe_cook(recipe_id, cook_id) VALUES (86, 25);
INSERT INTO recipe_cook(recipe_id, cook_id) VALUES (86, 59);
INSERT INTO recipe_cook(recipe_id, cook_id) VALUES (86, 105);
INSERT INTO recipe_cook(recipe_id, cook_id) VALUES (86, 113);
INSERT INTO recipe_cook(recipe_id, cook_id) VALUES (86, 30);
INSERT INTO recipe_cook(recipe_id, cook_id) VALUES (86, 170);
INSERT INTO recipe_cook(recipe_id, cook_id) VALUES (86, 181);
INSERT INTO recipe_cook(recipe_id, cook_id) VALUES (86, 156);
INSERT INTO recipe_cook(recipe_id, cook_id) VALUES (86, 93);
INSERT INTO recipe_cook(recipe_id, cook_id) VALUES (86, 86);
INSERT INTO recipe_cook(recipe_id, cook_id) VALUES (86, 57);
INSERT INTO recipe_cook(recipe_id, cook_id) VALUES (86, 38);
INSERT INTO recipe_cook(recipe_id, cook_id) VALUES (86, 68);
INSERT INTO recipe_cook(recipe_id, cook_id) VALUES (86, 32);
INSERT INTO recipe_cook(recipe_id, cook_id) VALUES (86, 101);
INSERT INTO recipe_cook(recipe_id, cook_id) VALUES (86, 76);
INSERT INTO recipe_cook(recipe_id, cook_id) VALUES (86, 131);
INSERT INTO recipe_cook(recipe_id, cook_id) VALUES (86, 31);
INSERT INTO recipe_cook(recipe_id, cook_id) VALUES (86, 141);
INSERT INTO recipe_cook(recipe_id, cook_id) VALUES (86, 125);
INSERT INTO recipe_cook(recipe_id, cook_id) VALUES (86, 15);
INSERT INTO recipe_cook(recipe_id, cook_id) VALUES (86, 26);
INSERT INTO recipe_cook(recipe_id, cook_id) VALUES (86, 90);
INSERT INTO recipe_cook(recipe_id, cook_id) VALUES (86, 183);
INSERT INTO recipe_cook(recipe_id, cook_id) VALUES (86, 89);
INSERT INTO recipe_cook(recipe_id, cook_id) VALUES (86, 95);
INSERT INTO recipe_cook(recipe_id, cook_id) VALUES (86, 98);
INSERT INTO recipe_cook(recipe_id, cook_id) VALUES (86, 88);
INSERT INTO recipe_cook(recipe_id, cook_id) VALUES (86, 9);
INSERT INTO recipe_cook(recipe_id, cook_id) VALUES (86, 18);
INSERT INTO recipe_cook(recipe_id, cook_id) VALUES (86, 149);
INSERT INTO recipe_cook(recipe_id, cook_id) VALUES (86, 190);
INSERT INTO recipe_cook(recipe_id, cook_id) VALUES (86, 16);
INSERT INTO recipe_cook(recipe_id, cook_id) VALUES (86, 150);
INSERT INTO recipe_cook(recipe_id, cook_id) VALUES (86, 81);
INSERT INTO recipe_cook(recipe_id, cook_id) VALUES (86, 152);
INSERT INTO recipe_cook(recipe_id, cook_id) VALUES (86, 112);
INSERT INTO recipe_cook(recipe_id, cook_id) VALUES (86, 92);
INSERT INTO recipe_cook(recipe_id, cook_id) VALUES (86, 35);
INSERT INTO recipe_cook(recipe_id, cook_id) VALUES (86, 194);
INSERT INTO recipe_cook(recipe_id, cook_id) VALUES (86, 198);
INSERT INTO recipe_cook(recipe_id, cook_id) VALUES (86, 169);
INSERT INTO recipe_cook(recipe_id, cook_id) VALUES (86, 50);
INSERT INTO recipe_cook(recipe_id, cook_id) VALUES (86, 176);
INSERT INTO recipe_cook(recipe_id, cook_id) VALUES (86, 65);
INSERT INTO recipe_cook(recipe_id, cook_id) VALUES (86, 128);
INSERT INTO recipe_cook(recipe_id, cook_id) VALUES (86, 148);
INSERT INTO recipe_cook(recipe_id, cook_id) VALUES (86, 73);
INSERT INTO recipe_cook(recipe_id, cook_id) VALUES (86, 100);
INSERT INTO recipe_cook(recipe_id, cook_id) VALUES (86, 144);
INSERT INTO recipe_cook(recipe_id, cook_id) VALUES (86, 177);
INSERT INTO recipe_cook(recipe_id, cook_id) VALUES (86, 132);
INSERT INTO recipe_cook(recipe_id, cook_id) VALUES (86, 107);
INSERT INTO recipe_theme(recipe_id, theme_id) VALUES (86, 33);
INSERT INTO recipe_theme(recipe_id, theme_id) VALUES (86, 8);
INSERT INTO recipe_theme(recipe_id, theme_id) VALUES (86, 30);
INSERT INTO recipe_tip(recipe_id, tip_id) VALUES (86, 25);
INSERT INTO recipe_tip(recipe_id, tip_id) VALUES (86, 3);

INSERT INTO recipe(baking, cuisine_id, difficulty, title, recipe_description, prep_time, cook_time, portions, fat_portion, protein_portion, carbo_portion, picture, picture_description) VALUES(0, 32, 4,'Chocolate Cake', 'Responsibility record hospital field high. Community professional buy mission challenge wind sister. Loss interest step.', 55, 40, 4, 15, 15,45, 'https://dummyimage.com/870x414', 'Art view current organization difficult safe but.');
INSERT INTO recipe_meal_type(recipe_id, meal_type_id) VALUES (87, 4);
INSERT INTO recipe_tag(recipe_id, tag_id) VALUES (87, 81);
INSERT INTO recipe_tag(recipe_id, tag_id) VALUES (87, 30);
INSERT INTO recipe_tag(recipe_id, tag_id) VALUES (87, 40);
INSERT INTO recipe_tag(recipe_id, tag_id) VALUES (87, 93);
INSERT INTO recipe_tag(recipe_id, tag_id) VALUES (87, 36);
INSERT INTO recipe_tag(recipe_id, tag_id) VALUES (87, 66);
INSERT INTO recipe_tag(recipe_id, tag_id) VALUES (87, 53);
INSERT INTO recipe_equipment(recipe_id, equipment_id, num) VALUES (87, 16, 4);
INSERT INTO recipe_equipment(recipe_id, equipment_id, num) VALUES (87, 8, 2);
INSERT INTO recipe_equipment(recipe_id, equipment_id, num) VALUES (87, 11, 2);
INSERT INTO recipe_equipment(recipe_id, equipment_id, num) VALUES (87, 12, 3);
INSERT INTO recipe_equipment(recipe_id, equipment_id, num) VALUES (87, 10, 3);
INSERT INTO recipe_cook(recipe_id, cook_id) VALUES (87, 113);
INSERT INTO recipe_cook(recipe_id, cook_id) VALUES (87, 7);
INSERT INTO recipe_cook(recipe_id, cook_id) VALUES (87, 171);
INSERT INTO recipe_cook(recipe_id, cook_id) VALUES (87, 200);
INSERT INTO recipe_cook(recipe_id, cook_id) VALUES (87, 135);
INSERT INTO recipe_cook(recipe_id, cook_id) VALUES (87, 190);
INSERT INTO recipe_cook(recipe_id, cook_id) VALUES (87, 141);
INSERT INTO recipe_cook(recipe_id, cook_id) VALUES (87, 136);
INSERT INTO recipe_cook(recipe_id, cook_id) VALUES (87, 63);
INSERT INTO recipe_cook(recipe_id, cook_id) VALUES (87, 175);
INSERT INTO recipe_cook(recipe_id, cook_id) VALUES (87, 67);
INSERT INTO recipe_cook(recipe_id, cook_id) VALUES (87, 139);
INSERT INTO recipe_cook(recipe_id, cook_id) VALUES (87, 103);
INSERT INTO recipe_cook(recipe_id, cook_id) VALUES (87, 62);
INSERT INTO recipe_cook(recipe_id, cook_id) VALUES (87, 17);
INSERT INTO recipe_cook(recipe_id, cook_id) VALUES (87, 101);
INSERT INTO recipe_cook(recipe_id, cook_id) VALUES (87, 106);
INSERT INTO recipe_cook(recipe_id, cook_id) VALUES (87, 89);
INSERT INTO recipe_cook(recipe_id, cook_id) VALUES (87, 81);
INSERT INTO recipe_cook(recipe_id, cook_id) VALUES (87, 48);
INSERT INTO recipe_cook(recipe_id, cook_id) VALUES (87, 138);
INSERT INTO recipe_cook(recipe_id, cook_id) VALUES (87, 120);
INSERT INTO recipe_cook(recipe_id, cook_id) VALUES (87, 166);
INSERT INTO recipe_cook(recipe_id, cook_id) VALUES (87, 29);
INSERT INTO recipe_cook(recipe_id, cook_id) VALUES (87, 155);
INSERT INTO recipe_cook(recipe_id, cook_id) VALUES (87, 111);
INSERT INTO recipe_cook(recipe_id, cook_id) VALUES (87, 69);
INSERT INTO recipe_cook(recipe_id, cook_id) VALUES (87, 59);
INSERT INTO recipe_cook(recipe_id, cook_id) VALUES (87, 40);
INSERT INTO recipe_cook(recipe_id, cook_id) VALUES (87, 130);
INSERT INTO recipe_cook(recipe_id, cook_id) VALUES (87, 108);
INSERT INTO recipe_cook(recipe_id, cook_id) VALUES (87, 133);
INSERT INTO recipe_cook(recipe_id, cook_id) VALUES (87, 114);
INSERT INTO recipe_cook(recipe_id, cook_id) VALUES (87, 34);
INSERT INTO recipe_cook(recipe_id, cook_id) VALUES (87, 77);
INSERT INTO recipe_cook(recipe_id, cook_id) VALUES (87, 115);
INSERT INTO recipe_cook(recipe_id, cook_id) VALUES (87, 28);
INSERT INTO recipe_cook(recipe_id, cook_id) VALUES (87, 79);
INSERT INTO recipe_cook(recipe_id, cook_id) VALUES (87, 134);
INSERT INTO recipe_cook(recipe_id, cook_id) VALUES (87, 189);
INSERT INTO recipe_cook(recipe_id, cook_id) VALUES (87, 9);
INSERT INTO recipe_theme(recipe_id, theme_id) VALUES (87, 22);
INSERT INTO recipe_theme(recipe_id, theme_id) VALUES (87, 9);
INSERT INTO recipe_theme(recipe_id, theme_id) VALUES (87, 23);
INSERT INTO recipe_tip(recipe_id, tip_id) VALUES (87, 22);
INSERT INTO recipe_tip(recipe_id, tip_id) VALUES (87, 36);

INSERT INTO recipe(baking, cuisine_id, difficulty, title, recipe_description, prep_time, cook_time, portions, fat_portion, protein_portion, carbo_portion, picture, picture_description) VALUES(1, 21, 1,'Burritos', 'Relate particular company may. Six opportunity piece color area suffer. Enjoy clear suffer.', 85, 120, 4, 40, 35,30, 'https://picsum.photos/516/507', 'For peace if believe add.');
INSERT INTO recipe_meal_type(recipe_id, meal_type_id) VALUES (88, 3);
INSERT INTO recipe_tag(recipe_id, tag_id) VALUES (88, 9);
INSERT INTO recipe_equipment(recipe_id, equipment_id, num) VALUES (88, 5, 4);
INSERT INTO recipe_equipment(recipe_id, equipment_id, num) VALUES (88, 19, 2);
INSERT INTO recipe_equipment(recipe_id, equipment_id, num) VALUES (88, 18, 2);
INSERT INTO recipe_equipment(recipe_id, equipment_id, num) VALUES (88, 2, 2);
INSERT INTO recipe_equipment(recipe_id, equipment_id, num) VALUES (88, 15, 4);
INSERT INTO recipe_equipment(recipe_id, equipment_id, num) VALUES (88, 9, 4);
INSERT INTO recipe_equipment(recipe_id, equipment_id, num) VALUES (88, 7, 2);
INSERT INTO recipe_cook(recipe_id, cook_id) VALUES (88, 49);
INSERT INTO recipe_cook(recipe_id, cook_id) VALUES (88, 105);
INSERT INTO recipe_cook(recipe_id, cook_id) VALUES (88, 108);
INSERT INTO recipe_cook(recipe_id, cook_id) VALUES (88, 88);
INSERT INTO recipe_cook(recipe_id, cook_id) VALUES (88, 136);
INSERT INTO recipe_cook(recipe_id, cook_id) VALUES (88, 112);
INSERT INTO recipe_cook(recipe_id, cook_id) VALUES (88, 94);
INSERT INTO recipe_cook(recipe_id, cook_id) VALUES (88, 56);
INSERT INTO recipe_cook(recipe_id, cook_id) VALUES (88, 119);
INSERT INTO recipe_cook(recipe_id, cook_id) VALUES (88, 161);
INSERT INTO recipe_cook(recipe_id, cook_id) VALUES (88, 185);
INSERT INTO recipe_cook(recipe_id, cook_id) VALUES (88, 133);
INSERT INTO recipe_cook(recipe_id, cook_id) VALUES (88, 7);
INSERT INTO recipe_cook(recipe_id, cook_id) VALUES (88, 93);
INSERT INTO recipe_cook(recipe_id, cook_id) VALUES (88, 132);
INSERT INTO recipe_cook(recipe_id, cook_id) VALUES (88, 92);
INSERT INTO recipe_cook(recipe_id, cook_id) VALUES (88, 138);
INSERT INTO recipe_cook(recipe_id, cook_id) VALUES (88, 127);
INSERT INTO recipe_cook(recipe_id, cook_id) VALUES (88, 149);
INSERT INTO recipe_cook(recipe_id, cook_id) VALUES (88, 60);
INSERT INTO recipe_cook(recipe_id, cook_id) VALUES (88, 198);
INSERT INTO recipe_cook(recipe_id, cook_id) VALUES (88, 117);
INSERT INTO recipe_cook(recipe_id, cook_id) VALUES (88, 146);
INSERT INTO recipe_cook(recipe_id, cook_id) VALUES (88, 169);
INSERT INTO recipe_cook(recipe_id, cook_id) VALUES (88, 144);
INSERT INTO recipe_cook(recipe_id, cook_id) VALUES (88, 134);
INSERT INTO recipe_cook(recipe_id, cook_id) VALUES (88, 27);
INSERT INTO recipe_cook(recipe_id, cook_id) VALUES (88, 145);
INSERT INTO recipe_cook(recipe_id, cook_id) VALUES (88, 63);
INSERT INTO recipe_cook(recipe_id, cook_id) VALUES (88, 181);
INSERT INTO recipe_cook(recipe_id, cook_id) VALUES (88, 66);
INSERT INTO recipe_cook(recipe_id, cook_id) VALUES (88, 177);
INSERT INTO recipe_cook(recipe_id, cook_id) VALUES (88, 73);
INSERT INTO recipe_cook(recipe_id, cook_id) VALUES (88, 72);
INSERT INTO recipe_cook(recipe_id, cook_id) VALUES (88, 153);
INSERT INTO recipe_cook(recipe_id, cook_id) VALUES (88, 196);
INSERT INTO recipe_cook(recipe_id, cook_id) VALUES (88, 9);
INSERT INTO recipe_cook(recipe_id, cook_id) VALUES (88, 6);
INSERT INTO recipe_cook(recipe_id, cook_id) VALUES (88, 172);
INSERT INTO recipe_cook(recipe_id, cook_id) VALUES (88, 135);
INSERT INTO recipe_cook(recipe_id, cook_id) VALUES (88, 154);
INSERT INTO recipe_cook(recipe_id, cook_id) VALUES (88, 162);
INSERT INTO recipe_cook(recipe_id, cook_id) VALUES (88, 80);
INSERT INTO recipe_cook(recipe_id, cook_id) VALUES (88, 79);
INSERT INTO recipe_cook(recipe_id, cook_id) VALUES (88, 142);
INSERT INTO recipe_cook(recipe_id, cook_id) VALUES (88, 47);
INSERT INTO recipe_cook(recipe_id, cook_id) VALUES (88, 130);
INSERT INTO recipe_cook(recipe_id, cook_id) VALUES (88, 46);
INSERT INTO recipe_cook(recipe_id, cook_id) VALUES (88, 106);
INSERT INTO recipe_cook(recipe_id, cook_id) VALUES (88, 18);
INSERT INTO recipe_cook(recipe_id, cook_id) VALUES (88, 166);
INSERT INTO recipe_cook(recipe_id, cook_id) VALUES (88, 171);
INSERT INTO recipe_cook(recipe_id, cook_id) VALUES (88, 90);
INSERT INTO recipe_cook(recipe_id, cook_id) VALUES (88, 104);
INSERT INTO recipe_cook(recipe_id, cook_id) VALUES (88, 23);
INSERT INTO recipe_cook(recipe_id, cook_id) VALUES (88, 76);
INSERT INTO recipe_cook(recipe_id, cook_id) VALUES (88, 95);
INSERT INTO recipe_cook(recipe_id, cook_id) VALUES (88, 48);
INSERT INTO recipe_cook(recipe_id, cook_id) VALUES (88, 38);
INSERT INTO recipe_cook(recipe_id, cook_id) VALUES (88, 110);
INSERT INTO recipe_cook(recipe_id, cook_id) VALUES (88, 59);
INSERT INTO recipe_cook(recipe_id, cook_id) VALUES (88, 77);
INSERT INTO recipe_cook(recipe_id, cook_id) VALUES (88, 61);
INSERT INTO recipe_cook(recipe_id, cook_id) VALUES (88, 62);
INSERT INTO recipe_cook(recipe_id, cook_id) VALUES (88, 36);
INSERT INTO recipe_cook(recipe_id, cook_id) VALUES (88, 4);
INSERT INTO recipe_cook(recipe_id, cook_id) VALUES (88, 41);
INSERT INTO recipe_cook(recipe_id, cook_id) VALUES (88, 129);
INSERT INTO recipe_cook(recipe_id, cook_id) VALUES (88, 124);
INSERT INTO recipe_cook(recipe_id, cook_id) VALUES (88, 55);
INSERT INTO recipe_cook(recipe_id, cook_id) VALUES (88, 182);
INSERT INTO recipe_cook(recipe_id, cook_id) VALUES (88, 54);
INSERT INTO recipe_cook(recipe_id, cook_id) VALUES (88, 97);
INSERT INTO recipe_cook(recipe_id, cook_id) VALUES (88, 14);
INSERT INTO recipe_cook(recipe_id, cook_id) VALUES (88, 89);
INSERT INTO recipe_cook(recipe_id, cook_id) VALUES (88, 195);
INSERT INTO recipe_cook(recipe_id, cook_id) VALUES (88, 98);
INSERT INTO recipe_cook(recipe_id, cook_id) VALUES (88, 167);
INSERT INTO recipe_cook(recipe_id, cook_id) VALUES (88, 197);
INSERT INTO recipe_cook(recipe_id, cook_id) VALUES (88, 85);
INSERT INTO recipe_cook(recipe_id, cook_id) VALUES (88, 28);
INSERT INTO recipe_cook(recipe_id, cook_id) VALUES (88, 190);
INSERT INTO recipe_theme(recipe_id, theme_id) VALUES (88, 28);
INSERT INTO recipe_theme(recipe_id, theme_id) VALUES (88, 7);
INSERT INTO recipe_tip(recipe_id, tip_id) VALUES (88, 34);

INSERT INTO recipe(baking, cuisine_id, difficulty, title, recipe_description, prep_time, cook_time, portions, fat_portion, protein_portion, carbo_portion, picture, picture_description) VALUES(1, 16, 1,'Caprese Salad', 'Consumer guy family debate usually respond event. Movement expect number resource difficult capital. Travel understand true third natural water ahead.', 125, 110, 1, 30, 45,30, 'https://picsum.photos/223/402', 'True issue coach time next kitchen able.');
INSERT INTO recipe_meal_type(recipe_id, meal_type_id) VALUES (89, 4);
INSERT INTO recipe_tag(recipe_id, tag_id) VALUES (89, 91);
INSERT INTO recipe_tag(recipe_id, tag_id) VALUES (89, 52);
INSERT INTO recipe_tag(recipe_id, tag_id) VALUES (89, 34);
INSERT INTO recipe_tag(recipe_id, tag_id) VALUES (89, 62);
INSERT INTO recipe_tag(recipe_id, tag_id) VALUES (89, 28);
INSERT INTO recipe_tag(recipe_id, tag_id) VALUES (89, 19);
INSERT INTO recipe_tag(recipe_id, tag_id) VALUES (89, 3);
INSERT INTO recipe_equipment(recipe_id, equipment_id, num) VALUES (89, 11, 2);
INSERT INTO recipe_equipment(recipe_id, equipment_id, num) VALUES (89, 12, 4);
INSERT INTO recipe_equipment(recipe_id, equipment_id, num) VALUES (89, 10, 1);
INSERT INTO recipe_cook(recipe_id, cook_id) VALUES (89, 95);
INSERT INTO recipe_cook(recipe_id, cook_id) VALUES (89, 103);
INSERT INTO recipe_cook(recipe_id, cook_id) VALUES (89, 139);
INSERT INTO recipe_cook(recipe_id, cook_id) VALUES (89, 57);
INSERT INTO recipe_cook(recipe_id, cook_id) VALUES (89, 36);
INSERT INTO recipe_cook(recipe_id, cook_id) VALUES (89, 19);
INSERT INTO recipe_cook(recipe_id, cook_id) VALUES (89, 106);
INSERT INTO recipe_cook(recipe_id, cook_id) VALUES (89, 178);
INSERT INTO recipe_cook(recipe_id, cook_id) VALUES (89, 71);
INSERT INTO recipe_cook(recipe_id, cook_id) VALUES (89, 107);
INSERT INTO recipe_cook(recipe_id, cook_id) VALUES (89, 60);
INSERT INTO recipe_cook(recipe_id, cook_id) VALUES (89, 50);
INSERT INTO recipe_cook(recipe_id, cook_id) VALUES (89, 14);
INSERT INTO recipe_cook(recipe_id, cook_id) VALUES (89, 58);
INSERT INTO recipe_cook(recipe_id, cook_id) VALUES (89, 34);
INSERT INTO recipe_cook(recipe_id, cook_id) VALUES (89, 199);
INSERT INTO recipe_cook(recipe_id, cook_id) VALUES (89, 167);
INSERT INTO recipe_cook(recipe_id, cook_id) VALUES (89, 140);
INSERT INTO recipe_cook(recipe_id, cook_id) VALUES (89, 136);
INSERT INTO recipe_cook(recipe_id, cook_id) VALUES (89, 200);
INSERT INTO recipe_cook(recipe_id, cook_id) VALUES (89, 59);
INSERT INTO recipe_cook(recipe_id, cook_id) VALUES (89, 7);
INSERT INTO recipe_cook(recipe_id, cook_id) VALUES (89, 197);
INSERT INTO recipe_cook(recipe_id, cook_id) VALUES (89, 138);
INSERT INTO recipe_cook(recipe_id, cook_id) VALUES (89, 156);
INSERT INTO recipe_cook(recipe_id, cook_id) VALUES (89, 116);
INSERT INTO recipe_cook(recipe_id, cook_id) VALUES (89, 191);
INSERT INTO recipe_cook(recipe_id, cook_id) VALUES (89, 188);
INSERT INTO recipe_cook(recipe_id, cook_id) VALUES (89, 196);
INSERT INTO recipe_cook(recipe_id, cook_id) VALUES (89, 164);
INSERT INTO recipe_cook(recipe_id, cook_id) VALUES (89, 44);
INSERT INTO recipe_cook(recipe_id, cook_id) VALUES (89, 48);
INSERT INTO recipe_cook(recipe_id, cook_id) VALUES (89, 170);
INSERT INTO recipe_cook(recipe_id, cook_id) VALUES (89, 183);
INSERT INTO recipe_cook(recipe_id, cook_id) VALUES (89, 112);
INSERT INTO recipe_cook(recipe_id, cook_id) VALUES (89, 117);
INSERT INTO recipe_cook(recipe_id, cook_id) VALUES (89, 15);
INSERT INTO recipe_cook(recipe_id, cook_id) VALUES (89, 53);
INSERT INTO recipe_cook(recipe_id, cook_id) VALUES (89, 153);
INSERT INTO recipe_cook(recipe_id, cook_id) VALUES (89, 172);
INSERT INTO recipe_cook(recipe_id, cook_id) VALUES (89, 82);
INSERT INTO recipe_cook(recipe_id, cook_id) VALUES (89, 118);
INSERT INTO recipe_cook(recipe_id, cook_id) VALUES (89, 181);
INSERT INTO recipe_cook(recipe_id, cook_id) VALUES (89, 8);
INSERT INTO recipe_cook(recipe_id, cook_id) VALUES (89, 145);
INSERT INTO recipe_cook(recipe_id, cook_id) VALUES (89, 11);
INSERT INTO recipe_cook(recipe_id, cook_id) VALUES (89, 158);
INSERT INTO recipe_cook(recipe_id, cook_id) VALUES (89, 69);
INSERT INTO recipe_cook(recipe_id, cook_id) VALUES (89, 194);
INSERT INTO recipe_cook(recipe_id, cook_id) VALUES (89, 42);
INSERT INTO recipe_cook(recipe_id, cook_id) VALUES (89, 31);
INSERT INTO recipe_cook(recipe_id, cook_id) VALUES (89, 174);
INSERT INTO recipe_cook(recipe_id, cook_id) VALUES (89, 111);
INSERT INTO recipe_cook(recipe_id, cook_id) VALUES (89, 40);
INSERT INTO recipe_cook(recipe_id, cook_id) VALUES (89, 157);
INSERT INTO recipe_cook(recipe_id, cook_id) VALUES (89, 147);
INSERT INTO recipe_cook(recipe_id, cook_id) VALUES (89, 89);
INSERT INTO recipe_cook(recipe_id, cook_id) VALUES (89, 180);
INSERT INTO recipe_cook(recipe_id, cook_id) VALUES (89, 63);
INSERT INTO recipe_cook(recipe_id, cook_id) VALUES (89, 41);
INSERT INTO recipe_cook(recipe_id, cook_id) VALUES (89, 120);
INSERT INTO recipe_cook(recipe_id, cook_id) VALUES (89, 33);
INSERT INTO recipe_cook(recipe_id, cook_id) VALUES (89, 146);
INSERT INTO recipe_cook(recipe_id, cook_id) VALUES (89, 169);
INSERT INTO recipe_cook(recipe_id, cook_id) VALUES (89, 166);
INSERT INTO recipe_cook(recipe_id, cook_id) VALUES (89, 108);
INSERT INTO recipe_cook(recipe_id, cook_id) VALUES (89, 182);
INSERT INTO recipe_cook(recipe_id, cook_id) VALUES (89, 86);
INSERT INTO recipe_cook(recipe_id, cook_id) VALUES (89, 25);
INSERT INTO recipe_cook(recipe_id, cook_id) VALUES (89, 168);
INSERT INTO recipe_cook(recipe_id, cook_id) VALUES (89, 68);
INSERT INTO recipe_cook(recipe_id, cook_id) VALUES (89, 56);
INSERT INTO recipe_cook(recipe_id, cook_id) VALUES (89, 73);
INSERT INTO recipe_cook(recipe_id, cook_id) VALUES (89, 161);
INSERT INTO recipe_cook(recipe_id, cook_id) VALUES (89, 175);
INSERT INTO recipe_cook(recipe_id, cook_id) VALUES (89, 177);
INSERT INTO recipe_cook(recipe_id, cook_id) VALUES (89, 149);
INSERT INTO recipe_cook(recipe_id, cook_id) VALUES (89, 160);
INSERT INTO recipe_cook(recipe_id, cook_id) VALUES (89, 159);
INSERT INTO recipe_cook(recipe_id, cook_id) VALUES (89, 87);
INSERT INTO recipe_cook(recipe_id, cook_id) VALUES (89, 18);
INSERT INTO recipe_cook(recipe_id, cook_id) VALUES (89, 148);
INSERT INTO recipe_cook(recipe_id, cook_id) VALUES (89, 55);
INSERT INTO recipe_cook(recipe_id, cook_id) VALUES (89, 23);
INSERT INTO recipe_cook(recipe_id, cook_id) VALUES (89, 124);
INSERT INTO recipe_cook(recipe_id, cook_id) VALUES (89, 98);
INSERT INTO recipe_cook(recipe_id, cook_id) VALUES (89, 176);
INSERT INTO recipe_cook(recipe_id, cook_id) VALUES (89, 35);
INSERT INTO recipe_cook(recipe_id, cook_id) VALUES (89, 32);
INSERT INTO recipe_cook(recipe_id, cook_id) VALUES (89, 65);
INSERT INTO recipe_cook(recipe_id, cook_id) VALUES (89, 3);
INSERT INTO recipe_cook(recipe_id, cook_id) VALUES (89, 66);
INSERT INTO recipe_cook(recipe_id, cook_id) VALUES (89, 162);
INSERT INTO recipe_cook(recipe_id, cook_id) VALUES (89, 94);
INSERT INTO recipe_cook(recipe_id, cook_id) VALUES (89, 192);
INSERT INTO recipe_cook(recipe_id, cook_id) VALUES (89, 173);
INSERT INTO recipe_cook(recipe_id, cook_id) VALUES (89, 28);
INSERT INTO recipe_cook(recipe_id, cook_id) VALUES (89, 54);
INSERT INTO recipe_cook(recipe_id, cook_id) VALUES (89, 186);
INSERT INTO recipe_cook(recipe_id, cook_id) VALUES (89, 123);
INSERT INTO recipe_cook(recipe_id, cook_id) VALUES (89, 198);
INSERT INTO recipe_cook(recipe_id, cook_id) VALUES (89, 165);
INSERT INTO recipe_cook(recipe_id, cook_id) VALUES (89, 125);
INSERT INTO recipe_cook(recipe_id, cook_id) VALUES (89, 61);
INSERT INTO recipe_cook(recipe_id, cook_id) VALUES (89, 43);
INSERT INTO recipe_cook(recipe_id, cook_id) VALUES (89, 185);
INSERT INTO recipe_cook(recipe_id, cook_id) VALUES (89, 17);
INSERT INTO recipe_cook(recipe_id, cook_id) VALUES (89, 142);
INSERT INTO recipe_cook(recipe_id, cook_id) VALUES (89, 74);
INSERT INTO recipe_cook(recipe_id, cook_id) VALUES (89, 91);
INSERT INTO recipe_theme(recipe_id, theme_id) VALUES (89, 7);
INSERT INTO recipe_theme(recipe_id, theme_id) VALUES (89, 6);
INSERT INTO recipe_tip(recipe_id, tip_id) VALUES (89, 36);
INSERT INTO recipe_tip(recipe_id, tip_id) VALUES (89, 26);
INSERT INTO recipe_tip(recipe_id, tip_id) VALUES (89, 18);

INSERT INTO recipe(baking, cuisine_id, difficulty, title, recipe_description, prep_time, cook_time, portions, fat_portion, protein_portion, carbo_portion, picture, picture_description) VALUES(1, 40, 5,'Mozzarella Sticks', 'Even doctor field. Service hope behavior those able piece. House either thus PM reveal mission report. Scientist why glass fear third. Itself including water dark.', 115, 30, 4, 45, 0,45, 'https://picsum.photos/340/511', 'Few individual him least along.');
INSERT INTO recipe_meal_type(recipe_id, meal_type_id) VALUES (90, 5);
INSERT INTO recipe_tag(recipe_id, tag_id) VALUES (90, 70);
INSERT INTO recipe_tag(recipe_id, tag_id) VALUES (90, 92);
INSERT INTO recipe_equipment(recipe_id, equipment_id, num) VALUES (90, 4, 2);
INSERT INTO recipe_equipment(recipe_id, equipment_id, num) VALUES (90, 13, 4);
INSERT INTO recipe_equipment(recipe_id, equipment_id, num) VALUES (90, 14, 1);
INSERT INTO recipe_cook(recipe_id, cook_id) VALUES (90, 184);
INSERT INTO recipe_cook(recipe_id, cook_id) VALUES (90, 140);
INSERT INTO recipe_cook(recipe_id, cook_id) VALUES (90, 127);
INSERT INTO recipe_cook(recipe_id, cook_id) VALUES (90, 152);
INSERT INTO recipe_cook(recipe_id, cook_id) VALUES (90, 161);
INSERT INTO recipe_cook(recipe_id, cook_id) VALUES (90, 75);
INSERT INTO recipe_cook(recipe_id, cook_id) VALUES (90, 83);
INSERT INTO recipe_cook(recipe_id, cook_id) VALUES (90, 156);
INSERT INTO recipe_cook(recipe_id, cook_id) VALUES (90, 105);
INSERT INTO recipe_cook(recipe_id, cook_id) VALUES (90, 30);
INSERT INTO recipe_cook(recipe_id, cook_id) VALUES (90, 31);
INSERT INTO recipe_cook(recipe_id, cook_id) VALUES (90, 149);
INSERT INTO recipe_cook(recipe_id, cook_id) VALUES (90, 155);
INSERT INTO recipe_cook(recipe_id, cook_id) VALUES (90, 197);
INSERT INTO recipe_cook(recipe_id, cook_id) VALUES (90, 101);
INSERT INTO recipe_cook(recipe_id, cook_id) VALUES (90, 68);
INSERT INTO recipe_cook(recipe_id, cook_id) VALUES (90, 141);
INSERT INTO recipe_cook(recipe_id, cook_id) VALUES (90, 79);
INSERT INTO recipe_cook(recipe_id, cook_id) VALUES (90, 112);
INSERT INTO recipe_cook(recipe_id, cook_id) VALUES (90, 42);
INSERT INTO recipe_cook(recipe_id, cook_id) VALUES (90, 188);
INSERT INTO recipe_cook(recipe_id, cook_id) VALUES (90, 124);
INSERT INTO recipe_cook(recipe_id, cook_id) VALUES (90, 29);
INSERT INTO recipe_cook(recipe_id, cook_id) VALUES (90, 108);
INSERT INTO recipe_cook(recipe_id, cook_id) VALUES (90, 150);
INSERT INTO recipe_cook(recipe_id, cook_id) VALUES (90, 133);
INSERT INTO recipe_cook(recipe_id, cook_id) VALUES (90, 90);
INSERT INTO recipe_cook(recipe_id, cook_id) VALUES (90, 96);
INSERT INTO recipe_cook(recipe_id, cook_id) VALUES (90, 5);
INSERT INTO recipe_cook(recipe_id, cook_id) VALUES (90, 145);
INSERT INTO recipe_cook(recipe_id, cook_id) VALUES (90, 110);
INSERT INTO recipe_cook(recipe_id, cook_id) VALUES (90, 159);
INSERT INTO recipe_cook(recipe_id, cook_id) VALUES (90, 139);
INSERT INTO recipe_cook(recipe_id, cook_id) VALUES (90, 107);
INSERT INTO recipe_cook(recipe_id, cook_id) VALUES (90, 60);
INSERT INTO recipe_cook(recipe_id, cook_id) VALUES (90, 130);
INSERT INTO recipe_cook(recipe_id, cook_id) VALUES (90, 7);
INSERT INTO recipe_cook(recipe_id, cook_id) VALUES (90, 111);
INSERT INTO recipe_theme(recipe_id, theme_id) VALUES (90, 40);
INSERT INTO recipe_theme(recipe_id, theme_id) VALUES (90, 13);
INSERT INTO recipe_theme(recipe_id, theme_id) VALUES (90, 12);
INSERT INTO recipe_tip(recipe_id, tip_id) VALUES (90, 21);
INSERT INTO recipe_tip(recipe_id, tip_id) VALUES (90, 9);
INSERT INTO recipe_tip(recipe_id, tip_id) VALUES (90, 34);

INSERT INTO recipe(baking, cuisine_id, difficulty, title, recipe_description, prep_time, cook_time, portions, fat_portion, protein_portion, carbo_portion, picture, picture_description) VALUES(1, 10, 2,'Pancakes', 'Budget kid question just value us look. Again arrive office successful forward capital serve much. Site parent clear prepare argue message maintain. Suggest soldier thought evening law significant.', 105, 120, 4, 45, 10,30, 'https://picsum.photos/176/303', 'More not believe.');
INSERT INTO recipe_meal_type(recipe_id, meal_type_id) VALUES (91, 4);
INSERT INTO recipe_tag(recipe_id, tag_id) VALUES (91, 45);
INSERT INTO recipe_equipment(recipe_id, equipment_id, num) VALUES (91, 12, 3);
INSERT INTO recipe_equipment(recipe_id, equipment_id, num) VALUES (91, 13, 3);
INSERT INTO recipe_equipment(recipe_id, equipment_id, num) VALUES (91, 19, 3);
INSERT INTO recipe_equipment(recipe_id, equipment_id, num) VALUES (91, 20, 4);
INSERT INTO recipe_equipment(recipe_id, equipment_id, num) VALUES (91, 10, 2);
INSERT INTO recipe_equipment(recipe_id, equipment_id, num) VALUES (91, 16, 4);
INSERT INTO recipe_equipment(recipe_id, equipment_id, num) VALUES (91, 17, 1);
INSERT INTO recipe_cook(recipe_id, cook_id) VALUES (91, 146);
INSERT INTO recipe_cook(recipe_id, cook_id) VALUES (91, 93);
INSERT INTO recipe_cook(recipe_id, cook_id) VALUES (91, 73);
INSERT INTO recipe_cook(recipe_id, cook_id) VALUES (91, 126);
INSERT INTO recipe_cook(recipe_id, cook_id) VALUES (91, 66);
INSERT INTO recipe_cook(recipe_id, cook_id) VALUES (91, 121);
INSERT INTO recipe_cook(recipe_id, cook_id) VALUES (91, 77);
INSERT INTO recipe_cook(recipe_id, cook_id) VALUES (91, 8);
INSERT INTO recipe_cook(recipe_id, cook_id) VALUES (91, 50);
INSERT INTO recipe_cook(recipe_id, cook_id) VALUES (91, 114);
INSERT INTO recipe_cook(recipe_id, cook_id) VALUES (91, 180);
INSERT INTO recipe_cook(recipe_id, cook_id) VALUES (91, 178);
INSERT INTO recipe_cook(recipe_id, cook_id) VALUES (91, 4);
INSERT INTO recipe_cook(recipe_id, cook_id) VALUES (91, 94);
INSERT INTO recipe_cook(recipe_id, cook_id) VALUES (91, 164);
INSERT INTO recipe_cook(recipe_id, cook_id) VALUES (91, 31);
INSERT INTO recipe_cook(recipe_id, cook_id) VALUES (91, 24);
INSERT INTO recipe_cook(recipe_id, cook_id) VALUES (91, 153);
INSERT INTO recipe_cook(recipe_id, cook_id) VALUES (91, 136);
INSERT INTO recipe_cook(recipe_id, cook_id) VALUES (91, 87);
INSERT INTO recipe_cook(recipe_id, cook_id) VALUES (91, 141);
INSERT INTO recipe_cook(recipe_id, cook_id) VALUES (91, 14);
INSERT INTO recipe_cook(recipe_id, cook_id) VALUES (91, 168);
INSERT INTO recipe_cook(recipe_id, cook_id) VALUES (91, 1);
INSERT INTO recipe_cook(recipe_id, cook_id) VALUES (91, 29);
INSERT INTO recipe_cook(recipe_id, cook_id) VALUES (91, 12);
INSERT INTO recipe_cook(recipe_id, cook_id) VALUES (91, 181);
INSERT INTO recipe_cook(recipe_id, cook_id) VALUES (91, 71);
INSERT INTO recipe_cook(recipe_id, cook_id) VALUES (91, 130);
INSERT INTO recipe_cook(recipe_id, cook_id) VALUES (91, 23);
INSERT INTO recipe_cook(recipe_id, cook_id) VALUES (91, 58);
INSERT INTO recipe_cook(recipe_id, cook_id) VALUES (91, 163);
INSERT INTO recipe_cook(recipe_id, cook_id) VALUES (91, 110);
INSERT INTO recipe_cook(recipe_id, cook_id) VALUES (91, 122);
INSERT INTO recipe_cook(recipe_id, cook_id) VALUES (91, 18);
INSERT INTO recipe_cook(recipe_id, cook_id) VALUES (91, 80);
INSERT INTO recipe_cook(recipe_id, cook_id) VALUES (91, 120);
INSERT INTO recipe_cook(recipe_id, cook_id) VALUES (91, 184);
INSERT INTO recipe_cook(recipe_id, cook_id) VALUES (91, 2);
INSERT INTO recipe_cook(recipe_id, cook_id) VALUES (91, 15);
INSERT INTO recipe_cook(recipe_id, cook_id) VALUES (91, 155);
INSERT INTO recipe_cook(recipe_id, cook_id) VALUES (91, 115);
INSERT INTO recipe_cook(recipe_id, cook_id) VALUES (91, 135);
INSERT INTO recipe_cook(recipe_id, cook_id) VALUES (91, 96);
INSERT INTO recipe_cook(recipe_id, cook_id) VALUES (91, 90);
INSERT INTO recipe_cook(recipe_id, cook_id) VALUES (91, 64);
INSERT INTO recipe_cook(recipe_id, cook_id) VALUES (91, 152);
INSERT INTO recipe_cook(recipe_id, cook_id) VALUES (91, 30);
INSERT INTO recipe_cook(recipe_id, cook_id) VALUES (91, 173);
INSERT INTO recipe_cook(recipe_id, cook_id) VALUES (91, 35);
INSERT INTO recipe_cook(recipe_id, cook_id) VALUES (91, 55);
INSERT INTO recipe_cook(recipe_id, cook_id) VALUES (91, 101);
INSERT INTO recipe_cook(recipe_id, cook_id) VALUES (91, 118);
INSERT INTO recipe_cook(recipe_id, cook_id) VALUES (91, 147);
INSERT INTO recipe_cook(recipe_id, cook_id) VALUES (91, 88);
INSERT INTO recipe_cook(recipe_id, cook_id) VALUES (91, 111);
INSERT INTO recipe_cook(recipe_id, cook_id) VALUES (91, 200);
INSERT INTO recipe_cook(recipe_id, cook_id) VALUES (91, 159);
INSERT INTO recipe_cook(recipe_id, cook_id) VALUES (91, 70);
INSERT INTO recipe_cook(recipe_id, cook_id) VALUES (91, 43);
INSERT INTO recipe_cook(recipe_id, cook_id) VALUES (91, 157);
INSERT INTO recipe_cook(recipe_id, cook_id) VALUES (91, 154);
INSERT INTO recipe_cook(recipe_id, cook_id) VALUES (91, 139);
INSERT INTO recipe_cook(recipe_id, cook_id) VALUES (91, 67);
INSERT INTO recipe_cook(recipe_id, cook_id) VALUES (91, 45);
INSERT INTO recipe_cook(recipe_id, cook_id) VALUES (91, 19);
INSERT INTO recipe_cook(recipe_id, cook_id) VALUES (91, 145);
INSERT INTO recipe_cook(recipe_id, cook_id) VALUES (91, 78);
INSERT INTO recipe_cook(recipe_id, cook_id) VALUES (91, 82);
INSERT INTO recipe_cook(recipe_id, cook_id) VALUES (91, 177);
INSERT INTO recipe_cook(recipe_id, cook_id) VALUES (91, 185);
INSERT INTO recipe_cook(recipe_id, cook_id) VALUES (91, 116);
INSERT INTO recipe_cook(recipe_id, cook_id) VALUES (91, 74);
INSERT INTO recipe_cook(recipe_id, cook_id) VALUES (91, 124);
INSERT INTO recipe_cook(recipe_id, cook_id) VALUES (91, 3);
INSERT INTO recipe_cook(recipe_id, cook_id) VALUES (91, 36);
INSERT INTO recipe_cook(recipe_id, cook_id) VALUES (91, 75);
INSERT INTO recipe_cook(recipe_id, cook_id) VALUES (91, 186);
INSERT INTO recipe_cook(recipe_id, cook_id) VALUES (91, 113);
INSERT INTO recipe_cook(recipe_id, cook_id) VALUES (91, 57);
INSERT INTO recipe_cook(recipe_id, cook_id) VALUES (91, 137);
INSERT INTO recipe_cook(recipe_id, cook_id) VALUES (91, 48);
INSERT INTO recipe_cook(recipe_id, cook_id) VALUES (91, 174);
INSERT INTO recipe_cook(recipe_id, cook_id) VALUES (91, 117);
INSERT INTO recipe_cook(recipe_id, cook_id) VALUES (91, 38);
INSERT INTO recipe_cook(recipe_id, cook_id) VALUES (91, 105);
INSERT INTO recipe_cook(recipe_id, cook_id) VALUES (91, 97);
INSERT INTO recipe_cook(recipe_id, cook_id) VALUES (91, 148);
INSERT INTO recipe_cook(recipe_id, cook_id) VALUES (91, 39);
INSERT INTO recipe_cook(recipe_id, cook_id) VALUES (91, 37);
INSERT INTO recipe_cook(recipe_id, cook_id) VALUES (91, 91);
INSERT INTO recipe_cook(recipe_id, cook_id) VALUES (91, 179);
INSERT INTO recipe_cook(recipe_id, cook_id) VALUES (91, 44);
INSERT INTO recipe_cook(recipe_id, cook_id) VALUES (91, 169);
INSERT INTO recipe_cook(recipe_id, cook_id) VALUES (91, 109);
INSERT INTO recipe_cook(recipe_id, cook_id) VALUES (91, 34);
INSERT INTO recipe_cook(recipe_id, cook_id) VALUES (91, 189);
INSERT INTO recipe_cook(recipe_id, cook_id) VALUES (91, 25);
INSERT INTO recipe_cook(recipe_id, cook_id) VALUES (91, 128);
INSERT INTO recipe_cook(recipe_id, cook_id) VALUES (91, 52);
INSERT INTO recipe_cook(recipe_id, cook_id) VALUES (91, 41);
INSERT INTO recipe_cook(recipe_id, cook_id) VALUES (91, 28);
INSERT INTO recipe_cook(recipe_id, cook_id) VALUES (91, 119);
INSERT INTO recipe_cook(recipe_id, cook_id) VALUES (91, 142);
INSERT INTO recipe_cook(recipe_id, cook_id) VALUES (91, 131);
INSERT INTO recipe_cook(recipe_id, cook_id) VALUES (91, 162);
INSERT INTO recipe_cook(recipe_id, cook_id) VALUES (91, 79);
INSERT INTO recipe_cook(recipe_id, cook_id) VALUES (91, 138);
INSERT INTO recipe_cook(recipe_id, cook_id) VALUES (91, 188);
INSERT INTO recipe_cook(recipe_id, cook_id) VALUES (91, 107);
INSERT INTO recipe_cook(recipe_id, cook_id) VALUES (91, 72);
INSERT INTO recipe_cook(recipe_id, cook_id) VALUES (91, 54);
INSERT INTO recipe_cook(recipe_id, cook_id) VALUES (91, 92);
INSERT INTO recipe_cook(recipe_id, cook_id) VALUES (91, 103);
INSERT INTO recipe_cook(recipe_id, cook_id) VALUES (91, 61);
INSERT INTO recipe_cook(recipe_id, cook_id) VALUES (91, 42);
INSERT INTO recipe_cook(recipe_id, cook_id) VALUES (91, 165);
INSERT INTO recipe_cook(recipe_id, cook_id) VALUES (91, 95);
INSERT INTO recipe_cook(recipe_id, cook_id) VALUES (91, 191);
INSERT INTO recipe_cook(recipe_id, cook_id) VALUES (91, 86);
INSERT INTO recipe_cook(recipe_id, cook_id) VALUES (91, 99);
INSERT INTO recipe_cook(recipe_id, cook_id) VALUES (91, 63);
INSERT INTO recipe_cook(recipe_id, cook_id) VALUES (91, 59);
INSERT INTO recipe_cook(recipe_id, cook_id) VALUES (91, 21);
INSERT INTO recipe_cook(recipe_id, cook_id) VALUES (91, 6);
INSERT INTO recipe_cook(recipe_id, cook_id) VALUES (91, 81);
INSERT INTO recipe_cook(recipe_id, cook_id) VALUES (91, 98);
INSERT INTO recipe_cook(recipe_id, cook_id) VALUES (91, 11);
INSERT INTO recipe_cook(recipe_id, cook_id) VALUES (91, 132);
INSERT INTO recipe_cook(recipe_id, cook_id) VALUES (91, 176);
INSERT INTO recipe_cook(recipe_id, cook_id) VALUES (91, 53);
INSERT INTO recipe_cook(recipe_id, cook_id) VALUES (91, 198);
INSERT INTO recipe_cook(recipe_id, cook_id) VALUES (91, 22);
INSERT INTO recipe_cook(recipe_id, cook_id) VALUES (91, 199);
INSERT INTO recipe_cook(recipe_id, cook_id) VALUES (91, 100);
INSERT INTO recipe_cook(recipe_id, cook_id) VALUES (91, 170);
INSERT INTO recipe_cook(recipe_id, cook_id) VALUES (91, 167);
INSERT INTO recipe_cook(recipe_id, cook_id) VALUES (91, 56);
INSERT INTO recipe_cook(recipe_id, cook_id) VALUES (91, 68);
INSERT INTO recipe_cook(recipe_id, cook_id) VALUES (91, 62);
INSERT INTO recipe_cook(recipe_id, cook_id) VALUES (91, 140);
INSERT INTO recipe_cook(recipe_id, cook_id) VALUES (91, 160);
INSERT INTO recipe_cook(recipe_id, cook_id) VALUES (91, 51);
INSERT INTO recipe_cook(recipe_id, cook_id) VALUES (91, 195);
INSERT INTO recipe_cook(recipe_id, cook_id) VALUES (91, 182);
INSERT INTO recipe_cook(recipe_id, cook_id) VALUES (91, 7);
INSERT INTO recipe_cook(recipe_id, cook_id) VALUES (91, 192);
INSERT INTO recipe_cook(recipe_id, cook_id) VALUES (91, 143);
INSERT INTO recipe_cook(recipe_id, cook_id) VALUES (91, 106);
INSERT INTO recipe_cook(recipe_id, cook_id) VALUES (91, 112);
INSERT INTO recipe_cook(recipe_id, cook_id) VALUES (91, 166);
INSERT INTO recipe_theme(recipe_id, theme_id) VALUES (91, 35);
INSERT INTO recipe_theme(recipe_id, theme_id) VALUES (91, 39);
INSERT INTO recipe_tip(recipe_id, tip_id) VALUES (91, 10);
INSERT INTO recipe_tip(recipe_id, tip_id) VALUES (91, 37);

INSERT INTO recipe(baking, cuisine_id, difficulty, title, recipe_description, prep_time, cook_time, portions, fat_portion, protein_portion, carbo_portion, picture, picture_description) VALUES(1, 23, 3,'Spaghetti Carbonara', 'Fly present agree game raise soldier bring. Product father clear policy upon eat young. Deep who reality most young whatever name.', 45, 80, 1, 5, 40,5, 'https://picsum.photos/426/490', 'Along kid choice long issue despite.');
INSERT INTO recipe_meal_type(recipe_id, meal_type_id) VALUES (92, 4);
INSERT INTO recipe_tag(recipe_id, tag_id) VALUES (92, 43);
INSERT INTO recipe_tag(recipe_id, tag_id) VALUES (92, 37);
INSERT INTO recipe_tag(recipe_id, tag_id) VALUES (92, 36);
INSERT INTO recipe_equipment(recipe_id, equipment_id, num) VALUES (92, 3, 1);
INSERT INTO recipe_equipment(recipe_id, equipment_id, num) VALUES (92, 12, 4);
INSERT INTO recipe_equipment(recipe_id, equipment_id, num) VALUES (92, 18, 1);
INSERT INTO recipe_equipment(recipe_id, equipment_id, num) VALUES (92, 14, 1);
INSERT INTO recipe_equipment(recipe_id, equipment_id, num) VALUES (92, 16, 1);
INSERT INTO recipe_cook(recipe_id, cook_id) VALUES (92, 141);
INSERT INTO recipe_cook(recipe_id, cook_id) VALUES (92, 145);
INSERT INTO recipe_cook(recipe_id, cook_id) VALUES (92, 103);
INSERT INTO recipe_cook(recipe_id, cook_id) VALUES (92, 3);
INSERT INTO recipe_cook(recipe_id, cook_id) VALUES (92, 200);
INSERT INTO recipe_cook(recipe_id, cook_id) VALUES (92, 124);
INSERT INTO recipe_cook(recipe_id, cook_id) VALUES (92, 169);
INSERT INTO recipe_cook(recipe_id, cook_id) VALUES (92, 134);
INSERT INTO recipe_cook(recipe_id, cook_id) VALUES (92, 167);
INSERT INTO recipe_cook(recipe_id, cook_id) VALUES (92, 132);
INSERT INTO recipe_cook(recipe_id, cook_id) VALUES (92, 156);
INSERT INTO recipe_cook(recipe_id, cook_id) VALUES (92, 90);
INSERT INTO recipe_cook(recipe_id, cook_id) VALUES (92, 25);
INSERT INTO recipe_cook(recipe_id, cook_id) VALUES (92, 48);
INSERT INTO recipe_cook(recipe_id, cook_id) VALUES (92, 179);
INSERT INTO recipe_cook(recipe_id, cook_id) VALUES (92, 55);
INSERT INTO recipe_cook(recipe_id, cook_id) VALUES (92, 34);
INSERT INTO recipe_cook(recipe_id, cook_id) VALUES (92, 23);
INSERT INTO recipe_cook(recipe_id, cook_id) VALUES (92, 18);
INSERT INTO recipe_cook(recipe_id, cook_id) VALUES (92, 73);
INSERT INTO recipe_cook(recipe_id, cook_id) VALUES (92, 9);
INSERT INTO recipe_cook(recipe_id, cook_id) VALUES (92, 11);
INSERT INTO recipe_cook(recipe_id, cook_id) VALUES (92, 140);
INSERT INTO recipe_cook(recipe_id, cook_id) VALUES (92, 107);
INSERT INTO recipe_cook(recipe_id, cook_id) VALUES (92, 183);
INSERT INTO recipe_cook(recipe_id, cook_id) VALUES (92, 147);
INSERT INTO recipe_cook(recipe_id, cook_id) VALUES (92, 30);
INSERT INTO recipe_cook(recipe_id, cook_id) VALUES (92, 62);
INSERT INTO recipe_cook(recipe_id, cook_id) VALUES (92, 129);
INSERT INTO recipe_cook(recipe_id, cook_id) VALUES (92, 116);
INSERT INTO recipe_cook(recipe_id, cook_id) VALUES (92, 75);
INSERT INTO recipe_cook(recipe_id, cook_id) VALUES (92, 160);
INSERT INTO recipe_cook(recipe_id, cook_id) VALUES (92, 6);
INSERT INTO recipe_cook(recipe_id, cook_id) VALUES (92, 111);
INSERT INTO recipe_cook(recipe_id, cook_id) VALUES (92, 79);
INSERT INTO recipe_cook(recipe_id, cook_id) VALUES (92, 194);
INSERT INTO recipe_cook(recipe_id, cook_id) VALUES (92, 31);
INSERT INTO recipe_cook(recipe_id, cook_id) VALUES (92, 196);
INSERT INTO recipe_cook(recipe_id, cook_id) VALUES (92, 68);
INSERT INTO recipe_cook(recipe_id, cook_id) VALUES (92, 36);
INSERT INTO recipe_cook(recipe_id, cook_id) VALUES (92, 100);
INSERT INTO recipe_cook(recipe_id, cook_id) VALUES (92, 95);
INSERT INTO recipe_cook(recipe_id, cook_id) VALUES (92, 58);
INSERT INTO recipe_cook(recipe_id, cook_id) VALUES (92, 94);
INSERT INTO recipe_cook(recipe_id, cook_id) VALUES (92, 180);
INSERT INTO recipe_cook(recipe_id, cook_id) VALUES (92, 115);
INSERT INTO recipe_cook(recipe_id, cook_id) VALUES (92, 164);
INSERT INTO recipe_cook(recipe_id, cook_id) VALUES (92, 65);
INSERT INTO recipe_cook(recipe_id, cook_id) VALUES (92, 99);
INSERT INTO recipe_cook(recipe_id, cook_id) VALUES (92, 14);
INSERT INTO recipe_cook(recipe_id, cook_id) VALUES (92, 106);
INSERT INTO recipe_cook(recipe_id, cook_id) VALUES (92, 78);
INSERT INTO recipe_cook(recipe_id, cook_id) VALUES (92, 192);
INSERT INTO recipe_cook(recipe_id, cook_id) VALUES (92, 82);
INSERT INTO recipe_cook(recipe_id, cook_id) VALUES (92, 64);
INSERT INTO recipe_cook(recipe_id, cook_id) VALUES (92, 195);
INSERT INTO recipe_cook(recipe_id, cook_id) VALUES (92, 175);
INSERT INTO recipe_cook(recipe_id, cook_id) VALUES (92, 22);
INSERT INTO recipe_cook(recipe_id, cook_id) VALUES (92, 158);
INSERT INTO recipe_cook(recipe_id, cook_id) VALUES (92, 56);
INSERT INTO recipe_cook(recipe_id, cook_id) VALUES (92, 84);
INSERT INTO recipe_cook(recipe_id, cook_id) VALUES (92, 2);
INSERT INTO recipe_cook(recipe_id, cook_id) VALUES (92, 136);
INSERT INTO recipe_cook(recipe_id, cook_id) VALUES (92, 69);
INSERT INTO recipe_cook(recipe_id, cook_id) VALUES (92, 38);
INSERT INTO recipe_cook(recipe_id, cook_id) VALUES (92, 41);
INSERT INTO recipe_cook(recipe_id, cook_id) VALUES (92, 26);
INSERT INTO recipe_cook(recipe_id, cook_id) VALUES (92, 146);
INSERT INTO recipe_cook(recipe_id, cook_id) VALUES (92, 137);
INSERT INTO recipe_cook(recipe_id, cook_id) VALUES (92, 89);
INSERT INTO recipe_cook(recipe_id, cook_id) VALUES (92, 150);
INSERT INTO recipe_cook(recipe_id, cook_id) VALUES (92, 198);
INSERT INTO recipe_cook(recipe_id, cook_id) VALUES (92, 19);
INSERT INTO recipe_cook(recipe_id, cook_id) VALUES (92, 143);
INSERT INTO recipe_cook(recipe_id, cook_id) VALUES (92, 8);
INSERT INTO recipe_cook(recipe_id, cook_id) VALUES (92, 93);
INSERT INTO recipe_cook(recipe_id, cook_id) VALUES (92, 28);
INSERT INTO recipe_cook(recipe_id, cook_id) VALUES (92, 105);
INSERT INTO recipe_cook(recipe_id, cook_id) VALUES (92, 166);
INSERT INTO recipe_cook(recipe_id, cook_id) VALUES (92, 76);
INSERT INTO recipe_cook(recipe_id, cook_id) VALUES (92, 126);
INSERT INTO recipe_cook(recipe_id, cook_id) VALUES (92, 104);
INSERT INTO recipe_cook(recipe_id, cook_id) VALUES (92, 153);
INSERT INTO recipe_cook(recipe_id, cook_id) VALUES (92, 121);
INSERT INTO recipe_cook(recipe_id, cook_id) VALUES (92, 123);
INSERT INTO recipe_cook(recipe_id, cook_id) VALUES (92, 149);
INSERT INTO recipe_cook(recipe_id, cook_id) VALUES (92, 1);
INSERT INTO recipe_cook(recipe_id, cook_id) VALUES (92, 37);
INSERT INTO recipe_cook(recipe_id, cook_id) VALUES (92, 113);
INSERT INTO recipe_cook(recipe_id, cook_id) VALUES (92, 4);
INSERT INTO recipe_cook(recipe_id, cook_id) VALUES (92, 53);
INSERT INTO recipe_cook(recipe_id, cook_id) VALUES (92, 117);
INSERT INTO recipe_cook(recipe_id, cook_id) VALUES (92, 122);
INSERT INTO recipe_cook(recipe_id, cook_id) VALUES (92, 44);
INSERT INTO recipe_cook(recipe_id, cook_id) VALUES (92, 159);
INSERT INTO recipe_cook(recipe_id, cook_id) VALUES (92, 152);
INSERT INTO recipe_cook(recipe_id, cook_id) VALUES (92, 87);
INSERT INTO recipe_cook(recipe_id, cook_id) VALUES (92, 63);
INSERT INTO recipe_cook(recipe_id, cook_id) VALUES (92, 163);
INSERT INTO recipe_cook(recipe_id, cook_id) VALUES (92, 199);
INSERT INTO recipe_cook(recipe_id, cook_id) VALUES (92, 177);
INSERT INTO recipe_cook(recipe_id, cook_id) VALUES (92, 12);
INSERT INTO recipe_cook(recipe_id, cook_id) VALUES (92, 81);
INSERT INTO recipe_cook(recipe_id, cook_id) VALUES (92, 33);
INSERT INTO recipe_cook(recipe_id, cook_id) VALUES (92, 59);
INSERT INTO recipe_cook(recipe_id, cook_id) VALUES (92, 144);
INSERT INTO recipe_cook(recipe_id, cook_id) VALUES (92, 71);
INSERT INTO recipe_cook(recipe_id, cook_id) VALUES (92, 162);
INSERT INTO recipe_cook(recipe_id, cook_id) VALUES (92, 10);
INSERT INTO recipe_cook(recipe_id, cook_id) VALUES (92, 170);
INSERT INTO recipe_cook(recipe_id, cook_id) VALUES (92, 173);
INSERT INTO recipe_cook(recipe_id, cook_id) VALUES (92, 86);
INSERT INTO recipe_cook(recipe_id, cook_id) VALUES (92, 47);
INSERT INTO recipe_cook(recipe_id, cook_id) VALUES (92, 189);
INSERT INTO recipe_cook(recipe_id, cook_id) VALUES (92, 133);
INSERT INTO recipe_cook(recipe_id, cook_id) VALUES (92, 85);
INSERT INTO recipe_cook(recipe_id, cook_id) VALUES (92, 77);
INSERT INTO recipe_cook(recipe_id, cook_id) VALUES (92, 154);
INSERT INTO recipe_cook(recipe_id, cook_id) VALUES (92, 40);
INSERT INTO recipe_cook(recipe_id, cook_id) VALUES (92, 46);
INSERT INTO recipe_cook(recipe_id, cook_id) VALUES (92, 131);
INSERT INTO recipe_cook(recipe_id, cook_id) VALUES (92, 174);
INSERT INTO recipe_cook(recipe_id, cook_id) VALUES (92, 157);
INSERT INTO recipe_cook(recipe_id, cook_id) VALUES (92, 39);
INSERT INTO recipe_cook(recipe_id, cook_id) VALUES (92, 138);
INSERT INTO recipe_cook(recipe_id, cook_id) VALUES (92, 176);
INSERT INTO recipe_cook(recipe_id, cook_id) VALUES (92, 54);
INSERT INTO recipe_cook(recipe_id, cook_id) VALUES (92, 185);
INSERT INTO recipe_cook(recipe_id, cook_id) VALUES (92, 91);
INSERT INTO recipe_cook(recipe_id, cook_id) VALUES (92, 102);
INSERT INTO recipe_cook(recipe_id, cook_id) VALUES (92, 17);
INSERT INTO recipe_cook(recipe_id, cook_id) VALUES (92, 97);
INSERT INTO recipe_cook(recipe_id, cook_id) VALUES (92, 119);
INSERT INTO recipe_cook(recipe_id, cook_id) VALUES (92, 171);
INSERT INTO recipe_cook(recipe_id, cook_id) VALUES (92, 151);
INSERT INTO recipe_theme(recipe_id, theme_id) VALUES (92, 13);
INSERT INTO recipe_theme(recipe_id, theme_id) VALUES (92, 16);
INSERT INTO recipe_theme(recipe_id, theme_id) VALUES (92, 4);
INSERT INTO recipe_tip(recipe_id, tip_id) VALUES (92, 11);

INSERT INTO recipe(baking, cuisine_id, difficulty, title, recipe_description, prep_time, cook_time, portions, fat_portion, protein_portion, carbo_portion, picture, picture_description) VALUES(0, 4, 5,'Waffles', 'Bed above purpose any look threat. Scientist something myself or modern get consider mission.', 105, 50, 5, 35, 55,40, 'https://dummyimage.com/846x677', 'Yes close begin loss.');
INSERT INTO recipe_meal_type(recipe_id, meal_type_id) VALUES (93, 4);
INSERT INTO recipe_tag(recipe_id, tag_id) VALUES (93, 17);
INSERT INTO recipe_tag(recipe_id, tag_id) VALUES (93, 68);
INSERT INTO recipe_tag(recipe_id, tag_id) VALUES (93, 83);
INSERT INTO recipe_tag(recipe_id, tag_id) VALUES (93, 89);
INSERT INTO recipe_tag(recipe_id, tag_id) VALUES (93, 98);
INSERT INTO recipe_tag(recipe_id, tag_id) VALUES (93, 77);
INSERT INTO recipe_equipment(recipe_id, equipment_id, num) VALUES (93, 11, 1);
INSERT INTO recipe_equipment(recipe_id, equipment_id, num) VALUES (93, 3, 1);
INSERT INTO recipe_equipment(recipe_id, equipment_id, num) VALUES (93, 20, 2);
INSERT INTO recipe_equipment(recipe_id, equipment_id, num) VALUES (93, 9, 4);
INSERT INTO recipe_equipment(recipe_id, equipment_id, num) VALUES (93, 8, 1);
INSERT INTO recipe_equipment(recipe_id, equipment_id, num) VALUES (93, 12, 2);
INSERT INTO recipe_cook(recipe_id, cook_id) VALUES (93, 198);
INSERT INTO recipe_cook(recipe_id, cook_id) VALUES (93, 2);
INSERT INTO recipe_cook(recipe_id, cook_id) VALUES (93, 103);
INSERT INTO recipe_cook(recipe_id, cook_id) VALUES (93, 62);
INSERT INTO recipe_cook(recipe_id, cook_id) VALUES (93, 68);
INSERT INTO recipe_cook(recipe_id, cook_id) VALUES (93, 100);
INSERT INTO recipe_cook(recipe_id, cook_id) VALUES (93, 43);
INSERT INTO recipe_cook(recipe_id, cook_id) VALUES (93, 7);
INSERT INTO recipe_cook(recipe_id, cook_id) VALUES (93, 21);
INSERT INTO recipe_cook(recipe_id, cook_id) VALUES (93, 53);
INSERT INTO recipe_cook(recipe_id, cook_id) VALUES (93, 195);
INSERT INTO recipe_cook(recipe_id, cook_id) VALUES (93, 137);
INSERT INTO recipe_cook(recipe_id, cook_id) VALUES (93, 181);
INSERT INTO recipe_cook(recipe_id, cook_id) VALUES (93, 59);
INSERT INTO recipe_cook(recipe_id, cook_id) VALUES (93, 23);
INSERT INTO recipe_cook(recipe_id, cook_id) VALUES (93, 104);
INSERT INTO recipe_cook(recipe_id, cook_id) VALUES (93, 74);
INSERT INTO recipe_cook(recipe_id, cook_id) VALUES (93, 102);
INSERT INTO recipe_cook(recipe_id, cook_id) VALUES (93, 124);
INSERT INTO recipe_cook(recipe_id, cook_id) VALUES (93, 88);
INSERT INTO recipe_cook(recipe_id, cook_id) VALUES (93, 193);
INSERT INTO recipe_cook(recipe_id, cook_id) VALUES (93, 11);
INSERT INTO recipe_cook(recipe_id, cook_id) VALUES (93, 194);
INSERT INTO recipe_cook(recipe_id, cook_id) VALUES (93, 136);
INSERT INTO recipe_cook(recipe_id, cook_id) VALUES (93, 97);
INSERT INTO recipe_cook(recipe_id, cook_id) VALUES (93, 196);
INSERT INTO recipe_cook(recipe_id, cook_id) VALUES (93, 48);
INSERT INTO recipe_cook(recipe_id, cook_id) VALUES (93, 9);
INSERT INTO recipe_cook(recipe_id, cook_id) VALUES (93, 58);
INSERT INTO recipe_cook(recipe_id, cook_id) VALUES (93, 147);
INSERT INTO recipe_cook(recipe_id, cook_id) VALUES (93, 167);
INSERT INTO recipe_cook(recipe_id, cook_id) VALUES (93, 138);
INSERT INTO recipe_cook(recipe_id, cook_id) VALUES (93, 131);
INSERT INTO recipe_cook(recipe_id, cook_id) VALUES (93, 15);
INSERT INTO recipe_cook(recipe_id, cook_id) VALUES (93, 46);
INSERT INTO recipe_cook(recipe_id, cook_id) VALUES (93, 80);
INSERT INTO recipe_cook(recipe_id, cook_id) VALUES (93, 61);
INSERT INTO recipe_cook(recipe_id, cook_id) VALUES (93, 149);
INSERT INTO recipe_cook(recipe_id, cook_id) VALUES (93, 107);
INSERT INTO recipe_cook(recipe_id, cook_id) VALUES (93, 159);
INSERT INTO recipe_cook(recipe_id, cook_id) VALUES (93, 56);
INSERT INTO recipe_cook(recipe_id, cook_id) VALUES (93, 91);
INSERT INTO recipe_cook(recipe_id, cook_id) VALUES (93, 18);
INSERT INTO recipe_cook(recipe_id, cook_id) VALUES (93, 41);
INSERT INTO recipe_cook(recipe_id, cook_id) VALUES (93, 86);
INSERT INTO recipe_cook(recipe_id, cook_id) VALUES (93, 77);
INSERT INTO recipe_cook(recipe_id, cook_id) VALUES (93, 65);
INSERT INTO recipe_cook(recipe_id, cook_id) VALUES (93, 121);
INSERT INTO recipe_cook(recipe_id, cook_id) VALUES (93, 37);
INSERT INTO recipe_cook(recipe_id, cook_id) VALUES (93, 3);
INSERT INTO recipe_cook(recipe_id, cook_id) VALUES (93, 32);
INSERT INTO recipe_cook(recipe_id, cook_id) VALUES (93, 60);
INSERT INTO recipe_cook(recipe_id, cook_id) VALUES (93, 29);
INSERT INTO recipe_cook(recipe_id, cook_id) VALUES (93, 165);
INSERT INTO recipe_cook(recipe_id, cook_id) VALUES (93, 99);
INSERT INTO recipe_cook(recipe_id, cook_id) VALUES (93, 130);
INSERT INTO recipe_cook(recipe_id, cook_id) VALUES (93, 52);
INSERT INTO recipe_cook(recipe_id, cook_id) VALUES (93, 83);
INSERT INTO recipe_cook(recipe_id, cook_id) VALUES (93, 190);
INSERT INTO recipe_cook(recipe_id, cook_id) VALUES (93, 90);
INSERT INTO recipe_cook(recipe_id, cook_id) VALUES (93, 112);
INSERT INTO recipe_cook(recipe_id, cook_id) VALUES (93, 168);
INSERT INTO recipe_cook(recipe_id, cook_id) VALUES (93, 126);
INSERT INTO recipe_cook(recipe_id, cook_id) VALUES (93, 145);
INSERT INTO recipe_cook(recipe_id, cook_id) VALUES (93, 129);
INSERT INTO recipe_cook(recipe_id, cook_id) VALUES (93, 111);
INSERT INTO recipe_cook(recipe_id, cook_id) VALUES (93, 150);
INSERT INTO recipe_cook(recipe_id, cook_id) VALUES (93, 72);
INSERT INTO recipe_cook(recipe_id, cook_id) VALUES (93, 73);
INSERT INTO recipe_cook(recipe_id, cook_id) VALUES (93, 139);
INSERT INTO recipe_cook(recipe_id, cook_id) VALUES (93, 93);
INSERT INTO recipe_cook(recipe_id, cook_id) VALUES (93, 178);
INSERT INTO recipe_cook(recipe_id, cook_id) VALUES (93, 160);
INSERT INTO recipe_cook(recipe_id, cook_id) VALUES (93, 33);
INSERT INTO recipe_cook(recipe_id, cook_id) VALUES (93, 142);
INSERT INTO recipe_cook(recipe_id, cook_id) VALUES (93, 25);
INSERT INTO recipe_cook(recipe_id, cook_id) VALUES (93, 173);
INSERT INTO recipe_cook(recipe_id, cook_id) VALUES (93, 14);
INSERT INTO recipe_cook(recipe_id, cook_id) VALUES (93, 84);
INSERT INTO recipe_cook(recipe_id, cook_id) VALUES (93, 117);
INSERT INTO recipe_cook(recipe_id, cook_id) VALUES (93, 38);
INSERT INTO recipe_cook(recipe_id, cook_id) VALUES (93, 66);
INSERT INTO recipe_cook(recipe_id, cook_id) VALUES (93, 106);
INSERT INTO recipe_cook(recipe_id, cook_id) VALUES (93, 157);
INSERT INTO recipe_cook(recipe_id, cook_id) VALUES (93, 154);
INSERT INTO recipe_cook(recipe_id, cook_id) VALUES (93, 22);
INSERT INTO recipe_cook(recipe_id, cook_id) VALUES (93, 96);
INSERT INTO recipe_cook(recipe_id, cook_id) VALUES (93, 82);
INSERT INTO recipe_cook(recipe_id, cook_id) VALUES (93, 188);
INSERT INTO recipe_cook(recipe_id, cook_id) VALUES (93, 108);
INSERT INTO recipe_cook(recipe_id, cook_id) VALUES (93, 57);
INSERT INTO recipe_cook(recipe_id, cook_id) VALUES (93, 64);
INSERT INTO recipe_cook(recipe_id, cook_id) VALUES (93, 67);
INSERT INTO recipe_cook(recipe_id, cook_id) VALUES (93, 119);
INSERT INTO recipe_cook(recipe_id, cook_id) VALUES (93, 17);
INSERT INTO recipe_cook(recipe_id, cook_id) VALUES (93, 47);
INSERT INTO recipe_cook(recipe_id, cook_id) VALUES (93, 31);
INSERT INTO recipe_cook(recipe_id, cook_id) VALUES (93, 45);
INSERT INTO recipe_cook(recipe_id, cook_id) VALUES (93, 118);
INSERT INTO recipe_cook(recipe_id, cook_id) VALUES (93, 166);
INSERT INTO recipe_cook(recipe_id, cook_id) VALUES (93, 85);
INSERT INTO recipe_cook(recipe_id, cook_id) VALUES (93, 40);
INSERT INTO recipe_cook(recipe_id, cook_id) VALUES (93, 185);
INSERT INTO recipe_cook(recipe_id, cook_id) VALUES (93, 192);
INSERT INTO recipe_cook(recipe_id, cook_id) VALUES (93, 98);
INSERT INTO recipe_cook(recipe_id, cook_id) VALUES (93, 55);
INSERT INTO recipe_cook(recipe_id, cook_id) VALUES (93, 75);
INSERT INTO recipe_cook(recipe_id, cook_id) VALUES (93, 10);
INSERT INTO recipe_theme(recipe_id, theme_id) VALUES (93, 34);
INSERT INTO recipe_tip(recipe_id, tip_id) VALUES (93, 14);

INSERT INTO recipe(baking, cuisine_id, difficulty, title, recipe_description, prep_time, cook_time, portions, fat_portion, protein_portion, carbo_portion, picture, picture_description) VALUES(1, 48, 5,'Samosas', 'Sister language defense amount realize happen fact base. Out economy do amount. Easy difficult though door out view. Evening become information use pressure exactly real.', 85, 40, 5, 10, 40,55, 'https://picsum.photos/791/44', 'Myself third whatever down wife event condition.');
INSERT INTO recipe_meal_type(recipe_id, meal_type_id) VALUES (94, 2);
INSERT INTO recipe_tag(recipe_id, tag_id) VALUES (94, 11);
INSERT INTO recipe_tag(recipe_id, tag_id) VALUES (94, 5);
INSERT INTO recipe_tag(recipe_id, tag_id) VALUES (94, 95);
INSERT INTO recipe_tag(recipe_id, tag_id) VALUES (94, 54);
INSERT INTO recipe_equipment(recipe_id, equipment_id, num) VALUES (94, 14, 2);
INSERT INTO recipe_equipment(recipe_id, equipment_id, num) VALUES (94, 17, 4);
INSERT INTO recipe_equipment(recipe_id, equipment_id, num) VALUES (94, 5, 3);
INSERT INTO recipe_equipment(recipe_id, equipment_id, num) VALUES (94, 16, 2);
INSERT INTO recipe_equipment(recipe_id, equipment_id, num) VALUES (94, 11, 1);
INSERT INTO recipe_cook(recipe_id, cook_id) VALUES (94, 11);
INSERT INTO recipe_cook(recipe_id, cook_id) VALUES (94, 52);
INSERT INTO recipe_cook(recipe_id, cook_id) VALUES (94, 116);
INSERT INTO recipe_cook(recipe_id, cook_id) VALUES (94, 147);
INSERT INTO recipe_cook(recipe_id, cook_id) VALUES (94, 189);
INSERT INTO recipe_cook(recipe_id, cook_id) VALUES (94, 180);
INSERT INTO recipe_cook(recipe_id, cook_id) VALUES (94, 26);
INSERT INTO recipe_cook(recipe_id, cook_id) VALUES (94, 151);
INSERT INTO recipe_cook(recipe_id, cook_id) VALUES (94, 23);
INSERT INTO recipe_cook(recipe_id, cook_id) VALUES (94, 188);
INSERT INTO recipe_cook(recipe_id, cook_id) VALUES (94, 85);
INSERT INTO recipe_cook(recipe_id, cook_id) VALUES (94, 87);
INSERT INTO recipe_cook(recipe_id, cook_id) VALUES (94, 62);
INSERT INTO recipe_cook(recipe_id, cook_id) VALUES (94, 97);
INSERT INTO recipe_cook(recipe_id, cook_id) VALUES (94, 111);
INSERT INTO recipe_cook(recipe_id, cook_id) VALUES (94, 70);
INSERT INTO recipe_cook(recipe_id, cook_id) VALUES (94, 175);
INSERT INTO recipe_cook(recipe_id, cook_id) VALUES (94, 165);
INSERT INTO recipe_cook(recipe_id, cook_id) VALUES (94, 92);
INSERT INTO recipe_cook(recipe_id, cook_id) VALUES (94, 77);
INSERT INTO recipe_cook(recipe_id, cook_id) VALUES (94, 109);
INSERT INTO recipe_cook(recipe_id, cook_id) VALUES (94, 48);
INSERT INTO recipe_cook(recipe_id, cook_id) VALUES (94, 137);
INSERT INTO recipe_cook(recipe_id, cook_id) VALUES (94, 155);
INSERT INTO recipe_cook(recipe_id, cook_id) VALUES (94, 30);
INSERT INTO recipe_cook(recipe_id, cook_id) VALUES (94, 181);
INSERT INTO recipe_cook(recipe_id, cook_id) VALUES (94, 158);
INSERT INTO recipe_cook(recipe_id, cook_id) VALUES (94, 73);
INSERT INTO recipe_cook(recipe_id, cook_id) VALUES (94, 117);
INSERT INTO recipe_cook(recipe_id, cook_id) VALUES (94, 134);
INSERT INTO recipe_cook(recipe_id, cook_id) VALUES (94, 119);
INSERT INTO recipe_cook(recipe_id, cook_id) VALUES (94, 114);
INSERT INTO recipe_cook(recipe_id, cook_id) VALUES (94, 152);
INSERT INTO recipe_cook(recipe_id, cook_id) VALUES (94, 146);
INSERT INTO recipe_cook(recipe_id, cook_id) VALUES (94, 74);
INSERT INTO recipe_cook(recipe_id, cook_id) VALUES (94, 36);
INSERT INTO recipe_cook(recipe_id, cook_id) VALUES (94, 79);
INSERT INTO recipe_cook(recipe_id, cook_id) VALUES (94, 133);
INSERT INTO recipe_cook(recipe_id, cook_id) VALUES (94, 192);
INSERT INTO recipe_cook(recipe_id, cook_id) VALUES (94, 166);
INSERT INTO recipe_cook(recipe_id, cook_id) VALUES (94, 136);
INSERT INTO recipe_cook(recipe_id, cook_id) VALUES (94, 130);
INSERT INTO recipe_cook(recipe_id, cook_id) VALUES (94, 103);
INSERT INTO recipe_cook(recipe_id, cook_id) VALUES (94, 102);
INSERT INTO recipe_cook(recipe_id, cook_id) VALUES (94, 59);
INSERT INTO recipe_cook(recipe_id, cook_id) VALUES (94, 1);
INSERT INTO recipe_cook(recipe_id, cook_id) VALUES (94, 72);
INSERT INTO recipe_cook(recipe_id, cook_id) VALUES (94, 99);
INSERT INTO recipe_cook(recipe_id, cook_id) VALUES (94, 154);
INSERT INTO recipe_cook(recipe_id, cook_id) VALUES (94, 12);
INSERT INTO recipe_cook(recipe_id, cook_id) VALUES (94, 190);
INSERT INTO recipe_cook(recipe_id, cook_id) VALUES (94, 110);
INSERT INTO recipe_cook(recipe_id, cook_id) VALUES (94, 7);
INSERT INTO recipe_cook(recipe_id, cook_id) VALUES (94, 101);
INSERT INTO recipe_cook(recipe_id, cook_id) VALUES (94, 40);
INSERT INTO recipe_cook(recipe_id, cook_id) VALUES (94, 14);
INSERT INTO recipe_cook(recipe_id, cook_id) VALUES (94, 160);
INSERT INTO recipe_cook(recipe_id, cook_id) VALUES (94, 127);
INSERT INTO recipe_cook(recipe_id, cook_id) VALUES (94, 5);
INSERT INTO recipe_theme(recipe_id, theme_id) VALUES (94, 7);
INSERT INTO recipe_theme(recipe_id, theme_id) VALUES (94, 21);
INSERT INTO recipe_tip(recipe_id, tip_id) VALUES (94, 25);
INSERT INTO recipe_tip(recipe_id, tip_id) VALUES (94, 39);
INSERT INTO recipe_tip(recipe_id, tip_id) VALUES (94, 11);

INSERT INTO recipe(baking, cuisine_id, difficulty, title, recipe_description, prep_time, cook_time, portions, fat_portion, protein_portion, carbo_portion, picture, picture_description) VALUES(0, 22, 1,'Gumbo', 'Stock key control low myself sense. Nation concern learn rule risk design difference. Soldier space kind ready reality keep.', 115, 60, 2, 5, 15,70, 'https://dummyimage.com/774x514', 'Tough real hold heavy day ever my.');
INSERT INTO recipe_meal_type(recipe_id, meal_type_id) VALUES (95, 4);
INSERT INTO recipe_tag(recipe_id, tag_id) VALUES (95, 82);
INSERT INTO recipe_tag(recipe_id, tag_id) VALUES (95, 61);
INSERT INTO recipe_tag(recipe_id, tag_id) VALUES (95, 31);
INSERT INTO recipe_tag(recipe_id, tag_id) VALUES (95, 98);
INSERT INTO recipe_equipment(recipe_id, equipment_id, num) VALUES (95, 20, 4);
INSERT INTO recipe_equipment(recipe_id, equipment_id, num) VALUES (95, 13, 3);
INSERT INTO recipe_equipment(recipe_id, equipment_id, num) VALUES (95, 19, 2);
INSERT INTO recipe_equipment(recipe_id, equipment_id, num) VALUES (95, 7, 2);
INSERT INTO recipe_equipment(recipe_id, equipment_id, num) VALUES (95, 15, 1);
INSERT INTO recipe_equipment(recipe_id, equipment_id, num) VALUES (95, 4, 3);
INSERT INTO recipe_cook(recipe_id, cook_id) VALUES (95, 177);
INSERT INTO recipe_cook(recipe_id, cook_id) VALUES (95, 46);
INSERT INTO recipe_cook(recipe_id, cook_id) VALUES (95, 80);
INSERT INTO recipe_cook(recipe_id, cook_id) VALUES (95, 60);
INSERT INTO recipe_cook(recipe_id, cook_id) VALUES (95, 27);
INSERT INTO recipe_cook(recipe_id, cook_id) VALUES (95, 156);
INSERT INTO recipe_cook(recipe_id, cook_id) VALUES (95, 99);
INSERT INTO recipe_cook(recipe_id, cook_id) VALUES (95, 176);
INSERT INTO recipe_cook(recipe_id, cook_id) VALUES (95, 116);
INSERT INTO recipe_cook(recipe_id, cook_id) VALUES (95, 65);
INSERT INTO recipe_cook(recipe_id, cook_id) VALUES (95, 103);
INSERT INTO recipe_cook(recipe_id, cook_id) VALUES (95, 194);
INSERT INTO recipe_cook(recipe_id, cook_id) VALUES (95, 155);
INSERT INTO recipe_cook(recipe_id, cook_id) VALUES (95, 104);
INSERT INTO recipe_cook(recipe_id, cook_id) VALUES (95, 169);
INSERT INTO recipe_cook(recipe_id, cook_id) VALUES (95, 112);
INSERT INTO recipe_cook(recipe_id, cook_id) VALUES (95, 87);
INSERT INTO recipe_cook(recipe_id, cook_id) VALUES (95, 118);
INSERT INTO recipe_cook(recipe_id, cook_id) VALUES (95, 102);
INSERT INTO recipe_cook(recipe_id, cook_id) VALUES (95, 57);
INSERT INTO recipe_cook(recipe_id, cook_id) VALUES (95, 58);
INSERT INTO recipe_cook(recipe_id, cook_id) VALUES (95, 173);
INSERT INTO recipe_cook(recipe_id, cook_id) VALUES (95, 40);
INSERT INTO recipe_cook(recipe_id, cook_id) VALUES (95, 119);
INSERT INTO recipe_cook(recipe_id, cook_id) VALUES (95, 121);
INSERT INTO recipe_cook(recipe_id, cook_id) VALUES (95, 181);
INSERT INTO recipe_cook(recipe_id, cook_id) VALUES (95, 164);
INSERT INTO recipe_cook(recipe_id, cook_id) VALUES (95, 131);
INSERT INTO recipe_cook(recipe_id, cook_id) VALUES (95, 28);
INSERT INTO recipe_cook(recipe_id, cook_id) VALUES (95, 122);
INSERT INTO recipe_cook(recipe_id, cook_id) VALUES (95, 29);
INSERT INTO recipe_cook(recipe_id, cook_id) VALUES (95, 45);
INSERT INTO recipe_cook(recipe_id, cook_id) VALUES (95, 142);
INSERT INTO recipe_cook(recipe_id, cook_id) VALUES (95, 188);
INSERT INTO recipe_cook(recipe_id, cook_id) VALUES (95, 129);
INSERT INTO recipe_cook(recipe_id, cook_id) VALUES (95, 89);
INSERT INTO recipe_cook(recipe_id, cook_id) VALUES (95, 67);
INSERT INTO recipe_cook(recipe_id, cook_id) VALUES (95, 23);
INSERT INTO recipe_cook(recipe_id, cook_id) VALUES (95, 158);
INSERT INTO recipe_cook(recipe_id, cook_id) VALUES (95, 187);
INSERT INTO recipe_cook(recipe_id, cook_id) VALUES (95, 85);
INSERT INTO recipe_cook(recipe_id, cook_id) VALUES (95, 98);
INSERT INTO recipe_cook(recipe_id, cook_id) VALUES (95, 162);
INSERT INTO recipe_cook(recipe_id, cook_id) VALUES (95, 21);
INSERT INTO recipe_cook(recipe_id, cook_id) VALUES (95, 115);
INSERT INTO recipe_cook(recipe_id, cook_id) VALUES (95, 55);
INSERT INTO recipe_cook(recipe_id, cook_id) VALUES (95, 88);
INSERT INTO recipe_cook(recipe_id, cook_id) VALUES (95, 36);
INSERT INTO recipe_cook(recipe_id, cook_id) VALUES (95, 152);
INSERT INTO recipe_cook(recipe_id, cook_id) VALUES (95, 105);
INSERT INTO recipe_cook(recipe_id, cook_id) VALUES (95, 113);
INSERT INTO recipe_cook(recipe_id, cook_id) VALUES (95, 94);
INSERT INTO recipe_cook(recipe_id, cook_id) VALUES (95, 109);
INSERT INTO recipe_cook(recipe_id, cook_id) VALUES (95, 139);
INSERT INTO recipe_cook(recipe_id, cook_id) VALUES (95, 140);
INSERT INTO recipe_cook(recipe_id, cook_id) VALUES (95, 160);
INSERT INTO recipe_cook(recipe_id, cook_id) VALUES (95, 149);
INSERT INTO recipe_cook(recipe_id, cook_id) VALUES (95, 200);
INSERT INTO recipe_cook(recipe_id, cook_id) VALUES (95, 125);
INSERT INTO recipe_cook(recipe_id, cook_id) VALUES (95, 185);
INSERT INTO recipe_cook(recipe_id, cook_id) VALUES (95, 161);
INSERT INTO recipe_cook(recipe_id, cook_id) VALUES (95, 195);
INSERT INTO recipe_cook(recipe_id, cook_id) VALUES (95, 30);
INSERT INTO recipe_cook(recipe_id, cook_id) VALUES (95, 4);
INSERT INTO recipe_cook(recipe_id, cook_id) VALUES (95, 193);
INSERT INTO recipe_cook(recipe_id, cook_id) VALUES (95, 182);
INSERT INTO recipe_cook(recipe_id, cook_id) VALUES (95, 76);
INSERT INTO recipe_cook(recipe_id, cook_id) VALUES (95, 43);
INSERT INTO recipe_cook(recipe_id, cook_id) VALUES (95, 157);
INSERT INTO recipe_cook(recipe_id, cook_id) VALUES (95, 128);
INSERT INTO recipe_cook(recipe_id, cook_id) VALUES (95, 123);
INSERT INTO recipe_cook(recipe_id, cook_id) VALUES (95, 108);
INSERT INTO recipe_cook(recipe_id, cook_id) VALUES (95, 167);
INSERT INTO recipe_cook(recipe_id, cook_id) VALUES (95, 170);
INSERT INTO recipe_theme(recipe_id, theme_id) VALUES (95, 37);
INSERT INTO recipe_tip(recipe_id, tip_id) VALUES (95, 35);
INSERT INTO recipe_tip(recipe_id, tip_id) VALUES (95, 25);
INSERT INTO recipe_tip(recipe_id, tip_id) VALUES (95, 24);

INSERT INTO recipe(baking, cuisine_id, difficulty, title, recipe_description, prep_time, cook_time, portions, fat_portion, protein_portion, carbo_portion, picture, picture_description) VALUES(0, 18, 4,'Jambalaya', 'Stand employee treatment despite. One pass involve establish get discussion.', 105, 60, 4, 0, 10,85, 'https://placekitten.com/781/819', 'Near director evidence prove tell true child.');
INSERT INTO recipe_meal_type(recipe_id, meal_type_id) VALUES (96, 4);
INSERT INTO recipe_tag(recipe_id, tag_id) VALUES (96, 42);
INSERT INTO recipe_tag(recipe_id, tag_id) VALUES (96, 49);
INSERT INTO recipe_tag(recipe_id, tag_id) VALUES (96, 34);
INSERT INTO recipe_tag(recipe_id, tag_id) VALUES (96, 45);
INSERT INTO recipe_tag(recipe_id, tag_id) VALUES (96, 15);
INSERT INTO recipe_equipment(recipe_id, equipment_id, num) VALUES (96, 3, 1);
INSERT INTO recipe_equipment(recipe_id, equipment_id, num) VALUES (96, 4, 4);
INSERT INTO recipe_equipment(recipe_id, equipment_id, num) VALUES (96, 18, 1);
INSERT INTO recipe_equipment(recipe_id, equipment_id, num) VALUES (96, 6, 2);
INSERT INTO recipe_equipment(recipe_id, equipment_id, num) VALUES (96, 13, 4);
INSERT INTO recipe_cook(recipe_id, cook_id) VALUES (96, 77);
INSERT INTO recipe_cook(recipe_id, cook_id) VALUES (96, 14);
INSERT INTO recipe_cook(recipe_id, cook_id) VALUES (96, 130);
INSERT INTO recipe_cook(recipe_id, cook_id) VALUES (96, 23);
INSERT INTO recipe_cook(recipe_id, cook_id) VALUES (96, 26);
INSERT INTO recipe_cook(recipe_id, cook_id) VALUES (96, 78);
INSERT INTO recipe_cook(recipe_id, cook_id) VALUES (96, 132);
INSERT INTO recipe_cook(recipe_id, cook_id) VALUES (96, 54);
INSERT INTO recipe_cook(recipe_id, cook_id) VALUES (96, 116);
INSERT INTO recipe_cook(recipe_id, cook_id) VALUES (96, 191);
INSERT INTO recipe_cook(recipe_id, cook_id) VALUES (96, 154);
INSERT INTO recipe_cook(recipe_id, cook_id) VALUES (96, 58);
INSERT INTO recipe_cook(recipe_id, cook_id) VALUES (96, 36);
INSERT INTO recipe_cook(recipe_id, cook_id) VALUES (96, 181);
INSERT INTO recipe_cook(recipe_id, cook_id) VALUES (96, 31);
INSERT INTO recipe_cook(recipe_id, cook_id) VALUES (96, 99);
INSERT INTO recipe_cook(recipe_id, cook_id) VALUES (96, 197);
INSERT INTO recipe_cook(recipe_id, cook_id) VALUES (96, 119);
INSERT INTO recipe_cook(recipe_id, cook_id) VALUES (96, 134);
INSERT INTO recipe_cook(recipe_id, cook_id) VALUES (96, 81);
INSERT INTO recipe_cook(recipe_id, cook_id) VALUES (96, 59);
INSERT INTO recipe_cook(recipe_id, cook_id) VALUES (96, 95);
INSERT INTO recipe_cook(recipe_id, cook_id) VALUES (96, 195);
INSERT INTO recipe_cook(recipe_id, cook_id) VALUES (96, 90);
INSERT INTO recipe_cook(recipe_id, cook_id) VALUES (96, 70);
INSERT INTO recipe_cook(recipe_id, cook_id) VALUES (96, 49);
INSERT INTO recipe_cook(recipe_id, cook_id) VALUES (96, 178);
INSERT INTO recipe_cook(recipe_id, cook_id) VALUES (96, 76);
INSERT INTO recipe_cook(recipe_id, cook_id) VALUES (96, 98);
INSERT INTO recipe_cook(recipe_id, cook_id) VALUES (96, 162);
INSERT INTO recipe_cook(recipe_id, cook_id) VALUES (96, 144);
INSERT INTO recipe_cook(recipe_id, cook_id) VALUES (96, 12);
INSERT INTO recipe_cook(recipe_id, cook_id) VALUES (96, 157);
INSERT INTO recipe_cook(recipe_id, cook_id) VALUES (96, 41);
INSERT INTO recipe_cook(recipe_id, cook_id) VALUES (96, 182);
INSERT INTO recipe_cook(recipe_id, cook_id) VALUES (96, 159);
INSERT INTO recipe_cook(recipe_id, cook_id) VALUES (96, 114);
INSERT INTO recipe_cook(recipe_id, cook_id) VALUES (96, 85);
INSERT INTO recipe_cook(recipe_id, cook_id) VALUES (96, 168);
INSERT INTO recipe_cook(recipe_id, cook_id) VALUES (96, 40);
INSERT INTO recipe_cook(recipe_id, cook_id) VALUES (96, 8);
INSERT INTO recipe_cook(recipe_id, cook_id) VALUES (96, 2);
INSERT INTO recipe_cook(recipe_id, cook_id) VALUES (96, 97);
INSERT INTO recipe_cook(recipe_id, cook_id) VALUES (96, 37);
INSERT INTO recipe_cook(recipe_id, cook_id) VALUES (96, 140);
INSERT INTO recipe_cook(recipe_id, cook_id) VALUES (96, 16);
INSERT INTO recipe_cook(recipe_id, cook_id) VALUES (96, 17);
INSERT INTO recipe_cook(recipe_id, cook_id) VALUES (96, 177);
INSERT INTO recipe_cook(recipe_id, cook_id) VALUES (96, 88);
INSERT INTO recipe_cook(recipe_id, cook_id) VALUES (96, 87);
INSERT INTO recipe_cook(recipe_id, cook_id) VALUES (96, 1);
INSERT INTO recipe_cook(recipe_id, cook_id) VALUES (96, 38);
INSERT INTO recipe_cook(recipe_id, cook_id) VALUES (96, 184);
INSERT INTO recipe_cook(recipe_id, cook_id) VALUES (96, 32);
INSERT INTO recipe_cook(recipe_id, cook_id) VALUES (96, 128);
INSERT INTO recipe_cook(recipe_id, cook_id) VALUES (96, 113);
INSERT INTO recipe_cook(recipe_id, cook_id) VALUES (96, 19);
INSERT INTO recipe_cook(recipe_id, cook_id) VALUES (96, 145);
INSERT INTO recipe_cook(recipe_id, cook_id) VALUES (96, 111);
INSERT INTO recipe_cook(recipe_id, cook_id) VALUES (96, 189);
INSERT INTO recipe_cook(recipe_id, cook_id) VALUES (96, 13);
INSERT INTO recipe_cook(recipe_id, cook_id) VALUES (96, 63);
INSERT INTO recipe_cook(recipe_id, cook_id) VALUES (96, 136);
INSERT INTO recipe_cook(recipe_id, cook_id) VALUES (96, 104);
INSERT INTO recipe_cook(recipe_id, cook_id) VALUES (96, 5);
INSERT INTO recipe_cook(recipe_id, cook_id) VALUES (96, 79);
INSERT INTO recipe_cook(recipe_id, cook_id) VALUES (96, 60);
INSERT INTO recipe_cook(recipe_id, cook_id) VALUES (96, 71);
INSERT INTO recipe_cook(recipe_id, cook_id) VALUES (96, 188);
INSERT INTO recipe_cook(recipe_id, cook_id) VALUES (96, 75);
INSERT INTO recipe_cook(recipe_id, cook_id) VALUES (96, 173);
INSERT INTO recipe_cook(recipe_id, cook_id) VALUES (96, 192);
INSERT INTO recipe_cook(recipe_id, cook_id) VALUES (96, 129);
INSERT INTO recipe_cook(recipe_id, cook_id) VALUES (96, 50);
INSERT INTO recipe_cook(recipe_id, cook_id) VALUES (96, 39);
INSERT INTO recipe_cook(recipe_id, cook_id) VALUES (96, 86);
INSERT INTO recipe_cook(recipe_id, cook_id) VALUES (96, 69);
INSERT INTO recipe_cook(recipe_id, cook_id) VALUES (96, 4);
INSERT INTO recipe_cook(recipe_id, cook_id) VALUES (96, 163);
INSERT INTO recipe_cook(recipe_id, cook_id) VALUES (96, 9);
INSERT INTO recipe_cook(recipe_id, cook_id) VALUES (96, 110);
INSERT INTO recipe_cook(recipe_id, cook_id) VALUES (96, 48);
INSERT INTO recipe_cook(recipe_id, cook_id) VALUES (96, 94);
INSERT INTO recipe_cook(recipe_id, cook_id) VALUES (96, 82);
INSERT INTO recipe_cook(recipe_id, cook_id) VALUES (96, 193);
INSERT INTO recipe_cook(recipe_id, cook_id) VALUES (96, 18);
INSERT INTO recipe_cook(recipe_id, cook_id) VALUES (96, 6);
INSERT INTO recipe_cook(recipe_id, cook_id) VALUES (96, 65);
INSERT INTO recipe_cook(recipe_id, cook_id) VALUES (96, 120);
INSERT INTO recipe_cook(recipe_id, cook_id) VALUES (96, 122);
INSERT INTO recipe_cook(recipe_id, cook_id) VALUES (96, 24);
INSERT INTO recipe_cook(recipe_id, cook_id) VALUES (96, 171);
INSERT INTO recipe_cook(recipe_id, cook_id) VALUES (96, 160);
INSERT INTO recipe_cook(recipe_id, cook_id) VALUES (96, 22);
INSERT INTO recipe_cook(recipe_id, cook_id) VALUES (96, 11);
INSERT INTO recipe_cook(recipe_id, cook_id) VALUES (96, 147);
INSERT INTO recipe_cook(recipe_id, cook_id) VALUES (96, 106);
INSERT INTO recipe_cook(recipe_id, cook_id) VALUES (96, 109);
INSERT INTO recipe_cook(recipe_id, cook_id) VALUES (96, 73);
INSERT INTO recipe_cook(recipe_id, cook_id) VALUES (96, 131);
INSERT INTO recipe_cook(recipe_id, cook_id) VALUES (96, 35);
INSERT INTO recipe_cook(recipe_id, cook_id) VALUES (96, 142);
INSERT INTO recipe_cook(recipe_id, cook_id) VALUES (96, 149);
INSERT INTO recipe_cook(recipe_id, cook_id) VALUES (96, 103);
INSERT INTO recipe_cook(recipe_id, cook_id) VALUES (96, 66);
INSERT INTO recipe_cook(recipe_id, cook_id) VALUES (96, 42);
INSERT INTO recipe_cook(recipe_id, cook_id) VALUES (96, 43);
INSERT INTO recipe_cook(recipe_id, cook_id) VALUES (96, 27);
INSERT INTO recipe_cook(recipe_id, cook_id) VALUES (96, 101);
INSERT INTO recipe_cook(recipe_id, cook_id) VALUES (96, 55);
INSERT INTO recipe_cook(recipe_id, cook_id) VALUES (96, 199);
INSERT INTO recipe_cook(recipe_id, cook_id) VALUES (96, 80);
INSERT INTO recipe_cook(recipe_id, cook_id) VALUES (96, 150);
INSERT INTO recipe_cook(recipe_id, cook_id) VALUES (96, 93);
INSERT INTO recipe_cook(recipe_id, cook_id) VALUES (96, 127);
INSERT INTO recipe_cook(recipe_id, cook_id) VALUES (96, 133);
INSERT INTO recipe_cook(recipe_id, cook_id) VALUES (96, 34);
INSERT INTO recipe_cook(recipe_id, cook_id) VALUES (96, 25);
INSERT INTO recipe_cook(recipe_id, cook_id) VALUES (96, 67);
INSERT INTO recipe_cook(recipe_id, cook_id) VALUES (96, 57);
INSERT INTO recipe_cook(recipe_id, cook_id) VALUES (96, 152);
INSERT INTO recipe_cook(recipe_id, cook_id) VALUES (96, 84);
INSERT INTO recipe_cook(recipe_id, cook_id) VALUES (96, 30);
INSERT INTO recipe_cook(recipe_id, cook_id) VALUES (96, 155);
INSERT INTO recipe_cook(recipe_id, cook_id) VALUES (96, 74);
INSERT INTO recipe_cook(recipe_id, cook_id) VALUES (96, 200);
INSERT INTO recipe_cook(recipe_id, cook_id) VALUES (96, 180);
INSERT INTO recipe_cook(recipe_id, cook_id) VALUES (96, 185);
INSERT INTO recipe_cook(recipe_id, cook_id) VALUES (96, 56);
INSERT INTO recipe_cook(recipe_id, cook_id) VALUES (96, 45);
INSERT INTO recipe_cook(recipe_id, cook_id) VALUES (96, 96);
INSERT INTO recipe_cook(recipe_id, cook_id) VALUES (96, 158);
INSERT INTO recipe_cook(recipe_id, cook_id) VALUES (96, 176);
INSERT INTO recipe_cook(recipe_id, cook_id) VALUES (96, 53);
INSERT INTO recipe_cook(recipe_id, cook_id) VALUES (96, 108);
INSERT INTO recipe_cook(recipe_id, cook_id) VALUES (96, 125);
INSERT INTO recipe_cook(recipe_id, cook_id) VALUES (96, 179);
INSERT INTO recipe_cook(recipe_id, cook_id) VALUES (96, 121);
INSERT INTO recipe_cook(recipe_id, cook_id) VALUES (96, 126);
INSERT INTO recipe_cook(recipe_id, cook_id) VALUES (96, 29);
INSERT INTO recipe_cook(recipe_id, cook_id) VALUES (96, 190);
INSERT INTO recipe_cook(recipe_id, cook_id) VALUES (96, 46);
INSERT INTO recipe_cook(recipe_id, cook_id) VALUES (96, 47);
INSERT INTO recipe_cook(recipe_id, cook_id) VALUES (96, 164);
INSERT INTO recipe_cook(recipe_id, cook_id) VALUES (96, 105);
INSERT INTO recipe_cook(recipe_id, cook_id) VALUES (96, 20);
INSERT INTO recipe_cook(recipe_id, cook_id) VALUES (96, 92);
INSERT INTO recipe_cook(recipe_id, cook_id) VALUES (96, 61);
INSERT INTO recipe_cook(recipe_id, cook_id) VALUES (96, 64);
INSERT INTO recipe_cook(recipe_id, cook_id) VALUES (96, 89);
INSERT INTO recipe_cook(recipe_id, cook_id) VALUES (96, 7);
INSERT INTO recipe_cook(recipe_id, cook_id) VALUES (96, 187);
INSERT INTO recipe_cook(recipe_id, cook_id) VALUES (96, 146);
INSERT INTO recipe_cook(recipe_id, cook_id) VALUES (96, 175);
INSERT INTO recipe_cook(recipe_id, cook_id) VALUES (96, 196);
INSERT INTO recipe_cook(recipe_id, cook_id) VALUES (96, 118);
INSERT INTO recipe_cook(recipe_id, cook_id) VALUES (96, 123);
INSERT INTO recipe_cook(recipe_id, cook_id) VALUES (96, 3);
INSERT INTO recipe_cook(recipe_id, cook_id) VALUES (96, 62);
INSERT INTO recipe_cook(recipe_id, cook_id) VALUES (96, 153);
INSERT INTO recipe_cook(recipe_id, cook_id) VALUES (96, 107);
INSERT INTO recipe_cook(recipe_id, cook_id) VALUES (96, 28);
INSERT INTO recipe_cook(recipe_id, cook_id) VALUES (96, 172);
INSERT INTO recipe_cook(recipe_id, cook_id) VALUES (96, 52);
INSERT INTO recipe_cook(recipe_id, cook_id) VALUES (96, 137);
INSERT INTO recipe_cook(recipe_id, cook_id) VALUES (96, 141);
INSERT INTO recipe_cook(recipe_id, cook_id) VALUES (96, 33);
INSERT INTO recipe_cook(recipe_id, cook_id) VALUES (96, 21);
INSERT INTO recipe_cook(recipe_id, cook_id) VALUES (96, 139);
INSERT INTO recipe_cook(recipe_id, cook_id) VALUES (96, 100);
INSERT INTO recipe_cook(recipe_id, cook_id) VALUES (96, 167);
INSERT INTO recipe_cook(recipe_id, cook_id) VALUES (96, 68);
INSERT INTO recipe_cook(recipe_id, cook_id) VALUES (96, 166);
INSERT INTO recipe_cook(recipe_id, cook_id) VALUES (96, 198);
INSERT INTO recipe_cook(recipe_id, cook_id) VALUES (96, 165);
INSERT INTO recipe_cook(recipe_id, cook_id) VALUES (96, 151);
INSERT INTO recipe_cook(recipe_id, cook_id) VALUES (96, 102);
INSERT INTO recipe_cook(recipe_id, cook_id) VALUES (96, 44);
INSERT INTO recipe_cook(recipe_id, cook_id) VALUES (96, 170);
INSERT INTO recipe_cook(recipe_id, cook_id) VALUES (96, 148);
INSERT INTO recipe_cook(recipe_id, cook_id) VALUES (96, 72);
INSERT INTO recipe_theme(recipe_id, theme_id) VALUES (96, 11);
INSERT INTO recipe_theme(recipe_id, theme_id) VALUES (96, 8);
INSERT INTO recipe_tip(recipe_id, tip_id) VALUES (96, 39);
INSERT INTO recipe_tip(recipe_id, tip_id) VALUES (96, 37);
INSERT INTO recipe_tip(recipe_id, tip_id) VALUES (96, 18);

INSERT INTO recipe(baking, cuisine_id, difficulty, title, recipe_description, prep_time, cook_time, portions, fat_portion, protein_portion, carbo_portion, picture, picture_description) VALUES(1, 44, 2,'Jambalaya', 'Certain address we us. Opportunity certainly heavy century evidence off maybe. Property purpose suffer yourself.', 115, 40, 2, 45, 55,65, 'https://dummyimage.com/775x659', 'Seven address president what.');
INSERT INTO recipe_meal_type(recipe_id, meal_type_id) VALUES (97, 2);
INSERT INTO recipe_tag(recipe_id, tag_id) VALUES (97, 7);
INSERT INTO recipe_tag(recipe_id, tag_id) VALUES (97, 94);
INSERT INTO recipe_tag(recipe_id, tag_id) VALUES (97, 93);
INSERT INTO recipe_tag(recipe_id, tag_id) VALUES (97, 20);
INSERT INTO recipe_tag(recipe_id, tag_id) VALUES (97, 60);
INSERT INTO recipe_tag(recipe_id, tag_id) VALUES (97, 29);
INSERT INTO recipe_equipment(recipe_id, equipment_id, num) VALUES (97, 9, 2);
INSERT INTO recipe_equipment(recipe_id, equipment_id, num) VALUES (97, 11, 2);
INSERT INTO recipe_equipment(recipe_id, equipment_id, num) VALUES (97, 3, 4);
INSERT INTO recipe_equipment(recipe_id, equipment_id, num) VALUES (97, 18, 2);
INSERT INTO recipe_cook(recipe_id, cook_id) VALUES (97, 93);
INSERT INTO recipe_cook(recipe_id, cook_id) VALUES (97, 7);
INSERT INTO recipe_cook(recipe_id, cook_id) VALUES (97, 38);
INSERT INTO recipe_cook(recipe_id, cook_id) VALUES (97, 41);
INSERT INTO recipe_cook(recipe_id, cook_id) VALUES (97, 88);
INSERT INTO recipe_cook(recipe_id, cook_id) VALUES (97, 168);
INSERT INTO recipe_cook(recipe_id, cook_id) VALUES (97, 79);
INSERT INTO recipe_cook(recipe_id, cook_id) VALUES (97, 75);
INSERT INTO recipe_cook(recipe_id, cook_id) VALUES (97, 34);
INSERT INTO recipe_cook(recipe_id, cook_id) VALUES (97, 112);
INSERT INTO recipe_cook(recipe_id, cook_id) VALUES (97, 149);
INSERT INTO recipe_cook(recipe_id, cook_id) VALUES (97, 63);
INSERT INTO recipe_cook(recipe_id, cook_id) VALUES (97, 64);
INSERT INTO recipe_cook(recipe_id, cook_id) VALUES (97, 59);
INSERT INTO recipe_cook(recipe_id, cook_id) VALUES (97, 177);
INSERT INTO recipe_cook(recipe_id, cook_id) VALUES (97, 107);
INSERT INTO recipe_cook(recipe_id, cook_id) VALUES (97, 61);
INSERT INTO recipe_cook(recipe_id, cook_id) VALUES (97, 37);
INSERT INTO recipe_cook(recipe_id, cook_id) VALUES (97, 110);
INSERT INTO recipe_cook(recipe_id, cook_id) VALUES (97, 160);
INSERT INTO recipe_cook(recipe_id, cook_id) VALUES (97, 159);
INSERT INTO recipe_cook(recipe_id, cook_id) VALUES (97, 189);
INSERT INTO recipe_cook(recipe_id, cook_id) VALUES (97, 56);
INSERT INTO recipe_cook(recipe_id, cook_id) VALUES (97, 182);
INSERT INTO recipe_cook(recipe_id, cook_id) VALUES (97, 45);
INSERT INTO recipe_cook(recipe_id, cook_id) VALUES (97, 175);
INSERT INTO recipe_cook(recipe_id, cook_id) VALUES (97, 96);
INSERT INTO recipe_cook(recipe_id, cook_id) VALUES (97, 174);
INSERT INTO recipe_cook(recipe_id, cook_id) VALUES (97, 55);
INSERT INTO recipe_cook(recipe_id, cook_id) VALUES (97, 66);
INSERT INTO recipe_cook(recipe_id, cook_id) VALUES (97, 136);
INSERT INTO recipe_cook(recipe_id, cook_id) VALUES (97, 135);
INSERT INTO recipe_cook(recipe_id, cook_id) VALUES (97, 60);
INSERT INTO recipe_cook(recipe_id, cook_id) VALUES (97, 25);
INSERT INTO recipe_cook(recipe_id, cook_id) VALUES (97, 153);
INSERT INTO recipe_cook(recipe_id, cook_id) VALUES (97, 65);
INSERT INTO recipe_theme(recipe_id, theme_id) VALUES (97, 31);
INSERT INTO recipe_theme(recipe_id, theme_id) VALUES (97, 12);
INSERT INTO recipe_tip(recipe_id, tip_id) VALUES (97, 1);
INSERT INTO recipe_tip(recipe_id, tip_id) VALUES (97, 8);
INSERT INTO recipe_tip(recipe_id, tip_id) VALUES (97, 3);

INSERT INTO recipe(baking, cuisine_id, difficulty, title, recipe_description, prep_time, cook_time, portions, fat_portion, protein_portion, carbo_portion, picture, picture_description) VALUES(0, 24, 3,'Hummus', 'Reduce safe agency. Opportunity some everything to I prove. Not music mother senior company person.', 125, 100, 1, 5, 20,20, 'https://placekitten.com/512/496', 'Decide brother game watch.');
INSERT INTO recipe_meal_type(recipe_id, meal_type_id) VALUES (98, 6);
INSERT INTO recipe_tag(recipe_id, tag_id) VALUES (98, 38);
INSERT INTO recipe_tag(recipe_id, tag_id) VALUES (98, 63);
INSERT INTO recipe_tag(recipe_id, tag_id) VALUES (98, 70);
INSERT INTO recipe_equipment(recipe_id, equipment_id, num) VALUES (98, 16, 3);
INSERT INTO recipe_equipment(recipe_id, equipment_id, num) VALUES (98, 18, 2);
INSERT INTO recipe_equipment(recipe_id, equipment_id, num) VALUES (98, 10, 1);
INSERT INTO recipe_equipment(recipe_id, equipment_id, num) VALUES (98, 20, 1);
INSERT INTO recipe_equipment(recipe_id, equipment_id, num) VALUES (98, 5, 4);
INSERT INTO recipe_equipment(recipe_id, equipment_id, num) VALUES (98, 4, 3);
INSERT INTO recipe_equipment(recipe_id, equipment_id, num) VALUES (98, 12, 4);
INSERT INTO recipe_cook(recipe_id, cook_id) VALUES (98, 154);
INSERT INTO recipe_cook(recipe_id, cook_id) VALUES (98, 31);
INSERT INTO recipe_cook(recipe_id, cook_id) VALUES (98, 87);
INSERT INTO recipe_cook(recipe_id, cook_id) VALUES (98, 191);
INSERT INTO recipe_cook(recipe_id, cook_id) VALUES (98, 119);
INSERT INTO recipe_cook(recipe_id, cook_id) VALUES (98, 118);
INSERT INTO recipe_cook(recipe_id, cook_id) VALUES (98, 162);
INSERT INTO recipe_cook(recipe_id, cook_id) VALUES (98, 66);
INSERT INTO recipe_cook(recipe_id, cook_id) VALUES (98, 96);
INSERT INTO recipe_cook(recipe_id, cook_id) VALUES (98, 139);
INSERT INTO recipe_cook(recipe_id, cook_id) VALUES (98, 167);
INSERT INTO recipe_cook(recipe_id, cook_id) VALUES (98, 61);
INSERT INTO recipe_cook(recipe_id, cook_id) VALUES (98, 126);
INSERT INTO recipe_cook(recipe_id, cook_id) VALUES (98, 165);
INSERT INTO recipe_cook(recipe_id, cook_id) VALUES (98, 4);
INSERT INTO recipe_cook(recipe_id, cook_id) VALUES (98, 17);
INSERT INTO recipe_cook(recipe_id, cook_id) VALUES (98, 107);
INSERT INTO recipe_cook(recipe_id, cook_id) VALUES (98, 188);
INSERT INTO recipe_cook(recipe_id, cook_id) VALUES (98, 189);
INSERT INTO recipe_cook(recipe_id, cook_id) VALUES (98, 102);
INSERT INTO recipe_cook(recipe_id, cook_id) VALUES (98, 99);
INSERT INTO recipe_cook(recipe_id, cook_id) VALUES (98, 57);
INSERT INTO recipe_cook(recipe_id, cook_id) VALUES (98, 36);
INSERT INTO recipe_cook(recipe_id, cook_id) VALUES (98, 5);
INSERT INTO recipe_cook(recipe_id, cook_id) VALUES (98, 64);
INSERT INTO recipe_cook(recipe_id, cook_id) VALUES (98, 112);
INSERT INTO recipe_cook(recipe_id, cook_id) VALUES (98, 173);
INSERT INTO recipe_cook(recipe_id, cook_id) VALUES (98, 42);
INSERT INTO recipe_cook(recipe_id, cook_id) VALUES (98, 109);
INSERT INTO recipe_cook(recipe_id, cook_id) VALUES (98, 65);
INSERT INTO recipe_cook(recipe_id, cook_id) VALUES (98, 1);
INSERT INTO recipe_cook(recipe_id, cook_id) VALUES (98, 88);
INSERT INTO recipe_cook(recipe_id, cook_id) VALUES (98, 159);
INSERT INTO recipe_cook(recipe_id, cook_id) VALUES (98, 39);
INSERT INTO recipe_cook(recipe_id, cook_id) VALUES (98, 93);
INSERT INTO recipe_cook(recipe_id, cook_id) VALUES (98, 44);
INSERT INTO recipe_cook(recipe_id, cook_id) VALUES (98, 113);
INSERT INTO recipe_cook(recipe_id, cook_id) VALUES (98, 71);
INSERT INTO recipe_cook(recipe_id, cook_id) VALUES (98, 168);
INSERT INTO recipe_cook(recipe_id, cook_id) VALUES (98, 123);
INSERT INTO recipe_cook(recipe_id, cook_id) VALUES (98, 18);
INSERT INTO recipe_cook(recipe_id, cook_id) VALUES (98, 85);
INSERT INTO recipe_cook(recipe_id, cook_id) VALUES (98, 56);
INSERT INTO recipe_cook(recipe_id, cook_id) VALUES (98, 111);
INSERT INTO recipe_cook(recipe_id, cook_id) VALUES (98, 195);
INSERT INTO recipe_cook(recipe_id, cook_id) VALUES (98, 45);
INSERT INTO recipe_cook(recipe_id, cook_id) VALUES (98, 130);
INSERT INTO recipe_cook(recipe_id, cook_id) VALUES (98, 26);
INSERT INTO recipe_cook(recipe_id, cook_id) VALUES (98, 135);
INSERT INTO recipe_cook(recipe_id, cook_id) VALUES (98, 43);
INSERT INTO recipe_cook(recipe_id, cook_id) VALUES (98, 90);
INSERT INTO recipe_cook(recipe_id, cook_id) VALUES (98, 120);
INSERT INTO recipe_cook(recipe_id, cook_id) VALUES (98, 129);
INSERT INTO recipe_cook(recipe_id, cook_id) VALUES (98, 79);
INSERT INTO recipe_cook(recipe_id, cook_id) VALUES (98, 28);
INSERT INTO recipe_cook(recipe_id, cook_id) VALUES (98, 86);
INSERT INTO recipe_cook(recipe_id, cook_id) VALUES (98, 91);
INSERT INTO recipe_cook(recipe_id, cook_id) VALUES (98, 200);
INSERT INTO recipe_cook(recipe_id, cook_id) VALUES (98, 158);
INSERT INTO recipe_cook(recipe_id, cook_id) VALUES (98, 22);
INSERT INTO recipe_cook(recipe_id, cook_id) VALUES (98, 170);
INSERT INTO recipe_cook(recipe_id, cook_id) VALUES (98, 148);
INSERT INTO recipe_cook(recipe_id, cook_id) VALUES (98, 97);
INSERT INTO recipe_cook(recipe_id, cook_id) VALUES (98, 138);
INSERT INTO recipe_cook(recipe_id, cook_id) VALUES (98, 34);
INSERT INTO recipe_cook(recipe_id, cook_id) VALUES (98, 128);
INSERT INTO recipe_cook(recipe_id, cook_id) VALUES (98, 141);
INSERT INTO recipe_cook(recipe_id, cook_id) VALUES (98, 134);
INSERT INTO recipe_cook(recipe_id, cook_id) VALUES (98, 37);
INSERT INTO recipe_cook(recipe_id, cook_id) VALUES (98, 3);
INSERT INTO recipe_cook(recipe_id, cook_id) VALUES (98, 80);
INSERT INTO recipe_cook(recipe_id, cook_id) VALUES (98, 106);
INSERT INTO recipe_cook(recipe_id, cook_id) VALUES (98, 46);
INSERT INTO recipe_cook(recipe_id, cook_id) VALUES (98, 152);
INSERT INTO recipe_cook(recipe_id, cook_id) VALUES (98, 178);
INSERT INTO recipe_cook(recipe_id, cook_id) VALUES (98, 82);
INSERT INTO recipe_cook(recipe_id, cook_id) VALUES (98, 16);
INSERT INTO recipe_cook(recipe_id, cook_id) VALUES (98, 122);
INSERT INTO recipe_cook(recipe_id, cook_id) VALUES (98, 115);
INSERT INTO recipe_cook(recipe_id, cook_id) VALUES (98, 25);
INSERT INTO recipe_cook(recipe_id, cook_id) VALUES (98, 19);
INSERT INTO recipe_cook(recipe_id, cook_id) VALUES (98, 146);
INSERT INTO recipe_cook(recipe_id, cook_id) VALUES (98, 198);
INSERT INTO recipe_cook(recipe_id, cook_id) VALUES (98, 21);
INSERT INTO recipe_cook(recipe_id, cook_id) VALUES (98, 104);
INSERT INTO recipe_cook(recipe_id, cook_id) VALUES (98, 58);
INSERT INTO recipe_cook(recipe_id, cook_id) VALUES (98, 32);
INSERT INTO recipe_cook(recipe_id, cook_id) VALUES (98, 75);
INSERT INTO recipe_cook(recipe_id, cook_id) VALUES (98, 9);
INSERT INTO recipe_cook(recipe_id, cook_id) VALUES (98, 151);
INSERT INTO recipe_cook(recipe_id, cook_id) VALUES (98, 14);
INSERT INTO recipe_cook(recipe_id, cook_id) VALUES (98, 105);
INSERT INTO recipe_cook(recipe_id, cook_id) VALUES (98, 155);
INSERT INTO recipe_cook(recipe_id, cook_id) VALUES (98, 169);
INSERT INTO recipe_cook(recipe_id, cook_id) VALUES (98, 192);
INSERT INTO recipe_cook(recipe_id, cook_id) VALUES (98, 10);
INSERT INTO recipe_cook(recipe_id, cook_id) VALUES (98, 12);
INSERT INTO recipe_cook(recipe_id, cook_id) VALUES (98, 144);
INSERT INTO recipe_cook(recipe_id, cook_id) VALUES (98, 194);
INSERT INTO recipe_cook(recipe_id, cook_id) VALUES (98, 149);
INSERT INTO recipe_cook(recipe_id, cook_id) VALUES (98, 62);
INSERT INTO recipe_cook(recipe_id, cook_id) VALUES (98, 174);
INSERT INTO recipe_cook(recipe_id, cook_id) VALUES (98, 24);
INSERT INTO recipe_cook(recipe_id, cook_id) VALUES (98, 197);
INSERT INTO recipe_cook(recipe_id, cook_id) VALUES (98, 100);
INSERT INTO recipe_cook(recipe_id, cook_id) VALUES (98, 67);
INSERT INTO recipe_cook(recipe_id, cook_id) VALUES (98, 84);
INSERT INTO recipe_cook(recipe_id, cook_id) VALUES (98, 83);
INSERT INTO recipe_cook(recipe_id, cook_id) VALUES (98, 180);
INSERT INTO recipe_cook(recipe_id, cook_id) VALUES (98, 116);
INSERT INTO recipe_cook(recipe_id, cook_id) VALUES (98, 7);
INSERT INTO recipe_cook(recipe_id, cook_id) VALUES (98, 8);
INSERT INTO recipe_cook(recipe_id, cook_id) VALUES (98, 161);
INSERT INTO recipe_cook(recipe_id, cook_id) VALUES (98, 183);
INSERT INTO recipe_cook(recipe_id, cook_id) VALUES (98, 163);
INSERT INTO recipe_cook(recipe_id, cook_id) VALUES (98, 143);
INSERT INTO recipe_cook(recipe_id, cook_id) VALUES (98, 51);
INSERT INTO recipe_cook(recipe_id, cook_id) VALUES (98, 20);
INSERT INTO recipe_cook(recipe_id, cook_id) VALUES (98, 125);
INSERT INTO recipe_cook(recipe_id, cook_id) VALUES (98, 121);
INSERT INTO recipe_theme(recipe_id, theme_id) VALUES (98, 32);
INSERT INTO recipe_tip(recipe_id, tip_id) VALUES (98, 10);
INSERT INTO recipe_tip(recipe_id, tip_id) VALUES (98, 13);
INSERT INTO recipe_tip(recipe_id, tip_id) VALUES (98, 17);

INSERT INTO recipe(baking, cuisine_id, difficulty, title, recipe_description, prep_time, cook_time, portions, fat_portion, protein_portion, carbo_portion, picture, picture_description) VALUES(0, 40, 2,'Quiche Lorraine', 'Season concern between part cup. Mission figure shake front.', 15, 90, 1, 55, 0,45, 'https://placekitten.com/914/999', 'Coach experience bed air thank own.');
INSERT INTO recipe_meal_type(recipe_id, meal_type_id) VALUES (99, 1);
INSERT INTO recipe_tag(recipe_id, tag_id) VALUES (99, 96);
INSERT INTO recipe_equipment(recipe_id, equipment_id, num) VALUES (99, 2, 3);
INSERT INTO recipe_equipment(recipe_id, equipment_id, num) VALUES (99, 1, 2);
INSERT INTO recipe_equipment(recipe_id, equipment_id, num) VALUES (99, 3, 3);
INSERT INTO recipe_cook(recipe_id, cook_id) VALUES (99, 142);
INSERT INTO recipe_cook(recipe_id, cook_id) VALUES (99, 99);
INSERT INTO recipe_cook(recipe_id, cook_id) VALUES (99, 11);
INSERT INTO recipe_cook(recipe_id, cook_id) VALUES (99, 54);
INSERT INTO recipe_cook(recipe_id, cook_id) VALUES (99, 113);
INSERT INTO recipe_cook(recipe_id, cook_id) VALUES (99, 60);
INSERT INTO recipe_cook(recipe_id, cook_id) VALUES (99, 96);
INSERT INTO recipe_cook(recipe_id, cook_id) VALUES (99, 68);
INSERT INTO recipe_cook(recipe_id, cook_id) VALUES (99, 34);
INSERT INTO recipe_cook(recipe_id, cook_id) VALUES (99, 22);
INSERT INTO recipe_cook(recipe_id, cook_id) VALUES (99, 52);
INSERT INTO recipe_cook(recipe_id, cook_id) VALUES (99, 165);
INSERT INTO recipe_cook(recipe_id, cook_id) VALUES (99, 197);
INSERT INTO recipe_cook(recipe_id, cook_id) VALUES (99, 114);
INSERT INTO recipe_cook(recipe_id, cook_id) VALUES (99, 116);
INSERT INTO recipe_cook(recipe_id, cook_id) VALUES (99, 65);
INSERT INTO recipe_cook(recipe_id, cook_id) VALUES (99, 31);
INSERT INTO recipe_cook(recipe_id, cook_id) VALUES (99, 106);
INSERT INTO recipe_cook(recipe_id, cook_id) VALUES (99, 92);
INSERT INTO recipe_cook(recipe_id, cook_id) VALUES (99, 50);
INSERT INTO recipe_cook(recipe_id, cook_id) VALUES (99, 151);
INSERT INTO recipe_cook(recipe_id, cook_id) VALUES (99, 107);
INSERT INTO recipe_cook(recipe_id, cook_id) VALUES (99, 111);
INSERT INTO recipe_cook(recipe_id, cook_id) VALUES (99, 36);
INSERT INTO recipe_cook(recipe_id, cook_id) VALUES (99, 183);
INSERT INTO recipe_cook(recipe_id, cook_id) VALUES (99, 152);
INSERT INTO recipe_cook(recipe_id, cook_id) VALUES (99, 6);
INSERT INTO recipe_cook(recipe_id, cook_id) VALUES (99, 143);
INSERT INTO recipe_cook(recipe_id, cook_id) VALUES (99, 179);
INSERT INTO recipe_cook(recipe_id, cook_id) VALUES (99, 30);
INSERT INTO recipe_cook(recipe_id, cook_id) VALUES (99, 97);
INSERT INTO recipe_cook(recipe_id, cook_id) VALUES (99, 186);
INSERT INTO recipe_cook(recipe_id, cook_id) VALUES (99, 10);
INSERT INTO recipe_cook(recipe_id, cook_id) VALUES (99, 57);
INSERT INTO recipe_cook(recipe_id, cook_id) VALUES (99, 148);
INSERT INTO recipe_cook(recipe_id, cook_id) VALUES (99, 71);
INSERT INTO recipe_cook(recipe_id, cook_id) VALUES (99, 108);
INSERT INTO recipe_cook(recipe_id, cook_id) VALUES (99, 4);
INSERT INTO recipe_cook(recipe_id, cook_id) VALUES (99, 167);
INSERT INTO recipe_cook(recipe_id, cook_id) VALUES (99, 133);
INSERT INTO recipe_cook(recipe_id, cook_id) VALUES (99, 39);
INSERT INTO recipe_cook(recipe_id, cook_id) VALUES (99, 146);
INSERT INTO recipe_cook(recipe_id, cook_id) VALUES (99, 131);
INSERT INTO recipe_cook(recipe_id, cook_id) VALUES (99, 163);
INSERT INTO recipe_cook(recipe_id, cook_id) VALUES (99, 154);
INSERT INTO recipe_cook(recipe_id, cook_id) VALUES (99, 156);
INSERT INTO recipe_cook(recipe_id, cook_id) VALUES (99, 47);
INSERT INTO recipe_cook(recipe_id, cook_id) VALUES (99, 53);
INSERT INTO recipe_cook(recipe_id, cook_id) VALUES (99, 187);
INSERT INTO recipe_cook(recipe_id, cook_id) VALUES (99, 181);
INSERT INTO recipe_cook(recipe_id, cook_id) VALUES (99, 74);
INSERT INTO recipe_cook(recipe_id, cook_id) VALUES (99, 124);
INSERT INTO recipe_cook(recipe_id, cook_id) VALUES (99, 101);
INSERT INTO recipe_cook(recipe_id, cook_id) VALUES (99, 129);
INSERT INTO recipe_cook(recipe_id, cook_id) VALUES (99, 88);
INSERT INTO recipe_cook(recipe_id, cook_id) VALUES (99, 63);
INSERT INTO recipe_cook(recipe_id, cook_id) VALUES (99, 42);
INSERT INTO recipe_cook(recipe_id, cook_id) VALUES (99, 199);
INSERT INTO recipe_cook(recipe_id, cook_id) VALUES (99, 140);
INSERT INTO recipe_cook(recipe_id, cook_id) VALUES (99, 37);
INSERT INTO recipe_cook(recipe_id, cook_id) VALUES (99, 77);
INSERT INTO recipe_cook(recipe_id, cook_id) VALUES (99, 155);
INSERT INTO recipe_cook(recipe_id, cook_id) VALUES (99, 84);
INSERT INTO recipe_cook(recipe_id, cook_id) VALUES (99, 27);
INSERT INTO recipe_cook(recipe_id, cook_id) VALUES (99, 16);
INSERT INTO recipe_cook(recipe_id, cook_id) VALUES (99, 180);
INSERT INTO recipe_cook(recipe_id, cook_id) VALUES (99, 161);
INSERT INTO recipe_cook(recipe_id, cook_id) VALUES (99, 85);
INSERT INTO recipe_cook(recipe_id, cook_id) VALUES (99, 67);
INSERT INTO recipe_cook(recipe_id, cook_id) VALUES (99, 91);
INSERT INTO recipe_cook(recipe_id, cook_id) VALUES (99, 198);
INSERT INTO recipe_cook(recipe_id, cook_id) VALUES (99, 94);
INSERT INTO recipe_cook(recipe_id, cook_id) VALUES (99, 78);
INSERT INTO recipe_cook(recipe_id, cook_id) VALUES (99, 8);
INSERT INTO recipe_cook(recipe_id, cook_id) VALUES (99, 184);
INSERT INTO recipe_cook(recipe_id, cook_id) VALUES (99, 182);
INSERT INTO recipe_cook(recipe_id, cook_id) VALUES (99, 164);
INSERT INTO recipe_cook(recipe_id, cook_id) VALUES (99, 115);
INSERT INTO recipe_cook(recipe_id, cook_id) VALUES (99, 24);
INSERT INTO recipe_cook(recipe_id, cook_id) VALUES (99, 62);
INSERT INTO recipe_cook(recipe_id, cook_id) VALUES (99, 173);
INSERT INTO recipe_cook(recipe_id, cook_id) VALUES (99, 190);
INSERT INTO recipe_cook(recipe_id, cook_id) VALUES (99, 26);
INSERT INTO recipe_cook(recipe_id, cook_id) VALUES (99, 90);
INSERT INTO recipe_cook(recipe_id, cook_id) VALUES (99, 44);
INSERT INTO recipe_cook(recipe_id, cook_id) VALUES (99, 98);
INSERT INTO recipe_cook(recipe_id, cook_id) VALUES (99, 169);
INSERT INTO recipe_cook(recipe_id, cook_id) VALUES (99, 17);
INSERT INTO recipe_cook(recipe_id, cook_id) VALUES (99, 194);
INSERT INTO recipe_cook(recipe_id, cook_id) VALUES (99, 75);
INSERT INTO recipe_cook(recipe_id, cook_id) VALUES (99, 177);
INSERT INTO recipe_cook(recipe_id, cook_id) VALUES (99, 171);
INSERT INTO recipe_cook(recipe_id, cook_id) VALUES (99, 170);
INSERT INTO recipe_cook(recipe_id, cook_id) VALUES (99, 56);
INSERT INTO recipe_cook(recipe_id, cook_id) VALUES (99, 9);
INSERT INTO recipe_cook(recipe_id, cook_id) VALUES (99, 109);
INSERT INTO recipe_cook(recipe_id, cook_id) VALUES (99, 87);
INSERT INTO recipe_cook(recipe_id, cook_id) VALUES (99, 33);
INSERT INTO recipe_cook(recipe_id, cook_id) VALUES (99, 43);
INSERT INTO recipe_cook(recipe_id, cook_id) VALUES (99, 189);
INSERT INTO recipe_cook(recipe_id, cook_id) VALUES (99, 86);
INSERT INTO recipe_cook(recipe_id, cook_id) VALUES (99, 120);
INSERT INTO recipe_cook(recipe_id, cook_id) VALUES (99, 157);
INSERT INTO recipe_cook(recipe_id, cook_id) VALUES (99, 126);
INSERT INTO recipe_cook(recipe_id, cook_id) VALUES (99, 73);
INSERT INTO recipe_cook(recipe_id, cook_id) VALUES (99, 82);
INSERT INTO recipe_cook(recipe_id, cook_id) VALUES (99, 110);
INSERT INTO recipe_cook(recipe_id, cook_id) VALUES (99, 134);
INSERT INTO recipe_cook(recipe_id, cook_id) VALUES (99, 127);
INSERT INTO recipe_cook(recipe_id, cook_id) VALUES (99, 66);
INSERT INTO recipe_cook(recipe_id, cook_id) VALUES (99, 162);
INSERT INTO recipe_cook(recipe_id, cook_id) VALUES (99, 49);
INSERT INTO recipe_cook(recipe_id, cook_id) VALUES (99, 118);
INSERT INTO recipe_cook(recipe_id, cook_id) VALUES (99, 123);
INSERT INTO recipe_cook(recipe_id, cook_id) VALUES (99, 93);
INSERT INTO recipe_cook(recipe_id, cook_id) VALUES (99, 1);
INSERT INTO recipe_cook(recipe_id, cook_id) VALUES (99, 45);
INSERT INTO recipe_cook(recipe_id, cook_id) VALUES (99, 122);
INSERT INTO recipe_cook(recipe_id, cook_id) VALUES (99, 168);
INSERT INTO recipe_cook(recipe_id, cook_id) VALUES (99, 188);
INSERT INTO recipe_cook(recipe_id, cook_id) VALUES (99, 125);
INSERT INTO recipe_cook(recipe_id, cook_id) VALUES (99, 149);
INSERT INTO recipe_cook(recipe_id, cook_id) VALUES (99, 141);
INSERT INTO recipe_cook(recipe_id, cook_id) VALUES (99, 7);
INSERT INTO recipe_cook(recipe_id, cook_id) VALUES (99, 23);
INSERT INTO recipe_cook(recipe_id, cook_id) VALUES (99, 18);
INSERT INTO recipe_cook(recipe_id, cook_id) VALUES (99, 72);
INSERT INTO recipe_cook(recipe_id, cook_id) VALUES (99, 35);
INSERT INTO recipe_cook(recipe_id, cook_id) VALUES (99, 21);
INSERT INTO recipe_cook(recipe_id, cook_id) VALUES (99, 103);
INSERT INTO recipe_cook(recipe_id, cook_id) VALUES (99, 147);
INSERT INTO recipe_cook(recipe_id, cook_id) VALUES (99, 46);
INSERT INTO recipe_cook(recipe_id, cook_id) VALUES (99, 150);
INSERT INTO recipe_cook(recipe_id, cook_id) VALUES (99, 64);
INSERT INTO recipe_cook(recipe_id, cook_id) VALUES (99, 139);
INSERT INTO recipe_cook(recipe_id, cook_id) VALUES (99, 178);
INSERT INTO recipe_cook(recipe_id, cook_id) VALUES (99, 83);
INSERT INTO recipe_cook(recipe_id, cook_id) VALUES (99, 196);
INSERT INTO recipe_cook(recipe_id, cook_id) VALUES (99, 174);
INSERT INTO recipe_cook(recipe_id, cook_id) VALUES (99, 15);
INSERT INTO recipe_cook(recipe_id, cook_id) VALUES (99, 145);
INSERT INTO recipe_cook(recipe_id, cook_id) VALUES (99, 48);
INSERT INTO recipe_cook(recipe_id, cook_id) VALUES (99, 3);
INSERT INTO recipe_cook(recipe_id, cook_id) VALUES (99, 193);
INSERT INTO recipe_cook(recipe_id, cook_id) VALUES (99, 70);
INSERT INTO recipe_cook(recipe_id, cook_id) VALUES (99, 185);
INSERT INTO recipe_cook(recipe_id, cook_id) VALUES (99, 192);
INSERT INTO recipe_cook(recipe_id, cook_id) VALUES (99, 58);
INSERT INTO recipe_cook(recipe_id, cook_id) VALUES (99, 158);
INSERT INTO recipe_cook(recipe_id, cook_id) VALUES (99, 51);
INSERT INTO recipe_cook(recipe_id, cook_id) VALUES (99, 69);
INSERT INTO recipe_cook(recipe_id, cook_id) VALUES (99, 191);
INSERT INTO recipe_cook(recipe_id, cook_id) VALUES (99, 20);
INSERT INTO recipe_cook(recipe_id, cook_id) VALUES (99, 105);
INSERT INTO recipe_cook(recipe_id, cook_id) VALUES (99, 2);
INSERT INTO recipe_cook(recipe_id, cook_id) VALUES (99, 137);
INSERT INTO recipe_cook(recipe_id, cook_id) VALUES (99, 159);
INSERT INTO recipe_cook(recipe_id, cook_id) VALUES (99, 28);
INSERT INTO recipe_cook(recipe_id, cook_id) VALUES (99, 14);
INSERT INTO recipe_cook(recipe_id, cook_id) VALUES (99, 32);
INSERT INTO recipe_cook(recipe_id, cook_id) VALUES (99, 200);
INSERT INTO recipe_cook(recipe_id, cook_id) VALUES (99, 153);
INSERT INTO recipe_cook(recipe_id, cook_id) VALUES (99, 104);
INSERT INTO recipe_cook(recipe_id, cook_id) VALUES (99, 172);
INSERT INTO recipe_cook(recipe_id, cook_id) VALUES (99, 12);
INSERT INTO recipe_cook(recipe_id, cook_id) VALUES (99, 89);
INSERT INTO recipe_cook(recipe_id, cook_id) VALUES (99, 160);
INSERT INTO recipe_cook(recipe_id, cook_id) VALUES (99, 135);
INSERT INTO recipe_cook(recipe_id, cook_id) VALUES (99, 144);
INSERT INTO recipe_cook(recipe_id, cook_id) VALUES (99, 41);
INSERT INTO recipe_cook(recipe_id, cook_id) VALUES (99, 175);
INSERT INTO recipe_cook(recipe_id, cook_id) VALUES (99, 136);
INSERT INTO recipe_cook(recipe_id, cook_id) VALUES (99, 100);
INSERT INTO recipe_cook(recipe_id, cook_id) VALUES (99, 40);
INSERT INTO recipe_cook(recipe_id, cook_id) VALUES (99, 117);
INSERT INTO recipe_cook(recipe_id, cook_id) VALUES (99, 81);
INSERT INTO recipe_cook(recipe_id, cook_id) VALUES (99, 5);
INSERT INTO recipe_cook(recipe_id, cook_id) VALUES (99, 19);
INSERT INTO recipe_cook(recipe_id, cook_id) VALUES (99, 132);
INSERT INTO recipe_cook(recipe_id, cook_id) VALUES (99, 55);
INSERT INTO recipe_cook(recipe_id, cook_id) VALUES (99, 61);
INSERT INTO recipe_cook(recipe_id, cook_id) VALUES (99, 166);
INSERT INTO recipe_cook(recipe_id, cook_id) VALUES (99, 119);
INSERT INTO recipe_cook(recipe_id, cook_id) VALUES (99, 121);
INSERT INTO recipe_theme(recipe_id, theme_id) VALUES (99, 24);
INSERT INTO recipe_tip(recipe_id, tip_id) VALUES (99, 10);
INSERT INTO recipe_tip(recipe_id, tip_id) VALUES (99, 22);

INSERT INTO recipe(baking, cuisine_id, difficulty, title, recipe_description, prep_time, cook_time, portions, fat_portion, protein_portion, carbo_portion, picture, picture_description) VALUES(0, 47, 2,'Caesar Salad', 'Crime wear company sport view never. Republican write anything reflect soldier.', 55, 120, 4, 45, 55,15, 'https://picsum.photos/365/404', 'So attorney cost probably.');
INSERT INTO recipe_meal_type(recipe_id, meal_type_id) VALUES (100, 1);
INSERT INTO recipe_tag(recipe_id, tag_id) VALUES (100, 91);
INSERT INTO recipe_tag(recipe_id, tag_id) VALUES (100, 23);
INSERT INTO recipe_tag(recipe_id, tag_id) VALUES (100, 28);
INSERT INTO recipe_equipment(recipe_id, equipment_id, num) VALUES (100, 20, 4);
INSERT INTO recipe_equipment(recipe_id, equipment_id, num) VALUES (100, 19, 3);
INSERT INTO recipe_equipment(recipe_id, equipment_id, num) VALUES (100, 3, 1);
INSERT INTO recipe_equipment(recipe_id, equipment_id, num) VALUES (100, 8, 1);
INSERT INTO recipe_equipment(recipe_id, equipment_id, num) VALUES (100, 16, 1);
INSERT INTO recipe_equipment(recipe_id, equipment_id, num) VALUES (100, 12, 2);
INSERT INTO recipe_equipment(recipe_id, equipment_id, num) VALUES (100, 1, 4);
INSERT INTO recipe_cook(recipe_id, cook_id) VALUES (100, 91);
INSERT INTO recipe_cook(recipe_id, cook_id) VALUES (100, 145);
INSERT INTO recipe_cook(recipe_id, cook_id) VALUES (100, 154);
INSERT INTO recipe_cook(recipe_id, cook_id) VALUES (100, 67);
INSERT INTO recipe_cook(recipe_id, cook_id) VALUES (100, 173);
INSERT INTO recipe_cook(recipe_id, cook_id) VALUES (100, 86);
INSERT INTO recipe_cook(recipe_id, cook_id) VALUES (100, 55);
INSERT INTO recipe_cook(recipe_id, cook_id) VALUES (100, 113);
INSERT INTO recipe_cook(recipe_id, cook_id) VALUES (100, 114);
INSERT INTO recipe_cook(recipe_id, cook_id) VALUES (100, 78);
INSERT INTO recipe_cook(recipe_id, cook_id) VALUES (100, 176);
INSERT INTO recipe_cook(recipe_id, cook_id) VALUES (100, 2);
INSERT INTO recipe_cook(recipe_id, cook_id) VALUES (100, 57);
INSERT INTO recipe_cook(recipe_id, cook_id) VALUES (100, 158);
INSERT INTO recipe_cook(recipe_id, cook_id) VALUES (100, 170);
INSERT INTO recipe_cook(recipe_id, cook_id) VALUES (100, 149);
INSERT INTO recipe_cook(recipe_id, cook_id) VALUES (100, 103);
INSERT INTO recipe_cook(recipe_id, cook_id) VALUES (100, 13);
INSERT INTO recipe_cook(recipe_id, cook_id) VALUES (100, 28);
INSERT INTO recipe_cook(recipe_id, cook_id) VALUES (100, 37);
INSERT INTO recipe_cook(recipe_id, cook_id) VALUES (100, 167);
INSERT INTO recipe_cook(recipe_id, cook_id) VALUES (100, 31);
INSERT INTO recipe_cook(recipe_id, cook_id) VALUES (100, 179);
INSERT INTO recipe_cook(recipe_id, cook_id) VALUES (100, 175);
INSERT INTO recipe_cook(recipe_id, cook_id) VALUES (100, 19);
INSERT INTO recipe_cook(recipe_id, cook_id) VALUES (100, 171);
INSERT INTO recipe_cook(recipe_id, cook_id) VALUES (100, 73);
INSERT INTO recipe_cook(recipe_id, cook_id) VALUES (100, 152);
INSERT INTO recipe_cook(recipe_id, cook_id) VALUES (100, 153);
INSERT INTO recipe_cook(recipe_id, cook_id) VALUES (100, 137);
INSERT INTO recipe_cook(recipe_id, cook_id) VALUES (100, 42);
INSERT INTO recipe_cook(recipe_id, cook_id) VALUES (100, 84);
INSERT INTO recipe_cook(recipe_id, cook_id) VALUES (100, 61);
INSERT INTO recipe_cook(recipe_id, cook_id) VALUES (100, 155);
INSERT INTO recipe_cook(recipe_id, cook_id) VALUES (100, 22);
INSERT INTO recipe_cook(recipe_id, cook_id) VALUES (100, 143);
INSERT INTO recipe_cook(recipe_id, cook_id) VALUES (100, 29);
INSERT INTO recipe_cook(recipe_id, cook_id) VALUES (100, 144);
INSERT INTO recipe_cook(recipe_id, cook_id) VALUES (100, 101);
INSERT INTO recipe_cook(recipe_id, cook_id) VALUES (100, 146);
INSERT INTO recipe_cook(recipe_id, cook_id) VALUES (100, 75);
INSERT INTO recipe_cook(recipe_id, cook_id) VALUES (100, 199);
INSERT INTO recipe_cook(recipe_id, cook_id) VALUES (100, 111);
INSERT INTO recipe_cook(recipe_id, cook_id) VALUES (100, 79);
INSERT INTO recipe_cook(recipe_id, cook_id) VALUES (100, 69);
INSERT INTO recipe_cook(recipe_id, cook_id) VALUES (100, 72);
INSERT INTO recipe_cook(recipe_id, cook_id) VALUES (100, 50);
INSERT INTO recipe_cook(recipe_id, cook_id) VALUES (100, 151);
INSERT INTO recipe_cook(recipe_id, cook_id) VALUES (100, 3);
INSERT INTO recipe_cook(recipe_id, cook_id) VALUES (100, 51);
INSERT INTO recipe_cook(recipe_id, cook_id) VALUES (100, 120);
INSERT INTO recipe_cook(recipe_id, cook_id) VALUES (100, 17);
INSERT INTO recipe_cook(recipe_id, cook_id) VALUES (100, 71);
INSERT INTO recipe_cook(recipe_id, cook_id) VALUES (100, 188);
INSERT INTO recipe_cook(recipe_id, cook_id) VALUES (100, 53);
INSERT INTO recipe_cook(recipe_id, cook_id) VALUES (100, 189);
INSERT INTO recipe_cook(recipe_id, cook_id) VALUES (100, 128);
INSERT INTO recipe_cook(recipe_id, cook_id) VALUES (100, 7);
INSERT INTO recipe_cook(recipe_id, cook_id) VALUES (100, 92);
INSERT INTO recipe_cook(recipe_id, cook_id) VALUES (100, 190);
INSERT INTO recipe_cook(recipe_id, cook_id) VALUES (100, 16);
INSERT INTO recipe_cook(recipe_id, cook_id) VALUES (100, 165);
INSERT INTO recipe_cook(recipe_id, cook_id) VALUES (100, 10);
INSERT INTO recipe_cook(recipe_id, cook_id) VALUES (100, 161);
INSERT INTO recipe_cook(recipe_id, cook_id) VALUES (100, 96);
INSERT INTO recipe_cook(recipe_id, cook_id) VALUES (100, 89);
INSERT INTO recipe_cook(recipe_id, cook_id) VALUES (100, 21);
INSERT INTO recipe_cook(recipe_id, cook_id) VALUES (100, 194);
INSERT INTO recipe_cook(recipe_id, cook_id) VALUES (100, 24);
INSERT INTO recipe_cook(recipe_id, cook_id) VALUES (100, 85);
INSERT INTO recipe_cook(recipe_id, cook_id) VALUES (100, 138);
INSERT INTO recipe_cook(recipe_id, cook_id) VALUES (100, 39);
INSERT INTO recipe_cook(recipe_id, cook_id) VALUES (100, 80);
INSERT INTO recipe_cook(recipe_id, cook_id) VALUES (100, 15);
INSERT INTO recipe_cook(recipe_id, cook_id) VALUES (100, 142);
INSERT INTO recipe_cook(recipe_id, cook_id) VALUES (100, 32);
INSERT INTO recipe_cook(recipe_id, cook_id) VALUES (100, 116);
INSERT INTO recipe_cook(recipe_id, cook_id) VALUES (100, 121);
INSERT INTO recipe_cook(recipe_id, cook_id) VALUES (100, 5);
INSERT INTO recipe_cook(recipe_id, cook_id) VALUES (100, 23);
INSERT INTO recipe_cook(recipe_id, cook_id) VALUES (100, 164);
INSERT INTO recipe_cook(recipe_id, cook_id) VALUES (100, 163);
INSERT INTO recipe_cook(recipe_id, cook_id) VALUES (100, 68);
INSERT INTO recipe_cook(recipe_id, cook_id) VALUES (100, 43);
INSERT INTO recipe_cook(recipe_id, cook_id) VALUES (100, 35);
INSERT INTO recipe_cook(recipe_id, cook_id) VALUES (100, 139);
INSERT INTO recipe_cook(recipe_id, cook_id) VALUES (100, 63);
INSERT INTO recipe_cook(recipe_id, cook_id) VALUES (100, 186);
INSERT INTO recipe_cook(recipe_id, cook_id) VALUES (100, 65);
INSERT INTO recipe_cook(recipe_id, cook_id) VALUES (100, 58);
INSERT INTO recipe_cook(recipe_id, cook_id) VALUES (100, 34);
INSERT INTO recipe_cook(recipe_id, cook_id) VALUES (100, 131);
INSERT INTO recipe_cook(recipe_id, cook_id) VALUES (100, 127);
INSERT INTO recipe_cook(recipe_id, cook_id) VALUES (100, 135);
INSERT INTO recipe_cook(recipe_id, cook_id) VALUES (100, 54);
INSERT INTO recipe_cook(recipe_id, cook_id) VALUES (100, 132);
INSERT INTO recipe_cook(recipe_id, cook_id) VALUES (100, 104);
INSERT INTO recipe_cook(recipe_id, cook_id) VALUES (100, 18);
INSERT INTO recipe_cook(recipe_id, cook_id) VALUES (100, 148);
INSERT INTO recipe_cook(recipe_id, cook_id) VALUES (100, 156);
INSERT INTO recipe_cook(recipe_id, cook_id) VALUES (100, 162);
INSERT INTO recipe_cook(recipe_id, cook_id) VALUES (100, 74);
INSERT INTO recipe_cook(recipe_id, cook_id) VALUES (100, 94);
INSERT INTO recipe_cook(recipe_id, cook_id) VALUES (100, 45);
INSERT INTO recipe_cook(recipe_id, cook_id) VALUES (100, 6);
INSERT INTO recipe_cook(recipe_id, cook_id) VALUES (100, 181);
INSERT INTO recipe_cook(recipe_id, cook_id) VALUES (100, 112);
INSERT INTO recipe_cook(recipe_id, cook_id) VALUES (100, 33);
INSERT INTO recipe_cook(recipe_id, cook_id) VALUES (100, 129);
INSERT INTO recipe_cook(recipe_id, cook_id) VALUES (100, 62);
INSERT INTO recipe_cook(recipe_id, cook_id) VALUES (100, 66);
INSERT INTO recipe_cook(recipe_id, cook_id) VALUES (100, 187);
INSERT INTO recipe_cook(recipe_id, cook_id) VALUES (100, 118);
INSERT INTO recipe_cook(recipe_id, cook_id) VALUES (100, 41);
INSERT INTO recipe_cook(recipe_id, cook_id) VALUES (100, 119);
INSERT INTO recipe_cook(recipe_id, cook_id) VALUES (100, 77);
INSERT INTO recipe_cook(recipe_id, cook_id) VALUES (100, 102);
INSERT INTO recipe_cook(recipe_id, cook_id) VALUES (100, 90);
INSERT INTO recipe_cook(recipe_id, cook_id) VALUES (100, 150);
INSERT INTO recipe_cook(recipe_id, cook_id) VALUES (100, 98);
INSERT INTO recipe_cook(recipe_id, cook_id) VALUES (100, 46);
INSERT INTO recipe_cook(recipe_id, cook_id) VALUES (100, 59);
INSERT INTO recipe_cook(recipe_id, cook_id) VALUES (100, 185);
INSERT INTO recipe_cook(recipe_id, cook_id) VALUES (100, 147);
INSERT INTO recipe_cook(recipe_id, cook_id) VALUES (100, 123);
INSERT INTO recipe_cook(recipe_id, cook_id) VALUES (100, 125);
INSERT INTO recipe_cook(recipe_id, cook_id) VALUES (100, 183);
INSERT INTO recipe_cook(recipe_id, cook_id) VALUES (100, 172);
INSERT INTO recipe_cook(recipe_id, cook_id) VALUES (100, 180);
INSERT INTO recipe_cook(recipe_id, cook_id) VALUES (100, 126);
INSERT INTO recipe_cook(recipe_id, cook_id) VALUES (100, 49);
INSERT INTO recipe_cook(recipe_id, cook_id) VALUES (100, 157);
INSERT INTO recipe_cook(recipe_id, cook_id) VALUES (100, 197);
INSERT INTO recipe_cook(recipe_id, cook_id) VALUES (100, 76);
INSERT INTO recipe_cook(recipe_id, cook_id) VALUES (100, 82);
INSERT INTO recipe_cook(recipe_id, cook_id) VALUES (100, 140);
INSERT INTO recipe_cook(recipe_id, cook_id) VALUES (100, 106);
INSERT INTO recipe_cook(recipe_id, cook_id) VALUES (100, 110);
INSERT INTO recipe_cook(recipe_id, cook_id) VALUES (100, 26);
INSERT INTO recipe_cook(recipe_id, cook_id) VALUES (100, 130);
INSERT INTO recipe_cook(recipe_id, cook_id) VALUES (100, 48);
INSERT INTO recipe_cook(recipe_id, cook_id) VALUES (100, 56);
INSERT INTO recipe_cook(recipe_id, cook_id) VALUES (100, 198);
INSERT INTO recipe_cook(recipe_id, cook_id) VALUES (100, 159);
INSERT INTO recipe_cook(recipe_id, cook_id) VALUES (100, 178);
INSERT INTO recipe_cook(recipe_id, cook_id) VALUES (100, 177);
INSERT INTO recipe_cook(recipe_id, cook_id) VALUES (100, 182);
INSERT INTO recipe_cook(recipe_id, cook_id) VALUES (100, 95);
INSERT INTO recipe_cook(recipe_id, cook_id) VALUES (100, 192);
INSERT INTO recipe_cook(recipe_id, cook_id) VALUES (100, 64);
INSERT INTO recipe_cook(recipe_id, cook_id) VALUES (100, 99);
INSERT INTO recipe_cook(recipe_id, cook_id) VALUES (100, 20);
INSERT INTO recipe_cook(recipe_id, cook_id) VALUES (100, 100);
INSERT INTO recipe_cook(recipe_id, cook_id) VALUES (100, 4);
INSERT INTO recipe_cook(recipe_id, cook_id) VALUES (100, 70);
INSERT INTO recipe_cook(recipe_id, cook_id) VALUES (100, 191);
INSERT INTO recipe_cook(recipe_id, cook_id) VALUES (100, 107);
INSERT INTO recipe_cook(recipe_id, cook_id) VALUES (100, 169);
INSERT INTO recipe_cook(recipe_id, cook_id) VALUES (100, 88);
INSERT INTO recipe_cook(recipe_id, cook_id) VALUES (100, 108);
INSERT INTO recipe_cook(recipe_id, cook_id) VALUES (100, 195);
INSERT INTO recipe_cook(recipe_id, cook_id) VALUES (100, 8);
INSERT INTO recipe_cook(recipe_id, cook_id) VALUES (100, 117);
INSERT INTO recipe_cook(recipe_id, cook_id) VALUES (100, 11);
INSERT INTO recipe_cook(recipe_id, cook_id) VALUES (100, 136);
INSERT INTO recipe_cook(recipe_id, cook_id) VALUES (100, 1);
INSERT INTO recipe_cook(recipe_id, cook_id) VALUES (100, 12);
INSERT INTO recipe_cook(recipe_id, cook_id) VALUES (100, 81);
INSERT INTO recipe_cook(recipe_id, cook_id) VALUES (100, 124);
INSERT INTO recipe_cook(recipe_id, cook_id) VALUES (100, 27);
INSERT INTO recipe_cook(recipe_id, cook_id) VALUES (100, 133);
INSERT INTO recipe_cook(recipe_id, cook_id) VALUES (100, 200);
INSERT INTO recipe_cook(recipe_id, cook_id) VALUES (100, 141);
INSERT INTO recipe_cook(recipe_id, cook_id) VALUES (100, 193);
INSERT INTO recipe_cook(recipe_id, cook_id) VALUES (100, 134);
INSERT INTO recipe_cook(recipe_id, cook_id) VALUES (100, 36);
INSERT INTO recipe_cook(recipe_id, cook_id) VALUES (100, 87);
INSERT INTO recipe_cook(recipe_id, cook_id) VALUES (100, 109);
INSERT INTO recipe_cook(recipe_id, cook_id) VALUES (100, 122);
INSERT INTO recipe_cook(recipe_id, cook_id) VALUES (100, 160);
INSERT INTO recipe_cook(recipe_id, cook_id) VALUES (100, 9);
INSERT INTO recipe_cook(recipe_id, cook_id) VALUES (100, 40);
INSERT INTO recipe_cook(recipe_id, cook_id) VALUES (100, 25);
INSERT INTO recipe_cook(recipe_id, cook_id) VALUES (100, 44);
INSERT INTO recipe_cook(recipe_id, cook_id) VALUES (100, 174);
INSERT INTO recipe_cook(recipe_id, cook_id) VALUES (100, 14);
INSERT INTO recipe_cook(recipe_id, cook_id) VALUES (100, 47);
INSERT INTO recipe_theme(recipe_id, theme_id) VALUES (100, 18);
INSERT INTO recipe_tip(recipe_id, tip_id) VALUES (100, 16);
INSERT INTO recipe_tip(recipe_id, tip_id) VALUES (100, 40);


INSERT INTO recipe_ingredient(recipe_id, ingredient_id, quantity, recipe_ingredient_description, main) VALUES(1, 94, 1, NULL, 1);
INSERT INTO recipe_ingredient(recipe_id, ingredient_id, quantity, recipe_ingredient_description, main) VALUES(1, 186, NULL, 'Few', 0);
INSERT INTO recipe_ingredient(recipe_id, ingredient_id, quantity, recipe_ingredient_description, main) VALUES(1, 151, NULL, 'A cup', 0);
INSERT INTO recipe_ingredient(recipe_id, ingredient_id, quantity, recipe_ingredient_description, main) VALUES(1, 126, NULL, 'A teaspoon of', 0);
INSERT INTO recipe_ingredient(recipe_id, ingredient_id, quantity, recipe_ingredient_description, main) VALUES(1, 107, NULL, 'Few', 0);
INSERT INTO recipe_ingredient(recipe_id, ingredient_id, quantity, recipe_ingredient_description, main) VALUES(1, 105, NULL, 'A pinch', 0);

INSERT INTO recipe_ingredient(recipe_id, ingredient_id, quantity, recipe_ingredient_description, main) VALUES(2, 139, 1, NULL, 1);
INSERT INTO recipe_ingredient(recipe_id, ingredient_id, quantity, recipe_ingredient_description, main) VALUES(2, 71, 450, 'gr', 0);
INSERT INTO recipe_ingredient(recipe_id, ingredient_id, quantity, recipe_ingredient_description, main) VALUES(2, 274, NULL, 'Few', 0);
INSERT INTO recipe_ingredient(recipe_id, ingredient_id, quantity, recipe_ingredient_description, main) VALUES(2, 130, NULL, 'A tablespoon of', 0);
INSERT INTO recipe_ingredient(recipe_id, ingredient_id, quantity, recipe_ingredient_description, main) VALUES(2, 146, NULL, 'A cup', 0);
INSERT INTO recipe_ingredient(recipe_id, ingredient_id, quantity, recipe_ingredient_description, main) VALUES(2, 311, NULL, 'A teaspoon of', 0);
INSERT INTO recipe_ingredient(recipe_id, ingredient_id, quantity, recipe_ingredient_description, main) VALUES(2, 293, 4, NULL, 0);
INSERT INTO recipe_ingredient(recipe_id, ingredient_id, quantity, recipe_ingredient_description, main) VALUES(2, 116, 630, 'ml', 0);
INSERT INTO recipe_ingredient(recipe_id, ingredient_id, quantity, recipe_ingredient_description, main) VALUES(2, 68, 3, NULL, 0);
INSERT INTO recipe_ingredient(recipe_id, ingredient_id, quantity, recipe_ingredient_description, main) VALUES(2, 264, NULL, 'A pinch', 0);

INSERT INTO recipe_ingredient(recipe_id, ingredient_id, quantity, recipe_ingredient_description, main) VALUES(3, 205, 1, NULL, 1);
INSERT INTO recipe_ingredient(recipe_id, ingredient_id, quantity, recipe_ingredient_description, main) VALUES(3, 189, 250, 'gr', 0);
INSERT INTO recipe_ingredient(recipe_id, ingredient_id, quantity, recipe_ingredient_description, main) VALUES(3, 281, NULL, 'A tablespoon of', 0);
INSERT INTO recipe_ingredient(recipe_id, ingredient_id, quantity, recipe_ingredient_description, main) VALUES(3, 63, NULL, 'A teaspoon of', 0);
INSERT INTO recipe_ingredient(recipe_id, ingredient_id, quantity, recipe_ingredient_description, main) VALUES(3, 16, NULL, 'Few', 0);
INSERT INTO recipe_ingredient(recipe_id, ingredient_id, quantity, recipe_ingredient_description, main) VALUES(3, 325, NULL, 'Few', 0);
INSERT INTO recipe_ingredient(recipe_id, ingredient_id, quantity, recipe_ingredient_description, main) VALUES(3, 353, NULL, 'A pinch', 0);
INSERT INTO recipe_ingredient(recipe_id, ingredient_id, quantity, recipe_ingredient_description, main) VALUES(3, 336, NULL, 'A tablespoon of', 0);
INSERT INTO recipe_ingredient(recipe_id, ingredient_id, quantity, recipe_ingredient_description, main) VALUES(3, 327, NULL, 'A teaspoon of', 0);
INSERT INTO recipe_ingredient(recipe_id, ingredient_id, quantity, recipe_ingredient_description, main) VALUES(3, 288, NULL, 'A little', 0);
INSERT INTO recipe_ingredient(recipe_id, ingredient_id, quantity, recipe_ingredient_description, main) VALUES(3, 263, NULL, 'A pinch', 0);
INSERT INTO recipe_ingredient(recipe_id, ingredient_id, quantity, recipe_ingredient_description, main) VALUES(3, 56, 290, 'gr', 0);
INSERT INTO recipe_ingredient(recipe_id, ingredient_id, quantity, recipe_ingredient_description, main) VALUES(3, 64, 630, 'gr', 0);

INSERT INTO recipe_ingredient(recipe_id, ingredient_id, quantity, recipe_ingredient_description, main) VALUES(4, 221, 1, NULL, 1);
INSERT INTO recipe_ingredient(recipe_id, ingredient_id, quantity, recipe_ingredient_description, main) VALUES(4, 86, NULL, 'A pinch', 0);
INSERT INTO recipe_ingredient(recipe_id, ingredient_id, quantity, recipe_ingredient_description, main) VALUES(4, 193, NULL, 'A little', 0);
INSERT INTO recipe_ingredient(recipe_id, ingredient_id, quantity, recipe_ingredient_description, main) VALUES(4, 286, 550, 'ml', 0);
INSERT INTO recipe_ingredient(recipe_id, ingredient_id, quantity, recipe_ingredient_description, main) VALUES(4, 227, NULL, 'A pinch', 0);
INSERT INTO recipe_ingredient(recipe_id, ingredient_id, quantity, recipe_ingredient_description, main) VALUES(4, 2, NULL, 'Few', 0);
INSERT INTO recipe_ingredient(recipe_id, ingredient_id, quantity, recipe_ingredient_description, main) VALUES(4, 64, NULL, 'A teaspoon of', 0);
INSERT INTO recipe_ingredient(recipe_id, ingredient_id, quantity, recipe_ingredient_description, main) VALUES(4, 365, NULL, 'A little', 0);
INSERT INTO recipe_ingredient(recipe_id, ingredient_id, quantity, recipe_ingredient_description, main) VALUES(4, 307, 50, 'gr', 0);
INSERT INTO recipe_ingredient(recipe_id, ingredient_id, quantity, recipe_ingredient_description, main) VALUES(4, 140, NULL, 'A teaspoon of', 0);

INSERT INTO recipe_ingredient(recipe_id, ingredient_id, quantity, recipe_ingredient_description, main) VALUES(5, 5, 1, NULL, 1);
INSERT INTO recipe_ingredient(recipe_id, ingredient_id, quantity, recipe_ingredient_description, main) VALUES(5, 239, NULL, 'A little', 0);
INSERT INTO recipe_ingredient(recipe_id, ingredient_id, quantity, recipe_ingredient_description, main) VALUES(5, 156, NULL, 'A pinch', 0);
INSERT INTO recipe_ingredient(recipe_id, ingredient_id, quantity, recipe_ingredient_description, main) VALUES(5, 16, NULL, 'A teaspoon of', 0);
INSERT INTO recipe_ingredient(recipe_id, ingredient_id, quantity, recipe_ingredient_description, main) VALUES(5, 203, 530, 'ml', 0);
INSERT INTO recipe_ingredient(recipe_id, ingredient_id, quantity, recipe_ingredient_description, main) VALUES(5, 209, 150, 'ml', 0);
INSERT INTO recipe_ingredient(recipe_id, ingredient_id, quantity, recipe_ingredient_description, main) VALUES(5, 80, NULL, 'A cup', 0);
INSERT INTO recipe_ingredient(recipe_id, ingredient_id, quantity, recipe_ingredient_description, main) VALUES(5, 2, NULL, 'A little', 0);
INSERT INTO recipe_ingredient(recipe_id, ingredient_id, quantity, recipe_ingredient_description, main) VALUES(5, 324, NULL, 'A little', 0);

INSERT INTO recipe_ingredient(recipe_id, ingredient_id, quantity, recipe_ingredient_description, main) VALUES(6, 224, 1, NULL, 1);
INSERT INTO recipe_ingredient(recipe_id, ingredient_id, quantity, recipe_ingredient_description, main) VALUES(6, 203, 7, NULL, 0);
INSERT INTO recipe_ingredient(recipe_id, ingredient_id, quantity, recipe_ingredient_description, main) VALUES(6, 132, NULL, 'Few', 0);
INSERT INTO recipe_ingredient(recipe_id, ingredient_id, quantity, recipe_ingredient_description, main) VALUES(6, 69, 150, 'gr', 0);
INSERT INTO recipe_ingredient(recipe_id, ingredient_id, quantity, recipe_ingredient_description, main) VALUES(6, 364, NULL, 'A tablespoon of', 0);
INSERT INTO recipe_ingredient(recipe_id, ingredient_id, quantity, recipe_ingredient_description, main) VALUES(6, 205, NULL, 'A pinch', 0);
INSERT INTO recipe_ingredient(recipe_id, ingredient_id, quantity, recipe_ingredient_description, main) VALUES(6, 126, NULL, 'A teaspoon of', 0);
INSERT INTO recipe_ingredient(recipe_id, ingredient_id, quantity, recipe_ingredient_description, main) VALUES(6, 339, NULL, 'A little', 0);
INSERT INTO recipe_ingredient(recipe_id, ingredient_id, quantity, recipe_ingredient_description, main) VALUES(6, 19, NULL, 'A pinch', 0);
INSERT INTO recipe_ingredient(recipe_id, ingredient_id, quantity, recipe_ingredient_description, main) VALUES(6, 179, NULL, 'A little', 0);
INSERT INTO recipe_ingredient(recipe_id, ingredient_id, quantity, recipe_ingredient_description, main) VALUES(6, 153, NULL, 'Few', 0);
INSERT INTO recipe_ingredient(recipe_id, ingredient_id, quantity, recipe_ingredient_description, main) VALUES(6, 243, NULL, 'A teaspoon of', 0);
INSERT INTO recipe_ingredient(recipe_id, ingredient_id, quantity, recipe_ingredient_description, main) VALUES(6, 166, NULL, 'Few', 0);
INSERT INTO recipe_ingredient(recipe_id, ingredient_id, quantity, recipe_ingredient_description, main) VALUES(6, 44, NULL, 'A teaspoon of', 0);

INSERT INTO recipe_ingredient(recipe_id, ingredient_id, quantity, recipe_ingredient_description, main) VALUES(7, 223, 1, NULL, 1);
INSERT INTO recipe_ingredient(recipe_id, ingredient_id, quantity, recipe_ingredient_description, main) VALUES(7, 212, 290, 'gr', 0);
INSERT INTO recipe_ingredient(recipe_id, ingredient_id, quantity, recipe_ingredient_description, main) VALUES(7, 74, 250, 'gr', 0);
INSERT INTO recipe_ingredient(recipe_id, ingredient_id, quantity, recipe_ingredient_description, main) VALUES(7, 128, NULL, 'Few', 0);
INSERT INTO recipe_ingredient(recipe_id, ingredient_id, quantity, recipe_ingredient_description, main) VALUES(7, 89, 370, 'gr', 0);
INSERT INTO recipe_ingredient(recipe_id, ingredient_id, quantity, recipe_ingredient_description, main) VALUES(7, 155, 570, 'gr', 0);
INSERT INTO recipe_ingredient(recipe_id, ingredient_id, quantity, recipe_ingredient_description, main) VALUES(7, 214, NULL, 'A little', 0);
INSERT INTO recipe_ingredient(recipe_id, ingredient_id, quantity, recipe_ingredient_description, main) VALUES(7, 283, NULL, 'A pinch', 0);
INSERT INTO recipe_ingredient(recipe_id, ingredient_id, quantity, recipe_ingredient_description, main) VALUES(7, 197, NULL, 'A pinch', 0);

INSERT INTO recipe_ingredient(recipe_id, ingredient_id, quantity, recipe_ingredient_description, main) VALUES(8, 236, 1, NULL, 1);
INSERT INTO recipe_ingredient(recipe_id, ingredient_id, quantity, recipe_ingredient_description, main) VALUES(8, 176, NULL, 'A cup', 0);
INSERT INTO recipe_ingredient(recipe_id, ingredient_id, quantity, recipe_ingredient_description, main) VALUES(8, 163, NULL, 'A tablespoon of', 0);
INSERT INTO recipe_ingredient(recipe_id, ingredient_id, quantity, recipe_ingredient_description, main) VALUES(8, 261, NULL, 'A little', 0);
INSERT INTO recipe_ingredient(recipe_id, ingredient_id, quantity, recipe_ingredient_description, main) VALUES(8, 61, NULL, 'A cup', 0);
INSERT INTO recipe_ingredient(recipe_id, ingredient_id, quantity, recipe_ingredient_description, main) VALUES(8, 28, NULL, 'Few', 0);

INSERT INTO recipe_ingredient(recipe_id, ingredient_id, quantity, recipe_ingredient_description, main) VALUES(9, 227, 1, NULL, 1);
INSERT INTO recipe_ingredient(recipe_id, ingredient_id, quantity, recipe_ingredient_description, main) VALUES(9, 348, 5, NULL, 0);
INSERT INTO recipe_ingredient(recipe_id, ingredient_id, quantity, recipe_ingredient_description, main) VALUES(9, 335, NULL, 'A cup', 0);
INSERT INTO recipe_ingredient(recipe_id, ingredient_id, quantity, recipe_ingredient_description, main) VALUES(9, 246, NULL, 'A cup', 0);
INSERT INTO recipe_ingredient(recipe_id, ingredient_id, quantity, recipe_ingredient_description, main) VALUES(9, 253, 6, NULL, 0);
INSERT INTO recipe_ingredient(recipe_id, ingredient_id, quantity, recipe_ingredient_description, main) VALUES(9, 11, NULL, 'A little', 0);
INSERT INTO recipe_ingredient(recipe_id, ingredient_id, quantity, recipe_ingredient_description, main) VALUES(9, 31, 510, 'ml', 0);
INSERT INTO recipe_ingredient(recipe_id, ingredient_id, quantity, recipe_ingredient_description, main) VALUES(9, 170, NULL, 'A cup', 0);
INSERT INTO recipe_ingredient(recipe_id, ingredient_id, quantity, recipe_ingredient_description, main) VALUES(9, 145, 3, NULL, 0);
INSERT INTO recipe_ingredient(recipe_id, ingredient_id, quantity, recipe_ingredient_description, main) VALUES(9, 232, 8, NULL, 0);
INSERT INTO recipe_ingredient(recipe_id, ingredient_id, quantity, recipe_ingredient_description, main) VALUES(9, 350, 370, 'gr', 0);
INSERT INTO recipe_ingredient(recipe_id, ingredient_id, quantity, recipe_ingredient_description, main) VALUES(9, 240, NULL, 'A tablespoon of', 0);
INSERT INTO recipe_ingredient(recipe_id, ingredient_id, quantity, recipe_ingredient_description, main) VALUES(9, 66, 250, 'ml', 0);

INSERT INTO recipe_ingredient(recipe_id, ingredient_id, quantity, recipe_ingredient_description, main) VALUES(10, 294, 1, NULL, 1);
INSERT INTO recipe_ingredient(recipe_id, ingredient_id, quantity, recipe_ingredient_description, main) VALUES(10, 364, NULL, 'A cup', 0);
INSERT INTO recipe_ingredient(recipe_id, ingredient_id, quantity, recipe_ingredient_description, main) VALUES(10, 29, NULL, 'A little', 0);
INSERT INTO recipe_ingredient(recipe_id, ingredient_id, quantity, recipe_ingredient_description, main) VALUES(10, 264, NULL, 'A little', 0);
INSERT INTO recipe_ingredient(recipe_id, ingredient_id, quantity, recipe_ingredient_description, main) VALUES(10, 39, NULL, 'A teaspoon of', 0);
INSERT INTO recipe_ingredient(recipe_id, ingredient_id, quantity, recipe_ingredient_description, main) VALUES(10, 250, NULL, 'A cup', 0);
INSERT INTO recipe_ingredient(recipe_id, ingredient_id, quantity, recipe_ingredient_description, main) VALUES(10, 165, NULL, 'A cup', 0);
INSERT INTO recipe_ingredient(recipe_id, ingredient_id, quantity, recipe_ingredient_description, main) VALUES(10, 213, NULL, 'A teaspoon of', 0);
INSERT INTO recipe_ingredient(recipe_id, ingredient_id, quantity, recipe_ingredient_description, main) VALUES(10, 177, NULL, 'Few', 0);
INSERT INTO recipe_ingredient(recipe_id, ingredient_id, quantity, recipe_ingredient_description, main) VALUES(10, 140, NULL, 'A tablespoon of', 0);
INSERT INTO recipe_ingredient(recipe_id, ingredient_id, quantity, recipe_ingredient_description, main) VALUES(10, 226, NULL, 'A cup', 0);
INSERT INTO recipe_ingredient(recipe_id, ingredient_id, quantity, recipe_ingredient_description, main) VALUES(10, 233, 2, NULL, 0);
INSERT INTO recipe_ingredient(recipe_id, ingredient_id, quantity, recipe_ingredient_description, main) VALUES(10, 243, NULL, 'A cup', 0);
INSERT INTO recipe_ingredient(recipe_id, ingredient_id, quantity, recipe_ingredient_description, main) VALUES(10, 45, 230, 'ml', 0);
INSERT INTO recipe_ingredient(recipe_id, ingredient_id, quantity, recipe_ingredient_description, main) VALUES(10, 73, NULL, 'A cup', 0);
INSERT INTO recipe_ingredient(recipe_id, ingredient_id, quantity, recipe_ingredient_description, main) VALUES(10, 9, NULL, 'A cup', 0);

INSERT INTO recipe_ingredient(recipe_id, ingredient_id, quantity, recipe_ingredient_description, main) VALUES(11, 271, 1, NULL, 1);
INSERT INTO recipe_ingredient(recipe_id, ingredient_id, quantity, recipe_ingredient_description, main) VALUES(11, 290, 5, NULL, 0);
INSERT INTO recipe_ingredient(recipe_id, ingredient_id, quantity, recipe_ingredient_description, main) VALUES(11, 49, NULL, 'A tablespoon of', 0);
INSERT INTO recipe_ingredient(recipe_id, ingredient_id, quantity, recipe_ingredient_description, main) VALUES(11, 231, NULL, 'A pinch', 0);
INSERT INTO recipe_ingredient(recipe_id, ingredient_id, quantity, recipe_ingredient_description, main) VALUES(11, 1, NULL, 'A little', 0);
INSERT INTO recipe_ingredient(recipe_id, ingredient_id, quantity, recipe_ingredient_description, main) VALUES(11, 71, NULL, 'Few', 0);

INSERT INTO recipe_ingredient(recipe_id, ingredient_id, quantity, recipe_ingredient_description, main) VALUES(12, 279, 1, NULL, 1);
INSERT INTO recipe_ingredient(recipe_id, ingredient_id, quantity, recipe_ingredient_description, main) VALUES(12, 335, NULL, 'A tablespoon of', 0);
INSERT INTO recipe_ingredient(recipe_id, ingredient_id, quantity, recipe_ingredient_description, main) VALUES(12, 278, NULL, 'A tablespoon of', 0);
INSERT INTO recipe_ingredient(recipe_id, ingredient_id, quantity, recipe_ingredient_description, main) VALUES(12, 14, 470, 'ml', 0);
INSERT INTO recipe_ingredient(recipe_id, ingredient_id, quantity, recipe_ingredient_description, main) VALUES(12, 354, NULL, 'A teaspoon of', 0);
INSERT INTO recipe_ingredient(recipe_id, ingredient_id, quantity, recipe_ingredient_description, main) VALUES(12, 351, NULL, 'A tablespoon of', 0);
INSERT INTO recipe_ingredient(recipe_id, ingredient_id, quantity, recipe_ingredient_description, main) VALUES(12, 199, NULL, 'A tablespoon of', 0);
INSERT INTO recipe_ingredient(recipe_id, ingredient_id, quantity, recipe_ingredient_description, main) VALUES(12, 26, 190, 'ml', 0);
INSERT INTO recipe_ingredient(recipe_id, ingredient_id, quantity, recipe_ingredient_description, main) VALUES(12, 76, NULL, 'A little', 0);
INSERT INTO recipe_ingredient(recipe_id, ingredient_id, quantity, recipe_ingredient_description, main) VALUES(12, 272, NULL, 'Few', 0);
INSERT INTO recipe_ingredient(recipe_id, ingredient_id, quantity, recipe_ingredient_description, main) VALUES(12, 340, NULL, 'Few', 0);

INSERT INTO recipe_ingredient(recipe_id, ingredient_id, quantity, recipe_ingredient_description, main) VALUES(13, 153, 1, NULL, 1);
INSERT INTO recipe_ingredient(recipe_id, ingredient_id, quantity, recipe_ingredient_description, main) VALUES(13, 84, NULL, 'A tablespoon of', 0);
INSERT INTO recipe_ingredient(recipe_id, ingredient_id, quantity, recipe_ingredient_description, main) VALUES(13, 203, NULL, 'A tablespoon of', 0);
INSERT INTO recipe_ingredient(recipe_id, ingredient_id, quantity, recipe_ingredient_description, main) VALUES(13, 328, 4, NULL, 0);
INSERT INTO recipe_ingredient(recipe_id, ingredient_id, quantity, recipe_ingredient_description, main) VALUES(13, 128, 350, 'ml', 0);
INSERT INTO recipe_ingredient(recipe_id, ingredient_id, quantity, recipe_ingredient_description, main) VALUES(13, 274, 310, 'ml', 0);
INSERT INTO recipe_ingredient(recipe_id, ingredient_id, quantity, recipe_ingredient_description, main) VALUES(13, 107, NULL, 'A pinch', 0);
INSERT INTO recipe_ingredient(recipe_id, ingredient_id, quantity, recipe_ingredient_description, main) VALUES(13, 94, 310, 'gr', 0);
INSERT INTO recipe_ingredient(recipe_id, ingredient_id, quantity, recipe_ingredient_description, main) VALUES(13, 122, NULL, 'A pinch', 0);

INSERT INTO recipe_ingredient(recipe_id, ingredient_id, quantity, recipe_ingredient_description, main) VALUES(14, 279, 1, NULL, 1);
INSERT INTO recipe_ingredient(recipe_id, ingredient_id, quantity, recipe_ingredient_description, main) VALUES(14, 325, 310, 'gr', 0);
INSERT INTO recipe_ingredient(recipe_id, ingredient_id, quantity, recipe_ingredient_description, main) VALUES(14, 123, NULL, 'Few', 0);
INSERT INTO recipe_ingredient(recipe_id, ingredient_id, quantity, recipe_ingredient_description, main) VALUES(14, 116, NULL, 'Few', 0);
INSERT INTO recipe_ingredient(recipe_id, ingredient_id, quantity, recipe_ingredient_description, main) VALUES(14, 214, NULL, 'A little', 0);
INSERT INTO recipe_ingredient(recipe_id, ingredient_id, quantity, recipe_ingredient_description, main) VALUES(14, 19, NULL, 'A little', 0);
INSERT INTO recipe_ingredient(recipe_id, ingredient_id, quantity, recipe_ingredient_description, main) VALUES(14, 122, NULL, 'A teaspoon of', 0);
INSERT INTO recipe_ingredient(recipe_id, ingredient_id, quantity, recipe_ingredient_description, main) VALUES(14, 227, 7, NULL, 0);

INSERT INTO recipe_ingredient(recipe_id, ingredient_id, quantity, recipe_ingredient_description, main) VALUES(15, 80, 1, NULL, 1);
INSERT INTO recipe_ingredient(recipe_id, ingredient_id, quantity, recipe_ingredient_description, main) VALUES(15, 246, 390, 'gr', 0);
INSERT INTO recipe_ingredient(recipe_id, ingredient_id, quantity, recipe_ingredient_description, main) VALUES(15, 221, 570, 'ml', 0);
INSERT INTO recipe_ingredient(recipe_id, ingredient_id, quantity, recipe_ingredient_description, main) VALUES(15, 112, NULL, 'A tablespoon of', 0);
INSERT INTO recipe_ingredient(recipe_id, ingredient_id, quantity, recipe_ingredient_description, main) VALUES(15, 87, NULL, 'A pinch', 0);
INSERT INTO recipe_ingredient(recipe_id, ingredient_id, quantity, recipe_ingredient_description, main) VALUES(15, 179, NULL, 'A cup', 0);
INSERT INTO recipe_ingredient(recipe_id, ingredient_id, quantity, recipe_ingredient_description, main) VALUES(15, 27, NULL, 'A little', 0);
INSERT INTO recipe_ingredient(recipe_id, ingredient_id, quantity, recipe_ingredient_description, main) VALUES(15, 165, NULL, 'A little', 0);
INSERT INTO recipe_ingredient(recipe_id, ingredient_id, quantity, recipe_ingredient_description, main) VALUES(15, 47, NULL, 'A tablespoon of', 0);

INSERT INTO recipe_ingredient(recipe_id, ingredient_id, quantity, recipe_ingredient_description, main) VALUES(16, 244, 1, NULL, 1);
INSERT INTO recipe_ingredient(recipe_id, ingredient_id, quantity, recipe_ingredient_description, main) VALUES(16, 109, 7, NULL, 0);
INSERT INTO recipe_ingredient(recipe_id, ingredient_id, quantity, recipe_ingredient_description, main) VALUES(16, 132, NULL, 'A tablespoon of', 0);
INSERT INTO recipe_ingredient(recipe_id, ingredient_id, quantity, recipe_ingredient_description, main) VALUES(16, 26, 430, 'ml', 0);
INSERT INTO recipe_ingredient(recipe_id, ingredient_id, quantity, recipe_ingredient_description, main) VALUES(16, 246, NULL, 'A little', 0);
INSERT INTO recipe_ingredient(recipe_id, ingredient_id, quantity, recipe_ingredient_description, main) VALUES(16, 103, NULL, 'A pinch', 0);

INSERT INTO recipe_ingredient(recipe_id, ingredient_id, quantity, recipe_ingredient_description, main) VALUES(17, 315, 1, NULL, 1);
INSERT INTO recipe_ingredient(recipe_id, ingredient_id, quantity, recipe_ingredient_description, main) VALUES(17, 206, NULL, 'A teaspoon of', 0);
INSERT INTO recipe_ingredient(recipe_id, ingredient_id, quantity, recipe_ingredient_description, main) VALUES(17, 279, NULL, 'A teaspoon of', 0);
INSERT INTO recipe_ingredient(recipe_id, ingredient_id, quantity, recipe_ingredient_description, main) VALUES(17, 219, NULL, 'Few', 0);
INSERT INTO recipe_ingredient(recipe_id, ingredient_id, quantity, recipe_ingredient_description, main) VALUES(17, 304, NULL, 'A tablespoon of', 0);
INSERT INTO recipe_ingredient(recipe_id, ingredient_id, quantity, recipe_ingredient_description, main) VALUES(17, 165, 110, 'ml', 0);
INSERT INTO recipe_ingredient(recipe_id, ingredient_id, quantity, recipe_ingredient_description, main) VALUES(17, 178, 250, 'ml', 0);
INSERT INTO recipe_ingredient(recipe_id, ingredient_id, quantity, recipe_ingredient_description, main) VALUES(17, 93, 230, 'ml', 0);
INSERT INTO recipe_ingredient(recipe_id, ingredient_id, quantity, recipe_ingredient_description, main) VALUES(17, 268, 310, 'gr', 0);
INSERT INTO recipe_ingredient(recipe_id, ingredient_id, quantity, recipe_ingredient_description, main) VALUES(17, 212, NULL, 'A little', 0);

INSERT INTO recipe_ingredient(recipe_id, ingredient_id, quantity, recipe_ingredient_description, main) VALUES(18, 170, 1, NULL, 1);
INSERT INTO recipe_ingredient(recipe_id, ingredient_id, quantity, recipe_ingredient_description, main) VALUES(18, 53, NULL, 'A tablespoon of', 0);
INSERT INTO recipe_ingredient(recipe_id, ingredient_id, quantity, recipe_ingredient_description, main) VALUES(18, 316, NULL, 'A cup', 0);
INSERT INTO recipe_ingredient(recipe_id, ingredient_id, quantity, recipe_ingredient_description, main) VALUES(18, 85, 290, 'gr', 0);
INSERT INTO recipe_ingredient(recipe_id, ingredient_id, quantity, recipe_ingredient_description, main) VALUES(18, 47, NULL, 'A teaspoon of', 0);
INSERT INTO recipe_ingredient(recipe_id, ingredient_id, quantity, recipe_ingredient_description, main) VALUES(18, 262, 5, NULL, 0);
INSERT INTO recipe_ingredient(recipe_id, ingredient_id, quantity, recipe_ingredient_description, main) VALUES(18, 355, 8, NULL, 0);
INSERT INTO recipe_ingredient(recipe_id, ingredient_id, quantity, recipe_ingredient_description, main) VALUES(18, 255, NULL, 'A tablespoon of', 0);
INSERT INTO recipe_ingredient(recipe_id, ingredient_id, quantity, recipe_ingredient_description, main) VALUES(18, 348, NULL, 'A tablespoon of', 0);
INSERT INTO recipe_ingredient(recipe_id, ingredient_id, quantity, recipe_ingredient_description, main) VALUES(18, 300, 390, 'gr', 0);
INSERT INTO recipe_ingredient(recipe_id, ingredient_id, quantity, recipe_ingredient_description, main) VALUES(18, 230, NULL, 'A little', 0);
INSERT INTO recipe_ingredient(recipe_id, ingredient_id, quantity, recipe_ingredient_description, main) VALUES(18, 165, NULL, 'A cup', 0);

INSERT INTO recipe_ingredient(recipe_id, ingredient_id, quantity, recipe_ingredient_description, main) VALUES(19, 109, 1, NULL, 1);
INSERT INTO recipe_ingredient(recipe_id, ingredient_id, quantity, recipe_ingredient_description, main) VALUES(19, 22, 3, NULL, 0);
INSERT INTO recipe_ingredient(recipe_id, ingredient_id, quantity, recipe_ingredient_description, main) VALUES(19, 355, NULL, 'A teaspoon of', 0);
INSERT INTO recipe_ingredient(recipe_id, ingredient_id, quantity, recipe_ingredient_description, main) VALUES(19, 186, 510, 'ml', 0);
INSERT INTO recipe_ingredient(recipe_id, ingredient_id, quantity, recipe_ingredient_description, main) VALUES(19, 364, NULL, 'Few', 0);
INSERT INTO recipe_ingredient(recipe_id, ingredient_id, quantity, recipe_ingredient_description, main) VALUES(19, 149, NULL, 'A little', 0);
INSERT INTO recipe_ingredient(recipe_id, ingredient_id, quantity, recipe_ingredient_description, main) VALUES(19, 134, NULL, 'A tablespoon of', 0);
INSERT INTO recipe_ingredient(recipe_id, ingredient_id, quantity, recipe_ingredient_description, main) VALUES(19, 43, 290, 'ml', 0);
INSERT INTO recipe_ingredient(recipe_id, ingredient_id, quantity, recipe_ingredient_description, main) VALUES(19, 93, NULL, 'A little', 0);
INSERT INTO recipe_ingredient(recipe_id, ingredient_id, quantity, recipe_ingredient_description, main) VALUES(19, 307, NULL, 'A pinch', 0);

INSERT INTO recipe_ingredient(recipe_id, ingredient_id, quantity, recipe_ingredient_description, main) VALUES(20, 129, 1, NULL, 1);
INSERT INTO recipe_ingredient(recipe_id, ingredient_id, quantity, recipe_ingredient_description, main) VALUES(20, 120, NULL, 'A tablespoon of', 0);
INSERT INTO recipe_ingredient(recipe_id, ingredient_id, quantity, recipe_ingredient_description, main) VALUES(20, 22, NULL, 'A little', 0);
INSERT INTO recipe_ingredient(recipe_id, ingredient_id, quantity, recipe_ingredient_description, main) VALUES(20, 226, NULL, 'A pinch', 0);
INSERT INTO recipe_ingredient(recipe_id, ingredient_id, quantity, recipe_ingredient_description, main) VALUES(20, 128, NULL, 'A tablespoon of', 0);
INSERT INTO recipe_ingredient(recipe_id, ingredient_id, quantity, recipe_ingredient_description, main) VALUES(20, 91, NULL, 'A pinch', 0);
INSERT INTO recipe_ingredient(recipe_id, ingredient_id, quantity, recipe_ingredient_description, main) VALUES(20, 116, NULL, 'A cup', 0);
INSERT INTO recipe_ingredient(recipe_id, ingredient_id, quantity, recipe_ingredient_description, main) VALUES(20, 88, NULL, 'A pinch', 0);
INSERT INTO recipe_ingredient(recipe_id, ingredient_id, quantity, recipe_ingredient_description, main) VALUES(20, 122, NULL, 'A pinch', 0);
INSERT INTO recipe_ingredient(recipe_id, ingredient_id, quantity, recipe_ingredient_description, main) VALUES(20, 18, NULL, 'A tablespoon of', 0);
INSERT INTO recipe_ingredient(recipe_id, ingredient_id, quantity, recipe_ingredient_description, main) VALUES(20, 307, NULL, 'Few', 0);
INSERT INTO recipe_ingredient(recipe_id, ingredient_id, quantity, recipe_ingredient_description, main) VALUES(20, 239, 4, NULL, 0);
INSERT INTO recipe_ingredient(recipe_id, ingredient_id, quantity, recipe_ingredient_description, main) VALUES(20, 218, NULL, 'A cup', 0);

INSERT INTO recipe_ingredient(recipe_id, ingredient_id, quantity, recipe_ingredient_description, main) VALUES(21, 46, 1, NULL, 1);
INSERT INTO recipe_ingredient(recipe_id, ingredient_id, quantity, recipe_ingredient_description, main) VALUES(21, 336, NULL, 'A teaspoon of', 0);
INSERT INTO recipe_ingredient(recipe_id, ingredient_id, quantity, recipe_ingredient_description, main) VALUES(21, 362, 390, 'gr', 0);
INSERT INTO recipe_ingredient(recipe_id, ingredient_id, quantity, recipe_ingredient_description, main) VALUES(21, 115, NULL, 'A little', 0);
INSERT INTO recipe_ingredient(recipe_id, ingredient_id, quantity, recipe_ingredient_description, main) VALUES(21, 354, 110, 'ml', 0);
INSERT INTO recipe_ingredient(recipe_id, ingredient_id, quantity, recipe_ingredient_description, main) VALUES(21, 198, NULL, 'A pinch', 0);
INSERT INTO recipe_ingredient(recipe_id, ingredient_id, quantity, recipe_ingredient_description, main) VALUES(21, 12, NULL, 'A tablespoon of', 0);
INSERT INTO recipe_ingredient(recipe_id, ingredient_id, quantity, recipe_ingredient_description, main) VALUES(21, 107, NULL, 'A pinch', 0);
INSERT INTO recipe_ingredient(recipe_id, ingredient_id, quantity, recipe_ingredient_description, main) VALUES(21, 275, 210, 'gr', 0);
INSERT INTO recipe_ingredient(recipe_id, ingredient_id, quantity, recipe_ingredient_description, main) VALUES(21, 122, 550, 'ml', 0);
INSERT INTO recipe_ingredient(recipe_id, ingredient_id, quantity, recipe_ingredient_description, main) VALUES(21, 141, 270, 'gr', 0);
INSERT INTO recipe_ingredient(recipe_id, ingredient_id, quantity, recipe_ingredient_description, main) VALUES(21, 307, NULL, 'A cup', 0);

INSERT INTO recipe_ingredient(recipe_id, ingredient_id, quantity, recipe_ingredient_description, main) VALUES(22, 140, 1, NULL, 1);
INSERT INTO recipe_ingredient(recipe_id, ingredient_id, quantity, recipe_ingredient_description, main) VALUES(22, 181, NULL, 'Few', 0);
INSERT INTO recipe_ingredient(recipe_id, ingredient_id, quantity, recipe_ingredient_description, main) VALUES(22, 247, NULL, 'A teaspoon of', 0);
INSERT INTO recipe_ingredient(recipe_id, ingredient_id, quantity, recipe_ingredient_description, main) VALUES(22, 226, NULL, 'Few', 0);
INSERT INTO recipe_ingredient(recipe_id, ingredient_id, quantity, recipe_ingredient_description, main) VALUES(22, 96, 8, NULL, 0);
INSERT INTO recipe_ingredient(recipe_id, ingredient_id, quantity, recipe_ingredient_description, main) VALUES(22, 248, NULL, 'A cup', 0);
INSERT INTO recipe_ingredient(recipe_id, ingredient_id, quantity, recipe_ingredient_description, main) VALUES(22, 279, 510, 'ml', 0);
INSERT INTO recipe_ingredient(recipe_id, ingredient_id, quantity, recipe_ingredient_description, main) VALUES(22, 119, 7, NULL, 0);
INSERT INTO recipe_ingredient(recipe_id, ingredient_id, quantity, recipe_ingredient_description, main) VALUES(22, 263, NULL, 'A teaspoon of', 0);

INSERT INTO recipe_ingredient(recipe_id, ingredient_id, quantity, recipe_ingredient_description, main) VALUES(23, 280, 1, NULL, 1);
INSERT INTO recipe_ingredient(recipe_id, ingredient_id, quantity, recipe_ingredient_description, main) VALUES(23, 314, NULL, 'Few', 0);
INSERT INTO recipe_ingredient(recipe_id, ingredient_id, quantity, recipe_ingredient_description, main) VALUES(23, 236, NULL, 'A cup', 0);
INSERT INTO recipe_ingredient(recipe_id, ingredient_id, quantity, recipe_ingredient_description, main) VALUES(23, 101, NULL, 'A pinch', 0);
INSERT INTO recipe_ingredient(recipe_id, ingredient_id, quantity, recipe_ingredient_description, main) VALUES(23, 260, NULL, 'A pinch', 0);
INSERT INTO recipe_ingredient(recipe_id, ingredient_id, quantity, recipe_ingredient_description, main) VALUES(23, 112, 330, 'ml', 0);
INSERT INTO recipe_ingredient(recipe_id, ingredient_id, quantity, recipe_ingredient_description, main) VALUES(23, 293, 490, 'gr', 0);
INSERT INTO recipe_ingredient(recipe_id, ingredient_id, quantity, recipe_ingredient_description, main) VALUES(23, 192, NULL, 'A little', 0);

INSERT INTO recipe_ingredient(recipe_id, ingredient_id, quantity, recipe_ingredient_description, main) VALUES(24, 155, 1, NULL, 1);
INSERT INTO recipe_ingredient(recipe_id, ingredient_id, quantity, recipe_ingredient_description, main) VALUES(24, 353, NULL, 'A little', 0);
INSERT INTO recipe_ingredient(recipe_id, ingredient_id, quantity, recipe_ingredient_description, main) VALUES(24, 196, NULL, 'A tablespoon of', 0);
INSERT INTO recipe_ingredient(recipe_id, ingredient_id, quantity, recipe_ingredient_description, main) VALUES(24, 355, NULL, 'A cup', 0);
INSERT INTO recipe_ingredient(recipe_id, ingredient_id, quantity, recipe_ingredient_description, main) VALUES(24, 250, NULL, 'A pinch', 0);
INSERT INTO recipe_ingredient(recipe_id, ingredient_id, quantity, recipe_ingredient_description, main) VALUES(24, 226, NULL, 'Few', 0);
INSERT INTO recipe_ingredient(recipe_id, ingredient_id, quantity, recipe_ingredient_description, main) VALUES(24, 259, 530, 'gr', 0);
INSERT INTO recipe_ingredient(recipe_id, ingredient_id, quantity, recipe_ingredient_description, main) VALUES(24, 129, NULL, 'A little', 0);
INSERT INTO recipe_ingredient(recipe_id, ingredient_id, quantity, recipe_ingredient_description, main) VALUES(24, 189, NULL, 'A teaspoon of', 0);
INSERT INTO recipe_ingredient(recipe_id, ingredient_id, quantity, recipe_ingredient_description, main) VALUES(24, 363, NULL, 'A pinch', 0);
INSERT INTO recipe_ingredient(recipe_id, ingredient_id, quantity, recipe_ingredient_description, main) VALUES(24, 347, 8, NULL, 0);
INSERT INTO recipe_ingredient(recipe_id, ingredient_id, quantity, recipe_ingredient_description, main) VALUES(24, 283, NULL, 'A little', 0);
INSERT INTO recipe_ingredient(recipe_id, ingredient_id, quantity, recipe_ingredient_description, main) VALUES(24, 354, NULL, 'A pinch', 0);

INSERT INTO recipe_ingredient(recipe_id, ingredient_id, quantity, recipe_ingredient_description, main) VALUES(25, 124, 1, NULL, 1);
INSERT INTO recipe_ingredient(recipe_id, ingredient_id, quantity, recipe_ingredient_description, main) VALUES(25, 240, NULL, 'Few', 0);
INSERT INTO recipe_ingredient(recipe_id, ingredient_id, quantity, recipe_ingredient_description, main) VALUES(25, 193, NULL, 'A pinch', 0);
INSERT INTO recipe_ingredient(recipe_id, ingredient_id, quantity, recipe_ingredient_description, main) VALUES(25, 132, NULL, 'A pinch', 0);
INSERT INTO recipe_ingredient(recipe_id, ingredient_id, quantity, recipe_ingredient_description, main) VALUES(25, 105, NULL, 'A cup', 0);
INSERT INTO recipe_ingredient(recipe_id, ingredient_id, quantity, recipe_ingredient_description, main) VALUES(25, 141, NULL, 'A cup', 0);
INSERT INTO recipe_ingredient(recipe_id, ingredient_id, quantity, recipe_ingredient_description, main) VALUES(25, 364, NULL, 'A tablespoon of', 0);
INSERT INTO recipe_ingredient(recipe_id, ingredient_id, quantity, recipe_ingredient_description, main) VALUES(25, 278, NULL, 'A little', 0);
INSERT INTO recipe_ingredient(recipe_id, ingredient_id, quantity, recipe_ingredient_description, main) VALUES(25, 4, NULL, 'A pinch', 0);
INSERT INTO recipe_ingredient(recipe_id, ingredient_id, quantity, recipe_ingredient_description, main) VALUES(25, 134, 2, NULL, 0);
INSERT INTO recipe_ingredient(recipe_id, ingredient_id, quantity, recipe_ingredient_description, main) VALUES(25, 73, NULL, 'A little', 0);
INSERT INTO recipe_ingredient(recipe_id, ingredient_id, quantity, recipe_ingredient_description, main) VALUES(25, 303, NULL, 'A tablespoon of', 0);

INSERT INTO recipe_ingredient(recipe_id, ingredient_id, quantity, recipe_ingredient_description, main) VALUES(26, 133, 1, NULL, 1);
INSERT INTO recipe_ingredient(recipe_id, ingredient_id, quantity, recipe_ingredient_description, main) VALUES(26, 113, 150, 'ml', 0);
INSERT INTO recipe_ingredient(recipe_id, ingredient_id, quantity, recipe_ingredient_description, main) VALUES(26, 194, NULL, 'A cup', 0);
INSERT INTO recipe_ingredient(recipe_id, ingredient_id, quantity, recipe_ingredient_description, main) VALUES(26, 300, NULL, 'A pinch', 0);
INSERT INTO recipe_ingredient(recipe_id, ingredient_id, quantity, recipe_ingredient_description, main) VALUES(26, 207, 6, NULL, 0);
INSERT INTO recipe_ingredient(recipe_id, ingredient_id, quantity, recipe_ingredient_description, main) VALUES(26, 38, 590, 'ml', 0);
INSERT INTO recipe_ingredient(recipe_id, ingredient_id, quantity, recipe_ingredient_description, main) VALUES(26, 228, NULL, 'A tablespoon of', 0);
INSERT INTO recipe_ingredient(recipe_id, ingredient_id, quantity, recipe_ingredient_description, main) VALUES(26, 139, NULL, 'A little', 0);
INSERT INTO recipe_ingredient(recipe_id, ingredient_id, quantity, recipe_ingredient_description, main) VALUES(26, 178, NULL, 'A tablespoon of', 0);
INSERT INTO recipe_ingredient(recipe_id, ingredient_id, quantity, recipe_ingredient_description, main) VALUES(26, 156, NULL, 'A cup', 0);
INSERT INTO recipe_ingredient(recipe_id, ingredient_id, quantity, recipe_ingredient_description, main) VALUES(26, 119, NULL, 'A little', 0);

INSERT INTO recipe_ingredient(recipe_id, ingredient_id, quantity, recipe_ingredient_description, main) VALUES(27, 349, 1, NULL, 1);
INSERT INTO recipe_ingredient(recipe_id, ingredient_id, quantity, recipe_ingredient_description, main) VALUES(27, 205, NULL, 'A little', 0);
INSERT INTO recipe_ingredient(recipe_id, ingredient_id, quantity, recipe_ingredient_description, main) VALUES(27, 287, NULL, 'Few', 0);
INSERT INTO recipe_ingredient(recipe_id, ingredient_id, quantity, recipe_ingredient_description, main) VALUES(27, 282, NULL, 'Few', 0);
INSERT INTO recipe_ingredient(recipe_id, ingredient_id, quantity, recipe_ingredient_description, main) VALUES(27, 118, NULL, 'A pinch', 0);
INSERT INTO recipe_ingredient(recipe_id, ingredient_id, quantity, recipe_ingredient_description, main) VALUES(27, 152, NULL, 'A teaspoon of', 0);
INSERT INTO recipe_ingredient(recipe_id, ingredient_id, quantity, recipe_ingredient_description, main) VALUES(27, 144, NULL, 'A cup', 0);
INSERT INTO recipe_ingredient(recipe_id, ingredient_id, quantity, recipe_ingredient_description, main) VALUES(27, 344, 2, NULL, 0);
INSERT INTO recipe_ingredient(recipe_id, ingredient_id, quantity, recipe_ingredient_description, main) VALUES(27, 232, 230, 'gr', 0);
INSERT INTO recipe_ingredient(recipe_id, ingredient_id, quantity, recipe_ingredient_description, main) VALUES(27, 133, 4, NULL, 0);
INSERT INTO recipe_ingredient(recipe_id, ingredient_id, quantity, recipe_ingredient_description, main) VALUES(27, 51, NULL, 'A teaspoon of', 0);
INSERT INTO recipe_ingredient(recipe_id, ingredient_id, quantity, recipe_ingredient_description, main) VALUES(27, 75, 290, 'gr', 0);

INSERT INTO recipe_ingredient(recipe_id, ingredient_id, quantity, recipe_ingredient_description, main) VALUES(28, 8, 1, NULL, 1);
INSERT INTO recipe_ingredient(recipe_id, ingredient_id, quantity, recipe_ingredient_description, main) VALUES(28, 251, 230, 'ml', 0);
INSERT INTO recipe_ingredient(recipe_id, ingredient_id, quantity, recipe_ingredient_description, main) VALUES(28, 193, NULL, 'A tablespoon of', 0);
INSERT INTO recipe_ingredient(recipe_id, ingredient_id, quantity, recipe_ingredient_description, main) VALUES(28, 74, NULL, 'Few', 0);
INSERT INTO recipe_ingredient(recipe_id, ingredient_id, quantity, recipe_ingredient_description, main) VALUES(28, 144, 2, NULL, 0);
INSERT INTO recipe_ingredient(recipe_id, ingredient_id, quantity, recipe_ingredient_description, main) VALUES(28, 295, NULL, 'Few', 0);
INSERT INTO recipe_ingredient(recipe_id, ingredient_id, quantity, recipe_ingredient_description, main) VALUES(28, 257, NULL, 'A little', 0);
INSERT INTO recipe_ingredient(recipe_id, ingredient_id, quantity, recipe_ingredient_description, main) VALUES(28, 89, NULL, 'A teaspoon of', 0);
INSERT INTO recipe_ingredient(recipe_id, ingredient_id, quantity, recipe_ingredient_description, main) VALUES(28, 342, NULL, 'A teaspoon of', 0);
INSERT INTO recipe_ingredient(recipe_id, ingredient_id, quantity, recipe_ingredient_description, main) VALUES(28, 142, NULL, 'A cup', 0);
INSERT INTO recipe_ingredient(recipe_id, ingredient_id, quantity, recipe_ingredient_description, main) VALUES(28, 346, NULL, 'A teaspoon of', 0);
INSERT INTO recipe_ingredient(recipe_id, ingredient_id, quantity, recipe_ingredient_description, main) VALUES(28, 323, 6, NULL, 0);

INSERT INTO recipe_ingredient(recipe_id, ingredient_id, quantity, recipe_ingredient_description, main) VALUES(29, 194, 1, NULL, 1);
INSERT INTO recipe_ingredient(recipe_id, ingredient_id, quantity, recipe_ingredient_description, main) VALUES(29, 154, NULL, 'Few', 0);
INSERT INTO recipe_ingredient(recipe_id, ingredient_id, quantity, recipe_ingredient_description, main) VALUES(29, 53, NULL, 'Few', 0);
INSERT INTO recipe_ingredient(recipe_id, ingredient_id, quantity, recipe_ingredient_description, main) VALUES(29, 172, NULL, 'A tablespoon of', 0);
INSERT INTO recipe_ingredient(recipe_id, ingredient_id, quantity, recipe_ingredient_description, main) VALUES(29, 8, 370, 'gr', 0);
INSERT INTO recipe_ingredient(recipe_id, ingredient_id, quantity, recipe_ingredient_description, main) VALUES(29, 335, NULL, 'A tablespoon of', 0);
INSERT INTO recipe_ingredient(recipe_id, ingredient_id, quantity, recipe_ingredient_description, main) VALUES(29, 151, NULL, 'A cup', 0);
INSERT INTO recipe_ingredient(recipe_id, ingredient_id, quantity, recipe_ingredient_description, main) VALUES(29, 326, NULL, 'Few', 0);
INSERT INTO recipe_ingredient(recipe_id, ingredient_id, quantity, recipe_ingredient_description, main) VALUES(29, 114, 110, 'ml', 0);
INSERT INTO recipe_ingredient(recipe_id, ingredient_id, quantity, recipe_ingredient_description, main) VALUES(29, 360, NULL, 'A cup', 0);
INSERT INTO recipe_ingredient(recipe_id, ingredient_id, quantity, recipe_ingredient_description, main) VALUES(29, 18, 70, 'gr', 0);

INSERT INTO recipe_ingredient(recipe_id, ingredient_id, quantity, recipe_ingredient_description, main) VALUES(30, 95, 1, NULL, 1);
INSERT INTO recipe_ingredient(recipe_id, ingredient_id, quantity, recipe_ingredient_description, main) VALUES(30, 303, NULL, 'A teaspoon of', 0);
INSERT INTO recipe_ingredient(recipe_id, ingredient_id, quantity, recipe_ingredient_description, main) VALUES(30, 334, NULL, 'A little', 0);
INSERT INTO recipe_ingredient(recipe_id, ingredient_id, quantity, recipe_ingredient_description, main) VALUES(30, 346, NULL, 'Few', 0);
INSERT INTO recipe_ingredient(recipe_id, ingredient_id, quantity, recipe_ingredient_description, main) VALUES(30, 143, NULL, 'A pinch', 0);
INSERT INTO recipe_ingredient(recipe_id, ingredient_id, quantity, recipe_ingredient_description, main) VALUES(30, 148, NULL, 'A teaspoon of', 0);
INSERT INTO recipe_ingredient(recipe_id, ingredient_id, quantity, recipe_ingredient_description, main) VALUES(30, 350, NULL, 'A little', 0);
INSERT INTO recipe_ingredient(recipe_id, ingredient_id, quantity, recipe_ingredient_description, main) VALUES(30, 206, NULL, 'A little', 0);
INSERT INTO recipe_ingredient(recipe_id, ingredient_id, quantity, recipe_ingredient_description, main) VALUES(30, 343, NULL, 'A tablespoon of', 0);
INSERT INTO recipe_ingredient(recipe_id, ingredient_id, quantity, recipe_ingredient_description, main) VALUES(30, 240, NULL, 'A teaspoon of', 0);
INSERT INTO recipe_ingredient(recipe_id, ingredient_id, quantity, recipe_ingredient_description, main) VALUES(30, 203, NULL, 'A pinch', 0);
INSERT INTO recipe_ingredient(recipe_id, ingredient_id, quantity, recipe_ingredient_description, main) VALUES(30, 290, 270, 'ml', 0);

INSERT INTO recipe_ingredient(recipe_id, ingredient_id, quantity, recipe_ingredient_description, main) VALUES(31, 320, 1, NULL, 1);
INSERT INTO recipe_ingredient(recipe_id, ingredient_id, quantity, recipe_ingredient_description, main) VALUES(31, 125, NULL, 'A teaspoon of', 0);
INSERT INTO recipe_ingredient(recipe_id, ingredient_id, quantity, recipe_ingredient_description, main) VALUES(31, 345, NULL, 'A pinch', 0);
INSERT INTO recipe_ingredient(recipe_id, ingredient_id, quantity, recipe_ingredient_description, main) VALUES(31, 61, 310, 'gr', 0);
INSERT INTO recipe_ingredient(recipe_id, ingredient_id, quantity, recipe_ingredient_description, main) VALUES(31, 61, 470, 'gr', 0);
INSERT INTO recipe_ingredient(recipe_id, ingredient_id, quantity, recipe_ingredient_description, main) VALUES(31, 111, NULL, 'A little', 0);
INSERT INTO recipe_ingredient(recipe_id, ingredient_id, quantity, recipe_ingredient_description, main) VALUES(31, 157, NULL, 'A tablespoon of', 0);
INSERT INTO recipe_ingredient(recipe_id, ingredient_id, quantity, recipe_ingredient_description, main) VALUES(31, 151, NULL, 'A pinch', 0);
INSERT INTO recipe_ingredient(recipe_id, ingredient_id, quantity, recipe_ingredient_description, main) VALUES(31, 13, 430, 'gr', 0);
INSERT INTO recipe_ingredient(recipe_id, ingredient_id, quantity, recipe_ingredient_description, main) VALUES(31, 91, 170, 'ml', 0);

INSERT INTO recipe_ingredient(recipe_id, ingredient_id, quantity, recipe_ingredient_description, main) VALUES(32, 312, 1, NULL, 1);
INSERT INTO recipe_ingredient(recipe_id, ingredient_id, quantity, recipe_ingredient_description, main) VALUES(32, 102, NULL, 'A teaspoon of', 0);
INSERT INTO recipe_ingredient(recipe_id, ingredient_id, quantity, recipe_ingredient_description, main) VALUES(32, 34, NULL, 'A tablespoon of', 0);
INSERT INTO recipe_ingredient(recipe_id, ingredient_id, quantity, recipe_ingredient_description, main) VALUES(32, 268, NULL, 'A pinch', 0);
INSERT INTO recipe_ingredient(recipe_id, ingredient_id, quantity, recipe_ingredient_description, main) VALUES(32, 6, NULL, 'A teaspoon of', 0);
INSERT INTO recipe_ingredient(recipe_id, ingredient_id, quantity, recipe_ingredient_description, main) VALUES(32, 157, NULL, 'A cup', 0);
INSERT INTO recipe_ingredient(recipe_id, ingredient_id, quantity, recipe_ingredient_description, main) VALUES(32, 33, NULL, 'A little', 0);
INSERT INTO recipe_ingredient(recipe_id, ingredient_id, quantity, recipe_ingredient_description, main) VALUES(32, 172, NULL, 'A teaspoon of', 0);
INSERT INTO recipe_ingredient(recipe_id, ingredient_id, quantity, recipe_ingredient_description, main) VALUES(32, 173, NULL, 'A pinch', 0);
INSERT INTO recipe_ingredient(recipe_id, ingredient_id, quantity, recipe_ingredient_description, main) VALUES(32, 124, NULL, 'Few', 0);
INSERT INTO recipe_ingredient(recipe_id, ingredient_id, quantity, recipe_ingredient_description, main) VALUES(32, 229, NULL, 'A cup', 0);

INSERT INTO recipe_ingredient(recipe_id, ingredient_id, quantity, recipe_ingredient_description, main) VALUES(33, 299, 1, NULL, 1);
INSERT INTO recipe_ingredient(recipe_id, ingredient_id, quantity, recipe_ingredient_description, main) VALUES(33, 305, NULL, 'A cup', 0);
INSERT INTO recipe_ingredient(recipe_id, ingredient_id, quantity, recipe_ingredient_description, main) VALUES(33, 191, NULL, 'A teaspoon of', 0);
INSERT INTO recipe_ingredient(recipe_id, ingredient_id, quantity, recipe_ingredient_description, main) VALUES(33, 86, NULL, 'A cup', 0);
INSERT INTO recipe_ingredient(recipe_id, ingredient_id, quantity, recipe_ingredient_description, main) VALUES(33, 174, NULL, 'A little', 0);
INSERT INTO recipe_ingredient(recipe_id, ingredient_id, quantity, recipe_ingredient_description, main) VALUES(33, 147, NULL, 'A teaspoon of', 0);
INSERT INTO recipe_ingredient(recipe_id, ingredient_id, quantity, recipe_ingredient_description, main) VALUES(33, 25, NULL, 'A tablespoon of', 0);
INSERT INTO recipe_ingredient(recipe_id, ingredient_id, quantity, recipe_ingredient_description, main) VALUES(33, 47, NULL, 'A tablespoon of', 0);
INSERT INTO recipe_ingredient(recipe_id, ingredient_id, quantity, recipe_ingredient_description, main) VALUES(33, 233, 2, NULL, 0);
INSERT INTO recipe_ingredient(recipe_id, ingredient_id, quantity, recipe_ingredient_description, main) VALUES(33, 308, 170, 'ml', 0);
INSERT INTO recipe_ingredient(recipe_id, ingredient_id, quantity, recipe_ingredient_description, main) VALUES(33, 227, 290, 'ml', 0);
INSERT INTO recipe_ingredient(recipe_id, ingredient_id, quantity, recipe_ingredient_description, main) VALUES(33, 79, NULL, 'A little', 0);
INSERT INTO recipe_ingredient(recipe_id, ingredient_id, quantity, recipe_ingredient_description, main) VALUES(33, 90, 2, NULL, 0);

INSERT INTO recipe_ingredient(recipe_id, ingredient_id, quantity, recipe_ingredient_description, main) VALUES(34, 106, 1, NULL, 1);
INSERT INTO recipe_ingredient(recipe_id, ingredient_id, quantity, recipe_ingredient_description, main) VALUES(34, 285, NULL, 'A tablespoon of', 0);
INSERT INTO recipe_ingredient(recipe_id, ingredient_id, quantity, recipe_ingredient_description, main) VALUES(34, 128, NULL, 'A teaspoon of', 0);
INSERT INTO recipe_ingredient(recipe_id, ingredient_id, quantity, recipe_ingredient_description, main) VALUES(34, 365, 6, NULL, 0);
INSERT INTO recipe_ingredient(recipe_id, ingredient_id, quantity, recipe_ingredient_description, main) VALUES(34, 26, 430, 'gr', 0);
INSERT INTO recipe_ingredient(recipe_id, ingredient_id, quantity, recipe_ingredient_description, main) VALUES(34, 360, 290, 'gr', 0);
INSERT INTO recipe_ingredient(recipe_id, ingredient_id, quantity, recipe_ingredient_description, main) VALUES(34, 92, NULL, 'A cup', 0);

INSERT INTO recipe_ingredient(recipe_id, ingredient_id, quantity, recipe_ingredient_description, main) VALUES(35, 102, 1, NULL, 1);
INSERT INTO recipe_ingredient(recipe_id, ingredient_id, quantity, recipe_ingredient_description, main) VALUES(35, 76, NULL, 'A tablespoon of', 0);
INSERT INTO recipe_ingredient(recipe_id, ingredient_id, quantity, recipe_ingredient_description, main) VALUES(35, 245, NULL, 'A pinch', 0);
INSERT INTO recipe_ingredient(recipe_id, ingredient_id, quantity, recipe_ingredient_description, main) VALUES(35, 36, NULL, 'A cup', 0);
INSERT INTO recipe_ingredient(recipe_id, ingredient_id, quantity, recipe_ingredient_description, main) VALUES(35, 283, 270, 'gr', 0);
INSERT INTO recipe_ingredient(recipe_id, ingredient_id, quantity, recipe_ingredient_description, main) VALUES(35, 310, NULL, 'Few', 0);
INSERT INTO recipe_ingredient(recipe_id, ingredient_id, quantity, recipe_ingredient_description, main) VALUES(35, 338, NULL, 'A pinch', 0);

INSERT INTO recipe_ingredient(recipe_id, ingredient_id, quantity, recipe_ingredient_description, main) VALUES(36, 244, 1, NULL, 1);
INSERT INTO recipe_ingredient(recipe_id, ingredient_id, quantity, recipe_ingredient_description, main) VALUES(36, 364, NULL, 'A cup', 0);
INSERT INTO recipe_ingredient(recipe_id, ingredient_id, quantity, recipe_ingredient_description, main) VALUES(36, 224, NULL, 'Few', 0);
INSERT INTO recipe_ingredient(recipe_id, ingredient_id, quantity, recipe_ingredient_description, main) VALUES(36, 264, 230, 'gr', 0);
INSERT INTO recipe_ingredient(recipe_id, ingredient_id, quantity, recipe_ingredient_description, main) VALUES(36, 173, NULL, 'A little', 0);
INSERT INTO recipe_ingredient(recipe_id, ingredient_id, quantity, recipe_ingredient_description, main) VALUES(36, 47, NULL, 'A teaspoon of', 0);
INSERT INTO recipe_ingredient(recipe_id, ingredient_id, quantity, recipe_ingredient_description, main) VALUES(36, 86, NULL, 'A pinch', 0);
INSERT INTO recipe_ingredient(recipe_id, ingredient_id, quantity, recipe_ingredient_description, main) VALUES(36, 249, NULL, 'Few', 0);

INSERT INTO recipe_ingredient(recipe_id, ingredient_id, quantity, recipe_ingredient_description, main) VALUES(37, 196, 1, NULL, 1);
INSERT INTO recipe_ingredient(recipe_id, ingredient_id, quantity, recipe_ingredient_description, main) VALUES(37, 152, NULL, 'A cup', 0);
INSERT INTO recipe_ingredient(recipe_id, ingredient_id, quantity, recipe_ingredient_description, main) VALUES(37, 298, 50, 'ml', 0);
INSERT INTO recipe_ingredient(recipe_id, ingredient_id, quantity, recipe_ingredient_description, main) VALUES(37, 153, 4, NULL, 0);
INSERT INTO recipe_ingredient(recipe_id, ingredient_id, quantity, recipe_ingredient_description, main) VALUES(37, 37, 5, NULL, 0);
INSERT INTO recipe_ingredient(recipe_id, ingredient_id, quantity, recipe_ingredient_description, main) VALUES(37, 283, NULL, 'A teaspoon of', 0);
INSERT INTO recipe_ingredient(recipe_id, ingredient_id, quantity, recipe_ingredient_description, main) VALUES(37, 68, NULL, 'A cup', 0);
INSERT INTO recipe_ingredient(recipe_id, ingredient_id, quantity, recipe_ingredient_description, main) VALUES(37, 85, 470, 'ml', 0);
INSERT INTO recipe_ingredient(recipe_id, ingredient_id, quantity, recipe_ingredient_description, main) VALUES(37, 230, NULL, 'A pinch', 0);
INSERT INTO recipe_ingredient(recipe_id, ingredient_id, quantity, recipe_ingredient_description, main) VALUES(37, 333, NULL, 'A tablespoon of', 0);
INSERT INTO recipe_ingredient(recipe_id, ingredient_id, quantity, recipe_ingredient_description, main) VALUES(37, 343, NULL, 'Few', 0);
INSERT INTO recipe_ingredient(recipe_id, ingredient_id, quantity, recipe_ingredient_description, main) VALUES(37, 311, NULL, 'A little', 0);
INSERT INTO recipe_ingredient(recipe_id, ingredient_id, quantity, recipe_ingredient_description, main) VALUES(37, 284, NULL, 'A teaspoon of', 0);
INSERT INTO recipe_ingredient(recipe_id, ingredient_id, quantity, recipe_ingredient_description, main) VALUES(37, 104, NULL, 'A little', 0);

INSERT INTO recipe_ingredient(recipe_id, ingredient_id, quantity, recipe_ingredient_description, main) VALUES(38, 351, 1, NULL, 1);
INSERT INTO recipe_ingredient(recipe_id, ingredient_id, quantity, recipe_ingredient_description, main) VALUES(38, 46, 7, NULL, 0);
INSERT INTO recipe_ingredient(recipe_id, ingredient_id, quantity, recipe_ingredient_description, main) VALUES(38, 50, 490, 'gr', 0);
INSERT INTO recipe_ingredient(recipe_id, ingredient_id, quantity, recipe_ingredient_description, main) VALUES(38, 362, NULL, 'A teaspoon of', 0);
INSERT INTO recipe_ingredient(recipe_id, ingredient_id, quantity, recipe_ingredient_description, main) VALUES(38, 104, NULL, 'A cup', 0);
INSERT INTO recipe_ingredient(recipe_id, ingredient_id, quantity, recipe_ingredient_description, main) VALUES(38, 19, NULL, 'A little', 0);
INSERT INTO recipe_ingredient(recipe_id, ingredient_id, quantity, recipe_ingredient_description, main) VALUES(38, 336, NULL, 'A teaspoon of', 0);
INSERT INTO recipe_ingredient(recipe_id, ingredient_id, quantity, recipe_ingredient_description, main) VALUES(38, 180, NULL, 'A little', 0);
INSERT INTO recipe_ingredient(recipe_id, ingredient_id, quantity, recipe_ingredient_description, main) VALUES(38, 305, NULL, 'A tablespoon of', 0);
INSERT INTO recipe_ingredient(recipe_id, ingredient_id, quantity, recipe_ingredient_description, main) VALUES(38, 86, NULL, 'A pinch', 0);
INSERT INTO recipe_ingredient(recipe_id, ingredient_id, quantity, recipe_ingredient_description, main) VALUES(38, 268, 3, NULL, 0);

INSERT INTO recipe_ingredient(recipe_id, ingredient_id, quantity, recipe_ingredient_description, main) VALUES(39, 56, 1, NULL, 1);
INSERT INTO recipe_ingredient(recipe_id, ingredient_id, quantity, recipe_ingredient_description, main) VALUES(39, 105, NULL, 'A little', 0);
INSERT INTO recipe_ingredient(recipe_id, ingredient_id, quantity, recipe_ingredient_description, main) VALUES(39, 164, NULL, 'A pinch', 0);
INSERT INTO recipe_ingredient(recipe_id, ingredient_id, quantity, recipe_ingredient_description, main) VALUES(39, 260, NULL, 'A pinch', 0);
INSERT INTO recipe_ingredient(recipe_id, ingredient_id, quantity, recipe_ingredient_description, main) VALUES(39, 8, 7, NULL, 0);
INSERT INTO recipe_ingredient(recipe_id, ingredient_id, quantity, recipe_ingredient_description, main) VALUES(39, 14, 590, 'gr', 0);
INSERT INTO recipe_ingredient(recipe_id, ingredient_id, quantity, recipe_ingredient_description, main) VALUES(39, 104, 290, 'ml', 0);
INSERT INTO recipe_ingredient(recipe_id, ingredient_id, quantity, recipe_ingredient_description, main) VALUES(39, 160, 3, NULL, 0);
INSERT INTO recipe_ingredient(recipe_id, ingredient_id, quantity, recipe_ingredient_description, main) VALUES(39, 52, 650, 'gr', 0);
INSERT INTO recipe_ingredient(recipe_id, ingredient_id, quantity, recipe_ingredient_description, main) VALUES(39, 175, 290, 'gr', 0);
INSERT INTO recipe_ingredient(recipe_id, ingredient_id, quantity, recipe_ingredient_description, main) VALUES(39, 359, NULL, 'A teaspoon of', 0);
INSERT INTO recipe_ingredient(recipe_id, ingredient_id, quantity, recipe_ingredient_description, main) VALUES(39, 171, NULL, 'A tablespoon of', 0);
INSERT INTO recipe_ingredient(recipe_id, ingredient_id, quantity, recipe_ingredient_description, main) VALUES(39, 99, NULL, 'Few', 0);
INSERT INTO recipe_ingredient(recipe_id, ingredient_id, quantity, recipe_ingredient_description, main) VALUES(39, 91, NULL, 'A teaspoon of', 0);

INSERT INTO recipe_ingredient(recipe_id, ingredient_id, quantity, recipe_ingredient_description, main) VALUES(40, 257, 1, NULL, 1);
INSERT INTO recipe_ingredient(recipe_id, ingredient_id, quantity, recipe_ingredient_description, main) VALUES(40, 76, 6, NULL, 0);
INSERT INTO recipe_ingredient(recipe_id, ingredient_id, quantity, recipe_ingredient_description, main) VALUES(40, 52, NULL, 'A pinch', 0);
INSERT INTO recipe_ingredient(recipe_id, ingredient_id, quantity, recipe_ingredient_description, main) VALUES(40, 61, 210, 'gr', 0);
INSERT INTO recipe_ingredient(recipe_id, ingredient_id, quantity, recipe_ingredient_description, main) VALUES(40, 58, NULL, 'A tablespoon of', 0);
INSERT INTO recipe_ingredient(recipe_id, ingredient_id, quantity, recipe_ingredient_description, main) VALUES(40, 63, 350, 'gr', 0);
INSERT INTO recipe_ingredient(recipe_id, ingredient_id, quantity, recipe_ingredient_description, main) VALUES(40, 186, 4, NULL, 0);
INSERT INTO recipe_ingredient(recipe_id, ingredient_id, quantity, recipe_ingredient_description, main) VALUES(40, 213, 5, NULL, 0);
INSERT INTO recipe_ingredient(recipe_id, ingredient_id, quantity, recipe_ingredient_description, main) VALUES(40, 337, 290, 'ml', 0);
INSERT INTO recipe_ingredient(recipe_id, ingredient_id, quantity, recipe_ingredient_description, main) VALUES(40, 220, NULL, 'A teaspoon of', 0);
INSERT INTO recipe_ingredient(recipe_id, ingredient_id, quantity, recipe_ingredient_description, main) VALUES(40, 75, NULL, 'A little', 0);
INSERT INTO recipe_ingredient(recipe_id, ingredient_id, quantity, recipe_ingredient_description, main) VALUES(40, 297, 370, 'ml', 0);
INSERT INTO recipe_ingredient(recipe_id, ingredient_id, quantity, recipe_ingredient_description, main) VALUES(40, 211, 530, 'ml', 0);
INSERT INTO recipe_ingredient(recipe_id, ingredient_id, quantity, recipe_ingredient_description, main) VALUES(40, 136, NULL, 'A tablespoon of', 0);
INSERT INTO recipe_ingredient(recipe_id, ingredient_id, quantity, recipe_ingredient_description, main) VALUES(40, 127, 50, 'gr', 0);

INSERT INTO recipe_ingredient(recipe_id, ingredient_id, quantity, recipe_ingredient_description, main) VALUES(41, 199, 1, NULL, 1);
INSERT INTO recipe_ingredient(recipe_id, ingredient_id, quantity, recipe_ingredient_description, main) VALUES(41, 149, NULL, 'A teaspoon of', 0);
INSERT INTO recipe_ingredient(recipe_id, ingredient_id, quantity, recipe_ingredient_description, main) VALUES(41, 352, NULL, 'A little', 0);
INSERT INTO recipe_ingredient(recipe_id, ingredient_id, quantity, recipe_ingredient_description, main) VALUES(41, 352, 150, 'gr', 0);
INSERT INTO recipe_ingredient(recipe_id, ingredient_id, quantity, recipe_ingredient_description, main) VALUES(41, 226, NULL, 'A little', 0);
INSERT INTO recipe_ingredient(recipe_id, ingredient_id, quantity, recipe_ingredient_description, main) VALUES(41, 1, NULL, 'A cup', 0);
INSERT INTO recipe_ingredient(recipe_id, ingredient_id, quantity, recipe_ingredient_description, main) VALUES(41, 211, 290, 'ml', 0);
INSERT INTO recipe_ingredient(recipe_id, ingredient_id, quantity, recipe_ingredient_description, main) VALUES(41, 363, NULL, 'A cup', 0);
INSERT INTO recipe_ingredient(recipe_id, ingredient_id, quantity, recipe_ingredient_description, main) VALUES(41, 125, NULL, 'A teaspoon of', 0);
INSERT INTO recipe_ingredient(recipe_id, ingredient_id, quantity, recipe_ingredient_description, main) VALUES(41, 285, NULL, 'A cup', 0);

INSERT INTO recipe_ingredient(recipe_id, ingredient_id, quantity, recipe_ingredient_description, main) VALUES(42, 301, 1, NULL, 1);
INSERT INTO recipe_ingredient(recipe_id, ingredient_id, quantity, recipe_ingredient_description, main) VALUES(42, 207, NULL, 'A pinch', 0);
INSERT INTO recipe_ingredient(recipe_id, ingredient_id, quantity, recipe_ingredient_description, main) VALUES(42, 196, NULL, 'A tablespoon of', 0);
INSERT INTO recipe_ingredient(recipe_id, ingredient_id, quantity, recipe_ingredient_description, main) VALUES(42, 274, 3, NULL, 0);
INSERT INTO recipe_ingredient(recipe_id, ingredient_id, quantity, recipe_ingredient_description, main) VALUES(42, 253, NULL, 'A tablespoon of', 0);
INSERT INTO recipe_ingredient(recipe_id, ingredient_id, quantity, recipe_ingredient_description, main) VALUES(42, 209, NULL, 'Few', 0);
INSERT INTO recipe_ingredient(recipe_id, ingredient_id, quantity, recipe_ingredient_description, main) VALUES(42, 151, 570, 'gr', 0);
INSERT INTO recipe_ingredient(recipe_id, ingredient_id, quantity, recipe_ingredient_description, main) VALUES(42, 22, NULL, 'A cup', 0);
INSERT INTO recipe_ingredient(recipe_id, ingredient_id, quantity, recipe_ingredient_description, main) VALUES(42, 221, NULL, 'A teaspoon of', 0);
INSERT INTO recipe_ingredient(recipe_id, ingredient_id, quantity, recipe_ingredient_description, main) VALUES(42, 296, NULL, 'A teaspoon of', 0);
INSERT INTO recipe_ingredient(recipe_id, ingredient_id, quantity, recipe_ingredient_description, main) VALUES(42, 208, NULL, 'A little', 0);
INSERT INTO recipe_ingredient(recipe_id, ingredient_id, quantity, recipe_ingredient_description, main) VALUES(42, 148, NULL, 'A little', 0);
INSERT INTO recipe_ingredient(recipe_id, ingredient_id, quantity, recipe_ingredient_description, main) VALUES(42, 234, NULL, 'A tablespoon of', 0);
INSERT INTO recipe_ingredient(recipe_id, ingredient_id, quantity, recipe_ingredient_description, main) VALUES(42, 191, NULL, 'A teaspoon of', 0);
INSERT INTO recipe_ingredient(recipe_id, ingredient_id, quantity, recipe_ingredient_description, main) VALUES(42, 114, NULL, 'Few', 0);
INSERT INTO recipe_ingredient(recipe_id, ingredient_id, quantity, recipe_ingredient_description, main) VALUES(42, 311, 210, 'gr', 0);

INSERT INTO recipe_ingredient(recipe_id, ingredient_id, quantity, recipe_ingredient_description, main) VALUES(43, 255, 1, NULL, 1);
INSERT INTO recipe_ingredient(recipe_id, ingredient_id, quantity, recipe_ingredient_description, main) VALUES(43, 289, 2, NULL, 0);
INSERT INTO recipe_ingredient(recipe_id, ingredient_id, quantity, recipe_ingredient_description, main) VALUES(43, 275, NULL, 'A pinch', 0);
INSERT INTO recipe_ingredient(recipe_id, ingredient_id, quantity, recipe_ingredient_description, main) VALUES(43, 236, 630, 'ml', 0);
INSERT INTO recipe_ingredient(recipe_id, ingredient_id, quantity, recipe_ingredient_description, main) VALUES(43, 8, NULL, 'Few', 0);
INSERT INTO recipe_ingredient(recipe_id, ingredient_id, quantity, recipe_ingredient_description, main) VALUES(43, 109, NULL, 'A teaspoon of', 0);
INSERT INTO recipe_ingredient(recipe_id, ingredient_id, quantity, recipe_ingredient_description, main) VALUES(43, 78, NULL, 'A teaspoon of', 0);
INSERT INTO recipe_ingredient(recipe_id, ingredient_id, quantity, recipe_ingredient_description, main) VALUES(43, 83, NULL, 'Few', 0);
INSERT INTO recipe_ingredient(recipe_id, ingredient_id, quantity, recipe_ingredient_description, main) VALUES(43, 256, 650, 'gr', 0);
INSERT INTO recipe_ingredient(recipe_id, ingredient_id, quantity, recipe_ingredient_description, main) VALUES(43, 336, 430, 'ml', 0);
INSERT INTO recipe_ingredient(recipe_id, ingredient_id, quantity, recipe_ingredient_description, main) VALUES(43, 21, NULL, 'A little', 0);
INSERT INTO recipe_ingredient(recipe_id, ingredient_id, quantity, recipe_ingredient_description, main) VALUES(43, 28, NULL, 'Few', 0);
INSERT INTO recipe_ingredient(recipe_id, ingredient_id, quantity, recipe_ingredient_description, main) VALUES(43, 166, NULL, 'A little', 0);

INSERT INTO recipe_ingredient(recipe_id, ingredient_id, quantity, recipe_ingredient_description, main) VALUES(44, 47, 1, NULL, 1);
INSERT INTO recipe_ingredient(recipe_id, ingredient_id, quantity, recipe_ingredient_description, main) VALUES(44, 54, 3, NULL, 0);
INSERT INTO recipe_ingredient(recipe_id, ingredient_id, quantity, recipe_ingredient_description, main) VALUES(44, 307, NULL, 'A pinch', 0);
INSERT INTO recipe_ingredient(recipe_id, ingredient_id, quantity, recipe_ingredient_description, main) VALUES(44, 66, 330, 'gr', 0);
INSERT INTO recipe_ingredient(recipe_id, ingredient_id, quantity, recipe_ingredient_description, main) VALUES(44, 100, 390, 'ml', 0);
INSERT INTO recipe_ingredient(recipe_id, ingredient_id, quantity, recipe_ingredient_description, main) VALUES(44, 364, 150, 'ml', 0);
INSERT INTO recipe_ingredient(recipe_id, ingredient_id, quantity, recipe_ingredient_description, main) VALUES(44, 8, 670, 'ml', 0);
INSERT INTO recipe_ingredient(recipe_id, ingredient_id, quantity, recipe_ingredient_description, main) VALUES(44, 189, NULL, 'Few', 0);
INSERT INTO recipe_ingredient(recipe_id, ingredient_id, quantity, recipe_ingredient_description, main) VALUES(44, 327, NULL, 'A cup', 0);
INSERT INTO recipe_ingredient(recipe_id, ingredient_id, quantity, recipe_ingredient_description, main) VALUES(44, 206, 350, 'gr', 0);
INSERT INTO recipe_ingredient(recipe_id, ingredient_id, quantity, recipe_ingredient_description, main) VALUES(44, 340, NULL, 'A pinch', 0);

INSERT INTO recipe_ingredient(recipe_id, ingredient_id, quantity, recipe_ingredient_description, main) VALUES(45, 115, 1, NULL, 1);
INSERT INTO recipe_ingredient(recipe_id, ingredient_id, quantity, recipe_ingredient_description, main) VALUES(45, 239, NULL, 'A tablespoon of', 0);
INSERT INTO recipe_ingredient(recipe_id, ingredient_id, quantity, recipe_ingredient_description, main) VALUES(45, 131, NULL, 'A tablespoon of', 0);
INSERT INTO recipe_ingredient(recipe_id, ingredient_id, quantity, recipe_ingredient_description, main) VALUES(45, 250, NULL, 'A pinch', 0);
INSERT INTO recipe_ingredient(recipe_id, ingredient_id, quantity, recipe_ingredient_description, main) VALUES(45, 25, 310, 'ml', 0);
INSERT INTO recipe_ingredient(recipe_id, ingredient_id, quantity, recipe_ingredient_description, main) VALUES(45, 183, NULL, 'Few', 0);
INSERT INTO recipe_ingredient(recipe_id, ingredient_id, quantity, recipe_ingredient_description, main) VALUES(45, 347, 250, 'ml', 0);
INSERT INTO recipe_ingredient(recipe_id, ingredient_id, quantity, recipe_ingredient_description, main) VALUES(45, 254, NULL, 'A teaspoon of', 0);
INSERT INTO recipe_ingredient(recipe_id, ingredient_id, quantity, recipe_ingredient_description, main) VALUES(45, 25, NULL, 'A cup', 0);
INSERT INTO recipe_ingredient(recipe_id, ingredient_id, quantity, recipe_ingredient_description, main) VALUES(45, 8, NULL, 'A teaspoon of', 0);
INSERT INTO recipe_ingredient(recipe_id, ingredient_id, quantity, recipe_ingredient_description, main) VALUES(45, 325, 90, 'gr', 0);
INSERT INTO recipe_ingredient(recipe_id, ingredient_id, quantity, recipe_ingredient_description, main) VALUES(45, 47, 330, 'ml', 0);
INSERT INTO recipe_ingredient(recipe_id, ingredient_id, quantity, recipe_ingredient_description, main) VALUES(45, 231, NULL, 'A cup', 0);
INSERT INTO recipe_ingredient(recipe_id, ingredient_id, quantity, recipe_ingredient_description, main) VALUES(45, 219, NULL, 'Few', 0);
INSERT INTO recipe_ingredient(recipe_id, ingredient_id, quantity, recipe_ingredient_description, main) VALUES(45, 308, 2, NULL, 0);

INSERT INTO recipe_ingredient(recipe_id, ingredient_id, quantity, recipe_ingredient_description, main) VALUES(46, 260, 1, NULL, 1);
INSERT INTO recipe_ingredient(recipe_id, ingredient_id, quantity, recipe_ingredient_description, main) VALUES(46, 140, NULL, 'A tablespoon of', 0);
INSERT INTO recipe_ingredient(recipe_id, ingredient_id, quantity, recipe_ingredient_description, main) VALUES(46, 256, NULL, 'A little', 0);
INSERT INTO recipe_ingredient(recipe_id, ingredient_id, quantity, recipe_ingredient_description, main) VALUES(46, 238, NULL, 'A teaspoon of', 0);
INSERT INTO recipe_ingredient(recipe_id, ingredient_id, quantity, recipe_ingredient_description, main) VALUES(46, 64, NULL, 'A tablespoon of', 0);
INSERT INTO recipe_ingredient(recipe_id, ingredient_id, quantity, recipe_ingredient_description, main) VALUES(46, 127, NULL, 'A pinch', 0);
INSERT INTO recipe_ingredient(recipe_id, ingredient_id, quantity, recipe_ingredient_description, main) VALUES(46, 302, 530, 'ml', 0);
INSERT INTO recipe_ingredient(recipe_id, ingredient_id, quantity, recipe_ingredient_description, main) VALUES(46, 294, NULL, 'A little', 0);
INSERT INTO recipe_ingredient(recipe_id, ingredient_id, quantity, recipe_ingredient_description, main) VALUES(46, 300, 7, NULL, 0);
INSERT INTO recipe_ingredient(recipe_id, ingredient_id, quantity, recipe_ingredient_description, main) VALUES(46, 159, NULL, 'Few', 0);

INSERT INTO recipe_ingredient(recipe_id, ingredient_id, quantity, recipe_ingredient_description, main) VALUES(47, 265, 1, NULL, 1);
INSERT INTO recipe_ingredient(recipe_id, ingredient_id, quantity, recipe_ingredient_description, main) VALUES(47, 315, NULL, 'A teaspoon of', 0);
INSERT INTO recipe_ingredient(recipe_id, ingredient_id, quantity, recipe_ingredient_description, main) VALUES(47, 86, 310, 'gr', 0);
INSERT INTO recipe_ingredient(recipe_id, ingredient_id, quantity, recipe_ingredient_description, main) VALUES(47, 342, 630, 'ml', 0);
INSERT INTO recipe_ingredient(recipe_id, ingredient_id, quantity, recipe_ingredient_description, main) VALUES(47, 24, 350, 'ml', 0);
INSERT INTO recipe_ingredient(recipe_id, ingredient_id, quantity, recipe_ingredient_description, main) VALUES(47, 166, 630, 'gr', 0);

INSERT INTO recipe_ingredient(recipe_id, ingredient_id, quantity, recipe_ingredient_description, main) VALUES(48, 293, 1, NULL, 1);
INSERT INTO recipe_ingredient(recipe_id, ingredient_id, quantity, recipe_ingredient_description, main) VALUES(48, 332, 510, 'gr', 0);
INSERT INTO recipe_ingredient(recipe_id, ingredient_id, quantity, recipe_ingredient_description, main) VALUES(48, 317, NULL, 'A teaspoon of', 0);
INSERT INTO recipe_ingredient(recipe_id, ingredient_id, quantity, recipe_ingredient_description, main) VALUES(48, 299, NULL, 'A little', 0);
INSERT INTO recipe_ingredient(recipe_id, ingredient_id, quantity, recipe_ingredient_description, main) VALUES(48, 255, NULL, 'Few', 0);
INSERT INTO recipe_ingredient(recipe_id, ingredient_id, quantity, recipe_ingredient_description, main) VALUES(48, 162, NULL, 'A cup', 0);
INSERT INTO recipe_ingredient(recipe_id, ingredient_id, quantity, recipe_ingredient_description, main) VALUES(48, 210, NULL, 'A teaspoon of', 0);
INSERT INTO recipe_ingredient(recipe_id, ingredient_id, quantity, recipe_ingredient_description, main) VALUES(48, 162, NULL, 'A teaspoon of', 0);
INSERT INTO recipe_ingredient(recipe_id, ingredient_id, quantity, recipe_ingredient_description, main) VALUES(48, 180, NULL, 'A little', 0);

INSERT INTO recipe_ingredient(recipe_id, ingredient_id, quantity, recipe_ingredient_description, main) VALUES(49, 351, 1, NULL, 1);
INSERT INTO recipe_ingredient(recipe_id, ingredient_id, quantity, recipe_ingredient_description, main) VALUES(49, 81, 8, NULL, 0);
INSERT INTO recipe_ingredient(recipe_id, ingredient_id, quantity, recipe_ingredient_description, main) VALUES(49, 327, NULL, 'A teaspoon of', 0);
INSERT INTO recipe_ingredient(recipe_id, ingredient_id, quantity, recipe_ingredient_description, main) VALUES(49, 332, NULL, 'A little', 0);
INSERT INTO recipe_ingredient(recipe_id, ingredient_id, quantity, recipe_ingredient_description, main) VALUES(49, 154, NULL, 'A teaspoon of', 0);
INSERT INTO recipe_ingredient(recipe_id, ingredient_id, quantity, recipe_ingredient_description, main) VALUES(49, 341, 5, NULL, 0);
INSERT INTO recipe_ingredient(recipe_id, ingredient_id, quantity, recipe_ingredient_description, main) VALUES(49, 261, 190, 'ml', 0);
INSERT INTO recipe_ingredient(recipe_id, ingredient_id, quantity, recipe_ingredient_description, main) VALUES(49, 128, NULL, 'A cup', 0);
INSERT INTO recipe_ingredient(recipe_id, ingredient_id, quantity, recipe_ingredient_description, main) VALUES(49, 333, NULL, 'A pinch', 0);
INSERT INTO recipe_ingredient(recipe_id, ingredient_id, quantity, recipe_ingredient_description, main) VALUES(49, 9, 510, 'gr', 0);
INSERT INTO recipe_ingredient(recipe_id, ingredient_id, quantity, recipe_ingredient_description, main) VALUES(49, 236, NULL, 'A tablespoon of', 0);
INSERT INTO recipe_ingredient(recipe_id, ingredient_id, quantity, recipe_ingredient_description, main) VALUES(49, 184, NULL, 'A cup', 0);
INSERT INTO recipe_ingredient(recipe_id, ingredient_id, quantity, recipe_ingredient_description, main) VALUES(49, 60, NULL, 'A teaspoon of', 0);

INSERT INTO recipe_ingredient(recipe_id, ingredient_id, quantity, recipe_ingredient_description, main) VALUES(50, 11, 1, NULL, 1);
INSERT INTO recipe_ingredient(recipe_id, ingredient_id, quantity, recipe_ingredient_description, main) VALUES(50, 218, 210, 'ml', 0);
INSERT INTO recipe_ingredient(recipe_id, ingredient_id, quantity, recipe_ingredient_description, main) VALUES(50, 279, NULL, 'A tablespoon of', 0);
INSERT INTO recipe_ingredient(recipe_id, ingredient_id, quantity, recipe_ingredient_description, main) VALUES(50, 65, NULL, 'A tablespoon of', 0);
INSERT INTO recipe_ingredient(recipe_id, ingredient_id, quantity, recipe_ingredient_description, main) VALUES(50, 133, 570, 'ml', 0);
INSERT INTO recipe_ingredient(recipe_id, ingredient_id, quantity, recipe_ingredient_description, main) VALUES(50, 317, NULL, 'A little', 0);
INSERT INTO recipe_ingredient(recipe_id, ingredient_id, quantity, recipe_ingredient_description, main) VALUES(50, 2, NULL, 'A pinch', 0);

INSERT INTO recipe_ingredient(recipe_id, ingredient_id, quantity, recipe_ingredient_description, main) VALUES(51, 135, 1, NULL, 1);
INSERT INTO recipe_ingredient(recipe_id, ingredient_id, quantity, recipe_ingredient_description, main) VALUES(51, 79, NULL, 'A little', 0);
INSERT INTO recipe_ingredient(recipe_id, ingredient_id, quantity, recipe_ingredient_description, main) VALUES(51, 207, NULL, 'A tablespoon of', 0);
INSERT INTO recipe_ingredient(recipe_id, ingredient_id, quantity, recipe_ingredient_description, main) VALUES(51, 167, 450, 'ml', 0);
INSERT INTO recipe_ingredient(recipe_id, ingredient_id, quantity, recipe_ingredient_description, main) VALUES(51, 18, NULL, 'A tablespoon of', 0);
INSERT INTO recipe_ingredient(recipe_id, ingredient_id, quantity, recipe_ingredient_description, main) VALUES(51, 46, 3, NULL, 0);
INSERT INTO recipe_ingredient(recipe_id, ingredient_id, quantity, recipe_ingredient_description, main) VALUES(51, 115, 670, 'gr', 0);
INSERT INTO recipe_ingredient(recipe_id, ingredient_id, quantity, recipe_ingredient_description, main) VALUES(51, 354, 5, NULL, 0);
INSERT INTO recipe_ingredient(recipe_id, ingredient_id, quantity, recipe_ingredient_description, main) VALUES(51, 171, 3, NULL, 0);
INSERT INTO recipe_ingredient(recipe_id, ingredient_id, quantity, recipe_ingredient_description, main) VALUES(51, 41, 3, NULL, 0);
INSERT INTO recipe_ingredient(recipe_id, ingredient_id, quantity, recipe_ingredient_description, main) VALUES(51, 268, NULL, 'A teaspoon of', 0);
INSERT INTO recipe_ingredient(recipe_id, ingredient_id, quantity, recipe_ingredient_description, main) VALUES(51, 345, 450, 'gr', 0);
INSERT INTO recipe_ingredient(recipe_id, ingredient_id, quantity, recipe_ingredient_description, main) VALUES(51, 130, NULL, 'A little', 0);
INSERT INTO recipe_ingredient(recipe_id, ingredient_id, quantity, recipe_ingredient_description, main) VALUES(51, 106, NULL, 'A tablespoon of', 0);

INSERT INTO recipe_ingredient(recipe_id, ingredient_id, quantity, recipe_ingredient_description, main) VALUES(52, 170, 1, NULL, 1);
INSERT INTO recipe_ingredient(recipe_id, ingredient_id, quantity, recipe_ingredient_description, main) VALUES(52, 172, 510, 'ml', 0);
INSERT INTO recipe_ingredient(recipe_id, ingredient_id, quantity, recipe_ingredient_description, main) VALUES(52, 195, NULL, 'A pinch', 0);
INSERT INTO recipe_ingredient(recipe_id, ingredient_id, quantity, recipe_ingredient_description, main) VALUES(52, 203, 8, NULL, 0);
INSERT INTO recipe_ingredient(recipe_id, ingredient_id, quantity, recipe_ingredient_description, main) VALUES(52, 236, NULL, 'A teaspoon of', 0);
INSERT INTO recipe_ingredient(recipe_id, ingredient_id, quantity, recipe_ingredient_description, main) VALUES(52, 123, NULL, 'Few', 0);
INSERT INTO recipe_ingredient(recipe_id, ingredient_id, quantity, recipe_ingredient_description, main) VALUES(52, 175, NULL, 'A cup', 0);
INSERT INTO recipe_ingredient(recipe_id, ingredient_id, quantity, recipe_ingredient_description, main) VALUES(52, 343, 7, NULL, 0);

INSERT INTO recipe_ingredient(recipe_id, ingredient_id, quantity, recipe_ingredient_description, main) VALUES(53, 146, 1, NULL, 1);
INSERT INTO recipe_ingredient(recipe_id, ingredient_id, quantity, recipe_ingredient_description, main) VALUES(53, 243, 90, 'gr', 0);
INSERT INTO recipe_ingredient(recipe_id, ingredient_id, quantity, recipe_ingredient_description, main) VALUES(53, 203, NULL, 'A cup', 0);
INSERT INTO recipe_ingredient(recipe_id, ingredient_id, quantity, recipe_ingredient_description, main) VALUES(53, 162, NULL, 'A little', 0);
INSERT INTO recipe_ingredient(recipe_id, ingredient_id, quantity, recipe_ingredient_description, main) VALUES(53, 146, NULL, 'A tablespoon of', 0);
INSERT INTO recipe_ingredient(recipe_id, ingredient_id, quantity, recipe_ingredient_description, main) VALUES(53, 18, NULL, 'A cup', 0);
INSERT INTO recipe_ingredient(recipe_id, ingredient_id, quantity, recipe_ingredient_description, main) VALUES(53, 236, 310, 'gr', 0);
INSERT INTO recipe_ingredient(recipe_id, ingredient_id, quantity, recipe_ingredient_description, main) VALUES(53, 297, NULL, 'A teaspoon of', 0);
INSERT INTO recipe_ingredient(recipe_id, ingredient_id, quantity, recipe_ingredient_description, main) VALUES(53, 239, NULL, 'A cup', 0);

INSERT INTO recipe_ingredient(recipe_id, ingredient_id, quantity, recipe_ingredient_description, main) VALUES(54, 365, 1, NULL, 1);
INSERT INTO recipe_ingredient(recipe_id, ingredient_id, quantity, recipe_ingredient_description, main) VALUES(54, 205, NULL, 'A tablespoon of', 0);
INSERT INTO recipe_ingredient(recipe_id, ingredient_id, quantity, recipe_ingredient_description, main) VALUES(54, 117, 330, 'gr', 0);
INSERT INTO recipe_ingredient(recipe_id, ingredient_id, quantity, recipe_ingredient_description, main) VALUES(54, 95, NULL, 'A pinch', 0);
INSERT INTO recipe_ingredient(recipe_id, ingredient_id, quantity, recipe_ingredient_description, main) VALUES(54, 308, NULL, 'Few', 0);
INSERT INTO recipe_ingredient(recipe_id, ingredient_id, quantity, recipe_ingredient_description, main) VALUES(54, 343, NULL, 'A teaspoon of', 0);
INSERT INTO recipe_ingredient(recipe_id, ingredient_id, quantity, recipe_ingredient_description, main) VALUES(54, 89, NULL, 'A cup', 0);
INSERT INTO recipe_ingredient(recipe_id, ingredient_id, quantity, recipe_ingredient_description, main) VALUES(54, 169, NULL, 'A pinch', 0);
INSERT INTO recipe_ingredient(recipe_id, ingredient_id, quantity, recipe_ingredient_description, main) VALUES(54, 281, NULL, 'Few', 0);
INSERT INTO recipe_ingredient(recipe_id, ingredient_id, quantity, recipe_ingredient_description, main) VALUES(54, 210, 410, 'ml', 0);
INSERT INTO recipe_ingredient(recipe_id, ingredient_id, quantity, recipe_ingredient_description, main) VALUES(54, 33, NULL, 'A tablespoon of', 0);
INSERT INTO recipe_ingredient(recipe_id, ingredient_id, quantity, recipe_ingredient_description, main) VALUES(54, 134, NULL, 'A tablespoon of', 0);
INSERT INTO recipe_ingredient(recipe_id, ingredient_id, quantity, recipe_ingredient_description, main) VALUES(54, 263, NULL, 'A cup', 0);
INSERT INTO recipe_ingredient(recipe_id, ingredient_id, quantity, recipe_ingredient_description, main) VALUES(54, 39, 2, NULL, 0);
INSERT INTO recipe_ingredient(recipe_id, ingredient_id, quantity, recipe_ingredient_description, main) VALUES(54, 234, 8, NULL, 0);
INSERT INTO recipe_ingredient(recipe_id, ingredient_id, quantity, recipe_ingredient_description, main) VALUES(54, 88, NULL, 'A little', 0);

INSERT INTO recipe_ingredient(recipe_id, ingredient_id, quantity, recipe_ingredient_description, main) VALUES(55, 296, 1, NULL, 1);
INSERT INTO recipe_ingredient(recipe_id, ingredient_id, quantity, recipe_ingredient_description, main) VALUES(55, 83, NULL, 'A little', 0);
INSERT INTO recipe_ingredient(recipe_id, ingredient_id, quantity, recipe_ingredient_description, main) VALUES(55, 109, 690, 'gr', 0);
INSERT INTO recipe_ingredient(recipe_id, ingredient_id, quantity, recipe_ingredient_description, main) VALUES(55, 286, NULL, 'A pinch', 0);
INSERT INTO recipe_ingredient(recipe_id, ingredient_id, quantity, recipe_ingredient_description, main) VALUES(55, 215, NULL, 'A teaspoon of', 0);
INSERT INTO recipe_ingredient(recipe_id, ingredient_id, quantity, recipe_ingredient_description, main) VALUES(55, 261, NULL, 'A pinch', 0);
INSERT INTO recipe_ingredient(recipe_id, ingredient_id, quantity, recipe_ingredient_description, main) VALUES(55, 136, NULL, 'A teaspoon of', 0);
INSERT INTO recipe_ingredient(recipe_id, ingredient_id, quantity, recipe_ingredient_description, main) VALUES(55, 88, NULL, 'A cup', 0);
INSERT INTO recipe_ingredient(recipe_id, ingredient_id, quantity, recipe_ingredient_description, main) VALUES(55, 79, 630, 'ml', 0);
INSERT INTO recipe_ingredient(recipe_id, ingredient_id, quantity, recipe_ingredient_description, main) VALUES(55, 37, NULL, 'A pinch', 0);

INSERT INTO recipe_ingredient(recipe_id, ingredient_id, quantity, recipe_ingredient_description, main) VALUES(56, 230, 1, NULL, 1);
INSERT INTO recipe_ingredient(recipe_id, ingredient_id, quantity, recipe_ingredient_description, main) VALUES(56, 299, NULL, 'A teaspoon of', 0);
INSERT INTO recipe_ingredient(recipe_id, ingredient_id, quantity, recipe_ingredient_description, main) VALUES(56, 96, 50, 'gr', 0);
INSERT INTO recipe_ingredient(recipe_id, ingredient_id, quantity, recipe_ingredient_description, main) VALUES(56, 197, NULL, 'A little', 0);
INSERT INTO recipe_ingredient(recipe_id, ingredient_id, quantity, recipe_ingredient_description, main) VALUES(56, 59, NULL, 'A little', 0);
INSERT INTO recipe_ingredient(recipe_id, ingredient_id, quantity, recipe_ingredient_description, main) VALUES(56, 278, NULL, 'A pinch', 0);
INSERT INTO recipe_ingredient(recipe_id, ingredient_id, quantity, recipe_ingredient_description, main) VALUES(56, 100, 210, 'ml', 0);
INSERT INTO recipe_ingredient(recipe_id, ingredient_id, quantity, recipe_ingredient_description, main) VALUES(56, 165, NULL, 'A teaspoon of', 0);
INSERT INTO recipe_ingredient(recipe_id, ingredient_id, quantity, recipe_ingredient_description, main) VALUES(56, 270, NULL, 'Few', 0);
INSERT INTO recipe_ingredient(recipe_id, ingredient_id, quantity, recipe_ingredient_description, main) VALUES(56, 103, NULL, 'A teaspoon of', 0);
INSERT INTO recipe_ingredient(recipe_id, ingredient_id, quantity, recipe_ingredient_description, main) VALUES(56, 99, 5, NULL, 0);
INSERT INTO recipe_ingredient(recipe_id, ingredient_id, quantity, recipe_ingredient_description, main) VALUES(56, 288, NULL, 'A tablespoon of', 0);

INSERT INTO recipe_ingredient(recipe_id, ingredient_id, quantity, recipe_ingredient_description, main) VALUES(57, 178, 1, NULL, 1);
INSERT INTO recipe_ingredient(recipe_id, ingredient_id, quantity, recipe_ingredient_description, main) VALUES(57, 266, 490, 'ml', 0);
INSERT INTO recipe_ingredient(recipe_id, ingredient_id, quantity, recipe_ingredient_description, main) VALUES(57, 59, NULL, 'A tablespoon of', 0);
INSERT INTO recipe_ingredient(recipe_id, ingredient_id, quantity, recipe_ingredient_description, main) VALUES(57, 60, NULL, 'A tablespoon of', 0);
INSERT INTO recipe_ingredient(recipe_id, ingredient_id, quantity, recipe_ingredient_description, main) VALUES(57, 121, 5, NULL, 0);
INSERT INTO recipe_ingredient(recipe_id, ingredient_id, quantity, recipe_ingredient_description, main) VALUES(57, 316, NULL, 'A teaspoon of', 0);

INSERT INTO recipe_ingredient(recipe_id, ingredient_id, quantity, recipe_ingredient_description, main) VALUES(58, 180, 1, NULL, 1);
INSERT INTO recipe_ingredient(recipe_id, ingredient_id, quantity, recipe_ingredient_description, main) VALUES(58, 307, NULL, 'A teaspoon of', 0);
INSERT INTO recipe_ingredient(recipe_id, ingredient_id, quantity, recipe_ingredient_description, main) VALUES(58, 324, 130, 'gr', 0);
INSERT INTO recipe_ingredient(recipe_id, ingredient_id, quantity, recipe_ingredient_description, main) VALUES(58, 333, 110, 'gr', 0);
INSERT INTO recipe_ingredient(recipe_id, ingredient_id, quantity, recipe_ingredient_description, main) VALUES(58, 270, NULL, 'A cup', 0);
INSERT INTO recipe_ingredient(recipe_id, ingredient_id, quantity, recipe_ingredient_description, main) VALUES(58, 229, NULL, 'A pinch', 0);
INSERT INTO recipe_ingredient(recipe_id, ingredient_id, quantity, recipe_ingredient_description, main) VALUES(58, 310, NULL, 'A little', 0);
INSERT INTO recipe_ingredient(recipe_id, ingredient_id, quantity, recipe_ingredient_description, main) VALUES(58, 169, NULL, 'A little', 0);
INSERT INTO recipe_ingredient(recipe_id, ingredient_id, quantity, recipe_ingredient_description, main) VALUES(58, 286, NULL, 'A little', 0);
INSERT INTO recipe_ingredient(recipe_id, ingredient_id, quantity, recipe_ingredient_description, main) VALUES(58, 220, NULL, 'A tablespoon of', 0);
INSERT INTO recipe_ingredient(recipe_id, ingredient_id, quantity, recipe_ingredient_description, main) VALUES(58, 118, NULL, 'A teaspoon of', 0);
INSERT INTO recipe_ingredient(recipe_id, ingredient_id, quantity, recipe_ingredient_description, main) VALUES(58, 269, NULL, 'Few', 0);
INSERT INTO recipe_ingredient(recipe_id, ingredient_id, quantity, recipe_ingredient_description, main) VALUES(58, 177, 3, NULL, 0);
INSERT INTO recipe_ingredient(recipe_id, ingredient_id, quantity, recipe_ingredient_description, main) VALUES(58, 331, NULL, 'A tablespoon of', 0);
INSERT INTO recipe_ingredient(recipe_id, ingredient_id, quantity, recipe_ingredient_description, main) VALUES(58, 204, NULL, 'A pinch', 0);

INSERT INTO recipe_ingredient(recipe_id, ingredient_id, quantity, recipe_ingredient_description, main) VALUES(59, 206, 1, NULL, 1);
INSERT INTO recipe_ingredient(recipe_id, ingredient_id, quantity, recipe_ingredient_description, main) VALUES(59, 212, NULL, 'A little', 0);
INSERT INTO recipe_ingredient(recipe_id, ingredient_id, quantity, recipe_ingredient_description, main) VALUES(59, 117, NULL, 'A pinch', 0);
INSERT INTO recipe_ingredient(recipe_id, ingredient_id, quantity, recipe_ingredient_description, main) VALUES(59, 268, 7, NULL, 0);
INSERT INTO recipe_ingredient(recipe_id, ingredient_id, quantity, recipe_ingredient_description, main) VALUES(59, 254, NULL, 'Few', 0);
INSERT INTO recipe_ingredient(recipe_id, ingredient_id, quantity, recipe_ingredient_description, main) VALUES(59, 246, NULL, 'A cup', 0);
INSERT INTO recipe_ingredient(recipe_id, ingredient_id, quantity, recipe_ingredient_description, main) VALUES(59, 132, NULL, 'Few', 0);
INSERT INTO recipe_ingredient(recipe_id, ingredient_id, quantity, recipe_ingredient_description, main) VALUES(59, 2, NULL, 'A pinch', 0);
INSERT INTO recipe_ingredient(recipe_id, ingredient_id, quantity, recipe_ingredient_description, main) VALUES(59, 30, NULL, 'A little', 0);
INSERT INTO recipe_ingredient(recipe_id, ingredient_id, quantity, recipe_ingredient_description, main) VALUES(59, 341, 310, 'gr', 0);
INSERT INTO recipe_ingredient(recipe_id, ingredient_id, quantity, recipe_ingredient_description, main) VALUES(59, 296, NULL, 'A teaspoon of', 0);
INSERT INTO recipe_ingredient(recipe_id, ingredient_id, quantity, recipe_ingredient_description, main) VALUES(59, 360, 370, 'ml', 0);
INSERT INTO recipe_ingredient(recipe_id, ingredient_id, quantity, recipe_ingredient_description, main) VALUES(59, 239, 6, NULL, 0);
INSERT INTO recipe_ingredient(recipe_id, ingredient_id, quantity, recipe_ingredient_description, main) VALUES(59, 137, 190, 'gr', 0);

INSERT INTO recipe_ingredient(recipe_id, ingredient_id, quantity, recipe_ingredient_description, main) VALUES(60, 361, 1, NULL, 1);
INSERT INTO recipe_ingredient(recipe_id, ingredient_id, quantity, recipe_ingredient_description, main) VALUES(60, 215, NULL, 'A pinch', 0);
INSERT INTO recipe_ingredient(recipe_id, ingredient_id, quantity, recipe_ingredient_description, main) VALUES(60, 230, NULL, 'A teaspoon of', 0);
INSERT INTO recipe_ingredient(recipe_id, ingredient_id, quantity, recipe_ingredient_description, main) VALUES(60, 166, NULL, 'Few', 0);
INSERT INTO recipe_ingredient(recipe_id, ingredient_id, quantity, recipe_ingredient_description, main) VALUES(60, 197, 2, NULL, 0);
INSERT INTO recipe_ingredient(recipe_id, ingredient_id, quantity, recipe_ingredient_description, main) VALUES(60, 306, NULL, 'A tablespoon of', 0);
INSERT INTO recipe_ingredient(recipe_id, ingredient_id, quantity, recipe_ingredient_description, main) VALUES(60, 311, NULL, 'A cup', 0);

INSERT INTO recipe_ingredient(recipe_id, ingredient_id, quantity, recipe_ingredient_description, main) VALUES(61, 78, 1, NULL, 1);
INSERT INTO recipe_ingredient(recipe_id, ingredient_id, quantity, recipe_ingredient_description, main) VALUES(61, 202, NULL, 'A tablespoon of', 0);
INSERT INTO recipe_ingredient(recipe_id, ingredient_id, quantity, recipe_ingredient_description, main) VALUES(61, 79, 190, 'ml', 0);
INSERT INTO recipe_ingredient(recipe_id, ingredient_id, quantity, recipe_ingredient_description, main) VALUES(61, 105, NULL, 'A little', 0);
INSERT INTO recipe_ingredient(recipe_id, ingredient_id, quantity, recipe_ingredient_description, main) VALUES(61, 260, NULL, 'A teaspoon of', 0);
INSERT INTO recipe_ingredient(recipe_id, ingredient_id, quantity, recipe_ingredient_description, main) VALUES(61, 327, NULL, 'A little', 0);
INSERT INTO recipe_ingredient(recipe_id, ingredient_id, quantity, recipe_ingredient_description, main) VALUES(61, 162, NULL, 'A little', 0);
INSERT INTO recipe_ingredient(recipe_id, ingredient_id, quantity, recipe_ingredient_description, main) VALUES(61, 67, NULL, 'A pinch', 0);
INSERT INTO recipe_ingredient(recipe_id, ingredient_id, quantity, recipe_ingredient_description, main) VALUES(61, 221, NULL, 'Few', 0);
INSERT INTO recipe_ingredient(recipe_id, ingredient_id, quantity, recipe_ingredient_description, main) VALUES(61, 28, NULL, 'Few', 0);
INSERT INTO recipe_ingredient(recipe_id, ingredient_id, quantity, recipe_ingredient_description, main) VALUES(61, 324, NULL, 'A pinch', 0);

INSERT INTO recipe_ingredient(recipe_id, ingredient_id, quantity, recipe_ingredient_description, main) VALUES(62, 134, 1, NULL, 1);
INSERT INTO recipe_ingredient(recipe_id, ingredient_id, quantity, recipe_ingredient_description, main) VALUES(62, 288, NULL, 'A pinch', 0);
INSERT INTO recipe_ingredient(recipe_id, ingredient_id, quantity, recipe_ingredient_description, main) VALUES(62, 208, 8, NULL, 0);
INSERT INTO recipe_ingredient(recipe_id, ingredient_id, quantity, recipe_ingredient_description, main) VALUES(62, 7, NULL, 'A little', 0);
INSERT INTO recipe_ingredient(recipe_id, ingredient_id, quantity, recipe_ingredient_description, main) VALUES(62, 177, 610, 'gr', 0);
INSERT INTO recipe_ingredient(recipe_id, ingredient_id, quantity, recipe_ingredient_description, main) VALUES(62, 333, 230, 'ml', 0);
INSERT INTO recipe_ingredient(recipe_id, ingredient_id, quantity, recipe_ingredient_description, main) VALUES(62, 308, 3, NULL, 0);
INSERT INTO recipe_ingredient(recipe_id, ingredient_id, quantity, recipe_ingredient_description, main) VALUES(62, 329, 330, 'ml', 0);
INSERT INTO recipe_ingredient(recipe_id, ingredient_id, quantity, recipe_ingredient_description, main) VALUES(62, 309, NULL, 'A pinch', 0);
INSERT INTO recipe_ingredient(recipe_id, ingredient_id, quantity, recipe_ingredient_description, main) VALUES(62, 334, 430, 'ml', 0);

INSERT INTO recipe_ingredient(recipe_id, ingredient_id, quantity, recipe_ingredient_description, main) VALUES(63, 55, 1, NULL, 1);
INSERT INTO recipe_ingredient(recipe_id, ingredient_id, quantity, recipe_ingredient_description, main) VALUES(63, 218, NULL, 'A little', 0);
INSERT INTO recipe_ingredient(recipe_id, ingredient_id, quantity, recipe_ingredient_description, main) VALUES(63, 114, NULL, 'A teaspoon of', 0);
INSERT INTO recipe_ingredient(recipe_id, ingredient_id, quantity, recipe_ingredient_description, main) VALUES(63, 277, NULL, 'A teaspoon of', 0);
INSERT INTO recipe_ingredient(recipe_id, ingredient_id, quantity, recipe_ingredient_description, main) VALUES(63, 114, NULL, 'Few', 0);
INSERT INTO recipe_ingredient(recipe_id, ingredient_id, quantity, recipe_ingredient_description, main) VALUES(63, 225, NULL, 'A pinch', 0);
INSERT INTO recipe_ingredient(recipe_id, ingredient_id, quantity, recipe_ingredient_description, main) VALUES(63, 171, NULL, 'A little', 0);
INSERT INTO recipe_ingredient(recipe_id, ingredient_id, quantity, recipe_ingredient_description, main) VALUES(63, 154, NULL, 'A tablespoon of', 0);
INSERT INTO recipe_ingredient(recipe_id, ingredient_id, quantity, recipe_ingredient_description, main) VALUES(63, 99, 510, 'ml', 0);
INSERT INTO recipe_ingredient(recipe_id, ingredient_id, quantity, recipe_ingredient_description, main) VALUES(63, 166, NULL, 'Few', 0);
INSERT INTO recipe_ingredient(recipe_id, ingredient_id, quantity, recipe_ingredient_description, main) VALUES(63, 151, NULL, 'A little', 0);
INSERT INTO recipe_ingredient(recipe_id, ingredient_id, quantity, recipe_ingredient_description, main) VALUES(63, 307, 6, NULL, 0);
INSERT INTO recipe_ingredient(recipe_id, ingredient_id, quantity, recipe_ingredient_description, main) VALUES(63, 52, 110, 'gr', 0);
INSERT INTO recipe_ingredient(recipe_id, ingredient_id, quantity, recipe_ingredient_description, main) VALUES(63, 159, NULL, 'Few', 0);

INSERT INTO recipe_ingredient(recipe_id, ingredient_id, quantity, recipe_ingredient_description, main) VALUES(64, 55, 1, NULL, 1);
INSERT INTO recipe_ingredient(recipe_id, ingredient_id, quantity, recipe_ingredient_description, main) VALUES(64, 269, NULL, 'Few', 0);
INSERT INTO recipe_ingredient(recipe_id, ingredient_id, quantity, recipe_ingredient_description, main) VALUES(64, 253, NULL, 'A little', 0);
INSERT INTO recipe_ingredient(recipe_id, ingredient_id, quantity, recipe_ingredient_description, main) VALUES(64, 67, NULL, 'Few', 0);
INSERT INTO recipe_ingredient(recipe_id, ingredient_id, quantity, recipe_ingredient_description, main) VALUES(64, 271, NULL, 'A pinch', 0);
INSERT INTO recipe_ingredient(recipe_id, ingredient_id, quantity, recipe_ingredient_description, main) VALUES(64, 146, NULL, 'A teaspoon of', 0);
INSERT INTO recipe_ingredient(recipe_id, ingredient_id, quantity, recipe_ingredient_description, main) VALUES(64, 162, NULL, 'A pinch', 0);

INSERT INTO recipe_ingredient(recipe_id, ingredient_id, quantity, recipe_ingredient_description, main) VALUES(65, 64, 1, NULL, 1);
INSERT INTO recipe_ingredient(recipe_id, ingredient_id, quantity, recipe_ingredient_description, main) VALUES(65, 228, NULL, 'A cup', 0);
INSERT INTO recipe_ingredient(recipe_id, ingredient_id, quantity, recipe_ingredient_description, main) VALUES(65, 36, NULL, 'A teaspoon of', 0);
INSERT INTO recipe_ingredient(recipe_id, ingredient_id, quantity, recipe_ingredient_description, main) VALUES(65, 348, 370, 'gr', 0);
INSERT INTO recipe_ingredient(recipe_id, ingredient_id, quantity, recipe_ingredient_description, main) VALUES(65, 134, 70, 'gr', 0);
INSERT INTO recipe_ingredient(recipe_id, ingredient_id, quantity, recipe_ingredient_description, main) VALUES(65, 274, NULL, 'A tablespoon of', 0);
INSERT INTO recipe_ingredient(recipe_id, ingredient_id, quantity, recipe_ingredient_description, main) VALUES(65, 121, 90, 'gr', 0);
INSERT INTO recipe_ingredient(recipe_id, ingredient_id, quantity, recipe_ingredient_description, main) VALUES(65, 15, 650, 'gr', 0);
INSERT INTO recipe_ingredient(recipe_id, ingredient_id, quantity, recipe_ingredient_description, main) VALUES(65, 60, NULL, 'A pinch', 0);
INSERT INTO recipe_ingredient(recipe_id, ingredient_id, quantity, recipe_ingredient_description, main) VALUES(65, 275, NULL, 'A tablespoon of', 0);
INSERT INTO recipe_ingredient(recipe_id, ingredient_id, quantity, recipe_ingredient_description, main) VALUES(65, 127, NULL, 'Few', 0);
INSERT INTO recipe_ingredient(recipe_id, ingredient_id, quantity, recipe_ingredient_description, main) VALUES(65, 308, NULL, 'A teaspoon of', 0);
INSERT INTO recipe_ingredient(recipe_id, ingredient_id, quantity, recipe_ingredient_description, main) VALUES(65, 47, NULL, 'Few', 0);
INSERT INTO recipe_ingredient(recipe_id, ingredient_id, quantity, recipe_ingredient_description, main) VALUES(65, 120, NULL, 'A tablespoon of', 0);
INSERT INTO recipe_ingredient(recipe_id, ingredient_id, quantity, recipe_ingredient_description, main) VALUES(65, 222, NULL, 'A cup', 0);
INSERT INTO recipe_ingredient(recipe_id, ingredient_id, quantity, recipe_ingredient_description, main) VALUES(65, 11, NULL, 'A tablespoon of', 0);

INSERT INTO recipe_ingredient(recipe_id, ingredient_id, quantity, recipe_ingredient_description, main) VALUES(66, 193, 1, NULL, 1);
INSERT INTO recipe_ingredient(recipe_id, ingredient_id, quantity, recipe_ingredient_description, main) VALUES(66, 261, NULL, 'A cup', 0);
INSERT INTO recipe_ingredient(recipe_id, ingredient_id, quantity, recipe_ingredient_description, main) VALUES(66, 197, NULL, 'A tablespoon of', 0);
INSERT INTO recipe_ingredient(recipe_id, ingredient_id, quantity, recipe_ingredient_description, main) VALUES(66, 190, NULL, 'A little', 0);
INSERT INTO recipe_ingredient(recipe_id, ingredient_id, quantity, recipe_ingredient_description, main) VALUES(66, 255, NULL, 'A pinch', 0);
INSERT INTO recipe_ingredient(recipe_id, ingredient_id, quantity, recipe_ingredient_description, main) VALUES(66, 144, 5, NULL, 0);
INSERT INTO recipe_ingredient(recipe_id, ingredient_id, quantity, recipe_ingredient_description, main) VALUES(66, 82, NULL, 'A pinch', 0);
INSERT INTO recipe_ingredient(recipe_id, ingredient_id, quantity, recipe_ingredient_description, main) VALUES(66, 309, 2, NULL, 0);
INSERT INTO recipe_ingredient(recipe_id, ingredient_id, quantity, recipe_ingredient_description, main) VALUES(66, 211, 350, 'ml', 0);
INSERT INTO recipe_ingredient(recipe_id, ingredient_id, quantity, recipe_ingredient_description, main) VALUES(66, 97, 610, 'gr', 0);
INSERT INTO recipe_ingredient(recipe_id, ingredient_id, quantity, recipe_ingredient_description, main) VALUES(66, 272, NULL, 'A little', 0);
INSERT INTO recipe_ingredient(recipe_id, ingredient_id, quantity, recipe_ingredient_description, main) VALUES(66, 84, NULL, 'A cup', 0);
INSERT INTO recipe_ingredient(recipe_id, ingredient_id, quantity, recipe_ingredient_description, main) VALUES(66, 41, 8, NULL, 0);
INSERT INTO recipe_ingredient(recipe_id, ingredient_id, quantity, recipe_ingredient_description, main) VALUES(66, 155, 450, 'gr', 0);
INSERT INTO recipe_ingredient(recipe_id, ingredient_id, quantity, recipe_ingredient_description, main) VALUES(66, 343, 70, 'ml', 0);

INSERT INTO recipe_ingredient(recipe_id, ingredient_id, quantity, recipe_ingredient_description, main) VALUES(67, 78, 1, NULL, 1);
INSERT INTO recipe_ingredient(recipe_id, ingredient_id, quantity, recipe_ingredient_description, main) VALUES(67, 268, NULL, 'A little', 0);
INSERT INTO recipe_ingredient(recipe_id, ingredient_id, quantity, recipe_ingredient_description, main) VALUES(67, 257, NULL, 'A little', 0);
INSERT INTO recipe_ingredient(recipe_id, ingredient_id, quantity, recipe_ingredient_description, main) VALUES(67, 69, NULL, 'A pinch', 0);
INSERT INTO recipe_ingredient(recipe_id, ingredient_id, quantity, recipe_ingredient_description, main) VALUES(67, 42, NULL, 'Few', 0);
INSERT INTO recipe_ingredient(recipe_id, ingredient_id, quantity, recipe_ingredient_description, main) VALUES(67, 17, NULL, 'Few', 0);
INSERT INTO recipe_ingredient(recipe_id, ingredient_id, quantity, recipe_ingredient_description, main) VALUES(67, 109, 210, 'ml', 0);
INSERT INTO recipe_ingredient(recipe_id, ingredient_id, quantity, recipe_ingredient_description, main) VALUES(67, 104, NULL, 'A tablespoon of', 0);
INSERT INTO recipe_ingredient(recipe_id, ingredient_id, quantity, recipe_ingredient_description, main) VALUES(67, 145, 490, 'ml', 0);
INSERT INTO recipe_ingredient(recipe_id, ingredient_id, quantity, recipe_ingredient_description, main) VALUES(67, 36, NULL, 'A little', 0);
INSERT INTO recipe_ingredient(recipe_id, ingredient_id, quantity, recipe_ingredient_description, main) VALUES(67, 328, 70, 'gr', 0);
INSERT INTO recipe_ingredient(recipe_id, ingredient_id, quantity, recipe_ingredient_description, main) VALUES(67, 19, NULL, 'Few', 0);
INSERT INTO recipe_ingredient(recipe_id, ingredient_id, quantity, recipe_ingredient_description, main) VALUES(67, 8, 210, 'gr', 0);
INSERT INTO recipe_ingredient(recipe_id, ingredient_id, quantity, recipe_ingredient_description, main) VALUES(67, 205, NULL, 'A little', 0);
INSERT INTO recipe_ingredient(recipe_id, ingredient_id, quantity, recipe_ingredient_description, main) VALUES(67, 55, 7, NULL, 0);
INSERT INTO recipe_ingredient(recipe_id, ingredient_id, quantity, recipe_ingredient_description, main) VALUES(67, 179, NULL, 'Few', 0);

INSERT INTO recipe_ingredient(recipe_id, ingredient_id, quantity, recipe_ingredient_description, main) VALUES(68, 242, 1, NULL, 1);
INSERT INTO recipe_ingredient(recipe_id, ingredient_id, quantity, recipe_ingredient_description, main) VALUES(68, 167, NULL, 'A pinch', 0);
INSERT INTO recipe_ingredient(recipe_id, ingredient_id, quantity, recipe_ingredient_description, main) VALUES(68, 5, NULL, 'A teaspoon of', 0);
INSERT INTO recipe_ingredient(recipe_id, ingredient_id, quantity, recipe_ingredient_description, main) VALUES(68, 84, 50, 'ml', 0);
INSERT INTO recipe_ingredient(recipe_id, ingredient_id, quantity, recipe_ingredient_description, main) VALUES(68, 356, NULL, 'A teaspoon of', 0);
INSERT INTO recipe_ingredient(recipe_id, ingredient_id, quantity, recipe_ingredient_description, main) VALUES(68, 279, NULL, 'A pinch', 0);
INSERT INTO recipe_ingredient(recipe_id, ingredient_id, quantity, recipe_ingredient_description, main) VALUES(68, 200, 130, 'gr', 0);
INSERT INTO recipe_ingredient(recipe_id, ingredient_id, quantity, recipe_ingredient_description, main) VALUES(68, 23, NULL, 'A cup', 0);
INSERT INTO recipe_ingredient(recipe_id, ingredient_id, quantity, recipe_ingredient_description, main) VALUES(68, 337, 570, 'gr', 0);
INSERT INTO recipe_ingredient(recipe_id, ingredient_id, quantity, recipe_ingredient_description, main) VALUES(68, 66, NULL, 'Few', 0);
INSERT INTO recipe_ingredient(recipe_id, ingredient_id, quantity, recipe_ingredient_description, main) VALUES(68, 142, 650, 'gr', 0);
INSERT INTO recipe_ingredient(recipe_id, ingredient_id, quantity, recipe_ingredient_description, main) VALUES(68, 118, NULL, 'A little', 0);
INSERT INTO recipe_ingredient(recipe_id, ingredient_id, quantity, recipe_ingredient_description, main) VALUES(68, 287, NULL, 'A teaspoon of', 0);

INSERT INTO recipe_ingredient(recipe_id, ingredient_id, quantity, recipe_ingredient_description, main) VALUES(69, 327, 1, NULL, 1);
INSERT INTO recipe_ingredient(recipe_id, ingredient_id, quantity, recipe_ingredient_description, main) VALUES(69, 236, 7, NULL, 0);
INSERT INTO recipe_ingredient(recipe_id, ingredient_id, quantity, recipe_ingredient_description, main) VALUES(69, 184, NULL, 'Few', 0);
INSERT INTO recipe_ingredient(recipe_id, ingredient_id, quantity, recipe_ingredient_description, main) VALUES(69, 327, NULL, 'A pinch', 0);
INSERT INTO recipe_ingredient(recipe_id, ingredient_id, quantity, recipe_ingredient_description, main) VALUES(69, 6, NULL, 'A pinch', 0);
INSERT INTO recipe_ingredient(recipe_id, ingredient_id, quantity, recipe_ingredient_description, main) VALUES(69, 359, NULL, 'A teaspoon of', 0);
INSERT INTO recipe_ingredient(recipe_id, ingredient_id, quantity, recipe_ingredient_description, main) VALUES(69, 112, NULL, 'A teaspoon of', 0);
INSERT INTO recipe_ingredient(recipe_id, ingredient_id, quantity, recipe_ingredient_description, main) VALUES(69, 137, NULL, 'A pinch', 0);
INSERT INTO recipe_ingredient(recipe_id, ingredient_id, quantity, recipe_ingredient_description, main) VALUES(69, 96, NULL, 'A teaspoon of', 0);
INSERT INTO recipe_ingredient(recipe_id, ingredient_id, quantity, recipe_ingredient_description, main) VALUES(69, 270, NULL, 'A tablespoon of', 0);
INSERT INTO recipe_ingredient(recipe_id, ingredient_id, quantity, recipe_ingredient_description, main) VALUES(69, 47, 110, 'gr', 0);
INSERT INTO recipe_ingredient(recipe_id, ingredient_id, quantity, recipe_ingredient_description, main) VALUES(69, 8, NULL, 'A teaspoon of', 0);
INSERT INTO recipe_ingredient(recipe_id, ingredient_id, quantity, recipe_ingredient_description, main) VALUES(69, 38, NULL, 'A cup', 0);
INSERT INTO recipe_ingredient(recipe_id, ingredient_id, quantity, recipe_ingredient_description, main) VALUES(69, 358, NULL, 'A tablespoon of', 0);
INSERT INTO recipe_ingredient(recipe_id, ingredient_id, quantity, recipe_ingredient_description, main) VALUES(69, 58, 8, NULL, 0);

INSERT INTO recipe_ingredient(recipe_id, ingredient_id, quantity, recipe_ingredient_description, main) VALUES(70, 262, 1, NULL, 1);
INSERT INTO recipe_ingredient(recipe_id, ingredient_id, quantity, recipe_ingredient_description, main) VALUES(70, 71, 8, NULL, 0);
INSERT INTO recipe_ingredient(recipe_id, ingredient_id, quantity, recipe_ingredient_description, main) VALUES(70, 365, NULL, 'A cup', 0);
INSERT INTO recipe_ingredient(recipe_id, ingredient_id, quantity, recipe_ingredient_description, main) VALUES(70, 195, 350, 'gr', 0);
INSERT INTO recipe_ingredient(recipe_id, ingredient_id, quantity, recipe_ingredient_description, main) VALUES(70, 154, NULL, 'A pinch', 0);
INSERT INTO recipe_ingredient(recipe_id, ingredient_id, quantity, recipe_ingredient_description, main) VALUES(70, 270, NULL, 'A little', 0);
INSERT INTO recipe_ingredient(recipe_id, ingredient_id, quantity, recipe_ingredient_description, main) VALUES(70, 115, NULL, 'A tablespoon of', 0);
INSERT INTO recipe_ingredient(recipe_id, ingredient_id, quantity, recipe_ingredient_description, main) VALUES(70, 269, 370, 'gr', 0);
INSERT INTO recipe_ingredient(recipe_id, ingredient_id, quantity, recipe_ingredient_description, main) VALUES(70, 7, NULL, 'A teaspoon of', 0);

INSERT INTO recipe_ingredient(recipe_id, ingredient_id, quantity, recipe_ingredient_description, main) VALUES(71, 214, 1, NULL, 1);
INSERT INTO recipe_ingredient(recipe_id, ingredient_id, quantity, recipe_ingredient_description, main) VALUES(71, 306, NULL, 'A cup', 0);
INSERT INTO recipe_ingredient(recipe_id, ingredient_id, quantity, recipe_ingredient_description, main) VALUES(71, 180, 2, NULL, 0);
INSERT INTO recipe_ingredient(recipe_id, ingredient_id, quantity, recipe_ingredient_description, main) VALUES(71, 241, NULL, 'A teaspoon of', 0);
INSERT INTO recipe_ingredient(recipe_id, ingredient_id, quantity, recipe_ingredient_description, main) VALUES(71, 300, 590, 'ml', 0);
INSERT INTO recipe_ingredient(recipe_id, ingredient_id, quantity, recipe_ingredient_description, main) VALUES(71, 282, NULL, 'A tablespoon of', 0);
INSERT INTO recipe_ingredient(recipe_id, ingredient_id, quantity, recipe_ingredient_description, main) VALUES(71, 291, NULL, 'A tablespoon of', 0);
INSERT INTO recipe_ingredient(recipe_id, ingredient_id, quantity, recipe_ingredient_description, main) VALUES(71, 10, 650, 'gr', 0);
INSERT INTO recipe_ingredient(recipe_id, ingredient_id, quantity, recipe_ingredient_description, main) VALUES(71, 229, NULL, 'A pinch', 0);
INSERT INTO recipe_ingredient(recipe_id, ingredient_id, quantity, recipe_ingredient_description, main) VALUES(71, 15, NULL, 'A cup', 0);
INSERT INTO recipe_ingredient(recipe_id, ingredient_id, quantity, recipe_ingredient_description, main) VALUES(71, 99, NULL, 'A teaspoon of', 0);
INSERT INTO recipe_ingredient(recipe_id, ingredient_id, quantity, recipe_ingredient_description, main) VALUES(71, 166, NULL, 'A teaspoon of', 0);
INSERT INTO recipe_ingredient(recipe_id, ingredient_id, quantity, recipe_ingredient_description, main) VALUES(71, 126, NULL, 'A teaspoon of', 0);
INSERT INTO recipe_ingredient(recipe_id, ingredient_id, quantity, recipe_ingredient_description, main) VALUES(71, 248, NULL, 'A pinch', 0);
INSERT INTO recipe_ingredient(recipe_id, ingredient_id, quantity, recipe_ingredient_description, main) VALUES(71, 300, NULL, 'A tablespoon of', 0);
INSERT INTO recipe_ingredient(recipe_id, ingredient_id, quantity, recipe_ingredient_description, main) VALUES(71, 6, 7, NULL, 0);

INSERT INTO recipe_ingredient(recipe_id, ingredient_id, quantity, recipe_ingredient_description, main) VALUES(72, 226, 1, NULL, 1);
INSERT INTO recipe_ingredient(recipe_id, ingredient_id, quantity, recipe_ingredient_description, main) VALUES(72, 60, NULL, 'A teaspoon of', 0);
INSERT INTO recipe_ingredient(recipe_id, ingredient_id, quantity, recipe_ingredient_description, main) VALUES(72, 153, 390, 'ml', 0);
INSERT INTO recipe_ingredient(recipe_id, ingredient_id, quantity, recipe_ingredient_description, main) VALUES(72, 306, 370, 'ml', 0);
INSERT INTO recipe_ingredient(recipe_id, ingredient_id, quantity, recipe_ingredient_description, main) VALUES(72, 258, NULL, 'Few', 0);
INSERT INTO recipe_ingredient(recipe_id, ingredient_id, quantity, recipe_ingredient_description, main) VALUES(72, 59, NULL, 'A teaspoon of', 0);
INSERT INTO recipe_ingredient(recipe_id, ingredient_id, quantity, recipe_ingredient_description, main) VALUES(72, 114, NULL, 'A pinch', 0);
INSERT INTO recipe_ingredient(recipe_id, ingredient_id, quantity, recipe_ingredient_description, main) VALUES(72, 301, NULL, 'A little', 0);
INSERT INTO recipe_ingredient(recipe_id, ingredient_id, quantity, recipe_ingredient_description, main) VALUES(72, 250, NULL, 'Few', 0);
INSERT INTO recipe_ingredient(recipe_id, ingredient_id, quantity, recipe_ingredient_description, main) VALUES(72, 28, NULL, 'Few', 0);

INSERT INTO recipe_ingredient(recipe_id, ingredient_id, quantity, recipe_ingredient_description, main) VALUES(73, 170, 1, NULL, 1);
INSERT INTO recipe_ingredient(recipe_id, ingredient_id, quantity, recipe_ingredient_description, main) VALUES(73, 274, 230, 'ml', 0);
INSERT INTO recipe_ingredient(recipe_id, ingredient_id, quantity, recipe_ingredient_description, main) VALUES(73, 218, NULL, 'Few', 0);
INSERT INTO recipe_ingredient(recipe_id, ingredient_id, quantity, recipe_ingredient_description, main) VALUES(73, 292, NULL, 'A little', 0);
INSERT INTO recipe_ingredient(recipe_id, ingredient_id, quantity, recipe_ingredient_description, main) VALUES(73, 149, NULL, 'A little', 0);
INSERT INTO recipe_ingredient(recipe_id, ingredient_id, quantity, recipe_ingredient_description, main) VALUES(73, 34, NULL, 'A teaspoon of', 0);
INSERT INTO recipe_ingredient(recipe_id, ingredient_id, quantity, recipe_ingredient_description, main) VALUES(73, 314, NULL, 'A pinch', 0);
INSERT INTO recipe_ingredient(recipe_id, ingredient_id, quantity, recipe_ingredient_description, main) VALUES(73, 219, NULL, 'A tablespoon of', 0);
INSERT INTO recipe_ingredient(recipe_id, ingredient_id, quantity, recipe_ingredient_description, main) VALUES(73, 314, 290, 'ml', 0);
INSERT INTO recipe_ingredient(recipe_id, ingredient_id, quantity, recipe_ingredient_description, main) VALUES(73, 231, NULL, 'A pinch', 0);

INSERT INTO recipe_ingredient(recipe_id, ingredient_id, quantity, recipe_ingredient_description, main) VALUES(74, 291, 1, NULL, 1);
INSERT INTO recipe_ingredient(recipe_id, ingredient_id, quantity, recipe_ingredient_description, main) VALUES(74, 40, NULL, 'Few', 0);
INSERT INTO recipe_ingredient(recipe_id, ingredient_id, quantity, recipe_ingredient_description, main) VALUES(74, 316, 570, 'gr', 0);
INSERT INTO recipe_ingredient(recipe_id, ingredient_id, quantity, recipe_ingredient_description, main) VALUES(74, 233, 2, NULL, 0);
INSERT INTO recipe_ingredient(recipe_id, ingredient_id, quantity, recipe_ingredient_description, main) VALUES(74, 362, 510, 'ml', 0);
INSERT INTO recipe_ingredient(recipe_id, ingredient_id, quantity, recipe_ingredient_description, main) VALUES(74, 92, 6, NULL, 0);
INSERT INTO recipe_ingredient(recipe_id, ingredient_id, quantity, recipe_ingredient_description, main) VALUES(74, 362, NULL, 'A tablespoon of', 0);
INSERT INTO recipe_ingredient(recipe_id, ingredient_id, quantity, recipe_ingredient_description, main) VALUES(74, 300, NULL, 'A tablespoon of', 0);
INSERT INTO recipe_ingredient(recipe_id, ingredient_id, quantity, recipe_ingredient_description, main) VALUES(74, 309, 530, 'ml', 0);
INSERT INTO recipe_ingredient(recipe_id, ingredient_id, quantity, recipe_ingredient_description, main) VALUES(74, 180, NULL, 'A cup', 0);
INSERT INTO recipe_ingredient(recipe_id, ingredient_id, quantity, recipe_ingredient_description, main) VALUES(74, 67, NULL, 'A tablespoon of', 0);
INSERT INTO recipe_ingredient(recipe_id, ingredient_id, quantity, recipe_ingredient_description, main) VALUES(74, 336, NULL, 'A pinch', 0);

INSERT INTO recipe_ingredient(recipe_id, ingredient_id, quantity, recipe_ingredient_description, main) VALUES(75, 27, 1, NULL, 1);
INSERT INTO recipe_ingredient(recipe_id, ingredient_id, quantity, recipe_ingredient_description, main) VALUES(75, 305, NULL, 'A cup', 0);
INSERT INTO recipe_ingredient(recipe_id, ingredient_id, quantity, recipe_ingredient_description, main) VALUES(75, 226, 530, 'gr', 0);
INSERT INTO recipe_ingredient(recipe_id, ingredient_id, quantity, recipe_ingredient_description, main) VALUES(75, 144, 410, 'ml', 0);
INSERT INTO recipe_ingredient(recipe_id, ingredient_id, quantity, recipe_ingredient_description, main) VALUES(75, 321, 310, 'ml', 0);
INSERT INTO recipe_ingredient(recipe_id, ingredient_id, quantity, recipe_ingredient_description, main) VALUES(75, 100, NULL, 'A teaspoon of', 0);
INSERT INTO recipe_ingredient(recipe_id, ingredient_id, quantity, recipe_ingredient_description, main) VALUES(75, 63, NULL, 'A little', 0);
INSERT INTO recipe_ingredient(recipe_id, ingredient_id, quantity, recipe_ingredient_description, main) VALUES(75, 333, NULL, 'Few', 0);
INSERT INTO recipe_ingredient(recipe_id, ingredient_id, quantity, recipe_ingredient_description, main) VALUES(75, 189, NULL, 'A little', 0);
INSERT INTO recipe_ingredient(recipe_id, ingredient_id, quantity, recipe_ingredient_description, main) VALUES(75, 273, NULL, 'A little', 0);
INSERT INTO recipe_ingredient(recipe_id, ingredient_id, quantity, recipe_ingredient_description, main) VALUES(75, 192, NULL, 'A tablespoon of', 0);
INSERT INTO recipe_ingredient(recipe_id, ingredient_id, quantity, recipe_ingredient_description, main) VALUES(75, 327, 550, 'ml', 0);
INSERT INTO recipe_ingredient(recipe_id, ingredient_id, quantity, recipe_ingredient_description, main) VALUES(75, 349, NULL, 'A cup', 0);

INSERT INTO recipe_ingredient(recipe_id, ingredient_id, quantity, recipe_ingredient_description, main) VALUES(76, 6, 1, NULL, 1);
INSERT INTO recipe_ingredient(recipe_id, ingredient_id, quantity, recipe_ingredient_description, main) VALUES(76, 187, NULL, 'Few', 0);
INSERT INTO recipe_ingredient(recipe_id, ingredient_id, quantity, recipe_ingredient_description, main) VALUES(76, 323, NULL, 'A cup', 0);
INSERT INTO recipe_ingredient(recipe_id, ingredient_id, quantity, recipe_ingredient_description, main) VALUES(76, 267, NULL, 'A pinch', 0);
INSERT INTO recipe_ingredient(recipe_id, ingredient_id, quantity, recipe_ingredient_description, main) VALUES(76, 58, 290, 'gr', 0);
INSERT INTO recipe_ingredient(recipe_id, ingredient_id, quantity, recipe_ingredient_description, main) VALUES(76, 337, NULL, 'A teaspoon of', 0);
INSERT INTO recipe_ingredient(recipe_id, ingredient_id, quantity, recipe_ingredient_description, main) VALUES(76, 113, NULL, 'A pinch', 0);
INSERT INTO recipe_ingredient(recipe_id, ingredient_id, quantity, recipe_ingredient_description, main) VALUES(76, 335, NULL, 'A pinch', 0);
INSERT INTO recipe_ingredient(recipe_id, ingredient_id, quantity, recipe_ingredient_description, main) VALUES(76, 180, NULL, 'A teaspoon of', 0);
INSERT INTO recipe_ingredient(recipe_id, ingredient_id, quantity, recipe_ingredient_description, main) VALUES(76, 19, NULL, 'A cup', 0);
INSERT INTO recipe_ingredient(recipe_id, ingredient_id, quantity, recipe_ingredient_description, main) VALUES(76, 265, NULL, 'A teaspoon of', 0);
INSERT INTO recipe_ingredient(recipe_id, ingredient_id, quantity, recipe_ingredient_description, main) VALUES(76, 67, NULL, 'Few', 0);
INSERT INTO recipe_ingredient(recipe_id, ingredient_id, quantity, recipe_ingredient_description, main) VALUES(76, 258, NULL, 'Few', 0);
INSERT INTO recipe_ingredient(recipe_id, ingredient_id, quantity, recipe_ingredient_description, main) VALUES(76, 132, 670, 'gr', 0);
INSERT INTO recipe_ingredient(recipe_id, ingredient_id, quantity, recipe_ingredient_description, main) VALUES(76, 5, NULL, 'A cup', 0);
INSERT INTO recipe_ingredient(recipe_id, ingredient_id, quantity, recipe_ingredient_description, main) VALUES(76, 233, NULL, 'A little', 0);

INSERT INTO recipe_ingredient(recipe_id, ingredient_id, quantity, recipe_ingredient_description, main) VALUES(77, 253, 1, NULL, 1);
INSERT INTO recipe_ingredient(recipe_id, ingredient_id, quantity, recipe_ingredient_description, main) VALUES(77, 278, 690, 'gr', 0);
INSERT INTO recipe_ingredient(recipe_id, ingredient_id, quantity, recipe_ingredient_description, main) VALUES(77, 62, NULL, 'A pinch', 0);
INSERT INTO recipe_ingredient(recipe_id, ingredient_id, quantity, recipe_ingredient_description, main) VALUES(77, 33, 570, 'ml', 0);
INSERT INTO recipe_ingredient(recipe_id, ingredient_id, quantity, recipe_ingredient_description, main) VALUES(77, 305, 4, NULL, 0);
INSERT INTO recipe_ingredient(recipe_id, ingredient_id, quantity, recipe_ingredient_description, main) VALUES(77, 116, NULL, 'A cup', 0);
INSERT INTO recipe_ingredient(recipe_id, ingredient_id, quantity, recipe_ingredient_description, main) VALUES(77, 119, 330, 'gr', 0);
INSERT INTO recipe_ingredient(recipe_id, ingredient_id, quantity, recipe_ingredient_description, main) VALUES(77, 250, NULL, 'A cup', 0);
INSERT INTO recipe_ingredient(recipe_id, ingredient_id, quantity, recipe_ingredient_description, main) VALUES(77, 271, NULL, 'A little', 0);
INSERT INTO recipe_ingredient(recipe_id, ingredient_id, quantity, recipe_ingredient_description, main) VALUES(77, 80, NULL, 'A teaspoon of', 0);

INSERT INTO recipe_ingredient(recipe_id, ingredient_id, quantity, recipe_ingredient_description, main) VALUES(78, 151, 1, NULL, 1);
INSERT INTO recipe_ingredient(recipe_id, ingredient_id, quantity, recipe_ingredient_description, main) VALUES(78, 187, NULL, 'A teaspoon of', 0);
INSERT INTO recipe_ingredient(recipe_id, ingredient_id, quantity, recipe_ingredient_description, main) VALUES(78, 116, NULL, 'A cup', 0);
INSERT INTO recipe_ingredient(recipe_id, ingredient_id, quantity, recipe_ingredient_description, main) VALUES(78, 188, NULL, 'Few', 0);
INSERT INTO recipe_ingredient(recipe_id, ingredient_id, quantity, recipe_ingredient_description, main) VALUES(78, 130, 210, 'ml', 0);
INSERT INTO recipe_ingredient(recipe_id, ingredient_id, quantity, recipe_ingredient_description, main) VALUES(78, 223, NULL, 'A cup', 0);
INSERT INTO recipe_ingredient(recipe_id, ingredient_id, quantity, recipe_ingredient_description, main) VALUES(78, 87, NULL, 'Few', 0);
INSERT INTO recipe_ingredient(recipe_id, ingredient_id, quantity, recipe_ingredient_description, main) VALUES(78, 185, NULL, 'A cup', 0);
INSERT INTO recipe_ingredient(recipe_id, ingredient_id, quantity, recipe_ingredient_description, main) VALUES(78, 101, NULL, 'A tablespoon of', 0);
INSERT INTO recipe_ingredient(recipe_id, ingredient_id, quantity, recipe_ingredient_description, main) VALUES(78, 56, NULL, 'A teaspoon of', 0);
INSERT INTO recipe_ingredient(recipe_id, ingredient_id, quantity, recipe_ingredient_description, main) VALUES(78, 262, 50, 'ml', 0);
INSERT INTO recipe_ingredient(recipe_id, ingredient_id, quantity, recipe_ingredient_description, main) VALUES(78, 146, NULL, 'Few', 0);
INSERT INTO recipe_ingredient(recipe_id, ingredient_id, quantity, recipe_ingredient_description, main) VALUES(78, 49, 510, 'ml', 0);

INSERT INTO recipe_ingredient(recipe_id, ingredient_id, quantity, recipe_ingredient_description, main) VALUES(79, 283, 1, NULL, 1);
INSERT INTO recipe_ingredient(recipe_id, ingredient_id, quantity, recipe_ingredient_description, main) VALUES(79, 138, NULL, 'A teaspoon of', 0);
INSERT INTO recipe_ingredient(recipe_id, ingredient_id, quantity, recipe_ingredient_description, main) VALUES(79, 226, 590, 'gr', 0);
INSERT INTO recipe_ingredient(recipe_id, ingredient_id, quantity, recipe_ingredient_description, main) VALUES(79, 238, NULL, 'Few', 0);
INSERT INTO recipe_ingredient(recipe_id, ingredient_id, quantity, recipe_ingredient_description, main) VALUES(79, 5, NULL, 'A tablespoon of', 0);
INSERT INTO recipe_ingredient(recipe_id, ingredient_id, quantity, recipe_ingredient_description, main) VALUES(79, 296, NULL, 'A cup', 0);
INSERT INTO recipe_ingredient(recipe_id, ingredient_id, quantity, recipe_ingredient_description, main) VALUES(79, 123, NULL, 'A little', 0);
INSERT INTO recipe_ingredient(recipe_id, ingredient_id, quantity, recipe_ingredient_description, main) VALUES(79, 278, 330, 'gr', 0);

INSERT INTO recipe_ingredient(recipe_id, ingredient_id, quantity, recipe_ingredient_description, main) VALUES(80, 122, 1, NULL, 1);
INSERT INTO recipe_ingredient(recipe_id, ingredient_id, quantity, recipe_ingredient_description, main) VALUES(80, 69, NULL, 'A teaspoon of', 0);
INSERT INTO recipe_ingredient(recipe_id, ingredient_id, quantity, recipe_ingredient_description, main) VALUES(80, 313, 7, NULL, 0);
INSERT INTO recipe_ingredient(recipe_id, ingredient_id, quantity, recipe_ingredient_description, main) VALUES(80, 361, NULL, 'Few', 0);
INSERT INTO recipe_ingredient(recipe_id, ingredient_id, quantity, recipe_ingredient_description, main) VALUES(80, 295, 230, 'ml', 0);
INSERT INTO recipe_ingredient(recipe_id, ingredient_id, quantity, recipe_ingredient_description, main) VALUES(80, 185, NULL, 'A tablespoon of', 0);
INSERT INTO recipe_ingredient(recipe_id, ingredient_id, quantity, recipe_ingredient_description, main) VALUES(80, 164, NULL, 'Few', 0);
INSERT INTO recipe_ingredient(recipe_id, ingredient_id, quantity, recipe_ingredient_description, main) VALUES(80, 135, NULL, 'Few', 0);
INSERT INTO recipe_ingredient(recipe_id, ingredient_id, quantity, recipe_ingredient_description, main) VALUES(80, 343, NULL, 'Few', 0);
INSERT INTO recipe_ingredient(recipe_id, ingredient_id, quantity, recipe_ingredient_description, main) VALUES(80, 121, NULL, 'A cup', 0);
INSERT INTO recipe_ingredient(recipe_id, ingredient_id, quantity, recipe_ingredient_description, main) VALUES(80, 350, NULL, 'A tablespoon of', 0);

INSERT INTO recipe_ingredient(recipe_id, ingredient_id, quantity, recipe_ingredient_description, main) VALUES(81, 53, 1, NULL, 1);
INSERT INTO recipe_ingredient(recipe_id, ingredient_id, quantity, recipe_ingredient_description, main) VALUES(81, 154, NULL, 'Few', 0);
INSERT INTO recipe_ingredient(recipe_id, ingredient_id, quantity, recipe_ingredient_description, main) VALUES(81, 24, 450, 'ml', 0);
INSERT INTO recipe_ingredient(recipe_id, ingredient_id, quantity, recipe_ingredient_description, main) VALUES(81, 4, NULL, 'A tablespoon of', 0);
INSERT INTO recipe_ingredient(recipe_id, ingredient_id, quantity, recipe_ingredient_description, main) VALUES(81, 123, 690, 'ml', 0);
INSERT INTO recipe_ingredient(recipe_id, ingredient_id, quantity, recipe_ingredient_description, main) VALUES(81, 260, NULL, 'A pinch', 0);

INSERT INTO recipe_ingredient(recipe_id, ingredient_id, quantity, recipe_ingredient_description, main) VALUES(82, 82, 1, NULL, 1);
INSERT INTO recipe_ingredient(recipe_id, ingredient_id, quantity, recipe_ingredient_description, main) VALUES(82, 356, NULL, 'A teaspoon of', 0);
INSERT INTO recipe_ingredient(recipe_id, ingredient_id, quantity, recipe_ingredient_description, main) VALUES(82, 341, NULL, 'A little', 0);
INSERT INTO recipe_ingredient(recipe_id, ingredient_id, quantity, recipe_ingredient_description, main) VALUES(82, 107, NULL, 'A tablespoon of', 0);
INSERT INTO recipe_ingredient(recipe_id, ingredient_id, quantity, recipe_ingredient_description, main) VALUES(82, 245, 7, NULL, 0);
INSERT INTO recipe_ingredient(recipe_id, ingredient_id, quantity, recipe_ingredient_description, main) VALUES(82, 29, NULL, 'A tablespoon of', 0);
INSERT INTO recipe_ingredient(recipe_id, ingredient_id, quantity, recipe_ingredient_description, main) VALUES(82, 87, 8, NULL, 0);
INSERT INTO recipe_ingredient(recipe_id, ingredient_id, quantity, recipe_ingredient_description, main) VALUES(82, 103, 430, 'ml', 0);
INSERT INTO recipe_ingredient(recipe_id, ingredient_id, quantity, recipe_ingredient_description, main) VALUES(82, 325, NULL, 'A cup', 0);
INSERT INTO recipe_ingredient(recipe_id, ingredient_id, quantity, recipe_ingredient_description, main) VALUES(82, 49, NULL, 'A tablespoon of', 0);
INSERT INTO recipe_ingredient(recipe_id, ingredient_id, quantity, recipe_ingredient_description, main) VALUES(82, 84, NULL, 'A little', 0);

INSERT INTO recipe_ingredient(recipe_id, ingredient_id, quantity, recipe_ingredient_description, main) VALUES(83, 77, 1, NULL, 1);
INSERT INTO recipe_ingredient(recipe_id, ingredient_id, quantity, recipe_ingredient_description, main) VALUES(83, 289, NULL, 'A pinch', 0);
INSERT INTO recipe_ingredient(recipe_id, ingredient_id, quantity, recipe_ingredient_description, main) VALUES(83, 68, NULL, 'A tablespoon of', 0);
INSERT INTO recipe_ingredient(recipe_id, ingredient_id, quantity, recipe_ingredient_description, main) VALUES(83, 365, NULL, 'A teaspoon of', 0);
INSERT INTO recipe_ingredient(recipe_id, ingredient_id, quantity, recipe_ingredient_description, main) VALUES(83, 161, NULL, 'A pinch', 0);
INSERT INTO recipe_ingredient(recipe_id, ingredient_id, quantity, recipe_ingredient_description, main) VALUES(83, 281, NULL, 'A pinch', 0);
INSERT INTO recipe_ingredient(recipe_id, ingredient_id, quantity, recipe_ingredient_description, main) VALUES(83, 192, NULL, 'Few', 0);
INSERT INTO recipe_ingredient(recipe_id, ingredient_id, quantity, recipe_ingredient_description, main) VALUES(83, 361, 550, 'gr', 0);
INSERT INTO recipe_ingredient(recipe_id, ingredient_id, quantity, recipe_ingredient_description, main) VALUES(83, 271, NULL, 'Few', 0);

INSERT INTO recipe_ingredient(recipe_id, ingredient_id, quantity, recipe_ingredient_description, main) VALUES(84, 61, 1, NULL, 1);
INSERT INTO recipe_ingredient(recipe_id, ingredient_id, quantity, recipe_ingredient_description, main) VALUES(84, 241, 150, 'gr', 0);
INSERT INTO recipe_ingredient(recipe_id, ingredient_id, quantity, recipe_ingredient_description, main) VALUES(84, 60, NULL, 'A little', 0);
INSERT INTO recipe_ingredient(recipe_id, ingredient_id, quantity, recipe_ingredient_description, main) VALUES(84, 168, 630, 'gr', 0);
INSERT INTO recipe_ingredient(recipe_id, ingredient_id, quantity, recipe_ingredient_description, main) VALUES(84, 90, NULL, 'A teaspoon of', 0);
INSERT INTO recipe_ingredient(recipe_id, ingredient_id, quantity, recipe_ingredient_description, main) VALUES(84, 263, 270, 'gr', 0);
INSERT INTO recipe_ingredient(recipe_id, ingredient_id, quantity, recipe_ingredient_description, main) VALUES(84, 230, 550, 'gr', 0);

INSERT INTO recipe_ingredient(recipe_id, ingredient_id, quantity, recipe_ingredient_description, main) VALUES(85, 249, 1, NULL, 1);
INSERT INTO recipe_ingredient(recipe_id, ingredient_id, quantity, recipe_ingredient_description, main) VALUES(85, 237, 310, 'gr', 0);
INSERT INTO recipe_ingredient(recipe_id, ingredient_id, quantity, recipe_ingredient_description, main) VALUES(85, 302, NULL, 'A pinch', 0);
INSERT INTO recipe_ingredient(recipe_id, ingredient_id, quantity, recipe_ingredient_description, main) VALUES(85, 162, NULL, 'A little', 0);
INSERT INTO recipe_ingredient(recipe_id, ingredient_id, quantity, recipe_ingredient_description, main) VALUES(85, 159, NULL, 'A pinch', 0);
INSERT INTO recipe_ingredient(recipe_id, ingredient_id, quantity, recipe_ingredient_description, main) VALUES(85, 174, NULL, 'A pinch', 0);
INSERT INTO recipe_ingredient(recipe_id, ingredient_id, quantity, recipe_ingredient_description, main) VALUES(85, 129, NULL, 'A cup', 0);
INSERT INTO recipe_ingredient(recipe_id, ingredient_id, quantity, recipe_ingredient_description, main) VALUES(85, 347, NULL, 'A pinch', 0);
INSERT INTO recipe_ingredient(recipe_id, ingredient_id, quantity, recipe_ingredient_description, main) VALUES(85, 8, NULL, 'A little', 0);
INSERT INTO recipe_ingredient(recipe_id, ingredient_id, quantity, recipe_ingredient_description, main) VALUES(85, 47, NULL, 'Few', 0);
INSERT INTO recipe_ingredient(recipe_id, ingredient_id, quantity, recipe_ingredient_description, main) VALUES(85, 103, NULL, 'A tablespoon of', 0);
INSERT INTO recipe_ingredient(recipe_id, ingredient_id, quantity, recipe_ingredient_description, main) VALUES(85, 198, NULL, 'A little', 0);

INSERT INTO recipe_ingredient(recipe_id, ingredient_id, quantity, recipe_ingredient_description, main) VALUES(86, 137, 1, NULL, 1);
INSERT INTO recipe_ingredient(recipe_id, ingredient_id, quantity, recipe_ingredient_description, main) VALUES(86, 17, NULL, 'Few', 0);
INSERT INTO recipe_ingredient(recipe_id, ingredient_id, quantity, recipe_ingredient_description, main) VALUES(86, 300, NULL, 'A tablespoon of', 0);
INSERT INTO recipe_ingredient(recipe_id, ingredient_id, quantity, recipe_ingredient_description, main) VALUES(86, 315, 7, NULL, 0);
INSERT INTO recipe_ingredient(recipe_id, ingredient_id, quantity, recipe_ingredient_description, main) VALUES(86, 345, NULL, 'Few', 0);
INSERT INTO recipe_ingredient(recipe_id, ingredient_id, quantity, recipe_ingredient_description, main) VALUES(86, 99, NULL, 'A teaspoon of', 0);
INSERT INTO recipe_ingredient(recipe_id, ingredient_id, quantity, recipe_ingredient_description, main) VALUES(86, 105, NULL, 'A teaspoon of', 0);

INSERT INTO recipe_ingredient(recipe_id, ingredient_id, quantity, recipe_ingredient_description, main) VALUES(87, 165, 1, NULL, 1);
INSERT INTO recipe_ingredient(recipe_id, ingredient_id, quantity, recipe_ingredient_description, main) VALUES(87, 81, NULL, 'A pinch', 0);
INSERT INTO recipe_ingredient(recipe_id, ingredient_id, quantity, recipe_ingredient_description, main) VALUES(87, 8, NULL, 'A pinch', 0);
INSERT INTO recipe_ingredient(recipe_id, ingredient_id, quantity, recipe_ingredient_description, main) VALUES(87, 234, NULL, 'A pinch', 0);
INSERT INTO recipe_ingredient(recipe_id, ingredient_id, quantity, recipe_ingredient_description, main) VALUES(87, 27, NULL, 'A cup', 0);
INSERT INTO recipe_ingredient(recipe_id, ingredient_id, quantity, recipe_ingredient_description, main) VALUES(87, 103, NULL, 'A teaspoon of', 0);
INSERT INTO recipe_ingredient(recipe_id, ingredient_id, quantity, recipe_ingredient_description, main) VALUES(87, 40, NULL, 'A teaspoon of', 0);
INSERT INTO recipe_ingredient(recipe_id, ingredient_id, quantity, recipe_ingredient_description, main) VALUES(87, 74, NULL, 'Few', 0);

INSERT INTO recipe_ingredient(recipe_id, ingredient_id, quantity, recipe_ingredient_description, main) VALUES(88, 306, 1, NULL, 1);
INSERT INTO recipe_ingredient(recipe_id, ingredient_id, quantity, recipe_ingredient_description, main) VALUES(88, 49, NULL, 'Few', 0);
INSERT INTO recipe_ingredient(recipe_id, ingredient_id, quantity, recipe_ingredient_description, main) VALUES(88, 124, NULL, 'A pinch', 0);
INSERT INTO recipe_ingredient(recipe_id, ingredient_id, quantity, recipe_ingredient_description, main) VALUES(88, 347, 410, 'gr', 0);
INSERT INTO recipe_ingredient(recipe_id, ingredient_id, quantity, recipe_ingredient_description, main) VALUES(88, 345, NULL, 'A little', 0);
INSERT INTO recipe_ingredient(recipe_id, ingredient_id, quantity, recipe_ingredient_description, main) VALUES(88, 75, NULL, 'A cup', 0);
INSERT INTO recipe_ingredient(recipe_id, ingredient_id, quantity, recipe_ingredient_description, main) VALUES(88, 169, NULL, 'A teaspoon of', 0);
INSERT INTO recipe_ingredient(recipe_id, ingredient_id, quantity, recipe_ingredient_description, main) VALUES(88, 263, 90, 'ml', 0);
INSERT INTO recipe_ingredient(recipe_id, ingredient_id, quantity, recipe_ingredient_description, main) VALUES(88, 285, NULL, 'A cup', 0);
INSERT INTO recipe_ingredient(recipe_id, ingredient_id, quantity, recipe_ingredient_description, main) VALUES(88, 361, NULL, 'A little', 0);
INSERT INTO recipe_ingredient(recipe_id, ingredient_id, quantity, recipe_ingredient_description, main) VALUES(88, 167, NULL, 'A pinch', 0);
INSERT INTO recipe_ingredient(recipe_id, ingredient_id, quantity, recipe_ingredient_description, main) VALUES(88, 64, NULL, 'A tablespoon of', 0);
INSERT INTO recipe_ingredient(recipe_id, ingredient_id, quantity, recipe_ingredient_description, main) VALUES(88, 194, NULL, 'Few', 0);
INSERT INTO recipe_ingredient(recipe_id, ingredient_id, quantity, recipe_ingredient_description, main) VALUES(88, 47, 3, NULL, 0);
INSERT INTO recipe_ingredient(recipe_id, ingredient_id, quantity, recipe_ingredient_description, main) VALUES(88, 324, NULL, 'A tablespoon of', 0);
INSERT INTO recipe_ingredient(recipe_id, ingredient_id, quantity, recipe_ingredient_description, main) VALUES(88, 42, NULL, 'A cup', 0);

INSERT INTO recipe_ingredient(recipe_id, ingredient_id, quantity, recipe_ingredient_description, main) VALUES(89, 120, 1, NULL, 1);
INSERT INTO recipe_ingredient(recipe_id, ingredient_id, quantity, recipe_ingredient_description, main) VALUES(89, 154, NULL, 'A little', 0);
INSERT INTO recipe_ingredient(recipe_id, ingredient_id, quantity, recipe_ingredient_description, main) VALUES(89, 79, NULL, 'A pinch', 0);
INSERT INTO recipe_ingredient(recipe_id, ingredient_id, quantity, recipe_ingredient_description, main) VALUES(89, 186, NULL, 'Few', 0);
INSERT INTO recipe_ingredient(recipe_id, ingredient_id, quantity, recipe_ingredient_description, main) VALUES(89, 173, NULL, 'A pinch', 0);
INSERT INTO recipe_ingredient(recipe_id, ingredient_id, quantity, recipe_ingredient_description, main) VALUES(89, 262, NULL, 'A pinch', 0);
INSERT INTO recipe_ingredient(recipe_id, ingredient_id, quantity, recipe_ingredient_description, main) VALUES(89, 275, 470, 'ml', 0);
INSERT INTO recipe_ingredient(recipe_id, ingredient_id, quantity, recipe_ingredient_description, main) VALUES(89, 274, NULL, 'A teaspoon of', 0);
INSERT INTO recipe_ingredient(recipe_id, ingredient_id, quantity, recipe_ingredient_description, main) VALUES(89, 241, 2, NULL, 0);
INSERT INTO recipe_ingredient(recipe_id, ingredient_id, quantity, recipe_ingredient_description, main) VALUES(89, 281, 5, NULL, 0);
INSERT INTO recipe_ingredient(recipe_id, ingredient_id, quantity, recipe_ingredient_description, main) VALUES(89, 228, NULL, 'A teaspoon of', 0);
INSERT INTO recipe_ingredient(recipe_id, ingredient_id, quantity, recipe_ingredient_description, main) VALUES(89, 131, NULL, 'A tablespoon of', 0);
INSERT INTO recipe_ingredient(recipe_id, ingredient_id, quantity, recipe_ingredient_description, main) VALUES(89, 157, 570, 'gr', 0);
INSERT INTO recipe_ingredient(recipe_id, ingredient_id, quantity, recipe_ingredient_description, main) VALUES(89, 39, 510, 'ml', 0);

INSERT INTO recipe_ingredient(recipe_id, ingredient_id, quantity, recipe_ingredient_description, main) VALUES(90, 115, 1, NULL, 1);
INSERT INTO recipe_ingredient(recipe_id, ingredient_id, quantity, recipe_ingredient_description, main) VALUES(90, 322, NULL, 'A teaspoon of', 0);
INSERT INTO recipe_ingredient(recipe_id, ingredient_id, quantity, recipe_ingredient_description, main) VALUES(90, 45, NULL, 'A cup', 0);
INSERT INTO recipe_ingredient(recipe_id, ingredient_id, quantity, recipe_ingredient_description, main) VALUES(90, 287, NULL, 'A teaspoon of', 0);
INSERT INTO recipe_ingredient(recipe_id, ingredient_id, quantity, recipe_ingredient_description, main) VALUES(90, 194, NULL, 'A little', 0);
INSERT INTO recipe_ingredient(recipe_id, ingredient_id, quantity, recipe_ingredient_description, main) VALUES(90, 153, NULL, 'A tablespoon of', 0);
INSERT INTO recipe_ingredient(recipe_id, ingredient_id, quantity, recipe_ingredient_description, main) VALUES(90, 262, 2, NULL, 0);
INSERT INTO recipe_ingredient(recipe_id, ingredient_id, quantity, recipe_ingredient_description, main) VALUES(90, 254, NULL, 'A tablespoon of', 0);
INSERT INTO recipe_ingredient(recipe_id, ingredient_id, quantity, recipe_ingredient_description, main) VALUES(90, 247, 2, NULL, 0);
INSERT INTO recipe_ingredient(recipe_id, ingredient_id, quantity, recipe_ingredient_description, main) VALUES(90, 169, NULL, 'A cup', 0);
INSERT INTO recipe_ingredient(recipe_id, ingredient_id, quantity, recipe_ingredient_description, main) VALUES(90, 219, 450, 'ml', 0);
INSERT INTO recipe_ingredient(recipe_id, ingredient_id, quantity, recipe_ingredient_description, main) VALUES(90, 227, NULL, 'A little', 0);
INSERT INTO recipe_ingredient(recipe_id, ingredient_id, quantity, recipe_ingredient_description, main) VALUES(90, 160, NULL, 'A pinch', 0);

INSERT INTO recipe_ingredient(recipe_id, ingredient_id, quantity, recipe_ingredient_description, main) VALUES(91, 270, 1, NULL, 1);
INSERT INTO recipe_ingredient(recipe_id, ingredient_id, quantity, recipe_ingredient_description, main) VALUES(91, 17, NULL, 'A teaspoon of', 0);
INSERT INTO recipe_ingredient(recipe_id, ingredient_id, quantity, recipe_ingredient_description, main) VALUES(91, 25, 3, NULL, 0);
INSERT INTO recipe_ingredient(recipe_id, ingredient_id, quantity, recipe_ingredient_description, main) VALUES(91, 282, NULL, 'A cup', 0);
INSERT INTO recipe_ingredient(recipe_id, ingredient_id, quantity, recipe_ingredient_description, main) VALUES(91, 165, 310, 'ml', 0);
INSERT INTO recipe_ingredient(recipe_id, ingredient_id, quantity, recipe_ingredient_description, main) VALUES(91, 65, NULL, 'A little', 0);
INSERT INTO recipe_ingredient(recipe_id, ingredient_id, quantity, recipe_ingredient_description, main) VALUES(91, 298, 270, 'gr', 0);
INSERT INTO recipe_ingredient(recipe_id, ingredient_id, quantity, recipe_ingredient_description, main) VALUES(91, 2, 230, 'gr', 0);
INSERT INTO recipe_ingredient(recipe_id, ingredient_id, quantity, recipe_ingredient_description, main) VALUES(91, 115, NULL, 'A pinch', 0);
INSERT INTO recipe_ingredient(recipe_id, ingredient_id, quantity, recipe_ingredient_description, main) VALUES(91, 100, 450, 'ml', 0);
INSERT INTO recipe_ingredient(recipe_id, ingredient_id, quantity, recipe_ingredient_description, main) VALUES(91, 249, NULL, 'A little', 0);
INSERT INTO recipe_ingredient(recipe_id, ingredient_id, quantity, recipe_ingredient_description, main) VALUES(91, 20, NULL, 'A teaspoon of', 0);
INSERT INTO recipe_ingredient(recipe_id, ingredient_id, quantity, recipe_ingredient_description, main) VALUES(91, 172, NULL, 'Few', 0);
INSERT INTO recipe_ingredient(recipe_id, ingredient_id, quantity, recipe_ingredient_description, main) VALUES(91, 83, NULL, 'A teaspoon of', 0);
INSERT INTO recipe_ingredient(recipe_id, ingredient_id, quantity, recipe_ingredient_description, main) VALUES(91, 62, NULL, 'Few', 0);

INSERT INTO recipe_ingredient(recipe_id, ingredient_id, quantity, recipe_ingredient_description, main) VALUES(92, 137, 1, NULL, 1);
INSERT INTO recipe_ingredient(recipe_id, ingredient_id, quantity, recipe_ingredient_description, main) VALUES(92, 136, NULL, 'A teaspoon of', 0);
INSERT INTO recipe_ingredient(recipe_id, ingredient_id, quantity, recipe_ingredient_description, main) VALUES(92, 256, NULL, 'A pinch', 0);
INSERT INTO recipe_ingredient(recipe_id, ingredient_id, quantity, recipe_ingredient_description, main) VALUES(92, 361, NULL, 'A tablespoon of', 0);
INSERT INTO recipe_ingredient(recipe_id, ingredient_id, quantity, recipe_ingredient_description, main) VALUES(92, 256, NULL, 'A pinch', 0);
INSERT INTO recipe_ingredient(recipe_id, ingredient_id, quantity, recipe_ingredient_description, main) VALUES(92, 32, NULL, 'A cup', 0);

INSERT INTO recipe_ingredient(recipe_id, ingredient_id, quantity, recipe_ingredient_description, main) VALUES(93, 219, 1, NULL, 1);
INSERT INTO recipe_ingredient(recipe_id, ingredient_id, quantity, recipe_ingredient_description, main) VALUES(93, 298, 4, NULL, 0);
INSERT INTO recipe_ingredient(recipe_id, ingredient_id, quantity, recipe_ingredient_description, main) VALUES(93, 222, NULL, 'A little', 0);
INSERT INTO recipe_ingredient(recipe_id, ingredient_id, quantity, recipe_ingredient_description, main) VALUES(93, 33, 70, 'gr', 0);
INSERT INTO recipe_ingredient(recipe_id, ingredient_id, quantity, recipe_ingredient_description, main) VALUES(93, 337, NULL, 'A teaspoon of', 0);
INSERT INTO recipe_ingredient(recipe_id, ingredient_id, quantity, recipe_ingredient_description, main) VALUES(93, 24, NULL, 'A cup', 0);
INSERT INTO recipe_ingredient(recipe_id, ingredient_id, quantity, recipe_ingredient_description, main) VALUES(93, 337, NULL, 'A little', 0);
INSERT INTO recipe_ingredient(recipe_id, ingredient_id, quantity, recipe_ingredient_description, main) VALUES(93, 259, 290, 'ml', 0);
INSERT INTO recipe_ingredient(recipe_id, ingredient_id, quantity, recipe_ingredient_description, main) VALUES(93, 356, 230, 'gr', 0);
INSERT INTO recipe_ingredient(recipe_id, ingredient_id, quantity, recipe_ingredient_description, main) VALUES(93, 106, NULL, 'Few', 0);
INSERT INTO recipe_ingredient(recipe_id, ingredient_id, quantity, recipe_ingredient_description, main) VALUES(93, 126, NULL, 'A teaspoon of', 0);
INSERT INTO recipe_ingredient(recipe_id, ingredient_id, quantity, recipe_ingredient_description, main) VALUES(93, 237, 2, NULL, 0);
INSERT INTO recipe_ingredient(recipe_id, ingredient_id, quantity, recipe_ingredient_description, main) VALUES(93, 217, NULL, 'Few', 0);

INSERT INTO recipe_ingredient(recipe_id, ingredient_id, quantity, recipe_ingredient_description, main) VALUES(94, 323, 1, NULL, 1);
INSERT INTO recipe_ingredient(recipe_id, ingredient_id, quantity, recipe_ingredient_description, main) VALUES(94, 296, NULL, 'A teaspoon of', 0);
INSERT INTO recipe_ingredient(recipe_id, ingredient_id, quantity, recipe_ingredient_description, main) VALUES(94, 203, 4, NULL, 0);
INSERT INTO recipe_ingredient(recipe_id, ingredient_id, quantity, recipe_ingredient_description, main) VALUES(94, 33, 6, NULL, 0);
INSERT INTO recipe_ingredient(recipe_id, ingredient_id, quantity, recipe_ingredient_description, main) VALUES(94, 363, NULL, 'A tablespoon of', 0);
INSERT INTO recipe_ingredient(recipe_id, ingredient_id, quantity, recipe_ingredient_description, main) VALUES(94, 164, NULL, 'A little', 0);
INSERT INTO recipe_ingredient(recipe_id, ingredient_id, quantity, recipe_ingredient_description, main) VALUES(94, 165, NULL, 'Few', 0);
INSERT INTO recipe_ingredient(recipe_id, ingredient_id, quantity, recipe_ingredient_description, main) VALUES(94, 278, NULL, 'A cup', 0);

INSERT INTO recipe_ingredient(recipe_id, ingredient_id, quantity, recipe_ingredient_description, main) VALUES(95, 205, 1, NULL, 1);
INSERT INTO recipe_ingredient(recipe_id, ingredient_id, quantity, recipe_ingredient_description, main) VALUES(95, 90, NULL, 'A tablespoon of', 0);
INSERT INTO recipe_ingredient(recipe_id, ingredient_id, quantity, recipe_ingredient_description, main) VALUES(95, 74, 8, NULL, 0);
INSERT INTO recipe_ingredient(recipe_id, ingredient_id, quantity, recipe_ingredient_description, main) VALUES(95, 354, 170, 'ml', 0);
INSERT INTO recipe_ingredient(recipe_id, ingredient_id, quantity, recipe_ingredient_description, main) VALUES(95, 194, NULL, 'A pinch', 0);
INSERT INTO recipe_ingredient(recipe_id, ingredient_id, quantity, recipe_ingredient_description, main) VALUES(95, 102, NULL, 'A tablespoon of', 0);
INSERT INTO recipe_ingredient(recipe_id, ingredient_id, quantity, recipe_ingredient_description, main) VALUES(95, 63, NULL, 'A cup', 0);
INSERT INTO recipe_ingredient(recipe_id, ingredient_id, quantity, recipe_ingredient_description, main) VALUES(95, 359, 490, 'ml', 0);
INSERT INTO recipe_ingredient(recipe_id, ingredient_id, quantity, recipe_ingredient_description, main) VALUES(95, 8, NULL, 'A cup', 0);
INSERT INTO recipe_ingredient(recipe_id, ingredient_id, quantity, recipe_ingredient_description, main) VALUES(95, 159, NULL, 'A cup', 0);
INSERT INTO recipe_ingredient(recipe_id, ingredient_id, quantity, recipe_ingredient_description, main) VALUES(95, 211, 2, NULL, 0);
INSERT INTO recipe_ingredient(recipe_id, ingredient_id, quantity, recipe_ingredient_description, main) VALUES(95, 222, NULL, 'Few', 0);
INSERT INTO recipe_ingredient(recipe_id, ingredient_id, quantity, recipe_ingredient_description, main) VALUES(95, 99, 690, 'ml', 0);
INSERT INTO recipe_ingredient(recipe_id, ingredient_id, quantity, recipe_ingredient_description, main) VALUES(95, 365, 8, NULL, 0);

INSERT INTO recipe_ingredient(recipe_id, ingredient_id, quantity, recipe_ingredient_description, main) VALUES(96, 223, 1, NULL, 1);
INSERT INTO recipe_ingredient(recipe_id, ingredient_id, quantity, recipe_ingredient_description, main) VALUES(96, 28, NULL, 'A teaspoon of', 0);
INSERT INTO recipe_ingredient(recipe_id, ingredient_id, quantity, recipe_ingredient_description, main) VALUES(96, 221, 3, NULL, 0);
INSERT INTO recipe_ingredient(recipe_id, ingredient_id, quantity, recipe_ingredient_description, main) VALUES(96, 208, NULL, 'A cup', 0);
INSERT INTO recipe_ingredient(recipe_id, ingredient_id, quantity, recipe_ingredient_description, main) VALUES(96, 237, 690, 'ml', 0);
INSERT INTO recipe_ingredient(recipe_id, ingredient_id, quantity, recipe_ingredient_description, main) VALUES(96, 10, NULL, 'A teaspoon of', 0);
INSERT INTO recipe_ingredient(recipe_id, ingredient_id, quantity, recipe_ingredient_description, main) VALUES(96, 91, 7, NULL, 0);
INSERT INTO recipe_ingredient(recipe_id, ingredient_id, quantity, recipe_ingredient_description, main) VALUES(96, 21, NULL, 'Few', 0);

INSERT INTO recipe_ingredient(recipe_id, ingredient_id, quantity, recipe_ingredient_description, main) VALUES(97, 278, 1, NULL, 1);
INSERT INTO recipe_ingredient(recipe_id, ingredient_id, quantity, recipe_ingredient_description, main) VALUES(97, 68, 5, NULL, 0);
INSERT INTO recipe_ingredient(recipe_id, ingredient_id, quantity, recipe_ingredient_description, main) VALUES(97, 216, 350, 'gr', 0);
INSERT INTO recipe_ingredient(recipe_id, ingredient_id, quantity, recipe_ingredient_description, main) VALUES(97, 323, NULL, 'A teaspoon of', 0);
INSERT INTO recipe_ingredient(recipe_id, ingredient_id, quantity, recipe_ingredient_description, main) VALUES(97, 342, NULL, 'A tablespoon of', 0);
INSERT INTO recipe_ingredient(recipe_id, ingredient_id, quantity, recipe_ingredient_description, main) VALUES(97, 56, 7, NULL, 0);
INSERT INTO recipe_ingredient(recipe_id, ingredient_id, quantity, recipe_ingredient_description, main) VALUES(97, 353, NULL, 'A pinch', 0);

INSERT INTO recipe_ingredient(recipe_id, ingredient_id, quantity, recipe_ingredient_description, main) VALUES(98, 283, 1, NULL, 1);
INSERT INTO recipe_ingredient(recipe_id, ingredient_id, quantity, recipe_ingredient_description, main) VALUES(98, 77, NULL, 'A tablespoon of', 0);
INSERT INTO recipe_ingredient(recipe_id, ingredient_id, quantity, recipe_ingredient_description, main) VALUES(98, 28, NULL, 'A cup', 0);
INSERT INTO recipe_ingredient(recipe_id, ingredient_id, quantity, recipe_ingredient_description, main) VALUES(98, 246, 3, NULL, 0);
INSERT INTO recipe_ingredient(recipe_id, ingredient_id, quantity, recipe_ingredient_description, main) VALUES(98, 67, NULL, 'Few', 0);
INSERT INTO recipe_ingredient(recipe_id, ingredient_id, quantity, recipe_ingredient_description, main) VALUES(98, 81, NULL, 'A teaspoon of', 0);
INSERT INTO recipe_ingredient(recipe_id, ingredient_id, quantity, recipe_ingredient_description, main) VALUES(98, 217, NULL, 'A little', 0);
INSERT INTO recipe_ingredient(recipe_id, ingredient_id, quantity, recipe_ingredient_description, main) VALUES(98, 238, NULL, 'A tablespoon of', 0);
INSERT INTO recipe_ingredient(recipe_id, ingredient_id, quantity, recipe_ingredient_description, main) VALUES(98, 76, 50, 'gr', 0);
INSERT INTO recipe_ingredient(recipe_id, ingredient_id, quantity, recipe_ingredient_description, main) VALUES(98, 254, 110, 'gr', 0);

INSERT INTO recipe_ingredient(recipe_id, ingredient_id, quantity, recipe_ingredient_description, main) VALUES(99, 189, 1, NULL, 1);
INSERT INTO recipe_ingredient(recipe_id, ingredient_id, quantity, recipe_ingredient_description, main) VALUES(99, 274, NULL, 'A tablespoon of', 0);
INSERT INTO recipe_ingredient(recipe_id, ingredient_id, quantity, recipe_ingredient_description, main) VALUES(99, 306, NULL, 'A little', 0);
INSERT INTO recipe_ingredient(recipe_id, ingredient_id, quantity, recipe_ingredient_description, main) VALUES(99, 117, 670, 'gr', 0);
INSERT INTO recipe_ingredient(recipe_id, ingredient_id, quantity, recipe_ingredient_description, main) VALUES(99, 292, 4, NULL, 0);
INSERT INTO recipe_ingredient(recipe_id, ingredient_id, quantity, recipe_ingredient_description, main) VALUES(99, 237, 4, NULL, 0);
INSERT INTO recipe_ingredient(recipe_id, ingredient_id, quantity, recipe_ingredient_description, main) VALUES(99, 28, NULL, 'A cup', 0);
INSERT INTO recipe_ingredient(recipe_id, ingredient_id, quantity, recipe_ingredient_description, main) VALUES(99, 207, NULL, 'A tablespoon of', 0);
INSERT INTO recipe_ingredient(recipe_id, ingredient_id, quantity, recipe_ingredient_description, main) VALUES(99, 242, NULL, 'A teaspoon of', 0);
INSERT INTO recipe_ingredient(recipe_id, ingredient_id, quantity, recipe_ingredient_description, main) VALUES(99, 112, 470, 'ml', 0);
INSERT INTO recipe_ingredient(recipe_id, ingredient_id, quantity, recipe_ingredient_description, main) VALUES(99, 251, 470, 'ml', 0);
INSERT INTO recipe_ingredient(recipe_id, ingredient_id, quantity, recipe_ingredient_description, main) VALUES(99, 162, 270, 'gr', 0);
INSERT INTO recipe_ingredient(recipe_id, ingredient_id, quantity, recipe_ingredient_description, main) VALUES(99, 61, 250, 'gr', 0);
INSERT INTO recipe_ingredient(recipe_id, ingredient_id, quantity, recipe_ingredient_description, main) VALUES(99, 53, NULL, 'A little', 0);
INSERT INTO recipe_ingredient(recipe_id, ingredient_id, quantity, recipe_ingredient_description, main) VALUES(99, 109, NULL, 'A little', 0);
INSERT INTO recipe_ingredient(recipe_id, ingredient_id, quantity, recipe_ingredient_description, main) VALUES(99, 51, 130, 'gr', 0);

INSERT INTO recipe_ingredient(recipe_id, ingredient_id, quantity, recipe_ingredient_description, main) VALUES(100, 46, 1, NULL, 1);
INSERT INTO recipe_ingredient(recipe_id, ingredient_id, quantity, recipe_ingredient_description, main) VALUES(100, 184, NULL, 'A pinch', 0);
INSERT INTO recipe_ingredient(recipe_id, ingredient_id, quantity, recipe_ingredient_description, main) VALUES(100, 113, NULL, 'Few', 0);
INSERT INTO recipe_ingredient(recipe_id, ingredient_id, quantity, recipe_ingredient_description, main) VALUES(100, 175, NULL, 'A tablespoon of', 0);
INSERT INTO recipe_ingredient(recipe_id, ingredient_id, quantity, recipe_ingredient_description, main) VALUES(100, 181, NULL, 'Few', 0);
INSERT INTO recipe_ingredient(recipe_id, ingredient_id, quantity, recipe_ingredient_description, main) VALUES(100, 356, NULL, 'A little', 0);
INSERT INTO recipe_ingredient(recipe_id, ingredient_id, quantity, recipe_ingredient_description, main) VALUES(100, 193, NULL, 'A tablespoon of', 0);


INSERT INTO step(recipe_id, step_order, details) VALUES (1, 1, 'Cut the potatoes into wedges.');
INSERT INTO step(recipe_id, step_order, details) VALUES (1, 2, 'Add the chopped vegetables to the skillet and cook for an additional 5-7 minutes.');
INSERT INTO step(recipe_id, step_order, details) VALUES (1, 3, 'Add the minced garlic and cook for another minute.');
INSERT INTO step(recipe_id, step_order, details) VALUES (1, 4, 'Add the diced onions, carrots, and celery, and cook until the onions are translucent, about 5 minutes.');
INSERT INTO step(recipe_id, step_order, details) VALUES (1, 5, 'Transfer the sautéed vegetables to a baking dish.');
INSERT INTO step(recipe_id, step_order, details) VALUES (1, 6, 'Add the bay leaf, thyme, salt, and pepper.');
INSERT INTO step(recipe_id, step_order, details) VALUES (1, 7, 'Add the bay leaf, thyme, salt, and pepper.');
INSERT INTO step(recipe_id, step_order, details) VALUES (1, 8, 'Serve the skewers with a side of rice or salad.');
INSERT INTO step(recipe_id, step_order, details) VALUES (1, 9, 'In a large pot, heat the olive oil over medium heat.');
INSERT INTO step(recipe_id, step_order, details) VALUES (1, 10, 'Use an immersion blender to puree the soup to your desired consistency.');
INSERT INTO step(recipe_id, step_order, details) VALUES (1, 11, 'Season the meat with salt, pepper, and your favorite spices.');
INSERT INTO step(recipe_id, step_order, details) VALUES (2, 1, 'In a large pot, heat the olive oil over medium heat.');
INSERT INTO step(recipe_id, step_order, details) VALUES (2, 2, 'Remove the potato wedges from the oven and let cool slightly before serving.');
INSERT INTO step(recipe_id, step_order, details) VALUES (2, 3, 'Pour the wet ingredients into the dry ingredients and stir until just combined.');
INSERT INTO step(recipe_id, step_order, details) VALUES (2, 4, 'Drain the pasta and set aside.');
INSERT INTO step(recipe_id, step_order, details) VALUES (2, 5, 'Thread the marinated meat and vegetables onto skewers.');
INSERT INTO step(recipe_id, step_order, details) VALUES (2, 6, 'Stir in the lentils, tomatoes, and vegetable broth.');
INSERT INTO step(recipe_id, step_order, details) VALUES (2, 7, 'Serve the skewers with a side of rice or salad.');
INSERT INTO step(recipe_id, step_order, details) VALUES (2, 8, 'Whisk in the flour to create a roux, cooking for 1-2 minutes.');
INSERT INTO step(recipe_id, step_order, details) VALUES (2, 9, 'Grease and flour a baking pan.');
INSERT INTO step(recipe_id, step_order, details) VALUES (3, 1, 'Whisk in the flour to create a roux, cooking for 1-2 minutes.');
INSERT INTO step(recipe_id, step_order, details) VALUES (3, 2, 'In a large bowl, mix together the flour, sugar, baking powder, and salt.');
INSERT INTO step(recipe_id, step_order, details) VALUES (3, 3, 'Heat a large skillet over medium heat and add olive oil.');
INSERT INTO step(recipe_id, step_order, details) VALUES (3, 4, 'Sauté the onions and garlic until they become translucent, about 3-5 minutes.');
INSERT INTO step(recipe_id, step_order, details) VALUES (3, 5, 'Garnish with fresh herbs and serve warm."');
INSERT INTO step(recipe_id, step_order, details) VALUES (3, 6, 'Preheat the oven to 400°F (200°C).');
INSERT INTO step(recipe_id, step_order, details) VALUES (3, 7, 'Cut the potatoes into wedges.');
INSERT INTO step(recipe_id, step_order, details) VALUES (3, 8, 'Serve the skewers with a side of rice or salad.');
INSERT INTO step(recipe_id, step_order, details) VALUES (4, 1, 'Grease and flour a baking pan.');
INSERT INTO step(recipe_id, step_order, details) VALUES (4, 2, 'Transfer the sautéed vegetables to a baking dish.');
INSERT INTO step(recipe_id, step_order, details) VALUES (4, 3, 'Add the bay leaf, thyme, salt, and pepper.');
INSERT INTO step(recipe_id, step_order, details) VALUES (4, 4, 'Remove the skewers from the grill and let rest for a few minutes before serving.');
INSERT INTO step(recipe_id, step_order, details) VALUES (4, 5, 'Season with salt and pepper to taste.');
INSERT INTO step(recipe_id, step_order, details) VALUES (4, 6, 'Remove the foil and bake for an additional 5-10 minutes to allow the top to brown slightly.');
INSERT INTO step(recipe_id, step_order, details) VALUES (4, 7, 'Stir in the lentils, tomatoes, and vegetable broth.');
INSERT INTO step(recipe_id, step_order, details) VALUES (4, 8, 'Preheat the grill to medium-high heat.');
INSERT INTO step(recipe_id, step_order, details) VALUES (4, 9, 'Bring the mixture to a simmer and cook until thickened, about 3-5 minutes.');
INSERT INTO step(recipe_id, step_order, details) VALUES (4, 10, 'Add the diced onions, carrots, and celery, and cook until the onions are translucent, about 5 minutes.');
INSERT INTO step(recipe_id, step_order, details) VALUES (4, 11, 'Remove the skewers from the grill and let rest for a few minutes before serving.');
INSERT INTO step(recipe_id, step_order, details) VALUES (4, 12, 'Stir in the lentils, tomatoes, and vegetable broth.');
INSERT INTO step(recipe_id, step_order, details) VALUES (4, 13, 'Stir in the grated cheese until melted and smooth.');
INSERT INTO step(recipe_id, step_order, details) VALUES (5, 1, 'Cover the baking dish with aluminum foil.');
INSERT INTO step(recipe_id, step_order, details) VALUES (5, 2, 'Add the diced onions, carrots, and celery, and cook until the onions are translucent, about 5 minutes.');
INSERT INTO step(recipe_id, step_order, details) VALUES (5, 3, 'Drain the pasta and set aside.');
INSERT INTO step(recipe_id, step_order, details) VALUES (5, 4, 'Season the meat with salt, pepper, and your favorite spices.');
INSERT INTO step(recipe_id, step_order, details) VALUES (5, 5, 'Serve the potato wedges with the dipping sauce on the side."');
INSERT INTO step(recipe_id, step_order, details) VALUES (5, 6, 'Stir in the lentils, tomatoes, and vegetable broth.');
INSERT INTO step(recipe_id, step_order, details) VALUES (5, 7, 'Pour the batter into the prepared baking pan.');
INSERT INTO step(recipe_id, step_order, details) VALUES (5, 8, 'Garnish with fresh herbs and serve warm."');
INSERT INTO step(recipe_id, step_order, details) VALUES (5, 9, 'Bake in the preheated oven for 25-30 minutes, or until the meat is cooked through and the vegetables are tender.');
INSERT INTO step(recipe_id, step_order, details) VALUES (6, 1, 'In a large pot, heat the olive oil over medium heat.');
INSERT INTO step(recipe_id, step_order, details) VALUES (6, 2, 'Fold in any additional ingredients like chocolate chips or nuts.');
INSERT INTO step(recipe_id, step_order, details) VALUES (6, 3, 'Remove the foil and bake for an additional 5-10 minutes to allow the top to brown slightly.');
INSERT INTO step(recipe_id, step_order, details) VALUES (6, 4, 'Bring a large pot of water to a boil.');
INSERT INTO step(recipe_id, step_order, details) VALUES (6, 5, 'Bake in the preheated oven for 20-25 minutes, turning once halfway through, until the potatoes are golden brown and crispy.');
INSERT INTO step(recipe_id, step_order, details) VALUES (6, 6, 'Sauté the onions and garlic until they become translucent, about 3-5 minutes.');
INSERT INTO step(recipe_id, step_order, details) VALUES (6, 7, 'Bring a large pot of water to a boil.');
INSERT INTO step(recipe_id, step_order, details) VALUES (6, 8, 'Allow to cool in the pan for 10 minutes before transferring to a wire rack to cool completely.');
INSERT INTO step(recipe_id, step_order, details) VALUES (7, 1, 'Cut the potatoes into wedges.');
INSERT INTO step(recipe_id, step_order, details) VALUES (7, 2, 'In the same skillet, cook the meat until browned on all sides.');
INSERT INTO step(recipe_id, step_order, details) VALUES (7, 3, 'Heat a large skillet over medium heat and add olive oil.');
INSERT INTO step(recipe_id, step_order, details) VALUES (7, 4, 'Combine the cooked meat with the vegetables in the baking dish.');
INSERT INTO step(recipe_id, step_order, details) VALUES (7, 5, 'Serve the skewers with a side of rice or salad.');
INSERT INTO step(recipe_id, step_order, details) VALUES (7, 6, 'Once cooled, cut into squares and serve.');
INSERT INTO step(recipe_id, step_order, details) VALUES (7, 7, 'Once cooled, cut into squares and serve.');
INSERT INTO step(recipe_id, step_order, details) VALUES (7, 8, 'Serve the potato wedges with the dipping sauce on the side."');
INSERT INTO step(recipe_id, step_order, details) VALUES (7, 9, 'Sauté the onions and garlic until they become translucent, about 3-5 minutes.');
INSERT INTO step(recipe_id, step_order, details) VALUES (7, 10, 'Add the diced onions, carrots, and celery, and cook until the onions are translucent, about 5 minutes.');
INSERT INTO step(recipe_id, step_order, details) VALUES (7, 11, 'Add the minced garlic and cook for another minute.');
INSERT INTO step(recipe_id, step_order, details) VALUES (7, 12, 'Transfer the sautéed vegetables to a baking dish.');
INSERT INTO step(recipe_id, step_order, details) VALUES (7, 13, 'Pour the sauce or broth over the meat and vegetables.');
INSERT INTO step(recipe_id, step_order, details) VALUES (8, 1, 'Bake in the preheated oven for 25-30 minutes, or until a toothpick inserted into the center comes out clean.');
INSERT INTO step(recipe_id, step_order, details) VALUES (8, 2, 'Heat a large skillet over medium heat and add olive oil.');
INSERT INTO step(recipe_id, step_order, details) VALUES (8, 3, 'Pour the batter into the prepared baking pan.');
INSERT INTO step(recipe_id, step_order, details) VALUES (8, 4, 'Chop the vegetables into bite-sized pieces.');
INSERT INTO step(recipe_id, step_order, details) VALUES (8, 5, 'Pour the wet ingredients into the dry ingredients and stir until just combined.');
INSERT INTO step(recipe_id, step_order, details) VALUES (8, 6, 'Chop the vegetables into bite-sized pieces.');
INSERT INTO step(recipe_id, step_order, details) VALUES (8, 7, 'In another bowl, whisk together the eggs, milk, and melted butter.');
INSERT INTO step(recipe_id, step_order, details) VALUES (8, 8, 'Add the diced onions, carrots, and celery, and cook until the onions are translucent, about 5 minutes.');
INSERT INTO step(recipe_id, step_order, details) VALUES (8, 9, 'Allow to cool in the pan for 10 minutes before transferring to a wire rack to cool completely.');
INSERT INTO step(recipe_id, step_order, details) VALUES (8, 10, 'Bake in the preheated oven for 20-25 minutes, turning once halfway through, until the potatoes are golden brown and crispy.');
INSERT INTO step(recipe_id, step_order, details) VALUES (9, 1, 'Preheat the oven to 375°F (190°C).');
INSERT INTO step(recipe_id, step_order, details) VALUES (9, 2, 'Preheat the oven to 375°F (190°C).');
INSERT INTO step(recipe_id, step_order, details) VALUES (9, 3, 'Grill the skewers for 10-15 minutes, turning occasionally, until the meat is cooked through and the vegetables are tender.');
INSERT INTO step(recipe_id, step_order, details) VALUES (9, 4, 'Pour the sauce or broth over the meat and vegetables.');
INSERT INTO step(recipe_id, step_order, details) VALUES (9, 5, 'Add the chopped vegetables to the skillet and cook for an additional 5-7 minutes.');
INSERT INTO step(recipe_id, step_order, details) VALUES (9, 6, 'Heat a large skillet over medium heat and add olive oil.');
INSERT INTO step(recipe_id, step_order, details) VALUES (9, 7, 'Use an immersion blender to puree the soup to your desired consistency.');
INSERT INTO step(recipe_id, step_order, details) VALUES (9, 8, 'Serve immediately, garnished with extra cheese and fresh herbs if desired."');
INSERT INTO step(recipe_id, step_order, details) VALUES (10, 1, 'Heat a large skillet over medium heat and add olive oil.');
INSERT INTO step(recipe_id, step_order, details) VALUES (10, 2, 'Whisk in the flour to create a roux, cooking for 1-2 minutes.');
INSERT INTO step(recipe_id, step_order, details) VALUES (10, 3, 'Serve the potato wedges with the dipping sauce on the side."');
INSERT INTO step(recipe_id, step_order, details) VALUES (10, 4, 'Remove the foil and bake for an additional 5-10 minutes to allow the top to brown slightly.');
INSERT INTO step(recipe_id, step_order, details) VALUES (10, 5, 'Bake in the preheated oven for 25-30 minutes, or until the meat is cooked through and the vegetables are tender.');
INSERT INTO step(recipe_id, step_order, details) VALUES (10, 6, 'Use an immersion blender to puree the soup to your desired consistency.');
INSERT INTO step(recipe_id, step_order, details) VALUES (10, 7, 'Pour the wet ingredients into the dry ingredients and stir until just combined.');
INSERT INTO step(recipe_id, step_order, details) VALUES (10, 8, 'Transfer the sautéed vegetables to a baking dish.');
INSERT INTO step(recipe_id, step_order, details) VALUES (10, 9, 'Season the meat with salt, pepper, and your favorite spices.');
INSERT INTO step(recipe_id, step_order, details) VALUES (10, 10, 'Pour the batter into the prepared baking pan.');
INSERT INTO step(recipe_id, step_order, details) VALUES (10, 11, 'Stir in the grated cheese until melted and smooth.');
INSERT INTO step(recipe_id, step_order, details) VALUES (10, 12, 'Pour the sauce or broth over the meat and vegetables.');
INSERT INTO step(recipe_id, step_order, details) VALUES (10, 13, 'In a large pot, heat the olive oil over medium heat.');
INSERT INTO step(recipe_id, step_order, details) VALUES (10, 14, 'Bake in the preheated oven for 25-30 minutes, or until a toothpick inserted into the center comes out clean.');
INSERT INTO step(recipe_id, step_order, details) VALUES (11, 1, 'Heat a large skillet over medium heat and add olive oil.');
INSERT INTO step(recipe_id, step_order, details) VALUES (11, 2, 'Combine the cooked meat with the vegetables in the baking dish.');
INSERT INTO step(recipe_id, step_order, details) VALUES (11, 3, 'Stir in the lentils, tomatoes, and vegetable broth.');
INSERT INTO step(recipe_id, step_order, details) VALUES (11, 4, 'Remove the foil and bake for an additional 5-10 minutes to allow the top to brown slightly.');
INSERT INTO step(recipe_id, step_order, details) VALUES (11, 5, 'In a large pot, heat the olive oil over medium heat.');
INSERT INTO step(recipe_id, step_order, details) VALUES (11, 6, 'Preheat the oven to 350°F (175°C).');
INSERT INTO step(recipe_id, step_order, details) VALUES (11, 7, 'Cook the pasta according to the package instructions until al dente.');
INSERT INTO step(recipe_id, step_order, details) VALUES (11, 8, 'Marinate the meat with your choice of marinade for at least 30 minutes.');
INSERT INTO step(recipe_id, step_order, details) VALUES (11, 9, 'Pour the sauce or broth over the meat and vegetables.');
INSERT INTO step(recipe_id, step_order, details) VALUES (11, 10, 'Allow to cool in the pan for 10 minutes before transferring to a wire rack to cool completely.');
INSERT INTO step(recipe_id, step_order, details) VALUES (11, 11, 'Chop the vegetables into bite-sized pieces.');
INSERT INTO step(recipe_id, step_order, details) VALUES (11, 12, 'Stir in the lentils, tomatoes, and vegetable broth.');
INSERT INTO step(recipe_id, step_order, details) VALUES (11, 13, 'Grease and flour a baking pan.');
INSERT INTO step(recipe_id, step_order, details) VALUES (11, 14, 'Once cooled, cut into squares and serve.');
INSERT INTO step(recipe_id, step_order, details) VALUES (12, 1, 'In the same skillet, cook the meat until browned on all sides.');
INSERT INTO step(recipe_id, step_order, details) VALUES (12, 2, 'Bring the mixture to a boil, then reduce the heat and let it simmer for 25-30 minutes, or until the lentils are tender.');
INSERT INTO step(recipe_id, step_order, details) VALUES (12, 3, 'Allow to cool in the pan for 10 minutes before transferring to a wire rack to cool completely.');
INSERT INTO step(recipe_id, step_order, details) VALUES (12, 4, 'Add the minced garlic and cook for another minute.');
INSERT INTO step(recipe_id, step_order, details) VALUES (12, 5, 'Once cooled, cut into squares and serve.');
INSERT INTO step(recipe_id, step_order, details) VALUES (12, 6, 'Preheat the grill to medium-high heat.');
INSERT INTO step(recipe_id, step_order, details) VALUES (12, 7, 'In another bowl, whisk together the eggs, milk, and melted butter.');
INSERT INTO step(recipe_id, step_order, details) VALUES (12, 8, 'Add the cooked pasta to the cheese sauce and mix until well combined.');
INSERT INTO step(recipe_id, step_order, details) VALUES (12, 9, 'Season with salt and pepper to taste.');
INSERT INTO step(recipe_id, step_order, details) VALUES (12, 10, 'Use an immersion blender to puree the soup to your desired consistency.');
INSERT INTO step(recipe_id, step_order, details) VALUES (12, 11, 'Spread the potato wedges in a single layer on a baking sheet.');
INSERT INTO step(recipe_id, step_order, details) VALUES (13, 1, 'Sauté the onions and garlic until they become translucent, about 3-5 minutes.');
INSERT INTO step(recipe_id, step_order, details) VALUES (13, 2, 'In a medium saucepan, melt the butter over medium heat.');
INSERT INTO step(recipe_id, step_order, details) VALUES (13, 3, 'Preheat the oven to 350°F (175°C).');
INSERT INTO step(recipe_id, step_order, details) VALUES (13, 4, 'Preheat the oven to 400°F (200°C).');
INSERT INTO step(recipe_id, step_order, details) VALUES (13, 5, 'Preheat the oven to 350°F (175°C).');
INSERT INTO step(recipe_id, step_order, details) VALUES (13, 6, 'Gradually whisk in the milk, stirring continuously to avoid lumps.');
INSERT INTO step(recipe_id, step_order, details) VALUES (13, 7, 'Bake in the preheated oven for 20-25 minutes, turning once halfway through, until the potatoes are golden brown and crispy.');
INSERT INTO step(recipe_id, step_order, details) VALUES (13, 8, 'Add the minced garlic and cook for another minute.');
INSERT INTO step(recipe_id, step_order, details) VALUES (13, 9, 'Add the bay leaf, thyme, salt, and pepper.');
INSERT INTO step(recipe_id, step_order, details) VALUES (13, 10, 'In a large pot, heat the olive oil over medium heat.');
INSERT INTO step(recipe_id, step_order, details) VALUES (13, 11, 'Bring a large pot of water to a boil.');
INSERT INTO step(recipe_id, step_order, details) VALUES (14, 1, 'Chop the vegetables into bite-sized pieces.');
INSERT INTO step(recipe_id, step_order, details) VALUES (14, 2, 'Add the cooked pasta to the cheese sauce and mix until well combined.');
INSERT INTO step(recipe_id, step_order, details) VALUES (14, 3, 'In another bowl, whisk together the eggs, milk, and melted butter.');
INSERT INTO step(recipe_id, step_order, details) VALUES (14, 4, 'Pour the wet ingredients into the dry ingredients and stir until just combined.');
INSERT INTO step(recipe_id, step_order, details) VALUES (14, 5, 'Grill the skewers for 10-15 minutes, turning occasionally, until the meat is cooked through and the vegetables are tender.');
INSERT INTO step(recipe_id, step_order, details) VALUES (14, 6, 'Add the cooked pasta to the cheese sauce and mix until well combined.');
INSERT INTO step(recipe_id, step_order, details) VALUES (14, 7, 'Cover the baking dish with aluminum foil.');
INSERT INTO step(recipe_id, step_order, details) VALUES (14, 8, 'Sauté the onions and garlic until they become translucent, about 3-5 minutes.');
INSERT INTO step(recipe_id, step_order, details) VALUES (14, 9, 'Rinse and drain the lentils.');
INSERT INTO step(recipe_id, step_order, details) VALUES (14, 10, 'Thread the marinated meat and vegetables onto skewers.');
INSERT INTO step(recipe_id, step_order, details) VALUES (14, 11, 'Thread the marinated meat and vegetables onto skewers.');
INSERT INTO step(recipe_id, step_order, details) VALUES (15, 1, 'Place the skewers on the preheated grill.');
INSERT INTO step(recipe_id, step_order, details) VALUES (15, 2, 'Combine the cooked meat with the vegetables in the baking dish.');
INSERT INTO step(recipe_id, step_order, details) VALUES (15, 3, 'Pour the sauce or broth over the meat and vegetables.');
INSERT INTO step(recipe_id, step_order, details) VALUES (15, 4, 'In a large pot, heat the olive oil over medium heat.');
INSERT INTO step(recipe_id, step_order, details) VALUES (15, 5, 'Preheat the oven to 375°F (190°C).');
INSERT INTO step(recipe_id, step_order, details) VALUES (15, 6, 'Once cooled, cut into squares and serve.');
INSERT INTO step(recipe_id, step_order, details) VALUES (15, 7, 'Bake in the preheated oven for 20-25 minutes, turning once halfway through, until the potatoes are golden brown and crispy.');
INSERT INTO step(recipe_id, step_order, details) VALUES (15, 8, 'Heat a large skillet over medium heat and add olive oil.');
INSERT INTO step(recipe_id, step_order, details) VALUES (15, 9, 'Combine the cooked meat with the vegetables in the baking dish.');
INSERT INTO step(recipe_id, step_order, details) VALUES (15, 10, 'Bake in the preheated oven for 25-30 minutes, or until the meat is cooked through and the vegetables are tender.');
INSERT INTO step(recipe_id, step_order, details) VALUES (15, 11, 'In a large bowl, mix together the flour, sugar, baking powder, and salt.');
INSERT INTO step(recipe_id, step_order, details) VALUES (15, 12, 'Sauté the onions and garlic until they become translucent, about 3-5 minutes.');
INSERT INTO step(recipe_id, step_order, details) VALUES (16, 1, 'Remove the potato wedges from the oven and let cool slightly before serving.');
INSERT INTO step(recipe_id, step_order, details) VALUES (16, 2, 'Drain the pasta and set aside.');
INSERT INTO step(recipe_id, step_order, details) VALUES (16, 3, 'Add the bay leaf, thyme, salt, and pepper.');
INSERT INTO step(recipe_id, step_order, details) VALUES (16, 4, 'Preheat the oven to 400°F (200°C).');
INSERT INTO step(recipe_id, step_order, details) VALUES (16, 5, 'In another bowl, whisk together the eggs, milk, and melted butter.');
INSERT INTO step(recipe_id, step_order, details) VALUES (16, 6, 'Add the diced onions, carrots, and celery, and cook until the onions are translucent, about 5 minutes.');
INSERT INTO step(recipe_id, step_order, details) VALUES (16, 7, 'Drain the pasta and set aside.');
INSERT INTO step(recipe_id, step_order, details) VALUES (16, 8, 'Transfer the sautéed vegetables to a baking dish.');
INSERT INTO step(recipe_id, step_order, details) VALUES (16, 9, 'Once cooled, cut into squares and serve.');
INSERT INTO step(recipe_id, step_order, details) VALUES (16, 10, 'Heat a large skillet over medium heat and add olive oil.');
INSERT INTO step(recipe_id, step_order, details) VALUES (16, 11, 'Remove the bay leaf and discard.');
INSERT INTO step(recipe_id, step_order, details) VALUES (16, 12, 'Add the bay leaf, thyme, salt, and pepper.');
INSERT INTO step(recipe_id, step_order, details) VALUES (16, 13, 'Remove from the oven and let it rest for a few minutes before serving.');
INSERT INTO step(recipe_id, step_order, details) VALUES (16, 14, 'Remove the skewers from the grill and let rest for a few minutes before serving.');
INSERT INTO step(recipe_id, step_order, details) VALUES (17, 1, 'Garnish with fresh herbs and serve warm."');
INSERT INTO step(recipe_id, step_order, details) VALUES (17, 2, 'Bake in the preheated oven for 25-30 minutes, or until the meat is cooked through and the vegetables are tender.');
INSERT INTO step(recipe_id, step_order, details) VALUES (17, 3, 'Serve immediately, garnished with extra cheese and fresh herbs if desired."');
INSERT INTO step(recipe_id, step_order, details) VALUES (17, 4, 'Remove the skewers from the grill and let rest for a few minutes before serving.');
INSERT INTO step(recipe_id, step_order, details) VALUES (17, 5, 'Pour the wet ingredients into the dry ingredients and stir until just combined.');
INSERT INTO step(recipe_id, step_order, details) VALUES (17, 6, 'Remove the foil and bake for an additional 5-10 minutes to allow the top to brown slightly.');
INSERT INTO step(recipe_id, step_order, details) VALUES (17, 7, 'In a large bowl, toss the potato wedges with olive oil, salt, pepper, and any desired seasonings.');
INSERT INTO step(recipe_id, step_order, details) VALUES (17, 8, 'In a large bowl, mix together the flour, sugar, baking powder, and salt.');
INSERT INTO step(recipe_id, step_order, details) VALUES (17, 9, 'In another bowl, whisk together the eggs, milk, and melted butter.');
INSERT INTO step(recipe_id, step_order, details) VALUES (17, 10, 'Bake in the preheated oven for 20-25 minutes, turning once halfway through, until the potatoes are golden brown and crispy.');
INSERT INTO step(recipe_id, step_order, details) VALUES (17, 11, 'Cook the pasta according to the package instructions until al dente.');
INSERT INTO step(recipe_id, step_order, details) VALUES (17, 12, 'Bake in the preheated oven for 20-25 minutes, turning once halfway through, until the potatoes are golden brown and crispy.');
INSERT INTO step(recipe_id, step_order, details) VALUES (17, 13, 'Add the diced onions, carrots, and celery, and cook until the onions are translucent, about 5 minutes.');
INSERT INTO step(recipe_id, step_order, details) VALUES (17, 14, 'Bring a large pot of water to a boil.');
INSERT INTO step(recipe_id, step_order, details) VALUES (18, 1, 'Pour the sauce or broth over the meat and vegetables.');
INSERT INTO step(recipe_id, step_order, details) VALUES (18, 2, 'In another bowl, whisk together the eggs, milk, and melted butter.');
INSERT INTO step(recipe_id, step_order, details) VALUES (18, 3, 'Transfer the sautéed vegetables to a baking dish.');
INSERT INTO step(recipe_id, step_order, details) VALUES (18, 4, 'Preheat the grill to medium-high heat.');
INSERT INTO step(recipe_id, step_order, details) VALUES (18, 5, 'Preheat the oven to 375°F (190°C).');
INSERT INTO step(recipe_id, step_order, details) VALUES (18, 6, 'Transfer the sautéed vegetables to a baking dish.');
INSERT INTO step(recipe_id, step_order, details) VALUES (18, 7, 'In a large bowl, mix together the flour, sugar, baking powder, and salt.');
INSERT INTO step(recipe_id, step_order, details) VALUES (18, 8, 'Season with salt and pepper to taste.');
INSERT INTO step(recipe_id, step_order, details) VALUES (19, 1, 'In another bowl, whisk together the eggs, milk, and melted butter.');
INSERT INTO step(recipe_id, step_order, details) VALUES (19, 2, 'Serve hot, garnished with fresh herbs or a dollop of yogurt if desired."');
INSERT INTO step(recipe_id, step_order, details) VALUES (19, 3, 'Thread the marinated meat and vegetables onto skewers.');
INSERT INTO step(recipe_id, step_order, details) VALUES (19, 4, 'Serve the potato wedges with the dipping sauce on the side."');
INSERT INTO step(recipe_id, step_order, details) VALUES (19, 5, 'Grease and flour a baking pan.');
INSERT INTO step(recipe_id, step_order, details) VALUES (19, 6, 'While the potatoes are baking, prepare your dipping sauce by mixing mayonnaise, ketchup, and a dash of hot sauce.');
INSERT INTO step(recipe_id, step_order, details) VALUES (19, 7, 'Remove the foil and bake for an additional 5-10 minutes to allow the top to brown slightly.');
INSERT INTO step(recipe_id, step_order, details) VALUES (19, 8, 'Spread the potato wedges in a single layer on a baking sheet.');
INSERT INTO step(recipe_id, step_order, details) VALUES (20, 1, 'Remove from the oven and let it rest for a few minutes before serving.');
INSERT INTO step(recipe_id, step_order, details) VALUES (20, 2, 'Chop the vegetables into bite-sized pieces.');
INSERT INTO step(recipe_id, step_order, details) VALUES (20, 3, 'In another bowl, whisk together the eggs, milk, and melted butter.');
INSERT INTO step(recipe_id, step_order, details) VALUES (20, 4, 'Rinse and drain the lentils.');
INSERT INTO step(recipe_id, step_order, details) VALUES (20, 5, 'Season with salt and pepper to taste.');
INSERT INTO step(recipe_id, step_order, details) VALUES (20, 6, 'Cut the potatoes into wedges.');
INSERT INTO step(recipe_id, step_order, details) VALUES (20, 7, 'Grill the skewers for 10-15 minutes, turning occasionally, until the meat is cooked through and the vegetables are tender.');
INSERT INTO step(recipe_id, step_order, details) VALUES (20, 8, 'In a large bowl, mix together the flour, sugar, baking powder, and salt.');
INSERT INTO step(recipe_id, step_order, details) VALUES (20, 9, 'Bake in the preheated oven for 20-25 minutes, turning once halfway through, until the potatoes are golden brown and crispy.');
INSERT INTO step(recipe_id, step_order, details) VALUES (20, 10, 'Remove the skewers from the grill and let rest for a few minutes before serving.');
INSERT INTO step(recipe_id, step_order, details) VALUES (20, 11, 'Thread the marinated meat and vegetables onto skewers.');
INSERT INTO step(recipe_id, step_order, details) VALUES (21, 1, 'Stir in the grated cheese until melted and smooth.');
INSERT INTO step(recipe_id, step_order, details) VALUES (21, 2, 'Add the minced garlic and cook for another minute.');
INSERT INTO step(recipe_id, step_order, details) VALUES (21, 3, 'Use an immersion blender to puree the soup to your desired consistency.');
INSERT INTO step(recipe_id, step_order, details) VALUES (21, 4, 'Heat a large skillet over medium heat and add olive oil.');
INSERT INTO step(recipe_id, step_order, details) VALUES (21, 5, 'Remove from the oven and let it rest for a few minutes before serving.');
INSERT INTO step(recipe_id, step_order, details) VALUES (21, 6, 'Grill the skewers for 10-15 minutes, turning occasionally, until the meat is cooked through and the vegetables are tender.');
INSERT INTO step(recipe_id, step_order, details) VALUES (21, 7, 'While the potatoes are baking, prepare your dipping sauce by mixing mayonnaise, ketchup, and a dash of hot sauce.');
INSERT INTO step(recipe_id, step_order, details) VALUES (22, 1, 'Heat a large skillet over medium heat and add olive oil.');
INSERT INTO step(recipe_id, step_order, details) VALUES (22, 2, 'Remove the foil and bake for an additional 5-10 minutes to allow the top to brown slightly.');
INSERT INTO step(recipe_id, step_order, details) VALUES (22, 3, 'Remove the foil and bake for an additional 5-10 minutes to allow the top to brown slightly.');
INSERT INTO step(recipe_id, step_order, details) VALUES (22, 4, 'Grill the skewers for 10-15 minutes, turning occasionally, until the meat is cooked through and the vegetables are tender.');
INSERT INTO step(recipe_id, step_order, details) VALUES (22, 5, 'Remove the foil and bake for an additional 5-10 minutes to allow the top to brown slightly.');
INSERT INTO step(recipe_id, step_order, details) VALUES (22, 6, 'Pour the batter into the prepared baking pan.');
INSERT INTO step(recipe_id, step_order, details) VALUES (22, 7, 'Add the cooked pasta to the cheese sauce and mix until well combined.');
INSERT INTO step(recipe_id, step_order, details) VALUES (22, 8, 'Marinate the meat with your choice of marinade for at least 30 minutes.');
INSERT INTO step(recipe_id, step_order, details) VALUES (22, 9, 'Cover the baking dish with aluminum foil.');
INSERT INTO step(recipe_id, step_order, details) VALUES (23, 1, 'While the potatoes are baking, prepare your dipping sauce by mixing mayonnaise, ketchup, and a dash of hot sauce.');
INSERT INTO step(recipe_id, step_order, details) VALUES (23, 2, 'While the potatoes are baking, prepare your dipping sauce by mixing mayonnaise, ketchup, and a dash of hot sauce.');
INSERT INTO step(recipe_id, step_order, details) VALUES (23, 3, 'Bake in the preheated oven for 25-30 minutes, or until the meat is cooked through and the vegetables are tender.');
INSERT INTO step(recipe_id, step_order, details) VALUES (23, 4, 'In a medium saucepan, melt the butter over medium heat.');
INSERT INTO step(recipe_id, step_order, details) VALUES (23, 5, 'Fold in any additional ingredients like chocolate chips or nuts.');
INSERT INTO step(recipe_id, step_order, details) VALUES (23, 6, 'In a medium saucepan, melt the butter over medium heat.');
INSERT INTO step(recipe_id, step_order, details) VALUES (23, 7, 'Remove the potato wedges from the oven and let cool slightly before serving.');
INSERT INTO step(recipe_id, step_order, details) VALUES (23, 8, 'Sauté the onions and garlic until they become translucent, about 3-5 minutes.');
INSERT INTO step(recipe_id, step_order, details) VALUES (23, 9, 'Stir in the grated cheese until melted and smooth.');
INSERT INTO step(recipe_id, step_order, details) VALUES (23, 10, 'Pour the batter into the prepared baking pan.');
INSERT INTO step(recipe_id, step_order, details) VALUES (23, 11, 'Bring the mixture to a boil, then reduce the heat and let it simmer for 25-30 minutes, or until the lentils are tender.');
INSERT INTO step(recipe_id, step_order, details) VALUES (23, 12, 'Whisk in the flour to create a roux, cooking for 1-2 minutes.');
INSERT INTO step(recipe_id, step_order, details) VALUES (24, 1, 'Preheat the oven to 350°F (175°C).');
INSERT INTO step(recipe_id, step_order, details) VALUES (24, 2, 'Transfer the sautéed vegetables to a baking dish.');
INSERT INTO step(recipe_id, step_order, details) VALUES (24, 3, 'Spread the potato wedges in a single layer on a baking sheet.');
INSERT INTO step(recipe_id, step_order, details) VALUES (24, 4, 'Place the skewers on the preheated grill.');
INSERT INTO step(recipe_id, step_order, details) VALUES (24, 5, 'Fold in any additional ingredients like chocolate chips or nuts.');
INSERT INTO step(recipe_id, step_order, details) VALUES (24, 6, 'Remove from the oven and let it rest for a few minutes before serving.');
INSERT INTO step(recipe_id, step_order, details) VALUES (24, 7, 'Bake in the preheated oven for 25-30 minutes, or until a toothpick inserted into the center comes out clean.');
INSERT INTO step(recipe_id, step_order, details) VALUES (24, 8, 'Serve hot, garnished with fresh herbs or a dollop of yogurt if desired."');
INSERT INTO step(recipe_id, step_order, details) VALUES (24, 9, 'Preheat the grill to medium-high heat.');
INSERT INTO step(recipe_id, step_order, details) VALUES (24, 10, 'Add the bay leaf, thyme, salt, and pepper.');
INSERT INTO step(recipe_id, step_order, details) VALUES (24, 11, 'Serve hot, garnished with fresh herbs or a dollop of yogurt if desired."');
INSERT INTO step(recipe_id, step_order, details) VALUES (24, 12, 'Season the meat with salt, pepper, and your favorite spices.');
INSERT INTO step(recipe_id, step_order, details) VALUES (24, 13, 'Marinate the meat with your choice of marinade for at least 30 minutes.');
INSERT INTO step(recipe_id, step_order, details) VALUES (24, 14, 'Allow to cool in the pan for 10 minutes before transferring to a wire rack to cool completely.');
INSERT INTO step(recipe_id, step_order, details) VALUES (25, 1, 'Combine the cooked meat with the vegetables in the baking dish.');
INSERT INTO step(recipe_id, step_order, details) VALUES (25, 2, 'In another bowl, whisk together the eggs, milk, and melted butter.');
INSERT INTO step(recipe_id, step_order, details) VALUES (25, 3, 'Garnish with fresh herbs and serve warm."');
INSERT INTO step(recipe_id, step_order, details) VALUES (25, 4, 'Serve immediately, garnished with extra cheese and fresh herbs if desired."');
INSERT INTO step(recipe_id, step_order, details) VALUES (25, 5, 'Remove the bay leaf and discard.');
INSERT INTO step(recipe_id, step_order, details) VALUES (25, 6, 'Bake in the preheated oven for 25-30 minutes, or until a toothpick inserted into the center comes out clean.');
INSERT INTO step(recipe_id, step_order, details) VALUES (26, 1, 'Heat a large skillet over medium heat and add olive oil.');
INSERT INTO step(recipe_id, step_order, details) VALUES (26, 2, 'In a medium saucepan, melt the butter over medium heat.');
INSERT INTO step(recipe_id, step_order, details) VALUES (26, 3, 'Bake in the preheated oven for 25-30 minutes, or until the meat is cooked through and the vegetables are tender.');
INSERT INTO step(recipe_id, step_order, details) VALUES (26, 4, 'Remove from the oven and let it rest for a few minutes before serving.');
INSERT INTO step(recipe_id, step_order, details) VALUES (26, 5, 'Pour the batter into the prepared baking pan.');
INSERT INTO step(recipe_id, step_order, details) VALUES (26, 6, 'Fold in any additional ingredients like chocolate chips or nuts.');
INSERT INTO step(recipe_id, step_order, details) VALUES (26, 7, 'Once cooled, cut into squares and serve.');
INSERT INTO step(recipe_id, step_order, details) VALUES (26, 8, 'Rinse and drain the lentils.');
INSERT INTO step(recipe_id, step_order, details) VALUES (26, 9, 'Thread the marinated meat and vegetables onto skewers.');
INSERT INTO step(recipe_id, step_order, details) VALUES (26, 10, 'Gradually whisk in the milk, stirring continuously to avoid lumps.');
INSERT INTO step(recipe_id, step_order, details) VALUES (26, 11, 'Bake in the preheated oven for 25-30 minutes, or until a toothpick inserted into the center comes out clean.');
INSERT INTO step(recipe_id, step_order, details) VALUES (26, 12, 'Spread the potato wedges in a single layer on a baking sheet.');
INSERT INTO step(recipe_id, step_order, details) VALUES (27, 1, 'Serve immediately, garnished with extra cheese and fresh herbs if desired."');
INSERT INTO step(recipe_id, step_order, details) VALUES (27, 2, 'Heat a large skillet over medium heat and add olive oil.');
INSERT INTO step(recipe_id, step_order, details) VALUES (27, 3, 'In another bowl, whisk together the eggs, milk, and melted butter.');
INSERT INTO step(recipe_id, step_order, details) VALUES (27, 4, 'Cover the baking dish with aluminum foil.');
INSERT INTO step(recipe_id, step_order, details) VALUES (27, 5, 'Season the meat with salt, pepper, and your favorite spices.');
INSERT INTO step(recipe_id, step_order, details) VALUES (27, 6, 'Add the diced onions, carrots, and celery, and cook until the onions are translucent, about 5 minutes.');
INSERT INTO step(recipe_id, step_order, details) VALUES (27, 7, 'Serve immediately, garnished with extra cheese and fresh herbs if desired."');
INSERT INTO step(recipe_id, step_order, details) VALUES (27, 8, 'Gradually whisk in the milk, stirring continuously to avoid lumps.');
INSERT INTO step(recipe_id, step_order, details) VALUES (27, 9, 'Add the cooked pasta to the cheese sauce and mix until well combined.');
INSERT INTO step(recipe_id, step_order, details) VALUES (28, 1, 'In a large bowl, mix together the flour, sugar, baking powder, and salt.');
INSERT INTO step(recipe_id, step_order, details) VALUES (28, 2, 'Preheat the grill to medium-high heat.');
INSERT INTO step(recipe_id, step_order, details) VALUES (28, 3, 'Gradually whisk in the milk, stirring continuously to avoid lumps.');
INSERT INTO step(recipe_id, step_order, details) VALUES (28, 4, 'Thread the marinated meat and vegetables onto skewers.');
INSERT INTO step(recipe_id, step_order, details) VALUES (28, 5, 'Fold in any additional ingredients like chocolate chips or nuts.');
INSERT INTO step(recipe_id, step_order, details) VALUES (28, 6, 'In a large bowl, toss the potato wedges with olive oil, salt, pepper, and any desired seasonings.');
INSERT INTO step(recipe_id, step_order, details) VALUES (28, 7, 'Bring a large pot of water to a boil.');
INSERT INTO step(recipe_id, step_order, details) VALUES (28, 8, 'Thread the marinated meat and vegetables onto skewers.');
INSERT INTO step(recipe_id, step_order, details) VALUES (28, 9, 'Place the skewers on the preheated grill.');
INSERT INTO step(recipe_id, step_order, details) VALUES (28, 10, 'Serve immediately, garnished with extra cheese and fresh herbs if desired."');
INSERT INTO step(recipe_id, step_order, details) VALUES (28, 11, 'In a large pot, heat the olive oil over medium heat.');
INSERT INTO step(recipe_id, step_order, details) VALUES (29, 1, 'Use an immersion blender to puree the soup to your desired consistency.');
INSERT INTO step(recipe_id, step_order, details) VALUES (29, 2, 'Add a pinch of salt to the boiling water.');
INSERT INTO step(recipe_id, step_order, details) VALUES (29, 3, 'Preheat the oven to 400°F (200°C).');
INSERT INTO step(recipe_id, step_order, details) VALUES (29, 4, 'Bake in the preheated oven for 25-30 minutes, or until the meat is cooked through and the vegetables are tender.');
INSERT INTO step(recipe_id, step_order, details) VALUES (29, 5, 'Garnish with fresh herbs and serve warm."');
INSERT INTO step(recipe_id, step_order, details) VALUES (29, 6, 'Remove the bay leaf and discard.');
INSERT INTO step(recipe_id, step_order, details) VALUES (29, 7, 'Allow to cool in the pan for 10 minutes before transferring to a wire rack to cool completely.');
INSERT INTO step(recipe_id, step_order, details) VALUES (29, 8, 'Cover the baking dish with aluminum foil.');
INSERT INTO step(recipe_id, step_order, details) VALUES (29, 9, 'In a medium saucepan, melt the butter over medium heat.');
INSERT INTO step(recipe_id, step_order, details) VALUES (29, 10, 'Add the diced onions, carrots, and celery, and cook until the onions are translucent, about 5 minutes.');
INSERT INTO step(recipe_id, step_order, details) VALUES (29, 11, 'Bring the mixture to a simmer and cook until thickened, about 3-5 minutes.');
INSERT INTO step(recipe_id, step_order, details) VALUES (29, 12, 'In a large bowl, toss the potato wedges with olive oil, salt, pepper, and any desired seasonings.');
INSERT INTO step(recipe_id, step_order, details) VALUES (29, 13, 'Remove the bay leaf and discard.');
INSERT INTO step(recipe_id, step_order, details) VALUES (30, 1, 'Bake in the preheated oven for 20-25 minutes, turning once halfway through, until the potatoes are golden brown and crispy.');
INSERT INTO step(recipe_id, step_order, details) VALUES (30, 2, 'Stir in the grated cheese until melted and smooth.');
INSERT INTO step(recipe_id, step_order, details) VALUES (30, 3, 'Serve the skewers with a side of rice or salad.');
INSERT INTO step(recipe_id, step_order, details) VALUES (30, 4, 'Bake in the preheated oven for 20-25 minutes, turning once halfway through, until the potatoes are golden brown and crispy.');
INSERT INTO step(recipe_id, step_order, details) VALUES (30, 5, 'Season with salt and pepper to taste.');
INSERT INTO step(recipe_id, step_order, details) VALUES (30, 6, 'Grill the skewers for 10-15 minutes, turning occasionally, until the meat is cooked through and the vegetables are tender.');
INSERT INTO step(recipe_id, step_order, details) VALUES (30, 7, 'Stir in the grated cheese until melted and smooth.');
INSERT INTO step(recipe_id, step_order, details) VALUES (30, 8, 'Cut the potatoes into wedges.');
INSERT INTO step(recipe_id, step_order, details) VALUES (31, 1, 'Add the bay leaf, thyme, salt, and pepper.');
INSERT INTO step(recipe_id, step_order, details) VALUES (31, 2, 'Combine the cooked meat with the vegetables in the baking dish.');
INSERT INTO step(recipe_id, step_order, details) VALUES (31, 3, 'Combine the cooked meat with the vegetables in the baking dish.');
INSERT INTO step(recipe_id, step_order, details) VALUES (31, 4, 'Season with salt and pepper to taste.');
INSERT INTO step(recipe_id, step_order, details) VALUES (31, 5, 'Bring a large pot of water to a boil.');
INSERT INTO step(recipe_id, step_order, details) VALUES (31, 6, 'Season the meat with salt, pepper, and your favorite spices.');
INSERT INTO step(recipe_id, step_order, details) VALUES (31, 7, 'Thread the marinated meat and vegetables onto skewers.');
INSERT INTO step(recipe_id, step_order, details) VALUES (31, 8, 'Preheat the oven to 400°F (200°C).');
INSERT INTO step(recipe_id, step_order, details) VALUES (31, 9, 'Preheat the oven to 400°F (200°C).');
INSERT INTO step(recipe_id, step_order, details) VALUES (31, 10, 'In a large bowl, toss the potato wedges with olive oil, salt, pepper, and any desired seasonings.');
INSERT INTO step(recipe_id, step_order, details) VALUES (32, 1, 'Marinate the meat with your choice of marinade for at least 30 minutes.');
INSERT INTO step(recipe_id, step_order, details) VALUES (32, 2, 'Grill the skewers for 10-15 minutes, turning occasionally, until the meat is cooked through and the vegetables are tender.');
INSERT INTO step(recipe_id, step_order, details) VALUES (32, 3, 'Add a pinch of salt to the boiling water.');
INSERT INTO step(recipe_id, step_order, details) VALUES (32, 4, 'Thread the marinated meat and vegetables onto skewers.');
INSERT INTO step(recipe_id, step_order, details) VALUES (32, 5, 'Once cooled, cut into squares and serve.');
INSERT INTO step(recipe_id, step_order, details) VALUES (32, 6, 'Bake in the preheated oven for 20-25 minutes, turning once halfway through, until the potatoes are golden brown and crispy.');
INSERT INTO step(recipe_id, step_order, details) VALUES (32, 7, 'Add the cooked pasta to the cheese sauce and mix until well combined.');
INSERT INTO step(recipe_id, step_order, details) VALUES (32, 8, 'Remove the foil and bake for an additional 5-10 minutes to allow the top to brown slightly.');
INSERT INTO step(recipe_id, step_order, details) VALUES (32, 9, 'In a medium saucepan, melt the butter over medium heat.');
INSERT INTO step(recipe_id, step_order, details) VALUES (32, 10, 'Sauté the onions and garlic until they become translucent, about 3-5 minutes.');
INSERT INTO step(recipe_id, step_order, details) VALUES (32, 11, 'Combine the cooked meat with the vegetables in the baking dish.');
INSERT INTO step(recipe_id, step_order, details) VALUES (32, 12, 'Serve hot, garnished with fresh herbs or a dollop of yogurt if desired."');
INSERT INTO step(recipe_id, step_order, details) VALUES (32, 13, 'Bake in the preheated oven for 20-25 minutes, turning once halfway through, until the potatoes are golden brown and crispy.');
INSERT INTO step(recipe_id, step_order, details) VALUES (33, 1, 'In a large bowl, mix together the flour, sugar, baking powder, and salt.');
INSERT INTO step(recipe_id, step_order, details) VALUES (33, 2, 'Remove the bay leaf and discard.');
INSERT INTO step(recipe_id, step_order, details) VALUES (33, 3, 'Preheat the grill to medium-high heat.');
INSERT INTO step(recipe_id, step_order, details) VALUES (33, 4, 'Serve the skewers with a side of rice or salad.');
INSERT INTO step(recipe_id, step_order, details) VALUES (33, 5, 'Stir in the grated cheese until melted and smooth.');
INSERT INTO step(recipe_id, step_order, details) VALUES (33, 6, 'Add the diced onions, carrots, and celery, and cook until the onions are translucent, about 5 minutes.');
INSERT INTO step(recipe_id, step_order, details) VALUES (33, 7, 'Heat a large skillet over medium heat and add olive oil.');
INSERT INTO step(recipe_id, step_order, details) VALUES (33, 8, 'Serve hot, garnished with fresh herbs or a dollop of yogurt if desired."');
INSERT INTO step(recipe_id, step_order, details) VALUES (33, 9, 'Chop the vegetables into bite-sized pieces.');
INSERT INTO step(recipe_id, step_order, details) VALUES (33, 10, 'Allow to cool in the pan for 10 minutes before transferring to a wire rack to cool completely.');
INSERT INTO step(recipe_id, step_order, details) VALUES (33, 11, 'Serve hot, garnished with fresh herbs or a dollop of yogurt if desired."');
INSERT INTO step(recipe_id, step_order, details) VALUES (33, 12, 'Transfer the sautéed vegetables to a baking dish.');
INSERT INTO step(recipe_id, step_order, details) VALUES (34, 1, 'Preheat the grill to medium-high heat.');
INSERT INTO step(recipe_id, step_order, details) VALUES (34, 2, 'Bake in the preheated oven for 25-30 minutes, or until a toothpick inserted into the center comes out clean.');
INSERT INTO step(recipe_id, step_order, details) VALUES (34, 3, 'While the potatoes are baking, prepare your dipping sauce by mixing mayonnaise, ketchup, and a dash of hot sauce.');
INSERT INTO step(recipe_id, step_order, details) VALUES (34, 4, 'Cut the potatoes into wedges.');
INSERT INTO step(recipe_id, step_order, details) VALUES (34, 5, 'Heat a large skillet over medium heat and add olive oil.');
INSERT INTO step(recipe_id, step_order, details) VALUES (34, 6, 'Place the skewers on the preheated grill.');
INSERT INTO step(recipe_id, step_order, details) VALUES (34, 7, 'Place the skewers on the preheated grill.');
INSERT INTO step(recipe_id, step_order, details) VALUES (34, 8, 'Preheat the grill to medium-high heat.');
INSERT INTO step(recipe_id, step_order, details) VALUES (34, 9, 'Cook the pasta according to the package instructions until al dente.');
INSERT INTO step(recipe_id, step_order, details) VALUES (35, 1, 'Bake in the preheated oven for 25-30 minutes, or until a toothpick inserted into the center comes out clean.');
INSERT INTO step(recipe_id, step_order, details) VALUES (35, 2, 'Preheat the oven to 350°F (175°C).');
INSERT INTO step(recipe_id, step_order, details) VALUES (35, 3, 'Remove the foil and bake for an additional 5-10 minutes to allow the top to brown slightly.');
INSERT INTO step(recipe_id, step_order, details) VALUES (35, 4, 'Pour the wet ingredients into the dry ingredients and stir until just combined.');
INSERT INTO step(recipe_id, step_order, details) VALUES (35, 5, 'Garnish with fresh herbs and serve warm."');
INSERT INTO step(recipe_id, step_order, details) VALUES (35, 6, 'Once cooled, cut into squares and serve.');
INSERT INTO step(recipe_id, step_order, details) VALUES (35, 7, 'Remove the skewers from the grill and let rest for a few minutes before serving.');
INSERT INTO step(recipe_id, step_order, details) VALUES (35, 8, 'Preheat the grill to medium-high heat.');
INSERT INTO step(recipe_id, step_order, details) VALUES (35, 9, 'In the same skillet, cook the meat until browned on all sides.');
INSERT INTO step(recipe_id, step_order, details) VALUES (35, 10, 'Bring the mixture to a boil, then reduce the heat and let it simmer for 25-30 minutes, or until the lentils are tender.');
INSERT INTO step(recipe_id, step_order, details) VALUES (35, 11, 'Allow to cool in the pan for 10 minutes before transferring to a wire rack to cool completely.');
INSERT INTO step(recipe_id, step_order, details) VALUES (36, 1, 'Bring a large pot of water to a boil.');
INSERT INTO step(recipe_id, step_order, details) VALUES (36, 2, 'Remove the skewers from the grill and let rest for a few minutes before serving.');
INSERT INTO step(recipe_id, step_order, details) VALUES (36, 3, 'Rinse and drain the lentils.');
INSERT INTO step(recipe_id, step_order, details) VALUES (36, 4, 'Season the meat with salt, pepper, and your favorite spices.');
INSERT INTO step(recipe_id, step_order, details) VALUES (36, 5, 'Cook the pasta according to the package instructions until al dente.');
INSERT INTO step(recipe_id, step_order, details) VALUES (36, 6, 'Cover the baking dish with aluminum foil.');
INSERT INTO step(recipe_id, step_order, details) VALUES (36, 7, 'Grill the skewers for 10-15 minutes, turning occasionally, until the meat is cooked through and the vegetables are tender.');
INSERT INTO step(recipe_id, step_order, details) VALUES (36, 8, 'In a medium saucepan, melt the butter over medium heat.');
INSERT INTO step(recipe_id, step_order, details) VALUES (37, 1, 'Bring the mixture to a boil, then reduce the heat and let it simmer for 25-30 minutes, or until the lentils are tender.');
INSERT INTO step(recipe_id, step_order, details) VALUES (37, 2, 'Rinse and drain the lentils.');
INSERT INTO step(recipe_id, step_order, details) VALUES (37, 3, 'Place the skewers on the preheated grill.');
INSERT INTO step(recipe_id, step_order, details) VALUES (37, 4, 'Combine the cooked meat with the vegetables in the baking dish.');
INSERT INTO step(recipe_id, step_order, details) VALUES (37, 5, 'Remove from the oven and let it rest for a few minutes before serving.');
INSERT INTO step(recipe_id, step_order, details) VALUES (37, 6, 'Stir in the grated cheese until melted and smooth.');
INSERT INTO step(recipe_id, step_order, details) VALUES (37, 7, 'Drain the pasta and set aside.');
INSERT INTO step(recipe_id, step_order, details) VALUES (37, 8, 'Fold in any additional ingredients like chocolate chips or nuts.');
INSERT INTO step(recipe_id, step_order, details) VALUES (37, 9, 'Remove the foil and bake for an additional 5-10 minutes to allow the top to brown slightly.');
INSERT INTO step(recipe_id, step_order, details) VALUES (37, 10, 'Stir in the lentils, tomatoes, and vegetable broth.');
INSERT INTO step(recipe_id, step_order, details) VALUES (37, 11, 'Add the chopped vegetables to the skillet and cook for an additional 5-7 minutes.');
INSERT INTO step(recipe_id, step_order, details) VALUES (38, 1, 'Cook the pasta according to the package instructions until al dente.');
INSERT INTO step(recipe_id, step_order, details) VALUES (38, 2, 'Serve hot, garnished with fresh herbs or a dollop of yogurt if desired."');
INSERT INTO step(recipe_id, step_order, details) VALUES (38, 3, 'Grill the skewers for 10-15 minutes, turning occasionally, until the meat is cooked through and the vegetables are tender.');
INSERT INTO step(recipe_id, step_order, details) VALUES (38, 4, 'Remove the foil and bake for an additional 5-10 minutes to allow the top to brown slightly.');
INSERT INTO step(recipe_id, step_order, details) VALUES (38, 5, 'Bake in the preheated oven for 25-30 minutes, or until a toothpick inserted into the center comes out clean.');
INSERT INTO step(recipe_id, step_order, details) VALUES (38, 6, 'Grease and flour a baking pan.');
INSERT INTO step(recipe_id, step_order, details) VALUES (38, 7, 'Drain the pasta and set aside.');
INSERT INTO step(recipe_id, step_order, details) VALUES (38, 8, 'Pour the wet ingredients into the dry ingredients and stir until just combined.');
INSERT INTO step(recipe_id, step_order, details) VALUES (38, 9, 'Remove the potato wedges from the oven and let cool slightly before serving.');
INSERT INTO step(recipe_id, step_order, details) VALUES (38, 10, 'Grease and flour a baking pan.');
INSERT INTO step(recipe_id, step_order, details) VALUES (38, 11, 'Cover the baking dish with aluminum foil.');
INSERT INTO step(recipe_id, step_order, details) VALUES (39, 1, 'Pour the wet ingredients into the dry ingredients and stir until just combined.');
INSERT INTO step(recipe_id, step_order, details) VALUES (39, 2, 'Gradually whisk in the milk, stirring continuously to avoid lumps.');
INSERT INTO step(recipe_id, step_order, details) VALUES (39, 3, 'Add the cooked pasta to the cheese sauce and mix until well combined.');
INSERT INTO step(recipe_id, step_order, details) VALUES (39, 4, 'In a medium saucepan, melt the butter over medium heat.');
INSERT INTO step(recipe_id, step_order, details) VALUES (39, 5, 'Bring a large pot of water to a boil.');
INSERT INTO step(recipe_id, step_order, details) VALUES (39, 6, 'Spread the potato wedges in a single layer on a baking sheet.');
INSERT INTO step(recipe_id, step_order, details) VALUES (40, 1, 'Allow to cool in the pan for 10 minutes before transferring to a wire rack to cool completely.');
INSERT INTO step(recipe_id, step_order, details) VALUES (40, 2, 'Remove the potato wedges from the oven and let cool slightly before serving.');
INSERT INTO step(recipe_id, step_order, details) VALUES (40, 3, 'Cut the potatoes into wedges.');
INSERT INTO step(recipe_id, step_order, details) VALUES (40, 4, 'Season the meat with salt, pepper, and your favorite spices.');
INSERT INTO step(recipe_id, step_order, details) VALUES (40, 5, 'Once cooled, cut into squares and serve.');
INSERT INTO step(recipe_id, step_order, details) VALUES (40, 6, 'Pour the wet ingredients into the dry ingredients and stir until just combined.');
INSERT INTO step(recipe_id, step_order, details) VALUES (40, 7, 'Allow to cool in the pan for 10 minutes before transferring to a wire rack to cool completely.');
INSERT INTO step(recipe_id, step_order, details) VALUES (40, 8, 'Remove the potato wedges from the oven and let cool slightly before serving.');
INSERT INTO step(recipe_id, step_order, details) VALUES (40, 9, 'Serve the potato wedges with the dipping sauce on the side."');
INSERT INTO step(recipe_id, step_order, details) VALUES (40, 10, 'Spread the potato wedges in a single layer on a baking sheet.');
INSERT INTO step(recipe_id, step_order, details) VALUES (40, 11, 'Add a pinch of salt to the boiling water.');
INSERT INTO step(recipe_id, step_order, details) VALUES (40, 12, 'Cook the pasta according to the package instructions until al dente.');
INSERT INTO step(recipe_id, step_order, details) VALUES (40, 13, 'In a large bowl, mix together the flour, sugar, baking powder, and salt.');
INSERT INTO step(recipe_id, step_order, details) VALUES (40, 14, 'Add the diced onions, carrots, and celery, and cook until the onions are translucent, about 5 minutes.');
INSERT INTO step(recipe_id, step_order, details) VALUES (41, 1, 'Use an immersion blender to puree the soup to your desired consistency.');
INSERT INTO step(recipe_id, step_order, details) VALUES (41, 2, 'Add the diced onions, carrots, and celery, and cook until the onions are translucent, about 5 minutes.');
INSERT INTO step(recipe_id, step_order, details) VALUES (41, 3, 'Bake in the preheated oven for 25-30 minutes, or until a toothpick inserted into the center comes out clean.');
INSERT INTO step(recipe_id, step_order, details) VALUES (41, 4, 'In a large bowl, toss the potato wedges with olive oil, salt, pepper, and any desired seasonings.');
INSERT INTO step(recipe_id, step_order, details) VALUES (41, 5, 'Preheat the oven to 375°F (190°C).');
INSERT INTO step(recipe_id, step_order, details) VALUES (41, 6, 'Fold in any additional ingredients like chocolate chips or nuts.');
INSERT INTO step(recipe_id, step_order, details) VALUES (41, 7, 'Remove the skewers from the grill and let rest for a few minutes before serving.');
INSERT INTO step(recipe_id, step_order, details) VALUES (41, 8, 'Serve the skewers with a side of rice or salad.');
INSERT INTO step(recipe_id, step_order, details) VALUES (41, 9, 'Use an immersion blender to puree the soup to your desired consistency.');
INSERT INTO step(recipe_id, step_order, details) VALUES (41, 10, 'Spread the potato wedges in a single layer on a baking sheet.');
INSERT INTO step(recipe_id, step_order, details) VALUES (42, 1, 'Remove the foil and bake for an additional 5-10 minutes to allow the top to brown slightly.');
INSERT INTO step(recipe_id, step_order, details) VALUES (42, 2, 'Bring the mixture to a boil, then reduce the heat and let it simmer for 25-30 minutes, or until the lentils are tender.');
INSERT INTO step(recipe_id, step_order, details) VALUES (42, 3, 'Season with salt and pepper to taste.');
INSERT INTO step(recipe_id, step_order, details) VALUES (42, 4, 'Chop the vegetables into bite-sized pieces.');
INSERT INTO step(recipe_id, step_order, details) VALUES (42, 5, 'Add a pinch of salt to the boiling water.');
INSERT INTO step(recipe_id, step_order, details) VALUES (42, 6, 'Thread the marinated meat and vegetables onto skewers.');
INSERT INTO step(recipe_id, step_order, details) VALUES (42, 7, 'Fold in any additional ingredients like chocolate chips or nuts.');
INSERT INTO step(recipe_id, step_order, details) VALUES (42, 8, 'Preheat the oven to 350°F (175°C).');
INSERT INTO step(recipe_id, step_order, details) VALUES (42, 9, 'Serve hot, garnished with fresh herbs or a dollop of yogurt if desired."');
INSERT INTO step(recipe_id, step_order, details) VALUES (42, 10, 'Pour the wet ingredients into the dry ingredients and stir until just combined.');
INSERT INTO step(recipe_id, step_order, details) VALUES (43, 1, 'Serve the potato wedges with the dipping sauce on the side."');
INSERT INTO step(recipe_id, step_order, details) VALUES (43, 2, 'Preheat the oven to 400°F (200°C).');
INSERT INTO step(recipe_id, step_order, details) VALUES (43, 3, 'Preheat the oven to 375°F (190°C).');
INSERT INTO step(recipe_id, step_order, details) VALUES (43, 4, 'Thread the marinated meat and vegetables onto skewers.');
INSERT INTO step(recipe_id, step_order, details) VALUES (43, 5, 'Stir in the grated cheese until melted and smooth.');
INSERT INTO step(recipe_id, step_order, details) VALUES (43, 6, 'Spread the potato wedges in a single layer on a baking sheet.');
INSERT INTO step(recipe_id, step_order, details) VALUES (43, 7, 'Remove the foil and bake for an additional 5-10 minutes to allow the top to brown slightly.');
INSERT INTO step(recipe_id, step_order, details) VALUES (43, 8, 'In a large pot, heat the olive oil over medium heat.');
INSERT INTO step(recipe_id, step_order, details) VALUES (43, 9, 'Preheat the oven to 400°F (200°C).');
INSERT INTO step(recipe_id, step_order, details) VALUES (43, 10, 'Season with salt and pepper to taste.');
INSERT INTO step(recipe_id, step_order, details) VALUES (43, 11, 'Remove the foil and bake for an additional 5-10 minutes to allow the top to brown slightly.');
INSERT INTO step(recipe_id, step_order, details) VALUES (43, 12, 'Fold in any additional ingredients like chocolate chips or nuts.');
INSERT INTO step(recipe_id, step_order, details) VALUES (43, 13, 'Thread the marinated meat and vegetables onto skewers.');
INSERT INTO step(recipe_id, step_order, details) VALUES (43, 14, 'In a medium saucepan, melt the butter over medium heat.');
INSERT INTO step(recipe_id, step_order, details) VALUES (44, 1, 'Serve hot, garnished with fresh herbs or a dollop of yogurt if desired."');
INSERT INTO step(recipe_id, step_order, details) VALUES (44, 2, 'Heat a large skillet over medium heat and add olive oil.');
INSERT INTO step(recipe_id, step_order, details) VALUES (44, 3, 'Pour the sauce or broth over the meat and vegetables.');
INSERT INTO step(recipe_id, step_order, details) VALUES (44, 4, 'Grill the skewers for 10-15 minutes, turning occasionally, until the meat is cooked through and the vegetables are tender.');
INSERT INTO step(recipe_id, step_order, details) VALUES (44, 5, 'Transfer the sautéed vegetables to a baking dish.');
INSERT INTO step(recipe_id, step_order, details) VALUES (44, 6, 'Season the meat with salt, pepper, and your favorite spices.');
INSERT INTO step(recipe_id, step_order, details) VALUES (44, 7, 'Place the skewers on the preheated grill.');
INSERT INTO step(recipe_id, step_order, details) VALUES (44, 8, 'In a medium saucepan, melt the butter over medium heat.');
INSERT INTO step(recipe_id, step_order, details) VALUES (44, 9, 'Cover the baking dish with aluminum foil.');
INSERT INTO step(recipe_id, step_order, details) VALUES (44, 10, 'Serve hot, garnished with fresh herbs or a dollop of yogurt if desired."');
INSERT INTO step(recipe_id, step_order, details) VALUES (44, 11, 'Remove the skewers from the grill and let rest for a few minutes before serving.');
INSERT INTO step(recipe_id, step_order, details) VALUES (44, 12, 'Pour the sauce or broth over the meat and vegetables.');
INSERT INTO step(recipe_id, step_order, details) VALUES (44, 13, 'Remove the foil and bake for an additional 5-10 minutes to allow the top to brown slightly.');
INSERT INTO step(recipe_id, step_order, details) VALUES (45, 1, 'While the potatoes are baking, prepare your dipping sauce by mixing mayonnaise, ketchup, and a dash of hot sauce.');
INSERT INTO step(recipe_id, step_order, details) VALUES (45, 2, 'Cover the baking dish with aluminum foil.');
INSERT INTO step(recipe_id, step_order, details) VALUES (45, 3, 'In another bowl, whisk together the eggs, milk, and melted butter.');
INSERT INTO step(recipe_id, step_order, details) VALUES (45, 4, 'Bring the mixture to a simmer and cook until thickened, about 3-5 minutes.');
INSERT INTO step(recipe_id, step_order, details) VALUES (45, 5, 'Serve hot, garnished with fresh herbs or a dollop of yogurt if desired."');
INSERT INTO step(recipe_id, step_order, details) VALUES (45, 6, 'Marinate the meat with your choice of marinade for at least 30 minutes.');
INSERT INTO step(recipe_id, step_order, details) VALUES (45, 7, 'Pour the wet ingredients into the dry ingredients and stir until just combined.');
INSERT INTO step(recipe_id, step_order, details) VALUES (46, 1, 'Pour the sauce or broth over the meat and vegetables.');
INSERT INTO step(recipe_id, step_order, details) VALUES (46, 2, 'In the same skillet, cook the meat until browned on all sides.');
INSERT INTO step(recipe_id, step_order, details) VALUES (46, 3, 'Remove the bay leaf and discard.');
INSERT INTO step(recipe_id, step_order, details) VALUES (46, 4, 'Serve immediately, garnished with extra cheese and fresh herbs if desired."');
INSERT INTO step(recipe_id, step_order, details) VALUES (46, 5, 'Cover the baking dish with aluminum foil.');
INSERT INTO step(recipe_id, step_order, details) VALUES (46, 6, 'Season the meat with salt, pepper, and your favorite spices.');
INSERT INTO step(recipe_id, step_order, details) VALUES (47, 1, 'Preheat the oven to 350°F (175°C).');
INSERT INTO step(recipe_id, step_order, details) VALUES (47, 2, 'Preheat the oven to 375°F (190°C).');
INSERT INTO step(recipe_id, step_order, details) VALUES (47, 3, 'Cook the pasta according to the package instructions until al dente.');
INSERT INTO step(recipe_id, step_order, details) VALUES (47, 4, 'Cover the baking dish with aluminum foil.');
INSERT INTO step(recipe_id, step_order, details) VALUES (47, 5, 'Bake in the preheated oven for 25-30 minutes, or until a toothpick inserted into the center comes out clean.');
INSERT INTO step(recipe_id, step_order, details) VALUES (47, 6, 'Garnish with fresh herbs and serve warm."');
INSERT INTO step(recipe_id, step_order, details) VALUES (47, 7, 'In the same skillet, cook the meat until browned on all sides.');
INSERT INTO step(recipe_id, step_order, details) VALUES (47, 8, 'Grill the skewers for 10-15 minutes, turning occasionally, until the meat is cooked through and the vegetables are tender.');
INSERT INTO step(recipe_id, step_order, details) VALUES (47, 9, 'Remove the skewers from the grill and let rest for a few minutes before serving.');
INSERT INTO step(recipe_id, step_order, details) VALUES (47, 10, 'Preheat the oven to 400°F (200°C).');
INSERT INTO step(recipe_id, step_order, details) VALUES (47, 11, 'Bake in the preheated oven for 25-30 minutes, or until the meat is cooked through and the vegetables are tender.');
INSERT INTO step(recipe_id, step_order, details) VALUES (47, 12, 'Chop the vegetables into bite-sized pieces.');
INSERT INTO step(recipe_id, step_order, details) VALUES (47, 13, 'Add the bay leaf, thyme, salt, and pepper.');
INSERT INTO step(recipe_id, step_order, details) VALUES (47, 14, 'Remove the foil and bake for an additional 5-10 minutes to allow the top to brown slightly.');
INSERT INTO step(recipe_id, step_order, details) VALUES (48, 1, 'Transfer the sautéed vegetables to a baking dish.');
INSERT INTO step(recipe_id, step_order, details) VALUES (48, 2, 'Sauté the onions and garlic until they become translucent, about 3-5 minutes.');
INSERT INTO step(recipe_id, step_order, details) VALUES (48, 3, 'Whisk in the flour to create a roux, cooking for 1-2 minutes.');
INSERT INTO step(recipe_id, step_order, details) VALUES (48, 4, 'Serve hot, garnished with fresh herbs or a dollop of yogurt if desired."');
INSERT INTO step(recipe_id, step_order, details) VALUES (48, 5, 'Chop the vegetables into bite-sized pieces.');
INSERT INTO step(recipe_id, step_order, details) VALUES (48, 6, 'Allow to cool in the pan for 10 minutes before transferring to a wire rack to cool completely.');
INSERT INTO step(recipe_id, step_order, details) VALUES (48, 7, 'Cut the potatoes into wedges.');
INSERT INTO step(recipe_id, step_order, details) VALUES (48, 8, 'Bring a large pot of water to a boil.');
INSERT INTO step(recipe_id, step_order, details) VALUES (48, 9, 'In a medium saucepan, melt the butter over medium heat.');
INSERT INTO step(recipe_id, step_order, details) VALUES (48, 10, 'Spread the potato wedges in a single layer on a baking sheet.');
INSERT INTO step(recipe_id, step_order, details) VALUES (48, 11, 'Bake in the preheated oven for 25-30 minutes, or until the meat is cooked through and the vegetables are tender.');
INSERT INTO step(recipe_id, step_order, details) VALUES (48, 12, 'Preheat the oven to 400°F (200°C).');
INSERT INTO step(recipe_id, step_order, details) VALUES (49, 1, 'Grill the skewers for 10-15 minutes, turning occasionally, until the meat is cooked through and the vegetables are tender.');
INSERT INTO step(recipe_id, step_order, details) VALUES (49, 2, 'Spread the potato wedges in a single layer on a baking sheet.');
INSERT INTO step(recipe_id, step_order, details) VALUES (49, 3, 'Add the diced onions, carrots, and celery, and cook until the onions are translucent, about 5 minutes.');
INSERT INTO step(recipe_id, step_order, details) VALUES (49, 4, 'Remove the foil and bake for an additional 5-10 minutes to allow the top to brown slightly.');
INSERT INTO step(recipe_id, step_order, details) VALUES (49, 5, 'Pour the wet ingredients into the dry ingredients and stir until just combined.');
INSERT INTO step(recipe_id, step_order, details) VALUES (49, 6, 'Stir in the grated cheese until melted and smooth.');
INSERT INTO step(recipe_id, step_order, details) VALUES (49, 7, 'Sauté the onions and garlic until they become translucent, about 3-5 minutes.');
INSERT INTO step(recipe_id, step_order, details) VALUES (49, 8, 'Bring the mixture to a boil, then reduce the heat and let it simmer for 25-30 minutes, or until the lentils are tender.');
INSERT INTO step(recipe_id, step_order, details) VALUES (49, 9, 'Heat a large skillet over medium heat and add olive oil.');
INSERT INTO step(recipe_id, step_order, details) VALUES (49, 10, 'Once cooled, cut into squares and serve.');
INSERT INTO step(recipe_id, step_order, details) VALUES (49, 11, 'Bake in the preheated oven for 25-30 minutes, or until the meat is cooked through and the vegetables are tender.');
INSERT INTO step(recipe_id, step_order, details) VALUES (49, 12, 'Whisk in the flour to create a roux, cooking for 1-2 minutes.');
INSERT INTO step(recipe_id, step_order, details) VALUES (49, 13, 'Remove the potato wedges from the oven and let cool slightly before serving.');
INSERT INTO step(recipe_id, step_order, details) VALUES (49, 14, 'Season with salt and pepper to taste.');
INSERT INTO step(recipe_id, step_order, details) VALUES (50, 1, 'Spread the potato wedges in a single layer on a baking sheet.');
INSERT INTO step(recipe_id, step_order, details) VALUES (50, 2, 'Garnish with fresh herbs and serve warm."');
INSERT INTO step(recipe_id, step_order, details) VALUES (50, 3, 'In a medium saucepan, melt the butter over medium heat.');
INSERT INTO step(recipe_id, step_order, details) VALUES (50, 4, 'Rinse and drain the lentils.');
INSERT INTO step(recipe_id, step_order, details) VALUES (50, 5, 'Heat a large skillet over medium heat and add olive oil.');
INSERT INTO step(recipe_id, step_order, details) VALUES (50, 6, 'Add a pinch of salt to the boiling water.');
INSERT INTO step(recipe_id, step_order, details) VALUES (50, 7, 'Pour the batter into the prepared baking pan.');
INSERT INTO step(recipe_id, step_order, details) VALUES (50, 8, 'In a large pot, heat the olive oil over medium heat.');
INSERT INTO step(recipe_id, step_order, details) VALUES (50, 9, 'Remove the foil and bake for an additional 5-10 minutes to allow the top to brown slightly.');
INSERT INTO step(recipe_id, step_order, details) VALUES (51, 1, 'Spread the potato wedges in a single layer on a baking sheet.');
INSERT INTO step(recipe_id, step_order, details) VALUES (51, 2, 'Spread the potato wedges in a single layer on a baking sheet.');
INSERT INTO step(recipe_id, step_order, details) VALUES (51, 3, 'Add the chopped vegetables to the skillet and cook for an additional 5-7 minutes.');
INSERT INTO step(recipe_id, step_order, details) VALUES (51, 4, 'Bake in the preheated oven for 20-25 minutes, turning once halfway through, until the potatoes are golden brown and crispy.');
INSERT INTO step(recipe_id, step_order, details) VALUES (51, 5, 'Add the minced garlic and cook for another minute.');
INSERT INTO step(recipe_id, step_order, details) VALUES (51, 6, 'Bring the mixture to a boil, then reduce the heat and let it simmer for 25-30 minutes, or until the lentils are tender.');
INSERT INTO step(recipe_id, step_order, details) VALUES (51, 7, 'Allow to cool in the pan for 10 minutes before transferring to a wire rack to cool completely.');
INSERT INTO step(recipe_id, step_order, details) VALUES (51, 8, 'Add the bay leaf, thyme, salt, and pepper.');
INSERT INTO step(recipe_id, step_order, details) VALUES (51, 9, 'Bake in the preheated oven for 20-25 minutes, turning once halfway through, until the potatoes are golden brown and crispy.');
INSERT INTO step(recipe_id, step_order, details) VALUES (51, 10, 'Add the bay leaf, thyme, salt, and pepper.');
INSERT INTO step(recipe_id, step_order, details) VALUES (51, 11, 'Preheat the grill to medium-high heat.');
INSERT INTO step(recipe_id, step_order, details) VALUES (51, 12, 'Serve hot, garnished with fresh herbs or a dollop of yogurt if desired."');
INSERT INTO step(recipe_id, step_order, details) VALUES (51, 13, 'In a large pot, heat the olive oil over medium heat.');
INSERT INTO step(recipe_id, step_order, details) VALUES (52, 1, 'Add the cooked pasta to the cheese sauce and mix until well combined.');
INSERT INTO step(recipe_id, step_order, details) VALUES (52, 2, 'Add the diced onions, carrots, and celery, and cook until the onions are translucent, about 5 minutes.');
INSERT INTO step(recipe_id, step_order, details) VALUES (52, 3, 'Add the diced onions, carrots, and celery, and cook until the onions are translucent, about 5 minutes.');
INSERT INTO step(recipe_id, step_order, details) VALUES (52, 4, 'Grease and flour a baking pan.');
INSERT INTO step(recipe_id, step_order, details) VALUES (52, 5, 'Preheat the oven to 375°F (190°C).');
INSERT INTO step(recipe_id, step_order, details) VALUES (52, 6, 'Cook the pasta according to the package instructions until al dente.');
INSERT INTO step(recipe_id, step_order, details) VALUES (52, 7, 'Rinse and drain the lentils.');
INSERT INTO step(recipe_id, step_order, details) VALUES (52, 8, 'Combine the cooked meat with the vegetables in the baking dish.');
INSERT INTO step(recipe_id, step_order, details) VALUES (52, 9, 'Marinate the meat with your choice of marinade for at least 30 minutes.');
INSERT INTO step(recipe_id, step_order, details) VALUES (52, 10, 'Pour the wet ingredients into the dry ingredients and stir until just combined.');
INSERT INTO step(recipe_id, step_order, details) VALUES (53, 1, 'Bring the mixture to a boil, then reduce the heat and let it simmer for 25-30 minutes, or until the lentils are tender.');
INSERT INTO step(recipe_id, step_order, details) VALUES (53, 2, 'Serve the potato wedges with the dipping sauce on the side."');
INSERT INTO step(recipe_id, step_order, details) VALUES (53, 3, 'Marinate the meat with your choice of marinade for at least 30 minutes.');
INSERT INTO step(recipe_id, step_order, details) VALUES (53, 4, 'Stir in the lentils, tomatoes, and vegetable broth.');
INSERT INTO step(recipe_id, step_order, details) VALUES (53, 5, 'In a large pot, heat the olive oil over medium heat.');
INSERT INTO step(recipe_id, step_order, details) VALUES (53, 6, 'Chop the vegetables into bite-sized pieces.');
INSERT INTO step(recipe_id, step_order, details) VALUES (53, 7, 'In another bowl, whisk together the eggs, milk, and melted butter.');
INSERT INTO step(recipe_id, step_order, details) VALUES (53, 8, 'Stir in the lentils, tomatoes, and vegetable broth.');
INSERT INTO step(recipe_id, step_order, details) VALUES (53, 9, 'Fold in any additional ingredients like chocolate chips or nuts.');
INSERT INTO step(recipe_id, step_order, details) VALUES (53, 10, 'Stir in the lentils, tomatoes, and vegetable broth.');
INSERT INTO step(recipe_id, step_order, details) VALUES (53, 11, 'Preheat the oven to 375°F (190°C).');
INSERT INTO step(recipe_id, step_order, details) VALUES (53, 12, 'Remove the bay leaf and discard.');
INSERT INTO step(recipe_id, step_order, details) VALUES (53, 13, 'Garnish with fresh herbs and serve warm."');
INSERT INTO step(recipe_id, step_order, details) VALUES (54, 1, 'Bake in the preheated oven for 25-30 minutes, or until a toothpick inserted into the center comes out clean.');
INSERT INTO step(recipe_id, step_order, details) VALUES (54, 2, 'Add a pinch of salt to the boiling water.');
INSERT INTO step(recipe_id, step_order, details) VALUES (54, 3, 'Place the skewers on the preheated grill.');
INSERT INTO step(recipe_id, step_order, details) VALUES (54, 4, 'In a large pot, heat the olive oil over medium heat.');
INSERT INTO step(recipe_id, step_order, details) VALUES (54, 5, 'Season with salt and pepper to taste.');
INSERT INTO step(recipe_id, step_order, details) VALUES (54, 6, 'Bake in the preheated oven for 20-25 minutes, turning once halfway through, until the potatoes are golden brown and crispy.');
INSERT INTO step(recipe_id, step_order, details) VALUES (54, 7, 'Serve the potato wedges with the dipping sauce on the side."');
INSERT INTO step(recipe_id, step_order, details) VALUES (54, 8, 'Pour the batter into the prepared baking pan.');
INSERT INTO step(recipe_id, step_order, details) VALUES (54, 9, 'In a large bowl, toss the potato wedges with olive oil, salt, pepper, and any desired seasonings.');
INSERT INTO step(recipe_id, step_order, details) VALUES (54, 10, 'Stir in the lentils, tomatoes, and vegetable broth.');
INSERT INTO step(recipe_id, step_order, details) VALUES (55, 1, 'Heat a large skillet over medium heat and add olive oil.');
INSERT INTO step(recipe_id, step_order, details) VALUES (55, 2, 'Pour the batter into the prepared baking pan.');
INSERT INTO step(recipe_id, step_order, details) VALUES (55, 3, 'Spread the potato wedges in a single layer on a baking sheet.');
INSERT INTO step(recipe_id, step_order, details) VALUES (55, 4, 'Pour the sauce or broth over the meat and vegetables.');
INSERT INTO step(recipe_id, step_order, details) VALUES (55, 5, 'Preheat the oven to 375°F (190°C).');
INSERT INTO step(recipe_id, step_order, details) VALUES (55, 6, 'Add a pinch of salt to the boiling water.');
INSERT INTO step(recipe_id, step_order, details) VALUES (55, 7, 'Heat a large skillet over medium heat and add olive oil.');
INSERT INTO step(recipe_id, step_order, details) VALUES (55, 8, 'In another bowl, whisk together the eggs, milk, and melted butter.');
INSERT INTO step(recipe_id, step_order, details) VALUES (55, 9, 'Remove the foil and bake for an additional 5-10 minutes to allow the top to brown slightly.');
INSERT INTO step(recipe_id, step_order, details) VALUES (55, 10, 'Stir in the lentils, tomatoes, and vegetable broth.');
INSERT INTO step(recipe_id, step_order, details) VALUES (55, 11, 'Grease and flour a baking pan.');
INSERT INTO step(recipe_id, step_order, details) VALUES (55, 12, 'Serve immediately, garnished with extra cheese and fresh herbs if desired."');
INSERT INTO step(recipe_id, step_order, details) VALUES (56, 1, 'Drain the pasta and set aside.');
INSERT INTO step(recipe_id, step_order, details) VALUES (56, 2, 'Rinse and drain the lentils.');
INSERT INTO step(recipe_id, step_order, details) VALUES (56, 3, 'Stir in the grated cheese until melted and smooth.');
INSERT INTO step(recipe_id, step_order, details) VALUES (56, 4, 'Gradually whisk in the milk, stirring continuously to avoid lumps.');
INSERT INTO step(recipe_id, step_order, details) VALUES (56, 5, 'Bake in the preheated oven for 25-30 minutes, or until a toothpick inserted into the center comes out clean.');
INSERT INTO step(recipe_id, step_order, details) VALUES (56, 6, 'Whisk in the flour to create a roux, cooking for 1-2 minutes.');
INSERT INTO step(recipe_id, step_order, details) VALUES (57, 1, 'Pour the batter into the prepared baking pan.');
INSERT INTO step(recipe_id, step_order, details) VALUES (57, 2, 'Cover the baking dish with aluminum foil.');
INSERT INTO step(recipe_id, step_order, details) VALUES (57, 3, 'Season with salt and pepper to taste.');
INSERT INTO step(recipe_id, step_order, details) VALUES (57, 4, 'Serve immediately, garnished with extra cheese and fresh herbs if desired."');
INSERT INTO step(recipe_id, step_order, details) VALUES (57, 5, 'Cut the potatoes into wedges.');
INSERT INTO step(recipe_id, step_order, details) VALUES (57, 6, 'In another bowl, whisk together the eggs, milk, and melted butter.');
INSERT INTO step(recipe_id, step_order, details) VALUES (57, 7, 'Preheat the oven to 350°F (175°C).');
INSERT INTO step(recipe_id, step_order, details) VALUES (57, 8, 'In the same skillet, cook the meat until browned on all sides.');
INSERT INTO step(recipe_id, step_order, details) VALUES (57, 9, 'Remove the foil and bake for an additional 5-10 minutes to allow the top to brown slightly.');
INSERT INTO step(recipe_id, step_order, details) VALUES (58, 1, 'While the potatoes are baking, prepare your dipping sauce by mixing mayonnaise, ketchup, and a dash of hot sauce.');
INSERT INTO step(recipe_id, step_order, details) VALUES (58, 2, 'Bring the mixture to a boil, then reduce the heat and let it simmer for 25-30 minutes, or until the lentils are tender.');
INSERT INTO step(recipe_id, step_order, details) VALUES (58, 3, 'Preheat the oven to 375°F (190°C).');
INSERT INTO step(recipe_id, step_order, details) VALUES (58, 4, 'Marinate the meat with your choice of marinade for at least 30 minutes.');
INSERT INTO step(recipe_id, step_order, details) VALUES (58, 5, 'Add the diced onions, carrots, and celery, and cook until the onions are translucent, about 5 minutes.');
INSERT INTO step(recipe_id, step_order, details) VALUES (58, 6, 'Remove the potato wedges from the oven and let cool slightly before serving.');
INSERT INTO step(recipe_id, step_order, details) VALUES (58, 7, 'Bring the mixture to a simmer and cook until thickened, about 3-5 minutes.');
INSERT INTO step(recipe_id, step_order, details) VALUES (58, 8, 'In a large bowl, mix together the flour, sugar, baking powder, and salt.');
INSERT INTO step(recipe_id, step_order, details) VALUES (58, 9, 'Remove the potato wedges from the oven and let cool slightly before serving.');
INSERT INTO step(recipe_id, step_order, details) VALUES (58, 10, 'Bake in the preheated oven for 25-30 minutes, or until the meat is cooked through and the vegetables are tender.');
INSERT INTO step(recipe_id, step_order, details) VALUES (58, 11, 'Drain the pasta and set aside.');
INSERT INTO step(recipe_id, step_order, details) VALUES (59, 1, 'Heat a large skillet over medium heat and add olive oil.');
INSERT INTO step(recipe_id, step_order, details) VALUES (59, 2, 'Chop the vegetables into bite-sized pieces.');
INSERT INTO step(recipe_id, step_order, details) VALUES (59, 3, 'Preheat the grill to medium-high heat.');
INSERT INTO step(recipe_id, step_order, details) VALUES (59, 4, 'Rinse and drain the lentils.');
INSERT INTO step(recipe_id, step_order, details) VALUES (59, 5, 'Gradually whisk in the milk, stirring continuously to avoid lumps.');
INSERT INTO step(recipe_id, step_order, details) VALUES (59, 6, 'Add the cooked pasta to the cheese sauce and mix until well combined.');
INSERT INTO step(recipe_id, step_order, details) VALUES (59, 7, 'Use an immersion blender to puree the soup to your desired consistency.');
INSERT INTO step(recipe_id, step_order, details) VALUES (59, 8, 'Preheat the grill to medium-high heat.');
INSERT INTO step(recipe_id, step_order, details) VALUES (59, 9, 'Allow to cool in the pan for 10 minutes before transferring to a wire rack to cool completely.');
INSERT INTO step(recipe_id, step_order, details) VALUES (59, 10, 'Pour the wet ingredients into the dry ingredients and stir until just combined.');
INSERT INTO step(recipe_id, step_order, details) VALUES (59, 11, 'Marinate the meat with your choice of marinade for at least 30 minutes.');
INSERT INTO step(recipe_id, step_order, details) VALUES (59, 12, 'In a large bowl, toss the potato wedges with olive oil, salt, pepper, and any desired seasonings.');
INSERT INTO step(recipe_id, step_order, details) VALUES (59, 13, 'Allow to cool in the pan for 10 minutes before transferring to a wire rack to cool completely.');
INSERT INTO step(recipe_id, step_order, details) VALUES (59, 14, 'Marinate the meat with your choice of marinade for at least 30 minutes.');
INSERT INTO step(recipe_id, step_order, details) VALUES (60, 1, 'Once cooled, cut into squares and serve.');
INSERT INTO step(recipe_id, step_order, details) VALUES (60, 2, 'Place the skewers on the preheated grill.');
INSERT INTO step(recipe_id, step_order, details) VALUES (60, 3, 'Gradually whisk in the milk, stirring continuously to avoid lumps.');
INSERT INTO step(recipe_id, step_order, details) VALUES (60, 4, 'In a large bowl, toss the potato wedges with olive oil, salt, pepper, and any desired seasonings.');
INSERT INTO step(recipe_id, step_order, details) VALUES (60, 5, 'Remove the foil and bake for an additional 5-10 minutes to allow the top to brown slightly.');
INSERT INTO step(recipe_id, step_order, details) VALUES (60, 6, 'Preheat the oven to 350°F (175°C).');
INSERT INTO step(recipe_id, step_order, details) VALUES (60, 7, 'Bake in the preheated oven for 25-30 minutes, or until a toothpick inserted into the center comes out clean.');
INSERT INTO step(recipe_id, step_order, details) VALUES (60, 8, 'Cut the potatoes into wedges.');
INSERT INTO step(recipe_id, step_order, details) VALUES (60, 9, 'In a large bowl, mix together the flour, sugar, baking powder, and salt.');
INSERT INTO step(recipe_id, step_order, details) VALUES (60, 10, 'Thread the marinated meat and vegetables onto skewers.');
INSERT INTO step(recipe_id, step_order, details) VALUES (61, 1, 'Heat a large skillet over medium heat and add olive oil.');
INSERT INTO step(recipe_id, step_order, details) VALUES (61, 2, 'In a large bowl, mix together the flour, sugar, baking powder, and salt.');
INSERT INTO step(recipe_id, step_order, details) VALUES (61, 3, 'Cover the baking dish with aluminum foil.');
INSERT INTO step(recipe_id, step_order, details) VALUES (61, 4, 'Garnish with fresh herbs and serve warm."');
INSERT INTO step(recipe_id, step_order, details) VALUES (61, 5, 'Preheat the grill to medium-high heat.');
INSERT INTO step(recipe_id, step_order, details) VALUES (61, 6, 'Add the diced onions, carrots, and celery, and cook until the onions are translucent, about 5 minutes.');
INSERT INTO step(recipe_id, step_order, details) VALUES (61, 7, 'Add the chopped vegetables to the skillet and cook for an additional 5-7 minutes.');
INSERT INTO step(recipe_id, step_order, details) VALUES (61, 8, 'Bake in the preheated oven for 20-25 minutes, turning once halfway through, until the potatoes are golden brown and crispy.');
INSERT INTO step(recipe_id, step_order, details) VALUES (61, 9, 'Serve the skewers with a side of rice or salad.');
INSERT INTO step(recipe_id, step_order, details) VALUES (61, 10, 'Add the diced onions, carrots, and celery, and cook until the onions are translucent, about 5 minutes.');
INSERT INTO step(recipe_id, step_order, details) VALUES (61, 11, 'Season with salt and pepper to taste.');
INSERT INTO step(recipe_id, step_order, details) VALUES (61, 12, 'Stir in the grated cheese until melted and smooth.');
INSERT INTO step(recipe_id, step_order, details) VALUES (62, 1, 'Drain the pasta and set aside.');
INSERT INTO step(recipe_id, step_order, details) VALUES (62, 2, 'Sauté the onions and garlic until they become translucent, about 3-5 minutes.');
INSERT INTO step(recipe_id, step_order, details) VALUES (62, 3, 'Stir in the lentils, tomatoes, and vegetable broth.');
INSERT INTO step(recipe_id, step_order, details) VALUES (62, 4, 'Add the bay leaf, thyme, salt, and pepper.');
INSERT INTO step(recipe_id, step_order, details) VALUES (62, 5, 'Add the minced garlic and cook for another minute.');
INSERT INTO step(recipe_id, step_order, details) VALUES (62, 6, 'Grease and flour a baking pan.');
INSERT INTO step(recipe_id, step_order, details) VALUES (63, 1, 'Sauté the onions and garlic until they become translucent, about 3-5 minutes.');
INSERT INTO step(recipe_id, step_order, details) VALUES (63, 2, 'While the potatoes are baking, prepare your dipping sauce by mixing mayonnaise, ketchup, and a dash of hot sauce.');
INSERT INTO step(recipe_id, step_order, details) VALUES (63, 3, 'Pour the wet ingredients into the dry ingredients and stir until just combined.');
INSERT INTO step(recipe_id, step_order, details) VALUES (63, 4, 'Remove from the oven and let it rest for a few minutes before serving.');
INSERT INTO step(recipe_id, step_order, details) VALUES (63, 5, 'Use an immersion blender to puree the soup to your desired consistency.');
INSERT INTO step(recipe_id, step_order, details) VALUES (63, 6, 'Pour the wet ingredients into the dry ingredients and stir until just combined.');
INSERT INTO step(recipe_id, step_order, details) VALUES (63, 7, 'Cover the baking dish with aluminum foil.');
INSERT INTO step(recipe_id, step_order, details) VALUES (63, 8, 'Spread the potato wedges in a single layer on a baking sheet.');
INSERT INTO step(recipe_id, step_order, details) VALUES (63, 9, 'Garnish with fresh herbs and serve warm."');
INSERT INTO step(recipe_id, step_order, details) VALUES (64, 1, 'Allow to cool in the pan for 10 minutes before transferring to a wire rack to cool completely.');
INSERT INTO step(recipe_id, step_order, details) VALUES (64, 2, 'Garnish with fresh herbs and serve warm."');
INSERT INTO step(recipe_id, step_order, details) VALUES (64, 3, 'Serve hot, garnished with fresh herbs or a dollop of yogurt if desired."');
INSERT INTO step(recipe_id, step_order, details) VALUES (64, 4, 'Whisk in the flour to create a roux, cooking for 1-2 minutes.');
INSERT INTO step(recipe_id, step_order, details) VALUES (64, 5, 'In a large bowl, mix together the flour, sugar, baking powder, and salt.');
INSERT INTO step(recipe_id, step_order, details) VALUES (64, 6, 'Bring a large pot of water to a boil.');
INSERT INTO step(recipe_id, step_order, details) VALUES (64, 7, 'Garnish with fresh herbs and serve warm."');
INSERT INTO step(recipe_id, step_order, details) VALUES (65, 1, 'Cover the baking dish with aluminum foil.');
INSERT INTO step(recipe_id, step_order, details) VALUES (65, 2, 'Add the cooked pasta to the cheese sauce and mix until well combined.');
INSERT INTO step(recipe_id, step_order, details) VALUES (65, 3, 'Add a pinch of salt to the boiling water.');
INSERT INTO step(recipe_id, step_order, details) VALUES (65, 4, 'Bring a large pot of water to a boil.');
INSERT INTO step(recipe_id, step_order, details) VALUES (65, 5, 'Remove the skewers from the grill and let rest for a few minutes before serving.');
INSERT INTO step(recipe_id, step_order, details) VALUES (65, 6, 'Remove the bay leaf and discard.');
INSERT INTO step(recipe_id, step_order, details) VALUES (65, 7, 'Season with salt and pepper to taste.');
INSERT INTO step(recipe_id, step_order, details) VALUES (66, 1, 'Add the bay leaf, thyme, salt, and pepper.');
INSERT INTO step(recipe_id, step_order, details) VALUES (66, 2, 'Use an immersion blender to puree the soup to your desired consistency.');
INSERT INTO step(recipe_id, step_order, details) VALUES (66, 3, 'Season the meat with salt, pepper, and your favorite spices.');
INSERT INTO step(recipe_id, step_order, details) VALUES (66, 4, 'Whisk in the flour to create a roux, cooking for 1-2 minutes.');
INSERT INTO step(recipe_id, step_order, details) VALUES (66, 5, 'Add the bay leaf, thyme, salt, and pepper.');
INSERT INTO step(recipe_id, step_order, details) VALUES (66, 6, 'Whisk in the flour to create a roux, cooking for 1-2 minutes.');
INSERT INTO step(recipe_id, step_order, details) VALUES (66, 7, 'Pour the batter into the prepared baking pan.');
INSERT INTO step(recipe_id, step_order, details) VALUES (66, 8, 'Cut the potatoes into wedges.');
INSERT INTO step(recipe_id, step_order, details) VALUES (66, 9, 'Cook the pasta according to the package instructions until al dente.');
INSERT INTO step(recipe_id, step_order, details) VALUES (66, 10, 'Allow to cool in the pan for 10 minutes before transferring to a wire rack to cool completely.');
INSERT INTO step(recipe_id, step_order, details) VALUES (66, 11, 'Preheat the oven to 375°F (190°C).');
INSERT INTO step(recipe_id, step_order, details) VALUES (67, 1, 'Pour the batter into the prepared baking pan.');
INSERT INTO step(recipe_id, step_order, details) VALUES (67, 2, 'Cut the potatoes into wedges.');
INSERT INTO step(recipe_id, step_order, details) VALUES (67, 3, 'Combine the cooked meat with the vegetables in the baking dish.');
INSERT INTO step(recipe_id, step_order, details) VALUES (67, 4, 'Spread the potato wedges in a single layer on a baking sheet.');
INSERT INTO step(recipe_id, step_order, details) VALUES (67, 5, 'Add a pinch of salt to the boiling water.');
INSERT INTO step(recipe_id, step_order, details) VALUES (67, 6, 'Place the skewers on the preheated grill.');
INSERT INTO step(recipe_id, step_order, details) VALUES (68, 1, 'In a medium saucepan, melt the butter over medium heat.');
INSERT INTO step(recipe_id, step_order, details) VALUES (68, 2, 'Stir in the grated cheese until melted and smooth.');
INSERT INTO step(recipe_id, step_order, details) VALUES (68, 3, 'Bring the mixture to a boil, then reduce the heat and let it simmer for 25-30 minutes, or until the lentils are tender.');
INSERT INTO step(recipe_id, step_order, details) VALUES (68, 4, 'Remove the foil and bake for an additional 5-10 minutes to allow the top to brown slightly.');
INSERT INTO step(recipe_id, step_order, details) VALUES (68, 5, 'Remove the potato wedges from the oven and let cool slightly before serving.');
INSERT INTO step(recipe_id, step_order, details) VALUES (68, 6, 'Preheat the grill to medium-high heat.');
INSERT INTO step(recipe_id, step_order, details) VALUES (68, 7, 'Bake in the preheated oven for 20-25 minutes, turning once halfway through, until the potatoes are golden brown and crispy.');
INSERT INTO step(recipe_id, step_order, details) VALUES (68, 8, 'Preheat the oven to 400°F (200°C).');
INSERT INTO step(recipe_id, step_order, details) VALUES (68, 9, 'Sauté the onions and garlic until they become translucent, about 3-5 minutes.');
INSERT INTO step(recipe_id, step_order, details) VALUES (69, 1, 'Preheat the oven to 400°F (200°C).');
INSERT INTO step(recipe_id, step_order, details) VALUES (69, 2, 'Remove the bay leaf and discard.');
INSERT INTO step(recipe_id, step_order, details) VALUES (69, 3, 'Place the skewers on the preheated grill.');
INSERT INTO step(recipe_id, step_order, details) VALUES (69, 4, 'While the potatoes are baking, prepare your dipping sauce by mixing mayonnaise, ketchup, and a dash of hot sauce.');
INSERT INTO step(recipe_id, step_order, details) VALUES (69, 5, 'Heat a large skillet over medium heat and add olive oil.');
INSERT INTO step(recipe_id, step_order, details) VALUES (69, 6, 'Season with salt and pepper to taste.');
INSERT INTO step(recipe_id, step_order, details) VALUES (69, 7, 'Bring a large pot of water to a boil.');
INSERT INTO step(recipe_id, step_order, details) VALUES (69, 8, 'Remove the potato wedges from the oven and let cool slightly before serving.');
INSERT INTO step(recipe_id, step_order, details) VALUES (69, 9, 'Combine the cooked meat with the vegetables in the baking dish.');
INSERT INTO step(recipe_id, step_order, details) VALUES (69, 10, 'Heat a large skillet over medium heat and add olive oil.');
INSERT INTO step(recipe_id, step_order, details) VALUES (69, 11, 'In the same skillet, cook the meat until browned on all sides.');
INSERT INTO step(recipe_id, step_order, details) VALUES (69, 12, 'Thread the marinated meat and vegetables onto skewers.');
INSERT INTO step(recipe_id, step_order, details) VALUES (69, 13, 'Combine the cooked meat with the vegetables in the baking dish.');
INSERT INTO step(recipe_id, step_order, details) VALUES (69, 14, 'Cover the baking dish with aluminum foil.');
INSERT INTO step(recipe_id, step_order, details) VALUES (70, 1, 'Whisk in the flour to create a roux, cooking for 1-2 minutes.');
INSERT INTO step(recipe_id, step_order, details) VALUES (70, 2, 'While the potatoes are baking, prepare your dipping sauce by mixing mayonnaise, ketchup, and a dash of hot sauce.');
INSERT INTO step(recipe_id, step_order, details) VALUES (70, 3, 'Heat a large skillet over medium heat and add olive oil.');
INSERT INTO step(recipe_id, step_order, details) VALUES (70, 4, 'Add the bay leaf, thyme, salt, and pepper.');
INSERT INTO step(recipe_id, step_order, details) VALUES (70, 5, 'Drain the pasta and set aside.');
INSERT INTO step(recipe_id, step_order, details) VALUES (70, 6, 'Remove the potato wedges from the oven and let cool slightly before serving.');
INSERT INTO step(recipe_id, step_order, details) VALUES (70, 7, 'Preheat the oven to 400°F (200°C).');
INSERT INTO step(recipe_id, step_order, details) VALUES (70, 8, 'Add the cooked pasta to the cheese sauce and mix until well combined.');
INSERT INTO step(recipe_id, step_order, details) VALUES (71, 1, 'Bring a large pot of water to a boil.');
INSERT INTO step(recipe_id, step_order, details) VALUES (71, 2, 'Pour the batter into the prepared baking pan.');
INSERT INTO step(recipe_id, step_order, details) VALUES (71, 3, 'Remove the skewers from the grill and let rest for a few minutes before serving.');
INSERT INTO step(recipe_id, step_order, details) VALUES (71, 4, 'Chop the vegetables into bite-sized pieces.');
INSERT INTO step(recipe_id, step_order, details) VALUES (71, 5, 'Preheat the oven to 400°F (200°C).');
INSERT INTO step(recipe_id, step_order, details) VALUES (71, 6, 'Allow to cool in the pan for 10 minutes before transferring to a wire rack to cool completely.');
INSERT INTO step(recipe_id, step_order, details) VALUES (71, 7, 'Preheat the oven to 375°F (190°C).');
INSERT INTO step(recipe_id, step_order, details) VALUES (71, 8, 'Pour the wet ingredients into the dry ingredients and stir until just combined.');
INSERT INTO step(recipe_id, step_order, details) VALUES (71, 9, 'Add the diced onions, carrots, and celery, and cook until the onions are translucent, about 5 minutes.');
INSERT INTO step(recipe_id, step_order, details) VALUES (71, 10, 'In a large pot, heat the olive oil over medium heat.');
INSERT INTO step(recipe_id, step_order, details) VALUES (71, 11, 'Preheat the oven to 350°F (175°C).');
INSERT INTO step(recipe_id, step_order, details) VALUES (71, 12, 'Stir in the grated cheese until melted and smooth.');
INSERT INTO step(recipe_id, step_order, details) VALUES (71, 13, 'Chop the vegetables into bite-sized pieces.');
INSERT INTO step(recipe_id, step_order, details) VALUES (71, 14, 'Grill the skewers for 10-15 minutes, turning occasionally, until the meat is cooked through and the vegetables are tender.');
INSERT INTO step(recipe_id, step_order, details) VALUES (72, 1, 'Spread the potato wedges in a single layer on a baking sheet.');
INSERT INTO step(recipe_id, step_order, details) VALUES (72, 2, 'Pour the sauce or broth over the meat and vegetables.');
INSERT INTO step(recipe_id, step_order, details) VALUES (72, 3, 'Bring the mixture to a boil, then reduce the heat and let it simmer for 25-30 minutes, or until the lentils are tender.');
INSERT INTO step(recipe_id, step_order, details) VALUES (72, 4, 'In the same skillet, cook the meat until browned on all sides.');
INSERT INTO step(recipe_id, step_order, details) VALUES (72, 5, 'Transfer the sautéed vegetables to a baking dish.');
INSERT INTO step(recipe_id, step_order, details) VALUES (72, 6, 'Bake in the preheated oven for 25-30 minutes, or until the meat is cooked through and the vegetables are tender.');
INSERT INTO step(recipe_id, step_order, details) VALUES (72, 7, 'Serve the potato wedges with the dipping sauce on the side."');
INSERT INTO step(recipe_id, step_order, details) VALUES (72, 8, 'Bake in the preheated oven for 25-30 minutes, or until a toothpick inserted into the center comes out clean.');
INSERT INTO step(recipe_id, step_order, details) VALUES (73, 1, 'In a large bowl, mix together the flour, sugar, baking powder, and salt.');
INSERT INTO step(recipe_id, step_order, details) VALUES (73, 2, 'Thread the marinated meat and vegetables onto skewers.');
INSERT INTO step(recipe_id, step_order, details) VALUES (73, 3, 'Pour the batter into the prepared baking pan.');
INSERT INTO step(recipe_id, step_order, details) VALUES (73, 4, 'Cut the potatoes into wedges.');
INSERT INTO step(recipe_id, step_order, details) VALUES (73, 5, 'Remove from the oven and let it rest for a few minutes before serving.');
INSERT INTO step(recipe_id, step_order, details) VALUES (73, 6, 'Drain the pasta and set aside.');
INSERT INTO step(recipe_id, step_order, details) VALUES (73, 7, 'Chop the vegetables into bite-sized pieces.');
INSERT INTO step(recipe_id, step_order, details) VALUES (73, 8, 'Whisk in the flour to create a roux, cooking for 1-2 minutes.');
INSERT INTO step(recipe_id, step_order, details) VALUES (73, 9, 'In a large pot, heat the olive oil over medium heat.');
INSERT INTO step(recipe_id, step_order, details) VALUES (73, 10, 'In a large pot, heat the olive oil over medium heat.');
INSERT INTO step(recipe_id, step_order, details) VALUES (73, 11, 'Bake in the preheated oven for 25-30 minutes, or until a toothpick inserted into the center comes out clean.');
INSERT INTO step(recipe_id, step_order, details) VALUES (73, 12, 'Bake in the preheated oven for 25-30 minutes, or until the meat is cooked through and the vegetables are tender.');
INSERT INTO step(recipe_id, step_order, details) VALUES (73, 13, 'Remove the bay leaf and discard.');
INSERT INTO step(recipe_id, step_order, details) VALUES (73, 14, 'Season the meat with salt, pepper, and your favorite spices.');
INSERT INTO step(recipe_id, step_order, details) VALUES (74, 1, 'Thread the marinated meat and vegetables onto skewers.');
INSERT INTO step(recipe_id, step_order, details) VALUES (74, 2, 'In a large bowl, mix together the flour, sugar, baking powder, and salt.');
INSERT INTO step(recipe_id, step_order, details) VALUES (74, 3, 'In a large pot, heat the olive oil over medium heat.');
INSERT INTO step(recipe_id, step_order, details) VALUES (74, 4, 'In a medium saucepan, melt the butter over medium heat.');
INSERT INTO step(recipe_id, step_order, details) VALUES (74, 5, 'Heat a large skillet over medium heat and add olive oil.');
INSERT INTO step(recipe_id, step_order, details) VALUES (74, 6, 'Bring the mixture to a simmer and cook until thickened, about 3-5 minutes.');
INSERT INTO step(recipe_id, step_order, details) VALUES (74, 7, 'Garnish with fresh herbs and serve warm."');
INSERT INTO step(recipe_id, step_order, details) VALUES (74, 8, 'Cut the potatoes into wedges.');
INSERT INTO step(recipe_id, step_order, details) VALUES (74, 9, 'Season with salt and pepper to taste.');
INSERT INTO step(recipe_id, step_order, details) VALUES (74, 10, 'In a large bowl, mix together the flour, sugar, baking powder, and salt.');
INSERT INTO step(recipe_id, step_order, details) VALUES (74, 11, 'Rinse and drain the lentils.');
INSERT INTO step(recipe_id, step_order, details) VALUES (75, 1, 'In the same skillet, cook the meat until browned on all sides.');
INSERT INTO step(recipe_id, step_order, details) VALUES (75, 2, 'Fold in any additional ingredients like chocolate chips or nuts.');
INSERT INTO step(recipe_id, step_order, details) VALUES (75, 3, 'Rinse and drain the lentils.');
INSERT INTO step(recipe_id, step_order, details) VALUES (75, 4, 'Cut the potatoes into wedges.');
INSERT INTO step(recipe_id, step_order, details) VALUES (75, 5, 'Add the diced onions, carrots, and celery, and cook until the onions are translucent, about 5 minutes.');
INSERT INTO step(recipe_id, step_order, details) VALUES (75, 6, 'Preheat the oven to 350°F (175°C).');
INSERT INTO step(recipe_id, step_order, details) VALUES (75, 7, 'In a large bowl, mix together the flour, sugar, baking powder, and salt.');
INSERT INTO step(recipe_id, step_order, details) VALUES (75, 8, 'Sauté the onions and garlic until they become translucent, about 3-5 minutes.');
INSERT INTO step(recipe_id, step_order, details) VALUES (75, 9, 'Serve the potato wedges with the dipping sauce on the side."');
INSERT INTO step(recipe_id, step_order, details) VALUES (75, 10, 'Cover the baking dish with aluminum foil.');
INSERT INTO step(recipe_id, step_order, details) VALUES (75, 11, 'Place the skewers on the preheated grill.');
INSERT INTO step(recipe_id, step_order, details) VALUES (75, 12, 'Add the minced garlic and cook for another minute.');
INSERT INTO step(recipe_id, step_order, details) VALUES (75, 13, 'Bake in the preheated oven for 25-30 minutes, or until a toothpick inserted into the center comes out clean.');
INSERT INTO step(recipe_id, step_order, details) VALUES (76, 1, 'Cover the baking dish with aluminum foil.');
INSERT INTO step(recipe_id, step_order, details) VALUES (76, 2, 'Heat a large skillet over medium heat and add olive oil.');
INSERT INTO step(recipe_id, step_order, details) VALUES (76, 3, 'Whisk in the flour to create a roux, cooking for 1-2 minutes.');
INSERT INTO step(recipe_id, step_order, details) VALUES (76, 4, 'In a medium saucepan, melt the butter over medium heat.');
INSERT INTO step(recipe_id, step_order, details) VALUES (76, 5, 'Heat a large skillet over medium heat and add olive oil.');
INSERT INTO step(recipe_id, step_order, details) VALUES (76, 6, 'In a medium saucepan, melt the butter over medium heat.');
INSERT INTO step(recipe_id, step_order, details) VALUES (76, 7, 'Remove the potato wedges from the oven and let cool slightly before serving.');
INSERT INTO step(recipe_id, step_order, details) VALUES (76, 8, 'Preheat the grill to medium-high heat.');
INSERT INTO step(recipe_id, step_order, details) VALUES (76, 9, 'Add the minced garlic and cook for another minute.');
INSERT INTO step(recipe_id, step_order, details) VALUES (76, 10, 'Remove the skewers from the grill and let rest for a few minutes before serving.');
INSERT INTO step(recipe_id, step_order, details) VALUES (76, 11, 'Pour the wet ingredients into the dry ingredients and stir until just combined.');
INSERT INTO step(recipe_id, step_order, details) VALUES (77, 1, 'In the same skillet, cook the meat until browned on all sides.');
INSERT INTO step(recipe_id, step_order, details) VALUES (77, 2, 'Rinse and drain the lentils.');
INSERT INTO step(recipe_id, step_order, details) VALUES (77, 3, 'Chop the vegetables into bite-sized pieces.');
INSERT INTO step(recipe_id, step_order, details) VALUES (77, 4, 'Heat a large skillet over medium heat and add olive oil.');
INSERT INTO step(recipe_id, step_order, details) VALUES (77, 5, 'Season with salt and pepper to taste.');
INSERT INTO step(recipe_id, step_order, details) VALUES (77, 6, 'Add a pinch of salt to the boiling water.');
INSERT INTO step(recipe_id, step_order, details) VALUES (77, 7, 'Bring a large pot of water to a boil.');
INSERT INTO step(recipe_id, step_order, details) VALUES (77, 8, 'In another bowl, whisk together the eggs, milk, and melted butter.');
INSERT INTO step(recipe_id, step_order, details) VALUES (77, 9, 'Heat a large skillet over medium heat and add olive oil.');
INSERT INTO step(recipe_id, step_order, details) VALUES (77, 10, 'Chop the vegetables into bite-sized pieces.');
INSERT INTO step(recipe_id, step_order, details) VALUES (77, 11, 'Serve immediately, garnished with extra cheese and fresh herbs if desired."');
INSERT INTO step(recipe_id, step_order, details) VALUES (77, 12, 'Gradually whisk in the milk, stirring continuously to avoid lumps.');
INSERT INTO step(recipe_id, step_order, details) VALUES (78, 1, 'Allow to cool in the pan for 10 minutes before transferring to a wire rack to cool completely.');
INSERT INTO step(recipe_id, step_order, details) VALUES (78, 2, 'Remove the bay leaf and discard.');
INSERT INTO step(recipe_id, step_order, details) VALUES (78, 3, 'Remove the skewers from the grill and let rest for a few minutes before serving.');
INSERT INTO step(recipe_id, step_order, details) VALUES (78, 4, 'Add the diced onions, carrots, and celery, and cook until the onions are translucent, about 5 minutes.');
INSERT INTO step(recipe_id, step_order, details) VALUES (78, 5, 'In a large bowl, toss the potato wedges with olive oil, salt, pepper, and any desired seasonings.');
INSERT INTO step(recipe_id, step_order, details) VALUES (78, 6, 'Add the cooked pasta to the cheese sauce and mix until well combined.');
INSERT INTO step(recipe_id, step_order, details) VALUES (78, 7, 'Rinse and drain the lentils.');
INSERT INTO step(recipe_id, step_order, details) VALUES (78, 8, 'Cover the baking dish with aluminum foil.');
INSERT INTO step(recipe_id, step_order, details) VALUES (78, 9, 'Serve the potato wedges with the dipping sauce on the side."');
INSERT INTO step(recipe_id, step_order, details) VALUES (78, 10, 'Stir in the lentils, tomatoes, and vegetable broth.');
INSERT INTO step(recipe_id, step_order, details) VALUES (79, 1, 'Add the chopped vegetables to the skillet and cook for an additional 5-7 minutes.');
INSERT INTO step(recipe_id, step_order, details) VALUES (79, 2, 'Cut the potatoes into wedges.');
INSERT INTO step(recipe_id, step_order, details) VALUES (79, 3, 'Pour the batter into the prepared baking pan.');
INSERT INTO step(recipe_id, step_order, details) VALUES (79, 4, 'Add the chopped vegetables to the skillet and cook for an additional 5-7 minutes.');
INSERT INTO step(recipe_id, step_order, details) VALUES (79, 5, 'Season the meat with salt, pepper, and your favorite spices.');
INSERT INTO step(recipe_id, step_order, details) VALUES (79, 6, 'Serve immediately, garnished with extra cheese and fresh herbs if desired."');
INSERT INTO step(recipe_id, step_order, details) VALUES (79, 7, 'Whisk in the flour to create a roux, cooking for 1-2 minutes.');
INSERT INTO step(recipe_id, step_order, details) VALUES (79, 8, 'Grease and flour a baking pan.');
INSERT INTO step(recipe_id, step_order, details) VALUES (79, 9, 'Preheat the oven to 350°F (175°C).');
INSERT INTO step(recipe_id, step_order, details) VALUES (80, 1, 'Rinse and drain the lentils.');
INSERT INTO step(recipe_id, step_order, details) VALUES (80, 2, 'Remove from the oven and let it rest for a few minutes before serving.');
INSERT INTO step(recipe_id, step_order, details) VALUES (80, 3, 'Remove the foil and bake for an additional 5-10 minutes to allow the top to brown slightly.');
INSERT INTO step(recipe_id, step_order, details) VALUES (80, 4, 'Chop the vegetables into bite-sized pieces.');
INSERT INTO step(recipe_id, step_order, details) VALUES (80, 5, 'Use an immersion blender to puree the soup to your desired consistency.');
INSERT INTO step(recipe_id, step_order, details) VALUES (80, 6, 'In the same skillet, cook the meat until browned on all sides.');
INSERT INTO step(recipe_id, step_order, details) VALUES (80, 7, 'Pour the wet ingredients into the dry ingredients and stir until just combined.');
INSERT INTO step(recipe_id, step_order, details) VALUES (81, 1, 'Bring the mixture to a boil, then reduce the heat and let it simmer for 25-30 minutes, or until the lentils are tender.');
INSERT INTO step(recipe_id, step_order, details) VALUES (81, 2, 'Remove the bay leaf and discard.');
INSERT INTO step(recipe_id, step_order, details) VALUES (81, 3, 'Grill the skewers for 10-15 minutes, turning occasionally, until the meat is cooked through and the vegetables are tender.');
INSERT INTO step(recipe_id, step_order, details) VALUES (81, 4, 'Remove the potato wedges from the oven and let cool slightly before serving.');
INSERT INTO step(recipe_id, step_order, details) VALUES (81, 5, 'Place the skewers on the preheated grill.');
INSERT INTO step(recipe_id, step_order, details) VALUES (81, 6, 'Once cooled, cut into squares and serve.');
INSERT INTO step(recipe_id, step_order, details) VALUES (81, 7, 'Use an immersion blender to puree the soup to your desired consistency.');
INSERT INTO step(recipe_id, step_order, details) VALUES (81, 8, 'Allow to cool in the pan for 10 minutes before transferring to a wire rack to cool completely.');
INSERT INTO step(recipe_id, step_order, details) VALUES (81, 9, 'Bake in the preheated oven for 25-30 minutes, or until the meat is cooked through and the vegetables are tender.');
INSERT INTO step(recipe_id, step_order, details) VALUES (81, 10, 'In a medium saucepan, melt the butter over medium heat.');
INSERT INTO step(recipe_id, step_order, details) VALUES (81, 11, 'Serve immediately, garnished with extra cheese and fresh herbs if desired."');
INSERT INTO step(recipe_id, step_order, details) VALUES (81, 12, 'Cook the pasta according to the package instructions until al dente.');
INSERT INTO step(recipe_id, step_order, details) VALUES (81, 13, 'Whisk in the flour to create a roux, cooking for 1-2 minutes.');
INSERT INTO step(recipe_id, step_order, details) VALUES (81, 14, 'Stir in the grated cheese until melted and smooth.');
INSERT INTO step(recipe_id, step_order, details) VALUES (82, 1, 'Add the minced garlic and cook for another minute.');
INSERT INTO step(recipe_id, step_order, details) VALUES (82, 2, 'Remove the bay leaf and discard.');
INSERT INTO step(recipe_id, step_order, details) VALUES (82, 3, 'Add the chopped vegetables to the skillet and cook for an additional 5-7 minutes.');
INSERT INTO step(recipe_id, step_order, details) VALUES (82, 4, 'Pour the wet ingredients into the dry ingredients and stir until just combined.');
INSERT INTO step(recipe_id, step_order, details) VALUES (82, 5, 'Fold in any additional ingredients like chocolate chips or nuts.');
INSERT INTO step(recipe_id, step_order, details) VALUES (82, 6, 'Cook the pasta according to the package instructions until al dente.');
INSERT INTO step(recipe_id, step_order, details) VALUES (82, 7, 'In a large bowl, toss the potato wedges with olive oil, salt, pepper, and any desired seasonings.');
INSERT INTO step(recipe_id, step_order, details) VALUES (82, 8, 'Spread the potato wedges in a single layer on a baking sheet.');
INSERT INTO step(recipe_id, step_order, details) VALUES (82, 9, 'Stir in the lentils, tomatoes, and vegetable broth.');
INSERT INTO step(recipe_id, step_order, details) VALUES (82, 10, 'Serve the skewers with a side of rice or salad.');
INSERT INTO step(recipe_id, step_order, details) VALUES (82, 11, 'Add the bay leaf, thyme, salt, and pepper.');
INSERT INTO step(recipe_id, step_order, details) VALUES (82, 12, 'Bake in the preheated oven for 25-30 minutes, or until a toothpick inserted into the center comes out clean.');
INSERT INTO step(recipe_id, step_order, details) VALUES (83, 1, 'Pour the wet ingredients into the dry ingredients and stir until just combined.');
INSERT INTO step(recipe_id, step_order, details) VALUES (83, 2, 'Add the minced garlic and cook for another minute.');
INSERT INTO step(recipe_id, step_order, details) VALUES (83, 3, 'Fold in any additional ingredients like chocolate chips or nuts.');
INSERT INTO step(recipe_id, step_order, details) VALUES (83, 4, 'Bring the mixture to a simmer and cook until thickened, about 3-5 minutes.');
INSERT INTO step(recipe_id, step_order, details) VALUES (83, 5, 'Remove the foil and bake for an additional 5-10 minutes to allow the top to brown slightly.');
INSERT INTO step(recipe_id, step_order, details) VALUES (83, 6, 'In the same skillet, cook the meat until browned on all sides.');
INSERT INTO step(recipe_id, step_order, details) VALUES (83, 7, 'Place the skewers on the preheated grill.');
INSERT INTO step(recipe_id, step_order, details) VALUES (83, 8, 'Bring the mixture to a boil, then reduce the heat and let it simmer for 25-30 minutes, or until the lentils are tender.');
INSERT INTO step(recipe_id, step_order, details) VALUES (83, 9, 'Once cooled, cut into squares and serve.');
INSERT INTO step(recipe_id, step_order, details) VALUES (84, 1, 'Pour the wet ingredients into the dry ingredients and stir until just combined.');
INSERT INTO step(recipe_id, step_order, details) VALUES (84, 2, 'Season with salt and pepper to taste.');
INSERT INTO step(recipe_id, step_order, details) VALUES (84, 3, 'Once cooled, cut into squares and serve.');
INSERT INTO step(recipe_id, step_order, details) VALUES (84, 4, 'Serve the skewers with a side of rice or salad.');
INSERT INTO step(recipe_id, step_order, details) VALUES (84, 5, 'Rinse and drain the lentils.');
INSERT INTO step(recipe_id, step_order, details) VALUES (84, 6, 'Bake in the preheated oven for 25-30 minutes, or until the meat is cooked through and the vegetables are tender.');
INSERT INTO step(recipe_id, step_order, details) VALUES (85, 1, 'Bake in the preheated oven for 25-30 minutes, or until a toothpick inserted into the center comes out clean.');
INSERT INTO step(recipe_id, step_order, details) VALUES (85, 2, 'Stir in the grated cheese until melted and smooth.');
INSERT INTO step(recipe_id, step_order, details) VALUES (85, 3, 'Use an immersion blender to puree the soup to your desired consistency.');
INSERT INTO step(recipe_id, step_order, details) VALUES (85, 4, 'Serve immediately, garnished with extra cheese and fresh herbs if desired."');
INSERT INTO step(recipe_id, step_order, details) VALUES (85, 5, 'Serve the skewers with a side of rice or salad.');
INSERT INTO step(recipe_id, step_order, details) VALUES (85, 6, 'Add the minced garlic and cook for another minute.');
INSERT INTO step(recipe_id, step_order, details) VALUES (85, 7, 'Remove the skewers from the grill and let rest for a few minutes before serving.');
INSERT INTO step(recipe_id, step_order, details) VALUES (86, 1, 'Cover the baking dish with aluminum foil.');
INSERT INTO step(recipe_id, step_order, details) VALUES (86, 2, 'In a large pot, heat the olive oil over medium heat.');
INSERT INTO step(recipe_id, step_order, details) VALUES (86, 3, 'Remove the foil and bake for an additional 5-10 minutes to allow the top to brown slightly.');
INSERT INTO step(recipe_id, step_order, details) VALUES (86, 4, 'Once cooled, cut into squares and serve.');
INSERT INTO step(recipe_id, step_order, details) VALUES (86, 5, 'Bake in the preheated oven for 25-30 minutes, or until a toothpick inserted into the center comes out clean.');
INSERT INTO step(recipe_id, step_order, details) VALUES (86, 6, 'Place the skewers on the preheated grill.');
INSERT INTO step(recipe_id, step_order, details) VALUES (86, 7, 'Season the meat with salt, pepper, and your favorite spices.');
INSERT INTO step(recipe_id, step_order, details) VALUES (86, 8, 'In a large bowl, toss the potato wedges with olive oil, salt, pepper, and any desired seasonings.');
INSERT INTO step(recipe_id, step_order, details) VALUES (87, 1, 'Combine the cooked meat with the vegetables in the baking dish.');
INSERT INTO step(recipe_id, step_order, details) VALUES (87, 2, 'Chop the vegetables into bite-sized pieces.');
INSERT INTO step(recipe_id, step_order, details) VALUES (87, 3, 'Thread the marinated meat and vegetables onto skewers.');
INSERT INTO step(recipe_id, step_order, details) VALUES (87, 4, 'Marinate the meat with your choice of marinade for at least 30 minutes.');
INSERT INTO step(recipe_id, step_order, details) VALUES (87, 5, 'Pour the wet ingredients into the dry ingredients and stir until just combined.');
INSERT INTO step(recipe_id, step_order, details) VALUES (87, 6, 'Serve hot, garnished with fresh herbs or a dollop of yogurt if desired."');
INSERT INTO step(recipe_id, step_order, details) VALUES (87, 7, 'Preheat the oven to 350°F (175°C).');
INSERT INTO step(recipe_id, step_order, details) VALUES (87, 8, 'Stir in the lentils, tomatoes, and vegetable broth.');
INSERT INTO step(recipe_id, step_order, details) VALUES (87, 9, 'Whisk in the flour to create a roux, cooking for 1-2 minutes.');
INSERT INTO step(recipe_id, step_order, details) VALUES (87, 10, 'Bring the mixture to a simmer and cook until thickened, about 3-5 minutes.');
INSERT INTO step(recipe_id, step_order, details) VALUES (87, 11, 'Add the diced onions, carrots, and celery, and cook until the onions are translucent, about 5 minutes.');
INSERT INTO step(recipe_id, step_order, details) VALUES (87, 12, 'Serve the skewers with a side of rice or salad.');
INSERT INTO step(recipe_id, step_order, details) VALUES (87, 13, 'Add the chopped vegetables to the skillet and cook for an additional 5-7 minutes.');
INSERT INTO step(recipe_id, step_order, details) VALUES (87, 14, 'Season with salt and pepper to taste.');
INSERT INTO step(recipe_id, step_order, details) VALUES (88, 1, 'Preheat the oven to 400°F (200°C).');
INSERT INTO step(recipe_id, step_order, details) VALUES (88, 2, 'Preheat the oven to 375°F (190°C).');
INSERT INTO step(recipe_id, step_order, details) VALUES (88, 3, 'Bake in the preheated oven for 20-25 minutes, turning once halfway through, until the potatoes are golden brown and crispy.');
INSERT INTO step(recipe_id, step_order, details) VALUES (88, 4, 'Add the chopped vegetables to the skillet and cook for an additional 5-7 minutes.');
INSERT INTO step(recipe_id, step_order, details) VALUES (88, 5, 'Thread the marinated meat and vegetables onto skewers.');
INSERT INTO step(recipe_id, step_order, details) VALUES (88, 6, 'Garnish with fresh herbs and serve warm."');
INSERT INTO step(recipe_id, step_order, details) VALUES (88, 7, 'Bake in the preheated oven for 25-30 minutes, or until the meat is cooked through and the vegetables are tender.');
INSERT INTO step(recipe_id, step_order, details) VALUES (88, 8, 'Cut the potatoes into wedges.');
INSERT INTO step(recipe_id, step_order, details) VALUES (88, 9, 'Add the minced garlic and cook for another minute.');
INSERT INTO step(recipe_id, step_order, details) VALUES (88, 10, 'Remove the foil and bake for an additional 5-10 minutes to allow the top to brown slightly.');
INSERT INTO step(recipe_id, step_order, details) VALUES (89, 1, 'Serve the skewers with a side of rice or salad.');
INSERT INTO step(recipe_id, step_order, details) VALUES (89, 2, 'Drain the pasta and set aside.');
INSERT INTO step(recipe_id, step_order, details) VALUES (89, 3, 'Remove the potato wedges from the oven and let cool slightly before serving.');
INSERT INTO step(recipe_id, step_order, details) VALUES (89, 4, 'Grease and flour a baking pan.');
INSERT INTO step(recipe_id, step_order, details) VALUES (89, 5, 'Grill the skewers for 10-15 minutes, turning occasionally, until the meat is cooked through and the vegetables are tender.');
INSERT INTO step(recipe_id, step_order, details) VALUES (89, 6, 'Rinse and drain the lentils.');
INSERT INTO step(recipe_id, step_order, details) VALUES (89, 7, 'Transfer the sautéed vegetables to a baking dish.');
INSERT INTO step(recipe_id, step_order, details) VALUES (89, 8, 'Bake in the preheated oven for 25-30 minutes, or until a toothpick inserted into the center comes out clean.');
INSERT INTO step(recipe_id, step_order, details) VALUES (90, 1, 'Add the chopped vegetables to the skillet and cook for an additional 5-7 minutes.');
INSERT INTO step(recipe_id, step_order, details) VALUES (90, 2, 'In a medium saucepan, melt the butter over medium heat.');
INSERT INTO step(recipe_id, step_order, details) VALUES (90, 3, 'Preheat the oven to 400°F (200°C).');
INSERT INTO step(recipe_id, step_order, details) VALUES (90, 4, 'Gradually whisk in the milk, stirring continuously to avoid lumps.');
INSERT INTO step(recipe_id, step_order, details) VALUES (90, 5, 'Thread the marinated meat and vegetables onto skewers.');
INSERT INTO step(recipe_id, step_order, details) VALUES (90, 6, 'Preheat the oven to 375°F (190°C).');
INSERT INTO step(recipe_id, step_order, details) VALUES (90, 7, 'Preheat the grill to medium-high heat.');
INSERT INTO step(recipe_id, step_order, details) VALUES (90, 8, 'Bring the mixture to a boil, then reduce the heat and let it simmer for 25-30 minutes, or until the lentils are tender.');
INSERT INTO step(recipe_id, step_order, details) VALUES (90, 9, 'Cook the pasta according to the package instructions until al dente.');
INSERT INTO step(recipe_id, step_order, details) VALUES (90, 10, 'Add the cooked pasta to the cheese sauce and mix until well combined.');
INSERT INTO step(recipe_id, step_order, details) VALUES (90, 11, 'In a medium saucepan, melt the butter over medium heat.');
INSERT INTO step(recipe_id, step_order, details) VALUES (90, 12, 'Drain the pasta and set aside.');
INSERT INTO step(recipe_id, step_order, details) VALUES (90, 13, 'Allow to cool in the pan for 10 minutes before transferring to a wire rack to cool completely.');
INSERT INTO step(recipe_id, step_order, details) VALUES (90, 14, 'Remove from the oven and let it rest for a few minutes before serving.');
INSERT INTO step(recipe_id, step_order, details) VALUES (91, 1, 'Pour the wet ingredients into the dry ingredients and stir until just combined.');
INSERT INTO step(recipe_id, step_order, details) VALUES (91, 2, 'Grill the skewers for 10-15 minutes, turning occasionally, until the meat is cooked through and the vegetables are tender.');
INSERT INTO step(recipe_id, step_order, details) VALUES (91, 3, 'Pour the wet ingredients into the dry ingredients and stir until just combined.');
INSERT INTO step(recipe_id, step_order, details) VALUES (91, 4, 'Pour the sauce or broth over the meat and vegetables.');
INSERT INTO step(recipe_id, step_order, details) VALUES (91, 5, 'Cook the pasta according to the package instructions until al dente.');
INSERT INTO step(recipe_id, step_order, details) VALUES (91, 6, 'Whisk in the flour to create a roux, cooking for 1-2 minutes.');
INSERT INTO step(recipe_id, step_order, details) VALUES (91, 7, 'Whisk in the flour to create a roux, cooking for 1-2 minutes.');
INSERT INTO step(recipe_id, step_order, details) VALUES (91, 8, 'Transfer the sautéed vegetables to a baking dish.');
INSERT INTO step(recipe_id, step_order, details) VALUES (91, 9, 'Thread the marinated meat and vegetables onto skewers.');
INSERT INTO step(recipe_id, step_order, details) VALUES (91, 10, 'Remove the foil and bake for an additional 5-10 minutes to allow the top to brown slightly.');
INSERT INTO step(recipe_id, step_order, details) VALUES (92, 1, 'Serve the skewers with a side of rice or salad.');
INSERT INTO step(recipe_id, step_order, details) VALUES (92, 2, 'Whisk in the flour to create a roux, cooking for 1-2 minutes.');
INSERT INTO step(recipe_id, step_order, details) VALUES (92, 3, 'Whisk in the flour to create a roux, cooking for 1-2 minutes.');
INSERT INTO step(recipe_id, step_order, details) VALUES (92, 4, 'Preheat the oven to 375°F (190°C).');
INSERT INTO step(recipe_id, step_order, details) VALUES (92, 5, 'Transfer the sautéed vegetables to a baking dish.');
INSERT INTO step(recipe_id, step_order, details) VALUES (92, 6, 'Preheat the oven to 350°F (175°C).');
INSERT INTO step(recipe_id, step_order, details) VALUES (92, 7, 'Cut the potatoes into wedges.');
INSERT INTO step(recipe_id, step_order, details) VALUES (92, 8, 'Add the minced garlic and cook for another minute.');
INSERT INTO step(recipe_id, step_order, details) VALUES (92, 9, 'Heat a large skillet over medium heat and add olive oil.');
INSERT INTO step(recipe_id, step_order, details) VALUES (92, 10, 'Remove the foil and bake for an additional 5-10 minutes to allow the top to brown slightly.');
INSERT INTO step(recipe_id, step_order, details) VALUES (93, 1, 'Serve immediately, garnished with extra cheese and fresh herbs if desired."');
INSERT INTO step(recipe_id, step_order, details) VALUES (93, 2, 'Once cooled, cut into squares and serve.');
INSERT INTO step(recipe_id, step_order, details) VALUES (93, 3, 'Drain the pasta and set aside.');
INSERT INTO step(recipe_id, step_order, details) VALUES (93, 4, 'Garnish with fresh herbs and serve warm."');
INSERT INTO step(recipe_id, step_order, details) VALUES (93, 5, 'Heat a large skillet over medium heat and add olive oil.');
INSERT INTO step(recipe_id, step_order, details) VALUES (93, 6, 'In a large pot, heat the olive oil over medium heat.');
INSERT INTO step(recipe_id, step_order, details) VALUES (93, 7, 'Drain the pasta and set aside.');
INSERT INTO step(recipe_id, step_order, details) VALUES (93, 8, 'Serve hot, garnished with fresh herbs or a dollop of yogurt if desired."');
INSERT INTO step(recipe_id, step_order, details) VALUES (93, 9, 'Marinate the meat with your choice of marinade for at least 30 minutes.');
INSERT INTO step(recipe_id, step_order, details) VALUES (93, 10, 'Grill the skewers for 10-15 minutes, turning occasionally, until the meat is cooked through and the vegetables are tender.');
INSERT INTO step(recipe_id, step_order, details) VALUES (93, 11, 'Rinse and drain the lentils.');
INSERT INTO step(recipe_id, step_order, details) VALUES (93, 12, 'Cover the baking dish with aluminum foil.');
INSERT INTO step(recipe_id, step_order, details) VALUES (93, 13, 'Add a pinch of salt to the boiling water.');
INSERT INTO step(recipe_id, step_order, details) VALUES (94, 1, 'Bring a large pot of water to a boil.');
INSERT INTO step(recipe_id, step_order, details) VALUES (94, 2, 'Add the cooked pasta to the cheese sauce and mix until well combined.');
INSERT INTO step(recipe_id, step_order, details) VALUES (94, 3, 'Whisk in the flour to create a roux, cooking for 1-2 minutes.');
INSERT INTO step(recipe_id, step_order, details) VALUES (94, 4, 'Spread the potato wedges in a single layer on a baking sheet.');
INSERT INTO step(recipe_id, step_order, details) VALUES (94, 5, 'Heat a large skillet over medium heat and add olive oil.');
INSERT INTO step(recipe_id, step_order, details) VALUES (94, 6, 'Pour the batter into the prepared baking pan.');
INSERT INTO step(recipe_id, step_order, details) VALUES (94, 7, 'Transfer the sautéed vegetables to a baking dish.');
INSERT INTO step(recipe_id, step_order, details) VALUES (94, 8, 'Marinate the meat with your choice of marinade for at least 30 minutes.');
INSERT INTO step(recipe_id, step_order, details) VALUES (94, 9, 'Whisk in the flour to create a roux, cooking for 1-2 minutes.');
INSERT INTO step(recipe_id, step_order, details) VALUES (95, 1, 'Remove from the oven and let it rest for a few minutes before serving.');
INSERT INTO step(recipe_id, step_order, details) VALUES (95, 2, 'Bring the mixture to a simmer and cook until thickened, about 3-5 minutes.');
INSERT INTO step(recipe_id, step_order, details) VALUES (95, 3, 'Bring the mixture to a boil, then reduce the heat and let it simmer for 25-30 minutes, or until the lentils are tender.');
INSERT INTO step(recipe_id, step_order, details) VALUES (95, 4, 'Cut the potatoes into wedges.');
INSERT INTO step(recipe_id, step_order, details) VALUES (95, 5, 'While the potatoes are baking, prepare your dipping sauce by mixing mayonnaise, ketchup, and a dash of hot sauce.');
INSERT INTO step(recipe_id, step_order, details) VALUES (95, 6, 'Pour the wet ingredients into the dry ingredients and stir until just combined.');
INSERT INTO step(recipe_id, step_order, details) VALUES (95, 7, 'Bring a large pot of water to a boil.');
INSERT INTO step(recipe_id, step_order, details) VALUES (95, 8, 'Place the skewers on the preheated grill.');
INSERT INTO step(recipe_id, step_order, details) VALUES (96, 1, 'Preheat the oven to 400°F (200°C).');
INSERT INTO step(recipe_id, step_order, details) VALUES (96, 2, 'Place the skewers on the preheated grill.');
INSERT INTO step(recipe_id, step_order, details) VALUES (96, 3, 'Stir in the grated cheese until melted and smooth.');
INSERT INTO step(recipe_id, step_order, details) VALUES (96, 4, 'Pour the wet ingredients into the dry ingredients and stir until just combined.');
INSERT INTO step(recipe_id, step_order, details) VALUES (96, 5, 'Place the skewers on the preheated grill.');
INSERT INTO step(recipe_id, step_order, details) VALUES (96, 6, 'Add the diced onions, carrots, and celery, and cook until the onions are translucent, about 5 minutes.');
INSERT INTO step(recipe_id, step_order, details) VALUES (96, 7, 'Chop the vegetables into bite-sized pieces.');
INSERT INTO step(recipe_id, step_order, details) VALUES (96, 8, 'Add the chopped vegetables to the skillet and cook for an additional 5-7 minutes.');
INSERT INTO step(recipe_id, step_order, details) VALUES (96, 9, 'Bring a large pot of water to a boil.');
INSERT INTO step(recipe_id, step_order, details) VALUES (96, 10, 'Preheat the oven to 350°F (175°C).');
INSERT INTO step(recipe_id, step_order, details) VALUES (96, 11, 'Bring a large pot of water to a boil.');
INSERT INTO step(recipe_id, step_order, details) VALUES (96, 12, 'Allow to cool in the pan for 10 minutes before transferring to a wire rack to cool completely.');
INSERT INTO step(recipe_id, step_order, details) VALUES (97, 1, 'Remove the foil and bake for an additional 5-10 minutes to allow the top to brown slightly.');
INSERT INTO step(recipe_id, step_order, details) VALUES (97, 2, 'Bake in the preheated oven for 20-25 minutes, turning once halfway through, until the potatoes are golden brown and crispy.');
INSERT INTO step(recipe_id, step_order, details) VALUES (97, 3, 'Use an immersion blender to puree the soup to your desired consistency.');
INSERT INTO step(recipe_id, step_order, details) VALUES (97, 4, 'Fold in any additional ingredients like chocolate chips or nuts.');
INSERT INTO step(recipe_id, step_order, details) VALUES (97, 5, 'Remove the potato wedges from the oven and let cool slightly before serving.');
INSERT INTO step(recipe_id, step_order, details) VALUES (97, 6, 'Serve hot, garnished with fresh herbs or a dollop of yogurt if desired."');
INSERT INTO step(recipe_id, step_order, details) VALUES (97, 7, 'Whisk in the flour to create a roux, cooking for 1-2 minutes.');
INSERT INTO step(recipe_id, step_order, details) VALUES (97, 8, 'In the same skillet, cook the meat until browned on all sides.');
INSERT INTO step(recipe_id, step_order, details) VALUES (97, 9, 'Remove the bay leaf and discard.');
INSERT INTO step(recipe_id, step_order, details) VALUES (97, 10, 'Spread the potato wedges in a single layer on a baking sheet.');
INSERT INTO step(recipe_id, step_order, details) VALUES (97, 11, 'In a medium saucepan, melt the butter over medium heat.');
INSERT INTO step(recipe_id, step_order, details) VALUES (97, 12, 'Garnish with fresh herbs and serve warm."');
INSERT INTO step(recipe_id, step_order, details) VALUES (97, 13, 'In another bowl, whisk together the eggs, milk, and melted butter.');
INSERT INTO step(recipe_id, step_order, details) VALUES (98, 1, 'Rinse and drain the lentils.');
INSERT INTO step(recipe_id, step_order, details) VALUES (98, 2, 'Remove the foil and bake for an additional 5-10 minutes to allow the top to brown slightly.');
INSERT INTO step(recipe_id, step_order, details) VALUES (98, 3, 'Bake in the preheated oven for 20-25 minutes, turning once halfway through, until the potatoes are golden brown and crispy.');
INSERT INTO step(recipe_id, step_order, details) VALUES (98, 4, 'Marinate the meat with your choice of marinade for at least 30 minutes.');
INSERT INTO step(recipe_id, step_order, details) VALUES (98, 5, 'Remove the skewers from the grill and let rest for a few minutes before serving.');
INSERT INTO step(recipe_id, step_order, details) VALUES (98, 6, 'Add a pinch of salt to the boiling water.');
INSERT INTO step(recipe_id, step_order, details) VALUES (98, 7, 'In another bowl, whisk together the eggs, milk, and melted butter.');
INSERT INTO step(recipe_id, step_order, details) VALUES (98, 8, 'Remove the potato wedges from the oven and let cool slightly before serving.');
INSERT INTO step(recipe_id, step_order, details) VALUES (98, 9, 'Bring the mixture to a boil, then reduce the heat and let it simmer for 25-30 minutes, or until the lentils are tender.');
INSERT INTO step(recipe_id, step_order, details) VALUES (98, 10, 'In a medium saucepan, melt the butter over medium heat.');
INSERT INTO step(recipe_id, step_order, details) VALUES (99, 1, 'Serve the skewers with a side of rice or salad.');
INSERT INTO step(recipe_id, step_order, details) VALUES (99, 2, 'Marinate the meat with your choice of marinade for at least 30 minutes.');
INSERT INTO step(recipe_id, step_order, details) VALUES (99, 3, 'Grill the skewers for 10-15 minutes, turning occasionally, until the meat is cooked through and the vegetables are tender.');
INSERT INTO step(recipe_id, step_order, details) VALUES (99, 4, 'Serve immediately, garnished with extra cheese and fresh herbs if desired."');
INSERT INTO step(recipe_id, step_order, details) VALUES (99, 5, 'In a large pot, heat the olive oil over medium heat.');
INSERT INTO step(recipe_id, step_order, details) VALUES (99, 6, 'Heat a large skillet over medium heat and add olive oil.');
INSERT INTO step(recipe_id, step_order, details) VALUES (100, 1, 'Place the skewers on the preheated grill.');
INSERT INTO step(recipe_id, step_order, details) VALUES (100, 2, 'Combine the cooked meat with the vegetables in the baking dish.');
INSERT INTO step(recipe_id, step_order, details) VALUES (100, 3, 'In a large bowl, mix together the flour, sugar, baking powder, and salt.');
INSERT INTO step(recipe_id, step_order, details) VALUES (100, 4, 'In a medium saucepan, melt the butter over medium heat.');
INSERT INTO step(recipe_id, step_order, details) VALUES (100, 5, 'In a medium saucepan, melt the butter over medium heat.');
INSERT INTO step(recipe_id, step_order, details) VALUES (100, 6, 'Remove the bay leaf and discard.');
INSERT INTO step(recipe_id, step_order, details) VALUES (100, 7, 'Pour the sauce or broth over the meat and vegetables.');
INSERT INTO step(recipe_id, step_order, details) VALUES (100, 8, 'Pour the sauce or broth over the meat and vegetables.');
INSERT INTO step(recipe_id, step_order, details) VALUES (100, 9, 'Garnish with fresh herbs and serve warm."');
INSERT INTO step(recipe_id, step_order, details) VALUES (100, 10, 'Cover the baking dish with aluminum foil.');
INSERT INTO step(recipe_id, step_order, details) VALUES (100, 11, 'In another bowl, whisk together the eggs, milk, and melted butter.');

INSERT INTO episode(year, ep_num, picture, picture_description) VALUES (2019, 1, 'https://picsum.photos/37/383', 'Professional military gas industry start conference value company.');
INSERT INTO episode_judge(episode_id, cook_id) VALUES (0, 174);
INSERT INTO episode_judge(episode_id, cook_id) VALUES (0, 125);
INSERT INTO episode_judge(episode_id, cook_id) VALUES (0, 103);

INSERT INTO episode(year, ep_num, picture, picture_description) VALUES (2019, 2, 'https://picsum.photos/763/780', 'Official quite travel entire dream seem whom trial.');
INSERT INTO episode_judge(episode_id, cook_id) VALUES (1, 9);
INSERT INTO episode_judge(episode_id, cook_id) VALUES (1, 102);
INSERT INTO episode_judge(episode_id, cook_id) VALUES (1, 149);

INSERT INTO episode(year, ep_num, picture, picture_description) VALUES (2019, 3, 'https://placekitten.com/663/867', 'Certainly choice fish present allow process.');
INSERT INTO episode_judge(episode_id, cook_id) VALUES (2, 97);
INSERT INTO episode_judge(episode_id, cook_id) VALUES (2, 159);
INSERT INTO episode_judge(episode_id, cook_id) VALUES (2, 71);

INSERT INTO episode(year, ep_num, picture, picture_description) VALUES (2019, 4, 'https://picsum.photos/245/374', 'Everyone nature responsibility water direction beat tax operation.');
INSERT INTO episode_judge(episode_id, cook_id) VALUES (3, 183);
INSERT INTO episode_judge(episode_id, cook_id) VALUES (3, 36);
INSERT INTO episode_judge(episode_id, cook_id) VALUES (3, 10);

INSERT INTO episode(year, ep_num, picture, picture_description) VALUES (2019, 5, 'https://dummyimage.com/1008x266', 'Your thank agree chair magazine even.');
INSERT INTO episode_judge(episode_id, cook_id) VALUES (4, 167);
INSERT INTO episode_judge(episode_id, cook_id) VALUES (4, 79);
INSERT INTO episode_judge(episode_id, cook_id) VALUES (4, 133);

INSERT INTO episode(year, ep_num, picture, picture_description) VALUES (2019, 6, 'https://dummyimage.com/876x551', 'Them watch same guy picture short.');
INSERT INTO episode_judge(episode_id, cook_id) VALUES (5, 67);
INSERT INTO episode_judge(episode_id, cook_id) VALUES (5, 111);
INSERT INTO episode_judge(episode_id, cook_id) VALUES (5, 6);

INSERT INTO episode(year, ep_num, picture, picture_description) VALUES (2019, 7, 'https://dummyimage.com/695x634', 'Accept letter begin pay.');
INSERT INTO episode_judge(episode_id, cook_id) VALUES (6, 193);
INSERT INTO episode_judge(episode_id, cook_id) VALUES (6, 163);
INSERT INTO episode_judge(episode_id, cook_id) VALUES (6, 129);

INSERT INTO episode(year, ep_num, picture, picture_description) VALUES (2019, 8, 'https://dummyimage.com/879x549', 'Beautiful property either daughter leg.');
INSERT INTO episode_judge(episode_id, cook_id) VALUES (7, 78);
INSERT INTO episode_judge(episode_id, cook_id) VALUES (7, 42);
INSERT INTO episode_judge(episode_id, cook_id) VALUES (7, 69);

INSERT INTO episode(year, ep_num, picture, picture_description) VALUES (2019, 9, 'https://placekitten.com/1016/791', 'Itself kid outside can fear page vote over.');
INSERT INTO episode_judge(episode_id, cook_id) VALUES (8, 32);
INSERT INTO episode_judge(episode_id, cook_id) VALUES (8, 144);
INSERT INTO episode_judge(episode_id, cook_id) VALUES (8, 163);

INSERT INTO episode(year, ep_num, picture, picture_description) VALUES (2019, 10, 'https://placekitten.com/429/67', 'Development happy almost seven design step response.');
INSERT INTO episode_judge(episode_id, cook_id) VALUES (9, 171);
INSERT INTO episode_judge(episode_id, cook_id) VALUES (9, 163);
INSERT INTO episode_judge(episode_id, cook_id) VALUES (9, 117);

INSERT INTO episode(year, ep_num, picture, picture_description) VALUES (2020, 1, 'https://placekitten.com/104/497', 'Accept international stock.');
INSERT INTO episode_judge(episode_id, cook_id) VALUES (10, 191);
INSERT INTO episode_judge(episode_id, cook_id) VALUES (10, 79);
INSERT INTO episode_judge(episode_id, cook_id) VALUES (10, 92);

INSERT INTO episode(year, ep_num, picture, picture_description) VALUES (2020, 2, 'https://dummyimage.com/683x287', 'Let wait quickly its how unit.');
INSERT INTO episode_judge(episode_id, cook_id) VALUES (11, 121);
INSERT INTO episode_judge(episode_id, cook_id) VALUES (11, 197);
INSERT INTO episode_judge(episode_id, cook_id) VALUES (11, 97);

INSERT INTO episode(year, ep_num, picture, picture_description) VALUES (2020, 3, 'https://placekitten.com/1024/452', 'Born of in.');
INSERT INTO episode_judge(episode_id, cook_id) VALUES (12, 150);
INSERT INTO episode_judge(episode_id, cook_id) VALUES (12, 66);
INSERT INTO episode_judge(episode_id, cook_id) VALUES (12, 152);

INSERT INTO episode(year, ep_num, picture, picture_description) VALUES (2020, 4, 'https://picsum.photos/63/514', 'Assume least film.');
INSERT INTO episode_judge(episode_id, cook_id) VALUES (13, 33);
INSERT INTO episode_judge(episode_id, cook_id) VALUES (13, 140);
INSERT INTO episode_judge(episode_id, cook_id) VALUES (13, 161);

INSERT INTO episode(year, ep_num, picture, picture_description) VALUES (2020, 5, 'https://dummyimage.com/285x267', 'Finish five old wear increase analysis.');
INSERT INTO episode_judge(episode_id, cook_id) VALUES (14, 54);
INSERT INTO episode_judge(episode_id, cook_id) VALUES (14, 124);
INSERT INTO episode_judge(episode_id, cook_id) VALUES (14, 168);

INSERT INTO episode(year, ep_num, picture, picture_description) VALUES (2020, 6, 'https://placekitten.com/763/663', 'Board old area campaign month church.');
INSERT INTO episode_judge(episode_id, cook_id) VALUES (15, 20);
INSERT INTO episode_judge(episode_id, cook_id) VALUES (15, 28);
INSERT INTO episode_judge(episode_id, cook_id) VALUES (15, 152);

INSERT INTO episode(year, ep_num, picture, picture_description) VALUES (2020, 7, 'https://picsum.photos/620/93', 'Certainly state then small.');
INSERT INTO episode_judge(episode_id, cook_id) VALUES (16, 115);
INSERT INTO episode_judge(episode_id, cook_id) VALUES (16, 63);
INSERT INTO episode_judge(episode_id, cook_id) VALUES (16, 28);

INSERT INTO episode(year, ep_num, picture, picture_description) VALUES (2020, 8, 'https://placekitten.com/363/154', 'Determine style successful level rise war.');
INSERT INTO episode_judge(episode_id, cook_id) VALUES (17, 76);
INSERT INTO episode_judge(episode_id, cook_id) VALUES (17, 70);
INSERT INTO episode_judge(episode_id, cook_id) VALUES (17, 110);

INSERT INTO episode(year, ep_num, picture, picture_description) VALUES (2020, 9, 'https://dummyimage.com/404x730', 'Cell leader be begin property international.');
INSERT INTO episode_judge(episode_id, cook_id) VALUES (18, 124);
INSERT INTO episode_judge(episode_id, cook_id) VALUES (18, 151);
INSERT INTO episode_judge(episode_id, cook_id) VALUES (18, 141);

INSERT INTO episode(year, ep_num, picture, picture_description) VALUES (2020, 10, 'https://placekitten.com/425/695', 'Management single morning study near.');
INSERT INTO episode_judge(episode_id, cook_id) VALUES (19, 10);
INSERT INTO episode_judge(episode_id, cook_id) VALUES (19, 5);
INSERT INTO episode_judge(episode_id, cook_id) VALUES (19, 192);

INSERT INTO episode(year, ep_num, picture, picture_description) VALUES (2021, 1, 'https://dummyimage.com/766x613', 'Travel walk concern choose.');
INSERT INTO episode_judge(episode_id, cook_id) VALUES (20, 29);
INSERT INTO episode_judge(episode_id, cook_id) VALUES (20, 20);
INSERT INTO episode_judge(episode_id, cook_id) VALUES (20, 52);

INSERT INTO episode(year, ep_num, picture, picture_description) VALUES (2021, 2, 'https://picsum.photos/170/653', 'Effect western hard.');
INSERT INTO episode_judge(episode_id, cook_id) VALUES (21, 60);
INSERT INTO episode_judge(episode_id, cook_id) VALUES (21, 158);
INSERT INTO episode_judge(episode_id, cook_id) VALUES (21, 193);

INSERT INTO episode(year, ep_num, picture, picture_description) VALUES (2021, 3, 'https://picsum.photos/136/95', 'When father idea scientist figure suffer you.');
INSERT INTO episode_judge(episode_id, cook_id) VALUES (22, 23);
INSERT INTO episode_judge(episode_id, cook_id) VALUES (22, 93);
INSERT INTO episode_judge(episode_id, cook_id) VALUES (22, 42);

INSERT INTO episode(year, ep_num, picture, picture_description) VALUES (2021, 4, 'https://dummyimage.com/455x963', 'Attack staff pattern several.');
INSERT INTO episode_judge(episode_id, cook_id) VALUES (23, 114);
INSERT INTO episode_judge(episode_id, cook_id) VALUES (23, 170);
INSERT INTO episode_judge(episode_id, cook_id) VALUES (23, 43);

INSERT INTO episode(year, ep_num, picture, picture_description) VALUES (2021, 5, 'https://picsum.photos/921/783', 'Subject why article action.');
INSERT INTO episode_judge(episode_id, cook_id) VALUES (24, 64);
INSERT INTO episode_judge(episode_id, cook_id) VALUES (24, 161);
INSERT INTO episode_judge(episode_id, cook_id) VALUES (24, 151);

INSERT INTO episode(year, ep_num, picture, picture_description) VALUES (2021, 6, 'https://dummyimage.com/1013x1016', 'Per order end they last simply reveal.');
INSERT INTO episode_judge(episode_id, cook_id) VALUES (25, 126);
INSERT INTO episode_judge(episode_id, cook_id) VALUES (25, 22);
INSERT INTO episode_judge(episode_id, cook_id) VALUES (25, 189);

INSERT INTO episode(year, ep_num, picture, picture_description) VALUES (2021, 7, 'https://placekitten.com/820/222', 'Sign director and spend.');
INSERT INTO episode_judge(episode_id, cook_id) VALUES (26, 187);
INSERT INTO episode_judge(episode_id, cook_id) VALUES (26, 25);
INSERT INTO episode_judge(episode_id, cook_id) VALUES (26, 199);

INSERT INTO episode(year, ep_num, picture, picture_description) VALUES (2021, 8, 'https://picsum.photos/610/754', 'There policy war new.');
INSERT INTO episode_judge(episode_id, cook_id) VALUES (27, 197);
INSERT INTO episode_judge(episode_id, cook_id) VALUES (27, 134);
INSERT INTO episode_judge(episode_id, cook_id) VALUES (27, 184);

INSERT INTO episode(year, ep_num, picture, picture_description) VALUES (2021, 9, 'https://picsum.photos/116/669', 'Network property history author though author.');
INSERT INTO episode_judge(episode_id, cook_id) VALUES (28, 11);
INSERT INTO episode_judge(episode_id, cook_id) VALUES (28, 182);
INSERT INTO episode_judge(episode_id, cook_id) VALUES (28, 153);

INSERT INTO episode(year, ep_num, picture, picture_description) VALUES (2021, 10, 'https://placekitten.com/633/477', 'Or door foreign drop mouth everyone.');
INSERT INTO episode_judge(episode_id, cook_id) VALUES (29, 75);
INSERT INTO episode_judge(episode_id, cook_id) VALUES (29, 119);
INSERT INTO episode_judge(episode_id, cook_id) VALUES (29, 196);

INSERT INTO episode(year, ep_num, picture, picture_description) VALUES (2022, 1, 'https://picsum.photos/577/685', 'Energy we if energy responsibility.');
INSERT INTO episode_judge(episode_id, cook_id) VALUES (30, 135);
INSERT INTO episode_judge(episode_id, cook_id) VALUES (30, 83);
INSERT INTO episode_judge(episode_id, cook_id) VALUES (30, 143);

INSERT INTO episode(year, ep_num, picture, picture_description) VALUES (2022, 2, 'https://placekitten.com/855/758', 'Former yes feel already about my.');
INSERT INTO episode_judge(episode_id, cook_id) VALUES (31, 82);
INSERT INTO episode_judge(episode_id, cook_id) VALUES (31, 146);
INSERT INTO episode_judge(episode_id, cook_id) VALUES (31, 15);

INSERT INTO episode(year, ep_num, picture, picture_description) VALUES (2022, 3, 'https://dummyimage.com/502x586', 'Impact guy country name.');
INSERT INTO episode_judge(episode_id, cook_id) VALUES (32, 17);
INSERT INTO episode_judge(episode_id, cook_id) VALUES (32, 60);
INSERT INTO episode_judge(episode_id, cook_id) VALUES (32, 134);

INSERT INTO episode(year, ep_num, picture, picture_description) VALUES (2022, 4, 'https://placekitten.com/903/55', 'Else little design pull image ok impact meet.');
INSERT INTO episode_judge(episode_id, cook_id) VALUES (33, 141);
INSERT INTO episode_judge(episode_id, cook_id) VALUES (33, 26);
INSERT INTO episode_judge(episode_id, cook_id) VALUES (33, 199);

INSERT INTO episode(year, ep_num, picture, picture_description) VALUES (2022, 5, 'https://dummyimage.com/177x409', 'Seek community at theory foreign identify.');
INSERT INTO episode_judge(episode_id, cook_id) VALUES (34, 129);
INSERT INTO episode_judge(episode_id, cook_id) VALUES (34, 102);
INSERT INTO episode_judge(episode_id, cook_id) VALUES (34, 49);

INSERT INTO episode(year, ep_num, picture, picture_description) VALUES (2022, 6, 'https://dummyimage.com/767x574', 'Become allow likely whom item.');
INSERT INTO episode_judge(episode_id, cook_id) VALUES (35, 193);
INSERT INTO episode_judge(episode_id, cook_id) VALUES (35, 111);
INSERT INTO episode_judge(episode_id, cook_id) VALUES (35, 89);

INSERT INTO episode(year, ep_num, picture, picture_description) VALUES (2022, 7, 'https://picsum.photos/524/620', 'Ok course sense organization detail since whose.');
INSERT INTO episode_judge(episode_id, cook_id) VALUES (36, 185);
INSERT INTO episode_judge(episode_id, cook_id) VALUES (36, 130);
INSERT INTO episode_judge(episode_id, cook_id) VALUES (36, 193);

INSERT INTO episode(year, ep_num, picture, picture_description) VALUES (2022, 8, 'https://picsum.photos/983/695', 'Five activity choice I win mission idea.');
INSERT INTO episode_judge(episode_id, cook_id) VALUES (37, 94);
INSERT INTO episode_judge(episode_id, cook_id) VALUES (37, 42);
INSERT INTO episode_judge(episode_id, cook_id) VALUES (37, 187);

INSERT INTO episode(year, ep_num, picture, picture_description) VALUES (2022, 9, 'https://picsum.photos/784/29', 'Bag follow general.');
INSERT INTO episode_judge(episode_id, cook_id) VALUES (38, 74);
INSERT INTO episode_judge(episode_id, cook_id) VALUES (38, 9);
INSERT INTO episode_judge(episode_id, cook_id) VALUES (38, 194);

INSERT INTO episode(year, ep_num, picture, picture_description) VALUES (2022, 10, 'https://placekitten.com/806/889', 'Door above red recent.');
INSERT INTO episode_judge(episode_id, cook_id) VALUES (39, 161);
INSERT INTO episode_judge(episode_id, cook_id) VALUES (39, 57);
INSERT INTO episode_judge(episode_id, cook_id) VALUES (39, 48);

INSERT INTO episode(year, ep_num, picture, picture_description) VALUES (2023, 1, 'https://dummyimage.com/283x578', 'Field word goal none within rich financial.');
INSERT INTO episode_judge(episode_id, cook_id) VALUES (40, 181);
INSERT INTO episode_judge(episode_id, cook_id) VALUES (40, 157);
INSERT INTO episode_judge(episode_id, cook_id) VALUES (40, 49);

INSERT INTO episode(year, ep_num, picture, picture_description) VALUES (2023, 2, 'https://placekitten.com/406/19', 'Age nation cold whether.');
INSERT INTO episode_judge(episode_id, cook_id) VALUES (41, 64);
INSERT INTO episode_judge(episode_id, cook_id) VALUES (41, 19);
INSERT INTO episode_judge(episode_id, cook_id) VALUES (41, 63);

INSERT INTO episode(year, ep_num, picture, picture_description) VALUES (2023, 3, 'https://placekitten.com/652/425', 'Energy tough across field difficult second head.');
INSERT INTO episode_judge(episode_id, cook_id) VALUES (42, 169);
INSERT INTO episode_judge(episode_id, cook_id) VALUES (42, 29);
INSERT INTO episode_judge(episode_id, cook_id) VALUES (42, 14);

INSERT INTO episode(year, ep_num, picture, picture_description) VALUES (2023, 4, 'https://placekitten.com/104/670', 'Country sport unit century.');
INSERT INTO episode_judge(episode_id, cook_id) VALUES (43, 36);
INSERT INTO episode_judge(episode_id, cook_id) VALUES (43, 135);
INSERT INTO episode_judge(episode_id, cook_id) VALUES (43, 174);

INSERT INTO episode(year, ep_num, picture, picture_description) VALUES (2023, 5, 'https://picsum.photos/248/437', 'Fall today stage improve.');
INSERT INTO episode_judge(episode_id, cook_id) VALUES (44, 175);
INSERT INTO episode_judge(episode_id, cook_id) VALUES (44, 18);
INSERT INTO episode_judge(episode_id, cook_id) VALUES (44, 187);

INSERT INTO episode(year, ep_num, picture, picture_description) VALUES (2023, 6, 'https://picsum.photos/288/803', 'Ask some reflect check form film type.');
INSERT INTO episode_judge(episode_id, cook_id) VALUES (45, 192);
INSERT INTO episode_judge(episode_id, cook_id) VALUES (45, 28);
INSERT INTO episode_judge(episode_id, cook_id) VALUES (45, 37);

INSERT INTO episode(year, ep_num, picture, picture_description) VALUES (2023, 7, 'https://placekitten.com/844/944', 'True wall move remember.');
INSERT INTO episode_judge(episode_id, cook_id) VALUES (46, 166);
INSERT INTO episode_judge(episode_id, cook_id) VALUES (46, 16);
INSERT INTO episode_judge(episode_id, cook_id) VALUES (46, 161);

INSERT INTO episode(year, ep_num, picture, picture_description) VALUES (2023, 8, 'https://placekitten.com/249/316', 'Become hundred certainly partner measure.');
INSERT INTO episode_judge(episode_id, cook_id) VALUES (47, 5);
INSERT INTO episode_judge(episode_id, cook_id) VALUES (47, 153);
INSERT INTO episode_judge(episode_id, cook_id) VALUES (47, 6);

INSERT INTO episode(year, ep_num, picture, picture_description) VALUES (2023, 9, 'https://picsum.photos/189/906', 'Let person image line.');
INSERT INTO episode_judge(episode_id, cook_id) VALUES (48, 150);
INSERT INTO episode_judge(episode_id, cook_id) VALUES (48, 188);
INSERT INTO episode_judge(episode_id, cook_id) VALUES (48, 170);

INSERT INTO episode(year, ep_num, picture, picture_description) VALUES (2023, 10, 'https://placekitten.com/424/850', 'Speech live large interview.');
INSERT INTO episode_judge(episode_id, cook_id) VALUES (49, 1);
INSERT INTO episode_judge(episode_id, cook_id) VALUES (49, 4);
INSERT INTO episode_judge(episode_id, cook_id) VALUES (49, 128);

INSERT INTO episode(year, ep_num, picture, picture_description) VALUES (2024, 1, 'https://picsum.photos/165/991', 'Thought control get certainly water final ok.');
INSERT INTO episode_judge(episode_id, cook_id) VALUES (50, 39);
INSERT INTO episode_judge(episode_id, cook_id) VALUES (50, 21);
INSERT INTO episode_judge(episode_id, cook_id) VALUES (50, 13);

INSERT INTO episode(year, ep_num, picture, picture_description) VALUES (2024, 2, 'https://placekitten.com/414/78', 'Over dark tax west on through arrive.');
INSERT INTO episode_judge(episode_id, cook_id) VALUES (51, 105);
INSERT INTO episode_judge(episode_id, cook_id) VALUES (51, 14);
INSERT INTO episode_judge(episode_id, cook_id) VALUES (51, 83);

INSERT INTO episode(year, ep_num, picture, picture_description) VALUES (2024, 3, 'https://dummyimage.com/838x85', 'Else later heart.');
INSERT INTO episode_judge(episode_id, cook_id) VALUES (52, 50);
INSERT INTO episode_judge(episode_id, cook_id) VALUES (52, 45);
INSERT INTO episode_judge(episode_id, cook_id) VALUES (52, 156);

INSERT INTO episode(year, ep_num, picture, picture_description) VALUES (2024, 4, 'https://dummyimage.com/634x242', 'Some great able hear realize who kid.');
INSERT INTO episode_judge(episode_id, cook_id) VALUES (53, 27);
INSERT INTO episode_judge(episode_id, cook_id) VALUES (53, 11);
INSERT INTO episode_judge(episode_id, cook_id) VALUES (53, 162);

INSERT INTO episode(year, ep_num, picture, picture_description) VALUES (2024, 5, 'https://picsum.photos/841/779', 'Stand author reduce detail way direction word available.');
INSERT INTO episode_judge(episode_id, cook_id) VALUES (54, 93);
INSERT INTO episode_judge(episode_id, cook_id) VALUES (54, 37);
INSERT INTO episode_judge(episode_id, cook_id) VALUES (54, 182);

INSERT INTO episode(year, ep_num, picture, picture_description) VALUES (2024, 6, 'https://picsum.photos/101/823', 'Rather light see land activity.');
INSERT INTO episode_judge(episode_id, cook_id) VALUES (55, 168);
INSERT INTO episode_judge(episode_id, cook_id) VALUES (55, 15);
INSERT INTO episode_judge(episode_id, cook_id) VALUES (55, 34);

INSERT INTO episode(year, ep_num, picture, picture_description) VALUES (2024, 7, 'https://placekitten.com/823/590', 'Girl hour brother assume camera.');
INSERT INTO episode_judge(episode_id, cook_id) VALUES (56, 196);
INSERT INTO episode_judge(episode_id, cook_id) VALUES (56, 51);
INSERT INTO episode_judge(episode_id, cook_id) VALUES (56, 183);

INSERT INTO episode(year, ep_num, picture, picture_description) VALUES (2024, 8, 'https://picsum.photos/166/730', 'Organization degree hope recognize expert nearly.');
INSERT INTO episode_judge(episode_id, cook_id) VALUES (57, 139);
INSERT INTO episode_judge(episode_id, cook_id) VALUES (57, 69);
INSERT INTO episode_judge(episode_id, cook_id) VALUES (57, 116);

INSERT INTO episode(year, ep_num, picture, picture_description) VALUES (2024, 9, 'https://placekitten.com/161/827', 'Year establish well main than political nor.');
INSERT INTO episode_judge(episode_id, cook_id) VALUES (58, 37);
INSERT INTO episode_judge(episode_id, cook_id) VALUES (58, 170);
INSERT INTO episode_judge(episode_id, cook_id) VALUES (58, 6);

INSERT INTO episode(year, ep_num, picture, picture_description) VALUES (2024, 10, 'https://dummyimage.com/361x164', 'Maintain standard control sister because glass.');
INSERT INTO episode_judge(episode_id, cook_id) VALUES (59, 196);
INSERT INTO episode_judge(episode_id, cook_id) VALUES (59, 141);
INSERT INTO episode_judge(episode_id, cook_id) VALUES (59, 176);

INSERT INTO episode(year, ep_num, picture, picture_description) VALUES (2025, 1, 'https://placekitten.com/949/673', 'Himself minute home their field.');
INSERT INTO episode_judge(episode_id, cook_id) VALUES (60, 30);
INSERT INTO episode_judge(episode_id, cook_id) VALUES (60, 172);
INSERT INTO episode_judge(episode_id, cook_id) VALUES (60, 190);



